Protein_Group	Genes	SK-Mel-147_vs_HIM-ST_logFC	SK-Mel-147_vs_HIM-ST_pval	Removed?	Contaminant?
A1A4S6	ARHGAP10	2.60011030198903	2.90952907097448e-07	No	No
A1L020	MEX3A	6.78489506982089	3.54057297221087e-23	No	No
A1L170	C1orf226	6.57593764386919	4.750216170954031e-09	No	No
A5YM72	CARNS1	5.38080362400246	2.83674768565566e-07	No	No
A6ND36	FAM83G	3.41484023178298	0.0040544684728047	No	No
A6NMK8	INSYN2B	5.11801804481542	3.50109608829615e-13	No	No
A6NMZ7	COL6A6	6.71357435177712	7.220917357181411e-20	No	No
A8K2U0	A2ML1	7.86030297958775	2.25967859693887e-06	No	No
A8K7I4	CLCA1	5.652902057401	5.7251742298163705e-15	No	No
A8TX70	COL6A5	6.44401271705672	2.45020185814551e-19	No	No
B0I1T2	MYO1G	5.02251900866101	1.86011296159218e-10	No	No
B3KNS4	ERVK3-1	4.35895297551914	9.036046253964901e-11	No	No
B9A064	IGLL5	4.0523026828953	7.786923756635639e-18	No	No
C9JLW8	MCRIP1	6.27501591786109	2.16484533700993e-23	No	No
G3V523	LOC730098	3.50419710247531	1.2773633730280201e-14	No	No
H3BS89	TMEM178B	4.71150968128967	1.41107694935348e-14	No	No
H7BZ55	CROCC2	2.89175961089897	2.44575516950393e-05	No	No
O00187	MASP2	5.07330967247199	5.1787054404775e-15	No	No
O00192	ARVCF	3.05609475044776	6.55845980348654e-18	No	No
O00206	TLR4	8.90471500683641	7.37189812363639e-21	No	No
O00214	LGALS8	2.69822923046609	1.2820691381084002e-16	No	No
O00308	WWP2	3.04298285583586	3.6378938353156196e-22	No	No
O00338	SULT1C2	3.52602764595052	1.58238418563724e-12	No	No
O00401	WASL	2.71847968536022	3.58897082320872e-23	No	No
O00421	CCRL2	7.48123138230498	5.57852831003348e-28	No	No
O00425	IGF2BP3	4.18912315182708	9.845357531282001e-27	No	No
O00461	GOLIM4	3.00069330332526	1.15832947266785e-21	No	No
O00499	BIN1	3.58911365583907	3.92270354317329e-27	No	No
O00571	DDX3X	2.99723911423015	1.26693241593767e-23	No	No
O00592	PODXL	5.10191592871255	3.34829791787955e-17	No	No
O00762	UBE2C	3.36684433580172	2.4680282332801103e-19	No	No
O14493	CLDN4	8.29591271351492	2.1781764205144102e-35	No	No
O14524	NEMP1	2.90293403361002	1.46806933102626e-10	No	No
O14545	TRAFD1	4.96007425262394	1.4423904353806002e-24	No	No
O14559	ARHGAP33	7.3173757131186	2.5223252798722e-20	No	No
O14613	CDC42EP2	5.03746678736547	1.69068911815298e-07	No	No
O14668	PRRG1	3.45891622202569	2.05957249231754e-12	No	No
O14717	TRDMT1	4.52142616054372	1.70786832660481e-05	No	No
O14757	CHEK1	3.39805395666052	3.65810766677205e-20	No	No
O14786	NRP1	5.20748095026824	6.5917112769785395e-22	No	No
O14917	PCDH17	5.89631771794498	7.2190529565734e-12	No	No
O15027	SEC16A	2.98415733192932	5.38088422159432e-18	No	No
O15037	KHNYN	2.96519012852984	8.4181228475368e-21	No	No
O15056	SYNJ2	6.39905827333548	6.82046276090727e-27	No	No
O15063	GARRE1	5.4328465345431	1.37218299253095e-17	No	No
O15198	SMAD9	2.64244577828126	5.75362864164275e-08	No	No
O15231	ZNF185	7.07277776123773	3.79484157850577e-14	No	No
O15234	CASC3	8.40149636310622	9.62460525768756e-18	No	No
O15344	MID1	2.855460286303	1.91739012070364e-23	No	No
O15504	NUP42	7.49005032970353	1.04725248031471e-14	No	No
O15514	POLR2D	6.04639382293143	3.03864291114304e-07	No	No
O15554	KCNN4	5.60066117579914	2.99474326671193e-12	No	No
O43164	PJA2	3.06521567953864	1.0749718052763601e-14	No	No
O43184	ADAM12	3.76904169387769	7.14473244000661e-15	No	No
O43194	GPR39	5.53552166917157	4.62969517683239e-25	No	No
O43300	LRRTM2	5.20299091381209	3.95998181264183e-08	No	No
O43482	OIP5	2.73260759645728	0.0003660354929422	No	No
O43490	PROM1	2.77920460914213	2.98001277667945e-08	No	No
O43516	WIPF1	3.61007143550361	1.0686707675437201e-14	No	No
O43561	LAT	7.24272110926399	3.6689555345195603e-19	No	No
O43566	RGS14	9.36558689185377	6.526160492703541e-10	No	No
O43570	CA12	6.93801909181721	2.90602839729593e-29	No	No
O43610	SPRY3	2.87860112457929	4.34303739615802e-07	No	No
O43639	NCK2	3.80682961348811	1.09332211374222e-27	No	No
O43683	BUB1	2.92688180150152	2.87070377034147e-05	No	No
O43688	PLPP2	6.29464317471436	1.23802019981783e-22	No	No
O43704	SULT1B1	3.52065849473025	1.80642640187033e-17	No	No
O43854	EDIL3	4.07229851568411	2.6859651846978497e-16	No	No
O43895	XPNPEP2	3.76696434311712	9.21294501370326e-07	No	No
O43929	ORC4	2.65499934587079	7.32954135792869e-06	No	No
O60232	ZNRD2	3.88961624486599	5.356179447816381e-23	No	No
O60239	SH3BP5	3.83581263776344	0.0025355052612489	No	No
O60292	SIPA1L3	3.59249245661671	3.56578066850016e-13	No	No
O60294	LCMT2	3.13898480238449	7.5857357779569e-10	No	No
O60462	NRP2	3.14549424725559	1.7570433641176102e-15	No	No
O60504	SORBS3	3.75285376518442	7.70641287479931e-22	No	No
O60566	BUB1B	3.44498559833288	1.00846532673755e-08	No	No
O60635	TSPAN1	5.91879979871259	3.4184247835839797e-22	No	No
O60828	PQBP1	3.2224472015621	2.54888187255319e-14	No	No
O60879	DIAPH2	3.15486320282632	1.17372929486884e-18	No	No
O60890	OPHN1	4.28618484081646	4.28636675969283e-12	No	No
O75052	NOS1AP	3.85498586546226	6.191707831780151e-15	No	No
O75113	N4BP1	2.59152980467615	5.83660159427069e-17	No	No
O75159	SOCS5	4.88506952234639	1.71753512621263e-08	No	No
O75173	ADAMTS4	2.62034262881861	2.93010155425299e-10	No	No
O75185	ATP2C2	3.81672461073038	1.92330048959399e-08	No	No
O75190	DNAJB6	3.86824603409313	2.01603834288323e-16	No	No
O75197	LRP5	4.98088880958185	4.14273789354319e-16	No	No
O75326	SEMA7A	10.4520786679962	1.99295699823397e-21	No	No
O75367	MACROH2A1	5.22028485116776	3.82166652692632e-19	No	No
O75385	ULK1	3.83017237666392	0.0031395637151131	No	No
O75496	GMNN	2.81844601397222	0.0001627082737572	No	No
O75509	TNFRSF21	4.3484537322067	1.3428659851609198e-12	No	No
O75533	SF3B1	2.86438187530408	2.7224793499548402e-15	No	No
O75578	ITGA10	3.29795164923851	0.0075860216121338	No	No
O75581	LRP6	3.54201597380176	5.1448208837662604e-17	No	No
O75635	SERPINB7	4.72147031423942	6.47706622559406e-09	No	No
O75791	GRAP2	3.50835788232095	7.69685276663318e-13	No	No
O75808	CAPN15	5.51791909947065	5.593138467746449e-13	No	No
O75815	BCAR3	3.31648677915014	4.0156808130400404e-17	No	No
O75891	ALDH1L1	4.8772519840445	2.36477796845279e-13	No	No
O75896	TUSC2	2.81795923273788	5.66401217139021e-17	No	No
O75936	BBOX1	5.2764170728585	6.80648753534987e-12	No	No
O75940	SMNDC1	4.15223035919648	0.0020967638641739	No	No
O76083	PDE9A	4.15989484765571	3.06679551160803e-13	No	No
O94856	NFASC	2.92319156349564	2.40922229816535e-12	No	No
O94868	FCHSD2	5.07346990147234	3.63060099038025e-20	No	No
O94889	KLHL18	10.0601995325313	8.85382296710793e-26	No	No
O94906	PRPF6	2.89277865831701	0.000503411744077	No	No
O94929	ABLIM3	4.15287529969558	0.0001816453362365	No	No
O95045	UPP2	3.59646849610949	6.61077832729787e-11	No	No
O95067	CCNB2	3.73595103891782	1.16712422530285e-17	No	No
O95147	DUSP14	2.95223759089474	2.1450792872813302e-14	No	No
O95190	OAZ2	4.22017591783113	6.41174478578638e-15	No	No
O95229	ZWINT	3.21003195115355	1.35752049395346e-12	No	No
O95271	TNKS	3.97700882489089	5.260121137229071e-15	No	No
O95273	CCNDBP1	5.72026958475029	6.6797048195003e-16	No	No
O95342	ABCB11	7.68000284972909	1.18711461371635e-06	No	No
O95429	BAG4	3.22124962996811	3.7237390139270996e-13	No	No
O95445	APOM	2.85052769029925	1.65036412427018e-13	No	No
O95460	MATN4	3.42237869461705	0.0016255468106946	No	No
O95498	VNN2	5.68062822302717	5.97395620981927e-17	No	No
O95551	TDP2	3.64210794130771	2.49104979184901e-21	No	No
O95954	FTCD	8.74226398180512	6.626475990013351e-24	No	No
O96013	PAK4	2.98201253277097	1.4374265590671699e-22	No	No
P00374	DHFR	2.71112429721215	2.03551090066991e-19	No	No
P00451	F8	2.69292595627025	1.36182365060895e-06	No	No
P00533	EGFR	3.56691541180085	3.190944391452e-25	No	No
P01011	SERPINA3	3.04304250035954	0.0018799022288384	No	No
P01040	CSTA	4.70424209458801	8.85936564112551e-07	No	No
P01130	LDLR	5.91112443775638	4.169891654843611e-25	No	No
P01135	TGFA	7.57600495743658	2.12340917534989e-21	No	No
P01583	IL1A	9.58624808801705	4.5460919892993204e-17	No	No
P01584	IL1B	5.24738249645915	3.5687512932040295e-11	No	No
P01591	JCHAIN	4.77150951914446	4.2468346962929405e-20	No	No
P01706;P01709	IGLV2-11;IGLV2-8	2.96243160144531	3.4796972029422203e-15	No	No
P01833	PIGR	4.01585491855808	2.8018318156894e-05	No	No
P01834	IGKC	5.72493232765003	7.34296436923497e-07	No	No
P01857	IGHG1	4.96437150092996	2.13421069475268e-07	No	No
P01859	IGHG2	3.51264570013882	4.25105780619163e-06	No	No
P01876	IGHA1	4.90148743150156	1.89196004928197e-09	No	No
P01893	HLA-H	11.8179265975725	2.83922710720981e-28	No	No
P01903	HLA-DRA	7.7002612165346	1.2384814984219001e-18	No	No
P01909	HLA-DQA1	6.35079428725502	1.57317664590599e-13	No	No
P01911	HLA-DRB1	7.90189448590379	1.17051080999307e-25	No	No
P01920	HLA-DQB1	5.3270411278065	3.2731050087854403e-15	No	No
P02461	COL3A1	3.24192306832674	0.000614774092826	No	No
P02679	FGG	3.91628990254231	6.8329128061702e-05	No	No
P02786	TFRC	3.73987057599173	4.20355693153398e-18	No	No
P02795	MT2A	3.63256786622247	1.01086088148105e-07	No	No
P03973	SLPI	3.63218851612934	0.0009165097037309	No	No
P04114	APOB	5.24131589746387	2.80178280758474e-19	No	No
P04150	NR3C1	3.54357680806008	3.20195571447914e-10	No	No
P04156	PRNP	4.0148192847751	6.58724589061192e-23	No	No
P04180	LCAT	3.30960312573356	8.977363506776909e-12	No	No
P04233	CD74	3.26271606095039	1.4418457632239502e-14	No	No
P04440	HLA-DPB1	6.67513617366353	1.47190309597565e-18	No	No
P04818	TYMS	2.76004203393671	4.1142792548545005e-15	No	No
P05109	S100A8	5.17566811507795	6.37068970376299e-09	No	No
P05120	SERPINB2	4.575149421821	1.6675879233739101e-09	No	No
P05164	MPO	5.2786211148236	1.86868485592577e-11	No	No
P06702	S100A9	4.97085697929318	2.4126464072861402e-09	No	No
P07305	H1-0	5.68572681525785	5.42147380934655e-09	No	No
P07306	ASGR1	7.19774025603776	1.19260107490179e-13	No	No
P07333	CSF1R	3.89526688761107	5.7144111443391094e-12	No	No
P07359	GP1BA	3.63414679248984	1.0594426142355599e-12	No	No
P08138	NGFR	5.03908823689078	1.53327743328983e-18	No	No
P08174	CD55	4.01607505299431	7.69017582965405e-25	No	No
P08253	MMP2	3.17545163390103	1.46790740527199e-10	No	No
P08514	ITGA2B	3.69108986280512	2.58059123105617e-16	No	No
P08567	PLEK	2.62716828265978	2.0522151725774399e-13	No	No
P08572	COL4A2	2.87699672240638	1.9040588990632103e-09	No	No
P08579	SNRPB2	4.96843741259638	5.77069563900836e-17	No	No
P08582	MELTF	2.69687996279255	1.98654418331461e-23	No	No
P08631	HCK	2.8626437212871	3.95560055578161e-12	No	No
P09455	RBP1	7.13572261193783	9.58195823261578e-26	No	No
P09496	CLTA	3.06767708250123	1.88135442474627e-14	No	No
P09497	CLTB	5.2608150477857	2.1558791597560802e-21	No	No
P09661	SNRPA1	4.48995409545886	2.44666118953462e-21	No	No
P09769	FGR	4.28516917205134	1.21199916207929e-10	No	No
P0DOY2;P0DOY3	IGLC2;IGLC3	3.36868705463037	2.5119167060364e-08	No	No
P10155	RO60	2.79852970617831	3.99353730524255e-24	No	No
P10412	H1-4	9.50828982895479	7.24285798549786e-19	No	No
P10586	PTPRF	2.84108528645245	2.8975545393311502e-21	No	No
P11215	ITGAM	4.21357434000557	1.79390811667226e-18	No	No
P11387	TOP1	2.86877796701211	3.24215883774422e-06	No	No
P12271	RLBP1	6.55533939242027	1.91309701565892e-13	No	No
P12273	PIP	4.05298591319777	2.03508981721797e-08	No	No
P13224	GP1BB	3.55768229764765	1.0028681463813099e-13	No	No
P13612	ITGA4	2.59361945425894	1.16962187526438e-12	No	No
P13762	HLA-DRB4	7.30196943867065	6.82908750034564e-05	No	No
P14635	CCNB1	4.76187355778053	2.1716515257748399e-16	No	No
P15018	LIF	6.3700066142041	2.5679737318264697e-22	No	No
P15151	PVR	5.52853643678777	2.84445741386612e-26	No	No
P15328	FOLR1	9.07429986151912	3.3697812865166004e-32	No	No
P15407	FOSL1	5.90913224259392	2.55100828446645e-16	No	No
P15514	AREG	3.49533767974091	8.48040355600185e-05	No	No
P15692	VEGFA	6.72449186536152	2.8953043841311203e-10	No	No
P15941	MUC1	3.37571810768451	8.84432963693461e-08	No	No
P16104	H2AX	5.341540623719	4.93823838944631e-17	No	No
P16150	SPN	5.51846064079396	1.94691877892931e-07	No	No
P16333	NCK1	3.61601186777485	1.3435683557510498e-26	No	No
P16401	H1-5	7.36540002301189	7.35204279684456e-13	No	No
P16871	IL7R	4.05470887233329	9.69601261377032e-13	No	No
P16989	YBX3	3.69017471919871	7.228042579018049e-22	No	No
P17301	ITGA2	4.02974045526776	2.18193391983877e-21	No	No
P17302	GJA1	7.31094002005695	3.68614610463004e-16	No	No
P17568	NDUFB7	2.7437175088886	0.0084325583992615	No	No
P17677	GAP43	7.5872906919269	5.226634073286129e-16	No	No
P17693	HLA-G	2.7452258059492	1.32827203195127e-13	No	No
P17707	AMD1	4.63425327306065	0.0013361150767988	No	No
P18827	SDC1	6.05449348190207	1.86693245391105e-26	No	No
P19022	CDH2	3.38656484527565	2.7771026017456097e-18	No	No
P19256	CD58	3.11199476280352	2.63328224459302e-22	No	No
P19440	GGT1	4.01941841850282	1.34173247151474e-13	No	No
P19801	AOC1	12.6427026754263	1.95239543937659e-29	No	No
P19883	FST	4.38899106911374	2.74790703858838e-11	No	No
P20036	HLA-DPA1	9.08569115434321	2.66837356501164e-26	No	No
P20138	CD33	15.7713439572706	4.47322153229927e-41	No	No
P20273	CD22	9.02725525114887	8.19120388509568e-16	No	No
P20749	BCL3	3.07529758972859	0.0058478729432807	No	No
P20827	EFNA1	3.72647830853818	2.07752699713612e-08	No	No
P20908	COL5A1	2.65913368768171	3.48486446585606e-06	No	No
P20963	CD247	4.59190746308959	8.77093753825434e-16	No	No
P21453	S1PR1	9.31526084904922	1.00259188418293e-21	No	No
P21583	KITLG	3.26807949016199	1.92803058921161e-06	No	No
P21589	NT5E	3.31099900085724	1.5394878295700201e-21	No	No
P21741	MDK	6.10060731462911	1.40394204428072e-12	No	No
P22532;P35325	SPRR2B;SPRR2D	3.69427955281307	8.14327128925975e-08	No	No
P22735	TGM1	3.85076407871667	0.001851947438117	No	No
P22794	EVI2A	4.56872632539422	1.43949069542541e-14	No	No
P23229	ITGA6	6.0972700498084	8.976866588964021e-32	No	No
P23352	ANOS1	9.67331649908426	7.66802947471224e-14	No	No
P23467	PTPRB	4.35164989455865	9.504108650168789e-16	No	No
P23468	PTPRD	4.2936745504886	6.44590999032067e-11	No	No
P24821	TNC	6.7304412242765	1.7074402349600098e-22	No	No
P25311	AZGP1	4.37357049339751	2.40643878566157e-07	No	No
P26010	ITGB7	5.86402152361131	7.02767604102648e-16	No	No
P26012	ITGB8	3.01464863145171	1.10298131986495e-21	No	No
P26368	U2AF2	3.23680518619159	2.7428335159108e-17	No	No
P27216	ANXA13	6.55873678848984	9.01553716320824e-16	No	No
P28906	CD34	2.67056891568699	8.30832554194255e-09	No	No
P29034	S100A2	4.80241478984399	2.6946465092257804e-23	No	No
P29317	EPHA2	3.74257815564861	6.44679474299263e-29	No	No
P29323	EPHB2	6.58222112230419	8.704376895595159e-18	No	No
P29372	MPG	4.16710888676879	1.8056530738824498e-16	No	No
P29508	SERPINB3	5.25786186158052	1.181063841793e-07	No	No
P29558	RBMS1	5.05362244800599	2.2181796179841197e-12	No	No
P30408	TM4SF1	9.22736535242173	1.54668244802245e-22	No	No
P30530	AXL	4.48402955864741	3.0453989541819402e-25	No	No
P30550	GRPR	7.12828195052898	2.89289173393268e-23	No	No
P30793	GCH1	10.0309168084054	1.04557907417649e-25	No	No
P31025	LCN1	3.58108282513801	2.58962622913746e-06	No	No
P31146	CORO1A	3.11558885879327	1.02801385250336e-17	No	No
P31151	S100A7	4.74822007569346	3.100653607485e-07	No	No
P31350	RRM2	3.13161311951783	1.59180728139015e-14	No	No
P31431	SDC4	4.96364651016798	4.07409860429179e-23	No	No
P31483	TIA1	4.52781581356566	4.87609975943723e-24	No	No
P31944	CASP14	4.42629348390036	7.50151896523628e-06	No	No
P32246	CCR1	7.3478175944765	2.2873249542546503e-25	No	No
P33981	TTK	3.23837702513408	1.71838807197016e-14	No	No
P35052	GPC1	4.39952257327059	6.56585142713406e-21	No	No
P35240	NF2	3.41578587663351	5.24281316658349e-26	No	No
P35354	PTGS2	3.12256154007203	8.48399126011076e-05	No	No
P35367	HRH1	4.1577615674255	3.17681725285635e-20	No	No
P35368	ADRA1B	11.5503495436253	3.10706108659475e-12	No	No
P35590	TIE1	7.38337123329806	2.79379369017882e-16	No	No
P35612	ADD2	3.70665720639915	1.04237467454006e-14	No	No
P35670	ATP7B	2.80220736113169	9.28856866569584e-10	No	No
P36021	SLC16A2	4.4562270377758	4.46182774488133e-06	No	No
P36382	GJA5	4.87711533771638	2.4886789963108497e-11	No	No
P36383	GJC1	4.63039340450431	1.59899389584811e-21	No	No
P37108	SRP14	7.17008254420719	3.77399676683018e-32	No	No
P40197	GP5	3.12623529995311	8.43682273567701e-08	No	No
P40938	RFC3	3.42593034497878	2.19083910023526e-11	No	No
P41143	OPRD1	2.59924537116278	1.61940737156276e-08	No	No
P41214	EIF2D	2.61053151681895	1.6375218282906e-18	No	No
P42330	AKR1C3	3.37161463161378	3.20394195377412e-14	No	No
P42694	HELZ	4.99564010698697	3.0634818333160304e-15	No	No
P42768	WAS	10.2223296073971	1.69314139388283e-23	No	No
P42892	ECE1	2.97678888864914	3.5132367818556e-18	No	No
P43146	DCC	11.8706225231615	1.76421919537116e-15	No	No
P43355	MAGEA1	7.17244627335046	1.95306221576038e-24	No	No
P43358	MAGEA4	13.3133772351075	2.85393528536916e-40	No	No
P43360	MAGEA6	7.78276574893109	1.99958894125765e-31	No	No
P43363	MAGEA10	8.39937871466051	2.32902509179978e-31	No	No
P43365	MAGEA12	8.93266286709169	1.7355549807079e-33	No	No
P46013	MKI67	3.44319978628541	5.59935627825142e-07	No	No
P47900	P2RY1	4.24579524540453	4.81314301460039e-07	No	No
P47929	LGALS7	4.29426450119239	0.000557541216029	No	No
P48060	GLIPR1	6.54691423740868	3.4486873450162904e-19	No	No
P48509	CD151	3.57382860060157	2.32265639895204e-23	No	No
P48740	MASP1	4.60677630758815	2.0329939203975502e-20	No	No
P49458	SRP9	7.63446028112825	3.3061193306401104e-31	No	No
P49703	ARL4D	5.40569532064836	1.31835742750031e-10	No	No
P49795	RGS19	2.7749216775023	2.00214235452959e-17	No	No
P49796	RGS3	3.2035742643042	1.05459448178362e-06	No	No
P50225	SULT1A1	5.95423283939066	1.94836521261892e-16	No	No
P50479	PDLIM4	3.03452673033293	1.18553788359335e-15	No	No
P50895	BCAM	4.31154101998687	2.89453732007171e-21	No	No
P51157	RAB28	2.5976359491355	0.0010155595139754	No	No
P51161	FABP6	9.28547141866522	3.82448566785399e-27	No	No
P51512	MMP16	6.9219975582752	3.86535910266824e-14	No	No
P51575	P2RX1	4.82586059233487	4.90723234343247e-07	No	No
P51617	IRAK1	4.16933308233991	2.08010402439179e-21	No	No
P51788	CLCN2	4.25870085021169	1.01715305742192e-06	No	No
P51857	AKR1D1	4.83645096844149	2.34568446455187e-08	No	No
P52735	VAV2	2.71186634307761	8.06108216756363e-18	No	No
P52799	EFNB2	5.28692894702457	5.06836004934575e-25	No	No
P52803	EFNA5	4.77563649758899	5.98282885084339e-21	No	No
P52926	HMGA2	6.14018965718655	3.0992283719062194e-11	No	No
P53350	PLK1	2.73252692426566	3.62082384661836e-23	No	No
P54252	ATXN3	3.18269256611559	1.0719121604768501e-19	No	No
P54368	OAZ1	8.54396006820253	7.38624841848164e-34	No	No
P54646	PRKAA2	3.08388946508824	4.660834591881009e-11	No	No
P54725	RAD23A	2.69098136950132	1.49718686645828e-17	No	No
P54762	EPHB1	5.78468858361522	1.76350063300606e-28	No	No
P54826	GAS1	5.03020376434152	1.80362359782236e-06	No	No
P55040	GEM	4.11827565557265	6.904496529405091e-09	No	No
P55285	CDH6	3.5441083159302	3.20624004084249e-06	No	No
P55290	CDH13	5.09620298149814	1.58394346123902e-18	No	No
P56159	GFRA1	2.68644736464707	7.3459546468297704e-09	No	No
P56559	ARL4C	4.77522453145862	1.77989604056207e-24	No	No
P56749	CLDN12	3.23450014651217	7.17625925298301e-13	No	No
P56945	BCAR1	3.94874024855923	5.46968388541359e-20	No	No
P57075	UBASH3A	4.08788552457837	0.0026886899938399	No	No
P57087	JAM2	3.01814567999403	2.4830505897407502e-15	No	No
P57723	PCBP4	8.01938571826702	3.85293428768773e-23	No	No
P58107	EPPK1	5.60662145157661	3.78607247170247e-10	No	No
P58335	ANTXR2	3.61751316102469	4.05942519630258e-21	No	No
P58340	MLF1	2.8021249595085	1.6304714621469e-07	No	No
P58753	TIRAP	3.07194568577363	6.212928366520191e-09	No	No
P61006	RAB8A	2.76321365189015	6.97782431652613e-19	No	No
P61587	RND3	4.38130319482255	4.1561211932498105e-23	No	No
P62166	NCS1	2.77229750442105	1.56147807947056e-16	No	No
P62993	GRB2	3.79088057853098	1.18150859906265e-28	No	No
P63313	TMSB10	2.59308427313416	0.0058790154727593	No	No
P68871	HBB	5.45880208092363	8.35980949823668e-06	No	No
P69905	HBA1	8.41630169285935	2.39561096933014e-12	No	No
P78310	CXADR	4.65635562929493	1.0269553496263e-20	No	No
P78395	PRAME	7.75866050932391	1.8111488817130897e-18	No	No
P78406	RAE1	3.52070760633302	4.3364287832710196e-18	No	No
P79483	HLA-DRB3	8.15798428092793	2.5798813961136102e-24	No	No
P81605	DCD	3.32196742311334	2.99109981355784e-08	No	No
P82664	MRPS10	3.79876349660261	1.03648120814575e-08	No	No
P83876	TXNL4A	5.14450286967388	4.0555655480128104e-17	No	No
P84022	SMAD3	3.64281098885586	3.84529506747462e-24	No	No
P84101	SERF2	2.70029095023066	7.43144510617919e-14	No	No
P98088	MUC5AC	2.91300713830714	7.93202721829102e-08	No	No
P98170	XIAP	2.68846120742617	1.65986546868876e-15	No	No
P98172	EFNB1	2.95902328174402	7.09466404296967e-18	No	No
P98179	RBM3	6.82209625897354	1.8271253980864698e-28	No	No
Q00973	B4GALNT1	2.97162221240337	9.51887804272158e-08	No	No
Q01196	RUNX1	4.52012859670136	6.96318940357925e-08	No	No
Q01804	OTUD4	4.26950610947424	1.5267273986108202e-23	No	No
Q02297	NRG1	7.77301758306488	4.82579496142693e-19	No	No
Q02388	COL7A1	4.70467203317779	1.34000957177445e-13	No	No
Q02413	DSG1	3.39482037374902	0.0003394443912383	No	No
Q02487	DSC2	10.3118947343555	7.80604749638904e-19	No	No
Q02539	H1-1	7.16240128055531	1.30000546233219e-14	No	No
Q02952	AKAP12	3.07063330945471	4.61292394323065e-21	No	No
Q03169	TNFAIP2	5.45123648746392	2.92441872427947e-17	No	No
Q03405	PLAUR	8.15135794415606	1.50899194596056e-24	No	No
Q04118	PRB3	2.83567181673871	0.0020613986513428	No	No
Q04941	PLP2	2.71481306862446	2.15365101163698e-07	No	No
Q05932	FPGS	2.57970153274292	1.32391606320479e-05	No	No
Q06609	RAD51	4.71741611431419	4.18835641637482e-12	No	No
Q07157	TJP1	2.73618652232496	8.03512739231885e-23	No	No
Q07352	ZFP36L1	4.40682480896516	5.72106828586355e-21	No	No
Q07817	BCL2L1	2.62010794470881	3.06871552548723e-05	No	No
Q07820	MCL1	3.08401477804611	2.48650069590721e-07	No	No
Q07912	TNK2	4.25465289143837	1.56608288485276e-17	No	No
Q08174	PCDH1	3.19047269255024	1.0304870060628501e-14	No	No
Q08188	TGM3	3.95393062701983	0.0065984289281775	No	No
Q08554	DSC1	3.64308965769805	0.0002609755857887	No	No
Q0JRZ9	FCHO2	2.74676708427151	4.35093660598076e-19	No	No
Q0VAA5	PLCXD2	2.77080342617743	5.43995946160045e-08	No	No
Q0VAQ4	SMAGP	3.79610561683474	2.5694821587500602e-15	No	No
Q0ZGT2	NEXN	4.51098450618335	2.17682042683292e-17	No	No
Q12834	CDC20	5.45828807879378	1.8509535413151502e-19	No	No
Q12874	SF3A3	2.81765882572307	6.958092110233471e-14	No	No
Q12891	HYAL2	4.32925131310054	3.39450349195315e-20	No	No
Q12894	IFRD2	3.29748699109899	5.3161865179515297e-11	No	No
Q12899	TRIM26	5.67286466656782	4.00560150248801e-25	No	No
Q12905	ILF2	3.40263209486882	6.09916373266196e-20	No	No
Q12906	ILF3	4.30746640271506	4.32664449720295e-24	No	No
Q12926	ELAVL2	7.40928078322721	1.3606780229213699e-11	No	No
Q12965	MYO1E	3.2823094956921	1.04426095921281e-27	No	No
Q13007	IL24	5.59277385321679	1.62965456839126e-14	No	No
Q13064	MKRN3	9.50997476151852	1.09678779428566e-38	No	No
Q13123	IK	2.62232232004775	1.28256753573139e-12	No	No
Q13219	PAPPA	11.3503965104396	8.039876559953e-28	No	No
Q13239	SLA	7.11368225459928	8.98627331488708e-14	No	No
Q13242	SRSF9	4.22725163437489	1.36312263417795e-17	No	No
Q13296	SCGB2A2	4.32083647333955	6.57567197333545e-12	No	No
Q13310	PABPC4	6.08881792287653	6.287762125051431e-31	No	No
Q13336	SLC14A1	8.34491171934335	6.72052231521649e-24	No	No
Q13435	SF3B2	3.52335249108679	1.49557137118333e-20	No	No
Q13442	PDAP1	2.68407918020964	6.81692510764496e-16	No	No
Q13443	ADAM9	2.66168357299348	5.89662593948918e-24	No	No
Q13444	ADAM15	2.72180037450788	2.5566316771488297e-18	No	No
Q13449	LSAMP	3.1137217020396	1.9898801978783998e-12	No	No
Q13478	IL18R1	6.44250181764494	1.43881877392114e-14	No	No
Q13571	LAPTM5	9.01849903320171	1.23942750409289e-35	No	No
Q13670	PMS2P11	9.28869648455236	1.01729668334443e-26	No	No
Q13794	PMAIP1	4.00614509278009	8.51754055564176e-17	No	No
Q13829	TNFAIP1	3.85631518582448	4.603164191946e-23	No	No
Q13835	PKP1	4.05458603614313	3.3436515463337e-05	No	No
Q13938	CAPS	5.69112767860065	1.4431949559708202e-20	No	No
Q14011	CIRBP	5.21254001461243	6.31683744227349e-27	No	No
Q14114	LRP8	4.13522786198806	2.23398722173345e-24	No	No
Q14123	PDE1C	5.43523029902412	5.0050729354806305e-21	No	No
Q14393	GAS6	2.59298317138564	4.89814127286997e-12	No	No
Q14439	GPR176	3.64340145090569	1.4528858354489199e-11	No	No
Q14493	SLBP	6.05652716334837	1.13941047018617e-05	No	No
Q14511	NEDD9	4.76551237813851	8.94664187987133e-06	No	No
Q14574	DSC3	3.66607395103047	4.26586366227024e-05	No	No
Q14761	PTPRCAP	3.07377841480122	3.55884351069146e-10	No	No
Q14CS0	UBXN2B	3.48066271329956	2.61062189319641e-08	No	No
Q14D04	VEPH1	5.15741834735859	1.48631038555571e-16	No	No
Q15004	PCLAF	5.62053299984192	6.48494354042517e-15	No	No
Q15053	KIAA0040	3.22370896234345	1.4972844243997299e-18	No	No
Q15366	PCBP2	4.5854209873055	6.79327739421816e-30	No	No
Q15375	EPHA7	5.7430462854584	5.6207825568210604e-14	No	No
Q15399	TLR1	6.49969223742742	0.0002615824427093	No	No
Q15427	SF3B4	4.40745231828295	5.1174643891904303e-20	No	No
Q15434	RBMS2	6.42725964522886	3.4712006476816894e-11	No	No
Q15459	SF3A1	3.63325925023507	8.38869306678801e-20	No	No
Q15464	SHB	2.91896815317912	2.24836915597289e-17	No	No
Q15517	CDSN	4.73052210004547	0.0003465844953891	No	No
Q15637	SF1	3.06008380048725	1.71088210593246e-18	No	No
Q15642	TRIP10	4.86083615199446	4.01150048711642e-20	No	No
Q15650	TRIP4	2.89347850363103	2.59224097814786e-18	No	No
Q15773	MLF2	4.78288803404764	1.29677843860414e-26	No	No
Q15785	TOMM34	3.79130985635105	1.2563653850434401e-21	No	No
Q15828	CST6	4.0510379017479	7.75622860502408e-05	No	No
Q15834	CCDC85B	2.71887843449375	1.55433247232709e-10	No	No
Q16254	E2F4	3.09405051848803	8.930037713083e-05	No	No
Q16342	PDCD2	2.73028722394962	6.075059690563749e-12	No	No
Q16378	PRR4	3.60704715656207	9.38481146737844e-06	No	No
Q16581	C3AR1	4.51178291679888	1.4711793751995101e-15	No	No
Q16653	MOG	4.21258414549624	7.00983628639185e-07	No	No
Q16719	KYNU	2.83370215848555	1.8871289617042602e-14	No	No
Q16819	MEP1A	6.27064169931344	2.31498051251855e-17	No	No
Q16878	CDO1	4.36643169928821	1.98699739392867e-07	No	No
Q17RB0	RTL8B	4.55298934670701	1.6691006758893e-14	No	No
Q17RS7	GEN1	4.07561716185244	1.27085131642481e-10	No	No
Q17RY0	CPEB4	4.37456917200744	8.46554628079615e-06	No	No
Q17RY6	LY6K	4.94518352448522	3.80735698141031e-08	No	No
Q19T08	ECSCR	11.2781525806544	1.6666808638508798e-42	No	No
Q24JP5	TMEM132A	4.88090946048094	1.62259660898435e-19	No	No
Q29980	MICB	4.59397758718918	3.6441448526197404e-20	No	No
Q29983	MICA	5.03981551388068	3.4196304869214703e-25	No	No
Q2M3D2	EXOC3L2	3.74402700960966	2.00585818111246e-07	No	No
Q2MJR0	SPRED3	2.85791241676449	8.07803556025466e-08	No	No
Q2NKX8	ERCC6L	2.59779025243679	7.19623477269313e-13	No	No
Q2TB18	ASTE1	3.1773279330944	0.0001014306675729	No	No
Q30154	HLA-DRB5	7.61219467223864	1.6958839690064102e-23	No	No
Q494U1	PLEKHN1	5.17738630372861	1.54088468194337e-17	No	No
Q49AM3	TTC31	4.65823033910106	4.17581156901307e-08	No	No
Q4VXU2	PABPC1L	6.95556771956025	7.45969838251854e-35	No	No
Q504Q3	PAN2	8.19727124634862	2.02957865974469e-30	No	No
Q52LW3	ARHGAP29	2.6963860477017	2.00558041323711e-08	No	No
Q53EU6	GPAT3	4.4914457995816	7.67902731203257e-12	No	No
Q53EZ4	CEP55	3.07734315463816	2.91227490532187e-20	No	No
Q53GA4	PHLDA2	3.80820363832615	1.3411582530113101e-25	No	No
Q53GL0	PLEKHO1	5.15343309604193	0.0044530061011646	No	No
Q53GS7	GLE1	5.8423918254288	1.5918983508740698e-11	No	No
Q53LP3	SOWAHC	3.86585739329894	1.88322466189863e-13	No	No
Q53SF7	COBLL1	2.98489647667617	1.55754175125378e-19	No	No
Q58A45	PAN3	7.97473628745358	7.069398562810819e-33	No	No
Q58EX7	PLEKHG4	3.18463720978966	0.0003371663055538	No	No
Q58FF6	HSP90AB4P	4.81078247194133	5.40063247279513e-14	No	No
Q5BVD1	TTMP	5.45739976941777	2.34410377709874e-06	No	No
Q5D862	FLG2	2.98592419337046	0.0023898009258544	No	No
Q5HYK7	SH3D19	3.03950391370251	3.71036429931896e-18	No	No
Q5JPI3	C3orf38	2.72655386098504	1.2618239258587799e-12	No	No
Q5JS37	NHLRC3	2.94958493113225	7.682837534025161e-10	No	No
Q5JSZ5	PRRC2B	3.67187552617614	8.91926015515676e-13	No	No
Q5JTC6	AMER1	3.92710749689967	0.0001007661590074	No	No
Q5JUQ0	FAM78A	4.01073908834432	3.31481820775008e-14	No	No
Q5JY77	GPRASP1	8.04087748115428	2.17890627698582e-12	No	No
Q5SQ80;Q5TYW2;Q5VUR7	ANKRD20A1;ANKRD20A2P;ANKRD20A3P	6.66084424471135	1.02519627982539e-08	No	No
Q5T0N5	FNBP1L	4.22107835762872	2.9603197728332e-26	No	No
Q5T6S3	PHF19	4.75720547368176	1.45353336782508e-13	No	No
Q5T750	KPLCE	3.91078688271535	0.0010581876888779	No	No
Q5TAT6	COL13A1	10.6647234289505	7.98385206206047e-33	No	No
Q5TB30	DEPDC1	2.75007063956058	0.001481717327019	No	No
Q5TBA9	FRY	3.09351193070964	0.0001238313132792	No	No
Q5TCY1	TTBK1	2.96652313777925	1.15599694999256e-06	No	No
Q5TCZ1	SH3PXD2A	3.57501201917058	1.13401732706349e-25	No	No
Q5U5Q3	MEX3C	4.23967371387247	4.21231135950912e-06	No	No
Q5VST6	ABHD17B	4.13781760642172	1.39333518783584e-21	No	No
Q5VUB5	FAM171A1	5.61374143124892	6.53444521617266e-22	No	No
Q5VVQ6	YOD1	3.06517499191458	2.22698767736499e-17	No	No
Q5VZY2	PLPP4	2.60746838724417	0.000217826863478	No	No
Q5XG87	TENT4A	5.27597240195936	4.0329652155051e-08	No	No
Q5XXA6	ANO1	4.74442752498748	2.37596636271721e-13	No	No
Q63HM2	PCNX4	3.80597266304182	5.47273450107743e-05	No	No
Q658P3	STEAP3	4.86395021706869	1.4416324935225702e-19	No	No
Q659C4	LARP1B	7.21349396809382	1.60985528940781e-10	No	No
Q68D85	NCR3LG1	3.26239375705464	3.3970546868903705e-15	No	No
Q68EM7	ARHGAP17	3.03601108335702	9.1985271113452e-24	No	No
Q69YL0	NCBP2AS2	3.038057398912	4.66322621193633e-07	No	No
Q6AI12	ANKRD40	4.2994545592935	9.48874740611049e-18	No	No
Q6BCY4	CYB5R2	4.23552384938958	1.31500074422714e-12	No	No
Q6N022	TENM4	4.86123231417833	1.7910278804297798e-12	No	No
Q6NW40	RGMB	6.91615277876182	2.81326913006172e-17	No	No
Q6P158	DHX57	3.70415321156661	4.73410076567198e-19	No	No
Q6P3X3	TTC27	2.81124744671972	3.36528049842706e-06	No	No
Q6P499	NIPAL3	5.19862505329594	2.6794515306053797e-11	No	No
Q6P4E1	GOLM2	2.6749180492871	5.89218623085036e-10	No	No
Q6P9G4	TMEM154	5.52515895241713	2.52866179536648e-17	No	No
Q6PCD5	RFWD3	3.81992598633687	7.46388398139396e-06	No	No
Q6PKG0	LARP1	3.76467321086035	4.31787685060395e-24	No	No
Q6PKX4	DOK6	7.80716793505271	3.24758437631411e-18	No	No
Q6RFH5	WDR74	2.89575749999405	6.66873027357508e-10	No	No
Q6SJ93	FAM111B	7.02327526130911	2.93330932933393e-07	No	No
Q6T4R5	NHS	4.57233367870696	6.72801212196114e-14	No	No
Q6UWI4	SHISA2	4.27236032864829	4.6982329346955e-09	No	No
Q6UWP8	SBSN	4.15897132017417	0.0001856767106751	No	No
Q6UX15	LAYN	7.6016650351016	3.34029134968085e-32	No	No
Q6V0I7	FAT4	4.86372696692432	7.466966045612939e-16	No	No
Q6XE24	RBMS3	4.19365473093529	3.72594942552278e-17	No	No
Q6XZF7	DNMBP	5.70168519286099	1.46509239884643e-26	No	No
Q6ZMP0	THSD4	2.62951415996641	6.36566353549493e-07	No	No
Q6ZN04	MEX3B	4.72272011619412	2.55988837199463e-08	No	No
Q6ZN16	MAP3K15	5.4588631183692	5.65503661280018e-13	No	No
Q6ZQW0	IDO2	4.35598193761292	3.3054696237965104e-15	No	No
Q6ZTN6	ANKRD13D	3.05989937585174	9.1473011797669e-22	No	No
Q6ZUT6	CCDC9B	4.89954215642693	2.2190857852640602e-23	No	No
Q70EK8	USP53	2.83810389345175	8.36939828734414e-09	No	No
Q70EL1	USP54	3.08032872213255	6.36990952787731e-05	No	No
Q71H61	ILDR2	9.5345638314377	6.01054305729193e-20	No	No
Q71RC2	LARP4	7.10386345179844	4.25561930765008e-25	No	No
Q71RC9	SMIM5	7.56460670586332	4.21432674463643e-16	No	No
Q7L1T6	CYB5R4	2.8940022010092	8.90608066461209e-13	No	No
Q7L2K0	TEDC2	4.14720703800303	1.6768684448547901e-09	No	No
Q7L985	LINGO2	2.9276366626077	9.18786558414482e-05	No	No
Q7RTV0	PHF5A	3.40209217401424	7.34401538494488e-17	No	No
Q7RTV2	GSTA5	5.98594277791213	6.21694243948189e-11	No	No
Q7Z2W4	ZC3HAV1	3.63760247955754	1.50183976187133e-26	No	No
Q7Z304	MAMDC2	3.19517421901137	2.7112239277666596e-11	No	No
Q7Z3B1	NEGR1	5.63921922349401	1.52978112611986e-26	No	No
Q7Z417	NUFIP2	4.41647821417471	4.7405277306281595e-11	No	No
Q7Z553	MDGA2	5.12643041209784	2.56857521760239e-14	No	No
Q7Z5H3	ARHGAP22	2.74864886350086	0.0091225449991956	No	No
Q7Z5N4	SDK1	3.40791099534402	6.8379010429826494e-18	No	No
Q7Z698	SPRED2	3.57398434945938	4.9501012767596496e-18	No	No
Q7Z699	SPRED1	2.7001148831378	1.65730152350832e-15	No	No
Q7Z6I6	ARHGAP30	5.72497461481585	1.01577506772123e-09	No	No
Q7Z6J0	SH3RF1	3.73050651869674	5.821905466102361e-14	No	No
Q7Z6J6	FRMD5	4.67213954235713	3.62341940557569e-19	No	No
Q7Z6M3	MILR1	5.38305621614597	2.31110712371934e-22	No	No
Q7Z739	YTHDF3	4.55510696721815	4.20834287041013e-26	No	No
Q7Z7A3	CTU1	2.74409458471181	6.919796993809e-19	No	No
Q86SJ2	AMIGO2	8.47848190877759	3.92573877268419e-24	No	No
Q86SX3	TEDC1	4.98328625364498	4.37377525697257e-13	No	No
Q86U90	YRDC	3.9990624198184	5.91335081495952e-22	No	No
Q86UA6	RPAIN	3.00334800175804	1.17181031434099e-08	No	No
Q86UD0	SAPCD2	8.27821471768508	1.152457988963e-11	No	No
Q86UN3	RTN4RL2	6.95216930992419	7.739334382360011e-17	No	No
Q86US8	SMG6	3.20194145040777	1.15212221813325e-12	No	No
Q86UW6	N4BP2	6.43658834764265	8.07925984107925e-07	No	No
Q86UW9	DTX2	2.82426582214358	2.2751679294275302e-17	No	No
Q86V88	MDP1	3.72165611996394	1.61160711750515e-13	No	No
Q86VZ2	WDR5B	8.90644486319398	2.1242908952318e-08	No	No
Q86W33	TPRA1	2.83474885166056	0.0015889423510358	No	No
Q86WI1	PKHD1L1	5.03078283549083	2.81773253707186e-16	No	No
Q86WQ0	NR2C2AP	3.18342617591407	6.401075103988281e-15	No	No
Q86X55	CARM1	3.09046591814283	5.81769359347846e-25	No	No
Q86XN8	MEX3D	5.32394494526886	1.34866001822675e-16	No	No
Q86YQ8	CPNE8	3.80751399349929	1.3401457397812001e-18	No	No
Q86YV5	PRAG1	4.50325653611999	6.43464935971744e-13	No	No
Q8IV33	KIAA0825	4.20950483848261	4.69851494710546e-10	No	No
Q8IVH8	MAP4K3	2.93140591725767	1.30446891191502e-23	No	No
Q8IW75	SERPINA12	4.47005790218474	0.0001374778083513	No	No
Q8IWW6	ARHGAP12	3.04278162188946	1.93264077285282e-18	No	No
Q8IWZ8	SUGP1	8.43138936837054	7.6163616338513e-19	No	No
Q8IY50	SLC35F3	7.11961126341141	1.4964084409153999e-19	No	No
Q8IYB1	MB21D2	3.94658872536738	2.34796365178723e-16	No	No
Q8IYJ0	PIANP	4.31556909214228	2.57025400494539e-18	No	No
Q8IYS1	PM20D2	3.26483702920252	3.85448425036023e-07	No	No
Q8IZC4	RTKN2	6.13608327638493	6.7844790577091895e-18	No	No
Q8IZH2	XRN1	2.66062796374899	6.85969568469739e-22	No	No
Q8IZU9	KIRREL3	7.78704772615497	8.14066340456403e-14	No	No
Q8N0W4	NLGN4X	5.33206082654305	1.6411475545597001e-15	No	No
Q8N114	SHISA5	2.7384688090493	3.2796625312463702e-09	No	No
Q8N128	FAM177A1	3.05474780285409	4.3722466100285396e-12	No	No
Q8N131	TMEM123	3.34260955848515	4.80675418898004e-12	No	No
Q8N139	ABCA6	4.1795238704484	3.16774769437776e-11	No	No
Q8N158	GPC2	6.51665818737653	4.12277058092698e-07	No	No
Q8N257	H2BC26	5.94679834811403	8.45978221555019e-20	No	No
Q8N2G4	LYPD1	4.51801796272427	3.08199326747563e-22	No	No
Q8N2G6	ZCCHC24	3.58706631703696	1.32078520915709e-10	No	No
Q8N3F8	MICALL1	2.68216870246674	3.92606515763288e-24	No	No
Q8N3J3	HROB	4.56901219284475	0.0009271108649071	No	No
Q8N441	FGFRL1	8.27525294037502	1.82914718006691e-23	No	No
Q8N474	SFRP1	10.5838766244243	5.13433748766727e-21	No	No
Q8N4B1	PHETA1	3.46099172493648	5.4643173155590105e-09	No	No
Q8N4T4	ARHGEF39	3.05107429754425	5.25741486198865e-16	No	No
Q8N5C1	CALHM5	4.06472806612361	2.4081253692452802e-14	No	No
Q8N5U6	RNF10	4.12514823429417	3.61699409293766e-05	No	No
Q8N684	CPSF7	5.28673030702246	5.12666030348766e-26	No	No
Q8N699	MYCT1	5.0006226253509	1.6729448742207402e-15	No	No
Q8N6I1	EID2	2.6849202902726	1.79396291128914e-07	No	No
Q8N6S4	ANKRD13C	3.11371869861319	2.8822342775967097e-11	No	No
Q8N8Z6	DCBLD1	3.67176756256722	7.02159581840506e-14	No	No
Q8NBT0	POC1A	3.81665042016166	1.11003539289696e-07	No	No
Q8NC24	RELL2	3.22309382755035	7.10034868344429e-05	No	No
Q8NC67	NETO2	4.24237719454712	9.6024859427699e-08	No	No
Q8NCS7	SLC44A5	6.45418581056994	1.5755774200304501e-09	No	No
Q8ND25	ZNRF1	4.9261142610985	1.75349418921004e-15	No	No
Q8NDV7	TNRC6A	6.07367191656845	2.40306123676049e-08	No	No
Q8NFH4	NUP37	3.09346330791702	1.46394616485987e-20	No	No
Q8NFJ5	GPRC5A	5.37249764321515	3.25083705955617e-24	No	No
Q8NFP4	MDGA1	7.17423659327959	1.89465079547574e-11	No	No
Q8NG06	TRIM58	6.50720546477041	6.26812431236393e-26	No	No
Q8NG27	PJA1	3.3549816553189	5.54553969475913e-05	No	No
Q8NHG7	SVIP	3.08708807307195	3.44363188878371e-22	No	No
Q8NI17	IL31RA	7.74623836337507	9.23005551962509e-22	No	No
Q8NI99	ANGPTL6	7.3176530926896	4.20044327433116e-13	No	No
Q8TAD7	OCC1	4.76122852126537	1.5191570088206801e-15	No	No
Q8TAI7	RHEBL1	5.47940407882751	5.6341112177097594e-18	No	No
Q8TAS1	UHMK1	8.12806203824684	8.577496064261e-09	No	No
Q8TAT2	FGFBP3	6.32094604228725	5.9646736528863e-11	No	No
Q8TCT1	PHOSPHO1	5.01499225064356	8.12411418245093e-09	No	No
Q8TCU6	PREX1	3.39208992495327	8.30915340244826e-16	No	No
Q8TDM6	DLG5	2.72401841949137	4.9106240625515396e-18	No	No
Q8TEA1	NSUN6	3.96769276898895	1.2035626593854e-20	No	No
Q8TEC5	SH3RF2	3.79026268607398	2.29885861853106e-07	No	No
Q8TEJ3	SH3RF3	3.72190444347086	3.27881589478529e-16	No	No
Q8TEW6	DOK4	2.6996391352267	0.0018929581561258	No	No
Q8TF17	SH3TC2	3.13547714701868	4.300306321952441e-15	No	No
Q8TF66	LRRC15	11.6708931662063	1.3872937683865601e-25	No	No
Q8TF72	SHROOM3	3.05056089139089	1.41657562728211e-11	No	No
Q8TF74	WIPF2	5.45535802130947	9.121806751262621e-20	No	No
Q8WTR4	GDPD5	3.07046522998463	1.20697415384503e-11	No	No
Q8WTS1	ABHD5	2.57747554914698	6.64795796874206e-11	No	No
Q8WTU0	DDI1	3.07504043905824	7.31117094976618e-13	No	No
Q8WUF5	PPP1R13L	5.39252489928825	6.5353200056124e-08	No	No
Q8WUM9	SLC20A1	2.6367152737025	2.0904966482043e-20	No	No
Q8WUX1	SLC38A5	2.92877370479708	6.67558554148526e-12	No	No
Q8WUX2	CHAC2	2.83518028467544	7.07324475600827e-17	No	No
Q8WUY9	DEPDC1B	4.41348573624813	3.60408250074168e-22	No	No
Q8WV24	PHLDA1	3.44290880717579	5.23880787958812e-21	No	No
Q8WV41	SNX33	5.16329281585156	1.33359990771299e-18	No	No
Q8WV99	ZFAND2B	4.04901454443918	2.02708744502771e-19	No	No
Q8WVP5	TNFAIP8L1	5.20247637227491	8.89440009774824e-18	No	No
Q8WVV4	POF1B	3.48492164232427	0.0048062277879377	No	No
Q8WWM7	ATXN2L	5.24485150276785	2.95696137133478e-28	No	No
Q8WWN8	ARAP3	2.7389769643647	9.658913077767651e-15	No	No
Q8WXE9	STON2	6.93847013129175	7.222806238344131e-09	No	No
Q8WYP3	RIN2	8.73228312944356	1.54556107339121e-07	No	No
Q8WZ73	RFFL	3.71143091905929	6.4381120602768204e-09	No	No
Q8WZ75	ROBO4	7.64026904827637	9.13128390968486e-17	No	No
Q92478	CLEC2B	2.68330717862069	1.45105243172792e-12	No	No
Q92503	SEC14L1	2.99939521686355	4.85404230571722e-05	No	No
Q92615	LARP4B	5.62629506985154	3.9922077304183496e-22	No	No
Q92692	NECTIN2	2.67745096779255	5.51830487270464e-21	No	No
Q92879	CELF1	3.32676580462114	1.4989443328190299e-18	No	No
Q92913	FGF13	6.48022995058608	5.2491594600341304e-20	No	No
Q92995	USP13	3.56309503968628	2.6582684850415e-26	No	No
Q93062	RBPMS	2.60451670400523	1.38230235378142e-06	No	No
Q93075	TATDN2	11.5954379027283	5.2769705538001806e-15	No	No
Q93099	HGD	4.35250482135498	2.3042646143971e-11	No	No
Q969W9	PMEPA1	3.9191358139147	2.58763050078085e-17	No	No
Q969X6	UTP4	2.92656327904726	2.98254754703937e-17	No	No
Q96A37	RNF166	7.19270315568065	8.90934088135816e-13	No	No
Q96AH0	NABP1	2.74247532229099	9.3938249806779e-12	No	No
Q96AP0	ACD	5.68244661729789	3.13858521256391e-08	No	No
Q96AP7	ESAM	5.15451139939596	3.95107107799628e-06	No	No
Q96B67	ARRDC3	3.5178430227668	1.5788658257400301e-19	No	No
Q96B70	LENG9	4.69726448481706	1.0612402670927101e-15	No	No
Q96B97	SH3KBP1	3.07767981252109	4.87416118115393e-22	No	No
Q96BD0	SLCO4A1	3.44122263653641	4.630195629382821e-15	No	No
Q96C90	PPP1R14B	2.97159725443085	4.50031309630053e-18	No	No
Q96C92	ENTR1	2.68933762956019	6.52887712333526e-17	No	No
Q96CG8	CTHRC1	2.65784635359403	8.11995129849414e-05	No	No
Q96D09	GPRASP2	7.54520627950292	5.05838370443698e-13	No	No
Q96DC9	OTUB2	4.94132204136966	4.7725829548416095e-11	No	No
Q96DD7	SHISA4	3.10895647874599	2.8757589771777904e-15	No	No
Q96DE0	NUDT16	2.73119745131973	1.37873055144701e-14	No	No
Q96DF8	ESS2	6.04758574910404	3.35318747789628e-05	No	No
Q96DR4	STARD4	2.58502876992187	2.37938604809271e-09	No	No
Q96DR8	MUCL1	4.49578748251786	1.9785269466387901e-10	No	No
Q96EF6	FBXO17	3.47339528380964	1.51913933016392e-18	No	No
Q96EX2	RNFT2	3.18919975588427	0.0012401291764629	No	No
Q96F07	CYFIP2	3.0067618836051	1.26075024716129e-16	No	No
Q96F46	IL17RA	2.64167011150115	1.2954635742193e-20	No	No
Q96FG2	ELMOD3	4.63365402944163	4.84011281837624e-05	No	No
Q96FN4	CPNE2	3.07173445552118	1.29697507745052e-20	No	No
Q96FX8	PERP	5.49375569649327	3.04935933967662e-16	No	No
Q96GS6	ABHD17A	2.59718116811296	2.1007919542435e-15	No	No
Q96GU1	PAGE5	9.94150459950945	7.503852822139e-38	No	No
Q96IF1	AJUBA	6.23794645164859	4.747230379733399e-12	No	No
Q96IU2	ZBED3	3.59372891449762	9.02711054801269e-05	No	No
Q96IZ0	PAWR	5.19557004979968	2.8813413528281697e-11	No	No
Q96J02	ITCH	3.7019704155054	3.44798026133471e-27	No	No
Q96K80	ZC3H10	12.1675108513425	2.83980298044489e-27	No	No
Q96KC2	ARL5B	4.98611961695249	3.26167179806787e-27	No	No
Q96KG7	MEGF10	4.55596783607429	3.301204549362e-12	No	No
Q96KN1	LRATD2	2.7387191587314	7.317869701363111e-15	No	No
Q96MK2	RIPOR3	7.79780951951245	6.90266041563052e-05	No	No
Q96MM7	HS6ST2	8.53515793476143	1.0095798257654999e-19	No	No
Q96MT3	PRICKLE1	8.25094532810808	9.309461945114881e-09	No	No
Q96MX0	CMTM3	4.4966886661054	3.0270484475403402e-21	No	No
Q96N06	SPATA33	3.25383488527068	2.14367899917259e-12	No	No
Q96N76	UROC1	3.35320477275136	7.60712478410345e-11	No	No
Q96NS1	YPEL4	4.62111810878467	9.4776153441963e-09	No	No
Q96NU7	AMDHD1	3.53228987381678	1.7621930934746501e-09	No	No
Q96P63	SERPINB12	4.57234499187697	4.08185690192547e-07	No	No
Q96PD2	DCBLD2	4.63843588017469	5.44687960655738e-26	No	No
Q96PL5	ERMAP	3.90224231001022	1.27388193364531e-12	No	No
Q96PX9	PLEKHG4B	7.03226885387347	5.61105786220957e-24	No	No
Q96PY5	FMNL2	3.30934926616675	9.145242122965939e-18	No	No
Q96Q83	ALKBH3	3.38464921822533	1.05310177787995e-19	No	No
Q96QD5	DEPDC7	2.64635099217947	1.45495074796439e-14	No	No
Q96QZ0	PANX3	4.57474424322691	2.4100254511847104e-09	No	No
Q96QZ7	MAGI1	3.33839591059899	2.1350142622357302e-20	No	No
Q96RF0	SNX18	3.4578172305343	3.88888372613333e-18	No	No
Q96RI0	F2RL3	5.09928890387805	2.6112448174737798e-18	No	No
Q96RS0	TGS1	2.96550497986298	1.91398534995477e-13	No	No
Q96RU3	FNBP1	4.43420333486537	1.02462106929765e-29	No	No
Q96ST8	CEP89	2.62948773907128	1.82246389441841e-05	No	No
Q96T21	SECISBP2	4.74380060184439	1.7237548789074e-08	No	No
Q99490	AGAP2	4.79726943718264	4.4447401608972194e-11	No	No
Q99618	CDCA3	3.69775834729857	2.10542421424072e-16	No	No
Q99683	MAP3K5	2.65763817272007	3.36199743205303e-09	No	No
Q99700	ATXN2	5.42085412974732	2.2483138493949e-29	No	No
Q99715	COL12A1	2.60937154287464	8.21642407426244e-08	No	No
Q99717	SMAD5	2.61749104643243	1.1838949137314399e-18	No	No
Q99741	CDC6	2.91662207032426	0.0009557140864667	No	No
Q99952	PTPN18	3.45092959884727	1.77664746878914e-13	No	No
Q99959	PKP2	8.06603400682426	5.18400374058279e-13	No	No
Q99961	SH3GL1	4.9399441166022	3.97000020418992e-27	No	No
Q99962	SH3GL2	4.99459608326458	2.68552897077243e-27	No	No
Q99963	SH3GL3	8.89692918662554	1.8931619974081202e-25	No	No
Q9BPX5	ARPC5L	3.74371795880408	3.4009669598855104e-25	No	No
Q9BPZ3	PAIP2	6.4152902047548	5.97249687200303e-24	No	No
Q9BQ51	PDCD1LG2	6.55098085020824	2.1746426483739702e-20	No	No
Q9BQC3	DPH2	2.86371605148858	0.0097134545978537	No	No
Q9BQL6	FERMT1	8.591480531973	2.8777901652381402e-25	No	No
Q9BQS7	HEPH	8.01357979537909	7.56010197072551e-18	No	No
Q9BRP1	PDCD2L	3.35259282356445	3.2182828781249102e-19	No	No
Q9BRP8	PYM1	2.70908367896445	4.34052073630849e-10	No	No
Q9BRQ3	NUDT22	3.44080731835038	4.29594307668293e-07	No	No
Q9BSJ6	PIMREG	4.15088081354665	1.57966438579068e-07	No	No
Q9BSW2	CRACR2A	3.69546736199601	3.31217492410989e-07	No	No
Q9BTM9	URM1	2.612588852647	1.21598059628549e-13	No	No
Q9BTV7	CABLES2	3.43504460030191	5.70454306973516e-06	No	No
Q9BUJ2	HNRNPUL1	3.16018940712946	1.49505637602181e-14	No	No
Q9BUT9	MCRIP2	5.22478442678409	3.93665246572627e-09	No	No
Q9BV68	RNF126	3.12773181038607	1.1499030496858102e-15	No	No
Q9BVC6	TMEM109	2.72402423371507	1.4143230935485201e-15	No	No
Q9BWD3	RTL8A	3.22197073669704	9.04021999098683e-14	No	No
Q9BWF3	RBM4	2.60679630934655	6.086289641627141e-19	No	No
Q9BX40	LSM14B	4.31493705956857	4.36355043389102e-17	No	No
Q9BX97	PLVAP	4.30005685377732	1.35760744277474e-13	No	No
Q9BXJ0	C1QTNF5	4.64261933466529	3.4621467028625497e-18	No	No
Q9BYB0	SHANK3	2.59721425457681	3.38654961532301e-07	No	No
Q9BYG0	B3GNT5	2.68251035102746	7.38716147262359e-08	No	No
Q9BYG5	PARD6B	2.81079398419626	3.44570958161165e-10	No	No
Q9BYJ9	YTHDF1	5.35515923477714	1.7823411751722402e-23	No	No
Q9BYT3	STK33	3.64577304702544	2.7554650313773998e-17	No	No
Q9BZ76	CNTNAP3	5.04814447103868	2.10013861639841e-07	No	No
Q9BZD6	PRRG4	6.84761951772139	9.549649293362381e-23	No	No
Q9BZM4	ULBP3	7.31942523554159	4.77983651329988e-23	No	No
Q9BZM5	ULBP2	8.65689603767032	1.55747914200798e-25	No	No
Q9BZR6	RTN4R	4.22101691674728	2.0628082013605703e-09	No	No
Q9C0B9	ZCCHC2	3.89983627597126	3.86987876796278e-07	No	No
Q9C0H5	ARHGAP39	3.2793569306996	1.13281843911915e-15	No	No
Q9GZP0	PDGFD	6.08322005082436	5.389618667167541e-23	No	No
Q9GZV5	WWTR1	4.28872144827386	6.93457229400071e-19	No	No
Q9GZY6	LAT2	4.74162451052448	1.8003249664698302e-14	No	No
Q9GZZ8	LACRT	2.64944097823826	0.0009307592940319	No	No
Q9H000	MKRN2	7.01022007821719	2.9539152621327597e-30	No	No
Q9H013	ADAM19	2.99517654782569	1.49255993147021e-10	No	No
Q9H074	PAIP1	3.57311516399093	9.15513596799341e-22	No	No
Q9H0J9	PARP12	2.71454460567801	1.6162760230731199e-16	No	No
Q9H0M0	WWP1	2.70950716998613	2.4276481846282902e-14	No	No
Q9H190	SDCBP2	2.80755978229755	2.1631368014414402e-14	No	No
Q9H1U4	MEGF9	3.3025848791621	2.3620872470945498e-18	No	No
Q9H227	GBA3	3.63872620094814	6.83426661920658e-06	No	No
Q9H2H9	SLC38A1	3.00126621111115	9.85237551820697e-17	No	No
Q9H2J4	PDCL3	2.68863393773209	2.06158456851152e-07	No	No
Q9H2K2	TNKS2	3.50789029573068	2.7816869407163e-05	No	No
Q9H2U1	DHX36	2.9247491754956	4.97051759465921e-22	No	No
Q9H361	PABPC3	7.13054932907739	1.7446523470861299e-34	No	No
Q9H3F6	KCTD10	3.36488210224935	3.02157267670558e-20	No	No
Q9H3L0	MMADHC	3.8968860623693	1.4426124689758001e-11	No	No
Q9H3M7	TXNIP	2.73001145977744	6.186476130486319e-18	No	No
Q9H3R2	MUC13	6.06570639575663	2.52091945788233e-19	No	No
Q9H3S3	TMPRSS5	6.27030224211923	1.1287511431857401e-10	No	No
Q9H3S7	PTPN23	3.68650119564145	3.17239342031881e-27	No	No
Q9H3T3	SEMA6B	3.90261772860579	7.47598018637125e-13	No	No
Q9H461	FZD8	5.3293046058993	2.9892240085577996e-13	No	No
Q9H4B6	SAV1	3.75572280901912	2.3553948218454697e-11	No	No
Q9H4B7	TUBB1	5.91388818128864	3.45469470596155e-17	No	No
Q9H4E5	RHOJ	2.94037243070987	1.06656654178017e-16	No	No
Q9H4E7	DEF6	3.56871124998012	5.28330985293343e-06	No	No
Q9H4F1	ST6GALNAC4	8.66503342738718	3.73905690511668e-12	No	No
Q9H4F8	SMOC1	4.04964280027356	2.69329257551217e-08	No	No
Q9H4H8	FAM83D	2.97784496400887	2.63541351104322e-06	No	No
Q9H4K7	MTG2	4.75630608872828	8.45067349077293e-07	No	No
Q9H5Y7	SLITRK6	4.50491305141895	1.24097491332396e-13	No	No
Q9H6B4	CLMP	3.49485823456112	3.5957957134613204e-09	No	No
Q9H6D3	XKR8	2.69259173221678	7.41780391035685e-14	No	No
Q9H6E4	CCDC134	3.87402215451025	2.88882434297478e-07	No	No
Q9H6L4	ARMC7	2.86756077453046	1.17996494338671e-09	No	No
Q9H7P6	MVB12B	3.72170947220798	4.98601378656391e-22	No	No
Q9H814	PHAX	4.17397783042244	5.4012253746424903e-17	No	No
Q9H8K7	PAAT	6.95467081442135	7.346945423030761e-25	No	No
Q9H8V3	ECT2	3.15832015497308	2.73033659991411e-09	No	No
Q9H8X2	IPPK	5.16612415707884	8.19829920958454e-10	No	No
Q9H939	PSTPIP2	5.0257169105548	4.35301511424496e-13	No	No
Q9H977	WDR54	3.7036609688012	5.33806831424798e-18	No	No
Q9H992	MARCHF7	2.76685798026841	4.54790071321701e-10	No	No
Q9HAR2	ADGRL3	6.49419485937801	1.90822006726136e-16	No	No
Q9HAU4	SMURF2	2.99893082587544	1.55026991085146e-18	No	No
Q9HB09	BCL2L12	3.438427625031	3.41719738351038e-24	No	No
Q9HBI1	PARVB	3.69749437031867	6.2682212879023e-27	No	No
Q9HBW9	ADGRL4	6.17779550373537	2.03920162202236e-24	No	No
Q9HC16	APOBEC3G	4.72077842820623	7.08696479488936e-24	No	No
Q9HC56	PCDH9	4.33973513173202	2.4302004777412e-19	No	No
Q9HC98	NEK6	4.23274600750816	4.57886167271471e-23	No	No
Q9HCC8	GDPD2	4.46419717228991	1.8572495870540302e-09	No	No
Q9HCE1	MOV10	5.21380411080549	1.0182747866336401e-23	No	No
Q9HCJ0	TNRC6C	6.65788800739544	6.25935726409781e-16	No	No
Q9HDC9	APMAP	4.32226090976535	2.7060900452549703e-20	No	No
Q9NP84	TNFRSF12A	4.28131112228028	2.81473432904829e-19	No	No
Q9NPD8	UBE2T	3.46403747877156	3.3121001517113604e-17	No	No
Q9NQ25	SLAMF7	4.48127511126523	6.62650030398166e-07	No	No
Q9NQ66	PLCB1	6.59939865999295	3.2414790560790003e-21	No	No
Q9NQS3	NECTIN3	5.48757735036025	1.55463168893615e-26	No	No
Q9NQX4	MYO5C	2.99809376202898	2.41967861887484e-09	No	No
Q9NQY0	BIN3	5.46866964404949	5.23517428466e-25	No	No
Q9NR56	MBNL1	4.51138247326748	1.27315581956556e-22	No	No
Q9NRG1	PRTFDC1	8.16741958530539	1.83471789315968e-33	No	No
Q9NRH1	YAE1	3.29464979394199	1.45049612484886e-08	No	No
Q9NRJ7	PCDHB16	12.5253419258728	1.05059807935541e-24	No	No
Q9NRM2	ZNF277	7.36331013042928	3.28740510581008e-16	No	No
Q9NRM7	LATS2	3.46487610061757	1.47591715117279e-05	No	No
Q9NRN9	METTL5	2.90231937161661	3.2841742735963497e-18	No	No
Q9NRW3	APOBEC3C	4.65928206779867	7.8900036908065005e-22	No	No
Q9NS87	KIF15	3.43621851561374	1.2696597280749302e-15	No	No
Q9NSP4	CENPM	3.48983581371835	0.0002076808652408	No	No
Q9NT68	TENM2	3.18476857739584	7.09063621000293e-05	No	No
Q9NUD5	ZCCHC3	5.59293649390832	5.07447060922487e-22	No	No
Q9NUL3	STAU2	3.34959391399021	1.2384053893711e-08	No	No
Q9NUU7	DDX19A	2.8585029375744	1.09219890508126e-22	No	No
Q9NVN8	GNL3L	3.58748172457531	2.8168684411818302e-14	No	No
Q9NVZ3	NECAP2	2.86141242680284	4.13217637387509e-20	No	No
Q9NW61	PLEKHJ1	3.74910225715007	1.90044956289462e-06	No	No
Q9NWF9	RNF216	4.461525892958	3.35215650876858e-06	No	No
Q9NWM3	CUEDC1	2.96559129787929	7.98343827815576e-16	No	No
Q9NWQ9	C14orf119	4.6922598867279	3.1811707989564603e-15	No	No
Q9NX01	TXNL4B	5.12022797130572	1.7332338325979001e-18	No	No
Q9NX09	DDIT4	2.75149983750984	0.0039905516315711	No	No
Q9NX76	CMTM6	3.36915970089028	1.46880542670033e-22	No	No
Q9NXH8	TOR4A	3.33231108897381	2.97318883604142e-10	No	No
Q9NY57	STK32B	2.69358003263403	1.80633762194661e-13	No	No
Q9NYS0	NKIRAS1	4.16873469092635	2.16434119910868e-13	No	No
Q9NYY3	PLK2	4.00302685095678	3.51234760128649e-07	No	No
Q9NYZ1	TVP23B	2.75062248629474	3.59047997902064e-09	No	No
Q9NZ53	PODXL2	5.57755253002242	5.4610195716324997e-14	No	No
Q9NZD2	GLTP	2.75187737727554	1.46978697273321e-15	No	No
Q9NZI8	IGF2BP1	12.6031748705636	3.94719323709979e-23	No	No
Q9NZJ4	SACS	2.918437787454	2.01426538717066e-06	No	No
Q9NZM3	ITSN2	3.41455143270583	5.02226648328453e-21	No	No
Q9NZQ7	CD274	8.38262523894464	6.22467121008942e-26	No	No
Q9NZT1	CALML5	6.57132112849473	2.30925121051304e-08	No	No
Q9NZU0	FLRT3	6.26339484234666	8.92547522426554e-25	No	No
Q9P0N8	MARCHF2	5.11885407069627	3.81780651744203e-10	No	No
Q9P0P0	RNF181	3.11009517590237	1.12517147373572e-11	No	No
Q9P0V3	SH3BP4	4.06903311001921	1.94308994644058e-26	No	No
Q9P121	NTM	7.29096072537168	7.525835404738951e-25	No	No
Q9P126	CLEC1B	4.48222321408599	1.86587983026759e-10	No	No
Q9P1F3	ABRACL	2.67100246917709	6.34246227420569e-10	No	No
Q9P232	CNTN3	10.1763894882931	1.1714443239318602e-19	No	No
Q9P273	TENM3	2.6479712765312	4.11353764143973e-14	No	No
Q9P2E3	ZNFX1	3.82818729670687	1.41837228836352e-13	No	No
Q9P2G9	KLHL8	3.95021299366915	2.40896376449299e-06	No	No
Q9P2Q2	FRMD4A	4.35159135184183	3.1401606656212203e-25	No	No
Q9P2S5	WRAP73	6.1138118129436	2.23713342918195e-10	No	No
Q9UBC2	EPS15L1	2.75002257859747	4.20759203236371e-21	No	No
Q9UBP9	GULP1	3.66784268842632	3.8995867163608297e-22	No	No
Q9UBQ6	EXTL2	3.19116389315655	2.0310234311402e-11	No	No
Q9UBR5	CKLF	5.72783022781076	2.8136176329116003e-22	No	No
Q9UBS0	RPS6KB2	3.52367050563377	0.005798687180411	No	No
Q9UBY5	LPAR3	6.30347497921929	1.5276368964494902e-23	No	No
Q9UGM3	DMBT1	3.77601588494857	1.4972158928043902e-14	No	No
Q9UH17	APOBEC3B	8.49397089573927	3.42029692708457e-19	No	No
Q9UHC7	MKRN1	9.89373172629441	2.6803475620612e-22	No	No
Q9UHD9	UBQLN2	2.59519072267797	2.35654766793157e-17	No	No
Q9UHP7	CLEC2D	4.42992249038774	1.01405398783155e-14	No	No
Q9UI30	TRMT112	3.58070545097129	4.34493200673766e-18	No	No
Q9UI42	CPA4	4.997669494311	7.9370772827661e-06	No	No
Q9UJ68	MSRA	3.78517066300606	2.2237048199337e-21	No	No
Q9UJJ7	RPUSD1	4.72634725631037	2.52442036215264e-14	No	No
Q9UJP4	KLHL21	3.69964672491467	1.9266336094017998e-12	No	No
Q9UK39	NOCT	2.82807081301732	1.03087154432655e-20	No	No
Q9UK76	JPT1	2.84577911754727	6.34884837016027e-13	No	No
Q9UKS6	PACSIN3	3.01872597710021	9.084020494014371e-23	No	No
Q9UKT4	FBXO5	5.02367953157313	0.0007977460106559	No	No
Q9UKU6	TRHDE	12.6933178365146	1.12372142840884e-13	No	No
Q9UKZ4	TENM1	5.27629150928981	4.33407957105907e-10	No	No
Q9ULI3	HEG1	5.09091174248321	5.79366138571571e-28	No	No
Q9ULJ8	PPP1R9A	3.37932081614589	2.25213252219904e-09	No	No
Q9UM82	SPATA2	5.66738867060602	7.46088911597807e-14	No	No
Q9UMR2	DDX19B	2.81587803292828	1.7054573268380599e-18	No	No
Q9UN66	PCDHB8	13.21430182516	2.91879244102029e-17	No	No
Q9UN67	PCDHB10	9.92677279959137	1.32628037335219e-23	No	No
Q9UN72	PCDHA7	10.1637881921102	1.52009659799971e-16	No	No
Q9UN81	L1RE1	10.0834163073308	3.89205566384482e-16	No	No
Q9UNF0	PACSIN2	2.59805236114873	1.1151528650553e-23	No	No
Q9UNK4	PLA2G2D	5.86135744019698	8.424453577871871e-15	No	No
Q9UNN8	PROCR	4.05593361523322	8.91542798801e-15	No	No
Q9UNQ0	ABCG2	5.04458616219128	2.80632200049347e-21	No	No
Q9UP52	TFR2	4.41049936164862	3.31901724567209e-14	No	No
Q9UPQ9	TNRC6B	4.06861206013023	4.90863660078673e-18	No	No
Q9UPR0	PLCL2	3.31320891425331	6.173595099244711e-15	No	No
Q9UPY6	WASF3	2.70036953953149	1.3653026627744101e-17	No	No
Q9UQB3	CTNND2	6.29080666155977	6.457684349441761e-15	No	No
Q9UQC2	GAB2	2.68856280025573	4.80138835775185e-16	No	No
Q9Y221	NIP7	3.5828732551561	1.88250684012132e-17	No	No
Q9Y233	PDE10A	3.12653380801805	1.90978296134697e-05	No	No
Q9Y2G1	MYRF	3.41159886525193	2.49327995495584e-06	No	No
Q9Y2W2	WBP11	2.94679671171319	5.33790945544095e-08	No	No
Q9Y3B4	SF3B6	3.56229480677003	8.871145062249271e-15	No	No
Q9Y3C7	MED31	4.43731688797762	8.86096940569109e-10	No	No
Q9Y3Q0	NAALAD2	3.262889919595	4.88466857228008e-18	No	No
Q9Y3R0	GRIP1	4.87113494795255	6.5499798702785e-11	No	No
Q9Y3R4	NEU2	2.577615788486	0.0005492338658307	No	No
Q9Y3T6	R3HCC1	5.40232536135377	7.304455263568391e-14	No	No
Q9Y3X0	CCDC9	5.45318982747101	1.9013665407814802e-21	No	No
Q9Y446	PKP3	5.87901152033705	1.46834210619188e-17	No	No
Q9Y4K1	CRYBG1	6.389051765608	1.2720518529714801e-14	No	No
Q9Y4L5	RNF115	4.71157638771211	5.428496950075149e-13	No	No
Q9Y4U1	MMACHC	3.51760834125424	1.94704875221555e-06	No	No
Q9Y4X0	AMMECR1	4.55184792805736	6.36513787915721e-16	No	No
Q9Y508	RNF114	2.65126394973658	5.4244567471542093e-11	No	No
Q9Y530	OARD1	3.02740281579112	0.0033810832622923	No	No
Q9Y5E1	PCDHB9	4.3757561502378	5.6406568942594e-19	No	No
Q9Y5E2	PCDHB7	12.8146348537672	1.07895383727576e-28	No	No
Q9Y5E3	PCDHB6	7.56199767178399	5.39576824535175e-21	No	No
Q9Y5E4	PCDHB5	7.06679748314619	1.48381074162615e-20	No	No
Q9Y5E5	PCDHB4	9.11790326791189	1.8392371806560199e-28	No	No
Q9Y5E6	PCDHB3	10.1804457888855	6.7164971747704e-25	No	No
Q9Y5E7	PCDHB2	13.3894305544157	1.10831201031198e-24	No	No
Q9Y5E8	PCDHB15	9.85357191226834	1.5771356247339601e-21	No	No
Q9Y5E9	PCDHB14	7.77814906268955	6.61559606213838e-23	No	No
Q9Y5F0	PCDHB13	5.12511402674468	1.20561581496874e-16	No	No
Q9Y5F1	PCDHB12	11.9331670143209	1.82322379661434e-24	No	No
Q9Y5F2	PCDHB11	11.0800886704607	2.9618809247260303e-21	No	No
Q9Y5G1	PCDHGB3	4.45780971553132	4.45436044889123e-13	No	No
Q9Y5G2	PCDHGB2	5.85046402445463	6.58048622302226e-23	No	No
Q9Y5G4	PCDHGA9	6.93202229558638	2.86599680541947e-22	No	No
Q9Y5G9	PCDHGA4	6.45218790712822	7.89298096144513e-16	No	No
Q9Y5H4	PCDHGA1	2.87868630572519	9.312779078827229e-18	No	No
Q9Y5I1	PCDHA11	3.01266765997416	4.91813758248834e-05	No	No
Q9Y5J5	PHLDA3	3.34162684526886	1.14685411305532e-21	No	No
Q9Y5V0	ZNF706	4.02260291701532	1.57844606074744e-17	No	No
Q9Y5V3	MAGED1	2.96247724264849	2.2872266510133002e-15	No	No
Q9Y625	GPC6	5.03905323112931	8.543969522251269e-18	No	No
Q9Y676	MRPS18B	4.7800895661464	1.31138245193568e-08	No	No
Q9Y689	ARL5A	2.99776676812462	5.2232436206305105e-17	No	No
Q9Y6H1	CHCHD2	3.13860223755385	4.30748608070905e-06	No	No
Q9Y6I3	EPN1	3.47930565524732	7.04015794428409e-26	No	No
Q9Y6M1	IGF2BP2	4.46910198663941	1.1624212830495999e-29	No	No
Q9Y6R0	NUMBL	3.33881755533	1.19700369936968e-24	No	No
Q9Y6W6	DUSP10	3.59486425343078	1.75000882122524e-06	No	No
Q9Y6Z7	COLEC10	3.62490743695909	6.684013819523801e-10	No	No
A0A024RBG1	NUDT4B	-5.10276452331551	4.77403802057397e-06	No	No
A0A7I2V3R4	RNF228	-3.80494204871639	1.17418718645756e-17	No	No
A0AV96	RBM47	-6.17213051608116	0.0022594968418691	No	No
A0AVF1	IFT56	-2.70561257739044	8.92041050198656e-06	No	No
A1L0T0	ILVBL	-4.09069022573019	9.29810876182602e-12	No	No
A1Z1Q3	MACROD2	-5.20084500809675	2.16176375032487e-19	No	No
A2RRP1	NBAS	-4.85145131435677	4.07998990392292e-14	No	No
A2RTX5	TARS3	-4.73815501376681	0.0019538610120721	No	No
A3KN83	SBNO1	-3.9264680627707	7.13718800294969e-05	No	No
A4D1E9	GTPBP10	-2.66480605614737	0.0008149307470129	No	No
A5PLL7	PEDS1	-3.83729675232899	0.0024366696650761	No	No
A6NCS6	C2orf72	-6.48222126636786	2.67512338079679e-16	No	No
A6NDB9	PALM3	-6.95539078932874	3.32665405871336e-05	No	No
A6NGB9	WIPF3	-3.97050167518439	1.01199611325289e-14	No	No
A6NGN9	IGLON5	-5.56548611738098	0.000160695150941	No	No
A6NHR9	SMCHD1	-4.9430497746699	5.24139624591232e-12	No	No
A6NHX0	CASTOR2	-3.71600830251832	1.3181020564771699e-11	No	No
A6NKD9	CCDC85C	-2.92464854287979	0.0087389662067951	No	No
A6PVS8	LRRIQ3	-3.49311928436455	1.8186816990441e-18	No	No
A8MWY0	ELAPOR2	-6.53606458909259	9.61521399627888e-25	No	No
B2RUZ4	SMIM1	-5.86307514160201	5.815447450957491e-25	No	No
C9JI98	TMEM238	-3.35466843958755	1.17580270601555e-19	No	No
F2Z333	FNDC10	-6.89945108945789	1.36903056316182e-27	No	No
O00115	DNASE2	-3.34560003869939	6.55636542477438e-08	No	No
O00142	TK2	-4.65629720538195	4.1750127870715897e-13	No	No
O00144	FZD9	-2.85218891750073	1.2905299645559e-06	No	No
O00151	PDLIM1	-2.7560130387387	8.627570762510439e-16	No	No
O00165	HAX1	-2.78203851452977	6.77750942161021e-05	No	No
O00221	NFKBIE	-2.62668673842459	6.96100395108811e-05	No	No
O00268	TAF4	-2.60482800321608	0.0023130893236757	No	No
O00287	RFXAP	-4.30001657313743	1.96619431225542e-12	No	No
O00291	HIP1	-4.90137349568822	9.098134438067381e-14	No	No
O00300	TNFRSF11B	-4.40915376694259	4.6284780391274005e-10	No	No
O00339	MATN2	-2.66721950485444	3.4706600574107e-09	No	No
O00445	SYT5	-3.40448523170863	7.1831728211822e-18	No	No
O00463	TRAF5	-3.95644661581406	8.867730109862321e-20	No	No
O00469	PLOD2	-3.47860263150618	1.98745397124144e-09	No	No
O00519	FAAH	-6.06752601210899	2.66271059370361e-25	No	No
O00534	VWA5A	-5.68697371907157	3.30464213089016e-18	No	No
O00625	PIR	-3.73372576129533	2.5102712166255902e-23	No	No
O14497	ARID1A	-3.01215382114059	1.3962028698863799e-11	No	No
O14531	DPYSL4	-6.17133585754404	7.92491900444596e-12	No	No
O14556	GAPDHS	-11.2501961175417	2.7618153433088704e-31	No	No
O14558	HSPB6	-7.25820785983981	2.6050057280018796e-26	No	No
O14576	DYNC1I1	-3.06118160327278	1.31099378826788e-13	No	No
O14646	CHD1	-4.38605820271757	0.004310531084168	No	No
O14647	CHD2	-3.25146463604073	6.800023035111631e-10	No	No
O14653	GOSR2	-2.651379505674	1.98253630026278e-09	No	No
O14686	KMT2D	-2.94556041588054	2.20194981343482e-05	No	No
O14734	ACOT8	-3.55167768456434	0.0002644802354362	No	No
O14773	TPP1	-4.50728777478417	6.9791577838134e-10	No	No
O14795	UNC13B	-3.22776933806059	3.48187237129787e-05	No	No
O14802	POLR3A	-3.19961562120554	1.99747878247822e-06	No	No
O14841	OPLAH	-6.90618279500948	3.51403153026128e-18	No	No
O14863	SLC30A4	-7.55991797173463	1.8608928175351697e-12	No	No
O14874	BCKDK	-5.71951606210628	6.6623948109623e-12	No	No
O14879	IFIT3	-2.91370865100707	2.03106993488578e-13	No	No
O14944	EREG	-4.80335771612499	7.41641941748473e-19	No	No
O14994	SYN3	-9.27816857711633	3.0960870575771696e-26	No	No
O15040	TECPR2	-2.67194011146591	2.8297211368757e-09	No	No
O15041	SEMA3E	-4.2051164750065	7.74252864191304e-09	No	No
O15047	SETD1A	-10.145199486949	2.85765120110969e-11	No	No
O15061	SYNM	-4.98880919044482	6.13201534098972e-12	No	No
O15075	DCLK1	-6.84937317757753	8.02769676889362e-21	No	No
O15091	PRORP	-5.99454166855722	1.01438670101588e-14	No	No
O15120	AGPAT2	-2.66454532480137	0.0002272626381993	No	No
O15164	TRIM24	-2.64264739825729	0.0006157788628216	No	No
O15173	PGRMC2	-3.66306863861609	6.08536448783168e-16	No	No
O15226	NKRF	-2.74826344806164	0.0029690376090883	No	No
O15230	LAMA5	-4.55103956180443	2.25549622679444e-12	No	No
O15235	MRPS12	-6.37245123885703	1.90343908870655e-14	No	No
O15240	VGF	-5.0658945362513	2.54086902639538e-12	No	No
O15247	CLIC2	-2.73968825961277	1.7929713479947399e-12	No	No
O15264	MAPK13	-5.74127536489923	1.17331353421405e-24	No	No
O15270	SPTLC2	-4.54738342963811	5.96356804392046e-06	No	No
O15327	INPP4B	-3.27160138178216	4.0461641822836e-13	No	No
O15354	GPR37	-4.39933370508835	6.688579814518151e-15	No	No
O15375	SLC16A5	-4.8870960803605	4.5275693923404e-08	No	No
O15382	BCAT2	-3.50455624873045	8.18726509201525e-06	No	No
O15394	NCAM2	-8.32191892384377	1.9980125916392998e-23	No	No
O15400	STX7	-2.69398716867641	6.7921333937560606e-15	No	No
O15403	SLC16A6	-11.2579346959847	6.77532712614141e-20	No	No
O15488	GYG2	-7.63295366008327	4.344786355356669e-30	No	No
O15523	DDX3Y	-11.703786988589	1.97548282684911e-21	No	No
O15533	TAPBP	-3.60280238280928	8.52358510134462e-06	No	No
O15550	KDM6A	-3.60451882856673	3.20011292148307e-05	No	No
O43148	RNMT	-5.35957683987534	1.1122129138151698e-11	No	No
O43173	ST8SIA3	-8.45497584368729	4.14054712584119e-25	No	No
O43236	SEPTIN4	-5.44527069868851	1.4855496643301e-09	No	No
O43246	SLC7A4	-8.32331763803526	2.1381400382776e-26	No	No
O43278	SPINT1	-4.99237911170697	2.29823801460872e-16	No	No
O43281	EFS	-7.18699278451528	3.1831271705581e-14	No	No
O43290	SART1	-3.17157052034701	2.341387188605e-05	No	No
O43291	SPINT2	-7.39284379249787	8.0698834678949e-30	No	No
O43301	HSPA12A	-5.71967022998673	2.9051381570500204e-15	No	No
O43303	CCP110	-4.00544357065183	0.0071498210088415	No	No
O43347	MSI1	-4.71256234782364	8.14566887226548e-11	No	No
O43374	RASA4	-3.82284651774545	7.11195578861671e-09	No	No
O43422	THAP12	-3.40623093690787	3.82190242848963e-05	No	No
O43451	MGAM	-3.70067008967239	2.08398265472697e-20	No	No
O43464	HTRA2	-4.73654533649657	5.95441865622444e-13	No	No
O43520	ATP8B1	-4.09608232898066	7.23167560039705e-10	No	No
O43581	SYT7	-3.51206084678238	1.02044227000215e-10	No	No
O43602	DCX	-4.20898751232358	1.21340947108417e-16	No	No
O43615	TIMM44	-3.68938424475029	1.56303603831786e-10	No	No
O43715	TRIAP1	-2.95239539099404	1.33333720638767e-07	No	No
O43719	HTATSF1	-5.15209880187952	4.6212652549520495e-18	No	No
O43731	KDELR3	-4.52718009220754	1.29888472459545e-06	No	No
O43736	ITM2A	-5.8632716675581	1.04275650453658e-21	No	No
O43819	SCO2	-5.10142821410342	3.56089149097221e-15	No	No
O43822	CFAP410	-4.58424796742954	6.91898057850066e-14	No	No
O43824	GTPBP6	-3.66993052165752	0.0018828211769867	No	No
O43826	SLC37A4	-5.27240737974022	1.39272398891873e-07	No	No
O43837	IDH3B	-6.46826941724709	1.07747199239679e-16	No	No
O43852	CALU	-2.8083379905101	2.9475289756027397e-18	No	No
O43861	ATP9B	-3.75691745723647	8.88580769897149e-08	No	No
O43900	PRICKLE3	-3.26147063290405	2.39588048132963e-10	No	No
O43934	MFSD11	-7.2049790175341	1.10261523620333e-24	No	No
O60231	DHX16	-4.01361779166307	1.3516333531215e-07	No	No
O60237	PPP1R12B	-3.94068288145433	6.37801586346916e-07	No	No
O60244	MED14	-3.1067228814823	6.33164347659533e-05	No	No
O60245	PCDH7	-2.7724337280719	8.83903613483504e-10	No	No
O60287	URB1	-3.1595045838429	0.0065748244566615	No	No
O60296	TRAK2	-7.35286762288493	8.04688123906173e-14	No	No
O60307	MAST3	-5.38614337517576	6.93972048876415e-12	No	No
O60312	ATP10A	-7.60489008575178	7.90025985244673e-18	No	No
O60313	OPA1	-6.14115265107401	6.1839764836666e-23	No	No
O60315	ZEB2	-4.66256442407097	1.3464306440565e-09	No	No
O60318	MCM3AP	-5.77353939905289	6.44747604389206e-06	No	No
O60336	MAPKBP1	-2.81063475639623	8.83144191740256e-06	No	No
O60341	KDM1A	-3.88388891014911	5.5502463056697404e-14	No	No
O60478	GPR137B	-6.15913649090614	8.89608857642916e-20	No	No
O60486	PLXNC1	-5.69804790459824	2.15782437762983e-18	No	No
O60512	B4GALT3	-2.95986148452143	8.15462158200274e-07	No	No
O60518	RANBP6	-2.71522613693468	0.0004635854373086	No	No
O60565	GREM1	-5.83446851436638	2.2417578094077998e-13	No	No
O60603	TLR2	-4.25715676044213	4.2639498096474e-07	No	No
O60641	SNAP91	-8.98082032743406	2.68754335328793e-19	No	No
O60662	KLHL41	-8.70758139129088	7.64460461823023e-21	No	No
O60687	SRPX2	-4.90418847715769	6.279097407017509e-12	No	No
O60711	LPXN	-2.9548077220952	0.0006986966138401	No	No
O60725	ICMT	-3.07950604932977	1.34403012581318e-17	No	No
O60763	USO1	-3.47720345449832	2.97827357264333e-17	No	No
O60825	PFKFB2	-5.4231634662581	2.46547535958594e-16	No	No
O60831	PRAF2	-3.50489130358054	1.1679223495291401e-14	No	No
O60906	SMPD2	-2.98497917590182	5.86719492948868e-05	No	No
O60921	HUS1	-2.83043058731889	0.0061577370562604	No	No
O60928	KCNJ13	-10.3671031970237	1.58226122496118e-29	No	No
O60931	CTNS	-2.77402727177905	6.50576964255864e-11	No	No
O60939	SCN2B	-3.73956011236463	3.2148629418606498e-18	No	No
O60942	RNGTT	-4.18408730487166	1.26341723625274e-05	No	No
O75030	MITF	-2.65308615243123	1.74247995885222e-14	No	No
O75063	FAM20B	-3.15466332809637	2.13589531552247e-12	No	No
O75078	ADAM11	-3.27659706431316	3.92520652405218e-05	No	No
O75094	SLIT3	-3.66510318664527	7.70360834047762e-07	No	No
O75110	ATP9A	-2.77886920470171	8.09173198998627e-16	No	No
O75140	DEPDC5	-6.08453294274814	6.234371192070281e-14	No	No
O75145	PPFIA3	-3.40911784471282	0.0001176598638819	No	No
O75150	RNF40	-2.5998802051876	2.0007695951438e-06	No	No
O75151	PHF2	-5.37757339769807	8.6891976058094e-06	No	No
O75164	KDM4A	-2.73337513060365	0.0004190119028546	No	No
O75251	NDUFS7	-7.19485935349923	1.86656889494611e-08	No	No
O75298	RTN2	-2.7951822349764	1.07237931813807e-10	No	No
O75306	NDUFS2	-3.26654024332199	1.19406854838016e-06	No	No
O75330	HMMR	-7.47985505552243	2.0641009967802e-07	No	No
O75354	ENTPD6	-4.07994726275103	1.95379005539946e-07	No	No
O75355	ENTPD3	-3.37651653857698	9.67035921591139e-11	No	No
O75365	PTP4A3	-7.27185667133589	3.7291130274838004e-24	No	No
O75390	CS	-3.00369734734406	5.62168318984774e-11	No	No
O75396	SEC22B	-2.84115075718331	1.4949895448228001e-18	No	No
O75400	PRPF40A	-4.06089290679625	1.75259539418991e-11	No	No
O75410	TACC1	-2.88799102385187	2.50879400701689e-12	No	No
O75439	PMPCB	-5.06372528716722	7.916791988097251e-15	No	No
O75448	MED24	-6.80773460540204	8.831625450729981e-15	No	No
O75475	PSIP1	-5.38073368053023	5.4009505476445e-10	No	No
O75489	NDUFS3	-3.65538120042474	4.41881404522558e-08	No	No
O75508	CLDN11	-7.39009937543162	2.40129972107201e-19	No	No
O75521	ECI2	-4.87502028907448	4.52950243163314e-09	No	No
O75529	TAF5L	-4.6098060613367	0.0006288295059479	No	No
O75530	EED	-6.51646974727404	2.4632913767327e-11	No	No
O75554	WBP4	-7.10548292191381	6.74424349371266e-08	No	No
O75582	RPS6KA5	-4.24009629433201	8.9089299884872e-11	No	No
O75616	ERAL1	-4.86603225544053	3.8877981652419406e-15	No	No
O75628	REM1	-3.3146507777253	6.2776184805904e-09	No	No
O75648	TRMU	-4.53095554778875	2.59462778072629e-08	No	No
O75691	UTP20	-2.70356307715905	0.0002637910454577	No	No
O75746	SLC25A12	-6.50517493973175	2.38811347174676e-18	No	No
O75781	PALM	-6.41448066869452	7.08982331846893e-17	No	No
O75843	AP1G2	-3.29683886899712	8.71226196790696e-12	No	No
O75844	ZMPSTE24	-3.2662688993068	7.17498757646039e-13	No	No
O75879	GATB	-6.3641190977718	7.18132751894954e-24	No	No
O75899	GABBR2	-5.32561278260055	3.52075806523361e-15	No	No
O75943	RAD17	-3.3046586608155	1.57270036976175e-05	No	No
O75976	CPD	-3.08461586842649	2.11229105385396e-14	No	No
O76024	WFS1	-6.41164764094187	1.55108171135141e-23	No	No
O76031	CLPX	-5.29532181807098	3.56124969617265e-05	No	No
O94762	RECQL5	-3.80413020988903	0.0026728081594468	No	No
O94768	STK17B	-3.90107164689529	2.71448421400261e-05	No	No
O94776	MTA2	-2.8634285357692	3.08300384280652e-11	No	No
O94788	ALDH1A2	-7.89143679358631	4.7574330204714e-16	No	No
O94812	BAIAP3	-4.37376506499845	2.32583232591937e-13	No	No
O94819	KBTBD11	-6.67076669230766	3.54979191284685e-26	No	No
O94832	MYO1D	-3.08025937116667	1.85165112859536e-16	No	No
O94842	TOX4	-4.97449571420157	1.97216539355833e-08	No	No
O94874	UFL1	-3.76385588926	3.8433783804330304e-14	No	No
O94888	UBXN7	-2.58614785659973	4.19410916303793e-06	No	No
O94898	LRIG2	-3.62249015461234	5.05524637830638e-08	No	No
O94919	ENDOD1	-3.31150787718368	3.7643586974185e-19	No	No
O94923	GLCE	-3.24337227204744	1.9018149074217201e-10	No	No
O94925	GLS	-5.42990196396206	2.07073602959189e-14	No	No
O95057	DIRAS1	-4.56823071224862	6.73435942113735e-14	No	No
O95069	KCNK2	-2.66080146705466	0.0003014518036216	No	No
O95071	UBR5	-3.68973195811207	0.0001391284086225	No	No
O95140	MFN2	-3.13830645904084	0.0003463397941755	No	No
O95185	UNC5C	-5.99000131913575	4.0819264634767804e-17	No	No
O95196	CSPG5	-3.50525219050844	7.007148495021371e-09	No	No
O95199	RCBTB2	-3.79006192338616	5.54030285187336e-08	No	No
O95202	LETM1	-3.53031256143485	7.84892196125e-07	No	No
O95251	KAT7	-2.69254491913111	3.86304771037509e-10	No	No
O95259	KCNH1	-4.39381078879062	4.415046854192731e-15	No	No
O95295	SNAPIN	-2.6633413726647	1.42516051677799e-06	No	No
O95363	FARS2	-4.93964550741201	3.38685246533636e-05	No	No
O95390	GDF11	-4.96190075692199	9.56546394188589e-09	No	No
O95415	BRI3	-2.65347720564705	2.58579067209622e-10	No	No
O95450	ADAMTS2	-5.35261201949199	3.49360034598953e-16	No	No
O95461	LARGE1	-3.29456652452597	4.96689073376809e-05	No	No
O95470	SGPL1	-4.69110557816394	1.68725837340555e-08	No	No
O95475	SIX6	-3.38062906186795	0.0001925018771604	No	No
O95477	ABCA1	-7.49857643621044	6.54787286876001e-27	No	No
O95484	CLDN9	-11.5927313075567	9.451365084037989e-34	No	No
O95502	NPTXR	-6.305357872997	8.758438149954349e-12	No	No
O95528	SLC2A10	-8.59822933259887	2.17405678078506e-23	No	No
O95563	MPC2	-3.96554945341009	2.39640441560435e-18	No	No
O95602	POLR1A	-2.6741493468981	7.42446388633661e-06	No	No
O95622	ADCY5	-4.30033145997798	4.45001838965545e-16	No	No
O95639	CPSF4	-3.99049747553438	0.0003992299913218	No	No
O95670	ATP6V1G2	-5.02356957066789	7.658812274875291e-09	No	No
O95671	ASMTL	-3.39412651950974	3.70028631933815e-10	No	No
O95674	CDS2	-4.11224642407297	7.70996864869801e-08	No	No
O95772	STARD3NL	-3.11240943702607	3.16756072771885e-14	No	No
O95785	WIZ	-4.81708840497047	1.05003225013207e-05	No	No
O95786	RIGI	-2.6565795065457	3.49910265623838e-14	No	No
O95810	CAVIN2	-3.91739057506831	1.08075350814143e-07	No	No
O95822	MLYCD	-3.45081493434652	1.79707945071718e-07	No	No
O95831	AIFM1	-5.36902666225628	2.48378070797253e-14	No	No
O95848	NUDT14	-4.51464064730448	4.8831997349942304e-09	No	No
O95881	TXNDC12	-3.03779155197164	2.35368250072341e-05	No	No
O95967	EFEMP2	-4.98425513391816	7.12989885618346e-12	No	No
O95983	MBD3	-3.29279616283147	8.67822214432192e-05	No	No
O95994	AGR2	-3.03222123637356	1.06444501369064e-08	No	No
O96005	CLPTM1	-2.88494693166231	1.07801945271513e-08	No	No
O96011	PEX11B	-5.54569191267165	4.54370931020868e-19	No	No
O96014	WNT11	-2.6418630286846	8.94413227538005e-12	No	No
O96017	CHEK2	-4.16209058859551	6.948248849944729e-11	No	No
P00367	GLUD1	-5.49743347921248	5.4123032990279e-13	No	No
P00750	PLAT	-4.59145324984771	4.7364440762077804e-14	No	No
P00846	MT-ATP6	-3.39914134874271	2.8576982906829797e-12	No	No
P00966	ASS1	-4.60757882768805	4.871078349669509e-11	No	No
P00973	OAS1	-8.12091231730443	6.48096797981405e-13	No	No
P01023	A2M	-9.10833907204144	1.71272841152356e-19	No	No
P01236	PRL	-4.49818612434087	2.7360500066409297e-22	No	No
P02452	COL1A1	-5.57091595121342	6.05803551655798e-16	No	No
P02654	APOC1	-13.4783821098672	9.66297467868195e-28	No	No
P02686	MBP	-4.85077952167093	2.13681230032098e-14	No	No
P03950	ANG	-6.08856941985604	3.2014380577039e-21	No	No
P04062	GBA1	-4.03289465959676	4.55029329700788e-13	No	No
P04179	SOD2	-3.10771925656633	2.13307703845271e-12	No	No
P04216	THY1	-8.73318164368043	3.99595370821508e-23	No	No
P04271	S100B	-6.43038811894894	1.48920872583978e-22	No	No
P04637	TP53	-9.30523871443431	2.01743303104946e-26	No	No
P05121	SERPINE1	-2.8277040636271	0.0001650728491565	No	No
P05165	PCCA	-5.95709121042301	3.39151893973442e-16	No	No
P05362	ICAM1	-3.3861932717769	1.85672728982281e-16	No	No
P05408	SCG5	-9.66475029069316	4.12428064256391e-27	No	No
P05413	FABP3	-3.1550760166204	4.40521594433004e-10	No	No
P05771	PRKCB	-6.75199438150309	3.66669430937345e-33	No	No
P06280	GLA	-3.31022662801124	3.3982725269804603e-09	No	No
P06576	ATP5F1B	-3.12700960915641	3.44559110681399e-12	No	No
P06858	LPL	-5.01212116334491	2.5540998098036504e-15	No	No
P06865	HEXA	-2.78601482971054	2.6963761073811602e-09	No	No
P07099	EPHX1	-4.57131901294202	1.68418087707021e-21	No	No
P07203	GPX1	-4.02431260803544	1.50892500888208e-17	No	No
P07204	THBD	-8.42715483795605	3.40392878466331e-26	No	No
P07237	P4HB	-3.4203767138165	4.1220736383080406e-15	No	No
P07339	CTSD	-3.19345893097858	1.40311294229817e-10	No	No
P07585	DCN	-2.64563351869227	1.18928165551209e-12	No	No
P07711	CTSL	-2.576017402824	3.24387909248303e-06	No	No
P07996	THBS1	-2.73011243999502	5.61929490602872e-10	No	No
P08123	COL1A2	-5.0979072573904	3.5649441645804e-13	No	No
P08133	ANXA6	-2.70132999505284	4.9258360411401804e-20	No	No
P08240	SRPRA	-2.92278955083455	1.05600067261905e-13	No	No
P08574	CYC1	-2.69835351781585	6.34873013038954e-10	No	No
P08603	CFH	-5.14955919458524	3.39825477681724e-16	No	No
P08670	VIM	-2.79169055530045	3.86344134649472e-16	No	No
P09038	FGF2	-2.72600986206792	2.8720555427757697e-12	No	No
P09488	GSTM1	-9.26146797806332	7.53913598750013e-32	No	No
P09619	PDGFRB	-4.24131948490296	1.1267488222109399e-18	No	No
P09758	TACSTD2	-9.26562943744814	5.424977906381681e-25	No	No
P09884	POLA1	-3.39539800651809	7.27722311169194e-06	No	No
P09914	IFIT1	-2.60743084745309	1.34360492137248e-08	No	No
P09936	UCHL1	-13.5666786144651	4.6440288929865504e-24	No	No
P0C7U0	ELFN1	-3.53626181630252	3.47622508580345e-06	No	No
P0C870	JMJD7	-3.47170385622973	0.0007894969033725	No	No
P0DJD0;P0DJD1	RGPD1;RGPD2	-3.93215982654693	5.92648203171181e-08	No	No
P0DKX4	SMIM18	-4.93658663515007	2.33621108084579e-20	No	No
P0DP58	LYNX1	-4.46937550058012	5.6447517130816396e-18	No	No
P0DPD8	EEF1AKMT4-ECE2	-8.31717371284127	1.85674542452353e-23	No	No
P0DPI2	GATD3	-3.7006657950726	7.16844766701427e-10	No	No
P10109	FDX1	-4.770232068306	1.23713827589773e-18	No	No
P10124	SRGN	-3.33053705848316	4.8113535604728504e-09	No	No
P10253	GAA	-5.80317104109019	7.92954455154313e-13	No	No
P10721	KIT	-8.56669274196026	1.7357603499155402e-14	No	No
P10809	HSPD1	-3.06745071803951	1.80407101233219e-14	No	No
P11021	HSPA5	-3.148877771412	3.97216931152507e-16	No	No
P11217	PYGM	-4.40276387374984	1.42620854047264e-18	No	No
P11277	SPTB	-4.16664288476465	2.2666789812586e-09	No	No
P11310	ACADM	-2.84170921985979	9.140390129035301e-10	No	No
P11362	FGFR1	-2.98944924477155	2.04480060424443e-15	No	No
P11498	PC	-3.39694218988834	0.0003526446586669	No	No
P11801	PSKH1	-3.41673867922272	7.23389273977753e-05	No	No
P12036	NEFH	-2.80336541522743	7.37689156366867e-12	No	No
P12107	COL11A1	-7.32707420121898	8.22009700812272e-20	No	No
P12235	SLC25A4	-4.17509664854106	2.38162729010287e-23	No	No
P12270	TPR	-4.59450198857767	1.2618759427732e-08	No	No
P12821	ACE	-5.14152503415315	0.0001476517613094	No	No
P12830	CDH1	-6.19134320880776	2.46137103677751e-17	No	No
P13051	UNG	-6.07432280782007	8.74770245996924e-07	No	No
P13284	IFI30	-3.62956354324173	1.3320353644418899e-11	No	No
P13497	BMP1	-3.24500307692474	3.67359994575825e-07	No	No
P13498	CYBA	-3.23890268356211	0.0002548246691714	No	No
P13667	PDIA4	-2.71579206031732	1.7279630843968998e-13	No	No
P13686	ACP5	-5.39044504948291	2.05849842035135e-13	No	No
P13688	CEACAM1	-10.4465112410082	4.0877010242033697e-26	No	No
P13804	ETFA	-5.84591647252291	1.10730576600329e-19	No	No
P13995	MTHFD2	-3.67915605655256	0.0001554653347048	No	No
P14384	CPM	-5.00799379397865	3.13874340641794e-12	No	No
P14679	TYR	-12.4780276741398	1.44979313694232e-29	No	No
P15260	IFNGR1	-3.23939006608056	1.99981179554123e-22	No	No
P15289	ARSA	-6.37270482755202	3.98174158838272e-15	No	No
P16112	ACAN	-5.22614246730347	1.3313526541771e-16	No	No
P16219	ACADS	-7.03457293065019	4.97857512655267e-10	No	No
P16234	PDGFRA	-5.49818895277349	2.1169319106793504e-15	No	No
P16278	GLB1	-2.61308990402412	2.10210632677111e-10	No	No
P16435	POR	-5.36601840250036	1.29345306145705e-17	No	No
P16519	PCSK2	-9.57178013713708	2.4015429330837802e-31	No	No
P16615	ATP2A2	-3.49055445611629	3.94029276659481e-15	No	No
P17028	ZNF24	-6.99600602876642	4.3833544582167696e-18	No	No
P17050	NAGA	-3.49552698653453	3.09165249280539e-06	No	No
P17643	TYRP1	-11.3962078129487	1.81560515426186e-16	No	No
P17661	DES	-3.06858256643456	4.65152760649264e-14	No	No
P17706	PTPN2	-3.64811363428397	9.54245476805399e-13	No	No
P17931	LGALS3	-5.78423622815238	1.32663228132449e-23	No	No
P18583	SON	-3.61179494275065	1.732328921639e-07	No	No
P18859	ATP5PF	-6.80323343323397	8.288386271984e-12	No	No
P19021	PAM	-3.02502747300887	3.81914877837125e-10	No	No
P19367	HK1	-4.46578748349259	7.90093429509699e-19	No	No
P19404	NDUFV2	-2.80791264401285	3.10382480437173e-07	No	No
P19634	SLC9A1	-2.96319309453349	1.16559004267302e-17	No	No
P19823	ITIH2	-2.66534535124141	2.16848587866572e-06	No	No
P19971	TYMP	-2.64206317107766	6.77246107293317e-05	No	No
P20333	TNFRSF1B	-3.20846236566823	3.63905588489437e-08	No	No
P20337	RAB3B	-6.09902104944276	3.40979452764307e-18	No	No
P20366	TAC1	-3.10093874224888	1.1554994101935e-06	No	No
P20585	MSH3	-4.00188924593834	3.4482090163278594e-11	No	No
P20591	MX1	-9.74994634756411	1.8063584313110502e-23	No	No
P20592	MX2	-4.90943974323855	1.2186474228860899e-18	No	No
P20674	COX5A	-2.93129247812757	7.27289377853123e-05	No	No
P20810	CAST	-3.05638161713762	6.66310012212949e-12	No	No
P21127	CDK11B	-3.36056379487987	8.24326268026687e-07	No	No
P21266	GSTM3	-3.83835437887189	1.04233893252142e-23	No	No
P21554	CNR1	-7.04863456002539	6.52392215033218e-08	No	No
P21580	TNFAIP3	-2.84227704746126	7.59808529849381e-12	No	No
P21810	BGN	-7.46223225297363	7.361577712616441e-25	No	No
P21860	ERBB3	-7.12696962290265	3.79903781697439e-24	No	No
P21912	SDHB	-5.52326789056976	8.95017027211928e-16	No	No
P21964	COMT	-2.72224845463779	5.78596182170474e-07	No	No
P22033	MMUT	-10.7293000659218	5.90989018492001e-17	No	No
P22223	CDH3	-6.40480285832332	6.50959542845111e-12	No	No
P22570	FDXR	-4.42574998980314	5.686185863674621e-10	No	No
P22670	RFX1	-4.82690250485375	4.77114907714539e-10	No	No
P22692	IGFBP4	-4.2964230294046	9.25905517833276e-13	No	No
P22695	UQCRC2	-4.20890785708706	1.6384208721479598e-11	No	No
P22830	FECH	-7.96708375909457	5.45270210846446e-12	No	No
P23141	CES1	-2.87166568316194	7.7530825455183e-07	No	No
P23368	ME2	-5.68074059316241	8.040191954875981e-19	No	No
P23378	GLDC	-2.88868123312353	2.02432665347208e-05	No	No
P23381	WARS1	-3.21738892135906	4.59970901184522e-28	No	No
P23471	PTPRZ1	-4.26820684538424	2.49852878022732e-10	No	No
P23786	CPT2	-3.51497917617336	2.24760962213838e-07	No	No
P24394	IL4R	-2.81805272950533	3.64671364119906e-05	No	No
P24530	EDNRB	-5.13983577775324	1.35484638324287e-27	No	No
P24539	ATP5PB	-4.02430950367564	1.40404521144613e-08	No	No
P24593	IGFBP5	-6.14572156453605	2.1161275271836303e-25	No	No
P24723	PRKCH	-5.79342587223449	1.45850920998396e-10	No	No
P24752	ACAT1	-3.66301932474551	1.79395951988782e-10	No	No
P25021	HRH2	-5.14051135680011	1.4588886098144601e-21	No	No
P25189	MPZ	-10.418433193847	6.937468144390371e-21	No	No
P25391	LAMA1	-7.74239630795759	1.63192460598369e-17	No	No
P25490	YY1	-2.78977212815397	4.93989430302626e-08	No	No
P25705	ATP5F1A	-2.80466808642576	6.337122182333979e-11	No	No
P25942	CD40	-5.58806522385613	4.98745682037349e-18	No	No
P26022	PTX3	-5.59319278916242	6.17866469381651e-10	No	No
P26045	PTPN3	-5.57170923760599	6.38355093332591e-27	No	No
P26378	ELAVL4	-3.3129948658489	1.9181224060381197e-11	No	No
P26440	IVD	-3.259985506467	2.16521809745313e-08	No	No
P26447	S100A4	-3.95555830284647	3.0240493921538595e-11	No	No
P26572	MGAT1	-3.55894889196284	1.36129352049002e-13	No	No
P27449	ATP6V0C	-2.88169387306779	3.2336925737902205e-09	No	No
P27487	DPP4	-6.75782529361877	1.90044203649595e-21	No	No
P27540	ARNT	-3.54334977434801	0.0001851304848516	No	No
P27544	CERS1	-4.04182951098003	1.8544091192486003e-21	No	No
P27658	COL8A1	-3.30641672933419	1.77823369075697e-08	No	No
P27816	MAP4	-3.08669356410191	4.8275497603996805e-15	No	No
P27824	CANX	-3.90860249174882	5.45975782156706e-17	No	No
P27987	ITPKB	-4.70358355840889	3.27745271632654e-17	No	No
P28161	GSTM2	-5.42473749262656	3.1195787001751303e-19	No	No
P28290	ITPRID2	-5.44352785500422	9.53054614781619e-07	No	No
P28300	LOX	-10.5581367207859	1.8072628828503398e-26	No	No
P28330	ACADL	-4.4629521752381	8.072241261566e-08	No	No
P28331	NDUFS1	-3.5719279540495	3.2999661476729797e-12	No	No
P28370	SMARCA1	-2.98849750616989	2.39442233043341e-11	No	No
P28472	GABRB3	-4.07787985694829	1.29849921025382e-07	No	No
P28799	GRN	-4.07950227417825	2.77856033129466e-10	No	No
P28838	LAP3	-2.73249927271631	2.91108217522397e-22	No	No
P29120	PCSK1	-4.23001494769826	4.67969228380014e-23	No	No
P29466	CASP1	-4.82445937940766	2.77702944316928e-21	No	No
P29536	LMOD1	-7.03169748492275	4.3890177665559e-27	No	No
P29728	OAS2	-9.21604867523845	1.4048343722702501e-14	No	No
P30038	ALDH4A1	-3.70206266190971	1.3290244550318201e-09	No	No
P30040	ERP29	-2.67758000855267	4.99150633093293e-15	No	No
P30101	PDIA3	-2.60744638650617	2.1391650784141798e-16	No	No
P30291	WEE1	-3.18015803374569	0.0093135878247226	No	No
P30405	PPIF	-3.39147281100327	4.67572917802391e-12	No	No
P30414	NKTR	-3.92334488982417	3.52843094773508e-06	No	No
P30519	HMOX2	-3.8018074048993	2.8219300220202202e-14	No	No
P30533	LRPAP1	-4.0423066035467	6.5356172870654704e-09	No	No
P30559	OXTR	-6.26631596558492	2.42670334250848e-18	No	No
P30837	ALDH1B1	-4.19459300610993	4.17288466836374e-07	No	No
P31040	SDHA	-5.20865507495383	1.53036800434857e-08	No	No
P31930	UQCRC1	-4.54085715794849	1.2180664774301599e-13	No	No
P31937	HIBADH	-2.81928549246202	7.340258963668009e-11	No	No
P32456	GBP2	-2.78099976133772	3.42198900931302e-05	No	No
P32780	GTF2H1	-4.08239017231228	4.47382296290608e-08	No	No
P32929	CTH	-2.60079245982276	5.57905342689669e-17	No	No
P33121	ACSL1	-4.29948977737805	6.359255690878351e-17	No	No
P33764	S100A3	-6.40415881167981	1.61106813079738e-18	No	No
P33897	ABCD1	-2.93944610164476	3.57084021778323e-06	No	No
P34059	GALNS	-4.13902910164743	1.83907108929485e-11	No	No
P34096	RNASE4	-4.29821941591294	2.9315970097513197e-12	No	No
P34897	SHMT2	-2.99160492623196	1.90471082215386e-08	No	No
P34998;Q13324	CRHR1;CRHR2	-3.14975683771726	8.8706967943515e-12	No	No
P35219	CA8	-5.12027723543534	5.89241145148897e-16	No	No
P35251	RFC1	-4.65194634436954	6.14538361113531e-05	No	No
P35269	GTF2F1	-2.57956746325975	0.001472739924174	No	No
P35475	IDUA	-3.48886384020513	1.13823548396224e-12	No	No
P35520	CBS	-3.44715725583382	3.65671672567566e-16	No	No
P35555	FBN1	-10.1111709062237	1.97143574838035e-26	No	No
P35556	FBN2	-3.32148337212853	7.85315548826328e-16	No	No
P35914	HMGCL	-8.52098176999872	1.51296436207824e-26	No	No
P36269	GGT5	-3.10144880281332	1.79062235137265e-06	No	No
P36542	ATP5F1C	-5.75704733201801	2.69915692428763e-06	No	No
P36551	CPOX	-3.96516983637692	1.1832614054824902e-15	No	No
P36776	LONP1	-6.35762985098282	8.352456759626341e-19	No	No
P36952	SERPINB5	-3.32673910527516	8.84436427324442e-05	No	No
P36956	SREBF1	-3.0836561952299	0.0001743729007861	No	No
P36959	GMPR	-4.41465176141119	9.0864935534147e-24	No	No
P38117	ETFB	-4.39464507871886	6.14011866892267e-22	No	No
P38571	LIPA	-3.92591746324689	1.52966723469596e-14	No	No
P38646	HSPA9	-3.41249921111184	6.1013302306357e-17	No	No
P39059	COL15A1	-6.65411117867791	7.7382467952832e-09	No	No
P39656	DDOST	-4.19778784711494	8.36016473252854e-14	No	No
P39880	CUX1	-3.25966594812249	1.03468616281635e-05	No	No
P40121	CAPG	-7.15071390011177	2.03910848502232e-12	No	No
P40126	DCT	-6.13346790584995	1.57851704781943e-15	No	No
P40926	MDH2	-3.36153548710409	6.95439670258025e-10	No	No
P40939	HADHA	-5.61112682184394	1.76025991880898e-18	No	No
P40967	PMEL	-10.1120479244565	1.05457957362851e-17	No	No
P41226	UBA7	-3.69163439178113	1.57440668129768e-16	No	No
P41595	HTR2B	-8.8044451767512	4.17989472607411e-27	No	No
P42224	STAT1	-2.58015521282647	8.978402518211601e-21	No	No
P42696	RBM34	-3.52655997558751	6.57315790506561e-08	No	No
P42704	LRPPRC	-3.46852789711891	2.06047114076597e-10	No	No
P42765	ACAA2	-5.42978797013358	2.6217032590113896e-11	No	No
P42785	PRCP	-2.73024177236875	1.90890803499244e-08	No	No
P42857	NSG1	-12.7758881357008	1.7724464100489898e-40	No	No
P42858	HTT	-2.76541844493323	1.41539366061859e-13	No	No
P43005	SLC1A1	-6.06960969835287	1.39279762274103e-23	No	No
P43007	SLC1A4	-5.12022884194661	3.82684095756341e-31	No	No
P43155	CRAT	-11.4287448811752	9.42466957245081e-24	No	No
P43234	CTSO	-4.17928514844698	5.77080732556901e-13	No	No
P43235	CTSK	-5.27935031525547	3.56595551037858e-12	No	No
P43243	MATR3	-2.7719473934385	2.67586256602321e-09	No	No
P43246	MSH2	-3.46678854295248	1.15807074171886e-12	No	No
P43304	GPD2	-4.28326301289407	2.26145103441478e-17	No	No
P43657	LPAR6	-5.22585199476488	6.75534900115662e-19	No	No
P43897	TSFM	-2.92676294905159	2.06473768384982e-05	No	No
P45381	ASPA	-9.3439275330097	3.08381365489956e-28	No	No
P45954	ACADSB	-7.3470741431408	3.6373969632540297e-12	No	No
P46100	ATRX	-5.40461122040678	8.4992903398985e-09	No	No
P46977	STT3A	-4.93535179697288	1.38990049810121e-08	No	No
P47712	PLA2G4A	-2.70362073659859	1.2221334615654499e-18	No	No
P47736	RAP1GAP	-3.1450058590336	5.34599541111801e-05	No	No
P47972	NPTX2	-6.68166505478642	1.74827358562176e-10	No	No
P48047	ATP5PO	-3.43961053495794	9.490357264362129e-12	No	No
P48051	KCNJ6	-2.76024510874098	2.5498300142727904e-15	No	No
P48163	ME1	-3.21586473106171	4.77965996024669e-17	No	No
P48382	RFX5	-3.48371529634301	0.0008833312255742	No	No
P48449	LSS	-3.1694445056042	8.50768991928454e-21	No	No
P48549	KCNJ3	-2.98245360659024	0.000207084270433	No	No
P48735	IDH2	-4.73690584113844	8.14288882854324e-13	No	No
P48745	CCN3	-8.30972311559983	7.11339115234748e-11	No	No
P49069	CAMLG	-8.17554243453963	2.82390193252544e-20	No	No
P49257	LMAN1	-3.57431561534742	1.6675878725949e-17	No	No
P49406	MRPL19	-3.99414811849093	2.72430516237957e-07	No	No
P49407	ARRB1	-2.5835515228127	3.7844916986375005e-15	No	No
P49454	CENPF	-4.99529496576405	6.420470424474061e-09	No	No
P49641	MAN2A2	-2.81962083595416	7.13249316888343e-06	No	No
P49746	THBS3	-3.91862125827724	6.2838293614709e-08	No	No
P49756	RBM25	-2.65539056210484	1.25666902533569e-07	No	No
P49767	VEGFC	-5.71253134263779	4.43519987471052e-19	No	No
P49788	RARRES1	-6.45210457323914	4.12918445815616e-25	No	No
P49790	NUP153	-4.59910248347751	2.75682251504701e-07	No	No
P49792	RANBP2	-3.86569843173289	1.51102850052876e-11	No	No
P49821	NDUFV1	-5.90378791751299	7.67975362564128e-12	No	No
P49916	LIG3	-3.39861458592487	7.34951286361078e-07	No	No
P50213	IDH3A	-4.77086659895487	1.14757177716606e-15	No	No
P50402	EMD	-2.61022701572969	0.0002871766022777	No	No
P50607	TUB	-4.25743298818404	1.13942881994519e-15	No	No
P50851	LRBA	-3.31458031579941	1.68147835677026e-16	No	No
P51178	PLCD1	-2.76829374131128	4.76083010610328e-14	No	No
P51531	SMARCA2	-2.83988571915861	5.405044844083551e-09	No	No
P51606	RENBP	-3.77872628079942	2.02580113244352e-13	No	No
P51608	MECP2	-4.11979011159508	3.14819352111746e-05	No	No
P51610	HCFC1	-3.28093060455749	1.90125151659335e-16	No	No
P51648	ALDH3A2	-2.86789075729477	6.128964445196889e-11	No	No
P51649	ALDH5A1	-11.6238222390816	2.57053101386103e-31	No	No
P51687	SUOX	-6.39675979782636	1.1389799469882801e-14	No	No
P51693	APLP1	-5.18317449482855	1.5289429717302398e-18	No	No
P51798	CLCN7	-4.15252381719714	1.7321543275625902e-15	No	No
P51810	GPR143	-9.08694935152916	1.13670863033431e-21	No	No
P51888	PRELP	-8.99112911918612	2.7839702799261304e-15	No	No
P51956	NEK3	-5.99944151969546	1.42359172179116e-10	No	No
P52272	HNRNPM	-2.67473165199342	1.30580702739107e-12	No	No
P52429	DGKE	-4.16378074287628	1.15376453536475e-06	No	No
P52815	MRPL12	-2.90253320175553	4.52067220953354e-07	No	No
P52824	DGKQ	-3.09389390015103	1.63990545713716e-07	No	No
P53007	SLC25A1	-3.2132577366687	1.92084356557421e-07	No	No
P53355	DAPK1	-4.25726461324683	5.8427679671305e-14	No	No
P53597	SUCLG1	-2.70246356928902	1.64158717256738e-08	No	No
P53779	MAPK10	-8.05803475108338	2.00231787679213e-21	No	No
P54098	POLG	-6.34416627624555	6.23237551460991e-07	No	No
P54198	HIRA	-2.90395793502442	7.21856574267636e-05	No	No
P54802	NAGLU	-7.05016960863223	9.37650033344581e-16	No	No
P54803	GALC	-10.106565435748	1.52229788716268e-24	No	No
P54819	AK2	-3.99103256175757	3.26971178184862e-13	No	No
P54886	ALDH18A1	-5.86474609984701	2.46832325784202e-16	No	No
P55001	MFAP2	-3.40728651476661	1.16123409696949e-16	No	No
P55061	TMBIM6	-3.45766649066712	9.36000718622039e-10	No	No
P55084	HADHB	-4.586556432844	1.96025456334746e-11	No	No
P55268	LAMB2	-4.76260443769095	2.31481521377525e-08	No	No
P55291	CDH15	-3.49634863342212	3.41741783800473e-07	No	No
P55774	CCL18	-2.89991353739504	6.51606141436767e-16	No	No
P55786	NPEPPS	-2.60338667325458	6.2520975440036794e-18	No	No
P55809	OXCT1	-7.55601353816099	6.765879870424921e-20	No	No
P55899	FCGRT	-7.11484521348508	1.32911699287371e-26	No	No
P56277	CMC4	-7.57587424782966	1.55076313669957e-10	No	No
P56385	ATP5ME	-4.50839129603462	1.22046473063962e-12	No	No
P56556	NDUFA6	-2.66731434845748	4.75564470013121e-13	No	No
P56730	PRSS12	-3.66188815233737	0.0025474071602762	No	No
P56937	HSD17B7	-2.57960939908856	7.553368387031361e-09	No	No
P56962	STX17	-2.99091201841731	4.59792019962024e-08	No	No
P56975	NRG3	-6.88207324500661	1.26846216625703e-25	No	No
P57768	SNX16	-4.61271838275087	5.2869778901792205e-09	No	No
P58004	SESN2	-2.9288099177997	0.0096790282250352	No	No
P58166	INHBE	-5.64150902561477	9.13003247162525e-22	No	No
P58397	ADAMTS12	-10.2309308916001	1.69318446998102e-20	No	No
P60484	PTEN	-4.81452289192975	1.79571227809821e-11	No	No
P61916	NPC2	-2.86202634923909	2.77670703485903e-10	No	No
P63302	SELENOW	-4.59448953316703	9.45095089281976e-28	No	No
P78316	NOP14	-7.36048104955417	0.0012477631828555	No	No
P78347	GTF2I	-3.85217184839222	5.34249355689359e-13	No	No
P78357	CNTNAP1	-4.31367172220648	1.14226979625461e-07	No	No
P78539	SRPX	-3.17818542198111	8.05428838861432e-09	No	No
P78559	MAP1A	-9.63129157440859	1.50551546198907e-20	No	No
P80303	NUCB2	-4.5945540227326	1.500440448259e-20	No	No
P80404	ABAT	-12.647253295981	2.0780958187432197e-30	No	No
P82094	TMF1	-3.78205303222941	0.0001726607494984	No	No
P82673	MRPS35	-6.14235828352188	3.11049977078223e-16	No	No
P82912	MRPS11	-4.28819827327111	2.37048446285413e-07	No	No
P83110	HTRA3	-4.4982678946787	3.50888275936774e-12	No	No
P83111	LACTB	-4.24861892493419	6.0469359639488e-11	No	No
P85037	FOXK1	-2.94123892383909	5.80940474648768e-09	No	No
P85299	PRR5	-9.07337637626189	1.7709311797796001e-15	No	No
P98066	TNFAIP6	-5.76341486153453	1.0044102774429e-09	No	No
P98095	FBLN2	-3.2568053272927	2.57237183820734e-08	No	No
P99999	CYCS	-2.92649932822508	4.1060076282329e-14	No	No
Q00722	PLCB2	-3.55730024733758	0.0014579679157627	No	No
Q00839	HNRNPU	-2.92952651968542	1.49723953629309e-13	No	No
Q00978	IRF9	-3.86885861592402	2.01552460723015e-12	No	No
Q01082	SPTBN1	-4.65946842251631	6.49925801019223e-24	No	No
Q01167	FOXK2	-4.11426099954138	1.50731590464924e-08	No	No
Q01432	AMPD3	-5.886152453656	2.24240476690648e-06	No	No
Q01484	ANK2	-2.74810447003266	1.21682415883405e-14	No	No
Q01726	MC1R	-6.82947778096664	4.23067058770999e-25	No	No
Q01780	EXOSC10	-2.62166013213829	1.73547751629653e-11	No	No
Q02218	OGDH	-5.72429217102792	4.71067255087219e-13	No	No
Q02252	ALDH6A1	-9.66714714907763	5.92565177587631e-21	No	No
Q02318	CYP27A1	-5.56102742369015	4.0452647795952195e-18	No	No
Q02338	BDH1	-2.67398850142762	3.1794616524371804e-09	No	No
Q02809	PLOD1	-3.30409387603927	6.111751418913e-11	No	No
Q02978	SLC25A11	-3.69469964762805	1.79406012002476e-14	No	No
Q03013	GSTM4	-3.81666561784874	1.44060450989466e-17	No	No
Q03111	MLLT1	-6.82601894024715	2.66622440981653e-08	No	No
Q03167	TGFBR3	-3.69659411146935	6.83369709555645e-11	No	No
Q03701	CEBPZ	-4.37360657780114	0.0017339240186406	No	No
Q04671	OCA2	-8.52584681869688	1.01663586025623e-24	No	No
Q04727	TLE4	-3.87804412087109	7.567892794909541e-15	No	No
Q04912	MST1R	-5.16925739959038	0.0033693542222562	No	No
Q05084	ICA1	-2.73558137056904	3.46592978941762e-08	No	No
Q05469	LIPE	-4.22656400580339	1.18741889658622e-13	No	No
Q05513	PRKCZ	-2.58861224410212	1.1030559429996099e-12	No	No
Q05707	COL14A1	-6.39435426344054	7.18577515507738e-22	No	No
Q05823	RNASEL	-4.30290162362792	2.3798760646894997e-12	No	No
Q06587	RING1	-3.12790572774791	1.69822994555255e-07	No	No
Q08211	DHX9	-2.92147824253312	2.03794024484408e-15	No	No
Q08380	LGALS3BP	-2.90372286289186	1.24409969989386e-11	No	No
Q08397	LOXL1	-5.85538815054287	1.35681905734939e-10	No	No
Q08462	ADCY2	-7.05365898445811	1.2344370027897e-14	No	No
Q08499	PDE4D	-4.68114541108011	3.0290676296425596e-11	No	No
Q09472	EP300	-3.50423752540394	2.8971131467127e-08	No	No
Q0P6D2	DIPK1C	-3.13547057743583	1.6188252223791e-09	No	No
Q10589	BST2	-8.38563781832791	3.2257977831325304e-15	No	No
Q10713	PMPCA	-4.39085479242847	4.73376552161481e-09	No	No
Q11206	ST3GAL4	-3.07755669305597	4.82061996187326e-08	No	No
Q12756	KIF1A	-3.28831962627389	1.0962364810282901e-17	No	No
Q12789	GTF3C1	-3.92920631414423	0.0001183975375362	No	No
Q12816	TRO	-3.15409145071465	0.0004591048020688	No	No
Q12840	KIF5A	-3.49108988983149	0.0006617561259168	No	No
Q12857	NFIA	-4.9251824019389	2.48492247714314e-23	No	No
Q12866	MERTK	-3.59271981001406	3.0343664381546204e-09	No	No
Q12884	FAP	-2.89660181272059	4.95386248358222e-17	No	No
Q12888	TP53BP1	-3.9732795128252	2.01840035541898e-12	No	No
Q12923	PTPN13	-3.36627133461367	7.9671471823571e-15	No	No
Q12972	PPP1R8	-3.47146673777057	1.61257556526967e-07	No	No
Q12981	BNIP1	-5.11855952812928	2.49741850050832e-12	No	No
Q13002	GRIK2	-3.19117011568609	5.29223016000697e-06	No	No
Q13003	GRIK3	-3.16673871241352	4.73053336175148e-05	No	No
Q13011	ECH1	-3.75629603801516	1.39582086573956e-13	No	No
Q13099	IFT88	-5.15639000959702	9.94982148850314e-12	No	No
Q13145	BAMBI	-3.95012066428068	6.83142582969369e-05	No	No
Q13217	DNAJC3	-5.48977473365183	9.039721557407141e-17	No	No
Q13227	GPS2	-2.94082590833047	0.0008648068322643	No	No
Q13228	SELENBP1	-4.25693450587484	2.57808066345962e-17	No	No
Q13237	PRKG2	-6.41626034657485	2.05730044282401e-06	No	No
Q13303	KCNAB2	-6.18326062754414	1.44109735686838e-20	No	No
Q13315	ATM	-5.37771288570695	1.15976726628414e-10	No	No
Q13330	MTA1	-3.95793564487138	7.046081867671329e-13	No	No
Q13363	CTBP1	-3.38783844187568	9.84158720561285e-17	No	No
Q13409	DYNC1I2	-3.65098420993496	4.5880086827812005e-15	No	No
Q13424	SNTA1	-4.38310110310985	3.98877351334287e-13	No	No
Q13428	TCOF1	-3.69360965465067	1.86164075271939e-10	No	No
Q13439	GOLGA4	-4.04929489532785	8.77806871883739e-09	No	No
Q13445	TMED1	-3.30897759168171	2.84321370465604e-16	No	No
Q13469	NFATC2	-3.0163434747537	1.10221289213119e-09	No	No
Q13472	TOP3A	-2.66085130085107	0.001620168850445	No	No
Q13510	ASAH1	-4.65356902376676	6.34938002930295e-17	No	No
Q13523	PRP4K	-4.84510465285604	3.94886408226415e-20	No	No
Q13535	ATR	-4.25479805058524	0.0005608869021433	No	No
Q13554	CAMK2B	-4.80103780953151	1.46840810208913e-17	No	No
Q13563	PKD2	-8.60068774821782	5.689720187463649e-11	No	No
Q13591	SEMA5A	-6.75372387111777	1.97844682144075e-20	No	No
Q13615	MTMR3	-2.76921880778794	0.0003545342495673	No	No
Q13620	CUL4B	-4.00876680116893	5.29774406662949e-20	No	No
Q13642	FHL1	-2.89436509961887	3.08615074091688e-15	No	No
Q13683	ITGA7	-4.38757397173334	4.2501163290890704e-21	No	No
Q13813	SPTAN1	-4.58436993561556	1.08585864617996e-23	No	No
Q13822	ENPP2	-4.42614247974229	1.3441086303723499e-12	No	No
Q13825	AUH	-7.51147356417268	2.2088233340627397e-22	No	No
Q13936	CACNA1C	-3.89274710298937	1.1192937364672602e-09	No	No
Q14004	CDK13	-3.08885460647165	0.0016459120454037	No	No
Q14005	IL16	-4.11562781059708	1.46552822767228e-10	No	No
Q14088	RAB33A	-4.77752765058034	4.1431666629864203e-19	No	No
Q14108	SCARB2	-3.31813716992525	6.24151659753931e-19	No	No
Q14141	SEPTIN6	-2.69581902382708	2.58190785020901e-19	No	No
Q14146	URB2	-2.69138510985713	0.0034332914728489	No	No
Q14149	MORC3	-3.15974707800879	0.001029518028201	No	No
Q14194	CRMP1	-4.90680561217184	5.80092345997929e-22	No	No
Q14195	DPYSL3	-3.60990340616638	1.25009222929434e-18	No	No
Q14202	ZMYM3	-3.98085999411937	1.63916166499648e-06	No	No
Q14318	FKBP8	-2.63066948112463	2.4710683336141702e-15	No	No
Q14524	SCN5A	-6.72516707880071	2.3734896263060596e-11	No	No
Q14542	SLC29A2	-4.88914463321082	2.46337259094539e-16	No	No
Q14562	DHX8	-4.35728848736898	1.33094090247071e-12	No	No
Q14573	ITPR3	-6.36676076645726	1.78630632248461e-08	No	No
Q14643	ITPR1	-4.39485967877659	3.13740997616694e-17	No	No
Q14676	MDC1	-6.11676420155176	4.06096753648564e-22	No	No
Q14684	RRP1B	-5.92844389345701	5.51385190629341e-07	No	No
Q14690	PDCD11	-3.50327695554842	0.0003847319643456	No	No
Q14696	MESD	-4.00681616232916	1.62664980240522e-11	No	No
Q14714	SSPN	-8.5299862923203	3.48681197266031e-25	No	No
Q14802	FXYD3	-4.63599828553848	1.3532554226586498e-18	No	No
Q14839	CHD4	-4.02827212884744	2.00383729304141e-13	No	No
Q14894	CRYM	-6.21667711289895	3.5415057605171497e-16	No	No
Q14934	NFATC4	-7.1086781049101	3.52240431731823e-22	No	No
Q14956	GPNMB	-6.66737594255204	8.77279294642899e-27	No	No
Q14966	ZNF638	-3.72920331895931	0.0001719300802775	No	No
Q14BN4	SLMAP	-5.01742691347226	3.40245204662599e-06	No	No
Q15005	SPCS2	-3.84082378421149	3.35509516647155e-12	No	No
Q15007	WTAP	-3.95788948876255	4.53724225381708e-10	No	No
Q15020	SART3	-6.25623333999417	2.53445267556832e-15	No	No
Q15031	LARS2	-5.78623072650534	3.70702372736643e-13	No	No
Q15047	SETDB1	-2.6577354075527	0.0004261261280406	No	No
Q15048	LRRC14	-5.50914755162209	0.0021791648353203	No	No
Q15111	PLCL1	-6.98514300923037	3.16550713916825e-10	No	No
Q15118	PDK1	-10.0437095146835	3.08767437941005e-27	No	No
Q15119	PDK2	-8.72677688329173	8.97714743542684e-29	No	No
Q15120	PDK3	-12.8385961088084	3.05272917994471e-34	No	No
Q15124	PGM5	-2.68935262013637	4.011260700082351e-09	No	No
Q15155	NOMO1	-3.43493601874587	4.94707769146012e-10	No	No
Q15166	PON3	-2.68526251337427	4.62075481114443e-08	No	No
Q15172	PPP2R5A	-2.70434922463907	7.027543381348439e-18	No	No
Q15198	PDGFRL	-6.66029522603721	4.0535683309873703e-25	No	No
Q15274	QPRT	-8.47156068875029	2.5963355631242304e-31	No	No
Q15291	RBBP5	-3.41274359222986	7.42404093923656e-07	No	No
Q15306	IRF4	-8.48706120678377	7.41624508075952e-33	No	No
Q15363	TMED2	-2.58870119369157	3.75214476229016e-14	No	No
Q15424	SAFB	-4.16220168897768	6.6967185465738e-18	No	No
Q15477	SKIC2	-2.70583825807877	2.00929100522831e-10	No	No
Q15542	TAF5	-4.2953017879264	4.132777747399639e-12	No	No
Q15596	NCOA2	-4.6139730356674	2.5191116783594203e-15	No	No
Q15629	TRAM1	-4.41291664508307	1.36781266903582e-09	No	No
Q15646	OASL	-4.15443662587536	7.73271362284468e-08	No	No
Q15648	MED1	-3.29074424304474	3.82041272825113e-09	No	No
Q15742	NAB2	-3.64979672100812	2.0621399780745e-11	No	No
Q15777	MPPED2	-5.75164042156567	4.3157509680010504e-14	No	No
Q15788	NCOA1	-7.93446267378421	7.718129678606151e-10	No	No
Q15800	MSMO1	-4.98415076773619	1.59474071530498e-24	No	No
Q15858	SCN9A	-3.75464092140713	0.0004517388363895	No	No
Q15884	ENTREP1	-4.37243191646596	2.02255395002716e-06	No	No
Q15904	ATP6AP1	-4.20967559350576	8.883897108339981e-14	No	No
Q16143	SNCB	-4.54662388922906	5.78627103500029e-13	No	No
Q16270	IGFBP7	-7.4615109661109	2.49039549221349e-22	No	No
Q16526	CRY1	-3.9164757923653	0.0015028680074991	No	No
Q16540	MRPL23	-3.75869580905384	4.2622595060033404e-15	No	No
Q16585	SGCB	-7.76975954541249	6.5355944615688e-25	No	No
Q16602	CALCRL	-3.02230357935971	3.70720472359223e-06	No	No
Q16655	MLANA	-15.7728777786858	2.5254080107866e-24	No	No
Q16678	CYP1B1	-4.18283031432582	8.11940993743016e-07	No	No
Q16698	DECR1	-3.61284450478181	1.17109495335211e-13	No	No
Q16740	CLPP	-5.99128376934116	1.1237543018836e-09	No	No
Q16762	TST	-5.870403154567	3.32502346824674e-12	No	No
Q16787	LAMA3	-3.33215377254477	2.10860869376492e-07	No	No
Q16795	NDUFA9	-5.13385798149037	3.46223599263002e-10	No	No
Q16798	ME3	-4.50958960595336	1.4840248560884198e-11	No	No
Q16799	RTN1	-5.96984670487484	1.82847692264921e-14	No	No
Q16822	PCK2	-6.34416130912608	2.24773504028396e-16	No	No
Q16827	PTPRO	-5.20240023721607	1.65335329740733e-13	No	No
Q16836	HADH	-4.77981423658026	9.097310166372671e-20	No	No
Q16842	ST3GAL2	-3.22436423454127	2.7931753549901803e-09	No	No
Q16850	CYP51A1	-3.50802240634087	2.9184599783394e-09	No	No
Q16854	DGUOK	-3.11122163649069	0.0002510262180969	No	No
Q16877	PFKFB4	-2.59825789261283	2.3820824464442703e-09	No	No
Q16890	TPD52L1	-3.8532863087096	2.92138363392676e-15	No	No
Q16891	IMMT	-5.02627585767613	5.0828079009068494e-11	No	No
Q1KMD3	HNRNPUL2	-3.72135708129171	4.70631551840884e-14	No	No
Q2M1P5	KIF7	-3.55906745856751	0.0053912156155383	No	No
Q2M3G4	SHROOM1	-6.7909898289316	1.25751198015143e-07	No	No
Q2PZI1	DPY19L1	-5.15688268151154	1.1806702090816201e-21	No	No
Q2TAA2	IAH1	-3.60259574579224	1.37681305076528e-08	No	No
Q2TAA5	ALG11	-4.32847531828421	6.96953838869258e-07	No	No
Q2TBE0	CWF19L2	-4.91079271288965	4.7421425677635503e-14	No	No
Q2VWP7	PRTG	-7.01385024590491	0.0005203355476006	No	No
Q32M88	PGGHG	-4.81481856251929	0.0019146310514149	No	No
Q32P41	TRMT5	-6.27913128580555	1.76403482371817e-05	No	No
Q3I5F7	ACOT6	-5.98695436001263	1.08772360483879e-24	No	No
Q3MII6	TBC1D25	-5.60094342231403	3.87588438981852e-06	No	No
Q3MIN7	RGL3	-2.92176604674198	0.0078009952885265	No	No
Q3SYG4	BBS9	-3.17512751461218	1.58414522118595e-06	No	No
Q3T906	GNPTAB	-3.01161284126889	0.0018382778543107	No	No
Q3V6T2	CCDC88A	-3.63776001232367	2.10355105397785e-10	No	No
Q3ZCQ8	TIMM50	-4.41218593785287	7.4240467957505e-09	No	No
Q495W5	FUT11	-2.85998719827945	7.89799470022473e-08	No	No
Q49A26	GLYR1	-2.70115803843053	9.7743775253421e-06	No	No
Q49B96	COX19	-4.75843512153352	7.05581573737796e-07	No	No
Q4G0N4	NADK2	-4.03581554771079	1.06093283533975e-10	No	No
Q4G0W2	DUSP28	-7.55131369859078	9.5741820684842e-27	No	No
Q4G176	ACSF3	-8.20492836121844	8.45965731409972e-12	No	No
Q4LE39	ARID4B	-4.38930338095433	2.60864008889131e-06	No	No
Q4V9L6	TMEM119	-6.09821587426242	4.02766907840617e-21	No	No
Q4ZHG4	FNDC1	-7.47266729745231	3.32972931489609e-16	No	No
Q52LD8	RFTN2	-3.00545891858996	2.5432437464998203e-09	No	No
Q53EL6	PDCD4	-2.61930718314025	9.62872587640936e-14	No	No
Q53G44	IFI44L	-7.98224957376446	2.32895989021526e-25	No	No
Q53GS9	USP39	-4.24936837970052	1.08930162064745e-14	No	No
Q53GT1	KLHL22	-4.87144253930477	7.21255001224238e-10	No	No
Q53HC0	CCDC92	-2.89635453544573	0.0014297206789396	No	No
Q53RD9	FBLN7	-2.94535147332168	8.42932088125597e-08	No	No
Q58DX5	NAALADL2	-3.75723092131017	6.76321775014934e-07	No	No
Q58WW2	DCAF6	-5.9600497591	1.15985699205438e-16	No	No
Q5BKY9	FAM133B	-3.84470236090924	2.44023562615079e-17	No	No
Q5BKZ1	ZNF326	-4.95899075509841	2.48737101654931e-15	No	No
Q5C9Z4	NOM1	-2.82166106625374	0.0066721656153011	No	No
Q5DX21	IGSF11	-6.76963439678933	4.34795143107607e-22	No	No
Q5EB52	MEST	-3.81158715332771	5.24501994296095e-13	No	No
Q5EBM0	CMPK2	-4.48571428066969	1.87093702255626e-13	No	No
Q5EG05	CARD16	-6.89693849606051	1.35618919916529e-29	No	No
Q5FWE3	PRRT3	-8.18947282840602	2.4885416441756602e-31	No	No
Q5FYB0	ARSJ	-3.96764101634901	1.47381178125567e-07	No	No
Q5FYB1	ARSI	-7.05481138381349	1.40495337047518e-21	No	No
Q5GFL6	VWA2	-7.35295580714993	4.1176888521740104e-25	No	No
Q5H8A4	PIGG	-4.31093974334046	7.02213413399969e-07	No	No
Q5H8C1	FREM1	-5.46542629832154	4.99729918644105e-12	No	No
Q5HYK3	COQ5	-3.68136490354133	1.67781494738114e-06	No	No
Q5IJ48	CRB2	-2.8947219774137	0.0097390532347761	No	No
Q5JRA6	MIA3	-5.07912218555207	2.92132965991526e-07	No	No
Q5JRX3	PITRM1	-5.23379629962201	2.8241752995392503e-19	No	No
Q5JTB6	PLAC9	-4.79342229418088	1.43890434217638e-20	No	No
Q5JTY5;Q5RIA9	ZNG1C;ZNG1E	-3.22473996131901	1.8674165264841e-11	No	No
Q5JTZ9	AARS2	-5.36924257444823	4.76222255788432e-06	No	No
Q5JU69	TOR2A	-3.77426505325392	4.52700783244244e-09	No	No
Q5JU85	IQSEC2	-4.69150663599392	5.89541225533009e-07	No	No
Q5JVS0	HABP4	-3.57895165386802	2.88868998589632e-12	No	No
Q5K4L6	SLC27A3	-6.8861784326081	1.0642310665429e-25	No	No
Q5KU26	COLEC12	-4.60293542459126	3.62267414496833e-14	No	No
Q5MIZ7	PPP4R3B	-4.00864074016987	5.16433370941616e-08	No	No
Q5MNZ9	WIPI1	-2.88723963104531	2.6317276788637897e-13	No	No
Q5SR56	MFSD14B	-2.82373255334067	7.45619657823919e-14	No	No
Q5SRI9	MANEA	-2.68507864497154	0.0008939323547851	No	No
Q5ST30	VARS2	-6.31813325054686	1.7678293664252499e-12	No	No
Q5T160	RARS2	-2.94626837077139	1.5148695951828e-10	No	No
Q5T1C6	THEM4	-3.31366424188012	5.31111256599664e-08	No	No
Q5T200	ZC3H13	-4.92832696982695	2.3585165685212303e-15	No	No
Q5T440	IBA57	-8.62167689436245	3.48624857605479e-20	No	No
Q5T5U3	ARHGAP21	-2.89857667470389	1.51018813975772e-11	No	No
Q5T6V5	QNG1	-10.0017435689072	5.3113120978186005e-36	No	No
Q5T7M9	DIPK1A	-3.30516079565711	1.53150516275637e-09	No	No
Q5T7W0	ZNF618	-3.83346225242811	5.31446674468988e-05	No	No
Q5T848	GPR158	-5.48550064623903	1.87613579227666e-10	No	No
Q5TBB1	RNASEH2B	-3.90958712954864	1.7316344610748e-06	No	No
Q5TC12	ATPAF1	-6.37786650482548	2.1087780599427497e-11	No	No
Q5TEJ8	THEMIS2	-5.58933306139893	2.8884035502023404e-15	No	No
Q5TEU4	NDUFAF5	-3.30164672486361	2.1348562930735299e-13	No	No
Q5TF21	MTCL3	-5.58383319969041	2.54440346814055e-10	No	No
Q5THJ4	VPS13D	-2.72402022433626	0.0007036881765792	No	No
Q5TIE3	VWA5B1	-5.53452667077	9.2775100127822e-05	No	No
Q5TKA1	LIN9	-6.43175924894045	4.75774945435957e-08	No	No
Q5TZA2	CROCC	-3.74886778121257	0.0071157531684543	No	No
Q5U5X0	LYRM7	-10.0416086693214	8.562693845249591e-15	No	No
Q5UAW9	GPR157	-3.04716334251022	3.3412783195279803e-10	No	No
Q5VT52	RPRD2	-3.88278035494166	1.12592552607718e-07	No	No
Q5VTL8	PRPF38B	-3.13799873230854	2.5742071262945503e-09	No	No
Q5VTR2	RNF20	-3.11322524457542	3.88958372494857e-06	No	No
Q5VU43	PDE4DIP	-3.61006485492678	2.59815226235043e-05	No	No
Q5VV43	KIAA0319	-5.6827781848436	3.86039413051152e-18	No	No
Q5VWP3	MLIP	-6.49565315047619	2.53817326156827e-23	No	No
Q629K1	TRIQK	-4.80545384352192	8.03401543227264e-08	No	No
Q63HM9	PLCXD3	-4.7606080881137	3.557498837484e-12	No	No
Q63HN8	RNF213	-3.85163839355284	3.95425385517927e-23	No	No
Q641Q2	WASHC2A	-2.79072001879853	2.56767448083714e-05	No	No
Q641Q3	METRNL	-4.0429145349164	0.0002790254957081	No	No
Q66K79	CPZ	-7.81810144125765	9.0166713063893e-25	No	No
Q66PJ3	ARL6IP4	-4.62611127743599	3.19462389330563e-13	No	No
Q674X7	KAZN	-2.90735778070427	1.59306015365296e-11	No	No
Q68BL7	OLFML2A	-7.88929368376791	7.67829009230195e-22	No	No
Q68BL8	OLFML2B	-5.99546585983175	6.705314638647479e-11	No	No
Q68CP4	HGSNAT	-2.58022161756367	3.88075397104418e-10	No	No
Q68CP9	ARID2	-3.74249895993651	0.000228974403711	No	No
Q68CQ4	UTP25	-4.75986671597594	5.09640932607574e-06	No	No
Q68DA7	FMN1	-2.97372098057915	8.4649053354789205e-19	No	No
Q68DK2	ZFYVE26	-5.53052063623165	2.3945175706166998e-14	No	No
Q68E01	INTS3	-6.84966103762401	1.59637896944665e-13	No	No
Q69YN2	CWF19L1	-3.04280078710777	5.602098991970781e-10	No	No
Q69YN4	VIRMA	-5.22071244944701	3.70294175303921e-08	No	No
Q69YZ2	TMEM200B	-8.41053873027089	3.58178761130893e-27	No	No
Q6AWC2	WWC2	-5.8420174190434	1.21491996311427e-05	No	No
Q6AZY7	SCARA3	-3.55716661777415	7.69500623312818e-09	No	No
Q6BDS2	BLTP3A	-2.72894320783954	4.85867019624401e-05	No	No
Q6DD87	ZNF787	-5.24534559527368	4.2320890831509396e-11	No	No
Q6DKJ4	NXN	-2.93276088671324	9.60115521390599e-12	No	No
Q6DT37	CDC42BPG	-3.81394180294214	8.03052887563514e-07	No	No
Q6GPH4	XAF1	-7.97724228946219	1.5627516129678198e-22	No	No
Q6IC98	GRAMD4	-4.01985630190663	1.63732421191176e-16	No	No
Q6ICB4	PHETA2	-4.75442662651137	1.6019205796416302e-17	No	No
Q6ICG6	KIAA0930	-3.29125140072745	1.1246889309855602e-15	No	No
Q6IN85	PPP4R3A	-3.7595379624602	4.01335739416611e-14	No	No
Q6IS24	GALNT17	-5.18608795955014	1.21293383952096e-06	No	No
Q6JQN1	ACAD10	-5.08937245579816	4.85207661535797e-16	No	No
Q6MZW2	FSTL4	-2.89051966365685	0.004806289563853	No	No
Q6N063	OGFOD2	-3.07807851392268	6.97010701080007e-16	No	No
Q6NSJ0	MYORG	-2.62162186120085	0.00124583621697	No	No
Q6NT16	SLC18B1	-4.51370960199975	1.21602005103852e-16	No	No
Q6NUM9	RETSAT	-5.32995215255809	2.12506978157458e-11	No	No
Q6NUQ1	RINT1	-3.09225646706028	0.0016230816724626	No	No
Q6NUT3	MFSD12	-4.53912407551038	2.01127776839738e-16	No	No
Q6NWY9	PRPF40B	-3.23549594682349	7.302936827348271e-09	No	No
Q6NXG1	ESRP1	-3.83928636960775	1.37153697643923e-08	No	No
Q6NXT4	SLC30A6	-4.56711275738579	2.97066329108367e-21	No	No
Q6NYC1	JMJD6	-3.93474424968169	3.5797528499105903e-09	No	No
Q6NZY4	ZCCHC8	-3.30851990490309	4.85998595345563e-06	No	No
Q6NZY7	CDC42EP5	-3.16179699435175	8.01878729532727e-06	No	No
Q6P0Q8	MAST2	-3.72685920648276	0.0024876729893345	No	No
Q6P1K1	SLC48A1	-3.19967216979359	2.02525257394302e-12	No	No
Q6P1L5	FAM117B	-3.50390128516203	0.0001406921311535	No	No
Q6P1L8	MRPL14	-2.76329571181846	0.0011379097212083	No	No
Q6P1X6	C8orf82	-3.29191689954671	4.68525058164322e-07	No	No
Q6P2P2	PRMT9	-3.37866946181954	2.33106251189799e-13	No	No
Q6P996	PDXDC1	-2.57875028851821	1.926923606605e-10	No	No
Q6P9B9	INTS5	-3.70664222287994	0.0017743407806618	No	No
Q6PCB0	VWA1	-6.81877116003636	2.06280124501427e-15	No	No
Q6PCB5	RSBN1L	-3.86548719302319	6.88627663479418e-10	No	No
Q6PCB7	SLC27A1	-4.27847054176258	6.48097675408154e-11	No	No
Q6PCE3	PGM2L1	-2.76960465929513	2.51767203923798e-16	No	No
Q6PD62	CTR9	-5.34417521982986	2.14870704235785e-05	No	No
Q6PI48	DARS2	-2.64077391769629	4.20204382389148e-05	No	No
Q6PID6	TTC33	-5.32463656798164	8.70442475746898e-06	No	No
Q6PIJ6	FBXO38	-2.87572659421041	2.78734026431118e-05	No	No
Q6PK04	CCDC137	-2.72977490112874	0.0029094679324378	No	No
Q6PK18	OGFOD3	-4.27781697159442	1.9426810981702e-08	No	No
Q6STE5	SMARCD3	-3.00201727594552	1.86383534816018e-09	No	No
Q6UB28	METAP1D	-3.41441130719612	1.14781136896803e-18	No	No
Q6UN15	FIP1L1	-3.11369724547781	8.06755659852625e-06	No	No
Q6UVK1	CSPG4	-6.23998465777133	1.22452874655891e-20	No	No
Q6UVM3	KCNT2	-2.9487066291696	1.84302449978176e-07	No	No
Q6UW63	POGLUT2	-3.39334999831167	0.0002577124537962	No	No
Q6UWY5	OLFML1	-4.46588037741119	1.01518192372558e-17	No	No
Q6UX04	CWC27	-4.77147799039027	8.09980499274632e-08	No	No
Q6UXG2	ELAPOR1	-13.7597373375653	7.58586028300728e-20	No	No
Q6UXH8	CCBE1	-6.23689879035652	1.11610418299227e-12	No	No
Q6UXI9	NPNT	-4.1586792967821	2.02714928647797e-16	No	No
Q6UXY1	BAIAP2L2	-4.1958412056829	5.080048266193541e-09	No	No
Q6VUC0	TFAP2E	-3.95930539185132	4.59277721566169e-16	No	No
Q6WCQ1	MPRIP	-2.8346349993287	2.46368548756357e-16	No	No
Q6Y288	B3GLCT	-5.84081872290528	4.16641606985375e-23	No	No
Q6YN16	HSDL2	-2.7161357742717	9.63543445232685e-08	No	No
Q6ZMG9	CERS6	-5.1793741365056	1.28009458140801e-07	No	No
Q6ZMZ3	SYNE3	-3.79985128090082	2.79823642005218e-06	No	No
Q6ZNC4	ZNF704	-3.63739910277926	0.001142928679426	No	No
Q6ZPD9	DPY19L3	-7.70585279529375	2.0868889612197e-18	No	No
Q6ZRQ5	MMS22L	-4.5284597548473	6.01749636830135e-08	No	No
Q6ZRS2	SRCAP	-3.00076424687987	4.45548501404731e-05	No	No
Q6ZT12	UBR3	-3.14028270740694	1.61723968057599e-05	No	No
Q6ZU35	CRACD	-3.02883081326921	1.0031784627840902e-09	No	No
Q6ZUJ8	PIK3AP1	-4.61298216140578	0.0001952550241537	No	No
Q6ZUK4	TMEM26	-8.18295721951372	6.356583888689611e-23	No	No
Q6ZVF9	GPRIN3	-3.40505130665694	2.34296604849379e-10	No	No
Q6ZW49	PAXIP1	-3.64577428423022	1.93609579350704e-05	No	No
Q6ZXV5	TMTC3	-5.4159861506328	7.46544303781422e-11	No	No
Q709F0	ACAD11	-8.40725401762017	2.3420372568199197e-11	No	No
Q70CQ2	USP34	-3.59582550385124	1.37728603721706e-08	No	No
Q70UQ0	IKBIP	-4.4775379116486	7.90172027738316e-10	No	No
Q71F56	MED13L	-4.10922665261906	3.2111570702451e-05	No	No
Q71RS6	SLC24A5	-9.19966568940193	2.34460276205816e-28	No	No
Q75QN2	INTS8	-4.55242421621523	0.0009477504484832	No	No
Q75T13	PGAP1	-4.13548378135766	1.59508227665097e-14	No	No
Q75V66	ANO5	-6.9282582762934	3.4441656820805604e-15	No	No
Q76I76	SSH2	-5.30032181034831	4.515656682563e-10	No	No
Q76M96	CCDC80	-3.67645964244432	3.72362350881366e-06	No	No
Q7KZ85	SUPT6H	-3.80676562752308	7.9018710480192e-13	No	No
Q7L014	DDX46	-3.19053806848378	6.29176907786149e-14	No	No
Q7L099	RUFY3	-3.03772276333293	1.61271527420445e-16	No	No
Q7L0Y3	TRMT10C	-2.97231986784717	3.99924417879979e-07	No	No
Q7L266	ASRGL1	-5.83807995413533	2.16145293608097e-16	No	No
Q7L311	ARMCX2	-3.66753401398651	7.167118714088689e-11	No	No
Q7L3T8	PARS2	-4.63006940187732	2.3486583188937098e-22	No	No
Q7L513	FCRLA	-5.16743587506855	1.25265313222843e-21	No	No
Q7L592	NDUFAF7	-4.71061126006977	1.0048849368520698e-11	No	No
Q7L5Y6	DET1	-3.21300378130195	1.38240476994951e-11	No	No
Q7L775	EPM2AIP1	-3.10986581933302	6.054085936022101e-10	No	No
Q7L8C5	SYT13	-3.29513609619165	5.26140143713354e-05	No	No
Q7LBC6	KDM3B	-6.62753906487971	2.4524341676496e-09	No	No
Q7Z2D5	PLPPR4	-5.16660328406631	5.35624907662797e-13	No	No
Q7Z2K6	ERMP1	-3.01964298616949	0.0002278443946157	No	No
Q7Z2T5	TRMT1L	-6.0019538031197	6.41033544822371e-05	No	No
Q7Z2X4	PID1	-5.72565574167972	6.67831805595416e-11	No	No
Q7Z333	SETX	-5.32874366824973	3.18027228113844e-05	No	No
Q7Z3D6	DGLUCY	-4.42425610947784	6.416491690079641e-09	No	No
Q7Z3E2	CCDC186	-6.80903084251464	1.93423000464128e-06	No	No
Q7Z3E5	ARMC9	-4.39090434265756	3.50424939634846e-20	No	No
Q7Z3J2	VPS35L	-3.49404019458788	2.07626229580957e-17	No	No
Q7Z419	RNF144B	-5.0202554706167	9.70133292621773e-10	No	No
Q7Z449	CYP2U1	-5.26272098396571	1.43557775168475e-15	No	No
Q7Z4H8	POGLUT3	-6.29735939725758	1.98644342773819e-22	No	No
Q7Z4N2	TRPM1	-5.19857812091099	7.83995663722905e-16	No	No
Q7Z4S6	KIF21A	-4.42376611169584	1.8043572379210602e-17	No	No
Q7Z5J4	RAI1	-5.07644103387309	9.03021790656566e-05	No	No
Q7Z5L7	PODN	-5.51629558156472	2.5982354430377e-10	No	No
Q7Z5L9	IRF2BP2	-2.78855334015063	6.56562508577355e-06	No	No
Q7Z6B0	CCDC91	-3.48509468624151	2.29973778106992e-06	No	No
Q7Z6G3	NECAB2	-3.50266399114697	1.26240375847082e-07	No	No
Q7Z6J2	TAMALIN	-5.16804310200249	2.73869068820994e-14	No	No
Q7Z6L1	TECPR1	-4.50942458759265	2.32766299784786e-07	No	No
Q7Z7G0	ABI3BP	-5.18466381785938	1.1818733848163e-10	No	No
Q7Z7H5	TMED4	-3.01799264868746	2.25736784418032e-14	No	No
Q7Z7J7	LHFPL4	-3.32294483196252	2.24786222270143e-14	No	No
Q7Z7K0	CMC1	-2.88802243973611	1.62765161735527e-05	No	No
Q7Z7K6	CENPV	-6.08212588698979	1.05187038856178e-23	No	No
Q7Z7L7	ZER1	-2.91671047562171	3.97580400726376e-08	No	No
Q86SR1	GALNT10	-3.34801994108353	2.15280631938759e-06	No	No
Q86T65	DAAM2	-3.43439334894664	4.28862533313649e-18	No	No
Q86TX2	ACOT1	-4.65150492311831	1.47281255903813e-17	No	No
Q86U44	METTL3	-3.43678026541407	4.73236492045507e-10	No	No
Q86U86	PBRM1	-3.29824743635605	0.0001664496847813	No	No
Q86UA1	PRPF39	-4.39121482992081	2.06610325567508e-08	No	No
Q86UE4	MTDH	-3.72660623193021	2.59374792185498e-11	No	No
Q86UE8	TLK2	-5.15795243772666	9.80114524796563e-08	No	No
Q86UF1	TSPAN33	-3.17092432178646	4.6733863072085704e-14	No	No
Q86UK5	EVC2	-7.80581469795383	4.35490855015372e-29	No	No
Q86UN2	RTN4RL1	-3.70359559800626	2.1709269348540897e-12	No	No
Q86UP2	KTN1	-5.45760348013177	9.208341981625191e-17	No	No
Q86UU0	BCL9L	-5.91351304835834	2.51499674289e-08	No	No
Q86UV5	USP48	-6.04461714354084	2.4935936755698698e-11	No	No
Q86UW7	CADPS2	-4.42890756028924	2.23752903817112e-10	No	No
Q86UY8	NT5DC3	-6.35696791615351	1.08677581118619e-12	No	No
Q86V85	GPR180	-4.18907538075886	4.3591078772195e-19	No	No
Q86VE9	SERINC5	-2.78870910805251	1.84336323737164e-16	No	No
Q86VM9	ZC3H18	-5.48454111623811	3.23013627038057e-11	No	No
Q86VY4	TSPYL5	-4.27202797653379	1.7443163926925798e-22	No	No
Q86WA6	BPHL	-4.96029917282997	6.54672622924418e-16	No	No
Q86WA9	SLC26A11	-3.58843158594286	7.802723976016511e-14	No	No
Q86WB0	ZC3HC1	-3.25972222705586	0.000605108179782	No	No
Q86WC4	OSTM1	-3.67381592100906	1.2178771036072401e-15	No	No
Q86WG3	ATCAY	-6.15023489813109	3.68634278925831e-27	No	No
Q86WH2	RASSF3	-2.82089502393505	1.26145960810726e-11	No	No
Q86WJ1	CHD1L	-2.79491759513699	0.0017201724648742	No	No
Q86WT1	IFT70A	-3.53782440062203	5.5368658201641e-11	No	No
Q86WV6	STING1	-3.98257268723181	1.86728705874748e-12	No	No
Q86X19	TMEM17	-2.70455574697329	1.3569608054832398e-11	No	No
Q86XA9	HEATR5A	-2.62208943051512	2.3595905231311098e-12	No	No
Q86XJ1	GAS2L3	-3.37885446585229	4.404148516235919e-11	No	No
Q86XL3	ANKLE2	-4.28943437519852	2.95900962745852e-07	No	No
Q86XX4	FRAS1	-4.86247334490191	6.55539967622242e-14	No	No
Q86YB8	ERO1B	-2.78725766448537	4.50785945095814e-14	No	No
Q86YJ5	MARCHF9	-2.76162636319386	4.34633138501005e-07	No	No
Q86YL5	TDRP	-3.94634386759393	3.62479075250874e-20	No	No
Q86YP4	GATAD2A	-4.37432161443583	7.92278699802862e-08	No	No
Q86YV0	RASAL3	-3.90807293901769	3.02867777384681e-16	No	No
Q8IUH3	RBM45	-5.0754837541566	2.50207227812044e-21	No	No
Q8IUX7	AEBP1	-5.90092271143595	7.622704429248011e-15	No	No
Q8IV08	PLD3	-3.28955910345564	3.69034263245853e-14	No	No
Q8IV36	HID1	-7.98675683494546	1.49295408283047e-21	No	No
Q8IVG5	SAMD9L	-4.51153894844293	2.67459124255551e-08	No	No
Q8IVH4	MMAA	-7.06371780769128	1.05928517364387e-20	No	No
Q8IVL6	P3H3	-4.30533745580466	1.06454309533071e-08	No	No
Q8IVS2	MCAT	-6.4794723069574	4.95896976233532e-09	No	No
Q8IVU3	HERC6	-3.27607973707186	0.0011523071370192	No	No
Q8IWB9	TEX2	-4.77939105276161	4.22132314456872e-09	No	No
Q8IWE2	FAM114A1	-2.90658861219206	6.27624216780888e-12	No	No
Q8IWE5	PLEKHM2	-3.52723453436543	2.3257810898344103e-09	No	No
Q8IWF2	FOXRED2	-2.73358813432246	0.0015475681447582	No	No
Q8IWJ2	GCC2	-7.77264890569182	7.406588278652449e-11	No	No
Q8IWZ6	BBS7	-3.48848849340606	3.10841254233127e-07	No	No
Q8IX01	SUGP2	-4.6704658111485	2.5212677820074e-13	No	No
Q8IX12	CCAR1	-4.46245016042866	4.00681898246782e-13	No	No
Q8IXB1	DNAJC10	-3.26301061946679	1.15579634779909e-07	No	No
Q8IXH6	TP53INP2	-4.53455886805706	4.80960322646928e-22	No	No
Q8IXV7	KLHDC8B	-5.77280460701369	2.61921948970995e-16	No	No
Q8IXW5	RPAP2	-2.62883172147437	0.0046134656644201	No	No
Q8IY17	PNPLA6	-3.04807610995729	4.35744059475107e-09	No	No
Q8IY21	DDX60	-4.8330843261725	9.27853536355046e-14	No	No
Q8IY34	SLC15A3	-6.84285138692419	4.8129603620090405e-21	No	No
Q8IY37	DHX37	-3.20205478559854	0.0008728637518502	No	No
Q8IY95	TMEM192	-5.33482170555303	1.04506231538656e-16	No	No
Q8IYB3	SRRM1	-3.45065111226514	4.4610071960747503e-10	No	No
Q8IYB8	SUPV3L1	-2.85033120842574	5.97095422803441e-05	No	No
Q8IYJ3	SYTL1	-3.7672897280084	1.46281919300706e-11	No	No
Q8IYK4	COLGALT2	-3.49253269145298	2.11234927705491e-10	No	No
Q8IYL3	C1orf174	-3.36142395678806	1.28031452804054e-14	No	No
Q8IYQ7	THNSL1	-8.77938985312794	2.7956857977639103e-19	No	No
Q8IZ57	NRSN1	-9.37277981797311	2.39318660222046e-27	No	No
Q8IZ69	TRMT2A	-5.33127973518629	2.05543334839866e-06	No	No
Q8IZ73	RPUSD2	-4.83663631014345	2.7300922874822e-13	No	No
Q8IZD4	DCP1B	-4.13069005456107	1.24529224231713e-06	No	No
Q8IZJ1	UNC5B	-4.75565236033097	1.9444279821785103e-15	No	No
Q8IZQ1	WDFY3	-3.21973781704538	5.415253097532939e-11	No	No
Q8IZQ5	SELENOH	-7.8936177227752	1.06167263185948e-25	No	No
Q8IZU2	WDR17	-4.02485923590755	5.46789107835875e-10	No	No
Q8IZY2	ABCA7	-2.747076265352	1.5363938548176702e-09	No	No
Q8N0U8	VKORC1L1	-3.04806854422533	1.93837389734869e-11	No	No
Q8N0V5	GCNT2	-3.56199607763077	6.51378159832527e-11	No	No
Q8N0X4	CLYBL	-7.89551620370822	3.74357211046465e-26	No	No
Q8N108	MIER1	-4.96022373265511	3.1230372222271e-11	No	No
Q8N126	CADM3	-3.15746968411397	1.60818206420838e-14	No	No
Q8N145	LGI3	-10.8413258924068	3.51845785741061e-17	No	No
Q8N1F8	STK11IP	-3.89068099120388	2.00396902270783e-13	No	No
Q8N1G2	CMTR1	-4.68167921543325	7.438985279232101e-10	No	No
Q8N264	ARHGAP24	-3.76045845560269	4.46042303734667e-09	No	No
Q8N271	PROM2	-7.04523456129039	8.6993810907304e-09	No	No
Q8N2F6	ARMC10	-2.595004150363	8.77555397514771e-07	No	No
Q8N2S1	LTBP4	-6.1963828414003	1.70016182032235e-08	No	No
Q8N357	SLC35F6	-2.62462786773738	4.15888623489262e-13	No	No
Q8N3F9	GPR137C	-3.09903960444672	6.0833427744750806e-09	No	No
Q8N3G9	TMEM130	-2.76377333636608	9.92647124249039e-06	No	No
Q8N3J6	CADM2	-6.41635180992189	3.5899090479235802e-25	No	No
Q8N3U4	STAG2	-3.27411054830155	2.87756109522406e-06	No	No
Q8N414	PGBD5	-3.84324525065384	1.68094454527847e-16	No	No
Q8N436	CPXM2	-10.4062648061487	3.79908691745674e-32	No	No
Q8N442	GUF1	-3.04086484830669	0.0006768334969903	No	No
Q8N465	D2HGDH	-3.17522800002035	1.6388101496526e-14	No	No
Q8N475	FSTL5	-5.44724953198778	3.87785876722209e-09	No	No
Q8N490	PNKD	-7.26919036816945	3.32581089600003e-26	No	No
Q8N4L2	PIP4P2	-2.62106839664891	3.5997503873625803e-10	No	No
Q8N4M1	SLC44A3	-2.65950533717637	1.7656978799161901e-09	No	No
Q8N4P2	IFT70B	-3.71202013261436	5.216254619135669e-11	No	No
Q8N4T8	CBR4	-2.99950442774061	3.1390219344812796e-11	No	No
Q8N4V1	MMGT1	-2.66078397920941	0.0022362808808308	No	No
Q8N4X5	AFAP1L2	-5.82189699883482	2.45930255522971e-09	No	No
Q8N568	DCLK2	-4.58279184917571	2.29188764283285e-20	No	No
Q8N5C6	SRBD1	-5.57141745774841	1.83709586664307e-10	No	No
Q8N5D0	WDTC1	-4.4465737221973	3.16332972215069e-11	No	No
Q8N5S9	CAMKK1	-2.67128014674079	3.18671209676811e-10	No	No
Q8N5X7	EIF4E3	-5.32842092480856	2.9108827193476303e-09	No	No
Q8N608	DPP10	-3.92320639589754	8.9049728240685e-11	No	No
Q8N612	FHIP1B	-2.97877764875511	3.66401238602839e-05	No	No
Q8N697	SLC15A4	-4.14504845409197	9.37083269918348e-17	No	No
Q8N6C5	IGSF1	-9.91066984381085	6.42873703452574e-21	No	No
Q8N6D5	ANKRD29	-3.69345528958356	1.00564205927214e-07	No	No
Q8N6F8	METTL27	-5.39755663846939	9.186929228203671e-15	No	No
Q8N6Y1	PCDH20	-7.48026833736203	1.16892197374056e-08	No	No
Q8N766	EMC1	-3.5178197683457	6.02478173053458e-12	No	No
Q8N8E3	CEP112	-3.084513621308	2.21034375602457e-05	No	No
Q8N9R8	SCAI	-2.74015792567194	8.99302392842501e-06	No	No
Q8NA23	WDR31	-4.96354242279119	3.37045378591005e-06	No	No
Q8NAA5	LRRC75A	-6.83426542089549	1.809363397933e-16	No	No
Q8NB59	SYT14	-2.92349040889572	0.0048956879404134	No	No
Q8NB78	KDM1B	-3.16443392931758	4.43673447508056e-05	No	No
Q8NBI2	CYB561A3	-4.94333648353187	2.05303400403741e-11	No	No
Q8NBJ7	SUMF2	-2.66730517746754	8.95061243214525e-08	No	No
Q8NBJ9	SIDT2	-3.06755562601991	5.8327724449447e-15	No	No
Q8NBN7	RDH13	-7.47287379441475	1.4024152936587099e-11	No	No
Q8NBP0	TTC13	-5.38573625008044	5.72962288706746e-08	No	No
Q8NBP7	PCSK9	-6.79616353946505	7.9224530625347e-17	No	No
Q8NBX0	SCCPDH	-2.93427044743025	4.9378067017367e-09	No	No
Q8NCE0	TSEN2	-7.18133368739955	5.29168814338687e-06	No	No
Q8NCF5	NFATC2IP	-2.72716573109198	4.88904344458204e-06	No	No
Q8NCM8	DYNC2H1	-4.05395848773091	2.36910833613768e-10	No	No
Q8NCT1	ARRDC4	-6.92576332847615	1.0050653989029899e-22	No	No
Q8NCW5	NAXE	-2.58433199552202	2.0448809375656798e-18	No	No
Q8NCW6	GALNT11	-4.46970203147239	1.18061258810843e-07	No	No
Q8ND30	PPFIBP2	-4.01262763806646	2.8762415577337598e-11	No	No
Q8ND94	LRRN4CL	-3.12167864677642	1.7543637193885402e-15	No	No
Q8NDA8	MROH1	-3.56353399917593	9.69384230996687e-13	No	No
Q8NDH3	NPEPL1	-5.70591323237756	8.59127538754355e-19	No	No
Q8NDV1	ST6GALNAC3	-5.69166042752686	5.14504868535422e-05	No	No
Q8NDV3	SMC1B	-4.62449778026675	2.84501831635409e-10	No	No
Q8NEZ3	WDR19	-3.43004662892907	1.05813733788701e-08	No	No
Q8NF37	LPCAT1	-2.92844302878617	1.85026133218163e-10	No	No
Q8NF91	SYNE1	-10.1534853068501	1.58608907736636e-20	No	No
Q8NFD5	ARID1B	-2.89702584151643	0.0051669164351014	No	No
Q8NFJ9	BBS1	-4.63892702349913	5.8188506360339e-09	No	No
Q8NFP9	NBEA	-2.65376291748126	5.8891034126292e-11	No	No
Q8NFQ8	TOR1AIP2	-3.05327730559724	1.8056166628751299e-12	No	No
Q8NFY4	SEMA6D	-12.5675941746938	3.44925998222053e-41	No	No
Q8NFZ8	CADM4	-3.22465532914489	2.9510039289677303e-15	No	No
Q8NHP6	MOSPD2	-3.71690415137291	1.66195293365445e-14	No	No
Q8NHP8	PLBD2	-3.00717547421268	3.7146195390419197e-11	No	No
Q8NHX9	TPCN2	-10.8022734867649	3.42964471977645e-27	No	No
Q8NI27	THOC2	-2.72526620541256	6.76233781614893e-08	No	No
Q8NI37	PPTC7	-6.09580093746397	1.5781845804625602e-19	No	No
Q8NI60	COQ8A	-4.40527174087114	1.8976079749915803e-09	No	No
Q8TAD2	IL17D	-6.73732662809454	5.038076809551991e-15	No	No
Q8TAV4	STOML3	-4.99828535300175	0.00053748473548	No	No
Q8TB22	SPATA20	-5.2879321446843	3.0321084915961003e-10	No	No
Q8TB37	NUBPL	-3.09199150890516	2.6321509517275404e-09	No	No
Q8TBE7	SLC35G2	-7.82552604418631	2.6633024893912503e-19	No	No
Q8TBF5	PIGX	-4.01971243997746	7.63651687029504e-07	No	No
Q8TBG9	SYNPR	-8.78340344174718	1.68417840183026e-31	No	No
Q8TBP0	TBC1D16	-5.12139606605232	8.604356161615139e-22	No	No
Q8TCC3	MRPL30	-2.67809360042499	0.0057368323337011	No	No
Q8TCE6	DENND10	-2.68532713879475	4.14297049520133e-12	No	No
Q8TCJ2	STT3B	-2.86693628426779	2.31957810589235e-13	No	No
Q8TCS8	PNPT1	-4.13588685832108	1.69800411911551e-15	No	No
Q8TD30	GPT2	-5.4020347109647	5.05553916365005e-13	No	No
Q8TDH9	BLOC1S5	-2.98762779470497	3.00228542974223e-12	No	No
Q8TDJ6	DMXL2	-4.08166906773831	2.25635256671416e-10	No	No
Q8TDR0	TRAF3IP1	-3.94837953943811	7.49436191681396e-07	No	No
Q8TDY4	ASAP3	-2.92603241465866	4.17236700066165e-10	No	No
Q8TDZ2	MICAL1	-3.2893528821029	2.9195106637996302e-24	No	No
Q8TE58	ADAMTS15	-3.09237649418743	0.0013709139137782	No	No
Q8TE82	SH3TC1	-3.35065616481304	0.0002249390358079	No	No
Q8TE99	PXYLP1	-3.00473628222727	0.0026785096668869	No	No
Q8TED9	AFAP1L1	-3.65012171822213	1.72876306223714e-06	No	No
Q8TEQ0	SNX29	-2.86160618370285	0.0001518529928878	No	No
Q8TET4	GANC	-6.73875803162628	1.91067907689473e-22	No	No
Q8TF64	GIPC3	-3.22306059655053	8.3710700207337e-18	No	No
Q8TF68	ZNF384	-4.67894482507529	5.006819004056851e-19	No	No
Q8WU08	STK32A	-7.36498203686377	1.46207621612775e-32	No	No
Q8WU76	SCFD2	-4.28825920414099	7.79337344287594e-10	No	No
Q8WUA4	GTF3C2	-4.00598768397795	1.22705349301896e-05	No	No
Q8WUJ1	CYB5D2	-4.15552411480529	4.40523344767284e-14	No	No
Q8WUJ3	CEMIP	-5.10108930986696	6.26019284775452e-09	No	No
Q8WUM0	NUP133	-3.98828363770164	1.05814389288672e-07	No	No
Q8WUY1	THEM6	-2.58126605088589	7.89307350323457e-05	No	No
Q8WUY3	PRUNE2	-4.29700672670734	1.07364775038567e-13	No	No
Q8WV83	SLC35F5	-7.98525600069272	1.14967498732213e-27	No	No
Q8WVB3	HEXD	-3.02786992573933	6.14440483549208e-08	No	No
Q8WVC0	LEO1	-5.00620204039975	1.3246976329517801e-14	No	No
Q8WVC6	DCAKD	-2.68171716302755	9.60668556224491e-07	No	No
Q8WVE6	TMEM171	-2.64037172944499	5.18570797666562e-05	No	No
Q8WVM7	STAG1	-3.61409292264491	3.72546197546163e-10	No	No
Q8WVM8	SCFD1	-2.62229588041732	2.13862095699478e-14	No	No
Q8WVS4	DYNC2I1	-2.8907460164956	6.37416042214148e-05	No	No
Q8WW22	DNAJA4	-4.94600897983386	1.23366664104512e-16	No	No
Q8WW52	FAM151A	-4.59527864448912	5.5654108212608e-20	No	No
Q8WWB7	GLMP	-2.92748809489984	3.4678194316999397e-12	No	No
Q8WWF8	CAPSL	-3.2985766259725	2.69406079864316e-13	No	No
Q8WWG9	KCNE4	-9.89366206857127	6.08582246675316e-31	No	No
Q8WWI1	LMO7	-2.63333344149537	1.9868267610719e-11	No	No
Q8WWM9	CYGB	-7.91241814981687	2.90604363304002e-28	No	No
Q8WWQ0	PHIP	-3.14740131245346	1.21538051075547e-05	No	No
Q8WWV3	RTN4IP1	-4.70220699304362	1.46894188502346e-13	No	No
Q8WWY3	PRPF31	-2.65205398598849	5.7069075472164095e-11	No	No
Q8WXF0	SRSF12	-3.77405986411333	1.82712316971869e-13	No	No
Q8WXF1	PSPC1	-4.02073948645743	2.0569079934109502e-14	No	No
Q8WXF7	ATL1	-3.41783371945216	1.3101691816114601e-17	No	No
Q8WXH0	SYNE2	-9.2056662627617	3.3408935741141898e-18	No	No
Q8WXI4	ACOT11	-2.71882414624642	2.60373395906801e-10	No	No
Q8WXI9	GATAD2B	-6.33119948406543	5.21221060079198e-12	No	No
Q8WXS8	ADAMTS14	-7.8533472197691	3.1844977404995396e-11	No	No
Q8WY07	SLC7A3	-4.10520311944356	1.2056809235790598e-18	No	No
Q8WY54	PPM1E	-7.95947127331054	9.45890369316968e-27	No	No
Q8WYA0	IFT81	-4.23164819776062	3.4871362511740794e-11	No	No
Q8WYA6	CTNNBL1	-3.54444366882814	7.61176649268339e-06	No	No
Q8WYH8	ING5	-3.0968561673446	7.38708032188378e-12	No	No
Q8WZ74	CTTNBP2	-7.14635926410203	5.577097256715741e-17	No	No
Q8WZA2	RAPGEF4	-10.743257146506	6.32815157353522e-28	No	No
Q92506	HSD17B8	-5.36647633779635	6.430055150056959e-12	No	No
Q92539	LPIN2	-4.74340362108111	1.39879385781455e-11	No	No
Q92543	SNX19	-3.07409962066676	0.0029266691221458	No	No
Q92563	SPOCK2	-6.88156599579292	4.37429008445086e-20	No	No
Q92576	PHF3	-2.62071667416373	4.17288803849333e-05	No	No
Q92581	SLC9A6	-2.83067474671513	7.40832430335818e-10	No	No
Q92599	SEPTIN8	-3.77445197775461	1.43087049721886e-07	No	No
Q92623	TTC9	-3.44169876394248	0.0001177546078487	No	No
Q92629	SGCD	-6.485605523948	1.9946472670386402e-23	No	No
Q92633	LPAR1	-4.7199593761538	3.3877031881362e-06	No	No
Q92643	PIGK	-3.49273978288418	1.52417045918204e-09	No	No
Q92665	MRPS31	-5.03621892082528	6.22698796782695e-13	No	No
Q92673	SORL1	-4.09368602819208	2.50274467437848e-13	No	No
Q92733	PRCC	-4.75709832141192	1.65880776794652e-06	No	No
Q92752	TNR	-6.32216989507287	1.56658136162281e-21	No	No
Q92766	RREB1	-3.40711481634042	2.48157522773166e-11	No	No
Q92777	SYN2	-10.5935255573062	8.17401449916732e-33	No	No
Q92785	DPF2	-3.90907274846402	5.20390645247088e-11	No	No
Q92797	SYMPK	-3.62221968535484	0.0001966853867489	No	No
Q92805	GOLGA1	-4.70399315006373	2.26676899780208e-05	No	No
Q92819	HAS2	-5.6626187386823	8.38995205275657e-13	No	No
Q92823	NRCAM	-6.79285637104183	2.4185206645002002e-20	No	No
Q92878	RAD50	-5.958721759808	1.13310166847199e-16	No	No
Q92887	ABCC2	-8.46683782535116	2.4893572999492004e-32	No	No
Q92889	ERCC4	-5.98579103723947	2.3504219529193697e-11	No	No
Q92902	HPS1	-2.81695734933669	2.43692292353973e-07	No	No
Q92917	GPKOW	-4.66791679077895	2.93697146144344e-07	No	No
Q92932	PTPRN2	-9.31949881984226	1.1138950986241e-25	No	No
Q92945	KHSRP	-2.62496201148144	1.3937754284264301e-15	No	No
Q92947	GCDH	-5.74486504848803	1.7942917627832598e-11	No	No
Q92956	TNFRSF14	-3.27308311886982	2.14423347983377e-14	No	No
Q92985	IRF7	-5.32479053478092	1.06081366642874e-13	No	No
Q93009	USP7	-3.00147686366185	1.1930772901383399e-16	No	No
Q93074	MED12	-7.58751135015762	3.99966923285383e-06	No	No
Q93084	ATP2A3	-7.60784248380321	5.4704572286415396e-12	No	No
Q969E8	TSR2	-3.51978124664716	1.07727544120586e-17	No	No
Q969G3	SMARCE1	-4.594616531022	3.8346932016038097e-11	No	No
Q969I6	SLC38A4	-2.70406915276696	3.27690080309274e-05	No	No
Q969N2	PIGT	-2.80247748142446	4.64894919850253e-08	No	No
Q969P0	IGSF8	-2.66459228400256	9.349885758682451e-17	No	No
Q969Q1	TRIM63	-6.41228671187118	4.662994365069821e-25	No	No
Q969R5	L3MBTL2	-6.66752844594131	3.76926487135568e-29	No	No
Q969V3	NCLN	-4.02031628188596	1.78213404384012e-10	No	No
Q969V6	MRTFA	-3.30014013171446	1.9907461717604698e-11	No	No
Q969X5	ERGIC1	-2.85199574267949	7.4962745418887e-14	No	No
Q969Z0	TBRG4	-3.1476189437848	1.69310704293884e-07	No	No
Q96A22	C11orf52	-3.30114905380026	4.06180526494178e-10	No	No
Q96A33	CCDC47	-4.14049294020264	1.9826685190825798e-11	No	No
Q96AB3	ISOC2	-2.6962605419882	4.38521778921329e-08	No	No
Q96AD5	PNPLA2	-2.83839206342423	0.0020022740897385	No	No
Q96AE7	TTC17	-6.40179957189827	1.29461694185354e-10	No	No
Q96AJ1	CLUAP1	-3.68937493741343	2.25240749906824e-11	No	No
Q96AX9	MIB2	-4.77550237470519	2.87142463815577e-08	No	No
Q96AY3	FKBP10	-3.10341191374899	1.5437081660786199e-12	No	No
Q96B33	CLDN23	-5.48611874467341	1.5915408494905802e-23	No	No
Q96BM9	ARL8A	-2.6369422828835	2.34137411106421e-17	No	No
Q96BR1	SGK3	-3.43257342223582	1.00697538885069e-12	No	No
Q96BR5	COA7	-4.70247790074128	3.4998809481206704e-15	No	No
Q96C01	FAM136A	-4.4507850940198	3.26414160556565e-17	No	No
Q96C10	DHX58	-10.6278553232626	8.46748324576545e-16	No	No
Q96C23	GALM	-3.7264219783544	4.0020064793433305e-15	No	No
Q96C36	PYCR2	-3.87149135514496	9.882663611129e-10	No	No
Q96CD2	PPCDC	-3.17389505521461	6.4176338239411e-07	No	No
Q96CF2	CHMP4C	-3.26823480319553	4.768818939134541e-19	No	No
Q96CM8	ACSF2	-4.63275793098985	1.04520587743814e-19	No	No
Q96CN4	EVI5L	-3.80307099365308	9.96174369655901e-05	No	No
Q96CN9	GCC1	-4.27155773610546	9.29465888401278e-05	No	No
Q96CP2	FLYWCH2	-2.97101720451563	7.300668098344509e-12	No	No
Q96D05	FAM241B	-4.20794898969964	2.08754928208748e-22	No	No
Q96D96	HVCN1	-6.22494216902088	1.17096565548306e-21	No	No
Q96DB5	RMDN1	-4.26254861484307	6.821933047616911e-14	No	No
Q96DC8	ECHDC3	-5.71583207559796	3.9336696072630697e-16	No	No
Q96DV4	MRPL38	-3.5123126032589	3.10445021996029e-13	No	No
Q96DZ1	ERLEC1	-3.53352948201494	2.78477373464242e-05	No	No
Q96DZ5	CLIP3	-3.20254992525396	1.42327469259557e-12	No	No
Q96DZ9	CMTM5	-6.17612886743871	4.35050443823389e-07	No	No
Q96E11	MRRF	-3.70880283771813	0.0002619406207455	No	No
Q96EB6	SIRT1	-6.58332608393813	2.18869808302757e-07	No	No
Q96ED9	HOOK2	-6.21698267809395	2.309522065134e-18	No	No
Q96EV2	RBM33	-3.06714090236899	0.0028037847216667	No	No
Q96EV8	DTNBP1	-3.33345378180097	3.9347481642718895e-11	No	No
Q96EY1	DNAJA3	-4.63983647084084	0.0006222338921462	No	No
Q96EY7	PTCD3	-3.45519983045675	3.20578222523382e-05	No	No
Q96EY8	MMAB	-3.54687343911689	9.15647279798537e-12	No	No
Q96EY9	ADAT3	-7.03401703316839	3.1043506981397e-09	No	No
Q96FH0	BORCS8	-5.18931013852998	3.22019416946692e-21	No	No
Q96FL8	SLC47A1	-8.11940568003228	1.9972956773200797e-34	No	No
Q96FV9	THOC1	-2.59162004105474	4.21548363370486e-06	No	No
Q96FZ2	HMCES	-2.96791873596604	1.06142836398907e-06	No	No
Q96G03	PGM2	-3.0784044863615	3.48964083378434e-17	No	No
Q96G30	MRAP2	-3.18590176664905	5.97843901101726e-10	No	No
Q96G46	DUS3L	-2.70187927733651	0.0004512601590581	No	No
Q96GQ5	RUSF1	-2.87752054265456	0.0049944112001422	No	No
Q96GS4	BORCS6	-2.73218541518749	2.2471774825775403e-09	No	No
Q96GW7	BCAN	-5.70688132068265	2.54225762880655e-19	No	No
Q96GW9	MARS2	-5.31924027775022	6.3593980826086894e-12	No	No
Q96HF1	SFRP2	-6.56208808562795	4.6135552583989e-25	No	No
Q96HN2	AHCYL2	-2.80965213629171	4.845789095818e-17	No	No
Q96HP0	DOCK6	-4.57553348697109	2.1754593890376098e-11	No	No
Q96HR3	MED30	-2.90557408121852	0.0002708314725071	No	No
Q96HW7	INTS4	-5.23567298053947	5.19219182050323e-05	No	No
Q96HY7	DHTKD1	-6.87982628898741	8.290896002504901e-10	No	No
Q96I25	RBM17	-3.43012760681433	2.06098660252691e-07	No	No
Q96I51	RCC1L	-6.08883909830201	9.3119306908351e-13	No	No
Q96I59	NARS2	-3.84837033978369	1.1017662703407298e-11	No	No
Q96I99	SUCLG2	-4.95211259904862	3.90426918488399e-16	No	No
Q96IR7	HPDL	-6.36113540473433	8.076119901444641e-15	No	No
Q96J66	ABCC11	-7.7104159162723	6.86961880654522e-32	No	No
Q96J87	CELF6	-2.68168799668047	1.39981264624263e-09	No	No
Q96JE9	MAP6	-4.03815389697833	1.8220104093455e-22	No	No
Q96JI7	SPG11	-5.50708071634241	3.55956065407631e-16	No	No
Q96JK2	DCAF5	-5.12833425144739	5.1010842669621894e-11	No	No
Q96JP5	ZFP91	-12.4334090098704	3.94432835032149e-07	No	No
Q96JQ2	CLMN	-4.80913409772436	3.93031142711238e-14	No	No
Q96K12	FAR2	-4.0235366681723	5.21618629000572e-06	No	No
Q96KR1	ZFR	-3.78278014341961	5.41495964852247e-07	No	No
Q96L08	SUSD3	-5.62622616800025	1.63759629111795e-08	No	No
Q96LB3	IFT74	-3.64604929848963	1.88884085660581e-08	No	No
Q96LR9	APOLD1	-7.51747514976259	1.19907690815368e-14	No	No
Q96LW7	CARD19	-3.04542362419963	1.77368747567226e-05	No	No
Q96M96	FGD4	-2.6051380014278	4.8356731591538894e-11	No	No
Q96ME7	ZNF512	-6.01147095281498	2.75955566315236e-07	No	No
Q96MF6	COQ10A	-8.01250570846121	5.3121006023519497e-11	No	No
Q96MM6	HSPA12B	-5.76871915189048	0.000149790048387	No	No
Q96MP8	KCTD7	-3.06868340272165	2.19199475110314e-10	No	No
Q96MU7	YTHDC1	-3.43796647325579	7.89453053039131e-05	No	No
Q96MZ0	GDAP1L1	-6.38477144526272	4.07231238603472e-23	No	No
Q96N03	VSTM2L	-5.20770008422474	4.1230652126941e-08	No	No
Q96N19	GPR137	-3.21089700872831	0.0031799852059327	No	No
Q96PB1	CASD1	-7.89335018692912	5.698593554401761e-23	No	No
Q96PQ0	SORCS2	-7.51244537070762	4.9628067652521905e-14	No	No
Q96PU4	UHRF2	-4.17374475541639	0.0005228908427635	No	No
Q96PY6	NEK1	-4.33897168192698	9.66158528016003e-08	No	No
Q96PZ0	PUS7	-3.1767647970597	8.67993291173326e-09	No	No
Q96Q42	ALS2	-2.72175962136396	1.5803590047666301e-09	No	No
Q96QE2	SLC2A13	-3.93864075434678	2.3718342262050297e-11	No	No
Q96QT4	TRPM7	-4.14087803149405	8.24759672286075e-12	No	No
Q96QV1	HHIP	-4.70613998605721	3.07512836515472e-05	No	No
Q96RK4	BBS4	-5.53952900532376	4.0374972696190097e-13	No	No
Q96RP9	GFM1	-6.26059748333185	5.10178729660704e-19	No	No
Q96RQ1	ERGIC2	-2.67247966751358	1.9287687800162e-05	No	No
Q96RQ3	MCCC1	-4.56510272523007	2.0513783279862597e-11	No	No
Q96RR4	CAMKK2	-3.87703474465692	4.17885724830748e-06	No	No
Q96RW7	HMCN1	-7.74924186722475	5.14085498770798e-13	No	No
Q96RY7	IFT140	-3.16963191208246	1.75371426028904e-14	No	No
Q96S15	WDR24	-3.75406040406154	0.0011830852602406	No	No
Q96S38	RPS6KC1	-6.9966617328422	3.5573458537459197e-12	No	No
Q96S52	PIGS	-3.61492091238408	3.85703671241667e-12	No	No
Q96S66	CLCC1	-3.91395682461513	2.6020750846666703e-09	No	No
Q96ST2	IWS1	-3.43628470780729	1.65164352336376e-07	No	No
Q96ST3	SIN3A	-2.88058801751407	4.43501659587163e-10	No	No
Q96T23	RSF1	-3.43572805012467	2.18732106141828e-09	No	No
Q96T37	RBM15	-5.6363011269267	6.00024724871688e-08	No	No
Q96T49	PPP1R16B	-2.90185637995638	1.26790931076181e-05	No	No
Q96TC7	RMDN3	-3.75394777746816	6.2587318760471495e-12	No	No
Q99424	ACOX2	-7.29746331868012	1.58492728229978e-21	No	No
Q99442	SEC62	-2.93827394081854	1.62062423184875e-12	No	No
Q99496	RNF2	-3.46711043841556	6.3242494280549e-06	No	No
Q99500	S1PR3	-6.01143217586348	7.72948776678754e-24	No	No
Q99504	EYA3	-3.0972474363908	0.0003131016484542	No	No
Q99536	VAT1	-3.15802170935104	4.63310317787597e-22	No	No
Q99542	MMP19	-4.93075958836502	2.46590783512055e-10	No	No
Q99571	P2RX4	-4.26978077183524	2.1636722002188397e-18	No	No
Q99572	P2RX7	-9.00002023796647	2.33363677771283e-16	No	No
Q99574	SERPINI1	-10.0149258075044	1.4233841059729499e-30	No	No
Q99611	SEPHS2	-4.31812514786158	2.72739946694467e-09	No	No
Q99689	FEZ1	-5.04585818481455	1.838109468507e-11	No	No
Q99698	LYST	-6.0864695628162	1.22581657874804e-14	No	No
Q99714	HSD17B10	-2.83548699736315	6.6730336557103e-11	No	No
Q99758	ABCA3	-4.58161027924933	7.55402859748078e-10	No	No
Q99766	DMAC2L	-3.936786638238	3.43506581666899e-13	No	No
Q99788	CMKLR1	-7.80330747696179	3.76731883765179e-20	No	No
Q99797	MIPEP	-3.49444499192831	5.27436731628859e-06	No	No
Q99798	ACO2	-5.49460100236919	1.1567491971691402e-15	No	No
Q99944	EGFL8	-3.66821088436251	5.5651090095886e-08	No	No
Q99988	GDF15	-9.06063639730902	2.98210730196343e-15	No	No
Q9BPU6	DPYSL5	-8.22340048798504	5.334347812128379e-16	No	No
Q9BPW8	NIPSNAP1	-4.81678154183776	4.82074297327971e-13	No	No
Q9BPX6	MICU1	-5.35102710722198	3.95350425588739e-13	No	No
Q9BQ39	DDX50	-2.72774061039462	8.655509380782381e-09	No	No
Q9BQA9	CYBC1	-6.20997857182408	1.9249051454066e-05	No	No
Q9BQI0	AIF1L	-7.99562830980905	5.16066350023362e-08	No	No
Q9BQI5	SGIP1	-3.2729582527031	3.59191301629809e-13	No	No
Q9BQP7	MGME1	-7.09899299842914	3.44012202247946e-20	No	No
Q9BR01	SULT4A1	-8.2844201091919	7.85356458993525e-29	No	No
Q9BR61	ACBD6	-2.85337512386817	5.44515900552432e-08	No	No
Q9BRC7	PLCD4	-6.68060995094447	4.49803364140933e-06	No	No
Q9BRD0	BUD13	-2.90519481680941	2.39802998921702e-06	No	No
Q9BRX8	PRXL2A	-4.26963526547177	6.73654467599691e-13	No	No
Q9BS40	LXN	-4.79226760764639	2.31828939059761e-16	No	No
Q9BS91	SLC35A5	-2.87737113165472	2.20123119096324e-13	No	No
Q9BSA4	TTYH2	-3.96637644127876	3.88768793906578e-22	No	No
Q9BSA9	TMEM175	-4.15853841884562	9.135839907479239e-11	No	No
Q9BSF0	C2orf88	-6.29626810506364	8.28424396758582e-26	No	No
Q9BSH4	TACO1	-4.54543016587791	1.4264295496635402e-09	No	No
Q9BSH5	HDHD3	-4.281242147006	2.02112120792757e-10	No	No
Q9BSV6	TSEN34	-3.4044370205175	0.0004627951405601	No	No
Q9BSW7	SYT17	-7.46517023099783	3.4911772741657203e-25	No	No
Q9BT22	ALG1	-5.05673271227321	1.74338665852719e-08	No	No
Q9BTA0	FAM167B	-5.34587591273897	4.69604146079189e-24	No	No
Q9BTA9	WAC	-3.91965132035252	9.37320161119492e-06	No	No
Q9BTC0	DIDO1	-4.22563858586281	0.0004467101984063	No	No
Q9BTC8	MTA3	-4.07968873444375	1.40881592735246e-08	No	No
Q9BTD3	TMEM121	-3.91512659015014	1.16210862807927e-14	No	No
Q9BTD8	RBM42	-3.33278527994118	8.24912083841467e-08	No	No
Q9BTZ2	DHRS4	-3.12851410697834	2.36798956777177e-08	No	No
Q9BUB7	TMEM70	-3.16898753114551	3.42157075664948e-17	No	No
Q9BUD6	SPON2	-2.59294027280641	4.13815494966728e-09	No	No
Q9BUF7	CRB3	-4.66536226109424	2.05535287912277e-20	No	No
Q9BUL9	RPP25	-4.11579588005971	2.3270760317205796e-11	No	No
Q9BUP0	EFHD1	-4.99421581548189	4.7591578024901594e-11	No	No
Q9BUQ8	DDX23	-4.3300160078005	2.92167428763712e-11	No	No
Q9BUT1	BDH2	-3.11641233058436	1.51100168523931e-16	No	No
Q9BV36	MLPH	-2.96129616493715	1.64100805621506e-10	No	No
Q9BV40	VAMP8	-10.7338526456045	1.8656746271980601e-32	No	No
Q9BVJ6	UTP14A	-4.24650003887569	6.73417239650532e-08	No	No
Q9BVL4	SELENOO	-5.43079781494516	3.27253557857835e-13	No	No
Q9BVV7	TIMM21	-2.80781230130455	8.09273178168539e-16	No	No
Q9BW83	IFT27	-4.20080975590052	1.5721865893603401e-15	No	No
Q9BW92	TARS2	-3.88956636552915	0.0007050984475281	No	No
Q9BWE0	REPIN1	-5.18888861321071	5.45900482984098e-08	No	No
Q9BWM7	SFXN3	-4.69660005659213	2.9910880096872995e-12	No	No
Q9BWU1	CDK19	-4.0100798945686	4.2847672382948694e-12	No	No
Q9BWW8	APOL6	-4.49314881561839	1.19659954738399e-13	No	No
Q9BXC9	BBS2	-7.25988854750153	1.00980906014721e-07	No	No
Q9BXD5	NPL	-4.72396532976014	1.23599949220738e-19	No	No
Q9BXI3	NT5C1A	-3.1968398237521	8.099359994695619e-13	No	No
Q9BXJ3	C1QTNF4	-5.04146166748584	5.6473788811775796e-18	No	No
Q9BXJ8	TMEM120A	-4.64602835839681	9.53485640292259e-19	No	No
Q9BXM9	FSD1L	-4.99858294908896	2.71437234719852e-16	No	No
Q9BXP2	SLC12A9	-2.62302631528137	1.2585643813018399e-11	No	No
Q9BXS6	NUSAP1	-2.63549678334879	0.0021245560919751	No	No
Q9BXS9	SLC26A6	-2.6076250075813	2.3478423059437103e-19	No	No
Q9BXW7	HDHD5	-3.76147041772556	4.56522425652493e-07	No	No
Q9BXX0	EMILIN2	-4.54438080036469	2.67837702306748e-07	No	No
Q9BY49	PECR	-3.93224983131231	2.21098882819126e-16	No	No
Q9BY50	SEC11C	-4.13042861045517	9.74999807850289e-13	No	No
Q9BY76	ANGPTL4	-4.22528122033552	2.5865343006735e-06	No	No
Q9BYC9	MRPL20	-2.7337174813241	1.4499895105864e-10	No	No
Q9BYD1	MRPL13	-2.69858116349096	0.0021131979267149	No	No
Q9BYD3	MRPL4	-2.92343999265555	2.94817426810694e-07	No	No
Q9BYX4	IFIH1	-5.044171232753	8.70243220046678e-08	No	No
Q9BZC1	CELF4	-4.00185700744832	2.1958363384149097e-22	No	No
Q9BZC7	ABCA2	-4.04013201552672	2.56097407278708e-13	No	No
Q9BZF9	UACA	-2.82305659523122	3.4070306251867695e-11	No	No
Q9BZQ6	EDEM3	-4.548112538789	2.69275858745402e-12	No	No
Q9BZZ5	API5	-3.1546868792822	5.14164846328196e-13	No	No
Q9C040	TRIM2	-3.69123407560937	5.9340030676534e-17	No	No
Q9C0D0	PHACTR1	-8.10568463121097	2.14604462867413e-28	No	No
Q9C0D3	ZYG11B	-3.41744937918002	1.4003188375863002e-10	No	No
Q9C0E8	LNPK	-3.99950461803543	7.46258143174234e-10	No	No
Q9C0J8	WDR33	-2.81552218957936	0.0004842621869892	No	No
Q9GZP9	DERL2	-6.02419127999779	8.07670411512379e-14	No	No
Q9GZR2	REXO4	-2.93809714179724	5.25632241737156e-05	No	No
Q9GZS1	POLR1E	-2.99843953051943	7.36631502616389e-07	No	No
Q9GZT4	SRR	-2.99016476534296	1.5911111872907297e-11	No	No
Q9GZU1	MCOLN1	-3.95295114635988	6.84277333937717e-17	No	No
Q9GZY8	MFF	-2.66173478977735	2.37018711528043e-05	No	No
Q9H008	LHPP	-7.60306180850379	5.650308833677541e-23	No	No
Q9H019	MTFR1L	-3.07152948669966	1.7809697879683602e-09	No	No
Q9H078	CLPB	-4.55288380994438	5.97291914626476e-10	No	No
Q9H0E3	SAP130	-2.83669532884057	1.42043507255111e-08	No	No
Q9H0Q3	FXYD6	-4.18921597413254	3.75442261790608e-21	No	No
Q9H0R5	GBP3	-2.74439669014533	0.0037468663752831	No	No
Q9H0T7	RAB17	-5.73156926242787	4.91659906109281e-20	No	No
Q9H0U3	MAGT1	-3.49652319904901	9.305474553939511e-14	No	No
Q9H0W5	CCDC8	-7.72817151582379	1.9504894163705902e-17	No	No
Q9H173	SIL1	-3.21187613096061	5.11434899219348e-07	No	No
Q9H1B5	XYLT2	-2.72296545531923	0.0006357286806486	No	No
Q9H1B7	IRF2BPL	-6.31857122268121	2.77974335608583e-10	No	No
Q9H1E5	TMX4	-2.58402910022364	3.88367885229139e-12	No	No
Q9H1K1	ISCU	-3.38217662170123	2.72991683252697e-10	No	No
Q9H1V8	SLC6A17	-2.9624686785155	5.311209783751069e-13	No	No
Q9H1Z4	WDR13	-3.1142095740892	2.5708945846532797e-12	No	No
Q9H1Z9	TSPAN10	-7.02002664135406	3.2847036229949996e-20	No	No
Q9H237	PORCN	-4.04012302496301	3.42945154985824e-16	No	No
Q9H2B2	SYT4	-3.8326252326586	3.58621335980013e-13	No	No
Q9H2E6	SEMA6A	-6.77699517911838	1.60954142115309e-27	No	No
Q9H2I8	LRMDA	-4.67532896518391	5.19988824329005e-16	No	No
Q9H2P0	ADNP	-3.47397465247483	0.0001108993687126	No	No
Q9H2U2	PPA2	-4.07708295349267	9.60224603417261e-10	No	No
Q9H2V7	SPNS1	-3.80432802030542	5.63688435048474e-14	No	No
Q9H2X9	SLC12A5	-7.690973343452	7.25531618063175e-26	No	No
Q9H307	PNN	-2.88510540804279	2.28067423974475e-05	No	No
Q9H3P2	NELFA	-7.26616668036478	3.74880917949708e-09	No	No
Q9H410	DSN1	-6.33973210237533	0.0024762412091832	No	No
Q9H477	RBKS	-2.88046412967752	3.3682880534532e-13	No	No
Q9H479	FN3K	-4.05554160665109	2.72498674973839e-12	No	No
Q9H488	POFUT1	-4.32928855579692	8.27576264484064e-14	No	No
Q9H490	PIGU	-6.84691283763156	7.54969255312087e-06	No	No
Q9H4A5	GOLPH3L	-2.68863114866781	3.7936706594231704e-14	No	No
Q9H4B0	OSGEPL1	-3.30371538445105	7.97191992350725e-13	No	No
Q9H4M7	PLEKHA4	-4.93707755059001	7.071195015886021e-21	No	No
Q9H4Z3	PCIF1	-4.38159851665649	5.49769069423896e-10	No	No
Q9H5Q4	TFB2M	-3.44778526417095	2.07350933870745e-07	No	No
Q9H5V8	CDCP1	-7.82733683335202	2.41148644191427e-14	No	No
Q9H6S3	EPS8L2	-2.68969627194116	7.08807944215075e-06	No	No
Q9H788	SH2D4A	-3.8531700654457	4.62181679682206e-18	No	No
Q9H7N4	SCAF1	-3.16342125566288	0.0020657028926074	No	No
Q9H7P9	PLEKHG2	-2.70062989350243	0.0008711888989666	No	No
Q9H7U1	CCSER2	-2.93045765799983	0.0080106630930735	No	No
Q9H7Z3	NRDE2	-2.88207771442711	3.38264374693477e-06	No	No
Q9H845	ACAD9	-5.11839629554228	1.7420295488758402e-15	No	No
Q9H857	NT5DC2	-3.41267086679635	3.8146222695647704e-09	No	No
Q9H8H2	DDX31	-4.79857152930119	3.7040180937533103e-09	No	No
Q9H8H3	TMT1A	-6.06790621152725	2.72516619821964e-05	No	No
Q9H902	REEP1	-3.06103309433582	0.000329465618924	No	No
Q9H903	MTHFD2L	-3.80628797905652	5.01823280220628e-07	No	No
Q9H9B4	SFXN1	-3.37608248004342	3.350279351313e-07	No	No
Q9H9F9	ACTR5	-4.02353440737551	0.000150890568145	No	No
Q9H9P8	L2HGDH	-4.25799291280138	0.0001424546364137	No	No
Q9HA72	CALHM2	-2.74916585233869	9.436546219335539e-11	No	No
Q9HAC7	SUGCT	-4.87935187556804	2.18472411155055e-14	No	No
Q9HAN9	NMNAT1	-3.1485769349923	2.84850045959958e-06	No	No
Q9HAT2	SIAE	-3.50250775733582	3.30587016073805e-10	No	No
Q9HAT8	PELI2	-3.53840986226436	8.73956770570334e-16	No	No
Q9HAU0	PLEKHA5	-3.212905779288	6.581316205167401e-24	No	No
Q9HB40	SCPEP1	-3.04892704221646	1.21863700507703e-11	No	No
Q9HB90	RRAGC	-3.24566171503694	1.34924218015354e-19	No	No
Q9HBG4	ATP6V0A4	-5.27458991233636	6.88581491616795e-13	No	No
Q9HBK9	AS3MT	-3.2405714256518	2.41445860167476e-06	No	No
Q9HBL0	TNS1	-5.41309842383399	1.1216523905867899e-11	No	No
Q9HBM6	TAF9B	-4.342084116264	9.57156866201671e-05	No	No
Q9HBR0	SLC38A10	-3.2663645825483	0.0003056507835093	No	No
Q9HBW0	LPAR2	-6.8203257071993	3.15893527876518e-19	No	No
Q9HC36	MRM3	-4.29701649510757	4.47937891057455e-05	No	No
Q9HC57	WFDC1	-5.2936180603203	1.03370048762017e-17	No	No
Q9HCD5	NCOA5	-3.37523295665239	2.21450141113959e-11	No	No
Q9HCE0	EPG5	-3.78249348676643	6.63561322781368e-17	No	No
Q9HCS5	EPB41L4A	-3.53541055855563	1.66491545382126e-05	No	No
Q9HD20	ATP13A1	-3.84378364602562	1.35924792983106e-12	No	No
Q9HD33	MRPL47	-5.42627410684446	1.13033309332477e-09	No	No
Q9HD67	MYO10	-3.21804697529583	3.0459961728324203e-14	No	No
Q9NNW7	TXNRD2	-3.73707776376219	0.0014283708139956	No	No
Q9NP56	PDE7B	-4.99288356433786	1.44651153021537e-05	No	No
Q9NP78	ABCB9	-4.09505333670936	1.54313929841485e-15	No	No
Q9NP81	SARS2	-4.22739937704186	3.01038934894661e-07	No	No
Q9NPA3	MID1IP1	-5.98230156931458	1.29399844034926e-09	No	No
Q9NPE3	NOP10	-2.63008275126004	0.0094613200647516	No	No
Q9NPF2	CHST11	-2.65013685314857	1.75016265965052e-09	No	No
Q9NPH0	ACP6	-7.01299433102299	3.3404795910473602e-15	No	No
Q9NPH2	ISYNA1	-2.71628424122317	1.80327576181782e-11	No	No
Q9NPJ3	ACOT13	-3.08607242832479	3.82127409565063e-09	No	No
Q9NQ11	ATP13A2	-5.24034712501082	1.5639787443545e-13	No	No
Q9NQ36	SCUBE2	-3.18264238363485	1.362841715401e-06	No	No
Q9NQC1	JADE2	-3.05536047241478	3.83449230117726e-06	No	No
Q9NQG1	MANBAL	-3.29274511177593	6.988346925212e-05	No	No
Q9NQG5	RPRD1B	-2.59536671270467	2.99615127255514e-08	No	No
Q9NQG7	HPS4	-3.84849286020993	6.472497798114771e-09	No	No
Q9NQL2	RRAGD	-6.14042675089483	8.8847767141588e-17	No	No
Q9NQQ7	SLC35C2	-3.08860341778152	1.2220245658698199e-11	No	No
Q9NQV6	PRDM10	-3.00875415745425	1.48158311809903e-07	No	No
Q9NQX7	ITM2C	-3.82719431015436	6.44629309948073e-23	No	No
Q9NR45	NANS	-2.74187411965567	3.57159559240588e-17	No	No
Q9NRA2	SLC17A5	-2.84925034281128	1.13703636961488e-14	No	No
Q9NRD1	FBXO6	-4.2595064440859	1.92864426841007e-05	No	No
Q9NRF8	CTPS2	-3.03551459052427	3.58315019902933e-13	No	No
Q9NRI5	DISC1	-5.61229720494678	0.000175521657795	No	No
Q9NRP2	CMC2	-2.76879498773903	2.02939158187226e-07	No	No
Q9NRZ7	AGPAT3	-3.7511217079564	4.64164621253617e-15	No	No
Q9NS15	LTBP3	-4.34075874491659	8.97897395548649e-05	No	No
Q9NS68	TNFRSF19	-8.62862067242281	3.27683447807836e-27	No	No
Q9NS75	CYSLTR2	-13.1159750022805	7.57720636958738e-29	No	No
Q9NS84	CHST7	-3.55862373046317	2.07434631895839e-07	No	No
Q9NSD9	FARSB	-2.87830992999437	3.20470153865283e-16	No	No
Q9NSE4	IARS2	-6.70914273247837	1.72853879639776e-15	No	No
Q9NSK0	KLC4	-2.64925727011347	4.56684468249612e-09	No	No
Q9NSY0	NRBP2	-3.68140143252413	2.17970933904849e-12	No	No
Q9NT22	EMILIN3	-3.13196522535242	1.05229231700379e-10	No	No
Q9NTG7	SIRT3	-3.26490839574918	2.5871877635323102e-15	No	No
Q9NTI5	PDS5B	-5.57489102841092	1.66251252607839e-10	No	No
Q9NTJ4	MAN2C1	-2.9903505194268	5.72320996834278e-12	No	No
Q9NTU7	CBLN4	-3.01507763769017	0.0005442619078696	No	No
Q9NU23	LYRM2	-4.12464172214453	1.78042316497917e-05	No	No
Q9NUB1	ACSS1	-8.30850367753576	9.07495558657286e-21	No	No
Q9NUI1	DECR2	-2.75109977376322	0.0024884525532616	No	No
Q9NUJ1	ABHD10	-4.73320048764053	6.8686723478806395e-12	No	No
Q9NUS5	AP5S1	-2.70147439753891	3.08757078584955e-05	No	No
Q9NV29	TMEM100	-4.43975975849699	1.2266121565764298e-22	No	No
Q9NV66	TYW1	-4.50529060901752	4.71706895348198e-11	No	No
Q9NVA1	UQCC1	-5.28136352203828	5.39318018288563e-13	No	No
Q9NVC6	MED17	-3.13202475342607	0.0016388105652267	No	No
Q9NVH1	DNAJC11	-6.61436242109269	4.8721092773457e-06	No	No
Q9NVH2	INTS7	-5.59628619729197	1.70646266639247e-12	No	No
Q9NVI7	ATAD3A	-6.03422749923699	4.15871663525029e-09	No	No
Q9NVM9	INTS13	-4.62576190965678	1.38583534971579e-06	No	No
Q9NVR2	INTS10	-4.99288337102008	2.7375607478943398e-12	No	No
Q9NVV4	MTPAP	-5.601607930943	5.16632363465155e-13	No	No
Q9NW07	ZNF358	-5.43241598129465	4.1135215197465496e-11	No	No
Q9NW13	RBM28	-3.9630525037133	8.26683981490279e-05	No	No
Q9NW15	ANO10	-3.88912721273433	1.81384587706984e-12	No	No
Q9NWB7	IFT57	-3.99748759946799	1.3112842067026799e-12	No	No
Q9NWH9	SLTM	-5.78677514677815	0.0001217663687929	No	No
Q9NWS8	RMND1	-3.49579207235972	3.5608858161547803e-09	No	No
Q9NX14	NDUFB11	-3.21411730105128	8.92655118121831e-18	No	No
Q9NXG2	THUMPD1	-3.0445637670896	1.4822459569039498e-12	No	No
Q9NXV6	CDKN2AIP	-6.72561975685591	1.4464421738421699e-11	No	No
Q9NY47	CACNA2D2	-10.012242953088	2.01693963979624e-29	No	No
Q9NYJ7	DLL3	-7.78518660297637	2.6895615374317e-32	No	No
Q9NYK5	MRPL39	-3.18749133223928	5.85459717454431e-08	No	No
Q9NYL2	MAP3K20	-2.98467613810231	1.59917120947426e-07	No	No
Q9NYQ6	CELSR1	-3.20131767450484	4.42776357130602e-05	No	No
Q9NYQ8	FAT2	-3.28027424052488	4.05296077232629e-06	No	No
Q9NYU1	UGGT2	-6.05513328440704	3.01874491536397e-12	No	No
Q9NYV4	CDK12	-6.56781001116211	3.45147352241771e-17	No	No
Q9NYY8	FASTKD2	-3.36288109671396	0.0080916167776389	No	No
Q9NZ08	ERAP1	-2.93665746763716	3.42702012684576e-11	No	No
Q9NZ43	USE1	-4.10452116490251	4.0031544088912805e-20	No	No
Q9NZB8	MOCS1	-3.36243617101924	1.7405643779300501e-09	No	No
Q9NZJ7	MTCH1	-2.74725965133556	3.42187633868403e-07	No	No
Q9NZV5	SELENON	-2.92022034884672	0.0026673554373382	No	No
Q9P0M2	AKAP7	-3.97550171947516	1.0599564048501399e-13	No	No
Q9P0N9	TBC1D7	-2.69358618205862	5.8954193348466e-08	No	No
Q9P0S9	TMEM14C	-2.76194609458391	1.33136007066891e-12	No	No
Q9P0U4	CXXC1	-3.27727460984676	1.96700166019436e-09	No	No
Q9P104	DOK5	-5.49631179270244	4.5618527811961e-17	No	No
Q9P1Q0	VPS54	-2.75028266400464	3.87552233174875e-07	No	No
Q9P1T7	MDFIC	-3.5940136806747	5.93500164614236e-08	No	No
Q9P1W3	TMEM63C	-6.33998500888669	1.21836883221823e-25	No	No
Q9P1Y5	CAMSAP3	-4.9875067424719	7.3300835141702e-14	No	No
Q9P278	FNIP2	-3.17851671357068	0.0002579469339726	No	No
Q9P291	ARMCX1	-3.30379724314041	3.47873100243547e-07	No	No
Q9P299	COPZ2	-2.80183233261972	4.766587645033731e-09	No	No
Q9P2D0	IBTK	-4.39802862831878	1.40524375245311e-07	No	No
Q9P2E5	CHPF2	-3.50849865911525	2.73723275211945e-06	No	No
Q9P2E7	PCDH10	-2.61022260909409	0.0009867351151688	No	No
Q9P2E9	RRBP1	-4.7052819294076	3.29730484882141e-17	No	No
Q9P2F8	SIPA1L2	-2.81973099769786	7.59444238716321e-07	No	No
Q9P2H3	IFT80	-4.42985073204457	4.60828850144754e-05	No	No
Q9P2K1	CC2D2A	-3.04719685515858	1.26465284030215e-05	No	No
Q9P2K3	RCOR3	-3.08605488082827	1.0287927195589e-07	No	No
Q9P2K5	MYEF2	-4.75835220409402	3.55295686932439e-12	No	No
Q9P2M4	TBC1D14	-2.96078686841532	2.65311272900694e-06	No	No
Q9P2N2	ARHGAP28	-4.23123529409401	9.55222651025298e-07	No	No
Q9P2R7	SUCLA2	-3.29887600695379	8.07520620964883e-06	No	No
Q9P2S2	NRXN2	-3.81948852008652	9.42066246522966e-07	No	No
Q9P2U8	SLC17A6	-5.90401854568888	3.52119918693693e-16	No	No
Q9UBB5	MBD2	-3.02471160165958	6.78652086277469e-06	No	No
Q9UBD5	ORC3	-3.6182935220901	0.0044891030363971	No	No
Q9UBL3	ASH2L	-4.13044807136736	6.46864734951525e-14	No	No
Q9UBL6	CPNE7	-5.82843250920929	8.69766615593852e-10	No	No
Q9UBL9	P2RX2	-5.28357735852679	8.9578433645599e-11	No	No
Q9UBN6	TNFRSF10D	-8.81612994715419	8.44409391024881e-35	No	No
Q9UBR2	CTSZ	-2.86366649619977	4.3732727239450595e-12	No	No
Q9UBS4	DNAJB11	-3.21232714745299	1.37995989608457e-08	No	No
Q9UBT2	UBA2	-3.95995237434473	1.42819689888649e-17	No	No
Q9UBU9	NXF1	-5.25635542773939	5.98857049439335e-08	No	No
Q9UBV2	SEL1L	-4.21647767124092	1.1336869674204299e-16	No	No
Q9UBW8	COPS7A	-2.87428506673321	3.78498838484644e-19	No	No
Q9UBX3	SLC25A10	-4.6671409987408	1.0203696506821601e-19	No	No
Q9UDR5	AASS	-4.13220872216679	2.58012160899362e-07	No	No
Q9UDX3	SEC14L4	-3.91245496415508	4.50008157100385e-14	No	No
Q9UEG4	ZNF629	-8.34737457600308	4.52648002555677e-08	No	No
Q9UEY8	ADD3	-2.94493174213618	1.7844757119673e-19	No	No
Q9UFN0	NIPSNAP3A	-4.10179073437351	5.5061815020234404e-14	No	No
Q9UFW8	CGGBP1	-2.83117640229941	2.37677054769399e-08	No	No
Q9UGM6	WARS2	-5.49351145023602	5.18091031571833e-13	No	No
Q9UGP8	SEC63	-4.78739996051316	8.43463122123981e-16	No	No
Q9UGQ3	SLC2A6	-5.75509546153229	5.34106697082037e-21	No	No
Q9UGT4	SUSD2	-3.38403954040649	3.64680287804085e-13	No	No
Q9UH03	SEPTIN3	-7.10971802410065	4.79855998801545e-26	No	No
Q9UH62	ARMCX3	-3.11052898331961	4.16878292086241e-08	No	No
Q9UHC6	CNTNAP2	-5.0712971218037	3.01593257465052e-08	No	No
Q9UHD8	SEPTIN9	-2.58492385658003	1.0267794687912999e-23	No	No
Q9UHF1	EGFL7	-8.42677111210022	1.0797934465264e-16	No	No
Q9UHG2	PCSK1N	-8.28541724238273	3.3036991253194096e-33	No	No
Q9UHI5	SLC7A8	-3.88913463193095	6.26452761384503e-17	No	No
Q9UHQ9	CYB5R1	-2.58508070539756	2.25042129421425e-12	No	No
Q9UI17	DMGDH	-3.92996804951303	2.02509928833955e-07	No	No
Q9UI40	SLC24A2	-3.20958883558371	2.00748537909254e-07	No	No
Q9UII2	ATP5IF1	-6.91176427496274	1.33031625011557e-11	No	No
Q9UII4	HERC5	-9.60136027387038	2.8868886436713303e-23	No	No
Q9UIJ7	AK3	-5.8194394432928	5.9062232606254e-14	No	No
Q9UJC3	HOOK1	-5.85903028263912	1.1347219009473899e-11	No	No
Q9UJF2	RASAL2	-4.25622291097473	2.38446186909445e-17	No	No
Q9UJH8	METRN	-5.01819630857338	3.41656064809972e-06	No	No
Q9UJJ9	GNPTG	-2.72081304892749	1.52638210487458e-06	No	No
Q9UJS0	SLC25A13	-4.90957574263177	7.91278305650523e-10	No	No
Q9UJV8	PURG	-5.61822256517997	9.48368472271723e-16	No	No
Q9UK17	KCND3	-3.85817147948952	1.30038736069205e-12	No	No
Q9UK59	DBR1	-3.57223841970906	6.50368994457203e-10	No	No
Q9UK61	TASOR	-5.72468712380716	8.19385367381963e-08	No	No
Q9UKE5	TNIK	-2.66824663939811	7.427727265947051e-17	No	No
Q9UKJ3	GPATCH8	-5.2924267909907	1.25432413524503e-05	No	No
Q9UKP4	ADAMTS7	-5.26510320172092	1.10780225896979e-14	No	No
Q9UKP5	ADAMTS6	-4.08354499711608	6.743137918353e-12	No	No
Q9UKU0	ACSL6	-2.95783562743245	3.67279133324449e-11	No	No
Q9UKU9	ANGPTL2	-2.73667541938417	2.0092550871014102e-09	No	No
Q9UKV3	ACIN1	-3.81988402337112	8.329421048253689e-11	No	No
Q9UKX5	ITGA11	-2.80670118584971	4.4658067380589e-09	No	No
Q9UKX7	NUP50	-3.5850814775831	5.89642087825085e-08	No	No
Q9UKZ9	PCOLCE2	-5.27362335338645	1.98324939532207e-10	No	No
Q9UL03	INTS6	-2.97256930054346	0.0002278769370954	No	No
Q9UL12	SARDH	-3.54079891134613	8.4765437436125e-13	No	No
Q9ULD0	OGDHL	-6.62172618854866	8.22944676037625e-20	No	No
Q9ULD2	MTUS1	-3.76481905650707	1.86506541223788e-06	No	No
Q9ULG6	CCPG1	-3.84702252473757	1.89323894527716e-08	No	No
Q9ULK4	MED23	-3.62570290816413	0.0001979499677663	No	No
Q9ULK5	VANGL2	-4.32505521443066	2.70928465852661e-12	No	No
Q9ULM0	PLEKHH1	-2.84265788476577	0.00040467061147	No	No
Q9ULQ1	TPCN1	-2.75257451743032	2.39585128707194e-16	No	No
Q9ULR3	PPM1H	-6.78243979526563	4.4700028521984794e-18	No	No
Q9ULU4	ZMYND8	-3.74540877145837	8.10045167518629e-06	No	No
Q9ULU8	CADPS	-5.825880212849	2.09753510202722e-20	No	No
Q9ULX6	AKAP8L	-3.17295587516424	0.0009030491350387	No	No
Q9ULX7	CA14	-7.96137806045324	1.1390329599217499e-26	No	No
Q9ULZ3	PYCARD	-5.22971147851107	3.3863764674325503e-15	No	No
Q9UM73	ALK	-6.17698151658777	1.16975940181238e-17	No	No
Q9UMS0	NFU1	-2.57812516583201	1.2874466584064e-09	No	No
Q9UMW8	USP18	-4.56948823289781	1.42223633265699e-07	No	No
Q9UMX9	SLC45A2	-9.72420423459231	5.634157834674349e-30	No	No
Q9UN71	PCDHGB4	-4.31940675513235	6.06539224744047e-13	No	No
Q9UNA0	ADAMTS5	-4.19622951312734	9.06969969251903e-07	No	No
Q9UNA1	ARHGAP26	-3.23411143504928	6.78807797924459e-06	No	No
Q9UNA4	POLI	-2.60295082251472	0.0012823672768404	No	No
Q9UNH6	SNX7	-3.317714958477	5.59315213052313e-08	No	No
Q9UNP4	ST3GAL5	-6.55725263140228	2.32913863859765e-24	No	No
Q9UNP9	PPIE	-3.61467155142626	5.82184543291245e-11	No	No
Q9UNW1	MINPP1	-3.34137972676841	9.6149064692662e-09	No	No
Q9UPN4	CEP131	-4.39154047468217	2.69062450475602e-06	No	No
Q9UPN9	TRIM33	-3.87609238699257	0.0001409876310126	No	No
Q9UPP2	IQSEC3	-3.8760174537729	1.32444891054568e-14	No	No
Q9UPQ7	PDZRN3	-2.86851642260614	3.17273516238465e-10	No	No
Q9UPR5	SLC8A2	-9.65213706812275	2.28887141418204e-26	No	No
Q9UPT6	MAPK8IP3	-3.88598074609379	1.13114360254656e-12	No	No
Q9UPV7	PHF24	-3.85966541448725	4.5533607385333e-21	No	No
Q9UPZ3	HPS5	-4.12477151828913	4.7183037728535e-10	No	No
Q9UPZ6	THSD7A	-5.91605241266056	2.1630341341364699e-13	No	No
Q9UPZ9	CILK1	-3.05984330032542	9.93636996228818e-08	No	No
Q9UQ53	MGAT4B	-4.83421551739006	1.52490218668235e-05	No	No
Q9UQ90	SPG7	-3.07852504757913	4.11162747954585e-05	No	No
Q9UQF2	MAPK8IP1	-3.0963731885358	0.0001845031277565	No	No
Q9Y216	MTMR7	-4.33796121085697	4.25244712734832e-07	No	No
Q9Y232	CDYL	-3.44906988330897	0.001560195338772	No	No
Q9Y250	LZTS1	-6.12522309108863	2.75135973979819e-20	No	No
Q9Y259	CHKB	-2.66867959234004	2.29312534270835e-12	No	No
Q9Y275	TNFSF13B	-2.95771764497055	9.732976450252461e-15	No	No
Q9Y276	BCS1L	-3.41623220075057	0.0002336438088696	No	No
Q9Y287	ITM2B	-3.5884653207135	6.830514552655631e-23	No	No
Q9Y2B0	CNPY2	-2.78747994739722	4.1305930148213e-15	No	No
Q9Y2E5	MAN2B2	-6.23098184834001	7.230099985801361e-09	No	No
Q9Y2E6	DTX4	-4.56163759904358	9.088256710540769e-11	No	No
Q9Y2G0	EFR3B	-8.50820534774534	1.28663826963272e-22	No	No
Q9Y2G5	POFUT2	-6.14918483592383	5.08111692010819e-10	No	No
Q9Y2G8	DNAJC16	-4.08047072763625	2.98740189113628e-13	No	No
Q9Y2H5	PLEKHA6	-2.90288124778726	1.47117271350315e-10	No	No
Q9Y2H6	FNDC3A	-5.21535522942925	3.8999653278383804e-14	No	No
Q9Y2I7	PIKFYVE	-3.61043632449253	4.18403123077769e-08	No	No
Q9Y2J8	PADI2	-6.08690294892484	8.5307700618162e-25	No	No
Q9Y2K7	KDM2A	-4.52529110556365	9.154769639914579e-11	No	No
Q9Y2L6	FRMD4B	-4.89099070562114	9.00579376702196e-06	No	No
Q9Y2Q0	ATP8A1	-3.79908171575056	4.205998567023131e-09	No	No
Q9Y2Q3	GSTK1	-3.40166079183434	2.16857687736761e-10	No	No
Q9Y2S2	CRYL1	-7.4255361153182	3.34038992679364e-22	No	No
Q9Y2T3	GDA	-2.84307785130273	1.38405701290055e-08	No	No
Q9Y2U8	LEMD3	-2.88241657564344	0.008140533840894	No	No
Q9Y2W1	THRAP3	-3.08949837600898	2.01655986441171e-10	No	No
Q9Y2X0	MED16	-5.80054764169117	1.5905420807429697e-11	No	No
Q9Y2Z2	MTO1	-2.85078496822414	0.0001078365060454	No	No
Q9Y2Z4	YARS2	-6.1748058621823	4.82120346555608e-08	No	No
Q9Y305	ACOT9	-4.6374198063802	2.2996813320087702e-14	No	No
Q9Y365	STARD10	-2.88559965069798	4.919308004976921e-10	No	No
Q9Y366	IFT52	-3.72732571140643	8.10924017299683e-09	No	No
Q9Y383	LUC7L2	-2.73481254078831	5.843310723579271e-15	No	No
Q9Y385	UBE2J1	-3.61201671775777	5.07941156350131e-14	No	No
Q9Y399	MRPS2	-5.30435431549925	8.89103203648502e-12	No	No
Q9Y3B7	MRPL11	-4.13552057925489	7.49416166084189e-07	No	No
Q9Y3B9	RRP15	-4.29155946198793	1.36987270516972e-20	No	No
Q9Y3Z3	SAMHD1	-5.6540872041717	2.6785484589746603e-15	No	No
Q9Y463	DYRK1B	-3.08296158684712	6.725835480501879e-12	No	No
Q9Y4A5	TRRAP	-4.24782095600322	1.67051503514689e-05	No	No
Q9Y4B6	DCAF1	-3.84481901104142	5.50338750163941e-08	No	No
Q9Y4D2	DAGLA	-3.23976666394735	3.24292587316723e-07	No	No
Q9Y4D7	PLXND1	-3.57382091552129	2.48339672457269e-18	No	No
Q9Y4F3	MARF1	-3.82386577116425	2.9588734661042e-07	No	No
Q9Y4I1	MYO5A	-4.08768679404747	2.75731689504697e-26	No	No
Q9Y4L1	HYOU1	-4.51755617726591	5.72468048763375e-19	No	No
Q9Y4P3	TBL2	-4.56623670770976	6.14520770359949e-13	No	No
Q9Y4W6	AFG3L2	-4.02267594852654	2.17384771259401e-07	No	No
Q9Y512	SAMM50	-4.16364066147295	1.76859821273241e-06	No	No
Q9Y572	RIPK3	-7.09198285535308	1.3870428677777102e-23	No	No
Q9Y5J9	TIMM8B	-6.03363051699909	6.385655033572001e-22	No	No
Q9Y5L3	ENTPD2	-5.66730102069362	1.53961804384371e-19	No	No
Q9Y5L4	TIMM13	-3.33759251264251	4.43262501468357e-16	No	No
Q9Y5S1	TRPV2	-3.9504214570009	1.4240273699148e-25	No	No
Q9Y5W7	SNX14	-4.67049303106486	1.98242694792354e-06	No	No
Q9Y616	IRAK3	-6.42809889974892	2.01477743368672e-10	No	No
Q9Y646	CPQ	-3.52633708069022	2.7396713739254603e-14	No	No
Q9Y666	SLC12A7	-3.08177590562056	5.59967537167892e-18	No	No
Q9Y673	ALG5	-3.52267775152321	1.79025682139048e-07	No	No
Q9Y680	FKBP7	-4.89491377603848	1.15793612200467e-06	No	No
Q9Y697	NFS1	-5.32043972171178	7.71290035881e-11	No	No
Q9Y6C2	EMILIN1	-4.9885886524587	2.5922495743665e-11	No	No
Q9Y6C9	MTCH2	-3.60460802528394	2.66359443895765e-05	No	No
Q9Y6K0	CEPT1	-3.01804470770207	1.13947867554692e-12	No	No
Q9Y6K5	OAS3	-3.94121720894277	4.29537723781021e-15	No	No
Q9Y6N5	SQOR	-4.16523639054477	4.95196938299308e-15	No	No
Q9Y6P5	SESN1	-3.26197640017399	0.0015163242170258	No	No
Q9Y6U3	SCIN	-4.79255276768499	1.47754029415719e-25	No	No
Q9Y6X4	FAM169A	-8.11497345555245	6.9531429479657795e-28	No	No
Q9Y6X8	ZHX2	-3.96924634109059	2.65410343516073e-06	No	No
