Protein_Group	Genes	SAX_62001_M1_vs_RAW_62001_M1_logFC	SAX_62001_M1_vs_RAW_62001_M1_pval	Removed?	Contaminant?
A0A075B6H7	IGKV3-7	2.67881584687563	5.40642501840651e-05	No	No
A0A075B6H9	IGLV4-69	3.65769049853263	0.0013189065839963	No	No
A0A075B6I0	IGLV8-61	1.5373237953481	0.0044706815256113	No	No
A0A075B6I1	IGLV4-60	8.5059075545842	2.53251111417109e-08	No	No
A0A075B6I4	IGLV10-54	2.08199576670196	1.88344917023446e-05	No	No
A0A075B6I9	IGLV7-46	2.73326254278875	1.95468937023302e-07	No	No
A0A075B6J2	IGLV2-33	1.68752120811854	0.0004777785417083	No	No
A0A075B6J9	IGLV2-18	4.08872676548289	1.6524950955693102e-09	No	No
A0A075B6K4	IGLV3-10	2.33492928692798	5.61467727653029e-07	No	No
A0A075B6S2	IGKV2D-29	1.52079816248068	0.0058940456929938	No	No
A0A075B7D0	IGHV1OR15-1	5.89721505884175	0.0014975222289536	No	No
A0A075B7D8	IGHV3OR15-7	8.05919747725158	1.64030287088636e-24	No	No
A0A087WSX0	IGLV5-45	2.10000301367975	0.0097915395566712	No	No
A0A087WSZ0	IGKV1D-8	1.61047329182339	0.0010840374932207	No	No
A0A0A0MS14	IGHV1-45	2.2150599680533	7.49886008088836e-06	No	No
A0A0B4J1V6	IGHV3-73	2.651671566776	3.26225408931723e-07	No	No
A0A0B4J1Y8	IGLV9-49	2.03512795060101	0.000383431087587	No	No
A0A0B4J1Y9	IGHV3-72	1.69020428043263	4.67595088322419e-05	No	No
A0A0C4DH29	IGHV1-3	2.42705623092269	1.22324776153882e-06	No	No
A0A0C4DH33	IGHV1-24	6.50869981182031	1.70801555840783e-21	No	No
A0A0C4DH38	IGHV5-51	1.98553785133524	0.0007875202837189	No	No
A0A0C4DH39	IGHV1-58	2.59236575022569	0.0004706989141912	No	No
A0A0G2JS06	IGLV5-39	2.68332803056938	7.10760671747228e-06	No	No
A0A0J9YY99	gene	2.68449975414977	2.10026460047722e-05	No	No
A0A1B0GTC6	C3orf85	7.28796866838695	1.25203912671136e-24	No	No
A0FGR8	ESYT2	7.39495677098709	2.5780471537157404e-19	No	No
A0MZ66	SHTN1	2.03394950384502	0.0004214634948462	No	No
A1L4H1	SSC5D	3.119849634256	7.05799620889607e-07	No	No
A2VDF0	FUOM	3.22881168463221	1.08201300679289e-08	No	No
A4D1P6	WDR91	5.43716825501101	1.6042676872403602e-14	No	No
A5YKK6	CNOT1	2.33652322602177	0.002633584205004	No	No
A6NDB9	PALM3	8.00349868056001	2.06155348473488e-17	No	No
A6NDG6	PGP	4.83636763947896	1.78733801279074e-11	No	No
A6NH11	GLTPD2	4.91205106345355	0.003949590429908	No	No
A6NHL2	TUBAL3	9.60440902253671	1.9161871614539798e-26	No	No
B0I1T2	MYO1G	2.96127749340274	3.1728513624527e-07	No	No
B1AKI9	ISM1	3.10586877475294	0.0022191236177826	No	No
B2RUZ4	SMIM1	5.97341456604209	1.12474957165796e-19	No	No
E9PAV3	NACA	11.2127293085453	1.52096620471311e-33	No	No
O00139	KIF2A	10.4612683638115	1.7882961979713e-25	No	No
O00142	TK2	2.75824395524685	0.000195279744644	No	No
O00151	PDLIM1	12.9345502993119	1.67170062476716e-35	No	No
O00154	ACOT7	5.97679843989304	1.9597649442022797e-11	No	No
O00159	MYO1C	8.02074240001076	7.31060303105677e-23	No	No
O00161	SNAP23	10.7523220950814	2.09811483143147e-36	No	No
O00170	AIP	6.16823273674164	6.17619955955476e-17	No	No
O00182	LGALS9	9.51011381686342	5.32176288101488e-33	No	No
O00186	STXBP3	6.63727030117319	6.1221265606938e-18	No	No
O00187	MASP2	6.89983108741728	1.36281655021513e-24	No	No
O00194	RAB27B	11.7102715427667	5.51668126637412e-36	No	No
O00203	AP3B1	7.86798551483392	8.40918405494632e-25	No	No
O00217	NDUFS8	6.42658397235147	2.98475254984714e-22	No	No
O00231	PSMD11	11.0641851902748	6.813480728665891e-31	No	No
O00232	PSMD12	6.709986911732	5.46751657002374e-13	No	No
O00233	PSMD9	6.27394958431776	1.1329533404598799e-12	No	No
O00264	PGRMC1	7.14147527164744	2.29487356681143e-21	No	No
O00299	CLIC1	6.21767246030019	5.350738089938589e-22	No	No
O00303	EIF3F	8.12690874011606	8.90347383835801e-25	No	No
O00330	PDHX	6.40579476507218	1.64678551497009e-13	No	No
O00339	MATN2	11.6809082991005	4.75610468647188e-19	No	No
O00391	QSOX1	1.67395911292412	0.0005152102812363	No	No
O00399	DCTN6	4.66495526863161	9.86476313833021e-10	No	No
O00401	WASL	5.2784923901576	3.20652464366629e-09	No	No
O00410	IPO5	9.67014489036285	1.03285917078572e-24	No	No
O00429	DNM1L	10.0856370835978	2.75864822621085e-23	No	No
O00442	RTCA	4.53820416039889	3.2761599151260604e-09	No	No
O00461	GOLIM4	12.5258311179221	1.97857673755745e-36	No	No
O00468	AGRN	6.47430948976827	2.35581373158319e-20	No	No
O00469	PLOD2	4.96830762983025	0.0001422587041404	No	No
O00483	NDUFA4	7.44437817335275	3.1438443064748304e-20	No	No
O00487	PSMD14	9.87005455498253	3.04318190121579e-33	No	No
O00499	BIN1	5.75463945169618	9.82182395167139e-15	No	No
O00501	CLDN5	5.25900763138767	1.5242804105580799e-16	No	No
O00505	KPNA3	6.95298436442832	3.599278326637711e-15	No	No
O00533	CHL1	1.76749288058191	5.50574384347614e-05	No	No
O00541	PES1	3.49590243861922	3.50107058914541e-05	No	No
O00560	SDCBP	10.6810585499119	4.1544344271857e-33	No	No
O00567	NOP56	3.6117548406681	9.3471518484972e-05	No	No
O00571	DDX3X	7.46040928325533	1.2129496613833999e-19	No	No
O00587	MFNG	6.40747129930261	6.857594104152e-18	No	No
O00592	PODXL	6.67322351923857	1.65251189709796e-27	No	No
O00629	KPNA4	5.14349076983365	1.39303428720319e-14	No	No
O00743	PPP6C	10.3341986363438	7.68755244050414e-27	No	No
O00748	CES2	6.37873657419561	1.16837171634653e-08	No	No
O14497	ARID1A	7.53631466500428	1.42642359424176e-22	No	No
O14498	ISLR	4.2924324256116	3.2260424848577804e-15	No	No
O14548	COX7A2L	5.52736608619757	7.01030716718521e-17	No	No
O14561	NDUFAB1	8.07143492232624	8.799842453252971e-25	No	No
O14579	COPE	10.739998582042	6.39640705709306e-32	No	No
O14594	NCAN	8.24487601573288	1.47320215000702e-29	No	No
O14617	AP3D1	6.64697188313301	6.67222998452249e-12	No	No
O14618	CCS	4.59589031132591	6.41758857412639e-06	No	No
O14656	TOR1A	7.79228099045597	8.06412504160535e-17	No	No
O14657	TOR1B	4.13788011950808	4.23243402263585e-11	No	No
O14672	ADAM10	8.37675624390884	1.57879916231743e-22	No	No
O14734	ACOT8	6.06036089452721	8.0465457674227e-18	No	No
O14737	PDCD5	7.86505270105516	2.02831678136422e-12	No	No
O14744	PRMT5	7.23055366533326	2.05175165744556e-24	No	No
O14745	SLC9A3R1	6.09374632707867	6.24729826264006e-13	No	No
O14773	TPP1	11.0957548182021	5.73829477688522e-14	No	No
O14786	NRP1	7.36838348068117	1.44035875947757e-27	No	No
O14791	APOL1	2.04580955520161	1.45850217426403e-06	No	No
O14818	PSMA7	8.16700453130068	3.8883561515686905e-21	No	No
O14828	SCAMP3	7.50537102110517	1.29698076245291e-21	No	No
O14880	MGST3	6.31508820646952	7.242480346114241e-17	No	No
O14917	PCDH17	7.84779811127399	2.03021137196649e-19	No	No
O14936	CASK	3.99093411004274	2.51403542604677e-07	No	No
O14949	UQCRQ	4.72284489752762	3.57536231907074e-13	No	No
O14964	HGS	6.05801189700853	3.31541795244212e-18	No	No
O14974	PPP1R12A	9.9667679100904	3.90515751032478e-29	No	No
O14979	HNRNPDL	7.14113142357381	1.0752096243896899e-16	No	No
O14980	XPO1	7.14414300721991	6.112227046255671e-17	No	No
O15031	PLXNB2	3.40642408890124	2.8555192375779e-08	No	No
O15067	PFAS	6.42364900462261	3.74891622824556e-12	No	No
O15084	ANKRD28	7.21250061472747	2.37459550291673e-22	No	No
O15116	LSM1	9.232096863342	2.7400163341776e-27	No	No
O15117	FYB1	12.1565146426445	1.72320959511764e-39	No	No
O15123	ANGPT2	5.9390495562067	1.5069272335641301e-09	No	No
O15143	ARPC1B	10.7872107058367	2.0367433080350397e-28	No	No
O15144	ARPC2	6.31058155413517	1.6588154822602701e-21	No	No
O15145	ARPC3	4.58365850975976	4.9956628356573e-15	No	No
O15173	PGRMC2	8.93582167168464	6.010964018486159e-26	No	No
O15204	ADAMDEC1	5.40235366986586	4.1899758175374106e-09	No	No
O15212	PFDN6	7.68688270791128	1.93918553654733e-22	No	No
O15230	LAMA5	10.4510794371849	6.29737593942082e-16	No	No
O15231	ZNF185	5.64773345366931	5.54860628824416e-17	No	No
O15240	VGF	5.97933896472397	1.18909076132221e-22	No	No
O15260	SURF4	6.20545815369392	5.013937305736009e-16	No	No
O15305	PMM2	2.70851110381749	7.11529656988852e-06	No	No
O15327	INPP4B	4.55710319562068	8.9216573050218e-09	No	No
O15335	CHAD	4.88593476185308	1.19377849957287e-07	No	No
O15347	HMGB3	6.07338154346925	3.26344282048482e-21	No	No
O15355	PPM1G	9.07343984814591	1.16499357363434e-18	No	No
O15371	EIF3D	9.57224011359847	6.99462445244001e-30	No	No
O15372	EIF3H	8.09728662778426	2.69065692298884e-19	No	No
O15400	STX7	9.77197668424465	1.4268131712047898e-30	No	No
O15427	SLC16A3	6.73730649963499	4.42641394885375e-22	No	No
O15439	ABCC4	6.24432344545011	1.8629615424037202e-15	No	No
O15460	P4HA2	6.1996312155403	3.93568943656878e-10	No	No
O15466	ST8SIA5	6.17119312365791	7.30829044230446e-12	No	No
O15498	YKT6	6.69610624111379	1.1206740968072701e-14	No	No
O15511	ARPC5	5.90395043110992	2.76639506216806e-16	No	No
O15514	POLR2D	2.88805363443279	9.982725169229001e-11	No	No
O15533	TAPBP	7.91244767678578	7.1410565073189e-23	No	No
O15551	CLDN3	6.59716634601552	4.60515083335387e-19	No	No
O43143	DHX15	4.09328022607321	3.58961350977395e-06	No	No
O43149	ZZEF1	4.92653939080278	3.7051050488677694e-11	No	No
O43150	ASAP2	7.74259959535312	1.38237314616088e-22	No	No
O43157	PLXNB1	8.45324135121946	8.82388373372606e-25	No	No
O43169	CYB5B	6.79479879453396	1.3135921676643802e-15	No	No
O43173	ST8SIA3	4.71869667684746	1.08822212449016e-10	No	No
O43175	PHGDH	7.17251557105438	2.17210282464177e-14	No	No
O43182	ARHGAP6	8.99923560894266	1.45655238908857e-25	No	No
O43242	PSMD3	6.75551944187612	2.26359596957157e-09	No	No
O43264	ZW10	3.93345735427331	1.25411321668392e-07	No	No
O43278	SPINT1	1.91091469361688	0.0036675043899702	No	No
O43294	TGFB1I1	8.65204810171262	6.75237790035996e-27	No	No
O43390	HNRNPR	3.0379667693529	6.47118202533494e-05	No	No
O43396	TXNL1	12.1877162153314	1.88096015415232e-32	No	No
O43399	TPD52L2	7.47648916043593	1.27418530374077e-15	No	No
O43405	COCH	3.35432156722758	2.48653383491616e-05	No	No
O43432	EIF4G3	4.9403671790041	9.60224698239543e-15	No	No
O43488	AKR7A2	7.59509015296118	2.36789729091766e-20	No	No
O43491	EPB41L2	8.0882303121549	3.38067996050407e-23	No	No
O43493	TGOLN2	3.95643080463948	4.30680693013988e-16	No	No
O43505	B4GAT1	4.7882819424877	6.28744391604342e-18	No	No
O43516	WIPF1	8.01511394039916	3.25886094712248e-22	No	No
O43529	CHST10	5.52099774454929	5.6229963297033e-15	No	No
O43583	DENR	4.97998254706829	6.61972604134346e-07	No	No
O43598	DNPH1	7.29166818714301	3.35853599574637e-20	No	No
O43615	TIMM44	5.72333488278172	7.851579249813661e-14	No	No
O43633	CHMP2A	3.78858764536771	7.343304473818041e-09	No	No
O43639	NCK2	6.61732487550954	5.595788930677581e-25	No	No
O43665	RGS10	6.28584655142935	2.30520845397038e-16	No	No
O43670	ZNF207	5.05627062052001	2.8273872291789e-11	No	No
O43676	NDUFB3	6.32346183334995	1.05789201781248e-21	No	No
O43681	GET3	12.1415094830388	5.7187323410650007e-33	No	No
O43684	BUB3	7.14371772297449	2.29975350314445e-13	No	No
O43707	ACTN4	13.4273075779665	9.35983415651974e-46	No	No
O43708	GSTZ1	7.09863754224659	9.776415197902351e-24	No	No
O43719	HTATSF1	3.08648345777907	4.18904072353656e-10	No	No
O43747	AP1G1	6.60239471401409	4.0678793910978e-14	No	No
O43760	SYNGR2	5.97140468510636	1.47150396346489e-17	No	No
O43765	SGTA	7.78132982364452	1.16738228864712e-22	No	No
O43776	NARS1	6.44480224388668	1.58064929114417e-12	No	No
O43809	NUDT21	6.82642247361737	1.05408083725004e-22	No	No
O43815	STRN	9.40277342408285	1.28716828645264e-24	No	No
O43847	NRDC	7.35212221531141	3.08812823833089e-14	No	No
O43852	CALU	6.9635211761152	5.46647421721183e-21	No	No
O43866	CD5L	4.02257248907961	2.1796156604886703e-09	No	No
O43897	TLL1	5.29522032938191	9.062766858572209e-11	No	No
O43916	CHST1	5.93724192120123	1.2661476045688702e-09	No	No
O43920	NDUFS5	4.43536250501217	4.06611413708183e-14	No	No
O60216	RAD21	9.65951691412713	2.1877289669072202e-20	No	No
O60229	KALRN	8.96219622278398	5.741600363002971e-25	No	No
O60240	PLIN1	13.7227304251851	2.52480140968393e-39	No	No
O60243	HS6ST1	5.24013651312335	2.6346172507467702e-14	No	No
O60245	PCDH7	9.23052749549253	4.39477871975734e-29	No	No
O60268	KIAA0513	7.94074661249092	8.29641146069199e-28	No	No
O60271	SPAG9	8.14762870959886	9.76716856730359e-30	No	No
O60279	SUSD5	7.79672306357557	4.75849084097942e-21	No	No
O60306	AQR	3.32075719916652	3.79588702908612e-10	No	No
O60313	OPA1	7.83967845015714	3.45742515788675e-20	No	No
O60330	PCDHGA12	8.92839070122904	2.19791218186538e-13	No	No
O60341	KDM1A	1.4904487491049	0.0014792266462758	No	No
O60437	PPL	5.92726881867952	4.59030351429293e-17	No	No
O60449	LY75	7.83683391078129	4.34092819879293e-10	No	No
O60462	NRP2	8.29073742755245	1.4561342343745902e-23	No	No
O60493	SNX3	5.10860806642366	7.88429504293074e-14	No	No
O60496	DOK2	7.82737281725632	1.12622836483503e-27	No	No
O60502	OGA	5.10464972623302	1.45946580133127e-06	No	No
O60506	SYNCRIP	9.3669202617871	1.33108866414251e-28	No	No
O60507	TPST1	5.72969759994029	1.9433415202323e-12	No	No
O60568	PLOD3	10.3095382598239	1.3903803275911001e-22	No	No
O60610	DIAPH1	11.9225753400598	2.95042217758129e-38	No	No
O60613	SELENOF	8.3600660685849	1.6522539236035402e-23	No	No
O60664	PLIN3	2.73606971877041	0.0026278303028421	No	No
O60667	FCMR	4.83992066743856	1.33762347887513e-11	No	No
O60687	SRPX2	1.92688570725482	0.0008700400867023	No	No
O60701	UGDH	4.37896763089386	1.74977689300145e-05	No	No
O60704	TPST2	9.44636269177202	3.38432599948874e-28	No	No
O60716	CTNND1	6.92470144256595	2.11108495361858e-17	No	No
O60749	SNX2	9.33492808563772	9.28975550916229e-32	No	No
O60762	DPM1	5.65215543145958	1.59358987714281e-15	No	No
O60763	USO1	10.5008239934783	5.88649785967411e-31	No	No
O60784	TOM1	6.79843749482184	5.09952255280598e-08	No	No
O60841	EIF5B	7.15446215699918	2.39434425743706e-17	No	No
O60884	DNAJA2	7.41802565063323	1.22380757543664e-22	No	No
O60888	CUTA	5.32403084422561	2.26674461570018e-19	No	No
O60925	PFDN1	6.82640128518801	8.35490202895843e-18	No	No
O60927	PPP1R11	7.52398861027684	1.4514343276637602e-20	No	No
O60936	NOL3	10.7259583609302	9.451891420424081e-09	No	No
O75023	LILRB5	3.64974751446443	1.23692316774989e-09	No	No
O75063	FAM20B	2.18589042608307	0.0023877324183768	No	No
O75083	WDR1	5.03263227719452	9.796215616493239e-18	No	No
O75095	MEGF6	7.50454749594824	1.4053633144601e-25	No	No
O75096	LRP4	11.6411455845709	8.2498276895831e-27	No	No
O75116	ROCK2	11.0372798167306	1.3372840230681e-29	No	No
O75131	CPNE3	7.30055080618878	6.554875233451181e-19	No	No
O75144	ICOSLG	2.51993623375098	2.07580828152556e-07	No	No
O75170	PPP6R2	10.7425051435665	5.0348087155379703e-14	No	No
O75197	LRP5	13.2133763084633	4.70116680710698e-40	No	No
O75208	COQ9	7.18708737254312	4.00446605186206e-17	No	No
O75223	GGCT	5.63809241240648	7.656742246378491e-10	No	No
O75251	NDUFS7	4.73859125146003	3.76174250194537e-11	No	No
O75298	RTN2	5.70926445645362	3.41705426926389e-14	No	No
O75306	NDUFS2	5.48322495566294	3.28487561843104e-20	No	No
O75309	CDH16	11.3837193702908	1.60423196063739e-33	No	No
O75312	ZPR1	6.07753786722639	8.55051441745367e-13	No	No
O75323	NIPSNAP2	5.71518236532004	5.0035723067305e-21	No	No
O75339	CILP	7.26269631586754	5.05328967162597e-23	No	No
O75342	ALOX12B	4.82001183188103	6.78795223554219e-05	No	No
O75347	TBCA	5.4248599232128	1.16326150550388e-10	No	No
O75348	ATP6V1G1	5.10543283665539	2.74772828711398e-12	No	No
O75354	ENTPD6	3.70625440615612	0.0011234622470714	No	No
O75356	ENTPD5	10.9988547961843	1.02366648059508e-17	No	No
O75367	MACROH2A1	8.48210109425726	8.02870068939846e-23	No	No
O75368	SH3BGRL	6.92181931502115	4.0809282405496304e-19	No	No
O75369	FLNB	10.8235889015413	2.26637103868433e-12	No	No
O75381	PEX14	6.20966827729086	5.9343984449219e-21	No	No
O75390	CS	11.2719995532583	1.18121713021236e-24	No	No
O75396	SEC22B	9.65773566326348	3.70664533388517e-30	No	No
O75436	VPS26A	7.53009993133523	3.1361441707141e-23	No	No
O75439	PMPCB	4.85975901906649	6.293554309645139e-11	No	No
O75477	ERLIN1	5.21325459276746	1.38654834391283e-12	No	No
O75487	GPC4	12.2564950369231	6.48503147044485e-37	No	No
O75489	NDUFS3	8.12221987340186	1.34928969370666e-22	No	No
O75506	HSBP1	5.46019723823801	4.50441146828051e-13	No	No
O75521	ECI2	6.8719774581327	2.70649791410931e-19	No	No
O75531	BANF1	10.5097758210335	7.85543834141944e-33	No	No
O75533	SF3B1	3.19929423493323	0.0001266720268927	No	No
O75534	CSDE1	4.56515961342885	2.05004820004976e-12	No	No
O75558	STX11	10.7932591805918	1.84810361771208e-32	No	No
O75563	SKAP2	10.6320744451178	3.6788446383207e-34	No	No
O75581	LRP6	6.66942397715651	1.50863971437253e-19	No	No
O75608	LYPLA1	8.54174301867532	3.51167860977054e-22	No	No
O75629	CREG1	7.60125885953541	1.38836863939737e-22	No	No
O75643	SNRNP200	6.32489727200124	1.43642691869463e-08	No	No
O75663	TIPRL	5.06667659232902	2.01673682848029e-16	No	No
O75688	PPM1B	8.87844114082072	2.9333697729519102e-24	No	No
O75695	RP2	4.00972247971406	4.58829372001444e-14	No	No
O75718	CRTAP	5.46804404260998	1.2050791061896999e-12	No	No
O75752	B3GALNT1	9.69270368461487	2.6038186750991797e-29	No	No
O75787	ATP6AP2	8.44344658557036	4.71504537286767e-22	No	No
O75791	GRAP2	8.12121370446	1.43789867470851e-21	No	No
O75821	EIF3G	8.55991631476288	4.165869626599361e-25	No	No
O75822	EIF3J	11.1033144792289	1.4947558251309001e-36	No	No
O75832	PSMD10	6.03919322362033	3.0074418798019597e-18	No	No
O75844	ZMPSTE24	6.45873521242336	5.773391987225781e-17	No	No
O75888	TNFSF13	6.95918838032906	4.38735856731193e-15	No	No
O75891	ALDH1L1	4.86305405186896	2.13606074683067e-08	No	No
O75900	MMP23B	2.32609830042367	2.03657980264348e-05	No	No
O75935	DCTN3	7.21268574949878	9.35196088130879e-23	No	No
O75947	ATP5PD	10.7590100727891	5.47388974917825e-27	No	No
O75954	TSPAN9	9.07013153373213	1.67536426448714e-25	No	No
O75955	FLOT1	10.9329389056561	2.06868094213418e-32	No	No
O75964	ATP5MG	10.1645058702604	1.17056237372608e-26	No	No
O75995	SASH3	4.80431584934078	9.90709301574236e-10	No	No
O76003	GLRX3	11.3332755615042	7.84568002939805e-28	No	No
O76021	RSL1D1	6.17447367977205	4.756104753384251e-09	No	No
O76031	CLPX	6.53580660705876	2.26739492337152e-10	No	No
O76061	STC2	8.87069063646664	3.64557457462175e-29	No	No
O76070	SNCG	8.00674229056903	5.58370210325766e-13	No	No
O76071	CIAO1	5.94758968348412	1.66540170525621e-22	No	No
O76074	PDE5A	8.51607676325965	5.25923971239722e-24	No	No
O94766	B3GAT3	3.99150230911427	9.32841046239449e-06	No	No
O94769	ECM2	9.20277218481481	7.1548017111587e-23	No	No
O94804	STK10	6.78753047747651	3.3080682556850403e-20	No	No
O94826	TOMM70	7.34298313576323	2.21454834571659e-23	No	No
O94830	DDHD2	4.02911421657033	7.23494048703341e-09	No	No
O94832	MYO1D	3.96714300070067	3.7652479608861195e-11	No	No
O94874	UFL1	8.43531928455916	1.2094063873117901e-14	No	No
O94886	TMEM63A	7.0231891900471	1.14282725650916e-23	No	No
O94903	PLPBP	3.57232545926778	1.24513786719528e-07	No	No
O94905	ERLIN2	7.5082056655301	1.2046293674997e-18	No	No
O94919	ENDOD1	10.6055581318424	1.00988150025903e-33	No	No
O94925	GLS	4.22380388763436	1.64006867511176e-11	No	No
O94933	SLITRK3	2.59384106938175	9.68768850776838e-10	No	No
O94979	SEC31A	8.46321031669919	3.4888768937328e-25	No	No
O94985	CLSTN1	7.31860692110382	2.6479263719977e-19	No	No
O95084	PRSS23	7.16979229648452	2.28790115584162e-07	No	No
O95182	NDUFA7	6.8729142664758	5.536456106245621e-20	No	No
O95185	UNC5C	4.08326326356979	9.15578428538425e-07	No	No
O95197	RTN3	7.43924387213481	4.92049447364052e-22	No	No
O95202	LETM1	7.79660724687536	3.3812504409787003e-20	No	No
O95292	VAPB	9.07857103483454	5.50973042785413e-25	No	No
O95295	SNAPIN	8.63541883794269	5.47082040678225e-31	No	No
O95299	NDUFA10	6.82048613801825	3.4394520353608098e-12	No	No
O95302	FKBP9	9.90002100889867	9.20381307746404e-34	No	No
O95336	PGLS	6.95802480977355	8.93362268407902e-15	No	No
O95373	IPO7	8.667008440943	8.77647729435429e-17	No	No
O95376	ARIH2	4.30256215497045	2.32930219437575e-10	No	No
O95390	GDF11	2.65282210129296	6.51108587814471e-05	No	No
O95393	BMP10	10.9196044631673	6.14095172748225e-34	No	No
O95394	PGM3	2.48591316143071	0.0001039393794586	No	No
O95433	AHSA1	9.40028998603495	6.49021072399059e-28	No	No
O95445	APOM	1.82388475385828	0.000198112263645	No	No
O95450	ADAMTS2	2.10350030721725	5.35459675288653e-06	No	No
O95486	SEC24A	5.15042769897186	0.0026019918156114	No	No
O95490	ADGRL2	7.52867412575906	1.07970627345128e-06	No	No
O95498	VNN2	1.83244463029913	0.0028408749001594	No	No
O95502	NPTXR	2.2063034143802	6.85661288973769e-06	No	No
O95544	NADK	10.5100377765309	1.44728594489493e-30	No	No
O95571	ETHE1	6.65881463531611	1.12302670718766e-14	No	No
O95630	STAMBP	5.49096550510126	4.98852064850442e-11	No	No
O95633	FSTL3	10.047238205316	2.4943629663690897e-28	No	No
O95674	CDS2	8.64153242087085	1.79555229002622e-27	No	No
O95721	SNAP29	5.56903213277526	1.17942990886949e-14	No	No
O95727	CRTAM	7.19500418407271	1.78960284239537e-12	No	No
O95747	OXSR1	8.77649887562211	6.64108349083247e-25	No	No
O95757	HSPA4L	5.63409554623595	5.5136262498783295e-11	No	No
O95777	LSM8	8.34363444491056	3.52286394013334e-19	No	No
O95782	AP2A1	9.17832636439911	3.9044475158199e-11	No	No
O95793	STAU1	4.31267526161846	0.0017759336344153	No	No
O95810	CAVIN2	9.77244226485557	7.47260115710409e-24	No	No
O95817	BAG3	5.34258769778143	1.85623807255121e-05	No	No
O95819	MAP4K4	6.82588557196722	6.4956079727276e-22	No	No
O95831	AIFM1	9.00124216581522	9.73444806690005e-21	No	No
O95832	CLDN1	9.08355437291024	3.66849994668111e-12	No	No
O95833	CLIC3	3.67920234778469	8.44002441733299e-05	No	No
O95841	ANGPTL1	6.1910226498679	1.58179338778861e-14	No	No
O95848	NUDT14	2.40816258067056	1.76982052737489e-08	No	No
O95861	BPNT1	5.65891785333279	1.53679984793117e-10	No	No
O95865	DDAH2	3.17477819931277	0.0001078181466764	No	No
O95866	MPIG6B	8.95755655297907	5.84014661390122e-28	No	No
O95870	ABHD16A	7.69611304372944	2.54419779080884e-17	No	No
O95881	TXNDC12	7.88573442068254	2.22167588181413e-19	No	No
O95954	FTCD	1.35966944358894	0.0088152454108179	No	No
O95965	ITGBL1	4.79198388931492	3.4414904777186995e-12	No	No
O95967	EFEMP2	8.00140196797262	1.52478432893396e-20	No	No
O95994	AGR2	10.2284998610747	1.52556118588669e-16	No	No
O96000	NDUFB10	8.48925680547887	2.26553835079281e-22	No	No
O96005	CLPTM1	3.57376983671525	0.0002049726875213	No	No
O96008	TOMM40	6.72737647172589	1.5071392469490702e-20	No	No
O96019	ACTL6A	5.28254822781021	1.1648781938282799e-11	No	No
P00167	CYB5A	8.31462771702096	1.29878928137515e-17	No	No
P00338	LDHA	1.16539046993045	0.0065039192675419	No	No
P00367	GLUD1	6.12123416183586	8.55054516961505e-19	No	No
P00387	CYB5R3	11.3613191955517	2.5430154113497197e-28	No	No
P00403	MT-CO2	10.3470374255554	5.26069305241178e-30	No	No
P00441	SOD1	1.89944636507288	0.000153174686259	No	No
P00450	CP	2.8195095678613	8.40819025362796e-12	No	No
P00451	F8	7.94792042542115	2.0056534604627998e-27	No	No
P00488	F13A1	1.71362578041734	2.43150801055455e-05	No	No
P00491	PNP	6.30200699628587	3.15788617896669e-16	No	No
P00492	HPRT1	1.9081667084183	0.0013840487733112	No	No
P00505	GOT2	4.63620838932724	4.95262450439746e-09	No	No
P00558	PGK1	3.70130599650809	4.94736489926386e-10	No	No
P00568	AK1	4.03259582624108	2.89973850769633e-06	No	No
P00734	F2	6.61153664016411	1.27688310490258e-26	No	No
P00736	C1R	4.62965166422852	4.866874031904141e-19	No	No
P00739	HPR	2.30573882140436	9.79562535995765e-05	No	No
P00740	F9	8.35485689208804	8.325346629834229e-30	No	No
P00742	F10	7.73874908944978	3.76837544790437e-26	No	No
P00813	ADA	2.60707008656432	1.30958710027925e-07	No	No
P00966	ASS1	4.73903394352729	0.0020286607564419	No	No
P01042	KNG1	5.06658056510818	4.51833795264079e-22	No	No
P01127	PDGFB	3.77018455743812	0.0023046131310063	No	No
P01130	LDLR	13.5187016192272	2.30201768591965e-35	No	No
P01133	EGF	8.76472790941816	1.5212036014174499e-18	No	No
P01137	TGFB1	8.45138589766403	1.97041850582463e-27	No	No
P01266	TG	8.94987083471058	4.09564692970293e-25	No	No
P01275	GCG	7.58303546672241	1.31283688530826e-20	No	No
P01591	JCHAIN	2.43072070674393	0.0001393033718947	No	No
P01599	IGKV1-17	2.75820817442	2.46864586831837e-05	No	No
P01700	IGLV1-47	1.42090839893537	0.0011445488868365	No	No
P01703	IGLV1-40	1.6058819642056	0.0026851942602183	No	No
P01704	IGLV2-14	2.35682489586955	0.0001691868371658	No	No
P01705	IGLV2-23	2.72525133451251	1.74292060520269e-10	No	No
P01706	IGLV2-11	1.29962082615127	0.0041144995825835	No	No
P01715	IGLV3-1	2.2011100133835	0.0001893541336962	No	No
P01717	IGLV3-25	2.49242399238435	1.26412446112758e-05	No	No
P01721	IGLV6-57	2.08899888994574	1.08344968292162e-06	No	No
P01732	CD8A	5.64530723783406	4.99169730469114e-06	No	No
P01764	IGHV3-23	2.3765122810717	1.68983110947584e-06	No	No
P01814	IGHV2-70	10.4075119274717	7.17128050588677e-24	No	No
P01834	IGKC	1.21723693705487	0.0017180912244842	No	No
P01871	IGHM	2.70797741232677	1.0004870410307e-11	No	No
P01876	IGHA1	1.87018455609523	6.54451160177509e-07	No	No
P01889	HLA-B	5.03458208386636	7.282099727204541e-15	No	No
P01911	HLA-DRB1	4.20971605461234	4.34059382868834e-09	No	No
P02452	COL1A1	3.20279284519582	6.15824192681844e-06	No	No
P02461	COL3A1	2.8891231551994	2.49333204725165e-05	No	No
P02545	LMNA	4.33671033769502	6.24395409623408e-08	No	No
P02549	SPTA1	12.4845555787107	6.05403855737427e-25	No	No
P02649	APOE	1.16510625154765	0.0053959016888144	No	No
P02655	APOC2	1.37962530021194	0.0009792347026013	No	No
P02656	APOC3	2.36476318924293	1.15794133307762e-08	No	No
P02671	FGA	3.74119102282927	6.575588984260471e-15	No	No
P02675	FGB	3.74120284823197	2.70049846947006e-13	No	No
P02679	FGG	3.24378967214753	5.70070242551728e-14	No	No
P02730	SLC4A1	5.77852157520114	2.8310046996656997e-17	No	No
P02741	CRP	7.00804452994179	1.12632858906271e-25	No	No
P02743	APCS	2.47456932065666	6.31894547722629e-09	No	No
P02748	C9	6.23246734097618	4.0014147379686603e-25	No	No
P02751	FN1	6.50512747484666	7.3618391114736495e-22	No	No
P02753	RBP4	3.86441442017944	5.72656815034425e-14	No	No
P02760	AMBP	4.42261547817874	4.34915373151148e-18	No	No
P02766	TTR	4.06834583026464	4.338306330680329e-11	No	No
P02776	PF4	3.54419994206288	9.2546653657502e-11	No	No
P02794	FTH1	3.93237646062927	4.90897813094189e-07	No	No
P02810	PRH2	12.9668611957222	1.05785661753691e-40	No	No
P04003	C4BPA	5.767004731243	5.14115550911427e-25	No	No
P04004	VTN	5.40197342805437	4.4785600872932604e-20	No	No
P04062	GBA	7.10591420645756	5.37170689657101e-23	No	No
P04070	PROC	8.62973273522677	1.98946105458381e-28	No	No
P04080	CSTB	3.2921231820816	1.88835546312096e-08	No	No
P04083	ANXA1	5.94307119867098	4.55799512191174e-12	No	No
P04085	PDGFA	5.89524458282725	1.7869883062724802e-19	No	No
P04156	PRNP	2.22395047130631	1.31512466949882e-05	No	No
P04179	SOD2	1.8567129087284	0.0002429240419101	No	No
P04180	LCAT	1.44364477345093	0.0001958042991194	No	No
P04233	CD74	4.47110584569543	8.24657209662761e-12	No	No
P04271	S100B	6.48983028063849	2.39560983512888e-22	No	No
P04275	VWF	5.94730099056268	3.3943341045477903e-20	No	No
P04350	TUBB4A	10.6766388885204	2.9153758190109e-25	No	No
P04406	GAPDH	4.7033439100875	3.5637347665634103e-19	No	No
P04430	IGKV1-16	3.44827617096816	2.02017966864196e-11	No	No
P04439	HLA-A	3.78147944450936	6.6735666677992e-15	No	No
P04440	HLA-DPB1	3.63527130835737	2.10120828177986e-06	No	No
P04632	CAPNS1	6.84563283993009	6.54315563994024e-17	No	No
P04792	HSPB1	6.96123697308604	6.42445105220007e-15	No	No
P04843	RPN1	11.4394975205629	4.23097501332361e-32	No	No
P04844	RPN2	11.3457587479111	2.1142032613151e-30	No	No
P04899	GNAI2	11.803754054695	3.6296808747384803e-39	No	No
P05019	IGF1	3.41070305446635	7.2622795119648405e-09	No	No
P05023	ATP1A1	9.73376932352157	6.85106490732304e-27	No	No
P05026	ATP1B1	2.28862005754345	2.56263210070115e-05	No	No
P05060	CHGB	5.3862802425202	5.56033954279785e-18	No	No
P05067	APP	9.18380209763811	1.47354920249964e-22	No	No
P05089	ARG1	3.7495937186654	2.66672061084128e-05	No	No
P05091	ALDH2	3.71012663802718	1.90330972856052e-05	No	No
P05106	ITGB3	8.26359033582238	8.66634510866833e-19	No	No
P05107	ITGB2	3.84265831801175	2.785762415938e-09	No	No
P05109	S100A8	1.35341368662917	0.0066459748480623	No	No
P05114	HMGN1	8.42398521058495	1.37050643205053e-16	No	No
P05121	SERPINE1	7.18474010622405	1.2397819700691201e-17	No	No
P05141	SLC25A5	8.46247962418113	6.2530534581006504e-21	No	No
P05154	SERPINA5	2.64643546482684	1.0845727940069701e-09	No	No
P05155	SERPING1	3.9625631483061	1.79237162359499e-16	No	No
P05164	MPO	5.67911160282149	2.98913967340964e-11	No	No
P05165	PCCA	6.23284609641668	5.6794403135761096e-11	No	No
P05166	PCCB	8.11622290252973	1.8477383944327e-10	No	No
P05198	EIF2S1	11.6622772553845	8.34129547257988e-34	No	No
P05386	RPLP1	8.18500227789024	4.81864704453331e-21	No	No
P05387	RPLP2	8.87811817896093	1.47357757641372e-18	No	No
P05388	RPLP0	11.8263788449583	2.4447826839022e-29	No	No
P05408	SCG5	5.37595628206217	1.68232976941826e-14	No	No
P05455	SSB	6.28020800087837	1.54631999924611e-08	No	No
P05546	SERPIND1	4.18933078821205	1.4023975458715701e-15	No	No
P05556	ITGB1	3.69298450854435	8.15579572060555e-13	No	No
P05771	PRKCB	8.93803358121627	2.96645817579502e-29	No	No
P05783	KRT18	11.0974526051454	7.412689403180101e-16	No	No
P05981	HPN	4.25535039066396	2.4683453743174297e-13	No	No
P05997	COL5A2	9.0440822842159	1.03680745812051e-29	No	No
P06132	UROD	6.68766177812876	5.767372116153361e-19	No	No
P06213	INSR	3.06874481118132	0.0030945458231296	No	No
P06241	FYN	7.20158755790273	1.62920416618219e-21	No	No
P06280	GLA	4.75154357566208	8.47757344529581e-07	No	No
P06315	IGKV5-2	9.6166447621772	8.32108259796521e-17	No	No
P06396	GSN	1.15371409652289	0.0006668565766008	No	No
P06454	PTMA	10.3901840945001	3.4431900129806603e-20	No	No
P06576	ATP5F1B	13.9211429266419	2.4485324711363e-38	No	No
P06702	S100A9	1.26016151906165	0.0048038930948035	No	No
P06703	S100A6	3.58105151574736	5.20253957133131e-10	No	No
P06730	EIF4E	5.64085280715664	3.3113636718635004e-16	No	No
P06733	ENO1	4.16194589426832	1.01675855408801e-10	No	No
P06734	FCER2	9.11262636364392	1.8884426164452702e-14	No	No
P06748	NPM1	7.34700843102677	3.7903709347014797e-16	No	No
P06753	TPM3	6.6949680625587	1.93253363386456e-09	No	No
P06756	ITGAV	8.99231911512238	5.42103523204416e-25	No	No
P06858	LPL	11.248475442024	2.94231722156596e-18	No	No
P06865	HEXA	5.63669929838542	1.26738841678917e-13	No	No
P06870	KLK1	4.65566637318481	2.91534558042189e-17	No	No
P07093	SERPINE2	7.89734872952087	2.4326222859633402e-17	No	No
P07108	DBI	3.42222338248661	1.23352321519813e-08	No	No
P07203	GPX1	12.1130772419032	6.90795024477983e-29	No	No
P07204	THBD	7.15698829585986	5.35373549399164e-08	No	No
P07225	PROS1	6.8490894589328	4.41589060300416e-24	No	No
P07237	P4HB	8.09734902877553	2.1045425687255e-26	No	No
P07333	CSF1R	5.773126113623	4.38825185567915e-19	No	No
P07339	CTSD	2.22749255210865	5.94539132252919e-06	No	No
P07355	ANXA2	5.1628471663842	1.48972980332022e-11	No	No
P07357	C8A	2.49942135441854	2.89912951425368e-08	No	No
P07359	GP1BA	6.78675762367945	3.15696781730206e-26	No	No
P07360	C8G	2.34981256820768	3.51046066037846e-08	No	No
P07384	CAPN1	6.4924588874726	3.57025637932047e-22	No	No
P07437	TUBB	8.66828204443611	1.51099413345142e-23	No	No
P07476	IVL	10.8707365171882	1.3127249920169801e-25	No	No
P07478	PRSS2	6.02427551781753	1.40409873891744e-17	No	No
P07585	DCN	5.56320194536972	4.7704522611230704e-21	No	No
P07602	PSAP	4.59808978008983	2.81729561799629e-11	No	No
P07686	HEXB	2.67407327259961	0.0010868249025124	No	No
P07711	CTSL	5.55562858366171	1.18668707352753e-05	No	No
P07737	PFN1	5.07541917267928	2.1317498809999e-21	No	No
P07741	APRT	10.0932200482664	8.75443692544079e-28	No	No
P07814	EPRS1	4.91566940377496	1.12546195535404e-16	No	No
P07858	CTSB	5.09216196626491	5.58060605049637e-10	No	No
P07900	HSP90AA1	7.27202015604386	3.68340528602503e-19	No	No
P07910	HNRNPC	10.0013450917966	9.75861460105679e-22	No	No
P07911	UMOD	3.57122178021688	0.0014852061613915	No	No
P07942	LAMB1	6.416855249142	3.7186192141309804e-14	No	No
P07948	LYN	9.51100620811508	3.0630007813839397e-28	No	No
P07954	FH	10.6605852943509	1.07357186946449e-24	No	No
P07988	SFTPB	1.87403905499837	0.0066348418630208	No	No
P07996	THBS1	6.75391628342881	3.26296586537255e-27	No	No
P08123	COL1A2	3.84907814879221	0.0005555968210902	No	No
P08133	ANXA6	10.8387146740782	1.43834399126292e-18	No	No
P08174	CD55	3.94894381136669	1.7607872206588e-06	No	No
P08195	SLC3A2	1.67839242186916	0.0001768300096582	No	No
P08237	PFKM	6.53114863490342	4.2752464702732706e-09	No	No
P08238	HSP90AB1	9.46395048913661	1.54827254129542e-22	No	No
P08240	SRPRA	5.85543850673598	2.5098340245139804e-09	No	No
P08246	ELANE	2.68817850908075	1.12421093314076e-05	No	No
P08254	MMP3	4.81358257450912	2.3734760304258303e-15	No	No
P08294	SOD3	7.41603181289569	3.42131429179958e-26	No	No
P08311	CTSG	3.93178429682352	2.4265300271051e-05	No	No
P08319	ADH4	3.440559345349	8.47036113674265e-05	No	No
P08397	HMBS	3.35626929341292	0.0006079786293961	No	No
P08473	MME	4.45441832600391	9.252437913532589e-13	No	No
P08476	INHBA	7.06481517880016	2.94138069192665e-20	No	No
P08493	MGP	3.38811367457397	4.26042775642138e-09	No	No
P08514	ITGA2B	8.5139057684655	1.37893518023406e-24	No	No
P08519	LPA	4.25635464005259	4.80926244348415e-14	No	No
P08559	PDHA1	8.42155700810142	8.85107389833312e-22	No	No
P08567	PLEK	12.0322244625113	1.13797674634657e-29	No	No
P08571	CD14	2.20387881934257	2.5639628447441e-07	No	No
P08574	CYC1	8.36577366608975	4.65790517568616e-25	No	No
P08575	PTPRC	10.2177461983618	5.15006430906523e-32	No	No
P08582	MELTF	4.20045699599008	3.09246593274633e-07	No	No
P08621	SNRNP70	4.6838718554849	3.38634948682425e-08	No	No
P08631	HCK	6.76784040683901	8.94476866091914e-16	No	No
P08648	ITGA5	7.42800855349127	6.1196406674359e-18	No	No
P08670	VIM	7.72741724015455	2.79733407854567e-23	No	No
P08697	SERPINF2	1.25640697298189	0.0014141692375515	No	No
P08708	RPS17	5.22548469849857	8.01566405637648e-08	No	No
P08709	F7	7.34217328336562	4.01924159220488e-25	No	No
P08754	GNAI3	7.14409354768666	1.83457209363102e-27	No	No
P08758	ANXA5	10.1354085391185	9.03579916203653e-26	No	No
P08833	IGFBP1	6.24177413114244	7.25369556069241e-22	No	No
P08865	RPSA	12.4336110251311	6.11616073479667e-26	No	No
P08887	IL6R	7.72328742864559	1.69255561597911e-27	No	No
P08962	CD63	10.6885353361097	3.06229713750337e-34	No	No
P09093	CELA3A	1.88127268981148	0.000200632553071	No	No
P09104	ENO2	6.48959793918124	2.7592890103268102e-14	No	No
P09110	ACAA1	2.7799759484107	1.05225015265035e-06	No	No
P09237	MMP7	2.74226659431014	4.47461543307561e-08	No	No
P09326	CD48	2.17256772887193	0.0005332366056623	No	No
P09382	LGALS1	4.50516264542534	3.8979481369031e-11	No	No
P09429	HMGB1	3.40232220049289	9.469154127096891e-09	No	No
P09466	PAEP	10.1901589005621	1.1377633236097e-20	No	No
P09486	SPARC	7.63992335212808	9.6855341190379e-27	No	No
P09493	TPM1	11.9474580422282	3.6092419718704003e-25	No	No
P09496	CLTA	8.7988459862712	4.51511795852128e-29	No	No
P09497	CLTB	6.75783247565179	3.53700571172097e-21	No	No
P09525	ANXA4	6.12101674523389	1.7464679448439998e-13	No	No
P09543	CNP	8.66249135045457	1.88014097872447e-30	No	No
P09603	CSF1	7.87306363417264	2.27185891669018e-13	No	No
P09619	PDGFRB	9.79983812198378	1.43882841363897e-34	No	No
P09622	DLD	2.12237706363337	0.0002056528823964	No	No
P09661	SNRPA1	3.59361091345512	1.7118637260326102e-09	No	No
P09668	CTSH	4.63531284440682	1.4288081132042299e-13	No	No
P09669	COX6C	7.89133931975159	4.08060683836006e-25	No	No
P09681	GIP	1.96884205433172	0.0004508482458211	No	No
P09871	C1S	6.80841035924428	3.01806793620536e-26	No	No
P09874	PARP1	6.41756185921162	4.93472465693916e-06	No	No
P09912	IFI6	5.09088956021935	2.55429337949076e-19	No	No
P09958	FURIN	4.7306573816423	6.34832630054799e-09	No	No
P0C0L4	C4A	5.99449364896095	2.44116066695014e-21	No	No
P0C0L5	C4B	6.54017893870839	4.2870899947634704e-23	No	No
P0DJI8	SAA1	1.58781023129201	0.0009065519581868	No	No
P0DJI9	SAA2	1.43937615278844	0.0075860626188878	No	No
P0DOY3	IGLC3	2.77416316871356	7.1037092210759e-08	No	No
P0DP08	IGHV4-38-2	3.60241366453229	3.1501461797214803e-09	No	No
P0DTE1	IGHV3-38-3	1.38468396551995	0.0056207781401003	No	No
P10109	FDX1	3.7986929077028	9.952741383899719e-11	No	No
P10124	SRGN	6.66326188627019	2.2976578585247e-21	No	No
P10155	RO60	6.82832258563814	1.57149256206936e-20	No	No
P10163	PRB4	2.12445663590971	7.48716744997316e-05	No	No
P10253	GAA	5.03140340584463	2.4212021715826302e-17	No	No
P10301	RRAS	7.73515051879823	5.97566231173215e-21	No	No
P10321	HLA-C	5.11157284935248	1.9998321646051e-07	No	No
P10451	SPP1	8.23525889139316	4.0963103120349e-25	No	No
P10515	DLAT	9.96119884645426	1.09226360425135e-26	No	No
P10606	COX5B	10.3248624621197	4.2505778751496304e-24	No	No
P10619	CTSA	4.30690020340246	1.2619858080511398e-11	No	No
P10620	MGST1	5.68082079828979	4.71644609253247e-05	No	No
P10644	PRKAR1A	9.30159289289723	3.25638539956621e-31	No	No
P10645	CHGA	7.24712192090016	1.4022875192265201e-21	No	No
P10646	TFPI	4.95975070885846	5.046686214844051e-15	No	No
P10720	PF4V1	6.60933487398006	4.22376130771514e-19	No	No
P10721	KIT	1.81801351239674	0.0005388732742166	No	No
P10768	ESD	2.30957141540749	0.0004210623265361	No	No
P10809	HSPD1	13.842444612984	9.72563778246964e-37	No	No
P10909	CLU	3.08204521638947	8.51917212640568e-12	No	No
P10912	GHR	4.66522136619987	1.55749074050829e-11	No	No
P10915	HAPLN1	9.85941764429359	1.26129722384683e-24	No	No
P11021	HSPA5	6.67201035773666	2.5488018749560602e-24	No	No
P11047	LAMC1	8.16657218987129	1.40783317186725e-21	No	No
P11049	CD37	7.23598707425514	1.3312973216303801e-25	No	No
P11142	HSPA8	6.4235494127878	2.28974788589973e-16	No	No
P11150	LIPC	10.1543870165701	2.7183858434368897e-18	No	No
P11166	SLC2A1	7.75835945770468	1.24432770605375e-16	No	No
P11169	SLC2A3	9.08218393541815	2.7086810122283e-23	No	No
P11171	EPB41	8.98291300928516	2.0162842148929602e-24	No	No
P11177	PDHB	8.44048956206469	2.5208660160976803e-21	No	No
P11182	DBT	4.8794623903982	1.73418661538981e-07	No	No
P11216	PYGB	4.47090727919983	1.4527148906464e-08	No	No
P11226	MBL2	4.73175273017809	2.67194691371215e-18	No	No
P11233	RALA	8.52506319297801	7.930949693645349e-28	No	No
P11234	RALB	9.17405102946344	2.70094792267708e-32	No	No
P11277	SPTB	8.07735901662089	3.0194026760991802e-24	No	No
P11310	ACADM	8.74322282346764	1.37468921509435e-24	No	No
P11362	FGFR1	10.6876568532619	1.80836614024574e-25	No	No
P11387	TOP1	6.67172410900865	1.44106651388199e-09	No	No
P11413	G6PD	11.2134109875579	2.66125108789061e-28	No	No
P11441	UBL4A	4.11900340978942	3.9214822074041296e-11	No	No
P11586	MTHFD1	4.60444286437398	0.0001431858102128	No	No
P11597	CETP	3.53474089330779	1.9821814809235698e-11	No	No
P11717	IGF2R	2.36062884998178	5.25302188902102e-06	No	No
P11766	ADH5	9.67448761320837	5.01454146936721e-28	No	No
P11940	PABPC1	4.94540915434133	5.4420011814364604e-17	No	No
P12004	PCNA	8.6452060715907	9.07446185483963e-23	No	No
P12081	HARS1	5.93190613637703	3.83997254876706e-08	No	No
P12107	COL11A1	2.47757328426703	1.95071542073165e-07	No	No
P12109	COL6A1	3.62480757760624	8.54226738839339e-12	No	No
P12110	COL6A2	7.36176901887637	6.94505393468308e-21	No	No
P12111	COL6A3	3.86029657522464	7.09458649178456e-14	No	No
P12236	SLC25A6	6.3780857247137	2.98765422412068e-20	No	No
P12259	F5	6.20673170935355	2.3361113149393402e-23	No	No
P12268	IMPDH2	8.63498230056025	8.54018968504607e-16	No	No
P12270	TPR	3.13856125028607	1.74804065066664e-05	No	No
P12273	PIP	11.2479562620007	3.46483998827324e-25	No	No
P12277	CKB	5.49146163420164	4.88608500863608e-12	No	No
P12429	ANXA3	6.07878581959762	6.300139751843251e-15	No	No
P12532	CKMT1B	4.45245926244683	2.54706704818984e-08	No	No
P12644	BMP4	11.453054725188	2.83301921048063e-39	No	No
P12814	ACTN1	15.900071540858	4.8323939433234e-38	No	No
P12829	MYL4	4.77931172024359	1.0063365298051e-14	No	No
P12830	CDH1	7.84803876908139	3.62597690273236e-27	No	No
P12883	MYH7	8.00002158250637	7.85904468787797e-26	No	No
P12931	SRC	10.7089422068323	2.63276508190725e-26	No	No
P12956	XRCC6	10.9526011002151	4.4837108756716e-19	No	No
P13010	XRCC5	10.3165033977686	2.6161598721726e-18	No	No
P13073	COX4I1	9.77357010414967	3.45292299556961e-33	No	No
P13224	GP1BB	8.1827716361489	3.45091000129715e-16	No	No
P13284	IFI30	5.03657221209398	2.8080228250633296e-11	No	No
P13489	RNH1	2.88133895926313	2.81874513108028e-07	No	No
P13497	BMP1	7.21567561030556	1.44237159086087e-24	No	No
P13521	SCG2	7.47193126053584	4.55422667839647e-26	No	No
P13591	NCAM1	7.4235488504194	2.9364631420160302e-24	No	No
P13598	ICAM2	3.35781326509238	4.7280230442324494e-11	No	No
P13611	VCAN	7.27593855494375	1.0649834977370299e-18	No	No
P13612	ITGA4	5.84664927327422	3.0515676238211704e-14	No	No
P13639	EEF2	4.51951807798353	1.36635772050171e-08	No	No
P13667	PDIA4	8.691088298659	2.8827026184744e-27	No	No
P13674	P4HA1	11.2445483439884	1.3306719967048998e-35	No	No
P13716	ALAD	5.23801495236352	1.16673228181972e-13	No	No
P13727	PRG2	7.07090699013021	3.66947952294608e-24	No	No
P13747	HLA-E	6.55208158320083	6.71557890176808e-20	No	No
P13796	LCP1	5.17783342268405	8.05576808068691e-20	No	No
P13797	PLS3	2.32645693644024	3.96088755458964e-05	No	No
P13798	APEH	13.7897056016232	1.1943489942197899e-34	No	No
P13804	ETFA	9.91020873564802	8.20483212364553e-28	No	No
P13861	PRKAR2A	9.92520996103603	1.5409797347723498e-30	No	No
P14151	SELL	3.64806111156275	1.83686819707247e-13	No	No
P14209	CD99	4.74116557223585	5.50583922443371e-11	No	No
P14314	PRKCSH	8.25874896563612	3.4969560336404905e-21	No	No
P14317	HCLS1	10.2206162083671	4.94746267672014e-32	No	No
P14324	FDPS	8.24937909634962	5.014303140969931e-09	No	No
P14384	CPM	7.12647835580041	3.54976398411385e-07	No	No
P14406	COX7A2	7.88101051898865	3.22844091126605e-23	No	No
P14543	NID1	8.18758626406626	5.26698095260884e-26	No	No
P14618	PKM	4.57142018720973	3.6857891049259706e-15	No	No
P14625	HSP90B1	7.98708683405568	1.37745534362114e-26	No	No
P14735	IDE	7.15339432057041	1.33978506704522e-09	No	No
P14770	GP9	13.2246661147541	1.09070442499232e-36	No	No
P14778	IL1R1	10.1535639478861	2.93332104136354e-29	No	No
P14780	MMP9	7.82543117029156	5.1676349384108296e-18	No	No
P14866	HNRNPL	5.42972910527118	2.13508055641988e-05	No	No
P14868	DARS1	8.91098173992379	6.40115330320902e-25	No	No
P14923	JUP	3.28836202530128	0.0017832463424177	No	No
P14927	UQCRB	7.7037117108973	3.26934125851653e-18	No	No
P15144	ANPEP	2.06176233347384	1.59583882923339e-05	No	No
P15153	RAC2	10.3572483031958	7.966191316961651e-19	No	No
P15169	CPN1	4.62930329785241	3.04407512256044e-16	No	No
P15170	GSPT1	7.05601548058141	1.49592075836945e-21	No	No
P15260	IFNGR1	4.7470509405878	5.62245909277195e-13	No	No
P15291	B4GALT1	4.88874555376264	9.69000896150969e-12	No	No
P15311	EZR	8.30620240482253	1.6273320816505402e-09	No	No
P15374	UCHL3	8.46316458117463	1.2521322820322899e-28	No	No
P15529	CD46	2.49387477973083	2.82671874534432e-08	No	No
P15531	NME1	5.91646340125606	2.26319220731963e-15	No	No
P15586	GNS	6.86011580174938	8.023574553884381e-15	No	No
P15880	RPS2	8.3373189335861	9.17868784557586e-21	No	No
P15924	DSP	4.81937436215874	5.24981075639183e-05	No	No
P15941	MUC1	6.90588900471845	1.38559141351198e-12	No	No
P16070	CD44	4.6926045606978	1.76448603971896e-10	No	No
P16104	H2AX	7.21588704852226	1.63261326007121e-18	No	No
P16109	SELP	5.01491799609795	3.15220753693015e-12	No	No
P16112	ACAN	6.46020354217979	7.46777831890674e-21	No	No
P16150	SPN	8.34592285963864	4.5220763286508005e-32	No	No
P16157	ANK1	11.7946844794091	1.16316350494184e-34	No	No
P16219	ACADS	3.28510724303959	2.53576149253242e-05	No	No
P16234	PDGFRA	11.5575602464318	3.84803327108985e-37	No	No
P16278	GLB1	9.05333000607027	1.79672137442142e-23	No	No
P16284	PECAM1	5.43560109923024	4.4089135462715397e-16	No	No
P16401	H1-5	10.1299085269441	2.63681680762393e-10	No	No
P16422	EPCAM	4.38062775999308	1.3110984557102898e-11	No	No
P16435	POR	9.13928812827317	8.04258423946701e-21	No	No
P16444	DPEP1	3.0280518050429	0.0002104196020791	No	No
P16452	EPB42	5.1379221337174	1.75039167083903e-11	No	No
P16615	ATP2A2	10.6503352128271	2.1818550865515597e-30	No	No
P16671	CD36	6.98786420015294	9.97866136891356e-18	No	No
P16870	CPE	9.82375165286433	1.05844717493495e-13	No	No
P16871	IL7R	13.0637226375137	4.15694168440483e-38	No	No
P16885	PLCG2	5.73750698641609	5.53434272282885e-13	No	No
P16949	STMN1	3.92898440956244	7.38486679728684e-05	No	No
P16989	YBX3	4.76767018248903	6.095073958765939e-11	No	No
P17050	NAGA	6.77296879013506	2.0828556574194602e-19	No	No
P17096	HMGA1	4.65923394479117	4.38316680449719e-08	No	No
P17181	IFNAR1	2.15694908969303	6.02448241164138e-06	No	No
P17301	ITGA2	6.22317866141177	7.33778434098471e-16	No	No
P17655	CAPN2	14.6358745021773	1.81303751893579e-37	No	No
P17812	CTPS1	3.56767313553712	8.49537786807489e-08	No	No
P17844	DDX5	6.54947182831455	4.02441267359744e-10	No	No
P17858	PFKL	8.22009398677919	1.51817822881834e-17	No	No
P17931	LGALS3	3.18882486526417	6.5997810974434e-05	No	No
P17936	IGFBP3	1.07127071353767	0.0071710944462863	No	No
P17980	PSMC3	10.7084762260273	1.0293003695639202e-31	No	No
P17987	TCP1	11.4909751432	9.395520242485331e-23	No	No
P18031	PTPN1	8.56953789201267	2.17669225790105e-23	No	No
P18054	ALOX12	8.52421863338335	2.7951797125530604e-23	No	No
P18075	BMP7	2.69355080014566	1.50423720700829e-08	No	No
P18077	RPL35A	6.01499784968789	1.55194540305881e-07	No	No
P18084	ITGB5	8.5630397102605	4.80335724288309e-23	No	No
P18085	ARF4	9.7528883083905	6.10849473817223e-29	No	No
P18124	RPL7	8.04032997454381	2.10787503314569e-11	No	No
P18206	VCL	3.6577840077153	1.78119752810649e-13	No	No
P18283	GPX2	3.90323640267964	2.3992877208094698e-12	No	No
P18428	LBP	4.83390539717012	1.5657141145606e-14	No	No
P18433	PTPRA	6.68928859346888	1.11061367031881e-17	No	No
P18621	RPL17	8.2314570381163	4.11856523930409e-14	No	No
P18669	PGAM1	3.46531882633581	0.0005653963535514	No	No
P18754	RCC1	2.13741827820004	0.009632833628829	No	No
P18827	SDC1	7.05186952867108	3.9689195853939794e-30	No	No
P18859	ATP5PF	7.57446831004316	3.19763398529229e-20	No	No
P18887	XRCC1	4.38027378328438	5.26377031510119e-08	No	No
P19021	PAM	3.81293541390617	1.5821540903822899e-12	No	No
P19022	CDH2	3.52495724259529	5.987979782264251e-09	No	No
P19086	GNAZ	9.21800043706171	3.11909502812744e-29	No	No
P19320	VCAM1	4.31693036126224	1.30939281006455e-16	No	No
P19338	NCL	9.3162118157054	6.956719271115381e-23	No	No
P19367	HK1	10.7235382333631	2.3988868032718698e-30	No	No
P19397	CD53	8.88810589226189	3.2061355342545804e-23	No	No
P19404	NDUFV2	7.41255980014316	2.85623790026401e-27	No	No
P19823	ITIH2	6.05614990968836	3.45652693248861e-24	No	No
P19827	ITIH1	6.554972069392	6.36929174727202e-29	No	No
P19835	CEL	5.7200648434639	3.24301542173956e-17	No	No
P19838	NFKB1	6.80836072829959	2.1494480748061897e-12	No	No
P19883	FST	10.3655746355548	5.65668470669487e-27	No	No
P19971	TYMP	5.46179648359892	3.91329754625363e-14	No	No
P20036	HLA-DPA1	6.37147141481066	3.5946009461946903e-23	No	No
P20042	EIF2S2	7.82562975199466	2.92468086763889e-11	No	No
P20073	ANXA7	5.7026547039744	4.72709771098493e-11	No	No
P20142	PGC	8.43381542193605	3.4186362559198e-27	No	No
P20160	AZU1	8.9097259023896	1.38018275204838e-19	No	No
P20290	BTF3	9.56969972655874	1.4154907584514e-09	No	No
P20338	RAB4A	7.79677618083979	2.49335236118932e-23	No	No
P20339	RAB5A	6.99011526338967	1.2693036957434e-22	No	No
P20340	RAB6A	9.55895860869713	2.90296639679281e-29	No	No
P20618	PSMB1	8.08114683027356	2.6388240226002897e-26	No	No
P20645	M6PR	6.85002554426822	4.0705624347075097e-22	No	No
P20674	COX5A	10.6747567349205	2.39902476002901e-33	No	No
P20700	LMNB1	6.03875065685368	4.4400651895505e-25	No	No
P20701	ITGAL	6.58316690259854	5.56909555228875e-15	No	No
P20774	OGN	6.08195200137017	2.87109255731861e-22	No	No
P20810	CAST	7.97034075214308	4.87276142388055e-26	No	No
P20851	C4BPB	6.03663338978392	8.84560669497909e-20	No	No
P20908	COL5A1	8.98260922937054	3.31391617788933e-26	No	No
P20962	PTMS	7.75124567894807	1.19795729509785e-27	No	No
P20963	CD247	2.21357654604188	0.0042144598135644	No	No
P21266	GSTM3	10.2715737715921	1.0302891662464e-24	No	No
P21281	ATP6V1B2	7.14078483874511	4.55904274683213e-24	No	No
P21291	CSRP1	10.894262966392	2.62920167092682e-37	No	No
P21333	FLNA	7.61771025456554	8.66120095426574e-26	No	No
P21589	NT5E	4.08227993273329	8.1657377860419e-09	No	No
P21796	VDAC1	11.1583660525686	1.07614172420113e-27	No	No
P21802	FGFR2	13.1826851839247	9.09940023858357e-18	No	No
P21810	BGN	8.91081831647709	3.91713776724599e-23	No	No
P21815	IBSP	4.77480443967699	1.54922325178922e-17	No	No
P21912	SDHB	8.18707423407107	4.77325697238183e-27	No	No
P21926	CD9	6.64264361262763	5.41298694893725e-23	No	No
P21964	COMT	7.51458989474843	3.55115444589202e-17	No	No
P21980	TGM2	8.59896057617627	1.9673051269816597e-18	No	No
P22003	BMP5	4.26961991215139	6.29712191235953e-11	No	No
P22059	OSBP	7.95303186310918	1.15221879878275e-18	No	No
P22061	PCMT1	6.71059330147035	1.4314188403219602e-17	No	No
P22102	GART	7.32179292027477	5.24289185667292e-16	No	No
P22105	TNXB	5.53788338364414	9.31674216379822e-21	No	No
P22223	CDH3	12.8488598483743	1.89731004595302e-30	No	No
P22234	PAICS	10.6653071850078	2.6601313342126697e-30	No	No
P22303	ACHE	4.61790298842645	3.54686084146355e-06	No	No
P22304	IDS	6.17686616449864	2.7764455071434704e-15	No	No
P22307	SCP2	6.73106476275611	2.9115252886262197e-18	No	No
P22314	UBA1	12.0142146019101	3.40500450820161e-24	No	No
P22352	GPX3	3.07281247621966	3.6831040244339e-10	No	No
P22455	FGFR4	4.24672622882198	3.41225724704437e-08	No	No
P22466	GAL	4.8079208388056	2.93770368349844e-10	No	No
P22570	FDXR	4.3447760905804	5.234998753651861e-09	No	No
P22607	FGFR3	9.8927040636324	9.70102607108872e-16	No	No
P22626	HNRNPA2B1	11.1916562712413	3.6809581583905996e-19	No	No
P22670	RFX1	7.16964048560498	2.63343856106057e-28	No	No
P22692	IGFBP4	3.27308461497768	1.8474268195934203e-09	No	No
P22694	PRKACB	7.78672851717119	4.61609629428305e-21	No	No
P22695	UQCRC2	11.0415233754313	5.98376195270731e-33	No	No
P22735	TGM1	6.1038658410835	2.95749192189023e-06	No	No
P22792	CPN2	5.36554182094704	6.06775311864763e-23	No	No
P22830	FECH	4.78083960025728	1.30931413764472e-15	No	No
P22891	PROZ	7.77324982357947	8.91631923702258e-28	No	No
P23083	IGHV1-2	2.73141746630124	1.95070249669232e-09	No	No
P23141	CES1	1.75355352711166	0.0061440783001047	No	No
P23142	FBLN1	7.06762513948253	6.43968722351293e-27	No	No
P23219	PTGS1	10.9445062727217	7.05715577649871e-29	No	No
P23229	ITGA6	8.0379293043651	3.6537066020005e-19	No	No
P23246	SFPQ	8.34605666465179	3.54240774151415e-15	No	No
P23284	PPIB	5.38663254868855	2.29906856085857e-15	No	No
P23327	HRC	6.5849622628158	1.40267165240535e-19	No	No
P23368	ME2	9.60769012174211	5.927973434436599e-31	No	No
P23381	WARS1	2.31176216123641	2.73293563800453e-05	No	No
P23396	RPS3	9.42828275499982	1.39271853832219e-22	No	No
P23435	CBLN1	13.0761216610157	1.03240944337503e-40	No	No
P23467	PTPRB	3.16142949269168	0.0029157220313986	No	No
P23470	PTPRG	6.4404776204478	5.325085257493941e-23	No	No
P23471	PTPRZ1	7.21040117169004	1.10049446392712e-18	No	No
P23526	AHCY	4.70742166354215	1.67103653965692e-10	No	No
P23528	CFL1	5.643828253219	6.85998319876511e-13	No	No
P23588	EIF4B	10.8107179315466	1.41878258772101e-28	No	No
P23786	CPT2	6.31892338034587	1.31883102892897e-17	No	No
P24043	LAMA2	7.95227493470559	4.92381846345821e-20	No	No
P24158	PRTN3	5.43393765108137	5.48359063620342e-08	No	No
P24534	EEF1B2	13.6741939240234	1.5646588453278998e-29	No	No
P24539	ATP5PB	9.91969236417225	4.53472287629335e-27	No	No
P24557	TBXAS1	11.0080668047186	7.906270958685731e-31	No	No
P24593	IGFBP5	1.82170814206588	0.0007235514533942	No	No
P24666	ACP1	5.70550482925836	5.79527369848783e-15	No	No
P24752	ACAT1	9.63623888616537	2.77958781919415e-26	No	No
P24821	TNC	6.70361748905616	3.05525958654136e-25	No	No
P24844	MYL9	10.5005267860754	1.11541340924386e-33	No	No
P24855	DNASE1	10.045162715114	4.68920252738388e-21	No	No
P25205	MCM3	4.88671179530164	0.0026343416306815	No	No
P25445	FAS	3.31536409758291	1.42018459484411e-06	No	No
P25686	DNAJB2	5.21469948865744	4.0477419474896504e-14	No	No
P25705	ATP5F1A	13.9186086660566	7.001147825393981e-24	No	No
P25774	CTSS	5.13367774955635	1.39398685303613e-14	No	No
P25786	PSMA1	7.78962691072704	5.99503461584485e-27	No	No
P25787	PSMA2	7.70049643872424	3.93793290412097e-24	No	No
P25788	PSMA3	7.54362819789099	2.17748108675745e-24	No	No
P25789	PSMA4	7.27537681636519	1.0450468297676501e-17	No	No
P25815	S100P	4.05680026747195	7.434468130082301e-16	No	No
P25940	COL5A3	5.75457614870976	1.55220963898799e-17	No	No
P26022	PTX3	8.74839967586107	2.25347400107656e-23	No	No
P26038	MSN	3.77233359318947	1.70381625210586e-10	No	No
P26196	DDX6	7.65443722770368	5.12391798845398e-10	No	No
P26368	U2AF2	5.20531233651755	1.05134502131007e-12	No	No
P26373	RPL13	7.88900120498577	6.09788792350827e-08	No	No
P26440	IVD	8.33434794393634	7.67244609470846e-13	No	No
P26447	S100A4	4.63703358837571	4.5092119140240105e-15	No	No
P26572	MGAT1	3.0325482095514	8.37787299071065e-08	No	No
P26583	HMGB2	8.41786464224288	1.09709157434251e-28	No	No
P26599	PTBP1	8.80076192313882	2.21671699244422e-19	No	No
P26640	VARS1	7.75837552171334	9.71176390637885e-20	No	No
P26641	EEF1G	7.48926174296877	5.615532600009121e-19	No	No
P26885	FKBP2	5.87462935678872	2.02466185275352e-19	No	No
P27105	STOM	8.12189715637512	7.52470389746833e-26	No	No
P27169	PON1	5.34517849937509	4.67444541152135e-22	No	No
P27338	MAOB	10.8610365085205	2.3313528346619098e-33	No	No
P27348	YWHAQ	6.5103087228442	6.2670435809153104e-24	No	No
P27449	ATP6V0C	9.01297515620196	2.10495356502933e-29	No	No
P27694	RPA1	4.19432294116352	3.21892707361241e-05	No	No
P27695	APEX1	4.92587103039059	6.55952874180592e-08	No	No
P27701	CD82	8.31092246567948	4.39514904012878e-27	No	No
P27707	DCK	5.55895622621805	8.360159599130189e-11	No	No
P27708	CAD	6.45124861096734	6.3436189205378e-17	No	No
P27797	CALR	7.9076233827357	9.709985353455269e-26	No	No
P27816	MAP4	9.76456418383014	1.7032171272174601e-23	No	No
P27824	CANX	9.39245574553827	1.66283508584093e-24	No	No
P28062	PSMB8	8.03391711044123	4.1967882637440096e-26	No	No
P28065	PSMB9	8.49167848297573	1.7262313175011499e-28	No	No
P28066	PSMA5	7.7484807084702	1.77206262622459e-17	No	No
P28070	PSMB4	7.64918597188959	1.1772069599287501e-23	No	No
P28072	PSMB6	7.04108084129899	3.21075331324176e-27	No	No
P28074	PSMB5	7.34844355080746	2.2043635576054298e-26	No	No
P28289	TMOD1	2.1513553618611	0.0008588329913085	No	No
P28300	LOX	4.01288319000205	5.2356587856094596e-11	No	No
P28331	NDUFS1	7.57703434422302	4.47075014929958e-19	No	No
P28482	MAPK1	5.82683403389927	1.07069536578757e-14	No	No
P28676	GCA	5.87699608433365	1.6394492480942e-05	No	No
P28838	LAP3	7.43654417789044	1.7963234056973802e-14	No	No
P28845	HSD11B1	7.57784120873413	6.096410467045391e-15	No	No
P28906	CD34	6.38746857861241	1.130742690731e-19	No	No
P29120	PCSK1	6.60323710532913	7.05978639410584e-18	No	No
P29122	PCSK6	7.61954097231028	2.29817814202802e-24	No	No
P29144	TPP2	11.7912330069789	6.0090577975982296e-33	No	No
P29218	IMPA1	6.98606746913936	9.99118403198259e-23	No	No
P29350	PTPN6	8.0830354603021	3.75942843987607e-21	No	No
P29373	CRABP2	9.96084284877297	6.33348333943063e-23	No	No
P29692	EEF1D	8.84295426752719	1.52563598319403e-27	No	No
P29966	MARCKS	4.5178886508859	5.27208627246045e-13	No	No
P30038	ALDH4A1	7.73850916055813	1.7389644620074501e-19	No	No
P30040	ERP29	9.01149902606909	1.22128373549977e-19	No	No
P30041	PRDX6	5.13924387236395	4.95148626719675e-17	No	No
P30044	PRDX5	10.4773011578965	1.26522646055123e-22	No	No
P30046	DDT	1.94404202580443	0.0001403646506339	No	No
P30048	PRDX3	4.95601638365217	5.3402135846117e-13	No	No
P30049	ATP5F1D	9.35740772991707	2.26080950362258e-25	No	No
P30050	RPL12	4.89681387322355	4.44262792667884e-13	No	No
P30084	ECHS1	8.9745259279677	9.637494958109481e-25	No	No
P30085	CMPK1	8.13325150940765	4.71763621305281e-20	No	No
P30086	PEBP1	6.1196043097039	1.45881231340178e-11	No	No
P30101	PDIA3	7.3199631296845	9.06778874330118e-26	No	No
P30153	PPP2R1A	11.7447700078155	1.4655576373809e-20	No	No
P30273	FCER1G	9.63147009038978	6.907454272111641e-31	No	No
P30405	PPIF	9.48055543603434	1.38683116570613e-28	No	No
P30419	NMT1	6.05473230450366	6.06562466543407e-11	No	No
P30520	ADSS2	3.59912862912542	6.20702706007331e-10	No	No
P30530	AXL	7.68765506322045	8.83176719025739e-21	No	No
P30566	ADSL	6.61935563754699	1.0999624095224699e-18	No	No
P30622	CLIP1	5.12545095338472	2.3134028733161697e-16	No	No
P30626	SRI	4.69730974717815	1.22123282563872e-12	No	No
P30740	SERPINB1	3.49180610637391	6.68105497531562e-10	No	No
P30825	SLC7A1	5.07729417124633	4.863756360669001e-17	No	No
P30990	NTS	10.2066632725847	2.0267284691777e-29	No	No
P31040	SDHA	8.74319846483796	3.15523368059404e-29	No	No
P31146	CORO1A	5.2733781804926	3.01623797046968e-17	No	No
P31150	GDI1	5.50951175138285	2.3664323843750202e-17	No	No
P31151	S100A7	7.7551079208893	5.18719769023119e-17	No	No
P31153	MAT2A	3.69073874082488	3.73560347371432e-07	No	No
P31323	PRKAR2B	9.99988478940898	8.79080114514968e-32	No	No
P31327	CPS1	3.79071355789269	3.153445964973e-08	No	No
P31431	SDC4	10.3968850030172	1.7374109148254098e-26	No	No
P31689	DNAJA1	8.01208673036118	1.2950286855412101e-20	No	No
P31930	UQCRC1	9.85147402964161	1.3865363841001898e-30	No	No
P31937	HIBADH	5.72565165979645	2.2187491073257e-15	No	No
P31939	ATIC	8.03575410798618	9.557049696780009e-12	No	No
P31942	HNRNPH3	4.88534326896235	7.80348521122782e-06	No	No
P31943	HNRNPH1	3.86865588489509	0.0002986064540938	No	No
P31946	YWHAB	7.32476549461012	5.83212917862741e-19	No	No
P31947	SFN	6.89790914872345	1.0191255283376e-15	No	No
P31948	STIP1	11.2653243185109	5.967885176573551e-25	No	No
P31949	S100A11	4.49670063041645	4.53364973723252e-16	No	No
P32004	L1CAM	4.89662883072553	5.802926766008079e-11	No	No
P32119	PRDX2	1.05886513295081	0.0041663818201346	No	No
P32320	CDA	6.12033896277259	5.604702921245821e-23	No	No
P32322	PYCR1	5.65210921126335	1.16169420325452e-07	No	No
P32942	ICAM3	5.53228864320953	1.56732425083428e-08	No	No
P32969	RPL9P9	7.64426919303725	1.0412727219430499e-18	No	No
P33121	ACSL1	4.49793747443442	1.9088505585675102e-09	No	No
P33151	CDH5	2.18397492232532	6.94120155547144e-07	No	No
P33176	KIF5B	8.1489280134506	3.02095644103652e-22	No	No
P33241	LSP1	8.17196986369609	3.30425483273019e-29	No	No
P33316	DUT	3.68464410435867	7.19247961672056e-06	No	No
P33992	MCM5	5.84882230464231	1.5466011859508198e-11	No	No
P33993	MCM7	5.48653787883929	6.85575938789235e-11	No	No
P34896	SHMT1	5.98486448234857	9.7949579826547e-16	No	No
P34897	SHMT2	9.7447494874211	9.06589575317361e-22	No	No
P34913	EPHX2	4.10173304738706	0.0001177530713127	No	No
P34932	HSPA4	10.9146270435955	3.3066114323361e-25	No	No
P34949	MPI	3.37292327863345	1.23115525013082e-05	No	No
P35030	PRSS3	5.99064903273448	1.88478983777576e-16	No	No
P35052	GPC1	8.40717141873475	7.737893669463751e-21	No	No
P35080	PFN2	3.60165921888935	1.12714593927845e-11	No	No
P35219	CA8	4.18915222647932	2.20129416714438e-10	No	No
P35221	CTNNA1	7.52914146661812	4.17324685230145e-19	No	No
P35222	CTNNB1	9.08996435461138	1.64234286532908e-05	No	No
P35232	PHB	10.6449307506759	1.02674207666703e-24	No	No
P35237	SERPINB6	3.84193835163128	1.13001692311141e-08	No	No
P35241	RDX	6.23385997778676	6.46806976309172e-12	No	No
P35244	RPA3	7.92002204403383	3.2504488682071403e-25	No	No
P35268	RPL22	8.12205062142566	2.9111692771340304e-20	No	No
P35270	SPR	5.17992256933546	1.29192728503448e-14	No	No
P35442	THBS2	8.57497537913577	2.93327657000216e-28	No	No
P35443	THBS4	6.83878298053624	2.0600380965935602e-21	No	No
P35555	FBN1	6.60184492180494	1.63868034875651e-10	No	No
P35579	MYH9	9.8565987597244	2.07815252656024e-24	No	No
P35580	MYH10	3.1547302379031	2.47964265661951e-08	No	No
P35606	COPB2	10.5111981420438	9.85606147092818e-34	No	No
P35611	ADD1	9.31186277653289	2.64413120064946e-31	No	No
P35612	ADD2	4.46159140246946	1.3065263979566499e-12	No	No
P35613	BSG	4.13948606534454	9.38129172190463e-08	No	No
P35625	TIMP3	7.0527125182265	1.2795709938853401e-19	No	No
P35637	FUS	4.96791538449011	1.3927828732527701e-14	No	No
P35658	NUP214	5.43077357123972	1.01315778110237e-06	No	No
P35659	DEK	3.58858383710555	1.31902218931408e-05	No	No
P35813	PPM1A	8.9442189018054	1.58901995653275e-27	No	No
P35858	IGFALS	1.67956605221651	4.20860458642301e-05	No	No
P35914	HMGCL	7.08318500375734	2.8984066114574503e-21	No	No
P35916	FLT4	7.79513780588657	8.415215996043779e-26	No	No
P35968	KDR	3.88681251165097	2.24538865572957e-10	No	No
P35998	PSMC2	11.6705587585118	2.83106186683535e-32	No	No
P36269	GGT5	2.6472344335622	5.56578759514447e-05	No	No
P36405	ARL3	4.04967775602736	2.8303920994055596e-11	No	No
P36507	MAP2K2	4.10846113139494	5.57587088000445e-06	No	No
P36542	ATP5F1C	9.78395807886596	8.790149592199261e-31	No	No
P36551	CPOX	4.16693893865971	1.47022494020556e-12	No	No
P36578	RPL4	10.8080327943253	7.33139732514641e-20	No	No
P36776	LONP1	6.45621234870604	9.5179360486273e-14	No	No
P36871	PGM1	4.45250529605746	3.20495079320266e-06	No	No
P36873	PPP1CC	9.26669673861296	2.43941059947751e-30	No	No
P36915	GNL1	1.80513553557002	0.0010755926746298	No	No
P36957	DLST	11.7223944495376	1.2625308006110799e-30	No	No
P36969	GPX4	2.8380521479607	1.50982445787643e-05	No	No
P37108	SRP14	5.65829414848523	3.11698651857007e-08	No	No
P37268	FDFT1	6.88708120378741	2.4681022764710802e-17	No	No
P37802	TAGLN2	4.28084382166498	8.76507310189078e-13	No	No
P37837	TALDO1	2.82553779464127	1.84777036602258e-05	No	No
P37840	SNCA	15.6656153712204	9.78199066194535e-41	No	No
P38117	ETFB	9.49564643489333	1.7000930926527702e-25	No	No
P38159	RBMX	7.63830379921008	1.9224710038600898e-11	No	No
P38570	ITGAE	8.40577422238238	5.730369522114749e-28	No	No
P38571	LIPA	5.93015403992526	1.3713210904891e-06	No	No
P38606	ATP6V1A	9.60385621958935	1.8008950930528e-23	No	No
P38646	HSPA9	13.0055828347199	2.1811778967279002e-36	No	No
P38919	EIF4A3	9.64683766264954	3.41504016585798e-14	No	No
P39019	RPS19	9.78594512659244	1.6938764505802898e-12	No	No
P39023	RPL3	9.35384501553177	2.16003130532127e-08	No	No
P39059	COL15A1	10.0526996346033	2.69604923404483e-19	No	No
P39060	COL18A1	6.28273383254912	1.84795634323969e-13	No	No
P39656	DDOST	10.880761096975	2.80438833614888e-26	No	No
P39687	ANP32A	11.064943495692	4.69325713397671e-20	No	No
P39748	FEN1	4.14388691850655	3.9884722365679805e-09	No	No
P40121	CAPG	7.28610116458264	2.39621197279109e-13	No	No
P40189	IL6ST	1.16924427687603	0.0073869816547274	No	No
P40197	GP5	5.56491743880989	7.304482216388271e-17	No	No
P40200	CD96	5.26586935745672	2.79224195366706e-10	No	No
P40227	CCT6A	11.3598682082658	5.75566002801591e-37	No	No
P40306	PSMB10	9.17127229534254	5.21357216991776e-24	No	No
P40616	ARL1	6.1225442915574	5.87497668901987e-16	No	No
P40763	STAT3	9.33963130691419	1.47067820031915e-22	No	No
P40855	PEX19	4.15850357250408	1.14018926741877e-08	No	No
P40925	MDH1	2.69133860012815	9.16126367982648e-06	No	No
P40926	MDH2	8.17078469912926	5.79512979141115e-13	No	No
P40939	HADHA	10.4994225472886	4.45707197839067e-27	No	No
P40967	PMEL	12.5903227139368	6.46093212127291e-38	No	No
P41091	EIF2S3	7.32092858794255	1.5279489054374198e-11	No	No
P41222	PTGDS	2.89031102207573	4.33299199076547e-10	No	No
P41226	UBA7	5.91383706409245	1.1934920554403e-11	No	No
P41240	CSK	6.38925318198234	3.78105887659579e-15	No	No
P41250	GARS1	10.387882727833	4.12605979592688e-32	No	No
P41252	IARS1	4.69290862683446	6.21269196664145e-10	No	No
P42166	TMPO	6.90288871391125	1.1289903006239e-12	No	No
P42224	STAT1	6.48859533271172	2.2135324919106e-19	No	No
P42357	HAL	10.6504263482598	2.20613352950865e-09	No	No
P42566	EPS15	9.99007470661661	5.89180298052623e-30	No	No
P42704	LRPPRC	10.672417643834	1.08255257373834e-25	No	No
P42766	RPL35	4.62286877080502	7.04764683612703e-13	No	No
P42768	WAS	10.2882271179102	1.9811786364597697e-30	No	No
P42892	ECE1	8.89010218354422	2.80205548734978e-28	No	No
P43034	PAFAH1B1	10.7930367891938	1.8757557805835797e-36	No	No
P43121	MCAM	3.87278648577686	1.3725141421046498e-11	No	No
P43243	MATR3	8.43724571907049	1.21575881379493e-15	No	No
P43250	GRK6	3.74428320472607	1.19549499497795e-08	No	No
P43251	BTD	2.1198454310449	6.18688452832021e-07	No	No
P43304	GPD2	10.1547269780296	1.39331054230533e-28	No	No
P43307	SSR1	8.25592182978999	7.96018208391361e-26	No	No
P43405	SYK	6.72627307306748	2.60338413322886e-13	No	No
P43487	RANBP1	6.01330333177265	5.9609528734303106e-15	No	No
P43490	NAMPT	5.46653575456317	3.6193654442228204e-14	No	No
P43686	PSMC4	9.45477574769055	1.2731708900473701e-14	No	No
P43897	TSFM	4.85546947979464	2.47258681082091e-08	No	No
P45877	PPIC	6.21519113736728	1.00371645366221e-08	No	No
P45880	VDAC2	12.0541688732428	4.87332797211996e-32	No	No
P45954	ACADSB	6.04371983049569	5.8911345909950294e-18	No	No
P45974	USP5	12.6656936451036	1.52470704552885e-37	No	No
P46060	RANGAP1	8.86024604162505	9.15261714655401e-29	No	No
P46087	NOP2	6.0485318365397	1.99401250569596e-21	No	No
P46109	CRKL	9.98429728890538	1.5315632594464e-26	No	No
P46379	BAG6	8.17230520599055	4.54271138503637e-20	No	No
P46459	NSF	8.79713598010184	2.3879481764517797e-22	No	No
P46531	NOTCH1	7.71512155676201	1.92440020266742e-25	No	No
P46736	BRCC3	6.9340534544954	8.31622925056883e-13	No	No
P46776	RPL27A	6.83149193767562	4.55468980122954e-13	No	No
P46777	RPL5	6.78328965498439	3.1526172796257302e-09	No	No
P46779	RPL28	7.54119525863961	6.2304783435286e-14	No	No
P46781	RPS9	8.06549740084039	5.12601467939317e-19	No	No
P46782	RPS5	4.19215177634539	3.01916096087133e-07	No	No
P46783	RPS10	7.32526939214084	8.08672969697624e-22	No	No
P46937	YAP1	2.48068570822146	5.58111963043723e-07	No	No
P46939	UTRN	7.42449691410241	1.7607638288120202e-14	No	No
P46940	IQGAP1	10.4840501272749	2.3909204072767298e-26	No	No
P46976	GYG1	7.06054377404181	1.11684130535316e-19	No	No
P46977	STT3A	7.91063048680393	2.65268953229125e-23	No	No
P47712	PLA2G4A	9.49973282940887	1.1378468092696101e-23	No	No
P47755	CAPZA2	11.2598520509047	6.957214913323411e-35	No	No
P47756	CAPZB	7.41169034960413	5.32736726528945e-25	No	No
P47897	QARS1	6.29441996702454	5.26270511501585e-10	No	No
P47914	RPL29	6.0238575535821	3.73938532198833e-13	No	No
P47929	LGALS7B	4.59505842544698	3.7665623061099e-06	No	No
P47972	NPTX2	7.22997007313709	4.57627865128422e-26	No	No
P47985	UQCRFS1	4.32337726514207	3.85636793779481e-09	No	No
P48047	ATP5PO	10.9350324098469	1.06763260223207e-29	No	No
P48059	LIMS1	10.9242009761022	3.7744304414722397e-28	No	No
P48357	LEPR	3.43742292028293	2.20757836019803e-06	No	No
P48426	PIP4K2A	11.4253013473227	3.02549630039621e-37	No	No
P48444	ARCN1	10.0350353876262	3.02017966404331e-29	No	No
P48449	LSS	3.09411579511405	1.01722025844329e-05	No	No
P48507	GCLM	8.72399828027864	2.9529248298541797e-22	No	No
P48509	CD151	9.08868478453336	9.55787333917974e-31	No	No
P48556	PSMD8	8.50311227491471	1.51218285559918e-27	No	No
P48634	PRRC2A	7.17059779850562	5.55056601729144e-17	No	No
P48643	CCT5	11.4620733777875	2.24849558988812e-35	No	No
P48681	NES	2.6191063196009	0.0031105072859421	No	No
P48723	HSPA13	5.50638386519425	8.84968789925342e-06	No	No
P48735	IDH2	12.5408172135156	2.74660151943711e-24	No	No
P48740	MASP1	7.90637108995275	5.126342922449419e-30	No	No
P48960	ADGRE5	6.13125743588282	9.42927005890306e-10	No	No
P49006	MARCKSL1	3.83837967647997	1.16254741299322e-14	No	No
P49189	ALDH9A1	4.15595756236785	1.13279290938875e-08	No	No
P49207	RPL34	7.001659633094	4.33576698726209e-10	No	No
P49257	LMAN1	9.39209530432387	2.8760237744137897e-28	No	No
P49321	NASP	11.5565686315148	7.592746221737109e-33	No	No
P49327	FASN	12.7592082554187	1.63193849742205e-26	No	No
P49354	FNTA	6.40025931878962	9.41682105052649e-17	No	No
P49356	FNTB	2.44011497031926	9.24887884743492e-05	No	No
P49368	CCT3	12.0261796935209	6.737326578339719e-29	No	No
P49406	MRPL19	3.14197131128403	6.56053813488804e-05	No	No
P49407	ARRB1	7.38267152117385	1.5167271919549302e-20	No	No
P49411	TUFM	11.449799508782	3.93539359443216e-29	No	No
P49419	ALDH7A1	7.08169089164202	3.4047913511745204e-15	No	No
P49458	SRP9	4.14470756193486	3.9786799386478e-16	No	No
P49588	AARS1	6.08513323639511	7.232896533392241e-15	No	No
P49589	CARS1	4.04421575549612	2.7489410897982003e-10	No	No
P49591	SARS1	7.22947395089928	1.68293075323224e-20	No	No
P49593	PPM1F	13.1401485777188	1.07538440720211e-28	No	No
P49641	MAN2A2	7.10871241464732	1.2171934985085302e-15	No	No
P49720	PSMB3	8.63377799574853	1.9764500403913301e-25	No	No
P49721	PSMB2	7.35452497217891	9.420017807554331e-20	No	No
P49736	MCM2	4.36376552893766	0.000124192217031	No	No
P49746	THBS3	12.1835267341546	2.00076787164148e-39	No	No
P49747	COMP	7.39702921758401	7.83493694830939e-27	No	No
P49748	ACADVL	9.80084519388793	3.97462523883627e-24	No	No
P49755	TMED10	10.6881601478678	3.28245406354297e-31	No	No
P49767	VEGFC	6.98104918218253	2.86837493979638e-20	No	No
P49770	EIF2B2	3.64671171112959	4.58463366411369e-07	No	No
P49773	HINT1	6.64368969876271	7.60428817481107e-12	No	No
P49788	RARRES1	6.00721069786255	0.0010101509432843	No	No
P49821	NDUFV1	5.35377942360928	4.04085107280534e-16	No	No
P49903	SEPHS1	3.85143261547362	3.61471136563184e-15	No	No
P49908	SELENOP	2.66293732226016	4.89960577525333e-09	No	No
P49959	MRE11	2.36756426857307	4.77904001795296e-06	No	No
P50148	GNAQ	10.4916198110617	2.89954162450534e-28	No	No
P50213	IDH3A	6.20953562923673	2.22664251197214e-17	No	No
P50225	SULT1A1	8.02789334566035	6.08586939569971e-29	No	No
P50238	CRIP1	7.29655529326973	1.24743566408801e-24	No	No
P50281	MMP14	3.21279798630446	0.0001587351944672	No	No
P50395	GDI2	5.19703867287664	5.58607799221663e-06	No	No
P50402	EMD	9.81874523968939	2.51120825311918e-29	No	No
P50416	CPT1A	9.68035662174873	1.31929617594324e-29	No	No
P50453	SERPINB9	7.52092321968312	6.61081774287635e-20	No	No
P50454	SERPINH1	9.96267705042481	4.0105667133923e-23	No	No
P50552	VASP	6.30005541381732	1.21131297234699e-17	No	No
P50570	DNM2	9.08987557316963	4.79127921767489e-28	No	No
P50591	TNFSF10	7.67913907197308	1.5745906157202001e-18	No	No
P50851	LRBA	10.2055848152755	5.05947620577582e-31	No	No
P50895	BCAM	7.05008968238457	3.38999511141581e-14	No	No
P50897	PPT1	5.11282672279476	2.1386392314255e-05	No	No
P50914	RPL14	6.29041062030341	4.07196047940549e-11	No	No
P50990	CCT8	12.6636193174673	2.7181900386543197e-28	No	No
P50991	CCT4	12.7166981252924	3.3058886980882196e-30	No	No
P50995	ANXA11	7.4847549213919	5.12991247712324e-13	No	No
P51114	FXR1	5.05207685958223	4.9254411546682896e-11	No	No
P51148	RAB5C	6.25315803354316	8.7174518513674e-20	No	No
P51149	RAB7A	7.75476051807692	3.63360259083788e-21	No	No
P51153	RAB13	7.55464851005752	2.04585143403548e-18	No	No
P51452	DUSP3	8.10833464383526	4.2600173543461303e-19	No	No
P51531	SMARCA2	4.68259675230474	4.20050320365568e-10	No	No
P51532	SMARCA4	5.35136645900997	2.58525431540639e-21	No	No
P51570	GALK1	6.92036619311995	9.587805007281851e-20	No	No
P51571	SSR4	9.14489922285318	1.17247316887963e-20	No	No
P51572	BCAP31	10.4931862783455	3.83597959347914e-33	No	No
P51575	P2RX1	6.02306255643823	2.60335548224113e-18	No	No
P51610	HCFC1	2.67274430104375	0.0002958247815605	No	No
P51659	HSD17B4	11.2562234510755	2.71987122060267e-32	No	No
P51665	PSMD7	9.17096003415371	1.32925331307358e-24	No	No
P51687	SUOX	1.93959175636801	0.0001905007666647	No	No
P51693	APLP1	14.3180147800306	1.3729218118092098e-42	No	No
P51784	USP11	4.06745776925842	4.374789774849091e-09	No	No
P51809	VAMP7	7.61400640312303	7.41267293664923e-22	No	No
P51858	HDGF	12.6909858990494	2.54839457856125e-35	No	No
P51884	LUM	6.97474790658312	3.37196769799118e-27	No	No
P51888	PRELP	8.77506691333067	8.70063973472732e-27	No	No
P51970	NDUFA8	8.461130492486	3.18772647914559e-25	No	No
P51991	HNRNPA3	5.8771693597337	1.0006698804828e-14	No	No
P52209	PGD	4.37116736591453	2.6274499205640604e-09	No	No
P52272	HNRNPM	8.06208690692196	9.54178334596683e-15	No	No
P52292	KPNA2	2.98156903930147	4.47430968220215e-05	No	No
P52294	KPNA1	6.64624352546507	3.28865366595392e-22	No	No
P52333	JAK3	4.09239868469493	4.3830022815009094e-11	No	No
P52434	POLR2H	5.48701610859014	8.11020806139852e-13	No	No
P52565	ARHGDIA	9.87425063266875	2.9581822966242203e-25	No	No
P52566	ARHGDIB	4.95185571345694	1.3751647605491898e-11	No	No
P52594	AGFG1	3.11176639310532	6.21987037093318e-06	No	No
P52597	HNRNPF	8.31279495110928	1.44034446431152e-13	No	No
P52815	MRPL12	8.12804896190218	7.22181072878268e-13	No	No
P52823	STC1	5.09236460118519	1.49877408351084e-13	No	No
P52907	CAPZA1	6.89465796227151	3.68382088446054e-23	No	No
P52943	CRIP2	7.45596281979431	3.9193902575909797e-22	No	No
P53004	BLVRA	8.25156484996323	3.07298917307851e-17	No	No
P53007	SLC25A1	6.31185422277604	2.9460481400062e-09	No	No
P53041	PPP5C	5.12461195562063	2.81478349785541e-14	No	No
P53396	ACLY	10.5450201419001	5.20706398376448e-23	No	No
P53597	SUCLG1	7.21351321717485	4.3144808602029e-18	No	No
P53602	MVD	10.5852160504361	1.47291421206925e-31	No	No
P53611	RABGGTB	5.89280356268247	3.8081268165793604e-20	No	No
P53618	COPB1	10.1027445510304	1.9333991722043697e-30	No	No
P53621	COPA	11.193754328561	1.7426289294444602e-23	No	No
P53634	CTSC	3.6052905989307	4.36746662787248e-09	No	No
P53680	AP2S1	6.87571658574595	1.56106232205637e-20	No	No
P53701	HCCS	5.38391415933893	1.11472314124109e-16	No	No
P53814	SMTN	5.80617649373477	2.79130707682201e-16	No	No
P53990	IST1	6.10154748349452	4.02706901323653e-17	No	No
P53992	SEC24C	8.36993521641807	3.03100819509747e-21	No	No
P53999	SUB1	7.88347196041228	2.84537456047929e-22	No	No
P54105	CLNS1A	7.30787968546181	1.4397792586322e-19	No	No
P54136	RARS1	8.06196757103898	1.32267455095e-15	No	No
P54252	ATXN3	4.11687814519148	1.43286223706687e-06	No	No
P54315	PNLIPRP1	1.52761589182574	0.003576740542601	No	No
P54577	YARS1	8.61803304837716	9.346675819499491e-15	No	No
P54578	USP14	8.80089686028915	3.93877768500576e-23	No	No
P54687	BCAT1	9.22283756530184	2.19431364137852e-21	No	No
P54709	ATP1B3	8.68191850521074	3.89079633663803e-23	No	No
P54725	RAD23A	12.0051312395679	2.70804959250013e-34	No	No
P54727	RAD23B	9.41165396579425	1.9384386395543e-22	No	No
P54819	AK2	9.64007573528868	1.78468609739831e-25	No	No
P54886	ALDH18A1	7.35782567419406	1.23005124445208e-13	No	No
P54920	NAPA	10.3095431914721	8.773213633222619e-30	No	No
P55001	MFAP2	7.49862877281554	3.48658199845553e-24	No	No
P55010	EIF5	9.89085069993093	1.9774435334004097e-30	No	No
P55036	PSMD4	8.4171187930889	1.0048108471482999e-29	No	No
P55056	APOC4	1.48153689987755	0.0017258245606683	No	No
P55058	PLTP	3.04287438158294	8.00844474794365e-10	No	No
P55060	CSE1L	8.89198307080985	8.75673714507465e-23	No	No
P55072	VCP	15.6085003436926	4.6782454840148495e-33	No	No
P55083	MFAP4	6.31832352945605	3.7453734838344703e-17	No	No
P55084	HADHB	9.63793435954235	1.75820381013798e-28	No	No
P55103	INHBC	4.77224385137184	1.82161940427744e-12	No	No
P55145	MANF	8.43604936312781	2.1112539636705e-29	No	No
P55157	MTTP	4.8019566125707	2.86610995824188e-12	No	No
P55160	NCKAP1L	7.28411130674688	2.23065689869757e-15	No	No
P55209	NAP1L1	12.557402948194	7.05996443143842e-33	No	No
P55263	ADK	5.7275502126335	4.53875348991903e-17	No	No
P55268	LAMB2	6.36284631023163	1.33028362741222e-18	No	No
P55285	CDH6	7.43844193464943	5.47791218131482e-24	No	No
P55286	CDH8	4.85149719661795	1.14396433600056e-08	No	No
P55287	CDH11	7.01111037879324	3.6303686394023604e-19	No	No
P55290	CDH13	3.26192253225903	1.20353498898612e-10	No	No
P55291	CDH15	8.99182379402237	9.554875474969701e-21	No	No
P55327	TPD52	5.99296758348616	6.09390341349529e-12	No	No
P55769	SNU13	4.11842452820032	0.0003666030569873	No	No
P55786	NPEPPS	7.73937242688659	3.87183127447038e-13	No	No
P55809	OXCT1	5.88820714125446	5.681630359508059e-18	No	No
P55884	EIF3B	10.5050171381647	8.82750243064797e-32	No	No
P55957	BID	4.90907374213949	1.03456662697488e-08	No	No
P56134	ATP5MF	6.76888233354588	7.79861772360281e-22	No	No
P56192	MARS1	9.01194709118539	2.27628693270325e-16	No	No
P56202	CTSW	9.85601106421144	3.17984879650735e-24	No	No
P56377	AP1S2	7.11453118315892	9.05102988476663e-24	No	No
P56385	ATP5ME	7.72537060830907	4.876144110391761e-19	No	No
P56470	LGALS4	2.59636988669787	4.05312411662337e-08	No	No
P56537	EIF6	11.4158032253485	1.08748283166731e-33	No	No
P56556	NDUFA6	5.03619968408421	3.37411815986184e-17	No	No
P57737	CORO7	6.53038445359368	7.91146309022056e-14	No	No
P57764	GSDMD	4.95982150818337	2.752393561622e-13	No	No
P58107	EPPK1	8.54947741770603	4.9237217139256e-24	No	No
P58166	INHBE	4.64731144090982	2.7586321802118e-11	No	No
P58215	LOXL3	5.94979513557101	2.0964747390407802e-14	No	No
P58335	ANTXR2	2.21015230927923	0.0003275948575519	No	No
P58546	MTPN	9.6526797962045	9.86125718569096e-33	No	No
P59768	GNG2	5.55595749860281	3.5583352400504605e-15	No	No
P59998	ARPC4	5.69558225008199	9.9918042151512e-21	No	No
P60033	CD81	7.1313484467677	6.957248538316639e-12	No	No
P60174	TPI1	3.35614394870657	3.30243134879596e-10	No	No
P60228	EIF3E	8.06713555543593	2.31501749510917e-17	No	No
P60468	SEC61B	8.42121666197441	2.48894958158164e-22	No	No
P60510	PPP4C	4.89593724938584	5.72917276322778e-18	No	No
P60520	GABARAPL2	5.80853310428407	1.1417185759645e-15	No	No
P60660	MYL6	7.55742321986486	2.95299610070142e-18	No	No
P60842	EIF4A1	11.0870809357829	1.6025242143551497e-30	No	No
P60866	RPS20	9.84638466259072	9.72920789692051e-24	No	No
P60891	PRPS1	6.83512020883757	7.073747512707e-23	No	No
P60900	PSMA6	7.59432671789377	1.16174996638621e-28	No	No
P60903	S100A10	7.82894095448275	4.08159154619755e-18	No	No
P60953	CDC42	11.0702837603736	9.08807554960163e-33	No	No
P60981	DSTN	10.6311455981056	2.2521678685156597e-30	No	No
P60985	KRTDAP	9.77433191357319	7.68814978296923e-17	No	No
P61006	RAB8A	10.7238554418208	3.74650054882954e-37	No	No
P61009	SPCS3	5.58034670111888	5.9326803281139e-11	No	No
P61018	RAB4B	5.95114403807995	1.00088203792845e-13	No	No
P61019	RAB2A	9.28403768668317	8.50158085879757e-34	No	No
P61020	RAB5B	8.70079640218845	2.5339203470478e-23	No	No
P61026	RAB10	6.87794996415721	3.07909017944325e-25	No	No
P61081	UBE2M	7.70825225441374	4.3056599139138804e-17	No	No
P61086	UBE2K	6.32517416780192	1.9324593882139199e-13	No	No
P61088	UBE2N	6.4528992863887	9.55311652622842e-22	No	No
P61106	RAB14	11.8232654394585	1.77597946729428e-33	No	No
P61158	ACTR3	10.5874713766539	2.5599695601048e-27	No	No
P61160	ACTR2	11.7068331882267	8.56684668631398e-34	No	No
P61163	ACTR1A	9.70176344815814	5.04786941184351e-28	No	No
P61201	COPS2	8.14965648678546	2.55664746775138e-13	No	No
P61221	ABCE1	6.21284056393488	9.371283357862721e-17	No	No
P61225	RAP2B	8.15539598381235	2.45147959841268e-24	No	No
P61247	RPS3A	8.12960074633337	2.3830809867168797e-13	No	No
P61289	PSME3	2.9949498695165	1.26961107780151e-09	No	No
P61313	RPL15	7.68811688957418	6.71273392802669e-08	No	No
P61353	RPL27	6.32241418909008	6.63579425567605e-17	No	No
P61421	ATP6V0D1	7.17598202573795	1.85540959521684e-22	No	No
P61586	RHOA	9.18219244518104	1.12051103321875e-20	No	No
P61604	HSPE1	5.5927873403366	3.83020124229833e-15	No	No
P61619	SEC61A1	4.60611536613729	4.03597564930729e-16	No	No
P61758	VBP1	5.15087320442984	1.3592560744225501e-17	No	No
P61812	TGFB2	5.0795139551687	7.38822834770743e-12	No	No
P61923	COPZ1	8.20779650718657	1.68771341629669e-26	No	No
P61952	GNG11	9.03327467775774	2.28222468983682e-27	No	No
P61964	WDR5	9.44495882611893	3.05548949492043e-29	No	No
P61966	AP1S1	10.0163603127317	2.19566456558978e-32	No	No
P61970	NUTF2	2.90885781604794	0.0035662999190009	No	No
P61978	HNRNPK	12.657273764374	1.49392836156585e-21	No	No
P61981	YWHAG	8.07834035812714	3.17652291969663e-22	No	No
P62081	RPS7	8.35030585608612	7.61622586104183e-15	No	No
P62136	PPP1CA	11.8651379818099	8.56302898713122e-28	No	No
P62140	PPP1CB	10.1067809315087	1.74782748261597e-33	No	No
P62191	PSMC1	10.6533279787067	3.6679995989782104e-31	No	No
P62195	PSMC5	10.8083080690868	6.7111686308957505e-37	No	No
P62241	RPS8	7.23958038988445	4.5908462450771904e-14	No	No
P62244	RPS15A	7.01783780403779	1.9231288195671197e-11	No	No
P62249	RPS16	9.13618208993762	1.9930915684315902e-23	No	No
P62256	UBE2H	10.1701061630204	7.999733263407679e-28	No	No
P62258	YWHAE	7.79780857979081	8.15914526405907e-21	No	No
P62263	RPS14	8.93172533302674	8.43655436286208e-20	No	No
P62266	RPS23	7.82551783898506	1.1918145218703001e-11	No	No
P62269	RPS18	8.50452579322108	6.48464754794631e-21	No	No
P62277	RPS13	9.56557292304701	7.29108954474487e-12	No	No
P62280	RPS11	5.97426523464617	9.12858302981963e-10	No	No
P62304	SNRPE	4.69649797149802	2.6826719302405e-13	No	No
P62306	SNRPF	6.56819793451917	1.1250027931156199e-12	No	No
P62310	LSM3	11.5497807667918	5.79122336281277e-38	No	No
P62312	LSM6	9.29077061490058	2.3012539850387e-25	No	No
P62316	SNRPD2	2.51068154667902	0.0024107473941212	No	No
P62318	SNRPD3	4.79830904546489	2.11017616216736e-09	No	No
P62330	ARF6	8.76212257606321	2.95722093437909e-23	No	No
P62333	PSMC6	10.8558069882576	1.7681505984788498e-30	No	No
P62424	RPL7A	8.38346057003474	5.98100146570413e-14	No	No
P62487	POLR2G	7.00265309755816	2.87523790264189e-24	No	No
P62495	ETF1	12.7879179034369	1.25148388426825e-37	No	No
P62701	RPS4X	9.32047098762727	2.0308251982741e-14	No	No
P62750	RPL23A	6.92050322341927	1.0845515967087898e-11	No	No
P62753	RPS6	6.86376942672406	3.82230321632667e-12	No	No
P62760	VSNL1	2.68759712639996	6.31868884322738e-10	No	No
P62805	H4-16	6.31360310492503	5.86852695114089e-08	No	No
P62820	RAB1A	9.89460694513878	1.17100391854177e-25	No	No
P62826	RAN	6.75220959725299	1.7848400264653e-18	No	No
P62829	RPL23	6.04998969673787	8.54642972950015e-10	No	No
P62834	RAP1A	9.35298894929068	4.60934037737495e-31	No	No
P62847	RPS24	7.0128081051766	1.0697431286219e-19	No	No
P62851	RPS25	6.39273552247522	5.17869585109336e-17	No	No
P62857	RPS28	5.23165642291549	1.7018038369779598e-11	No	No
P62888	RPL30	7.00086607571939	4.21928385272827e-16	No	No
P62899	RPL31	6.64209121229077	1.67960906582347e-12	No	No
P62906	RPL10A	7.54639248959624	3.7758030813570494e-11	No	No
P62913	RPL11	7.6427739733861	5.57381590739241e-15	No	No
P62917	RPL8	3.96315799420972	0.0002292617680062	No	No
P62937	PPIA	4.42395418982629	1.63384945248952e-10	No	No
P62942	FKBP1A	3.21812949816744	2.41919993155114e-08	No	No
P62993	GRB2	10.0620442578192	1.62309575458131e-25	No	No
P63000	RAC1	9.0187749481531	7.19302552014399e-13	No	No
P63010	AP2B1	9.2903108105895	3.22473912740388e-28	No	No
P63098	PPP3R1	8.05260937726874	1.6408536634180702e-25	No	No
P63104	YWHAZ	8.32988577421733	4.38618468203831e-26	No	No
P63151	PPP2R2A	6.02818253015115	8.21006452771206e-09	No	No
P63173	RPL38	3.95674377463337	9.28065937828508e-13	No	No
P63208	SKP1	10.3713192735266	1.5591305012311402e-31	No	No
P63218	GNG5	9.23590435215648	1.51973351939215e-22	No	No
P63220	RPS21	5.26388714983194	1.07673064405225e-18	No	No
P63241	EIF5A	10.5168843036772	2.33983892546158e-34	No	No
P63244	RACK1	9.93032410567661	2.29168843013063e-18	No	No
P63279	UBE2I	7.89483092639978	1.05931123211061e-19	No	No
P67809	YBX1	9.50107888684694	1.42069202820804e-14	No	No
P67936	TPM4	7.20041738133122	3.13239406031763e-15	No	No
P68036	UBE2L3	7.31757696485917	1.29904522905715e-13	No	No
P68366	TUBA4A	8.54064960996361	1.06528947818184e-29	No	No
P68371	TUBB4B	11.398287205618	8.66816078054271e-34	No	No
P68402	PAFAH1B2	7.12041961813081	1.61030685310154e-18	No	No
P78318	IGBP1	4.37291283596776	1.51621536183696e-12	No	No
P78344	EIF4G2	10.3208054652151	3.85222116478894e-27	No	No
P78347	GTF2I	4.74270063379419	1.42194749407887e-05	No	No
P78371	CCT2	11.9234795732303	4.75148356864869e-32	No	No
P78417	GSTO1	2.12022694999029	4.03718534260365e-07	No	No
P78423	CX3CL1	5.74315362112153	1.3553707739425099e-18	No	No
P78504	JAG1	3.85660663066832	1.57426070727123e-07	No	No
P78509	RELN	8.05001247896853	4.9415579146860904e-24	No	No
P78527	PRKDC	7.1146481131019	3.5627574684202504e-09	No	No
P78536	ADAM17	5.97374994024306	5.623621185380731e-17	No	No
P78537	BLOC1S1	7.29803209347803	1.41075064999662e-19	No	No
P78539	SRPX	8.83845097837803	3.90556558675186e-17	No	No
P78559	MAP1A	9.51741080528326	2.79944198247506e-32	No	No
P80108	GPLD1	2.70293907083984	6.28863805016396e-10	No	No
P80217	IFI35	5.33733898053112	2.38454308534477e-17	No	No
P80303	NUCB2	11.5585723104436	9.77689190691738e-34	No	No
P80404	ABAT	5.97207408133193	2.87488657267562e-19	No	No
P80511	S100A12	1.43073662862523	0.0099684699111316	No	No
P81605	DCD	2.0404403091399	0.0050492223873438	No	No
P82909	MRPS36	3.93650455923474	1.08017073259179e-06	No	No
P82979	SARNP	6.03901196670362	7.52138646045322e-05	No	No
P82987	ADAMTSL3	4.74935920681418	8.313000841462391e-10	No	No
P83731	RPL24	5.03609594441761	2.0066917402381e-05	No	No
P83916	CBX1	2.68220396742368	2.30910135136086e-07	No	No
P84085	ARF5	9.12497356290529	2.7590021252873e-29	No	No
P84095	RHOG	5.03295605402821	1.5371319557773302e-14	No	No
P84098	RPL19	5.05955565901467	4.71724327757054e-10	No	No
P84103	SRSF3	8.29535908540388	3.1974391161691403e-25	No	No
P98066	TNFAIP6	11.5129196666407	4.03037032137005e-34	No	No
P98095	FBLN2	8.38010580059996	1.28089811931184e-28	No	No
P98155	VLDLR	11.0946067562849	2.09909754626664e-33	No	No
P98160	HSPG2	5.58650834984921	1.768430105757e-18	No	No
P98161	PKD1	3.53065810952798	0.0005823103895981	No	No
P98171	ARHGAP4	6.13670273574518	5.829137280325811e-20	No	No
P98175	RBM10	2.64126564303852	7.9220004307764e-07	No	No
P98194	ATP2C1	5.89243547330441	3.8675296256318804e-20	No	No
P99999	CYCS	3.59685530246932	2.13258942859123e-05	No	No
Q00013	MPP1	9.33563665467739	5.916703242250539e-30	No	No
Q00059	TFAM	6.14476915965379	8.52903928044932e-18	No	No
Q00325	SLC25A3	10.5665887794088	1.80215010362143e-24	No	No
Q00341	HDLBP	7.64801664755534	1.82302861857274e-10	No	No
Q00577	PURA	9.35228356952647	7.24432515016672e-32	No	No
Q00610	CLTC	13.5544705085946	7.176917477075549e-33	No	No
Q00653	NFKB2	1.88815830802923	0.004697173871409	No	No
Q00688	FKBP3	6.82187207311264	1.4660842433063202e-19	No	No
Q00722	PLCB2	11.1703403003479	8.92654178197233e-33	No	No
Q00765	REEP5	9.58870580017026	3.9387248593332604e-20	No	No
Q00796	SORD	3.91903941211176	1.96855635425658e-10	No	No
Q00839	HNRNPU	12.9274460559637	1.65493338143973e-29	No	No
Q01082	SPTBN1	11.0003393164615	2.90480841565632e-33	No	No
Q01105	SET	7.66355583574994	6.52665618843893e-19	No	No
Q01433	AMPD2	7.62315025662881	1.0055241422626401e-21	No	No
Q01518	CAP1	7.20019699814646	1.13146243210687e-22	No	No
Q01628	IFITM3	6.19964272319297	1.88222986552296e-12	No	No
Q01629	IFITM2	8.06457493960328	8.859290040366109e-26	No	No
Q01638	IL1RL1	4.45497212552814	6.069891510338561e-14	No	No
Q01650	SLC7A5	3.81916963101351	2.99794608125707e-08	No	No
Q01804	OTUD4	2.62043390227483	0.0031374558672011	No	No
Q01813	PFKP	10.2841486827228	3.16114035049246e-32	No	No
Q01844	EWSR1	5.44716865742143	3.48152916580415e-14	No	No
Q01970	PLCB3	11.8085811639859	5.7187212815240894e-36	No	No
Q01973	ROR1	7.03035430596684	4.5419940405759495e-22	No	No
Q02094	RHAG	8.00245423427759	9.941727389594011e-25	No	No
Q02218	OGDH	6.19561257454502	1.99146700796628e-19	No	No
Q02252	ALDH6A1	7.10804619966337	3.6614995988155204e-17	No	No
Q02338	BDH1	5.74143604389734	2.69802794382623e-17	No	No
Q02413	DSG1	4.63253292025261	6.59225722520297e-07	No	No
Q02487	DSC2	6.72184872279748	2.11808600414451e-21	No	No
Q02543	RPL18A	8.50083089511074	1.9715264900558899e-16	No	No
Q02750	MAP2K1	3.37344168168405	7.91467925980523e-07	No	No
Q02790	FKBP4	10.8884479891333	8.06789087111688e-16	No	No
Q02809	PLOD1	4.68623491402034	0.0001141356654333	No	No
Q02818	NUCB1	6.53807134124283	9.92184720642265e-19	No	No
Q02878	RPL6	8.83490546944653	7.70103233347526e-14	No	No
Q02880	TOP2B	6.31033049511607	2.8763492688621296e-11	No	No
Q02952	AKAP12	11.3630051390871	1.50221755802291e-33	No	No
Q02978	SLC25A11	6.23831111501091	3.82638387605422e-13	No	No
Q03167	TGFBR3	4.48228060413642	1.59733959575629e-05	No	No
Q03252	LMNB2	8.01949379964827	1.87988787809988e-29	No	No
Q03426	MVK	4.52665691322798	4.0305519564363e-05	No	No
Q03518	TAP1	6.88021097581244	3.12013210224926e-24	No	No
Q04118	PRB3	3.78487951893327	6.776386564919951e-09	No	No
Q04206	RELA	9.03479464518663	9.09442904001136e-31	No	No
Q04323	UBXN1	6.82908120652069	2.40093114097113e-18	No	No
Q04609	FOLH1	3.64828918185791	9.608432354444712e-15	No	No
Q04637	EIF4G1	12.3041595980296	9.20532267776016e-40	No	No
Q04721	NOTCH2	9.38195499038139	6.47552777527365e-22	No	No
Q04756	HGFAC	2.43362415634547	2.04664761799258e-08	No	No
Q04760	GLO1	5.8759999752436	1.8907879473285202e-14	No	No
Q04837	SSBP1	11.2462580724533	2.4273660990239097e-34	No	No
Q04917	YWHAH	8.3739778381473	1.55684588009182e-27	No	No
Q04941	PLP2	8.70369242299129	5.90581497300227e-27	No	No
Q05086	UBE3A	5.12823203510673	1.05405169888007e-11	No	No
Q05209	PTPN12	8.43184941288457	1.6545563103264e-28	No	No
Q05397	PTK2	4.99520083838795	1.6915294231096302e-09	No	No
Q05519	SRSF11	2.17269839453468	3.51619418354505e-07	No	No
Q05639	EEF1A2	10.538171221125	7.74312775569557e-23	No	No
Q05655	PRKCD	7.70234311780821	4.47995211302821e-24	No	No
Q05682	CALD1	12.3418000646787	5.25942945300872e-43	No	No
Q05707	COL14A1	9.23950295911207	4.36310946167585e-26	No	No
Q06033	ITIH3	7.53652256451602	2.85168671048702e-29	No	No
Q06124	PTPN11	5.95321986323437	2.16207526697299e-18	No	No
Q06187	BTK	4.40599109769474	8.86848579210596e-09	No	No
Q06203	PPAT	4.58002325146777	1.35271415099597e-07	No	No
Q06210	GFPT1	8.21432412279041	4.54585456949368e-14	No	No
Q06323	PSME1	5.6128636594416	3.40033670090276e-16	No	No
Q06418	TYRO3	1.82794834667281	8.60833885431576e-05	No	No
Q06481	APLP2	11.2693182055632	5.073514253658241e-25	No	No
Q06828	FMOD	9.54461723994492	4.35742600194024e-24	No	No
Q06830	PRDX1	4.71528282006276	4.22268980860739e-10	No	No
Q07020	RPL18	11.1625406844266	2.74792631256808e-26	No	No
Q07021	C1QBP	13.7393320705961	6.4729083395254e-35	No	No
Q07065	CKAP4	9.58403545967043	8.40900930417896e-23	No	No
Q07157	TJP1	3.66968237125999	3.24204923509724e-06	No	No
Q07507	DPT	7.53066519192487	1.25767024943456e-27	No	No
Q07666	KHDRBS1	7.69385382129182	6.33702473576396e-24	No	No
Q07812	BAX	7.08934619927588	1.48553957973919e-22	No	No
Q07866	KLC1	7.0013566564273	4.66947886162399e-22	No	No
Q07954	LRP1	6.9301393165682	6.52585224330645e-23	No	No
Q07955	SRSF1	4.71888082669429	2.14163855404005e-06	No	No
Q07960	ARHGAP1	5.01407838219301	3.08340670316645e-11	No	No
Q08174	PCDH1	8.04596480302613	4.88540965612843e-29	No	No
Q08188	TGM3	8.32874231805268	9.68722000843355e-11	No	No
Q08209	PPP3CA	9.44204854359911	3.22777831484924e-29	No	No
Q08211	DHX9	8.38413816623549	1.38547508351245e-07	No	No
Q08379	GOLGA2	5.77839426769406	6.867380003868681e-14	No	No
Q08380	LGALS3BP	5.66479305480634	4.25827057748036e-25	No	No
Q08397	LOXL1	5.00832351064254	3.67839794577406e-09	No	No
Q08431	MFGE8	9.62971539256206	1.9465922923264202e-25	No	No
Q08495	DMTN	11.1286586512419	1.7246204834308e-33	No	No
Q08629	SPOCK1	3.34630430722597	6.1546951961045e-08	No	No
Q08722	CD47	5.34787466578661	5.43695438416569e-19	No	No
Q08830	FGL1	3.93116144055372	3.62918125785023e-15	No	No
Q08J23	NSUN2	5.88038369900672	1.28918293848976e-09	No	No
Q09028	RBBP4	9.71973512264962	1.1135855564169e-29	No	No
Q09327	MGAT3	4.03110511357224	1.82380895868007e-07	No	No
Q09328	MGAT5	3.10246497000936	0.0001940357622332	No	No
Q09666	AHNAK	9.68479011137123	6.0411966222061105e-15	No	No
Q0JRZ9	FCHO2	3.88395233946092	4.65882858669957e-07	No	No
Q0VD83	APOBR	12.3963384901464	7.918151307508199e-34	No	No
Q0VGL1	LAMTOR4	6.4941638528064	3.92875514031142e-21	No	No
Q0ZGT2	NEXN	10.7334706203614	8.87694515542695e-35	No	No
Q10469	MGAT2	3.19879756234338	0.0016186683844004	No	No
Q10472	GALNT1	8.64864955414763	8.911391048149709e-11	No	No
Q10567	AP1B1	9.4583765856689	8.79369639789457e-28	No	No
Q10589	BST2	4.42997543216786	1.08754553034556e-16	No	No
Q10713	PMPCA	4.01092636338833	2.20716451416786e-07	No	No
Q11201	ST3GAL1	6.85035351084041	1.08942991684843e-17	No	No
Q12765	SCRN1	10.399009518445	8.12384263888588e-30	No	No
Q12794	HYAL1	1.64441027226139	0.0096251457303324	No	No
Q12797	ASPH	11.6271852993818	9.35543405302488e-39	No	No
Q12802	AKAP13	2.97141350855423	6.39471301340971e-05	No	No
Q12805	EFEMP1	4.54321127749616	5.74273617915892e-17	No	No
Q12824	SMARCB1	1.98269693464197	3.52393248549015e-06	No	No
Q12841	FSTL1	4.59702739260289	2.52382983268158e-16	No	No
Q12846	STX4	7.20892130920122	5.773202804790889e-22	No	No
Q12864	CDH17	3.09490420918338	1.02081244035547e-06	No	No
Q12884	FAP	5.41222788335668	8.150256301245999e-13	No	No
Q12888	TP53BP1	9.87445358657515	1.14612031551338e-32	No	No
Q12905	ILF2	7.82965465861565	1.06780520475924e-22	No	No
Q12906	ILF3	6.81998013482545	5.33278609137984e-23	No	No
Q12907	LMAN2	2.09696797717046	0.0004947180057889	No	No
Q12913	PTPRJ	5.29540644126389	1.00771791821112e-21	No	No
Q12929	EPS8	5.88078825965245	2.7602521023738203e-20	No	No
Q12931	TRAP1	8.88673477829191	2.49442498962098e-07	No	No
Q12959	DLG1	5.47570280240654	1.7127628389152999e-12	No	No
Q12982	BNIP2	6.27184604247601	8.74729833791807e-13	No	No
Q13011	ECH1	9.97041228692464	1.2315883411327301e-23	No	No
Q13018	PLA2R1	2.593487059916	1.42739057645254e-05	No	No
Q13033	STRN3	8.35985653664898	9.140037325169411e-23	No	No
Q13043	STK4	7.83644359160229	2.54208665681103e-23	No	No
Q13045	FLII	10.0553616338299	5.5921366895760696e-30	No	No
Q13057	COASY	4.82488315803976	1.60588659687872e-14	No	No
Q13094	LCP2	11.0248578784665	1.06055017860129e-29	No	No
Q13098	GPS1	8.50365982547066	3.9874329831095798e-28	No	No
Q13103	SPP2	7.129330008816	9.56375048756243e-28	No	No
Q13126	MTAP	11.167148663148	4.284520505132241e-09	No	No
Q13144	EIF2B5	5.66660036232114	3.4629007358619e-07	No	No
Q13148	TARDBP	8.67732144163424	7.96017194929618e-18	No	No
Q13151	HNRNPA0	7.22594891680198	4.82876127985558e-16	No	No
Q13153	PAK1	7.10414766357001	3.42776145616397e-21	No	No
Q13155	AIMP2	4.31820470705522	6.519249865670259e-12	No	No
Q13162	PRDX4	11.3803826550672	8.36938563299753e-36	No	No
Q13177	PAK2	10.669048104434	1.16551779671154e-29	No	No
Q13185	CBX3	5.21383485047937	5.85592101435349e-08	No	No
Q13200	PSMD2	11.5354502514365	1.30024679144471e-35	No	No
Q13201	MMRN1	7.25962749904189	7.78665253291276e-23	No	No
Q13214	SEMA3B	4.15148495997956	2.18082633086343e-06	No	No
Q13217	DNAJC3	8.06518063398376	3.06801021577604e-07	No	No
Q13219	PAPPA	1.90571989047957	0.0028756299454154	No	No
Q13232	NME3	2.65445191043981	0.0004533722576176	No	No
Q13263	TRIM28	7.4586795656614	4.608846663762e-12	No	No
Q13283	G3BP1	13.7404756360024	9.2275553827471e-40	No	No
Q13287	NMI	6.56990874135865	2.83915031568944e-13	No	No
Q13303	KCNAB2	3.31382856334457	0.0005246395415899	No	No
Q13310	PABPC4	3.08239902380939	1.3894243270756e-06	No	No
Q13332	PTPRS	3.38840515972718	2.04306592848771e-05	No	No
Q13347	EIF3I	8.99510153991619	6.0063897725227e-29	No	No
Q13361	MFAP5	10.9174848388426	1.7680288126915398e-28	No	No
Q13404	UBE2V1	7.81201830529647	4.92374083957949e-24	No	No
Q13409	DYNC1I2	6.2574135885183	1.0317582896057001e-16	No	No
Q13418	ILK	8.41353763143278	9.84532072749908e-28	No	No
Q13423	NNT	10.7246127525994	7.50795717317298e-27	No	No
Q13428	TCOF1	8.93839646629838	1.41548851597099e-26	No	No
Q13435	SF3B2	9.41721305151761	1.8977154538172899e-13	No	No
Q13438	OS9	8.49637812897671	2.07840841029092e-23	No	No
Q13442	PDAP1	5.12675939288401	5.64474176057105e-14	No	No
Q13443	ADAM9	4.25529258621349	5.67433765994552e-07	No	No
Q13444	ADAM15	5.84466359211977	2.05351930675008e-11	No	No
Q13449	LSAMP	3.74810552696426	1.0559051820481e-08	No	No
Q13451	FKBP5	4.83590616450365	0.0005215441892696	No	No
Q13464	ROCK1	8.25176044241806	5.91088428698384e-27	No	No
Q13477	MADCAM1	8.82232411005505	4.30377108596143e-25	No	No
Q13492	PICALM	7.22378768473513	2.5325588501074e-17	No	No
Q13501	SQSTM1	6.00995501494659	6.72627565118254e-14	No	No
Q13505	MTX1	6.1963660131805	1.85929250662427e-18	No	No
Q13509	TUBB3	2.77536526250261	8.81215568921965e-05	No	No
Q13510	ASAH1	6.86697318031605	1.40497771122518e-14	No	No
Q13555	CAMK2G	7.93283320763157	3.50799761296258e-27	No	No
Q13557	CAMK2D	8.92855840629598	3.10406270628568e-15	No	No
Q13561	DCTN2	11.5691440759615	2.0139326857851603e-31	No	No
Q13564	NAE1	9.09651639080895	6.38726496287287e-30	No	No
Q13576	IQGAP2	11.0337053749988	3.09962814210565e-21	No	No
Q13586	STIM1	10.6753043296968	4.7525961055394e-31	No	No
Q13596	SNX1	6.27635026760382	2.1240232613277102e-14	No	No
Q13616	CUL1	3.63876855004528	0.000106306282345	No	No
Q13618	CUL3	3.68079770279947	2.8882282471947604e-09	No	No
Q13630	GFUS	4.27398389707053	2.06433778327474e-08	No	No
Q13637	RAB32	9.89862974237585	2.8388374506894797e-30	No	No
Q13642	FHL1	8.29433617237773	2.2332305388047898e-26	No	No
Q13683	ITGA7	9.33695856014937	1.60218588852144e-27	No	No
Q13740	ALCAM	2.20352333368002	1.55906498276201e-06	No	No
Q13753	LAMC2	4.82010680075143	1.88504478673575e-07	No	No
Q13790	APOF	6.84390585274621	1.6213797949674999e-19	No	No
Q13797	ITGA9	4.66669577361323	7.50300809096035e-08	No	No
Q13813	SPTAN1	9.4586229325945	7.3290206801609e-27	No	No
Q13884	SNTB1	5.10997613998449	2.3901542457788e-13	No	No
Q13907	IDI1	4.05775506826594	3.63305138531915e-07	No	No
Q13976	PRKG1	6.89367670853306	8.955789847400491e-21	No	No
Q14008	CKAP5	9.85822108945698	4.648291925344001e-22	No	No
Q14011	CIRBP	5.2326396504697	3.3471583528715203e-14	No	No
Q14012	CAMK1	6.94594488922593	6.48190984520035e-20	No	No
Q14019	COTL1	4.29618151292516	1.99145565837775e-09	No	No
Q14061	COX17	4.39972050982593	3.45450367480701e-10	No	No
Q14103	HNRNPD	8.88096561048796	5.68695950589095e-14	No	No
Q14108	SCARB2	7.16272820605254	7.28834382507373e-23	No	No
Q14112	NID2	12.9437485752021	1.36493685046538e-29	No	No
Q14116	IL18	5.07712519364354	1.35663033507136e-12	No	No
Q14118	DAG1	5.95760016035717	8.96687510285821e-18	No	No
Q14126	DSG2	4.93309475081699	1.46964626295274e-20	No	No
Q14139	UBE4A	3.0385793321874	6.54828424085786e-08	No	No
Q14141	SEPTIN6	6.60593833320977	9.8720430243659e-17	No	No
Q14151	SAFB2	6.914382800957	1.93307597162391e-19	No	No
Q14152	EIF3A	8.42993588749231	2.5591585761945e-23	No	No
Q14155	ARHGEF7	4.47144069328758	2.99068381145556e-07	No	No
Q14157	UBAP2L	7.86626597388583	1.21028973970618e-08	No	No
Q14160	SCRIB	5.55575296892858	2.34782628173564e-12	No	No
Q14165	MLEC	11.7945459037803	2.9648560707241397e-33	No	No
Q14166	TTLL12	7.7968867377164	1.27240175200206e-23	No	No
Q14197	MRPL58	4.90597514578587	1.65901300717765e-16	No	No
Q14203	DCTN1	11.7291141833488	7.387577690869369e-30	No	No
Q14204	DYNC1H1	10.9230924395825	1.5777256683358598e-22	No	No
Q14213	EBI3	4.70820056802082	1.6827400202447899e-12	No	No
Q14232	EIF2B1	5.47239215747568	1.50594734386219e-12	No	No
Q14240	EIF4A2	8.80803458584963	8.25460264674684e-25	No	No
Q14242	SELPLG	9.7422705831887	1.7908733700722798e-18	No	No
Q14247	CTTN	13.2775235392011	2.18958620032709e-36	No	No
Q14254	FLOT2	10.1963971141208	7.34133534222432e-29	No	No
Q14258	TRIM25	7.02490744402468	9.53878349722419e-19	No	No
Q14315	FLNC	8.79543326258379	8.90907975682799e-14	No	No
Q14318	FKBP8	6.88357386082827	1.36672030217834e-19	No	No
Q14344	GNA13	8.69476150132247	1.02212021953375e-22	No	No
Q14392	LRRC32	3.27079349009999	0.0003374551417558	No	No
Q14393	GAS6	9.11700579327298	4.0822549789680904e-25	No	No
Q14432	PDE3A	8.70035205865264	6.323832146516251e-31	No	No
Q14444	CAPRIN1	11.2866886384638	1.28506642174812e-33	No	No
Q14515	SPARCL1	6.72786015360474	4.318784798962961e-25	No	No
Q14517	FAT1	9.43246783623391	3.30997627804213e-24	No	No
Q14520	HABP2	7.76753829769943	1.6653508471153002e-26	No	No
Q14554	PDIA5	6.04779131426177	2.7256167538469e-14	No	No
Q14566	MCM6	8.35638672800803	2.14122104003086e-12	No	No
Q14574	DSC3	6.06225050604641	4.18162191765705e-09	No	No
Q14644	RASA3	9.87284778396346	1.9441637742492e-28	No	No
Q14651	PLS1	3.7513508927093	1.64939315850263e-10	No	No
Q14657	LAGE3	3.74727513565225	2.4658285067194796e-11	No	No
Q14676	MDC1	1.91694915684547	4.67603509512444e-05	No	No
Q14677	CLINT1	10.3461998436029	3.20425243526741e-30	No	No
Q14683	SMC1A	7.62154897188969	3.27402130418879e-25	No	No
Q14694	USP10	4.35455605788023	1.1708893186296501e-09	No	No
Q14696	MESD	6.1169302531571	2.1072015775225798e-18	No	No
Q14697	GANAB	7.05831383469028	1.88902673027156e-18	No	No
Q14761	PTPRCAP	4.21786420878406	3.9429342326982e-11	No	No
Q14764	MVP	7.90081092203952	4.2269097403809e-18	No	No
Q14766	LTBP1	8.20200925079692	7.206616421345079e-30	No	No
Q14767	LTBP2	7.38883480069266	4.5518568219380304e-15	No	No
Q14839	CHD4	7.27958319651421	1.17226136914254e-14	No	No
Q14847	LASP1	7.92384225065054	1.02716109837288e-26	No	No
Q14894	CRYM	7.14369824663797	6.33879188573397e-18	No	No
Q14914	PTGR1	4.77405777817479	6.2724538209632e-09	No	No
Q14919	DRAP1	6.12658261621983	3.02154185574654e-22	No	No
Q14956	GPNMB	5.60436501459295	5.71274054426564e-10	No	No
Q14974	KPNB1	12.6808474165767	2.25972709712021e-32	No	No
Q14978	NOLC1	7.16815149742494	5.40225907333671e-17	No	No
Q14980	NUMA1	7.56953730705862	9.4701731742108e-11	No	No
Q14BN4	SLMAP	6.77430316819449	1.1864410130051601e-15	No	No
Q14C86	GAPVD1	7.22599211788419	9.098593255811441e-20	No	No
Q14DG7	TMEM132B	4.54482065662931	3.38340433084004e-05	No	No
Q15008	PSMD6	9.25085784196236	1.09678957248275e-28	No	No
Q15018	ABRAXAS2	6.14180919896764	2.37902290504055e-16	No	No
Q15019	SEPTIN2	9.89202719051117	5.22041482505028e-32	No	No
Q15024	EXOSC7	3.59156139630042	5.55075904426294e-13	No	No
Q15029	EFTUD2	3.09356084040522	1.27830101575906e-05	No	No
Q15042	RAB3GAP1	8.10217094883632	1.05654121439598e-22	No	No
Q15043	SLC39A14	7.10135465249135	2.45103484539981e-22	No	No
Q15046	KARS1	7.06627058808639	2.09927550074398e-13	No	No
Q15050	RRS1	4.5847709374484	1.62401982385823e-14	No	No
Q15056	EIF4H	7.63184754683802	4.58911130154014e-16	No	No
Q15061	WDR43	5.9341242735358	1.79636089878284e-18	No	No
Q15063	POSTN	2.41633626363114	1.86146798122013e-05	No	No
Q15067	ACOX1	8.45919318503151	7.64132206056274e-23	No	No
Q15075	EEA1	4.25902850012223	1.88167633641694e-06	No	No
Q15084	PDIA6	9.65112976594266	1.3515623468475098e-22	No	No
Q15102	PAFAH1B3	4.67647035437297	9.17962994220517e-08	No	No
Q15126	PMVK	4.93966013974245	7.41955727963894e-06	No	No
Q15147	PLCB4	10.6720763856272	4.0829605011432e-24	No	No
Q15149	PLEC	13.2989243252992	2.7984770011752903e-31	No	No
Q15155	NOMO1	3.65018880877763	6.19572927738842e-09	No	No
Q15165	PON2	7.56733036465688	3.96321818962986e-20	No	No
Q15166	PON3	4.576399740429	1.06720389048499e-18	No	No
Q15181	PPA1	6.34864308024438	5.2593452721439605e-15	No	No
Q15185	PTGES3	10.11928904837	1.0126666827406798e-28	No	No
Q15233	NONO	7.69029304045547	5.605256748323531e-15	No	No
Q15257	PTPA	2.97789889010555	3.74159198480257e-07	No	No
Q15262	PTPRK	4.14974681553888	1.76202066460992e-06	No	No
Q15286	RAB35	6.7733796703079	1.7236181348697902e-20	No	No
Q15291	RBBP5	2.58121170234406	0.0002703148993349	No	No
Q15293	RCN1	7.81913058639508	1.01861773347812e-28	No	No
Q15311	RALBP1	6.42495316931258	9.701768571225659e-11	No	No
Q15363	TMED2	7.94040644674026	1.0120032701296e-23	No	No
Q15365	PCBP1	5.2483994502873	4.424765160711491e-15	No	No
Q15366	PCBP2	9.77339973119484	4.25018037296759e-18	No	No
Q15369	ELOC	10.400745122319	5.80601030658151e-33	No	No
Q15370	ELOB	9.91744453632077	8.70200632652909e-32	No	No
Q15382	RHEB	8.68139054384604	1.04773019556204e-21	No	No
Q15389	ANGPT1	9.20908024997699	3.44801515842974e-30	No	No
Q15392	DHCR24	4.71461059396222	4.9060170014941205e-09	No	No
Q15393	SF3B3	6.70039858720157	3.5572264907920505e-15	No	No
Q15404	RSU1	7.74276848360281	2.57135389975692e-29	No	No
Q15424	SAFB	6.87335057027694	1.88451921035584e-24	No	No
Q15427	SF3B4	5.4974577978049	2.9785097773168003e-21	No	No
Q15428	SF3A2	11.0151227279641	2.87447344568297e-31	No	No
Q15435	PPP1R7	10.8622322280439	1.46817096935899e-24	No	No
Q15436	SEC23A	7.11699100568301	2.61713089240665e-26	No	No
Q15437	SEC23B	6.14789847746024	1.61313912027e-13	No	No
Q15459	SF3A1	8.59765646374012	5.3150494572804e-24	No	No
Q15555	MAPRE2	11.9655690287845	4.79059182076978e-37	No	No
Q15582	TGFBI	2.314201042507	1.25724025004505e-07	No	No
Q15599	SLC9A3R2	3.84575398602802	0.0003732186698046	No	No
Q15631	TSN	11.4108637482815	7.48781977949288e-31	No	No
Q15642	TRIP10	8.95056734814916	1.95611354607849e-28	No	No
Q15645	TRIP13	4.92786046991827	6.41047525645864e-06	No	No
Q15653	NFKBIB	5.42896748001392	3.52070249798144e-18	No	No
Q15691	MAPRE1	13.618077853805	1.68260075355147e-41	No	No
Q15717	ELAVL1	5.8343236164256	2.2095837244688103e-09	No	No
Q15738	NSDHL	5.98605502471424	2.9136786098158897e-18	No	No
Q15746	MYLK	11.4502943457143	1.09077138207718e-38	No	No
Q15758	SLC1A5	6.80618700408407	3.19824465424296e-17	No	No
Q15762	CD226	10.6424176694309	3.539137767121e-24	No	No
Q15771	RAB30	6.03547361329873	1.67628947393935e-20	No	No
Q15818	NPTX1	4.41956224899494	6.27997837610729e-13	No	No
Q15833	STXBP2	11.4265943122604	5.15564179335884e-34	No	No
Q15846	CLUL1	2.00004434908058	7.06766509429543e-05	No	No
Q15847	ADIRF	3.46164769498394	4.07008428524382e-08	No	No
Q15904	ATP6AP1	5.38598376796767	7.934592037500679e-12	No	No
Q15907	RAB11B	8.43256902226693	3.55479483813548e-24	No	No
Q15942	ZYX	6.54120801385211	2.5270088360979097e-22	No	No
Q16134	ETFDH	8.35733268308051	1.2534874007633401e-14	No	No
Q16181	SEPTIN7	9.67638581986566	2.83424677666082e-31	No	No
Q16186	ADRM1	4.90766878668746	2.50862535458051e-06	No	No
Q16204	CCDC6	5.89332982294995	8.02117408104639e-11	No	No
Q16270	IGFBP7	1.26601337595232	0.007797549524884	No	No
Q16363	LAMA4	10.6855548338558	6.30774730866164e-27	No	No
Q16401	PSMD5	10.8646707709113	4.92337414394688e-32	No	No
Q16531	DDB1	12.0731812371075	1.47407187121065e-33	No	No
Q16539	MAPK14	9.96994704645149	1.4773924332911901e-25	No	No
Q16543	CDC37	10.6219035231754	3.1871542342105e-34	No	No
Q16555	DPYSL2	9.37202509444074	1.9613715990000198e-26	No	No
Q16563	SYPL1	7.94999262713621	2.37802310719117e-21	No	No
Q16576	RBBP7	6.87787711829509	7.535708197630231e-19	No	No
Q16610	ECM1	2.93753564188331	1.68333764271807e-10	No	No
Q16620	NTRK2	8.199906699787	5.0502645230316e-24	No	No
Q16630	CPSF6	5.16527163171937	4.9603664411584294e-18	No	No
Q16643	DBN1	11.0742464836963	1.64092867045452e-30	No	No
Q16698	DECR1	9.50174171148909	2.53229408077176e-24	No	No
Q16706	MAN2A1	2.89743797639323	5.93365250967165e-09	No	No
Q16740	CLPP	7.14120396966741	1.6056336960455e-09	No	No
Q16762	TST	8.91916555484829	5.0766601278681096e-26	No	No
Q16769	QPCT	3.4687612418844	1.46112481098582e-06	No	No
Q16787	LAMA3	4.91636096876162	2.52508867130683e-09	No	No
Q16790	CA9	10.5816860774289	1.36995664006119e-33	No	No
Q16799	RTN1	9.45240910949262	6.59060315861581e-31	No	No
Q16819	MEP1A	5.64542079126803	1.38819973395119e-23	No	No
Q16820	MEP1B	8.35857379089821	1.26223457655667e-13	No	No
Q16832	DDR2	7.18502667855283	6.09616209444945e-20	No	No
Q16836	HADH	9.42813837893772	1.05930710471721e-29	No	No
Q16851	UGP2	2.27773896695824	0.0009144331516002	No	No
Q16881	TXNRD1	4.93528751206552	5.33235405460276e-14	No	No
Q16891	IMMT	10.1338864216473	4.09225059128934e-26	No	No
Q1KMD3	HNRNPUL2	10.2313723477801	3.61130517127118e-21	No	No
Q24JP5	TMEM132A	9.80458743987919	1.13988764711769e-29	No	No
Q27J81	INF2	11.2024646780438	5.0708687661740294e-36	No	No
Q2TAL6	VWC2	7.21461929829567	2.45940223837679e-26	No	No
Q32MZ4	LRRFIP1	11.9170473420628	2.38228483613941e-38	No	No
Q32P28	P3H1	7.04984069531211	1.02110203367272e-18	No	No
Q32P44	EML3	4.95472581236974	5.88161791413618e-12	No	No
Q3LXA3	TKFC	4.1956629666423	1.26331694869336e-06	No	No
Q3YEC7	RABL6	8.34679730063981	9.2536252001459e-28	No	No
Q3ZCQ8	TIMM50	7.54868229684419	6.53880399636744e-24	No	No
Q3ZCW2	LGALSL	9.07711567828832	1.35433847157472e-30	No	No
Q495W5	FUT11	8.10153198556036	1.71922644330622e-07	No	No
Q49AR2	C5orf22	4.01833972248475	2.0064088855563998e-13	No	No
Q4G0F5	VPS26B	8.54635572375781	5.82618822759764e-27	No	No
Q4G0N4	NADK2	4.22324198457865	3.32431757646712e-08	No	No
Q4G148	GXYLT1	4.79097438294816	3.55583125359968e-06	No	No
Q4KMQ2	ANO6	5.0707698899951	5.47494901156991e-08	No	No
Q4LDE5	SVEP1	8.4142486853799	2.95751281534079e-25	No	No
Q4V328	GRIPAP1	6.80169827249048	3.7997639422322805e-21	No	No
Q4ZHG4	FNDC1	4.55653410264008	3.55452198576995e-10	No	No
Q504Y2	PKDCC	10.0140470519087	9.92717655657153e-34	No	No
Q53EL6	PDCD4	4.68707166843145	0.0010113534850265	No	No
Q53EL9	SEZ6	10.669542861914	1.24090129324918e-27	No	No
Q53FA7	TP53I3	5.62806429563401	1.85278265873809e-06	No	No
Q53GQ0	HSD17B12	3.59432500528358	2.63683134257645e-05	No	No
Q53H76	PLA1A	3.22956553637046	1.4464064207211401e-09	No	No
Q53H96	PYCR3	1.69759433016178	0.0022202280885125	No	No
Q53HC9	EIPR1	5.99305800922286	8.404956862125929e-16	No	No
Q53RD9	FBLN7	5.9150186851711	2.07665958838294e-12	No	No
Q53T59	HS1BP3	9.68832146725105	6.34220167968959e-32	No	No
Q58WW2	DCAF6	3.38467547002299	0.0004072854917415	No	No
Q5BKZ1	ZNF326	2.50512138674894	1.20394775613869e-07	No	No
Q5BLP8	C4orf48	8.11190643616987	2.47985112255547e-25	No	No
Q5GFL6	VWA2	3.55323821011227	1.11686633677033e-11	No	No
Q5H8C1	FREM1	5.85958825091535	4.92256903126819e-16	No	No
Q5H9R7	PPP6R3	7.80223577640667	2.19319968068773e-21	No	No
Q5JRA6	MIA3	10.3092448248563	7.382406534772451e-35	No	No
Q5JRX3	PITRM1	5.92907260706305	1.1225692916577e-10	No	No
Q5JS37	NHLRC3	4.47886428912371	0.0029131878633086	No	No
Q5JSH3	WDR44	12.0964075129515	6.91918549792044e-39	No	No
Q5JTV8	TOR1AIP1	7.07283984645793	1.50612966858918e-10	No	No
Q5JWF2	GNAS	5.98398876864657	8.38248333016245e-14	No	No
Q5RKV6	EXOSC6	7.65949812115775	7.43956491388515e-13	No	No
Q5SGD2	PPM1L	5.45038378330013	1.1805127377322799e-11	No	No
Q5SQ64	LY6G6F	8.31947375995239	8.72589868845002e-27	No	No
Q5SZK8	FREM2	13.9359920171582	1.12220318486653e-39	No	No
Q5T0F9	CC2D1B	5.16981657944993	5.7228666793696706e-15	No	No
Q5T0N5	FNBP1L	7.26015069288641	2.2811149938715e-25	No	No
Q5T1M5	FKBP15	9.43063376713086	1.55704366435869e-23	No	No
Q5T2D2	TREML2	5.21884247359538	2.70828863661784e-21	No	No
Q5T2T1	MPP7	4.76777108003292	0.0010495132241384	No	No
Q5T447	HECTD3	7.20198692043503	2.5318869393547604e-25	No	No
Q5T4S7	UBR4	8.03444849809843	3.73759302525939e-18	No	No
Q5T5C0	STXBP5	6.74442809590196	2.26044944575891e-17	No	No
Q5T749	KPRP	4.83426465231406	1.39540734263317e-05	No	No
Q5T750	XP32	2.230636072766	0.0006562853499946	No	No
Q5TAQ9	DCAF8	3.64819006428571	1.74048749287864e-05	No	No
Q5TDH0	DDI2	6.43820942121358	4.8215353003451305e-15	No	No
Q5UCC4	EMC10	4.47755564361319	2.5774882123858103e-14	No	No
Q5VVQ6	YOD1	6.74389478906056	1.84267073506799e-16	No	No
Q5VY43	PEAR1	3.33960327672503	1.34156016754452e-08	No	No
Q5ZPR3	CD276	5.5304504329286	2.6265461727299e-15	No	No
Q63HQ2	EGFLAM	8.12429001834908	1.28388288537497e-18	No	No
Q658P3	STEAP3	7.6270385040703	2.36212800840784e-16	No	No
Q684P5	RAP1GAP2	9.62731005936154	1.54490361496209e-28	No	No
Q68BL7	OLFML2A	5.12286965844922	1.21396176566504e-09	No	No
Q68BL8	OLFML2B	8.06844055471054	1.53306649582541e-20	No	No
Q68D85	NCR3LG1	1.22288750228418	0.0023136100566019	No	No
Q68D91	MBLAC2	5.9386204639251	8.749064372299301e-15	No	No
Q6DD88	ATL3	9.87554044967407	2.06947742257524e-29	No	No
Q6FI81	CIAPIN1	8.44725981398362	3.52652165565349e-13	No	No
Q6GMV2	SMYD5	10.140518316867	2.43404272761043e-27	No	No
Q6IAA8	LAMTOR1	10.1125071838072	7.8252394976443e-32	No	No
Q6IBS0	TWF2	8.46575370922707	9.996905805121419e-28	No	No
Q6IEE7	TMEM132E	7.37606891700834	1.25675525184414e-17	No	No
Q6NUK1	SLC25A24	6.13086572494121	3.3580973121834396e-18	No	No
Q6NZI2	CAVIN1	7.57595771339473	3.31124832152646e-14	No	No
Q6P1A2	LPCAT3	5.76041998449949	1.73766279726073e-16	No	No
Q6P1N0	CC2D1A	6.18475896191069	2.87072747883581e-19	No	No
Q6P1X6	C8orf82	3.16286925279127	9.02230323854083e-06	No	No
Q6P2E9	EDC4	7.00996824064792	1.12671363438879e-11	No	No
Q6P2Q9	PRPF8	6.52846413895267	2.1443521479176e-15	No	No
Q6P4E1	GOLM2	11.5402666578634	9.44457954060172e-35	No	No
Q6P587	FAHD1	6.45877939682408	1.2402905111492e-19	No	No
Q6P988	NOTUM	5.81515180474226	2.4223754636907798e-11	No	No
Q6PCB0	VWA1	9.81769103846468	2.3835593450337204e-19	No	No
Q6PI73	LILRA6	5.00475114577672	1.3865871859039001e-15	No	No
Q6PJW8	CNST	7.78754123863789	2.66939501892899e-21	No	No
Q6PKG0	LARP1	6.79206514523348	8.89697232788835e-16	No	No
Q6PL24	TMED8	9.13496651519068	2.64303778242908e-27	No	No
Q6Q788	APOA5	5.75628962787978	1.48710321221491e-23	No	No
Q6QNK2	ADGRD1	6.6382772901234	3.1228507632247898e-12	No	No
Q6QNY1	BLOC1S2	5.38898842913077	2.824806495705e-13	No	No
Q6UN15	FIP1L1	2.97517823932167	1.65652590347695e-06	No	No
Q6UVK1	CSPG4	8.62908622508686	3.9023759209464697e-22	No	No
Q6UW49	SPESP1	7.01386153981397	2.1317766339563702e-19	No	No
Q6UWB1	IL27RA	5.62745242046918	7.204700827589409e-11	No	No
Q6UWD8	C16orf54	7.84726058339623	9.66405403229122e-22	No	No
Q6UWF9	FAM180A	6.19664396514836	4.759673642466669e-22	No	No
Q6UWH4	GASK1B	2.44387064802973	2.58169762943769e-06	No	No
Q6UWL2	SUSD1	6.37013380677558	1.64196272861081e-08	No	No
Q6UWP8	SBSN	4.68114595666776	0.0013349955741658	No	No
Q6UWV6	ENPP7	1.95235143259387	0.0026797839537643	No	No
Q6UWY5	OLFML1	8.84607629276038	9.704215173129989e-30	No	No
Q6UX71	PLXDC2	5.36922231603051	5.93671877176265e-20	No	No
Q6UXB8	PI16	6.75805512129044	1.8689463787173e-20	No	No
Q6UXC1	MAMDC4	9.03193659560805	4.9712109724188204e-14	No	No
Q6UXD5	SEZ6L2	6.53695055761607	9.944868209567109e-26	No	No
Q6UXH0	ANGPTL8	5.70713181909349	2.4406012131823803e-19	No	No
Q6UXH1	CRELD2	9.11425936571839	4.3362812643345805e-31	No	No
Q6UXH9	PAMR1	7.68320300623209	8.36212444637991e-15	No	No
Q6UXI9	NPNT	5.05068255491348	1.4185332786244798e-11	No	No
Q6UXK2	ISLR2	2.7142802364478	0.0001480972059449	No	No
Q6UY14	ADAMTSL4	2.36179536376042	6.61597184731252e-05	No	No
Q6V0I7	FAT4	11.6228489235473	1.7008781764576299e-22	No	No
Q6VY07	PACS1	6.80529986310109	7.73414078347175e-21	No	No
Q6WCQ1	MPRIP	5.94115397258679	1.1792834238511102e-15	No	No
Q6WKZ4	RAB11FIP1	3.36357544391076	0.000735882956149	No	No
Q6WN34	CHRDL2	9.79095626094089	6.37753956081791e-33	No	No
Q6WRI0	IGSF10	8.57819374010842	1.4482899222548e-30	No	No
Q6XQN6	NAPRT	3.15817960246324	3.69932449704656e-08	No	No
Q6YHK3	CD109	5.11074387912819	4.0486627833494704e-17	No	No
Q6YN16	HSDL2	5.3122645496207	9.25521807742621e-13	No	No
Q6ZMJ2	SCARA5	5.05789645732774	2.67808143988622e-11	No	No
Q6ZNJ1	NBEAL2	7.78135868445786	2.2004374572084602e-25	No	No
Q6ZRP7	QSOX2	9.20337894918533	8.995342742635351e-20	No	No
Q6ZU35	CRACD	6.73372662876187	1.46418844718457e-16	No	No
Q6ZUX7	LHFPL2	7.01735416805518	8.43167583878109e-23	No	No
Q6ZWT7	MBOAT2	6.08591806902404	1.60256400384177e-17	No	No
Q709C8	VPS13C	6.60968965912954	4.2079025060436896e-11	No	No
Q70J99	UNC13D	10.129588484509	8.18278650722007e-31	No	No
Q70JA7	CHSY3	2.6871675562827	5.41097786050314e-05	No	No
Q76LX8	ADAMTS13	3.73571008076543	1.66384916649341e-13	No	No
Q76M96	CCDC80	1.73686358756734	0.0032549662341545	No	No
Q7KZF4	SND1	5.03628365232273	4.26620473589913e-08	No	No
Q7L1Q6	BZW1	7.71055830568782	5.53708784817145e-21	No	No
Q7L2H7	EIF3M	6.94617884146099	1.7750163941846902e-14	No	No
Q7L576	CYFIP1	9.19950076251778	7.473188398643669e-26	No	No
Q7L591	DOK3	8.15088124847162	3.14978507306908e-20	No	No
Q7L5D6	GET4	3.71150906858358	7.673062734577331e-09	No	No
Q7L5N1	COPS6	10.8902146070306	1.52707626675602e-34	No	No
Q7L7X3	TAOK1	5.937751324405	2.82126525511714e-16	No	No
Q7LDG7	RASGRP2	7.71090873331571	8.49706082462874e-21	No	No
Q7LFX5	CHST15	9.26947825668952	2.43593201797785e-22	No	No
Q7LG56	RRM2B	3.56097357181823	2.91162515729537e-05	No	No
Q7LGC8	CHST3	12.3395915192093	2.9588804024101897e-34	No	No
Q7Z2W4	ZC3HAV1	6.95863328387714	1.8684872002472702e-19	No	No
Q7Z304	MAMDC2	8.02174366709457	4.13408771631844e-23	No	No
Q7Z434	MAVS	10.097654117787	2.5998715020882996e-31	No	No
Q7Z478	DHX29	4.03412875711264	0.0001022341514667	No	No
Q7Z4R8	C6orf120	10.0122633135534	8.13878321230862e-29	No	No
Q7Z4W1	DCXR	1.96980288855546	0.0018479644667935	No	No
Q7Z5L0	VMO1	3.62695194762667	2.10196387795362e-12	No	No
Q7Z5L7	PODN	8.33933107199259	1.13065860484953e-27	No	No
Q7Z5N4	SDK1	2.24393135378387	0.0002516832878251	No	No
Q7Z6K5	ARPIN	5.17152494535182	7.694451602904979e-18	No	No
Q7Z6Z7	HUWE1	9.01475988480523	7.52230289928998e-25	No	No
Q7Z7E8	UBE2Q1	4.5295037370436	3.99255880992672e-16	No	No
Q7Z7G0	ABI3BP	5.87818353734438	1.55943347264718e-15	No	No
Q7Z7H5	TMED4	6.86342219789407	7.755642629335661e-17	No	No
Q7Z7M8	B3GNT8	4.46320870425898	2.0626967344060504e-09	No	No
Q86SF2	GALNT7	2.13896028921689	0.003185983094432	No	No
Q86SQ4	ADGRG6	3.15452954960567	5.5653384972003e-09	No	No
Q86SR1	GALNT10	8.02088289458484	2.65192057023866e-13	No	No
Q86T24	ZBTB33	3.61014001510753	2.1198481522788898e-11	No	No
Q86TH1	ADAMTSL2	6.87107081205071	8.04073459259232e-24	No	No
Q86TI2	DPP9	3.32165407674203	0.0003452804380455	No	No
Q86TP1	PRUNE1	7.70173330906794	6.59884533339174e-22	No	No
Q86TY3	ARMH4	5.26044018922542	2.3998203759657302e-20	No	No
Q86UD1	OAF	3.3902684812229	1.1037678881506399e-11	No	No
Q86UE4	MTDH	8.9886240075874	3.17932075871633e-19	No	No
Q86UN3	RTN4RL2	6.50097942311882	1.0533909898998601e-20	No	No
Q86UP2	KTN1	9.11812321984351	2.7575378227789497e-13	No	No
Q86UT6	NLRX1	6.08331218951417	2.4827253713207402e-14	No	No
Q86UX2	ITIH5	4.88382838163962	1.06997926452789e-08	No	No
Q86UX7	FERMT3	6.44767644708879	1.0182282406549201e-15	No	No
Q86VM9	ZC3H18	2.37898377144608	1.67806187264056e-06	No	No
Q86VN1	VPS36	3.02858739534448	6.20827235590928e-06	No	No
Q86VP6	CAND1	5.57713573303984	2.3302205143726e-11	No	No
Q86VS8	HOOK3	5.4613043254667	4.2495784371046004e-20	No	No
Q86VZ4	LRP11	7.03370163075008	2.84437406508894e-10	No	No
Q86WI1	PKHD1L1	7.00399120219313	3.1556116236775703e-15	No	No
Q86WR7	PROSER2	7.02506711736358	5.5184875092612104e-24	No	No
Q86X10	RALGAPB	7.12640149995578	1.0390554159691902e-15	No	No
Q86X55	CARM1	5.52310525265964	3.7983122575769703e-17	No	No
Q86XP3	DDX42	6.22578193393762	2.35202016260309e-18	No	No
Q86XX4	FRAS1	10.6729397891823	5.88698062960009e-20	No	No
Q86Y39	NDUFA11	5.70599451019347	3.46173045922326e-20	No	No
Q86Y82	STX12	7.58294698662092	4.43982216069159e-21	No	No
Q86YB7	ECHDC2	10.3464729833962	1.67663930131295e-19	No	No
Q86YW5	TREML1	9.54033511820528	2.1387581856734503e-31	No	No
Q8IUE6	H2AC21	5.11996679077059	1.50455607871384e-17	No	No
Q8IUI8	CRLF3	8.99674953755823	1.04618104023775e-23	No	No
Q8IUK5	PLXDC1	15.4019263780978	6.309558949327139e-40	No	No
Q8IUK8	CBLN2	9.46064449706083	1.89655625920507e-30	No	No
Q8IUL8	CILP2	5.14150631929007	5.63079365759497e-13	No	No
Q8IUX7	AEBP1	9.4936605326774	1.84872649294879e-30	No	No
Q8IV08	PLD3	4.97729535994827	1.8697694792420503e-09	No	No
Q8IW45	NAXD	2.11051613811414	0.0013551151010431	No	No
Q8IWA5	SLC44A2	8.48210806983799	6.27134089422349e-23	No	No
Q8IWE2	FAM114A1	6.32997101320644	1.14159713059005e-10	No	No
Q8IWK6	ADGRA3	4.29568099978405	3.47913527814442e-07	No	No
Q8IWT0	ZBTB8OS	5.13998427989803	7.74851418643495e-18	No	No
Q8IX12	CCAR1	6.57722900144032	1.6461951349985202e-17	No	No
Q8IXJ6	SIRT2	6.77051894714909	1.99534856969161e-18	No	No
Q8IXL6	FAM20C	3.40278000717723	2.38004473830577e-08	No	No
Q8IY22	CMIP	7.4364577306024	1.81165005041411e-20	No	No
Q8IY81	FTSJ3	5.11130524216773	1.2269896113571702e-19	No	No
Q8IYB7	DIS3L2	4.28883246984237	6.26838530126057e-05	No	No
Q8IYD1	GSPT2	8.72400402526756	3.8819071950071202e-25	No	No
Q8IZ07	ANKRD13A	6.64316030651943	2.46147050429499e-19	No	No
Q8IZ52	CHPF	4.2648993222387	9.42925919785612e-05	No	No
Q8IZ83	ALDH16A1	6.81172484548397	9.72802841383859e-17	No	No
Q8IZA0	KIAA0319L	3.11590096941558	2.52399734237474e-05	No	No
Q8IZF2	ADGRF5	7.74468887612552	3.11798565570618e-24	No	No
Q8IZP0	ABI1	10.0861381499188	1.44182641832051e-32	No	No
Q8IZP7	HS6ST3	7.5139195723326	1.64488918973873e-22	No	No
Q8IZP9	ADGRG2	5.29069093885034	4.21507603742113e-14	No	No
Q8N0Z9	VSIG10	3.22384773359637	3.91292046878152e-11	No	No
Q8N128	FAM177A1	10.7754212698937	9.7396117520128e-34	No	No
Q8N129	CNPY4	5.72328409558404	1.9295760012494402e-14	No	No
Q8N163	CCAR2	8.66061848744081	4.0557247215302302e-25	No	No
Q8N1F7	NUP93	5.49008989426505	1.59242453115208e-06	No	No
Q8N1G4	LRRC47	5.54893996573433	1.01387887352598e-10	No	No
Q8N2Q7	NLGN1	8.16423001798639	6.54025334237238e-11	No	No
Q8N2S1	LTBP4	7.52153733305668	2.14817941536315e-29	No	No
Q8N307	MUC20	8.91186031200565	1.3784711884516799e-30	No	No
Q8N386	LRRC25	3.18469118773304	6.03379283082476e-09	No	No
Q8N392	ARHGAP18	7.13812299961582	1.59934866608959e-20	No	No
Q8N3D4	EHBP1L1	7.04430629958668	1.29477026649182e-26	No	No
Q8N3J6	CADM2	3.58203221299143	1.12121557060328e-09	No	No
Q8N3T1	GALNT15	12.3059072973184	9.89357428437201e-33	No	No
Q8N3T6	TMEM132C	4.43257437276148	4.72114865626895e-13	No	No
Q8N3X1	FNBP4	9.66075560830364	1.11922330009751e-32	No	No
Q8N423	LILRB2	4.79861776987466	1.5533857675789902e-15	No	No
Q8N436	CPXM2	7.21561585471029	7.54239986857125e-22	No	No
Q8N4Q1	CHCHD4	5.02413337326065	5.08443206549643e-15	No	No
Q8N573	OXR1	6.30510811213217	1.93911477570545e-21	No	No
Q8N5I2	ARRDC1	6.45134225926151	5.84261287139855e-14	No	No
Q8N5J2	MINDY1	6.6261912518749	3.34209404362919e-16	No	No
Q8N5K1	CISD2	8.02993460361658	8.75504009328801e-25	No	No
Q8N5R6	CCDC33	7.31005804005382	4.55858868277658e-22	No	No
Q8N684	CPSF7	9.92472317674308	7.975980896325809e-11	No	No
Q8N699	MYCT1	9.53109486346995	8.79482351422913e-31	No	No
Q8N6H7	ARFGAP2	4.94159431140502	3.89221050596888e-12	No	No
Q8N6T3	ARFGAP1	6.7887709469684	9.1894027336643e-14	No	No
Q8N7H5	PAF1	10.2079819871998	2.24014498498931e-28	No	No
Q8N8S7	ENAH	7.49522767152909	1.28482535630436e-16	No	No
Q8N9N7	LRRC57	7.56080402058231	1.35273410009304e-09	No	No
Q8N9N8	EIF1AD	3.199192210125	3.36952227306541e-07	No	No
Q8NBJ4	GOLM1	7.389046440229	1.15656517756281e-19	No	No
Q8NBJ7	SUMF2	5.09298442138637	4.77080635510185e-12	No	No
Q8NBM8	PCYOX1L	7.35119952095315	1.02508296068401e-18	No	No
Q8NBP7	PCSK9	7.74053207436337	1.5856231526868e-25	No	No
Q8NBS9	TXNDC5	6.98349951043324	3.9444864927601395e-12	No	No
Q8NBU5	ATAD1	3.88806481446632	0.0007834125352971	No	No
Q8NBX0	SCCPDH	7.86518577829802	2.63023554727579e-25	No	No
Q8NBZ7	UXS1	7.15977467169579	3.43672275965396e-20	No	No
Q8NC51	SERBP1	8.99832323686941	3.4535781082178397e-16	No	No
Q8NCH0	CHST14	5.09575156122454	0.0006993593913069	No	No
Q8NCW5	NAXE	5.7111260850284	1.20516290701366e-08	No	No
Q8NDA2	HMCN2	6.65460285302165	2.7397195402299103e-15	No	No
Q8NDH3	NPEPL1	8.4344550778293	2.60349297620239e-17	No	No
Q8NE71	ABCF1	6.23562929108748	2.4250690664429e-11	No	No
Q8NE86	MCU	6.99702406792982	9.16301746473661e-19	No	No
Q8NES3	LFNG	5.32298877799369	2.2061969043164802e-09	No	No
Q8NEU8	APPL2	8.79858548836694	4.51252807849648e-28	No	No
Q8NEX9	SDR9C7	4.09759216003576	7.828460231290449e-11	No	No
Q8NF37	LPCAT1	2.63500846422088	0.0007454281943971	No	No
Q8NF50	DOCK8	5.17678307457686	9.70254924018998e-11	No	No
Q8NFC6	BOD1L1	2.87250748871972	1.14767305396676e-05	No	No
Q8NFD5	ARID1B	2.58018881321207	9.22822428194318e-07	No	No
Q8NFH3	NUP43	3.18035421807091	0.0001094160003155	No	No
Q8NFL0	B3GNT7	6.13212467886893	1.8011261762834198e-12	No	No
Q8NFQ8	TOR1AIP2	5.47188305050553	2.87218125447374e-15	No	No
Q8NFV4	ABHD11	8.74429076238883	2.4193245507089703e-19	No	No
Q8NFW8	CMAS	3.98475389309765	3.04586970800008e-05	No	No
Q8NFZ4	NLGN2	3.93368357954194	2.39966945629311e-07	No	No
Q8NFZ8	CADM4	1.5077867315452	0.0036843625107318	No	No
Q8NG06	TRIM58	8.07282646714851	6.52175275154018e-24	No	No
Q8NG11	TSPAN14	7.49079128108211	5.48268646568214e-23	No	No
Q8NHL6	LILRB1	3.1106492946963	0.0003438007470201	No	No
Q8NI99	ANGPTL6	7.54188029944673	5.45779327566528e-25	No	No
Q8TAB3	PCDH19	6.57507363261205	1.8820697143806998e-17	No	No
Q8TAL6	FIBIN	4.82741492813034	1.13953102726796e-13	No	No
Q8TAQ2	SMARCC2	9.37149411781013	7.02516036585564e-21	No	No
Q8TB96	ITFG1	7.52074247096321	6.86582833358102e-17	No	No
Q8TBC4	UBA3	7.4091280028268	2.9321250586806097e-22	No	No
Q8TBX8	PIP4K2C	4.98045549252762	2.88394271707781e-06	No	No
Q8TC07	TBC1D15	7.13591558097209	3.5532553520532104e-19	No	No
Q8TC12	RDH11	9.62809006068321	2.89909328897978e-29	No	No
Q8TCD5	NT5C	4.72619683410143	1.17484695320378e-10	No	No
Q8TCT9	HM13	6.8748630737687	2.1506390079214602e-19	No	No
Q8TCZ2	CD99L2	8.4597931531259	9.693305472304399e-27	No	No
Q8TD06	AGR3	8.99930355034056	1.82512940411657e-10	No	No
Q8TD19	NEK9	9.37973541690513	1.4132490028484e-30	No	No
Q8TD55	PLEKHO2	9.92031287282178	1.67294485780131e-23	No	No
Q8TDL5	BPIFB1	4.98958967591437	5.47328176005745e-13	No	No
Q8TDW7	FAT3	4.08801378052518	0.0001040219431869	No	No
Q8TE68	EPS8L1	2.98918684999051	6.37205259968221e-07	No	No
Q8TE77	SSH3	4.5034141042219	2.5783063735806e-09	No	No
Q8TEA8	DTD1	5.89971714804875	1.71503194828009e-16	No	No
Q8TER0	SNED1	4.03292336014316	2.3983529657142597e-12	No	No
Q8TEU8	WFIKKN2	6.37181261284159	4.5631529102427e-06	No	No
Q8TEX9	IPO4	2.70502529264997	0.0004386979701703	No	No
Q8TF42	UBASH3B	8.12471454489028	1.78578632961017e-21	No	No
Q8WUA8	TSKU	6.07576100631105	4.97860521203204e-19	No	No
Q8WUJ3	CEMIP	9.69125848168355	1.19329543035321e-14	No	No
Q8WUM4	PDCD6IP	11.3074513095821	6.843697746205431e-24	No	No
Q8WUT4	LRRN4	11.180858173276	3.56271686795671e-15	No	No
Q8WUW1	BRK1	8.18609585913791	9.51085208837687e-22	No	No
Q8WUY1	THEM6	3.63309012214089	4.11868222997423e-13	No	No
Q8WVC0	LEO1	9.95213229256833	2.16382467181236e-20	No	No
Q8WVJ2	NUDCD2	5.58106719111433	9.29245782831719e-10	No	No
Q8WVM8	SCFD1	6.90392167946668	1.0212090002300299e-16	No	No
Q8WVN6	SECTM1	4.16038166477242	1.01967294107044e-15	No	No
Q8WVQ1	CANT1	4.71290267767705	7.7856774960584e-08	No	No
Q8WW12	PCNP	4.87654299851025	3.9407248275976705e-09	No	No
Q8WW59	SPRYD4	3.17772179066171	7.03947785745137e-10	No	No
Q8WWA0	ITLN1	5.74747426515757	2.49903016471041e-13	No	No
Q8WWA1	TMEM40	8.24534894349138	8.336351981060681e-19	No	No
Q8WWI5	SLC44A1	9.91329971304329	4.635439410127279e-30	No	No
Q8WWM7	ATXN2L	6.59527428959445	2.60495511668495e-10	No	No
Q8WWQ8	STAB2	6.35126647239511	1.04099154864954e-09	No	No
Q8WWV6	FCAMR	6.5424504319791	3.2238303859935e-20	No	No
Q8WWZ8	OIT3	5.62280309292041	3.5619039352225604e-20	No	No
Q8WXD2	SCG3	2.51786374182719	3.17804610576133e-07	No	No
Q8WXF7	ATL1	6.74930016520968	5.66275469537876e-22	No	No
Q8WYN0	ATG4A	7.02369465982095	6.52954545242778e-26	No	No
Q8WZ42	TTN	8.61760955131824	6.862370183770189e-28	No	No
Q8WZA0	LZIC	8.21079521456972	1.0997824510962901e-23	No	No
Q8WZA1	POMGNT1	4.76277350252937	2.1060719953074203e-09	No	No
Q8WZA9	IRGQ	5.38755378096386	1.14934221276888e-10	No	No
Q92187	ST8SIA4	12.1647079374587	2.92252468772639e-35	No	No
Q92485	SMPDL3B	2.12659444622913	0.0042549119775004	No	No
Q92496	CFHR4	4.56553736952017	7.2266375871295406e-09	No	No
Q92499	DDX1	8.18109799130807	1.45021265153913e-27	No	No
Q92522	H1-10	5.53286955937819	1.3007451997129801e-09	No	No
Q92530	PSMF1	7.97356015091264	6.22721982682012e-17	No	No
Q92538	GBF1	5.90627877343633	7.27412182669713e-14	No	No
Q92539	LPIN2	6.90817859180403	8.07569457281346e-21	No	No
Q92542	NCSTN	4.45115331970242	1.89924875817207e-07	No	No
Q92552	MRPS27	3.92861673168171	8.69486079838411e-09	No	No
Q92572	AP3S1	3.27371970536138	2.7813338164388e-07	No	No
Q92575	UBXN4	6.78440336444908	2.24252467259461e-21	No	No
Q92597	NDRG1	8.69355454752467	1.3353612419358299e-11	No	No
Q92598	HSPH1	10.5861757786614	6.37927249511521e-28	No	No
Q92599	SEPTIN8	3.1483812626607	4.06503181836985e-06	No	No
Q92609	TBC1D5	2.80255518939279	0.0001667844441057	No	No
Q92614	MYO18A	5.12573919585901	2.41259399172274e-16	No	No
Q92615	LARP4B	5.43927412533299	1.10961148382778e-12	No	No
Q92616	GCN1	6.63505822143447	8.04350573214528e-14	No	No
Q92619	ARHGAP45	11.4408830588545	2.20949509905775e-32	No	No
Q92673	SORL1	16.0574878129242	3.86924545481822e-37	No	No
Q92686	NRGN	9.74606765754482	2.35793263395859e-31	No	No
Q92688	ANP32B	10.9181745119101	4.41773452409221e-33	No	No
Q92692	NECTIN2	3.84675805024543	8.05765440029471e-08	No	No
Q92696	RABGGTA	5.37119038029779	1.8815042489939e-12	No	No
Q92734	TFG	10.3409061218869	1.39065208792675e-23	No	No
Q92743	HTRA1	3.94706192862106	2.3051182211491798e-12	No	No
Q92752	TNR	8.85369521444267	1.36071773392116e-06	No	No
Q92785	DPF2	4.45137021235846	1.9923877427702798e-18	No	No
Q92823	NRCAM	5.67003035254034	6.77485102492327e-13	No	No
Q92824	PCSK5	10.0387951563056	1.05490051468556e-10	No	No
Q92841	DDX17	2.64851122897074	0.0096569815659485	No	No
Q92859	NEO1	5.28793424772266	8.62777999714899e-14	No	No
Q92882	OSTF1	9.67532777520459	3.3143980860886e-30	No	No
Q92896	GLG1	5.01298774266313	3.83968855959152e-06	No	No
Q92900	UPF1	5.18465794745494	1.00794876530064e-11	No	No
Q92905	COPS5	11.1876033554663	8.091282653954269e-33	No	No
Q92922	SMARCC1	5.52820088420924	6.87570213303694e-18	No	No
Q92925	SMARCD2	6.80083605924116	1.09930719706272e-08	No	No
Q92930	RAB8B	7.39372484795729	2.58012204764631e-19	No	No
Q92934	BAD	5.87468679217978	5.00662655065605e-19	No	No
Q92945	KHSRP	2.33586476000807	0.0054943269411674	No	No
Q92954	PRG4	1.22202692705376	0.0020958399470681	No	No
Q92973	TNPO1	6.75044311284863	2.78545341839154e-14	No	No
Q92974	ARHGEF2	8.09984425803264	1.51435170740429e-24	No	No
Q92989	CLP1	4.53309434950552	4.33597212278445e-18	No	No
Q93009	USP7	8.12860347027314	3.2278639061211003e-21	No	No
Q93034	CUL5	5.40048702547282	5.38608393028154e-14	No	No
Q93050	ATP6V0A1	6.87492019078346	3.90554176362666e-16	No	No
Q93052	LPP	6.01358778900666	2.46972991461289e-18	No	No
Q93070	ART4	2.07878638524145	0.0004800135453497	No	No
Q93084	ATP2A3	11.9210220840391	5.7689686805141695e-36	No	No
Q93088	BHMT	3.4794568559373	2.61364549952969e-05	No	No
Q969G3	SMARCE1	6.78759341848232	4.23847785669693e-26	No	No
Q969H8	MYDGF	7.75059319833698	3.12630799352784e-17	No	No
Q969J3	BORCS5	7.61139590973162	4.29084935197413e-24	No	No
Q969P0	IGSF8	4.54030416746955	3.32908648939909e-09	No	No
Q969T9	WBP2	6.897953975594	5.1295083421607e-16	No	No
Q969X0	RILPL2	6.06074233956201	6.904621913705351e-21	No	No
Q96A26	FAM162A	8.46842293710339	3.43692532290408e-25	No	No
Q96A32	MYLPF	5.37040094064777	1.41732659376983e-20	No	No
Q96A33	CCDC47	5.60916459730944	8.33562653392921e-20	No	No
Q96A49	SYAP1	6.81444003438689	2.77311164253805e-19	No	No
Q96A65	EXOC4	4.96418409441236	3.17103913855771e-11	No	No
Q96AC1	FERMT2	3.77450425440348	3.77922733771003e-06	No	No
Q96AE4	FUBP1	12.5710475798595	1.5986902932462e-09	No	No
Q96AG4	LRRC59	10.4231117008138	8.58211146237257e-26	No	No
Q96AP7	ESAM	7.08106994733033	7.82295834502284e-18	No	No
Q96AX2	RAB37	6.65249446657211	1.770633712492e-21	No	No
Q96B45	BORCS7	7.12461240898837	7.91211682434879e-24	No	No
Q96BZ4	PLD4	6.16287113599937	4.48900415252679e-08	No	No
Q96C19	EFHD2	7.18272584660557	1.37406139084791e-18	No	No
Q96C24	SYTL4	8.17236467614783	6.86671467516409e-22	No	No
Q96C86	DCPS	7.43222200980768	2.1222662919029902e-23	No	No
Q96CG8	CTHRC1	2.30934186419007	0.0001586051090971	No	No
Q96CN7	ISOC1	4.194903319831	9.874972991303821e-09	No	No
Q96CV9	OPTN	5.40650880690185	5.30998033132874e-12	No	No
Q96CW1	AP2M1	7.43551391756201	4.49515397609162e-07	No	No
Q96CX2	KCTD12	2.7877744646473	1.8076923829316e-05	No	No
Q96D15	RCN3	8.86886390275242	1.4984411961456499e-28	No	No
Q96DA0	ZG16B	10.8542539619256	9.88294462080574e-37	No	No
Q96DB5	RMDN1	2.24022099296156	0.0013051483772057	No	No
Q96DR8	MUCL1	5.17978701741692	8.54935339001381e-17	No	No
Q96DZ1	ERLEC1	5.95619429628438	4.891005982132751e-09	No	No
Q96DZ9	CMTM5	11.7817210190398	3.22325482623465e-29	No	No
Q96EE4	CCDC126	2.50343941072993	0.0044719952661951	No	No
Q96EG1	ARSG	3.13247379996942	4.76102543407683e-05	No	No
Q96EP5	DAZAP1	6.01181406388595	5.83755271159772e-17	No	No
Q96EY8	MMAB	7.04415972628214	1.2354166182934801e-20	No	No
Q96FE7	PIK3IP1	3.87072209717673	3.83542762420208e-09	No	No
Q96FH0	BORCS8	2.58294444577579	3.28096159746052e-06	No	No
Q96FK6	WDR89	10.6037765083246	1.41067420234316e-19	No	No
Q96FQ6	S100A16	4.54263649501565	1.62550296518665e-07	No	No
Q96FW1	OTUB1	7.95173178205755	1.3799778609096e-23	No	No
Q96FZ7	CHMP6	7.04086830724876	1.30141205121186e-18	No	No
Q96G23	CERS2	7.9651603718681	1.13643834661931e-25	No	No
Q96GD0	PDXP	4.28832661423522	4.2947247526076295e-11	No	No
Q96GS4	BORCS6	6.91029202924875	2.13474306881944e-21	No	No
Q96GW7	BCAN	6.77509779372512	9.84969641309695e-14	No	No
Q96H15	TIMD4	4.61360479191565	4.04619049029577e-13	No	No
Q96H20	SNF8	4.71641655625424	8.16822523973015e-12	No	No
Q96HC4	PDLIM5	9.30197529355782	1.7209360717764398e-26	No	No
Q96HD1	CRELD1	7.1925822150289	1.91177548212809e-20	No	No
Q96HE7	ERO1A	7.26675809444795	2.21301690822295e-16	No	No
Q96HR9	REEP6	5.4031439827694	1.09007523191966e-09	No	No
Q96HS1	PGAM5	7.34619286166591	1.5684247452203e-19	No	No
Q96HY6	DDRGK1	5.48830305025704	1.87029706972087e-05	No	No
Q96I99	SUCLG2	6.61849800871444	1.05951567549409e-17	No	No
Q96IJ6	GMPPA	4.02158361194461	4.64214426499373e-08	No	No
Q96IU4	ABHD14B	4.36164445841978	4.341556679611e-09	No	No
Q96IX5	ATP5MK	8.93964881907762	1.88479588568917e-26	No	No
Q96J02	ITCH	2.38053363922423	0.0003049190915	No	No
Q96J42	TXNDC15	14.2830814676282	5.7595491505028e-33	No	No
Q96JB5	CDK5RAP3	5.38105043333973	4.69359603113862e-14	No	No
Q96JD6	AKR1E2	3.48070296489831	8.52532235164924e-08	No	No
Q96JJ7	TMX3	6.55408215530333	2.67341123083177e-15	No	No
Q96JP9	CDHR1	4.93795369555052	1.00098637067241e-15	No	No
Q96JQ0	DCHS1	11.251821141583	1.6118479774474502e-35	No	No
Q96K17	BTF3L4	9.85915785779655	3.92970794716395e-29	No	No
Q96K21	ZFYVE19	4.79240994164409	1.68127570611444e-13	No	No
Q96K76	USP47	8.66887972760724	5.97594203231103e-26	No	No
Q96KG9	SCYL1	6.2798127018674	4.75535825098496e-06	No	No
Q96KN2	CNDP1	1.25630968460807	0.0008388309790532	No	No
Q96KP4	CNDP2	9.22209069858561	4.6063861908743395e-18	No	No
Q96KR1	ZFR	9.93281885567434	1.39643188208795e-23	No	No
Q96L92	SNX27	2.80815784219677	0.007528594188403	No	No
Q96LA6	FCRL1	5.22720731858387	1.08441193160294e-07	No	No
Q96M27	PRRC1	9.33405031913627	2.0576009603131902e-20	No	No
Q96MK3	FAM20A	8.1307194284236	3.04706248433385e-22	No	No
Q96MU8	KREMEN1	3.99722415228153	1.75689136819237e-05	No	No
Q96MW1	CCDC43	5.7900136922342	3.2487753351091504e-14	No	No
Q96NA2	RILP	6.4149040347036	1.1391523557383e-15	No	No
Q96NB2	SFXN2	3.22232790462956	2.2303000421325e-08	No	No
Q96NZ9	PRAP1	3.87725614763313	7.801276876245171e-15	No	No
Q96P48	ARAP1	8.15390212654388	4.04143043184603e-12	No	No
Q96P63	SERPINB12	3.81210306122503	0.005029335230313	No	No
Q96P70	IPO9	4.63591090598057	9.255732178282561e-09	No	No
Q96PC5	MIA2	4.89123069636205	3.61715831543766e-16	No	No
Q96PK6	RBM14	6.36370556541878	1.1816861076491798e-11	No	No
Q96PL1	SCGB3A2	5.1624405902923	4.19089419381631e-08	No	No
Q96PX8	SLITRK1	8.10202373050022	2.05566335882777e-17	No	No
Q96QA5	GSDMA	7.24714940891656	3.86610473264478e-08	No	No
Q96QK1	VPS35	8.9961981107691	1.0152146097890801e-25	No	No
Q96QR1	SCGB3A1	7.59604293548478	1.2810281874506002e-16	No	No
Q96QR8	PURB	8.56425068821272	6.332780999627401e-26	No	No
Q96QV1	HHIP	1.51528142291118	0.0014536592046943	No	No
Q96RF0	SNX18	5.75820400390562	6.98293358054144e-18	No	No
Q96RP7	GAL3ST4	4.2513462102064	4.8230947491107596e-12	No	No
Q96RP9	GFM1	3.61759311093269	1.0789297347414e-06	No	No
Q96RQ3	MCCC1	4.16139451409795	2.63222301602737e-09	No	No
Q96RS6	NUDCD1	5.82789781778924	4.2463424195022e-09	No	No
Q96RT1	ERBIN	9.25085268808802	1.01880563515954e-27	No	No
Q96S86	HAPLN3	5.95353952321646	7.002446094708849e-11	No	No
Q96S99	PLEKHF1	8.60303231570462	2.8075823298861902e-31	No	No
Q96SB3	PPP1R9B	7.61242498030857	2.28287248656851e-25	No	No
Q96SI9	STRBP	9.9149636475796	1.07722696533745e-33	No	No
Q96SL4	GPX7	4.88790559061142	1.5084279595409302e-15	No	No
Q96ST2	IWS1	6.23431975074953	5.66333919235736e-24	No	No
Q96SW2	CRBN	5.77741507078875	3.0555661288517503e-19	No	No
Q96T51	RUFY1	6.11535252531953	1.49376481129188e-18	No	No
Q96TA1	NIBAN2	6.7037872495895	1.1288905874929801e-09	No	No
Q96TC7	RMDN3	9.0894481557497	8.129094141186761e-19	No	No
Q99417	MYCBP	10.2994032698424	4.46815586392262e-30	No	No
Q99426	TBCB	7.71409850501147	1.1011437893513e-24	No	No
Q99435	NELL2	6.75834188385402	1.78766257027942e-22	No	No
Q99436	PSMB7	6.70519027006257	6.95255290856137e-21	No	No
Q99439	CNN2	3.66820223934069	2.88837725284232e-10	No	No
Q99442	SEC62	7.73067743239801	1.06379732268346e-20	No	No
Q99447	PCYT2	4.97447509620132	3.4092680538902804e-09	No	No
Q99459	CDC5L	3.15736355880262	2.93101373516962e-06	No	No
Q99460	PSMD1	10.6943857250496	3.6541409784610703e-31	No	No
Q99471	PFDN5	8.60234029513368	4.55821197373473e-25	No	No
Q99497	PARK7	3.59189521216781	8.735318855727589e-11	No	No
Q99501	GAS2L1	2.52727969721378	1.32160216367364e-06	No	No
Q99519	NEU1	4.790858574842	0.000245962316861	No	No
Q99523	SORT1	4.45969384665227	6.6092690307699405e-15	No	No
Q99536	VAT1	5.77066975789191	5.72043361339709e-16	No	No
Q99538	LGMN	3.92301455506644	1.61116808036728e-14	No	No
Q99542	MMP19	11.1421639935176	2.14834588004766e-30	No	No
Q99574	SERPINI1	11.7198718336642	1.28986867473692e-35	No	No
Q99598	TSNAX	9.14680550969916	5.476033527698961e-25	No	No
Q99614	TTC1	6.81916175433564	1.0036596842834301e-25	No	No
Q99623	PHB2	10.6759307979234	1.11382013908737e-26	No	No
Q99627	COPS8	9.52338333934846	2.59235850584618e-19	No	No
Q99653	CHP1	5.94873581120375	3.93287406796581e-12	No	No
Q99674	CGREF1	8.40268867192379	2.42106240544172e-32	No	No
Q99685	MGLL	8.05188137419469	2.62402508232299e-25	No	No
Q99714	HSD17B10	10.5779237675246	2.42317350903865e-25	No	No
Q99715	COL12A1	8.69083450021181	9.73354906508345e-20	No	No
Q99719	SEPTIN5	6.90725160174321	2.1658296604759e-18	No	No
Q99729	HNRNPAB	6.20944666964394	2.9136888473152697e-13	No	No
Q99733	NAP1L4	11.6979284969626	1.0683521405622899e-34	No	No
Q99747	NAPG	7.09110317646114	1.57917744458653e-20	No	No
Q99798	ACO2	7.05937923723945	4.28427050344321e-16	No	No
Q99808	SLC29A1	4.71554245328866	1.79580888771812e-16	No	No
Q99816	TSG101	7.61742790194712	1.28418477949657e-23	No	No
Q99828	CIB1	5.10030859522039	8.30131605163955e-12	No	No
Q99829	CPNE1	8.00286361304774	2.61382525902503e-22	No	No
Q99832	CCT7	11.3060516557449	5.537773995939971e-20	No	No
Q99873	PRMT1	9.14686505549993	2.7095064645857397e-11	No	No
Q99941	ATF6B	3.040585196512	2.87611192400415e-05	No	No
Q99961	SH3GL1	7.37498351550549	3.689642215352e-19	No	No
Q99972	MYOC	3.9467957864882	1.20901754999698e-06	No	No
Q99983	OMD	11.3910114388907	4.50106776982067e-32	No	No
Q9BPW8	NIPSNAP1	4.47738401519765	6.99295474196992e-05	No	No
Q9BPX5	ARPC5L	4.96661796205077	5.4885675871126594e-11	No	No
Q9BPX7	C7orf25	4.18411113443971	1.11571726037624e-10	No	No
Q9BQA1	WDR77	7.7456472253709	5.54285042674753e-21	No	No
Q9BQD3	KXD1	5.27669044915923	6.4430412208426e-13	No	No
Q9BQS7	HEPH	8.19043563134228	4.49407477095082e-26	No	No
Q9BQT9	CLSTN3	4.16891901285671	6.96694222780406e-10	No	No
Q9BR76	CORO1B	10.9912602318329	6.03328253287923e-32	No	No
Q9BRF8	CPPED1	3.82731577558411	4.42855998453093e-11	No	No
Q9BRG1	VPS25	4.78078438311772	3.4155672876633997e-13	No	No
Q9BRK5	SDF4	7.59727296411656	2.76891015932255e-24	No	No
Q9BRP8	PYM1	7.88518121900107	2.15043721504023e-14	No	No
Q9BRR6	ADPGK	5.3483396834743	6.72777878414623e-10	No	No
Q9BRT3	MIEN1	3.65937713958192	1.32088334456946e-12	No	No
Q9BRX5	GINS3	3.74234284900713	1.3365160813868e-05	No	No
Q9BRX8	PRXL2A	4.18157632733356	3.883818231667e-10	No	No
Q9BS26	ERP44	9.07974764549866	4.01768024060905e-24	No	No
Q9BSE5	AGMAT	1.90668148688297	0.0005430347877573	No	No
Q9BSF0	C2orf88	8.53321716036389	2.59436490476444e-28	No	No
Q9BSG0	PRADC1	2.75627459279272	9.32790199259002e-06	No	No
Q9BSH5	HDHD3	4.57939186415225	4.01238833688055e-11	No	No
Q9BSJ8	ESYT1	10.9820564359004	1.47694294761385e-25	No	No
Q9BSL1	UBAC1	8.97449925794014	5.72761959193905e-18	No	No
Q9BT78	COPS4	11.5346761024141	2.5843468636622e-33	No	No
Q9BTV4	TMEM43	6.57142021959386	5.31013049475489e-19	No	No
Q9BTY7	HGH1	3.51217153023208	5.86057381959146e-08	No	No
Q9BUD6	SPON2	3.59684062287221	2.60388682411228e-08	No	No
Q9BUF5	TUBB6	8.31807218349925	4.54925570756912e-26	No	No
Q9BUH6	PAXX	4.77439059742972	8.54530666112587e-10	No	No
Q9BUJ0	ABHD14A	3.24463388540448	1.4487514401242e-05	No	No
Q9BUL8	PDCD10	10.9775713574367	1.71899024571657e-35	No	No
Q9BUN1	MENT	4.74134782199009	4.7301897599137804e-14	No	No
Q9BUP0	EFHD1	6.12243770956934	3.4717645360114e-13	No	No
Q9BUP3	HTATIP2	5.41227040617328	7.50024889062288e-12	No	No
Q9BV40	VAMP8	8.32593337550531	7.26514119944836e-27	No	No
Q9BVC6	TMEM109	9.28818496817398	9.82169107099469e-29	No	No
Q9BVG4	PBDC1	6.11175389409107	1.5760234447481399e-16	No	No
Q9BVK6	TMED9	8.62422711163977	1.3488528849053598e-26	No	No
Q9BWD1	ACAT2	2.80132053536709	1.09321764072397e-05	No	No
Q9BWM7	SFXN3	5.80029305330699	6.1779180993037295e-18	No	No
Q9BWP8	COLEC11	7.61058505426398	1.71094931539621e-28	No	No
Q9BX10	GTPBP2	6.6870217051058	2.21626395958416e-15	No	No
Q9BX68	HINT2	8.07279543147286	5.28323506343527e-23	No	No
Q9BX93	PLA2G12B	5.01772346548637	6.126452487831711e-19	No	No
Q9BXJ0	C1QTNF5	4.16613918327747	5.2251466628859e-10	No	No
Q9BXJ1	C1QTNF1	1.90294229505298	1.32413861896629e-05	No	No
Q9BXJ2	C1QTNF7	4.54142956654412	3.4211791132191803e-15	No	No
Q9BXJ4	C1QTNF3	11.1104079953465	1.6560987342634801e-35	No	No
Q9BXK5	BCL2L13	10.4631385231946	3.83122548366506e-24	No	No
Q9BXN1	ASPN	9.07261238368126	9.45560118538766e-28	No	No
Q9BXP5	SRRT	3.54084032985314	6.6598443329547e-07	No	No
Q9BXP8	PAPPA2	7.13181266954522	3.96894466027276e-24	No	No
Q9BXR6	CFHR5	2.26756691563616	2.14252357770703e-07	No	No
Q9BXS4	TMEM59	8.10860816664132	1.1411625475870501e-15	No	No
Q9BXS5	AP1M1	9.91358076863202	6.2466090675015104e-21	No	No
Q9BXX0	EMILIN2	8.00464643781094	5.43653935342869e-23	No	No
Q9BY32	ITPA	7.09378383673567	2.0799437810016998e-17	No	No
Q9BY43	CHMP4A	9.80264100425858	1.0103474657247e-28	No	No
Q9BY44	EIF2A	3.37812254733929	0.0004522955131876	No	No
Q9BY67	CADM1	5.32727638237349	3.2965557637799604e-14	No	No
Q9BY76	ANGPTL4	5.23207604279647	5.31295086061857e-07	No	No
Q9BYE9	CDHR2	6.43262854809254	2.73535771183988e-25	No	No
Q9BYF1	ACE2	5.35270077394185	1.4144866280618102e-09	No	No
Q9BYH1	SEZ6L	11.314143036733	4.94270028443832e-33	No	No
Q9BYJ0	FGFBP2	5.21719602579696	3.1228703891065903e-15	No	No
Q9BZE1	MRPL37	3.89327906432646	3.4970510756604e-14	No	No
Q9BZE9	ASPSCR1	2.64702255263853	0.0030944954283815	No	No
Q9BZK7	TBL1XR1	5.85416242511532	2.40988312104995e-15	No	No
Q9BZL4	PPP1R12C	5.2196708537298	4.28248041156607e-15	No	No
Q9BZQ8	NIBAN1	7.70941182668595	9.757154251667939e-11	No	No
Q9BZZ5	API5	13.7899173008832	5.74099862641525e-37	No	No
Q9C005	DPY30	5.60470127251174	7.9476712382284e-20	No	No
Q9C040	TRIM2	7.00842100717897	6.00828244928641e-24	No	No
Q9C0B1	FTO	10.9883715964953	1.2261910804123602e-25	No	No
Q9C0C2	TNKS1BP1	6.64944060452385	7.19553972377501e-10	No	No
Q9C0C9	UBE2O	11.2264316980675	1.5892205206856698e-33	No	No
Q9C0E8	LNPK	5.52553143279858	5.7331886448077e-18	No	No
Q9C0H2	TTYH3	7.34872137956965	3.7145847389358597e-26	No	No
Q9GZM7	TINAGL1	9.70950036195239	5.1478471705703e-28	No	No
Q9GZN8	C20orf27	5.19428354412102	9.780686417915101e-21	No	No
Q9GZP0	PDGFD	7.0560097008592	2.8253193307148e-20	No	No
Q9GZP4	PITHD1	9.29543005738225	7.33175620756709e-29	No	No
Q9GZT3	SLIRP	7.62762302624037	6.05597028936731e-17	No	No
Q9GZX9	TWSG1	10.276251410079	5.1255211262904605e-31	No	No
Q9GZZ9	UBA5	6.69075179413768	2.45361992561196e-20	No	No
Q9H074	PAIP1	7.28686943055156	1.12239160237261e-20	No	No
Q9H0D6	XRN2	5.74500979755803	2.0105135804178498e-18	No	No
Q9H0E2	TOLLIP	8.6105917518787	6.40694725777323e-27	No	No
Q9H0R4	HDHD2	9.84362694648621	1.18837388270777e-19	No	No
Q9H0U4	RAB1B	10.9468740046078	3.73557741102609e-33	No	No
Q9H0U6	MRPL18	2.82133768305869	5.65186410460134e-06	No	No
Q9H159	CDH19	10.4294155512277	1.2083113569859701e-25	No	No
Q9H173	SIL1	8.34588269186775	4.18350854281806e-26	No	No
Q9H1B5	XYLT2	9.38653552652029	2.79729051674294e-26	No	No
Q9H1E3	NUCKS1	4.64642507559386	1.8681202470174e-15	No	No
Q9H1E5	TMX4	6.63068847811599	2.6115466869208e-16	No	No
Q9H1U4	MEGF9	2.66157637871729	4.72110111098425e-07	No	No
Q9H1Y0	ATG5	2.8916499427546	0.0004215027220529	No	No
Q9H223	EHD4	9.98086029362723	1.19285919789436e-14	No	No
Q9H251	CDH23	14.097303501855	5.5247803770071195e-40	No	No
Q9H299	SH3BGRL3	3.8196605746638	4.00412623358559e-12	No	No
Q9H2G2	SLK	9.35904767478908	6.43514821301086e-29	No	No
Q9H2J4	PDCL3	3.61779540766272	1.93188137943177e-07	No	No
Q9H2M9	RAB3GAP2	6.95238797136662	5.2892779999826504e-23	No	No
Q9H2U2	PPA2	8.66109738839787	8.46612151646265e-26	No	No
Q9H2X0	CHRD	1.76375442787822	0.0082911918631354	No	No
Q9H307	PNN	5.11454888605415	2.12714361207106e-18	No	No
Q9H330	TMEM245	4.70167245654478	1.03731334420849e-10	No	No
Q9H3G5	CPVL	10.076697747517	3.43506924458468e-21	No	No
Q9H3N1	TMX1	9.61441403227804	8.58402315771481e-29	No	No
Q9H3P7	ACBD3	8.15716644753652	6.8154278063829e-29	No	No
Q9H3R2	MUC13	11.7565209574134	1.4473332139403101e-31	No	No
Q9H3S7	PTPN23	3.19516386940392	0.0002321404209349	No	No
Q9H3U1	UNC45A	7.88991231310435	7.11162797244393e-19	No	No
Q9H425	C1orf198	5.02457291757234	2.55082051506612e-15	No	No
Q9H444	CHMP4B	7.77408318514499	4.39772109422864e-27	No	No
Q9H446	RWDD1	6.37616543275294	1.1172482427540199e-22	No	No
Q9H479	FN3K	9.99370354728014	2.98040374837653e-25	No	No
Q9H497	TOR3A	4.80312620940944	1.97704934924708e-12	No	No
Q9H4A3	WNK1	6.27205668201522	7.5283552200451695e-22	No	No
Q9H4A4	RNPEP	2.3892388890472	0.000434259019098	No	No
Q9H4A9	DPEP2	2.26450627472042	0.0071143210462142	No	No
Q9H4B7	TUBB1	8.70840292194053	7.95369975834294e-29	No	No
Q9H4M9	EHD1	11.5382265725329	3.09385792730371e-22	No	No
Q9H5N1	RABEP2	5.75679708666366	1.84668154025189e-14	No	No
Q9H5X1	CIAO2A	7.25757945614342	2.94278586244905e-26	No	No
Q9H6X2	ANTXR1	4.36077003808076	1.74731408269086e-10	No	No
Q9H6Z4	RANBP3	16.4659718912805	2.52879147806479e-10	No	No
Q9H741	SPRING1	3.07176300517732	0.0042044536804501	No	No
Q9H773	DCTPP1	4.61526384829157	2.8965814736662204e-15	No	No
Q9H7D7	WDR26	6.45215888413646	6.40354105989398e-17	No	No
Q9H7M9	VSIR	5.74338154832208	4.5085454607917405e-15	No	No
Q9H7Z7	PTGES2	5.38678996700975	3.5147815776376e-18	No	No
Q9H832	UBE2Z	8.51397853286463	2.01497346658081e-25	No	No
Q9H845	ACAD9	6.06318819394896	1.1961927081367501e-15	No	No
Q9H853	TUBA4B	12.7815089732085	6.04185653583617e-16	No	No
Q9H8H3	METTL7A	6.86299725777416	3.90525427929688e-17	No	No
Q9H8J5	MANSC1	5.90090612606687	2.4311907168978702e-20	No	No
Q9H8L6	MMRN2	2.12708903062885	3.5689480893601e-05	No	No
Q9H8M7	MINDY3	10.2406152239327	2.53598705736753e-33	No	No
Q9H8W4	PLEKHF2	3.19656117512948	1.79531044976731e-05	No	No
Q9H8Y8	GORASP2	5.51504920806582	5.98587519559469e-19	No	No
Q9H939	PSTPIP2	7.90181258117577	4.3733840601182e-25	No	No
Q9H9B4	SFXN1	5.87336819358447	8.07190870473723e-12	No	No
Q9H9H4	VPS37B	5.22976822122238	6.21959081509083e-17	No	No
Q9H9K5	ERVMER34-1	11.3937771897041	3.7791804385466904e-17	No	No
Q9H9Q2	COPS7B	9.43509043725873	3.26347404782325e-26	No	No
Q9HA64	FN3KRP	7.46905042765695	1.2702124265910001e-23	No	No
Q9HA90	EFCC1	5.14851105953805	3.95903800246629e-09	No	No
Q9HAB8	PPCS	4.79943260411775	4.30628558137945e-08	No	No
Q9HAV0	GNB4	8.004316965177	3.62001249112405e-11	No	No
Q9HAV7	GRPEL1	7.55524595822943	1.3075524732945798e-18	No	No
Q9HB07	MYG1	3.95612111632201	5.009544515481881e-09	No	No
Q9HB40	SCPEP1	8.56283138019086	9.17377010761339e-17	No	No
Q9HB71	CACYBP	9.26378488295791	6.24349555280864e-20	No	No
Q9HBB8	CDHR5	4.67538416515317	8.750135784265249e-12	No	No
Q9HBI0	PARVG	3.09273151601756	2.06711431503554e-08	No	No
Q9HBI1	PARVB	12.357523120265	1.13156935660208e-31	No	No
Q9HBW1	LRRC4	4.55064607501908	6.60349468778749e-16	No	No
Q9HBW9	ADGRL4	3.62404701008682	1.27715863796142e-05	No	No
Q9HC35	EML4	5.47821688715091	7.50584733035737e-17	No	No
Q9HC56	PCDH9	5.63864762777302	2.79723586873889e-13	No	No
Q9HCB6	SPON1	5.91588546713907	1.31774154456234e-13	No	No
Q9HCC0	MCCC2	6.73679240131814	5.517906259919591e-19	No	No
Q9HCL0	PCDH18	7.29812787596279	1.25220408773368e-22	No	No
Q9HCM2	PLXNA4	5.79891773676831	1.16453096063005e-15	No	No
Q9HCM3	KIAA1549	7.37491839641315	1.6674651930267799e-18	No	No
Q9HCN6	GP6	8.21194062388282	3.37180271509365e-29	No	No
Q9HCN8	SDF2L1	3.76383659145521	0.0001130538112698	No	No
Q9HCU0	CD248	8.10106087797716	2.34903676221542e-22	No	No
Q9HCU4	CELSR2	5.57019093329183	4.37006056590352e-07	No	No
Q9HD45	TM9SF3	6.33051826647532	1.87736327360874e-12	No	No
Q9HDC9	APMAP	2.71723456771557	2.63178435463266e-09	No	No
Q9NNW7	TXNRD2	7.42820072194719	1.7447172527704699e-12	No	No
Q9NP55	BPIFA1	9.55590328808441	1.6648450955927202e-25	No	No
Q9NP72	RAB18	9.63761038993325	5.834318563126129e-30	No	No
Q9NP78	ABCB9	4.64730388438331	7.70322331904089e-17	No	No
Q9NP79	VTA1	8.74324538035376	2.9479664329077304e-25	No	No
Q9NPA0	EMC7	7.13783848747221	2.11974028650345e-08	No	No
Q9NPA2	MMP25	9.64849820779362	7.028289172964791e-10	No	No
Q9NPC4	A4GALT	4.95316087000042	2.01813568591763e-16	No	No
Q9NPF0	CD320	4.05026857624705	1.54555308495888e-12	No	No
Q9NPF2	CHST11	7.75075478861729	5.94408349579667e-12	No	No
Q9NPF4	OSGEP	6.84885434014923	4.74832337183772e-23	No	No
Q9NPG4	PCDH12	7.69339972849735	4.93890734983403e-27	No	No
Q9NPH0	ACP6	3.33309836384149	3.22555259505355e-07	No	No
Q9NPH2	ISYNA1	2.92957706023934	5.64471077837861e-08	No	No
Q9NPJ3	ACOT13	6.33980025687244	4.0850578919210503e-19	No	No
Q9NPQ8	RIC8A	5.71276022034349	2.19721715334104e-07	No	No
Q9NPY3	CD93	7.24659510801595	2.26697094376529e-22	No	No
Q9NQ30	ESM1	9.82830577816976	7.643053243874419e-28	No	No
Q9NQ66	PLCB1	11.472076625564	4.34569933609642e-12	No	No
Q9NQ75	CASS4	9.36806886889492	2.5968029115451597e-30	No	No
Q9NQ79	CRTAC1	3.94075381759908	2.38595431188508e-12	No	No
Q9NQ84	GPRC5C	4.64794228627233	2.11821803714141e-13	No	No
Q9NQC3	RTN4	11.9608909294792	1.09134198541478e-32	No	No
Q9NQG5	RPRD1B	8.23508104005321	1.55250169028655e-11	No	No
Q9NQP4	PFDN4	4.38185507676326	7.131207949361301e-15	No	No
Q9NQR4	NIT2	3.81400401652804	1.73638176686613e-05	No	No
Q9NQS3	NECTIN3	4.35153216995046	2.54387857794863e-07	No	No
Q9NQT8	KIF13B	6.49240286302952	1.67295423158575e-14	No	No
Q9NQW7	XPNPEP1	5.71333533550904	2.10182933840578e-12	No	No
Q9NQX3	GPHN	10.6511135373369	6.22103970215837e-21	No	No
Q9NR09	BIRC6	6.56125842636953	1.53639752842607e-17	No	No
Q9NR12	PDLIM7	9.32292846711012	5.48085392296671e-24	No	No
Q9NR19	ACSS2	6.96124276722987	9.80203133059631e-08	No	No
Q9NR28	DIABLO	9.3300841591313	8.096267328136959e-28	No	No
Q9NR30	DDX21	5.24355193057704	3.55901788192148e-06	No	No
Q9NR31	SAR1A	8.48108410190933	2.1984230971757402e-21	No	No
Q9NR34	MAN1C1	3.77216009292389	0.0085980688015803	No	No
Q9NR45	NANS	6.68739021838964	2.0771474770742398e-16	No	No
Q9NR46	SH3GLB2	6.10349913376601	1.9814140325490002e-16	No	No
Q9NR50	EIF2B3	5.97746065639281	7.744233597656019e-12	No	No
Q9NR99	MXRA5	10.0184629692828	1.4584130233088e-29	No	No
Q9NRA1	PDGFC	10.4989687642467	7.86261836257695e-22	No	No
Q9NRB3	CHST12	8.48473516808561	3.0635361998003397e-18	No	No
Q9NRF8	CTPS2	6.24834157248823	2.01079435514256e-13	No	No
Q9NRG0	CHRAC1	11.9717130824982	1.1412842946638602e-15	No	No
Q9NRL3	STRN4	6.99634504345521	1.5621017053587202e-20	No	No
Q9NRN5	OLFML3	12.7504793236521	5.0527464531861e-15	No	No
Q9NRN7	AASDHPPT	5.26408813234735	6.42393569200816e-10	No	No
Q9NRQ2	PLSCR4	2.79223433530026	0.0005301499137524	No	No
Q9NRR3	CDC42SE2	4.88009343433904	6.79388998684796e-18	No	No
Q9NRS6	SNX15	5.71293528019273	4.23392704688307e-06	No	No
Q9NRW1	RAB6B	9.27119560027625	7.32011256225137e-29	No	No
Q9NRY5	FAM114A2	6.37603406199012	2.0861939067592502e-19	No	No
Q9NS15	LTBP3	7.93161000655184	1.37193528448741e-24	No	No
Q9NS62	THSD1	9.92080009289313	4.0368028968296e-22	No	No
Q9NS69	TOMM22	9.4101478159302	2.00904166769915e-28	No	No
Q9NS86	LANCL2	4.1894526094184	5.42687746384147e-12	No	No
Q9NSD9	FARSB	6.60035052923673	7.07146459622392e-20	No	No
Q9NT22	EMILIN3	5.09495877597661	4.21415988273885e-05	No	No
Q9NT62	ATG3	9.52479364302333	4.149560142177661e-25	No	No
Q9NT99	LRRC4B	10.4344185936425	1.32490897180262e-20	No	No
Q9NTJ3	SMC4	5.45578595874246	8.68334686729134e-10	No	No
Q9NTJ4	MAN2C1	4.79952604717763	1.9460014967894202e-09	No	No
Q9NTJ5	SACM1L	10.6481371363902	1.53901535570086e-26	No	No
Q9NTK5	OLA1	8.20850975291277	6.5528132327576005e-24	No	No
Q9NU53	GINM1	5.38836551501642	1.20372243592332e-17	No	No
Q9NUB1	ACSS1	5.91660126830208	2.82587449782613e-16	No	No
Q9NUQ9	CYRIB	7.24304252528376	6.11494036192334e-19	No	No
Q9NUY8	TBC1D23	6.88002108705493	8.20340943348942e-16	No	No
Q9NV56	MRGBP	4.26335642253362	5.24094876598501e-10	No	No
Q9NV96	TMEM30A	6.6826483806189	2.94221834154979e-21	No	No
Q9NVA2	SEPTIN11	7.53461269789317	3.82896972970027e-13	No	No
Q9NVJ2	ARL8B	6.96779127771016	2.40172921286581e-23	No	No
Q9NVT9	ARMC1	4.27206372434276	7.06028337599371e-08	No	No
Q9NVZ3	NECAP2	2.96874204015492	3.59040707491111e-07	No	No
Q9NW15	ANO10	5.68114783375783	5.1917723863987094e-18	No	No
Q9NW68	BSDC1	7.57360787352681	1.4748886065187898e-22	No	No
Q9NWH9	SLTM	8.80531131714696	1.01290753623337e-24	No	No
Q9NWV4	CZIB	9.78932821370392	7.478393185168401e-26	No	No
Q9NWV8	BABAM1	6.53118798851424	8.89143117501942e-19	No	No
Q9NX40	OCIAD1	5.17260602917143	1.0444821564365e-16	No	No
Q9NX46	ADPRS	4.69237153244247	1.86899402886678e-14	No	No
Q9NX63	CHCHD3	6.90911876134699	1.07635216943772e-16	No	No
Q9NXG2	THUMPD1	9.26954340707993	1.2428854245442399e-30	No	No
Q9NXH8	TOR4A	9.44029170474791	1.46369397237809e-23	No	No
Q9NXR1	NDE1	3.70487887709054	0.0003881890649373	No	No
Q9NXR7	BABAM2	7.15389359932882	4.33644317505065e-22	No	No
Q9NY15	STAB1	6.94155657989599	1.22416158036775e-05	No	No
Q9NY33	DPP3	3.19166900822361	2.66063155362551e-05	No	No
Q9NY47	CACNA2D2	4.08840090540513	8.18541694926566e-07	No	No
Q9NY65	TUBA8	11.1556394191297	5.11148450493245e-27	No	No
Q9NY97	B3GNT2	4.89413298262143	6.024557479332911e-15	No	No
Q9NYB0	TERF2IP	4.14473168447245	8.36205187823299e-06	No	No
Q9NYF8	BCLAF1	4.82084202635024	3.32718066624426e-07	No	No
Q9NYL9	TMOD3	10.2874969769092	2.0056079123508402e-31	No	No
Q9NYQ6	CELSR1	10.7019951259633	1.96703749484367e-22	No	No
Q9NYQ8	FAT2	6.30943056728915	1.00884807710987e-12	No	No
Q9NYU2	UGGT1	9.08394351646857	1.62603059764184e-30	No	No
Q9NZ08	ERAP1	1.68152065172789	0.0097108741420189	No	No
Q9NZ53	PODXL2	6.50884863295286	1.2407908700437201e-14	No	No
Q9NZC2	TREM2	5.27603370697335	1.26886259210789e-16	No	No
Q9NZL4	HSPBP1	3.24456097093736	5.05484637947662e-09	No	No
Q9NZN3	EHD3	11.3668160058876	1.05390444654913e-31	No	No
Q9NZN4	EHD2	5.81321124202457	1.06864208837991e-09	No	No
Q9NZP8	C1RL	4.99296386684544	8.82183629608163e-08	No	No
Q9NZQ3	NCKIPSD	5.89957206405616	1.11734101371263e-16	No	No
Q9NZR2	LRP1B	9.28251504580864	5.25800131166274e-32	No	No
Q9NZT2	OGFR	5.10361447102495	1.82065760830737e-17	No	No
Q9P013	CWC15	5.37017478058814	2.6426530467716402e-17	No	No
Q9P035	HACD3	7.74233217674367	2.78935463042581e-25	No	No
Q9P0J0	NDUFA13	6.71729115768285	2.38629089623802e-22	No	No
Q9P0L0	VAPA	11.3734623087885	8.22929572766608e-33	No	No
Q9P0M6	MACROH2A2	2.00810492291409	4.83344910823431e-06	No	No
Q9P0R6	GSKIP	3.58513007087462	1.40428687954812e-13	No	No
Q9P126	CLEC1B	6.69733656168934	3.1592577013201304e-17	No	No
Q9P1Z2	CALCOCO1	8.04201642445991	1.89917816709537e-27	No	No
Q9P258	RCC2	3.94973682356681	4.98938665966194e-10	No	No
Q9P260	RELCH	4.1274541089274	5.53179004510451e-06	No	No
Q9P265	DIP2B	3.16018932214529	1.57022686258449e-08	No	No
Q9P287	BCCIP	2.63591984247228	8.84835737858329e-08	No	No
Q9P289	STK26	6.90336673927688	1.19016660747348e-24	No	No
Q9P2B2	PTGFRN	6.81942938307467	3.2438558288946e-05	No	No
Q9P2E7	PCDH10	6.91888303709295	1.87569634811564e-21	No	No
Q9P2E9	RRBP1	9.34010336807006	1.6744479728575798e-30	No	No
Q9P2J5	LARS1	6.3430137222956	4.9924676614897995e-12	No	No
Q9P2R3	ANKFY1	5.65976682568683	2.8411417965063e-11	No	No
Q9P2R7	SUCLA2	7.31270101660852	1.0578325274006e-21	No	No
Q9UBC2	EPS15L1	9.58384082265875	2.79670204426028e-26	No	No
Q9UBF2	COPG2	5.31854238574078	1.06725027085785e-12	No	No
Q9UBG0	MRC2	6.81555997374495	1.94061211768279e-13	No	No
Q9UBI6	GNG12	4.63949629145967	3.1186778322983804e-09	No	No
Q9UBM7	DHCR7	8.26829547767289	1.59959276214103e-08	No	No
Q9UBN7	HDAC6	6.05684304088893	3.9975665019036703e-20	No	No
Q9UBP4	DKK3	8.51438524918311	5.772881372371291e-31	No	No
Q9UBQ0	VPS29	6.38930941512076	1.98285860285201e-13	No	No
Q9UBQ5	EIF3K	8.45083835127509	5.95540382694438e-24	No	No
Q9UBQ7	GRHPR	8.64456502450597	3.41125022564829e-27	No	No
Q9UBS4	DNAJB11	9.0588947193394	1.26311929187258e-21	No	No
Q9UBS9	SUCO	9.21395522057312	1.4753866550955098e-30	No	No
Q9UBT2	UBA2	8.86948585266391	1.93611675289837e-18	No	No
Q9UBV2	SEL1L	4.99967019816413	1.8383463742335e-06	No	No
Q9UBW5	BIN2	12.5256665604666	2.0471958091165e-36	No	No
Q9UBW8	COPS7A	9.38809402661411	2.07794125289648e-30	No	No
Q9UBX1	CTSF	4.74722676502927	8.77145339183009e-06	No	No
Q9UBX3	SLC25A10	3.72482572001326	4.64093521785148e-08	No	No
Q9UBX5	FBLN5	8.46071921706998	2.11461685117699e-31	No	No
Q9UD71	PPP1R1B	5.4762594385019	2.3032621449868e-13	No	No
Q9UDY2	TJP2	10.3428338080475	2.4264646690503697e-28	No	No
Q9UEW3	MARCO	2.50513543919468	0.0008966230705722	No	No
Q9UEY8	ADD3	6.11433689830773	2.88668260953473e-20	No	No
Q9UFN0	NIPSNAP3A	9.4082958241349	1.1485081516522301e-24	No	No
Q9UFP1	GASK1A	5.79946954401901	9.49610367513158e-14	No	No
Q9UGT4	SUSD2	2.47167589540254	2.52309156508164e-07	No	No
Q9UH62	ARMCX3	6.56291268418203	1.5806018687463899e-16	No	No
Q9UHA4	LAMTOR3	9.31865170389186	1.99559786753335e-27	No	No
Q9UHB6	LIMA1	8.6326970627202	8.96208962578926e-26	No	No
Q9UHB9	SRP68	3.88679756788533	2.4396383516272404e-09	No	No
Q9UHD1	CHORDC1	3.9048768761957	1.54655101232172e-07	No	No
Q9UHD4	CIDEB	4.69743225885938	1.2054946760938201e-10	No	No
Q9UHD8	SEPTIN9	8.43623910795974	1.22779424314969e-20	No	No
Q9UHD9	UBQLN2	3.39915802657665	1.64744069724124e-08	No	No
Q9UHF0	TAC3	2.36377748382328	0.0016090860941931	No	No
Q9UHG2	PCSK1N	6.63694606575725	8.409974624524951e-20	No	No
Q9UHG3	PCYOX1	1.10429534934387	0.0059982171561719	No	No
Q9UHI8	ADAMTS1	11.4131920761351	4.9693101709159e-18	No	No
Q9UHL4	DPP7	6.25438583203974	2.0843557467693098e-12	No	No
Q9UHN6	CEMIP2	5.33680293531136	1.34593388466545e-05	No	No
Q9UHQ9	CYB5R1	8.4925589739847	1.55491665551039e-24	No	No
Q9UHR4	BAIAP2L1	3.72228757157187	5.17071572802409e-10	No	No
Q9UHV9	PFDN2	8.34685399418905	1.59900857684426e-22	No	No
Q9UHX1	PUF60	6.21339225006362	4.15763730553172e-16	No	No
Q9UHY1	NRBP1	10.3642053645584	1.8942075665375498e-28	No	No
Q9UHY7	ENOPH1	7.56231580196159	9.76923303013929e-24	No	No
Q9UI10	EIF2B4	3.78148712832976	1.69821165209659e-08	No	No
Q9UIA9	XPO7	3.55383586338806	0.0001981342914277	No	No
Q9UIB8	CD84	3.29008943014005	5.53462184280154e-13	No	No
Q9UIJ7	AK3	9.28405067064258	1.5187025258365099e-22	No	No
Q9UIQ6	LNPEP	6.77985742768104	1.76526911560157e-13	No	No
Q9UJ14	GGT7	8.98729186708061	6.30325322838979e-22	No	No
Q9UJ70	NAGK	4.15924292440236	8.37861804916502e-05	No	No
Q9UJA9	ENPP5	7.65153398737971	1.69620847744582e-21	No	No
Q9UJJ9	GNPTG	3.85895384421355	5.22846062302131e-12	No	No
Q9UJU6	DBNL	12.1083362115688	1.09820697867382e-38	No	No
Q9UJW0	DCTN4	8.85910016470447	5.40965612774443e-28	No	No
Q9UJY5	GGA1	2.6382802597335	2.18905490128798e-06	No	No
Q9UJZ1	STOML2	8.17906667772173	5.06489082295811e-22	No	No
Q9UK05	GDF2	6.6544502847626	1.1235508355438e-07	No	No
Q9UK45	LSM7	8.23610675835192	4.66589724733226e-28	No	No
Q9UK55	SERPINA10	7.02313072733022	2.15595906862174e-25	No	No
Q9UK76	JPT1	5.77938498563378	9.29965705233924e-05	No	No
Q9UKE5	TNIK	6.29141496691582	1.66055121472423e-22	No	No
Q9UKG1	APPL1	5.51654025395267	5.2956706250734395e-12	No	No
Q9UKK9	NUDT5	11.3987469343066	5.5951677690902406e-31	No	No
Q9UKM7	MAN1B1	10.8613316961217	3.08855892097411e-27	No	No
Q9UKM9	RALY	10.4057380330304	9.36930252419406e-23	No	No
Q9UKU9	ANGPTL2	4.65619190832406	1.04233850262341e-08	No	No
Q9UKV3	ACIN1	11.734527240859	1.15705354612508e-19	No	No
Q9UKY3	CES1P1	6.67643715858097	1.5865949076673502e-20	No	No
Q9UKY7	CDV3	7.53751028526857	4.68617318088091e-15	No	No
Q9UKZ9	PCOLCE2	7.701596846719	1.79752452530766e-27	No	No
Q9UL15	BAG5	4.24868801520067	2.07906313699723e-07	No	No
Q9UL25	RAB21	8.00933563736201	3.40006609730907e-21	No	No
Q9UL46	PSME2	4.1399267745275	1.25210089324831e-10	No	No
Q9ULA0	DNPEP	6.78398610432264	1.9055704064585702e-14	No	No
Q9ULB1	NRXN1	10.2317187109911	1.02249712849481e-28	No	No
Q9ULH1	ASAP1	6.90439204863659	1.84145210326626e-25	No	No
Q9ULI3	HEG1	4.31666794991095	2.60940431623624e-09	No	No
Q9ULV4	CORO1C	7.16655645966317	1.62756336446283e-23	No	No
Q9ULX6	AKAP8L	7.38754715733718	3.84825104551288e-09	No	No
Q9ULZ3	PYCARD	2.1231145412825	0.0011587845580114	No	No
Q9UM47	NOTCH3	3.64676203050704	2.00601612398553e-09	No	No
Q9UMS0	NFU1	6.73513666727483	3.9931181300621194e-18	No	No
Q9UMS4	PRPF19	3.84062980348639	4.79141604958188e-12	No	No
Q9UMY4	SNX12	3.734235871493	3.67465951309623e-08	No	No
Q9UN36	NDRG2	2.8488513375189	6.27504721454878e-08	No	No
Q9UN70	PCDHGC3	7.60314512589671	5.53017418444425e-26	No	No
Q9UN86	G3BP2	11.6511548079429	4.62445444758003e-39	No	No
Q9UNA0	ADAMTS5	4.68553838786109	6.83753956044429e-14	No	No
Q9UNE7	STUB1	5.86680160956525	4.8928354244774905e-14	No	No
Q9UNF0	PACSIN2	10.7809942377606	3.2059903657864203e-32	No	No
Q9UNF1	MAGED2	6.88428225124361	1.90165369551082e-19	No	No
Q9UNH7	SNX6	6.80118963599597	2.34923998450003e-18	No	No
Q9UNM6	PSMD13	10.6531238455236	7.8288468121325895e-28	No	No
Q9UNN5	FAF1	8.6790423062195	3.21506927783579e-29	No	No
Q9UNS2	COPS3	7.4787637909169	1.66679482801227e-22	No	No
Q9UNW1	MINPP1	1.92371557214771	7.12422698746976e-05	No	No
Q9UNZ2	NSFL1C	12.6647589540356	2.2750031874925e-37	No	No
Q9UP52	TFR2	7.09042515412661	2.51014334353634e-11	No	No
Q9UP79	ADAMTS8	7.01222119233448	1.96680670002534e-21	No	No
Q9UPN3	MACF1	7.34512307023087	8.015382345276141e-23	No	No
Q9UPN7	PPP6R1	6.0022636932328	1.80397714849931e-17	No	No
Q9UPT8	ZC3H4	3.61623787687473	3.43317767084534e-08	No	No
Q9UPZ6	THSD7A	1.99706268684183	0.0021824884789444	No	No
Q9UQ35	SRRM2	6.12968367650755	5.96158451491803e-16	No	No
Q9UQ53	MGAT4B	6.27890313109554	7.22859240527171e-14	No	No
Q9UQ80	PA2G4	10.1277238610965	4.9916138712063005e-20	No	No
Q9UQB8	BAIAP2	6.47279445367505	2.26749278352909e-18	No	No
Q9UQM7	CAMK2A	3.48995027805113	2.7472203027130498e-11	No	No
Q9UQP3	TNN	7.92318958773217	5.001944332217581e-19	No	No
Q9Y224	RTRAF	7.43158801794835	3.5898385207389e-20	No	No
Q9Y230	RUVBL2	10.6760145089237	7.056572968059219e-29	No	No
Q9Y240	CLEC11A	8.75439275529289	9.22082752390098e-21	No	No
Q9Y251	HPSE	9.40735063470149	5.69928727568777e-22	No	No
Q9Y262	EIF3L	6.30092451890858	4.50783809542644e-11	No	No
Q9Y263	PLAA	4.92406288548514	1.3849575573185e-08	No	No
Q9Y265	RUVBL1	9.70134259571191	5.32698918615267e-29	No	No
Q9Y266	NUDC	6.54016629605248	8.936144780860251e-20	No	No
Q9Y274	ST3GAL6	5.56676021608218	5.27562859717941e-12	No	No
Q9Y275	TNFSF13B	3.81180740521555	5.80104764161286e-07	No	No
Q9Y277	VDAC3	12.1271703252163	8.98985014723428e-29	No	No
Q9Y279	VSIG4	6.81928748438066	8.79659832871212e-19	No	No
Q9Y285	FARSA	7.22451021441052	9.860438180499311e-20	No	No
Q9Y286	SIGLEC7	1.78889107507822	9.95443594234142e-05	No	No
Q9Y287	ITM2B	6.99265001213233	1.2151016654804399e-12	No	No
Q9Y2A7	NCKAP1	8.30901545130358	8.83206027053155e-24	No	No
Q9Y2A9	B3GNT3	3.4419418520468	2.41250282462841e-08	No	No
Q9Y2B0	CNPY2	10.2955265959865	2.1843198158764298e-29	No	No
Q9Y2C2	UST	1.6471552850843	0.0010145906115601	No	No
Q9Y2G1	MYRF	4.39350090766199	7.3297475276899e-13	No	No
Q9Y2G2	CARD8	4.03704917387466	7.54026986323027e-10	No	No
Q9Y2J2	EPB41L3	7.16825000580287	9.9110315694315e-21	No	No
Q9Y2Q0	ATP8A1	6.49396425151249	8.02892385978649e-21	No	No
Q9Y2Q3	GSTK1	9.72089922702222	2.97119293983023e-29	No	No
Q9Y2Q5	LAMTOR2	7.25079695995439	3.8967704789265e-25	No	No
Q9Y2T2	AP3M1	7.19466639787247	2.69171861698146e-17	No	No
Q9Y2T3	GDA	3.32719970068518	0.0064308397208846	No	No
Q9Y2V2	CARHSP1	3.66235339838824	2.40845557000011e-10	No	No
Q9Y2W1	THRAP3	4.98061789215393	2.46403506005125e-10	No	No
Q9Y2X3	NOP58	7.88710355540462	3.6768503331365005e-10	No	No
Q9Y2X7	GIT1	5.47127402072047	9.12794939477345e-12	No	No
Q9Y2Y8	PRG3	8.24463195850328	4.1669878411425e-30	No	No
Q9Y2Z0	SUGT1	4.71826073567343	4.936597059063099e-12	No	No
Q9Y305	ACOT9	6.22944394107525	1.1227961477885099e-18	No	No
Q9Y315	DERA	8.32224687974858	5.70544347948718e-22	No	No
Q9Y333	LSM2	10.3202963544653	5.709921641200291e-35	No	No
Q9Y371	SH3GLB1	4.98342644223273	1.61367601942071e-07	No	No
Q9Y376	CAB39	7.09441264495873	2.7107712937927396e-11	No	No
Q9Y385	UBE2J1	6.13254154835613	2.53625802328388e-20	No	No
Q9Y394	DHRS7	8.53093441783857	8.81543750355044e-27	No	No
Q9Y3A3	MOB4	6.18286028082206	9.44225425803671e-12	No	No
Q9Y3A5	SBDS	6.45768345682262	4.898077788108631e-19	No	No
Q9Y3A6	TMED5	5.71429328133349	1.2160825095881e-16	No	No
Q9Y3B3	TMED7	7.6291991531873	4.37955374458767e-24	No	No
Q9Y3B7	MRPL11	5.28697781076412	3.933133441917e-10	No	No
Q9Y3C0	WASHC3	4.76259480960305	4.45288097867596e-14	No	No
Q9Y3D6	FIS1	1.91051379177172	0.0076730011589415	No	No
Q9Y3D7	PAM16	10.5121759775467	3.41738527035476e-18	No	No
Q9Y3E7	CHMP3	7.30306050026918	3.35892415708471e-24	No	No
Q9Y3F4	STRAP	11.3784193252975	2.03852260046552e-34	No	No
Q9Y3I0	RTCB	8.75470500728495	2.77894185544131e-23	No	No
Q9Y3I1	FBXO7	10.2518930718412	9.05510779958946e-26	No	No
Q9Y3P9	RABGAP1	6.00573366024149	5.83980179005028e-16	No	No
Q9Y3Q8	TSC22D4	9.18830787944075	6.60874963707619e-31	No	No
Q9Y3U8	RPL36	1.95529414325473	0.002072490284193	No	No
Q9Y3X0	CCDC9	6.44913289678077	1.2561346072577701e-15	No	No
Q9Y490	TLN1	6.55567682487274	5.25517718828578e-25	No	No
Q9Y4C0	NRXN3	6.04492116344077	5.3667738612264e-14	No	No
Q9Y4D1	DAAM1	7.59643035109248	2.0116563199528802e-20	No	No
Q9Y4E8	USP15	11.1478269636195	5.84955802424425e-29	No	No
Q9Y4F3	MARF1	9.72709559498273	3.4544095493248498e-34	No	No
Q9Y4H4	GPSM3	7.62823815586666	1.3295394952623e-25	No	No
Q9Y4L1	HYOU1	6.72540276567011	8.37997476099439e-22	No	No
Q9Y4P1	ATG4B	5.50351515656779	3.3702050064703097e-16	No	No
Q9Y4W6	AFG3L2	8.11746698987957	7.85283118120865e-24	No	No
Q9Y4Z0	LSM4	9.67236636673228	8.83337825383467e-29	No	No
Q9Y512	SAMM50	5.97306836799231	5.86690337299956e-13	No	No
Q9Y520	PRRC2C	7.74463900334981	2.16738456851666e-07	No	No
Q9Y570	PPME1	9.30824805609209	6.2269054075525795e-22	No	No
Q9Y5C1	ANGPTL3	4.18885786482778	5.5408275737972e-13	No	No
Q9Y5E8	PCDHB15	7.02024181269294	6.131536662868891e-15	No	No
Q9Y5E9	PCDHB14	3.14755725067367	1.1598709772932101e-09	No	No
Q9Y5F6	PCDHGC5	2.43957029981089	3.92778240992716e-07	No	No
Q9Y5G2	PCDHGB2	6.21362856163442	6.88380657799689e-21	No	No
Q9Y5G3	PCDHGB1	2.88753975913759	1.10423407563859e-07	No	No
Q9Y5H3	PCDHGA10	8.00218380825482	1.15197501110558e-06	No	No
Q9Y5I4	PCDHAC2	3.76645967088294	2.4497083473783703e-10	No	No
Q9Y5K5	UCHL5	5.82926535833566	5.47341676790696e-10	No	No
Q9Y5K6	CD2AP	7.36442293783904	1.21950682472096e-19	No	No
Q9Y5L4	TIMM13	6.92667057934658	9.002109366106471e-23	No	No
Q9Y5M8	SRPRB	7.0470871329556	9.251678385888551e-20	No	No
Q9Y5P4	CERT1	4.18745969391673	7.98973388376631e-07	No	No
Q9Y5P6	GMPPB	5.92326779704425	2.28444446932642e-17	No	No
Q9Y5S9	RBM8A	6.39760153531574	7.96137796678413e-12	No	No
Q9Y5X1	SNX9	9.09413028674456	4.05504111062774e-27	No	No
Q9Y5X3	SNX5	7.04239247782662	4.71410447682655e-12	No	No
Q9Y5X9	LIPG	5.87657576634362	6.534543552477e-19	No	No
Q9Y5Y2	NUBP2	5.0488985116359	8.8421701714532e-17	No	No
Q9Y5Y6	ST14	3.39742246840739	0.0002472668291611	No	No
Q9Y5Y7	LYVE1	3.289757234853	2.44438061657879e-11	No	No
Q9Y5Z4	HEBP2	4.35928353045939	1.57112363889223e-10	No	No
Q9Y608	LRRFIP2	8.3137246241262	1.2275481108884301e-24	No	No
Q9Y613	FHOD1	9.60059243642836	1.33373645199932e-29	No	No
Q9Y624	F11R	4.68406203336734	9.16101967872439e-13	No	No
Q9Y625	GPC6	11.4489536182784	2.63919414493554e-36	No	No
Q9Y644	RFNG	5.72758682061337	7.06382710815684e-14	No	No
Q9Y646	CPQ	2.66714016091556	3.31051318303126e-06	No	No
Q9Y653	ADGRG1	3.9604624918173	2.6158666794118e-08	No	No
Q9Y678	COPG1	8.67905847417106	2.21851989608807e-22	No	No
Q9Y696	CLIC4	7.42752688674536	3.54688264387214e-18	No	No
Q9Y6C2	EMILIN1	8.79387974227055	3.28768569675801e-17	No	No
Q9Y6C9	MTCH2	8.45196035741385	7.754491004277579e-22	No	No
Q9Y6E0	STK24	10.9155265177673	1.0481003487119701e-35	No	No
Q9Y6E2	BZW2	3.66829854367128	1.38730890494937e-08	No	No
Q9Y6F6	IRAG1	6.68631605063925	5.74202115869991e-22	No	No
Q9Y6G9	DYNC1LI1	5.87886588821391	3.49603154951787e-07	No	No
Q9Y6H6	KCNE3	3.79083697421913	1.36093607614525e-13	No	No
Q9Y6I3	EPN1	7.47377159389771	1.8578396853595301e-25	No	No
Q9Y6I9	TEX264	5.66355065672519	1.61637448124827e-18	No	No
Q9Y6K9	IKBKG	5.93662688325571	1.24103923264954e-19	No	No
Q9Y6L7	TLL2	9.49290161085351	1.8182252147063202e-31	No	No
Q9Y6N5	SQOR	7.78293431657694	1.7224328445095198e-18	No	No
Q9Y6N6	LAMC3	11.8496679741955	3.87691147719885e-27	No	No
Q9Y6N8	CDH10	2.65244362382433	3.81303737616616e-07	No	No
Q9Y6Q5	AP1M2	2.06261432423628	0.0009267149767284	No	No
Q9Y6R7	FCGBP	3.22360797520581	2.28895164627748e-12	No	No
Q9Y6W5	WASF2	9.79160156061278	2.08369916471509e-28	No	No
Q9Y6Y8	SEC23IP	7.31116025966136	1.94275544338877e-22	No	No
Q9Y6Y9	LY96	6.67335549701004	1.06096790496898e-16	No	No
Q9Y6Z7	COLEC10	7.54485092179693	1.0224365063005601e-25	No	No
A0A075B6J1	IGLV5-37	-3.82923736381225	6.572862236701469e-18	No	No
A0A075B6S6	IGKV2D-30	-7.25575178044534	1.3991552410075602e-25	No	No
A0A075B7B6	IGHV4OR15-8	-1.81056677578482	0.000214813877727	No	No
A0A087WSY4	IGHV4-30-2	-1.64252705985442	0.0028126120660048	No	No
A0A0A0MTA3	IGKJ5	-2.73457201396802	0.0001550815729982	No	No
A0A0C4DH30	IGHV3-16	-1.78811045406905	4.61544239968128e-06	No	No
A0A0J9YW62	gene	-1.63312768729452	0.0039721172704289	No	No
O43286	B4GALT5	-6.40934465259184	4.51299220042908e-27	No	No
O75882	ATRN	-2.22868584233412	7.50183924193805e-07	No	No
O95980	RECK	-4.2321305865726	1.11140551035919e-05	No	No
P00533	EGFR	-3.78548510031445	3.57116001647214e-13	No	No
P00738	HP	-2.52415746754559	2.36229084215819e-07	No	No
P00747	PLG	-1.19484376621055	0.0039078537299159	No	No
P00748	F12	-2.24015780319554	6.26268345511313e-07	No	No
P00751	CFB	-4.11313817859384	1.9353177464208202e-15	No	No
P00915	CA1	-3.06879505861822	4.54465856475694e-10	No	No
P00918	CA2	-2.46125986360565	6.97680701733664e-06	No	No
P01023	A2M	-1.72958694209998	1.17791992161958e-05	No	No
P01034	CST3	-2.79360107966488	3.39278126782657e-05	No	No
P01718	IGLV3-27	-5.66371169601661	1.4337348978035401e-15	No	No
P01854	IGHE	-2.89013915814871	2.40684517079586e-07	No	No
P01857	IGHG1	-1.53980750250297	0.0006207154517823	No	No
P02042	HBD	-2.31697011314287	2.16291154224718e-06	No	No
P02144	MB	-3.92491930903321	1.27000589857525e-07	No	No
P02745	C1QA	-2.88848868820229	3.20463953938223e-08	No	No
P02747	C1QC	-1.44626404394305	0.0032921091786364	No	No
P02749	APOH	-3.11867543516741	2.4379136353357703e-10	No	No
P02750	LRG1	-4.63886216244449	2.0383171944498e-16	No	No
P02763	ORM1	-1.86771264267134	0.0002189885110355	No	No
P02774	GC	-2.13425861251216	1.54439760845835e-06	No	No
P02775	PPBP	-2.13646852276981	0.0032984096575668	No	No
P02790	HPX	-3.98476901031418	2.17220293352504e-14	No	No
P03950	ANG	-2.44081070129221	0.0010487339543615	No	No
P03951	F11	-2.94474388076554	1.50840802569895e-07	No	No
P03952	KLKB1	-1.61261278740201	0.0001595170967302	No	No
P04217	A1BG	-2.66365376885424	1.7657213862990502e-09	No	No
P05156	CFI	-2.56949243494758	1.00792164118283e-07	No	No
P05452	CLEC3B	-2.72583958820476	9.85078197316222e-07	No	No
P05543	SERPINA7	-2.3724984148807	1.62992430631575e-08	No	No
P06276	BCHE	-2.1185338237368	1.61849957628156e-06	No	No
P06310	IGKV2-30	-4.34167853252617	8.7712531923571e-14	No	No
P06681	C2	-2.09979216875455	4.7638890776631e-07	No	No
P06731	CEACAM5	-6.65151282922004	3.65997908313835e-21	No	No
P07148	FABP1	-3.43721588158308	0.0002940160135518	No	No
P07451	CA3	-3.56224208678175	6.13578458551111e-06	No	No
P07998	RNASE1	-6.06891025996277	1.19687918678199e-14	No	No
P08185	SERPINA6	-2.25605823046947	3.80463550513952e-07	No	No
P08217	CELA2A	-7.73445663936961	5.81914060204313e-32	No	No
P08572	COL4A2	-2.28823411407435	0.0009732929622993	No	No
P08603	CFH	-1.58224078985053	0.0001173837364426	No	No
P09960	LTA4H	-2.57560304537155	3.27073849671265e-05	No	No
P10643	C7	-1.7258293232581	1.02658946194843e-05	No	No
P13671	C6	-1.25949736179217	0.0013076591576428	No	No
P13688	CEACAM1	-3.89184222293176	3.43556095673123e-15	No	No
P15090	FABP4	-6.92537809464453	4.43954997352769e-26	No	No
P15692	VEGFA	-8.61230201769886	7.56174286672744e-34	No	No
P16233	PNLIP	-5.91511563295476	4.05947762195626e-24	No	No
P18065	IGFBP2	-2.49434132301863	4.15957028559322e-05	No	No
P18564	ITGB6	-6.75733730323914	3.13288775099809e-30	No	No
P20023	CR2	-1.53895617943408	0.0082058640397765	No	No
P20933	AGA	-3.61379229419702	2.27427679507252e-06	No	No
P22897	MRC1	-3.71028433782288	9.70148769886538e-07	No	No
P25311	AZGP1	-3.97721471448503	8.39186974308687e-16	No	No
P27918	CFP	-1.87037035221833	2.20580564531349e-05	No	No
P32754	HPD	-8.032239927032	2.5088245882248302e-15	No	No
P36980	CFHR2	-2.53612623458193	2.56395665253011e-06	No	No
P40199	CEACAM6	-14.6525373683062	3.30420285581298e-45	No	No
P43652	AFM	-1.80613598772616	6.65713990689946e-06	No	No
P54108	CRISP3	-6.86485016236099	1.47930010927425e-28	No	No
P54760	EPHB4	-4.60443652660031	7.89767230139188e-08	No	No
P61769	B2M	-2.29496478890711	0.0001096734018455	No	No
P68871	HBB	-1.90048298310717	1.41509513347462e-05	No	No
Q01459	CTBS	-8.42895490693363	4.63608278810952e-26	No	No
Q02747	GUCA2A	-4.08667473900986	1.22842674846802e-20	No	No
Q03591	CFHR1	-7.78393920471849	2.64280193577039e-19	No	No
Q08345	DDR1	-1.17563210746872	0.0029996804379825	No	No
Q08ET2	SIGLEC14	-3.34723319253225	2.4376774607781298e-12	No	No
Q12860	CNTN1	-1.49874730695054	0.0024534020078597	No	No
Q12866	MERTK	-6.5209524601139	2.46074007457125e-05	No	No
Q13508	ART3	-7.66224190725361	8.00229436565566e-20	No	No
Q13822	ENPP2	-2.72346623511326	4.38388123793947e-05	No	No
Q14624	ITIH4	-1.30612797890733	0.0006527402536934	No	No
Q15223	NECTIN1	-7.69578714078565	4.3870067213452e-19	No	No
Q15848	ADIPOQ	-3.60388628759167	1.06145743970128e-06	No	No
Q16394	EXT1	-3.35356461379651	1.96781443904069e-13	No	No
Q16627	CCL14	-6.25049313054026	3.58156019679562e-21	No	No
Q16651	PRSS8	-4.44317300802543	1.01670500008482e-09	No	No
Q16853	AOC3	-4.52693410181714	3.14520704682326e-08	No	No
Q7Z7M0	MEGF8	-6.13458322232721	3.26883532153752e-05	No	No
Q86VB7	CD163	-1.75624316593166	0.0016576110135254	No	No
Q8IWV2	CNTN4	-4.5558361354263	7.98013090601195e-09	No	No
Q8N6C8	LILRA3	-3.53309722602029	0.0011713572075665	No	No
Q8WWW0	RASSF5	-1.50078912537997	0.000233370379205	No	No
Q92484	SMPDL3A	-5.1564544304827	5.03142890278504e-08	No	No
Q92835	INPP5D	-4.35159330380695	4.07054413288572e-09	No	No
Q92876	KLK6	-1.14373512455034	0.0090309725675122	No	No
Q96IY4	CPB2	-1.68364736969574	6.763294203759e-05	No	No
Q99969	RARRES2	-5.42490855943779	1.8214013569794e-08	No	No
Q9NQ38	SPINK5	-4.34763074134692	1.2211005353694702e-09	No	No
Q9NZK5	ADA2	-6.3853682460275	6.2774883379521e-14	No	No
Q9P232	CNTN3	-3.68734010306602	0.0002025622580102	No	No
Q9UMX5	NENF	-4.11485662406412	0.0001798554876196	No	No
