Protein_Group	Genes	SAX_72001_M1_vs_RAW_72001_M1_logFC	SAX_72001_M1_vs_RAW_72001_M1_pval	Removed?	Contaminant?
A0A075B6K4	IGLV3-10	2.2784177431552	9.34524954509428e-07	No	No
A0A075B6S2	IGKV2D-29	2.24662132864465	8.53782612177965e-05	No	No
A0A0A0MTA3	IGKJ5	7.72735397356255	1.46749646090796e-16	No	No
A0A0C4DH33	IGHV1-24	3.85645054885867	2.794727307352e-12	No	No
A0A0G2JMI3	IGHV1-69-2	5.29020174313202	1.48318850204627e-17	No	No
A0A1B0GTC6	C3orf85	5.619155843444	2.44819905121179e-19	No	No
A0AVT1	UBA6	8.32734905294735	8.54397346297473e-19	No	No
A0FGR8	ESYT2	9.8197673263226	4.1478527810699305e-25	No	No
A0MZ66	SHTN1	2.85246022644109	2.25433740838463e-06	No	No
A1A4S6	ARHGAP10	8.27923426455158	1.25433467636251e-21	No	No
A1A5C7	SLC22A23	2.73180837384708	1.11221641619971e-06	No	No
A1L0T0	ILVBL	6.40236139822844	8.365799470528099e-13	No	No
A1L3X0	ELOVL7	4.50273009766467	4.80160252681741e-13	No	No
A1X283	SH3PXD2B	11.7636517881639	9.36951449740587e-33	No	No
A2A2Y4	FRMD3	5.03510971985781	4.33577381450968e-07	No	No
A2RRP1	NBAS	8.09360766620373	2.7868792506919303e-14	No	No
A2RTX5	TARS3	4.19295737768711	7.2642764648084e-11	No	No
A2RUS2	DENND3	9.97652051609119	9.257671942629059e-22	No	No
A3KMH1	VWA8	4.42875372534144	7.70735173802665e-07	No	No
A4D1B5	GSAP	5.71690965857301	1.41533112141036e-22	No	No
A4D1P6	WDR91	3.62902812256914	6.79735886140258e-09	No	No
A4UGR9	XIRP2	5.95392477664845	7.3050072902364e-18	No	No
A5D8V6	VPS37C	5.28556423489269	2.39268022703589e-19	No	No
A5PLN9	TRAPPC13	2.80140454108549	1.21590139202472e-09	No	No
A5YKK6	CNOT1	6.84777657070352	5.41773357024878e-13	No	No
A6NDG6	PGP	7.183808326564	6.31154682023788e-18	No	No
A6NDU8	C5orf51	5.61367945964093	8.2316593375537e-18	No	No
A6NFX1	MFSD2B	4.80570933802729	2.0815715159147398e-11	No	No
A6NHL2	TUBAL3	12.1402950681476	9.98856550604698e-32	No	No
A6QL63	BTBD11	6.41298598610339	2.7455464482527102e-15	No	No
A7E2V4	ZSWIM8	4.85311566490106	1.59442753390646e-13	No	No
A7KAX9	ARHGAP32	3.44300007879564	1.1860704152521e-06	No	No
A8MXV4	NUDT19	3.09481405682154	4.11673995339983e-10	No	No
A9UHW6	MIF4GD	3.54548846196151	6.83272804030536e-07	No	No
B0I1T2	MYO1G	4.58591653551053	1.54672651968517e-12	No	No
B2RUZ4	SMIM1	7.89647791741662	2.05464121224473e-25	No	No
B9EJG8	TMEM150C	2.54317932480094	2.54713867559616e-09	No	No
C9J7I0	UMAD1	2.19928160240822	5.50800182506619e-07	No	No
E9PAV3	NACA	9.84364061889955	1.58259818164147e-30	No	No
O00116	AGPS	10.1783253938242	3.95912533186315e-28	No	No
O00139	KIF2A	8.69819130010789	1.32156796408712e-21	No	No
O00151	PDLIM1	5.98883347996362	9.40483873471236e-19	No	No
O00154	ACOT7	9.98363068679774	4.14062637651994e-20	No	No
O00159	MYO1C	9.91245558090429	2.0603986082122e-27	No	No
O00160	MYO1F	5.54966174769482	1.8346475141002602e-09	No	No
O00161	SNAP23	6.30107087968074	2.90610385225898e-24	No	No
O00170	AIP	7.28219849156727	4.70971760832061e-20	No	No
O00178	GTPBP1	6.49947827053504	3.66311767966634e-14	No	No
O00182	LGALS9	7.63558442048545	5.54676374405389e-28	No	No
O00186	STXBP3	9.14637982272347	2.42204439810161e-24	No	No
O00187	MASP2	5.24339584165714	5.004414675383271e-19	No	No
O00189	AP4M1	2.68359936356682	2.77121855798956e-06	No	No
O00194	RAB27B	8.01701386688875	2.96777241969758e-27	No	No
O00203	AP3B1	9.1740595396347	3.64328865228753e-28	No	No
O00214	LGALS8	4.95767465768865	1.05223325139299e-13	No	No
O00217	NDUFS8	8.03150410219987	5.27227128730986e-27	No	No
O00231	PSMD11	11.4095445471065	1.33524338014485e-31	No	No
O00232	PSMD12	8.45795339563513	7.9165452011553e-17	No	No
O00233	PSMD9	6.96297708788122	2.68204724441739e-14	No	No
O00244	ATOX1	2.79788673961209	8.22948809843924e-08	No	No
O00264	PGRMC1	5.58295554451038	1.10432070161856e-16	No	No
O00273	DFFA	2.41858907722027	4.34849134146358e-07	No	No
O00299	CLIC1	5.1922591444452	1.8421296425557697e-18	No	No
O00303	EIF3F	10.250950712044	6.518935380177319e-30	No	No
O00330	PDHX	7.24233094908254	1.6183575766839701e-15	No	No
O00339	MATN2	7.91966207483088	1.96287064103644e-12	No	No
O00399	DCTN6	6.62687381823028	8.244208591289e-15	No	No
O00400	SLC33A1	4.69068914568827	1.73037816006048e-18	No	No
O00408	PDE2A	5.10879816665212	1.06779657978898e-07	No	No
O00410	IPO5	9.08168668476757	2.20013855085454e-23	No	No
O00425	IGF2BP3	5.62417069295143	5.2643516074072e-20	No	No
O00429	DNM1L	6.2577366532467	2.43441484767521e-14	No	No
O00442	RTCA	6.66003800549495	1.24575395243911e-14	No	No
O00453	LST1	3.87685726026679	4.2997296199966e-11	No	No
O00458	IFRD1	3.6292284768144	6.8646099648707705e-15	No	No
O00461	GOLIM4	8.66202237607246	6.82414041644346e-28	No	No
O00468	AGRN	8.0111171383411	9.71622777145488e-25	No	No
O00469	PLOD2	7.44564233294	8.96787627867726e-08	No	No
O00471	EXOC5	7.19672166034723	7.9473820395292e-15	No	No
O00481	BTN3A1	2.92570282339766	7.91378189030327e-10	No	No
O00483	NDUFA4	8.66769413072212	2.5651862139071998e-23	No	No
O00487	PSMD14	9.80146304610676	4.4291204394951896e-33	No	No
O00499	BIN1	4.09492057506095	8.272584257805601e-10	No	No
O00501	CLDN5	6.57835755824719	9.253026613407301e-21	No	No
O00505	KPNA3	6.4514453097832	6.080475129401081e-14	No	No
O00507	USP9Y	5.32026195110192	1.43563288286539e-20	No	No
O00534	VWA5A	9.54948049091601	3.04843811803204e-21	No	No
O00559	EBAG9	4.20618683554243	3.8820867921556e-17	No	No
O00560	SDCBP	9.46683836294031	2.5556264631900097e-30	No	No
O00562	PITPNM1	4.79362681968606	7.92885314951116e-07	No	No
O00571	DDX3X	8.26794559743764	1.1088527943311001e-21	No	No
O00584	RNASET2	2.39308053223757	4.37796742672911e-05	No	No
O00587	MFNG	4.55014429889978	3.3008144988283497e-12	No	No
O00592	PODXL	5.81900560555489	1.58451623343256e-24	No	No
O00629	KPNA4	7.18520757157631	1.13133710966661e-20	No	No
O00743	PPP6C	10.6228227494487	1.89321095321192e-27	No	No
O00746	NME4	4.66190661286279	7.27840691570057e-15	No	No
O00748	CES2	2.83317783440152	0.0046313094529512	No	No
O00754	MAN2B1	6.82157958162034	1.3317042523322199e-12	No	No
O14498	ISLR	2.50183153534655	7.01886490298151e-08	No	No
O14521	SDHD	6.27017096429783	1.97151563302522e-23	No	No
O14523	C2CD2L	9.3351927076225	5.08805290340348e-27	No	No
O14530	TXNDC9	6.05463299521249	5.1459421951824e-15	No	No
O14545	TRAFD1	10.1985306382025	2.9571405382421804e-19	No	No
O14548	COX7A2L	6.52072866684225	5.59235269906408e-20	No	No
O14561	NDUFAB1	6.28625468424474	1.1372578642358902e-19	No	No
O14579	COPE	10.6155779341602	1.18976031158237e-31	No	No
O14594	NCAN	6.75655928024918	3.7449065599541504e-25	No	No
O14617	AP3D1	10.5279002311469	1.01926480121275e-19	No	No
O14618	CCS	8.43871297942723	8.06646705558452e-13	No	No
O14639	ABLIM1	7.82498210428591	1.59901895139402e-25	No	No
O14653	GOSR2	7.53134020133267	3.0710244106947003e-25	No	No
O14656	TOR1A	7.48168625755176	4.2144102067574497e-16	No	No
O14662	STX16	6.52983905809611	3.7891723644764e-18	No	No
O14672	ADAM10	8.70016104360162	2.58154862963786e-23	No	No
O14681	EI24	3.4165306636662	2.52089197064152e-05	No	No
O14727	APAF1	5.3194211184482	3.952070906185421e-15	No	No
O14730	RIOK3	3.88450858690307	6.04264091473141e-10	No	No
O14734	ACOT8	7.8067357009852	8.6034674812816e-23	No	No
O14735	CDIPT	7.17894348326568	5.836822270656039e-13	No	No
O14737	PDCD5	6.69296623164368	3.37225511587555e-10	No	No
O14744	PRMT5	8.80187135600347	1.00606523373752e-28	No	No
O14745	SLC9A3R1	5.72670919288586	5.1908240945424e-12	No	No
O14773	TPP1	9.2294974924395	3.1357115602595096e-11	No	No
O14775	GNB5	5.45397880567627	5.7163125869267e-17	No	No
O14786	NRP1	5.63209834960562	7.7633459185747e-22	No	No
O14787	TNPO2	6.77827207237041	8.039122627454491e-10	No	No
O14793	MSTN	4.2097716363334	5.03437329702088e-06	No	No
O14817	TSPAN4	3.96660490715321	2.9704536675332198e-12	No	No
O14818	PSMA7	8.35666762564609	1.34014690418785e-21	No	No
O14828	SCAMP3	9.03936937818685	1.6342857815716e-25	No	No
O14841	OPLAH	8.54041749820092	4.2185198559243405e-20	No	No
O14867	BACH1	3.09327857142312	0.0017853342196221	No	No
O14874	BCKDK	6.00541753638951	1.72391547064576e-14	No	No
O14879	IFIT3	2.5237315852422	2.88421785285351e-06	No	No
O14880	MGST3	6.69251550060409	6.35524577861909e-18	No	No
O14907	TAX1BP3	3.8125992219948	6.97000751663901e-13	No	No
O14908	GIPC1	5.18079695155723	7.21135532558197e-16	No	No
O14917	PCDH17	5.20444611265582	2.16166333512551e-12	No	No
O14920	IKBKB	9.06774156316986	1.9982529321553998e-23	No	No
O14933	UBE2L6	3.76021165945875	5.2829728315916703e-14	No	No
O14949	UQCRQ	7.13095306632423	1.85814078267963e-20	No	No
O14957	UQCR11	7.30875529160858	6.74210759036193e-26	No	No
O14964	HGS	7.47508667891636	2.47718578848823e-22	No	No
O14972	VPS26C	5.67034939453938	2.22103889530849e-18	No	No
O14974	PPP1R12A	11.5683524853392	1.49005354023767e-32	No	No
O14975	SLC27A2	2.86117739438047	0.0001131866881488	No	No
O14976	GAK	12.4136056418145	1.8793504425895802e-24	No	No
O14979	HNRNPDL	4.36118118928507	2.4361018267804302e-09	No	No
O14980	XPO1	9.62242378519925	1.03137988566226e-22	No	No
O15013	ARHGEF10	6.36891216737939	1.1984216850889e-06	No	No
O15021	MAST4	5.28026237781605	2.2295899712212e-05	No	No
O15027	SEC16A	9.00012420548309	5.83666970881036e-20	No	No
O15031	PLXNB2	4.30989457396425	3.9167937423988494e-11	No	No
O15040	TECPR2	3.74029351295262	1.69771847941021e-08	No	No
O15067	PFAS	8.1068264157802	7.32696793294515e-16	No	No
O15084	ANKRD28	8.72141724966183	2.18742462235353e-26	No	No
O15111	CHUK	9.74772577095831	2.76943232135828e-19	No	No
O15116	LSM1	8.76768339537699	3.73338724517048e-26	No	No
O15117	FYB1	8.13533201775176	5.0542859584389896e-30	No	No
O15118	NPC1	2.88397851610434	0.0002190776976639	No	No
O15120	AGPAT2	3.87665289142737	3.90352180420841e-13	No	No
O15126	SCAMP1	7.63254156719202	1.84698268484899e-20	No	No
O15127	SCAMP2	9.61268184126095	3.41386890656728e-23	No	No
O15143	ARPC1B	5.04164639587748	1.36271768636962e-13	No	No
O15144	ARPC2	5.18156787384536	1.06899057560845e-17	No	No
O15145	ARPC3	4.96460131127952	2.12293836325142e-16	No	No
O15155	BET1	7.40418015213594	6.55111774049245e-23	No	No
O15162	PLSCR1	5.60995375914525	6.8326964116591196e-18	No	No
O15173	PGRMC2	7.10071728585983	3.92808906546343e-21	No	No
O15194	CTDSPL	7.00386343947962	1.8583200756376302e-21	No	No
O15204	ADAMDEC1	3.60271390457669	2.32656192361111e-05	No	No
O15211	RGL2	4.54920070162565	4.9820840347181294e-12	No	No
O15212	PFDN6	8.88004073770778	1.73998163820456e-25	No	No
O15228	GNPAT	5.90721474755879	1.2973809086070501e-23	No	No
O15230	LAMA5	8.76057505692526	4.76648756395624e-13	No	No
O15231	ZNF185	8.38222043982023	8.3295950835998e-25	No	No
O15239	NDUFA1	6.80465022244253	1.24416745171985e-23	No	No
O15240	VGF	8.13963153530433	2.38083792911383e-29	No	No
O15254	ACOX3	3.56682771437307	6.06664607358599e-12	No	No
O15258	RER1	5.28128900310576	1.10551770106072e-18	No	No
O15260	SURF4	9.95837443394788	2.5325818316847904e-25	No	No
O15269	SPTLC1	8.56702399798149	1.17605349307181e-21	No	No
O15270	SPTLC2	5.97708317600632	1.9386349057837e-20	No	No
O15294	OGT	5.68675526020246	7.94079558539989e-14	No	No
O15305	PMM2	3.23421279048214	2.03080520082911e-07	No	No
O15321	TM9SF1	4.30270716568096	1.6191030847091e-11	No	No
O15327	INPP4B	10.6622882894193	1.2085076695732899e-22	No	No
O15357	INPPL1	9.72983614047704	1.5678122013114898e-30	No	No
O15371	EIF3D	10.2289426931187	2.1125884621921803e-31	No	No
O15372	EIF3H	7.85515425414697	1.0203861952936001e-18	No	No
O15382	BCAT2	6.8424838279312	2.3908549912595402e-20	No	No
O15400	STX7	6.32947747900436	3.5111853371925904e-21	No	No
O15427	SLC16A3	9.02725917333917	2.28612795201478e-28	No	No
O15431	SLC31A1	3.741370268746	9.015132949886921e-15	No	No
O15438	ABCC3	4.01786496981035	1.58725033020242e-07	No	No
O15439	ABCC4	9.935477490606	1.9804876468967e-24	No	No
O15498	YKT6	6.62712739322727	1.65812688979236e-14	No	No
O15511	ARPC5	5.78178481317694	6.40447926974442e-16	No	No
O15530	PDPK1	3.69859284664455	3.2105531949633005e-10	No	No
O15533	TAPBP	10.9105660779151	6.95320118407457e-30	No	No
O15551	CLDN3	4.66543315116638	4.44636713464636e-13	No	No
O43149	ZZEF1	10.4981127489249	1.07284174731465e-24	No	No
O43150	ASAP2	10.8623677808634	5.8160427139886594e-30	No	No
O43156	TTI1	2.77904815006087	0.0029982532058862	No	No
O43157	PLXNB1	6.3413177744033	5.9917750746152e-19	No	No
O43169	CYB5B	7.46595929218957	2.86659363707031e-17	No	No
O43175	PHGDH	3.16851306964639	3.97494644754446e-05	No	No
O43181	NDUFS4	8.40773701785682	1.0677331335313e-22	No	No
O43182	ARHGAP6	8.30656629087144	7.504204606140081e-24	No	No
O43236	SEPTIN4	2.80563822296692	2.30949985326636e-07	No	No
O43237	DYNC1LI2	8.00635526103046	2.27557675490264e-21	No	No
O43242	PSMD3	8.15044029691976	7.90762519074059e-12	No	No
O43252	PAPSS1	2.61433529371003	6.77430849258536e-07	No	No
O43264	ZW10	7.18269312446024	7.416782251187949e-16	No	No
O43278	SPINT1	2.58175013201381	0.0001334991695704	No	No
O43291	SPINT2	3.51322501009311	7.910683058885911e-09	No	No
O43294	TGFB1I1	7.39205413925016	1.6462395231562902e-23	No	No
O43304	SEC14L5	7.36387848700517	2.80350289260046e-26	No	No
O43306	ADCY6	9.25655508554947	6.66378585324458e-23	No	No
O43310	CTIF	4.23493134406171	1.48398563010983e-12	No	No
O43312	MTSS1	10.5373145623827	6.66399058156487e-28	No	No
O43314	PPIP5K2	5.78226568475391	2.61181839122664e-14	No	No
O43318	MAP3K7	7.24799021462806	3.66828579807889e-21	No	No
O43324	EEF1E1	7.42744765781439	1.33961498147995e-17	No	No
O43353	RIPK2	2.39348364954814	1.53135485966246e-06	No	No
O43396	TXNL1	8.46034199721182	2.68417936994606e-24	No	No
O43399	TPD52L2	5.25458523714302	2.56643857838649e-10	No	No
O43402	EMC8	4.43563575278834	7.8458598738038495e-16	No	No
O43405	COCH	2.94649062491935	0.0001673394169943	No	No
O43426	SYNJ1	3.75463820037652	5.91503529373645e-10	No	No
O43427	FIBP	8.38649346940204	7.17961368845635e-24	No	No
O43432	EIF4G3	8.42185431383316	5.369951243822291e-25	No	No
O43464	HTRA2	6.99222780591768	3.22835062150121e-14	No	No
O43488	AKR7A2	5.58933432442261	9.02382671464586e-15	No	No
O43491	EPB41L2	5.43990027419452	1.29090133595674e-15	No	No
O43493	TGOLN2	3.81709697163031	1.7863426210833e-15	No	No
O43504	LAMTOR5	8.70663035474066	1.31461047288576e-28	No	No
O43505	B4GAT1	3.55885925335521	6.4589241252839e-13	No	No
O43516	WIPF1	11.0711494643065	3.37479591111514e-29	No	No
O43524	FOXO3	2.5403596569341	9.03213335288304e-09	No	No
O43529	CHST10	3.19983727977931	1.1198980022633e-07	No	No
O43561	LAT	8.7501166243559	6.70846335896034e-26	No	No
O43572	AKAP10	5.11695686757965	2.17740239935779e-19	No	No
O43583	DENR	4.62318554687922	2.917358955596e-06	No	No
O43592	XPOT	6.92925614542085	2.21456488406055e-15	No	No
O43598	DNPH1	4.52615875438013	5.17178971590487e-12	No	No
O43615	TIMM44	9.09319580630737	2.47301013100503e-22	No	No
O43617	TRAPPC3	7.85118907090154	8.919460869462029e-28	No	No
O43633	CHMP2A	6.12280170983355	9.60811038911057e-16	No	No
O43639	NCK2	6.93446839468276	5.4416761585616e-26	No	No
O43665	RGS10	4.36226598670093	1.03786230520031e-10	No	No
O43674	NDUFB5	2.7149338477468	2.66988313697304e-07	No	No
O43676	NDUFB3	8.16955527735208	3.83155201329301e-27	No	No
O43678	NDUFA2	7.40292544743411	1.79190215203451e-23	No	No
O43681	GET3	9.18931413299644	1.2047301680809599e-26	No	No
O43707	ACTN4	7.04749255909385	2.5495675343261e-30	No	No
O43708	GSTZ1	6.38344099068641	1.52380319623056e-21	No	No
O43741	PRKAB2	8.02529452953693	1.2036210600937e-16	No	No
O43747	AP1G1	8.135510642366	1.00812743661003e-17	No	No
O43752	STX6	6.05724439060798	6.42466912189484e-16	No	No
O43760	SYNGR2	5.94467780091085	1.77727021447339e-17	No	No
O43765	SGTA	8.1857133132532	1.02445580229435e-23	No	No
O43768	ENSA	2.98187799005763	1.88974115521894e-05	No	No
O43772	SLC25A20	7.21053421241172	1.8552444010025398e-22	No	No
O43776	NARS1	7.42604458913462	9.38989210140838e-15	No	No
O43809	NUDT21	3.36242347804392	1.5412816594091002e-10	No	No
O43813	LANCL1	4.49321163653296	4.984824027584e-16	No	No
O43815	STRN	11.2782614369859	1.32201110285266e-28	No	No
O43826	SLC37A4	2.86218309554387	0.0006953240793675	No	No
O43837	IDH3B	8.09299243968221	2.1917096155290297e-18	No	No
O43847	NRDC	8.9396887088245	1.29249260385041e-17	No	No
O43852	CALU	4.68934594924691	7.50081873662387e-14	No	No
O43861	ATP9B	3.20867106070846	4.29704226027605e-06	No	No
O43865	AHCYL1	5.98636023138002	2.0904962206001197e-11	No	No
O43866	CD5L	2.83907879615854	5.82724774505314e-06	No	No
O43897	TLL1	2.46228886460069	0.0005358517086918	No	No
O43920	NDUFS5	7.98539280915057	2.4064182829763603e-25	No	No
O43933	PEX1	4.31829026771762	2.6744229197719804e-09	No	No
O60220	TIMM8A	2.29451067439918	1.60730805585521e-06	No	No
O60229	KALRN	12.8934649950388	3.7524827114754696e-33	No	No
O60234	GMFG	3.78167837874096	1.2596044390168202e-09	No	No
O60240	PLIN1	9.44964853255402	1.61375898317977e-30	No	No
O60243	HS6ST1	4.05295499524135	1.5489740496619501e-10	No	No
O60245	PCDH7	7.0364998100337	3.5564269738264604e-23	No	No
O60256	PRPSAP2	10.5018343820648	3.1733629470768e-19	No	No
O60262	GNG7	4.36505848049771	1.94942942198691e-17	No	No
O60266	ADCY3	2.7273288458124	2.78547582525956e-05	No	No
O60268	KIAA0513	10.336341351229	7.52709814939234e-34	No	No
O60271	SPAG9	7.11377398756351	1.05619043243731e-26	No	No
O60279	SUSD5	7.22389958286659	1.5109180665072998e-19	No	No
O60313	OPA1	9.35652901916865	8.59177282231649e-24	No	No
O60330	PCDHGA12	4.80212718753969	4.1138414532294e-06	No	No
O60331	PIP5K1C	8.05694067079378	1.12988917360848e-25	No	No
O60333	KIF1B	2.2971523337989	5.22630841257339e-05	No	No
O60437	PPL	9.2561060448891	5.28955172518929e-26	No	No
O60449	LY75	4.54430315874368	5.79331357336791e-05	No	No
O60462	NRP2	7.4709427228194	2.02854981728343e-21	No	No
O60476	MAN1A2	4.65179795165367	5.32412537468638e-18	No	No
O60488	ACSL4	7.25988421221959	4.152984015990741e-25	No	No
O60493	SNX3	3.6281090862925	4.08325693752942e-09	No	No
O60496	DOK2	10.1777867292344	1.10141844574561e-33	No	No
O60502	OGA	7.02479978020516	6.37441976252487e-10	No	No
O60506	SYNCRIP	8.45684475615495	2.45762374247158e-26	No	No
O60507	TPST1	4.27451614546516	1.21348379599317e-08	No	No
O60524	NEMF	5.39770394560437	9.16998042204252e-10	No	No
O60547	GMDS	6.81133749777678	2.49790980029667e-12	No	No
O60568	PLOD3	8.70358455798778	3.2903908811049e-19	No	No
O60573	EIF4E2	3.74343167024113	2.9665671732327996e-12	No	No
O60610	DIAPH1	6.59783263202878	1.08978261832937e-24	No	No
O60613	SELENOF	6.55971872247638	1.15864508913846e-18	No	No
O60645	EXOC3	7.36436888208015	5.30930458104963e-24	No	No
O60664	PLIN3	5.40964644922891	5.82087364025406e-08	No	No
O60669	SLC16A7	6.782391291045	3.62811667569897e-24	No	No
O60674	JAK2	8.77229650901507	2.59928411234374e-28	No	No
O60678	PRMT3	2.89010838499039	1.09091572482244e-07	No	No
O60684	KPNA6	5.21589280023795	4.5037177947074695e-12	No	No
O60701	UGDH	3.44705553455235	0.0005050547500025	No	No
O60704	TPST2	9.7206694357543	7.71133060404982e-29	No	No
O60716	CTNND1	7.2604019025448	2.8241702856531397e-18	No	No
O60749	SNX2	10.6595864380778	7.314164595364399e-35	No	No
O60762	DPM1	7.83936441298281	1.17324749165047e-21	No	No
O60763	USO1	6.74353808784424	2.40215407097432e-21	No	No
O60784	TOM1	7.01997138978677	2.32860814331574e-08	No	No
O60826	CCDC22	5.51529577937106	1.5804139804688998e-13	No	No
O60831	PRAF2	7.64380426484053	7.243485879271509e-30	No	No
O60841	EIF5B	8.53813248470241	1.02537903696695e-20	No	No
O60844	ZG16	8.0779701809611	1.1867450593839799e-11	No	No
O60884	DNAJA2	8.82239676790943	2.4950252290164298e-26	No	No
O60888	CUTA	4.81327717125696	1.76785940967374e-17	No	No
O60890	OPHN1	6.78613987362054	2.8499329453359203e-15	No	No
O60925	PFDN1	8.04474646955213	5.80821372118568e-21	No	No
O60927	PPP1R11	3.99279066097863	3.87658469667721e-10	No	No
O75019	LILRA1	3.66725373722107	1.93477203080835e-06	No	No
O75023	LILRB5	2.43987078700077	1.06059856476454e-05	No	No
O75027	ABCB7	5.95761381211756	5.3635772588863e-15	No	No
O75044	SRGAP2	3.45965293504213	8.74172603000864e-08	No	No
O75061	DNAJC6	4.26243416895701	1.33647219146754e-14	No	No
O75063	FAM20B	3.45903386171809	5.03591810183953e-06	No	No
O75069	TMCC2	5.71683834900686	5.202857998449229e-16	No	No
O75083	WDR1	4.68703382732099	1.87830381276316e-16	No	No
O75095	MEGF6	3.60004452797768	4.81840599169851e-12	No	No
O75113	N4BP1	5.83662194867675	1.5412107213535298e-11	No	No
O75116	ROCK2	8.72303834169893	2.03834912770845e-24	No	No
O75122	CLASP2	6.97273988697542	2.31240876370816e-24	No	No
O75131	CPNE3	5.09247062145288	9.51109204426329e-13	No	No
O75143	ATG13	6.36092029023222	1.25973601844461e-15	No	No
O75154	RAB11FIP3	6.85430675066836	2.77658600090184e-17	No	No
O75165	DNAJC13	7.86000487142748	1.33702466794532e-14	No	No
O75167	PHACTR2	4.09183129956712	3.30198050419659e-14	No	No
O75170	PPP6R2	8.49747803375707	1.33116210092068e-10	No	No
O75175	CNOT3	9.5666825306595	6.18272773075502e-13	No	No
O75190	DNAJB6	5.83997927491028	2.73003820318018e-22	No	No
O75197	LRP5	8.52464812757498	1.0163779695812e-29	No	No
O75208	COQ9	3.46085394392343	4.42608013325061e-07	No	No
O75223	GGCT	2.45773443210236	0.0022481092884888	No	No
O75251	NDUFS7	6.13967912116681	4.2329230901498406e-15	No	No
O75298	RTN2	10.1360336953434	3.81973162558912e-25	No	No
O75306	NDUFS2	8.84797742589536	1.8276497013653098e-30	No	No
O75309	CDH16	9.0705691081503	2.60924473264819e-28	No	No
O75312	ZPR1	7.27350195472444	1.0778948682838102e-15	No	No
O75323	NIPSNAP2	7.48020917798629	1.0843387858217799e-26	No	No
O75324	SNN	3.72347344860169	2.7142025436462398e-11	No	No
O75339	CILP	4.03805769779411	1.92747528496099e-12	No	No
O75340	PDCD6	4.05446288761984	2.58639295994508e-05	No	No
O75347	TBCA	4.80459307552505	3.76583365234926e-09	No	No
O75348	ATP6V1G1	7.29779929476696	2.86300496899105e-18	No	No
O75351	VPS4B	8.07666069706431	2.4754389923860102e-20	No	No
O75352	MPDU1	7.75507229508934	2.57795237590282e-24	No	No
O75356	ENTPD5	7.99841500062787	2.03447000965711e-12	No	No
O75368	SH3BGRL	3.55692910046232	7.418922429756951e-09	No	No
O75369	FLNB	8.5098931118811	3.4362016755960803e-09	No	No
O75379	VAMP4	6.3237056880175	2.21394485835442e-24	No	No
O75380	NDUFS6	4.94568481471144	1.87351451883392e-19	No	No
O75381	PEX14	5.1599530804614	2.06363471961133e-17	No	No
O75382	TRIM3	3.18351151067141	1.02291543071584e-10	No	No
O75390	CS	6.90558770802988	3.3473555679405205e-15	No	No
O75396	SEC22B	7.16826732948284	1.3152863469977601e-23	No	No
O75410	TACC1	9.242423477142	2.00956995976999e-23	No	No
O75427	LRCH4	6.11980997103788	6.422196620608451e-15	No	No
O75431	MTX2	5.8065705557316	4.83662403120219e-19	No	No
O75436	VPS26A	6.80295606256035	3.76465352830704e-21	No	No
O75438	NDUFB1	6.76707232770581	4.29966472854882e-25	No	No
O75439	PMPCB	5.26649436472232	4.7584507483516195e-12	No	No
O75477	ERLIN1	5.84774691541012	2.24295800859345e-14	No	No
O75487	GPC4	5.81158006406295	2.33314906669856e-20	No	No
O75489	NDUFS3	10.2359912717974	1.46460732011588e-27	No	No
O75506	HSBP1	5.09418157664934	4.84769264573263e-12	No	No
O75521	ECI2	7.44709720972921	7.22269729293996e-21	No	No
O75531	BANF1	8.25105840712401	2.53296723888407e-27	No	No
O75534	CSDE1	7.27813705460801	1.5448480492627502e-20	No	No
O75558	STX11	8.14016993927557	4.3292647180895196e-26	No	No
O75563	SKAP2	9.18592540754375	9.20670083200316e-31	No	No
O75581	LRP6	3.54439305718837	1.6351067649084302e-09	No	No
O75592	MYCBP2	8.6902203966112	1.31627966034307e-21	No	No
O75608	LYPLA1	4.17598203701746	4.08441051291195e-10	No	No
O75629	CREG1	4.46803906482811	5.87001583902686e-13	No	No
O75663	TIPRL	7.14813888443202	4.52948130439357e-23	No	No
O75674	TOM1L1	8.7723420524939	1.4736091790416099e-12	No	No
O75688	PPM1B	7.21397956622804	5.11162202485697e-20	No	No
O75695	RP2	8.90775604191011	6.128226235530449e-30	No	No
O75718	CRTAP	6.73911878683282	4.97199117582156e-16	No	No
O75746	SLC25A12	5.02934368948817	5.1508747959699205e-09	No	No
O75752	B3GALNT1	7.78122290632964	1.7700434019060602e-24	No	No
O75787	ATP6AP2	8.41113494699156	5.64621764841334e-22	No	No
O75791	GRAP2	11.171262877381	2.15800104572155e-28	No	No
O75821	EIF3G	8.89203571365915	6.25602190113474e-26	No	No
O75822	EIF3J	6.71990518638475	4.392456639092121e-25	No	No
O75832	PSMD10	6.2763359626882	5.64328702308927e-19	No	No
O75843	AP1G2	5.1224332189212	2.18166996359786e-16	No	No
O75844	ZMPSTE24	9.20328548550884	6.41522376804578e-24	No	No
O75874	IDH1	3.8257346438648	3.8477256209421e-08	No	No
O75880	SCO1	5.23669091319312	4.39374518793586e-16	No	No
O75886	STAM2	7.7652004329362	1.05505911080628e-13	No	No
O75888	TNFSF13	4.03514751557408	9.54911102532806e-08	No	No
O75915	ARL6IP5	10.6883525420141	1.42613937098306e-32	No	No
O75935	DCTN3	6.49815098169746	1.2201332738066401e-20	No	No
O75947	ATP5PD	7.7273284446981	4.53512130950354e-20	No	No
O75954	TSPAN9	10.1707098999954	5.087894705450559e-28	No	No
O75955	FLOT1	8.53753610869288	8.32283829584131e-27	No	No
O75964	ATP5MG	11.4959958697835	2.09701389278824e-29	No	No
O75976	CPD	5.66512948293468	5.13614842449085e-08	No	No
O76003	GLRX3	7.31345250686748	9.66658941065943e-19	No	No
O76021	RSL1D1	4.3087920472483	1.18205181439816e-05	No	No
O76031	CLPX	6.96461326899739	3.2295742599184496e-11	No	No
O76061	STC2	7.156107741403	1.9137179504182e-24	No	No
O76070	SNCG	4.61790319979029	1.79239379159202e-06	No	No
O76071	CIAO1	5.50068659027677	6.40168624930977e-21	No	No
O76074	PDE5A	6.81561415090274	1.71869744730141e-19	No	No
O76096	CST7	3.8382557117468	7.69836801364559e-16	No	No
O94763	URI1	2.5512563031189	6.15382828838226e-07	No	No
O94766	B3GAT3	4.31566875662969	2.21702975968932e-06	No	No
O94769	ECM2	8.0939160385229	2.8251501754603003e-20	No	No
O94804	STK10	9.47978122061455	3.27882262455361e-27	No	No
O94817	ATG12	6.34412798171403	0.0047933064581428	No	No
O94822	LTN1	3.2154897814302	1.25639681756536e-07	No	No
O94826	TOMM70	9.66764196197349	2.1785462336201998e-29	No	No
O94829	IPO13	3.31237212123802	0.0017065438262453	No	No
O94830	DDHD2	3.29955611027139	7.76746191414517e-07	No	No
O94855	SEC24D	7.04753753915706	4.4522434164808e-19	No	No
O94874	UFL1	8.82471948308504	2.12680735089101e-15	No	No
O94886	TMEM63A	10.3951027310141	2.17173182648971e-32	No	No
O94888	UBXN7	3.44344628007891	1.9501364746413e-08	No	No
O94903	PLPBP	4.84795404309687	3.0220536798249795e-11	No	No
O94905	ERLIN2	7.59780791994958	7.18000873558028e-19	No	No
O94915	FRYL	6.95290389119091	2.2900379555808e-17	No	No
O94916	NFAT5	4.54734592147709	5.1161428310863804e-15	No	No
O94919	ENDOD1	6.83430575582776	7.120248365228e-24	No	No
O94923	GLCE	6.09690564828998	8.324961031251069e-18	No	No
O94925	GLS	9.00771165489373	2.9109350826768e-25	No	No
O94929	ABLIM3	8.86412819872649	3.4989085512922996e-27	No	No
O94967	WDR47	3.58898076055249	1.01986918961335e-06	No	No
O94973	AP2A2	6.25281824550216	2.64032957039387e-18	No	No
O94979	SEC31A	9.8864583479441	1.32145403887586e-28	No	No
O94985	CLSTN1	6.69872905758448	1.21801271910291e-17	No	No
O94992	HEXIM1	4.5539290901212	1.81943642105991e-08	No	No
O95081	AGFG2	4.17067009183779	2.47453416093672e-07	No	No
O95139	NDUFB6	2.97649344182008	9.13527382770487e-06	No	No
O95140	MFN2	8.10644313909977	2.55916310227659e-21	No	No
O95155	UBE4B	4.49311286891459	5.0670696554488506e-15	No	No
O95159	ZFPL1	2.26279595964662	5.92721352420749e-06	No	No
O95163	ELP1	4.17574332894422	2.77853877016599e-08	No	No
O95167	NDUFA3	4.55552748380986	2.6680061531824903e-09	No	No
O95168	NDUFB4	6.76395018595423	1.17956759717236e-15	No	No
O95169	NDUFB8	6.53409733384383	4.8415428561703105e-21	No	No
O95182	NDUFA7	7.34720104368181	2.62719245575106e-21	No	No
O95183	VAMP5	5.60699125041217	1.2502326316620998e-19	No	No
O95185	UNC5C	2.19439626526035	0.0045806394876205	No	No
O95197	RTN3	4.3083253879765	2.45973088283602e-12	No	No
O95202	LETM1	8.65986013308404	2.6246266296938097e-22	No	No
O95210	STBD1	4.44117274569215	2.2837771533043802e-09	No	No
O95219	SNX4	8.55268621984221	5.59568969302749e-17	No	No
O95248	SBF1	6.57619177036894	6.29052681337145e-18	No	No
O95249	GOSR1	7.454420729395	5.47346512763212e-17	No	No
O95260	ATE1	6.70031690098636	1.2559696278550001e-19	No	No
O95292	VAPB	8.3615823751136	3.0444205417461104e-23	No	No
O95295	SNAPIN	7.45940746156078	1.12053342364346e-27	No	No
O95298	NDUFC2	3.69017900201347	8.57421414829433e-13	No	No
O95299	NDUFA10	11.748920778925	8.7777723829173e-22	No	No
O95302	FKBP9	7.92099417477194	1.2391117728865499e-28	No	No
O95319	CELF2	6.45505481103875	1.65108533225445e-12	No	No
O95336	PGLS	5.1547351898412	2.38484545827195e-10	No	No
O95340	PAPSS2	2.60160473363094	9.53057752265881e-05	No	No
O95347	SMC2	4.38183324873929	4.54249580893188e-05	No	No
O95352	ATG7	9.10512922428227	4.6902058919105703e-17	No	No
O95372	LYPLA2	6.35464253094472	1.0327423303723701e-19	No	No
O95373	IPO7	10.5241896872695	1.93868299042977e-20	No	No
O95376	ARIH2	3.14367577353683	6.45830468647012e-07	No	No
O95393	BMP10	7.95198668393646	1.04408443421723e-26	No	No
O95425	SVIL	9.56319838149657	3.03005225665876e-22	No	No
O95427	PIGN	4.40753168372703	6.02489116197614e-16	No	No
O95433	AHSA1	9.16140588897918	2.42223241607019e-27	No	No
O95456	PSMG1	3.74520242193766	3.37475419428787e-10	No	No
O95486	SEC24A	6.53869623668518	0.0001837127624259	No	No
O95487	SEC24B	5.35477892559238	3.53123676656775e-12	No	No
O95490	ADGRL2	4.48699920931946	0.0019511882448054	No	No
O95544	NADK	4.74816340501501	1.4356020855162202e-14	No	No
O95562	SFT2D2	4.12599252728175	1.2809747888146898e-11	No	No
O95571	ETHE1	9.06170860151045	2.87436144287692e-20	No	No
O95573	ACSL3	7.42841184474084	3.8410999484963904e-17	No	No
O95630	STAMBP	8.43529408374321	5.9897472797485004e-18	No	No
O95633	FSTL3	5.82298763683398	3.64686534771583e-17	No	No
O95644	NFATC1	4.52927976379043	4.51489987161679e-13	No	No
O95671	ASMTL	5.67629382291636	1.7255182175502498e-11	No	No
O95674	CDS2	11.1422465508523	2.8365372015759898e-33	No	No
O95685	PPP1R3D	5.77602064387959	3.55080172608586e-10	No	No
O95714	HERC2	4.6348186879187	1.36797249744866e-10	No	No
O95721	SNAP29	7.55918088416604	3.42390714935017e-20	No	No
O95727	CRTAM	5.53712738921666	5.06221593486013e-09	No	No
O95747	OXSR1	5.35163721062574	2.5494560559195303e-15	No	No
O95749	GGPS1	3.94147703882615	4.29637012726436e-12	No	No
O95757	HSPA4L	5.96035118740475	9.15106875298135e-12	No	No
O95758	PTBP3	3.2777697892908	0.0001530998128283	No	No
O95772	STARD3NL	4.91683821886543	2.1751579891525502e-14	No	No
O95777	LSM8	3.07203708292867	9.46028857584443e-06	No	No
O95782	AP2A1	11.3794287880385	2.36790076121041e-14	No	No
O95807	TMEM50A	2.12267953779176	1.75772014663233e-07	No	No
O95810	CAVIN2	6.33305777743724	1.62754176446764e-15	No	No
O95816	BAG2	6.9948416310117	1.8835820143035998e-23	No	No
O95819	MAP4K4	6.87460108696752	4.65072881675879e-22	No	No
O95822	MLYCD	8.27048798219853	1.19258584814661e-13	No	No
O95825	CRYZL1	6.42468205406247	6.86521487921653e-17	No	No
O95831	AIFM1	8.58349652089238	8.377291732483201e-20	No	No
O95834	EML2	6.03948058632391	1.97114951852407e-09	No	No
O95841	ANGPTL1	2.2388660430718	0.0005270394678026	No	No
O95858	TSPAN15	7.48425131699654	3.45086139789142e-23	No	No
O95861	BPNT1	4.94539066074358	6.857652396496361e-09	No	No
O95865	DDAH2	2.3319012193844	0.0034284647726859	No	No
O95866	MPIG6B	7.13463679496992	4.78742182552723e-23	No	No
O95870	ABHD16A	7.72599011033512	2.16314732725233e-17	No	No
O95873	C6orf47	4.82655754024932	1.64771620513374e-14	No	No
O95881	TXNDC12	7.88400804162384	2.2433448601275e-19	No	No
O95967	EFEMP2	7.1049047674854	2.95582646675104e-18	No	No
O95994	AGR2	4.79271852042418	1.51953870021423e-06	No	No
O96000	NDUFB10	9.8550284278033	1.60631265793644e-25	No	No
O96005	CLPTM1	6.73365473884038	4.58540167837719e-10	No	No
O96008	TOMM40	8.37750892871341	4.36677394188283e-25	No	No
O96011	PEX11B	3.43419120675764	1.36439972497542e-06	No	No
O96013	PAK4	2.24082565780616	0.0009820309118641	No	No
O96019	ACTL6A	3.76765587668759	1.33043946455423e-07	No	No
P00156	MT-CYB	4.24054557546926	3.52529317546872e-12	No	No
P00167	CYB5A	6.28933737189462	6.354825048696349e-13	No	No
P00338	LDHA	3.13135381239195	2.86779149557715e-10	No	No
P00352	ALDH1A1	3.05751288609628	4.28491778673619e-05	No	No
P00367	GLUD1	6.88922114989619	4.22539043670363e-21	No	No
P00387	CYB5R3	6.00230632480723	1.5705506481425701e-15	No	No
P00390	GSR	3.35267938415396	1.63616721444791e-10	No	No
P00395	MT-CO1	8.01109757607131	1.06486795322291e-25	No	No
P00403	MT-CO2	10.8126910156807	5.174010597734041e-31	No	No
P00414	MT-CO3	8.76715029760039	1.80030758862794e-30	No	No
P00450	CP	2.35993495137198	1.8203400730594702e-09	No	No
P00451	F8	6.88660088713214	2.6059876938579402e-24	No	No
P00488	F13A1	3.86504945566631	7.66737365228402e-15	No	No
P00491	PNP	4.43801035983201	8.41312907021698e-11	No	No
P00492	HPRT1	4.72352214753969	1.68747806584475e-11	No	No
P00505	GOT2	10.2538296516972	5.991154357556139e-22	No	No
P00558	PGK1	4.01999392579394	4.0921193164010195e-11	No	No
P00568	AK1	3.88436722391113	5.80920913730885e-06	No	No
P00734	F2	5.64265323059466	3.17833519987387e-23	No	No
P00736	C1R	3.33474565173271	2.42297655750009e-13	No	No
P00740	F9	6.79308772380304	3.21835844111317e-25	No	No
P00742	F10	6.4961905357323	1.9526495094575499e-22	No	No
P00846	MT-ATP6	8.97832644142841	1.77370177827632e-27	No	No
P00966	ASS1	6.38583245142218	5.45404926071925e-05	No	No
P01042	KNG1	3.68699406821077	4.91946338448948e-16	No	No
P01116	KRAS	4.00422461659553	2.3423241141442397e-11	No	No
P01127	PDGFB	5.79292650058328	7.98749541823585e-06	No	No
P01130	LDLR	7.58712540552773	1.9147649334091699e-22	No	No
P01133	EGF	10.3233533041722	9.450415590786219e-22	No	No
P01137	TGFB1	6.72859040679209	1.51693293402493e-22	No	No
P01266	TG	7.87360068523536	2.0402537799831298e-22	No	No
P01275	GCG	4.06975178049151	2.6079222231217004e-10	No	No
P01350	GAST	4.96712683836234	9.468236103024579e-18	No	No
P01732	CD8A	3.23857856654356	0.0054874866098424	No	No
P01772	IGHV3-33	4.83798827178504	2.7548073114833902e-15	No	No
P01889	HLA-B	5.8634429179958	1.5854760329756102e-17	No	No
P01911	HLA-DRB1	3.6882200856076	1.16431407619434e-07	No	No
P02461	COL3A1	2.48642957454314	0.0002195984979878	No	No
P02545	LMNA	4.78140132074403	5.37118049362467e-09	No	No
P02549	SPTA1	6.74522519699786	2.19306752531572e-13	No	No
P02686	MBP	6.32612039344767	4.94064314128655e-21	No	No
P02730	SLC4A1	4.29960522449087	2.12379217592211e-12	No	No
P02741	CRP	5.42633707357156	2.28743099864266e-20	No	No
P02748	C9	4.84814894150627	5.87449901485467e-20	No	No
P02751	FN1	5.39838781556574	3.2354085929822397e-18	No	No
P02753	RBP4	3.09450831281052	1.0199195119299001e-10	No	No
P02760	AMBP	2.96748997946862	1.50353251156739e-11	No	No
P02766	TTR	3.29899987077639	1.63297827524672e-08	No	No
P02775	PPBP	2.43126145649662	0.0009333405431854	No	No
P02776	PF4	3.92824245522693	3.40894944192311e-12	No	No
P02792	FTL	2.85685196119992	6.38579418514416e-05	No	No
P02794	FTH1	7.58021022515209	1.00218034938836e-15	No	No
P02810	PRH2	11.3135783713299	2.08351283776379e-37	No	No
P03886	MT-ND1	5.08306937903468	1.23396208937545e-19	No	No
P03891	MT-ND2	3.9200737804759	7.23072974739417e-15	No	No
P03905	MT-ND4	5.70352095745614	1.24157522218659e-19	No	No
P03915	MT-ND5	10.0135242209729	5.94230793901354e-16	No	No
P03956	MMP1	5.72875112494079	6.40811448427557e-13	No	No
P04003	C4BPA	4.67052475328345	1.1895788621176001e-20	No	No
P04004	VTN	3.92113031081975	2.5803436860605202e-14	No	No
P04040	CAT	3.04980276441489	5.803451723528589e-11	No	No
P04070	PROC	7.38403378311856	5.28133478160999e-25	No	No
P04080	CSTB	3.64337447420421	1.2771171914340902e-09	No	No
P04083	ANXA1	6.41278624977685	3.33181808522761e-13	No	No
P04085	PDGFA	5.24590783290052	2.74364193484491e-17	No	No
P04156	PRNP	7.98618748650413	1.86781298141163e-24	No	No
P04179	SOD2	6.36140455610223	1.69350865791633e-19	No	No
P04233	CD74	3.94028770562837	4.139130370319e-10	No	No
P04271	S100B	4.15555871495601	4.0691995951812e-14	No	No
P04275	VWF	5.17111055053393	1.53153228429626e-17	No	No
P04350	TUBB4A	12.4372628960991	1.26644571170008e-28	No	No
P04406	GAPDH	5.2720001613139	2.02520096767633e-21	No	No
P04424	ASL	5.18560728169112	1.67416057332492e-06	No	No
P04439	HLA-A	3.18473533544487	3.23142929026903e-12	No	No
P04632	CAPNS1	6.16819071684356	4.21772585226335e-15	No	No
P04792	HSPB1	4.52729737332406	7.141053431295241e-09	No	No
P04839	CYBB	3.24272708459853	0.0004141132707131	No	No
P04843	RPN1	8.57049713660675	1.30994242354729e-25	No	No
P04844	RPN2	8.28446356658455	1.7314446814224202e-23	No	No
P04899	GNAI2	7.59096893302167	8.09484043034978e-29	No	No
P04920	SLC4A2	3.40804926759059	1.30703224733857e-09	No	No
P05023	ATP1A1	10.2837372022669	4.13411979499416e-28	No	No
P05026	ATP1B1	5.41097534724453	1.3978561909462e-15	No	No
P05060	CHGB	5.0833726272336	6.32007174346482e-17	No	No
P05067	APP	7.32507798627991	4.10557127134985e-18	No	No
P05106	ITGB3	6.34727680024139	3.77330045812706e-14	No	No
P05107	ITGB2	4.42002399805594	4.65659997113222e-11	No	No
P05114	HMGN1	6.10135555676122	1.82566792742596e-11	No	No
P05121	SERPINE1	5.18585435174028	3.0536852616831597e-12	No	No
P05141	SLC25A5	4.33446205944884	6.35337107740362e-10	No	No
P05155	SERPING1	2.62586463415285	3.43250531486312e-10	No	No
P05161	ISG15	7.54964014145521	9.3853781430628e-09	No	No
P05164	MPO	2.76589871646041	0.0001944734199279	No	No
P05165	PCCA	9.21859135837691	3.53096698290047e-17	No	No
P05166	PCCB	9.16335791629498	3.94597913799334e-12	No	No
P05198	EIF2S1	11.4206658591755	2.58159516445817e-33	No	No
P05386	RPLP1	9.5335160674606	3.44045211338237e-24	No	No
P05387	RPLP2	11.4250912630787	1.35072385728831e-23	No	No
P05388	RPLP0	8.01046954983326	5.43801537806207e-21	No	No
P05408	SCG5	4.34886904721918	2.6691986757111396e-11	No	No
P05455	SSB	3.1443462600469	0.0017347295528729	No	No
P05546	SERPIND1	2.74355341596931	2.07000917216928e-09	No	No
P05556	ITGB1	5.31425731525774	4.57291871527641e-19	No	No
P05771	PRKCB	7.37941533904215	5.0317008298648705e-25	No	No
P05783	KRT18	9.93888021477931	5.08804836193886e-14	No	No
P05997	COL5A2	7.17345458434357	1.34597070407707e-24	No	No
P06132	UROD	8.57772534812183	5.5891401622602e-24	No	No
P06239	LCK	2.5053288801161	0.0023841720086574	No	No
P06241	FYN	10.1150712250736	8.42947869339443e-29	No	No
P06280	GLA	4.81938204863616	6.31412800324312e-07	No	No
P06315	IGKV5-2	4.14947650447629	5.49478445059741e-06	No	No
P06454	PTMA	6.50224758016355	4.01569614212816e-12	No	No
P06576	ATP5F1B	7.26261271238781	1.6407760189335602e-23	No	No
P06729	CD2	3.66975530279082	2.19222761331808e-05	No	No
P06730	EIF4E	3.87975081836469	1.7843094257764402e-10	No	No
P06733	ENO1	4.27080013307268	4.579586704958789e-11	No	No
P06734	FCER2	5.91072245528362	1.58911036695585e-08	No	No
P06737	PYGL	6.60720994061993	1.4732366551813298e-11	No	No
P06744	GPI	4.292915513934	1.6360483733042e-12	No	No
P06748	NPM1	6.78874430062095	8.39740344878025e-15	No	No
P06753	TPM3	4.45484043627943	1.50886202897494e-05	No	No
P06756	ITGAV	9.46295176880813	4.26807434097582e-26	No	No
P06858	LPL	9.58019449305674	2.15758497787798e-15	No	No
P06865	HEXA	6.37093148694749	1.2304221479019601e-15	No	No
P07093	SERPINE2	6.74335404830383	1.3267777273307999e-14	No	No
P07099	EPHX1	4.87915819437124	0.0036859353446931	No	No
P07108	DBI	2.43459087340055	1.58248366703327e-05	No	No
P07195	LDHB	2.55666250134717	4.895882971175051e-09	No	No
P07203	GPX1	7.92965023406436	6.362305597618581e-20	No	No
P07204	THBD	5.07373550845947	4.32582658322757e-05	No	No
P07225	PROS1	5.40872074992833	2.6516193322442998e-19	No	No
P07237	P4HB	6.3935820351995	2.00569318192567e-21	No	No
P07311	ACYP1	3.69835336414241	1.59762151674871e-10	No	No
P07332	FES	6.17144919473531	1.99173526681931e-21	No	No
P07333	CSF1R	4.5271031856214	9.6662700795794e-15	No	No
P07355	ANXA2	2.61733738402779	8.29811907494359e-05	No	No
P07359	GP1BA	5.45212529115626	1.30587018966933e-21	No	No
P07384	CAPN1	5.13750668573533	1.27462514469104e-17	No	No
P07437	TUBB	7.19789877636889	8.7607424102908e-20	No	No
P07476	IVL	10.9349049953132	9.78556330096594e-26	No	No
P07478	PRSS2	5.65846958390616	1.879651078079e-16	No	No
P07585	DCN	7.01292951828571	6.813574797169549e-26	No	No
P07602	PSAP	4.79290935816217	7.37279730525968e-12	No	No
P07686	HEXB	4.11592078396463	1.89595184445838e-06	No	No
P07737	PFN1	3.93484609311058	1.45516425890178e-16	No	No
P07741	APRT	5.65720702444212	3.89255280646406e-16	No	No
P07814	EPRS1	9.01028151634572	4.48063975717776e-29	No	No
P07858	CTSB	5.48984054845915	5.869841000955329e-11	No	No
P07900	HSP90AA1	6.26721710681608	2.0108111431993399e-16	No	No
P07910	HNRNPC	5.46466850985037	2.6783346985595596e-11	No	No
P07911	UMOD	6.04729434787517	5.01895947676569e-07	No	No
P07942	LAMB1	6.05730157830415	3.0208453974412e-13	No	No
P07947	YES1	7.80627167959705	1.46764872269432e-23	No	No
P07948	LYN	12.3779143565742	2.66205952562576e-34	No	No
P07954	FH	7.72641654799944	3.1771895910081398e-18	No	No
P07988	SFTPB	2.43196105630321	0.000554702502287	No	No
P07996	THBS1	5.56346110380239	4.78966683145637e-23	No	No
P08069	IGF1R	2.40624685031696	0.0038340292263588	No	No
P08133	ANXA6	7.83582418308846	5.12339122014601e-13	No	No
P08174	CD55	3.03045725375567	0.000139959722187	No	No
P08236	GUSB	6.73723463210639	4.40000975059245e-17	No	No
P08237	PFKM	7.62926716473051	4.7218448018688196e-11	No	No
P08238	HSP90AB1	7.90978633722429	5.65833205976349e-19	No	No
P08240	SRPRA	8.80368881513981	3.3809304739708803e-15	No	No
P08254	MMP3	5.15506797526453	1.53997542027152e-16	No	No
P08294	SOD3	6.22839913837435	1.74083821306321e-22	No	No
P08311	CTSG	6.01313418399388	2.6393041329161402e-09	No	No
P08319	ADH4	5.95262077381772	8.34816311985929e-10	No	No
P08397	HMBS	2.77312371584114	0.0040248044791927	No	No
P08476	INHBA	4.08057700628322	4.7911482851925696e-11	No	No
P08514	ITGA2B	6.47350726972858	4.93768254559659e-19	No	No
P08559	PDHA1	9.8782089785902	4.04651926205509e-25	No	No
P08567	PLEK	5.78494278087688	5.9849121640375905e-15	No	No
P08574	CYC1	9.95031198501824	7.03091721967495e-29	No	No
P08575	PTPRC	7.11236753894275	5.88678039495659e-24	No	No
P08631	HCK	5.20794433390137	1.1623300774566799e-11	No	No
P08648	ITGA5	7.23654732714799	1.84784326856686e-17	No	No
P08670	VIM	7.74438080518593	2.5171636288300602e-23	No	No
P08709	F7	6.55927871470151	9.65408925670765e-23	No	No
P08754	GNAI3	7.7859257515876	2.16338543423351e-29	No	No
P08758	ANXA5	4.29593271010076	1.82553373029128e-10	No	No
P08833	IGFBP1	5.28722816496523	1.31514357747062e-18	No	No
P08861	CELA3B	3.88760517264328	2.41689967769001e-15	No	No
P08865	RPSA	6.90424143956205	1.47008880793518e-14	No	No
P08887	IL6R	4.66370155287608	3.11941987414398e-17	No	No
P08913	ADRA2A	2.17129670968089	7.70035600804195e-05	No	No
P08962	CD63	6.23672355356766	2.8850594946255e-22	No	No
P09104	ENO2	9.69057698370546	1.20558428974394e-21	No	No
P09110	ACAA1	8.24905822580048	2.72754371379806e-23	No	No
P09327	VIL1	7.53294243824367	9.27422467022858e-10	No	No
P09382	LGALS1	3.34079135267226	1.29606804522228e-07	No	No
P09417	QDPR	9.710535757988	8.928168684483031e-17	No	No
P09429	HMGB1	2.26040502191807	4.02868249365684e-05	No	No
P09466	PAEP	5.29828727465073	6.00714223048115e-10	No	No
P09486	SPARC	6.30495762453274	1.2196907947781299e-22	No	No
P09493	TPM1	7.06413698823346	5.21775429943047e-15	No	No
P09496	CLTA	6.58636852057333	8.716761905388281e-23	No	No
P09497	CLTB	8.90428791346246	5.2755697033718995e-27	No	No
P09525	ANXA4	5.49030705987997	7.387579078064729e-12	No	No
P09543	CNP	10.53275689153	5.27592562098553e-35	No	No
P09603	CSF1	8.0596960595747	9.75643620818789e-14	No	No
P09619	PDGFRB	8.17507198252725	2.34912372766675e-30	No	No
P09622	DLD	7.21966621294434	1.31381576276835e-19	No	No
P09668	CTSH	3.85361028594986	6.96886421129084e-11	No	No
P09669	COX6C	8.3881233732763	1.9295289673426898e-26	No	No
P09769	FGR	8.10036534825215	1.2987208442705299e-11	No	No
P09871	C1S	5.35737338487586	3.27863780286915e-21	No	No
P09958	FURIN	4.60538873447509	1.27380090026636e-08	No	No
P09972	ALDOC	4.67065962337797	0.0058983044044558	No	No
P0C0L4	C4A	4.22975489316043	6.783889204229161e-15	No	No
P0C0L5	C4B	4.27654434718758	4.697780808565931e-15	No	No
P0C7M8	CLEC2L	5.5774798114253	3.09420720031081e-20	No	No
P0C7P3	SLFN14	9.03114459718795	5.73743607917639e-29	No	No
P0DMQ5	INAFM2	3.63933744497872	8.14431929883871e-13	No	No
P10114	RAP2A	3.85376510435327	3.23963898942134e-13	No	No
P10124	SRGN	5.38650734015294	2.76542833494538e-17	No	No
P10155	RO60	6.25546550035818	7.860403700550251e-19	No	No
P10253	GAA	4.85852764217296	1.03091073872154e-16	No	No
P10301	RRAS	9.35291692079518	6.897865173196511e-25	No	No
P10321	HLA-C	14.685863391092	3.0003100316789802e-24	No	No
P10398	ARAF	7.46602254162962	3.86214352300948e-14	No	No
P10451	SPP1	6.91290019794507	1.84473921327206e-21	No	No
P10515	DLAT	10.3778192154701	1.35878955378947e-27	No	No
P10606	COX5B	6.08777451981007	3.85945674740812e-14	No	No
P10619	CTSA	6.1973328444541	1.53512535540337e-17	No	No
P10644	PRKAR1A	6.88000138228737	1.64832423486268e-24	No	No
P10645	CHGA	5.90694609550152	1.25249993277502e-17	No	No
P10646	TFPI	5.32766907813913	2.9994390341996597e-16	No	No
P10720	PF4V1	4.35074007644065	4.84099905986298e-12	No	No
P10746	UROS	2.42965949340066	0.0001839709373477	No	No
P10768	ESD	2.4495424235607	0.0002013504531681	No	No
P10809	HSPD1	7.85662329621767	6.98531853348165e-24	No	No
P10909	CLU	2.25979924533032	5.57157338602207e-08	No	No
P10915	HAPLN1	6.37125043748703	4.29382515479167e-16	No	No
P11021	HSPA5	5.63070816885048	8.004747460535541e-21	No	No
P11047	LAMC1	7.42247478910611	1.10332869250884e-19	No	No
P11049	CD37	6.24118459651364	1.78337400504842e-22	No	No
P11117	ACP2	6.94970755191657	2.32812900032547e-22	No	No
P11142	HSPA8	5.78907567811063	1.34972216163065e-14	No	No
P11150	LIPC	6.20010253408668	2.0058904113857101e-10	No	No
P11166	SLC2A1	5.06315543182443	4.13350760983235e-10	No	No
P11169	SLC2A3	6.54271370431088	6.70236308665491e-17	No	No
P11171	EPB41	8.50956707921567	2.79463337168006e-23	No	No
P11172	UMPS	6.92644386082024	1.37017354144478e-16	No	No
P11177	PDHB	11.4279434731351	9.07178541586771e-28	No	No
P11182	DBT	7.69943401009284	3.1139416955179e-13	No	No
P11215	ITGAM	3.61144885627228	0.0026311965717206	No	No
P11216	PYGB	6.28227371156945	4.853419223405499e-13	No	No
P11226	MBL2	4.55084328613418	1.40729365277225e-17	No	No
P11233	RALA	8.55547045849955	6.6068659522945895e-28	No	No
P11234	RALB	5.128960586354	9.48780871726841e-20	No	No
P11274	BCR	9.19253912384499	6.09518427505206e-33	No	No
P11277	SPTB	6.78369115498691	1.17168629531294e-20	No	No
P11279	LAMP1	2.70197191971272	3.244868913045e-09	No	No
P11310	ACADM	9.97561795705027	1.85059195800916e-27	No	No
P11362	FGFR1	10.3692753556147	8.0909977773435505e-25	No	No
P11413	G6PD	5.12389231672593	3.67668160071459e-13	No	No
P11441	UBL4A	7.87960992960515	2.14711243448907e-22	No	No
P11586	MTHFD1	7.2291913050256	2.97080164761843e-08	No	No
P11766	ADH5	5.85660536666386	1.0351443693367101e-17	No	No
P11908	PRPS2	6.61028869997397	2.2574666775510602e-24	No	No
P11940	PABPC1	6.96859517093602	1.02953489242143e-23	No	No
P12004	PCNA	3.67010157454173	9.095444593699591e-09	No	No
P12074	COX6A1	7.05105812555271	8.47633512498261e-25	No	No
P12081	HARS1	7.3333903391159	1.1641136414830201e-10	No	No
P12110	COL6A2	6.0174081690127	4.7298916252072803e-17	No	No
P12236	SLC25A6	7.38531532374528	3.1686516333486703e-23	No	No
P12259	F5	4.67025965300763	9.53716181237226e-18	No	No
P12268	IMPDH2	7.25973852576619	5.61950910001879e-13	No	No
P12273	PIP	3.14827810449447	6.62836796015078e-06	No	No
P12277	CKB	3.26469189909002	3.39295544480394e-06	No	No
P12318	FCGR2A	4.13171382598385	8.145673590676259e-11	No	No
P12429	ANXA3	5.19995813801487	1.81183033383616e-12	No	No
P12532	CKMT1B	2.97423655592184	6.68300800140389e-05	No	No
P12814	ACTN1	6.59992879833241	1.07145012772008e-18	No	No
P12829	MYL4	3.11157691516253	9.432431197877411e-09	No	No
P12830	CDH1	6.81177223462223	4.2261194750126804e-24	No	No
P12883	MYH7	5.56950304150391	1.85711275802346e-18	No	No
P12931	SRC	6.22887707870453	1.2824102936356601e-15	No	No
P12956	XRCC6	5.74424334015633	4.57897526090994e-09	No	No
P13010	XRCC5	5.70606585326183	3.2597637577120405e-09	No	No
P13073	COX4I1	7.05924744292859	7.89290350521722e-26	No	No
P13224	GP1BB	5.23924033106472	1.45853156290088e-09	No	No
P13284	IFI30	2.44031401463393	0.0002028017202801	No	No
P13489	RNH1	4.89869256676455	4.59924357106078e-14	No	No
P13497	BMP1	5.87560704769922	2.4088226738701203e-20	No	No
P13501	CCL5	3.66610934423965	4.00764034305816e-14	No	No
P13521	SCG2	4.20056354915337	7.354950343379491e-15	No	No
P13591	NCAM1	6.37614308078821	4.07058541622403e-21	No	No
P13598	ICAM2	3.69926789155112	2.00672213383924e-12	No	No
P13611	VCAN	6.6277157632505	5.60622476795896e-17	No	No
P13612	ITGA4	5.36748816125217	6.67909254076618e-13	No	No
P13639	EEF2	4.06229347630832	1.76728888233875e-07	No	No
P13667	PDIA4	7.49365207455843	4.6874519875749304e-24	No	No
P13674	P4HA1	7.05829204778839	5.19630145002252e-25	No	No
P13693	TPT1	4.99075407828855	1.664688332583e-15	No	No
P13716	ALAD	5.19858252256838	1.53336178703305e-13	No	No
P13727	PRG2	5.14913073238154	7.57478387485262e-18	No	No
P13747	HLA-E	7.63562226804767	5.51279720872769e-23	No	No
P13796	LCP1	3.85363137004753	1.6473227732712e-14	No	No
P13797	PLS3	4.89879985673385	3.02581362151714e-13	No	No
P13798	APEH	9.17803706760878	2.09534932667711e-25	No	No
P13804	ETFA	9.17839425931694	4.02758865152302e-26	No	No
P13807	GYS1	7.21347450620251	1.4806836631315102e-19	No	No
P13861	PRKAR2A	9.53197406978147	1.2857362113952999e-29	No	No
P13929	ENO3	6.14936609193023	5.0551299242840695e-11	No	No
P13942	COL11A2	5.33891393759654	1.11293115815584e-13	No	No
P13987	CD59	5.33957633748137	9.96467679203351e-12	No	No
P14151	SELL	2.10101811101219	9.84916755669607e-07	No	No
P14174	MIF	9.2637880995145	1.76755598982738e-17	No	No
P14209	CD99	4.41347836297955	4.74040979313416e-10	No	No
P14314	PRKCSH	7.52417283711655	2.37348493327252e-19	No	No
P14317	HCLS1	7.72474149954217	9.78850281728706e-26	No	No
P14406	COX7A2	8.81865394661934	1.3104762151058301e-25	No	No
P14543	NID1	6.69050633962546	9.48584732560172e-22	No	No
P14550	AKR1A1	4.337065795945	0.0002139420855102	No	No
P14618	PKM	4.71792661530503	1.07209351491848e-15	No	No
P14621	ACYP2	3.20597440360723	4.48392530540191e-12	No	No
P14625	HSP90B1	6.36450590744096	8.84871901468393e-22	No	No
P14649	MYL6B	5.00960474545342	2.86081016306315e-19	No	No
P14735	IDE	7.05647391671451	1.95703040852553e-09	No	No
P14770	GP9	7.47367395656002	9.529694410518951e-24	No	No
P14778	IL1R1	7.11842537721333	1.2962391332051e-21	No	No
P14780	MMP9	3.368958872967	1.63272119994577e-06	No	No
P14854	COX6B1	7.5363117926429	6.447150439763551e-14	No	No
P14868	DARS1	7.03346122401981	4.6756123718873604e-20	No	No
P14927	UQCRB	9.07761847459481	2.11506130798857e-21	No	No
P15121	AKR1B1	8.1372025902633	6.2283066199946e-14	No	No
P15153	RAC2	5.75840310604052	1.32968572284961e-09	No	No
P15169	CPN1	3.41940874966317	1.82708828578876e-11	No	No
P15170	GSPT1	8.47321352451663	2.2032412223403803e-25	No	No
P15289	ARSA	7.18731102069294	6.15614957481937e-21	No	No
P15291	B4GALT1	3.83860865969634	1.123924612937e-08	No	No
P15311	EZR	7.00393937416333	1.22709390881232e-07	No	No
P15374	UCHL3	7.7939597911218	8.50159131259139e-27	No	No
P15498	VAV1	10.1584689707743	2.33240388331403e-28	No	No
P15529	CD46	7.76369671091714	8.31693399125115e-28	No	No
P15531	NME1	5.93064540379386	2.06097554975475e-15	No	No
P15586	GNS	7.1242198388636	1.8597547630886202e-15	No	No
P15735	PHKG2	3.38236441445006	3.56685143766388e-12	No	No
P15880	RPS2	5.12543550844693	2.75338708087678e-12	No	No
P15941	MUC1	5.17122580624395	8.53619281531415e-09	No	No
P15954	COX7C	5.35154744575212	2.5081128481435902e-21	No	No
P16070	CD44	5.10793335371625	1.2498461134065e-11	No	No
P16109	SELP	5.56578549699095	8.1337161281886e-14	No	No
P16112	ACAN	5.27456560292135	5.29016262339261e-17	No	No
P16150	SPN	7.3392633593379	3.96173366185731e-29	No	No
P16152	CBR1	6.99396681501684	2.41577780712303e-17	No	No
P16157	ANK1	7.11862894764977	2.45997907786007e-23	No	No
P16219	ACADS	7.5617253126585	3.87631639498157e-15	No	No
P16234	PDGFRA	8.02792921527738	1.17178795935072e-28	No	No
P16278	GLB1	10.3838575946933	2.0625030315487298e-26	No	No
P16284	PECAM1	6.63610483303201	9.12821907530784e-20	No	No
P16298	PPP3CB	7.71714628706634	1.97441903664741e-18	No	No
P16333	NCK1	7.18376090466261	4.50545166943593e-17	No	No
P16435	POR	7.30781223531923	1.33420169291519e-16	No	No
P16452	EPB42	4.05978806449652	1.52474472981388e-08	No	No
P16591	FER	6.469873036677	2.52238746460501e-19	No	No
P16615	ATP2A2	8.08391033494685	2.71165427106963e-24	No	No
P16671	CD36	5.55534806975989	8.602340241306941e-14	No	No
P16870	CPE	10.3489698351323	1.5370070150439702e-14	No	No
P16871	IL7R	7.83114248377247	2.76952586218467e-26	No	No
P16885	PLCG2	10.485047546324	4.08044028048794e-24	No	No
P16949	STMN1	3.49315461158224	0.0003560096569048	No	No
P17050	NAGA	6.38155985817263	2.8097152759056198e-18	No	No
P17152	TMEM11	6.38586818989082	1.00509933069824e-18	No	No
P17252	PRKCA	5.15813872563755	1.0484262841793901e-17	No	No
P17301	ITGA2	6.42422525783667	2.0440460505454499e-16	No	No
P17612	PRKACA	8.70869251380945	5.26683065612412e-28	No	No
P17655	CAPN2	12.0761709691409	6.44777345117099e-33	No	No
P17812	CTPS1	8.14434794044418	2.64578510087255e-20	No	No
P17813	ENG	3.02113409264037	9.12549942625627e-06	No	No
P17844	DDX5	2.6616810121129	0.0034692152297503	No	No
P17858	PFKL	5.10766438191189	3.9431938673048303e-10	No	No
P17931	LGALS3	2.96330197782832	0.0001838386382654	No	No
P17980	PSMC3	8.81970369566455	2.56000819775431e-27	No	No
P17987	TCP1	9.59731449801496	3.6753876705763904e-19	No	No
P18031	PTPN1	7.98683673958018	6.20488539153332e-22	No	No
P18054	ALOX12	6.1566380661727	6.18927549332616e-17	No	No
P18077	RPL35A	4.52850413488591	3.45615770106423e-05	No	No
P18084	ITGB5	9.96853869880196	2.73317565160017e-26	No	No
P18085	ARF4	5.18552905609294	4.0752922636588897e-16	No	No
P18124	RPL7	2.92641597452325	0.0039090932666859	No	No
P18206	VCL	4.18995993337344	1.05252832252972e-15	No	No
P18428	LBP	2.96084965587409	5.75124382395454e-08	No	No
P18433	PTPRA	9.59013379988042	6.90027589891405e-25	No	No
P18440	NAT1	4.84798006969915	2.6045093856457497e-18	No	No
P18621	RPL17	2.99542965761561	0.000658120708211	No	No
P18669	PGAM1	6.10726218668369	2.55265283132774e-08	No	No
P18827	SDC1	9.70108888736334	1.31410390933024e-37	No	No
P18859	ATP5PF	10.3564680393481	9.28233747500228e-27	No	No
P19021	PAM	5.37174775833055	2.65705346587789e-18	No	No
P19022	CDH2	3.23913967714695	5.04238516465913e-08	No	No
P19086	GNAZ	9.13092445530362	5.10930595123023e-29	No	No
P19256	CD58	2.13520496499544	0.0001416959076987	No	No
P19320	VCAM1	2.79721969201152	5.27303933316123e-10	No	No
P19338	NCL	7.45377414535827	1.82279773104377e-18	No	No
P19367	HK1	5.93450046381029	5.96639557289756e-18	No	No
P19397	CD53	6.61612741181867	1.98365985083325e-17	No	No
P19404	NDUFV2	9.05768071572302	8.21208785106058e-32	No	No
P19440	GGT1	3.4697192064751	2.05426978054898e-07	No	No
P19474	TRIM21	6.97354931705947	3.8146152456832503e-19	No	No
P19525	EIF2AK2	9.24843884266962	8.59419469753485e-22	No	No
P19623	SRM	3.7319053667902	9.661436975762331e-09	No	No
P19634	SLC9A1	10.040831570587	3.22089861073067e-30	No	No
P19784	CSNK2A2	4.93675629723037	1.8833725530800497e-18	No	No
P19823	ITIH2	4.63757881775224	8.228914455439399e-19	No	No
P19827	ITIH1	4.98405364598438	5.6672328702884e-23	No	No
P19838	NFKB1	6.76703558953198	2.64157621076484e-12	No	No
P19883	FST	5.59957723139096	6.9561611467939206e-15	No	No
P19971	TYMP	4.38715847540179	6.759962065191869e-11	No	No
P20020	ATP2B1	7.73021589836826	4.00829175611572e-10	No	No
P20036	HLA-DPA1	3.98831389571752	2.14928364002415e-14	No	No
P20042	EIF2S2	6.54144953445713	5.376897014608991e-09	No	No
P20073	ANXA7	4.36659177063634	7.09428823554889e-08	No	No
P20142	PGC	5.6781744690823	5.33145002145197e-19	No	No
P20290	BTF3	3.9607418312131	0.004325769407179	No	No
P20336	RAB3A	2.95729447406538	1.33296282803496e-10	No	No
P20338	RAB4A	10.1839536485311	3.7438601579599996e-29	No	No
P20339	RAB5A	7.69896808280164	1.18551358636396e-24	No	No
P20340	RAB6A	10.3721943690812	3.982191139425441e-31	No	No
P20618	PSMB1	7.69580330589237	3.0339262310481603e-25	No	No
P20645	M6PR	9.03743358491474	4.62601887159404e-28	No	No
P20674	COX5A	8.24713146279018	1.86496842045645e-27	No	No
P20700	LMNB1	4.10985262194495	2.1479418318789702e-17	No	No
P20701	ITGAL	5.38445358413764	7.30906200960453e-12	No	No
P20774	OGN	5.26130270007431	2.20169495039888e-19	No	No
P20810	CAST	8.64006527563595	8.1317539476968e-28	No	No
P20851	C4BPB	5.59330591591443	2.52663548867363e-18	No	No
P20908	COL5A1	7.80120589008414	3.4107907538191503e-23	No	No
P20936	RASA1	8.42843670858792	1.8358185084463402e-19	No	No
P20962	PTMS	4.46023442850365	1.72236627633071e-16	No	No
P20963	CD247	2.43812031463943	0.0017496013381391	No	No
P21266	GSTM3	7.89823129085559	2.31487471238502e-19	No	No
P21281	ATP6V1B2	7.29361714976898	1.6181215268020501e-24	No	No
P21283	ATP6V1C1	7.89202336413971	2.3424465653635402e-21	No	No
P21291	CSRP1	4.89873049832714	1.21585601690764e-19	No	No
P21333	FLNA	6.4311705380464	3.2693941694907003e-22	No	No
P21359	NF1	4.0294553753341	2.9522070847295403e-09	No	No
P21399	ACO1	4.78215784653956	4.01310817383232e-07	No	No
P21583	KITLG	2.42688099642425	0.0013893867618541	No	No
P21589	NT5E	3.01955583779097	6.09180985839176e-06	No	No
P21731	TBXA2R	7.2555797357226	6.568397212544461e-23	No	No
P21796	VDAC1	8.98124181891022	5.12789100649962e-23	No	No
P21802	FGFR2	9.67441597151644	1.3545051299725699e-12	No	No
P21810	BGN	5.70728998934751	9.66384076115092e-15	No	No
P21912	SDHB	9.58247940396993	1.37362766357904e-30	No	No
P21926	CD9	5.54417805796635	2.27397943370974e-19	No	No
P21964	COMT	8.33722798284718	4.1408167182712903e-19	No	No
P21980	TGM2	7.84855582567866	9.248520005265081e-17	No	No
P22001	KCNA3	5.94669113762309	2.29413720750217e-22	No	No
P22003	BMP5	3.03096507536021	4.77646783072458e-07	No	No
P22033	MMUT	6.2897563418934	3.7177242487197204e-20	No	No
P22059	OSBP	8.99557880219584	4.60342895365482e-21	No	No
P22061	PCMT1	5.31513480184644	1.34256958149385e-13	No	No
P22102	GART	9.33807592591037	1.54214665460536e-20	No	No
P22105	TNXB	4.30658617062292	4.68519721337154e-16	No	No
P22223	CDH3	10.3938219613014	1.0212471007540701e-25	No	No
P22234	PAICS	8.06120088943615	4.00540968203789e-24	No	No
P22304	IDS	8.56183404238576	2.33742499250607e-21	No	No
P22307	SCP2	7.35262658199221	5.97198841140465e-20	No	No
P22314	UBA1	5.97214558429415	1.2496250689882698e-11	No	No
P22352	GPX3	2.30735294258881	5.03576442056724e-07	No	No
P22392	NME2	6.99436855590713	1.5292091890732001e-24	No	No
P22455	FGFR4	2.80517454976426	9.33234116618816e-05	No	No
P22466	GAL	3.94650238514839	5.68144409211531e-08	No	No
P22570	FDXR	7.77119720838364	8.827710176550139e-18	No	No
P22607	FGFR3	7.26250362255923	5.54194477869911e-11	No	No
P22626	HNRNPA2B1	6.73231215405414	7.843178583392509e-11	No	No
P22681	CBL	7.37681558188991	1.8759824778398602e-17	No	No
P22694	PRKACB	6.13600876090264	1.47959950974414e-16	No	No
P22695	UQCRC2	7.74110695512715	5.76742081156253e-25	No	No
P22748	CA4	4.68237732984749	6.48731390326043e-05	No	No
P22792	CPN2	4.1400347658011	7.63508472178325e-18	No	No
P22830	FECH	6.86760651160967	1.78068795378134e-22	No	No
P22891	PROZ	6.60643395010869	3.08666908971691e-24	No	No
P23141	CES1	4.3872808495746	1.7893777895489702e-09	No	No
P23142	FBLN1	5.77513934052004	1.33226756420574e-22	No	No
P23219	PTGS1	7.11655837621237	8.76740957302031e-20	No	No
P23229	ITGA6	8.45172212952238	3.88864269396808e-20	No	No
P23246	SFPQ	3.88887512042276	7.45992990363298e-06	No	No
P23258	TUBG1	5.9765451486636	1.6679866644945398e-22	No	No
P23284	PPIB	3.98618846782038	8.526335212033209e-11	No	No
P23327	HRC	4.1322184039259	1.03074250253849e-11	No	No
P23368	ME2	12.4915076931808	4.04679028468134e-37	No	No
P23381	WARS1	3.44536197470301	6.430565647529481e-09	No	No
P23396	RPS3	6.54276361507836	1.20892317266993e-15	No	No
P23435	CBLN1	9.16242330263719	3.07073902761257e-32	No	No
P23443	RPS6KB1	2.95681299109035	7.64831862476989e-07	No	No
P23458	JAK1	7.94379979601579	3.0394750589768304e-15	No	No
P23467	PTPRB	6.58371354434354	2.16745571007106e-08	No	No
P23470	PTPRG	5.21382076893266	8.580520105528851e-19	No	No
P23471	PTPRZ1	6.08163052145956	1.29470294067453e-15	No	No
P23526	AHCY	5.9622096185719	6.20557878843845e-14	No	No
P23528	CFL1	3.48071935979515	5.14116155244256e-07	No	No
P23588	EIF4B	6.50600788024516	4.69061604562528e-18	No	No
P23610	F8A3	6.60699131862959	3.17778917993096e-17	No	No
P23743	DGKA	6.06505024423426	6.16540234745208e-16	No	No
P23786	CPT2	9.11847964740088	6.111063566332881e-25	No	No
P23919	DTYMK	9.16353699911476	5.26767767379732e-15	No	No
P24043	LAMA2	7.31853612832256	1.92728658520499e-18	No	No
P24158	PRTN3	3.07247042780401	0.0008371941333663	No	No
P24386	CHM	3.57038194579416	4.509180889692021e-09	No	No
P24534	EEF1B2	7.52813381378122	3.35803383563035e-17	No	No
P24539	ATP5PB	11.7986961425175	5.56841439017036e-31	No	No
P24557	TBXAS1	8.13436333165238	3.92414544313614e-24	No	No
P24666	ACP1	5.29157717258575	9.70809967120449e-14	No	No
P24752	ACAT1	9.94115290164057	5.7561602328662e-27	No	No
P24821	TNC	5.24213098907234	3.6268296810422605e-20	No	No
P24844	MYL9	6.51121325403752	4.98023376018282e-23	No	No
P24855	DNASE1	9.11941731580008	3.67436903116276e-19	No	No
P24941	CDK2	2.22063073336218	2.44713141342326e-06	No	No
P25098	GRK2	6.43025066069271	8.678736351734759e-11	No	No
P25116	F2R	6.88871775392313	3.72041977866942e-13	No	No
P25325	MPST	6.00556370222163	1.03494816632118e-05	No	No
P25391	LAMA1	3.60973461496204	7.12722817894234e-13	No	No
P25398	RPS12	3.67144679163927	1.5015851835916e-08	No	No
P25685	DNAJB1	7.28783213260864	5.67598216324523e-19	No	No
P25686	DNAJB2	6.65932456926038	2.17468527438408e-18	No	No
P25705	ATP5F1A	7.05313804180748	1.08191418696281e-11	No	No
P25774	CTSS	4.24729273428783	1.1038966960012499e-11	No	No
P25786	PSMA1	6.8722505540453	3.08965931346402e-24	No	No
P25787	PSMA2	7.06789548120416	2.42357820800551e-22	No	No
P25788	PSMA3	6.32978632140094	8.991094205373831e-21	No	No
P25789	PSMA4	7.4275457133684	4.32934221431096e-18	No	No
P25963	NFKBIA	2.93294856099928	2.0627200496732e-08	No	No
P26022	PTX3	7.81330372571936	4.66004650122093e-21	No	No
P26038	MSN	3.62974417263716	5.30364561082429e-10	No	No
P26196	DDX6	9.0428316813517	2.75435395428176e-12	No	No
P26232	CTNNA2	4.44855802668757	1.7326328006183699e-16	No	No
P26373	RPL13	3.63555239718482	0.0058999292780796	No	No
P26440	IVD	11.9658876104993	4.680037429722871e-19	No	No
P26447	S100A4	4.50529903982491	1.3566871879627401e-14	No	No
P26572	MGAT1	2.54948466389928	3.26025281951134e-06	No	No
P26583	HMGB2	4.99040852477251	7.202813233312529e-18	No	No
P26599	PTBP1	7.10602877962336	1.7168115116135802e-15	No	No
P26639	TARS1	5.70273872198532	2.84328609145603e-15	No	No
P26640	VARS1	9.02808272467275	8.76502843131059e-23	No	No
P26641	EEF1G	6.91517611505661	1.72894933567807e-17	No	No
P26885	FKBP2	6.04244068224696	5.752298003662661e-20	No	No
P27105	STOM	6.20452063862137	2.9247747046097604e-20	No	No
P27169	PON1	3.88763647353104	5.1741535953434e-16	No	No
P27338	MAOB	7.49415867070831	5.335007780198541e-25	No	No
P27348	YWHAQ	5.8523981101268	1.0098805204712e-21	No	No
P27448	MARK3	3.63363869885437	3.19221668254467e-05	No	No
P27449	ATP6V0C	10.2880622112642	1.9298931435802003e-32	No	No
P27694	RPA1	3.09278819456221	0.0015438696085587	No	No
P27701	CD82	8.68153722794631	4.72361956111298e-28	No	No
P27707	DCK	5.03643209391621	1.50446058829891e-09	No	No
P27708	CAD	9.85066226330885	2.3968025298164603e-25	No	No
P27797	CALR	6.79385276290849	1.59068940848161e-22	No	No
P27816	MAP4	7.94272799030793	2.45088363606595e-19	No	No
P27824	CANX	7.70004922826002	2.02061366433381e-20	No	No
P27986	PIK3R1	9.14749559180304	5.10454612090033e-16	No	No
P27987	ITPKB	9.18774440676272	3.2353267061099398e-22	No	No
P28062	PSMB8	8.63859799622776	1.05814861881048e-27	No	No
P28065	PSMB9	8.11782088100688	1.74420287752102e-27	No	No
P28066	PSMA5	8.00080825504173	4.55222854676249e-18	No	No
P28070	PSMB4	7.34803351421076	8.11658978701833e-23	No	No
P28072	PSMB6	5.33505332428062	2.42725195049314e-21	No	No
P28074	PSMB5	7.23133500381647	4.94376006767602e-26	No	No
P28161	GSTM2	7.66779279210054	2.17167235862178e-23	No	No
P28288	ABCD3	6.27732880147271	5.8126834956477594e-11	No	No
P28289	TMOD1	2.3665870760131	0.0002804035393259	No	No
P28290	ITPRID2	6.81545107338712	2.91999328346051e-13	No	No
P28331	NDUFS1	11.3187951664725	2.08201350989737e-27	No	No
P28482	MAPK1	6.89934097087788	1.20847973864405e-17	No	No
P28676	GCA	7.20803599534554	3.27321242001325e-07	No	No
P28838	LAP3	7.71193563722356	4.491084675981081e-15	No	No
P28845	HSD11B1	6.30132858266373	4.57081507327135e-12	No	No
P28906	CD34	9.37798389981148	1.03363094557387e-27	No	No
P28907	CD38	4.4651067914642	2.26722319354525e-10	No	No
P29122	PCSK6	6.14293155865552	5.80362498293952e-20	No	No
P29144	TPP2	8.30834631035687	4.51639025674354e-25	No	No
P29218	IMPA1	5.87996856904111	2.7678697635328e-19	No	No
P29279	CCN2	7.13735381696957	3.21754382029265e-20	No	No
P29350	PTPN6	5.47962202580605	4.3541982768403205e-14	No	No
P29353	SHC1	5.54486174860935	2.0172739078395302e-14	No	No
P29401	TKT	2.90263911367776	2.36262473608779e-05	No	No
P29597	TYK2	2.32922082498373	5.94716401016688e-06	No	No
P29692	EEF1D	7.47752376248018	6.59292817255792e-24	No	No
P29965	CD40LG	7.33660993727278	3.7382210981603e-20	No	No
P29966	MARCKS	4.35753299589763	1.84001615916491e-12	No	No
P29972	AQP1	2.22036648801153	3.4558829404677e-06	No	No
P29992	GNA11	3.5175285730053	4.36424622546999e-06	No	No
P30038	ALDH4A1	8.02460191203389	3.4149065924724903e-20	No	No
P30040	ERP29	5.2198485536533	1.16392703769411e-10	No	No
P30041	PRDX6	4.85549327561399	5.00950568234981e-16	No	No
P30044	PRDX5	7.41211963574693	5.18896439794288e-16	No	No
P30048	PRDX3	7.89996035148545	2.59846665825955e-21	No	No
P30049	ATP5F1D	5.47667539094594	5.372270985406e-15	No	No
P30050	RPL12	5.36758252821769	1.55892606914408e-14	No	No
P30084	ECHS1	10.4274796428443	5.03501947205848e-28	No	No
P30085	CMPK1	5.92282308360446	2.3869022781899602e-14	No	No
P30086	PEBP1	3.37710657704794	2.24142200798565e-05	No	No
P30101	PDIA3	5.6002601283632	3.23638874142331e-20	No	No
P30153	PPP2R1A	7.05742870483819	8.26575291123341e-12	No	No
P30273	FCER1G	4.80567687010744	1.6735111549209002e-16	No	No
P30405	PPIF	11.2912074071686	1.38787714927881e-32	No	No
P30419	NMT1	5.53002622400325	8.95165268581476e-10	No	No
P30519	HMOX2	5.07694199340948	1.46437965499548e-17	No	No
P30520	ADSS2	4.60852256461169	2.10865842609101e-13	No	No
P30530	AXL	5.97887564254847	4.45606534219695e-16	No	No
P30536	TSPO	4.23358370025091	4.36470406218027e-13	No	No
P30566	ADSL	7.70439963655377	1.16167123288762e-21	No	No
P30622	CLIP1	9.9203552746964	6.58457286157098e-30	No	No
P30626	SRI	4.74991426069195	8.30970351067709e-13	No	No
P30740	SERPINB1	4.6449988924057	5.79215139290848e-14	No	No
P30825	SLC7A1	3.76262395125797	3.77285949044434e-12	No	No
P30837	ALDH1B1	3.83865242783203	1.3747283457286798e-12	No	No
P30990	NTS	8.4259357829543	3.5217803498466e-25	No	No
P31040	SDHA	10.1057131514483	1.49752806239612e-32	No	No
P31146	CORO1A	4.66280258469827	4.249121135026281e-15	No	No
P31150	GDI1	5.20140177528811	2.5300520159980003e-16	No	No
P31151	S100A7	3.3070716127224	5.52745581263643e-06	No	No
P31153	MAT2A	5.46264592312031	9.0506986100187e-12	No	No
P31321	PRKAR1B	5.17001328770031	6.459679657055451e-19	No	No
P31323	PRKAR2B	7.492033620588	2.5904958389993902e-25	No	No
P31431	SDC4	6.88568903124368	4.3697288687012595e-18	No	No
P31641	SLC6A6	7.56216237886287	8.12210296329041e-28	No	No
P31645	SLC6A4	6.37065329075624	1.67110307408024e-21	No	No
P31689	DNAJA1	9.10207015001092	3.27530366911542e-23	No	No
P31749	AKT1	7.15953150508514	2.88878572701484e-19	No	No
P31751	AKT2	7.80937775399956	1.48656298935239e-18	No	No
P31930	UQCRC1	9.55089250198857	7.065667664621399e-30	No	No
P31937	HIBADH	8.59420041862148	4.1587799211840704e-23	No	No
P31939	ATIC	6.74357651635135	1.8866496957330403e-09	No	No
P31942	HNRNPH3	3.20925689318022	0.0020842331916612	No	No
P31946	YWHAB	6.31511846485945	3.02208279744205e-16	No	No
P31947	SFN	2.50504545225936	0.0002085400750866	No	No
P31948	STIP1	4.82808238538898	4.04436362936244e-10	No	No
P31949	S100A11	3.40263485529017	1.15329700403043e-11	No	No
P32004	L1CAM	5.07150749281138	1.917815403679e-11	No	No
P32019	INPP5B	8.15844385010959	1.5910855681367401e-21	No	No
P32121	ARRB2	3.45648528327514	2.2910082893248398e-11	No	No
P32321	DCTD	5.94038587701325	7.68657732927649e-20	No	No
P32942	ICAM3	2.30681424526535	0.0082918725458632	No	No
P33121	ACSL1	8.72450872542646	4.97767575792038e-20	No	No
P33176	KIF5B	11.5494775352334	8.097701934828289e-30	No	No
P33241	LSP1	4.80746521146052	3.72792694754203e-18	No	No
P33316	DUT	4.86388536346856	1.90713097810972e-08	No	No
P33527	ABCC1	7.94066934603871	2.7527191093898e-20	No	No
P33897	ABCD1	4.90547860264191	1.03428730385706e-14	No	No
P33992	MCM5	4.01148905743235	3.8557166335357e-07	No	No
P34810	CD68	2.84235425778861	1.8658738821050401e-10	No	No
P34896	SHMT1	6.1429601322954	3.45716850580597e-16	No	No
P34897	SHMT2	7.65283601865055	4.0205275144980005e-17	No	No
P34913	EPHX2	8.84875180039113	1.7332331129033599e-12	No	No
P34932	HSPA4	8.03446060910983	5.746321557519571e-19	No	No
P34947	GRK5	5.61319446743152	4.31715113620395e-07	No	No
P34949	MPI	6.09382070361016	4.9504767665255494e-12	No	No
P35030	PRSS3	2.22839125615195	8.437067623713e-05	No	No
P35052	GPC1	6.67130303009474	1.75971331755438e-16	No	No
P35221	CTNNA1	5.24871577862164	6.79582415226423e-13	No	No
P35222	CTNNB1	11.0467262593737	4.00306358795993e-07	No	No
P35232	PHB	8.64260194381789	2.01068030055265e-20	No	No
P35236	PTPN7	6.53916799568214	1.72435531929266e-14	No	No
P35237	SERPINB6	5.89129344219619	1.39823890728484e-14	No	No
P35241	RDX	6.59501141575516	9.63270698421945e-13	No	No
P35244	RPA3	6.7855332745264	5.70864231941322e-22	No	No
P35268	RPL22	4.26276068409844	8.29527181739184e-10	No	No
P35270	SPR	3.86034596369509	2.66615539573828e-10	No	No
P35442	THBS2	11.9348140991035	6.544974874436999e-36	No	No
P35443	THBS4	5.18935131513186	3.37201369084156e-16	No	No
P35555	FBN1	4.89063868739717	3.7493964334691e-07	No	No
P35573	AGL	5.1685593619659	1.1204177019488701e-14	No	No
P35579	MYH9	6.54101895228688	2.2147834755564001e-16	No	No
P35580	MYH10	5.56767410292186	1.90491950961354e-16	No	No
P35606	COPB2	12.2908376919426	1.91249327485188e-37	No	No
P35609	ACTN2	4.42724083271173	5.09185043359589e-10	No	No
P35611	ADD1	7.63542266513952	7.91128657356574e-27	No	No
P35612	ADD2	4.71306785389855	1.9035737184675e-13	No	No
P35613	BSG	4.62397729047388	6.00854685386076e-09	No	No
P35625	TIMP3	4.37364369577756	1.41601050065685e-11	No	No
P35658	NUP214	6.419180411474	2.31226079517922e-08	No	No
P35754	GLRX	2.15105099464903	6.31947752817187e-06	No	No
P35813	PPM1A	10.6656757341036	1.6332358798381602e-31	No	No
P35914	HMGCL	9.19021354381195	9.26745743673463e-27	No	No
P35916	FLT4	6.51747811575315	5.023023613596949e-22	No	No
P35998	PSMC2	8.69177021086202	1.2110433775958e-25	No	No
P36404	ARL2	6.33622188811082	1.2040272972963401e-21	No	No
P36405	ARL3	3.52745394185584	1.7115245218485501e-09	No	No
P36507	MAP2K2	7.04363517014895	6.33498208972472e-12	No	No
P36542	ATP5F1C	7.4546109251327	9.650434274198481e-25	No	No
P36543	ATP6V1E1	9.51335079434464	4.70649232759449e-29	No	No
P36551	CPOX	3.57090845365869	2.0730077011468003e-10	No	No
P36578	RPL4	5.86589157023005	5.70898347852701e-10	No	No
P36776	LONP1	7.631763351704	1.48345859738865e-16	No	No
P36871	PGM1	4.97283821340278	3.40215568148165e-07	No	No
P36873	PPP1CC	6.17724866150316	1.48385955214729e-21	No	No
P36915	GNL1	3.85447710145957	7.19556362830034e-10	No	No
P36957	DLST	10.9562169634416	4.3500599349446197e-29	No	No
P36959	GMPR	6.1425312257168	2.30495174931189e-13	No	No
P36969	GPX4	8.46848879749936	1.7674195864828802e-20	No	No
P37235	HPCAL1	4.35418080367697	8.93382278247904e-18	No	No
P37802	TAGLN2	2.82383653079405	1.36417763973244e-07	No	No
P37837	TALDO1	3.82196536850072	4.05832371415684e-08	No	No
P37840	SNCA	6.84993212460332	6.56227258811306e-22	No	No
P38117	ETFB	8.03609007857297	5.51051634968091e-22	No	No
P38159	RBMX	6.25100970345602	6.64457492020645e-09	No	No
P38571	LIPA	3.25673258671999	0.0045161447580142	No	No
P38606	ATP6V1A	6.37513254393476	1.292504407935e-15	No	No
P38646	HSPA9	8.47613385160233	1.5276831694937e-26	No	No
P38936	CDKN1A	4.69907713125197	1.5181710700121102e-17	No	No
P39019	RPS19	6.26226609192313	4.08775072415062e-07	No	No
P39023	RPL3	8.28136264382303	3.68470916056957e-07	No	No
P39059	COL15A1	6.46166018290213	7.601252429328119e-12	No	No
P39060	COL18A1	3.1788036365872	1.12496731824962e-05	No	No
P39656	DDOST	9.452941842521	2.86043174471895e-23	No	No
P39687	ANP32A	5.47635394240528	5.5572320895568804e-09	No	No
P39880	CUX1	4.33968720730508	3.11862918526365e-11	No	No
P40197	GP5	5.80921529289132	1.21585262303861e-17	No	No
P40200	CD96	2.89809689700278	9.94018274272712e-05	No	No
P40222	TXLNA	9.21453419033128	1.6485527431033902e-17	No	No
P40227	CCT6A	5.55175271162068	5.30504090346193e-21	No	No
P40238	MPL	5.97211825616015	4.80024808593745e-16	No	No
P40306	PSMB10	10.9178518846193	8.49946507067767e-28	No	No
P40616	ARL1	7.9450159641788	7.95620777131884e-21	No	No
P40763	STAT3	10.0640101472464	4.03206420808041e-24	No	No
P40818	USP8	4.62410283331562	4.6346004502728e-13	No	No
P40855	PEX19	4.61977377684058	6.52661447905662e-10	No	No
P40925	MDH1	3.40218694473717	7.62804869437122e-08	No	No
P40926	MDH2	8.65325168386335	7.42536491949865e-14	No	No
P40939	HADHA	12.8332708348616	1.2883463679757102e-31	No	No
P40967	PMEL	11.160729204919	4.84586959538539e-35	No	No
P41091	EIF2S3	8.20149622991591	3.25952193578904e-13	No	No
P41214	EIF2D	2.77392608322039	9.60223779346874e-10	No	No
P41226	UBA7	6.01324073816516	6.91791335282645e-12	No	No
P41227	NAA10	5.69065164454382	8.7848840637129e-08	No	No
P41236	PPP1R2	8.58186267685442	1.49456507654641e-29	No	No
P41240	CSK	6.58371640158115	1.1705266203238802e-15	No	No
P41250	GARS1	7.88724355636182	6.56491683828615e-26	No	No
P41252	IARS1	8.35653242445751	3.81321218506389e-19	No	No
P41743	PRKCI	2.47363165883648	5.80864455827139e-05	No	No
P42025	ACTR1B	8.86663839163128	1.79062094288879e-31	No	No
P42126	ECI1	3.89578890254315	3.82544796266749e-06	No	No
P42166	TMPO	4.8105794571352	4.45692324443472e-08	No	No
P42224	STAT1	9.53460644037794	2.14051716562646e-27	No	No
P42226	STAT6	9.32605745548314	3.83934243984353e-22	No	No
P42229	STAT5A	8.06762221254526	1.72629909440368e-11	No	No
P42331	ARHGAP25	8.98214178699534	2.40460536320234e-13	No	No
P42338	PIK3CB	7.31268835876304	3.4566472972088604e-21	No	No
P42345	MTOR	8.95533820653472	3.03241305363957e-13	No	No
P42356	PI4KA	10.2919964370791	3.1964911010277e-30	No	No
P42566	EPS15	11.4298272962652	4.6137887388755e-33	No	No
P42574	CASP3	8.52967045477163	1.3300043299848699e-28	No	No
P42680	TEC	7.51470394394279	1.2539134036476e-24	No	No
P42685	FRK	5.37633296821765	3.91973209378297e-19	No	No
P42704	LRPPRC	10.1713069991369	1.17392966385709e-24	No	No
P42765	ACAA2	8.10836099629497	2.29463827269692e-17	No	No
P42768	WAS	9.0745912770094	1.3408004419272099e-27	No	No
P42858	HTT	10.0776064890572	1.23884527028897e-27	No	No
P42892	ECE1	8.51851201781829	2.50076879319327e-27	No	No
P42898	MTHFR	9.3118202346895	3.4650856877684597e-28	No	No
P43034	PAFAH1B1	6.38886012558526	1.6067232559434901e-24	No	No
P43121	MCAM	2.47886577224708	1.4951590680927e-06	No	No
P43155	CRAT	7.231978519514	4.1999581127988e-21	No	No
P43243	MATR3	3.19053324754222	0.0001287825025801	No	No
P43250	GRK6	6.15626695505565	1.02362249227856e-15	No	No
P43304	GPD2	10.0053134625848	2.99447166837023e-28	No	No
P43307	SSR1	8.57800689395119	1.16123464984969e-26	No	No
P43405	SYK	6.6467843219901	3.96953437185202e-13	No	No
P43487	RANBP1	5.91603618255879	1.11125571574922e-14	No	No
P43490	NAMPT	4.79690674172487	3.66257951257738e-12	No	No
P43686	PSMC4	13.9393252506463	8.36986786213234e-22	No	No
P43897	TSFM	7.66601201150371	1.4968455500805902e-14	No	No
P45877	PPIC	7.50923539752175	4.53824706070419e-11	No	No
P45880	VDAC2	7.50601065721738	1.1380723720879601e-21	No	No
P45954	ACADSB	9.40679087812733	5.32545701263279e-27	No	No
P45974	USP5	8.26100360739388	1.26027967429748e-27	No	No
P45985	MAP2K4	5.10508443978271	8.12144981582386e-09	No	No
P46019	PHKA2	5.82307850760454	7.240618851679221e-15	No	No
P46060	RANGAP1	7.46477450096586	5.406113260766211e-25	No	No
P46109	CRKL	6.63320806872176	3.43201474217973e-18	No	No
P46379	BAG6	8.69599597609758	2.6550062096100402e-21	No	No
P46459	NSF	5.48491820895064	1.07845483289623e-13	No	No
P46531	NOTCH1	5.43883761749011	2.3478898500098897e-18	No	No
P46734	MAP2K3	7.73239514151575	3.8354799071542306e-15	No	No
P46736	BRCC3	7.98410161919742	4.7241010713749e-15	No	No
P46776	RPL27A	3.02079167004564	0.0001326077536151	No	No
P46777	RPL5	2.86978670411631	0.0045922951726333	No	No
P46779	RPL28	3.13205748984662	0.0001466300998645	No	No
P46781	RPS9	4.63448603426852	3.8848929765691005e-10	No	No
P46783	RPS10	2.73112687598276	5.69346496275679e-07	No	No
P46821	MAP1B	9.4749835951589	2.9197970535398e-30	No	No
P46934	NEDD4	3.77059676764935	5.71091781518203e-12	No	No
P46939	UTRN	10.9893703069463	1.0396136438401e-21	No	No
P46940	IQGAP1	8.31847832099333	1.79948240196672e-21	No	No
P46976	GYG1	8.5397259691961	1.5937760845068e-23	No	No
P46977	STT3A	10.2192880956239	7.09951074273188e-29	No	No
P47224	RABIF	6.77323026173004	6.66868668144067e-15	No	No
P47712	PLA2G4A	12.010254384158	8.75334615921325e-29	No	No
P47755	CAPZA2	6.29854674769636	5.827394068599479e-22	No	No
P47756	CAPZB	5.54509286675576	4.3023437282344803e-19	No	No
P47813	EIF1AX	2.40146426629793	1.11639653462748e-06	No	No
P47897	QARS1	9.47858638411103	3.53433204646905e-16	No	No
P47900	P2RY1	4.0244700594394	9.1205415469809e-15	No	No
P47914	RPL29	2.86164534336458	4.32139196739082e-05	No	No
P47972	NPTX2	4.94247412985734	2.5603462118323197e-18	No	No
P47985	UQCRFS1	4.96892884161166	6.939147010846989e-11	No	No
P48047	ATP5PO	7.97558270481929	8.040864275602e-23	No	No
P48059	LIMS1	5.31617382487332	4.82221725505369e-14	No	No
P48147	PREP	6.19589286810577	1.01558949067051e-11	No	No
P48163	ME1	3.77371770373056	2.02523209813686e-05	No	No
P48357	LEPR	3.21536990932878	7.61629410770652e-06	No	No
P48426	PIP4K2A	6.35206018370506	6.80769729404897e-24	No	No
P48444	ARCN1	8.48897480920379	1.53140325339443e-25	No	No
P48449	LSS	7.7257404773233	1.58437075976766e-17	No	No
P48507	GCLM	6.89344949976842	1.14248169031595e-17	No	No
P48509	CD151	10.0353905736122	4.8623953702124496e-33	No	No
P48553	TRAPPC10	6.74832697697082	2.4760178312376e-12	No	No
P48556	PSMD8	8.59241515648496	8.85859095283548e-28	No	No
P48634	PRRC2A	7.42228133303546	1.3127979558422701e-17	No	No
P48643	CCT5	7.10987970923966	1.4976901526898e-24	No	No
P48651	PTDSS1	4.70440026634634	1.6900187605413599e-18	No	No
P48723	HSPA13	3.19686707433232	0.0064244900516926	No	No
P48735	IDH2	6.5858265636215	1.73547567706941e-12	No	No
P48736	PIK3CG	7.63622900918076	4.4025321703901e-22	No	No
P48739	PITPNB	7.14914056886419	1.3833400464222002e-16	No	No
P48740	MASP1	6.46136919451344	1.5759389770110502e-25	No	No
P48960	ADGRE5	6.1162081084202	1.0108339917505101e-09	No	No
P49006	MARCKSL1	5.96519332099355	6.17238100862788e-23	No	No
P49069	CAMLG	4.1730629853106	1.28622292921615e-08	No	No
P49137	MAPKAPK2	7.41625133667416	5.4880262271331e-20	No	No
P49184	DNASE1L1	4.3418325745751	2.01867702694436e-12	No	No
P49189	ALDH9A1	4.58970456706685	7.67540895023963e-10	No	No
P49207	RPL34	3.11530083860801	0.0015210032533345	No	No
P49247	RPIA	4.10765978132789	9.33556991858041e-06	No	No
P49257	LMAN1	8.55358102001896	3.36300937554223e-26	No	No
P49321	NASP	5.07188709384608	9.66689997719165e-16	No	No
P49326	FMO5	3.48513853997123	1.58278417573817e-09	No	No
P49327	FASN	8.67502958750276	1.33506300220016e-18	No	No
P49354	FNTA	6.57002292015121	3.18711687943171e-17	No	No
P49356	FNTB	5.8838119081632	1.7179921057811202e-14	No	No
P49368	CCT3	7.4976562661225	5.444653022431551e-19	No	No
P49406	MRPL19	5.69996346978791	1.23622959978352e-10	No	No
P49407	ARRB1	5.54018868279394	2.9167130668254603e-15	No	No
P49411	TUFM	8.04364966895994	1.53291215099566e-21	No	No
P49419	ALDH7A1	5.23081926494227	1.22774366072782e-10	No	No
P49459	UBE2A	8.81057082200425	5.86765181349292e-32	No	No
P49588	AARS1	6.48895859274329	5.85934203089437e-16	No	No
P49589	CARS1	7.442444677978	2.5050858850503102e-20	No	No
P49590	HARS2	2.43635186608786	0.0004120893693914	No	No
P49591	SARS1	5.15347712073095	2.26451894345945e-14	No	No
P49593	PPM1F	9.42569886895771	1.4306459362602e-21	No	No
P49619	DGKG	8.22436008999049	4.2226352396702305e-25	No	No
P49641	MAN2A2	6.25338519118147	1.54470888000891e-13	No	No
P49662	CASP4	5.74819833869378	1.39746018251446e-13	No	No
P49720	PSMB3	7.83232298422297	2.33422105857762e-23	No	No
P49721	PSMB2	7.13911853633713	3.52866101341514e-19	No	No
P49746	THBS3	10.1458357262563	4.82400377822668e-35	No	No
P49747	COMP	5.90174115268244	4.94421503305806e-22	No	No
P49748	ACADVL	7.92913085767377	8.207012712867891e-20	No	No
P49754	VPS41	6.79625635387871	1.98298263438384e-16	No	No
P49755	TMED10	11.9322624222674	9.03321820625065e-34	No	No
P49757	NUMB	6.37699106498408	2.5353453896703103e-15	No	No
P49758	RGS6	6.47490764829635	1.7120147018605702e-15	No	No
P49767	VEGFC	5.12384819037485	1.17229500796287e-14	No	No
P49770	EIF2B2	6.16645751230209	1.27454030884264e-13	No	No
P49773	HINT1	7.57844835205578	7.8601708308782e-14	No	No
P49795	RGS19	7.03854534025357	4.72311295157377e-19	No	No
P49810	PSEN2	4.0451518508518	1.7924548936328598e-16	No	No
P49815	TSC2	2.47872485812523	0.002890906498251	No	No
P49821	NDUFV1	9.77153704702503	2.85417548155705e-28	No	No
P49840	GSK3A	5.71217469122211	7.11303411409023e-07	No	No
P49841	GSK3B	5.77230818527574	7.69908748977142e-18	No	No
P49902	NT5C2	6.49116104956932	1.15380299413584e-13	No	No
P49914	MTHFS	4.25211201284961	1.1486240527402699e-11	No	No
P49915	GMPS	10.64959737423	9.89435082887288e-12	No	No
P50148	GNAQ	7.72961208677576	1.0076824510992001e-21	No	No
P50213	IDH3A	9.48137350140265	6.83879319415903e-26	No	No
P50225	SULT1A1	9.14869865224045	6.26429383272677e-32	No	No
P50336	PPOX	7.0478522056516	5.363716084269241e-19	No	No
P50395	GDI2	4.95638591756003	1.28553327221824e-05	No	No
P50402	EMD	7.41663296831253	3.29466792259547e-23	No	No
P50416	CPT1A	11.2790948329277	3.96562060311811e-33	No	No
P50440	GATM	9.16269096584782	3.8610012348213894e-30	No	No
P50453	SERPINB9	7.52352157612954	6.50904308663683e-20	No	No
P50454	SERPINH1	6.85151995447324	6.14399363178424e-16	No	No
P50552	VASP	5.28600334873705	1.37509941022893e-14	No	No
P50570	DNM2	10.1484760669662	1.54596993313969e-30	No	No
P50579	METAP2	5.17670204013365	3.26999746504236e-12	No	No
P50583	NUDT2	3.88000278545618	1.5567064364111998e-12	No	No
P50591	TNFSF10	5.99315462936534	3.4751069203326e-14	No	No
P50851	LRBA	9.32904187674723	5.61124472772811e-29	No	No
P50895	BCAM	4.31754746371704	9.38978678119821e-08	No	No
P50897	PPT1	4.52283545758931	0.0001341845977288	No	No
P50990	CCT8	6.63887445125597	2.23578244045291e-15	No	No
P50991	CCT4	5.8067061653375	1.7352846936513e-14	No	No
P50995	ANXA11	5.54446472246891	5.34598009916744e-09	No	No
P51114	FXR1	6.27545710835451	2.91207018291504e-14	No	No
P51116	FXR2	4.98750940171915	6.08223387038105e-10	No	No
P51148	RAB5C	7.60883015584241	9.10946437874706e-24	No	No
P51149	RAB7A	6.94220063489285	5.335019636044681e-19	No	No
P51151	RAB9A	4.31126678843634	1.1272256597184099e-11	No	No
P51153	RAB13	8.54877707709391	8.29050844674838e-21	No	No
P51159	RAB27A	9.66609175094491	2.22303049742702e-16	No	No
P51398	DAP3	9.44399980527063	5.91048026362233e-18	No	No
P51452	DUSP3	4.8721357217282	8.984987155180929e-11	No	No
P51553	IDH3G	6.4346816236116	3.85843118104675e-23	No	No
P51570	GALK1	7.31882871894752	7.58426832439518e-21	No	No
P51571	SSR4	10.2170060726806	6.56733526711008e-23	No	No
P51572	BCAP31	6.8324654394645	1.42877323744592e-23	No	No
P51575	P2RX1	8.72045354850791	7.81473681173474e-26	No	No
P51580	TPMT	3.42149800882048	3.38086569334423e-09	No	No
P51606	RENBP	6.1675287489389	1.59629900095868e-13	No	No
P51610	HCFC1	2.44726521425807	0.000831532319518	No	No
P51617	IRAK1	2.70121632308292	0.000175750156868	No	No
P51648	ALDH3A2	5.55555365259744	4.37939908664062e-16	No	No
P51649	ALDH5A1	6.27784569217434	6.993785217330331e-20	No	No
P51659	HSD17B4	8.62150592003524	2.86312105142995e-26	No	No
P51665	PSMD7	9.93237498043103	2.51126404055387e-26	No	No
P51679	CCR4	7.61689680813656	2.6828415514201802e-20	No	No
P51692	STAT5B	9.54767325970773	1.04496050585864e-17	No	No
P51693	APLP1	7.81087311934136	2.78375006254134e-28	No	No
P51784	USP11	2.95099462318994	5.63451837733854e-06	No	No
P51790	CLCN3	6.99473750204121	6.05026840709286e-12	No	No
P51793	CLCN4	6.13779564026943	1.1726558053026301e-23	No	No
P51798	CLCN7	4.30346319123555	7.0182491172897e-14	No	No
P51809	VAMP7	10.5108007181959	8.62785075404997e-29	No	No
P51811	XK	3.01236568894304	2.49563987589594e-07	No	No
P51812	RPS6KA3	7.49228465915682	1.71374961496274e-15	No	No
P51858	HDGF	8.35776201010785	8.638932143321801e-26	No	No
P51884	LUM	5.17838887445396	6.48942169998717e-21	No	No
P51888	PRELP	5.84936197352173	1.83510012587624e-18	No	No
P51911	CNN1	10.7820504889348	1.21179063328291e-13	No	No
P51970	NDUFA8	9.62891854857443	4.63353017909283e-28	No	No
P51991	HNRNPA3	2.84059906778146	6.28688482473727e-06	No	No
P52209	PGD	4.41316509337491	2.02166785614729e-09	No	No
P52272	HNRNPM	3.82688038069743	8.4783124022081e-06	No	No
P52294	KPNA1	7.86607431456037	9.07628795029328e-26	No	No
P52306	RAP1GDS1	7.79321055081581	3.7326225585708803e-19	No	No
P52333	JAK3	9.28226902578345	6.30782673399122e-26	No	No
P52429	DGKE	3.18601327329984	6.26391056940697e-12	No	No
P52434	POLR2H	2.47249296731847	0.0001283569155906	No	No
P52564	MAP2K6	3.18013521466441	1.0681878755970901e-09	No	No
P52565	ARHGDIA	4.43621523221054	6.397661932341229e-11	No	No
P52566	ARHGDIB	4.60624802412456	1.32492402634257e-10	No	No
P52594	AGFG1	5.60410923587911	1.4814644329946998e-12	No	No
P52597	HNRNPF	6.89599462430579	7.500689181130089e-11	No	No
P52630	STAT2	5.71011923481757	3.81391211246248e-13	No	No
P52788	SMS	7.1507538960821	1.4778866404970799e-18	No	No
P52815	MRPL12	7.21921069152548	3.6841946983095496e-11	No	No
P52848	NDST1	4.52370556208662	6.4403033944851e-11	No	No
P52907	CAPZA1	6.15718201522931	7.48529001148363e-21	No	No
P52943	CRIP2	3.60580742782013	5.985015785977961e-10	No	No
P53004	BLVRA	6.1493774248753	2.1522577433058497e-12	No	No
P53007	SLC25A1	7.7652931928162	5.7111618302780795e-12	No	No
P53041	PPP5C	5.62055804890034	8.00347974989545e-16	No	No
P53367	ARFIP1	6.51038907420264	6.58289306741738e-10	No	No
P53384	NUBP1	4.72721861816046	2.0451453095736e-13	No	No
P53396	ACLY	7.06511250349203	2.13739237404428e-15	No	No
P53582	METAP1	6.21531438217009	2.60424614634126e-19	No	No
P53597	SUCLG1	9.18723977705835	7.36481298201444e-23	No	No
P53602	MVD	10.5418619924434	1.8318753097984602e-31	No	No
P53611	RABGGTB	7.12323243912321	5.1282754818709504e-24	No	No
P53618	COPB1	11.9647108024829	2.2728987487165298e-34	No	No
P53621	COPA	9.03541014191905	3.5175710491013404e-19	No	No
P53634	CTSC	5.14116368374604	5.43281224783419e-14	No	No
P53667	LIMK1	3.78413572536814	2.26982958566696e-14	No	No
P53680	AP2S1	8.76961802973169	1.38177159746357e-25	No	No
P53701	HCCS	3.68045559662285	9.539003281694009e-11	No	No
P53814	SMTN	10.5635235413417	2.09504080797308e-28	No	No
P53990	IST1	7.57138882049766	3.0196440821226402e-21	No	No
P53992	SEC24C	9.09685467088856	6.01431490521647e-23	No	No
P54098	POLG	2.74506043597134	0.0010608951269104	No	No
P54105	CLNS1A	6.42017079038902	3.82260975774302e-17	No	No
P54136	RARS1	11.2842117107625	6.13242584972281e-22	No	No
P54252	ATXN3	2.88946163765861	0.0003861589725737	No	No
P54577	YARS1	6.47726557468854	1.60558434247756e-10	No	No
P54578	USP14	5.36109854478558	6.336242314542321e-14	No	No
P54619	PRKAG1	8.23988526606977	6.462289865446569e-18	No	No
P54652	HSPA2	2.84123536736684	5.25024807446733e-05	No	No
P54687	BCAT1	6.11500801542884	6.43009591974909e-14	No	No
P54709	ATP1B3	9.55894565692696	3.55376226012711e-25	No	No
P54725	RAD23A	10.146605941763	2.17878174819125e-30	No	No
P54727	RAD23B	5.29538816601826	3.34942877694e-12	No	No
P54803	GALC	2.28894437397839	6.51922434196169e-05	No	No
P54819	AK2	7.06526107990171	4.03633402443173e-19	No	No
P54852	EMP3	6.12249441690745	1.7834103178806e-19	No	No
P54886	ALDH18A1	7.6357120217515	3.15171053554642e-14	No	No
P54920	NAPA	7.94907734112791	4.59740638366284e-24	No	No
P54922	ADPRH	3.56731009005722	1.458408321377e-10	No	No
P55001	MFAP2	6.63088655335622	1.24100008206096e-21	No	No
P55010	EIF5	9.98087055952462	1.22672630070356e-30	No	No
P55011	SLC12A2	5.4203220737222	2.1214729697520497e-11	No	No
P55036	PSMD4	5.38276851301439	3.443251828016e-20	No	No
P55039	DRG2	5.77632196669279	8.08753117197023e-12	No	No
P55058	PLTP	2.17261183720723	2.40717093351674e-06	No	No
P55060	CSE1L	7.9070776261807	2.07823667027975e-20	No	No
P55072	VCP	7.55242811667619	1.22872832160542e-17	No	No
P55083	MFAP4	5.81723350878078	1.0717658403975001e-15	No	No
P55084	HADHB	8.48072551488483	1.1678777887185102e-25	No	No
P55103	INHBC	3.92812188635248	8.060943190330541e-10	No	No
P55145	MANF	5.15815138230235	4.79977802896613e-19	No	No
P55157	MTTP	2.50621721218861	2.48867492873706e-05	No	No
P55160	NCKAP1L	9.7833491751425	7.72300014974202e-21	No	No
P55196	AFDN	6.28618544403342	1.6288282582495698e-12	No	No
P55209	NAP1L1	7.61326711124047	7.340874088682429e-22	No	No
P55210	CASP7	2.45371516026446	9.66405907035628e-06	No	No
P55211	CASP9	2.65401498119588	0.0002733575626425	No	No
P55212	CASP6	8.39867978730449	1.001703847427e-27	No	No
P55263	ADK	4.87978995940808	2.5323947754773202e-14	No	No
P55268	LAMB2	6.13364733634398	6.44657635946079e-18	No	No
P55285	CDH6	6.35841491821551	9.13106685630197e-21	No	No
P55286	CDH8	2.35284913986851	0.0021058644574287	No	No
P55287	CDH11	6.32191465674229	3.0824326195398103e-17	No	No
P55290	CDH13	2.79678088019617	9.1345239933617e-09	No	No
P55291	CDH15	6.83593976281271	1.17952803348076e-15	No	No
P55327	TPD52	5.02082324253639	1.3513209506144202e-09	No	No
P55345	PRMT2	3.54479982873543	1.08122751822211e-11	No	No
P55735	SEC13	5.86564071976007	4.44731572945291e-21	No	No
P55786	NPEPPS	8.14761595429724	6.06912857495126e-14	No	No
P55809	OXCT1	10.6001250613955	2.75004928322737e-30	No	No
P55884	EIF3B	9.91403006177458	1.89521577278374e-30	No	No
P55957	BID	2.96175494243495	0.0001691130050947	No	No
P56134	ATP5MF	8.97937801569452	7.11075227315049e-28	No	No
P56192	MARS1	10.4169633111493	4.98464246865008e-19	No	No
P56202	CTSW	9.06157375576067	1.81873174290328e-22	No	No
P56377	AP1S2	7.82768691763449	8.17300128843074e-26	No	No
P56378	ATP5MJ	8.50518349790095	3.77731923304419e-27	No	No
P56385	ATP5ME	9.57531741878684	2.43561262601139e-23	No	No
P56537	EIF6	9.21749862328554	9.06500246674859e-29	No	No
P56556	NDUFA6	7.73292120180736	8.503689700100269e-26	No	No
P56962	STX17	4.64228569677601	2.97128034155777e-14	No	No
P57075	UBASH3A	7.4250045430542	5.85071264532756e-20	No	No
P57088	TMEM33	2.72135276294424	0.0010367103992313	No	No
P57103	SLC8A3	3.61288647881259	2.04499171388057e-09	No	No
P57105	SYNJ2BP	6.20047778868932	8.82583751665897e-20	No	No
P57678	GEMIN4	7.28763480677904	7.56381974613102e-07	No	No
P57729	RAB38	8.38388679748335	1.3826683117696e-25	No	No
P57737	CORO7	6.72123651012462	2.7290323719063e-14	No	No
P57764	GSDMD	4.30745056146139	3.1530193875692e-11	No	No
P58107	EPPK1	4.09678143496063	5.1035503793929795e-11	No	No
P58166	INHBE	3.6941575152456	1.87854660509428e-08	No	No
P58215	LOXL3	3.36602682642716	4.15124355637983e-07	No	No
P58546	MTPN	4.40317760594275	2.50090374604619e-16	No	No
P59768	GNG2	4.12152090716705	1.11538226505798e-10	No	No
P59998	ARPC4	5.62499488731266	1.76539574383602e-20	No	No
P60033	CD81	3.7587173205277	3.25066714320121e-05	No	No
P60059	SEC61G	4.55432140057601	1.40938866258676e-18	No	No
P60174	TPI1	3.70918468045928	1.51274000105885e-11	No	No
P60228	EIF3E	9.23974218032783	6.37168599945238e-20	No	No
P60468	SEC61B	9.62464451973383	3.84993999660551e-25	No	No
P60484	PTEN	5.97412657835005	1.32352577546481e-06	No	No
P60510	PPP4C	4.43065366707794	3.60196209117704e-16	No	No
P60520	GABARAPL2	5.30466156655296	3.6977280187022204e-14	No	No
P60660	MYL6	6.28860871628599	5.3353497082380305e-15	No	No
P60842	EIF4A1	7.35454781579472	1.28585217900044e-21	No	No
P60866	RPS20	6.54461939991604	7.41515075135185e-16	No	No
P60891	PRPS1	6.6646793986752	2.34985955464556e-22	No	No
P60900	PSMA6	6.59132335127842	1.55348839650901e-25	No	No
P60953	CDC42	5.38250022323122	1.68744727768926e-17	No	No
P60981	DSTN	4.76918210550283	2.5647130664792e-14	No	No
P60985	KRTDAP	8.9453712246081	2.68181740948193e-15	No	No
P61006	RAB8A	6.06836261498076	3.47669461476531e-24	No	No
P61009	SPCS3	9.89350166461526	1.36599130815168e-20	No	No
P61018	RAB4B	7.76977460505802	2.42605969519318e-18	No	No
P61019	RAB2A	5.85346175076073	1.7573568646178902e-23	No	No
P61020	RAB5B	9.45670242708395	4.33334309601972e-25	No	No
P61026	RAB10	6.9839207622776	1.4394861317768701e-25	No	No
P61073	CXCR4	5.16606770124447	2.7045345870155303e-15	No	No
P61081	UBE2M	6.35223174000029	8.27267824040679e-14	No	No
P61086	UBE2K	5.72264784756096	6.09718957587733e-12	No	No
P61088	UBE2N	4.24916323012799	4.2900227167684e-14	No	No
P61106	RAB14	8.40444948361313	9.461241672026849e-26	No	No
P61158	ACTR3	6.07854155980671	3.44497088344677e-16	No	No
P61160	ACTR2	5.83126122171653	9.14803910503829e-19	No	No
P61163	ACTR1A	11.4267579057307	9.593522862400701e-32	No	No
P61201	COPS2	10.0241899337499	8.95284675635736e-17	No	No
P61221	ABCE1	6.95593712029545	7.778632523051751e-19	No	No
P61225	RAP2B	9.14997719433871	7.92339612677701e-27	No	No
P61247	RPS3A	4.6512191758849	1.30411703150529e-06	No	No
P61313	RPL15	4.1858898021405	0.0013651087742957	No	No
P61353	RPL27	2.37487543473271	5.01819379033826e-05	No	No
P61421	ATP6V0D1	8.4647478264128	5.85308622096274e-26	No	No
P61586	RHOA	7.36929983202121	1.5420133171149002e-16	No	No
P61604	HSPE1	6.88104442735628	7.340356355256261e-19	No	No
P61619	SEC61A1	5.61037916234936	9.17746053171499e-20	No	No
P61758	VBP1	8.4898902357455	7.821243382288959e-28	No	No
P61764	STXBP1	6.31993621975281	7.50112023377788e-13	No	No
P61803	DAD1	7.87633962618152	1.3135406024173402e-25	No	No
P61812	TGFB2	3.47489760417785	2.48484816792442e-07	No	No
P61923	COPZ1	9.87187325822424	1.2175892397678499e-30	No	No
P61952	GNG11	4.71861467366637	1.26814282571255e-14	No	No
P61960	UFM1	2.86240998697152	5.588472246474521e-09	No	No
P61962	DCAF7	7.542901843927	3.1907386249880297e-16	No	No
P61966	AP1S1	8.76401204228325	2.54704571219777e-29	No	No
P61970	NUTF2	6.14345186695166	2.69182953697593e-08	No	No
P61978	HNRNPK	9.01690051020683	3.1197414090105604e-15	No	No
P61981	YWHAG	6.74153260966149	1.1732079565706e-18	No	No
P62070	RRAS2	3.35664336106594	0.0046227411710086	No	No
P62072	TIMM10	2.37317440162556	2.70228482456896e-08	No	No
P62136	PPP1CA	6.17498694952202	7.034275013152281e-15	No	No
P62140	PPP1CB	9.21931323759264	2.39054369881617e-31	No	No
P62191	PSMC1	7.44971411261187	2.81274759492609e-23	No	No
P62195	PSMC5	7.67292842872616	6.39051513314435e-29	No	No
P62241	RPS8	4.3738952852302	1.5476048663828e-07	No	No
P62244	RPS15A	4.05177332588161	1.21796139572054e-05	No	No
P62249	RPS16	6.84727584777607	9.814851296624149e-18	No	No
P62253	UBE2G1	2.41083965513233	7.98915697611258e-08	No	No
P62256	UBE2H	9.28316781580951	8.14142421436033e-26	No	No
P62258	YWHAE	5.89136402385734	1.3166423509958e-15	No	No
P62263	RPS14	5.86113396918214	1.58276323207196e-12	No	No
P62266	RPS23	4.89303649612835	2.17326760736388e-06	No	No
P62269	RPS18	5.03263023005469	7.618537091190939e-12	No	No
P62277	RPS13	4.14180847644968	0.0004879974912817	No	No
P62280	RPS11	2.81292194623551	0.0011100277666519	No	No
P62306	SNRPF	3.08915257811186	8.01964313293387e-05	No	No
P62310	LSM3	6.06981826769026	2.43762278257341e-23	No	No
P62312	LSM6	6.36220516037528	9.47538392085957e-18	No	No
P62330	ARF6	8.63267146060437	6.037945391740611e-23	No	No
P62333	PSMC6	11.0055459068861	8.58436492196008e-31	No	No
P62341	SELENOT	7.12923327554039	1.63373441932805e-21	No	No
P62424	RPL7A	4.05237982027178	1.44288852287267e-05	No	No
P62491	RAB11A	9.25087549251565	4.12644583300065e-20	No	No
P62495	ETF1	12.1403202984875	2.1913799886062197e-36	No	No
P62701	RPS4X	5.38616135420923	2.56548589367942e-07	No	No
P62753	RPS6	2.48383463071475	0.0025904993644337	No	No
P62805	H4-16	4.23644923118507	0.0001026835465611	No	No
P62820	RAB1A	7.81557192104934	9.55619356329919e-21	No	No
P62826	RAN	4.90850243177847	5.02763499440338e-13	No	No
P62829	RPL23	2.25989679489248	0.0084007979680587	No	No
P62834	RAP1A	5.44706602168933	1.6541029728643e-19	No	No
P62857	RPS28	4.71319339207661	4.17347811290438e-10	No	No
P62873	GNB1	6.53963222369854	1.34619773573983e-19	No	No
P62879	GNB2	5.00487052088336	3.28481981194564e-11	No	No
P62899	RPL31	4.75175096654315	3.12059312321741e-08	No	No
P62906	RPL10A	4.32434213359175	1.9722294754112e-05	No	No
P62913	RPL11	5.03848363902887	4.522004168194251e-09	No	No
P62937	PPIA	3.79693686411604	1.15549758272875e-08	No	No
P62942	FKBP1A	2.89210570368608	2.93689606103162e-07	No	No
P62993	GRB2	5.8689472768596	4.7428130549249e-15	No	No
P63000	RAC1	5.74123760841981	2.66788664349024e-07	No	No
P63010	AP2B1	10.9987811779143	4.57936196966496e-32	No	No
P63027	VAMP2	9.39597843592346	1.0865226512240498e-30	No	No
P63096	GNAI1	3.84845770574476	5.6567706378533995e-12	No	No
P63098	PPP3R1	5.8564817785385	5.25975359711268e-19	No	No
P63104	YWHAZ	6.79888773782466	8.44411612614421e-22	No	No
P63151	PPP2R2A	12.1728591602893	9.388462479913761e-20	No	No
P63167	DYNLL1	5.21791441393277	5.78236328888316e-13	No	No
P63208	SKP1	7.96933411792403	1.25746503492877e-25	No	No
P63220	RPS21	4.70543019156501	1.22963548899099e-16	No	No
P63241	EIF5A	10.5442790268816	2.0317900731188e-34	No	No
P63244	RACK1	6.05231499736589	1.8810583059715003e-10	No	No
P63279	UBE2I	4.2859010377203	7.17596094676055e-10	No	No
P67809	YBX1	7.05612675444508	3.18127286867763e-10	No	No
P67812	SEC11A	5.7434421501362	2.9629108511956204e-20	No	No
P67870	CSNK2B	7.44969226152914	5.98262471101333e-21	No	No
P67936	TPM4	5.93184631128987	3.50928430797604e-12	No	No
P68036	UBE2L3	5.46860905242956	1.475541392319e-09	No	No
P68366	TUBA4A	6.89500252843174	5.77646625654094e-25	No	No
P68371	TUBB4B	5.81213681265228	3.30396669515541e-19	No	No
P68402	PAFAH1B2	7.82880596098743	2.3942494236146102e-20	No	No
P78318	IGBP1	5.72184446304334	5.7102278220094e-17	No	No
P78344	EIF4G2	10.3975174188381	2.64209148103638e-27	No	No
P78352	DLG4	3.20751820905905	4.51893628305938e-08	No	No
P78356	PIP4K2B	7.03080435251977	1.8717254402953e-17	No	No
P78362	SRPK2	7.48264618000501	3.49064476035117e-06	No	No
P78371	CCT2	7.03201154409623	1.36744196486166e-20	No	No
P78383	SLC35B1	3.88399262526152	1.27139546741508e-13	No	No
P78406	RAE1	5.58323399237629	1.2897548403959501e-09	No	No
P78410	BTN3A2	3.92984511830984	1.5090968559355098e-11	No	No
P78417	GSTO1	4.24893070870607	1.45607360763586e-16	No	No
P78423	CX3CL1	4.53298986871148	2.0051467846157e-14	No	No
P78504	JAG1	3.65767410937751	5.03631219735414e-07	No	No
P78509	RELN	6.58272201248199	6.20443642900943e-20	No	No
P78527	PRKDC	3.98232713533945	0.000265211968199	No	No
P78536	ADAM17	4.94740020550386	8.72878745918423e-14	No	No
P78537	BLOC1S1	7.0545710687275	6.317405857331899e-19	No	No
P78539	SRPX	5.35297189996293	1.5582949111894e-09	No	No
P78540	ARG2	2.22028612977193	4.35095839563763e-06	No	No
P78559	MAP1A	10.3020374112448	3.93701390012002e-34	No	No
P79483	HLA-DRB3	3.38100093966441	0.0013987428548924	No	No
P80217	IFI35	5.97247551309968	1.86068411534236e-19	No	No
P80303	NUCB2	10.878742590312	2.54393868724035e-32	No	No
P80404	ABAT	3.35707214375312	5.02296469251864e-10	No	No
P80511	S100A12	6.57616517985421	8.389941476353501e-18	No	No
P80723	BASP1	4.58820688180342	6.35279699767684e-06	No	No
P82650	MRPS22	4.83375299667573	3.5384512675420997e-12	No	No
P82909	MRPS36	7.04644231403177	7.17362423055991e-14	No	No
P82914	MRPS15	5.55431208942863	1.09571668918667e-21	No	No
P82987	ADAMTSL3	3.75248526957217	3.08728680096693e-07	No	No
P83111	LACTB	5.99305457028159	2.44998835186655e-19	No	No
P83436	COG7	5.54220137064251	1.4631219731282402e-15	No	No
P84085	ARF5	4.29504437115397	2.5452936453531e-14	No	No
P84095	RHOG	7.89533602020739	5.61087090030916e-23	No	No
P84098	RPL19	2.44398337946362	0.000653087121795	No	No
P84103	SRSF3	3.19467498298114	5.5800250338695e-09	No	No
P98066	TNFAIP6	8.78480229732539	6.50103937168686e-28	No	No
P98082	DAB2	8.3075483781259	4.67475444434024e-27	No	No
P98095	FBLN2	6.56460544041922	2.5885970111043102e-23	No	No
P98155	VLDLR	5.4928555907077	2.44578952207731e-18	No	No
P98160	HSPG2	3.89488915484143	2.1142885173548e-12	No	No
P98170	XIAP	2.3789957702935	1.44343020698988e-07	No	No
P98171	ARHGAP4	9.18567458866116	1.7878634964741e-28	No	No
P98172	EFNB1	9.97341826167584	5.11432850255457e-14	No	No
P98194	ATP2C1	10.2837768414647	3.45645086757967e-32	No	No
P99999	CYCS	8.7031741228272	3.53959689888636e-16	No	No
Q00013	MPP1	6.0851999852121	9.11622796201837e-21	No	No
Q00059	TFAM	6.21216927614715	5.36064773379416e-18	No	No
Q00169	PITPNA	3.49940050104778	1.9454595853787202e-09	No	No
Q00325	SLC25A3	5.11117473423088	1.9803070881725497e-11	No	No
Q00341	HDLBP	9.09690211738304	6.53844290796118e-13	No	No
Q00535	CDK5	4.85694398497857	3.6584478235602103e-19	No	No
Q00537	CDK17	3.17528585869194	2.110050650573e-09	No	No
Q00577	PURA	9.93100722248784	2.9033010263899497e-33	No	No
Q00610	CLTC	7.64458284733019	2.0958229648749702e-20	No	No
Q00653	NFKB2	5.18716141729599	4.22725933888432e-11	No	No
Q00688	FKBP3	4.34815233657449	6.38400000854911e-12	No	No
Q00722	PLCB2	10.1348132751064	1.5781443207743698e-30	No	No
Q00765	REEP5	4.49139911450612	2.07636602089221e-08	No	No
Q00796	SORD	7.49256877432745	2.60181004249251e-21	No	No
Q00839	HNRNPU	6.7467598434652	3.13821090481428e-16	No	No
Q01082	SPTBN1	9.21546808916107	3.44472843369118e-29	No	No
Q01433	AMPD2	7.50587651576419	2.07053912443187e-21	No	No
Q01518	CAP1	5.21865490234986	1.77574410872231e-16	No	No
Q01628	IFITM3	6.51551264487652	3.34597059619383e-13	No	No
Q01629	IFITM2	7.46990718995423	3.89779526430394e-24	No	No
Q01650	SLC7A5	2.2779753508947	0.0003367546944021	No	No
Q01813	PFKP	7.1147967467438	5.08600138242906e-24	No	No
Q01968	OCRL	6.19538341127422	6.64210131848862e-08	No	No
Q01970	PLCB3	9.3817252856084	1.3633948361405e-30	No	No
Q01973	ROR1	4.57103765868487	3.8158827975782703e-14	No	No
Q02094	RHAG	6.59340954951301	9.97984070418815e-21	No	No
Q02108	GUCY1A1	9.92478008970666	1.1870625612805902e-25	No	No
Q02127	DHODH	4.31510158804068	3.05992754184483e-11	No	No
Q02153	GUCY1B1	12.2354812621044	4.07727757053957e-23	No	No
Q02218	OGDH	9.49768046620518	2.1584549352682297e-28	No	No
Q02252	ALDH6A1	8.82202011670046	2.69235727593981e-21	No	No
Q02338	BDH1	6.66918170045021	3.98638032323049e-20	No	No
Q02487	DSC2	6.41373202038089	1.83107308853673e-20	No	No
Q02750	MAP2K1	8.35054256803012	6.61674350592389e-20	No	No
Q02790	FKBP4	7.59669139978804	2.26444324023774e-10	No	No
Q02809	PLOD1	6.28601139806908	7.26564987691766e-07	No	No
Q02818	NUCB1	7.37518437163025	4.45052653253089e-21	No	No
Q02952	AKAP12	8.56953372228385	4.09865444734089e-27	No	No
Q02978	SLC25A11	8.30366186103918	5.26637680916795e-18	No	No
Q03001	DST	4.13846997885366	6.00585350458596e-16	No	No
Q03113	GNA12	7.9831203040745	1.36744983652178e-29	No	No
Q03167	TGFBR3	4.81522392577338	4.53787554103201e-06	No	No
Q03252	LMNB2	9.8422489928584	3.4584603860715097e-34	No	No
Q03518	TAP1	10.5172758485869	9.12417398623268e-34	No	No
Q03519	TAP2	9.82950547182626	2.27973021680454e-28	No	No
Q04206	RELA	9.95415841808862	5.19737740764674e-33	No	No
Q04323	UBXN1	6.20888911079893	1.3106571200199e-16	No	No
Q04446	GBE1	3.59489573062646	1.98304434859053e-05	No	No
Q04637	EIF4G1	8.14744341868682	4.8823014228563896e-30	No	No
Q04656	ATP7A	6.58183065669743	1.42788883893279e-11	No	No
Q04721	NOTCH2	8.20531734727208	2.91452870622042e-19	No	No
Q04759	PRKCQ	9.52265271135631	4.71168072400022e-27	No	No
Q04760	GLO1	4.19303103262423	1.2463696238876102e-09	No	No
Q04771	ACVR1	7.3445317727193	1.71407444480234e-27	No	No
Q04837	SSBP1	6.9873432292614	1.16656223035741e-23	No	No
Q04844	CHRNE	3.05607981547805	1.2949899703859198e-11	No	No
Q04864	REL	3.49516219044785	9.13730269230058e-06	No	No
Q04917	YWHAH	6.06227812083171	1.03071871976563e-20	No	No
Q04941	PLP2	5.12448296065401	2.41899042988473e-16	No	No
Q05086	UBE3A	5.20461244977889	6.4903484744636195e-12	No	No
Q05193	DNM1	10.1568550176593	4.98596421260664e-27	No	No
Q05209	PTPN12	7.75709186109335	1.17686492588471e-26	No	No
Q05397	PTK2	7.52060098713477	1.83261684268519e-15	No	No
Q05639	EEF1A2	5.55786130824454	1.49282756309169e-11	No	No
Q05655	PRKCD	10.0983338274479	4.83708688819993e-30	No	No
Q05682	CALD1	6.01728132650661	3.57092269214275e-26	No	No
Q05707	COL14A1	6.33663233319801	2.1380151428710898e-18	No	No
Q05823	RNASEL	5.43216250735261	2.8133303709009e-21	No	No
Q05940	SLC18A2	5.67492608307173	2.8405040043635098e-18	No	No
Q06033	ITIH3	5.90626851017812	6.25150366102386e-24	No	No
Q06124	PTPN11	8.66467865203011	4.84244986020442e-26	No	No
Q06136	KDSR	5.65429125540134	1.21696578790277e-06	No	No
Q06187	BTK	6.61030084301109	2.23475999662841e-14	No	No
Q06203	PPAT	6.10613496644779	5.9036937815417e-11	No	No
Q06210	GFPT1	7.38595358048508	1.9797620279294997e-12	No	No
Q06323	PSME1	5.34512575284858	2.3626497873903403e-15	No	No
Q06481	APLP2	8.62359090705687	1.5170008620762301e-19	No	No
Q06787	FMR1	8.19461731407327	2.30492050309792e-27	No	No
Q06828	FMOD	6.94801639563999	8.93240708494135e-18	No	No
Q06830	PRDX1	4.56469908552175	1.0708506483114602e-09	No	No
Q07021	C1QBP	11.8368703466298	1.9664871108897202e-31	No	No
Q07065	CKAP4	6.50567145174197	1.89821521798258e-15	No	No
Q07108	CD69	4.98358951824725	1.13158239975861e-18	No	No
Q07157	TJP1	3.85724071664567	1.22679820735013e-06	No	No
Q07507	DPT	6.04978392310222	6.49971969015193e-23	No	No
Q07812	BAX	4.31200829842858	1.83743355889167e-13	No	No
Q07817	BCL2L1	7.5047365423132	7.94422852647118e-25	No	No
Q07866	KLC1	9.56863709767632	8.71067716638019e-29	No	No
Q07889	SOS1	4.79542558489046	1.4704979631186e-15	No	No
Q07912	TNK2	9.56128332319517	1.0109177828632e-05	No	No
Q07954	LRP1	5.6436835775611	7.96785901074586e-19	No	No
Q07955	SRSF1	3.06154474701922	0.0011775058160581	No	No
Q07960	ARHGAP1	4.15563493614143	7.0375392303728e-09	No	No
Q08174	PCDH1	7.52775126658078	1.51039553751421e-27	No	No
Q08209	PPP3CA	9.31766018809328	6.42988088652652e-29	No	No
Q08211	DHX9	4.08682895225012	0.0049885136560583	No	No
Q08257	CRYZ	7.87492612541553	1.0125401735253999e-17	No	No
Q08378	GOLGA3	8.09263677214735	1.22728601827592e-19	No	No
Q08379	GOLGA2	9.58179290487958	2.69975726773993e-23	No	No
Q08380	LGALS3BP	4.85040949562709	7.584194144675789e-22	No	No
Q08397	LOXL1	2.11305862308878	0.004923194694808	No	No
Q08426	EHHADH	9.2293578719369	1.54737263479323e-10	No	No
Q08431	MFGE8	7.84093510271982	3.77830654132386e-21	No	No
Q08495	DMTN	6.07519805341793	2.7639217001405605e-20	No	No
Q08722	CD47	5.67216003279399	3.9530091004139205e-20	No	No
Q08752	PPID	5.78175413654787	9.94559963842882e-13	No	No
Q08830	FGL1	3.29233335464785	2.28919375422165e-12	No	No
Q08AM6	VAC14	6.02973581712159	7.245959788197631e-14	No	No
Q09028	RBBP4	3.12327915243676	3.2516238986587903e-09	No	No
Q09327	MGAT3	4.26249498287251	4.98011528779779e-08	No	No
Q09328	MGAT5	3.26254714504209	9.76446462307969e-05	No	No
Q09666	AHNAK	9.26249989571571	3.2595187054964e-14	No	No
Q0JRZ9	FCHO2	2.97768240354751	5.61934994850716e-05	No	No
Q0VD83	APOBR	9.70849059068714	3.23600225683409e-28	No	No
Q0VGL1	LAMTOR4	6.76684398087186	5.78629889866642e-22	No	No
Q0ZGT2	NEXN	7.34115602794843	4.08923101668729e-26	No	No
Q10469	MGAT2	6.19962302214044	2.75463904038898e-08	No	No
Q10472	GALNT1	9.40317960365517	6.2085378525236696e-12	No	No
Q10567	AP1B1	11.214752744079	1.1955588565706301e-31	No	No
Q10713	PMPCA	5.7930850213693	9.19456373901706e-12	No	No
Q11201	ST3GAL1	3.67046367954862	1.78822315459007e-08	No	No
Q12765	SCRN1	9.1928563396097	4.70892737648292e-27	No	No
Q12768	WASHC5	6.47511670870434	6.758094178545879e-18	No	No
Q12792	TWF1	4.66325492823422	1.33251321474749e-08	No	No
Q12794	HYAL1	2.12604545595688	0.0010109232345183	No	No
Q12797	ASPH	9.64812805446134	2.64258118231248e-34	No	No
Q12800	TFCP2	5.29278095488776	4.2787292293473e-11	No	No
Q12802	AKAP13	4.7273305434612	4.9383743403532405e-09	No	No
Q12805	EFEMP1	3.79659892586687	6.400367557847031e-14	No	No
Q12841	FSTL1	3.77394055919798	4.45666200264249e-13	No	No
Q12846	STX4	9.57693191685678	4.75017415577659e-28	No	No
Q12849	GRSF1	3.87291042200511	0.0010646459628509	No	No
Q12851	MAP4K2	8.01335821984422	3.8816608104688504e-17	No	No
Q12864	CDH17	7.10797237085175	3.0774273277442e-18	No	No
Q12882	DPYD	6.40704997296559	1.47429440131131e-11	No	No
Q12884	FAP	5.7577589324268	8.99839178543489e-14	No	No
Q12904	AIMP1	10.0060858698912	3.99041852590027e-22	No	No
Q12905	ILF2	10.6497767868268	2.20798262335287e-29	No	No
Q12906	ILF3	10.5057384394808	1.41825195404138e-32	No	No
Q12907	LMAN2	4.79093593802888	1.0788261164691899e-11	No	No
Q12912	IRAG2	8.11820179931634	3.0502208189142196e-18	No	No
Q12913	PTPRJ	4.96863107739767	1.90133405361363e-20	No	No
Q12931	TRAP1	4.89909333192615	0.0021236941877346	No	No
Q12933	TRAF2	4.97533835019409	4.11566070397408e-15	No	No
Q12959	DLG1	8.74689293951785	1.1104008551225901e-20	No	No
Q12965	MYO1E	7.38819634940115	1.67763735184278e-22	No	No
Q12981	BNIP1	5.95843776781048	3.84979689388614e-15	No	No
Q12982	BNIP2	9.88718434959682	8.31523516480683e-21	No	No
Q12986	NFX1	3.8728427898181	2.7170190377143896e-11	No	No
Q13011	ECH1	11.6202268282153	6.18281097763036e-27	No	No
Q13017	ARHGAP5	2.80788026563543	5.31058544281307e-08	No	No
Q13033	STRN3	10.1992039230988	5.04144219318571e-27	No	No
Q13042	CDC16	5.51164468742628	6.49796891221224e-19	No	No
Q13043	STK4	10.8998120557251	1.4217406481495499e-30	No	No
Q13045	FLII	11.993411101422	4.62746974270148e-34	No	No
Q13057	COASY	6.34214492680386	2.0793669675510902e-19	No	No
Q13084	MRPL28	2.12700073070781	2.3093241358696e-06	No	No
Q13085	ACACA	9.80109418855648	6.78745397551778e-23	No	No
Q13094	LCP2	6.83633010929907	1.43925071630386e-19	No	No
Q13098	GPS1	8.82358754044946	5.91223091681966e-29	No	No
Q13103	SPP2	5.94112290775504	8.60073513521041e-24	No	No
Q13107	USP4	7.2622401938019	5.55827412831948e-23	No	No
Q13131	PRKAA1	8.21339063020442	3.0140246514329394e-11	No	No
Q13136	PPFIA1	5.07090628011223	9.889833431894569e-11	No	No
Q13144	EIF2B5	6.8040376857832	4.11979836412431e-09	No	No
Q13148	TARDBP	7.35445133921944	6.4191076161059206e-15	No	No
Q13153	PAK1	5.17506893925042	2.6281027152705203e-15	No	No
Q13155	AIMP2	5.96478208238901	3.6490393242793603e-17	No	No
Q13158	FADD	5.22171286662258	1.49641488341239e-14	No	No
Q13162	PRDX4	9.04643239648	1.9114840769410398e-30	No	No
Q13177	PAK2	9.40541170356379	7.69525947938854e-27	No	No
Q13188	STK3	8.52383946520458	6.51023543761343e-18	No	No
Q13190	STX5	5.79994486601787	1.35684861653346e-18	No	No
Q13200	PSMD2	6.93746279227564	4.16644572130788e-24	No	No
Q13201	MMRN1	6.70156854261809	3.3417240840982902e-21	No	No
Q13214	SEMA3B	2.33688693714849	0.0044744966297823	No	No
Q13217	DNAJC3	7.70041666860018	8.20266306370401e-07	No	No
Q13232	NME3	4.78175777662446	9.08097115878776e-09	No	No
Q13263	TRIM28	2.61489906730728	0.0036141611108923	No	No
Q13283	G3BP1	9.85935824773956	6.99798192892759e-32	No	No
Q13287	NMI	6.89953950658693	4.81231544458432e-14	No	No
Q13303	KCNAB2	3.40875447151488	0.000374748222871	No	No
Q13308	PTK7	5.73634046169564	2.22755945494326e-06	No	No
Q13322	GRB10	4.16728805812893	8.6257995335801e-13	No	No
Q13325	IFIT5	3.09584842210064	1.83556344883521e-07	No	No
Q13332	PTPRS	3.44455065819696	1.5560958028297e-05	No	No
Q13347	EIF3I	10.299976569745	4.7912644287979995e-32	No	No
Q13361	MFAP5	8.85927848767808	6.3535992170484404e-24	No	No
Q13362	PPP2R5C	3.8389886892338	9.26207448730089e-08	No	No
Q13363	CTBP1	4.76270168485313	1.37765558402793e-08	No	No
Q13371	PDCL	3.06827110493471	0.0002636241274617	No	No
Q13404	UBE2V1	4.52421578926092	8.34805372559325e-14	No	No
Q13405	MRPL49	5.4772427069932	4.54364690486622e-13	No	No
Q13409	DYNC1I2	6.97277347263068	1.0591831053234799e-18	No	No
Q13418	ILK	5.45911818753768	9.23659681306498e-19	No	No
Q13421	MSLN	7.86217959455553	0.0006452645061764	No	No
Q13423	NNT	8.67226477067039	2.52378038990064e-22	No	No
Q13428	TCOF1	4.96331346353617	4.846399433166541e-15	No	No
Q13435	SF3B2	4.5819060659222	2.19245613235527e-05	No	No
Q13438	OS9	5.53649252336158	2.99813908044366e-15	No	No
Q13439	GOLGA4	5.93779599324133	1.3538845387695902e-09	No	No
Q13442	PDAP1	4.35065114414158	1.6325891341375e-11	No	No
Q13443	ADAM9	4.7035072442861	5.99382459173862e-08	No	No
Q13444	ADAM15	3.20051845954427	3.00989509314325e-05	No	No
Q13445	TMED1	6.08992310907562	2.02717672161243e-22	No	No
Q13451	FKBP5	9.42170798996118	1.5196652343661e-09	No	No
Q13459	MYO9B	10.2391465205192	4.31679117965041e-28	No	No
Q13464	ROCK1	11.1700573736778	7.26262502092404e-34	No	No
Q13477	MADCAM1	6.8109778998398	8.815411433019881e-20	No	No
Q13488	TCIRG1	2.1683438568292	7.17259575068498e-07	No	No
Q13492	PICALM	4.93505441686211	3.19752008376815e-11	No	No
Q13496	MTM1	7.25521414906874	1.3776620820668e-22	No	No
Q13501	SQSTM1	6.92430027841922	2.85835139894474e-16	No	No
Q13505	MTX1	6.43348365227068	3.60542940827476e-19	No	No
Q13510	ASAH1	10.5119567811012	1.60823448799924e-22	No	No
Q13526	PIN1	6.53918606207508	1.5876265843211999e-12	No	No
Q13530	SERINC3	2.93347090081444	4.28864358050611e-07	No	No
Q13541	EIF4EBP1	2.96902596382894	1.38952991086551e-10	No	No
Q13546	RIPK1	8.13935247216765	2.93343984723378e-12	No	No
Q13555	CAMK2G	6.84179341653996	5.57860380062565e-24	No	No
Q13557	CAMK2D	6.36282905570559	3.33358627228064e-10	No	No
Q13561	DCTN2	8.81522540714646	2.43038866730137e-25	No	No
Q13564	NAE1	9.60100608374636	3.71527605420991e-31	No	No
Q13574	DGKZ	2.79366518159212	3.39901603717472e-05	No	No
Q13576	IQGAP2	7.99638530086315	2.9494183838815203e-15	No	No
Q13586	STIM1	7.68271643547045	8.888535004529091e-24	No	No
Q13596	SNX1	8.81474192534355	1.4779440389169702e-20	No	No
Q13614	MTMR2	4.22832134853295	8.938966537183991e-15	No	No
Q13617	CUL2	11.0696369636247	3.0790764423244298e-12	No	No
Q13618	CUL3	7.62053534374835	5.08383920591018e-21	No	No
Q13619	CUL4A	5.10479053851225	2.05630121591888e-10	No	No
Q13627	DYRK1A	4.06105550408657	6.67989413473931e-13	No	No
Q13630	GFUS	3.8819590371828	2.01694751000839e-07	No	No
Q13636	RAB31	8.49991908534171	4.75856695454304e-24	No	No
Q13637	RAB32	7.45233513869182	5.1537880668709405e-24	No	No
Q13642	FHL1	4.23540147888554	1.54853423130566e-13	No	No
Q13643	FHL3	3.79693396141303	1.07924527745036e-13	No	No
Q13683	ITGA7	3.93984813084911	1.7625635020743498e-11	No	No
Q13724	MOGS	4.49546206239863	7.28298115741395e-05	No	No
Q13790	APOF	5.65465237850159	5.21674388604993e-16	No	No
Q13813	SPTAN1	12.7857306459944	9.8548360107182e-34	No	No
Q13825	AUH	3.70204944497838	3.91036600077736e-11	No	No
Q13867	BLMH	3.2058564467128	5.04344989815154e-06	No	No
Q13884	SNTB1	9.64590726059851	2.57292088215059e-25	No	No
Q13907	IDI1	3.96774045681632	5.86610367558488e-07	No	No
Q13976	PRKG1	11.8117030339077	1.65678147814232e-32	No	No
Q14008	CKAP5	12.897369930512	8.23178803521452e-28	No	No
Q14011	CIRBP	4.4099324242359	1.2931071244214399e-11	No	No
Q14012	CAMK1	10.0132246734877	1.3947182411042199e-27	No	No
Q14019	COTL1	2.39487582142747	0.0002125228459144	No	No
Q14061	COX17	2.84923881295881	8.50379214847759e-06	No	No
Q14088	RAB33A	7.30388620831835	5.58105603702204e-22	No	No
Q14103	HNRNPD	4.0517771671702	3.60289938933842e-05	No	No
Q14108	SCARB2	6.50647657291426	6.58664785164868e-21	No	No
Q14112	NID2	10.9438160538281	7.34821215774943e-26	No	No
Q14116	IL18	6.59680441666291	6.67481530904925e-17	No	No
Q14118	DAG1	2.40070527447674	7.20578485606225e-06	No	No
Q14126	DSG2	5.20816942269563	1.20218577095665e-21	No	No
Q14139	UBE4A	5.81614876384491	3.50360619394005e-17	No	No
Q14141	SEPTIN6	5.13610919626877	1.3263629432567298e-12	No	No
Q14152	EIF3A	9.10026078746139	6.12611530491421e-25	No	No
Q14155	ARHGEF7	8.78282763069067	1.87702353538984e-16	No	No
Q14156	EFR3A	8.50238601077041	7.81407713380321e-27	No	No
Q14157	UBAP2L	8.22745506573263	3.7225415091431804e-09	No	No
Q14160	SCRIB	3.98671329869786	3.68545707647098e-08	No	No
Q14161	GIT2	3.12435734546793	4.93746927172542e-08	No	No
Q14162	SCARF1	9.10015470740659	2.70670230850679e-25	No	No
Q14165	MLEC	8.18703139983571	4.951153046855761e-25	No	No
Q14166	TTLL12	8.63577920499471	8.3251957683442e-26	No	No
Q14185	DOCK1	4.98227307111374	1.79437475313843e-19	No	No
Q14192	FHL2	5.71686669833603	4.69906830831583e-12	No	No
Q14197	MRPL58	3.18089827938984	6.121514022453651e-10	No	No
Q14203	DCTN1	9.01621044984155	4.54225247635542e-24	No	No
Q14204	DYNC1H1	14.6687576585569	6.57837088564589e-29	No	No
Q14213	EBI3	3.03383181644597	3.50501433007654e-07	No	No
Q14232	EIF2B1	6.77679015528096	5.32453028985598e-16	No	No
Q14240	EIF4A2	9.77607198537529	4.45178278653914e-27	No	No
Q14242	SELPLG	8.28064900213591	1.4871919123354202e-15	No	No
Q14247	CTTN	7.22394831668368	1.08696306046369e-22	No	No
Q14254	FLOT2	8.69858036666574	2.3556890351245903e-25	No	No
Q14258	TRIM25	8.81152556938877	2.86982331418428e-23	No	No
Q14289	PTK2B	8.37866749172476	8.69272290061751e-24	No	No
Q14315	FLNC	6.21767163669582	5.0509674496807e-09	No	No
Q14318	FKBP8	8.24523446264893	3.1646135446955e-23	No	No
Q14344	GNA13	8.14697059696078	2.18134182895576e-21	No	No
Q14353	GAMT	4.69657640945237	8.692505013214421e-15	No	No
Q14376	GALE	7.96261076039641	5.13855256114785e-10	No	No
Q14392	LRRC32	7.90571879062616	5.4811483340411e-13	No	No
Q14393	GAS6	8.01207309655079	2.13942007954138e-22	No	No
Q14432	PDE3A	11.0950314806908	1.25597854331552e-36	No	No
Q14444	CAPRIN1	7.02086461998154	4.85306847411371e-23	No	No
Q14457	BECN1	4.44057603412705	4.7366003488572605e-15	No	No
Q14515	SPARCL1	5.41140108929602	1.38586368697417e-20	No	No
Q14517	FAT1	12.9521754153445	3.0394073274948995e-31	No	No
Q14520	HABP2	6.22756667269502	7.921994273033169e-22	No	No
Q14554	PDIA5	7.30311205694279	1.5016049944582e-17	No	No
Q14558	PRPSAP1	7.53749135715984	2.3073846068833103e-15	No	No
Q14571	ITPR2	9.73749193113458	7.37563573732144e-32	No	No
Q14642	INPP5A	8.11622598231471	7.83825659834772e-24	No	No
Q14643	ITPR1	12.131702289578	2.10209751380525e-34	No	No
Q14644	RASA3	7.80112904070613	2.51808899105011e-23	No	No
Q14651	PLS1	2.25992120084989	1.9059678015647e-05	No	No
Q14657	LAGE3	2.24713619410186	7.19767398780299e-06	No	No
Q14667	KIAA0100	3.6676295147762	6.72435179456437e-08	No	No
Q14677	CLINT1	8.59545674219468	4.4266277042523896e-26	No	No
Q14683	SMC1A	4.06597560937989	2.21273907608516e-13	No	No
Q14694	USP10	4.22294150133102	2.7373190000393104e-09	No	No
Q14696	MESD	7.11504948967809	2.40427697233359e-21	No	No
Q14697	GANAB	5.80485399741105	5.62275419657861e-15	No	No
Q14699	RFTN1	8.58007248820334	5.25395501159332e-14	No	No
Q14728	MFSD10	4.02710979235471	2.88034475134236e-14	No	No
Q14738	PPP2R5D	6.29019002589977	7.58917977279378e-14	No	No
Q14739	LBR	4.85153584246688	1.58529387769057e-16	No	No
Q14746	COG2	11.8894530988545	3.82634348564435e-23	No	No
Q14761	PTPRCAP	3.05589982876253	2.20862271738269e-07	No	No
Q14764	MVP	10.2460433707488	3.0284763197940403e-23	No	No
Q14766	LTBP1	7.12839938767457	9.93467096375361e-27	No	No
Q14767	LTBP2	7.40849980799475	4.10770822968621e-15	No	No
Q14789	GOLGB1	10.2077666519218	7.69074005599436e-14	No	No
Q14790	CASP8	2.96806037788355	2.88953301812542e-07	No	No
Q14847	LASP1	5.33283698541199	1.3960089006524099e-18	No	No
Q14894	CRYM	2.24343127248495	0.0002757673561142	No	No
Q14914	PTGR1	2.35701216571936	0.0014080462327168	No	No
Q14956	GPNMB	4.02787007131447	1.6834585626508e-06	No	No
Q14974	KPNB1	9.12631647872323	5.380161066312341e-25	No	No
Q14978	NOLC1	3.25157833007208	1.75050846260468e-06	No	No
Q14997	PSME4	4.23411204321121	6.37443757465002e-08	No	No
Q14BN4	SLMAP	10.6709018902428	1.8477756473386802e-24	No	No
Q14C86	GAPVD1	10.1906355154944	6.27605341747503e-27	No	No
Q15005	SPCS2	8.09841754934479	6.47047196679656e-25	No	No
Q15006	EMC2	6.71011616085437	1.09270493766675e-22	No	No
Q15008	PSMD6	9.87330352017666	3.6757559065202796e-30	No	No
Q15018	ABRAXAS2	7.33370499191726	1.2419121354202801e-19	No	No
Q15019	SEPTIN2	6.55778812253178	6.26939872106223e-23	No	No
Q15025	TNIP1	5.28931644528278	4.8546132069557e-06	No	No
Q15031	LARS2	4.13292266310324	1.39582527050613e-09	No	No
Q15036	SNX17	5.72430983025289	9.37190283460788e-20	No	No
Q15041	ARL6IP1	4.89616023128619	1.5352157535002201e-15	No	No
Q15042	RAB3GAP1	9.9622964640813	3.95687900333842e-27	No	No
Q15043	SLC39A14	4.20998678258039	6.62277104464044e-13	No	No
Q15046	KARS1	7.62196183103047	1.2898708898738901e-14	No	No
Q15049	MLC1	9.82071708487514	1.8917655602046498e-33	No	No
Q15052	ARHGEF6	12.8815260987778	1.7296467225633702e-21	No	No
Q15056	EIF4H	4.06852467665116	1.75889459979248e-07	No	No
Q15057	ACAP2	6.3440515191967	2.01455142812592e-23	No	No
Q15067	ACOX1	10.1154572199936	1.15196493766837e-26	No	No
Q15075	EEA1	9.75616983798701	1.26777054705742e-17	No	No
Q15084	PDIA6	7.47227894650654	1.34548695982635e-17	No	No
Q15102	PAFAH1B3	3.09982718140529	0.0001577701447705	No	No
Q15118	PDK1	9.09001609451825	5.38214131992754e-26	No	No
Q15119	PDK2	7.77881399137629	1.5409115193253e-27	No	No
Q15120	PDK3	6.90802175651288	7.370762368771171e-20	No	No
Q15125	EBP	6.45231795418046	7.78685349574733e-17	No	No
Q15126	PMVK	5.77219778535232	3.44548411945144e-07	No	No
Q15147	PLCB4	5.57123528657973	2.79648354162216e-12	No	No
Q15149	PLEC	10.799155320219	1.3660072807063598e-26	No	No
Q15155	NOMO1	4.21726131725181	1.02090252302968e-10	No	No
Q15165	PON2	8.15012001479724	1.31561977124002e-21	No	No
Q15166	PON3	3.62559436967861	1.4161357858402e-14	No	No
Q15172	PPP2R5A	9.20648460976243	1.9410983259121e-14	No	No
Q15181	PPA1	6.8339537168367	2.87702218036259e-16	No	No
Q15185	PTGES3	8.62643504670001	3.3253558911881103e-25	No	No
Q15208	STK38	7.28137990970233	1.9110587595300002e-22	No	No
Q15233	NONO	4.87761933533985	1.24673545041237e-08	No	No
Q15257	PTPA	3.49577688347881	8.22396007982818e-09	No	No
Q15262	PTPRK	3.4570793004131	4.26565180395956e-05	No	No
Q15276	RABEP1	8.77354606279146	3.0784966267972804e-15	No	No
Q15283	RASA2	2.27193128599612	6.75303191170493e-05	No	No
Q15286	RAB35	7.67212998591148	5.09905252900349e-23	No	No
Q15293	RCN1	4.70694057251227	3.52303466633423e-18	No	No
Q15311	RALBP1	7.8285459053188	1.32323354921046e-13	No	No
Q15363	TMED2	9.98204624093478	1.03604381226678e-28	No	No
Q15365	PCBP1	5.98808112267057	2.18166945037534e-17	No	No
Q15366	PCBP2	6.52706828779241	1.71881703735327e-11	No	No
Q15369	ELOC	5.27963111064218	1.88037871604038e-18	No	No
Q15370	ELOB	6.23573022939774	1.20184230257152e-21	No	No
Q15382	RHEB	5.40483409024743	3.51230924951675e-13	No	No
Q15386	UBE3C	6.16761631490475	3.1905126722815397e-11	No	No
Q15388	TOMM20	6.41387041945772	4.1211651612674604e-25	No	No
Q15389	ANGPT1	8.67703569692617	7.70107761943211e-29	No	No
Q15392	DHCR24	2.76299653090106	0.0001704112832637	No	No
Q15393	SF3B3	4.96570475588853	1.14826606945691e-10	No	No
Q15404	RSU1	5.27616282443894	4.30814482754006e-21	No	No
Q15417	CNN3	7.89488186632739	7.250619986574809e-22	No	No
Q15418	RPS6KA1	9.30120455783915	3.07006524876475e-09	No	No
Q15428	SF3A2	2.98741999062311	4.23218626846472e-08	No	No
Q15435	PPP1R7	11.3313781606591	1.81431441332895e-25	No	No
Q15436	SEC23A	7.83003887352842	2.0097957519901399e-28	No	No
Q15437	SEC23B	4.43643661442644	4.516632589715851e-09	No	No
Q15438	CYTH1	3.80503259372061	1.1965988388644401e-10	No	No
Q15459	SF3A1	2.92984386888705	4.11469596039483e-07	No	No
Q15477	SKIV2L	6.98030146828384	4.67925052092112e-23	No	No
Q15526	SURF1	7.13815889571996	7.93335952413549e-25	No	No
Q15555	MAPRE2	7.0202967564817	7.33663770235648e-25	No	No
Q15599	SLC9A3R2	3.15029810811885	0.003025554869333	No	No
Q15628	TRADD	2.77237350265457	8.515326234442831e-09	No	No
Q15629	TRAM1	7.18504525829003	4.82799902399584e-22	No	No
Q15631	TSN	9.89034273077959	1.27648560331997e-27	No	No
Q15633	TARBP2	7.62020247168091	4.91687007254963e-11	No	No
Q15637	SF1	2.81245271472408	1.37103713539326e-05	No	No
Q15642	TRIP10	10.7879178605848	1.0461782440463e-32	No	No
Q15643	TRIP11	7.16319381441999	1.41249594730753e-20	No	No
Q15645	TRIP13	4.29580906999802	6.0647672652959e-05	No	No
Q15650	TRIP4	5.1104872435772	6.029949787970679e-11	No	No
Q15653	NFKBIB	2.81545839959103	2.08601853009289e-08	No	No
Q15691	MAPRE1	7.50001470292021	1.67986657728319e-27	No	No
Q15714	TSC22D1	3.13196548807125	1.7576799434643701e-09	No	No
Q15717	ELAVL1	5.98277275630823	1.09847409034949e-09	No	No
Q15738	NSDHL	7.54375681781656	7.883335388983131e-23	No	No
Q15746	MYLK	7.47612490273772	1.02916629492803e-28	No	No
Q15750	TAB1	8.64234469518341	6.94602893764407e-20	No	No
Q15758	SLC1A5	4.99578732076567	3.70927943504309e-12	No	No
Q15762	CD226	11.939361346462	1.1635147653590199e-26	No	No
Q15771	RAB30	7.27499977971318	2.4352995576867502e-24	No	No
Q15785	TOMM34	5.31071154006628	7.17311219144598e-20	No	No
Q15796	SMAD2	6.13118581540236	1.5004184027074899e-22	No	No
Q15811	ITSN1	5.44164282500451	3.2000660415567e-13	No	No
Q15813	TBCE	7.7691310467551	9.86904776193029e-17	No	No
Q15814	TBCC	4.47521745405924	8.461100322480319e-12	No	No
Q15819	UBE2V2	6.18029461189728	4.6331636820655905e-21	No	No
Q15833	STXBP2	8.49454572108156	3.11108014098764e-27	No	No
Q15836	VAMP3	9.00760240824103	7.359771811178139e-30	No	No
Q15843	NEDD8	3.65812551227637	7.6871529006306e-10	No	No
Q15904	ATP6AP1	5.4596001387763	5.06742563134028e-12	No	No
Q15907	RAB11B	9.63533485868254	4.61216498330959e-27	No	No
Q15942	ZYX	5.18919215260575	8.400415817910439e-18	No	No
Q16134	ETFDH	6.30620606209214	1.7980992893536501e-10	No	No
Q16181	SEPTIN7	6.88752739729435	9.449067738429771e-24	No	No
Q16186	ADRM1	8.56026807867446	8.28766265366438e-13	No	No
Q16204	CCDC6	7.64914136497585	1.0073859578999501e-14	No	No
Q16363	LAMA4	8.7300495103358	1.3166304119500002e-22	No	No
Q16401	PSMD5	10.3548060042682	6.327483649596991e-31	No	No
Q16512	PKN1	8.09561919288484	1.19385060674264e-21	No	No
Q16513	PKN2	3.37512044535343	6.19976878094606e-05	No	No
Q16531	DDB1	11.4167363529709	2.9695624652622004e-32	No	No
Q16537	PPP2R5E	3.41743968290111	4.55075412551356e-10	No	No
Q16539	MAPK14	7.95725573660377	7.35178162748736e-21	No	No
Q16540	MRPL23	3.28033427832217	2.89595701606579e-08	No	No
Q16543	CDC37	5.63967963359193	2.36438220395542e-20	No	No
Q16555	DPYSL2	5.61435241652858	3.1343376336624097e-16	No	No
Q16563	SYPL1	8.0291580012098	1.50039441258711e-21	No	No
Q16595	FXN	7.13345204640748	3.7337288041660803e-20	No	No
Q16611	BAK1	8.29706289968722	9.42369465796243e-10	No	No
Q16620	NTRK2	6.54902097318162	1.81567616600345e-19	No	No
Q16643	DBN1	7.48175161831955	5.57440416356736e-22	No	No
Q16644	MAPKAPK3	7.61117726584629	1.02180556083763e-16	No	No
Q16658	FSCN1	4.43708406322096	0.0001524084234036	No	No
Q16698	DECR1	11.2662411147646	4.88098428591779e-28	No	No
Q16706	MAN2A1	2.80805843036649	1.33832137000671e-08	No	No
Q16718	NDUFA5	8.37358679700017	1.03248966121151e-27	No	No
Q16740	CLPP	7.97869637780137	6.171208152788709e-11	No	No
Q16762	TST	11.4560815737555	1.19457975844447e-31	No	No
Q16769	QPCT	2.49180321882711	0.0002935065873082	No	No
Q16774	GUK1	5.98194639299318	1.4513408718386101e-09	No	No
Q16775	HAGH	2.19674294477324	0.0055989885635542	No	No
Q16787	LAMA3	3.09386136832194	4.32067011955809e-05	No	No
Q16795	NDUFA9	7.34140155086556	1.9307227246729398e-12	No	No
Q16799	RTN1	9.50717329548985	4.85511642630723e-31	No	No
Q16822	PCK2	8.34687541607255	4.2531758891285905e-15	No	No
Q16832	DDR2	4.49413594127109	6.22371957132908e-12	No	No
Q16836	HADH	11.3409572768158	5.66272830457393e-34	No	No
Q16851	UGP2	5.48277242244218	1.1622626426506298e-11	No	No
Q16854	DGUOK	5.38531226654781	5.1306986720583e-07	No	No
Q16864	ATP6V1F	6.59325834917023	7.37329282474955e-22	No	No
Q16881	TXNRD1	8.74291737344746	7.70600910344684e-25	No	No
Q16891	IMMT	12.1038532028069	4.4332440139554996e-30	No	No
Q17RC7	EXOC3L4	8.71751592416149	6.8960082983662396e-18	No	No
Q1KMD3	HNRNPUL2	5.47689122178956	1.21361685520985e-10	No	No
Q24JP5	TMEM132A	6.47868167630752	8.6602912909146e-21	No	No
Q27J81	INF2	8.32387975424581	4.04714435790315e-29	No	No
Q2LD37	KIAA1109	4.97744941417705	1.59532156126542e-16	No	No
Q2M2I8	AAK1	3.68748016926895	6.42464450578475e-08	No	No
Q2M389	WASHC4	5.21617382418484	4.62323491761868e-19	No	No
Q2M3D2	EXOC3L2	6.97399753021999	2.16251466428683e-18	No	No
Q2PZI1	DPY19L1	8.00109841083716	1.49133859605282e-19	No	No
Q2TAA2	IAH1	6.17911323072354	1.96496843919845e-14	No	No
Q2TAA5	ALG11	5.69063857053022	9.60708680221191e-13	No	No
Q2TAL6	VWC2	4.24728444447828	7.54083477442381e-16	No	No
Q2TAZ0	ATG2A	4.82254850513949	7.778731895796849e-11	No	No
Q32MZ4	LRRFIP1	10.2297936607234	1.04547820860934e-34	No	No
Q32P28	P3H1	4.92104923865912	1.3172564322698098e-12	No	No
Q32P44	EML3	8.53263928401992	1.88371344726148e-21	No	No
Q38SD2	LRRK1	3.49075581601089	0.0019866666304066	No	No
Q3LXA3	TKFC	6.51718377368439	1.25964235883593e-11	No	No
Q3MHD2	LSM12	2.79962205898443	1.73486773809079e-06	No	No
Q3MII6	TBC1D25	2.37743033439527	3.4280823454697e-07	No	No
Q3SXM5	HSDL1	6.89277221938997	1.3466970239913401e-20	No	No
Q3V6T2	CCDC88A	4.70066476551031	1.51740096088808e-14	No	No
Q3YEC7	RABL6	7.93056949073148	1.25050177861115e-26	No	No
Q3ZAQ7	VMA21	6.32035460946711	1.16322809671632e-22	No	No
Q3ZCQ8	TIMM50	7.4043533489702	1.66630377843706e-23	No	No
Q3ZCW2	LGALSL	3.70878879628318	5.34209355315372e-13	No	No
Q460N5	PARP14	5.2846301674719	1.21980070322187e-12	No	No
Q495W5	FUT11	4.55316272416456	0.0014945661347705	No	No
Q4AE62	GTDC1	4.11022027749879	9.78064365767213e-12	No	No
Q4G0F5	VPS26B	6.39472960801995	7.44351601807365e-21	No	No
Q4G0N4	NADK2	5.65876105082774	7.56210675226527e-12	No	No
Q4G148	GXYLT1	5.91560617671306	3.8350555504625e-08	No	No
Q4G176	ACSF3	3.54600917060544	0.0008497203618712	No	No
Q4KMP7	TBC1D10B	7.36340847965794	1.05212661932081e-22	No	No
Q4KMQ2	ANO6	8.07233445278202	3.72618383648636e-14	No	No
Q4LDE5	SVEP1	7.34823610335097	2.11655553686704e-22	No	No
Q4V328	GRIPAP1	9.93231567555011	2.88632290319948e-29	No	No
Q4VC31	MIX23	5.21735310359958	1.70434044306412e-08	No	No
Q504Y2	PKDCC	6.57162201056507	2.88811501587692e-24	No	No
Q53EL6	PDCD4	7.42339543664837	9.34091299878027e-07	No	No
Q53EL9	SEZ6	4.51154121877512	1.4028602820531699e-11	No	No
Q53ET0	CRTC2	4.63562965762827	3.37317026102697e-17	No	No
Q53FA7	TP53I3	3.93854813722981	0.0004673607015673	No	No
Q53FT3	HIKESHI	3.14148012703168	2.35019293373065e-08	No	No
Q53GL0	PLEKHO1	6.45485024029623	2.67123457368441e-14	No	No
Q53GL7	PARP10	5.19159786419689	3.89521585352756e-09	No	No
Q53GQ0	HSD17B12	5.82577855126506	5.98916743395848e-10	No	No
Q53GS7	GLE1	9.5057853882342	5.62723038797076e-31	No	No
Q53H12	AGK	6.28161154488051	4.4580135493757205e-21	No	No
Q53H76	PLA1A	2.48592557083893	8.16410142545799e-07	No	No
Q53H82	LACTB2	4.43880045657658	5.45466702309669e-08	No	No
Q53HC0	CCDC92	3.65337653534871	4.13147599876792e-10	No	No
Q53HC9	EIPR1	7.49127370663291	6.545451567902711e-20	No	No
Q53QZ3	ARHGAP15	2.33886017622201	0.0024573900105178	No	No
Q53RD9	FBLN7	4.59210289499055	4.50426098946434e-09	No	No
Q53T59	HS1BP3	8.78634607442588	1.10588008002905e-29	No	No
Q53TN4	CYBRD1	2.36180512736029	6.48402074759938e-08	No	No
Q562R1	ACTBL2	5.98995888806676	1.7529820369070399e-13	No	No
Q567U6	CCDC93	4.51255848842651	3.2984440183834904e-15	No	No
Q5BJD5	TMEM41B	6.27109842175552	5.4330895756930394e-18	No	No
Q5BJH7	YIF1B	6.93118685597925	1.9609093948971e-22	No	No
Q5BLP8	C4orf48	6.16248107920086	1.1018452191969101e-19	No	No
Q5GLZ8	HERC4	5.76667508926989	6.46831210714585e-14	No	No
Q5H8A4	PIGG	3.06006070017517	0.0024518430219936	No	No
Q5H9R7	PPP6R3	9.45892239756039	2.0663769115987e-25	No	No
Q5HYI8	RABL3	3.66542351589207	8.594448087809301e-10	No	No
Q5HYK3	COQ5	4.32307075903744	9.08531863427767e-11	No	No
Q5J8M3	EMC4	5.43583552660569	3.10486121393727e-21	No	No
Q5JQS6	GCSAML	6.57570963535423	1.11610374636151e-23	No	No
Q5JRA6	MIA3	10.2440733904334	1.0423740441674199e-34	No	No
Q5JRX3	PITRM1	9.00693526699568	2.91749077629301e-17	No	No
Q5JSH3	WDR44	7.8102563678308	1.20064444172725e-28	No	No
Q5JSL3	DOCK11	9.05927046811465	4.49616299555508e-16	No	No
Q5JSP0	FGD3	7.48441705474693	2.3192226834338002e-18	No	No
Q5JTD0	TJAP1	2.98539579230152	1.84846174039397e-06	No	No
Q5JTV8	TOR1AIP1	7.73143293840228	9.174992866402519e-12	No	No
Q5JTZ9	AARS2	4.11420987806521	4.67772100108662e-11	No	No
Q5JU69	TOR2A	4.14728420402943	5.12019373246928e-13	No	No
Q5JWF2	GNAS	7.01659593888973	1.78930187841022e-16	No	No
Q5K4L6	SLC27A3	9.06100971306922	5.54125929847064e-21	No	No
Q5K651	SAMD9	7.74326295763367	1.6154318965821698e-18	No	No
Q5M775	SPECC1	9.7735916761496	2.94444627552461e-29	No	No
Q5M8T2	SLC35D3	5.52069980230755	4.40447775184714e-17	No	No
Q5MNZ6	WDR45B	6.07520209973543	4.2318270165141e-07	No	No
Q5MNZ9	WIPI1	5.27997617423578	3.2773145617889103e-14	No	No
Q5NDL2	EOGT	5.54022937977286	5.6353858200677704e-21	No	No
Q5QJ74	TBCEL	6.30188063888493	9.1355505983869e-08	No	No
Q5R372	RABGAP1L	4.57137563095899	2.6265383824870003e-16	No	No
Q5R3I4	TTC38	6.88277612872628	4.58439392263015e-08	No	No
Q5RI15	COX20	3.74079101934888	9.01531831328365e-15	No	No
Q5RKV6	EXOSC6	6.08796132238595	1.0400950583457501e-09	No	No
Q5SGD2	PPM1L	6.15660622487526	1.82617858494614e-13	No	No
Q5SQ64	LY6G6F	6.18427378511217	1.44670833915502e-20	No	No
Q5SW79	CEP170	8.71886107016436	5.9664475955419295e-30	No	No
Q5SW96	LDLRAP1	8.31485134996232	5.20362873761043e-25	No	No
Q5SWX8	ODR4	3.79659915190682	1.15695752516215e-10	No	No
Q5SZK8	FREM2	9.16337708900491	8.498805969233119e-30	No	No
Q5T013	HYI	2.88972226781169	1.51780778216124e-06	No	No
Q5T0F9	CC2D1B	7.69662687521288	1.97083636825423e-22	No	No
Q5T0N5	FNBP1L	9.47494925380752	2.53497654010645e-31	No	No
Q5T1C6	THEM4	2.26211995860123	2.18871216948412e-07	No	No
Q5T1M5	FKBP15	8.8499081394925	3.2402660203319e-22	No	No
Q5T2E6	ARMH3	7.47715987653468	2.0492901266477798e-11	No	No
Q5T2T1	MPP7	9.32022341733543	7.56835826246795e-09	No	No
Q5T3F8	TMEM63B	5.75952172493675	3.47738563585014e-11	No	No
Q5T440	IBA57	5.23658370953791	5.4306335273958404e-21	No	No
Q5T447	HECTD3	10.2225225977979	3.18320569764324e-33	No	No
Q5T4F4	ZFYVE27	5.78790626863118	7.18186030585152e-19	No	No
Q5T4S7	UBR4	11.8508950884659	4.6933021351254005e-26	No	No
Q5T5C0	STXBP5	10.0064632671385	2.9155142029068103e-25	No	No
Q5T5U3	ARHGAP21	7.75062820139053	2.0577131320863201e-25	No	No
Q5T5Y3	CAMSAP1	3.35860500420695	3.59028020636488e-08	No	No
Q5T9A4	ATAD3B	3.68260509056023	1.12659022419213e-13	No	No
Q5TBA9	FRY	4.0600325737617	1.94592467764966e-13	No	No
Q5TC12	ATPAF1	6.9813707111139	1.78017868169099e-26	No	No
Q5TCZ1	SH3PXD2A	7.41329709053535	4.89140684706174e-24	No	No
Q5TDH0	DDI2	6.3670484326982	7.388866830587021e-15	No	No
Q5TEJ8	THEMIS2	7.71983374514051	1.2486625086777e-10	No	No
Q5TFE4	NT5DC1	2.77424319657601	2.92567124345981e-06	No	No
Q5U3C3	TMEM164	6.19871767788244	6.901479892883699e-13	No	No
Q5UCC4	EMC10	3.72003397066906	1.63593434772196e-11	No	No
Q5UE93	PIK3R6	6.85515674986588	6.839545248075351e-21	No	No
Q5VIR6	VPS53	6.6764185952824	6.786136903801591e-20	No	No
Q5VST6	ABHD17B	5.84437710711451	2.72349717337961e-22	No	No
Q5VT25	CDC42BPA	5.14216304793179	3.18525411758704e-17	No	No
Q5VTQ0	TTC39B	2.8300159688084	7.186376710889411e-09	No	No
Q5VU43	PDE4DIP	5.81073749747816	2.13218952516699e-10	No	No
Q5VVQ6	YOD1	6.60648822881755	4.23308221703366e-16	No	No
Q5VW32	BROX	3.36259737418354	2.76122285979047e-06	No	No
Q5VW36	FOCAD	6.65403980633246	2.53741813651175e-20	No	No
Q5VW38	GPR107	2.28622887233241	8.76790499383741e-05	No	No
Q5VWC8	HACD4	9.35168635331862	4.31509712901663e-26	No	No
Q5VWJ9	SNX30	3.44994380881651	9.549253104351939e-11	No	No
Q5VWZ2	LYPLAL1	8.11210555939676	3.83908254364504e-24	No	No
Q5VY43	PEAR1	8.85847944231049	5.919252889724861e-25	No	No
Q5VYK3	ECPAS	7.44224493254587	2.57895338920008e-16	No	No
Q5VYS8	TUT7	4.79477126535829	1.24537428127739e-14	No	No
Q5VZ89	DENND4C	8.92163619785208	5.30525332757798e-24	No	No
Q5VZK9	CARMIL1	9.58301360452403	4.87669122336463e-21	No	No
Q5W0V3	FAM160B1	7.77551661040241	2.64263604072763e-29	No	No
Q5W111	SPRYD7	3.9121197751198	1.34229590181738e-12	No	No
Q5XKP0	MICOS13	5.96245744769963	7.09531645268713e-21	No	No
Q60I27	ALS2CL	5.85948144967958	0.0004962084311434	No	No
Q629K1	TRIQK	5.69949815580563	3.47386805241979e-21	No	No
Q63HN8	RNF213	9.45364969518557	7.34072066641421e-28	No	No
Q63ZY3	KANK2	7.11490420397854	1.68020167591589e-15	No	No
Q641Q2	WASHC2A	3.72486166881888	1.9947554870386499e-13	No	No
Q658P3	STEAP3	8.41345794965758	3.9453391503723895e-18	No	No
Q658Y4	FAM91A1	8.35072955865708	1.38469920562397e-19	No	No
Q66K14	TBC1D9B	7.22375924900818	1.85959163787077e-21	No	No
Q66K74	MAP1S	7.76377393022023	2.3493982830509604e-15	No	No
Q674X7	KAZN	3.13492729757869	2.14714556144432e-10	No	No
Q676U5	ATG16L1	6.91915309275451	9.091363439732089e-12	No	No
Q684P5	RAP1GAP2	12.0104800187585	1.2802591525013699e-33	No	No
Q68BL7	OLFML2A	4.82479476276795	6.20434696715004e-09	No	No
Q68D51	DENND2C	6.71856640308502	2.4668801274927402e-14	No	No
Q68D91	MBLAC2	7.69240548726786	1.95957580685454e-19	No	No
Q68EM7	ARHGAP17	4.56434806502883	3.53019807482099e-09	No	No
Q69YW2	STUM	2.13202262161086	2.34108763939958e-06	No	No
Q6BDS2	UHRF1BP1	6.73451018573498	5.020615334607801e-10	No	No
Q6DD88	ATL3	12.050894722945	5.2122330803145e-34	No	No
Q6DN12	MCTP2	2.30608263128948	3.13800437525941e-06	No	No
Q6DN14	MCTP1	4.28446688620931	8.896618271009329e-13	No	No
Q6FI81	CIAPIN1	6.56036854196121	1.09746975110747e-09	No	No
Q6GMV2	SMYD5	8.03077127291904	2.37238406587306e-22	No	No
Q6GMV3	PTRHD1	5.79650082148093	5.26399157498751e-08	No	No
Q6GYQ0	RALGAPA1	5.92978520456374	2.24207219283326e-09	No	No
Q6IA17	SIGIRR	3.45527986652088	1.54132863346999e-13	No	No
Q6IA69	NADSYN1	5.15649236771458	1.65774428850313e-13	No	No
Q6IA86	ELP2	3.54080609180617	1.11740019534809e-05	No	No
Q6IAA8	LAMTOR1	10.4856238151495	1.12816059189531e-32	No	No
Q6IAN0	DHRS7B	5.45246172632335	1.0990004025262099e-12	No	No
Q6IBS0	TWF2	5.95237354879693	2.62658765318568e-20	No	No
Q6ICB4	PHETA2	2.34010184146813	4.33575036894249e-07	No	No
Q6ICG6	KIAA0930	2.66267670348552	0.0006451539525835	No	No
Q6ICL3	TANGO2	8.65529340789304	8.51411533585217e-17	No	No
Q6IEE7	TMEM132E	5.27172109620263	4.29528231611594e-12	No	No
Q6IQ22	RAB12	6.14205146237699	7.3093308846576e-18	No	No
Q6L8Q7	PDE12	4.71385816849994	1.08812190779778e-14	No	No
Q6NUK1	SLC25A24	8.63472388833838	4.14862655906742e-25	No	No
Q6NUQ1	RINT1	3.61695570742155	9.13815340597865e-07	No	No
Q6NVY1	HIBCH	8.23992817925751	1.52229935861171e-23	No	No
Q6NXE6	ARMC6	3.32243944375066	3.81410384987487e-06	No	No
Q6NXT6	TAPT1	5.53617229462553	1.9858693994787102e-15	No	No
Q6NYC8	PPP1R18	5.17744056906078	9.01158515227093e-13	No	No
Q6NZI2	CAVIN1	5.01225169959739	1.40736446878722e-08	No	No
Q6P1A2	LPCAT3	8.52945507062505	3.65794337834488e-24	No	No
Q6P1M0	SLC27A4	9.92350093985931	2.05473243152535e-27	No	No
Q6P1N0	CC2D1A	5.40237823553474	9.216982271353751e-17	No	No
Q6P1X6	C8orf82	4.70593116550299	1.107551992232e-09	No	No
Q6P2E9	EDC4	9.60886438202575	9.99309839448292e-17	No	No
Q6P2P2	PRMT9	2.74222395528494	0.0001291413943423	No	No
Q6P3W7	SCYL2	8.54835455906847	4.74433328474735e-23	No	No
Q6P3X3	TTC27	7.95040865669978	5.6179143765949504e-21	No	No
Q6P499	NIPAL3	4.00545004967442	2.39180266054681e-09	No	No
Q6P4A7	SFXN4	2.51580192083924	2.1232159543214103e-09	No	No
Q6P4E1	GOLM2	5.41228454960118	2.1387647915078e-18	No	No
Q6P4F2	FDX2	3.53790094194142	4.46964905190105e-07	No	No
Q6P4Q7	CNNM4	3.6471676298533	4.58330071317906e-06	No	No
Q6P587	FAHD1	7.11506514749717	1.50158360175201e-21	No	No
Q6P988	NOTUM	3.49026033879033	7.01525448477144e-06	No	No
Q6P996	PDXDC1	6.74327943854545	9.67152167160443e-19	No	No
Q6P9B6	MEAK7	6.60832296729979	3.0879557444054498e-18	No	No
Q6PCB0	VWA1	5.80492230547316	9.83934467408875e-11	No	No
Q6PCE3	PGM2L1	5.34201933719894	1.8694427111663002e-15	No	No
Q6PD74	AAGAB	6.54692446089995	8.112620831838561e-25	No	No
Q6PGP7	TTC37	7.80173356512099	5.3230941002369295e-18	No	No
Q6PI48	DARS2	8.40911390964272	8.78407751495434e-24	No	No
Q6PIU2	NCEH1	6.61864943880498	4.7631316976634405e-14	No	No
Q6PJ69	TRIM65	2.83564685595761	3.71223801440981e-08	No	No
Q6PJF5	RHBDF2	4.08021582912596	2.06783568179203e-14	No	No
Q6PJW8	CNST	6.54943565332525	5.9664519120317894e-18	No	No
Q6PKG0	LARP1	7.31565964717445	4.36199133143762e-17	No	No
Q6PL24	TMED8	10.7867740441293	4.66370593277691e-31	No	No
Q6PML9	SLC30A9	2.72222569541192	3.70673459564479e-08	No	No
Q6Q0C0	TRAF7	7.07436308254245	7.83269820533972e-18	No	No
Q6Q788	APOA5	4.43461770678675	2.33282850920173e-18	No	No
Q6QNY0	BLOC1S3	4.21366304457189	1.6348376283377202e-15	No	No
Q6QNY1	BLOC1S2	3.55153773982873	6.58424257584236e-08	No	No
Q6R327	RICTOR	4.56450275952718	1.50178924744302e-17	No	No
Q6RW13	AGTRAP	3.56678818360743	9.16778436700003e-13	No	No
Q6UB35	MTHFD1L	3.783277320618	3.87197600439044e-13	No	No
Q6ULP2	AFTPH	5.5646568430414	4.17879038575519e-21	No	No
Q6UVK1	CSPG4	9.19632014879901	1.87374192751886e-23	No	No
Q6UW02	CYP20A1	8.57892170485781	9.38838901905619e-17	No	No
Q6UW49	SPESP1	4.35482625286773	1.97021296139943e-11	No	No
Q6UW63	POGLUT2	7.82890764202857	5.24083872054095e-25	No	No
Q6UWB1	IL27RA	4.13391413120446	2.49781874217581e-07	No	No
Q6UWD8	C16orf54	7.34219190125163	2.0762877554947702e-20	No	No
Q6UWE0	LRSAM1	3.68841877585814	0.0006306133333504	No	No
Q6UWF9	FAM180A	2.88091361066604	2.04101606423492e-09	No	No
Q6UWL2	SUSD1	10.980528716129	2.54236183601843e-16	No	No
Q6UWP7	LCLAT1	4.54421841440701	1.73315330764171e-10	No	No
Q6UWP8	SBSN	4.86041407744267	0.000898696580724	No	No
Q6UWY5	OLFML1	6.5534255509497	3.49126003813024e-23	No	No
Q6UX07	DHRS13	2.26789344951227	1.70604612857665e-05	No	No
Q6UX71	PLXDC2	4.26244276498075	1.04654994364136e-15	No	No
Q6UXB8	PI16	5.05643367226283	3.9096716536826e-15	No	No
Q6UXD5	SEZ6L2	8.97043863501106	7.136220790679459e-33	No	No
Q6UXH0	ANGPTL8	4.96906866762469	9.0544442734425e-17	No	No
Q6UXH1	CRELD2	6.67187178953045	3.5684995517263e-24	No	No
Q6UXH9	PAMR1	6.10456585873761	2.6312498086092598e-11	No	No
Q6UXI9	NPNT	3.97758463358335	1.40596251337377e-08	No	No
Q6UXN9	WDR82	2.900779067135	0.0035101391122288	No	No
Q6UXV4	APOOL	5.09168806943984	2.7611161903043602e-17	No	No
Q6V0I7	FAT4	11.3113751634416	6.12871661353677e-22	No	No
Q6VN20	RANBP10	5.65830487427044	0.0037455589563908	No	No
Q6VY07	PACS1	9.3874204377394	1.21214543540165e-27	No	No
Q6WCQ1	MPRIP	11.0091709938551	5.22048318727503e-28	No	No
Q6WN34	CHRDL2	8.57544176477552	7.24479484684692e-30	No	No
Q6XQN6	NAPRT	7.76002632369844	1.73065418992225e-22	No	No
Q6XZF7	DNMBP	3.07075927382786	1.7070179625859698e-11	No	No
Q6Y7W6	GIGYF2	5.71401175942444	1.16110507432328e-09	No	No
Q6YHK3	CD109	4.16120651401083	1.21533287176031e-13	No	No
Q6YN16	HSDL2	4.70225884659216	5.12489304344123e-11	No	No
Q6YP21	KYAT3	4.55537529015657	1.15916917083974e-10	No	No
Q6ZMI0	PPP1R21	7.49061746689877	6.90142998114827e-20	No	No
Q6ZMJ2	SCARA5	3.9952212392588	2.14977966774538e-08	No	No
Q6ZNJ1	NBEAL2	9.16778933283727	5.24961159884936e-29	No	No
Q6ZRP7	QSOX2	6.78974368835169	2.5132188111249702e-14	No	No
Q6ZRV2	FAM83H	2.86501663233399	2.24400891334652e-06	No	No
Q6ZRY4	RBPMS2	7.47396606336004	3.3514637939863604e-23	No	No
Q6ZS11	RINL	6.17536117048419	4.6220180237787104e-20	No	No
Q6ZSR9	gene	5.21924559746085	2.51973443820353e-13	No	No
Q6ZSS7	MFSD6	8.65466416433982	2.7704821204385397e-26	No	No
Q6ZSZ5	ARHGEF18	4.93680554295283	0.00014776900766	No	No
Q6ZT21	TMPPE	5.23494449584344	9.169205714645371e-19	No	No
Q6ZU35	CRACD	10.9398150032794	2.9883880699124296e-26	No	No
Q6ZUT6	CCDC9B	2.90297857760832	2.47189750280048e-08	No	No
Q6ZUX7	LHFPL2	8.37815436211433	1.38410859054912e-26	No	No
Q6ZVM7	TOM1L2	10.5990645365822	3.5698517899862897e-28	No	No
Q6ZWT7	MBOAT2	8.57417941065285	2.4938728969470902e-24	No	No
Q709C8	VPS13C	13.3769807982672	1.6156903004812802e-23	No	No
Q70IA6	MOB2	5.31126214994821	2.38189779190328e-10	No	No
Q70IA8	MOB3C	5.99663816186584	7.06497948083159e-22	No	No
Q70J99	UNC13D	7.11210108547136	4.79991300346033e-23	No	No
Q70UQ0	IKBIP	6.3671505438719	3.8712998458649205e-14	No	No
Q712K3	UBE2R2	3.79553670832147	6.87529195406325e-11	No	No
Q71RG4	TMUB2	7.08437393195245	2.07358456369985e-18	No	No
Q765P7	MTSS2	6.0392541185707	4.20623685862088e-16	No	No
Q76LX8	ADAMTS13	2.90423277778189	5.85208976595091e-10	No	No
Q7KZF4	SND1	6.38572859683316	6.11647189422982e-11	No	No
Q7KZI7	MARK2	5.94478259298533	2.79603561694753e-10	No	No
Q7KZN9	COX15	2.85884127725826	0.0043460767519514	No	No
Q7L0J3	SV2A	3.68611860866856	5.03357423442703e-07	No	No
Q7L1Q6	BZW1	9.01734804008688	3.2713373520111702e-24	No	No
Q7L1W4	LRRC8D	9.57437674788179	2.44159925930347e-13	No	No
Q7L2H7	EIF3M	8.38079394420545	9.60210538359078e-18	No	No
Q7L4E1	MIGA2	7.81396150936147	4.66499584190544e-13	No	No
Q7L576	CYFIP1	7.99207506518812	7.30433385885522e-23	No	No
Q7L591	DOK3	8.32009095508432	1.2375849010565401e-20	No	No
Q7L5D6	GET4	4.71634920260319	6.42774488359932e-12	No	No
Q7L5N1	COPS6	10.3763613217256	2.08847493980632e-33	No	No
Q7L5Y9	MAEA	4.30394587468804	9.076826018775701e-16	No	No
Q7L7X3	TAOK1	9.04095663049956	1.67431589041645e-24	No	No
Q7L8L6	FASTKD5	6.2975236269667	8.74320775586783e-21	No	No
Q7LBR1	CHMP1B	3.92124832857697	1.20454865412868e-09	No	No
Q7LDG7	RASGRP2	7.37728117725742	6.32648058728449e-20	No	No
Q7LFX5	CHST15	6.93350023812041	9.48425105569228e-17	No	No
Q7LG56	RRM2B	5.00096791377262	3.22181927579988e-08	No	No
Q7LGA3	HS2ST1	5.27159589014707	5.00316056734427e-21	No	No
Q7LGC8	CHST3	9.65659470495369	1.31758660141516e-28	No	No
Q7RTN6	STRADA	4.78162724674548	3.05361973521257e-16	No	No
Q7RTP0	NIPA1	3.07494865234777	5.02792547288479e-05	No	No
Q7RTP6	MICAL3	6.0676690415036	1.2714856625451902e-15	No	No
Q7Z2K6	ERMP1	9.77865085427427	7.391599979291399e-12	No	No
Q7Z2W4	ZC3HAV1	8.90368342572239	1.80679628370488e-24	No	No
Q7Z2W9	MRPL21	3.03481446201906	5.20756845297397e-10	No	No
Q7Z2Z2	EFL1	6.87088850611979	6.6433469556857796e-18	No	No
Q7Z304	MAMDC2	3.95430297802781	8.294198107762189e-11	No	No
Q7Z392	TRAPPC11	6.7416837405809	2.8647068605235897e-12	No	No
Q7Z3C6	ATG9A	8.17799025174268	9.07710900553188e-23	No	No
Q7Z3D4	LYSMD3	4.87004109055346	7.41857924688497e-18	No	No
Q7Z3D6	DGLUCY	4.39419474204035	3.03102846474217e-06	No	No
Q7Z3J2	VPS35L	5.58293733150032	2.30055547538848e-20	No	No
Q7Z3U7	MON2	5.94186345466866	2.7423116418744597e-13	No	No
Q7Z3V4	UBE3B	5.7916491092453	1.48869988623601e-14	No	No
Q7Z401	DENND4A	7.92032473661269	1.34031823085267e-18	No	No
Q7Z406	MYH14	13.1733385047258	8.74644256641073e-39	No	No
Q7Z422	SZRD1	3.0636383046216	3.07272085479805e-05	No	No
Q7Z434	MAVS	8.96370263346022	1.3367657164955e-28	No	No
Q7Z460	CLASP1	7.20381886974649	5.03165467179048e-20	No	No
Q7Z478	DHX29	7.28995853746747	3.47960864581674e-10	No	No
Q7Z4R8	C6orf120	7.53752249673047	1.14097465474212e-22	No	No
Q7Z4W1	DCXR	5.11598635116645	9.12294100581257e-12	No	No
Q7Z569	BRAP	4.23579869684782	3.1194489360747904e-09	No	No
Q7Z5G4	GOLGA7	6.20195927057306	8.3852761401806e-14	No	No
Q7Z5L7	PODN	5.97501224797974	1.2431890031399301e-20	No	No
Q7Z6B0	CCDC91	4.53992574479189	9.61791771690997e-10	No	No
Q7Z6K5	ARPIN	3.4762265760327	2.1806959631276497e-11	No	No
Q7Z6Z7	HUWE1	10.139657023005	2.05246231265413e-27	No	No
Q7Z7E8	UBE2Q1	5.49868290246633	1.0527277057674701e-19	No	No
Q7Z7G0	ABI3BP	3.80173449424172	3.13492068316964e-09	No	No
Q7Z7H5	TMED4	9.38264865812646	6.68784348202869e-23	No	No
Q7Z7N9	TMEM179B	2.71617235914043	0.0002619046729048	No	No
Q86SF2	GALNT7	2.94069476115253	8.33828351292579e-05	No	No
Q86SR1	GALNT10	4.19688399761146	7.46049033896595e-06	No	No
Q86SX6	GLRX5	4.19349842609614	1.56619564133985e-12	No	No
Q86SZ2	TRAPPC6B	5.55752627595836	1.52920575615946e-12	No	No
Q86T03	PIP4P1	5.85356846303913	7.14791434341194e-21	No	No
Q86TB9	PATL1	4.32323173411499	1.55503620927165e-05	No	No
Q86TH1	ADAMTSL2	5.74339773915732	3.6216627103387303e-20	No	No
Q86TI0	TBC1D1	2.83667803919325	3.60047260118851e-06	No	No
Q86TI2	DPP9	5.64157783378025	2.28745342475411e-08	No	No
Q86TP1	PRUNE1	11.0729784971595	9.130390267401759e-30	No	No
Q86TU7	SETD3	3.44921310074119	2.76204967647871e-07	No	No
Q86TV6	TTC7B	10.3393794063272	3.0453021108777904e-17	No	No
Q86TX2	ACOT1	2.13279493075695	4.1742936977223e-07	No	No
Q86UD1	OAF	2.67768349605425	1.07098947497123e-08	No	No
Q86UE4	MTDH	10.7029892041373	1.0448289140497699e-22	No	No
Q86UF1	TSPAN33	7.60007230922674	6.94072234430154e-23	No	No
Q86UN3	RTN4RL2	6.5722760859787	6.38820061394644e-21	No	No
Q86UP2	KTN1	11.8615183892408	9.44032382492295e-18	No	No
Q86UT6	NLRX1	9.35398004253074	2.66641985699898e-22	No	No
Q86UX2	ITIH5	2.52117830524773	0.0010975732882838	No	No
Q86UX7	FERMT3	3.25779446051933	8.59748225469459e-07	No	No
Q86UY8	NT5DC3	3.4492298403916	1.08293337830478e-08	No	No
Q86V48	LUZP1	4.41446048396828	1.42231581947221e-11	No	No
Q86VN1	VPS36	6.40874610312491	4.1087740196658306e-15	No	No
Q86VP3	PACS2	5.2143173351265	5.93836836214132e-10	No	No
Q86VP6	CAND1	6.95440043234182	1.03049326058518e-14	No	No
Q86VR2	RETREG3	5.597846891818	9.42076466394948e-21	No	No
Q86VS8	HOOK3	9.90971484700755	4.7970332217661004e-33	No	No
Q86VU5	COMTD1	3.79945798323246	3.7267553076362e-15	No	No
Q86VW0	SESTD1	6.27883637768497	1.31089906122871e-15	No	No
Q86VX2	COMMD7	4.89107161389144	1.63213687871895e-13	No	No
Q86VZ4	LRP11	2.65605864675364	0.0057920383193565	No	No
Q86W92	PPFIBP1	3.5764097353318	2.3438673754706903e-09	No	No
Q86WC4	OSTM1	3.07387084293625	1.96361025745431e-10	No	No
Q86WI1	PKHD1L1	10.8036657979116	1.72948201578108e-23	No	No
Q86WI3	NLRC5	4.31192052946709	3.33828467742388e-06	No	No
Q86WR0	CCDC25	5.55126574721376	2.48271679111801e-13	No	No
Q86WR7	PROSER2	10.0656616104284	5.525310455073601e-32	No	No
Q86WV6	STING1	4.96303058650137	7.83578922806737e-20	No	No
Q86X10	RALGAPB	6.5518723073513	2.63785243380456e-14	No	No
Q86X29	LSR	3.36908079565194	5.8639890332147e-07	No	No
Q86X55	CARM1	3.4906264831149	4.55182931819775e-10	No	No
Q86X76	NIT1	7.43836703333496	7.767207958199269e-11	No	No
Q86X83	COMMD2	4.0708000383133	6.48100511945836e-14	No	No
Q86XA9	HEATR5A	4.28659966014946	1.3652115378489799e-16	No	No
Q86XL3	ANKLE2	6.67908494192658	2.5903128615244802e-20	No	No
Q86XP1	DGKH	6.51446213762054	2.8762607860842e-20	No	No
Q86Y07	VRK2	6.39880469849201	2.12018050116685e-14	No	No
Q86Y39	NDUFA11	7.93665026222682	4.25108362448747e-27	No	No
Q86Y82	STX12	8.6595865423103	8.25210279188282e-24	No	No
Q86YB8	ERO1B	6.91413893344778	4.76233450188179e-18	No	No
Q86YL5	TDRP	7.7712364556609	1.44637674397038e-23	No	No
Q86YN1	DOLPP1	6.04113577669174	4.662950843677569e-11	No	No
Q86YS7	C2CD5	7.29785549884842	6.45784716538535e-26	No	No
Q86YW5	TREML1	7.27602380144458	2.45654850607888e-25	No	No
Q8IUD2	ERC1	7.75763363454916	5.94149682616064e-14	No	No
Q8IUI8	CRLF3	8.44647310612393	2.1518207859746997e-22	No	No
Q8IUK5	PLXDC1	8.37306247616316	8.53577609753056e-26	No	No
Q8IUK8	CBLN2	7.83680620377996	3.10689249658998e-26	No	No
Q8IUL8	CILP2	3.39947471484307	9.64973272616063e-08	No	No
Q8IUR0	TRAPPC5	7.24899176366226	1.53031370692545e-21	No	No
Q8IUR7	ARMC8	8.05988287043541	4.92615151042979e-24	No	No
Q8IUX7	AEBP1	7.48706155765796	3.52765682825957e-25	No	No
Q8IUZ5	PHYKPL	4.32784309094239	4.46035133763863e-06	No	No
Q8IV08	PLD3	4.26406302796102	9.54832048232695e-08	No	No
Q8IV38	ANKMY2	5.24480607137851	2.4685937711322602e-14	No	No
Q8IVB4	SLC9A9	10.1868281891141	4.73438288084837e-35	No	No
Q8IVT5	KSR1	8.69166656674934	1.71387061328238e-23	No	No
Q8IWA4	MFN1	4.59917817891654	5.15349952985029e-13	No	No
Q8IWA5	SLC44A2	9.5934724343179	1.53260981179534e-25	No	No
Q8IWB7	WDFY1	7.26196960947348	1.45990145567249e-22	No	No
Q8IWB9	TEX2	7.14585735908889	1.82252019140822e-13	No	No
Q8IWJ2	GCC2	6.15401840675268	5.08381016199057e-07	No	No
Q8IWL3	HSCB	2.24278037411266	9.23172932858632e-07	No	No
Q8IWP9	CCDC28A	2.7793361626198	1.2439550362663e-06	No	No
Q8IWR0	ZC3H7A	4.39853026685072	3.70128690432107e-17	No	No
Q8IWT0	ZBTB8OS	3.48125484831364	1.7203880446341098e-11	No	No
Q8IWT6	LRRC8A	9.53130222494095	1.27522520459098e-10	No	No
Q8IWV7	UBR1	7.43837743501799	2.32249725917453e-19	No	No
Q8IX07	ZFPM1	2.97326758902991	7.8647764568192e-05	No	No
Q8IX12	CCAR1	3.00090239405333	8.78527611126737e-07	No	No
Q8IXB1	DNAJC10	9.47369824986275	1.33453323320864e-29	No	No
Q8IXI1	RHOT2	7.3368638172635	3.62253552670286e-17	No	No
Q8IXI2	RHOT1	4.41225201345364	2.3778143063319997e-14	No	No
Q8IXJ6	SIRT2	7.84050442790072	2.78402434830646e-21	No	No
Q8IXK2	GALNT12	2.40958133982245	1.29621878136861e-05	No	No
Q8IXL6	FAM20C	3.02824114857723	3.5841701841399e-07	No	No
Q8IXQ6	PARP9	6.74411332032657	3.84143236122364e-20	No	No
Q8IY17	PNPLA6	6.93318405346448	1.16083611471437e-17	No	No
Q8IY21	DDX60	4.57687098471661	3.4185786338705796e-12	No	No
Q8IY22	CMIP	10.8352560703187	1.89376643549514e-28	No	No
Q8IY26	PLPP6	7.37930804044339	4.77858950256368e-13	No	No
Q8IY33	MICALL2	5.97541363192551	5.8578838916480706e-15	No	No
Q8IY92	SLX4	3.45227348079256	6.12573880251273e-14	No	No
Q8IY95	TMEM192	2.21547481406397	5.641131015247e-08	No	No
Q8IYB5	SMAP1	6.38242693510804	9.36087131258003e-23	No	No
Q8IYB7	DIS3L2	6.96813389331214	2.7049428712553203e-09	No	No
Q8IYD1	GSPT2	9.36708505397585	1.10255167077023e-26	No	No
Q8IYI6	EXOC8	8.15219325760388	5.487641965942891e-23	No	No
Q8IYQ7	THNSL1	5.46520540787496	1.59689348570205e-15	No	No
Q8IYS2	KIAA2013	4.39645409516251	5.4614934319156204e-17	No	No
Q8IYU8	MICU2	7.90685749094998	4.76952875579041e-22	No	No
Q8IZ07	ANKRD13A	6.42284596659198	1.08246741613064e-18	No	No
Q8IZ81	ELMOD2	3.33482967090428	4.71549995924664e-10	No	No
Q8IZ83	ALDH16A1	7.76222682681489	3.73122158804838e-19	No	No
Q8IZD0	SAMD14	6.68540234991666	7.78210355122678e-20	No	No
Q8IZF2	ADGRF5	6.50689804368067	1.1855936589155501e-20	No	No
Q8IZH2	XRN1	7.56647253872627	1.7204436569620298e-12	No	No
Q8IZP0	ABI1	11.7227228001358	4.14474843777386e-36	No	No
Q8IZP7	HS6ST3	5.84927536954257	1.27368121030165e-17	No	No
Q8IZP9	ADGRG2	2.93259765654705	9.44082701696118e-07	No	No
Q8N0U8	VKORC1L1	6.13999517903267	1.95993998762268e-14	No	No
Q8N0X7	SPART	5.60896338939966	1.86875686096516e-22	No	No
Q8N0Z6	TTC5	6.7919415577593	1.25892488826256e-14	No	No
Q8N122	RPTOR	3.71622329331249	4.82451221861163e-08	No	No
Q8N128	FAM177A1	5.45131617151749	5.14342825642365e-19	No	No
Q8N129	CNPY4	3.22466641677126	4.32226908067435e-07	No	No
Q8N163	CCAR2	4.41228650690807	1.29551944056788e-12	No	No
Q8N183	NDUFAF2	5.50790238244828	2.50494976992542e-13	No	No
Q8N1B4	VPS52	7.54535926021375	1.34205529016317e-11	No	No
Q8N1G4	LRRC47	7.68903333433482	1.070694593722e-15	No	No
Q8N1Q1	CA13	3.7737324100927	1.47109452380267e-10	No	No
Q8N2F6	ARMC10	5.60479771772464	9.556487081374161e-14	No	No
Q8N2G8	GHDC	6.53473061516253	8.01229858124538e-18	No	No
Q8N2K0	ABHD12	5.54884578937127	8.8693792842494e-12	No	No
Q8N2Q7	NLGN1	5.95254184722834	2.7511167197755e-07	No	No
Q8N2S1	LTBP4	7.83469685458623	2.53688487865325e-30	No	No
Q8N307	MUC20	5.05891186607776	1.2695068227492798e-18	No	No
Q8N335	GPD1L	5.97431052141901	6.23368170188855e-17	No	No
Q8N392	ARHGAP18	5.13256082837375	1.5683921986961502e-14	No	No
Q8N3C0	ASCC3	6.74575104896458	2.7305011736575804e-25	No	No
Q8N3D4	EHBP1L1	8.88044038100626	7.61747285260681e-32	No	No
Q8N3F0	MTURN	4.30127770594247	9.01688708920294e-10	No	No
Q8N3F8	MICALL1	4.13159777236877	4.42398304948557e-08	No	No
Q8N3P4	VPS8	6.73987945993615	1.65367818416049e-14	No	No
Q8N3T1	GALNT15	7.90707384840891	6.31692519605493e-23	No	No
Q8N3T6	TMEM132C	2.34505042901809	8.1877505655553e-06	No	No
Q8N423	LILRB2	2.51246199500554	5.10870297118714e-07	No	No
Q8N436	CPXM2	4.2428428084275	1.99952943190067e-12	No	No
Q8N490	PNKD	7.91744918163903	5.22955710862592e-27	No	No
Q8N4C8	MINK1	7.8469406794064	4.22679234572753e-20	No	No
Q8N4L2	PIP4P2	8.02192120819984	2.39003442259125e-21	No	No
Q8N4Q0	ZADH2	4.26947934601558	2.89251606554187e-13	No	No
Q8N4Q1	CHCHD4	2.38389467164044	6.37475433675463e-06	No	No
Q8N4V1	MMGT1	5.47383561277806	6.10872545692173e-19	No	No
Q8N4X5	AFAP1L2	2.70597966376584	0.0016572214613757	No	No
Q8N556	AFAP1	3.3536419024003	1.83907968230527e-06	No	No
Q8N573	OXR1	8.24815633839411	3.93492947993849e-27	No	No
Q8N5C1	CALHM5	9.85229843922262	8.123534779655521e-20	No	No
Q8N5C8	TAB3	4.66615652120458	3.8614893816621604e-14	No	No
Q8N5H3	FAM89B	4.54577844213965	2.6573539372188297e-16	No	No
Q8N5I2	ARRDC1	3.4124132994702	2.83389878404515e-06	No	No
Q8N5J2	MINDY1	7.00971696515623	3.32958891776361e-17	No	No
Q8N5K1	CISD2	10.663784402047	4.249775096170771e-31	No	No
Q8N5M4	TTC9C	3.79661342399027	6.638926360986871e-10	No	No
Q8N5M9	JAGN1	5.52311418807447	6.062372886125971e-20	No	No
Q8N5W9	RFLNB	5.30349152880786	1.2106289702387401e-19	No	No
Q8N668	COMMD1	2.24315369826307	1.07678811661612e-07	No	No
Q8N699	MYCT1	6.98078370535977	6.66724511403697e-24	No	No
Q8N6H7	ARFGAP2	6.62175712829525	6.74884346677236e-17	No	No
Q8N6L1	KRTCAP2	6.0870175843561	1.97464600485146e-19	No	No
Q8N6T3	ARFGAP1	6.76617396012933	1.03751291945027e-13	No	No
Q8N766	EMC1	8.73791343257952	2.29377239478649e-23	No	No
Q8N8J7	FAM241A	5.07654550796458	9.09253516492849e-20	No	No
Q8N8S7	ENAH	5.67637357990676	4.0188024444507195e-12	No	No
Q8N8Y2	ATP6V0D2	6.24127594591379	1.2605998897094201e-23	No	No
Q8N9M5	TMEM102	7.20006900127449	1.7037264223565801e-09	No	No
Q8N9N2	ASCC1	5.95864163009247	1.02195524789932e-15	No	No
Q8N9N7	LRRC57	8.07329960422586	2.0313156823268001e-10	No	No
Q8N9N8	EIF1AD	2.98031428415204	1.47301740498178e-06	No	No
Q8N9U0	TC2N	9.39086049487773	3.49236560874757e-24	No	No
Q8NB16	MLKL	4.76840440927045	2.01088998855016e-14	No	No
Q8NB37	GATD1	4.80207185695625	2.4031322395369202e-14	No	No
Q8NB49	ATP11C	2.72525107275096	6.98488300152049e-06	No	No
Q8NB90	SPATA5	4.626625164482	4.005373328484111e-15	No	No
Q8NBF2	NHLRC2	9.92846364893047	4.90433887412581e-22	No	No
Q8NBF6	AVL9	2.45882479192166	9.4593921750813e-06	No	No
Q8NBI5	SLC43A3	6.51960523520459	1.02884134993617e-23	No	No
Q8NBJ4	GOLM1	5.56020951644672	1.47524962944452e-14	No	No
Q8NBJ5	COLGALT1	6.66000217519369	1.70881032706577e-08	No	No
Q8NBJ7	SUMF2	6.55880657304383	4.3576834972478e-16	No	No
Q8NBK3	SUMF1	2.32050043794018	2.91342665486439e-05	No	No
Q8NBM8	PCYOX1L	7.26770800151468	1.6836720926696498e-18	No	No
Q8NBN3	TMEM87A	3.42389233619025	6.80652567495958e-10	No	No
Q8NBN7	RDH13	2.87402021627679	1.44929135648616e-06	No	No
Q8NBP7	PCSK9	6.65003852794382	2.5387847483695598e-22	No	No
Q8NBQ5	HSD17B11	7.66798319231598	6.49887357711626e-20	No	No
Q8NBR6	MINDY2	5.62445839619521	1.59961216260992e-11	No	No
Q8NBS9	TXNDC5	6.9335461973107	5.010947667227019e-12	No	No
Q8NBU5	ATAD1	5.88501871406001	1.45061765499157e-06	No	No
Q8NBX0	SCCPDH	10.9211583194626	1.08080317482711e-32	No	No
Q8NBZ7	UXS1	7.72293597721736	1.05754262705355e-21	No	No
Q8NC44	RETREG2	4.75812532227998	5.713692952817691e-17	No	No
Q8NC51	SERBP1	6.38424237111029	7.1611798646012e-11	No	No
Q8NC56	LEMD2	4.55142918494562	3.27797351309896e-14	No	No
Q8NCA5	FAM98A	5.86638438302754	3.0304604566762504e-15	No	No
Q8NCE2	MTMR14	5.01935649488578	6.9291708179979195e-12	No	No
Q8NCG7	DAGLB	6.28109533056973	1.5376931619997602e-14	No	No
Q8NCH0	CHST14	3.82601078973591	0.0093558049660273	No	No
Q8NCN5	PDPR	7.26524058660836	1.77072526667076e-21	No	No
Q8NCW5	NAXE	8.0767101757837	2.98537326002439e-13	No	No
Q8ND04	SMG8	5.84473574936667	7.71830435100456e-20	No	No
Q8ND24	RNF214	4.87853448554332	1.46305041894991e-10	No	No
Q8ND56	LSM14A	7.13627154813348	3.69194338442288e-23	No	No
Q8ND76	CCNY	7.64485439719586	2.08308444619908e-22	No	No
Q8ND90	PNMA1	3.02877621341906	1.52285413759982e-10	No	No
Q8NDA2	HMCN2	6.36345484330276	1.52326847011826e-14	No	No
Q8NDA8	MROH1	3.80617516100737	1.80678655052199e-08	No	No
Q8NDB2	BANK1	10.7462474139749	4.66011334420198e-16	No	No
Q8NDH3	NPEPL1	3.02750105386875	7.05511273584059e-05	No	No
Q8NDI1	EHBP1	3.32335675716421	1.03453210794471e-08	No	No
Q8NDX1	PSD4	5.89715017140436	3.3380517949015704e-09	No	No
Q8NDZ4	DIPK2A	5.47644783166822	3.88134772001064e-11	No	No
Q8NE00	TMEM104	5.3737718021016	1.08830976696834e-19	No	No
Q8NE01	CNNM3	5.4799172006467	1.22438644627596e-08	No	No
Q8NE71	ABCF1	7.90093965631515	5.863610579471061e-15	No	No
Q8NE86	MCU	7.51595094907482	3.82243847819596e-20	No	No
Q8NEB9	PIK3C3	6.05421620406613	2.36664409633341e-14	No	No
Q8NEN9	PDZD8	6.40315035945522	1.10519003697656e-13	No	No
Q8NEU8	APPL2	8.60591454361436	1.40445358883919e-27	No	No
Q8NEW0	SLC30A7	6.12847065776288	1.03990184567283e-19	No	No
Q8NEZ2	VPS37A	5.96197772990493	7.568536373801331e-15	No	No
Q8NF37	LPCAT1	6.75082937516575	7.6147393050331e-13	No	No
Q8NF50	DOCK8	11.2923767055284	1.56314217519264e-24	No	No
Q8NFA0	USP32	2.40919296851095	0.0006480009360455	No	No
Q8NFF5	FLAD1	6.00099468000157	3.36298946703137e-18	No	No
Q8NFG4	FLCN	2.88554311354203	9.6010621445522e-08	No	No
Q8NFH3	NUP43	4.88254033525773	3.1928194722158e-08	No	No
Q8NFH8	REPS2	5.93930067663108	6.971355159152071e-09	No	No
Q8NFL0	B3GNT7	3.13645986275671	2.76178580601105e-05	No	No
Q8NFQ8	TOR1AIP2	8.03361955594296	1.63849751938887e-22	No	No
Q8NFV4	ABHD11	9.5153674102864	5.31550132155105e-21	No	No
Q8NFY4	SEMA6D	8.57139546978592	2.18272980417497e-05	No	No
Q8NG06	TRIM58	10.3305975016927	2.57097803756387e-29	No	No
Q8NG11	TSPAN14	8.70217428603992	3.48695707894315e-26	No	No
Q8NHG7	SVIP	7.3608251290346	1.27501955035312e-20	No	No
Q8NHG8	ZNRF2	4.56534106489114	4.31707210235245e-13	No	No
Q8NHH9	ATL2	8.10860447528211	1.43561900840991e-08	No	No
Q8NHP6	MOSPD2	3.63951079803441	1.1214580539943999e-12	No	No
Q8NHP8	PLBD2	3.54254193536355	1.70815054723616e-07	No	No
Q8NHU6	TDRD7	2.54198532850216	0.0005534879367424	No	No
Q8NHV4	NEDD1	4.95001350974719	2.60640806032168e-09	No	No
Q8NI08	NCOA7	9.86420989263093	6.12345472570808e-18	No	No
Q8NI22	MCFD2	4.4740187695929	7.07194270824714e-16	No	No
Q8NI99	ANGPTL6	6.14065414020663	9.84732289364848e-21	No	No
Q8TAB3	PCDH19	4.93792564686912	1.10716257355055e-12	No	No
Q8TAD4	SLC30A5	3.91200627449552	1.3878743499888402e-15	No	No
Q8TAD7	OCC1	3.45635676602596	1.64504481922008e-13	No	No
Q8TAF3	WDR48	2.48186872086569	1.55056302300674e-07	No	No
Q8TAG9	EXOC6	3.33697596427103	1.58305617045062e-09	No	No
Q8TAT6	NPLOC4	7.8597947695845	6.27397248505589e-17	No	No
Q8TB03	CXorf38	2.97519156653034	2.10509959639905e-08	No	No
Q8TB24	RIN3	6.82600193654203	6.24701135693703e-11	No	No
Q8TB36	GDAP1	5.92006485366404	2.95949076944485e-07	No	No
Q8TB40	ABHD4	5.48564928482337	3.342480670491e-20	No	No
Q8TB61	SLC35B2	3.04365831960125	1.14890800889651e-06	No	No
Q8TB96	ITFG1	7.205489899088	3.92708090373417e-16	No	No
Q8TBA6	GOLGA5	3.74581484037729	1.3148499018482e-09	No	No
Q8TBC4	UBA3	8.11970107085431	3.60174301701305e-24	No	No
Q8TBF2	PRXL2B	5.79713352127998	3.5026023718483496e-11	No	No
Q8TBP5	FAM174A	2.68481471974087	4.27748164900335e-08	No	No
Q8TBQ9	TMEM167A	4.43076933454093	5.97674257624789e-13	No	No
Q8TBX8	PIP4K2C	7.17384706389496	4.68896960822998e-10	No	No
Q8TC05	MDM1	5.30895725703919	6.80364527918183e-14	No	No
Q8TC07	TBC1D15	9.99186341520122	4.2325410916582003e-26	No	No
Q8TC12	RDH11	7.21268568393381	5.592134136514881e-23	No	No
Q8TC26	TMEM163	4.56062798501821	4.0865453249049095e-18	No	No
Q8TCD5	NT5C	5.20510305861591	5.4717955934084296e-12	No	No
Q8TCJ2	STT3B	7.49824248673414	1.76707367699627e-16	No	No
Q8TCS8	PNPT1	11.4817435962395	4.03959916156159e-16	No	No
Q8TCT9	HM13	8.87936041260486	1.33214350161597e-24	No	No
Q8TCZ2	CD99L2	5.90271469324686	2.7315129836258e-19	No	No
Q8TD06	AGR3	7.94549365629621	6.090146242436511e-09	No	No
Q8TD16	BICD2	10.056410864582	1.87356940976896e-21	No	No
Q8TD19	NEK9	9.82783992184202	1.19343163517866e-31	No	No
Q8TD43	TRPM4	6.66841986966263	6.950742426021039e-16	No	No
Q8TD55	PLEKHO2	11.182421309291	4.5849327378228196e-26	No	No
Q8TDB6	DTX3L	7.25074580194479	2.78398068307847e-17	No	No
Q8TDH9	BLOC1S5	3.36014724709197	0.0008308164929437	No	No
Q8TDL5	BPIFB1	3.10109180235657	3.79472304496177e-07	No	No
Q8TDW0	LRRC8C	7.90702744971829	5.6847678538882904e-09	No	No
Q8TDW7	FAT3	4.02854982880049	0.00012755012782	No	No
Q8TDX7	NEK7	6.7006638208246	4.19669671010459e-18	No	No
Q8TDZ2	MICAL1	8.44389720109847	1.62946492196117e-29	No	No
Q8TE77	SSH3	6.59913949985321	9.4302656326662e-15	No	No
Q8TEA7	TBCK	2.10009434229308	4.40390771414153e-07	No	No
Q8TEA8	DTD1	4.59968722295008	1.91607107976396e-12	No	No
Q8TEB1	DCAF11	3.5682328980421	1.19616883714086e-06	No	No
Q8TEQ0	SNX29	4.79615078419024	2.62079292414051e-13	No	No
Q8TEQ6	GEMIN5	3.8750865806862	3.961507587674491e-09	No	No
Q8TER0	SNED1	2.6458650953204	2.97211266941272e-07	No	No
Q8TEW0	PARD3	9.48805116800849	2.09170004681827e-23	No	No
Q8TEX9	IPO4	4.18840061038258	3.14978667907558e-07	No	No
Q8TF05	PPP4R1	5.75509668783154	3.2925693988015005e-16	No	No
Q8TF42	UBASH3B	7.75372153405146	1.5361301421342302e-20	No	No
Q8TF64	GIPC3	4.43767516319652	9.152573980661502e-16	No	No
Q8TF66	LRRC15	7.61889190840696	1.12818230864546e-17	No	No
Q8WTS1	ABHD5	4.31682736339136	8.89503864424938e-16	No	No
Q8WTW3	COG1	5.24636311817019	8.24711148797452e-19	No	No
Q8WU76	SCFD2	6.32153336443957	2.31397897138564e-21	No	No
Q8WU79	SMAP2	8.20346098683715	9.55967789931252e-10	No	No
Q8WUA7	TBC1D22A	3.52023875696256	5.1120435057383296e-11	No	No
Q8WUA8	TSKU	3.93392853090808	9.44525710386002e-12	No	No
Q8WUD1	RAB2B	7.17644728009994	2.47276287882347e-18	No	No
Q8WUH6	TMEM263	6.17409220041427	4.2996417001318505e-19	No	No
Q8WUJ3	CEMIP	6.49461175746373	4.96766127518416e-09	No	No
Q8WUM0	NUP133	2.32111063450704	0.0039424058505858	No	No
Q8WUM4	PDCD6IP	7.41357479913032	9.5760755787004e-16	No	No
Q8WUT4	LRRN4	6.45214591584073	9.41426452850609e-08	No	No
Q8WUW1	BRK1	10.1452956493121	2.798719177225e-26	No	No
Q8WUX9	CHMP7	7.21863146986703	6.22105337108168e-13	No	No
Q8WUY1	THEM6	3.99891969493496	1.22862577506857e-14	No	No
Q8WUY3	PRUNE2	6.21412155013884	5.305351275257041e-09	No	No
Q8WV99	ZFAND2B	4.8567307135025	1.6298325810314902e-19	No	No
Q8WVC6	DCAKD	7.43310483077277	4.3272660322393204e-21	No	No
Q8WVJ2	NUDCD2	4.63835343473277	1.0815746865426e-07	No	No
Q8WVM8	SCFD1	6.39378014399475	2.21063351600907e-15	No	No
Q8WVQ1	CANT1	3.96721322271872	3.00008494103543e-06	No	No
Q8WVR3	TRAPPC14	4.46630382555665	3.4681442489546e-08	No	No
Q8WVT3	TRAPPC12	7.1132454451957	3.58795079798682e-21	No	No
Q8WVX9	FAR1	3.83188585675645	5.4561839993008704e-14	No	No
Q8WW12	PCNP	3.15275275694949	3.67103103495321e-05	No	No
Q8WW22	DNAJA4	3.6814210279334	2.61327959127831e-07	No	No
Q8WW59	SPRYD4	7.00450185978739	2.44130351216354e-23	No	No
Q8WWA0	ITLN1	4.76587541176902	1.21507878599686e-10	No	No
Q8WWA1	TMEM40	7.32484517315607	1.24771835431653e-16	No	No
Q8WWC4	MAIP1	4.74169651178564	5.43136662515233e-11	No	No
Q8WWI5	SLC44A1	10.7061800293702	7.92409076999855e-32	No	No
Q8WWM7	ATXN2L	7.04401861400447	3.48322600588005e-11	No	No
Q8WWQ8	STAB2	3.81503877098412	5.39582397138528e-05	No	No
Q8WWV6	FCAMR	4.21275458081469	1.4559561016761599e-12	No	No
Q8WWY8	LIPH	6.02334766814744	2.27094330786497e-08	No	No
Q8WWZ8	OIT3	3.85078803782427	1.80711401447262e-13	No	No
Q8WXD2	SCG3	5.84787149969428	1.6753824159682102e-19	No	No
Q8WXE9	STON2	9.83539534730948	6.64231529589809e-28	No	No
Q8WXF7	ATL1	9.96932893517552	1.86359371678582e-30	No	No
Q8WXG6	MADD	9.52758969308414	1.07280276230346e-29	No	No
Q8WXX5	DNAJC9	7.48433787835508	2.30788640252528e-08	No	No
Q8WY22	BRI3BP	4.8910875113969	1.0100352555228201e-15	No	No
Q8WYL5	SSH1	5.99579234490993	2.81422768693091e-12	No	No
Q8WYN0	ATG4A	6.59398724761971	1.49572626618042e-24	No	No
Q8WZA0	LZIC	8.34897807468681	4.88884193414946e-24	No	No
Q8WZA1	POMGNT1	3.69040110577495	9.41934322514744e-07	No	No
Q8WZA9	IRGQ	6.24557291795803	9.39464611654815e-13	No	No
Q92187	ST8SIA4	10.0590401174617	7.97627725599571e-31	No	No
Q92496	CFHR4	3.56247611265031	2.04840935739605e-06	No	No
Q92499	DDX1	9.65242662000072	2.6132222011213997e-31	No	No
Q92504	SLC39A7	4.696325428782	3.18184411042955e-14	No	No
Q92506	HSD17B8	4.15057568211007	1.3460286629563799e-11	No	No
Q92508	PIEZO1	3.30940654182273	2.45136674544914e-12	No	No
Q92530	PSMF1	7.81220248258055	1.44165385011277e-16	No	No
Q92538	GBF1	10.88176452232	1.6755324305241302e-25	No	No
Q92539	LPIN2	6.50051238254422	1.26541651638025e-19	No	No
Q92542	NCSTN	5.33738792809509	2.04120427843684e-09	No	No
Q92544	TM9SF4	7.8436253227668	1.79936739564169e-19	No	No
Q92551	IP6K1	3.47507053045177	2.6804337223064897e-12	No	No
Q92552	MRPS27	2.80592108288143	1.17630820705264e-05	No	No
Q92556	ELMO1	9.32461792639188	7.60439653782743e-23	No	No
Q92558	WASF1	10.1004989408345	1.25981793545305e-22	No	No
Q92562	FIG4	2.92311387169016	0.0003605933371285	No	No
Q92572	AP3S1	8.01754519345216	1.16474568756474e-20	No	No
Q92574	TSC1	3.87205550024583	2.72898994106256e-05	No	No
Q92575	UBXN4	6.60183599194227	7.89517306043052e-21	No	No
Q92597	NDRG1	5.9489437048067	3.67236490138601e-07	No	No
Q92598	HSPH1	10.0067605459349	1.1235340180673e-26	No	No
Q92599	SEPTIN8	2.12966368723535	0.001082984978563	No	No
Q92600	CNOT9	5.03867255592775	1.84381873199083e-16	No	No
Q92608	DOCK2	3.21027918657896	8.47700312259072e-06	No	No
Q92609	TBC1D5	8.16847743889278	5.13503651171366e-17	No	No
Q92614	MYO18A	10.0546678636389	3.4434908246526095e-30	No	No
Q92616	GCN1	8.66774079244971	1.8259847165408297e-18	No	No
Q92619	ARHGAP45	7.71005085450367	1.31333375995256e-23	No	No
Q92620	DHX38	4.58140705962802	6.36988242716137e-08	No	No
Q92625	ANKS1A	9.04555297811218	2.01402777301934e-24	No	No
Q92673	SORL1	12.9977593651768	3.7561448423489003e-32	No	No
Q92685	ALG3	3.00976945262762	8.932475794499461e-10	No	No
Q92686	NRGN	5.17958925114526	5.15619458148528e-18	No	No
Q92688	ANP32B	6.96714455076731	4.2845689188393e-23	No	No
Q92692	NECTIN2	8.00208356651166	1.4791901096060699e-18	No	No
Q92696	RABGGTA	7.99664529396798	2.97978000645136e-19	No	No
Q92734	TFG	8.64067132314576	6.1267738641871e-20	No	No
Q92747	ARPC1A	6.89796135825553	6.38658689410551e-24	No	No
Q92752	TNR	6.67055256928657	0.0001506074388962	No	No
Q92783	STAM	4.88931164857452	8.5434617982871e-12	No	No
Q92805	GOLGA1	5.24249482154669	3.12879624798974e-11	No	No
Q92823	NRCAM	6.9320237915368	3.52514078699968e-16	No	No
Q92824	PCSK5	7.28998222457425	4.21031325293595e-07	No	No
Q92835	INPP5D	9.15358056383149	4.392179947597e-21	No	No
Q92841	DDX17	2.97426294687439	0.0039078475313594	No	No
Q92844	TANK	3.18445261435575	1.08863510187606e-06	No	No
Q92854	SEMA4D	3.37978137690098	7.67432232407846e-08	No	No
Q92859	NEO1	4.96024311461038	8.41850552151154e-13	No	No
Q92882	OSTF1	7.52047380350994	1.24851144313268e-24	No	No
Q92888	ARHGEF1	9.6641863220995	2.11937989696727e-16	No	No
Q92890	UFD1	7.27863341989252	8.75824892791626e-19	No	No
Q92896	GLG1	7.98481887838994	3.5360308724552596e-11	No	No
Q92900	UPF1	7.89798765892503	9.92034806543318e-19	No	No
Q92902	HPS1	4.23298670125615	1.35893011520106e-09	No	No
Q92905	COPS5	11.0868669913772	1.31441167939169e-32	No	No
Q92930	RAB8B	4.40692996201496	8.12778351644178e-11	No	No
Q92934	BAD	3.56920089658361	7.161908327431779e-11	No	No
Q92947	GCDH	6.25622602101552	4.27153703758652e-12	No	No
Q92963	RIT1	5.25254016052654	9.09384576431515e-12	No	No
Q92973	TNPO1	8.58936366370258	1.6467092227137001e-18	No	No
Q92974	ARHGEF2	8.70850203620253	4.1430267636263004e-26	No	No
Q92982	NINJ1	4.50854896948084	6.11465505832858e-13	No	No
Q93008	USP9X	11.4911287587348	2.5330201235998898e-11	No	No
Q93009	USP7	7.83104195756686	1.78684822249218e-20	No	No
Q93034	CUL5	6.69331497358848	1.08717992989347e-17	No	No
Q93050	ATP6V0A1	8.76659037062014	1.11188826404184e-20	No	No
Q93052	LPP	7.29625644543344	3.9735659746179798e-22	No	No
Q93084	ATP2A3	7.59880046189212	1.13385579122084e-25	No	No
Q93096	PTP4A1	4.80970829159408	9.18317108303591e-09	No	No
Q93099	HGD	4.64319927671135	4.07088958955326e-16	No	No
Q93100	PHKB	5.32907383010887	1.10198220983526e-08	No	No
Q969E2	SCAMP4	6.16542774917703	2.57649252101387e-23	No	No
Q969H8	MYDGF	4.40681411996605	7.4177605895508e-09	No	No
Q969J3	BORCS5	5.92509227854858	4.86399396176414e-19	No	No
Q969M1	TOMM40L	4.72900223747912	2.83333904140187e-08	No	No
Q969M3	YIPF5	5.02525545766752	8.64391124740806e-17	No	No
Q969M7	UBE2F	6.09934313818247	7.556129103836971e-23	No	No
Q969P0	IGSF8	2.5143583861168	0.0002940025875595	No	No
Q969S0	SLC35B4	4.41795538821436	2.46169381668905e-17	No	No
Q969T3	SNX21	5.11216111661731	0.0010054848284654	No	No
Q969T9	WBP2	3.01928766022248	9.45804836567702e-06	No	No
Q969U7	PSMG2	3.01607346448617	9.853237163195581e-09	No	No
Q969V3	NCLN	9.48518239778565	3.8083164684545397e-16	No	No
Q969V6	MRTFA	2.96831190087831	1.0250922710835202e-09	No	No
Q969X0	RILPL2	7.63282902007802	1.06815374361158e-25	No	No
Q969X1	TMBIM1	6.95340540642634	9.178194504573201e-24	No	No
Q969X5	ERGIC1	7.36873251291813	1.8837340949323199e-22	No	No
Q969Z0	TBRG4	4.67559485606228	1.05208569574819e-07	No	No
Q96A00	PPP1R14A	4.58743489172543	5.34631657199662e-13	No	No
Q96A26	FAM162A	9.67384783387854	4.12172390055145e-28	No	No
Q96A33	CCDC47	6.92635661148304	4.24310559309938e-24	No	No
Q96A35	MRPL24	3.3198976726589	6.61509900145368e-12	No	No
Q96A49	SYAP1	7.70710570216989	1.02374194277668e-21	No	No
Q96A65	EXOC4	8.87783889717639	3.65924424615182e-21	No	No
Q96AA3	RFT1	4.08873239568236	2.7638017511156796e-11	No	No
Q96AB3	ISOC2	6.09069094432842	3.8347357894576e-20	No	No
Q96AC1	FERMT2	7.72152300952908	5.331506078010211e-15	No	No
Q96AE4	FUBP1	9.40439762311711	1.56332144039116e-06	No	No
Q96AG3	SLC25A46	2.45894510050065	6.320407156299541e-09	No	No
Q96AG4	LRRC59	12.0322311777028	5.67985238397888e-29	No	No
Q96AP7	ESAM	8.49073080584311	2.42864690697479e-21	No	No
Q96AX1	VPS33A	5.06793258767529	4.1992830030901795e-18	No	No
Q96AX2	RAB37	10.6676768080181	8.74420532583578e-32	No	No
Q96AY3	FKBP10	2.18315210955653	7.51225132601006e-05	No	No
Q96B36	AKT1S1	6.76955313389411	1.32503015220909e-13	No	No
Q96B45	BORCS7	5.79550802295046	1.2106012485544802e-19	No	No
Q96B97	SH3KBP1	6.33310119521123	2.0984577495127797e-11	No	No
Q96BJ3	AIDA	5.19665547826648	1.14938142183905e-13	No	No
Q96BM9	ARL8A	7.19726151641468	8.047815086765181e-14	No	No
Q96BN8	OTULIN	5.22547328045997	1.08625873536372e-16	No	No
Q96BS2	TESC	8.36979899908781	1.5319863038831e-25	No	No
Q96BW1	UPRT	2.19922279415274	0.000179312075873	No	No
Q96BX8	MOB3A	2.2616540450078	1.34884420205578e-07	No	No
Q96BY6	DOCK10	8.95972059497811	2.60108549060828e-24	No	No
Q96BY7	ATG2B	4.99678102076799	5.2809370085045104e-14	No	No
Q96BZ4	PLD4	7.38991442843432	3.50979002920064e-10	No	No
Q96BZ9	TBC1D20	4.35083098258659	3.11162720517218e-05	No	No
Q96C19	EFHD2	6.5024455435911	9.212486477032371e-17	No	No
Q96C24	SYTL4	8.79152681960431	2.12991955427186e-23	No	No
Q96C36	PYCR2	4.54030044442209	3.4602112562751995e-12	No	No
Q96C86	DCPS	6.26376979024015	6.17392529407437e-20	No	No
Q96CD2	PPCDC	5.06824833780768	4.51698962982429e-12	No	No
Q96CN4	EVI5L	6.20949490792555	2.61705168566403e-14	No	No
Q96CN7	ISOC1	4.1679118994056	1.16612535301014e-08	No	No
Q96CN9	GCC1	2.53730462135743	1.20494754139991e-06	No	No
Q96CS3	FAF2	7.69339613156814	9.211515186792801e-22	No	No
Q96CV9	OPTN	8.25770263254211	3.7629876037599804e-19	No	No
Q96CW1	AP2M1	4.89125212430419	0.0004286930768805	No	No
Q96CW5	TUBGCP3	7.78061475591784	4.07711687130461e-18	No	No
Q96CX2	KCTD12	2.36236395660955	0.0002078622608063	No	No
Q96D15	RCN3	5.1114598189651	3.04939615853896e-17	No	No
Q96D31	ORAI1	2.99059743415202	4.35922418439543e-06	No	No
Q96D71	REPS1	5.04099238471319	1.46824603564436e-12	No	No
Q96DA0	ZG16B	8.21885916877006	3.17919307193169e-30	No	No
Q96DA6	DNAJC19	2.88699686286628	2.06629751346167e-07	No	No
Q96DB5	RMDN1	3.12526227627937	1.55285231067182e-05	No	No
Q96DH6	MSI2	2.14275768314873	0.0082151462939297	No	No
Q96DM3	RMC1	4.26958206293526	5.76140578616823e-13	No	No
Q96DT0	LGALS12	4.34282783039249	4.40374564524373e-16	No	No
Q96DU3	SLAMF6	2.0997509317169	4.85015754212351e-06	No	No
Q96DV4	MRPL38	3.09658368261864	3.61134513059568e-08	No	No
Q96DZ1	ERLEC1	6.97229244373438	5.17524597139892e-11	No	No
Q96DZ9	CMTM5	7.74009826623151	2.79727562400588e-20	No	No
Q96E11	MRRF	3.92350290679404	0.0001420459331678	No	No
Q96E17	RAB3C	8.45285600116876	7.49531231120372e-30	No	No
Q96EC8	YIPF6	2.34769273978334	2.5907419395322e-07	No	No
Q96EE3	SEH1L	3.60852576042852	1.54621879294194e-11	No	No
Q96EK5	KIFBP	4.52630702082005	1.14311392265338e-07	No	No
Q96EK6	GNPNAT1	3.64346712351025	4.388144007875299e-12	No	No
Q96EK7	FAM120B	5.27662727843684	1.83183372378864e-18	No	No
Q96EM0	L3HYPDH	4.59973653678724	1.08027125085694e-12	No	No
Q96EP0	RNF31	6.1679378881582	1.30890439346505e-16	No	No
Q96EP5	DAZAP1	4.98743534565818	8.47602274836385e-14	No	No
Q96EQ0	SGTB	10.5373935364855	5.82654081880827e-11	No	No
Q96ER9	CCDC51	6.07176726068958	5.18690552388651e-06	No	No
Q96EV8	DTNBP1	4.15894229343449	2.67027042187399e-08	No	No
Q96EY1	DNAJA3	8.66867997628399	6.95530735355036e-28	No	No
Q96EY8	MMAB	8.24044026039788	7.56411990237882e-24	No	No
Q96F24	NRBF2	3.53518068401134	2.8292801620129697e-11	No	No
Q96F46	IL17RA	7.02342336663684	3.67654386146484e-09	No	No
Q96FE7	PIK3IP1	2.98602072522159	1.60405685818208e-06	No	No
Q96FN4	CPNE2	3.78251044437413	6.17762240465711e-12	No	No
Q96FS4	SIPA1	3.64329887887194	1.61065503446092e-07	No	No
Q96FW1	OTUB1	6.50312579115955	1.5897421472493998e-19	No	No
Q96FZ7	CHMP6	7.1520980260533	6.56863870270839e-19	No	No
Q96G03	PGM2	6.39692879436324	4.1829016560478397e-16	No	No
Q96G23	CERS2	10.0324701984265	7.91867636401855e-31	No	No
Q96G97	BSCL2	2.95614999490199	1.65405585814443e-10	No	No
Q96GC5	MRPL48	4.5260137980103	2.55852041976231e-12	No	No
Q96GD0	PDXP	3.26748587964064	7.41249962082949e-08	No	No
Q96GG9	DCUN1D1	5.31245785256859	6.44985437415955e-19	No	No
Q96GI7	FAM89A	2.10104443802379	5.86191298775636e-07	No	No
Q96GK7	FAHD2A	4.33792382079955	6.762178696377301e-16	No	No
Q96GQ5	RUSF1	6.56708191193457	3.8975855646255303e-25	No	No
Q96GS4	BORCS6	6.71964979507047	7.76448421369083e-21	No	No
Q96GW7	BCAN	5.50571930116643	1.0231827308439001e-10	No	No
Q96H15	TIMD4	7.02376956486784	1.49616441641652e-20	No	No
Q96H20	SNF8	5.63917975856616	1.48284146049062e-14	No	No
Q96H79	ZC3HAV1L	6.40850396299946	4.5451963326102704e-17	No	No
Q96HC4	PDLIM5	7.23075329820522	3.44157973063334e-21	No	No
Q96HD1	CRELD1	6.23311896508511	1.03258673334832e-17	No	No
Q96HE7	ERO1A	6.43422990894245	2.54291881974653e-14	No	No
Q96HN2	AHCYL2	7.41485856991095	1.0753312029427e-22	No	No
Q96HS1	PGAM5	8.54575561097857	1.48351106275387e-22	No	No
Q96HV5	TMEM41A	5.38943484966381	4.47721857905697e-09	No	No
Q96HY6	DDRGK1	9.80794628357012	1.59934012659392e-11	No	No
Q96I24	FUBP3	3.4226926871351	6.93969286960687e-08	No	No
Q96I59	NARS2	2.65435527831973	5.13939223202473e-06	No	No
Q96I99	SUCLG2	7.8661398492973	5.0886346190877404e-21	No	No
Q96IG2	FBXL20	4.76539569983336	6.2271301625413105e-15	No	No
Q96II8	LRCH3	5.15088735960021	2.04378326936989e-16	No	No
Q96IJ6	GMPPA	6.98812798655549	9.93701956356868e-16	No	No
Q96IU4	ABHD14B	5.47681691767177	4.67178859939318e-12	No	No
Q96IV0	NGLY1	8.1191988917548	4.5494238597209305e-17	No	No
Q96IX5	ATP5MK	10.2823965658476	1.42462701264699e-29	No	No
Q96IZ0	PAWR	7.85943624599959	5.36280221034262e-29	No	No
Q96J02	ITCH	5.10982198716973	2.2239056161323497e-11	No	No
Q96J42	TXNDC15	7.47090319105581	5.06046210102358e-19	No	No
Q96JB2	COG3	4.6091315305156	9.33103551629704e-09	No	No
Q96JB5	CDK5RAP3	8.15418333993154	1.18384591458416e-21	No	No
Q96JC1	VPS39	6.63001622054534	1.4870504394817998e-17	No	No
Q96JD6	AKR1E2	2.6443999141409	1.96952096762155e-05	No	No
Q96JG6	VPS50	4.53833376098157	5.20425486145486e-10	No	No
Q96JH7	VCPIP1	7.63393789591387	3.6982545891326305e-15	No	No
Q96JJ7	TMX3	8.93622274955772	4.78789939747856e-21	No	No
Q96JP9	CDHR1	4.83848951730287	2.2286592199439502e-15	No	No
Q96JQ0	DCHS1	9.14764243135135	1.09886324086839e-30	No	No
Q96K17	BTF3L4	9.57289693584559	1.8093565386679e-28	No	No
Q96K19	RNF170	5.47858264032157	5.94491372978808e-18	No	No
Q96K21	ZFYVE19	5.8371106214745	8.2879170861917e-17	No	No
Q96K37	SLC35E1	3.82616471638623	1.08071790040808e-10	No	No
Q96K49	TMEM87B	6.96086962298446	7.33036625903438e-19	No	No
Q96K76	USP47	10.9496537127722	3.45554895914283e-31	No	No
Q96KA5	CLPTM1L	3.00007749159308	1.66259495494827e-07	No	No
Q96KC8	DNAJC1	4.58151427671945	1.6073200944608999e-13	No	No
Q96KG9	SCYL1	8.36543170489905	8.41772962628678e-09	No	No
Q96KP1	EXOC2	8.43295615174491	4.10176278159216e-13	No	No
Q96KP4	CNDP2	7.75730716146021	5.24188279619362e-15	No	No
Q96KR1	ZFR	3.95728558470624	1.70372045476929e-08	No	No
Q96L08	SUSD3	6.01069878182065	7.00217961757295e-13	No	No
Q96L58	B3GALT6	7.19269382315726	1.50532289904071e-15	No	No
Q96L92	SNX27	5.42877704922152	1.51026601783089e-06	No	No
Q96LT7	C9orf72	3.10308251280453	1.86506266379371e-07	No	No
Q96LW7	CARD19	4.8443020531569	9.16896946004546e-16	No	No
Q96LZ7	RMDN2	5.16502283554235	3.07117502548031e-11	No	No
Q96M27	PRRC1	7.89706187265057	3.03148989250994e-17	No	No
Q96M96	FGD4	7.19952484153279	8.96168169692865e-14	No	No
Q96MK2	RIPOR3	9.01610867741214	2.99799198453365e-27	No	No
Q96MK3	FAM20A	5.04253269253928	1.5753840228102e-13	No	No
Q96MU8	KREMEN1	3.69772344896929	5.97496930294193e-05	No	No
Q96MW1	CCDC43	7.2634620472271	3.6284243907802e-18	No	No
Q96MW5	COG8	3.95914600423566	3.8225883542054396e-12	No	No
Q96MX0	CMTM3	5.80035043879432	7.04895562150874e-20	No	No
Q96N66	MBOAT7	5.22245087535738	1.53693704195853e-17	No	No
Q96N67	DOCK7	7.83134494807053	2.77751967626862e-25	No	No
Q96NA2	RILP	7.00409423996983	3.21054086063833e-17	No	No
Q96NB2	SFXN2	2.31127265480639	2.03634007451191e-05	No	No
Q96NT0	CCDC115	3.94305590137582	2.2319081446515702e-14	No	No
Q96NW4	ANKRD27	5.47261303817505	4.560976877364461e-15	No	No
Q96NZ9	PRAP1	2.8709177434288	2.17903971097668e-10	No	No
Q96P48	ARAP1	9.26521326323175	4.4947096826105104e-14	No	No
Q96P70	IPO9	5.77549891703476	1.55188378536488e-11	No	No
Q96PC5	MIA2	4.54235419198392	6.62646937173006e-15	No	No
Q96PL1	SCGB3A2	2.6124811476505	0.002303178908685	No	No
Q96PX8	SLITRK1	6.17982273578029	6.95260059079675e-13	No	No
Q96PY6	NEK1	2.32868811446011	7.01830801660984e-05	No	No
Q96Q05	TRAPPC9	5.5717569264666	4.75431535632454e-16	No	No
Q96Q11	TRNT1	4.11855698208086	8.20713939648948e-16	No	No
Q96Q42	ALS2	3.16753915147397	1.03744717285365e-08	No	No
Q96QG7	MTMR9	4.59730570514242	4.27310327595429e-12	No	No
Q96QK1	VPS35	10.2903831571562	1.08682905964076e-28	No	No
Q96QR8	PURB	9.11093306745924	2.77780149400557e-27	No	No
Q96QS1	TSPAN32	3.00250256065493	3.53859882938989e-06	No	No
Q96RD7	PANX1	8.55550034672098	4.28534061452166e-21	No	No
Q96RE7	NACC1	2.20763261093067	0.0006094224922893	No	No
Q96RF0	SNX18	6.34217221026592	1.0306837540382301e-19	No	No
Q96RI0	F2RL3	7.26286882286861	1.1723113937473699e-22	No	No
Q96RL7	VPS13A	11.4639919888304	5.93731541731205e-33	No	No
Q96RP9	GFM1	4.91526632743989	5.97114310560831e-10	No	No
Q96RQ1	ERGIC2	3.49913166355112	2.04691087809182e-13	No	No
Q96RQ3	MCCC1	5.35354103226931	1.0962246483e-12	No	No
Q96RS6	NUDCD1	7.11827392771319	1.12994519641199e-11	No	No
Q96RT1	ERBIN	8.80876645918385	1.23125111051558e-26	No	No
Q96RT7	TUBGCP6	3.75897929737637	3.9930071893583e-08	No	No
Q96S06	LMF1	2.32677226251391	2.38869749945194e-08	No	No
Q96S19	METTL26	2.17791317148893	1.13069477434107e-05	No	No
Q96S53	TESK2	2.98581087129582	0.0012234499600974	No	No
Q96S59	RANBP9	6.35579858547435	6.33185497293808e-23	No	No
Q96S66	CLCC1	6.91078542555472	1.39177455572553e-16	No	No
Q96S97	MYADM	10.549651149202	6.63065959989049e-27	No	No
Q96S99	PLEKHF1	9.28669890093201	4.72572630037707e-33	No	No
Q96SB3	PPP1R9B	9.4842872594046	2.94133156595981e-30	No	No
Q96SL4	GPX7	6.28128810139592	3.6645318407335804e-20	No	No
Q96SU4	OSBPL9	4.6268259848405	1.3200212423854498e-12	No	No
Q96SW2	CRBN	6.5196246106504	1.25913318688561e-21	No	No
Q96T51	RUFY1	9.55829510080069	8.44191814022549e-28	No	No
Q96T66	NMNAT3	4.20336022586913	5.16671581349496e-16	No	No
Q96T76	MMS19	6.51755261562298	4.524776181128051e-15	No	No
Q96TA2	YME1L1	2.20318433855225	0.0002110906929336	No	No
Q96TC7	RMDN3	7.93021698430526	2.54062906265056e-16	No	No
Q99417	MYCBP	9.94149907272458	2.83886062518627e-29	No	No
Q99418	CYTH2	7.07677510956211	1.0490532868520499e-26	No	No
Q99426	TBCB	5.54484090664846	4.63127319073224e-18	No	No
Q99435	NELL2	11.116847144584	1.63027345940707e-33	No	No
Q99436	PSMB7	6.15345343721719	3.32616979077756e-19	No	No
Q99439	CNN2	6.10243311992945	2.3512830990434197e-18	No	No
Q99442	SEC62	7.44105297620463	6.01067794270938e-20	No	No
Q99447	PCYT2	5.22510493198033	8.735029046529401e-10	No	No
Q99460	PSMD1	10.7177144369264	3.2555967125811504e-31	No	No
Q99470	SDF2	6.35125176727779	1.6746545946044899e-18	No	No
Q99471	PFDN5	9.47891603784106	3.49023296271418e-27	No	No
Q99490	AGAP2	5.71413503996638	7.05867495307062e-21	No	No
Q99497	PARK7	3.50638782473066	1.81336798161269e-10	No	No
Q99501	GAS2L1	9.84602319396864	5.67223435010096e-29	No	No
Q99519	NEU1	7.51973355325873	8.01637036717615e-08	No	No
Q99523	SORT1	6.75812059679643	1.0149542993535399e-22	No	No
Q99536	VAT1	4.57845730484677	2.91398293416946e-12	No	No
Q99538	LGMN	3.14036157141135	3.58812859107205e-11	No	No
Q99542	MMP19	12.6163656486207	2.8685452453053e-33	No	No
Q99570	PIK3R4	6.10033626390215	3.0351688196183504e-20	No	No
Q99574	SERPINI1	10.1296756255464	3.42795189677703e-32	No	No
Q99576	TSC22D3	5.55572575592285	3.6579244728286803e-17	No	No
Q99598	TSNAX	7.72110286330543	1.86882160322835e-21	No	No
Q99611	SEPHS2	2.74348378916682	0.0058575918684093	No	No
Q99614	TTC1	7.64756216472001	2.97962533558011e-28	No	No
Q99615	DNAJC7	5.926282376868	1.54200702371377e-17	No	No
Q99623	PHB2	8.0210854824642	1.1076015599941701e-20	No	No
Q99627	COPS8	9.46470860571359	3.4064657016259904e-19	No	No
Q99643	SDHC	6.56788573012902	2.53426083303801e-21	No	No
Q99653	CHP1	8.79446666475874	1.05766027302359e-18	No	No
Q99674	CGREF1	9.19285495126531	1.90657222436138e-34	No	No
Q99683	MAP3K5	10.5053619338722	1.05305499060608e-29	No	No
Q99685	MGLL	7.21558638461648	5.52427457625156e-23	No	No
Q99698	LYST	8.07285004053807	8.36648645068363e-21	No	No
Q99700	ATXN2	6.74218809407747	1.1107292239833902e-09	No	No
Q99704	DOK1	9.51702455175666	1.5518337218325501e-25	No	No
Q99714	HSD17B10	11.86089851497	7.46492958505212e-28	No	No
Q99715	COL12A1	8.64266564282208	1.24765964298195e-19	No	No
Q99719	SEPTIN5	7.58663438348861	3.42105694472062e-20	No	No
Q99720	SIGMAR1	4.79844050280588	1.39267279521019e-14	No	No
Q99729	HNRNPAB	3.2134803513045	9.48680119331485e-06	No	No
Q99733	NAP1L4	8.16130426562432	1.7860987967755098e-26	No	No
Q99735	MGST2	4.56445231611329	1.5785412979522802e-17	No	No
Q99747	NAPG	9.73766707330009	3.38491000603756e-27	No	No
Q99757	TXN2	3.66062187016148	6.528179551335881e-14	No	No
Q99758	ABCA3	2.8648129343062	2.09846508785187e-05	No	No
Q99766	DMAC2L	6.83533752688542	3.0081400857609304e-23	No	No
Q99767	APBA2	4.70077275965273	7.30754620639568e-09	No	No
Q99798	ACO2	9.36016439140162	2.04571145086699e-21	No	No
Q99805	TM9SF2	8.58260368344438	6.22790847329619e-26	No	No
Q99808	SLC29A1	3.65541772182874	2.4192238271458996e-12	No	No
Q99816	TSG101	6.16150741368748	2.42622461646613e-19	No	No
Q99828	CIB1	5.36935646636093	1.48112737916269e-12	No	No
Q99829	CPNE1	9.06675826360385	6.249333619133131e-25	No	No
Q99832	CCT7	6.82914310346719	1.81046370821788e-11	No	No
Q99836	MYD88	3.3120360803139	5.02578288621562e-05	No	No
Q99873	PRMT1	9.41220646889996	1.0802954653386499e-11	No	No
Q99933	BAG1	5.17798571528753	4.05550078870697e-05	No	No
Q99943	AGPAT1	7.49658805969677	8.06373115508064e-20	No	No
Q99952	PTPN18	5.64038747944988	2.12052364603781e-18	No	No
Q99959	PKP2	5.74234203783531	1.8115163557582299e-12	No	No
Q99961	SH3GL1	9.21958571808195	1.1866317587435401e-23	No	No
Q99983	OMD	12.9928872626074	3.70766060758535e-35	No	No
Q99996	AKAP9	4.44648528077441	2.56884537595997e-07	No	No
Q9BPW8	NIPSNAP1	8.14923078260822	1.2770417783197e-10	No	No
Q9BPX5	ARPC5L	6.57705551541187	2.9022326102804903e-15	No	No
Q9BPX6	MICU1	7.6454388904797	6.23758925151927e-20	No	No
Q9BPX7	C7orf25	7.07011232524695	2.9763575336160603e-19	No	No
Q9BPZ7	MAPKAP1	4.95888822761522	3.59475868413967e-13	No	No
Q9BQA1	WDR77	8.10633738542445	6.68686435416653e-22	No	No
Q9BQA9	CYBC1	8.8822486724154	1.00295986473233e-22	No	No
Q9BQB6	VKORC1	6.3060255172447	9.051459454744041e-25	No	No
Q9BQD3	KXD1	3.38875819880079	2.04617889024401e-07	No	No
Q9BQE3	TUBA1C	8.30534244747562	2.6525229034611204e-25	No	No
Q9BQP7	MGME1	3.00621960463772	3.89737131593875e-06	No	No
Q9BQQ3	GORASP1	3.53280316509584	4.41041518449863e-10	No	No
Q9BQS7	HEPH	4.03676473864796	8.86447508338049e-13	No	No
Q9BQS8	FYCO1	6.91779068789589	3.2500858622076204e-25	No	No
Q9BQT9	CLSTN3	3.20100992626852	5.00487903457251e-07	No	No
Q9BR76	CORO1B	7.40694285271589	3.25419707948179e-23	No	No
Q9BRA2	TXNDC17	3.69037238641056	1.94747791507744e-08	No	No
Q9BRF8	CPPED1	2.72661620794281	3.47034130228868e-07	No	No
Q9BRG1	VPS25	7.06481362379981	4.6425982560655e-20	No	No
Q9BRJ2	MRPL45	4.45063705922067	9.592059232221291e-10	No	No
Q9BRJ7	NUDT16L1	4.81329600004314	2.14660271192118e-15	No	No
Q9BRK5	SDF4	5.97187736790181	2.1310172667972402e-19	No	No
Q9BRP4	PAAF1	4.10040534808851	1.29246075677113e-10	No	No
Q9BRP8	PYM1	6.95918591333726	1.88264987091751e-12	No	No
Q9BRR6	ADPGK	5.50023445924985	2.97992831624849e-10	No	No
Q9BRT2	UQCC2	4.33851967391717	3.34893598209961e-16	No	No
Q9BRT3	MIEN1	2.66482317335011	1.6836069937144e-08	No	No
Q9BRV8	SIKE1	3.92188152085725	3.8786505814471895e-11	No	No
Q9BRX2	PELO	5.38262434371241	2.71606595188144e-14	No	No
Q9BRZ2	TRIM56	6.72256092156574	5.75882453731898e-09	No	No
Q9BS26	ERP44	6.6004652195543	8.827174858069439e-18	No	No
Q9BS40	LXN	5.00121777275854	1.84337422547485e-10	No	No
Q9BSD7	NTPCR	3.63177416447005	5.36972919977071e-08	No	No
Q9BSF0	C2orf88	10.4971408154742	4.6862684855895095e-33	No	No
Q9BSH4	TACO1	3.90901848218275	6.338769676948731e-14	No	No
Q9BSH5	HDHD3	6.6135950714598	5.98044467784657e-17	No	No
Q9BSJ2	TUBGCP2	8.52891447101022	6.125921055507841e-15	No	No
Q9BSJ8	ESYT1	8.74775735798185	8.04657008598647e-21	No	No
Q9BSL1	UBAC1	6.46835524339242	1.73085004809492e-12	No	No
Q9BSQ5	CCM2	8.0436088238076	6.73761660470905e-28	No	No
Q9BSR8	YIPF4	3.43427819461608	2.5567355323847904e-09	No	No
Q9BSU1	C16orf70	3.79164726970061	1.3310924548558e-07	No	No
Q9BSW2	CRACR2A	3.30977229026201	3.57636781306062e-08	No	No
Q9BT09	CNPY3	2.77339379827027	2.89285643018099e-08	No	No
Q9BT22	ALG1	4.0884231946118	4.14427038252985e-10	No	No
Q9BT40	INPP5K	7.4199970721228	2.80489584299248e-27	No	No
Q9BT78	COPS4	11.2907523345187	8.15734964445176e-33	No	No
Q9BTE1	DCTN5	5.08726876353324	4.3150954259008694e-12	No	No
Q9BTU6	PI4K2A	7.66386339297183	2.19488523389927e-10	No	No
Q9BTV4	TMEM43	8.57087055445974	2.2520540759798e-24	No	No
Q9BTW9	TBCD	5.99381791507773	2.87912979896236e-12	No	No
Q9BTY7	HGH1	2.86577218982501	4.29533690308788e-06	No	No
Q9BTZ2	DHRS4	7.84130807799025	8.15153604663252e-29	No	No
Q9BU02	THTPA	2.82338894649592	3.4757672235196803e-09	No	No
Q9BUB7	TMEM70	4.406263967225	7.46238287522006e-09	No	No
Q9BUD6	SPON2	2.98207391448486	1.67291646098883e-06	No	No
Q9BUF5	TUBB6	9.80034257820239	1.01238587616646e-29	No	No
Q9BUH6	PAXX	3.98721454873034	9.02372263706166e-08	No	No
Q9BUL8	PDCD10	7.96520596647169	4.3856839026695e-28	No	No
Q9BUN1	MENT	4.14371827196585	5.33497361355269e-12	No	No
Q9BUN8	DERL1	5.64351913223602	1.0845191858699e-17	No	No
Q9BUP3	HTATIP2	7.62456004305738	1.91528717734852e-17	No	No
Q9BUR5	APOO	4.97252006791229	1.11495406481583e-16	No	No
Q9BV20	MRI1	2.72878469923827	6.17748554135016e-06	No	No
Q9BV40	VAMP8	10.0824752022007	3.5181582536933e-31	No	No
Q9BV79	MECR	7.00672920356818	6.20925270222465e-23	No	No
Q9BVA0	KATNB1	3.23817955741053	0.0040582096279284	No	No
Q9BVC4	MLST8	2.78315960213526	2.31049795003022e-06	No	No
Q9BVC6	TMEM109	9.99602765716419	2.12099608139148e-30	No	No
Q9BVG4	PBDC1	5.69155476006946	2.69508861022798e-15	No	No
Q9BVG8	KIFC3	3.64667798997372	8.04178099587283e-11	No	No
Q9BVG9	PTDSS2	7.06826762082744	1.05808921181724e-21	No	No
Q9BVJ7	DUSP23	4.41513079752461	7.861429467751371e-09	No	No
Q9BVK2	ALG8	2.9867400314038	1.28411938948141e-10	No	No
Q9BVK6	TMED9	10.0564809544598	4.9146278683989996e-30	No	No
Q9BVL4	SELENOO	3.55872891591474	3.6158409135136794e-11	No	No
Q9BVT8	TMUB1	3.12958225885378	2.96034331513715e-10	No	No
Q9BW04	SARG	8.50356778924345	2.5335501498246898e-30	No	No
Q9BW62	KATNAL1	2.56868726013473	5.291083256379e-07	No	No
Q9BWD1	ACAT2	4.99670146592567	6.01691704065316e-12	No	No
Q9BWH2	FUNDC2	4.57486000374874	1.47069315119813e-15	No	No
Q9BWM7	SFXN3	9.20515693078015	2.09476840396138e-27	No	No
Q9BWP8	COLEC11	6.11598687782628	9.882457824270271e-24	No	No
Q9BWS9	CHID1	6.33108547581856	1.4619281733961e-13	No	No
Q9BX10	GTPBP2	6.45907203851428	8.46045634865215e-15	No	No
Q9BX59	TAPBPL	5.16059053119677	1.74475858317664e-16	No	No
Q9BX67	JAM3	6.80320172821508	1.31270911961842e-24	No	No
Q9BX68	HINT2	10.1286717883903	6.71652617163615e-28	No	No
Q9BX69	CARD6	6.1939069344446	1.00007111276744e-14	No	No
Q9BX93	PLA2G12B	3.10018431909677	4.9056172377028293e-11	No	No
Q9BXA5	SUCNR1	5.75301811100047	3.14584701132841e-22	No	No
Q9BXB4	OSBPL11	4.10154145514631	1.03170528542561e-08	No	No
Q9BXD5	NPL	6.01001322629691	2.43346069039701e-18	No	No
Q9BXJ0	C1QTNF5	4.88625368261552	3.5957414002842995e-12	No	No
Q9BXJ4	C1QTNF3	10.7695696037949	9.05300684791731e-35	No	No
Q9BXJ9	NAA15	5.88690687590932	3.57791174067176e-16	No	No
Q9BXK5	BCL2L13	7.90590899803157	1.6133864136278e-18	No	No
Q9BXN1	ASPN	12.3896912960828	6.41057405390063e-35	No	No
Q9BXP8	PAPPA2	2.9994210907309	2.0622528029101703e-09	No	No
Q9BXS4	TMEM59	6.80616883065184	7.6777038762184e-13	No	No
Q9BXS5	AP1M1	11.200428746507	1.9843093073505902e-23	No	No
Q9BXW6	OSBPL1A	3.16433369710113	2.13222774436169e-05	No	No
Q9BXW7	HDHD5	4.026749319573	1.75358382887445e-13	No	No
Q9BXX0	EMILIN2	7.45520913902887	1.56177704543084e-21	No	No
Q9BY32	ITPA	6.48425142279261	8.16389976621499e-16	No	No
Q9BY43	CHMP4A	9.53929974782693	4.1199638066998595e-28	No	No
Q9BY44	EIF2A	5.50436123856567	1.05971872075714e-07	No	No
Q9BY50	SEC11C	2.90334245835486	5.7731355089698694e-11	No	No
Q9BY67	CADM1	7.03817697698775	3.8820350548386303e-19	No	No
Q9BY76	ANGPTL4	2.52916393665732	0.0085261512777405	No	No
Q9BYC5	FUT8	7.04033312054626	3.71073359005482e-21	No	No
Q9BYD6	MRPL1	5.52702599273491	5.98357131086721e-16	No	No
Q9BYE9	CDHR2	10.3488068837115	3.82756662893813e-36	No	No
Q9BYH1	SEZ6L	9.20424060074554	2.62714488855486e-28	No	No
Q9BYI3	FAM126A	5.06768591116371	1.43123386885977e-08	No	No
Q9BYJ0	FGFBP2	4.0913713890294	1.76515713538043e-11	No	No
Q9BYJ1	ALOXE3	7.78436616241027	6.21239898591088e-25	No	No
Q9BYM8	RBCK1	7.25975214662148	4.80354918635944e-27	No	No
Q9BYN8	MRPS26	2.18798972756373	3.2492615355081e-05	No	No
Q9BYV8	CEP41	2.20005534183376	4.96210658983773e-07	No	No
Q9BYZ2	LDHAL6B	7.29773134038299	3.89644860206305e-26	No	No
Q9BZ67	FRMD8	4.9109219562697	8.27161545628381e-14	No	No
Q9BZ72	PITPNM2	8.94008042752782	1.60778200840358e-23	No	No
Q9BZE1	MRPL37	3.91753256463667	2.77494432759075e-14	No	No
Q9BZE9	ASPSCR1	4.89145263811517	4.06225828772305e-07	No	No
Q9BZF1	OSBPL8	8.67134530349214	4.7250338242897996e-27	No	No
Q9BZF3	OSBPL6	3.04971580911788	9.0313859896178e-07	No	No
Q9BZF9	UACA	9.70851776881138	1.25167928676276e-32	No	No
Q9BZG1	RAB34	4.47902703296505	2.2397895284524703e-09	No	No
Q9BZH6	WDR11	9.67467922187828	7.804149361460271e-24	No	No
Q9BZI7	UPF3B	2.75012296280324	7.11967246110758e-06	No	No
Q9BZK7	TBL1XR1	3.3819800027817	7.24915504903247e-08	No	No
Q9BZL4	PPP1R12C	8.50724080931971	1.73878025720124e-24	No	No
Q9BZL6	PRKD2	5.14993520058183	3.10446013305818e-12	No	No
Q9BZQ8	NIBAN1	11.1274193394508	1.98519004559491e-16	No	No
Q9BZV1	UBXN6	5.8153840089833	6.29340914951833e-21	No	No
Q9BZW5	TM6SF1	4.15084814686949	2.05882781269188e-14	No	No
Q9BZZ5	API5	5.26874401626852	2.3046215754172897e-16	No	No
Q9C035	TRIM5	3.02814795757562	4.26902882563302e-08	No	No
Q9C0B1	FTO	4.77462998719159	1.03623522868445e-10	No	No
Q9C0B5	ZDHHC5	3.55550324569266	1.20070901187076e-05	No	No
Q9C0C9	UBE2O	9.04872663757972	1.4279217509849299e-28	No	No
Q9C0D9	SELENOI	2.42956507544076	5.2903392057783e-09	No	No
Q9C0E2	XPO4	4.01706614618296	4.68714493073895e-15	No	No
Q9C0E8	LNPK	7.43180259545601	7.33774618588669e-24	No	No
Q9C0F1	CEP44	5.89869756474616	8.41244908139921e-19	No	No
Q9C0H2	TTYH3	8.23803427900374	1.09262723144495e-28	No	No
Q9C0I1	MTMR12	8.62347676140989	8.50782403156168e-22	No	No
Q9GZM5	YIPF3	10.0122260102309	1.1828790617991899e-30	No	No
Q9GZM7	TINAGL1	6.62524154880698	5.67091285768473e-20	No	No
Q9GZN8	C20orf27	4.36464227583751	2.04049699346889e-17	No	No
Q9GZP0	PDGFD	4.24128181373806	1.31008466493717e-11	No	No
Q9GZP4	PITHD1	7.51207029869643	3.38892797904186e-24	No	No
Q9GZQ3	COMMD5	3.65733079354173	1.3475358485373299e-11	No	No
Q9GZS3	WDR61	5.11718899385988	1.6325201563180798e-11	No	No
Q9GZT3	SLIRP	5.088936998632	1.27378189381382e-10	No	No
Q9GZT6	CCDC90B	5.40899343771748	2.65106887945984e-17	No	No
Q9GZU7	CTDSP1	3.37769029083751	3.55520958919979e-08	No	No
Q9GZX9	TWSG1	8.88496641146794	1.0035393742739e-27	No	No
Q9GZY6	LAT2	4.72065589975137	4.42485621018986e-13	No	No
Q9GZY8	MFF	9.42228795585771	2.65491853906583e-27	No	No
Q9GZZ9	UBA5	7.86479890823865	1.2437476262491901e-23	No	No
Q9H000	MKRN2	2.2084905164608	1.44194331048957e-07	No	No
Q9H015	SLC22A4	4.79333412325913	8.28297010297701e-18	No	No
Q9H019	MTFR1L	9.72861854043014	7.52578788039531e-29	No	No
Q9H061	TMEM126A	3.28979135325575	2.9150669342379196e-11	No	No
Q9H074	PAIP1	5.97427917869045	6.43587901452068e-17	No	No
Q9H078	CLPB	2.62206864281013	1.97603800538438e-07	No	No
Q9H082	RAB33B	7.95832142417098	2.29383116653032e-07	No	No
Q9H0A8	COMMD4	4.62582352372897	5.07777815108812e-19	No	No
Q9H0B8	CRISPLD2	8.50777879930978	2.88820854738297e-14	No	No
Q9H0D6	XRN2	3.6566742069623	4.5463089650357596e-11	No	No
Q9H0E2	TOLLIP	10.1571786140858	1.23544567910038e-30	No	No
Q9H0F6	SHARPIN	5.17909200633962	8.62277850305225e-08	No	No
Q9H0J9	PARP12	3.23423440604373	5.27263293515482e-10	No	No
Q9H0N5	PCBD2	3.14011070485274	7.89263417020174e-12	No	No
Q9H0P0	NT5C3A	8.42566055850925	8.222855301803881e-23	No	No
Q9H0R3	TMEM222	6.62395957655318	3.16964601072706e-12	No	No
Q9H0R4	HDHD2	10.079824621972	4.09951219705545e-20	No	No
Q9H0U3	MAGT1	8.91543744579965	1.18227243782717e-24	No	No
Q9H0U4	RAB1B	5.45879933641535	2.84571700190723e-18	No	No
Q9H0U6	MRPL18	3.53460901013899	4.9554594669297e-08	No	No
Q9H0V9	LMAN2L	4.37858274776089	8.8478292955817e-17	No	No
Q9H0W9	C11orf54	5.21907971230264	5.51848124672425e-08	No	No
Q9H0X4	FAM234A	7.24657519799867	5.94514901747747e-17	No	No
Q9H159	CDH19	10.093972243932	6.12480419587497e-25	No	No
Q9H173	SIL1	9.22888892345913	2.50149448771874e-28	No	No
Q9H1A4	ANAPC1	3.65354308456001	1.5055405864067599e-12	No	No
Q9H1B5	XYLT2	8.20876109698556	2.07696202514447e-23	No	No
Q9H1E3	NUCKS1	2.23776872166013	3.00824249933223e-06	No	No
Q9H1E5	TMX4	6.64221397607869	2.43430894459118e-16	No	No
Q9H1H9	KIF13A	4.61285107674971	1.35459239243624e-14	No	No
Q9H1I8	ASCC2	3.98621333772789	4.51159447117203e-13	No	No
Q9H1P3	OSBPL2	6.05284346659674	6.93683222198183e-19	No	No
Q9H1Y0	ATG5	5.70525967087184	6.39245404313296e-10	No	No
Q9H1Z4	WDR13	4.58980167209894	7.784481547239979e-11	No	No
Q9H223	EHD4	11.3804304650488	6.57919665450404e-17	No	No
Q9H244	P2RY12	6.31136562201428	8.302259399719071e-23	No	No
Q9H251	CDH23	11.0828364659917	3.1445413059557e-34	No	No
Q9H257	CARD9	8.14922892372453	7.85841579481033e-07	No	No
Q9H267	VPS33B	8.13438861245109	1.57329740811121e-19	No	No
Q9H269	VPS16	11.732861869087	1.1008674921847e-22	No	No
Q9H270	VPS11	7.74420139650636	1.81162224100031e-17	No	No
Q9H299	SH3BGRL3	3.26905659232863	5.14086463820142e-10	No	No
Q9H2C0	GAN	4.04363901919312	3.5108598091083597e-12	No	No
Q9H2D6	TRIOBP	6.70450612897692	2.62037416588555e-23	No	No
Q9H2G2	SLK	9.96217939674423	2.4623323293175696e-30	No	No
Q9H2I8	LRMDA	4.23868251708349	1.28748407466074e-07	No	No
Q9H2J4	PDCL3	5.87720607222656	1.30299578764166e-13	No	No
Q9H2K8	TAOK3	9.8002241055578	2.20864603168428e-27	No	No
Q9H2M9	RAB3GAP2	9.63649225211831	3.8130053025307195e-30	No	No
Q9H2U2	PPA2	9.68694751224718	2.8751946812733897e-28	No	No
Q9H2W6	MRPL46	5.70103868277237	3.13440257312363e-05	No	No
Q9H2X0	CHRD	2.15060475535301	0.0014968512485726	No	No
Q9H305	CDIP1	4.11365423041616	5.0771095150904105e-14	No	No
Q9H330	TMEM245	5.81419267805508	8.36934376501617e-14	No	No
Q9H3G5	CPVL	8.93065226349564	7.85516674062937e-19	No	No
Q9H3H3	C11orf68	6.43906306013151	3.19967559599812e-24	No	No
Q9H3K2	GHITM	2.5259386388827	9.49226776182852e-07	No	No
Q9H3M7	TXNIP	6.81971185174953	1.3377158311005e-05	No	No
Q9H3N1	TMX1	6.5203497007525	1.55378365850471e-20	No	No
Q9H3P7	ACBD3	8.55497210338305	5.688161128540119e-30	No	No
Q9H3R2	MUC13	7.04987530887256	1.6614079458955e-20	No	No
Q9H3S7	PTPN23	6.68795557939919	2.4994010479978698e-11	No	No
Q9H3U1	UNC45A	11.2598792025463	3.5977083456861697e-26	No	No
Q9H3U5	MFSD1	8.24114192619574	4.87058176763329e-28	No	No
Q9H3Z4	DNAJC5	5.26312059135855	3.23864459539717e-13	No	No
Q9H425	C1orf198	7.18799902601013	4.83227054461923e-22	No	No
Q9H444	CHMP4B	8.70979643502427	1.25307070351377e-29	No	No
Q9H446	RWDD1	6.80887014708002	4.72638763786606e-24	No	No
Q9H479	FN3K	8.64265899377919	3.3848384145896297e-22	No	No
Q9H488	POFUT1	3.2533240729328	0.0016582461056071	No	No
Q9H492	MAP1LC3A	3.80303752215457	2.26027066214014e-15	No	No
Q9H497	TOR3A	5.40540435745313	2.9252679862915e-14	No	No
Q9H4A3	WNK1	7.58182307781276	7.608237384181809e-26	No	No
Q9H4A4	RNPEP	3.27096657686754	3.73743571671331e-06	No	No
Q9H4A6	GOLPH3	6.96834290631618	3.5899112709471804e-19	No	No
Q9H4B0	OSGEPL1	5.36993730382144	1.25568536013085e-05	No	No
Q9H4B6	SAV1	5.85595198595421	2.9129849411679304e-15	No	No
Q9H4B7	TUBB1	6.44011526645362	2.60208124056072e-22	No	No
Q9H4E7	DEF6	9.3184225451043	1.9143666990735e-21	No	No
Q9H4I9	SMDT1	5.35406791168231	2.85759889789453e-20	No	No
Q9H4L5	OSBPL3	5.10587809632694	8.0204566244117e-12	No	No
Q9H4M9	EHD1	9.13453912475614	1.09908003404402e-17	No	No
Q9H4X1	RGCC	8.39716166235544	7.546634114448921e-23	No	No
Q9H553	ALG2	5.63382365325985	1.93982232711318e-10	No	No
Q9H5N1	RABEP2	8.04069489121195	1.6027150130991302e-20	No	No
Q9H5X1	CIAO2A	6.71287884920399	1.42470566637562e-24	No	No
Q9H6A9	PCNX3	3.49723806874046	5.35122610332154e-05	No	No
Q9H6H4	REEP4	2.3092085079021	1.31546943833141e-07	No	No
Q9H6Q3	SLA2	8.62974548062002	2.39898480655063e-19	No	No
Q9H6S0	YTHDC2	5.3819185163963	3.62094230773602e-12	No	No
Q9H6T3	RPAP3	4.41907358427753	1.43808080225372e-16	No	No
Q9H6U6	BCAS3	3.61392994023378	1.2855273913882e-13	No	No
Q9H6U8	ALG9	7.44545370887578	1.15841619106526e-27	No	No
Q9H6V9	LDAH	5.10078993375618	1.3382414602006501e-19	No	No
Q9H6X2	ANTXR1	3.06336096614233	1.18893150118113e-06	No	No
Q9H6Z4	RANBP3	9.70847713287358	3.38974688237259e-05	No	No
Q9H773	DCTPP1	4.82432566470599	5.04070444506997e-16	No	No
Q9H7B4	SMYD3	8.84336001651221	8.319373355447031e-15	No	No
Q9H7C9	AAMDC	2.59468238039988	7.0876231512174e-07	No	No
Q9H7D0	DOCK5	9.26510058441307	2.21100873975018e-19	No	No
Q9H7D7	WDR26	7.63217768501031	4.4893804063811205e-20	No	No
Q9H7J1	PPP1R3E	4.28942070648696	2.9801080069299e-11	No	No
Q9H7M9	VSIR	8.20612851643635	1.0193676419962101e-21	No	No
Q9H7Z7	PTGES2	5.46627485545533	1.86972905141317e-18	No	No
Q9H813	PACC1	2.53295424846359	2.28406462415265e-08	No	No
Q9H832	UBE2Z	8.54777858750885	1.6543404551741802e-25	No	No
Q9H845	ACAD9	8.54538284127637	3.9310414228364596e-22	No	No
Q9H853	TUBA4B	5.59727431362894	1.00712350358992e-05	No	No
Q9H871	RMND5A	5.78061241581358	2.4884947595491e-20	No	No
Q9H8H3	METTL7A	9.84417149911583	2.93535907183276e-24	No	No
Q9H8J5	MANSC1	8.42083058304553	7.70999387598082e-28	No	No
Q9H8M1	COQ10B	2.22550030234553	3.33378069750433e-07	No	No
Q9H8M7	MINDY3	9.7617973275796	3.31180275615601e-32	No	No
Q9H8W4	PLEKHF2	6.33569010079606	4.47586991081242e-13	No	No
Q9H8Y8	GORASP2	6.81612679547556	3.5000981545967404e-23	No	No
Q9H910	JPT2	6.08651417934922	2.72705583752052e-10	No	No
Q9H939	PSTPIP2	7.43737747178571	8.519837623477891e-24	No	No
Q9H9A5	CNOT10	4.49860244600563	5.547019865993621e-15	No	No
Q9H9A6	LRRC40	5.44417883792659	7.44876654840022e-13	No	No
Q9H9B4	SFXN1	7.69468069109389	4.14541601687506e-16	No	No
Q9H9C1	VIPAS39	4.56155612217911	3.1429364028606396e-11	No	No
Q9H9E3	COG4	5.90397885235689	1.25661769703326e-10	No	No
Q9H9H4	VPS37B	6.94971049168909	1.99529501539022e-22	No	No
Q9H9J2	MRPL44	4.18457879454034	2.2690317853957604e-09	No	No
Q9H9P8	L2HGDH	4.40932660673083	8.16768102587323e-16	No	No
Q9H9Q2	COPS7B	8.83324368925368	8.6893570921553e-25	No	No
Q9HA64	FN3KRP	7.16145140261868	9.572480809010391e-23	No	No
Q9HA65	TBC1D17	4.09049765200669	1.5031704980892801e-15	No	No
Q9HA77	CARS2	7.6810479486116	1.9051301313813602e-19	No	No
Q9HA82	CERS4	3.03104624164685	5.22164438832616e-08	No	No
Q9HAB8	PPCS	6.62915090686608	3.9291517677947596e-12	No	No
Q9HAD4	WDR41	7.2283217890637	4.2915716487695e-26	No	No
Q9HAP2	MLXIP	5.34359367732736	5.486351037547101e-16	No	No
Q9HAS0	C17orf75	5.54742010055648	1.60303137411482e-13	No	No
Q9HAT2	SIAE	6.97365609258048	5.6534143896741e-25	No	No
Q9HAU5	UPF2	4.30477356437165	1.16378991485501e-16	No	No
Q9HAV0	GNB4	8.34233906379669	9.60542264043447e-12	No	No
Q9HAV7	GRPEL1	7.66286308064178	7.057282855340681e-19	No	No
Q9HB07	MYG1	4.79302782412449	1.7942558440009497e-11	No	No
Q9HB19	PLEKHA2	5.74191994638714	2.34454561925883e-12	No	No
Q9HB40	SCPEP1	8.65721792009387	5.8388357023507e-17	No	No
Q9HB66	MKKS	3.33899824580067	4.19977291373226e-09	No	No
Q9HB71	CACYBP	6.02867193367584	1.67231291304954e-12	No	No
Q9HB90	RRAGC	4.88135642427758	5.05399833027521e-13	No	No
Q9HBB8	CDHR5	4.89246895137611	1.9218635124553e-12	No	No
Q9HBF4	ZFYVE1	3.02946976958539	1.98781255110359e-07	No	No
Q9HBH0	RHOF	5.23864107977139	2.4309258980760603e-15	No	No
Q9HBH5	RDH14	2.76116150898558	1.69036465596586e-08	No	No
Q9HBI0	PARVG	4.73809598508599	3.53294286923567e-14	No	No
Q9HBI1	PARVB	5.93816542164904	1.93107908027198e-16	No	No
Q9HBL0	TNS1	6.19447378349142	6.839195124115729e-22	No	No
Q9HBL7	PLGRKT	8.78769306351317	9.34818602910263e-24	No	No
Q9HBW9	ADGRL4	3.28313894642652	6.14905469342954e-05	No	No
Q9HC07	TMEM165	6.25567609972407	2.89208197840279e-21	No	No
Q9HC35	EML4	8.91959864225962	1.17612092707343e-26	No	No
Q9HC36	MRM3	3.69217470490744	1.95992589245986e-09	No	No
Q9HC38	GLOD4	4.18023115240231	2.91586499805777e-12	No	No
Q9HC56	PCDH9	6.02503252305247	2.4887666516337602e-14	No	No
Q9HCB6	SPON1	5.22214668055089	9.659073340822879e-12	No	No
Q9HCC0	MCCC2	8.28680912934174	4.01782659054736e-23	No	No
Q9HCE1	MOV10	2.62687427962419	1.42750700871766e-07	No	No
Q9HCG7	GBA2	6.03465746908495	2.63507782150765e-12	No	No
Q9HCH0	NCKAP5L	4.72839888984852	1.12256647199183e-13	No	No
Q9HCL0	PCDH18	6.29369899491957	1.1608742660517702e-19	No	No
Q9HCM2	PLXNA4	8.65785245181562	2.442682515549e-23	No	No
Q9HCN6	GP6	5.87610792809423	5.643488466406201e-22	No	No
Q9HCN8	SDF2L1	6.84542670871952	3.5561809090548e-10	No	No
Q9HCP0	CSNK1G1	3.14296075864131	0.0086964808436809	No	No
Q9HCU0	CD248	5.84712241325645	3.91815994911739e-16	No	No
Q9HCU5	PREB	7.56088478809645	2.25741936675961e-23	No	No
Q9HD20	ATP13A1	7.29779166193208	7.70973842963746e-19	No	No
Q9HD23	MRS2	4.31489569830594	2.43465945647374e-14	No	No
Q9HD26	GOPC	5.50972153398732	1.4784554470190702e-15	No	No
Q9HD34	LYRM4	2.70590369274163	1.87062357392164e-05	No	No
Q9HD42	CHMP1A	7.14823850318544	5.51875137106693e-23	No	No
Q9HD45	TM9SF3	7.86087329100325	6.17941691575241e-16	No	No
Q9NNW5	WDR6	2.30366301653877	9.98080026312858e-06	No	No
Q9NNW7	TXNRD2	8.01456112544238	1.20420756101578e-13	No	No
Q9NP55	BPIFA1	6.61688619886988	4.4740990631145004e-18	No	No
Q9NP58	ABCB6	7.63075474707513	1.6815418816571502e-19	No	No
Q9NP61	ARFGAP3	6.50034703625329	6.6621846762381e-18	No	No
Q9NP72	RAB18	10.3662744788035	1.24223332094753e-31	No	No
Q9NP78	ABCB9	2.8207811649061	2.30810589839663e-09	No	No
Q9NP79	VTA1	8.96219918038419	8.59869232768881e-26	No	No
Q9NP80	PNPLA8	9.32285777325883	2.80402583079264e-32	No	No
Q9NP81	SARS2	6.56597688213934	3.2246432082019605e-15	No	No
Q9NP97	DYNLRB1	6.01988910515735	3.8960067187996304e-19	No	No
Q9NPA0	EMC7	8.39846055664813	2.49286375135185e-10	No	No
Q9NPB8	GPCPD1	5.50819423391235	6.9899666170244e-13	No	No
Q9NPC4	A4GALT	3.36422047669621	1.80171917008708e-10	No	No
Q9NPD3	EXOSC4	6.95480173280564	6.074754458683391e-09	No	No
Q9NPF2	CHST11	6.21293461843096	4.42814958707135e-09	No	No
Q9NPF4	OSGEP	5.23177839361159	9.40622309776759e-18	No	No
Q9NPG4	PCDH12	6.55105748882476	1.43685743830384e-23	No	No
Q9NPH2	ISYNA1	3.14481782617624	9.678745127182942e-09	No	No
Q9NPI6	DCP1A	5.62308947161114	9.05729054198822e-23	No	No
Q9NPJ3	ACOT13	7.33711251918498	5.257064753294129e-22	No	No
Q9NPQ8	RIC8A	7.13247000188324	7.90204269489101e-10	No	No
Q9NPR9	GPR108	6.31353107603436	8.176543748820599e-23	No	No
Q9NPY3	CD93	6.14352389146885	4.3067999973220704e-19	No	No
Q9NQ11	ATP13A2	4.46852194987044	9.338603283704739e-12	No	No
Q9NQ30	ESM1	4.39510141753175	1.59041137626763e-12	No	No
Q9NQ66	PLCB1	5.47930053460988	0.0001134338554636	No	No
Q9NQ75	CASS4	13.7572773308595	2.24009856207742e-39	No	No
Q9NQ79	CRTAC1	3.47820999156228	1.30906987168521e-10	No	No
Q9NQC3	RTN4	6.72416752700704	3.45438680664706e-20	No	No
Q9NQC7	CYLD	4.24062752234733	3.584569260965641e-15	No	No
Q9NQE9	HINT3	5.00330160587357	1.32631954343164e-17	No	No
Q9NQG7	HPS4	6.79590822395245	2.40058990258898e-20	No	No
Q9NQP4	PFDN4	4.50124638955581	2.52384451615491e-15	No	No
Q9NQR4	NIT2	7.55400743939718	4.27721323933623e-13	No	No
Q9NQS1	AVEN	8.61546045153406	2.21002369394284e-14	No	No
Q9NQT8	KIF13B	10.2774063699692	4.0495951574996e-23	No	No
Q9NQW7	XPNPEP1	9.057788298585	2.06096435016716e-20	No	No
Q9NQX3	GPHN	5.14573454253495	3.2335956419281904e-09	No	No
Q9NR09	BIRC6	9.13441313470186	4.24958542353446e-24	No	No
Q9NR12	PDLIM7	5.73491457030427	9.551771297002971e-15	No	No
Q9NR19	ACSS2	11.5926267779841	1.74072607489182e-14	No	No
Q9NR28	DIABLO	8.90650199366825	8.64411287385117e-27	No	No
Q9NR30	DDX21	3.06697828991567	0.0040227760498798	No	No
Q9NR31	SAR1A	5.51785343998975	1.28311728998419e-13	No	No
Q9NR45	NANS	6.0158034307411	1.3210595279295801e-14	No	No
Q9NR46	SH3GLB2	7.8958366613131	2.64448309087566e-21	No	No
Q9NR50	EIF2B3	10.1544253257333	5.209348390436e-21	No	No
Q9NR99	MXRA5	6.51491495580704	2.22858590429795e-20	No	No
Q9NRA1	PDGFC	7.97796332978289	1.3781778081985399e-16	No	No
Q9NRA2	SLC17A5	4.79213145221971	1.88804061980263e-19	No	No
Q9NRA8	EIF4ENIF1	3.70234978937459	2.53361633811884e-11	No	No
Q9NRB3	CHST12	5.88244763162371	3.92326477931633e-12	No	No
Q9NRD5	PICK1	2.67335837784381	1.06009020692472e-07	No	No
Q9NRF8	CTPS2	6.95478552691079	3.69813456627175e-15	No	No
Q9NRG0	CHRAC1	4.1513230349743	0.0003865893243676	No	No
Q9NRG1	PRTFDC1	5.84940141775394	2.6593120030292e-22	No	No
Q9NRG7	SDR39U1	4.57373315890039	2.2109476896426097e-12	No	No
Q9NRH2	SNRK	5.48393925187656	9.818778512329681e-15	No	No
Q9NRK6	ABCB10	2.88384547576337	1.39210839870896e-10	No	No
Q9NRL3	STRN4	9.66846385037364	2.42329323663093e-27	No	No
Q9NRN5	OLFML3	10.2243899350595	1.2845434182605e-11	No	No
Q9NRN7	AASDHPPT	5.06427112696498	1.9103627436364702e-09	No	No
Q9NRP0	OSTC	5.94027666722095	4.03379718910084e-22	No	No
Q9NRQ2	PLSCR4	3.29396042185348	5.98101971151705e-05	No	No
Q9NRR3	CDC42SE2	5.63429950948985	1.19019047207494e-20	No	No
Q9NRS6	SNX15	8.1482101901135	1.1157499310993602e-09	No	No
Q9NRV9	HEBP1	2.87691364477575	4.28069098608157e-07	No	No
Q9NRW1	RAB6B	6.65674242692191	9.678165304461929e-22	No	No
Q9NRW3	APOBEC3C	4.80142786472923	2.74688520572183e-19	No	No
Q9NRW4	DUSP22	5.5169751204149	1.2931819438849301e-20	No	No
Q9NRW7	VPS45	10.3733348416768	1.07879317715284e-20	No	No
Q9NRY4	ARHGAP35	8.11039879453082	5.15999003003372e-17	No	No
Q9NRY5	FAM114A2	8.48042063748562	3.0214941543603e-25	No	No
Q9NRZ7	AGPAT3	4.9205025722527	3.33608878776919e-16	No	No
Q9NS00	C1GALT1	5.74946231695173	3.60744726153543e-21	No	No
Q9NS15	LTBP3	5.21431406151525	2.30061528553316e-16	No	No
Q9NS28	RGS18	10.8513871571362	4.451265077823021e-31	No	No
Q9NS62	THSD1	7.11786166677928	7.87077206023569e-16	No	No
Q9NS69	TOMM22	7.70737183783939	4.55984568121803e-24	No	No
Q9NS86	LANCL2	6.72321438599842	4.2695313868768304e-20	No	No
Q9NSB8	HOMER2	4.53953827818989	1.04317097472211e-16	No	No
Q9NSD9	FARSB	7.15983173483716	1.71492068730481e-21	No	No
Q9NSE4	IARS2	8.20744356774938	2.79832201171257e-20	No	No
Q9NSK0	KLC4	3.7405492178156	0.0008475256561456	No	No
Q9NSU2	TREX1	8.88950800681947	4.8808973033432496e-33	No	No
Q9NSY1	BMP2K	3.63142424048778	1.5649511654268702e-10	No	No
Q9NT62	ATG3	9.47174796972308	5.47022255971968e-25	No	No
Q9NT99	LRRC4B	7.68249333360017	5.4359786356087804e-15	No	No
Q9NTG7	SIRT3	6.08634936860784	8.38710604734563e-14	No	No
Q9NTJ3	SMC4	3.60157335394408	1.06174825793223e-05	No	No
Q9NTJ4	MAN2C1	6.67590077410845	4.53831663335007e-14	No	No
Q9NTJ5	SACM1L	7.34956755061625	6.580057928352161e-19	No	No
Q9NTK5	OLA1	5.27430494855593	2.0461531327437e-15	No	No
Q9NTN3	SLC35D1	3.68802118535262	6.75449132458779e-13	No	No
Q9NTX5	ECHDC1	5.00422121576369	4.29893928185841e-16	No	No
Q9NU53	GINM1	3.00383779092521	6.8569328909234405e-09	No	No
Q9NUB1	ACSS1	9.13969562528254	8.2495572310795e-25	No	No
Q9NUI1	DECR2	2.1429291265377	0.0080597586679706	No	No
Q9NUJ1	ABHD10	9.26161085642231	2.92593897248931e-17	No	No
Q9NUJ3	TCP11L1	6.75489077555334	2.81329585430052e-08	No	No
Q9NUL5	SHFL	3.57570252643914	5.37111074669131e-06	No	No
Q9NUP1	BLOC1S4	5.26568615984434	1.98834832111853e-17	No	No
Q9NUQ7	UFSP2	2.4365014337377	9.47466400727795e-06	No	No
Q9NUQ9	CYRIB	6.2067366653662	4.03380561642522e-16	No	No
Q9NUY8	TBC1D23	7.85488140664645	3.4175925237656897e-18	No	No
Q9NV70	EXOC1	7.96380293026994	7.719497949310539e-16	No	No
Q9NV96	TMEM30A	9.01165343804134	1.32189484629675e-27	No	No
Q9NVA2	SEPTIN11	6.85650249987756	9.47323819117623e-12	No	No
Q9NVE7	PANK4	5.32186545804538	7.71751174035129e-20	No	No
Q9NVG8	TBC1D13	8.23773986955319	6.99716652807091e-29	No	No
Q9NVH1	DNAJC11	6.11908251954824	2.33460924412679e-21	No	No
Q9NVI7	ATAD3A	7.125960869808	1.77349395959863e-22	No	No
Q9NVJ2	ARL8B	9.08661338419103	3.90728465183675e-29	No	No
Q9NVK5	FGFR1OP2	8.47504285677438	4.5165279080334e-27	No	No
Q9NVS9	PNPO	3.8941074433442	1.79222991072154e-09	No	No
Q9NVT9	ARMC1	5.88584499214913	8.47229189657933e-12	No	No
Q9NVZ3	NECAP2	4.96234585022507	1.28374205028264e-13	No	No
Q9NW15	ANO10	8.65357386295149	1.3685130518022799e-26	No	No
Q9NW68	BSDC1	7.79546132278336	3.71550291932327e-23	No	No
Q9NWQ8	PAG1	2.43385135707629	0.0002084065781188	No	No
Q9NWS0	PIH1D1	7.02105136580754	7.32818547665013e-11	No	No
Q9NWS8	RMND1	2.53265452308528	8.14356795698117e-09	No	No
Q9NWT6	HIF1AN	3.77049873921135	1.70613789541539e-14	No	No
Q9NWU1	OXSM	3.76765995348585	5.52307701597217e-10	No	No
Q9NWU2	GID8	4.37995560769285	8.36181874388416e-08	No	No
Q9NWV4	CZIB	9.29728525651956	9.67862710263295e-25	No	No
Q9NWV8	BABAM1	6.19579267537207	8.599901251335301e-18	No	No
Q9NWW5	CLN6	4.65331095369715	8.8476390600131e-18	No	No
Q9NWZ3	IRAK4	8.78788076890525	7.57268422301442e-22	No	No
Q9NX00	TMEM160	2.21279008275988	1.20793260940801e-05	No	No
Q9NX08	COMMD8	4.81106939872263	5.81932196367099e-18	No	No
Q9NX14	NDUFB11	5.57544551225796	3.23321316404189e-16	No	No
Q9NX40	OCIAD1	8.47986213394924	1.2492371793049299e-26	No	No
Q9NX46	ADPRS	2.8405315141484	8.48743533852841e-08	No	No
Q9NX55	HYPK	5.17098831169617	2.4860987223500703e-14	No	No
Q9NX57	RAB20	4.5895647204688	1.08968270205609e-14	No	No
Q9NX62	BPNT2	4.12504544895968	1.28716634791188e-08	No	No
Q9NX63	CHCHD3	8.76239471653495	3.31623454854393e-21	No	No
Q9NX76	CMTM6	10.6461388274863	3.3625803927718103e-35	No	No
Q9NXC2	GFOD1	5.33106429071993	5.90690536952848e-18	No	No
Q9NXC5	MIOS	5.45550865038222	1.6919020277289e-06	No	No
Q9NXG2	THUMPD1	2.37050209400994	3.0979005436584e-07	No	No
Q9NXG6	P4HTM	2.66288355217375	0.0010264080077752	No	No
Q9NXH8	TOR4A	9.01166011622522	1.35771630281158e-22	No	No
Q9NXL6	SIDT1	5.41694866342179	2.20490261298144e-18	No	No
Q9NXR7	BABAM2	8.30942159629522	3.09634868725033e-25	No	No
Q9NXU5	ARL15	5.26525090672394	3.9217257590255e-19	No	No
Q9NXW2	DNAJB12	2.26394409187713	2.22162123604726e-05	No	No
Q9NY15	STAB1	6.60624954358105	2.7729988863354e-05	No	No
Q9NY33	DPP3	6.60563159064738	2.27262151134132e-13	No	No
Q9NY65	TUBA8	8.86775975424393	3.95815805402947e-22	No	No
Q9NY97	B3GNT2	3.37243987100715	1.4275994218486401e-09	No	No
Q9NYA1	SPHK1	5.77160762103378	4.59309598559841e-13	No	No
Q9NYB0	TERF2IP	4.36664151568756	3.23050194081781e-06	No	No
Q9NYB9	ABI2	5.36523696022012	3.37459909767593e-14	No	No
Q9NYF8	BCLAF1	2.37539432589354	0.0062616641640636	No	No
Q9NYI0	PSD3	3.61349924002555	8.71893353817153e-09	No	No
Q9NYJ8	TAB2	5.98945828029098	1.3608472573402401e-21	No	No
Q9NYK5	MRPL39	3.48603367547986	2.1936137711341098e-12	No	No
Q9NYL4	FKBP11	2.64785221131359	1.7832005116478902e-09	No	No
Q9NYL9	TMOD3	8.1362984940275	3.76099889684842e-26	No	No
Q9NYM9	BET1L	5.9197507777778	2.7944143471290304e-20	No	No
Q9NYQ6	CELSR1	9.61125097968529	2.87181558862565e-20	No	No
Q9NYQ8	FAT2	6.38204769589712	6.77968255291869e-13	No	No
Q9NYU2	UGGT1	9.15943582478116	1.0509610915298099e-30	No	No
Q9NZ01	TECR	4.32312965828909	1.05689772945937e-10	No	No
Q9NZ08	ERAP1	4.74663272099042	3.30339829412104e-10	No	No
Q9NZ09	UBAP1	3.70759443144744	1.0248959914168399e-12	No	No
Q9NZ32	ACTR10	6.16592752083351	3.30025455473489e-17	No	No
Q9NZ43	USE1	6.63058613731417	1.14513439012731e-14	No	No
Q9NZ45	CISD1	4.49918469442187	1.51006164583574e-13	No	No
Q9NZ52	GGA3	6.83831270846816	4.64681301133624e-18	No	No
Q9NZ53	PODXL2	6.16188430525375	9.502565770044941e-14	No	No
Q9NZB2	FAM120A	7.91606017431612	6.52299422465065e-25	No	No
Q9NZC2	TREM2	3.04633986990938	1.19879213706126e-08	No	No
Q9NZC3	GDE1	2.92946143461396	0.0003018231702334	No	No
Q9NZD2	GLTP	9.33753623494038	4.07021900494478e-22	No	No
Q9NZD8	SPG21	3.02836521780088	6.32075793680816e-10	No	No
Q9NZI7	UBP1	2.64982655362443	6.8025683490939406e-09	No	No
Q9NZJ5	EIF2AK3	4.23798182711653	0.0008371888375332	No	No
Q9NZJ6	COQ3	2.44155754220273	4.8921274852434e-07	No	No
Q9NZJ7	MTCH1	4.67938416712125	9.13087627483497e-13	No	No
Q9NZL4	HSPBP1	3.28845338713552	3.52771457069082e-09	No	No
Q9NZL9	MAT2B	10.318728683836	2.29324992114528e-07	No	No
Q9NZM3	ITSN2	6.76695589845212	1.02933208816353e-14	No	No
Q9NZN3	EHD3	6.73587089804031	2.1717683696947202e-20	No	No
Q9NZN5	ARHGEF12	8.42009294278602	3.81148370174714e-21	No	No
Q9NZN8	CNOT2	5.3470379200953	1.0289536748127201e-19	No	No
Q9NZP8	C1RL	3.94317423479657	1.05039686441515e-05	No	No
Q9NZQ3	NCKIPSD	10.2829349113401	5.98038822490212e-28	No	No
Q9NZQ7	CD274	5.73641584883393	2.6910594751035e-19	No	No
Q9NZR2	LRP1B	5.61927373910864	4.50429191641276e-21	No	No
Q9NZT2	OGFR	3.70819182939638	3.3215746841503097e-12	No	No
Q9NZZ3	CHMP5	7.29114358106609	1.89543690032766e-22	No	No
Q9P000	COMMD9	4.712794612031	4.8656181786109105e-15	No	No
Q9P003	CNIH4	4.93171228276099	4.6494840074961405e-20	No	No
Q9P032	NDUFAF4	6.00649247667622	6.40703246315989e-19	No	No
Q9P035	HACD3	8.20541497499747	1.52112509795266e-26	No	No
Q9P0I2	EMC3	7.98711647678452	7.062320152098539e-22	No	No
Q9P0J0	NDUFA13	9.14810542602829	4.99868015373805e-29	No	No
Q9P0J1	PDP1	7.08577358354547	1.45319356540271e-17	No	No
Q9P0J7	KCMF1	4.1732776699746	9.89812897543939e-10	No	No
Q9P0L0	VAPA	11.3169334327967	1.07515874167755e-32	No	No
Q9P0N8	MARCHF2	6.27318581111319	3.6179421673590004e-22	No	No
Q9P0R6	GSKIP	3.04228426904769	3.6224144910158395e-11	No	No
Q9P0S9	TMEM14C	6.74908664538176	8.29317954391192e-22	No	No
Q9P0T7	TMEM9	2.40061896174521	4.08499667389768e-07	No	No
Q9P107	GMIP	7.46377014377889	1.0597440000971399e-22	No	No
Q9P126	CLEC1B	9.51555943482911	3.64398082644007e-24	No	No
Q9P1Z2	CALCOCO1	10.0129155582712	1.96720953099158e-32	No	No
Q9P253	VPS18	7.96106765565788	1.35372065565337e-22	No	No
Q9P260	RELCH	7.8641838465892	1.6288100108458e-13	No	No
Q9P270	SLAIN2	9.74727883419372	1.82840206959579e-30	No	No
Q9P289	STK26	8.27033267376948	1.2958467579937798e-28	No	No
Q9P299	COPZ2	3.29811987623377	2.9442152790422897e-12	No	No
Q9P2C4	TMEM181	7.66125838401656	3.06972847606738e-13	No	No
Q9P2D3	HEATR5B	7.54672915772104	1.2559133243373702e-15	No	No
Q9P2E7	PCDH10	4.2171478306286	1.1404798025267899e-12	No	No
Q9P2E9	RRBP1	9.81698624234914	1.1990806816521202e-31	No	No
Q9P2J5	LARS1	8.21238062862012	3.7139463563889003e-16	No	No
Q9P2R3	ANKFY1	6.55189801888127	2.02150368227322e-13	No	No
Q9P2R7	SUCLA2	10.2528390391165	5.71907180091439e-29	No	No
Q9P2S5	WRAP73	4.68279151925439	5.25281374905846e-14	No	No
Q9P2T1	GMPR2	6.47420409997325	5.1769938118296e-13	No	No
Q9P2W9	STX18	4.05224257093427	3.02462927194554e-06	No	No
Q9P2X0	DPM3	4.79200042162558	2.52476236162849e-17	No	No
Q9P2X3	IMPACT	9.64751286696803	7.34377507203382e-08	No	No
Q9UBB4	ATXN10	6.49465225152673	1.82850269298812e-16	No	No
Q9UBB6	NCDN	2.80961448781324	7.70283307720814e-07	No	No
Q9UBC2	EPS15L1	7.58187562157199	2.3838853558213702e-21	No	No
Q9UBE0	SAE1	7.14699568053789	9.749559762282249e-13	No	No
Q9UBF2	COPG2	8.38243067771671	1.09333906257777e-20	No	No
Q9UBG0	MRC2	2.60120301822248	0.0006208876978684	No	No
Q9UBH6	XPR1	3.24503673698254	2.90430080664068e-08	No	No
Q9UBI1	COMMD3	5.82608646179751	5.2679389569977305e-23	No	No
Q9UBI6	GNG12	4.05378562927926	9.3262781782157e-08	No	No
Q9UBM7	DHCR7	7.31071815856441	2.92268424375567e-07	No	No
Q9UBN7	HDAC6	8.37474877918743	6.75761460169607e-27	No	No
Q9UBP0	SPAST	3.76641608890695	1.1427801203817801e-14	No	No
Q9UBP4	DKK3	12.6348612720407	2.54805689361957e-40	No	No
Q9UBQ0	VPS29	8.60595570956492	1.42848921865822e-18	No	No
Q9UBQ5	EIF3K	9.35279007779761	3.95193054430767e-26	No	No
Q9UBQ7	GRHPR	8.96587810660134	5.27576189247695e-28	No	No
Q9UBS4	DNAJB11	9.53772289807615	1.11493543372297e-22	No	No
Q9UBS8	RNF14	6.49615108988567	7.50273626369325e-18	No	No
Q9UBS9	SUCO	4.59358451034947	3.0983617047016797e-16	No	No
Q9UBT2	UBA2	4.63804990474301	1.18932793637915e-08	No	No
Q9UBU3	GHRL	3.83802418357588	1.23110529393378e-12	No	No
Q9UBV2	SEL1L	6.50724015443596	4.1432430309064406e-09	No	No
Q9UBV8	PEF1	5.63777013102371	4.7248649284523504e-09	No	No
Q9UBW5	BIN2	6.44270940250448	1.44554039351452e-21	No	No
Q9UBW8	COPS7A	9.82050071086226	1.92105016320149e-31	No	No
Q9UBX1	CTSF	7.18338288567203	6.549552097841591e-10	No	No
Q9UBX5	FBLN5	7.34071507055205	3.5604505702922597e-28	No	No
Q9UDT6	CLIP2	11.7915358104594	1.56851393870923e-22	No	No
Q9UDW1	UQCR10	6.47016101748379	5.8079316597001005e-15	No	No
Q9UDY2	TJP2	8.36503332613989	1.0060664077596801e-23	No	No
Q9UEU0	VTI1B	7.80437201029316	2.38535480565587e-13	No	No
Q9UEW8	STK39	9.07840750898302	2.2968705728070998e-29	No	No
Q9UEY8	ADD3	7.09968841270134	2.6715603735349504e-23	No	No
Q9UFG5	C19orf25	3.72030747471565	5.3928287450326204e-14	No	No
Q9UFN0	NIPSNAP3A	12.4462477097101	6.97400995088639e-31	No	No
Q9UFP1	GASK1A	3.42041764635979	4.08343325219319e-07	No	No
Q9UG63	ABCF2	3.12834352066571	6.68948066247868e-10	No	No
Q9UGI8	TES	3.50569707398125	2.99723446416631e-06	No	No
Q9UGJ0	PRKAG2	3.30597771161945	9.721478274217829e-12	No	No
Q9UGJ1	TUBGCP4	3.83737928297477	1.32561019543379e-08	No	No
Q9UGM3	DMBT1	2.41609144274444	3.51449209363069e-06	No	No
Q9UGP4	LIMD1	8.1715476425441	4.20626997678097e-18	No	No
Q9UGP8	SEC63	6.52200199714507	4.21275527469406e-15	No	No
Q9UGR2	ZC3H7B	4.44228895566443	1.29564270480856e-16	No	No
Q9UGV2	NDRG3	5.03615442185444	5.268504757688951e-09	No	No
Q9UH62	ARMCX3	9.25677179762426	3.43833395198919e-23	No	No
Q9UH92	MLX	4.84215392889452	1.13036932584154e-13	No	No
Q9UHA4	LAMTOR3	9.59966031935754	4.35468060629359e-28	No	No
Q9UHB6	LIMA1	7.74674854498329	1.83428101338778e-23	No	No
Q9UHD1	CHORDC1	8.73782127064805	2.07986244724277e-19	No	No
Q9UHD2	TBK1	8.7994442658284	1.73124564567619e-17	No	No
Q9UHD8	SEPTIN9	8.02002276017494	1.20608833022816e-19	No	No
Q9UHG2	PCSK1N	3.38376960247797	3.5572581673042503e-09	No	No
Q9UHI8	ADAMTS1	9.7748634688522	2.7958773387969304e-15	No	No
Q9UHJ6	SHPK	3.09052443145589	1.90687339829045e-05	No	No
Q9UHL4	DPP7	7.46217332775753	3.3599958484016504e-15	No	No
Q9UHN6	CEMIP2	4.21493201766831	0.0004032249735685	No	No
Q9UHQ4	BCAP29	8.54329619784079	1.16637428893503e-28	No	No
Q9UHQ9	CYB5R1	9.91541127992414	6.46990796890807e-28	No	No
Q9UHV9	PFDN2	8.85576911629523	9.34275108725235e-24	No	No
Q9UHY1	NRBP1	10.9250664519272	1.2256113192855e-29	No	No
Q9UHY7	ENOPH1	6.5585960882078	8.1154075122994e-21	No	No
Q9UHY8	FEZ2	3.89746637411412	5.10540598852409e-15	No	No
Q9UI08	EVL	3.26512691518929	1.20475297229662e-05	No	No
Q9UI09	NDUFA12	7.93558825408793	3.10921497353788e-22	No	No
Q9UI10	EIF2B4	5.7502711686151	3.4848600790674803e-14	No	No
Q9UI12	ATP6V1H	8.33862776383628	7.875209907470431e-20	No	No
Q9UI14	RABAC1	2.22058408900199	0.0002381053074888	No	No
Q9UI38	PRSS50	4.79970605663133	2.00842971515456e-16	No	No
Q9UIA9	XPO7	9.27883685127237	6.9495807624965005e-15	No	No
Q9UIB8	CD84	5.65026287717506	8.18305910314075e-23	No	No
Q9UIC8	LCMT1	2.92145654280993	1.26681429905896e-08	No	No
Q9UID3	VPS51	9.60658602666859	5.815934621494401e-16	No	No
Q9UII2	ATP5IF1	6.48618845666085	2.02945123455519e-23	No	No
Q9UIJ7	AK3	11.2399804470145	1.27831275956795e-26	No	No
Q9UIL1	SCOC	2.21725949435037	4.28033249659126e-07	No	No
Q9UIQ6	LNPEP	8.26323790354555	8.52912689220654e-17	No	No
Q9UIV1	CNOT7	3.28795991840729	0.0001154112742756	No	No
Q9UJ14	GGT7	5.65509880675255	1.63057200574286e-13	No	No
Q9UJ41	RABGEF1	5.69244565279467	2.7309941682713e-15	No	No
Q9UJ68	MSRA	6.31413867731246	4.78115791478104e-18	No	No
Q9UJ70	NAGK	5.33655844155092	1.15492421314921e-06	No	No
Q9UJA9	ENPP5	4.41021985713847	6.9765346283480396e-12	No	No
Q9UJC5	SH3BGRL2	5.79429388645649	2.1297858231895302e-20	No	No
Q9UJJ9	GNPTG	3.09842834417787	3.81861508475315e-09	No	No
Q9UJS0	SLC25A13	7.15874353574015	2.43686842152643e-17	No	No
Q9UJU6	DBNL	7.35301542800116	4.27244765976347e-27	No	No
Q9UJW0	DCTN4	9.89034021864167	1.7553722130633e-30	No	No
Q9UJX2	CDC23	4.04823974838414	1.0969041391428e-11	No	No
Q9UJX3	ANAPC7	6.83834321048364	9.956304526230191e-09	No	No
Q9UJX5	ANAPC4	5.26456218102244	2.93028312439062e-08	No	No
Q9UJY4	GGA2	3.64069151876533	0.0001497236329264	No	No
Q9UJY5	GGA1	4.89748645537862	6.977984710465e-14	No	No
Q9UJZ1	STOML2	9.74465795609757	1.03020298252209e-25	No	No
Q9UK05	GDF2	5.66476792082439	3.26843983182944e-06	No	No
Q9UK41	VPS28	8.12959963554554	1.6777995525185502e-19	No	No
Q9UK45	LSM7	5.45150014075782	2.0268825240772602e-19	No	No
Q9UK55	SERPINA10	5.64236668364307	7.69951313882894e-21	No	No
Q9UK97	FBXO9	6.16051031692006	1.41202889658384e-18	No	No
Q9UK99	FBXO3	2.82671858078543	7.15968607402588e-08	No	No
Q9UKE5	TNIK	10.1105392828879	5.2558467435906e-33	No	No
Q9UKF7	PITPNC1	5.72542061373702	3.3416765731419e-15	No	No
Q9UKG1	APPL1	9.15886616078857	8.807884385465151e-21	No	No
Q9UKK9	NUDT5	8.65838479522267	7.36517183189678e-25	No	No
Q9UKM7	MAN1B1	9.97021767202411	2.2955515224292503e-25	No	No
Q9UKM9	RALY	4.30931431535191	1.74457489579434e-08	No	No
Q9UKP3	ITGB1BP2	6.40261360293173	5.38503134342097e-18	No	No
Q9UKT5	FBXO4	2.76674909133528	0.0001085339263258	No	No
Q9UKU7	ACAD8	5.23929780964414	5.69900300299747e-18	No	No
Q9UKU9	ANGPTL2	6.3748091625921	7.65296539473142e-13	No	No
Q9UKV3	ACIN1	2.90710101133046	0.0014334509924108	No	No
Q9UKV8	AGO2	4.05347833745367	2.68471095465604e-13	No	No
Q9UKW4	VAV3	7.31536272307915	1.20836387376585e-21	No	No
Q9UKY3	CES1P1	5.41532383444318	1.36595959803278e-16	No	No
Q9UKY7	CDV3	5.72847324958191	6.603698841897739e-11	No	No
Q9UKZ1	CNOT11	4.12482401657393	3.5696970302364504e-09	No	No
Q9UKZ9	PCOLCE2	4.55234724631831	7.93585897888557e-17	No	No
Q9UL15	BAG5	6.90369531027351	1.45487216205038e-13	No	No
Q9UL25	RAB21	10.1441228389686	3.72471017907569e-26	No	No
Q9UL26	RAB22A	5.90768819853442	7.13993933164784e-22	No	No
Q9UL33	TRAPPC2L	5.80586408432802	8.56021571532646e-15	No	No
Q9UL45	BLOC1S6	4.19779068625776	8.9160681026825e-15	No	No
Q9UL46	PSME2	5.94446581216162	3.41080455191395e-16	No	No
Q9UL54	TAOK2	3.19998282352417	8.6134641185658e-06	No	No
Q9ULA0	DNPEP	7.03518826951147	4.7720527032376305e-15	No	No
Q9ULB1	NRXN1	7.43741661287062	7.35518859696413e-22	No	No
Q9ULC4	MCTS1	7.06943302353693	1.3776799780507701e-14	No	No
Q9ULC5	ACSL5	8.80171265726559	1.18228130139589e-14	No	No
Q9ULH0	KIDINS220	6.49654760532123	2.77785867874634e-20	No	No
Q9ULH1	ASAP1	10.7487158606794	1.4958755493105998e-35	No	No
Q9ULH7	MRTFB	7.60447768857193	9.08666806742323e-13	No	No
Q9ULI3	HEG1	3.56442544943348	2.88681390556475e-07	No	No
Q9ULL4	PLXNB3	6.8685559902963	4.71033245535589e-16	No	No
Q9ULL8	SHROOM4	5.44188442444877	3.54531344762909e-16	No	No
Q9ULP9	TBC1D24	3.02575825579288	2.92662108478554e-08	No	No
Q9ULQ0	STRIP2	7.85806104721579	1.89192335184936e-20	No	No
Q9ULV4	CORO1C	5.86592425535495	1.7824316935158301e-19	No	No
Q9ULZ3	PYCARD	2.71653924763965	5.12050175949382e-05	No	No
Q9UM00	TMCO1	3.63569851502622	2.1659332574704298e-12	No	No
Q9UM22	EPDR1	6.06913087464473	5.9602096001389204e-21	No	No
Q9UM47	NOTCH3	3.00851422291536	2.38392595712317e-07	No	No
Q9UM54	MYO6	7.57712207656173	3.15801524965464e-19	No	No
Q9UMS0	NFU1	5.21268640709606	1.04464082714421e-13	No	No
Q9UMX0	UBQLN1	4.38387267240099	1.1496137181303198e-11	No	No
Q9UMX5	NENF	2.90302774516958	0.0065055555568923	No	No
Q9UMY1	NOL7	2.15071408031917	1.24040053405927e-06	No	No
Q9UMY4	SNX12	6.18353249849528	4.48673206397161e-15	No	No
Q9UMZ2	SYNRG	6.62462369115895	1.6787374919343498e-22	No	No
Q9UN19	DAPP1	5.63870738072013	4.66659744109788e-15	No	No
Q9UN37	VPS4A	8.04521423289079	2.31225934185491e-19	No	No
Q9UN70	PCDHGC3	6.28871913327264	5.62447387624247e-22	No	No
Q9UN86	G3BP2	8.44427245829546	1.9153241664980501e-31	No	No
Q9UNE7	STUB1	7.52048926673569	2.3043753669305297e-18	No	No
Q9UNF0	PACSIN2	8.06133665154304	1.1147213248554201e-25	No	No
Q9UNF1	MAGED2	8.79181221515289	2.0223000851633e-24	No	No
Q9UNH7	SNX6	7.54632314299496	2.35281461925652e-20	No	No
Q9UNK0	STX8	6.22183868344562	4.33095981295498e-12	No	No
Q9UNM6	PSMD13	11.0109691451435	1.42835120818057e-28	No	No
Q9UNN5	FAF1	8.57832550838765	5.89767256470859e-29	No	No
Q9UNS2	COPS3	8.23433817429505	1.598253269816e-24	No	No
Q9UNZ2	NSFL1C	7.87831074758956	2.01872175708163e-26	No	No
Q9UP52	TFR2	4.53468291575946	2.19800495296438e-06	No	No
Q9UP79	ADAMTS8	6.81105282508328	7.54249110779924e-21	No	No
Q9UP83	COG5	6.04798461460069	2.2278030133388402e-23	No	No
Q9UPM8	AP4E1	2.86330747609041	2.88092580464788e-06	No	No
Q9UPN3	MACF1	12.7495071594386	3.5336789058088404e-35	No	No
Q9UPN4	CEP131	5.72530196400657	1.5839882993766199e-12	No	No
Q9UPN7	PPP6R1	8.01097122708348	3.9353624949815105e-23	No	No
Q9UPT5	EXOC7	8.63032980958632	4.41655272043545e-27	No	No
Q9UPU5	USP24	8.99711107025547	1.20621000200594e-23	No	No
Q9UPY3	DICER1	7.36820127418594	3.08012634194263e-20	No	No
Q9UPY6	WASF3	8.25540196674534	5.18541427112437e-27	No	No
Q9UQ13	SHOC2	2.40951105439014	2.34380251074809e-05	No	No
Q9UQ16	DNM3	6.24959806568632	1.4863204220265199e-16	No	No
Q9UQ53	MGAT4B	6.12911778530733	1.73630208073161e-13	No	No
Q9UQ80	PA2G4	6.68484676006596	8.65660666252936e-13	No	No
Q9UQ90	SPG7	2.84662592012653	1.3554712495892e-06	No	No
Q9UQE7	SMC3	5.55323658741798	1.33944145827787e-05	No	No
Q9UQL6	HDAC5	4.24519642569389	9.95908076195393e-10	No	No
Q9UQN3	CHMP2B	5.45117295638357	4.51248858731998e-07	No	No
Q9UQP3	TNN	5.2025771292848	5.9757004140902595e-12	No	No
Q9UQQ2	SH2B3	5.62869941916592	7.49932567627689e-07	No	No
Q9Y210	TRPC6	7.86189367841411	1.94206543809465e-15	No	No
Q9Y217	MTMR6	3.94580687483168	6.8169549725348e-05	No	No
Q9Y224	RTRAF	8.50917400681301	6.59054371874883e-23	No	No
Q9Y227	ENTPD4	4.48439662895405	1.1509009968603799e-18	No	No
Q9Y230	RUVBL2	10.6599087809862	7.63123966868055e-29	No	No
Q9Y240	CLEC11A	7.69705743956703	2.81654900519241e-18	No	No
Q9Y243	AKT3	4.25689283780713	3.74525029333643e-13	No	No
Q9Y251	HPSE	6.01512449288954	8.43269642899862e-14	No	No
Q9Y259	CHKB	4.96078854422958	6.3028706935911e-11	No	No
Q9Y262	EIF3L	8.99587997867892	1.11811935531678e-16	No	No
Q9Y263	PLAA	8.74075261620003	5.81401429531366e-17	No	No
Q9Y265	RUVBL1	10.1192279380535	5.899339962649519e-30	No	No
Q9Y266	NUDC	9.10394429444751	1.1903523621475899e-26	No	No
Q9Y274	ST3GAL6	5.21047526201316	4.45069984818084e-11	No	No
Q9Y275	TNFSF13B	2.1318478733133	0.002673306589122	No	No
Q9Y276	BCS1L	5.1370228829244	6.644421015092061e-15	No	No
Q9Y277	VDAC3	6.17549761566233	3.0132702767305503e-15	No	No
Q9Y279	VSIG4	5.88202302517234	4.32947996840231e-16	No	No
Q9Y282	ERGIC3	4.42628966031586	1.40036595587392e-10	No	No
Q9Y285	FARSA	7.63493615738699	8.07004957428856e-21	No	No
Q9Y287	ITM2B	9.89954408378623	1.54354681936324e-18	No	No
Q9Y295	DRG1	6.9245850180414	6.84874908301349e-08	No	No
Q9Y296	TRAPPC4	6.74915964630751	2.02847405659351e-15	No	No
Q9Y2A7	NCKAP1	9.76305302795246	2.88366512382525e-27	No	No
Q9Y2B0	CNPY2	9.94950209118048	1.2892916715956499e-28	No	No
Q9Y2D4	EXOC6B	8.92971618160243	6.20996975246068e-10	No	No
Q9Y2G2	CARD8	5.13531629557405	3.39622942428332e-13	No	No
Q9Y2G3	ATP11B	7.57066783550367	1.65331275968322e-21	No	No
Q9Y2G8	DNAJC16	6.09973650519735	1.10292414541515e-22	No	No
Q9Y2H0	DLGAP4	7.64360548591458	3.0899683024910203e-15	No	No
Q9Y2I7	PIKFYVE	3.22614801510453	1.4713105844794198e-11	No	No
Q9Y2I8	WDR37	8.31611049900719	3.5743820627120304e-24	No	No
Q9Y2J2	EPB41L3	8.21983174567995	1.57552852148361e-23	No	No
Q9Y2L5	TRAPPC8	7.37404062258689	1.86841476319755e-21	No	No
Q9Y2L6	FRMD4B	9.67765099084252	7.11796282332699e-32	No	No
Q9Y2L9	LRCH1	5.26103659393783	1.90425704939708e-13	No	No
Q9Y2Q0	ATP8A1	10.4509748874753	4.109270850814881e-31	No	No
Q9Y2Q3	GSTK1	8.79824452025262	5.02525012223097e-27	No	No
Q9Y2Q5	LAMTOR2	8.39694992670877	2.32176074337941e-28	No	No
Q9Y2R0	COA3	5.55860475920121	7.148649970944239e-11	No	No
Q9Y2S2	CRYL1	6.40917820523589	2.05254558751293e-09	No	No
Q9Y2S7	POLDIP2	2.7472711179575	3.36491912758865e-06	No	No
Q9Y2T2	AP3M1	9.64493445396312	5.03278607434638e-23	No	No
Q9Y2U5	MAP3K2	3.73645816971645	0.0001877187175668	No	No
Q9Y2V2	CARHSP1	2.43080409818722	4.3786113906694e-06	No	No
Q9Y2V7	COG6	5.28108697461589	1.51902809729576e-16	No	No
Q9Y2W1	THRAP3	2.31698887297151	0.0007769054176289	No	No
Q9Y2W6	TDRKH	11.0241491395181	1.08643051182994e-10	No	No
Q9Y2X3	NOP58	2.93993921013996	0.0068574365358272	No	No
Q9Y2X7	GIT1	9.56109977797574	1.77510598210208e-21	No	No
Q9Y2Y8	PRG3	5.41794181354797	4.6142793092076404e-21	No	No
Q9Y2Z0	SUGT1	7.1944482272677	3.67743556994079e-19	No	No
Q9Y2Z4	YARS2	4.07191294291865	0.0002177778312361	No	No
Q9Y305	ACOT9	9.47706239137214	2.40175680082825e-27	No	No
Q9Y315	DERA	9.92733226407407	1.10017838328721e-25	No	No
Q9Y316	MEMO1	5.80347031532984	1.7265085949183999e-13	No	No
Q9Y333	LSM2	8.19902378001537	1.24676545135448e-29	No	No
Q9Y343	SNX24	6.07669534463523	1.78222294898081e-15	No	No
Q9Y371	SH3GLB1	6.88714018723492	2.4334003769026696e-11	No	No
Q9Y376	CAB39	6.02014103219862	3.3713967392727e-09	No	No
Q9Y385	UBE2J1	9.88717461740568	1.4159442573988299e-30	No	No
Q9Y394	DHRS7	10.2658306076409	6.01127902165983e-31	No	No
Q9Y3A3	MOB4	7.48295746926389	1.1063893409177201e-14	No	No
Q9Y3A5	SBDS	4.64208498911151	2.6177450742239e-13	No	No
Q9Y3A6	TMED5	7.92019295918579	5.84122755908736e-23	No	No
Q9Y3B3	TMED7	9.56821594497221	4.79095397365777e-29	No	No
Q9Y3B7	MRPL11	5.50785167824725	1.16149492295385e-10	No	No
Q9Y3B8	REXO2	6.39051684938007	2.0288355886771197e-11	No	No
Q9Y3C0	WASHC3	4.22326435245809	3.10736706652822e-12	No	No
Q9Y3C4	TPRKB	2.73647681531237	0.0041591624956089	No	No
Q9Y3C5	RNF11	5.74897332553112	1.0189678413242999e-14	No	No
Q9Y3C8	UFC1	6.50667344811044	1.4724791109396001e-21	No	No
Q9Y3D0	CIAO2B	3.8986947956163	3.11312942590669e-13	No	No
Q9Y3D2	MSRB2	5.27691914679166	3.94921205031819e-10	No	No
Q9Y3D6	FIS1	6.51713625770176	2.41720040785539e-13	No	No
Q9Y3D7	PAM16	7.2332888886474	5.48960878705178e-12	No	No
Q9Y3D9	MRPS23	4.79557895010991	2.41705122446045e-17	No	No
Q9Y3E0	GOLT1B	9.17228203097345	1.15594055025797e-25	No	No
Q9Y3E5	PTRH2	4.65330371783607	3.92152625738338e-18	No	No
Q9Y3E7	CHMP3	6.93556779043988	4.09008765666927e-23	No	No
Q9Y3F4	STRAP	8.69432155460195	3.16979375900533e-28	No	No
Q9Y3I0	RTCB	9.68015873761288	2.03213041492518e-25	No	No
Q9Y3I1	FBXO7	8.47703780593462	9.05052796227527e-22	No	No
Q9Y3L5	RAP2C	3.85973660899097	2.93857493778692e-06	No	No
Q9Y3P9	RABGAP1	9.92344850885858	7.1410001540145e-26	No	No
Q9Y3Q3	TMED3	6.65326645793858	2.51149296607139e-20	No	No
Q9Y3Q8	TSC22D4	11.086878522288	2.71916794359943e-35	No	No
Q9Y3X0	CCDC9	5.04815136440122	8.8113970841548e-12	No	No
Q9Y450	HBS1L	7.74655934108698	2.5944662591624404e-19	No	No
Q9Y478	PRKAB1	4.7992250627524	3.14808283307575e-14	No	No
Q9Y484	WDR45	4.65130867477538	1.0079612243704199e-11	No	No
Q9Y485	DMXL1	7.01733738094604	7.6150212266321e-23	No	No
Q9Y487	ATP6V0A2	9.58070182044351	1.40794531043952e-22	No	No
Q9Y490	TLN1	5.40695952377833	5.25936980153961e-21	No	No
Q9Y4C0	NRXN3	3.69554713457523	1.3018008987234e-07	No	No
Q9Y4D1	DAAM1	11.0799572473582	2.02039860434274e-28	No	No
Q9Y4D8	HECTD4	8.85446469108643	3.3344716560213803e-20	No	No
Q9Y4E1	WASHC2C	2.32727901915639	3.3735583164365e-05	No	No
Q9Y4E6	WDR7	3.54874278253368	6.038518183698541e-10	No	No
Q9Y4E8	USP15	8.2259059121717	2.18329894304145e-22	No	No
Q9Y4F3	MARF1	6.66152879202452	1.3401797778329201e-25	No	No
Q9Y4F9	RIPOR2	4.92529914740768	1.53371136438402e-05	No	No
Q9Y4G6	TLN2	8.24898236507605	3.39426165845835e-16	No	No
Q9Y4G8	RAPGEF2	6.73313241628298	1.2277324393957802e-19	No	No
Q9Y4H2	IRS2	5.30125128808314	1.475612130156e-10	No	No
Q9Y4H4	GPSM3	9.26357741746885	6.383407182868759e-30	No	No
Q9Y4I1	MYO5A	10.2961555670421	1.18298238914892e-24	No	No
Q9Y4K3	TRAF6	8.8311185753492	8.192322535394761e-17	No	No
Q9Y4K4	MAP4K5	4.54646509168266	3.25315746418074e-09	No	No
Q9Y4L1	HYOU1	6.26622939655132	2.18690127013724e-20	No	No
Q9Y4P1	ATG4B	6.4842521924843	3.29593089134042e-19	No	No
Q9Y4P3	TBL2	5.23450568199266	1.58446831988144e-07	No	No
Q9Y4W6	AFG3L2	8.68346564855201	2.86851765996683e-25	No	No
Q9Y4X5	ARIH1	2.46843207512091	8.77656081208953e-05	No	No
Q9Y4Z0	LSM4	6.61201294636276	1.10848349572735e-20	No	No
Q9Y512	SAMM50	9.76776610173429	8.95053969006324e-22	No	No
Q9Y520	PRRC2C	9.20781828776346	3.0276710262366603e-09	No	No
Q9Y570	PPME1	7.70710210968376	3.05933397970612e-18	No	No
Q9Y584	TIMM22	2.39565625498533	5.21103150916407e-08	No	No
Q9Y587	AP4S1	5.36155952477956	3.6811213221128596e-18	No	No
Q9Y5B8	NME7	4.87008300231109	3.55309141649389e-16	No	No
Q9Y5C1	ANGPTL3	3.24682754845836	1.6591195899657202e-09	No	No
Q9Y5E8	PCDHB15	5.57964689935072	2.0108162441043197e-11	No	No
Q9Y5I4	PCDHAC2	2.64627386324938	1.48699788900662e-06	No	No
Q9Y5J7	TIMM9	4.84273356102636	1.2600851351729901e-15	No	No
Q9Y5K5	UCHL5	7.28008293355297	4.3837176155446797e-13	No	No
Q9Y5K6	CD2AP	10.1493120259949	2.79996140375151e-26	No	No
Q9Y5K8	ATP6V1D	5.96300747342538	9.65607404921089e-18	No	No
Q9Y5L0	TNPO3	7.35671824092132	3.6187008114988304e-21	No	No
Q9Y5L4	TIMM13	7.0201429230755	4.7434407811719604e-23	No	No
Q9Y5M8	SRPRB	8.72858597341608	4.09501676168103e-24	No	No
Q9Y5P4	CERT1	8.42662302085716	4.55559903340848e-16	No	No
Q9Y5P6	GMPPB	7.85698757151376	6.920074322766641e-23	No	No
Q9Y5Q8	GTF3C5	4.4416422700468	9.93066886756144e-14	No	No
Q9Y5R8	TRAPPC1	5.93309568511389	7.29476943020988e-22	No	No
Q9Y5S1	TRPV2	2.89223676244009	5.95856756236783e-08	No	No
Q9Y5S2	CDC42BPB	10.9960446242203	9.24048312618433e-27	No	No
Q9Y5U9	IER3IP1	4.96053059453488	5.87363455723244e-18	No	No
Q9Y5X1	SNX9	10.8612084942594	3.989177788138441e-31	No	No
Q9Y5X2	SNX8	5.27753526883942	5.148270399871251e-10	No	No
Q9Y5X3	SNX5	8.79794248863262	1.4366914451119301e-15	No	No
Q9Y5X9	LIPG	4.83084838050823	2.22225753543077e-15	No	No
Q9Y5Y2	NUBP2	6.56416797762546	8.35824574108684e-22	No	No
Q9Y5Y7	LYVE1	2.20212857202634	8.69607733610142e-07	No	No
Q9Y5Z4	HEBP2	6.37781513968145	2.16691111178484e-16	No	No
Q9Y608	LRRFIP2	7.86405766983713	1.84337434629547e-23	No	No
Q9Y613	FHOD1	7.37598244125926	8.07972711865942e-24	No	No
Q9Y616	IRAK3	4.92660507976433	1.6151842421293197e-11	No	No
Q9Y619	SLC25A15	3.25415658119966	2.75374115339833e-08	No	No
Q9Y624	F11R	6.15131939921095	2.67162683018134e-17	No	No
Q9Y625	GPC6	7.94559416953214	7.43974989677961e-28	No	No
Q9Y644	RFNG	3.20503712837989	1.03546959458381e-06	No	No
Q9Y646	CPQ	2.84783566726636	9.11947323172352e-07	No	No
Q9Y653	ADGRG1	3.96759327959761	2.50178669972856e-08	No	No
Q9Y672	ALG6	4.67414067264796	6.10803111835256e-14	No	No
Q9Y673	ALG5	6.81576094258053	5.36803491189891e-16	No	No
Q9Y678	COPG1	10.0375393375036	1.89486813446294e-25	No	No
Q9Y679	AUP1	5.74300516959573	2.27516819773008e-13	No	No
Q9Y693	LHFPL6	4.14050263838792	1.63459206616811e-14	No	No
Q9Y696	CLIC4	5.74415567512195	9.71485251114174e-14	No	No
Q9Y697	NFS1	5.05646929353991	1.10991307131242e-11	No	No
Q9Y6A5	TACC3	5.42771689283451	4.23566237188313e-17	No	No
Q9Y6A9	SPCS1	3.73198042958949	8.38938553381845e-13	No	No
Q9Y6B6	SAR1B	5.46883588595323	2.18613428418982e-08	No	No
Q9Y6B7	AP4B1	2.2397269893098	7.62955771843794e-06	No	No
Q9Y6C2	EMILIN1	8.51834340392305	1.22414923034798e-16	No	No
Q9Y6C9	MTCH2	8.48798245086243	6.352722500765139e-22	No	No
Q9Y6D5	ARFGEF2	6.70348189878507	2.98942891548846e-14	No	No
Q9Y6D6	ARFGEF1	8.37352423710852	1.21639474418494e-17	No	No
Q9Y6E0	STK24	7.19126220156313	3.75150052257958e-26	No	No
Q9Y6E2	BZW2	5.14024168779123	5.0196488007855e-13	No	No
Q9Y6F6	IRAG1	8.77937252857719	8.60781569040424e-28	No	No
Q9Y6G5	COMMD10	4.52451621508875	9.932223454555679e-18	No	No
Q9Y6G9	DYNC1LI1	10.7007963304271	5.07886719688471e-15	No	No
Q9Y6I3	EPN1	7.49117675141072	1.6546812726619e-25	No	No
Q9Y6I9	TEX264	8.36183968718284	1.68079562832881e-26	No	No
Q9Y6K0	CEPT1	4.03012489576615	4.45956921968596e-15	No	No
Q9Y6K5	OAS3	7.27037601990368	2.68113009837881e-22	No	No
Q9Y6K9	IKBKG	8.7464106361284	9.62578715594191e-28	No	No
Q9Y6L7	TLL2	5.9381039472635	2.9078636402064303e-21	No	No
Q9Y6M1	IGF2BP2	8.0097864710147	2.8881661433762704e-23	No	No
Q9Y6M5	SLC30A1	7.02746339961806	1.1656036933237301e-23	No	No
Q9Y6M9	NDUFB9	4.16604187861199	1.04305580541253e-15	No	No
Q9Y6N5	SQOR	10.1256730923323	9.47662225203719e-24	No	No
Q9Y6Q2	STON1	5.15241894688008	9.56261198160414e-11	No	No
Q9Y6R4	MAP3K4	3.38991965871594	6.78922499552803e-12	No	No
Q9Y6W3	CAPN7	4.97685909490458	1.88490742304205e-06	No	No
Q9Y6W5	WASF2	10.5125893334065	5.1663738387159594e-30	No	No
Q9Y6X5	ENPP4	6.52347622758369	3.94328264606689e-24	No	No
Q9Y6Y8	SEC23IP	8.19886512247419	7.595683973098431e-25	No	No
Q9Y6Y9	LY96	2.4304236292217	9.33307722808693e-05	No	No
Q9Y6Z7	COLEC10	6.46230782714265	1.93239690584388e-22	No	No
A0A075B6J1	IGLV5-37	-4.38362706638805	1.69262923868276e-20	No	No
A0A075B6Q5	IGHV3-64	-2.35918212292061	8.45438202298325e-07	No	No
A0A075B6S6	IGKV2D-30	-11.523286927295	3.71134267276464e-36	No	No
A0A075B6W8	TRAJ17	-2.36677915898885	1.11884730355941e-07	No	No
A0A075B7B6	IGHV4OR15-8	-7.46649850311378	1.9973913042673602e-23	No	No
A0A075B7E8	IGHV3OR16-13	-3.22290354287483	4.82569813931195e-12	No	No
A0A087WYE8	IGHV1OR21-1	-6.92657619497824	7.636915105778259e-28	No	No
A0A0A0MT96	IGKJ3	-3.0066223832647	2.1965005946580298e-12	No	No
A0A0C4DH34	IGHV4-28	-2.36966132810666	0.0013342979295991	No	No
O14960	LECT2	-5.01537778262398	8.15004336827495e-16	No	No
O43286	B4GALT5	-7.63338341711764	5.17040716533775e-31	No	No
O75144	ICOSLG	-7.09567975930811	8.67193536240306e-24	No	No
O75882	ATRN	-3.17459935259082	8.659652281086409e-11	No	No
O95497	VNN1	-2.54285696982915	8.67463444238638e-05	No	No
P00533	EGFR	-4.93577830047333	1.16563527216136e-17	No	No
P00738	HP	-2.48982410894632	3.19277872595551e-07	No	No
P00748	F12	-2.85591232069714	1.7146511820295101e-09	No	No
P00751	CFB	-4.25973661522035	4.83302639632201e-16	No	No
P00915	CA1	-4.02474112602173	5.97642428586031e-14	No	No
P01023	A2M	-2.64389036348298	7.966049478390901e-10	No	No
P01034	CST3	-2.73460095465272	4.71682466666605e-05	No	No
P01817	IGHV2-5	-3.40671020725544	0.0004005712268634	No	No
P01824	IGHV4-39	-6.42239445651577	2.08149074655587e-19	No	No
P01857	IGHG1	-2.80568381748822	1.35520329011817e-08	No	No
P01880	IGHD	-2.59323807646838	5.3092671752973e-07	No	No
P02042	HBD	-3.02555142688311	4.74130530909555e-09	No	No
P02745	C1QA	-3.87887025907981	6.69364712827621e-12	No	No
P02746	C1QB	-2.34345413935985	1.02512854676179e-06	No	No
P02747	C1QC	-2.73872132119638	2.77815137346302e-07	No	No
P02750	LRG1	-4.33812081750912	2.9270019445174002e-15	No	No
P02763	ORM1	-2.79619181381068	1.92883771886677e-07	No	No
P02765	AHSG	-2.91122289311368	7.87432847616918e-08	No	No
P02790	HPX	-4.20386242710873	2.8092676011917602e-15	No	No
P03950	ANG	-2.35715379199584	0.0015030403337075	No	No
P03951	F11	-4.29264847523704	3.86948018220529e-12	No	No
P04217	A1BG	-2.8247615172658	3.30511099751466e-10	No	No
P04746	AMY2A	-3.94991805252521	1.62116125381252e-08	No	No
P05156	CFI	-2.4707788593099	2.44954064173569e-07	No	No
P05452	CLEC3B	-3.26463744627719	1.60501083915686e-08	No	No
P05543	SERPINA7	-2.37694893679145	1.5543836692742e-08	No	No
P06276	BCHE	-2.60093244297742	1.60263281041343e-08	No	No
P06310	IGKV2-30	-5.70901729226293	1.52403267752753e-18	No	No
P06681	C2	-2.73794452374624	6.301943299206081e-10	No	No
P06731	CEACAM5	-5.83363055479169	1.31590853154544e-18	No	No
P07148	FABP1	-6.61916549167804	5.51531601030929e-10	No	No
P07998	RNASE1	-6.84964324891193	1.00509243002017e-16	No	No
P08185	SERPINA6	-3.12685507424185	7.49405227756086e-11	No	No
P08217	CELA2A	-2.30953071119937	1.58940332814132e-09	No	No
P13688	CEACAM1	-4.79025318510333	6.376889431757251e-19	No	No
P15085	CPA1	-5.44055085361342	3.3862549753039e-07	No	No
P15086	CPB1	-5.39249741697996	2.70345513012248e-08	No	No
P16233	PNLIP	-8.52930861474152	2.81112193183659e-32	No	No
P16581	SELE	-2.92274811550446	7.71834830498649e-06	No	No
P18065	IGFBP2	-2.44543919894913	5.61655772344638e-05	No	No
P18564	ITGB6	-8.48410239863779	1.55670374521974e-35	No	No
P20023	CR2	-3.10665038381228	7.94990714524867e-07	No	No
P20933	AGA	-5.80188632480914	1.13502151392597e-11	No	No
P22897	MRC1	-3.35621006507604	6.62709541045215e-06	No	No
P25311	AZGP1	-3.88370967954688	2.1429248565321103e-15	No	No
P27918	CFP	-2.97677571168569	7.35887392798146e-10	No	No
P36222	CHI3L1	-3.36495799267809	1.69516744436219e-07	No	No
P36980	CFHR2	-2.62307454162247	1.32413595075949e-06	No	No
P42785	PRCP	-5.99901699866949	1.95656486743203e-13	No	No
P43652	AFM	-2.88080777776939	8.639733493679739e-11	No	No
P54108	CRISP3	-7.12848265524816	2.09087769861271e-29	No	No
P54289	CACNA2D1	-3.80026365397294	0.0008973043469435	No	No
P68871	HBB	-3.22474469935011	4.8716119108761e-11	No	No
P69891	HBG1	-2.17219203018213	2.97033888801064e-05	No	No
P69892	HBG2	-3.27413538501458	3.64717746339588e-07	No	No
P69905	HBA2	-2.43961207828871	3.86476089089424e-06	No	No
P80748	IGLV3-21	-2.34304245451773	0.0005387033601143	No	No
Q01459	CTBS	-3.14935425892483	4.45831739202071e-09	No	No
Q03591	CFHR1	-3.60681056211926	7.59111015511275e-08	No	No
Q08ET2	SIGLEC14	-4.77879848051492	2.5896573278076297e-18	No	No
Q12860	CNTN1	-2.61227617816994	8.13390827828456e-07	No	No
Q12866	MERTK	-6.18984389204038	5.53134578032761e-05	No	No
Q13231	CHIT1	-6.54204942826256	3.19765176050332e-07	No	No
Q13508	ART3	-5.27730666870864	2.80746864736755e-13	No	No
Q13822	ENPP2	-5.26649699080231	7.01143744844585e-12	No	No
Q14624	ITIH4	-2.65790706180377	7.72364241091822e-10	No	No
Q15223	NECTIN1	-2.16559457080852	0.0004954388602104	No	No
Q15848	ADIPOQ	-4.40295087297612	1.0605593429453e-08	No	No
Q16394	EXT1	-4.26980756790943	1.5704944548818e-17	No	No
Q16853	AOC3	-4.32620866308044	9.30777705371508e-08	No	No
Q6P179	ERAP2	-2.8993014260123	1.1822913813691e-05	No	No
Q7Z7M0	MEGF8	-6.08980574270231	3.6657043287871e-05	No	No
Q86VB7	CD163	-4.0720412066251	2.23505367840137e-10	No	No
Q8IWV2	CNTN4	-5.27445254670434	1.28607487520317e-10	No	No
Q8IYS5	OSCAR	-5.75144778768046	0.0034985997281798	No	No
Q8N6C8	LILRA3	-3.80637549485235	0.0005142132808366	No	No
Q96IY4	CPB2	-2.34178901678166	1.48944185066796e-07	No	No
Q96RW7	HMCN1	-4.50577559065752	0.0008491551579361	No	No
Q9BU23	LMF2	-2.25038153539359	2.41471672462282e-06	No	No
Q9NQ38	SPINK5	-6.00948607276293	3.07738118216146e-14	No	No
Q9NZK5	ADA2	-9.53846356750234	3.3232705037851202e-21	No	No
Q9P232	CNTN3	-4.68964394745452	4.72883427304475e-06	No	No
