Name,Term,ES,NES,NOM p-val,FDR q-val,FWER p-val,Tag %,Gene %,Lead_genes
prerank,GO_Biological_Process_2025__Regulation of Actomyosin Structure Organization (GO:0110020),0.8631658810682253,1.914839459938776,0.0024271844660194173,0.4032129686035187,0.265,2/10,0.95%,AKAP13;PTGER4
prerank,GO_Biological_Process_2025__ATP Biosynthetic Process (GO:0006754),0.7270074258978257,1.7976928487637729,0.005089058524173028,1.0,0.878,1/18,0.07%,VPS9D1
prerank,GO_Biological_Process_2025__Defense Response to Gram-negative Bacterium (GO:0050829),-0.7899097817834915,-1.7813749251086666,0.0,1.0,0.609,8/22,9.39%,AZU1;ELANE;PRB3;FCN2;HMGB2;DMBT1;RPS19;LBP
prerank,GO_Biological_Process_2025__Skeletal System Development (GO:0001501),0.5745391739235196,1.780680431056553,0.003289473684210526,1.0,0.934,24/66,10.17%,RAB33B;AKAP13;LAMA5;PTGER4;PCSK5;MRPL13;BCAN;COL1A2;HAPLN1;COL18A1;NOTUM;ATP7A;GDF11;BMP6;COL1A1;MMP14;TLL1;TCOF1;SH3PXD2B;IGF1;MYOC;RBP4;BMP5;CHI3L1
prerank,GO_Biological_Process_2025__Negative Regulation of Platelet Aggregation (GO:0090331),0.8473067021129754,1.7478466642897044,0.007462686567164179,1.0,0.983,1/8,0.65%,SH2B3
prerank,GO_Biological_Process_2025__Mitotic Spindle Assembly (GO:0090307),-0.8029010644703047,-1.741368563241429,0.0016863406408094434,1.0,0.867,4/17,4.66%,MZT1;KIF3B;ARHGEF10;CLASP1
prerank,GO_Biological_Process_2025__Negative Regulation of Receptor Signaling Pathway via STAT (GO:1904893),0.8990736308151706,1.7370350158695407,0.004524886877828055,1.0,0.99,2/6,1.44%,SH2B3;PTPN2
prerank,GO_Biological_Process_2025__Regulation of Erythrocyte Differentiation (GO:0045646),-0.8152010299457905,-1.7367123201441976,0.004830917874396135,1.0,0.892,5/16,4.91%,GLUL;PRKDC;PRMT1;CDK6;HMGB2
prerank,GO_Biological_Process_2025__Macrophage Activation (GO:0042116),-0.7701454325943782,-1.7303225884797413,0.004694835680751174,0.8860474311176657,0.91,8/21,9.39%,AZU1;ITGAM;NMI;FCGR3B;CRTC3;AIF1;ITGB2;LBP
prerank,GO_Biological_Process_2025__Anoikis (GO:0043276),0.8808747767247103,1.709663653365977,0.0,1.0,0.997,3/6,6.19%,MTOR;STK11;TSC2
prerank,GO_Biological_Process_2025__Regulation of Mitotic Cell Cycle Phase Transition (GO:1901990),-0.7743403258763052,-1.7096353766805825,0.0030441400304414,1.0,0.966,3/20,3.36%,CDK3;PPP2CA;CDK6
prerank,GO_Biological_Process_2025__Mitotic Cytokinesis (GO:0000281),-0.7065092721580458,-1.6972241617065855,0.007776049766718507,1.0,0.98,3/29,4.77%,MYH14;MITD1;EXOC6B
prerank,GO_Biological_Process_2025__One-Carbon Compound Transport (GO:0019755),0.9000608078227623,1.6947862546894552,0.01182033096926714,1.0,0.999,5/6,4.24%,HBG2;SLC14A1;HBD;RHAG;HBB
prerank,GO_Biological_Process_2025__intra-Golgi Vesicle-Mediated Transport (GO:0006891),0.6392788860153745,1.691566961549549,0.012345679012345678,1.0,0.999,4/27,2.39%,RAB33B;COG3;VTI1A;TRAPPC10
prerank,GO_Biological_Process_2025__Regulation of Cytokine-Mediated Signaling Pathway (GO:0001959),0.6385511389102221,1.6913565671295603,0.011267605633802818,1.0,0.999,4/27,3.97%,PALM3;PTPN2;VRK2;TMC8
prerank,GO_Biological_Process_2025__One-Carbon Metabolic Process (GO:0006730),-0.9265275702094564,-1.6907807569402993,0.003395585738539898,1.0,0.992,1/7,0.07%,MTHFD2L
prerank,GO_Biological_Process_2025__Regulation of Hippo Signaling (GO:0035330),-0.7522161440422067,-1.685337207304259,0.009787928221859706,0.9760589772013362,0.993,3/20,7.74%,PPP2CA;SIKE1;STRIP1
prerank,GO_Biological_Process_2025__Intracellular Glucose Homeostasis (GO:0001678),-0.7609598707192861,-1.6804497118159316,0.00946372239747634,0.9416837068426717,0.996,3/20,3.02%,FOXO1;LRRC8A;NUCKS1
prerank,GO_Biological_Process_2025__Sprouting Angiogenesis (GO:0002040),0.6568179928607191,1.6707436541494478,0.024861878453038673,1.0,1.0,2/24,4.56%,JMJD6;GPLD1
prerank,GO_Biological_Process_2025__Positive Regulation of Double-Strand Break Repair via Homologous Recombination (GO:1905168),-0.8754964170844517,-1.6677470652813318,0.001697792869269949,1.0,0.999,3/9,6.01%,PRMT1;FUS;HDGFL2
prerank,GO_Biological_Process_2025__Skeletal Muscle Tissue Development (GO:0007519),-0.8596253374049843,-1.6641899886571936,0.0034782608695652175,1.0,1.0,1/9,0.04%,MYH14
prerank,GO_Biological_Process_2025__Positive Regulation of Lymphocyte Proliferation (GO:0050671),-0.6720779297423465,-1.663773194163893,0.01199400299850075,0.9277746379114202,1.0,8/33,10.04%,CD209;SASH3;FCGR3B;IRS2;ANXA1;TNFSF13B;S100A9;CD81
prerank,GO_Biological_Process_2025__Striated Muscle Tissue Development (GO:0014706),-0.8646363082203642,-1.658830766478547,0.006980802792321117,0.9280130790930987,1.0,2/9,1.81%,MYH14;PRMT1
prerank,GO_Biological_Process_2025__Protein O-linked Mannosylation (GO:0035269),0.8564279989590706,1.6570734870738575,0.0071090047393364926,1.0,1.0,3/7,7.67%,CRPPA;POMGNT2;RXYLT1
prerank,GO_Biological_Process_2025__Protein Mannosylation (GO:0035268),0.8564279989590706,1.6570734870738575,0.0071090047393364926,1.0,1.0,3/7,7.67%,CRPPA;POMGNT2;RXYLT1
prerank,DGIdb_Drug_Targets_2024__MASITINIB,-0.8189844472242387,-1.6551242995713813,0.012152777777777778,0.9126165913618521,1.0,3/12,4.61%,HCK;FGFR2;FGFR3
prerank,GO_Biological_Process_2025__Mitotic Spindle Organization (GO:0007052),-0.6727305606076156,-1.6437023149572374,0.006153846153846154,1.0,1.0,5/34,6.54%,MZT1;KIF3B;ARHGEF10;CLASP1;DCTN6
prerank,GO_Biological_Process_2025__Water-Soluble Vitamin Metabolic Process (GO:0006767),-0.7903700016963773,-1.6434782988765437,0.010033444816053512,0.9563279694174321,1.0,2/16,1.06%,MTHFD2L;VNN2
prerank,GO_Biological_Process_2025__Defense Response to Bacterium (GO:0042742),-0.5912311868365839,-1.6423746805848816,0.004120879120879121,0.9143798538818284,1.0,20/78,10.90%,AZU1;ELANE;LCN2;EPX;PRB3;S100A12;FCN2;S100A14;GSDMA;HMGB2;ANXA3;DMBT1;STAB1;RPS19;S100A9;LBP;XIAP;GBP4;S100A8;NAGK
prerank,GO_Biological_Process_2025__Negative Regulation of Hippo Signaling (GO:0035331),-0.7871612957572622,-1.6394361575141372,0.013289036544850499,0.9022614314718104,1.0,3/14,7.74%,PPP2CA;SIKE1;STRIP1
prerank,GO_Biological_Process_2025__Positive Regulation of DNA Recombination (GO:0045911),-0.842193560509391,-1.63907829574512,0.006825938566552901,0.8598440002047758,1.0,3/10,6.01%,PRMT1;FUS;HDGFL2
prerank,GO_Biological_Process_2025__Protein Localization to Phagophore Assembly Site (GO:0034497),-0.8050395128749289,-1.6379835809440364,0.013888888888888888,0.8289646122238097,1.0,2/12,2.00%,ATG13;WDR45B
prerank,GO_Biological_Process_2025__Negative Regulation of Receptor Signaling Pathway via JAK-STAT (GO:0046426),0.7945008516598125,1.635827523307916,0.037444933920704845,1.0,1.0,2/8,1.44%,SH2B3;PTPN2
prerank,GO_Biological_Process_2025__Positive Regulation of Erythrocyte Differentiation (GO:0045648),-0.8141605424052879,-1.6331567489743084,0.006734006734006734,0.8484872678322943,1.0,4/12,4.91%,GLUL;PRKDC;PRMT1;HMGB2
prerank,DGIdb_Drug_Targets_2024__PALIFERMIN,-0.9113123174564379,-1.6286183740756586,0.008741258741258742,0.8628969600237802,1.0,3/6,4.61%,FGFR2;FGFR4;FGFR3
prerank,Reactome_Pathways_2024__AMPK Inhibits chREBP Transcriptional Activation Activity,0.8754288151799959,1.6280760468368776,0.016018306636155607,1.0,1.0,4/5,8.37%,ADIPOR1;STK11;ADIPOQ;PRKAB2
prerank,GO_Biological_Process_2025__Regulation of Defense Response to Virus by Host (GO:0050691),0.7132274448076174,1.6276556343834205,0.04030226700251889,1.0,1.0,6/13,12.26%,TARBP2;DHX9;STAT1;NT5C2;PARP9;DTX3L
prerank,GO_Biological_Process_2025__Glycolipid Biosynthetic Process (GO:0009247),-0.7796647103273018,-1.6239902520904665,0.010619469026548672,0.8822738402424044,1.0,4/13,12.93%,PIGG;PIGH;PIGN;B3GALNT1
prerank,DGIdb_Drug_Targets_2024__PHENYTOIN,0.8986093997535646,1.6212876971888948,0.019230769230769232,1.0,1.0,5/5,10.22%,EPHX1;GGT1;TG;CFHR4;SLC2A1
prerank,GO_Biological_Process_2025__Positive Regulation of Double-Strand Break Repair (GO:2000781),-0.7397085934909862,-1.6209034588039668,0.009819967266775777,0.8853718477695764,1.0,6/19,10.52%,PRKDC;PRMT1;PNKP;FUS;HDGFL2;RAD50
prerank,GO_Biological_Process_2025__Regulation of RNA Biosynthetic Process (GO:2001141),-0.6139811455804626,-1.6186096096706604,0.007122507122507123,0.8786843674274306,1.0,15/56,9.58%,PPIE;PRMT1;RPL6;FUS;EDF1;RBBP7;ACTL6A;TGFBRAP1;TERF2IP;SMAD4;POFUT1;DAPK3;CELSR2;HNRNPD;NONO
prerank,DGIdb_Drug_Targets_2024__ISOPROTERENOL,0.8090861852909749,1.6118521713057041,0.04028436018957346,1.0,1.0,2/7,3.59%,MTOR;LIPE
prerank,GO_Biological_Process_2025__Positive Regulation of Neuron Apoptotic Process (GO:0043525),0.6294502896708408,1.6085697684479987,0.02666666666666667,1.0,1.0,5/21,6.54%,CASP14;CASP2;GRN;GSK3A;CASP10
prerank,GO_Biological_Process_2025__GPI Anchor Metabolic Process (GO:0006505),-0.8775469408959327,-1.6062513478975777,0.011538461538461539,0.9621719861572771,1.0,2/7,1.35%,PIGG;PIGH
prerank,GO_Biological_Process_2025__GPI Anchor Biosynthetic Process (GO:0006506),-0.8775469408959327,-1.6062513478975777,0.011538461538461539,0.9621719861572771,1.0,2/7,1.35%,PIGG;PIGH
prerank,GO_Biological_Process_2025__Negative Regulation of Homotypic Cell-Cell Adhesion (GO:0034111),0.7477149094137346,1.6049989694103115,0.04314720812182741,1.0,1.0,1/9,0.65%,SH2B3
prerank,GO_Biological_Process_2025__Regulation of Cell Differentiation (GO:0045595),-0.6051280264084069,-1.6040552501684555,0.0075528700906344415,0.954445987233469,1.0,7/55,4.66%,PPP2CA;BIRC2;FGFR2;CDK6;NSUN2;RBBP7;CLASP1
prerank,GO_Biological_Process_2025__Protein Deacylation (GO:0035601),0.726858535510719,1.603695877679313,0.035634743875278395,1.0,1.0,5/12,12.33%,HDAC7;NOTUM;LYPLA2;ABHD17B;HDAC3
prerank,GO_Biological_Process_2025__Angiogenesis Involved in Wound Healing (GO:0060055),-0.8932723379045644,-1.6032147025218935,0.010452961672473868,0.9314992536114342,1.0,2/6,0.98%,NDNF;PRCP
prerank,GO_Biological_Process_2025__Positive Regulation of Myeloid Cell Differentiation (GO:0045639),-0.7606340956236369,-1.6028750445706925,0.006349206349206349,0.9049319727066105,1.0,4/16,4.91%,GLUL;PRKDC;PRMT1;HMGB2
prerank,GO_Biological_Process_2025__Peptidyl-Serine Dephosphorylation (GO:0070262),-0.9296171234001842,-1.6001333422143977,0.0054446460980036296,0.9076148205830461,1.0,1/5,0.14%,PPP2CA
prerank,DGIdb_Drug_Targets_2024__RUXOLITINIB,0.8235016200753144,1.5985826431872343,0.0387409200968523,1.0,1.0,3/6,9.11%,SH2B3;BRAF;IL7R
prerank,GO_Biological_Process_2025__Folic Acid-Containing Compound Metabolic Process (GO:0006760),-0.9227496983417252,-1.5982405450405133,0.003418803418803419,0.9014864976313549,1.0,1/6,0.07%,MTHFD2L
prerank,DGIdb_Drug_Targets_2024__E 3810,-0.8708820705681343,-1.5977490604740714,0.015625,0.87986241137473,1.0,2/6,4.61%,FGFR2;FGFR3
prerank,DGIdb_Drug_Targets_2024__NINTEDANIB,-0.8154638885251877,-1.5973210650590608,0.01192504258943782,0.8589773440212132,1.0,3/10,4.61%,FGFR2;FGFR4;FGFR3
prerank,GO_Biological_Process_2025__Transferrin Transport (GO:0033572),0.8485933616184501,1.59339752833299,0.021551724137931036,1.0,1.0,1/6,0.02%,LMTK2
prerank,GO_Biological_Process_2025__Reg of Mt Outer Membrane Permeabilization Inv in Apoptotic Sgnlng Pway (GO:1901028),0.8123733379260849,1.5928718138387836,0.031746031746031744,1.0,1.0,3/7,8.28%,TMEM102;GSK3A;SLC25A6
prerank,DGIdb_Drug_Targets_2024__SORAFENIB TOSYLATE,0.7647683194163098,1.5927889734895573,0.02056555269922879,1.0,1.0,2/9,2.74%,BRAF;ATXN2
prerank,GO_Biological_Process_2025__Skeletal Muscle Organ Development (GO:0060538),-0.889211312555185,-1.5918669086365302,0.013937282229965157,0.8947130649203849,1.0,1/6,0.04%,MYH14
prerank,GO_Biological_Process_2025__Cellular Response to Increased Oxygen Levels (GO:0036295),-0.882306101361992,-1.5911898236769382,0.010238907849829351,0.8773045877894505,1.0,1/7,0.11%,FOXO1
prerank,GO_Biological_Process_2025__Phospholipase C-activating G Protein-Coupled Receptor Signaling Pathway (GO:0007200),-0.6730670228333459,-1.5876474948182242,0.029827315541601257,0.8930846681553151,1.0,5/24,9.06%,AZU1;DGKQ;SELE;GNA15;GNA11
prerank,GO_Biological_Process_2025__Carbon Dioxide Transport (GO:0015670),0.8848094427615179,1.5871644651766346,0.030232558139534883,1.0,1.0,4/5,4.24%,HBG2;HBD;RHAG;HBB
prerank,GO_Biological_Process_2025__Gas Transport (GO:0015669),0.8848094427615179,1.5871644651766346,0.030232558139534883,1.0,1.0,4/5,4.24%,HBG2;HBD;RHAG;HBB
prerank,GO_Biological_Process_2025__Nuclear Export (GO:0051168),-0.7090161217780754,-1.5864404516538324,0.020569620253164556,0.8828849480764549,1.0,3/21,4.54%,RANBP3;NUP62;XPO5
prerank,GO_Biological_Process_2025__Regulation of Chromosome Segregation (GO:0051983),0.7558959573777231,1.584381149056034,0.04100227790432802,1.0,1.0,6/9,16.53%,RAB33B;SMC4;NCAPH;PPP2R2D;NCAPG;PPP2R2A
prerank,DGIdb_Drug_Targets_2024__INFIGRATINIB,-0.8950582853152023,-1.58229729744437,0.012433392539964476,0.90739708769258,1.0,3/6,4.61%,FGFR2;FGFR4;FGFR3
prerank,DGIdb_Drug_Targets_2024__COLLAGENASE CLOSTRIDIUM HISTOLYTICUM,0.6986472322360449,1.5811497106888976,0.04439252336448598,1.0,1.0,5/13,11.34%,COL1A2;COL18A1;COL6A6;COL1A1;COL3A1
prerank,GO_Biological_Process_2025__Regulation of Peptidase Activity (GO:0052547),-0.8168678482021006,-1.5805109877645382,0.02972027972027972,0.9055757638971428,1.0,3/9,5.08%,CSTA;ATP13A2;CST3
prerank,GO_Biological_Process_2025__Positive Regulation of Defense Response to Bacterium (GO:1900426),0.8124266857483305,1.5803876801309906,0.045951859956236324,1.0,1.0,4/6,16.97%,GRN;KLKB1;MMRN2;PGC
prerank,GO_Biological_Process_2025__Negative Regulation of Insulin Receptor Signaling Pathway (GO:0046627),0.6555402405960862,1.5786378994470422,0.041666666666666664,1.0,1.0,6/19,8.81%,PTPN2;GSK3A;CUL7;PRKCQ;TSC2;IRS1
prerank,GO_Biological_Process_2025__Regulation of Cellular Response to Growth Factor Stimulus (GO:0090287),-0.7891707556369514,-1.577934773872294,0.030035335689045935,0.9120084417277452,1.0,3/10,9.41%,SFRP4;PRMT1;XIAP
prerank,GO_Biological_Process_2025__Neutrophil Migration (GO:1990266),-0.6910008557333231,-1.576343091019451,0.02090032154340836,0.9078477677282802,1.0,8/24,10.64%,SAA2;S100A12;PRTN3;IRAK4;S100A9;ITGB2;S100A8;SRP54
prerank,GO_Biological_Process_2025__Mitotic Chromosome Condensation (GO:0007076),0.8000423351204929,1.5762246145290661,0.0477326968973747,1.0,1.0,6/7,16.88%,RAB33B;SMC4;NCAPH;TTR;NCAPG;CHMP1A
prerank,GO_Biological_Process_2025__Chromosome Condensation (GO:0030261),0.8000423351204929,1.5762246145290661,0.0477326968973747,1.0,1.0,6/7,16.88%,RAB33B;SMC4;NCAPH;TTR;NCAPG;CHMP1A
prerank,GO_Biological_Process_2025__Mammary Gland Development (GO:0030879),0.8373744438207362,1.5758490967511318,0.04337899543378995,1.0,1.0,1/5,0.30%,ARHGAP35
prerank,GO_Biological_Process_2025__Carbohydrate Biosynthetic Process (GO:0016051),0.7913304363070718,1.5742974659395172,0.050724637681159424,1.0,1.0,1/7,1.39%,ST6GALNAC1
prerank,GO_Biological_Process_2025__Extrinsic Apoptotic Signaling Pathway in Absence of Ligand (GO:0097192),0.813960445001976,1.5741470672665376,0.04072398190045249,1.0,1.0,2/6,4.48%,CASP2;GSK3A
prerank,GO_Biological_Process_2025__Oligosaccharide Biosynthetic Process (GO:0009312),0.8401047871856021,1.5739453401097652,0.041666666666666664,1.0,1.0,1/6,1.39%,ST6GALNAC1
prerank,DGIdb_Drug_Targets_2024__DORLIMOMAB ARITOX,-0.620131875734847,-1.5738006689701864,0.026905829596412557,0.9141502196931803,1.0,20/41,14.37%,RPL17;RPL15;RPL6;RPS13;RPL8;RPL3;RPL24;RPL13;RPL38;RPLP0;RPS19;RPS6;RPL22;RPL18;RPS3;RPS4X;RPL11;RPS16;RPS23;RPLP1
prerank,GO_Biological_Process_2025__Cellular Response to Fibroblast Growth Factor Stimulus (GO:0044344),-0.7765322205659161,-1.573505812502522,0.02922077922077922,0.8961486666324135,1.0,5/13,6.49%,NDNF;FGFR2;FGFR4;FGFR3;SHOC2
prerank,DGIdb_Drug_Targets_2024__ATALUREN,-0.622222216561088,-1.5725302769302583,0.023952095808383235,0.8864925213234658,1.0,20/41,14.37%,RPL17;RPL15;RPL6;RPS13;RPL8;RPL3;RPL24;RPL13;RPL38;RPLP0;RPS19;RPS6;RPL22;RPL18;RPS3;RPS4X;RPL11;RPS16;RPS23;RPLP1
prerank,DGIdb_Drug_Targets_2024__TAMOXIFEN,0.6584856099602173,1.5723032035194013,0.03636363636363636,1.0,1.0,6/18,9.23%,RRAS2;GGT1;ATXN2;COL18A1;GAPDH;HEXB
prerank,GO_Biological_Process_2025__Negative Regulation of Exocytosis (GO:0045920),0.793899337586883,1.5709407558167945,0.0420353982300885,1.0,1.0,1/7,0.19%,RAB33B
prerank,GO_Biological_Process_2025__T Cell Homeostasis (GO:0043029),-0.8112733006556946,-1.5685378011873847,0.03907637655417407,0.9100574214119105,1.0,1/9,0.14%,PPP2CA
prerank,GO_Biological_Process_2025__Sensory Perception of Mechanical Stimulus (GO:0050954),-0.6997809964139113,-1.5684681242487877,0.021875,0.8915062122131161,1.0,4/21,7.30%,MYH14;NDUFB9;CRYM;ATP2B4
prerank,GO_Biological_Process_2025__Regulation of Chromosome Separation (GO:1905818),0.8224006751802921,1.5680540191145251,0.04899777282850779,1.0,1.0,4/6,10.29%,RAB33B;SMC4;NCAPH;PLSCR1
prerank,GO_Biological_Process_2025__Positive Regulation of Chromosome Separation (GO:1905820),0.8224006751802921,1.5680540191145251,0.04899777282850779,1.0,1.0,4/6,10.29%,RAB33B;SMC4;NCAPH;PLSCR1
prerank,GO_Biological_Process_2025__Adenylate Cyclase-Inhibiting G Protein-Coupled Receptor Signaling Pathway (GO:0007193),0.7216223774957408,1.5673693716536483,0.04964539007092199,1.0,1.0,2/12,4.22%,PTGER4;PDE2A
prerank,DGIdb_Drug_Targets_2024__MT 3724,-0.616932782607728,-1.5643573051034079,0.024024024024024024,0.9172037455236691,1.0,20/42,14.37%,RPL17;RPL15;RPL6;RPS13;RPL8;RPL3;RPL24;RPL13;RPL38;RPLP0;RPS19;RPS6;RPL22;RPL18;RPS3;RPS4X;RPL11;RPS16;RPS23;RPLP1
prerank,GO_Biological_Process_2025__Tetrahydrofolate Metabolic Process (GO:0046653),-0.9066015087597293,-1.562673163478835,0.00528169014084507,0.9156141376458117,1.0,1/6,0.07%,MTHFD2L
prerank,DGIdb_Drug_Targets_2024__BRIVANIB,-0.8858657177969921,-1.5602010440338527,0.017513134851138354,0.9229390507469781,1.0,3/6,4.61%,FGFR2;FGFR4;FGFR3
prerank,GO_Biological_Process_2025__Negative Regulation of Cellular Response to Insulin Stimulus (GO:1900077),0.6392605685134325,1.557695960904712,0.03783783783783784,1.0,1.0,6/20,8.81%,PTPN2;GSK3A;CUL7;PRKCQ;TSC2;IRS1
prerank,GO_Biological_Process_2025__Intrinsic Apoptotic Signaling Pathway in Response to Oxidative Stress (GO:0008631),0.7431794769274616,1.5557215793862962,0.041666666666666664,1.0,1.0,2/10,4.36%,ZNF622;PDPK1
prerank,GO_Biological_Process_2025__Protein Palmitoylation (GO:0018345),-0.8510693329177991,-1.5545928933380966,0.0472027972027972,0.9647984755136322,1.0,3/7,3.59%,GLUL;ZDHHC5;GOLGA7
prerank,GO_Biological_Process_2025__Microtubule Depolymerization (GO:0007019),0.866708570442047,1.553581112296086,0.026490066225165563,1.0,1.0,3/5,11.99%,KATNB1;NCKAP5L;STMN1
prerank,DGIdb_Drug_Targets_2024__CYCLOHEXIMIDE,-0.6040950257760815,-1.5527734941704703,0.025,0.9665305007488721,1.0,23/45,17.48%,RPL17;RPL15;RPL6;RPS13;RPL8;RPL3;RPL24;RPL13;RPL38;RPLP0;RPS19;RPS6;RPL22;RPL18;RPS3;RPS4X;RPL11;RPS16;RPS23;RPLP1;SMAD3;RPS10;RPS14
prerank,GO_Biological_Process_2025__Positive Regulation of Actin Filament Polymerization (GO:0030838),-0.6749700137947167,-1.5513780437899594,0.04538087520259319,0.9635723073947522,1.0,2/21,1.34%,HCK;CDC42EP3
prerank,GO_Biological_Process_2025__Negative Regulation of Type I Interferon-Mediated Signaling Pathway (GO:0060339),0.7209877995952308,1.5512272143755816,0.055288461538461536,1.0,1.0,5/10,11.29%,PTPN2;GIGYF2;CNOT7;NLRC5;OAS3
prerank,GO_Biological_Process_2025__Cellular Response to Xenobiotic Stimulus (GO:0071466),0.7466433224402358,1.551034927541484,0.047619047619047616,1.0,1.0,3/9,4.56%,PDE2A;ADIPOQ;GPLD1
prerank,GO_Biological_Process_2025__Sensory Perception of Sound (GO:0007605),-0.6770980592762483,-1.5492018231265898,0.03245749613601236,0.9693075592978809,1.0,4/24,7.30%,MYH14;NDUFB9;CRYM;ATP2B4
prerank,GO_Biological_Process_2025__Protein Export From Nucleus (GO:0006611),-0.7483552179732988,-1.5475793290455748,0.01929260450160772,0.9689209152807213,1.0,3/14,9.85%,RANBP3;XPO5;XPO6
prerank,GO_Biological_Process_2025__Positive Regulation of T Cell Differentiation (GO:0045582),0.7586961256350724,1.5442973182224944,0.05339805825242718,1.0,1.0,3/8,9.58%,VNN1;LILRB2;SMARCA2
prerank,DGIdb_Drug_Targets_2024__CELECOXIB,0.5873485547121167,1.544194481458725,0.04843304843304843,1.0,1.0,8/25,10.94%,PTGER4;BRAF;CACNA2D1;COL18A1;PDPK1;CACNA2D2;ABL1;IGFBP3
prerank,GO_Biological_Process_2025__Regulation of Carbohydrate Metabolic Process (GO:0006109),0.7815505206559454,1.5438693079355805,0.04811715481171548,1.0,1.0,2/7,4.36%,ADIPOR1;PDPK1
prerank,GO_Biological_Process_2025__Positive Regulation of Mitophagy (GO:1901526),0.7214746719146287,1.5434272101710196,0.06192660550458716,1.0,1.0,2/9,7.21%,VPS13D;STUB1
prerank,GO_Biological_Process_2025__Embryonic Skeletal System Development (GO:0048706),0.8741023776687432,1.5433328566881606,0.032119914346895075,1.0,1.0,4/5,10.04%,PCSK5;MEGF8;COL1A1;RBP4
prerank,GO_Biological_Process_2025__Positive Regulation of Vascular Permeability (GO:0043117),0.8062888134767019,1.5411851473334095,0.04819277108433735,1.0,1.0,2/6,4.96%,PDE2A;BMP6
prerank,DGIdb_Drug_Targets_2024__PD173074,-0.8959061370466899,-1.5406703348373538,0.017605633802816902,1.0,1.0,2/5,4.61%,FGFR2;FGFR3
prerank,GO_Biological_Process_2025__Action Potential (GO:0001508),-0.834440750397863,-1.5403016636400815,0.0341726618705036,1.0,1.0,4/7,9.06%,MYH14;KCNE3;AKAP7;GNA11
prerank,DGIdb_Drug_Targets_2024__IDARUBICIN,0.7831252287679715,1.5397979129354316,0.0468384074941452,1.0,1.0,4/7,8.86%,MTOR;ATXN2;DCK;NT5C3A
prerank,GO_Biological_Process_2025__Megakaryocyte Development (GO:0035855),0.7576537303061528,1.536898684592572,0.06698564593301436,1.0,1.0,1/7,0.65%,SH2B3
prerank,GO_Biological_Process_2025__Regulation of Type I Interferon-Mediated Signaling Pathway (GO:0060338),0.6314004645971736,1.5360698159070048,0.061224489795918366,1.0,1.0,7/18,12.22%,PTPN2;GIGYF2;CNOT7;FADD;NLRC5;OAS3;TRIM56
prerank,GO_Biological_Process_2025__Regulation of Hematopoietic Progenitor Cell Differentiation (GO:1901532),-0.8627142118856665,-1.5355323360512432,0.02146690518783542,1.0,1.0,2/6,2.46%,PRKDC;DHX36
prerank,GO_Biological_Process_2025__Axonal Fasciculation (GO:0007413),0.8465697690076992,1.534869692629983,0.04460093896713615,1.0,1.0,2/5,2.09%,ARHGAP35;MEGF8
prerank,GO_Biological_Process_2025__Protein Import Into Peroxisome Matrix (GO:0016558),-0.8249272922426366,-1.5334953015232187,0.04690117252931323,1.0,1.0,2/7,3.92%,PEX5;PEX13
prerank,GO_Biological_Process_2025__Glycosaminoglycan Catabolic Process (GO:0006027),0.799113777151024,1.5306759950361817,0.0645879732739421,1.0,1.0,2/6,4.43%,IDUA;CEMIP
prerank,GO_Biological_Process_2025__Early Endosome to Late Endosome Transport (GO:0045022),0.6426038875749888,1.5293438758628435,0.05,1.0,1.0,2/17,4.63%,LMTK2;KIF16B
prerank,DGIdb_Drug_Targets_2024__CAMPTOTHECIN,0.642351837623945,1.5288836542754591,0.046875,1.0,1.0,4/15,6.35%,MTOR;ATXN2;COL18A1;DCK
prerank,GO_Biological_Process_2025__Positive Regulation of Ubiquitin-Dependent Protein Catabolic Process (GO:2000060),0.5421730592594357,1.5286484742924598,0.03333333333333333,1.0,1.0,7/36,7.97%,MTOR;HECTD1;FBXO22;GSK3A;ZYG11B;STUB1;RAD23A
prerank,DGIdb_Drug_Targets_2024__TRASTUZUMAB,-0.7734863700088626,-1.5256975586359705,0.04912280701754386,1.0,1.0,5/10,14.61%,MET;ANXA1;AKT2;ABCB1;PTEN
prerank,GO_Biological_Process_2025__Protein Lipidation (GO:0006497),-0.8095479017468787,-1.525495080361112,0.05821917808219178,1.0,1.0,3/8,5.05%,GLUL;ZDHHC5;ATG16L1
prerank,GO_Biological_Process_2025__RNA Stabilization (GO:0043489),-0.7078466675752654,-1.5253577762632047,0.04745762711864407,1.0,1.0,5/16,11.41%,DHX36;FUS;NSUN2;PHAX;TAF15
prerank,DGIdb_Drug_Targets_2024__PF 562271,-0.5661863553991814,-1.5251042666805728,0.011363636363636364,1.0,1.0,13/64,8.95%,HCK;TNK2;STK17A;GRK5;MET;CSNK1G1;FGFR3;DAPK3;RPS6KA3;CDK2;PKN2;IRAK4;SRPK1
prerank,GO_Biological_Process_2025__Sister Chromatid Segregation (GO:0000819),0.7192114027513462,1.5231244481985737,0.05251141552511415,1.0,1.0,4/9,10.90%,SMC4;LATS1;TOP2B;KNTC1
prerank,GO_Biological_Process_2025__Regulation of Protein Localization to Membrane (GO:1905475),-0.697497197317701,-1.5219577745985267,0.04180602006688963,1.0,1.0,2/19,1.86%,GPC5;PKP1
prerank,GO_Biological_Process_2025__Positive Regulation of Receptor Recycling (GO:0001921),-0.8225687825547412,-1.5214292134528606,0.03767123287671233,1.0,1.0,1/8,0.33%,RAB29
prerank,GO_Biological_Process_2025__Outflow Tract Septum Morphogenesis (GO:0003148),-0.8256499156505688,-1.518584727378607,0.043010752688172046,1.0,1.0,2/6,4.41%,FGFR2;SMAD4
prerank,GO_Biological_Process_2025__Granulocyte Chemotaxis (GO:0071621),-0.656678741294814,-1.5185636884846057,0.03486529318541997,1.0,1.0,10/26,17.15%,SAA2;S100A12;ANXA1;S100A9;ITGB2;S100A8;SRP54;SCG2;PF4V1;CCL21
prerank,GO_Biological_Process_2025__Megakaryocyte Differentiation (GO:0030219),0.6976167859738144,1.5180469400039165,0.07537688442211055,1.0,1.0,1/10,0.65%,SH2B3
prerank,GO_Biological_Process_2025__2-Oxoglutarate Metabolic Process (GO:0006103),-0.795312298165928,-1.5172651735598794,0.0481283422459893,1.0,1.0,3/8,8.60%,D2HGDH;L2HGDH;GOT2
prerank,GO_Biological_Process_2025__Chromosome Organization (GO:0051276),0.7970435149306139,1.5166924360304594,0.0502283105022831,1.0,1.0,3/6,5.52%,NAA10;LATS1;TOP2B
prerank,DGIdb_Drug_Targets_2024__XL999,-0.8481352692560473,-1.5157551666156064,0.028764805414551606,1.0,1.0,1/6,2.74%,FGFR2
prerank,GO_Biological_Process_2025__Positive Regulation of Response to Cytokine Stimulus (GO:0060760),0.7810861736585676,1.514457456700902,0.06787330316742081,1.0,1.0,1/6,1.27%,DHX9
prerank,GO_Biological_Process_2025__Oligosaccharide Metabolic Process (GO:0009311),0.6406271415353048,1.5143771466999505,0.05851063829787234,1.0,1.0,5/16,15.88%,IDUA;ST6GALNAC1;GAL3ST4;CTBS;EGFL7
prerank,GO_Biological_Process_2025__Eye Development (GO:0001654),0.6326496809266934,1.5137412694871628,0.043701799485861184,1.0,1.0,4/17,10.04%,TSKU;SMG9;SH3PXD2B;RBP4
prerank,GO_Biological_Process_2025__Negative Regulation of Proteolysis (GO:0045861),-0.6852192255459314,-1.513480755886094,0.04639175257731959,1.0,1.0,4/20,7.69%,GAS1;CSTA;CST3;UFSP2
prerank,GO_Biological_Process_2025__Positive Regulation of NLRP3 Inflammasome Complex Assembly (GO:1900227),-0.7468104302119445,-1.512326019340403,0.07925801011804384,1.0,1.0,2/11,2.64%,PPP2CA;ZDHHC5
prerank,GO_Biological_Process_2025__Actomyosin Structure Organization (GO:0031032),-0.6160985302995403,-1.5120141649085062,0.0256797583081571,1.0,1.0,1/36,0.04%,MYH14
prerank,DGIdb_Drug_Targets_2024__RADIOTHERAPY,0.7471894135999857,1.5118823640267964,0.05128205128205128,1.0,1.0,2/8,3.50%,OSMR;STK11
prerank,GO_Biological_Process_2025__Negative Regulation of Interleukin-8 Production (GO:0032717),-0.8448299032485664,-1.5117548302162593,0.04181818181818182,1.0,1.0,4/6,14.23%,ELANE;MAP2K5;ANXA4;SSC5D
prerank,GO_Biological_Process_2025__Nucleophagy (GO:0044804),-0.6916900769785581,-1.5112315130768441,0.05747126436781609,1.0,1.0,2/18,2.00%,ATG13;WDR45B
prerank,GO_Biological_Process_2025__Regulation of Double-Strand Break Repair via Homologous Recombination (GO:0010569),-0.69314048763757,-1.5094310659074153,0.05084745762711865,1.0,1.0,6/16,6.01%,PRMT1;FUS;ACTL6A;TERF2IP;UBQLN4;HDGFL2
prerank,GO_Biological_Process_2025__Positive Regulation of Cholesterol Efflux (GO:0010875),0.7141324535383784,1.507996927324456,0.054187192118226604,1.0,1.0,9/10,26.57%,ABCA3;ADIPOQ;ABCA7;TREM2;APOA1;PON1;CES1;APOE;PLTP
prerank,GO_Biological_Process_2025__Potassium Ion Transmembrane Transport (GO:0071805),-0.7425880846766774,-1.50649508192904,0.03782894736842105,1.0,1.0,4/13,6.70%,CCDC51;KCNE3;SLC12A6;LETM1
prerank,GO_Biological_Process_2025__Regulation of Mitophagy (GO:1901524),0.6529465147438684,1.5064406356937858,0.0475,1.0,1.0,6/13,13.72%,VPS13D;GSK3A;TSC2;STUB1;FBXL4;FKBP8
prerank,GO_Biological_Process_2025__Intracellular Protein Transmembrane Transport (GO:0065002),-0.7107631684712985,-1.5053972299298846,0.048465266558966075,1.0,1.0,4/15,10.64%,PEX5;PEX13;SEC61G;SRP54
prerank,DGIdb_Drug_Targets_2024__ENMD 2076,-0.7017329125490419,-1.5036014453974638,0.049679487179487176,1.0,1.0,3/15,4.61%,FGFR2;FGFR4;FGFR3
prerank,GO_Biological_Process_2025__Cellular Response to Reactive Oxygen Species (GO:0034614),-0.6357920603257803,-1.5035345177441963,0.04588607594936709,1.0,1.0,8/27,15.71%,PEX5;PEX13;TPM1;RPS3;MPV17;MAPK9;FXN;FER
prerank,GO_Biological_Process_2025__Regulation of Megakaryocyte Differentiation (GO:0045652),-0.7901907005311627,-1.503527668448946,0.039538714991762765,1.0,1.0,2/8,4.91%,PRMT1;HMGB2
prerank,DGIdb_Drug_Targets_2024__AT 7519,-0.8227707453469124,-1.5030319996037085,0.03949730700179533,1.0,1.0,3/7,7.77%,CDK3;CDK6;CDK2
prerank,GO_Biological_Process_2025__Dorsal/Ventral Pattern Formation (GO:0009953),0.8060057998117665,1.5027658427289183,0.035164835164835165,1.0,1.0,3/6,7.69%,SFRP1;TLL2;TLL1
prerank,DGIdb_Drug_Targets_2024__MLN 8054,-0.7197945848774137,-1.5013834542746622,0.07046979865771812,1.0,1.0,3/13,4.61%,HCK;GRK5;FGFR3
prerank,GO_Biological_Process_2025__Response to Interferon-Alpha (GO:0035455),0.7145235154456306,1.500400828062724,0.08888888888888889,1.0,1.0,2/9,4.57%,BST2;LAMP3
prerank,GO_Biological_Process_2025__Positive Regulation of Proteasomal Ubiquitin-Dependent Protein Catabolic Process (GO:0032436),0.581996655301863,1.4998812573638958,0.03875968992248062,1.0,1.0,6/25,7.97%,HECTD1;FBXO22;GSK3A;ZYG11B;STUB1;RAD23A
prerank,GO_Biological_Process_2025__Response to Lead Ion (GO:0010288),-0.878404654961769,-1.499104341870897,0.03333333333333333,1.0,1.0,1/5,0.14%,PPP2CA
prerank,GO_Biological_Process_2025__Protein Localization to Cilium (GO:0061512),-0.7497556838361341,-1.4977181096533143,0.06587837837837837,1.0,1.0,1/11,0.33%,RAB29
prerank,GO_Biological_Process_2025__Cellular Response to Retinoic Acid (GO:0071300),-0.7440009050306808,-1.4972705262427797,0.055846422338568937,1.0,1.0,1/10,0.32%,PTK7
prerank,GO_Biological_Process_2025__Regulation of Double-Strand Break Repair via Nonhomologous End Joining (GO:2001032),-0.8361628216081605,-1.4969761078093688,0.03473491773308958,1.0,1.0,2/6,2.29%,PRKDC;PNKP
prerank,GO_Biological_Process_2025__Positive Regulation of Chromosome Segregation (GO:0051984),0.7491757738666436,1.4969025502076052,0.07256235827664399,1.0,1.0,3/7,9.25%,RAB33B;SMC4;NCAPH
prerank,GO_Biological_Process_2025__Lymphocyte Chemotaxis (GO:0048247),-0.8648859992997335,-1.4959649010162026,0.042328042328042326,1.0,1.0,1/5,1.18%,SAA2
prerank,GO_Biological_Process_2025__TORC2 Signaling (GO:0038203),0.8159614208481929,1.4954872947315678,0.05924170616113744,1.0,1.0,1/5,0.67%,MTOR
prerank,GO_Biological_Process_2025__Regulation of Complement Activation (GO:0030449),0.8029856670774791,1.495208434319971,0.07383966244725738,1.0,1.0,4/5,13.16%,MASP1;CD55;CFH;CD59
prerank,"GO_Biological_Process_2025__Negative Regulation of DNA-templated Transcription, Elongation (GO:0032785)",-0.8469813825373895,-1.4950326365683275,0.06118881118881119,1.0,1.0,2/5,7.35%,WDR82;HEXIM1
prerank,GO_Biological_Process_2025__Dicarboxylic Acid Metabolic Process (GO:0043648),-0.6456953858965826,-1.494758004282645,0.055284552845528454,1.0,1.0,5/26,8.60%,MTHFD2L;D2HGDH;NIT2;L2HGDH;GOT2
prerank,GO_Biological_Process_2025__Establishment of Protein Localization to Vacuole (GO:0072666),0.6012898873641012,1.4946622010094668,0.05641025641025641,1.0,1.0,9/20,21.90%,VPS13D;STAM2;VPS8;PIK3R4;UBAP1;VPS41;VPS37B;VPS36;VPS37A
prerank,GO_Biological_Process_2025__Protein Acylation (GO:0043543),-0.779352267575975,-1.4935199350212163,0.07617504051863858,1.0,1.0,3/10,2.64%,FOXO1;GLUL;ZDHHC5
prerank,GO_Biological_Process_2025__Peptidyl-Threonine Dephosphorylation (GO:0035970),-0.8784738641018748,-1.4921870816709284,0.03345724907063197,1.0,1.0,1/5,0.14%,PPP2CA
prerank,GO_Biological_Process_2025__Synapse Assembly (GO:0007416),-0.6361514138200162,-1.4920315163786086,0.04216867469879518,1.0,1.0,7/26,16.44%,RAB29;PCDHB2;PCDHB14;NLGN2;CLSTN3;PTEN;PCDHB5
prerank,GO_Biological_Process_2025__Negative Regulation of Protein Maturation (GO:1903318),-0.855995589388628,-1.4910576309908197,0.054844606946983544,1.0,1.0,1/5,1.00%,GAS1
prerank,GO_Biological_Process_2025__Negative Regulation of Protein Localization to Nucleus (GO:1900181),0.6517593243524749,1.489574546052902,0.07253886010362694,1.0,1.0,2/13,4.61%,MTOR;LATS1
prerank,GO_Biological_Process_2025__Regulation of Cell Cycle G1/S Phase Transition (GO:1902806),-0.7084331964365651,-1.488012033555159,0.06035889070146819,1.0,1.0,5/15,14.61%,PPP2CA;ATP2B4;APPL1;CDKN2D;PTEN
prerank,DGIdb_Drug_Targets_2024__THIOGUANINE,0.7185871047677977,1.4879421672455,0.05620608899297424,1.0,1.0,4/9,18.04%,HBB;NT5C2;BMP7;NAT1
prerank,GO_Biological_Process_2025__Regulation of Stem Cell Differentiation (GO:2000736),-0.7169849736542399,-1.4875882410634327,0.047775947281713346,1.0,1.0,3/14,3.82%,PRKDC;NSUN2;RBBP7
prerank,GO_Biological_Process_2025__Response to Zinc Ion (GO:0010043),-0.8248864043246746,-1.487233394890618,0.055456171735241505,1.0,1.0,2/6,9.92%,D2HGDH;HVCN1
prerank,GO_Biological_Process_2025__Regulation of Cell-Cell Adhesion (GO:0022407),-0.6881639072297308,-1.4868609822864813,0.038461538461538464,1.0,1.0,4/18,9.64%,AFDN;PKP1;CELSR2;REXO2
prerank,GO_Biological_Process_2025__GPI Anchored Protein Biosynthesis (GO:0180046),-0.7519812522568987,-1.4865283261820526,0.06739526411657559,0.9938812389951699,1.0,4/10,11.33%,PIGG;PIGH;GPAA1;PIGN
prerank,GO_Biological_Process_2025__Cytoskeleton-Dependent Cytokinesis (GO:0061640),-0.5857644989362217,-1.4860949411240503,0.04431314623338257,0.9878305052362264,1.0,3/43,4.77%,MYH14;MITD1;EXOC6B
prerank,GO_Biological_Process_2025__Lipopolysaccharide-Mediated Signaling Pathway (GO:0031663),-0.7350686389065287,-1.4854846745737826,0.07744107744107744,0.9829690026463817,1.0,4/11,13.35%,HCK;IRAK4;LBP;IRAK3
prerank,GO_Biological_Process_2025__mRNA Processing (GO:0006397),-0.5691141708546489,-1.4853971597109317,0.03795620437956204,0.9740865256439848,1.0,7/50,3.71%,CSTF2;DHX38;PPIE;EIF4A3;PRPF19;NSUN2;RPRD1B
prerank,GO_Biological_Process_2025__Neurogenesis (GO:0022008),-0.7505214691319793,-1.4847748498067832,0.05912162162162162,0.9697169093004142,1.0,4/11,8.27%,BTBD2;CDK6;CXCR4;SPOCK1
prerank,GO_Biological_Process_2025__Regulation of Extracellular Matrix Disassembly (GO:0010715),-0.7658624243244598,-1.4846726816720852,0.0667779632721202,0.9611263088283478,1.0,4/10,5.08%,MELTF;FGFR4;CLASP1;CST3
prerank,DGIdb_Drug_Targets_2024__EPIRUBICIN,-0.7935636619354447,-1.483556580902582,0.05714285714285714,0.9608721080913455,1.0,1/8,0.11%,FOXO1
prerank,GO_Biological_Process_2025__Regulation of RIG-I Signaling Pathway (GO:0039535),-0.79779336556385,-1.483360168836514,0.0642361111111111,0.9533378034557628,1.0,1/8,0.77%,BIRC2
prerank,GO_Biological_Process_2025__Electron Transport Chain (GO:0022900),-0.7384443954642362,-1.482983579049689,0.05410122164048865,0.9478441871844054,1.0,2/12,2.16%,FDX2;NDOR1
prerank,GO_Biological_Process_2025__Vesicle-Mediated Transport Between Endosomal Compartments (GO:0098927),0.5982788571468762,1.4829216639772267,0.06544502617801047,1.0,1.0,2/21,4.63%,LMTK2;KIF16B
prerank,DGIdb_Drug_Targets_2024__MK 2461,-0.8327171861477779,-1.4792854787849472,0.043029259896729774,0.9696132658181086,1.0,2/6,3.85%,FGFR2;MET
prerank,GO_Biological_Process_2025__Negative Regulation of Cardiac Muscle Hypertrophy (GO:0010614),-0.7938641296599626,-1.476602155140875,0.06205673758865248,0.9829428624279459,1.0,3/8,7.30%,FOXO1;SMAD4;ATP2B4
prerank,GO_Biological_Process_2025__Fc-gamma Receptor Signaling Pathway (GO:0038094),-0.6881289943568119,-1.4763447318448755,0.05454545454545454,0.9762088232650515,1.0,2/18,2.37%,HCK;FCGR3B
prerank,GO_Biological_Process_2025__Regulation of Metal Ion Transport (GO:0010959),0.6438612713900196,1.474401996029206,0.08290155440414508,1.0,1.0,3/14,3.64%,SLC30A6;CACNA2D1;ANK3
prerank,GO_Biological_Process_2025__Positive Regulation of Cell Adhesion (GO:0045785),-0.5703683022606827,-1.4741913740639938,0.037037037037037035,0.9843892450303438,1.0,5/49,1.86%,AZU1;NDNF;SAA2;AFDN;PKP1
prerank,GO_Biological_Process_2025__Peptidyl-Threonine Phosphorylation (GO:0018107),0.607175999549192,1.4728295876279058,0.09230769230769231,1.0,1.0,3/18,4.36%,LMTK2;STK11;PDPK1
prerank,DGIdb_Drug_Targets_2024__PI 88,-0.8549596659169763,-1.4716087392007844,0.057245080500894455,0.996555252291303,1.0,1/5,2.74%,FGFR2
prerank,GO_Biological_Process_2025__Macromolecule Modification (GO:0043412),-0.5775977748597523,-1.4711175802547443,0.0344311377245509,0.9918131267051004,1.0,20/42,22.90%,PIGH;PRKDC;NTAQ1;PARP4;ERO1A;TGM3;ST6GAL1;AKT2;USP25;NAGPA;NEDD8;MSRA;ADPRH;UBE2M;UBE2I;SLC35A1;UBA3;PHKA2;UBE2L3;FBXW2
prerank,GO_Biological_Process_2025__Response to Amyloid-Beta (GO:1904645),0.5867412806424572,1.470842374616979,0.06818181818181818,1.0,1.0,10/22,20.98%,CACNA2D1;MMP2;IGF1;CD36;MMP3;SNX6;RAMP3;TREM2;TYROBP;ICAM1
prerank,GO_Biological_Process_2025__Protein Insertion Into Mitochondrial Inner Membrane (GO:0045039),-0.7584333359342494,-1.4700155829343424,0.059931506849315065,0.9915017363881928,1.0,1/9,0.81%,TIMM10B
prerank,GO_Biological_Process_2025__Cell Chemotaxis (GO:0060326),-0.6529327617225213,-1.4691660231531094,0.05188679245283019,0.9895058048944211,1.0,5/22,9.27%,AZU1;HMGB2;CXCR4;CCL18;ELMO2
prerank,GO_Biological_Process_2025__Positive Regulation of Extracellular Matrix Organization (GO:1903055),-0.6973741735694796,-1.4657823685298044,0.07952622673434856,1.0,1.0,5/14,10.80%,MELTF;SMAD4;CLASP1;IER3IP1;COLGALT1
prerank,DGIdb_Drug_Targets_2024__LESTAURTINIB,0.8019180288224186,1.4654334093821584,0.08126410835214447,1.0,1.0,1/5,0.67%,MTOR
prerank,GO_Biological_Process_2025__Negative Regulation of Response to Cytokine Stimulus (GO:0060761),0.7808837707889296,1.4653385935756214,0.07228915662650602,1.0,1.0,2/6,0.65%,PALM3;SH2B3
prerank,GO_Biological_Process_2025__Regulation of Cell Projection Organization (GO:0031344),0.8096103873367726,1.464035570264781,0.06864988558352403,1.0,1.0,4/5,16.62%,SPRY2;MOV10;SEMA4D;TREM2
prerank,GO_Biological_Process_2025__Positive Regulation of Protein Serine/Threonine Kinase Activity (GO:0071902),-0.6076223759767893,-1.463684296570078,0.05071315372424723,1.0,1.0,3/32,3.43%,PPP2CA;ELANE;S100A12
prerank,GO_Biological_Process_2025__Regulation of Platelet Aggregation (GO:0090330),0.576391333804683,1.4635966309488997,0.07692307692307693,1.0,1.0,2/21,6.14%,SH2B3;PRKCQ
prerank,DGIdb_Drug_Targets_2024__FULVESTRANT,-0.822265081475047,-1.4628540539696455,0.06502636203866433,1.0,1.0,4/7,14.61%,FGFR2;CDK6;EPHX2;PTEN
prerank,GO_Biological_Process_2025__Mitochondrial Respiratory Chain Complex I Assembly (GO:0032981),-0.6358396597579082,-1.4616674731100645,0.07109004739336493,1.0,1.0,13/24,25.27%,LYRM2;DMAC2;FOXRED1;DMAC1;TIMM21;NDUFS4;BCS1L;TMEM70;NDUFS3;NDUFS8;NDUFA13;NDUFS2;NDUFS1
prerank,GO_Biological_Process_2025__NADH Dehydrogenase Complex Assembly (GO:0010257),-0.6358396597579082,-1.4616674731100645,0.07109004739336493,1.0,1.0,13/24,25.27%,LYRM2;DMAC2;FOXRED1;DMAC1;TIMM21;NDUFS4;BCS1L;TMEM70;NDUFS3;NDUFS8;NDUFA13;NDUFS2;NDUFS1
prerank,GO_Biological_Process_2025__Response to Nitric Oxide (GO:0071731),-0.8299651821388674,-1.4610831583204391,0.07796610169491526,1.0,1.0,2/6,7.77%,FOXO1;CDK2
prerank,GO_Biological_Process_2025__Striated Muscle Contraction (GO:0006941),-0.7810818755376184,-1.4597817742142702,0.08726003490401396,1.0,1.0,3/8,8.79%,MYH14;TPM1;GRK2
prerank,GO_Biological_Process_2025__Neutrophil Chemotaxis (GO:0030593),-0.6602483556912868,-1.4596778218829545,0.07407407407407407,0.9992405415938758,1.0,6/20,10.64%,SAA2;S100A12;S100A9;ITGB2;S100A8;SRP54
prerank,GO_Biological_Process_2025__Regulation of Receptor Signaling Pathway via STAT (GO:1904892),0.6999554993592,1.457375900602996,0.1066350710900474,1.0,1.0,2/8,9.11%,SH2B3;IL7R
prerank,GO_Biological_Process_2025__Response to Fibroblast Growth Factor (GO:0071774),-0.851802783952011,-1.4569515212157658,0.05985915492957746,1.0,1.0,1/5,0.88%,NDNF
prerank,GO_Biological_Process_2025__T-helper Cell Differentiation (GO:0042093),0.7616629836317784,1.4538998900261777,0.10501193317422435,1.0,1.0,1/6,0.95%,PTGER4
prerank,GO_Biological_Process_2025__Positive Regulation of Receptor Internalization (GO:0002092),-0.7164934609132316,-1.4527001890971853,0.07537688442211055,1.0,1.0,2/13,3.39%,SFRP4;SELE
prerank,GO_Biological_Process_2025__Negative Regulation of Transforming Growth Factor Beta Production (GO:0071635),0.7739838103999818,1.4523587566460934,0.07906976744186046,1.0,1.0,4/6,17.20%,TSKU;FN1;FURIN;TYROBP
prerank,GO_Biological_Process_2025__Response to Ketone (GO:1901654),0.6632833174217386,1.4509326374590579,0.0948905109489051,1.0,1.0,2/11,9.37%,PTGER4;TGFBR3
prerank,DGIdb_Drug_Targets_2024__FLUOROURACIL,-0.6004048685695551,-1.4499948163062721,0.048484848484848485,1.0,1.0,5/32,4.41%,FOXO1;FGFR2;SELE;FGFR4;SMAD4
prerank,GO_Biological_Process_2025__Microtubule Cytoskeleton Organization Involved in Mitosis (GO:1902850),-0.6399774158714384,-1.4499620285029906,0.07886435331230283,1.0,1.0,3/22,6.54%,KIF3B;CLASP1;DCTN6
prerank,GO_Biological_Process_2025__Regulation of Insulin Secretion (GO:0050796),-0.6073239836704574,-1.4498726945611362,0.07230769230769231,1.0,1.0,4/29,7.02%,FOXO1;LRRC8A;IRS2;NLGN2
prerank,GO_Biological_Process_2025__Cellular Response to Oxidative Stress (GO:0034599),-0.5459211901398977,-1.4496454567182373,0.042335766423357665,1.0,1.0,14/58,16.62%,FOXO1;PEX5;PEX13;ATP13A2;TPM1;AIF1;STX2;RPS3;MPV17;MAPK9;MIA3;CCS;FER;MSRA
prerank,GO_Biological_Process_2025__Regulation of Cellular Response to Heat (GO:1900034),0.7048501281726492,1.4489480547839775,0.10337078651685393,1.0,1.0,1/8,0.67%,MTOR
prerank,GO_Biological_Process_2025__Negative Regulation of Neuroinflammatory Response (GO:0150079),0.7790078898831679,1.4487287028709388,0.08,1.0,1.0,4/6,16.62%,GRN;IGF1;LDLR;TREM2
prerank,GO_Biological_Process_2025__Response to UV-B (GO:0010224),0.7677232877605973,1.4474761799065026,0.07674418604651163,1.0,1.0,2/6,3.50%,IVL;STK11
prerank,GO_Biological_Process_2025__Positive Regulation of Cytoskeleton Organization (GO:0051495),-0.5910203832445788,-1.445408850023316,0.04819277108433735,1.0,1.0,7/33,17.15%,HCK;CDC42EP3;NUP62;FCHSD1;PDXP;FER;CCL21
prerank,GO_Biological_Process_2025__Cellular Response to Amyloid-Beta (GO:1904646),0.5912469507573008,1.4442837219841722,0.0958904109589041,1.0,1.0,7/18,20.98%,CACNA2D1;IGF1;CD36;SNX6;TREM2;TYROBP;ICAM1
prerank,GO_Biological_Process_2025__Peptidyl-Threonine Modification (GO:0018210),0.5804041418482329,1.4439978193082303,0.07629427792915532,1.0,1.0,3/20,4.36%,LMTK2;STK11;PDPK1
prerank,GO_Biological_Process_2025__Positive Regulation of Antigen Receptor-Mediated Signaling Pathway (GO:0050857),-0.7557568188506232,-1.4435561474556042,0.07095709570957096,1.0,1.0,3/10,10.15%,RAB29;CD81;RPS3
prerank,GO_Biological_Process_2025__Regulation of Pattern Recognition Receptor Signaling Pathway (GO:0062207),-0.7269252472062524,-1.4421291728602073,0.09656301145662848,1.0,1.0,5/11,11.80%,BIRC2;ZDHHC5;S100A9;S100A8;APPL1
prerank,GO_Biological_Process_2025__Positive Regulation of Autophagy of Mitochondrion (GO:1903599),0.722479197375721,1.4420614100000568,0.08409090909090909,1.0,1.0,2/7,7.21%,VPS13D;STUB1
prerank,GO_Biological_Process_2025__Negative Regulation of Fat Cell Differentiation (GO:0045599),-0.7833896069661841,-1.441993410630576,0.07654723127035831,1.0,1.0,1/7,0.11%,FOXO1
prerank,GO_Biological_Process_2025__Base-Excision Repair (GO:0006284),-0.8171256419457309,-1.4417813862063473,0.08407871198568873,1.0,1.0,3/6,10.15%,PNKP;XRCC1;RPS3
prerank,GO_Biological_Process_2025__Cellular Response to Oxidised Low-Density Lipoprotein Particle Stimulus (GO:0140052),0.7120688672569462,1.441730712611304,0.10514541387024609,1.0,1.0,1/7,0.21%,TXNIP
prerank,GO_Biological_Process_2025__Negative Regulation of DNA Metabolic Process (GO:0051053),-0.785460153221831,-1.441540787766229,0.0756578947368421,1.0,1.0,5/8,14.90%,NIBAN2;TERF2IP;DFFA;RPS3;S100A11
prerank,GO_Biological_Process_2025__Positive Regulation of Canonical Wnt Signaling Pathway (GO:0090263),-0.5841745093934702,-1.4415139294465324,0.06542056074766354,1.0,1.0,8/35,9.41%,PTK7;GPC5;SFRP4;FGFR2;CSNK1G1;DAPK3;JUP;XIAP
prerank,Reactome_Pathways_2024__AKT Phosphorylates Targets in the Nucleus,-0.8515517304528337,-1.4414162542088915,0.06099815157116451,1.0,1.0,1/5,0.11%,FOXO1
prerank,GO_Biological_Process_2025__Limb Development (GO:0060173),0.7793058972006568,1.4412234234126773,0.08685446009389672,1.0,1.0,3/6,10.11%,PCSK5;MEGF8;KREMEN1
prerank,GO_Biological_Process_2025__Prostaglandin Biosynthetic Process (GO:0001516),-0.7227130005988269,-1.4410457490530484,0.07773851590106007,1.0,1.0,3/10,10.48%,PNPLA8;S100A9;CTHRC1
prerank,GO_Biological_Process_2025__Diterpenoid Metabolic Process (GO:0016101),0.7508419453989109,1.4405265544749317,0.09513274336283185,1.0,1.0,1/7,0.53%,ADH1B
prerank,GO_Biological_Process_2025__Carnitine Metabolic Process (GO:0009437),-0.7527255712039571,-1.4400118958424641,0.08471760797342193,1.0,1.0,3/8,17.92%,TMLHE;ALDH9A1;CROT
prerank,GO_Biological_Process_2025__Negative Regulation of Myeloid Cell Differentiation (GO:0045638),-0.8432231975142629,-1.4396972080034471,0.043782837127845885,1.0,1.0,2/6,3.36%,PRMT1;CDK6
prerank,GO_Biological_Process_2025__Hydrogen Peroxide Metabolic Process (GO:0042743),0.6056649556035515,1.439107263163786,0.08673469387755102,1.0,1.0,4/16,5.73%,HBG2;HBD;HBB;APOA4
prerank,GO_Biological_Process_2025__Heparan Sulfate Proteoglycan Biosynthetic Process (GO:0015012),-0.758259531431779,-1.4373586318287697,0.10260869565217391,1.0,1.0,2/8,3.87%,NDST1;UGDH
prerank,GO_Biological_Process_2025__Antimicrobial Humoral Response (GO:0019730),-0.5842891608802055,-1.436470166728134,0.06917293233082707,1.0,1.0,7/33,9.15%,AZU1;S100A12;DMBT1;PRTN3;CCL18;RPS19;S100A9
prerank,GO_Biological_Process_2025__Iron-Sulfur Cluster Assembly (GO:0016226),-0.6425678449113792,-1.435318216903969,0.08347826086956522,1.0,1.0,9/22,14.02%,FDX2;NDOR1;LYRM4;BOLA3;GLRX5;ISCA1;NDUFAB1;FXN;BOLA1
prerank,GO_Biological_Process_2025__Metallo-Sulfur Cluster Assembly (GO:0031163),-0.6425678449113792,-1.435318216903969,0.08347826086956522,1.0,1.0,9/22,14.02%,FDX2;NDOR1;LYRM4;BOLA3;GLRX5;ISCA1;NDUFAB1;FXN;BOLA1
prerank,GO_Biological_Process_2025__Vesicle Transport Along Microtubule (GO:0047496),-0.7093774512676075,-1.4352044264577746,0.08496732026143791,1.0,1.0,3/13,2.69%,KIF3B;DYNC1I1;KIF1B
prerank,GO_Biological_Process_2025__Visual Perception (GO:0007601),0.6095184759989541,1.43509636463703,0.10810810810810811,1.0,1.0,3/15,5.43%,COL18A1;NUDT19;COL1A1
prerank,GO_Biological_Process_2025__Double-Strand Break Repair via Nonhomologous End Joining (GO:0006303),-0.7252972805011899,-1.4346243698380317,0.07304347826086957,1.0,1.0,4/11,4.91%,PRKDC;PNKP;PRPF19;HMGB2
prerank,GO_Biological_Process_2025__Regulation of Myeloid Cell Differentiation (GO:0045637),-0.7423196004960064,-1.434294934670752,0.09168081494057725,1.0,1.0,4/9,17.38%,PRMT1;CDK6;PURB;FES
prerank,GO_Biological_Process_2025__Positive Regulation of Smooth Muscle Cell Apoptotic Process (GO:0034393),-0.8286219859937168,-1.4335665709176937,0.054844606946983544,1.0,1.0,1/5,0.11%,FOXO1
prerank,GO_Biological_Process_2025__Regulation of Toll-Like Receptor Signaling Pathway (GO:0034121),-0.6784019461397327,-1.4327578814105846,0.08031496062992126,1.0,1.0,6/15,13.35%,BIRC2;OTUD4;SMPDL3B;S100A9;S100A8;IRAK3
prerank,GO_Biological_Process_2025__Lymphocyte Migration (GO:0072676),-0.7926902637125713,-1.4323461708389125,0.08303886925795052,1.0,1.0,1/6,1.18%,SAA2
prerank,GO_Biological_Process_2025__Cell Junction Assembly (GO:0034329),-0.5513995762393727,-1.4319677271805764,0.048600883652430045,1.0,1.0,5/48,7.02%,RAB29;CDH24;PCDHB2;PCDHB14;NLGN2
prerank,GO_Biological_Process_2025__Positive Regulation of Wnt Signaling Pathway (GO:0030177),-0.5637452792826176,-1.4308101140876355,0.060514372163388806,1.0,1.0,8/41,9.41%,PTK7;GPC5;SFRP4;FGFR2;CSNK1G1;DAPK3;JUP;XIAP
prerank,GO_Biological_Process_2025__Negative Regulation of Cytokine-Mediated Signaling Pathway (GO:0001960),0.5274156253434571,1.4306206148342255,0.06232294617563739,1.0,1.0,5/30,3.31%,PALM3;SH2B3;PTPN2;GIGYF2;CNOT7
prerank,GO_Biological_Process_2025__Camera-Type Eye Development (GO:0043010),0.7656983133276002,1.4301401875646984,0.10585585585585586,1.0,1.0,1/6,0.70%,TSKU
prerank,GO_Biological_Process_2025__Regulation of Myelination (GO:0031641),-0.7503152813250713,-1.4298487723974516,0.08703374777975133,1.0,1.0,2/9,4.48%,EIF2AK3;ZPR1
prerank,GO_Biological_Process_2025__Negative Regulation of Natural Killer Cell Mediated Immunity (GO:0002716),0.7042416457888064,1.4298036452822007,0.10073710073710074,1.0,1.0,2/8,13.10%,PVR;INPP5D
prerank,"GO_Biological_Process_2025__Regulation of mRNA Splicing, via Spliceosome (GO:0048024)",0.5448869107938923,1.4295802039778478,0.07297297297297298,1.0,1.0,3/26,6.17%,JMJD6;SF1;RBM8A
prerank,DGIdb_Drug_Targets_2024__NERATINIB,0.777337521850963,1.429421843978192,0.10643015521064302,1.0,1.0,3/5,14.60%,BRAF;CBL;HERC2
prerank,GO_Biological_Process_2025__Microglial Cell Activation (GO:0001774),-0.6894262678622859,-1.4294215346463384,0.07450331125827815,1.0,1.0,4/14,9.23%,AZU1;ITGAM;AIF1;ITGB2
prerank,GO_Biological_Process_2025__Regulation of Lamellipodium Morphogenesis (GO:2000392),0.7589275432385192,1.4293131264064751,0.10336538461538461,1.0,1.0,4/6,21.09%,ENPP2;CD44;CORO1C;CORO1B
prerank,GO_Biological_Process_2025__Spliceosomal snRNP Assembly (GO:0000387),-0.7062480249916476,-1.4284531519161654,0.07517482517482517,1.0,1.0,2/13,3.24%,GEMIN4;PRPF19
prerank,GO_Biological_Process_2025__Establishment of Protein Localization to Plasma Membrane (GO:0061951),-0.5941215358563192,-1.4283434621135889,0.0677710843373494,0.9974963777644463,1.0,12/31,18.33%,KRT18;GOLGA7;GGA1;GORASP2;GGA2;GOLPH3;GORASP1;RDX;KIF13A;RILPL2;GCC2;RAB31
prerank,GO_Biological_Process_2025__Negative Regulation of Platelet-Derived Growth Factor Receptor Signaling Pathway (GO:0010642),0.757037955426851,1.4281538072585047,0.125,1.0,1.0,1/6,1.44%,PTPN2
prerank,GO_Biological_Process_2025__Positive Regulation of Protein Polymerization (GO:0032273),-0.5910313801966979,-1.4277845773149263,0.075,0.9953452004732625,1.0,8/32,17.38%,HCK;CDC42EP3;CLASP1;FCHSD1;RPS3;FER;CCL21;FES
prerank,DGIdb_Drug_Targets_2024__GEFITINIB,-0.5940290118487245,-1.427476674218245,0.06446540880503145,0.9911437990932002,1.0,6/32,8.92%,HCK;TNK2;MET;NUP62;IRAK4;ABCB1
prerank,GO_Biological_Process_2025__Regulation of Muscle Contraction (GO:0006937),-0.8273147525689872,-1.4273573426030017,0.09252669039145907,0.9858305382859495,1.0,3/5,6.86%,DAPK3;TPM1;CNN1
prerank,GO_Biological_Process_2025__Regulation of mRNA Processing (GO:0050684),0.6543716084472645,1.427326920181574,0.09951456310679611,1.0,1.0,5/12,6.17%,JMJD6;DHX9;HDAC7;SF1;RBM8A
prerank,GO_Biological_Process_2025__Ganglioside Metabolic Process (GO:0001573),0.7469052114486978,1.4272255811179786,0.1047008547008547,1.0,1.0,3/6,15.88%,HEXB;CLN6;EGFL7
prerank,GO_Biological_Process_2025__Fatty Acid Beta-Oxidation Using acyl-CoA Dehydrogenase (GO:0033539),0.7063930408190326,1.4270541518661148,0.10287081339712918,1.0,1.0,1/8,2.00%,GCDH
prerank,GO_Biological_Process_2025__Positive Regulation of T Cell Receptor Signaling Pathway (GO:0050862),-0.7629254097261019,-1.4266955160500108,0.0845771144278607,0.9842312112866035,1.0,3/9,10.15%,RAB29;CD81;RPS3
prerank,DGIdb_Drug_Targets_2024__VS 5584,0.7158285381542002,1.4257671796262377,0.1291759465478842,1.0,1.0,1/7,0.67%,MTOR
prerank,DGIdb_Drug_Targets_2024__PF 04691502,0.7158285381542002,1.4257671796262377,0.1291759465478842,1.0,1.0,1/7,0.67%,MTOR
prerank,DGIdb_Drug_Targets_2024__DS 7423,0.7158285381542002,1.4257671796262377,0.1291759465478842,1.0,1.0,1/7,0.67%,MTOR
prerank,GO_Biological_Process_2025__Regulation of Inflammatory Response to Antigenic Stimulus (GO:0002861),-0.696085504009694,-1.4255170137762518,0.06700167504187604,0.9866636487564915,1.0,1/14,0.42%,HCK
prerank,GO_Biological_Process_2025__Regulation of NLRP3 Inflammasome Complex Assembly (GO:1900225),-0.6603817832052069,-1.425286618524273,0.08227848101265822,0.982134784330755,1.0,2/19,2.64%,PPP2CA;ZDHHC5
prerank,GO_Biological_Process_2025__Negative Regulation of Notch Signaling Pathway (GO:0045746),-0.7732365393732208,-1.4252259978849782,0.09183673469387756,0.9765314439872548,1.0,2/8,6.63%,CDK3;LFNG
prerank,GO_Biological_Process_2025__Peptidyl-Tyrosine Modification (GO:0018212),-0.616391404846743,-1.4247298842424787,0.07232704402515723,0.9739225149569092,1.0,3/27,4.13%,HCK;FGFR2;FGFR4
prerank,GO_Biological_Process_2025__Positive Regulation of B Cell Proliferation (GO:0030890),-0.6984323559135391,-1.4236118579758408,0.07849829351535836,0.975334930198434,1.0,5/14,10.04%,SASH3;IRS2;TNFSF13B;S100A9;CD81
prerank,GO_Biological_Process_2025__Response to Prostaglandin (GO:0034694),0.7559727866196453,1.4233119510375956,0.09029345372460497,1.0,1.0,2/6,9.37%,PTGER4;TGFBR3
prerank,GO_Biological_Process_2025__Spindle Assembly (GO:0051225),-0.5744708390034444,-1.4230827153918866,0.06825396825396825,0.9730712369399996,1.0,5/36,4.66%,MZT1;KIF3B;ARHGEF10;HAUS4;CLASP1
prerank,GO_Biological_Process_2025__Negative Regulation of Platelet Activation (GO:0010544),0.6224333809005254,1.422596569660155,0.1211340206185567,1.0,1.0,1/13,0.65%,SH2B3
prerank,GO_Biological_Process_2025__Sensory Perception of Light Stimulus (GO:0050953),0.6135245566936728,1.4225655437607414,0.12114014251781473,1.0,1.0,3/14,5.43%,COL18A1;NUDT19;COL1A1
prerank,DGIdb_Drug_Targets_2024__ILORASERTIB,-0.5245333885369198,-1.4222809661780633,0.0535966149506347,0.9727423465477464,1.0,9/64,8.51%,HCK;TNK2;STK17A;MET;CSNK1G1;FGFR3;RPS6KA3;PKN2;IRAK4
prerank,GO_Biological_Process_2025__Cell Junction Maintenance (GO:0034331),-0.7239118441996184,-1.4217770631769746,0.09228187919463088,0.9704470426828467,1.0,4/10,15.69%,CBLN2;PRTN3;NLGN2;F2R
prerank,DGIdb_Drug_Targets_2024__LORLATINIB,0.7875524473396261,1.420348725007724,0.10904872389791183,1.0,1.0,1/5,2.55%,BRAF
prerank,GO_Biological_Process_2025__Fibroblast Growth Factor Receptor Signaling Pathway (GO:0008543),-0.7546319374989326,-1.4186782348039624,0.10070671378091872,0.985891837360082,1.0,4/9,6.49%,FGFR2;FGFR4;FGFR3;SHOC2
prerank,GO_Biological_Process_2025__Positive Regulation of Cell Cycle Process (GO:0090068),0.5456004528060338,1.4182102474378884,0.07250755287009064,1.0,1.0,12/27,16.39%,RAB33B;SMC4;SVIL;USP19;NCAPH;IGF1;PLSCR1;LRP5;DYNC1LI1;RRM2B;NCAPG;PDGFB
prerank,GO_Biological_Process_2025__Protein Localization to Golgi Apparatus (GO:0034067),0.5720565332397687,1.4180053506435029,0.09448818897637795,1.0,1.0,2/19,0.46%,RAB33B;VPS13D
prerank,GO_Biological_Process_2025__Cytoskeleton-Dependent Intracellular Transport (GO:0030705),-0.754913580651001,-1.417529319320079,0.10683012259194395,0.9879422366846968,1.0,2/8,2.94%,DYNC1I1;KIFBP
prerank,DGIdb_Drug_Targets_2024__RITUXIMAB,-0.781850383807215,-1.417084115656349,0.09895833333333333,0.9851604173655268,1.0,3/7,9.41%,RPS19;ABCB1;XIAP
prerank,GO_Biological_Process_2025__Response to L-leucine (GO:0043201),0.7814635299277832,1.416137266249968,0.09523809523809523,1.0,1.0,3/5,12.01%,MTOR;LARS1;UBR2
prerank,GO_Biological_Process_2025__Cellular Response to L-leucine (GO:0071233),0.7814635299277832,1.416137266249968,0.09523809523809523,1.0,1.0,3/5,12.01%,MTOR;LARS1;UBR2
prerank,GO_Biological_Process_2025__Glial Cell Development (GO:0021782),-0.7138537696385785,-1.415608491873735,0.10299003322259136,0.9891153748893333,1.0,7/11,21.03%,CDK6;EIF2B5;NRROS;S100A9;EIF2B1;EIF2B2;EIF2B3
prerank,GO_Biological_Process_2025__Vascular Endothelial Cell Response to Laminar Fluid Shear Stress (GO:0097700),0.720960434398103,1.41467119319013,0.12085308056872038,1.0,1.0,2/7,4.36%,MTOR;PDPK1
prerank,GO_Biological_Process_2025__Mitophagy (GO:0000423),-0.6081679014242403,-1.414207974068447,0.07244094488188976,0.9929245319472768,1.0,2/27,3.32%,ATG13;ARFIP2
prerank,GO_Biological_Process_2025__Fc-gamma Receptor Signaling Pathway Involved in Phagocytosis (GO:0038096),-0.6753621138239887,-1.4138913324240365,0.09813874788494077,0.9894785296025711,1.0,1/15,0.42%,HCK
prerank,GO_Biological_Process_2025__Protein K48-linked Deubiquitination (GO:0071108),-0.7159041893353679,-1.413816797976991,0.11092436974789915,0.9843290492210507,1.0,3/10,10.27%,OTUD4;OTUD5;USP25
prerank,GO_Biological_Process_2025__Positive Regulation of Leukocyte Activation (GO:0002696),-0.7429078281647783,-1.4135497755325739,0.11055276381909548,0.9804374385574742,1.0,4/9,14.00%,LBP;TNIP2;IL16;PLPP6
prerank,GO_Biological_Process_2025__Ribosomal Large Subunit Biogenesis (GO:0042273),0.7551205566755701,1.4121774321322875,0.11241217798594848,1.0,1.0,3/6,3.78%,ZNF622;RPL14;RPL7A
prerank,DGIdb_Drug_Targets_2024__TOSEDOSTAT,-0.6926208890885208,-1.411504540349328,0.09310344827586207,0.9888426760099681,1.0,1/12,0.30%,XPNPEP3
prerank,GO_Biological_Process_2025__Regulation of Axon Regeneration (GO:0048679),0.769198146429452,1.411114388158926,0.12556053811659193,1.0,1.0,2/5,5.42%,GRN;SCARF1
prerank,GO_Biological_Process_2025__Regulation of Mitotic Metaphase/Anaphase Transition (GO:0030071),0.7178002780273357,1.411052772387779,0.1070559610705596,1.0,1.0,4/7,21.44%,ANAPC7;SMARCA2;CDC23;ANAPC5
prerank,GO_Biological_Process_2025__Regulation of Type II Interferon-Mediated Signaling Pathway (GO:0060334),0.7422293085582958,1.4107585439506034,0.12698412698412698,1.0,1.0,4/6,11.70%,PTPN2;NLRC5;PARP9;PARP14
prerank,GO_Biological_Process_2025__Positive Regulation of Leukocyte Degranulation (GO:0043302),-0.7893257700981589,-1.4105309022627084,0.12589928057553956,0.989662922247558,1.0,2/6,9.23%,ITGAM;ITGB2
prerank,GO_Biological_Process_2025__Regulation of B Cell Proliferation (GO:0030888),-0.6749840222658793,-1.4104444136281056,0.09816971713810316,0.9846924233581819,1.0,5/15,10.04%,SASH3;IRS2;TNFSF13B;S100A9;CD81
prerank,GO_Biological_Process_2025__Fatty Acid Transmembrane Transport (GO:1902001),0.7243703987991648,1.4094996742108339,0.10643015521064302,1.0,1.0,2/6,13.65%,SLC2A1;CD36
prerank,DGIdb_Drug_Targets_2024__ERDAFITINIB,-0.8222207124542582,-1.4083927455869836,0.08378870673952642,0.9929969595791807,1.0,3/5,14.61%,FGFR2;FGFR3;PTEN
prerank,DGIdb_Drug_Targets_2024__XL228,-0.8083555019810766,-1.4080829342548131,0.0990990990990991,0.98934544971376,1.0,2/6,4.61%,FGFR2;FGFR3
prerank,GO_Biological_Process_2025__Cellular Response to Acid Chemical (GO:0071229),0.6219506345783297,1.4079886641821697,0.11392405063291139,1.0,1.0,5/13,21.95%,MTOR;LARS1;LAMTOR3;RRAGA;LAMTOR5
prerank,GO_Biological_Process_2025__Regulation of TORC1 Signaling (GO:1903432),-0.5304707572475998,-1.4079812012290016,0.06518518518518518,0.9846698655109611,1.0,10/58,9.44%,AKT1S1;DEPDC5;PRMT1;DGKQ;WDR59;NPC1;MIOS;SAR1B;OTUD5;USP32
prerank,GO_Biological_Process_2025__Pattern Recognition Receptor Signaling Pathway (GO:0002221),-0.584161169552632,-1.4070122622584502,0.08748114630467571,0.9855900738865658,1.0,7/30,9.39%,FCN1;BCL10;FCN2;IRF3;RPS6KA3;IRAK4;LBP
prerank,GO_Biological_Process_2025__Response to Fatty Acid (GO:0070542),-0.7626505969407505,-1.405486204860096,0.1051693404634581,0.9904664272910141,1.0,1/7,0.11%,FOXO1
prerank,DGIdb_Drug_Targets_2024__BEZ235,0.6433144912607959,1.405233337735935,0.14603960396039603,1.0,1.0,5/11,17.66%,MTOR;PIK3R6;PIK3C3;PIK3R4;RICTOR
prerank,GO_Biological_Process_2025__Negative Regulation of Protein Processing (GO:0010955),-0.7238206930330877,-1.4049520175571295,0.11764705882352941,0.9887741123895446,1.0,1/9,1.00%,GAS1
prerank,GO_Biological_Process_2025__Aortic Valve Development (GO:0003176),0.6777208066220893,1.4049487455921301,0.13126491646778043,1.0,1.0,4/9,20.56%,TIE1;SMAD2;NFATC1;JAG1
prerank,GO_Biological_Process_2025__Regulation of Stress-Activated MAPK Cascade (GO:0032872),-0.6541737585705313,-1.4042620988714016,0.09253246753246754,0.988115723331133,1.0,1/18,0.11%,FOXO1
prerank,GO_Biological_Process_2025__Response to Cytokine (GO:0034097),0.44705765399933634,1.4038733931736636,0.05194805194805195,1.0,1.0,14/67,12.22%,BST2;TMEM102;SMPD1;OSMR;ADIPOQ;LAMP3;REL;TIMP2;SERPINA3;CHI3L1;STAT1;PLSCR1;COL3A1;TRIM56
prerank,GO_Biological_Process_2025__Response to Retinoic Acid (GO:0032526),-0.6644529293354369,-1.4038542350297067,0.10996563573883161,0.9852338349286142,1.0,2/14,4.38%,PTK7;OVCA2
prerank,GO_Biological_Process_2025__Synapse Pruning (GO:0098883),-0.8021840176303612,-1.4038393225898136,0.08876811594202899,0.9800723120640814,1.0,1/6,1.79%,ITGAM
prerank,GO_Biological_Process_2025__Positive Regulation of Lipid Biosynthetic Process (GO:0046889),0.6109612893949273,1.403512647532856,0.11139240506329114,1.0,1.0,3/14,5.73%,MTOR;GPLD1;APOA4
prerank,GO_Biological_Process_2025__Negative Regulation of Cation Channel Activity (GO:2001258),-0.7208291194207991,-1.4033434907068951,0.11327433628318584,0.9777407485146647,1.0,2/9,2.53%,EPX;KCNE3
prerank,GO_Biological_Process_2025__Positive Regulation of Cell-Cell Adhesion Mediated by Cadherin (GO:2000049),-0.8205323740947862,-1.403106107345932,0.0893760539629005,0.9740410583119449,1.0,1/5,1.25%,AFDN
prerank,GO_Biological_Process_2025__Modulation by Host of Viral Process (GO:0044788),-0.6663679973283646,-1.4022345440914126,0.10945273631840796,0.9748128082886685,1.0,2/15,3.02%,RAB29;NUCKS1
prerank,GO_Biological_Process_2025__Positive Regulation of Telomere Maintenance (GO:0032206),-0.6469717609424239,-1.4016519118784447,0.09500805152979067,0.9736439799973715,1.0,6/17,10.52%,PNKP;DHX36;ACTL6A;TERF2IP;HNRNPD;RAD50
prerank,GO_Biological_Process_2025__Positive Regulation of p38MAPK Cascade (GO:1900745),-0.7809495517712579,-1.399792141415714,0.10694183864915573,0.9807383853917786,1.0,2/6,10.55%,PRMT1;SPHK1
prerank,GO_Biological_Process_2025__Negative Regulation of Peptidyl-Threonine Phosphorylation (GO:0010801),-0.7830539755771249,-1.3991104404773196,0.10294117647058823,0.9802378751133975,1.0,1/6,2.50%,DGKQ
prerank,GO_Biological_Process_2025__Transport Along Microtubule (GO:0010970),-0.6345108456758051,-1.398425633958554,0.11021069692058347,0.9795212906487,1.0,3/18,6.56%,DYNC1I1;KIFBP;SPG11
prerank,GO_Biological_Process_2025__Fat Cell Differentiation (GO:0045444),-0.6585304508436827,-1.3980090182540241,0.09615384615384616,0.9771050614624952,1.0,3/16,9.71%,FOXO1;AKT2;CTBP1
prerank,GO_Biological_Process_2025__Regulation of Vacuole Organization (GO:0044088),0.6414214791200266,1.39709872455506,0.12268518518518519,1.0,1.0,3/11,5.19%,MTOR;TBC1D14;MTMR3
prerank,DGIdb_Drug_Targets_2024__TALAZOPARIB,0.7014427528414537,1.396667444171515,0.1336405529953917,1.0,1.0,2/6,3.50%,BRAF;STK11
prerank,GO_Biological_Process_2025__Carboxylic Acid Biosynthetic Process (GO:0046394),0.701562200193796,1.3961367702583716,0.13064133016627077,1.0,1.0,2/7,1.42%,UROS;NANP
prerank,GO_Biological_Process_2025__Negative Regulation of Leukocyte Mediated Cytotoxicity (GO:0001911),0.6618116370018765,1.3956703250024876,0.12259615384615384,1.0,1.0,2/9,13.10%,PVR;INPP5D
prerank,GO_Biological_Process_2025__Protein Targeting to Peroxisome (GO:0006625),-0.8281533374274967,-1.3954752204342702,0.08185053380782918,0.9877790912028238,1.0,1/5,0.69%,PEX5
prerank,GO_Biological_Process_2025__Regulation of BMP Signaling Pathway (GO:0030510),-0.612665200257282,-1.3935897891992883,0.10227272727272728,0.9944280259005505,1.0,4/24,9.41%,SFRP4;PRMT1;SORL1;XIAP
prerank,GO_Biological_Process_2025__Artery Development (GO:0060840),0.6868037545400243,1.3929505789462657,0.1392931392931393,1.0,1.0,2/8,4.22%,HECTD1;PDE2A
prerank,GO_Biological_Process_2025__Regulation of G2/M Transition of Mitotic Cell Cycle (GO:0010389),-0.7290058286164938,-1.3928917544602701,0.10332749562171628,0.9939625380499002,1.0,5/9,14.69%,CDK3;CDK6;CDK2;RCC2;VPS4B
prerank,GO_Biological_Process_2025__B Cell Differentiation (GO:0030183),0.5482340238879535,1.39270292336263,0.11948051948051948,1.0,1.0,3/20,5.52%,PTPN2;NHEJ1;TOP2B
prerank,GO_Biological_Process_2025__Negative Regulation of Developmental Process (GO:0051093),-0.6154959894168496,-1.3909825552246002,0.09748427672955975,1.0,1.0,9/22,18.08%,CDK6;RBBP7;FGFR3;CST3;THY1;OMA1;BGLAP;SMAD3;OGT
prerank,DGIdb_Drug_Targets_2024__ATORVASTATIN,-0.6596718802667013,-1.3901809530184581,0.08823529411764706,1.0,1.0,7/16,12.96%,ITGAM;LEPR;ACE;APOB;ABCB1;BGLAP;POR
prerank,GO_Biological_Process_2025__Regulation of Notch Signaling Pathway (GO:0008593),-0.6057374213785225,-1.3898511430608043,0.08978328173374613,0.9989095904455348,1.0,3/27,6.63%,CDK3;POFUT1;LFNG
prerank,DGIdb_Drug_Targets_2024__INTERFERON BETA 1A,0.7538345490791906,1.3886829180282756,0.1400437636761488,1.0,1.0,4/5,21.28%,FHIT;HLA-B;GAPVD1;CD58
prerank,DGIdb_Drug_Targets_2024__OLAPARIB,0.6621214391669417,1.3882719351849626,0.13189448441247004,1.0,1.0,2/8,3.50%,BRAF;STK11
prerank,GO_Biological_Process_2025__Positive Regulation of Signaling (GO:0023056),-0.6620606044747015,-1.387638131859533,0.10252365930599369,1.0,1.0,1/15,0.33%,RAB29
prerank,GO_Biological_Process_2025__Granulocyte Migration (GO:0097530),-0.787687957427247,-1.3875144458775213,0.11645101663585952,1.0,1.0,3/5,9.23%,ANXA1;IRAK4;ITGB2
prerank,GO_Biological_Process_2025__Regulation of Lipid Biosynthetic Process (GO:0046890),0.7082070853276833,1.3872658381934175,0.1480637813211845,1.0,1.0,1/7,0.67%,MTOR
prerank,GO_Biological_Process_2025__Positive Regulation of Protein Targeting to Mitochondrion (GO:1903955),-0.634765759693404,-1.3867410334168664,0.11016949152542373,1.0,1.0,1/17,0.21%,ATG13
prerank,GO_Biological_Process_2025__Response to Exogenous dsRNA (GO:0043330),0.6691057743643176,1.386641990945583,0.1527777777777778,1.0,1.0,3/9,4.05%,DHX9;RFTN1;IFIT1
prerank,GO_Biological_Process_2025__Regulation of Cellular Response to Transforming Growth Factor Beta Stimulus (GO:1903844),0.7589346433558632,1.3865030864264292,0.10574712643678161,1.0,1.0,3/6,11.92%,LATS1;TGFBR3;SMAD2
prerank,GO_Biological_Process_2025__Positive Regulation of Extracellular Matrix Disassembly (GO:0090091),-0.813655217348046,-1.386338989169595,0.10971223021582734,1.0,1.0,2/5,4.66%,MELTF;CLASP1
prerank,DGIdb_Drug_Targets_2024__NALTREXONE,0.7483238157443146,1.3860890152497831,0.12072892938496584,1.0,1.0,1/5,8.20%,DBH
prerank,GO_Biological_Process_2025__Regulation of Alcohol Biosynthetic Process (GO:1902930),-0.8238658551180451,-1.3860004255183043,0.09647495361781076,0.9992444884159183,1.0,2/5,8.00%,DGKQ;H6PD
prerank,GO_Biological_Process_2025__Regulation of Programmed Necrotic Cell Death (GO:0062098),-0.8083343284409539,-1.385898589305317,0.09683098591549295,0.9950392408298823,1.0,1/5,0.77%,BIRC2
prerank,GO_Biological_Process_2025__Embryonic Hemopoiesis (GO:0035162),0.7549996641663538,1.385152895871245,0.11750599520383694,1.0,1.0,1/5,0.65%,SH2B3
prerank,GO_Biological_Process_2025__Renal Filtration (GO:0097205),-0.7687840838312737,-1.3850431896599018,0.12252252252252252,0.9955698854329212,1.0,1/6,0.30%,XPNPEP3
prerank,DGIdb_Drug_Targets_2024__EPINEPHRINE,0.6955431707178754,1.3836624070504346,0.13947990543735225,1.0,1.0,3/7,15.51%,MTOR;TPM3;CAST
prerank,GO_Biological_Process_2025__Mitochondrion Organization (GO:0007005),-0.5107993131018036,-1.3835132438549593,0.06847360912981455,1.0,1.0,8/70,10.34%,MYH14;RAB29;MGME1;LETM1;WDR81;OMA1;SUPV3L1;MPV17
prerank,GO_Biological_Process_2025__Negative Regulation of Necroptotic Process (GO:0060546),-0.8072093695301308,-1.3825250028416465,0.11247803163444639,0.9965078511495117,1.0,1/5,0.77%,BIRC2
prerank,GO_Biological_Process_2025__Negative Regulation of Programmed Necrotic Cell Death (GO:0062099),-0.8072093695301308,-1.3825250028416465,0.11247803163444639,0.9965078511495117,1.0,1/5,0.77%,BIRC2
prerank,GO_Biological_Process_2025__Regulation of Phagocytosis (GO:0050764),-0.5838076623445855,-1.3822759616869582,0.09480122324159021,0.9934179451165598,1.0,6/32,12.73%,AZU1;HCK;PRTN3;SNX3;SPHK1;DOCK2
prerank,GO_Biological_Process_2025__Intracellular Monoatomic Ion Homeostasis (GO:0006873),0.7450338622727697,1.3811484209308897,0.1409090909090909,1.0,1.0,3/6,11.54%,RHAG;CNNM4;SLC4A1
prerank,DGIdb_Drug_Targets_2024__AXITINIB,0.6535422581964432,1.3808640319032446,0.1496437054631829,1.0,1.0,3/8,16.39%,BRAF;ABL1;PDGFB
prerank,GO_Biological_Process_2025__Regulation of Leukocyte Migration (GO:0002685),-0.7979503811124633,-1.3806660695814317,0.1070110701107011,0.9988737682961747,1.0,2/5,14.33%,ANXA1;MIA3
prerank,GO_Biological_Process_2025__Regulation of Receptor Signaling Pathway via JAK-STAT (GO:0046425),0.5617062206432859,1.3804539394065385,0.10904255319148937,1.0,1.0,2/20,1.44%,SH2B3;PTPN2
prerank,DGIdb_Drug_Targets_2024__LENVATINIB,-0.7433329128737435,-1.3796496081535918,0.1254295532646048,1.0,1.0,1/7,2.74%,FGFR2
prerank,GO_Biological_Process_2025__Cellular Response to Estrogen Stimulus (GO:0071391),0.762410676839502,1.379405370653443,0.12050739957716702,1.0,1.0,1/5,2.46%,SFRP1
prerank,GO_Biological_Process_2025__Positive Regulation of Lamellipodium Morphogenesis (GO:2000394),0.74871929980079,1.3792216428044703,0.15492957746478872,1.0,1.0,3/5,21.09%,ENPP2;CORO1C;CORO1B
prerank,GO_Biological_Process_2025__Mitochondrion Transport Along Microtubule (GO:0047497),-0.7259600158302721,-1.3791161820166584,0.11744386873920552,0.9990973859808726,1.0,3/9,11.47%,KIF1B;KIFBP;SPAST
prerank,GO_Biological_Process_2025__Regulation of Ketone Biosynthetic Process (GO:0010566),-0.8006289015145436,-1.377781576394807,0.10777385159010601,1.0,1.0,4/5,19.24%,DGKQ;H6PD;BGLAP;PPTC7
prerank,GO_Biological_Process_2025__Embryo Development Ending in Birth or Egg Hatching (GO:0009792),-0.8091922420365754,-1.3774113204515401,0.127208480565371,1.0,1.0,1/5,1.48%,UBR3
prerank,GO_Biological_Process_2025__Regulation of Response to Cytokine Stimulus (GO:0060759),0.6917927157707826,1.3771302978702673,0.1411192214111922,1.0,1.0,2/7,1.27%,SH2B3;DHX9
prerank,GO_Biological_Process_2025__Circulatory System Development (GO:0072359),0.47982254238380717,1.375537359819839,0.09880239520958084,1.0,1.0,9/40,12.82%,AKAP13;PCSK5;STK11;SMG9;TSC2;SH3PXD2B;RBP4;COL3A1;FN1
prerank,GO_Biological_Process_2025__Hydrogen Peroxide Catabolic Process (GO:0042744),0.6306223659962547,1.374554226502211,0.11917098445595854,1.0,1.0,3/12,4.24%,HBG2;HBD;HBB
prerank,GO_Biological_Process_2025__Positive Regulation of Phagocytosis (GO:0050766),-0.5603387950330895,-1.3740926667723308,0.09402985074626866,1.0,1.0,3/36,4.43%,AZU1;FCN1;FCN2
prerank,GO_Biological_Process_2025__Peroxisomal Membrane Transport (GO:0015919),-0.7137742187452446,-1.3730799516056005,0.1354723707664884,1.0,1.0,1/9,0.69%,PEX5
prerank,Reactome_Pathways_2024__ARMS-mediated Activation,0.7407741289179688,1.3730650558249702,0.12903225806451613,1.0,1.0,2/5,9.76%,BRAF;KIDINS220
prerank,GO_Biological_Process_2025__Macromolecule Methylation (GO:0043414),-0.7615197771957497,-1.3726200080390367,0.10854092526690391,1.0,1.0,1/7,1.81%,PRMT1
prerank,GO_Biological_Process_2025__Protein Alkylation (GO:0008213),-0.7615197771957497,-1.3726200080390367,0.10854092526690391,1.0,1.0,1/7,1.81%,PRMT1
prerank,GO_Biological_Process_2025__Negative Regulation of Intracellular Steroid Hormone Receptor Signaling Pathway (GO:0033144),0.6264083309121528,1.3719028200845018,0.13350125944584382,1.0,1.0,4/11,18.94%,SFRP1;KANK2;CNOT1;CNOT2
prerank,GO_Biological_Process_2025__Negative Regulation of Inflammatory Response to Antigenic Stimulus (GO:0002862),-0.6730710101056568,-1.3715428490372419,0.09863945578231292,1.0,1.0,1/14,0.42%,HCK
prerank,GO_Biological_Process_2025__Positive Regulation of MAP Kinase Activity (GO:0043406),-0.5938771641459872,-1.3709576971581305,0.11688311688311688,1.0,1.0,2/24,3.43%,ELANE;S100A12
prerank,GO_Biological_Process_2025__Fc Receptor Mediated Stimulatory Signaling Pathway (GO:0002431),-0.6514662012875487,-1.3699916248513384,0.12054329371816638,1.0,1.0,1/16,0.42%,HCK
prerank,GO_Biological_Process_2025__Negative Regulation of Cell Communication (GO:0010648),0.6821623525268535,1.3697459900930826,0.13734939759036144,1.0,1.0,7/7,31.87%,ADIPOQ;IGFBP3;INPP5D;MPIG6B;PTPN1;CCM2;UBASH3B
prerank,GO_Biological_Process_2025__Positive Regulation of Establishment of Protein Localization to Mitochondrion (GO:1903749),-0.6213968278200485,-1.3696290889052132,0.11892797319932999,1.0,1.0,1/18,0.21%,ATG13
prerank,GO_Biological_Process_2025__Vasculature Development (GO:0001944),0.7116240373789453,1.369566425838301,0.1463963963963964,1.0,1.0,1/6,3.50%,STK11
prerank,GO_Biological_Process_2025__Piecemeal Microautophagy of the Nucleus (GO:0034727),-0.6718462592737837,-1.3695214528321487,0.11952861952861953,1.0,1.0,1/13,0.21%,ATG13
prerank,GO_Biological_Process_2025__Positive Regulation of Lymphocyte Migration (GO:2000403),0.6307089869379415,1.3692482688016832,0.1368909512761021,1.0,1.0,1/11,0.33%,TMEM102
prerank,GO_Biological_Process_2025__Heparan Sulfate Proteoglycan Catabolic Process (GO:0030200),0.7516960857666828,1.3685986968632566,0.11181434599156118,1.0,1.0,2/5,12.59%,IDUA;NAGLU
prerank,GO_Biological_Process_2025__Intermediate Filament Organization (GO:0045109),-0.7414628153253351,-1.3682922118007108,0.11754385964912281,1.0,1.0,2/7,1.86%,AGFG2;PKP1
prerank,GO_Biological_Process_2025__Signal Peptide Processing (GO:0006465),0.6692055406530963,1.3674156266822604,0.17411764705882352,1.0,1.0,1/8,1.30%,PCSK5
prerank,DGIdb_Drug_Targets_2024__NORTRIPTYLINE,0.6284815838772291,1.3671343748673606,0.11779448621553884,1.0,1.0,2/12,2.74%,EPHX1;ATXN2
prerank,GO_Biological_Process_2025__Proteoglycan Catabolic Process (GO:0030167),0.7267070148562703,1.366970820883248,0.13390928725701945,1.0,1.0,2/6,12.59%,IDUA;NAGLU
prerank,GO_Biological_Process_2025__Response to Light Stimulus (GO:0009416),-0.7211386816605795,-1.366800224123627,0.16040955631399317,1.0,1.0,3/8,14.26%,ELANE;UBE4B;CDKN2D
prerank,GO_Biological_Process_2025__Synapse Organization (GO:0050808),-0.518957099252105,-1.3663376220181678,0.06966618287373004,1.0,1.0,7/55,7.02%,PTK7;RAB29;PCDHB2;PCDHB14;PPFIA1;CBLN2;NLGN2
prerank,GO_Biological_Process_2025__Regulation of Epidermal Growth Factor Receptor Signaling Pathway (GO:0042058),0.5287196915449465,1.3658747828463693,0.09668508287292818,1.0,1.0,5/26,5.17%,AFAP1L2;PTPN2;DGKD;HIP1;ITGA1
prerank,GO_Biological_Process_2025__[2Fe-2S] Cluster Assembly (GO:0044571),-0.7043269613695277,-1.3643694005474376,0.13756613756613756,1.0,1.0,5/9,13.38%,FDX2;LYRM4;GLRX5;NDUFAB1;FXN
prerank,GO_Biological_Process_2025__Positive Regulation of Intracellular Protein Transport (GO:0090316),-0.5538571619405757,-1.3637801622008665,0.09467455621301775,1.0,1.0,6/36,10.04%,RAB29;ZPR1;RIPOR1;JUP;SORL1;CD81
prerank,GO_Biological_Process_2025__Cellular Response to Low-Density Lipoprotein Particle Stimulus (GO:0071404),0.5348656381051607,1.3636997581434247,0.12686567164179105,1.0,1.0,2/19,2.69%,TXNIP;LPL
prerank,GO_Biological_Process_2025__Mitochondrial ATP Synthesis Coupled Electron Transport (GO:0042775),-0.5143507783228688,-1.3636842362110053,0.08746355685131195,1.0,1.0,26/53,31.97%,NDUFV3;NDUFB9;COX6A1;NDUFS6;UQCR11;NDUFAB1;CYCS;NDUFB5;NDUFS4;NDUFB4;SDHD;NDUFA1;NDUFS3;UQCR10;NDUFA2;NDUFS8;NDUFS2;SDHA;NDUFS1;NDUFB7;NDUFB10;NDUFA6;NDUFB6;NDUFB8;COX4I1;NDUFA10
prerank,GO_Biological_Process_2025__Positive Regulation of Telomere Maintenance via Telomere Lengthening (GO:1904358),-0.6410771085923928,-1.3633943382675389,0.11165048543689321,1.0,1.0,5/15,20.96%,DHX36;HNRNPD;FBXO4;CTNNB1;HNRNPA2B1
prerank,GO_Biological_Process_2025__Regulation of Actin Filament Polymerization (GO:0030833),-0.5517250077330874,-1.3631233063058834,0.09606299212598425,1.0,1.0,5/38,8.65%,HCK;CDC42EP3;SSH2;GBA2;FCHSD1
prerank,DGIdb_Drug_Targets_2024__VALPROIC ACID,0.5593508227573043,1.3631010174868028,0.13368983957219252,1.0,1.0,7/19,12.33%,GGT1;HDAC7;CPS1;COL1A1;FAS;ABAT;HDAC3
prerank,GO_Biological_Process_2025__Regulation of Protein Serine/Threonine Kinase Activity (GO:0071900),-0.5861039416008915,-1.3630819687319304,0.09001636661211129,1.0,1.0,2/27,5.94%,PPP2CA;THY1
prerank,GO_Biological_Process_2025__Aerobic Electron Transport Chain (GO:0019646),-0.5153328080254045,-1.3619726393974163,0.09461426491994178,1.0,1.0,26/52,31.97%,NDUFV3;NDUFB9;COX6A1;NDUFS6;UQCR11;NDUFAB1;CYCS;NDUFB5;NDUFS4;NDUFB4;SDHD;NDUFA1;NDUFS3;UQCR10;NDUFA2;NDUFS8;NDUFS2;SDHA;NDUFS1;NDUFB7;NDUFB10;NDUFA6;NDUFB6;NDUFB8;COX4I1;NDUFA10
prerank,GO_Biological_Process_2025__Positive Regulation of Macromolecule Metabolic Process (GO:0010604),-0.6141020812587595,-1.3619473620944178,0.1271860095389507,1.0,1.0,2/20,6.12%,RAB29;MAP2K5
prerank,GO_Biological_Process_2025__Neuron Projection Maintenance (GO:1990535),-0.7810993538900557,-1.3617062678501035,0.1190893169877408,1.0,1.0,1/5,2.94%,KIFBP
prerank,GO_Biological_Process_2025__Morphogenesis of an Epithelial Sheet (GO:0002011),0.7497163819234745,1.3603594954936467,0.15416666666666667,1.0,1.0,4/5,18.59%,PHACTR4;BMP5;BMP7;LIN7C
prerank,DGIdb_Drug_Targets_2024__ENTINOSTAT,0.7382859980085662,1.359758003362909,0.1600877192982456,1.0,1.0,2/5,12.33%,HDAC7;HDAC3
prerank,DGIdb_Drug_Targets_2024__CUDC 101,0.7382859980085662,1.359758003362909,0.1600877192982456,1.0,1.0,2/5,12.33%,HDAC7;HDAC3
prerank,GO_Biological_Process_2025__Protein Acetylation (GO:0006473),-0.7372231144579744,-1.3595028196390027,0.14983164983164984,1.0,1.0,4/8,10.55%,FOXO1;NAA20;NAA50;SPHK1
prerank,GO_Biological_Process_2025__Oxidative Phosphorylation (GO:0006119),-0.5101844948255234,-1.3594343944879577,0.08592592592592592,1.0,1.0,32/54,36.88%,C2ORF69;NDUFV3;NDUFB9;NDUFS6;NDUFAB1;NDUFB5;NDUFS4;NDUFB4;SDHD;NDUFA1;NDUFS3;NDUFA2;NDUFB11;NDUFS8;NDUFA13;NDUFS2;SDHA;ATP5PD;NDUFS1;NDUFB7;ATP5MF;NDUFB10;ATP5PO;NDUFA6;NDUFB6;NDUFB8;NDUFA10;ATP5ME;NDUFA7;NDUFV1;NDUFA5;ATP5PB
prerank,GO_Biological_Process_2025__Aorta Development (GO:0035904),0.7286204344363361,1.3588301255415671,0.15789473684210525,1.0,1.0,2/6,4.22%,HECTD1;PDE2A
prerank,GO_Biological_Process_2025__SNARE Complex Assembly (GO:0035493),0.6846247950020165,1.3582091597836508,0.18666666666666668,1.0,1.0,4/6,26.08%,VAMP3;VAMP8;VAMP4;SNCA
prerank,GO_Biological_Process_2025__Positive Regulation of Macromolecule Biosynthetic Process (GO:0010557),-0.4630646081838823,-1.3577902492733047,0.045,1.0,1.0,14/135,4.57%,AZU1;SFRP4;AFDN;EIF2AK3;PRMT1;PKP1;DHX36;DGKQ;IRS2;EPM2AIP1;FGFR4;SMAD4;ZPR1;ATP13A2
prerank,GO_Biological_Process_2025__Negative Regulation of Peptide Hormone Secretion (GO:0090278),-0.7669639917972898,-1.357129461148581,0.14310344827586208,1.0,1.0,1/6,0.11%,FOXO1
prerank,GO_Biological_Process_2025__Lipoprotein Catabolic Process (GO:0042159),0.6729686198041303,1.3565961586870048,0.16279069767441862,1.0,1.0,3/8,11.03%,NOTUM;LYPLA2;ABHD17B
prerank,GO_Biological_Process_2025__Glomerular Filtration (GO:0003094),-0.7833397452817605,-1.3562184961466763,0.14365671641791045,1.0,1.0,1/5,0.30%,XPNPEP3
prerank,DGIdb_Drug_Targets_2024__DAUNORUBICIN,0.5049382507408557,1.3560933594997047,0.11079545454545454,1.0,1.0,9/28,16.78%,HDAC7;COL1A2;TPMT;TOP2B;DCK;FAS;HDAC3;SERPINA6;BMP7
prerank,GO_Biological_Process_2025__Calcium Ion Homeostasis (GO:0055074),-0.5595831225853298,-1.3558036978788766,0.10730948678071539,1.0,1.0,7/30,17.46%,ELANE;S100A14;ATP13A2;ATP2B4;ALPL;STC2;FAM20A
prerank,GO_Biological_Process_2025__Mitochondrial Respiratory Chain Complex Assembly (GO:0033108),-0.5356230438165351,-1.3555543256762017,0.09104704097116843,1.0,1.0,19/46,25.27%,LYRM2;DMAC2;COX14;FOXRED1;OMA1;DMAC1;FXN;SCO1;UQCC1;TIMM21;NDUFS4;BCS1L;TMEM70;ATPAF1;NDUFS3;NDUFS8;NDUFA13;NDUFS2;NDUFS1
prerank,GO_Biological_Process_2025__Non-Canonical NF-kappaB Signal Transduction (GO:0038061),-0.6659585823655625,-1.3554402677024677,0.14093959731543623,1.0,1.0,1/12,0.77%,BIRC2
prerank,GO_Biological_Process_2025__Microautophagy (GO:0016237),-0.646107724371412,-1.3546872990050747,0.11844331641285956,1.0,1.0,2/15,5.05%,ATG13;ATG16L1
prerank,GO_Biological_Process_2025__Toll-Like Receptor 4 Signaling Pathway (GO:0034142),-0.6415732654242845,-1.3540462031513159,0.13464696223316913,1.0,1.0,4/15,8.51%,NMI;S100A14;IRF3;IRAK4
prerank,GO_Biological_Process_2025__Quinone Biosynthetic Process (GO:1901663),0.6466321422266393,1.3538199625392209,0.15421686746987953,1.0,1.0,4/9,10.13%,COQ8A;RTN4IP1;COQ7;COQ6
prerank,GO_Biological_Process_2025__Ubiquinone Biosynthetic Process (GO:0006744),0.6466321422266393,1.3538199625392209,0.15421686746987953,1.0,1.0,4/9,10.13%,COQ8A;RTN4IP1;COQ7;COQ6
prerank,GO_Biological_Process_2025__Ubiquinone Metabolic Process (GO:0006743),0.6466321422266393,1.3538199625392209,0.15421686746987953,1.0,1.0,4/9,10.13%,COQ8A;RTN4IP1;COQ7;COQ6
prerank,GO_Biological_Process_2025__Negative Regulation of DNA-templated Transcription (GO:0045892),-0.443426709202522,-1.3537086589283627,0.0392156862745098,1.0,1.0,25/164,12.19%,FOXO1;ELANE;EPX;RPL15;WDR82;NIBAN2;FGFR2;NFX1;MUC1;RBBP7;SMAD4;DNAJB4;CRYM;HMGB2;FHL2;MAP2K5;HEXIM1;NONO;CTBP1;EZR;DNAJB1;PURB;SGF29;PPID;PDCD4
prerank,GO_Biological_Process_2025__Secondary Alcohol Biosynthetic Process (GO:1902653),-0.6879523027392631,-1.3531650165399036,0.12690355329949238,0.9981052868579336,1.0,4/11,14.00%,MVK;DHCR7;PMVK;PLPP6
prerank,GO_Biological_Process_2025__Cholesterol Biosynthetic Process (GO:0006695),-0.6879523027392631,-1.3531650165399036,0.12690355329949238,0.9981052868579336,1.0,4/11,14.00%,MVK;DHCR7;PMVK;PLPP6
prerank,GO_Biological_Process_2025__Positive Regulation of Autophagy (GO:0010508),-0.5208673788845826,-1.3524998367026952,0.09838472834067548,0.9980693691386674,1.0,3/52,1.60%,FOXO1;ATG13;DEPDC5
prerank,GO_Biological_Process_2025__Regulation of Mitochondrial Membrane Permeability (GO:0046902),0.6504643538932019,1.352458887806054,0.16548463356973994,1.0,1.0,1/9,0.33%,TMEM102
prerank,GO_Biological_Process_2025__G1/S Transition of Mitotic Cell Cycle (GO:0000082),-0.6231679092588553,-1.3522761763207578,0.12599681020733652,0.9953910907949417,1.0,4/19,7.77%,CDK3;CDK6;CUL1;CDK2
prerank,GO_Biological_Process_2025__Toll Signaling Pathway (GO:0008063),0.7306150081550118,1.3519391258465845,0.170995670995671,1.0,1.0,1/5,0.16%,PALM3
prerank,GO_Biological_Process_2025__NADPH Regeneration (GO:0006740),0.6236155232938405,1.3517773319902877,0.14360313315926893,1.0,1.0,2/11,0.83%,PHGDH;ALDH1L2
prerank,GO_Biological_Process_2025__Defense Response to Fungus (GO:0050832),-0.669670452581061,-1.3506700164798113,0.1346153846153846,1.0,1.0,4/12,10.45%,BCL10;S100A12;S100A9;S100A8
prerank,GO_Biological_Process_2025__O-glycan Processing (GO:0016266),-0.6327021151663936,-1.3504594620643975,0.12324492979719189,0.9976416443970793,1.0,5/17,7.46%,GXYLT1;POFUT1;B3GNT7;GALNT10;ST6GAL1
prerank,GO_Biological_Process_2025__Regulation of T Cell Activation (GO:0050863),-0.5943496362483284,-1.350337812002786,0.13020833333333334,0.9944152225471242,1.0,5/21,10.83%,CD209;THY1;DUSP3;FGL1;PAG1
prerank,GO_Biological_Process_2025__Protein Localization to Cell Surface (GO:0034394),-0.6605509526353699,-1.3495359621411183,0.125,0.9953073039550131,1.0,3/14,8.72%,FCN1;GGA1;GGA2
prerank,GO_Biological_Process_2025__Negative Regulation of calcineurin-NFAT Signaling Cascade (GO:0070885),-0.7584205749696358,-1.347597225669596,0.12110726643598616,0.9984554167661472,1.0,2/6,7.30%,FHL2;ATP2B4
prerank,GO_Biological_Process_2025__Negative Regulation of Calcineurin-Mediated Signaling (GO:0106057),-0.7584205749696358,-1.347597225669596,0.12110726643598616,0.9984554167661472,1.0,2/6,7.30%,FHL2;ATP2B4
prerank,GO_Biological_Process_2025__Positive Regulation of Interleukin-1 Production (GO:0032732),-0.588528173705179,-1.347444207320101,0.11682242990654206,0.9954148986648303,1.0,3/24,5.43%,AZU1;SAA2;LILRA2
prerank,GO_Biological_Process_2025__Apoptotic Cell Clearance (GO:0043277),-0.6456275703864206,-1.347052748557133,0.1407766990291262,0.9935853176224587,1.0,3/14,5.77%,FCN1;FCN2;ANXA1
prerank,GO_Biological_Process_2025__Potassium Ion Transport (GO:0006813),-0.6945957708513313,-1.346842758263921,0.1457286432160804,0.9909506300860952,1.0,2/10,5.40%,CCDC51;SLC12A6
prerank,GO_Biological_Process_2025__Positive Regulation of Metaphase/Anaphase Transition of Cell Cycle (GO:1902101),0.7276278722764514,1.3467282347962117,0.15011547344110854,1.0,1.0,3/5,21.44%,ANAPC7;CDC23;ANAPC5
prerank,GO_Biological_Process_2025__Positive Regulation of Mitotic Sister Chromatid Separation (GO:1901970),0.7276278722764514,1.3467282347962117,0.15011547344110854,1.0,1.0,3/5,21.44%,ANAPC7;CDC23;ANAPC5
prerank,GO_Biological_Process_2025__Positive Regulation of Mitotic Metaphase/Anaphase Transition (GO:0045842),0.7276278722764514,1.3467282347962117,0.15011547344110854,1.0,1.0,3/5,21.44%,ANAPC7;CDC23;ANAPC5
prerank,GO_Biological_Process_2025__Regulation of T Cell Receptor Signaling Pathway (GO:0050856),-0.601889090704284,-1.346320314435197,0.10849056603773585,0.9902072428313183,1.0,6/23,10.17%,RAB29;THY1;DUSP3;CD81;RPS3;EZR
prerank,GO_Biological_Process_2025__Phosphatidylinositol Biosynthetic Process (GO:0006661),-0.5169090730174332,-1.3455607731647852,0.08059701492537313,0.990708658893862,1.0,8/52,7.26%,PIGG;PIGH;PI4KB;PITPNM1;MTMR6;PIP5K1B;INPP4A;PIK3C2A
prerank,GO_Biological_Process_2025__Oligodendrocyte Differentiation (GO:0048709),-0.7233169043956409,-1.3454402077644445,0.14093959731543623,0.9876179758444836,1.0,5/8,21.03%,MIOS;EIF2B5;EIF2B1;EIF2B2;EIF2B3
prerank,GO_Biological_Process_2025__Iron Ion Transport (GO:0006826),0.6166731843272972,1.345379481839652,0.14858490566037735,1.0,1.0,3/11,8.14%,LMTK2;FTH1;SCARA5
prerank,DGIdb_Drug_Targets_2024__TRIMIPRAMINE,0.6579616468198599,1.3452801003732962,0.15347721822541965,1.0,1.0,1/9,0.25%,EPHX1
prerank,DGIdb_Drug_Targets_2024__AZD4547,-0.7628460666112138,-1.345246655273127,0.12943262411347517,0.9848660622013068,1.0,2/6,4.61%,FGFR2;FGFR3
prerank,DGIdb_Drug_Targets_2024__RG 1530,-0.5127219653930714,-1.344673443945421,0.08357348703170028,0.9841851776982813,1.0,10/51,8.95%,TNK2;STK17A;FGFR2;GRK5;FGFR3;RPS6KA3;CDK2;PKN2;IRAK4;SRPK1
prerank,GO_Biological_Process_2025__Cellular Response to Prostaglandin Stimulus (GO:0071379),0.736784638041646,1.3443145562643446,0.16596638655462184,1.0,1.0,2/5,2.46%,PTGER4;SFRP1
prerank,GO_Biological_Process_2025__Cellular Response to Prostaglandin E Stimulus (GO:0071380),0.736784638041646,1.3443145562643446,0.16596638655462184,1.0,1.0,2/5,2.46%,PTGER4;SFRP1
prerank,GO_Biological_Process_2025__Regulation of Transcription of Nucleolar Large rRNA by RNA Polymerase I (GO:1901836),0.7451495651184974,1.3438917821550258,0.17633928571428573,1.0,1.0,1/5,0.67%,MTOR
prerank,GO_Biological_Process_2025__Positive Regulation of Transcription of Nucleolar Large rRNA by RNA Polymerase I (GO:1901838),0.7451495651184974,1.3438917821550258,0.17633928571428573,1.0,1.0,1/5,0.67%,MTOR
prerank,GO_Biological_Process_2025__Chemical Synaptic Transmission (GO:0007268),-0.5293598637717379,-1.3438004191303239,0.10944527736131934,0.9850788156336405,1.0,10/41,8.65%,PCDHB2;KIF1B;PCDHB14;SLC12A6;AKAP9;CBLN2;SPG11;NAPB;RPS6KA3;FCHSD1
prerank,GO_Biological_Process_2025__Neuron Projection Organization (GO:0106027),-0.6884764358463373,-1.3434291473253297,0.13344887348353554,0.9835051673377341,1.0,1/9,2.94%,KIFBP
prerank,GO_Biological_Process_2025__Regulation of Establishment of Protein Localization (GO:0070201),0.6820374818704887,1.3426822783069945,0.1827956989247312,1.0,1.0,3/6,16.62%,CEP135;GAPVD1;TREM2
prerank,GO_Biological_Process_2025__Negative Regulation of Potassium Ion Transmembrane Transport (GO:1901380),-0.768503620679317,-1.3423995530114026,0.1401151631477927,0.9852177679242573,1.0,2/5,13.05%,KCNE3;NEDD4L
prerank,GO_Biological_Process_2025__Regulation of Receptor Recycling (GO:0001919),-0.6563153289712098,-1.3423279752162605,0.12965964343598055,0.9818919875848723,1.0,1/13,0.33%,RAB29
prerank,GO_Biological_Process_2025__Cell Cycle G1/S Phase Transition (GO:0044843),-0.6078038946923654,-1.342272066472255,0.12933753943217666,0.9785380641932002,1.0,4/20,7.77%,CDK3;CDK6;CUL1;CDK2
prerank,GO_Biological_Process_2025__Response to cAMP (GO:0051591),-0.6218600263195982,-1.342205378356326,0.14355628058727568,0.9753274955542449,1.0,8/18,15.83%,DGKQ;CRTC3;AKAP9;AKAP7;EZR;CRTC1;IGFBP5;NDUFS4
prerank,GO_Biological_Process_2025__Regulation of Acute Inflammatory Response (GO:0002673),0.6861364454780403,1.341614079257192,0.14285714285714285,1.0,1.0,4/7,19.31%,OSMR;KLKB1;F12;IL6ST
prerank,GO_Biological_Process_2025__Regulation of Cell-Substrate Junction Assembly (GO:0090109),-0.6355986847045333,-1.3412670382038911,0.16206896551724137,0.9769335516085877,1.0,3/14,7.21%,CLASP1;DAPK3;DUSP3
prerank,DGIdb_Drug_Targets_2024__FENRETINIDE,0.6888687303661156,1.3410884724661234,0.15207373271889402,1.0,1.0,3/7,10.04%,MTOR;ATXN2;RBP4
prerank,GO_Biological_Process_2025__Regulation of Long-Chain Fatty Acid Import Across Plasma Membrane (GO:0010746),-0.7707985527999256,-1.3407002618058845,0.1532976827094474,0.9762423601465179,1.0,3/5,15.21%,IRS2;AKT2;ACSL5
prerank,GO_Biological_Process_2025__Regulation of Smooth Muscle Contraction (GO:0006940),-0.7310986260289577,-1.3401242908558377,0.13508771929824562,0.9757462391297141,1.0,4/7,15.69%,DAPK3;CNN1;SPHK1;F2R
prerank,DGIdb_Drug_Targets_2024__OCTREOTIDE,0.7189652281871692,1.3399048806358957,0.15935334872979215,1.0,1.0,2/5,3.10%,IGFBP1;TG
prerank,GO_Biological_Process_2025__Collagen Catabolic Process (GO:0030574),-0.6600679328531411,-1.33984296283887,0.15268456375838926,0.9737524676478784,1.0,1/13,0.05%,MMP25
prerank,GO_Biological_Process_2025__Cellular Response to Exogenous dsRNA (GO:0071360),0.710549124498524,1.3397737232441462,0.16705336426914152,1.0,1.0,2/6,4.05%,DHX9;IFIT1
prerank,GO_Biological_Process_2025__Leukocyte Tethering or Rolling (GO:0050901),-0.6415100910185233,-1.3397595388850265,0.14754098360655737,0.9707437973349251,1.0,6/13,22.21%,SELE;GOLPH3;PODXL2;SELENOP;GCNT1;SELPLG
prerank,GO_Biological_Process_2025__Regulation of Early Endosome to Late Endosome Transport (GO:2000641),-0.619118680551333,-1.3394433150806833,0.1423785594639866,0.9689018959254672,1.0,13/17,35.47%,SNX3;EZR;DNAJC13;RDX;MAPK3;MAP2K1;MTMR2;RAB21;MAPK1;MAP2K2;SNX12;MSN;DENND10
prerank,DGIdb_Drug_Targets_2024__PIOGLITAZONE,0.6664650272332372,1.33874452297239,0.16548463356973994,1.0,1.0,2/8,10.22%,LPL;SLC2A1
prerank,DGIdb_Drug_Targets_2024__VERAPAMIL,-0.7587476583779471,-1.3386096313802502,0.13416815742397137,0.9696857850453268,1.0,2/6,8.92%,GRK5;ABCB1
prerank,GO_Biological_Process_2025__Receptor Metabolic Process (GO:0043112),0.5625733678508283,1.3377504030591043,0.15938303341902313,1.0,1.0,2/15,4.63%,LMTK2;KIF16B
prerank,GO_Biological_Process_2025__Proton Motive Force-Driven Mitochondrial ATP Synthesis (GO:0042776),-0.5076078977182141,-1.3377186721482164,0.1092814371257485,0.9708103012964501,1.0,31/49,36.88%,NDUFV3;NDUFB9;NDUFS6;NDUFAB1;NDUFB5;NDUFS4;NDUFB4;SDHD;NDUFA1;NDUFS3;NDUFA2;NDUFB11;NDUFS8;NDUFA13;NDUFS2;SDHA;ATP5PD;NDUFS1;NDUFB7;ATP5MF;NDUFB10;ATP5PO;NDUFA6;NDUFB6;NDUFB8;NDUFA10;ATP5ME;NDUFA7;NDUFV1;NDUFA5;ATP5PB
prerank,GO_Biological_Process_2025__Lipid Translocation (GO:0034204),-0.6494963412250077,-1.3372958817224345,0.15321252059308071,0.9697487412479057,1.0,3/12,8.92%,SLC66A2;ATP11A;ABCB1
prerank,GO_Biological_Process_2025__Negative Regulation of Transcription by RNA Polymerase II (GO:0000122),-0.4581353083775201,-1.3372437594728992,0.07671957671957672,0.9665782019474901,1.0,19/109,12.01%,ELANE;EPX;RPL15;FGFR2;NFX1;RBBP7;SMAD4;DNAJB4;CRYM;HMGB2;FHL2;MAP2K5;HEXIM1;CTBP1;EZR;DNAJB1;PURB;SGF29;PPID
prerank,GO_Biological_Process_2025__Cellular Response to Dopamine (GO:1903351),0.7253177679513321,1.3370072475443924,0.1648590021691974,1.0,1.0,2/5,9.02%,GSK3A;ARRB2
prerank,DGIdb_Drug_Targets_2024__NICOTINE,-0.6382725154832379,-1.3360789349563824,0.1540983606557377,0.9694111698896065,1.0,3/12,12.96%,ELANE;ABCB1;POR
prerank,GO_Biological_Process_2025__Positive Regulation of Keratinocyte Migration (GO:0051549),0.7437686209545433,1.3355699278533422,0.17324561403508773,1.0,1.0,1/5,0.67%,MTOR
prerank,GO_Biological_Process_2025__Inorganic Anion Transmembrane Transport (GO:0098661),-0.6374681155848253,-1.3354558897491444,0.12866449511400652,0.9690885466569317,1.0,7/16,14.93%,LRRC8A;SLC5A6;SLC12A6;SLC25A10;SLC37A4;XPR1;CLCN3
prerank,GO_Biological_Process_2025__Bile Acid Metabolic Process (GO:0008206),-0.6239508803142548,-1.3353522255227366,0.1625615763546798,0.9662570437293246,1.0,5/15,9.95%,SLC27A2;NPC1;GBA2;OSBPL7;OSBPL1A
prerank,GO_Biological_Process_2025__Positive Regulation of Protein Metabolic Process (GO:0051247),-0.46085523050398053,-1.33528039617178,0.06241699867197875,0.963335606201974,1.0,14/104,11.12%,FOXO1;BCL10;PRKDC;PRMT1;PAEP;EIF4A3;FGFR4;LILRA2;MAP2K5;SORL1;HNRNPD;EZR;RPS4X;GUF1
prerank,GO_Biological_Process_2025__Integrated Stress Response Signaling (GO:0140467),-0.6988908408422382,-1.3344959903803235,0.1753472222222222,0.9640309442588824,1.0,2/9,8.97%,EIF2AK3;OMA1
prerank,GO_Biological_Process_2025__Autophagy of Peroxisome (GO:0030242),-0.6675831969165559,-1.3344247276526573,0.14462081128747795,0.9577935604737842,1.0,2/11,2.00%,PEX5;WDR45B
prerank,GO_Biological_Process_2025__Pexophagy (GO:0000425),-0.6675831969165559,-1.3344247276526573,0.14462081128747795,0.9577935604737842,1.0,2/11,2.00%,PEX5;WDR45B
prerank,GO_Biological_Process_2025__Cell Surface Receptor Protein Tyrosine Kinase Signaling Pathway (GO:0007169),-0.46186091051960176,-1.3343696315201679,0.05987261146496815,0.9548266503276364,1.0,14/117,8.48%,FOXO1;HCK;MPZL1;EIF2AK3;IRS2;FGFR2;RHOQ;FGFR4;FGFR3;SHOC2;KALRN;PIK3C2A;PKN2;AKT2
prerank,GO_Biological_Process_2025__Positive Regulation of Lipid Storage (GO:0010884),0.698693291807782,1.3335310929896553,0.15529411764705883,1.0,1.0,1/6,2.69%,LPL
prerank,GO_Biological_Process_2025__Regulation of Protein Targeting to Mitochondrion (GO:1903214),-0.5940806534965338,-1.3325030440272485,0.15728476821192053,0.9610845443601645,1.0,1/20,0.21%,ATG13
prerank,GO_Biological_Process_2025__Zinc Ion Transport (GO:0006829),0.6630710525232525,1.3321143209003656,0.17539863325740318,1.0,1.0,1/8,1.55%,SLC30A6
prerank,GO_Biological_Process_2025__Regulation of Neuron Projection Arborization (GO:0150011),0.7204242071790811,1.331558861795684,0.17035398230088494,1.0,1.0,2/5,12.21%,LLGL1;MOV10
prerank,DGIdb_Drug_Targets_2024__ENTRECTINIB,-0.5448605149598014,-1.3306370586778895,0.11278195488721804,0.9679767976933464,1.0,7/37,7.81%,TNK2;GRK5;MET;FGFR3;DAPK3;RPS6KA3;PKN2
prerank,GO_Biological_Process_2025__Golgi to Plasma Membrane Protein Transport (GO:0043001),-0.5769699895361041,-1.3305286293263656,0.12788906009244994,0.965278029486868,1.0,8/24,18.33%,KRT18;GOLGA7;GGA1;GGA2;GOLPH3;KIF13A;GCC2;RAB31
prerank,GO_Biological_Process_2025__Cellular Respiration (GO:0045333),-0.48535455432762353,-1.3302679167378437,0.09686609686609686,0.9634058332061237,1.0,33/66,33.91%,NDUFV3;NDUFB9;COX6A1;NDUFS6;UQCR11;NDUFAB1;CYCS;NDUFB5;NDUFS4;NDUFB4;NDUFA1;NDUFS3;UQCR10;NDUFA2;HCCS;NDUFB11;NDUFS8;MFN2;NDUFA13;NDUFS2;SDHA;NDUFS1;NDUFB7;SLC25A13;NDUFB10;ETFDH;NDUFA6;NDUFB6;NDUFB8;COX4I1;NDUFA10;SIRT3;COX6B1
prerank,GO_Biological_Process_2025__Hyperosmotic Response (GO:0006972),-0.7442783501086243,-1.3302254593981033,0.1614678899082569,0.9603379701012025,1.0,1/6,1.71%,EPX
prerank,GO_Biological_Process_2025__Negative Regulation of Protein Localization to Cell Periphery (GO:1904376),-0.6145411104749305,-1.3300659682259186,0.13945578231292516,0.9579041298549086,1.0,6/16,11.63%,RHOQ;PPFIA1;LZTFL1;AP2M1;REXO2;PPP2R5A
prerank,GO_Biological_Process_2025__Amino Sugar Biosynthetic Process (GO:0046349),0.6783231312424476,1.3300588563389604,0.17176470588235293,1.0,1.0,2/7,5.63%,NANP;PGM3
prerank,GO_Biological_Process_2025__Negative Regulation of Peptidyl-Tyrosine Phosphorylation (GO:0050732),0.7054975531419777,1.3296666723458783,0.1875,1.0,1.0,2/6,2.46%,PTPN2;SFRP1
prerank,GO_Biological_Process_2025__Sterol Biosynthetic Process (GO:0016126),-0.6556827364945363,-1.3293806717169765,0.13911620294599017,0.9581302806984088,1.0,5/13,14.97%,MVK;DHCR7;PMVK;PLPP6;SQLE
prerank,GO_Biological_Process_2025__Collagen-Activated Signaling Pathway (GO:0038065),0.6864483318067551,1.3286343666293747,0.16247139588100687,1.0,1.0,2/6,13.75%,ITGA11;DDR2
prerank,GO_Biological_Process_2025__Negative Regulation of Leukocyte Activation (GO:0002695),0.6938974822379352,1.328632007548375,0.17675544794188863,1.0,1.0,2/6,12.82%,GRN;FN1
prerank,GO_Biological_Process_2025__Steroid Metabolic Process (GO:0008202),-0.6208508848612448,-1.3280745993886915,0.15584415584415584,0.9617393481752098,1.0,3/17,5.49%,SLC27A2;NPC1;GBA2
prerank,GO_Biological_Process_2025__Signaling Receptor Ligand Precursor Processing (GO:0140448),0.675007363788502,1.3279197412498178,0.15839243498817968,1.0,1.0,4/8,14.25%,PCSK5;DPP4;BCHE;FURIN
prerank,GO_Biological_Process_2025__Regulation of B Cell Differentiation (GO:0045577),0.6936551792082496,1.327847514291758,0.18805309734513273,1.0,1.0,3/6,13.10%,SFRP1;MMP14;INPP5D
prerank,GO_Biological_Process_2025__Positive Regulation of Leukocyte Differentiation (GO:1902107),-0.7216216442271575,-1.3275364694886496,0.18232044198895028,0.9612803927608966,1.0,1/7,1.78%,PRKDC
prerank,GO_Biological_Process_2025__Phospholipid Efflux (GO:0033700),0.6056926054925267,1.327296745560416,0.16853932584269662,1.0,1.0,7/9,25.45%,APOA4;ABCA7;APOC1;APOA1;APOA2;APOE;APOC3
prerank,GO_Biological_Process_2025__Negative Regulation of Protein Secretion (GO:0050709),-0.6865818823701443,-1.3272587502151019,0.16912972085385877,0.9594049300816684,1.0,1/10,0.11%,FOXO1
prerank,GO_Biological_Process_2025__Barbed-End Actin Filament Capping (GO:0051016),0.608628269011206,1.3271944275788503,0.13432835820895522,1.0,1.0,4/12,16.48%,ADD2;SVIL;NCAPG;TWF2
prerank,GO_Biological_Process_2025__Actin Filament Capping (GO:0051693),0.608628269011206,1.3271944275788503,0.13432835820895522,1.0,1.0,4/12,16.48%,ADD2;SVIL;NCAPG;TWF2
prerank,GO_Biological_Process_2025__Regulation of Immunoglobulin Production (GO:0002637),-0.716934093277678,-1.3268070547828803,0.17785234899328858,0.958678825769909,1.0,1/8,0.93%,SASH3
prerank,GO_Biological_Process_2025__Endothelium Development (GO:0003158),-0.7137484400060141,-1.3261955880146945,0.17391304347826086,0.9585870619002832,1.0,1/7,3.06%,EDF1
prerank,GO_Biological_Process_2025__Nitric Oxide Mediated Signal Transduction (GO:0007263),-0.7218152064977088,-1.3261647517306865,0.1590909090909091,0.9556220580243047,1.0,2/8,7.30%,NDNF;ATP2B4
prerank,GO_Biological_Process_2025__Negative Regulation of Epithelial to Mesenchymal Transition (GO:0010719),-0.6792312647615328,-1.3256543985458558,0.16638078902229847,0.9551469037937571,1.0,1/9,0.14%,PPP2CA
prerank,GO_Biological_Process_2025__Natural Killer Cell Mediated Immunity (GO:0002228),-0.6439514948841254,-1.3255485228683939,0.14638157894736842,0.9526364168089277,1.0,2/14,2.37%,PLEKHM2;FCGR3B
prerank,GO_Biological_Process_2025__Ventricular Cardiac Muscle Tissue Morphogenesis (GO:0055010),-0.6549421274247962,-1.325143220776584,0.18030050083472454,0.9515154574565983,1.0,3/10,5.86%,FGFR2;SMAD4;TPM1
prerank,GO_Biological_Process_2025__Positive Regulation of Axon Extension (GO:0045773),0.6365580240235775,1.3248319830125126,0.16707616707616707,1.0,1.0,6/10,25.77%,MEGF8;L1CAM;TWF2;SHTN1;ZFYVE27;GOLGA4
prerank,GO_Biological_Process_2025__Myeloid Cell Activation Involved in Immune Response (GO:0002275),-0.6719530612119763,-1.3247634733723326,0.15593220338983052,0.95033984428664,1.0,4/11,12.73%,NMI;LILRA2;LBP;DOCK2
prerank,GO_Biological_Process_2025__Negative Regulation of Toll-Like Receptor Signaling Pathway (GO:0034122),-0.7299635627381436,-1.3244806912748606,0.14814814814814814,0.9486810681224824,1.0,6/7,26.47%,OTUD4;SMPDL3B;IRAK3;TYRO3;GPR108;LRRC14
prerank,GO_Biological_Process_2025__Axon Guidance (GO:0007411),0.4500228545498085,1.3243070440967253,0.07951070336391437,1.0,1.0,14/52,16.94%,ARHGAP35;PTPRM;TRIO;ROBO4;CYFIP2;PRKCQ;CNTN1;LYPLA2;NOTCH3;SEMA4D;L1CAM;NPTN;NRCAM;EFNB1
prerank,GO_Biological_Process_2025__Natural Killer Cell Mediated Cytotoxicity (GO:0042267),-0.624791569927486,-1.3241859887880578,0.1529968454258675,0.9470976036086127,1.0,2/16,2.37%,PLEKHM2;FCGR3B
prerank,GO_Biological_Process_2025__Calcium-Dependent Cell-Cell Adhesion via Plasma Membrane Cell Adhesion Molecules (GO:0016339),-0.5833466628697782,-1.3234593275507276,0.13643659711075443,0.9478980002764301,1.0,3/22,4.98%,CDH24;PCDHB2;PCDHB14
prerank,GO_Biological_Process_2025__Regulation of Macromolecule Metabolic Process (GO:0060255),0.6246934866031909,1.3234336891517196,0.1632183908045977,1.0,1.0,5/10,15.39%,CNDP1;KIF16B;MTMR3;SSH1;LDLR
prerank,GO_Biological_Process_2025__Transcription Initiation at RNA Polymerase II Promoter (GO:0006367),-0.6760507054217579,-1.3233184357377432,0.17474048442906576,0.9455476767611556,1.0,5/10,19.91%,USP25;PAAF1;SGF29;DPY30;POLR2G
prerank,GO_Biological_Process_2025__Negative Regulation of Intracellular Estrogen Receptor Signaling Pathway (GO:0033147),0.6491401050770698,1.3229805680748676,0.19815668202764977,1.0,1.0,3/7,18.94%,KANK2;CNOT1;CNOT2
prerank,GO_Biological_Process_2025__Purine Nucleotide Biosynthetic Process (GO:0006164),-0.6429310846369276,-1.3228711452889816,0.1558872305140962,0.9447786175160462,1.0,3/13,8.49%,PRPSAP1;NADK;NMNAT3
prerank,GO_Biological_Process_2025__Adrenergic Receptor Signaling Pathway (GO:0071875),0.6628651329982297,1.322268840188954,0.18632075471698112,1.0,1.0,1/7,0.56%,AKAP13
prerank,"GO_Biological_Process_2025__Mitochondrial Electron Transport, NADH to Ubiquinone (GO:0006120)",-0.5443473053405645,-1.322163297465826,0.12597200622083982,0.945405616752865,1.0,18/31,31.97%,NDUFV3;NDUFB9;NDUFS6;NDUFAB1;NDUFB5;NDUFS4;NDUFB4;NDUFS3;NDUFA2;NDUFS8;NDUFS2;NDUFS1;NDUFB7;NDUFB10;NDUFA6;NDUFB6;NDUFB8;NDUFA10
prerank,GO_Biological_Process_2025__Positive Regulation of Potassium Ion Transmembrane Transport (GO:1901381),-0.7340621440339057,-1.3212518796991937,0.18421052631578946,0.9469400102254533,1.0,2/6,6.84%,AKAP9;AKAP7
prerank,GO_Biological_Process_2025__Cortical Cytoskeleton Organization (GO:0030865),-0.5861654500541726,-1.3209325658908293,0.1458670988654781,0.9454102306272182,1.0,6/20,14.77%,RHOQ;PPFIA1;FMNL1;STRIP1;EZR;PPFIBP1
prerank,GO_Biological_Process_2025__Regulation of Gene Expression (GO:0010468),-0.4180868645662138,-1.3209182745723187,0.029850746268656716,0.9425121081720786,1.0,45/258,13.17%,CDK3;IGF2BP3;SFRP4;AFDN;PPIE;EIF2AK3;PRMT1;RPL6;PKP1;DHX36;DGKQ;FUS;EDF1;CDK6;RBBP7;ACTL6A;TGFBRAP1;FGFR4;TERF2IP;SMAD4;ZPR1;ATP13A2;POFUT1;BTN3A3;DAPK3;CELSR2;AHNAK;ATP2B4;TELO2;CDK2;AIF1;HNRNPD;S100A9;NONO;BPNT1;RPS3;EZR;HNRNPDL;ZC3H7A;RPL11;SGF29;MATR3;EPHX2;TARDBP;MAPK9
prerank,GO_Biological_Process_2025__Regulation of Protein Catabolic Process (GO:0042176),-0.49043403242130035,-1.320832553459086,0.10616929698708752,0.9399831263393791,1.0,9/60,13.49%,FOXO1;SERPINB12;ATP13A2;SORL1;SNX3;EZR;TRIM40;IRAK3;IDE
prerank,DGIdb_Drug_Targets_2024__TESTOSTERONE,0.7097203852729861,1.3206521101912099,0.18660287081339713,1.0,1.0,4/6,17.45%,FAS;DBH;LCAT;APOA1
prerank,GO_Biological_Process_2025__Regulation of Behavior (GO:0050795),0.6852073160538257,1.3196926018514599,0.18888888888888888,1.0,1.0,1/6,0.67%,MTOR
prerank,GO_Biological_Process_2025__Cell Surface Toll-Like Receptor Signaling Pathway (GO:0140895),-0.6136568688766617,-1.3191380398018047,0.1408,0.9453901342393808,1.0,7/17,20.23%,NMI;S100A14;IRF3;IRAK4;TNIP2;MYD88;NDUFA2
prerank,GO_Biological_Process_2025__Response to Estrogen (GO:0043627),0.644093114487517,1.3187547473982342,0.18995633187772926,1.0,1.0,1/8,2.46%,SFRP1
prerank,GO_Biological_Process_2025__Protein Deacetylation (GO:0006476),0.6825864947124582,1.3186420242405137,0.2033898305084746,1.0,1.0,2/6,12.33%,HDAC7;HDAC3
prerank,GO_Biological_Process_2025__Positive Regulation of Viral Entry Into Host Cell (GO:0046598),0.6756462620088279,1.3182545197788644,0.20631067961165048,1.0,1.0,1/7,0.93%,SMPD1
prerank,GO_Biological_Process_2025__Positive Regulation by Symbiont of Entry Into Host (GO:0075294),0.6756462620088279,1.3182545197788644,0.20631067961165048,1.0,1.0,1/7,0.93%,SMPD1
prerank,GO_Biological_Process_2025__Negative Regulation of Fibroblast Proliferation (GO:0048147),0.7221239887266093,1.317865384949193,0.1935483870967742,1.0,1.0,2/5,5.68%,SFRP1;FTH1
prerank,GO_Biological_Process_2025__Leukocyte Adhesion to Vascular Endothelial Cell (GO:0061756),-0.6214175951670557,-1.3176526895526803,0.176759410801964,0.9494906685327983,1.0,6/14,22.21%,SELE;GOLPH3;PODXL2;SELENOP;GCNT1;SELPLG
prerank,"GO_Biological_Process_2025__Wound Healing, Spreading of Cells (GO:0044319)",0.5537044150755784,1.3173013077463613,0.13541666666666666,1.0,1.0,1/17,0.30%,ARHGAP35
prerank,GO_Biological_Process_2025__Gene Expression (GO:0010467),-0.43188534812049173,-1.3172745288932015,0.04854368932038835,0.9483630311593506,1.0,50/174,18.22%,IGF2BP3;AZU1;RPL15;RPL6;RPS13;RPL8;RPL3;EIF4A3;EXOSC2;RNF123;MRPS6;SMAD4;MRPL3;DDX19B;RPL38;MRPS17;BOLA3;RPLP0;GLRX5;RPS19;RPS6;HNRNPD;GOLPH3;RPL22;LMF1;LMF2;RPL18;RPS3;ISCA1;DDX17;HNRNPDL;RPS4X;MRPL40;RPL11;SARNP;RPS16;RPS23;CASP9;FKBP1A;RPLP1;CCS;MRPL43;CELF2;KPNA4;NUP160;SYNCRIP;RPS10;RPS14;MRPL55;RBM4
prerank,GO_Biological_Process_2025__Positive Regulation of Production of Molecular Mediator of Immune Response (GO:0002702),-0.6876493588981463,-1.3169921888853455,0.19008264462809918,0.9467507053701025,1.0,1/9,0.93%,SASH3
prerank,GO_Biological_Process_2025__Peptidyl-Tyrosine Phosphorylation (GO:0018108),-0.5556625243861083,-1.316557293833731,0.13405238828967642,0.9460283069497071,1.0,3/31,4.13%,HCK;FGFR2;FGFR4
prerank,GO_Biological_Process_2025__Translational Elongation (GO:0006414),-0.5401314615180476,-1.3162027537725036,0.14418604651162792,0.9448128793874168,1.0,6/33,11.17%,MTRES1;MRPL44;UFSP2;LTN1;USP32;ZNF598
prerank,GO_Biological_Process_2025__Plasma Membrane Bounded Cell Projection Morphogenesis (GO:0120039),0.48595244340187527,1.3159725569281269,0.09887005649717515,1.0,1.0,12/30,28.02%,TRIO;ATP7A;DTNBP1;EPB41L3;BMP7;SHTN1;MAP4K4;MAP1S;PLXNB1;MINK1;PPP1R12A;CTTN
prerank,GO_Biological_Process_2025__Positive Regulation of T Cell Activation (GO:0050870),-0.5201520620910431,-1.3157571746512084,0.1259600614439324,0.9440480651446909,1.0,6/36,10.04%,CD209;ACTL6A;ANXA1;THY1;AIF1;CD81
prerank,GO_Biological_Process_2025__Response to Ionizing Radiation (GO:0010212),0.564645218797763,1.315719890640712,0.18357487922705315,1.0,1.0,3/16,5.05%,SMPD1;STK11;NHEJ1
prerank,GO_Biological_Process_2025__Cellular Response to dsRNA (GO:0071359),0.625475421037883,1.3156279763352035,0.18795180722891566,1.0,1.0,2/9,4.05%,DHX9;IFIT1
prerank,GO_Biological_Process_2025__Cell Surface Receptor Signaling Pathway via STAT (GO:0097696),-0.5879174262589815,-1.3153122667595023,0.14779874213836477,0.9433493818459725,1.0,3/20,4.61%,EPX;NMI;FGFR3
prerank,GO_Biological_Process_2025__Anaphase-Promoting Complex-Dependent Catabolic Process (GO:0031145),0.6110366090132939,1.3152823158217228,0.1510791366906475,1.0,1.0,2/10,3.08%,CDC27;ANAPC7
prerank,GO_Biological_Process_2025__Aminoglycan Catabolic Process (GO:0006026),0.7068079766847594,1.3146918531270357,0.20785219399538107,1.0,1.0,1/5,1.37%,IDUA
prerank,GO_Biological_Process_2025__rRNA Catabolic Process (GO:0016075),0.6769819407905335,1.3140936611385077,0.19518072289156627,1.0,1.0,3/6,24.76%,EXOSC8;PELO;XRN1
prerank,GO_Biological_Process_2025__L-serine Metabolic Process (GO:0006563),0.6658435986596841,1.3140465419905318,0.1714922048997773,1.0,1.0,2/6,7.23%,SERINC3;PSPH
prerank,GO_Biological_Process_2025__Negative Regulation of Insulin Secretion (GO:0046676),-0.7670258889355749,-1.313789514261765,0.1732418524871355,0.9477154666434221,1.0,1/5,0.11%,FOXO1
prerank,GO_Biological_Process_2025__Intracellular Calcium Ion Homeostasis (GO:0006874),-0.5107605303151164,-1.3135303590437442,0.12035661218424963,0.9461113463463622,1.0,19/45,27.37%,ELANE;ATP13A2;LETM1;ATP2B4;PACS2;ANXA6;CLCC1;PDZD8;STC2;TRPC6;TMCO1;SMDT1;MICU2;BAK1;MICU1;CCDC47;TMEM165;ITPR1;STOML2
prerank,GO_Biological_Process_2025__Positive Regulation of Extracellular Matrix Assembly (GO:1901203),-0.6845198682434935,-1.3133700574598823,0.168141592920354,0.9438994946018978,1.0,2/9,4.66%,SMAD4;CLASP1
prerank,GO_Biological_Process_2025__Prostaglandin Metabolic Process (GO:0006693),-0.6084258970943127,-1.3128920644754667,0.16693679092382496,0.9433744715854836,1.0,4/15,12.75%,PNPLA8;CES2;S100A9;GSTM1
prerank,DGIdb_Drug_Targets_2024__AMITRIPTYLINE,0.6508182506361025,1.3121264587853279,0.19545454545454546,1.0,1.0,1/8,0.25%,EPHX1
prerank,GO_Biological_Process_2025__Kidney Development (GO:0001822),0.6054182122472607,1.3118611122343826,0.19495412844036697,1.0,1.0,2/11,4.17%,PCSK5;KANK2
prerank,GO_Biological_Process_2025__Endocytic Recycling (GO:0032456),0.4400861575968858,1.3116948206879853,0.08385093167701864,1.0,1.0,3/50,2.25%,LMTK2;VPS52;VTI1A
prerank,GO_Biological_Process_2025__Response to Interleukin-1 (GO:0070555),0.5026915955312783,1.3116896366438193,0.14130434782608695,1.0,1.0,3/27,2.46%,GBP2;SMPD1;SFRP1
prerank,DGIdb_Drug_Targets_2024__DISULFIRAM,0.6125120483625198,1.3110256591720881,0.18863049095607234,1.0,1.0,3/11,8.20%,MTOR;GGT1;DBH
prerank,GO_Biological_Process_2025__Regulation of Protein Transport (GO:0051223),-0.6057199119277092,-1.3099844478891092,0.17014446227929375,0.9546378104370291,1.0,3/15,9.18%,SAA2;ATP13A2;SNX3
prerank,GO_Biological_Process_2025__Endocytosis Involved in Viral Entry Into Host Cell (GO:0075509),0.7218647710020893,1.3097840858668113,0.20758928571428573,1.0,1.0,4/5,26.61%,DPP4;JPT2;TPCN1;EPS15
prerank,GO_Biological_Process_2025__Regulation of Intracellular Protein Transport (GO:0033157),-0.603550574136038,-1.3096694243605569,0.17711598746081506,0.9532016607913871,1.0,3/18,8.05%,RAB29;ATP13A2;RIPOR1
prerank,GO_Biological_Process_2025__Cell-Cell Adhesion via Plasma-Membrane Adhesion Molecules (GO:0098742),-0.4901587493394697,-1.3095522168329483,0.109375,0.9508690626341822,1.0,9/70,5.80%,PTK7;CD209;CDH24;ITGAM;PCDHB2;SELE;HMCN1;PCDHB14;CELSR2
prerank,GO_Biological_Process_2025__Gliogenesis (GO:0042063),-0.6951708904935111,-1.3094597294011625,0.17549668874172186,0.9484876093043028,1.0,2/8,4.68%,CDK6;MIOS
prerank,GO_Biological_Process_2025__Negative Regulation of Vascular Associated Smooth Muscle Cell Proliferation (GO:1904706),-0.6927395219959844,-1.3084519227627591,0.17863720073664824,0.9504080442881299,1.0,4/8,14.61%,TPM1;CNN1;PDCD4;PTEN
prerank,GO_Biological_Process_2025__Response to Reactive Oxygen Species (GO:0000302),-0.5737799780551883,-1.3081846395396741,0.14375987361769352,0.9488312651220373,1.0,7/24,15.71%,PEX5;PEX13;TPM1;RPS3;MPV17;MAPK9;FER
prerank,GO_Biological_Process_2025__Cell Junction Organization (GO:0034330),-0.552824600114107,-1.3079832994584675,0.15780998389694043,0.9470006385931784,1.0,10/26,21.79%,PTK7;PPFIA1;CBLN2;NLGN2;SMAD3;OPHN1;RAB8B;PRKCI;RHOA;CDC42
prerank,GO_Biological_Process_2025__Establishment of Protein Localization to Peroxisome (GO:0072663),-0.689250187106211,-1.3074834513927822,0.17647058823529413,0.9464055006573722,1.0,1/9,0.69%,PEX5
prerank,GO_Biological_Process_2025__Myeloid Cell Development (GO:0061515),0.5575767520806728,1.3066757790529007,0.17493472584856398,1.0,1.0,1/14,0.65%,SH2B3
prerank,GO_Biological_Process_2025__Regulation of Gluconeogenesis (GO:0006111),-0.6111693034159685,-1.3054090624748027,0.15763546798029557,0.9535424629580144,1.0,2/16,2.50%,FOXO1;DGKQ
prerank,DGIdb_Drug_Targets_2024__DOVITINIB,-0.5120245544441405,-1.305150129259779,0.12195121951219512,0.952017093112202,1.0,7/49,8.95%,HCK;FGFR2;FGFR4;FGFR3;RPS6KA3;PKN2;SRPK1
prerank,"GO_Biological_Process_2025__Regulation of Synaptic Transmission, Glutamatergic (GO:0051966)",-0.6605919780249404,-1.3051070592854528,0.1657754010695187,0.949446214286097,1.0,6/10,25.41%,TPRG1L;NLGN2;OPHN1;FXR1;SHANK3;RELN
prerank,GO_Biological_Process_2025__Regulation of Epidermal Cell Differentiation (GO:0045604),-0.742763999315624,-1.3048842878770952,0.17647058823529413,0.94763776442026,1.0,2/6,9.64%,SFRP4;REXO2
prerank,GO_Biological_Process_2025__Cytoplasmic Translation (GO:0002181),-0.4886705578285023,-1.3048713056976884,0.10043041606886657,0.9449389271733042,1.0,20/60,14.37%,RPL15;RPL6;RPS13;RPL8;RPL3;RPL38;EIF2B5;RPLP0;RPS19;RPS6;RPL22;RPL18;RPS3;RPS4X;RPL11;ZC3H15;EIF2B1;RPS16;RPS23;RPLP1
prerank,GO_Biological_Process_2025__Telomere Maintenance (GO:0000723),-0.6147492476255191,-1.304016838538894,0.14451827242524917,0.9464063209449104,1.0,7/16,17.53%,PRKDC;ACTL6A;TERF2IP;CDK2;RAD50;FBXO4;XRCC6
prerank,GO_Biological_Process_2025__Cellular Response to Light Stimulus (GO:0071482),0.5390769738182949,1.3031231947865294,0.1881720430107527,1.0,1.0,3/16,2.41%,SMPD1;CUL4B;N4BP1
prerank,GO_Biological_Process_2025__Antigen Processing and Presentation of Peptide Antigen via MHC Class I (GO:0002474),-0.6585192833178197,-1.3023535037313554,0.16385135135135134,0.9515475692917063,1.0,4/13,13.49%,IFI30;SAR1B;ACE;IDE
prerank,GO_Biological_Process_2025__Regulation of Response to Endoplasmic Reticulum Stress (GO:1905897),-0.7078993882384104,-1.3023419150436875,0.17677642980935876,0.9488498061718099,1.0,1/7,1.49%,EIF2AK3
prerank,GO_Biological_Process_2025__RNA 3'-End Processing (GO:0031123),-0.6807331591658012,-1.3015029630196764,0.1736111111111111,0.9503482150276265,1.0,3/9,10.29%,CSTF2;RPRD1B;SUPV3L1
prerank,GO_Biological_Process_2025__Negative Regulation of miRNA-mediated Gene Silencing (GO:0060965),-0.7521724066955031,-1.3010800688302144,0.18164794007490637,0.9494782668506478,1.0,1/5,7.03%,ZSWIM8
prerank,GO_Biological_Process_2025__Regulation of Osteoclast Differentiation (GO:0045670),0.6045673189569887,1.300951084519184,0.17518248175182483,1.0,1.0,2/10,8.35%,MTOR;PRXL2A
prerank,GO_Biological_Process_2025__Regulation of Smooth Muscle Cell Differentiation (GO:0051150),-0.763294099783848,-1.2997079282706832,0.18994413407821228,0.9533684634325146,1.0,1/5,2.74%,FGFR2
prerank,GO_Biological_Process_2025__Positive Regulation of Dendritic Spine Morphogenesis (GO:0061003),-0.7348138669612796,-1.299088976678065,0.18100358422939067,0.9536257495684947,1.0,1/6,2.46%,DHX36
prerank,GO_Biological_Process_2025__Negative Regulation of TORC1 Signaling (GO:1904262),-0.5435965500181269,-1.2981703855089162,0.1610305958132045,0.9552266225063313,1.0,5/26,6.07%,DEPDC5;WDR59;NPC1;MIOS;SAR1B
prerank,GO_Biological_Process_2025__Negative Regulation of Mitotic Cell Cycle (GO:0045930),-0.6930690569607889,-1.2981240574916597,0.18850987432675045,0.952697160514599,1.0,1/8,1.00%,GAS1
prerank,GO_Biological_Process_2025__Nucleoside Phosphate Catabolic Process (GO:1901292),0.6535149873663522,1.2978270666525944,0.20915032679738563,1.0,1.0,4/7,23.83%,NUDT19;ITPA;MLYCD;SUCLG2
prerank,GO_Biological_Process_2025__Natural Killer Cell Activation (GO:0030101),-0.6237727829960701,-1.2976370040762117,0.18013468013468015,0.9522786910212061,1.0,2/13,5.65%,FCGR3B;CD48
prerank,GO_Biological_Process_2025__Negative Regulation of Lymphocyte Activation (GO:0051250),-0.6695323248181096,-1.2974026480032153,0.18962432915921287,0.9507040579868516,1.0,6/9,28.02%,DUSP3;FGL1;PAG1;JAK3;CTSG;UFL1
prerank,GO_Biological_Process_2025__Regulation of Macrophage Differentiation (GO:0045649),0.6164324630868524,1.2972170015526328,0.18269230769230768,1.0,1.0,2/10,6.60%,PTPN2;FADD
prerank,GO_Biological_Process_2025__Regulation of Cell Size (GO:0008361),0.5558371476584364,1.295963846338199,0.17447916666666666,1.0,1.0,2/17,0.67%,ARHGAP35;MTOR
prerank,Reactome_Pathways_2024__Activated NTRK2 Signals Through PI3K,0.6805033623179964,1.2957992576170267,0.1926605504587156,1.0,1.0,1/6,1.99%,GAB1
prerank,GO_Biological_Process_2025__Protein Transmembrane Import Into Intracellular Organelle (GO:0044743),-0.5999883833558791,-1.2955281181144684,0.18739635157545606,0.95653198775246,1.0,2/17,4.85%,PEX5;TOMM40L
prerank,GO_Biological_Process_2025__Triglyceride Biosynthetic Process (GO:0019432),0.6856403395422138,1.2954434952922178,0.1957547169811321,1.0,1.0,4/6,14.98%,TMEM68;DGAT1;LPIN2;PCK2
prerank,DGIdb_Drug_Targets_2024__FENTANYL,-0.6858151054398436,-1.2951033536411067,0.18257956448911222,0.955854435947076,1.0,2/8,2.37%,ITGAM;FCGR3B
prerank,GO_Biological_Process_2025__Regulation of Cell Population Proliferation (GO:0042127),-0.41484114099533304,-1.295085734595731,0.04230317273795535,0.9532544492275457,1.0,35/241,10.62%,ATG13;HCK;BIRC2;PRKRA;SFRP4;GKN1;EPX;PRKDC;PRMT1;NMI;NIBAN2;MELTF;IRS2;FGFR2;GRK5;TRAPPC14;CDK6;RPRD1B;ACTL6A;FGFR4;NUP62;FGFR3;HMGB2;DIS3L2;PRTN3;ATG101;CDK2;AIF1;JUP;RPS6;S100A9;TES;CTBP1;SSR1;RPS4X
prerank,GO_Biological_Process_2025__RNA Export From Nucleus (GO:0006405),-0.556623866949346,-1.2946896866334907,0.1620745542949757,0.952533890670415,1.0,5/25,6.28%,EIF4A3;NUP62;XPO5;PHAX;DDX19B
prerank,DGIdb_Drug_Targets_2024__CYC 116,-0.4871932197912138,-1.2944756775608057,0.12682215743440234,0.9508396711040459,1.0,10/58,8.51%,TNK2;STK17A;MET;CSNK1G1;FGFR3;DAPK3;RPS6KA3;CDK2;PKN2;IRAK4
prerank,GO_Biological_Process_2025__Cellular Response to Oxygen-Containing Compound (GO:1901701),-0.4358193685731129,-1.2943451539193542,0.0663265306122449,0.9488289942536403,1.0,31/143,15.71%,FOXO1;PTK7;PEX5;BCL10;PRMT1;DHX36;DGKQ;CRTC3;PEX13;HMGB2;TPM1;AKAP9;AKAP7;GNG2;ATP2B4;CDK2;LBP;RPS3;EZR;MPV17;CRTC1;PDXP;PDCD4;TNIP2;ADAM9;MAPK9;MAT2A;VIM;PF4V1;IGFBP5;FER
prerank,GO_Biological_Process_2025__Astrocyte Activation (GO:0048143),0.7204292233587984,1.2943418846717567,0.20754716981132076,1.0,1.0,3/5,16.62%,GRN;IFNGR1;TREM2
prerank,GO_Biological_Process_2025__Positive Regulation of Immunoglobulin Production (GO:0002639),-0.6850817153123786,-1.2943014281623682,0.2003338898163606,0.9463591795426963,1.0,1/9,0.93%,SASH3
prerank,GO_Biological_Process_2025__Collagen Fibril Organization (GO:0030199),0.4943046454951116,1.2942148672214289,0.14763231197771587,1.0,1.0,8/30,13.75%,COL1A2;ATP7A;TLL2;COL1A1;LOX;TLL1;COL3A1;DDR2
prerank,GO_Biological_Process_2025__Regulation of Biomineral Tissue Development (GO:0070167),0.6142574022778509,1.2939625773749255,0.20843091334894615,1.0,1.0,2/9,13.75%,NOTUM;DDR2
prerank,GO_Biological_Process_2025__Regulation of Mitochondrion Organization (GO:0010821),0.5861612033649519,1.2935488555135288,0.1990521327014218,1.0,1.0,2/13,4.22%,TMEM102;PDE2A
prerank,GO_Biological_Process_2025__Positive Regulation of Integrin Activation (GO:0033625),-0.725317937575001,-1.2934539118380055,0.19320214669051877,0.9474783105874798,1.0,1/6,2.41%,RASIP1
prerank,GO_Biological_Process_2025__Rescue of Stalled Ribosome (GO:0072344),-0.5704688436642701,-1.2931937577561885,0.18269230769230768,0.9460268834081232,1.0,5/22,11.17%,MTRES1;UFSP2;LTN1;USP32;ZNF598
prerank,GO_Biological_Process_2025__Positive Regulation of ERBB Signaling Pathway (GO:1901186),0.5701247697018224,1.2931913593461455,0.17232375979112272,1.0,1.0,3/14,5.15%,AFAP1L2;DGKD;HIP1
prerank,GO_Biological_Process_2025__Positive Regulation of Myeloid Leukocyte Mediated Immunity (GO:0002888),-0.7400842568468597,-1.2930713641283118,0.20255474452554745,0.9439467145413137,1.0,2/5,9.23%,ITGAM;ITGB2
prerank,GO_Biological_Process_2025__ER-nucleus Signaling Pathway (GO:0006984),-0.6572802705190715,-1.291973032170212,0.19478260869565217,0.9464115926295261,1.0,1/10,1.49%,EIF2AK3
prerank,DGIdb_Drug_Targets_2024__PD 0325901,0.6763786594392908,1.291756471135778,0.2132701421800948,1.0,1.0,2/6,3.50%,BRAF;STK11
prerank,GO_Biological_Process_2025__Protein Localization to Organelle (GO:0033365),0.4028189837202559,1.2915556934661794,0.08960573476702509,1.0,1.0,9/77,8.51%,RAB33B;GBP2;DHX9;COG3;SCG3;LAMP3;COL1A1;GET4;CAMLG
prerank,GO_Biological_Process_2025__Translational Termination (GO:0006415),-0.710914350006747,-1.2913949577281134,0.19538188277087035,0.9464916191945515,1.0,1/7,1.64%,MTRF1L
prerank,GO_Biological_Process_2025__Negative Regulation of JNK Cascade (GO:0046329),-0.6466887300246256,-1.2912924354368507,0.18213660245183888,0.9443336308199826,1.0,3/11,12.19%,PRMT1;DUSP3;PDCD4
prerank,GO_Biological_Process_2025__Positive Regulation of Supramolecular Fiber Organization (GO:1902905),-0.49593971337446513,-1.291044700457222,0.13343108504398826,0.942850859148642,1.0,10/48,17.38%,HCK;CDC42EP3;CLASP1;FCHSD1;RPS3;COLGALT1;PDXP;FER;CCL21;FES
prerank,GO_Biological_Process_2025__Regulation of Protein Localization (GO:0032880),-0.5026344558457108,-1.2904185234440122,0.14050822122571002,0.9431053073838449,1.0,8/45,14.18%,GPC5;AFDN;PLEKHM2;ATP13A2;REXO2;RAB43;KCNAB2;FKBP1A
prerank,GO_Biological_Process_2025__Positive Regulation of Epidermal Growth Factor Receptor Signaling Pathway (GO:0045742),0.5805004361283793,1.2899851149357149,0.19220779220779222,1.0,1.0,3/13,5.15%,AFAP1L2;DGKD;HIP1
prerank,GO_Biological_Process_2025__Positive Regulation of Glycogen Metabolic Process (GO:0070875),-0.6611123979317644,-1.2899454699562714,0.20137693631669534,0.942695900399491,1.0,4/10,8.48%,IRS2;EPM2AIP1;PHKA1;AKT2
prerank,GO_Biological_Process_2025__Extracellular Structure Organization (GO:0043062),-0.5180636682315135,-1.288572242190838,0.14329268292682926,0.9438014747573654,1.0,2/36,0.88%,MMP25;NDNF
prerank,GO_Biological_Process_2025__External Encapsulating Structure Organization (GO:0045229),-0.5180636682315135,-1.288572242190838,0.14329268292682926,0.9438014747573654,1.0,2/36,0.88%,MMP25;NDNF
prerank,GO_Biological_Process_2025__Negative Regulation of Cytoskeleton Organization (GO:0051494),-0.5923659916716975,-1.2884054984323086,0.16552901023890784,0.94203060786481,1.0,3/16,4.66%,SSH2;SMAD4;CLASP1
prerank,GO_Biological_Process_2025__Regulation of Viral Entry Into Host Cell (GO:0046596),0.6064028669206042,1.2879563018907623,0.19487179487179487,1.0,1.0,1/10,0.93%,SMPD1
prerank,GO_Biological_Process_2025__Negative Regulation of Defense Response to Virus (GO:0050687),0.6555938277106815,1.2871958188593624,0.21266968325791855,1.0,1.0,3/7,17.01%,TARBP2;NT5C2;PCBP2
prerank,GO_Biological_Process_2025__Positive Regulation of T Cell Mediated Cytotoxicity (GO:0001916),0.6138848576418837,1.2871556219908162,0.18912529550827423,1.0,1.0,3/11,11.84%,FADD;PVR;HLA-B
prerank,GO_Biological_Process_2025__Positive Regulation of Gluconeogenesis (GO:0045722),-0.7612260932203934,-1.2871457606687733,0.1848013816925734,0.9452139964238169,1.0,1/5,0.11%,FOXO1
prerank,GO_Biological_Process_2025__Positive Regulation of Apoptotic Signaling Pathway (GO:2001235),-0.5497029456672725,-1.2857264439207359,0.1696,0.9492146331248086,1.0,6/25,10.45%,BCL10;PKN2;S100A9;SEPTIN4;RPS3;S100A8
prerank,GO_Biological_Process_2025__Cellular Hyperosmotic Response (GO:0071474),-0.6942601336664929,-1.2855173679844967,0.2024432809773124,0.9476540372817942,1.0,1/7,1.71%,EPX
prerank,GO_Biological_Process_2025__Insulin Receptor Signaling Pathway (GO:0008286),-0.541512042701466,-1.2854945944871432,0.15813953488372093,0.9452415612918388,1.0,5/28,8.48%,FOXO1;IRS2;RHOQ;PIK3C2A;AKT2
prerank,GO_Biological_Process_2025__Positive Regulation of Non-Canonical NF-kappaB Signal Transduction (GO:1901224),-0.576961278975557,-1.2848764531069166,0.18078175895765472,0.9455290439948217,1.0,5/19,12.19%,NMI;TERF2IP;RPS3;SPHK1;PDCD4
prerank,GO_Biological_Process_2025__Immune Response-Regulating Cell Surface Receptor Signaling Pathway (GO:0002768),0.609926325299968,1.284542491066807,0.17401960784313725,1.0,1.0,5/9,28.86%,LILRB2;PIGR;KIT;VAV1;FGR
prerank,GO_Biological_Process_2025__Regulation of Transcription by RNA Polymerase II (GO:0006357),-0.40535009963322455,-1.284394953976928,0.04611923509561305,0.9449921044523123,1.0,48/300,12.54%,FOXO1;ELANE;SAFB2;EPX;RPL15;PRKDC;PKP1;DHX36;DGKQ;FGFR2;FUS;NUCKS1;CRTC3;AGO1;NFX1;RPRD1B;MUC1;RBBP7;ACTL6A;RHOQ;SMAD4;DNAJB4;CRYM;HMGB2;FOXL1;IRF3;FHL2;TARBP1;MAP2K5;ANXA4;ATP2B4;HEXIM1;RPS6KA3;NFATC2IP;JUP;HNRNPD;CTBP1;CD81;EZR;DDX17;DNAJB1;CRTC1;PURB;ELP2;SGF29;PPID;TNIP2;MYDGF
prerank,GO_Biological_Process_2025__Nuclear RNA Surveillance (GO:0071027),-0.6905022878114758,-1.2841165022201706,0.19696969696969696,0.9436573305183903,1.0,2/8,2.87%,WDR82;EXOSC2
prerank,GO_Biological_Process_2025__Post-Transcriptional Gene Silencing (GO:0016441),0.5980816494509322,1.2838081241458512,0.1943127962085308,1.0,1.0,2/11,2.62%,TARBP2;GIGYF2
prerank,GO_Biological_Process_2025__Cardiac Muscle Cell Contraction (GO:0086003),0.6983017177407292,1.2834091435840411,0.22448979591836735,1.0,1.0,1/5,2.71%,CACNA2D1
prerank,GO_Biological_Process_2025__RNA Destabilization (GO:0050779),0.6558762304083806,1.2833615303723038,0.22302158273381295,1.0,1.0,3/7,17.48%,GIGYF2;RIDA;FTO
prerank,GO_Biological_Process_2025__DNA-templated Transcription Initiation (GO:0006352),-0.7266642451931346,-1.283309500654248,0.1950354609929078,0.9448228694865033,1.0,3/6,19.91%,CAVIN1;PAAF1;POLR2G
prerank,GO_Biological_Process_2025__Type II Interferon-Mediated Signaling Pathway (GO:0060333),0.6910823183337438,1.2827458451265028,0.20092378752886836,1.0,1.0,2/5,10.27%,IFNGR1;STAT1
prerank,GO_Biological_Process_2025__Organelle Transport Along Microtubule (GO:0072384),-0.5396350095274913,-1.2826862794950002,0.17246596066565809,0.9450285414296395,1.0,3/29,2.94%,DYNC1I1;KIF1B;KIFBP
prerank,GO_Biological_Process_2025__Regulation of Muscle Cell Differentiation (GO:0051147),-0.6744005839344488,-1.2824077590507332,0.17294520547945205,0.9437564227022068,1.0,4/9,20.56%,FGFR2;LMNB2;RBM4;PTBP1
prerank,GO_Biological_Process_2025__Phospholipid Catabolic Process (GO:0009395),0.5570326216977585,1.282358311092641,0.19597989949748743,1.0,1.0,2/15,1.06%,SMPD1;GDE1
prerank,GO_Biological_Process_2025__Phosphatidylethanolamine Metabolic Process (GO:0046337),-0.7014144582031967,-1.282290758804555,0.2019704433497537,0.9417954761465834,1.0,4/7,17.06%,PNPLA8;NAPEPLD;SELENOI;CHKB
prerank,GO_Biological_Process_2025__Protein Branched Polyubiquitination (GO:0141198),0.5609978562974429,1.2807297334245367,0.18811881188118812,1.0,1.0,2/13,3.08%,CDC27;ANAPC7
prerank,DGIdb_Drug_Targets_2024__CAPSAICIN,-0.7408017615811668,-1.2803812745497847,0.19891500904159132,0.947923227427134,1.0,3/5,15.79%,ABCB1;SCG5;NT5E
prerank,GO_Biological_Process_2025__Regulation of Necroptotic Process (GO:0060544),-0.6436319167581042,-1.2802940554767273,0.20462046204620463,0.9458430435178943,1.0,1/11,0.77%,BIRC2
prerank,GO_Biological_Process_2025__Cortical Actin Cytoskeleton Organization (GO:0030866),-0.6222192871800398,-1.2802924846110895,0.21783876500857632,0.9434088626791061,1.0,3/12,7.74%,RHOQ;FMNL1;STRIP1
prerank,GO_Biological_Process_2025__Epithelial Cell Morphogenesis (GO:0003382),0.6495060235219161,1.2794989303687179,0.21822033898305085,1.0,1.0,4/7,13.30%,COL18A1;LUZP1;CCDC88C;CDH5
prerank,GO_Biological_Process_2025__Positive Regulation of Cell-Cell Adhesion (GO:0022409),-0.564550241251591,-1.2793422963210104,0.17377567140600317,0.9451759278609333,1.0,2/22,1.86%,AFDN;PKP1
prerank,GO_Biological_Process_2025__Regulation of Transmembrane Receptor Protein Serine/Threonine Kinase Signaling Pathway (GO:0090092),-0.616698483598995,-1.2792859133405972,0.1934931506849315,0.9430060644500614,1.0,2/14,1.81%,SFRP4;PRMT1
prerank,DGIdb_Drug_Targets_2024__ALISERTIB,-0.5848702296675384,-1.279187900368657,0.18181818181818182,0.9410307448374594,1.0,5/20,8.95%,TNK2;GRK5;FGFR3;RPS6KA3;SRPK1
prerank,GO_Biological_Process_2025__Negative Regulation of Viral Process (GO:0048525),0.46549562238355624,1.2789967503959516,0.1529051987767584,1.0,1.0,12/35,14.09%,BST2;TNIP1;N4BP1;PTX3;IFIT1;MBL2;STAT1;PLSCR1;OAS3;OAS2;TRIM13;SRPK2
prerank,GO_Biological_Process_2025__Regulation of Nervous System Development (GO:0051960),-0.6628931199747898,-1.2774698478600703,0.1851179673321234,0.9462419379236272,1.0,4/10,20.65%,ZPR1;HMGB2;FXR1;CTNNB1
prerank,GO_Biological_Process_2025__Endoplasmic Reticulum Unfolded Protein Response (GO:0030968),-0.5920069439633363,-1.2774604796376061,0.1680129240710824,0.9438596853815957,1.0,8/18,26.12%,EIF2AK3;TBL2;DERL1;CDK5RAP3;YOD1;ERMP1;SELENOS;EIF2S1
prerank,DGIdb_Drug_Targets_2024__AST 487,-0.5729428775218993,-1.2769895859174998,0.18282988871224165,0.9436033707073818,1.0,2/20,5.54%,HCK;DAPK3
prerank,GO_Biological_Process_2025__Regulation of p38MAPK Cascade (GO:1900744),-0.638893453424755,-1.276060940858519,0.20446735395189003,0.9451614783927046,1.0,3/11,10.55%,PRMT1;EZR;SPHK1
prerank,GO_Biological_Process_2025__Negative Regulation of Complement Activation (GO:0045916),0.6497811279402773,1.2756713855359494,0.22596153846153846,1.0,1.0,3/8,13.16%,MASP1;CD55;CD59
prerank,GO_Biological_Process_2025__Postsynaptic Density Organization (GO:0097106),-0.7039896327311005,-1.275376354780622,0.2116788321167883,0.9456685922114167,1.0,4/6,25.41%,NLGN2;PTEN;SHANK3;RELN
prerank,GO_Biological_Process_2025__Regulation of Keratinocyte Differentiation (GO:0045616),-0.7252267937953765,-1.2752374637089736,0.22867513611615245,0.9439115663684565,1.0,1/5,1.86%,PKP1
prerank,GO_Biological_Process_2025__Establishment of Protein Localization to Endoplasmic Reticulum (GO:0072599),-0.611645154164804,-1.2745811325033574,0.19243986254295534,0.9441814332764435,1.0,9/14,29.86%,SEC61G;SRP14;SRP54;MAN1A1;RAB3GAP2;SRPRA;RAB10;SPCS2;ZFAND2B
prerank,GO_Biological_Process_2025__Negative Regulation of Protein Localization to Membrane (GO:1905476),-0.5695228765826496,-1.273865627801682,0.19444444444444445,0.9449004661010293,1.0,6/20,11.63%,RHOQ;PPFIA1;LZTFL1;AP2M1;REXO2;PPP2R5A
prerank,GO_Biological_Process_2025__Negative Regulation of Leukocyte Cell-Cell Adhesion (GO:1903038),-0.6380647229573053,-1.2735139512919926,0.2038327526132404,0.944081265792282,1.0,8/10,28.02%,DUSP3;FGL1;PAG1;MIA3;JAK3;CTSG;AKT1;UFL1
prerank,GO_Biological_Process_2025__Positive Regulation of Leukocyte Adhesion to Vascular Endothelial Cell (GO:1904996),-0.6685047548443227,-1.2731526362555432,0.2179054054054054,0.9432351641314604,1.0,4/8,20.17%,SELE;ITGB2;SELENOP;RHOA
prerank,GO_Biological_Process_2025__Positive Regulation of Protein Ubiquitination (GO:0031398),-0.5302041584376805,-1.2727448884555772,0.18547140649149924,0.9426905906356285,1.0,9/31,17.36%,BIRC2;BCL10;PEF1;XIAP;SEPTIN4;SPHK1;FBXO4;DERL1;PSMD10
prerank,DGIdb_Drug_Targets_2024__BYL719,0.5733998043905404,1.2725289376171887,0.2,1.0,1.0,3/13,7.40%,MTOR;BRAF;PIK3R6
prerank,GO_Biological_Process_2025__acetyl-CoA Metabolic Process (GO:0006084),-0.6837941488417523,-1.2723398135096475,0.2071307300509338,0.9420941578320288,1.0,3/8,11.59%,MVK;PMVK;ACSS2
prerank,GO_Biological_Process_2025__Positive Regulation of Peptide Hormone Secretion (GO:0090277),-0.5884675888860059,-1.2722172183626241,0.20268006700167504,0.9402700208292125,1.0,3/18,7.02%,LRRC8A;IRS2;NLGN2
prerank,GO_Biological_Process_2025__Reg of Endoplasmic Reticulum Stress-Induced Intrinsic Apoptotic Sgnlng Pway (GO:1902235),-0.6410295112896778,-1.2718577702716907,0.2224231464737794,0.9394629774212293,1.0,1/10,1.49%,EIF2AK3
prerank,GO_Biological_Process_2025__Regulation of Apoptotic Process (GO:0042981),-0.3964353702006904,-1.271760400170796,0.04377104377104377,0.9375719211319473,1.0,36/301,10.76%,FOXO1;AZU1;HCK;KRT18;BIRC2;GAS1;SFRP4;BCL10;AKT1S1;RPL15;PRKDC;NIBAN2;STK17A;GRK5;ACTL6A;NUP62;ATP13A2;IRF3;FHL2;DAPK3;ANXA1;ANXA4;RASSF2;RPS6KA3;PKN2;RPS6;OMA1;S100A9;ACIN1;GOLPH3;XIAP;SEPTIN4;RPS3;SUPV3L1;SPHK1;IER3IP1
prerank,GO_Biological_Process_2025__Positive Regulation of Cellular Process (GO:0048522),-0.40936983460098575,-1.2712840796945417,0.07701421800947868,0.9373416498561108,1.0,34/214,10.62%,AZU1;HCK;SAA2;EPX;PRMT1;DHX36;IRS2;FGFR2;GRK5;EXOSC2;RPRD1B;ACTL6A;FGFR4;ZPR1;FGFR3;CAVIN1;LILRA2;TPM1;HDGFL2;PRTN3;RPS6KA3;CDK2;AIF1;LMNB2;AKT2;APOB;RPS6;S100A9;REXO2;SUPV3L1;SSR1;S100A8;SPHK1;RPS4X
prerank,GO_Biological_Process_2025__Regulation of Meiotic Cell Cycle (GO:0051445),0.6112715007896106,1.2712242144984502,0.17718446601941748,1.0,1.0,2/9,3.08%,CDC27;ANAPC7
prerank,GO_Biological_Process_2025__Regulation of Cellular Component Size (GO:0032535),0.4750732048251077,1.2706488637712015,0.1373134328358209,1.0,1.0,4/30,6.70%,ARHGAP35;MTOR;PEX11B;RIN3
prerank,GO_Biological_Process_2025__Cellular Response to Starvation (GO:0009267),-0.45923482397267107,-1.2693733159812997,0.13342696629213482,0.9433717376161606,1.0,9/75,8.05%,FOXO1;EIF2AK3;DEPDC5;WDR45B;WDR59;MIOS;TBL2;PKN2;RIPOR1
prerank,GO_Biological_Process_2025__Aortic Valve Morphogenesis (GO:0003180),0.5875876647456307,1.2691947110271142,0.20388349514563106,1.0,1.0,5/11,20.56%,TIE1;SMAD2;NFATC1;CDH11;JAG1
prerank,DGIdb_Drug_Targets_2024__DOXEPIN,0.591383867581065,1.2690766398889304,0.2154566744730679,1.0,1.0,1/10,0.25%,EPHX1
prerank,GO_Biological_Process_2025__Protein Destabilization (GO:0031648),0.5307203677980338,1.2689875851531676,0.20351758793969849,1.0,1.0,3/16,10.09%,MTOR;RAD23A;CCDC88C
prerank,GO_Biological_Process_2025__Transcription Initiation-Coupled Chromatin Remodeling (GO:0045815),-0.701456438660703,-1.268908592224823,0.20725388601036268,0.9430395488561382,1.0,4/7,17.32%,APOBEC3C;USP25;SGF29;DPY30
prerank,GO_Biological_Process_2025__Negative Regulation of Organelle Organization (GO:0010639),0.49810618884062247,1.268445870877383,0.1724137931034483,1.0,1.0,7/23,10.76%,MTOR;NOL3;LILRB2;SLC25A6;GHITM;IGF1;IFI6
prerank,GO_Biological_Process_2025__Regulation of Superoxide Anion Generation (GO:0032928),-0.6515786871740835,-1.2684055955513611,0.2226148409893993,0.940639993572625,1.0,2/9,9.23%,ITGAM;ITGB2
prerank,GO_Biological_Process_2025__Positive Regulation of Superoxide Anion Generation (GO:0032930),-0.6515786871740835,-1.2684055955513611,0.2226148409893993,0.940639993572625,1.0,2/9,9.23%,ITGAM;ITGB2
prerank,GO_Biological_Process_2025__Telomere Organization (GO:0032200),-0.614172104897604,-1.268216098287798,0.19597989949748743,0.9390823193520467,1.0,6/14,17.53%,PRKDC;ACTL6A;TERF2IP;RAD50;FBXO4;XRCC6
prerank,GO_Biological_Process_2025__Regulation of Lipid Storage (GO:0010883),0.5882324563921753,1.2678104383341668,0.21513002364066194,1.0,1.0,2/10,2.69%,PTPN2;LPL
prerank,GO_Biological_Process_2025__Response to Prostaglandin E (GO:0034695),0.62587673780324,1.2677486147131538,0.21478060046189376,1.0,1.0,3/9,9.37%,PTGER4;SFRP1;TGFBR3
prerank,GO_Biological_Process_2025__Positive Regulation of Immune Response (GO:0050778),-0.5257373292788069,-1.2677388904505755,0.15259259259259259,0.9387637669349957,1.0,7/35,12.42%,SASH3;ITGAM;NMI;SLC15A4;ITGB2;CD81;C8A
prerank,GO_Biological_Process_2025__Regulation of Macrophage Activation (GO:0043030),-0.6544056209342802,-1.2677305476008938,0.20508474576271185,0.9365253715450824,1.0,4/10,12.38%,S100A9;LBP;SPHK1;TNIP2
prerank,GO_Biological_Process_2025__Amide Transport (GO:0042886),-0.6703002889727309,-1.2675485812533747,0.20134228187919462,0.9350303915510022,1.0,2/9,1.93%,GLTPD2;SLC5A6
prerank,GO_Biological_Process_2025__Regulation of Natural Killer Cell Mediated Cytotoxicity (GO:0042269),0.5379989244019906,1.2667053495640108,0.21558441558441557,1.0,1.0,5/15,17.50%,PVR;PIK3R6;ARRB2;INPP5D;CADM1
prerank,GO_Biological_Process_2025__Regulation of Actin Polymerization or Depolymerization (GO:0008064),0.5367175601645823,1.2666750367483826,0.1931216931216931,1.0,1.0,2/15,4.61%,ARHGAP35;LATS1
prerank,GO_Biological_Process_2025__Regulation of T Cell Migration (GO:2000404),0.5525887790409423,1.2660214873850049,0.21975308641975308,1.0,1.0,3/15,10.66%,TMEM102;CD69;RIPOR2
prerank,DGIdb_Drug_Targets_2024__DESIPRAMINE,0.5837039982625792,1.2659234770729828,0.20185614849187936,1.0,1.0,1/11,0.25%,EPHX1
prerank,GO_Biological_Process_2025__Phosphatidylcholine Catabolic Process (GO:0034638),-0.7532834695456605,-1.2654309366171679,0.20108695652173914,0.9417220106469574,1.0,1/5,2.18%,PNPLA8
prerank,GO_Biological_Process_2025__Post-Translational Protein Targeting to Endoplasmic Reticulum Membrane (GO:0006620),-0.6352193148366854,-1.2654045557782956,0.19198664440734559,0.939531622331111,1.0,2/11,6.35%,SGTB;SEC61G
prerank,GO_Biological_Process_2025__Aspartate Family Amino Acid Metabolic Process (GO:0009066),-0.7319309494297896,-1.2652878698936025,0.22283609576427257,0.9377474260400926,1.0,4/5,21.39%,NIT2;GOT2;MSRA;MTHFR
prerank,GO_Biological_Process_2025__Oligodendrocyte Development (GO:0014003),-0.7496578575235577,-1.2649093293017357,0.2206405693950178,0.9371628316149282,1.0,4/5,21.03%,EIF2B5;EIF2B1;EIF2B2;EIF2B3
prerank,GO_Biological_Process_2025__Renal System Development (GO:0072001),0.6180093974399371,1.264455973951861,0.23059360730593606,1.0,1.0,3/9,10.27%,PCSK5;RBP4;STAT1
prerank,GO_Biological_Process_2025__Positive Regulation of Dendritic Spine Development (GO:0060999),-0.6351183606887949,-1.2644004064001653,0.21516754850088182,0.937079534717212,1.0,1/10,2.46%,DHX36
prerank,GO_Biological_Process_2025__Positive Regulation of B Cell Activation (GO:0050871),-0.5789621886711007,-1.2641943212926636,0.2064,0.935679530801165,1.0,6/20,12.38%,SASH3;IRS2;TNFSF13B;S100A9;CD81;TNIP2
prerank,GO_Biological_Process_2025__Peptidyl-Serine Phosphorylation (GO:0018105),0.456240817722269,1.2640114509964726,0.15053763440860216,1.0,1.0,1/33,0.02%,LMTK2
prerank,GO_Biological_Process_2025__Positive Regulation of BMP Signaling Pathway (GO:0030513),0.6511816500658476,1.2634913663036023,0.226457399103139,1.0,1.0,6/7,34.26%,SMAD2;CDH5;ENG;PPP3CA;NOTCH1;NGLY1
prerank,GO_Biological_Process_2025__Negative Regulation of Developmental Growth (GO:0048640),-0.6842487313230919,-1.2634691088946064,0.19718309859154928,0.9366535984937845,1.0,3/8,14.61%,FGFR3;DIP2B;PTEN
prerank,GO_Biological_Process_2025__Chondrocyte Differentiation (GO:0002062),-0.749466565793669,-1.2632213581001694,0.22614840989399293,0.9354849894876908,1.0,2/5,4.61%,EIF2AK3;FGFR3
prerank,GO_Biological_Process_2025__Regulation of Cilium Assembly (GO:1902017),0.4737147948722433,1.2627638042995177,0.14606741573033707,1.0,1.0,3/32,3.82%,ARHGAP35;TBC1D20;TBC1D14
prerank,GO_Biological_Process_2025__Spermatid Development (GO:0007286),-0.6703413751018937,-1.2626075363457596,0.21018062397372742,0.9358822017792293,1.0,1/9,1.67%,AGFG2
prerank,GO_Biological_Process_2025__Carbohydrate Derivative Catabolic Process (GO:1901136),0.5499120243157729,1.2623518225439236,0.20918367346938777,1.0,1.0,3/14,9.00%,FUCA1;GALM;OGA
prerank,GO_Biological_Process_2025__Prostanoid Biosynthetic Process (GO:0046457),-0.6182912212489857,-1.262298145487601,0.19055944055944055,0.9351033300803717,1.0,2/12,9.15%,PNPLA8;S100A9
prerank,GO_Biological_Process_2025__Glycerol Ether Biosynthetic Process (GO:0046504),-0.709962531082168,-1.2621694833936465,0.21428571428571427,0.9334282185885383,1.0,4/6,20.95%,SELENOI;PEDS1;FAR1;GNPAT
prerank,GO_Biological_Process_2025__Regulation of Protein Processing (GO:0070613),-0.6853511701812647,-1.2619216153650477,0.1882998171846435,0.9322624815609484,1.0,1/7,1.00%,GAS1
prerank,GO_Biological_Process_2025__Negative Regulation of Monoatomic Ion Transport (GO:0043271),0.6035173015147145,1.2618452149041597,0.24019607843137256,1.0,1.0,4/8,32.47%,LILRB2;WNK1;PTK2B;ADRA2A
prerank,GO_Biological_Process_2025__Regulation of Microvillus Organization (GO:0032530),0.6729081704692152,1.260808535477178,0.24153498871331827,1.0,1.0,2/6,16.48%,CDHR2;TWF2
prerank,GO_Biological_Process_2025__Positive Regulation of Natural Killer Cell Activation (GO:0032816),-0.6901920464080324,-1.2606769993192461,0.23487544483985764,0.9353394217245349,1.0,1/7,2.37%,FCGR3B
prerank,DGIdb_Drug_Targets_2024__MENADIONE,0.5725628563807318,1.2606768726025352,0.2034313725490196,1.0,1.0,2/12,4.24%,ATXN2;HBB
prerank,GO_Biological_Process_2025__Proteoglycan Biosynthetic Process (GO:0030166),-0.556808281648243,-1.2606413594452057,0.1829652996845426,0.9333234093355297,1.0,7/24,16.34%,CHST11;UGDH;FOXL1;B3GNT7;CSGALNACT2;CHST1;B3GALT6
prerank,DGIdb_Drug_Targets_2024__CYCLOPHOSPHAMIDE,-0.551776505040953,-1.2600033778504844,0.18829113924050633,0.9338312662488367,1.0,2/22,4.13%,FOXO1;FGFR4
prerank,GO_Biological_Process_2025__Mitochondrial Calcium Ion Homeostasis (GO:0051560),-0.6227716281565393,-1.259654235475774,0.20593080724876442,0.9330369793396293,1.0,10/12,34.80%,MCUR1;LETM1;ANXA6;PDZD8;SMDT1;MICU2;MICU1;MCU;TGM2;MAIP1
prerank,GO_Biological_Process_2025__Antiviral Innate Immune Response (GO:0140374),-0.5300209040464942,-1.2594501520500874,0.18541996830427893,0.9316223372584611,1.0,4/29,5.58%,PRKRA;OTUD4;IRF3;MX1
prerank,Reactome_Pathways_2024__AXIN Missense Mutants Destabilize the Destruction Complex,-0.6266824546813295,-1.2593243999550188,0.21891418563922943,0.9278721069394967,1.0,1/12,0.14%,PPP2CA
prerank,Reactome_Pathways_2024__APC Truncation Mutants Have Impaired AXIN Binding,-0.6266824546813295,-1.2593243999550188,0.21891418563922943,0.9278721069394967,1.0,1/12,0.14%,PPP2CA
prerank,GO_Biological_Process_2025__Cellular Response to Arsenic-Containing Substance (GO:0071243),-0.7295181921780649,-1.2580360442909821,0.24775583482944344,0.9310479848248788,1.0,1/5,2.46%,DHX36
prerank,GO_Biological_Process_2025__Negative Regulation of Reproductive Process (GO:2000242),-0.7303426824258135,-1.257924212408249,0.23357664233576642,0.9293417720227285,1.0,1/5,2.27%,PAEP
prerank,GO_Biological_Process_2025__Mitochondrial Gene Expression (GO:0140053),0.4032957369162105,1.257474715104303,0.11683848797250859,1.0,1.0,10/64,9.73%,MRPS15;MRPS30;MRPL13;GADD45GIP1;MRPS10;PTCD3;MRPS2;MRPL24;MRPL49;MRPL37
prerank,DGIdb_Drug_Targets_2024__CAPECITABINE,0.5289026204077988,1.2572318666359623,0.2,1.0,1.0,5/16,10.43%,VPS13D;BRAF;ANK3;FAT1;SPRY2
prerank,GO_Biological_Process_2025__Positive Regulation of T Cell Migration (GO:2000406),0.5355398659423202,1.2570344439110925,0.20190023752969122,1.0,1.0,1/16,0.33%,TMEM102
prerank,GO_Biological_Process_2025__Cellular Response to Vascular Endothelial Growth Factor Stimulus (GO:0035924),-0.5850397290657248,-1.2565095794001604,0.18668831168831168,0.9327994029968857,1.0,3/18,13.30%,GAS1;SPHK1;MAP2K3
prerank,GO_Biological_Process_2025__Mitochondrial Translation (GO:0032543),0.39997455874188204,1.2563435803838252,0.10333333333333333,1.0,1.0,8/67,5.50%,MRPS15;MTIF3;MRPS30;MRPL13;GADD45GIP1;MRPS10;PTCD3;MRPS2
prerank,GO_Biological_Process_2025__Innate Immune Response Activating Cell Surface Receptor Signaling Pathway (GO:0002220),-0.5775849460780645,-1.2561773780496992,0.20098846787479407,0.9320049227662351,1.0,5/20,9.39%,FCN1;FCN2;LILRA2;PKN2;LBP
prerank,GO_Biological_Process_2025__Protein Metabolic Process (GO:0019538),-0.38943587431997123,-1.2553364419587685,0.05456570155902005,0.9331716832885014,1.0,62/311,15.14%,IGF2BP3;AZU1;XPNPEP3;FCN1;ELANE;D2HGDH;PIGH;RPL15;PRKDC;RPL6;RPS13;RPL8;RPL3;FUS;NTAQ1;RNF123;MRPS6;FCN2;PAPPA2;MRPL3;NLN;PRTN3;RPL38;PARP4;ERO1A;ACE;MRPS17;SPG7;TGM3;UFSP2;BOLA3;RPLP0;AKT2;GLRX5;RPS19;RPS6;CLPX;RPL22;LMF1;BPNT1;LMF2;RPL18;RPS3;ISCA1;USP25;RPS4X;MRPL40;RPL11;ACAN;TARDBP;RPS16;NAGPA;ATG4A;IDE;RPS23;CASP9;LACTB;FKBP1A;RPLP1;CCS;PRSS2;MRPL43
prerank,GO_Biological_Process_2025__Negative Regulation of Cation Transmembrane Transport (GO:1904063),-0.6463521076950337,-1.2552355687927401,0.22678571428571428,0.9314740066777367,1.0,3/9,18.59%,EPX;NEDD4L;MMP9
prerank,GO_Biological_Process_2025__Regulation of Cell-Cell Adhesion Mediated by Cadherin (GO:2000047),-0.6259100760610721,-1.2551722372337462,0.2160392798690671,0.9296388144227256,1.0,1/11,1.25%,AFDN
prerank,GO_Biological_Process_2025__Positive Regulation of Lipid Metabolic Process (GO:0045834),0.6055041116078295,1.2550456009518278,0.21478060046189376,1.0,1.0,1/9,0.67%,MTOR
prerank,GO_Biological_Process_2025__Response to Type II Interferon (GO:0034341),0.4619826655411,1.254072596672696,0.18487394957983194,1.0,1.0,2/27,0.74%,BST2;GBP2
prerank,GO_Biological_Process_2025__Positive Regulation of Inflammasome-Mediated Signaling Pathway (GO:0141087),-0.617476436590266,-1.2539226751653665,0.23688663282571912,0.9326910679907932,1.0,2/12,2.64%,PPP2CA;ZDHHC5
prerank,GO_Biological_Process_2025__Glutamate Receptor Signaling Pathway (GO:0007215),0.635141955359238,1.2536508168624594,0.21158129175946547,1.0,1.0,1/7,3.13%,PLCB1
prerank,"GO_Biological_Process_2025__Positive Regulation of Gene Expression, Epigenetic (GO:0141137)",-0.7123142429022273,-1.253182098477807,0.22202486678507993,0.9336881950009241,1.0,3/6,17.32%,USP25;SGF29;DPY30
prerank,GO_Biological_Process_2025__Positive Regulation of Vascular Endothelial Growth Factor Production (GO:0010575),-0.6318793596025638,-1.253107593404168,0.20875420875420875,0.9319034918722702,1.0,1/11,1.49%,EIF2AK3
prerank,DGIdb_Drug_Targets_2024__GILTERITINIB,0.6212507876125505,1.2530950142004358,0.24,1.0,1.0,2/8,12.36%,BRAF;CBL
prerank,GO_Biological_Process_2025__Positive Regulation of Protein Catabolic Process (GO:0045732),-0.4781124235938903,-1.252462226816988,0.14676258992805755,0.9324553886760839,1.0,8/52,15.60%,FOXO1;OSBPL7;SORL1;CD81;EZR;ADAM9;IDE;RDX
prerank,GO_Biological_Process_2025__Regulation of Smooth Muscle Cell Proliferation (GO:0048660),-0.5407542574851872,-1.252274939127654,0.18829113924050633,0.9311530011709338,1.0,2/26,1.78%,ELANE;PRKDC
prerank,GO_Biological_Process_2025__Determination of Left/Right Symmetry (GO:0007368),-0.6773166666845544,-1.2522697376029563,0.23309608540925267,0.92907376811653,1.0,2/7,3.66%,KIF3B;NCLN
prerank,DGIdb_Drug_Targets_2024__MYCOPHENOLATE MOFETIL,-0.7273789204413695,-1.2522310779625654,0.24765478424015008,0.9271446624403633,1.0,2/5,8.64%,PRTN3;CES2
prerank,GO_Biological_Process_2025__Protein Targeting to ER (GO:0045047),-0.5627543276443462,-1.2520194207376196,0.19604612850082373,0.9259692975358537,1.0,8/21,20.05%,SGTB;SRP72;SEC61G;SRP14;SRP54;SRP9;SRP68;MAN1A1
prerank,GO_Biological_Process_2025__Regulation of Vascular Endothelial Growth Factor Production (GO:0010574),-0.6171083740433664,-1.2509263973285747,0.22203947368421054,0.9284506638006782,1.0,1/12,1.49%,EIF2AK3
prerank,GO_Biological_Process_2025__Negative Regulation of Ion Transmembrane Transporter Activity (GO:0032413),-0.647032833752079,-1.250653845293408,0.22419928825622776,0.9274598955516045,1.0,3/10,18.59%,EPX;NEDD4L;MMP9
prerank,GO_Biological_Process_2025__Heart Morphogenesis (GO:0003007),0.5579357402587241,1.2503357709429126,0.25059665871121717,1.0,1.0,5/13,16.16%,MEGF8;TGFBR3;TTR;SMAD2;ACVR1
prerank,GO_Biological_Process_2025__Positive Regulation of Peptidase Activity (GO:0010952),0.6517549427237791,1.2501148977659609,0.26096491228070173,1.0,1.0,1/6,4.27%,GRN
prerank,GO_Biological_Process_2025__Cell Projection Organization (GO:0030030),0.5626088021806748,1.24995266720383,0.2344139650872818,1.0,1.0,5/12,25.59%,CYFIP2;MTSS2;NCAPG;PDGFA;ITGB1
prerank,GO_Biological_Process_2025__Atrioventricular Valve Morphogenesis (GO:0003181),-0.7214744694152734,-1.2494576559482022,0.20577617328519857,0.9302399399738754,1.0,1/5,4.41%,SMAD4
prerank,GO_Biological_Process_2025__Phospholipid Metabolic Process (GO:0006644),0.4524509811543087,1.2493984518561687,0.1830601092896175,1.0,1.0,3/29,2.69%,SMPD1;GDE1;LPL
prerank,DGIdb_Drug_Targets_2024__CLOMIPRAMINE,0.5865504566464342,1.2491894548432416,0.23399014778325122,1.0,1.0,1/11,0.25%,EPHX1
prerank,GO_Biological_Process_2025__Regulation of Toll-Like Receptor 3 Signaling Pathway (GO:0034139),-0.721841489560429,-1.2484988638071013,0.2191780821917808,0.9321235518533635,1.0,4/5,27.84%,TRIM3;WDFY1;FLOT2;FLOT1
prerank,GO_Biological_Process_2025__Tumor Necrosis Factor-Mediated Signaling Pathway (GO:0033209),-0.5844202845869697,-1.2482750674953138,0.1925566343042071,0.9310091214907027,1.0,1/17,0.77%,BIRC2
prerank,GO_Biological_Process_2025__Protein Depalmitoylation (GO:0002084),0.6767708916305939,1.2481202092326504,0.24946236559139784,1.0,1.0,2/5,11.03%,LYPLA2;ABHD17B
prerank,GO_Biological_Process_2025__Macromolecule Depalmitoylation (GO:0098734),0.6767708916305939,1.2481202092326504,0.24946236559139784,1.0,1.0,2/5,11.03%,LYPLA2;ABHD17B
prerank,GO_Biological_Process_2025__ERK1 and ERK2 Cascade (GO:0070371),0.5650754825558552,1.2480633820020648,0.21794871794871795,1.0,1.0,1/11,0.95%,PTGER4
prerank,GO_Biological_Process_2025__Embryonic Limb Morphogenesis (GO:0030326),0.6815672232954894,1.2480496293254235,0.24647887323943662,1.0,1.0,1/5,2.09%,MEGF8
prerank,DGIdb_Drug_Targets_2024__IMATINIB MESYLATE,0.6644556154533672,1.2475561024007693,0.23908045977011494,1.0,1.0,4/5,25.26%,ABL1;PDGFB;BCR;KIT
prerank,GO_Biological_Process_2025__Positive Regulation of Protein Binding (GO:0032092),-0.5540890225138755,-1.2473670214711408,0.1921875,0.9326663585417163,1.0,1/23,0.14%,PPP2CA
prerank,GO_Biological_Process_2025__Cellular Response to Interleukin-1 (GO:0071347),0.489136690877671,1.2471667181612127,0.18848167539267016,1.0,1.0,4/25,6.23%,GBP2;SFRP1;PLCB1;IL1RAP
prerank,GO_Biological_Process_2025__Positive Regulation of DNA Metabolic Process (GO:0051054),-0.5213282840594163,-1.2469517065249376,0.20124804992199688,0.9322851065942943,1.0,8/30,10.52%,PNKP;DHX36;ACTL6A;FGFR4;TERF2IP;CDK2;RPS3;RAD50
prerank,GO_Biological_Process_2025__Positive Regulation of Protein Localization to Early Endosome (GO:1902966),-0.687183562860727,-1.2463656612628082,0.2363013698630137,0.928456642164693,1.0,3/7,15.60%,SORL1;EZR;RDX
prerank,GO_Biological_Process_2025__Positive Regulation of Protein Localization to Endosome (GO:1905668),-0.687183562860727,-1.2463656612628082,0.2363013698630137,0.928456642164693,1.0,3/7,15.60%,SORL1;EZR;RDX
prerank,GO_Biological_Process_2025__Regulation of Protein Localization to Early Endosome (GO:1902965),-0.687183562860727,-1.2463656612628082,0.2363013698630137,0.928456642164693,1.0,3/7,15.60%,SORL1;EZR;RDX
prerank,GO_Biological_Process_2025__Negative Regulation of Translation (GO:0017148),-0.4753773365359422,-1.2454424003480649,0.16833095577746077,0.9301200887508078,1.0,14/53,16.90%,IGF2BP3;EIF2AK3;DHX36;EIF4A3;TNRC6B;DAPK3;RPS3;ZNF598;DDX6;TIA1;EIF4E2;IGFBP5;DNPEP;SYNCRIP
prerank,DGIdb_Drug_Targets_2024__BOSUTINIB,-0.6876829956579702,-1.244996855793239,0.24601769911504426,0.9299019479323093,1.0,1/6,0.42%,HCK
prerank,GO_Biological_Process_2025__Malate-Aspartate Shuttle (GO:0043490),-0.680834333652039,-1.244763430744486,0.2387312186978297,0.9287744357513003,1.0,3/7,13.89%,SLC25A12;GOT2;SLC25A22
prerank,DGIdb_Drug_Targets_2024__HYDROXYUREA,0.6523499383911284,1.2446260236509088,0.25120772946859904,1.0,1.0,5/5,34.82%,ABL1;RRM2B;CP;HRAS;EIF4E
prerank,GO_Biological_Process_2025__Negative Regulation of Natural Killer Cell Mediated Cytotoxicity (GO:0045953),0.5694506024233383,1.2441198851389168,0.2262210796915167,1.0,1.0,3/12,13.10%,PVR;HLA-B;INPP5D
prerank,GO_Biological_Process_2025__Positive Regulation of Osteoblast Differentiation (GO:0045669),0.5651879790355248,1.243954299929024,0.23558897243107768,1.0,1.0,7/12,19.31%,BMP6;IGF1;LRP5;DDR2;BMP7;SOS1;IL6ST
prerank,GO_Biological_Process_2025__Positive Regulation of Autophagosome Assembly (GO:2000786),-0.6158210485735678,-1.2439494461694514,0.21147540983606558,0.9300713116310517,1.0,7/13,26.75%,SNX4;RALB;RAB3GAP2;PIP4K2B;SNX30;PIP4K2C;SH3GLB1
prerank,GO_Biological_Process_2025__Positive Regulation of Acute Inflammatory Response (GO:0002675),0.6850242803194827,1.243186319712077,0.2681818181818182,1.0,1.0,1/5,1.81%,OSMR
prerank,GO_Biological_Process_2025__Transforming Growth Factor Beta Receptor Superfamily Signaling Pathway (GO:0141091),0.4130233823983778,1.2431117149076683,0.12,1.0,1.0,16/50,17.45%,WFIKKN2;TSKU;MEGF8;COL1A2;GDF11;BMP6;ARRB2;TGFBR3;BMP5;COL3A1;SMAD2;CDH5;FURIN;BMP10;BMP7;APOA1
prerank,GO_Biological_Process_2025__Elastic Fiber Assembly (GO:0048251),0.6514899921636117,1.2430928494291866,0.27631578947368424,1.0,1.0,4/6,27.75%,MFAP4;EFEMP2;FBLN5;TNXB
prerank,GO_Biological_Process_2025__Establishment of Protein Localization to Mitochondrial Membrane (GO:0090151),-0.5596169952413074,-1.2426293317652342,0.22129783693843594,0.9331588766899294,1.0,1/19,0.81%,TIMM10B
prerank,GO_Biological_Process_2025__mRNA Stabilization (GO:0048255),-0.5416202338231899,-1.242166709784388,0.2119205298013245,0.9329812888872123,1.0,9/24,20.77%,IGF2BP3;FUS;HNRNPD;TAF15;TARDBP;SYNCRIP;HNRNPC;MYD88;YBX1
prerank,GO_Biological_Process_2025__Positive Regulation of Peptidyl-Tyrosine Phosphorylation (GO:0050731),-0.5583696997933133,-1.241463499327848,0.20977917981072555,0.9337295141325677,1.0,3/22,4.61%,TNK2;DGKQ;FGFR3
prerank,GO_Biological_Process_2025__Early Endosome to Golgi Transport (GO:0034498),0.5584818731581118,1.2413058207487715,0.2225,1.0,1.0,3/15,5.10%,TRAPPC10;STX10;RBSN
prerank,"GO_Biological_Process_2025__mRNA Splicing, via Spliceosome (GO:0000398)",-0.4691774600397485,-1.2411154997796827,0.1681159420289855,0.9330950486562571,1.0,5/53,3.24%,GEMIN4;DHX38;PPIE;EIF4A3;PRPF19
prerank,GO_Biological_Process_2025__Negative Regulation of Chemokine Production (GO:0032682),-0.7005366920353784,-1.240893400692485,0.25546218487394956,0.9320670897623238,1.0,2/6,6.12%,ELANE;MAP2K5
prerank,GO_Biological_Process_2025__Cellular Response to cAMP (GO:0071320),-0.6026158468484133,-1.2408219555164848,0.23509369676320271,0.9303771113217072,1.0,6/14,15.63%,CRTC3;AKAP9;AKAP7;EZR;CRTC1;IGFBP5
prerank,GO_Biological_Process_2025__Regulation of Ras Protein Signal Transduction (GO:0046578),-0.5710525410134257,-1.2407043397370305,0.24110032362459546,0.9288570286913641,1.0,4/17,11.06%,EPX;NUP62;SHOC2;LZTR1
prerank,GO_Biological_Process_2025__Lysosomal Lumen Acidification (GO:0007042),0.5404369080914452,1.2404235464615732,0.21836228287841192,1.0,1.0,6/15,15.60%,GRN;TMEM9;TCIRG1;CLN6;ATP6V1D;CLN5
prerank,GO_Biological_Process_2025__Monocarboxylic Acid Transport (GO:0015718),-0.5879599630907165,-1.239711791187141,0.1934931506849315,0.9308358168268428,1.0,3/15,9.51%,SLC5A6;GOT2;ABCC4
prerank,GO_Biological_Process_2025__Regulation of DNA-templated Transcription (GO:0006355),-0.3949803597554095,-1.2394372066118096,0.07612456747404844,0.9299064336992091,1.0,27/257,5.96%,FOXO1;MTRES1;BCL10;PPIE;SAFB2;EPX;PRMT1;RPL6;NIBAN2;DHX36;DGKQ;FUS;EDF1;RBBP7;ACTL6A;TGFBRAP1;NUP62;TERF2IP;SMAD4;POFUT1;ANKRD49;HMGB2;FOXL1;IRF3;DAPK3;CELSR2;TARBP1
prerank,GO_Biological_Process_2025__B Cell Activation (GO:0042113),0.45748915648887956,1.2393817858838985,0.20760233918128654,1.0,1.0,4/30,9.48%,PTPN2;NHEJ1;TOP2B;FCRL5
prerank,GO_Biological_Process_2025__Regulation of Golgi Organization (GO:1903358),0.5671870460826852,1.2390252972643574,0.21502590673575128,1.0,1.0,2/12,5.10%,RAB33B;RBSN
prerank,DGIdb_Drug_Targets_2024__CERITINIB,-0.728416693552143,-1.2388477892820824,0.2621184919210054,0.9301449049123439,1.0,3/5,21.58%,ABCB1;MAP2K1;NPM1
prerank,GO_Biological_Process_2025__Protein Neddylation (GO:0045116),-0.5922127898633419,-1.23863808291722,0.21598639455782312,0.9290212870494564,1.0,9/15,33.80%,UBE2F;TRIM40;NEDD8;UBE2M;UBA3;COPS6;NAE1;COPS3;GPS1
prerank,GO_Biological_Process_2025__Regulation of Steroid Biosynthetic Process (GO:0050810),-0.6748336230725981,-1.2386028518677665,0.21452702702702703,0.9271961413735924,1.0,3/7,11.22%,DGKQ;FGFR4;BGLAP
prerank,GO_Biological_Process_2025__Regulation of Telomere Maintenance (GO:0032204),-0.5687144872994243,-1.2380335432622886,0.22129783693843594,0.9274930263263219,1.0,4/18,10.52%,PNKP;DHX36;TERF2IP;RAD50
prerank,DGIdb_Drug_Targets_2024__OXALIPLATIN,-0.5729718454195041,-1.237861585937538,0.23014586709886548,0.9261736756915782,1.0,3/16,3.39%,PIN1;FGFR2;SELE
prerank,GO_Biological_Process_2025__Regulation of Establishment or Maintenance of Cell Polarity (GO:0032878),0.5723193113743301,1.237721744621966,0.26036866359447003,1.0,1.0,5/11,17.96%,LLGL1;RIPOR2;CDH5;PLEKHG3;SHTN1
prerank,GO_Biological_Process_2025__Acylglycerol Biosynthetic Process (GO:0046463),0.6227990323017759,1.2377134326885209,0.25355450236966826,1.0,1.0,3/7,10.02%,TMEM68;DGAT1;LPIN2
prerank,GO_Biological_Process_2025__Cellular Response to UV (GO:0034644),0.4722917079482803,1.236828131222521,0.21597633136094674,1.0,1.0,5/26,7.16%,SMPD1;CUL4B;N4BP1;STK11;MMP2
prerank,GO_Biological_Process_2025__NADH Oxidation (GO:0006116),-0.6477902708355934,-1.236539917315941,0.24414715719063546,0.9293927387606731,1.0,4/9,15.11%,SLC25A12;GOT2;SLC25A22;GPD1L
prerank,GO_Biological_Process_2025__Regulation of Protein Export From Nucleus (GO:0046825),0.5706115599279995,1.2345144566143753,0.22857142857142856,1.0,1.0,3/10,18.27%,IFI27;BAG3;EMD
prerank,GO_Biological_Process_2025__SCF-dependent Proteasomal Ubiquitin-Dependent Protein Catabolic Process (GO:0031146),-0.6107515357586079,-1.234334521493742,0.24166666666666667,0.9358387386290273,1.0,3/13,6.45%,DMAC2;FBXO9;CUL1
prerank,GO_Biological_Process_2025__Aminoglycan Biosynthetic Process (GO:0006023),-0.6052042373598766,-1.2339812248372761,0.2262295081967213,0.935238991813864,1.0,3/12,12.21%,UGDH;B3GNT7;B3GNT9
prerank,GO_Biological_Process_2025__Regulation of Dendrite Development (GO:0050773),0.5652293632769089,1.2330653302108925,0.23728813559322035,1.0,1.0,5/12,16.78%,RTN4IP1;BMP5;VLDLR;SEMA4D;BMP7
prerank,GO_Biological_Process_2025__Negative Regulation of Axonogenesis (GO:0050771),-0.6556477844803216,-1.232553360096529,0.2521891418563923,0.9388422827610017,1.0,5/8,27.22%,DIP2B;THY1;PTEN;GDI1;RTN4
prerank,GO_Biological_Process_2025__Serine Family Amino Acid Biosynthetic Process (GO:0009070),0.6729135270183246,1.2325481241784733,0.27765237020316025,1.0,1.0,2/5,7.23%,SERINC3;PSPH
prerank,GO_Biological_Process_2025__ERBB2 Signaling Pathway (GO:0038128),0.6539729838817832,1.2319753924421422,0.2571428571428571,1.0,1.0,2/6,9.74%,STUB1;MYOC
prerank,GO_Biological_Process_2025__Positive Regulation of DNA Binding (GO:0043388),-0.6394198450267742,-1.2308777847250993,0.2613240418118467,0.9435132430613448,1.0,2/10,3.06%,NIBAN2;EDF1
prerank,GO_Biological_Process_2025__Serine Family Amino Acid Metabolic Process (GO:0009069),0.6358773070099148,1.2305495333840353,0.2327790973871734,1.0,1.0,4/5,32.98%,PSPH;MTHFD1;SHMT2;SEPHS2
prerank,GO_Biological_Process_2025__Ras Protein Signal Transduction (GO:0007265),0.4517688589563537,1.2302304922054093,0.1875,1.0,1.0,4/28,10.24%,RRAS2;SOS2;IGF1;RAPGEF6
prerank,GO_Biological_Process_2025__tRNA Methylation (GO:0030488),-0.7030968350468862,-1.2295500217400346,0.26166666666666666,0.9467796862884499,1.0,2/6,5.96%,NSUN2;TARBP1
prerank,GO_Biological_Process_2025__Protein Tetramerization (GO:0051262),-0.5255334970556185,-1.2292334175842607,0.1990811638591118,0.9460674701828495,1.0,13/27,31.90%,PEX5;CBR4;ALDH9A1;OSBPL2;NUDT21;CRYZ;TRPM4;ITPR1;FARSB;ACOT13;HSD17B10;PRKD2;SOD2
prerank,GO_Biological_Process_2025__Monocyte Chemotaxis (GO:0002548),-0.6632594082044146,-1.2285708945809337,0.26970227670753066,0.9467868736208012,1.0,2/7,8.78%,S100A12;RPS19
prerank,GO_Biological_Process_2025__Embryonic Heart Tube Morphogenesis (GO:0003143),0.654771361028593,1.2278256104485703,0.26327433628318586,1.0,1.0,1/6,2.09%,MEGF8
prerank,GO_Biological_Process_2025__Determination of Heart Left/Right Asymmetry (GO:0061371),0.654771361028593,1.2278256104485703,0.26327433628318586,1.0,1.0,1/6,2.09%,MEGF8
prerank,GO_Biological_Process_2025__mRNA Splice Site Recognition (GO:0006376),0.6720112504732789,1.2274810329315333,0.28893905191873587,1.0,1.0,2/5,4.82%,SF1;NOL3
prerank,Reactome_Pathways_2024__Activated NTRK3 Signals Through RAS,0.6747794348318502,1.2273707248563306,0.27654867256637167,1.0,1.0,4/5,30.62%,SOS1;KRAS;HRAS;SHC1
prerank,GO_Biological_Process_2025__Anterograde Axonal Transport (GO:0008089),-0.5329830267547614,-1.2270981794874016,0.2125984251968504,0.9506556503578193,1.0,2/25,2.69%,KIF3B;KIF1B
prerank,DGIdb_Drug_Targets_2024__FORETINIB,-0.699652629080926,-1.2266273707715747,0.25925925925925924,0.9506169106204575,1.0,1/6,3.85%,MET
prerank,GO_Biological_Process_2025__Renal Absorption (GO:0070293),0.6724365357814087,1.2265182991136507,0.2757847533632287,1.0,1.0,1/5,4.24%,HBB
prerank,DGIdb_Drug_Targets_2024__DASATINIB,-0.48476504013681787,-1.2259708333279968,0.19282511210762332,0.9512324519882236,1.0,7/46,11.15%,HCK;TNK2;FGFR3;PKN2;IRAK4;ABCB1;CDC42BPA
prerank,GO_Biological_Process_2025__Pyrimidine Nucleotide-Sugar Transmembrane Transport (GO:0090481),-0.7186469833006291,-1.225701673386751,0.25457875457875456,0.9503307828110323,1.0,3/5,14.07%,SLC35B1;SLC35A3;SLC35D1
prerank,GO_Biological_Process_2025__in Utero Embryonic Development (GO:0001701),-0.7141369397224786,-1.225522486582438,0.24508050089445438,0.9490485649368916,1.0,1/5,2.74%,FGFR2
prerank,GO_Biological_Process_2025__Regulation of Actin Filament-Based Process (GO:0032970),0.4166338114603525,1.2240963548339394,0.17252396166134185,1.0,1.0,4/48,2.90%,BST2;ARHGAP35;MTOR;TAOK2
prerank,GO_Biological_Process_2025__Regulation of DNA Biosynthetic Process (GO:2000278),-0.6350640091815856,-1.2237134455734822,0.2696817420435511,0.9541248215601876,1.0,3/10,13.28%,NIBAN2;FGFR4;TOM1L1
prerank,GO_Biological_Process_2025__Negative Regulation of Wnt Signaling Pathway (GO:0030178),0.42599047584136823,1.2235052811558011,0.15803814713896458,1.0,1.0,12/40,13.03%,TSKU;SFRP1;IGFBP1;STK11;NOTUM;GSK3A;LATS1;TSC2;CCDC88C;KREMEN1;UBAC2;FRMD8
prerank,GO_Biological_Process_2025__Positive Regulation of Immune Effector Process (GO:0002699),-0.5795009157543716,-1.223449637629438,0.23809523809523808,0.9531975183636732,1.0,5/17,10.04%,FCN1;FCN2;RPS19;LBP;CD81
prerank,GO_Biological_Process_2025__Retrograde Axonal Transport (GO:0008090),-0.6449121272512177,-1.2231316506692815,0.2617801047120419,0.9524697778577913,1.0,1/8,2.69%,KIF1B
prerank,GO_Biological_Process_2025__Positive Regulation of Smoothened Signaling Pathway (GO:0045880),0.6017914089897569,1.2226856877987298,0.26666666666666666,1.0,1.0,2/7,9.71%,SFRP1;PDCL
prerank,Reactome_Pathways_2024__APC-Cdc20 Mediated Degradation of Nek2A,0.5552601396238585,1.2226328438785805,0.2518891687657431,1.0,1.0,2/11,3.08%,CDC27;ANAPC7
prerank,GO_Biological_Process_2025__Regulation of Epithelial Cell Proliferation (GO:0050678),0.4536904474237148,1.2215029852801333,0.19484240687679083,1.0,1.0,9/28,10.15%,RAB33B;SFRP1;GRN;TIE1;BMP6;EPPK1;TGFBR3;IGF1;BMP5
prerank,GO_Biological_Process_2025__Regulation of Adenylate Cyclase-Activating G Protein-Coupled Receptor Signaling Pathway (GO:0106070),0.6485682154695219,1.2214680000738771,0.268018018018018,1.0,1.0,2/6,4.48%,PDE2A;GSK3A
prerank,GO_Biological_Process_2025__Protein Localization (GO:0008104),-0.39546788147859707,-1.2211826850239527,0.12469437652811736,0.9581872544329858,1.0,24/220,11.26%,ATG13;RAB29;FCN1;PEX5;NBEA;WDR45B;PRPF19;ARFIP2;PEX13;TM9SF1;TLK1;GGA1;NAPB;AKAP7;RAB20;STX2;GGA2;VPS26C;ARFGAP3;REXO2;SEPTIN4;PACS2;RAB43;HPS6
prerank,GO_Biological_Process_2025__Maintenance of Synapse Structure (GO:0099558),-0.6973162998027287,-1.2206211018497937,0.25654450261780104,0.9583173121912952,1.0,1/5,6.38%,CBLN2
prerank,GO_Biological_Process_2025__GMP Metabolic Process (GO:0046037),0.6098389077007383,1.2205566528643694,0.26419213973799127,1.0,1.0,3/8,11.13%,GMPR2;GMPS;NT5C2
prerank,GO_Biological_Process_2025__Regulation of Programmed Cell Death (GO:0043067),-0.45391698559048704,-1.2202277736677085,0.2013986013986014,0.9577878797434369,1.0,10/71,10.15%,BIRC2;GAS1;AKT1S1;ACTL6A;NUP62;IRF3;DAPK3;XIAP;SEPTIN4;RPS3
prerank,GO_Biological_Process_2025__Negative Regulation of Receptor Binding (GO:1900121),0.635654357181046,1.2201251828239383,0.2980132450331126,1.0,1.0,2/6,8.58%,ADIPOQ;PTPRF
prerank,GO_Biological_Process_2025__Regulation of Phosphate Metabolic Process (GO:0019220),0.6509541561668041,1.2197177218680868,0.2591792656587473,1.0,1.0,5/6,30.85%,SMG7;IKBKB;SMG5;ENG;SIRT2
prerank,GO_Biological_Process_2025__Positive Regulation of Cholesterol Transport (GO:0032376),0.5619474425598006,1.2186959107589614,0.22670025188916876,1.0,1.0,10/12,26.57%,ABCA3;ADIPOQ;ABCA7;TREM2;APOA1;PON1;CETP;CES1;APOE;PLTP
prerank,GO_Biological_Process_2025__Regulation of Adaptive Immune Response (GO:0002819),-0.6924015455706637,-1.2183685733208136,0.259391771019678,0.9630100912426993,1.0,1/6,0.93%,SASH3
prerank,GO_Biological_Process_2025__Regulation of Smooth Muscle Cell Apoptotic Process (GO:0034391),-0.6734999251363726,-1.2182083824208605,0.25045703839122485,0.9617325962220695,1.0,2/7,6.12%,FOXO1;MAP2K5
prerank,GO_Biological_Process_2025__Regulation of mRNA Catabolic Process (GO:0061013),-0.5273567756246007,-1.2179175283851384,0.24052718286655683,0.960891149501745,1.0,3/25,2.76%,PKP1;DHX36;EIF4A3
prerank,GO_Biological_Process_2025__Regulation of Actin Filament Bundle Assembly (GO:0032231),0.4943326644649237,1.217704905887745,0.22279792746113988,1.0,1.0,1/17,0.95%,PTGER4
prerank,GO_Biological_Process_2025__Regulation of DNA Damage Checkpoint (GO:2000001),-0.6985801572953617,-1.217673674235335,0.27137546468401486,0.9599575077054786,1.0,2/5,7.70%,TTI1;TELO2
prerank,GO_Biological_Process_2025__CRD-mediated mRNA Stabilization (GO:0070934),-0.6358136944064676,-1.2176706328531326,0.2286212914485166,0.9580509453962416,1.0,1/9,0.19%,IGF2BP3
prerank,GO_Biological_Process_2025__Intracellular Copper Ion Homeostasis (GO:0006878),0.652761608458393,1.217194556385204,0.28878281622911695,1.0,1.0,1/5,4.19%,ATP7A
prerank,GO_Biological_Process_2025__Antimicrobial Humoral Immune Response Mediated by Antimicrobial Peptide (GO:0061844),-0.5372412259128155,-1.2171855856137794,0.23404255319148937,0.9580100267953715,1.0,7/22,17.15%,S100A12;DMBT1;CCL18;RPS19;S100A9;PF4V1;CCL21
prerank,GO_Biological_Process_2025__Regulation of T Cell Proliferation (GO:0042129),-0.49698174008762663,-1.217100342592627,0.22003034901365706,0.9564493274292227,1.0,2/31,5.77%,CD209;ANXA1
prerank,GO_Biological_Process_2025__Cardiac Ventricle Development (GO:0003231),0.6330795102244713,1.2170640333478115,0.2921615201900237,1.0,1.0,2/7,4.22%,HECTD1;PDE2A
prerank,GO_Biological_Process_2025__Autophagy of Mitochondrion (GO:0000422),-0.48729377313503536,-1.2169916466351756,0.22105263157894736,0.9549422374406092,1.0,3/38,3.32%,ATG13;WDR45B;ARFIP2
prerank,GO_Biological_Process_2025__Synaptic Membrane Adhesion (GO:0099560),0.622186895224206,1.2165611175336066,0.2638888888888889,1.0,1.0,4/7,14.16%,LRRC4;PTPRF;LRRC4B;CDH6
prerank,GO_Biological_Process_2025__Cellular Response to Peptide Hormone Stimulus (GO:0071375),-0.4805845268698876,-1.2164391614957673,0.21513353115727002,0.9550704760426271,1.0,4/43,4.10%,FOXO1;PRKDC;IRS2;RHOQ
prerank,GO_Biological_Process_2025__Negative Regulation of Viral Genome Replication (GO:0045071),0.4711314456197023,1.216376052098712,0.211864406779661,1.0,1.0,7/26,11.63%,BST2;TNIP1;N4BP1;IFIT1;PLSCR1;OAS3;OAS2
prerank,GO_Biological_Process_2025__Positive Regulation of Glucose Metabolic Process (GO:0010907),-0.6191797456682406,-1.2158853220721793,0.25207296849087896,0.955171765766669,1.0,2/11,2.71%,FOXO1;IRS2
prerank,GO_Biological_Process_2025__COPII Vesicle Coating (GO:0048208),-0.5599184272234699,-1.2155130902259168,0.23222748815165878,0.9528109619876729,1.0,9/17,29.42%,SAR1B;TRAPPC2L;PEF1;SAR1A;TRAPPC8;TRAPPC1;PREB;TMED2;TMED10
prerank,"GO_Biological_Process_2025__Vesicle Targeting, Rough ER to cis-Golgi (GO:0048207)",-0.5599184272234699,-1.2155130902259168,0.23222748815165878,0.9528109619876729,1.0,9/17,29.42%,SAR1B;TRAPPC2L;PEF1;SAR1A;TRAPPC8;TRAPPC1;PREB;TMED2;TMED10
prerank,GO_Biological_Process_2025__Positive Regulation of Stress-Activated Protein Kinase Signaling Cascade (GO:0070304),0.5964905883328926,1.2154240207443319,0.26485148514851486,1.0,1.0,5/9,23.97%,TAOK2;CARD9;IGFBP6;TAOK1;PDCD10
prerank,GO_Biological_Process_2025__Positive Regulation of Stress-Activated MAPK Cascade (GO:0032874),0.5964905883328926,1.2154240207443319,0.26485148514851486,1.0,1.0,5/9,23.97%,TAOK2;CARD9;IGFBP6;TAOK1;PDCD10
prerank,GO_Biological_Process_2025__Regulation of Actin Cytoskeleton Organization (GO:0032956),0.4060006739046371,1.2152602700242172,0.16279069767441862,1.0,1.0,4/52,2.90%,BST2;ARHGAP35;MTOR;TAOK2
prerank,GO_Biological_Process_2025__Aminoglycan Metabolic Process (GO:0006022),0.661247932797214,1.2152397594609794,0.2832980972515856,1.0,1.0,2/5,12.38%,HEXB;CLN6
prerank,GO_Biological_Process_2025__Peptidyl-Serine Modification (GO:0018209),0.4374548675722028,1.2149142082059265,0.18051575931232092,1.0,1.0,1/34,0.02%,LMTK2
prerank,GO_Biological_Process_2025__Positive Regulation of Pattern Recognition Receptor Signaling Pathway (GO:0062208),-0.5452264849690777,-1.2148951282605862,0.2141732283464567,0.9532352746416836,1.0,11/22,27.84%,ZDHHC5;SLC15A4;LBP;TRIM3;WDFY1;NDUFA2;GDI1;DDX3X;HMGB1;RTN4;FLOT1
prerank,GO_Biological_Process_2025__Positive Regulation of Cell Division (GO:0051781),-0.6131566921203426,-1.214827863588359,0.25,0.9516192245295385,1.0,6/10,21.79%,FGFR2;PKN2;SPAST;HDGF;RHOA;CDC42
prerank,GO_Biological_Process_2025__Positive Regulation of B Cell Differentiation (GO:0045579),0.6368066308611439,1.214750691928635,0.2766884531590414,1.0,1.0,2/5,13.10%,MMP14;INPP5D
prerank,GO_Biological_Process_2025__Regulation of Cholesterol Metabolic Process (GO:0090181),-0.6032751079136636,-1.214627465749675,0.27960526315789475,0.9504340306785475,1.0,3/12,12.68%,DGKQ;TTC39B;EPHX2
prerank,GO_Biological_Process_2025__Regulation of Defense Response to Virus (GO:0050688),0.6036884530118138,1.2145864404864999,0.284688995215311,1.0,1.0,1/8,1.27%,DHX9
prerank,DGIdb_Drug_Targets_2024__SARACATINIB,0.6313299798149608,1.2145107488503717,0.2863849765258216,1.0,1.0,3/6,22.53%,ABL1;DDR2;BCR
prerank,GO_Biological_Process_2025__Immune Response-Activating Cell Surface Receptor Signaling Pathway (GO:0002429),-0.6659632332332799,-1.2144934399939153,0.27943760984182775,0.9490724282350134,1.0,2/7,5.43%,ITGAM;LILRA2
prerank,GO_Biological_Process_2025__Primary Alcohol Metabolic Process (GO:0034308),0.544830946143134,1.2142477351480747,0.2347417840375587,1.0,1.0,4/13,10.04%,ADH1B;GDE1;IGF1;RBP4
prerank,GO_Biological_Process_2025__miRNA-mediated Gene Silencing by Inhibition of Translation (GO:0035278),-0.6396426344138737,-1.2142095738832497,0.273972602739726,0.9483178359704169,1.0,4/9,18.22%,TNRC6B;DDX6;EIF4E2;RBM4
prerank,GO_Biological_Process_2025__Cotranslational Protein Targeting to Membrane (GO:0006613),-0.60796333093117,-1.2139726862726186,0.26013513513513514,0.9473598154404476,1.0,7/13,21.17%,SRP72;SRP14;SSR1;SRP54;SRP9;SRP68;SIL1
prerank,GO_Biological_Process_2025__Negative Regulation of Protein Metabolic Process (GO:0051248),-0.4345640793426782,-1.2126220693957834,0.18032786885245902,0.9503857275561248,1.0,19/83,16.90%,IGF2BP3;EIF2AK3;DHX36;EIF4A3;CSTA;SERPINB12;CST3;DAPK3;SORL1;SNX3;RPS3;TRIM40;IRAK3;DDX6;TIA1;EIF4E2;IGFBP5;PFDN4;SYNCRIP
prerank,GO_Biological_Process_2025__tRNA Modification (GO:0006400),-0.5538734103791995,-1.21210307264804,0.24247226624405704,0.9503922887195388,1.0,5/16,6.52%,CTU2;THUMPD1;NSUN2;TARBP1;GON7
prerank,GO_Biological_Process_2025__Neuron Projection Guidance (GO:0097485),0.4215738999103426,1.2119400190674237,0.18098159509202455,1.0,1.0,14/48,18.29%,ARHGAP35;TRIO;ROBO4;CYFIP2;PRKCQ;CNTN1;LYPLA2;NOTCH3;SEMA4D;L1CAM;NPTN;NRCAM;EFNB1;SOS1
prerank,GO_Biological_Process_2025__Aerobic Respiration (GO:0009060),-0.4462547062021408,-1.2116436251527805,0.16666666666666666,0.9502398636643014,1.0,33/65,37.20%,C2ORF69;NDUFV3;NDUFB9;NDUFS6;NDUFAB1;IDH3G;NDUFB5;NDUFS4;NDUFB4;SDHD;NDUFA1;NDUFS3;NDUFA2;NDUFB11;NDUFS8;MFN2;NDUFA13;NDUFS2;SDHA;DLAT;NDUFS1;NDUFB7;NDUFB10;NDUFA6;NDUFB6;NDUFB8;NDUFA10;SIRT3;IDH3A;NDUFA7;NDUFV1;NDUFA5;NNT
prerank,GO_Biological_Process_2025__Glycerolipid Metabolic Process (GO:0046486),-0.6839823342951403,-1.2114958834769367,0.26902654867256637,0.9489313348691422,1.0,1/6,2.50%,DGKQ
prerank,GO_Biological_Process_2025__Cellular Response to Transforming Growth Factor Beta Stimulus (GO:0071560),0.41406387446664483,1.2114690833925137,0.15501519756838905,1.0,1.0,11/45,14.25%,WFIKKN2;TSKU;SFRP1;COL1A2;PDE2A;ARRB2;TGFBR3;COL3A1;SMAD2;CDH5;FURIN
prerank,GO_Biological_Process_2025__Positive Regulation of Purine Nucleotide Catabolic Process (GO:0033123),0.6340033729665157,1.2110737640614821,0.27876106194690264,1.0,1.0,2/6,9.44%,MTOR;IGF1
prerank,GO_Biological_Process_2025__Positive Regulation of Glycolytic Process (GO:0045821),0.6340033729665157,1.2110737640614821,0.27876106194690264,1.0,1.0,2/6,9.44%,MTOR;IGF1
prerank,GO_Biological_Process_2025__Positive Regulation of Protein Polyubiquitination (GO:1902916),-0.6793450120810159,-1.2108268800561124,0.2711038961038961,0.9496955760463588,1.0,4/6,24.34%,XIAP;UBE2V1;UBE2V2;DDX3X
prerank,GO_Biological_Process_2025__Negative Regulation of cGAS/STING Signaling Pathway (GO:0160049),-0.6583509995241488,-1.2107655701646203,0.28027681660899656,0.9481046200510341,1.0,2/7,13.75%,PRKDC;BANF1
prerank,GO_Biological_Process_2025__Negative Regulation of Substrate Adhesion-Dependent Cell Spreading (GO:1900025),-0.6869601454674754,-1.2101704182514315,0.26153846153846155,0.9483759560084509,1.0,2/6,12.03%,MELTF;RCC2
prerank,GO_Biological_Process_2025__Fatty Acid Elongation (GO:0030497),0.6544046551511731,1.2088105460936747,0.2673913043478261,1.0,1.0,3/5,8.07%,TECR;ELOVL7;HSD17B12
prerank,GO_Biological_Process_2025__Positive Regulation of T Cell Proliferation (GO:0042102),-0.49413371636816394,-1.2075660731462128,0.22496147919876733,0.9564740775695452,1.0,5/30,11.10%,CD209;ANXA1;AIF1;RPS3;EBI3
prerank,GO_Biological_Process_2025__Regulation of Viral Genome Replication (GO:0045069),0.4188599694955114,1.2073183420367068,0.20930232558139536,1.0,1.0,7/41,4.05%,BST2;TARBP2;TNIP1;N4BP1;CNOT7;STAU1;IFIT1
prerank,GO_Biological_Process_2025__Regulation of Intracellular Transport (GO:0032386),-0.4972763102654461,-1.207058658110824,0.22408536585365854,0.9565565897458423,1.0,11/28,26.89%,GAS1;ATP13A2;RAB43;DNAJC13;RBM4;MAPK3;MAP2K1;RAB11A;USP7;MAPK1;INPP5F
prerank,GO_Biological_Process_2025__Double-Strand Break Repair (GO:0006302),-0.48777356522366333,-1.2059453766214192,0.21011058451816747,0.9589383988552834,1.0,8/36,10.52%,PRKDC;PNKP;NUCKS1;PRPF19;HMGB2;XRCC1;TDP2;RAD50
prerank,GO_Biological_Process_2025__Activation of Protein Kinase B Activity (GO:0032148),0.6507401602798653,1.205731684856478,0.29906542056074764,1.0,1.0,2/5,9.44%,PDPK1;IGF1
prerank,GO_Biological_Process_2025__Negative Regulation of Muscle Cell Apoptotic Process (GO:0010656),0.575004894498331,1.2057047878103404,0.28045977011494255,1.0,1.0,7/9,16.78%,DIPK2A;STUB1;IGF1;BAG3;LRP6;APOH;BMP7
prerank,GO_Biological_Process_2025__Endothelial Cell Development (GO:0001885),0.5206949995091925,1.205537043412242,0.2512315270935961,1.0,1.0,3/13,4.71%,COL18A1;PDE2A;ROBO4
prerank,GO_Biological_Process_2025__Mesoderm Development (GO:0007498),-0.6841013117279865,-1.205366839062779,0.2839506172839506,0.9592707158333014,1.0,1/6,0.42%,HCK
prerank,GO_Biological_Process_2025__Negative Regulation of Cell Cycle (GO:0045786),-0.5658200255329499,-1.2050150432276787,0.26138279932546377,0.958667985757058,1.0,4/17,14.61%,GAS1;CDK6;TSC22D2;PTEN
prerank,GO_Biological_Process_2025__Response to Amino Acid (GO:0043200),0.5242650261712283,1.2048369441519422,0.25925925925925924,1.0,1.0,5/15,21.95%,MTOR;LARS1;LAMTOR3;RRAGA;LAMTOR5
prerank,GO_Biological_Process_2025__Regulation of T-helper 17 Type Immune Response (GO:2000316),0.6488433737913999,1.2044833520162253,0.30465116279069765,1.0,1.0,4/5,32.75%,PRKCQ;CARD9;TYK2;JAK2
prerank,GO_Biological_Process_2025__Response to Misfolded Protein (GO:0051788),-0.6201658071766987,-1.2041039937638673,0.27816901408450706,0.9603631104415995,1.0,2/9,8.18%,DNAJB14;DNAJB12
prerank,GO_Biological_Process_2025__Glycolipid Catabolic Process (GO:0019377),0.6096198393685897,1.2034359490976951,0.27488151658767773,1.0,1.0,2/8,2.43%,SMPD1;FUCA1
prerank,"GO_Biological_Process_2025__RNA Splicing, via Transesterification Reactions With Bulged Adenosine as Nucleophile (GO:0000377)",-0.4852806662967288,-1.2033699014688701,0.2285276073619632,0.9611559508963637,1.0,4/37,3.24%,DHX38;PPIE;EIF4A3;PRPF19
prerank,DGIdb_Drug_Targets_2024__AMUVATINIB,-0.7053445645728484,-1.2030851214692622,0.2867513611615245,0.9602875381313677,1.0,1/5,3.85%,MET
prerank,DGIdb_Drug_Targets_2024__AZD6244,-0.7023411371237458,-1.2024992427086127,0.2760511882998172,0.9605853164330274,1.0,5/5,29.85%,MAP2K5;MAP2K3;MAP2K1;MAP2K6;MAP2K2
prerank,GO_Biological_Process_2025__Cellular Response to Calcium Ion (GO:0071277),0.4663085886104984,1.201963608218647,0.23544973544973544,1.0,1.0,2/24,2.55%,SMPD1;BRAF
prerank,GO_Biological_Process_2025__Positive Regulation of Protein-Containing Complex Assembly (GO:0031334),-0.4553265327714469,-1.2017367784273358,0.23367198838896952,0.9615855974734452,1.0,3/51,2.64%,PPP2CA;RASIP1;ZDHHC5
prerank,GO_Biological_Process_2025__Cellular Response to Amino Acid Starvation (GO:0034198),-0.5121793912529321,-1.201627899724761,0.23547880690737832,0.9601662662360636,1.0,5/26,6.07%,EIF2AK3;DEPDC5;WDR59;MIOS;SAR1B
prerank,GO_Biological_Process_2025__Negative Regulation of Mononuclear Cell Migration (GO:0071676),0.6366499081842112,1.2011660236307453,0.3063063063063063,1.0,1.0,3/6,11.61%,PLCB1;BMP5;WASL
prerank,GO_Biological_Process_2025__rRNA Processing (GO:0006364),-0.529652881064695,-1.2006627184337628,0.25,0.961961366433444,1.0,8/22,13.03%,PRKDC;EXOSC2;MRM3;PIN4;RPS19;RPS6;RPL11;RPS16
prerank,GO_Biological_Process_2025__Positive Regulation of Interleukin-1 Beta Production (GO:0032731),-0.5430806341808675,-1.2001172232595436,0.24363057324840764,0.9621947185109191,1.0,2/20,5.43%,AZU1;LILRA2
prerank,GO_Biological_Process_2025__Regulation of Keratinocyte Migration (GO:0051547),0.6177833892496958,1.2000215112341583,0.28159645232815966,1.0,1.0,2/7,8.90%,MTOR;EPPK1
prerank,GO_Biological_Process_2025__Ceramide Biosynthetic Process (GO:0046513),0.5927936836970885,1.1985187061173765,0.2463768115942029,1.0,1.0,1/9,0.93%,SMPD1
prerank,GO_Biological_Process_2025__Negative Regulation of Signal Transduction (GO:0009968),0.35797853081223097,1.198093065016706,0.1225296442687747,1.0,1.0,20/106,10.94%,PALM3;SH2B3;TSKU;SMPD1;PTPN2;MEGF8;SFRP1;NOTUM;ADIPOQ;GSK3A;CUL7;PHACTR4;PRKCQ;TSC2;MMP14;IRS1;BMP5;SPRY2;ARRDC1;IGFBP3
prerank,GO_Biological_Process_2025__Regulation of Ossification (GO:0030278),0.5475830793672904,1.1980641864581947,0.25870646766169153,1.0,1.0,5/11,14.86%,SFRP1;NOTUM;SMAD2;DDR2;AHSG
prerank,GO_Biological_Process_2025__Regulation of Protein Exit From Endoplasmic Reticulum (GO:0070861),-0.7024811568559605,-1.1977444207998695,0.28468468468468466,0.9692642965616296,1.0,3/5,17.02%,SORL1;CD81;GCC2
prerank,GO_Biological_Process_2025__Cilium Assembly (GO:0060271),-0.45387952555908206,-1.1974574985788335,0.21238938053097345,0.9684384416033331,1.0,4/59,2.85%,KIF3B;SSX2IP;CCDC28B;TRAPPC14
prerank,GO_Biological_Process_2025__Response to Insulin (GO:0032868),-0.4640772595293888,-1.1973986902233131,0.2323529411764706,0.9668683152358887,1.0,4/44,4.10%,FOXO1;PRKDC;IRS2;RHOQ
prerank,GO_Biological_Process_2025__Negative Regulation of Receptor Internalization (GO:0002091),0.5858458422112092,1.1973259095626123,0.27293577981651373,1.0,1.0,3/8,8.18%,ATXN2;RIN3;LLGL1
prerank,GO_Biological_Process_2025__Glial Cell Differentiation (GO:0010001),-0.6052198944466561,-1.1969295216564033,0.29541595925297115,0.9668297049820055,1.0,2/11,7.93%,MIOS;EIF2B5
prerank,Reactome_Pathways_2024__Aberrant Regulation of Mitotic Exit in Cancer Due to RB1 Defects,0.5605177327886766,1.1965161268929083,0.2722772277227723,1.0,1.0,2/10,3.08%,CDC27;ANAPC7
prerank,Reactome_Pathways_2024__APC C Cdc20 Mediated Degradation of Cyclin B,0.5605177327886766,1.1965161268929083,0.2722772277227723,1.0,1.0,2/10,3.08%,CDC27;ANAPC7
prerank,GO_Biological_Process_2025__DNA Metabolic Process (GO:0006259),-0.4414697283526494,-1.1964821066083395,0.21739130434782608,0.9666370049312519,1.0,13/64,10.52%,PRKDC;PNKP;HMGB3;ACTL6A;TERF2IP;ZPR1;HMGB2;PARP4;CDK2;SLC25A15;RPS3;SUPV3L1;RAD50
prerank,GO_Biological_Process_2025__RNA Modification (GO:0009451),0.5490360710894358,1.196042939955802,0.2442159383033419,1.0,1.0,1/12,0.05%,JMJD6
prerank,GO_Biological_Process_2025__Regulation of Steroid Metabolic Process (GO:0019218),-0.6216621114496249,-1.19577124767775,0.27591973244147155,0.9674801819959515,1.0,3/9,12.68%,DGKQ;TTC39B;EPHX2
prerank,GO_Biological_Process_2025__Cellular Response to Laminar Fluid Shear Stress (GO:0071499),0.5905928004883585,1.1950293757289736,0.2911694510739857,1.0,1.0,2/8,4.36%,MTOR;PDPK1
prerank,GO_Biological_Process_2025__Regulation of Inflammatory Response (GO:0050727),-0.4276667748524885,-1.1948767895733294,0.1937244201909959,0.9691821568986279,1.0,16/87,10.55%,HCK;ELANE;BIRC2;SAA2;NMI;MVK;SELE;S100A12;SMPDL3B;NAPEPLD;ANXA1;S100A9;TRIM65;XIAP;S100A8;SPHK1
prerank,GO_Biological_Process_2025__DNA Replication (GO:0006260),-0.5645316233207035,-1.1946462818372787,0.26495726495726496,0.9681822644871603,1.0,5/16,9.07%,PNKP;MCMBP;ZPR1;CDK2;WRNIP1
prerank,GO_Biological_Process_2025__Mitochondrial Genome Maintenance (GO:0000002),-0.7076199092998695,-1.194346570233109,0.28390596745027125,0.9674588173108658,1.0,2/5,10.34%,MGME1;MPV17
prerank,DGIdb_Drug_Targets_2024__XL765,0.598307033528266,1.1939280612554861,0.28832951945080093,1.0,1.0,1/8,0.67%,MTOR
prerank,GO_Biological_Process_2025__Negative Regulation of Programmed Cell Death (GO:0043069),-0.386946245307209,-1.1938556092918327,0.1430274135876043,0.9675056133756886,1.0,20/183,10.55%,FOXO1;AZU1;HCK;KRT18;BIRC2;RPL15;PRKDC;NIBAN2;GRK5;NUP62;FHL2;ANXA1;ANXA4;RPS6KA3;PKN2;S100A9;GOLPH3;XIAP;SUPV3L1;SPHK1
prerank,DGIdb_Drug_Targets_2024__CI 1040,0.5282077697435043,1.1937490324523692,0.275626423690205,1.0,1.0,2/12,3.50%,BRAF;STK11
prerank,GO_Biological_Process_2025__NAD Metabolic Process (GO:0019674),-0.6515961290579666,-1.1936905969100666,0.2958477508650519,0.9662934082164111,1.0,5/6,29.74%,NMNAT3;GPD1L;NADK2;NADSYN1;CD38
prerank,GO_Biological_Process_2025__Triglyceride-Rich Lipoprotein Particle Remodeling (GO:0034370),0.6093934816939302,1.193575934045274,0.3009049773755656,1.0,1.0,3/7,12.06%,LPL;APOA4;LCAT
prerank,GO_Biological_Process_2025__Regulation of Amyloid-Beta Clearance (GO:1900221),0.6226854619610444,1.1933782435756308,0.2987951807228916,1.0,1.0,3/6,25.11%,IFNGR1;TREM2;APOE
prerank,"GO_Biological_Process_2025__Establishment of Mitochondrion Localization, Microtubule-Mediated (GO:0034643)",-0.673935883711937,-1.193294565621496,0.29084380610412924,0.9658836638382352,1.0,1/6,2.94%,KIFBP
prerank,GO_Biological_Process_2025__tRNA Processing (GO:0008033),-0.5672564105140274,-1.192832248347944,0.27603305785123966,0.9657147349478179,1.0,3/15,10.97%,THUMPD1;NSUN2;FARS2
prerank,GO_Biological_Process_2025__Positive Regulation of Opsonization (GO:1903028),-0.6530230084650515,-1.192520829501137,0.2971014492753623,0.9650198479409711,1.0,2/7,4.43%,FCN1;FCN2
prerank,GO_Biological_Process_2025__Regulation of Sprouting Angiogenesis (GO:1903670),-0.5660826385344023,-1.1925075769477067,0.25908372827804105,0.9633162975541838,1.0,1/15,0.90%,GLUL
prerank,DGIdb_Drug_Targets_2024__PROPRANOLOL,-0.7009487254845888,-1.1923607559423728,0.28884826325411334,0.9621053905631227,1.0,2/5,11.22%,ABCB1;BGLAP
prerank,GO_Biological_Process_2025__Protein Methylation (GO:0006479),-0.6095026791836442,-1.19194865590336,0.266553480475382,0.9618457151261854,1.0,1/11,1.81%,PRMT1
prerank,DGIdb_Drug_Targets_2024__PONATINIB,-0.5624900871211805,-1.1914069312516986,0.26163723916532905,0.9620526133051468,1.0,3/15,4.61%,FGFR2;FGFR4;FGFR3
prerank,GO_Biological_Process_2025__Positive Regulation of Inflammatory Response (GO:0050729),0.404403167932688,1.190266692186517,0.1717171717171717,1.0,1.0,8/46,4.27%,GBP2;PTGER4;DHX9;TNIP1;OSMR;LPL;PDE2A;GRN
prerank,GO_Biological_Process_2025__Mitotic Spindle Checkpoint Signaling (GO:0071174),0.6541111548861986,1.1902561072843822,0.31385281385281383,1.0,1.0,2/5,10.90%,TRIP13;KNTC1
prerank,GO_Biological_Process_2025__Negative Regulation of Mitotic Metaphase/Anaphase Transition (GO:0045841),0.6541111548861986,1.1902561072843822,0.31385281385281383,1.0,1.0,2/5,10.90%,TRIP13;KNTC1
prerank,GO_Biological_Process_2025__Spindle Assembly Checkpoint Signaling (GO:0071173),0.6541111548861986,1.1902561072843822,0.31385281385281383,1.0,1.0,2/5,10.90%,TRIP13;KNTC1
prerank,GO_Biological_Process_2025__Mitotic Spindle Assembly Checkpoint Signaling (GO:0007094),0.6541111548861986,1.1902561072843822,0.31385281385281383,1.0,1.0,2/5,10.90%,TRIP13;KNTC1
prerank,DGIdb_Drug_Targets_2024__TEMSIROLIMUS,0.596249731156771,1.1901008612456865,0.28798185941043086,1.0,1.0,1/8,0.67%,MTOR
prerank,DGIdb_Drug_Targets_2024__HYDROCORTISONE,-0.6760798856291055,-1.1898528196416018,0.30111524163568776,0.9658509300900523,1.0,2/6,5.77%,ITGAM;ANXA1
prerank,GO_Biological_Process_2025__Regulation of Opsonization (GO:1903027),-0.6095319838047131,-1.1894343863681058,0.28846153846153844,0.9655203512664403,1.0,2/9,4.43%,FCN1;FCN2
prerank,GO_Biological_Process_2025__Golgi to Vacuole Transport (GO:0006896),0.5207890894538046,1.1893847933168689,0.2737819025522042,1.0,1.0,3/14,5.10%,VPS52;VTI1A;RBSN
prerank,GO_Biological_Process_2025__Negative Regulation of Phosphorylation (GO:0042326),-0.5060912071727148,-1.1882098936116732,0.22376543209876543,0.9681882662097179,1.0,3/27,4.31%,PRKDC;IRS2;TERF2IP
prerank,GO_Biological_Process_2025__Positive Regulation of Phospholipase Activity (GO:0010518),-0.6402320440446486,-1.1874287262054686,0.30313588850174217,0.9693738168274446,1.0,2/7,4.61%,FGFR2;FGFR3
prerank,GO_Biological_Process_2025__Response to Amino Acid Starvation (GO:1990928),-0.5042435024374061,-1.1872469296732793,0.2434108527131783,0.9682856231381953,1.0,4/25,4.68%,EIF2AK3;DEPDC5;WDR59;MIOS
prerank,GO_Biological_Process_2025__Cell Projection Assembly (GO:0030031),0.5783981031333958,1.1863951698647064,0.2607655502392344,1.0,1.0,4/8,31.96%,MTSS2;NCAPG;PDGFA;GSN
prerank,GO_Biological_Process_2025__Vascular Endothelial Cell Response to Fluid Shear Stress (GO:0097699),-0.5913852154694557,-1.1861861536106961,0.29124579124579125,0.9704427669984054,1.0,1/11,0.14%,PPP2CA
prerank,GO_Biological_Process_2025__Regulation of Blood Circulation (GO:1903522),-0.6873931186924831,-1.18602453446824,0.27041742286751363,0.9693104080575188,1.0,2/5,15.51%,TPM1;CELF2
prerank,GO_Biological_Process_2025__Negative Regulation of Cell Growth (GO:0030308),0.4188799336174386,1.1860068141794948,0.2175141242937853,1.0,1.0,5/37,4.48%,BST2;SFRP1;STK11;CDHR2;GSK3A
prerank,GO_Biological_Process_2025__Regulation of Translation (GO:0006417),-0.40466802718197464,-1.1858391590476385,0.18846153846153846,0.9682554670077419,1.0,17/122,11.36%,IGF2BP3;EIF2AK3;RPL15;PRKDC;PRMT1;DHX36;EIF4A3;MSI2;MTIF2;DAPK3;RPS6KA3;SHFL;HNRNPD;RPS3;RPS4X;GUF1;ELP2
prerank,GO_Biological_Process_2025__Icosanoid Metabolic Process (GO:0006690),0.49671909510853496,1.185134495976955,0.26861702127659576,1.0,1.0,2/18,2.50%,EPHX1;GGT1
prerank,GO_Biological_Process_2025__Cardiac Conduction (GO:0061337),-0.5592373621420423,-1.1850956521579348,0.2725694444444444,0.9690743537294508,1.0,4/15,8.34%,KCNE3;AKAP9;ACE;JUP
prerank,GO_Biological_Process_2025__Dendrite Self-Avoidance (GO:0070593),0.6412136123621115,1.184920459517956,0.2926267281105991,1.0,1.0,3/5,19.36%,ROBO4;NPTN;TNN
prerank,GO_Biological_Process_2025__Ruffle Organization (GO:0031529),-0.5913109631343,-1.1849180526819925,0.3053691275167785,0.9679691906924598,1.0,2/11,5.86%,ARFIP2;TPM1
prerank,GO_Biological_Process_2025__Left/Right Pattern Formation (GO:0060972),-0.6865769760483451,-1.1848724476502295,0.2839285714285714,0.9663995637079613,1.0,1/5,0.44%,KIF3B
prerank,GO_Biological_Process_2025__Regulation of MAP Kinase Activity (GO:0043405),-0.504916501826136,-1.1846747330996727,0.2519561815336463,0.9653437354303603,1.0,2/26,3.43%,ELANE;S100A12
prerank,GO_Biological_Process_2025__Vacuolar Transport (GO:0007034),0.43083727633054264,1.1846120645205098,0.22131147540983606,1.0,1.0,10/32,16.11%,VPS13D;VPS52;VTI1A;GRN;CLEC16A;TMEM106B;VIPAS39;AP3D1;VPS8;PIK3R4
prerank,GO_Biological_Process_2025__Negative Regulation of Protein Localization to Plasma Membrane (GO:1903077),-0.5299322731787242,-1.1846046501646568,0.2838283828382838,0.9638874849663596,1.0,6/19,15.04%,RHOQ;PPFIA1;AP2M1;REXO2;PPP2R5A;CSK
prerank,GO_Biological_Process_2025__Regulation of Dendritic Spine Morphogenesis (GO:0061001),-0.6066153887739135,-1.184562664927919,0.2830188679245283,0.9623367927006804,1.0,1/10,2.46%,DHX36
prerank,GO_Biological_Process_2025__Negative Regulation of Peptidyl-Serine Phosphorylation (GO:0033137),-0.6949016598925347,-1.1845013079669846,0.29143897996357016,0.9608219116533978,1.0,2/5,14.61%,RASSF2;PTEN
prerank,GO_Biological_Process_2025__Mitotic Sister Chromatid Segregation (GO:0000070),-0.46085217787420274,-1.184235923370438,0.21875,0.960060919610493,1.0,6/50,6.33%,MZT1;KIF3B;ARHGEF10;NUP62;CLASP1;DIS3L2
prerank,GO_Biological_Process_2025__Lymphocyte Differentiation (GO:0030098),0.4572847101438117,1.18369743408682,0.23626373626373626,1.0,1.0,3/22,5.52%,PTPN2;NHEJ1;TOP2B
prerank,GO_Biological_Process_2025__Pulmonary Valve Morphogenesis (GO:0003184),0.6250496138844263,1.1827215914627345,0.32054176072234764,1.0,1.0,5/6,29.92%,SMAD2;NFATC1;JAG1;NOTCH2;NOTCH1
prerank,GO_Biological_Process_2025__Pulmonary Valve Development (GO:0003177),0.6250496138844263,1.1827215914627345,0.32054176072234764,1.0,1.0,5/6,29.92%,SMAD2;NFATC1;JAG1;NOTCH2;NOTCH1
prerank,DGIdb_Drug_Targets_2024__MORPHINE,-0.6024932793511955,-1.1826168607961447,0.30134680134680136,0.9641604264029237,1.0,3/10,15.69%,ITGAM;ABCB1;F2R
prerank,GO_Biological_Process_2025__Monoatomic Ion Transport (GO:0006811),-0.5201764915595994,-1.182465638547636,0.25416036308623297,0.9629771888198745,1.0,11/24,27.03%,LRRC8A;SLC15A4;SLC12A6;SLC25A10;SLC25A22;TRPC6;VDAC2;PIEZO1;PANX1;LASP1;ATP11B
prerank,GO_Biological_Process_2025__Response to Tumor Necrosis Factor (GO:0034612),0.4334771884595646,1.1823804190296452,0.2191358024691358,1.0,1.0,4/34,4.40%,GBP2;SMPD1;SFRP1;ADIPOQ
prerank,GO_Biological_Process_2025__Positive Regulation of Leukocyte Migration (GO:0002687),-0.6075287830857521,-1.181912737377573,0.29668411867364747,0.9633609384822943,1.0,3/10,14.33%,THY1;AIF1;MIA3
prerank,GO_Biological_Process_2025__Regulation of Bone Mineralization (GO:0030500),0.49293077032585414,1.1810693807518011,0.27970297029702973,1.0,1.0,10/17,30.72%,NOTUM;BMP6;DDR2;AHSG;BMP7;SLC20A2;ATP2B1;PPP3CA;PTK2B;ISG15
prerank,GO_Biological_Process_2025__Negative Regulation of Mitotic Cell Cycle Phase Transition (GO:1901991),0.5170816905549975,1.180962529454437,0.2678983833718245,1.0,1.0,4/13,13.05%,KANK2;AVEN;CFH;DLG1
prerank,GO_Biological_Process_2025__COPI Coating of Golgi Vesicle (GO:0048205),-0.6771284611232533,-1.18096000664778,0.3132075471698113,0.9616195534951294,1.0,4/5,29.42%,ARFGAP3;TMED2;PTGES2;TMED10
prerank,GO_Biological_Process_2025__COPI-coated Vesicle Budding (GO:0035964),-0.6771284611232533,-1.18096000664778,0.3132075471698113,0.9616195534951294,1.0,4/5,29.42%,ARFGAP3;TMED2;PTGES2;TMED10
prerank,GO_Biological_Process_2025__Golgi Transport Vesicle Coating (GO:0048200),-0.6771284611232533,-1.18096000664778,0.3132075471698113,0.9616195534951294,1.0,4/5,29.42%,ARFGAP3;TMED2;PTGES2;TMED10
prerank,GO_Biological_Process_2025__Cellular Response to Misfolded Protein (GO:0071218),-0.6109900365960899,-1.1798878916565978,0.301056338028169,0.9637842411779548,1.0,2/9,8.18%,DNAJB14;DNAJB12
prerank,GO_Biological_Process_2025__Regulation of Viral Life Cycle (GO:1903900),-0.600143333554532,-1.1796854326350465,0.2925170068027211,0.9628628128466107,1.0,1/10,0.49%,CD209
prerank,GO_Biological_Process_2025__Regulation of Canonical Wnt Signaling Pathway (GO:0060828),-0.42279885646444,-1.1784889104460043,0.2187938288920056,0.9654814614474271,1.0,10/72,9.41%,PTK7;GPC5;SFRP4;FGFR2;CSNK1G1;SMAD4;DAPK3;OTUD5;JUP;XIAP
prerank,GO_Biological_Process_2025__Regulation of Defense Response (GO:0031347),-0.4884854130558953,-1.1773395119027323,0.24813153961136025,0.9678695350559018,1.0,4/35,5.77%,HCK;BIRC2;SELE;ANXA1
prerank,GO_Biological_Process_2025__Regulation of Proteasomal Ubiquitin-Dependent Protein Catabolic Process (GO:0032434),0.39084369850142264,1.1770468563890408,0.18429003021148035,1.0,1.0,9/53,8.51%,HECTD1;N4BP1;FHIT;FBXO22;GSK3A;ZYG11B;STUB1;RAD23A;CAMLG
prerank,GO_Biological_Process_2025__Positive Regulation of Glycoprotein Biosynthetic Process (GO:0010560),0.6570266045382422,1.1757213288944952,0.3087557603686636,1.0,1.0,2/5,9.44%,PLCB1;IGF1
prerank,DGIdb_Drug_Targets_2024__CENISERTIB,-0.4302392193991879,-1.1755330270444502,0.21359223300970873,0.9725892042271168,1.0,19/67,22.37%,TNK2;STK17A;MET;CSNK1G1;FGFR3;DAPK3;CDK2;PKN2;IRAK4;CDC42BPA;MAPK9;FER;PRKCI;NTRK2;MAP4K5;MAP2K1;PAK1;RPS6KB1;JAK3
prerank,"GO_Biological_Process_2025__+ Reg of Nuclear-Transcribed mRNA Cat Proc, Deadenylation-Dep Decay (GO:1900153)",-0.6795048899587921,-1.1749360670998021,0.2952029520295203,0.9729190898270553,1.0,2/5,3.29%,DHX36;TNRC6B
prerank,GO_Biological_Process_2025__Positive Regulation of Muscle Hypertrophy (GO:0014742),0.5509959877106592,1.1746700206075384,0.308252427184466,1.0,1.0,4/11,19.31%,ARRB2;IGF1;BMP10;IL6ST
prerank,GO_Biological_Process_2025__Positive Regulation of Cardiac Muscle Hypertrophy (GO:0010613),0.5509959877106592,1.1746700206075384,0.308252427184466,1.0,1.0,4/11,19.31%,ARRB2;IGF1;BMP10;IL6ST
prerank,GO_Biological_Process_2025__High-Density Lipoprotein Particle Remodeling (GO:0034375),0.5322210209663418,1.174365419144637,0.2903225806451613,1.0,1.0,10/13,26.57%,LPL;APOA4;LCAT;APOC1;APOA1;APOA2;CETP;APOE;APOC3;PLTP
prerank,GO_Biological_Process_2025__Positive Regulation of Protein Kinase Activity (GO:0045860),-0.45932572867814503,-1.174258566213359,0.25467625899280577,0.9736260549372431,1.0,11/47,21.32%,PPP2CA;RASSF2;TOM1L1;MAP2K3;ALS2;XRCC6;MAP2K1;RALB;RHOA;CCDC88A;CIB1
prerank,GO_Biological_Process_2025__Regulation of Monocyte Differentiation (GO:0045655),-0.6859043674270688,-1.1738751303886743,0.3350970017636684,0.9732569855181851,1.0,2/5,17.38%,CDK6;FES
prerank,GO_Biological_Process_2025__Protein Sumoylation (GO:0016925),0.6176178477853753,1.1738282625988146,0.3130434782608696,1.0,1.0,2/6,3.39%,HDAC7;UBA2
prerank,DGIdb_Drug_Targets_2024__CYTARABINE,0.5403517975753134,1.1733674996251517,0.28780487804878047,1.0,1.0,5/12,16.78%,TPMT;NT5C3A;NT5C2;RRM2B;BMP7
prerank,GO_Biological_Process_2025__Peptide Hormone Processing (GO:0016486),0.5084488490037352,1.1733405623364817,0.28860759493670884,1.0,1.0,5/16,14.25%,PCSK5;ENPEP;DPP4;BCHE;FURIN
prerank,GO_Biological_Process_2025__Acute Inflammatory Response (GO:0002526),-0.5879821467953695,-1.1730636126051028,0.2921535893155259,0.9742968886748762,1.0,3/10,14.05%,ELANE;LBP;SIGIRR
prerank,GO_Biological_Process_2025__Extracellular Matrix Organization (GO:0030198),-0.4232649474033285,-1.17268518260291,0.21378340365682139,0.9738853997398765,1.0,4/78,3.68%,MMP25;ELANE;NDNF;HMCN1
prerank,GO_Biological_Process_2025__Modified Amino Acid Catabolic Process (GO:0042219),-0.6352040261895058,-1.171908199534088,0.3159722222222222,0.9749908913601182,1.0,2/7,8.60%,CHAC2;GOT2
prerank,GO_Biological_Process_2025__Proteasome Assembly (GO:0043248),-0.6088367183174936,-1.1717254742698824,0.2807308970099668,0.9739470404784853,1.0,1/9,0.39%,POMP
prerank,GO_Biological_Process_2025__Regulation of Transmembrane Transport (GO:0034762),0.6396241751992983,1.1712713979034486,0.32175925925925924,1.0,1.0,1/5,2.06%,CTTNBP2NL
prerank,GO_Biological_Process_2025__Response to Endoplasmic Reticulum Stress (GO:0034976),-0.4097740591096467,-1.1710120584179438,0.20318725099601595,0.9748028885872715,1.0,33/101,28.72%,TMEM258;EIF2AK3;TMUB2;TBL2;ERO1A;GORASP2;EIF2B5;DNAJB12;SGF29;UBQLN2;UBE4B;MAN1C1;DERL1;OS9;MAN1B1;TMCO1;MAN1A1;UBE2J1;BAK1;CDK5RAP3;YOD1;ERMP1;CCDC47;BCAP31;SELENOS;MAN1A2;EIF2S1;ITPR1;SYVN1;FLOT1;CANX;UFL1;PDIA6
prerank,GO_Biological_Process_2025__Regulation of Cholesterol Efflux (GO:0010874),0.5036784287955081,1.1704505611493248,0.31007751937984496,1.0,1.0,10/14,26.57%,ABCA3;ADIPOQ;ABCA7;TREM2;APOA1;PON1;CETP;CES1;APOE;PLTP
prerank,GO_Biological_Process_2025__Regulation of Chemotaxis (GO:0050920),-0.5285450231335295,-1.1703202216276023,0.27910685805422647,0.9756184500096318,1.0,4/19,8.07%,ELANE;CXCR4;DUSP3;AIF1
prerank,GO_Biological_Process_2025__Negative Regulation of Cholesterol Transport (GO:0032375),0.6035779048142087,1.1702960287319215,0.2930648769574944,1.0,1.0,5/6,25.45%,ADIPOQ;APOC1;APOA2;APOE;APOC3
prerank,GO_Biological_Process_2025__Peptidyl-Lysine Modification (GO:0018205),0.47501121074675773,1.1699153006163885,0.2715736040609137,1.0,1.0,6/21,13.14%,IVL;HDAC7;UBA2;LOX;VPS33B;VIPAS39
prerank,GO_Biological_Process_2025__Positive Regulation of Cell Communication (GO:0010647),0.5888393113029113,1.168411520944861,0.3117782909930716,1.0,1.0,2/7,8.18%,ANK3;LLGL1
prerank,GO_Biological_Process_2025__Ether Lipid Biosynthetic Process (GO:0008611),-0.6261479955409077,-1.1682813603283535,0.2937956204379562,0.9810930058226934,1.0,4/8,20.95%,SELENOI;PEDS1;FAR1;GNPAT
prerank,DGIdb_Drug_Targets_2024__DIGOXIN,-0.6183653839336412,-1.1682701843314054,0.31732418524871353,0.9794677954871164,1.0,2/8,8.92%,CST3;ABCB1
prerank,GO_Biological_Process_2025__protein-RNA Complex Assembly (GO:0022618),-0.4360599922676056,-1.168130893321432,0.24679029957203993,0.9783120442994007,1.0,8/60,8.95%,GEMIN4;PRKRA;PRKDC;PRPF19;AGO1;RPL38;RPS19;SRPK1
prerank,GO_Biological_Process_2025__Myoblast Fusion (GO:0007520),-0.6542140072702285,-1.1675958888645825,0.30412371134020616,0.9785287194917683,1.0,3/6,19.59%,CD81;DOCK2;DOCK5
prerank,GO_Biological_Process_2025__Aspartate Transmembrane Transport (GO:0015810),0.6316926851223015,1.1674841072543403,0.30424528301886794,1.0,1.0,1/6,0.44%,LRRC8C
prerank,GO_Biological_Process_2025__Regulation of Protein-Containing Complex Assembly (GO:0043254),-0.4238250018166153,-1.1671632496823148,0.25348189415041783,0.978459499908776,1.0,8/68,10.15%,HCK;PEX5;NCLN;TGFBRAP1;SAR1B;NAPB;SORL1;RPS3
prerank,DGIdb_Drug_Targets_2024__RALOXIFENE,0.5612891633327322,1.1671617995541599,0.2803738317757009,1.0,1.0,3/8,20.88%,ATXN2;IL6ST;ALDH1A1
prerank,GO_Biological_Process_2025__RNA Catabolic Process (GO:0006401),-0.4884617900552822,-1.1670435098986711,0.28858024691358025,0.9772340941548869,1.0,6/30,10.29%,WDR82;EXOSC2;ZPR1;DIS3L2;HNRNPD;SUPV3L1
prerank,GO_Biological_Process_2025__Positive Regulation of Glial Cell Differentiation (GO:0045687),-0.6587978848527908,-1.1669814772324905,0.31316725978647686,0.9757928383066341,1.0,2/6,19.26%,CXCR4;DICER1
prerank,GO_Biological_Process_2025__Regulation of Telomerase RNA Localization to Cajal Body (GO:1904872),0.5799758296833236,1.1669652060896187,0.2997601918465228,1.0,1.0,6/8,40.47%,CCT7;CCT5;DCP2;CCT8;CCT3;CCT6A
prerank,DGIdb_Drug_Targets_2024__THALIDOMIDE,-0.542582506335663,-1.166649784280204,0.28171334431630973,0.9753711044478045,1.0,5/17,9.23%,FCGR3B;FGFR2;RPL13;SPG7;ITGB2
prerank,GO_Biological_Process_2025__Phosphatidylglycerol Metabolic Process (GO:0046471),-0.6413298539786857,-1.1661395903345309,0.3434343434343434,0.9755124828151398,1.0,2/7,14.35%,PNPLA8;LPCAT1
prerank,GO_Biological_Process_2025__Plasma Membrane Repair (GO:0001778),0.5037424281321103,1.1659023153467751,0.2717948717948718,1.0,1.0,2/15,5.94%,SMPD1;CHMP1B
prerank,GO_Biological_Process_2025__Regulation of D-glucose Transmembrane Transport (GO:0010827),0.6022186802432914,1.1657288879353909,0.3357664233576642,1.0,1.0,1/7,2.55%,BRAF
prerank,GO_Biological_Process_2025__Regulation of Signal Transduction (GO:0009966),-0.4157391209885004,-1.1656156317654947,0.22310756972111553,0.9757524384962467,1.0,11/87,6.63%,SASH3;GAS1;DGKQ;FGFR2;GRK5;NUCKS1;NCLN;NUP62;POFUT1;FOXL1;LFNG
prerank,GO_Biological_Process_2025__Ventricular Cardiac Muscle Cell Action Potential (GO:0086005),-0.6764065093743744,-1.1653837003552827,0.3137614678899083,0.9749213974499497,1.0,3/5,15.11%,KCNE3;NEDD4L;GPD1L
prerank,DGIdb_Drug_Targets_2024__EVEROLIMUS,0.46878251915419017,1.16483693048752,0.26273458445040215,1.0,1.0,4/21,6.19%,MTOR;BRAF;STK11;TSC2
prerank,GO_Biological_Process_2025__Regulation of Transforming Growth Factor Beta Receptor Signaling Pathway (GO:0017015),0.4181472257583654,1.1647672288280215,0.23714285714285716,1.0,1.0,9/37,11.92%,WFIKKN2;STK11;PDPK1;LATS1;STUB1;TGFBR3;FAM89B;SPRY2;SMAD2
prerank,GO_Biological_Process_2025__Positive Regulation of D-glucose Import (GO:0046326),-0.5599089496651714,-1.1646276563534754,0.31922398589065254,0.975948115984145,1.0,5/14,11.80%,IRS2;RHOQ;AKT2;ARPP19;APPL1
prerank,DGIdb_Drug_Targets_2024__PX 866,0.521758620817395,1.1646271502910233,0.28157894736842104,1.0,1.0,3/13,7.40%,MTOR;BRAF;PIK3R6
prerank,GO_Biological_Process_2025__Amino Sugar Metabolic Process (GO:0006040),-0.6659421454859407,-1.1644789603036403,0.3286467486818981,0.9748317999196301,1.0,3/6,21.02%,ST6GAL1;SLC35A3;FN3K
prerank,GO_Biological_Process_2025__Cilium Organization (GO:0044782),-0.44530078712790044,-1.1642929028838962,0.24853801169590642,0.973812829530665,1.0,4/57,2.85%,KIF3B;SSX2IP;CCDC28B;TRAPPC14
prerank,GO_Biological_Process_2025__Organic Hydroxy Compound Transport (GO:0015850),-0.5822358819510346,-1.1640901986599816,0.31239092495637,0.9729129002809488,1.0,2/11,9.51%,NPC1;ABCC4
prerank,GO_Biological_Process_2025__Positive Regulation of Glycogen Biosynthetic Process (GO:0045725),-0.6298077732696958,-1.1640587427528553,0.31645569620253167,0.971402256511389,1.0,3/8,8.48%,IRS2;EPM2AIP1;AKT2
prerank,GO_Biological_Process_2025__Chromatin Remodeling (GO:0006338),0.40393159120365274,1.163831940246092,0.22865853658536586,1.0,1.0,10/42,14.09%,JMJD6;HDAC7;TRIP12;SMARCA2;PRMT5;CARM1;DTX3L;HDAC3;CBX3;SRPK2
prerank,GO_Biological_Process_2025__DNA Recombination (GO:0006310),-0.6103410074114117,-1.1636241713088342,0.30847457627118646,0.9712435706878997,1.0,6/9,26.03%,HMGB3;SUPV3L1;RAD50;XRCC6;TOP3B;HMGB1
prerank,GO_Biological_Process_2025__+ Reg of Transmembrane Receptor Prot Serine/Threonine Kinase Sgnlng Pway (GO:0090100),0.41700799950047823,1.163478354042368,0.2579710144927536,1.0,1.0,10/33,16.78%,STK11;GDF11;BMP6;NUP93;TGFBR3;BMP5;SMAD2;CDH5;BMP10;BMP7
prerank,GO_Biological_Process_2025__Regulation of Autophagosome Maturation (GO:1901096),0.5281764528265224,1.163260119032768,0.2675324675324675,1.0,1.0,3/11,9.60%,ATG12;TECPR1;CLEC16A
prerank,GO_Biological_Process_2025__Heart Development (GO:0007507),0.403053828204547,1.1628819538708812,0.23510971786833856,1.0,1.0,14/45,16.78%,AKAP13;PCSK5;MEGF8;SMG9;TSC2;TGFBR3;SH3PXD2B;RBP4;BMP5;COL3A1;FN1;BMP10;PDGFB;BMP7
prerank,GO_Biological_Process_2025__Negative Regulation of Vascular Permeability (GO:0043116),0.6184018370154915,1.1627609416796845,0.35167464114832536,1.0,1.0,1/6,4.22%,PDE2A
prerank,GO_Biological_Process_2025__Cardiac Muscle Cell Development (GO:0055013),0.649005456785777,1.1620948588978273,0.31555555555555553,1.0,1.0,5/5,35.16%,TTR;BMP10;PDLIM5;PDGFRA;PDGFRB
prerank,GO_Biological_Process_2025__Positive Regulation of Tumor Necrosis Factor Superfamily Cytokine Production (GO:1903557),-0.4652611044751809,-1.1620300958092469,0.25844346549192365,0.9751148683571855,1.0,6/41,9.39%,AZU1;BCL10;FCGR3B;LILRA2;S100A9;LBP
prerank,GO_Biological_Process_2025__Neuron Differentiation (GO:0030182),-0.4877754251180121,-1.1613619548893053,0.270516717325228,0.9758177817485819,1.0,21/28,40.33%,UGDH;ATP2B4;SPOCK1;TDP2;OPHN1;NTRK2;NRBP2;MAP2K1;CASP3;CTNNB1;INHBA;RTN4;MTPN;BCCIP;ACSL4;PCSK9;AIFM1;CDK5;HS6ST1;RTN2;TGFB2
prerank,GO_Biological_Process_2025__Chloride Transport (GO:0006821),-0.5644324309152575,-1.1613460961036508,0.31438127090301005,0.9742745965295485,1.0,5/15,17.16%,LRRC8A;SLC12A6;CLCN3;TTYH3;CLIC4
prerank,GO_Biological_Process_2025__Negative Regulation of Ubiquitin-Dependent Protein Catabolic Process (GO:2000059),0.44282372346022614,1.1609285847111839,0.2857142857142857,1.0,1.0,4/24,8.51%,N4BP1;FHIT;PDCL3;CAMLG
prerank,GO_Biological_Process_2025__Vascular Transport (GO:0010232),-0.5204556266060869,-1.1609031548273272,0.2887788778877888,0.974159291207831,1.0,10/23,28.17%,SLC5A6;ATP2B4;ABCB1;ABCC4;SLCO3A1;LEPROT;SLC1A5;SLC6A6;SLC27A4;TFRC
prerank,GO_Biological_Process_2025__Negative Regulation of SMAD Protein Signal Transduction (GO:0060392),0.6082476523141919,1.1608595274585038,0.3434125269978402,1.0,1.0,4/6,28.09%,TGFBR3;FAM89B;ENG;CILP
prerank,GO_Biological_Process_2025__Regulation of Myotube Differentiation (GO:0010830),0.5774180386805164,1.160841617870243,0.325635103926097,1.0,1.0,3/8,12.33%,FBXO22;MMP14;HDAC3
prerank,GO_Biological_Process_2025__Cell-Cell Junction Assembly (GO:0007043),-0.4711406103541916,-1.1607082983553194,0.26625386996904027,0.973222153585815,1.0,4/34,8.34%,CDH24;PKP1;PKN2;JUP
prerank,GO_Biological_Process_2025__Positive Regulation of Protein Localization (GO:1903829),-0.4404273583794921,-1.1606898818120848,0.26362297496318116,0.97167674099183,1.0,20/45,31.80%,EIF2AK3;PKP1;NUP62;NLGN2;REXO2;PPP3CB;MEAK7;GPD1L;CCDC88A;METAP1;CDK5RAP3;CEP250;PRKAA1;AKT1;RTN4;TFRC;HSP90AB1;TM9SF4;VPS35;PARK7
prerank,GO_Biological_Process_2025__Pore Complex Assembly (GO:0046931),-0.6066948027409982,-1.1600077833805031,0.33895446880269814,0.9724169930310979,1.0,1/9,1.25%,AFDN
prerank,GO_Biological_Process_2025__Negative Regulation of Apoptotic Process (GO:0043066),-0.37276854208487636,-1.1599273453869154,0.16825775656324582,0.9711475563904859,1.0,27/216,12.63%,FOXO1;AZU1;HCK;KRT18;BIRC2;NDNF;RPL15;PRKDC;NIBAN2;GRK5;NUP62;FHL2;ANXA1;ANXA4;RPS6KA3;PKN2;DFFA;S100A9;GOLPH3;XIAP;SUPV3L1;SPHK1;SCG2;ANXA5;TNIP2;MYDGF;MPO
prerank,DGIdb_Drug_Targets_2024__METHYLPHENIDATE,0.49841175455559683,1.1596941383694812,0.27860696517412936,1.0,1.0,5/16,18.92%,ALDH1L1;PEBP4;ARHGAP12;ELP5;CDH23
prerank,GO_Biological_Process_2025__Positive Regulation of Insulin Secretion (GO:0032024),-0.534035938793668,-1.1594131430579235,0.3102310231023102,0.9712732331902715,1.0,3/17,7.02%,LRRC8A;IRS2;NLGN2
prerank,GO_Biological_Process_2025__Negative Regulation of TOR Signaling (GO:0032007),-0.4662602135540279,-1.1592894071101068,0.2785829307568438,0.9700983360000579,1.0,5/34,6.07%,DEPDC5;WDR59;NPC1;MIOS;SAR1B
prerank,GO_Biological_Process_2025__Ceramide Transport (GO:0035627),-0.6227964410967403,-1.1592558011242038,0.3392539964476021,0.9686403547772238,1.0,3/8,14.95%,GLTPD2;ABCB1;GLTP
prerank,GO_Biological_Process_2025__Protein K11-linked Ubiquitination (GO:0070979),0.5022128828567267,1.1584672968736036,0.3069053708439898,1.0,1.0,2/15,3.08%,CDC27;ANAPC7
prerank,GO_Biological_Process_2025__Skin Development (GO:0043588),0.4594625921051839,1.1584075830998024,0.26795580110497236,1.0,1.0,5/24,5.43%,TXNIP;IVL;COL1A2;ATP7A;COL1A1
prerank,GO_Biological_Process_2025__Regulation of Response to External Stimulus (GO:0032101),-0.46059516772024944,-1.1575967201197481,0.24817518248175183,0.97279511998719,1.0,5/46,5.77%,HCK;BIRC2;SELE;CXCR4;ANXA1
prerank,"GO_Biological_Process_2025__Complement Activation, Lectin Pathway (GO:0001867)",-0.6330499360783671,-1.157527763091136,0.31802120141342755,0.9714457006919547,1.0,2/7,4.43%,FCN1;FCN2
prerank,GO_Biological_Process_2025__Positive Regulation of Adaptive Immune Response (GO:0002821),-0.6612978625358996,-1.157513671100185,0.31951640759930916,0.9699231679582377,1.0,2/6,10.04%,SASH3;CD81
prerank,GO_Biological_Process_2025__Positive Regulation of Protein Localization to Membrane (GO:1905477),-0.46623377219037043,-1.1575080014186199,0.2626865671641791,0.9683731974316394,1.0,7/38,10.04%,ITGAM;PKP1;ZDHHC5;ATP2B4;AKT2;ITGB2;CD81
prerank,GO_Biological_Process_2025__L-alpha-amino Acid Transmembrane Transport (GO:1902475),-0.6039335922837928,-1.157004902566123,0.3310225303292894,0.96844962684538,1.0,7/9,32.62%,SLC25A12;SLC25A15;SLC25A22;SLC3A2;SLC25A13;PRAF2;SLC7A6
prerank,GO_Biological_Process_2025__'De Novo' Post-Translational Protein Folding (GO:0051084),-0.48552785474119353,-1.1568614130258554,0.2664576802507837,0.9673263088993922,1.0,7/29,15.88%,DNAJB14;DNAJB4;ERO1A;DNAJB12;DNAJB1;GAK;SELENOF
prerank,GO_Biological_Process_2025__Regulation of Cellular Component Organization (GO:0051128),0.3744049932786948,1.1563381449342747,0.21754385964912282,1.0,1.0,8/67,6.19%,RAB33B;MTOR;TAOK2;STK11;LATS1;HIP1;PRKCQ;TSC2
prerank,GO_Biological_Process_2025__Lipid Biosynthetic Process (GO:0008610),-0.46149447985553227,-1.155680244989154,0.27856025039123633,0.9697011845998256,1.0,20/39,27.59%,MVK;GBA2;ACSF3;LIPG;ACACA;ACSS2;CBR4;SELENOI;NDUFAB1;PEDS1;LPCAT1;AGPS;FAR1;AGPAT4;GNPAT;GPAT4;LIPC;PRKAA1;PCYT2;ACSL1
prerank,GO_Biological_Process_2025__Regulation of Cdc42 Protein Signal Transduction (GO:0032489),0.602147587065783,1.1552971898491051,0.3463302752293578,1.0,1.0,5/6,32.76%,ABL1;APOA1;APOE;APOC3;REPS1
prerank,GO_Biological_Process_2025__Surfactant Homeostasis (GO:0043129),0.5909724809980664,1.1551785833245856,0.3146067415730337,1.0,1.0,1/6,9.81%,MBL2
prerank,GO_Biological_Process_2025__Negative Regulation of Macroautophagy (GO:0016242),0.4793156586640734,1.155057455416426,0.2982005141388175,1.0,1.0,4/18,10.18%,MTOR;TSC2;CLEC16A;FBXL4
prerank,GO_Biological_Process_2025__DNA Deamination (GO:0045006),-0.6699937558530378,-1.1545614702953548,0.32558139534883723,0.9718969729795641,1.0,1/5,5.42%,APOBEC3C
prerank,GO_Biological_Process_2025__Response to Interferon-Beta (GO:0035456),0.5381437072583611,1.1545097086227913,0.30788804071246817,1.0,1.0,4/12,12.77%,BST2;STAT1;PLSCR1;HTRA2
prerank,GO_Biological_Process_2025__Neuron Cell-Cell Adhesion (GO:0007158),-0.6533877691007466,-1.1544804326564857,0.33088235294117646,0.9706252695034681,1.0,1/6,7.02%,NLGN2
prerank,"GO_Biological_Process_2025__Mitochondrial Electron Transport, Ubiquinol to Cytochrome C (GO:0006122)",-0.6000809716401088,-1.1540873125965223,0.3230240549828179,0.9703846493362214,1.0,3/8,19.84%,UQCR11;CYCS;UQCR10
prerank,GO_Biological_Process_2025__Mitotic Nuclear Division (GO:0140014),-0.5330937032117111,-1.1539952607046557,0.3090909090909091,0.9691727501668834,1.0,3/18,4.66%,KIF3B;NUP62;CLASP1
prerank,GO_Biological_Process_2025__Retinoid Metabolic Process (GO:0001523),0.5390467258173569,1.1539792986660138,0.3052109181141439,1.0,1.0,1/11,0.53%,ADH1B
prerank,GO_Biological_Process_2025__Nervous System Development (GO:0007399),-0.3850259470690845,-1.1539471810730542,0.21556122448979592,0.9677700087540353,1.0,15/132,8.27%,IGF2BP3;RAB29;BTBD2;PCDHB2;MSI2;ACTL6A;PCDHB14;CXCR4;GBA2;KALRN;VPS13B;NLGN2;SPG7;RPS6KA3;SPOCK1
prerank,GO_Biological_Process_2025__Bicarbonate Transport (GO:0015701),0.625659736223585,1.1534403846091035,0.34057971014492755,1.0,1.0,3/5,13.93%,RHAG;SLC4A1;SLC4A2
prerank,DGIdb_Drug_Targets_2024__PD 0166285,-0.4702503763824558,-1.1533933931197027,0.2857142857142857,0.9681440968298838,1.0,13/36,25.80%,TNK2;STK17A;MET;RPS6KA3;MAPK9;TYRO3;NTRK2;MAP4K5;MAP2K1;JAK3;STK3;PRKAA1;SYK
prerank,GO_Biological_Process_2025__Defense Response to Protozoan (GO:0042832),0.6238700536527458,1.1532474999593139,0.35348837209302325,1.0,1.0,1/5,0.74%,GBP2
prerank,GO_Biological_Process_2025__Killing by Host of Symbiont Cells (GO:0051873),0.6265736717485733,1.1528530364720502,0.34075723830734966,1.0,1.0,2/5,8.34%,GAPDH;CFHR2
prerank,GO_Biological_Process_2025__Ganglion Development (GO:0061548),-0.6549044011256723,-1.1526599777114692,0.3374340949033392,0.9690962293404749,1.0,3/6,20.65%,UNC5C;SEMA3F;CTNNB1
prerank,DGIdb_Drug_Targets_2024__AFATINIB,0.6394383508289294,1.1526130754182575,0.33111111111111113,1.0,1.0,1/5,2.55%,BRAF
prerank,GO_Biological_Process_2025__3'-UTR-mediated mRNA Destabilization (GO:0061158),-0.6712497815621845,-1.152581772744561,0.3234750462107209,0.967816860354646,1.0,2/5,12.87%,DHX36;TARDBP
prerank,GO_Biological_Process_2025__Negative Regulation of Endothelial Cell Proliferation (GO:0001937),0.48323939403316535,1.1519873910571041,0.2931937172774869,1.0,1.0,8/18,25.11%,PTPRM;STAT1;MMRN2;APOH;GDF2;PDCD10;ENG;APOE
prerank,GO_Biological_Process_2025__Positive Regulation of ATP Metabolic Process (GO:1903580),0.5522204689443719,1.1519083132975596,0.3160377358490566,1.0,1.0,2/9,9.44%,MTOR;IGF1
prerank,GO_Biological_Process_2025__Regulation of Wnt Signaling Pathway (GO:0030111),-0.4719151613477383,-1.1517567906531232,0.28095238095238095,0.9689327600465248,1.0,6/30,9.30%,PTK7;SFRP4;FGFR2;FOXL1;SNX3;NXN
prerank,GO_Biological_Process_2025__Establishment of Epithelial Cell Apical/Basal Polarity (GO:0045198),-0.6529929577464789,-1.1512327318034208,0.325497287522604,0.9691441829326568,1.0,6/6,34.79%,EZR;OPHN1;RHOA;CDC42;RAP2A;MSN
prerank,GO_Biological_Process_2025__Actin-Mediated Cell Contraction (GO:0070252),0.6091252211033896,1.1510448270476081,0.35147392290249435,1.0,1.0,2/6,10.09%,LUZP1;CCDC88C
prerank,GO_Biological_Process_2025__Negative Regulation of Smooth Muscle Cell Proliferation (GO:0048662),-0.5415942364180405,-1.1509470754939846,0.3073089700996678,0.9686497847478965,1.0,6/16,15.63%,TPM1;CNN1;AIF1;PDCD4;PTEN;IGFBP5
prerank,GO_Biological_Process_2025__Protein Insertion Into ER Membrane by Stop-Transfer Membrane-Anchor Sequence (GO:0045050),0.5355646605340776,1.1508514227353948,0.32235294117647056,1.0,1.0,4/10,18.66%,EMC10;EMC7;MMGT1;WNK1
prerank,DGIdb_Drug_Targets_2024__ZOLEDRONATE,0.6331345703688726,1.1499801227374953,0.3620689655172414,1.0,1.0,2/5,7.16%,COL1A1;MMP2
prerank,GO_Biological_Process_2025__Triglyceride Catabolic Process (GO:0019433),0.640421722928199,1.1498890537166584,0.3310502283105023,1.0,1.0,2/5,3.59%,LPL;LIPE
prerank,GO_Biological_Process_2025__Negative Regulation of Innate Immune Response (GO:0045824),0.41770454606323937,1.1497894055724367,0.2646239554317549,1.0,1.0,8/29,12.03%,ATG12;PTPN2;GIGYF2;CNOT7;GRN;NLRC5;OAS3;FAM3A
prerank,GO_Biological_Process_2025__Glucose 6-Phosphate Metabolic Process (GO:0051156),0.5486651142483718,1.1495668233693812,0.3131067961165049,1.0,1.0,1/9,0.60%,PHGDH
prerank,GO_Biological_Process_2025__Metal Ion Transport (GO:0030001),0.42819294217314346,1.1493125473300916,0.271505376344086,1.0,1.0,5/30,10.06%,NIPA1;CACNA2D1;GHITM;NIPAL3;CNNM4
prerank,GO_Biological_Process_2025__Regulation of Cell-Matrix Adhesion (GO:0001952),-0.45584247340155337,-1.1491168037266861,0.286144578313253,0.9732040765544556,1.0,7/39,8.34%,CDK6;CLASP1;DAPK3;THY1;UTRN;DUSP3;JUP
prerank,DGIdb_Drug_Targets_2024__IPILIMUMAB,0.6202617620679671,1.1475352790404763,0.3450413223140496,1.0,1.0,1/5,2.55%,BRAF
prerank,DGIdb_Drug_Targets_2024__IUPHAR.LIGAND:1713,0.6219374880164971,1.1473843137259492,0.34968017057569295,1.0,1.0,3/5,16.99%,ACTN2;APEH;ATP1B1
prerank,GO_Biological_Process_2025__Striated Muscle Cell Development (GO:0055002),0.5906245397651084,1.1472042702870415,0.32304038004750596,1.0,1.0,5/7,20.61%,TMOD1;IGF1;TTR;MYL9;TMOD3
prerank,DGIdb_Drug_Targets_2024__ROSIGLITAZONE,0.5793892397859355,1.1469634790018488,0.3400447427293065,1.0,1.0,3/7,10.22%,TG;RBP4;SLC2A1
prerank,GO_Biological_Process_2025__Negative Regulation of Inflammatory Response (GO:0050728),-0.4442754193662867,-1.146727537492027,0.26608187134502925,0.9797146372394966,1.0,5/48,4.70%,HCK;ELANE;SAA2;MVK;SMPDL3B
prerank,GO_Biological_Process_2025__succinyl-CoA Metabolic Process (GO:0006104),0.6116529784381903,1.1463716317029935,0.33849557522123896,1.0,1.0,1/6,3.55%,NUDT19
prerank,GO_Biological_Process_2025__Negative Regulation of Smoothened Signaling Pathway (GO:0045879),0.5961162053851657,1.146245504688312,0.33638443935926776,1.0,1.0,1/6,2.09%,MEGF8
prerank,GO_Biological_Process_2025__p38MAPK Cascade (GO:0038066),-0.623915721729109,-1.14616793191211,0.34205607476635513,0.9800322470809426,1.0,3/7,25.75%,MAP3K6;MAP2K3;MAP2K6
prerank,GO_Biological_Process_2025__Positive Regulation of Protein Export From Nucleus (GO:0046827),0.5868650621044355,1.1459142281977992,0.34872979214780603,1.0,1.0,2/7,18.27%,BAG3;EMD
prerank,GO_Biological_Process_2025__Enzyme-Linked Receptor Protein Signaling Pathway (GO:0007167),-0.46622919409324753,-1.145733991595533,0.2948905109489051,0.9798936878539363,1.0,2/38,1.39%,HCK;MPZL1
prerank,GO_Biological_Process_2025__Negative Regulation of Signaling (GO:0023057),0.5039761308130944,1.145409160800338,0.2960199004975124,1.0,1.0,10/12,31.87%,ADIPOQ;IGFBP3;INPP5D;LDLR;MPIG6B;PTPN1;PPP3CA;OPTN;CCM2;UBASH3B
prerank,GO_Biological_Process_2025__Diol Biosynthetic Process (GO:0034312),-0.6427718305448271,-1.1451427916969525,0.3375912408759124,0.9802683236421605,1.0,3/6,22.16%,QDPR;SPHK1;SPTLC1
prerank,GO_Biological_Process_2025__Regulation of Cell Communication (GO:0010646),-0.5082473031135881,-1.1448939616279505,0.31170886075949367,0.9794939854923256,1.0,9/25,22.42%,GRK5;NCLN;NUP62;ANXA1;IGFBP7;SCG5;PPP6R2;MGLL;GRK6
prerank,GO_Biological_Process_2025__Leukocyte Cell-Cell Adhesion (GO:0007159),-0.48898941059372086,-1.1448229805505918,0.3044822256568779,0.978173652431348,1.0,4/25,10.17%,CD209;SELE;ITGB2;EZR
prerank,GO_Biological_Process_2025__DNA Damage Response (GO:0006974),-0.4022147547049917,-1.1446658514048276,0.23607427055702918,0.97720115137972,1.0,15/105,10.52%,CDK3;FOXO1;PRKDC;PRMT1;PNKP;IRF3;UBQLN4;HDGFL2;PARP4;CDK2;XIAP;USP32;REXO2;RPS3;RAD50
prerank,GO_Biological_Process_2025__Regulation of Phospholipase Activity (GO:0010517),-0.6705065683524567,-1.1445579991656742,0.29061371841155237,0.9759910103224463,1.0,2/5,4.61%,FGFR2;FGFR3
prerank,GO_Biological_Process_2025__Cellular Response to Type I Interferon (GO:0071357),0.4855424809363092,1.1437450932536202,0.3072916666666667,1.0,1.0,11/15,28.91%,IFIT1;IFI27;STAT1;OAS3;OAS2;STAT2;MAVS;IRAK1;TYK2;TANK;TBK1
prerank,GO_Biological_Process_2025__Regulation of Tyrosine Phosphorylation of STAT Protein (GO:0042509),0.5324701481539853,1.143100429061289,0.32894736842105265,1.0,1.0,4/11,11.70%,PTPN2;CNOT7;PARP9;PARP14
prerank,GO_Biological_Process_2025__Negative Regulation of Cell Differentiation (GO:0045596),-0.4393488566094602,-1.1428728321848165,0.2719546742209632,0.980137878877656,1.0,4/51,3.83%,FOXO1;PPP2CA;CDK6;ACTL6A
prerank,DGIdb_Drug_Targets_2024__IPATASERTIB,-0.6504947857832877,-1.1427668991715316,0.3393829401088929,0.9789728469215386,1.0,3/6,14.61%,FGFR3;AKT2;PTEN
prerank,GO_Biological_Process_2025__DNA Alkylation Repair (GO:0006307),-0.6318248827439197,-1.1417881866726238,0.33695652173913043,0.9806091373326399,1.0,1/7,2.20%,OTUD4
prerank,GO_Biological_Process_2025__Cellular Response to Ketone (GO:1901655),0.47995367161965163,1.1411426944720218,0.2765432098765432,1.0,1.0,2/18,2.46%,PTGER4;SFRP1
prerank,GO_Biological_Process_2025__Tight Junction Assembly (GO:0120192),-0.5171795954008338,-1.1408496100918597,0.2975206611570248,0.9821532532860037,1.0,2/18,7.81%,AFDN;PKN2
prerank,GO_Biological_Process_2025__Sensory Organ Development (GO:0007423),0.5176556883086194,1.1405170535876898,0.302158273381295,1.0,1.0,3/12,10.04%,SMG9;SH3PXD2B;RBP4
prerank,GO_Biological_Process_2025__Protein Localization to Cytoplasmic Stress Granule (GO:1903608),0.5910779906096654,1.1403527836608758,0.36026200873362446,1.0,1.0,1/6,1.27%,DHX9
prerank,GO_Biological_Process_2025__Positive Regulation of Catabolic Process (GO:0009896),-0.39597876598354115,-1.1401940226492433,0.23962516733601072,0.9827963225844231,1.0,11/102,10.29%,FOXO1;ATG13;DEPDC5;PHKA1;ZSWIM8;PIK3C2A;ATG101;SORL1;TRIM65;EZR;SUPV3L1
prerank,GO_Biological_Process_2025__Zymogen Activation (GO:0031638),0.46123583781322386,1.1398803351589126,0.3046875,1.0,1.0,8/19,20.66%,GGT1;MMP14;KLKB1;FURIN;HPR;C1R;F12;C1RL
prerank,GO_Biological_Process_2025__Positive Regulation of Viral Process (GO:0048524),0.4237509801824575,1.1383779032904138,0.2520775623268698,1.0,1.0,9/29,7.97%,ATG12;TARBP2;DHX9;TBC1D20;CNOT7;STAU1;IFIT1;KPNA6;RAD23A
prerank,DGIdb_Drug_Targets_2024__LINIFANIB,-0.45763539105048945,-1.138073278852797,0.3103975535168196,0.988294542283399,1.0,10/40,19.03%,MET;CSNK1G1;FGFR3;IRAK4;SRPK1;MAPK9;FER;FES;NTRK2;MAP4K5
prerank,GO_Biological_Process_2025__Positive Regulation of TORC1 Signaling (GO:1904263),-0.4663058520145309,-1.1379323572797333,0.30368098159509205,0.9872023366172107,1.0,5/34,9.44%,PRMT1;WDR59;MIOS;OTUD5;USP32
prerank,GO_Biological_Process_2025__Positive Regulation of Fat Cell Differentiation (GO:0045600),0.49201883158390625,1.1379100557687425,0.3269689737470167,1.0,1.0,5/14,12.15%,SFRP1;LPL;METRNL;CARM1;LRP5
prerank,GO_Biological_Process_2025__Regulation of Interleukin-8 Production (GO:0032677),-0.4636258392214588,-1.1374931027447486,0.2823179791976226,0.9870848642747415,1.0,7/37,6.95%,FCN1;ELANE;BCL10;LILRA2;ANXA1;MAP2K5;ANXA4
prerank,GO_Biological_Process_2025__Positive Regulation of Mitochondrial Calcium Ion Concentration (GO:0051561),-0.6619457098160205,-1.1372554664852415,0.37056737588652483,0.9863304446028778,1.0,4/5,33.57%,MCUR1;MICU1;MCU;TGM2
prerank,GO_Biological_Process_2025__Calcium Import Into the Mitochondrion (GO:0036444),-0.5950698725329759,-1.137239028782119,0.3543859649122807,0.9848717925327637,1.0,7/9,34.80%,MCUR1;SMDT1;MICU2;MICU1;ITPR1;MCU;MAIP1
prerank,GO_Biological_Process_2025__Protein K63-linked Deubiquitination (GO:0070536),-0.5545039971009235,-1.1366830012274816,0.3430034129692833,0.9852491868201381,1.0,3/13,10.27%,OTUD4;OTUD5;USP25
prerank,GO_Biological_Process_2025__Positive Regulation of Proteasomal Protein Catabolic Process (GO:1901800),0.3956029646598956,1.1361630991953713,0.2640449438202247,1.0,1.0,11/40,19.84%,HECTD1;FBXO22;GSK3A;ZYG11B;STUB1;RAD23A;ATXN3;TREM2;AXIN1;SGTA;UBQLN1
prerank,GO_Biological_Process_2025__Eosinophil Chemotaxis (GO:0048245),-0.6578951251761225,-1.1360955570206426,0.37209302325581395,0.9841832689144843,1.0,2/5,17.15%,SCG2;CCL21
prerank,GO_Biological_Process_2025__Eosinophil Migration (GO:0072677),-0.6578951251761225,-1.1360955570206426,0.37209302325581395,0.9841832689144843,1.0,2/5,17.15%,SCG2;CCL21
prerank,GO_Biological_Process_2025__Chaperone Cofactor-Dependent Protein Refolding (GO:0051085),-0.522817108317426,-1.1359944145309957,0.3245469522240527,0.9830610060486783,1.0,5/18,10.75%,DNAJB14;DNAJB4;ERO1A;DNAJB12;DNAJB1
prerank,GO_Biological_Process_2025__Response to Muramyl Dipeptide (GO:0032495),-0.6537564765359967,-1.1348300278521357,0.35738831615120276,0.9853957459387096,1.0,2/5,15.00%,NAGK;VIM
prerank,GO_Biological_Process_2025__Gland Development (GO:0048732),0.4765865690851444,1.1345031223909374,0.2736842105263158,1.0,1.0,4/17,9.37%,ARHGAP35;TG;FADD;TGFBR3
prerank,GO_Biological_Process_2025__Histone mRNA Catabolic Process (GO:0071044),0.5737257246812467,1.1343424610664086,0.36123348017621143,1.0,1.0,3/7,24.76%,TUT7;MTPAP;XRN1
prerank,GO_Biological_Process_2025__Sphingolipid Metabolic Process (GO:0006665),0.44418966641808133,1.134293879316768,0.291005291005291,1.0,1.0,4/24,7.86%,SMPD1;TECR;SGPP1;ELOVL7
prerank,GO_Biological_Process_2025__Positive Regulation of Early Endosome to Late Endosome Transport (GO:2000643),-0.6038399277050012,-1.1340025653871302,0.359106529209622,0.9865072668538271,1.0,4/8,24.60%,EZR;RDX;MTMR2;RAB21
prerank,GO_Biological_Process_2025__Regulation of Axonogenesis (GO:0050770),0.4877384508815008,1.1337312081558284,0.3325,1.0,1.0,1/17,0.30%,ARHGAP35
prerank,GO_Biological_Process_2025__Negative Regulation of G Protein-Coupled Receptor Signaling Pathway (GO:0045744),0.48524282148844283,1.1333930192220298,0.29876543209876544,1.0,1.0,4/16,11.99%,SH2B3;PDE2A;ARRB2;STMN1
prerank,GO_Biological_Process_2025__Dendritic Cell Migration (GO:0036336),-0.6427256682236464,-1.1332844936984754,0.3521897810218978,0.9858979274162373,1.0,4/6,26.03%,CXCR4;CCL21;TRPM4;HMGB1
prerank,GO_Biological_Process_2025__Dendritic Cell Chemotaxis (GO:0002407),-0.6427256682236464,-1.1332844936984754,0.3521897810218978,0.9858979274162373,1.0,4/6,26.03%,CXCR4;CCL21;TRPM4;HMGB1
prerank,DGIdb_Drug_Targets_2024__ZSTK474,0.5822980524276334,1.1327631010785753,0.3333333333333333,1.0,1.0,1/6,2.55%,BRAF
prerank,GO_Biological_Process_2025__Astrocyte Development (GO:0014002),-0.6009918538079817,-1.1325737749183127,0.3660245183887916,0.9866789887129983,1.0,3/8,9.15%,CDK6;EIF2B5;S100A9
prerank,GO_Biological_Process_2025__Negative Regulation of Hydrolase Activity (GO:0051346),-0.515093752048838,-1.1323560745236831,0.3318042813455658,0.985929073427225,1.0,4/18,15.60%,CSTA;CST3;RCC2;RDX
prerank,GO_Biological_Process_2025__Generation of Neurons (GO:0048699),-0.4526185887620985,-1.1321759645791953,0.31085043988269795,0.9850792826285936,1.0,11/41,20.10%,NDNF;CDK6;PEX13;ATP2B4;SPOCK1;SEPTIN4;OPHN1;NTRK2;NRBP2;MAP2K1;CASP3
prerank,GO_Biological_Process_2025__Polarized Epithelial Cell Differentiation (GO:0030859),-0.606975006071297,-1.132051839505189,0.34402852049910876,0.9840007922224261,1.0,7/8,34.79%,EZR;OPHN1;RHOA;CDC42;RAB10;RAP2A;MSN
prerank,GO_Biological_Process_2025__Endoplasmic Reticulum Calcium Ion Homeostasis (GO:0032469),-0.5661520001972628,-1.1319887859952873,0.3487972508591065,0.982757740173833,1.0,5/11,24.69%,PACS2;CLCC1;TMCO1;BAK1;CCDC47
prerank,GO_Biological_Process_2025__Regulation of Rac Protein Signal Transduction (GO:0035020),-0.618594823032224,-1.131162878729074,0.3711864406779661,0.9838784874851833,1.0,7/7,38.23%,OGT;ARHGAP17;ARF6;RTN4;PIK3CB;CADM4;PIK3CG
prerank,GO_Biological_Process_2025__Hippo Signaling (GO:0035329),0.5754973605560074,1.131029420082257,0.3471882640586797,1.0,1.0,5/7,30.71%,LATS1;FAT4;SAV1;STK4;DCHS1
prerank,GO_Biological_Process_2025__Regulation of Protein Localization to Cajal Body (GO:1904869),0.5763674117439235,1.130780997209864,0.340632603406326,1.0,1.0,5/7,40.47%,CCT7;CCT5;CCT8;CCT3;CCT6A
prerank,GO_Biological_Process_2025__Chaperone Mediated Protein Folding Independent of Cofactor (GO:0051086),0.5763674117439235,1.130780997209864,0.340632603406326,1.0,1.0,5/7,40.47%,CCT7;CCT5;CCT8;CCT3;CCT6A
prerank,GO_Biological_Process_2025__Positive Regulation of Protein Localization to Cajal Body (GO:1904871),0.5763674117439235,1.130780997209864,0.340632603406326,1.0,1.0,5/7,40.47%,CCT7;CCT5;CCT8;CCT3;CCT6A
prerank,GO_Biological_Process_2025__Positive Regulation of Telomerase RNA Localization to Cajal Body (GO:1904874),0.5763674117439235,1.130780997209864,0.340632603406326,1.0,1.0,5/7,40.47%,CCT7;CCT5;CCT8;CCT3;CCT6A
prerank,GO_Biological_Process_2025__Regulation of Mitochondrial Depolarization (GO:0051900),0.6261087626877411,1.1307296634028825,0.3777292576419214,1.0,1.0,2/5,10.76%,MYOC;IFI6
prerank,GO_Biological_Process_2025__Regulation of Endothelial Cell Apoptotic Process (GO:2000351),-0.49648307567873257,-1.1304406484458196,0.3448275862068966,0.9846998782852104,1.0,6/23,19.31%,NDNF;SCG2;PDCD4;TNIP2;PRKCI;FGB
prerank,GO_Biological_Process_2025__Regulation of Vascular Endothelial Cell Proliferation (GO:1905562),0.6101236912699535,1.1280241354861238,0.3620309050772627,1.0,1.0,2/5,14.58%,PDPK1;AKT3
prerank,GO_Biological_Process_2025__Positive Regulation of Vascular Endothelial Cell Proliferation (GO:1905564),0.6101236912699535,1.1280241354861238,0.3620309050772627,1.0,1.0,2/5,14.58%,PDPK1;AKT3
prerank,GO_Biological_Process_2025__Alpha-Amino Acid Catabolic Process (GO:1901606),-0.5766732991627179,-1.1280068310920697,0.3225255972696246,0.99102865725708,1.0,8/10,39.25%,CRYM;GOT2;ACADSB;ALDH6A1;HSD17B10;ALDH4A1;HIBCH;DDO
prerank,GO_Biological_Process_2025__Regulation of Exocytosis (GO:0017157),0.42764617756690326,1.127628515258584,0.2596685082872928,1.0,1.0,1/29,0.19%,RAB33B
prerank,GO_Biological_Process_2025__Schwann Cell Development (GO:0014044),-0.6442287901076333,-1.1273688110865998,0.34450651769087526,0.9901202451555197,1.0,1/5,2.22%,ARHGEF10
prerank,GO_Biological_Process_2025__Peripheral Nervous System Axon Ensheathment (GO:0032292),-0.6442287901076333,-1.1273688110865998,0.34450651769087526,0.9901202451555197,1.0,1/5,2.22%,ARHGEF10
prerank,GO_Biological_Process_2025__Mitochondrial Transport (GO:0006839),-0.4820663971899951,-1.1268110751883404,0.3327922077922078,0.9904981720683065,1.0,17/28,40.94%,TIMM10B;SPG7;TOMM22;MTX2;BAK1;NDUFA13;TIMM22;SLC25A13;HSP90AA1;BCL2L1;TIMM13;TIMM10;SAMM50;SLC25A24;MTX1;TOMM40;TIMM9
prerank,GO_Biological_Process_2025__Regulation of Calcium Ion Transmembrane Transporter Activity (GO:1901019),-0.6531813183098196,-1.1267163904513036,0.3234750462107209,0.9893066557119791,1.0,2/5,14.18%,AHNAK;FKBP1A
prerank,GO_Biological_Process_2025__Organophosphate Metabolic Process (GO:0019637),0.40349007599043546,1.126128772035185,0.24550898203592814,1.0,1.0,4/38,2.69%,GDE1;MOCS3;ALDOB;LPL
prerank,GO_Biological_Process_2025__Mitochondrial Protein Catabolic Process (GO:0035694),0.6033675057619623,1.126002815718531,0.3325740318906606,1.0,1.0,2/5,12.77%,YME1L1;HTRA2
prerank,DGIdb_Drug_Targets_2024__NILOTINIB,0.5473965962748668,1.125968725127461,0.3341404358353511,1.0,1.0,5/8,29.37%,ABL1;DDR2;BCR;KIT;PDGFRA
prerank,GO_Biological_Process_2025__Regulation of Protein Localization to Plasma Membrane (GO:1903076),-0.42829794360572604,-1.1257375055017644,0.3073463268365817,0.9909445448501256,1.0,9/51,11.80%,PKP1;ZDHHC5;RHOQ;PPFIA1;ATP2B4;AP2M1;REXO2;PPP2R5A;APPL1
prerank,GO_Biological_Process_2025__Regulation of Lysosomal Lumen pH (GO:0035751),0.4778229616636081,1.1256786541400308,0.3207070707070707,1.0,1.0,6/17,15.60%,GRN;TMEM9;TCIRG1;CLN6;ATP6V1D;CLN5
prerank,GO_Biological_Process_2025__Melanosome Organization (GO:0032438),-0.47099160795173023,-1.125482402084622,0.3333333333333333,0.9903474058167914,1.0,8/32,22.81%,RAB29;HPS5;HPS6;AP1S1;KIF13A;AP1S2;BLOC1S6;BLOC1S4
prerank,GO_Biological_Process_2025__Regulation of Fatty Acid Beta-Oxidation (GO:0031998),-0.6347865907487431,-1.1254742139444776,0.3649906890130354,0.9889014192465452,1.0,2/6,8.48%,IRS2;AKT2
prerank,GO_Biological_Process_2025__Regulation of Platelet-Derived Growth Factor Receptor Signaling Pathway (GO:0010640),0.5667732921681695,1.1254599727071972,0.34844868735083534,1.0,1.0,4/8,26.66%,CBL;IL1R1;SNCA;APOD
prerank,GO_Biological_Process_2025__Mitotic DNA Damage Checkpoint Signaling (GO:0044773),-0.5357402719176386,-1.1252955287304198,0.34223706176961605,0.9880170140967026,1.0,3/14,7.77%,PRKDC;MUC1;CDK2
prerank,GO_Biological_Process_2025__Regulation of Spindle Organization (GO:0090224),-0.6074025123751875,-1.124676888398665,0.375,0.9884017423288628,1.0,1/7,4.29%,NUP62
prerank,GO_Biological_Process_2025__Positive Regulation of Amyloid-Beta Formation (GO:1902004),0.5448286469366541,1.1237600006979305,0.34146341463414637,1.0,1.0,2/9,6.47%,GSK3A;IFNGR1
prerank,GO_Biological_Process_2025__Positive Regulation of mRNA Metabolic Process (GO:1903313),0.5664141934697109,1.1235601654189746,0.36705882352941177,1.0,1.0,2/8,12.21%,CNOT7;MOV10
prerank,GO_Biological_Process_2025__Positive Regulation of Chemokine Production (GO:0032722),-0.5072508951144464,-1.123520863726662,0.3549920760697306,0.990618308293242,1.0,1/20,0.23%,AZU1
prerank,GO_Biological_Process_2025__Macromolecule Biosynthetic Process (GO:0009059),-0.3864905785476468,-1.1234178811610107,0.2778505897771953,0.9895344156183369,1.0,20/102,11.43%,IGF2BP3;RPL15;RPL6;RPS13;RPL8;RPL3;MRPS6;MRPL3;RPL38;MRPS17;RPLP0;RPS19;RPS6;GOLPH3;RPL22;RPL18;RPS3;RPS4X;MRPL40;RPL11
prerank,GO_Biological_Process_2025__- Reg of Phosphatidylinositol 3-Kinase/Prot Kinase B Signal Transduction (GO:0051898),-0.5166741949878803,-1.12321567813852,0.32253086419753085,0.9887159961629105,1.0,1/20,0.14%,PPP2CA
prerank,GO_Biological_Process_2025__Negative Regulation of Epidermal Growth Factor Receptor Signaling Pathway (GO:0042059),0.5093716693235096,1.1230892043114071,0.34507042253521125,1.0,1.0,2/11,5.17%,PTPN2;ITGA1
prerank,GO_Biological_Process_2025__Regulation of Potassium Ion Transport (GO:0043266),0.5194348048236425,1.1226620637286897,0.34022988505747126,1.0,1.0,4/11,16.62%,ANK3;CFH;DLG1;TREM2
prerank,DGIdb_Drug_Targets_2024__ERLOTINIB,-0.47660005038692205,-1.122375166685234,0.32680722891566266,0.9898747354498895,1.0,6/27,8.92%,MET;FGFR4;NUP62;FGFR3;PKN2;ABCB1
prerank,GO_Biological_Process_2025__Receptor Internalization (GO:0031623),-0.46101177513788627,-1.1221954405196388,0.32727272727272727,0.9890190595527201,1.0,15/34,28.17%,MX1;GRK3;AP2M1;GRK2;ITGB2;CD81;NEDD4L;RAB31;RALB;RAB5A;PICALM;SYK;RALA;LDLRAP1;TFRC
prerank,DGIdb_Drug_Targets_2024__CAPIVASERTIB,0.5914350015563048,1.1221766147159675,0.3618843683083512,1.0,1.0,1/6,0.67%,MTOR
prerank,GO_Biological_Process_2025__Skeletal System Morphogenesis (GO:0048705),0.5153583938354054,1.1220482543377475,0.3605769230769231,1.0,1.0,3/11,2.09%,RAB33B;LAMA5;MEGF8
prerank,GO_Biological_Process_2025__Calcium-Mediated Signaling (GO:0019722),-0.4724482047185531,-1.1217646265819818,0.3229166666666667,0.9889143781582055,1.0,8/27,13.16%,EIF2AK3;FCGR3B;SELE;CXCR4;GNA15;SPHK1;MCTP1;PPP3CB
prerank,GO_Biological_Process_2025__Maturation of SSU-rRNA (GO:0030490),-0.6071795031266158,-1.1213392721651234,0.3551236749116608,0.9887737486348815,1.0,4/7,22.97%,RPS19;RPS16;RPS14;RPS28
prerank,GO_Biological_Process_2025__Cell Surface Pattern Recognition Receptor Signaling Pathway (GO:0002752),-0.5952341089178109,-1.1212212936613608,0.33843537414965985,0.9877131815563582,1.0,3/9,9.39%,FCN1;FCN2;LBP
prerank,GO_Biological_Process_2025__Fatty Acid Beta-Oxidation Using acyl-CoA Oxidase (GO:0033540),-0.5759025269747275,-1.1210068865204714,0.37137989778534924,0.9869685302178756,1.0,5/9,20.21%,SLC27A2;EHHADH;ACOX3;CROT;ACOT8
prerank,GO_Biological_Process_2025__Positive Regulation of Monocyte Chemotaxis (GO:0090026),-0.5765698980286796,-1.1208957593779745,0.3527336860670194,0.9858845239738693,1.0,1/9,4.52%,S100A14
prerank,GO_Biological_Process_2025__Protein Heterooligomerization (GO:0051291),-0.6103642815195438,-1.119386873519467,0.368141592920354,0.9892564193500584,1.0,5/7,30.74%,CBR4;MAT2A;NUDT21;FARSB;PRKD2
prerank,GO_Biological_Process_2025__ATP Synthesis Coupled Electron Transport (GO:0042773),-0.6442052174223019,-1.1188047636149474,0.36261682242990656,0.9897004775206362,1.0,1/5,4.08%,NDUFV3
prerank,GO_Biological_Process_2025__Cell Surface Receptor Signaling Pathway via JAK-STAT (GO:0007259),-0.5219153102303772,-1.1186178111555436,0.3359746434231379,0.9888853849409946,1.0,4/16,16.23%,NMI;FGFR3;FER;STAT5A
prerank,GO_Biological_Process_2025__Macromolecule Glycosylation (GO:0043413),0.45627513854070434,1.118551753885912,0.3054054054054054,1.0,1.0,2/19,1.86%,ST6GALNAC1;COG3
prerank,GO_Biological_Process_2025__Intracellular Protein Transport (GO:0006886),-0.3598793646850083,-1.1183969270065113,0.254739336492891,0.9881140595494295,1.0,36/224,17.67%,RANBP3;RAB29;IPO13;PEX5;TIMM10B;RANBP6;ARFIP2;NUP62;XPO5;TLK1;GGA1;NAPB;RAB20;STX2;GGA2;VPS26C;ARFGAP3;XPO6;RAB43;IPO4;APPL1;LMAN1;COG7;PEX3;AP4M1;SCG5;IPO9;TIMM21;KPNA4;HIKESHI;KIF13A;EIF2D;RAB8B;ARF5;COPZ1;TOMM22
prerank,GO_Biological_Process_2025__DNA-templated DNA Replication (GO:0006261),-0.5919858780839828,-1.118143904166326,0.36101083032490977,0.9875461912400659,1.0,5/10,9.07%,PNKP;MCMBP;MGME1;SLC25A15;WRNIP1
prerank,GO_Biological_Process_2025__Suppression of Viral Release by Host (GO:0044790),0.62148323079783,1.1176366289069373,0.36989247311827955,1.0,1.0,3/5,18.77%,TRIM13;TRIM5;TRIM26
prerank,Reactome_Pathways_2024__Activation of AMPK Downstream of NMDARs,0.4723655205715192,1.1172581243931967,0.3299492385786802,1.0,1.0,2/15,8.37%,TUBA4B;PRKAB2
prerank,GO_Biological_Process_2025__Peptidyl-Tyrosine Dephosphorylation (GO:0035335),0.5188193299450141,1.1168288618749591,0.34491315136476425,1.0,1.0,2/10,8.58%,PTPN2;PTPRF
prerank,GO_Biological_Process_2025__Regulation of Protein Localization to Centrosome (GO:1904779),-0.6056970049172263,-1.1167913901729722,0.3761140819964349,0.9902568937112588,1.0,3/7,23.65%,NUP62;RAB11A;CEP250
prerank,GO_Biological_Process_2025__Negative Regulation of T Cell Apoptotic Process (GO:0070233),0.5906103847736539,1.1166509699919096,0.3716216216216216,1.0,1.0,3/6,7.53%,PRKCQ;FADD;TSC22D3
prerank,GO_Biological_Process_2025__Negative Regulation of RNA Splicing (GO:0033119),-0.647435596151734,-1.1162169432379068,0.3747747747747748,0.9905863669490539,1.0,1/5,1.97%,RPS13
prerank,GO_Biological_Process_2025__Sodium Ion Transport (GO:0006814),-0.5942652912167894,-1.1160796633083352,0.36394557823129253,0.9896194188221091,1.0,1/9,1.93%,SLC5A6
prerank,GO_Biological_Process_2025__Regulation of RNA Splicing (GO:0043484),0.42530075726474886,1.1157117992960623,0.3233695652173913,1.0,1.0,6/27,6.72%,JMJD6;SF1;HNRNPH1;HNRNPH3;PTBP3;GRSF1
prerank,DGIdb_Drug_Targets_2024__DICLOFENAC,0.6143361381559003,1.1155727997653235,0.3891509433962264,1.0,1.0,2/5,6.75%,GGT1;ANPEP
prerank,DGIdb_Drug_Targets_2024__PAZOPANIB,-0.4870588021319264,-1.1152896206133236,0.3204334365325077,0.9906655551065784,1.0,4/24,4.61%,TNK2;FGFR2;MET;FGFR3
prerank,GO_Biological_Process_2025__Regulation of Small Molecule Metabolic Process (GO:0062012),0.45424998468707595,1.1152504386820832,0.33164556962025316,1.0,1.0,3/17,4.40%,ADIPOR1;PDPK1;ADIPOQ
prerank,GO_Biological_Process_2025__+ Reg of Phosphatidylinositol 3-Kinase/Prot Kinase B Signal Transduction (GO:0051897),0.33483784895362106,1.115051000754887,0.23735408560311283,1.0,1.0,37/87,29.60%,MTOR;PDPK1;HIP1;LTK;IRS1;IGF1;MYOC;CHI3L1;SPRY2;CBL;FN1;DDR2;SEMA4D;PDGFB;RAMP3;TREM2;PDGFD;RICTOR;SOS1;BECN1;TXN2;MTDH;IL1R1;PDGFA;IL18;ENG;KIT;ITGB1;HCLS1;VAV1;PLXNB1;EGF;FGR;HPSE;PTK2B;PDGFRA;CASS4
prerank,GO_Biological_Process_2025__Regulation of Insulin Receptor Signaling Pathway (GO:0046626),0.4380902314527899,1.1144913168378472,0.3149171270718232,1.0,1.0,6/24,8.81%,PTPN2;GSK3A;CUL7;PRKCQ;TSC2;IRS1
prerank,GO_Biological_Process_2025__Chloride Transmembrane Transport (GO:1902476),-0.6033090988884069,-1.1144693200017795,0.36952714535901926,0.9916977424808858,1.0,2/9,5.40%,LRRC8A;SLC12A6
prerank,GO_Biological_Process_2025__Regulation of Transport (GO:0051049),0.44566968287039793,1.1140852445143627,0.31989247311827956,1.0,1.0,1/23,0.33%,TMEM102
prerank,GO_Biological_Process_2025__Endoplasmic Reticulum Tubular Network Organization (GO:0071786),0.48984580641050895,1.113948736403462,0.33678756476683935,1.0,1.0,1/14,1.02%,REEP3
prerank,GO_Biological_Process_2025__Peptide Hormone Secretion (GO:0030072),-0.5852412821415992,-1.113342806672882,0.36254295532646047,0.9936001179434769,1.0,8/8,41.58%,CYB5R4;TOR2A;CAMK2G;PARK7;RAB1A;GHRL;PDHX;CDK16
prerank,GO_Biological_Process_2025__Host-Mediated Suppression of Symbiont Invasion (GO:0046597),-0.555233421161451,-1.1130402957613343,0.3640939597315436,0.9931037693980818,1.0,3/11,9.43%,FCN1;SNX3;IFITM2
prerank,"GO_Biological_Process_2025__Alternative mRNA Splicing, via Spliceosome (GO:0000380)",0.6127817049031203,1.1129217366395237,0.39555555555555555,1.0,1.0,2/5,5.89%,DHX9;HNRNPM
prerank,GO_Biological_Process_2025__Cholesterol Efflux (GO:0033344),0.47810136880024934,1.1127443110185467,0.315035799522673,0.9997029523448321,1.0,10/14,25.45%,TSKU;APOA4;NPC2;ABCA7;APOC1;APOA1;STX12;APOA2;APOE;APOC3
prerank,GO_Biological_Process_2025__Import Into the Mitochondrion (GO:0170036),-0.48874152331505893,-1.112442252805672,0.34455128205128205,0.993559878676026,1.0,3/24,5.75%,SLC25A40;TOMM40L;MCUR1
prerank,GO_Biological_Process_2025__Substrate Adhesion-Dependent Cell Spreading (GO:0034446),0.45224779639697416,1.1119071123769777,0.34805194805194806,1.0,1.0,1/20,0.77%,LAMA5
prerank,GO_Biological_Process_2025__Glycolytic Process Through Glucose-6-Phosphate (GO:0061620),0.5249258869697343,1.1115435817875512,0.36211031175059955,0.9992839148161046,1.0,1/9,0.63%,ENO3
prerank,GO_Biological_Process_2025__Regulation of Monocyte Chemotaxis (GO:0090025),-0.5586903084074425,-1.1115316114817222,0.35879218472468916,0.9951072302606688,1.0,1/10,4.52%,S100A14
prerank,GO_Biological_Process_2025__RNA Processing (GO:0006396),-0.4031125320006197,-1.1114409385508899,0.296043656207367,0.9939709369104825,1.0,31/72,24.78%,PRMT1;FUS;EXOSC2;NSUN2;MRM3;PIN4;RPS19;RPS6;SRPK1;HNRNPD;ACIN1;DDX17;HNRNPDL;FARS2;RPL11;TBRG4;TARDBP;RPS16;CELF2;SYNCRIP;HNRNPC;RBM4;FASTKD5;NUDT21;MYG1;HNRNPA2B1;RPS28;SBDS;HNRNPR;IVNS1ABP;RPS25
prerank,GO_Biological_Process_2025__Bile Acid Biosynthetic Process (GO:0006699),-0.5487002274500028,-1.1114287993733554,0.36824324324324326,0.992584172127586,1.0,5/12,20.21%,SLC27A2;OSBPL7;OSBPL1A;OSBPL2;ACOT8
prerank,GO_Biological_Process_2025__Carboxylic Acid Transport (GO:0046942),-0.5595999258060738,-1.1113285667020032,0.37166666666666665,0.9914872054794944,1.0,5/12,26.20%,SLC15A4;SLC25A10;SLC1A5;SLC6A6;SLC3A2
prerank,GO_Biological_Process_2025__Regulation of G1/S Transition of Mitotic Cell Cycle (GO:2000045),-0.4534277820047614,-1.1111764224835556,0.3364632237871675,0.9905922208854782,1.0,6/32,15.60%,PPP2CA;AIF1;APPL1;CDKN2D;PTEN;RDX
prerank,GO_Biological_Process_2025__Positive Regulation of Response to Biotic Stimulus (GO:0002833),0.4542533938549797,1.111148633748888,0.3463541666666667,0.9985052122906877,1.0,8/18,14.03%,DHX9;GRN;BMP6;FADD;PLSCR1;TRIM56;MMRN2;LY96
prerank,"GO_Biological_Process_2025__Positive Regulation of Synaptic Transmission, Glutamatergic (GO:0051968)",-0.6134960790239028,-1.1111460047046289,0.37163375224416517,0.9892742250737182,1.0,3/6,25.41%,NLGN2;SHANK3;RELN
prerank,GO_Biological_Process_2025__Response to Estradiol (GO:0032355),0.5338744877615315,1.1107218358708326,0.3768472906403941,0.9977504876698852,1.0,1/9,2.46%,SFRP1
prerank,DGIdb_Drug_Targets_2024__HEPARIN,-0.5065265241484769,-1.110013166607007,0.346031746031746,0.9914053821666996,1.0,7/18,23.32%,FCGR3B;APOB;F10;CCL21;SDC1;F2;LIPC
prerank,GO_Biological_Process_2025__Interleukin-33-Mediated Signaling Pathway (GO:0038172),-0.6274889706185485,-1.1098461149055023,0.3844731977818854,0.9905156525752561,1.0,3/6,18.84%,IRAK4;IL1RL1;MYD88
prerank,GO_Biological_Process_2025__Negative Regulation of Neuron Projection Development (GO:0010977),-0.5112885309174232,-1.1098104639706514,0.36577708006279436,0.9892248652139518,1.0,9/17,22.55%,RAB29;THY1;SPOCK1;PTEN;GAK;GDI1;BAG5;CIB1;TNR
prerank,GO_Biological_Process_2025__Cellular Response to BMP Stimulus (GO:0071773),0.46809680388325803,1.109643608404776,0.31630170316301703,0.9988474112357234,1.0,7/16,16.78%,MEGF8;SFRP1;BMP6;TGFBR3;BMP5;BMP10;BMP7
prerank,GO_Biological_Process_2025__Regulation of Oxidative Phosphorylation (GO:0002082),0.586886426749741,1.1095556383840954,0.38148984198645597,0.9971129954300227,1.0,1/6,4.19%,ATP7A
prerank,GO_Biological_Process_2025__Regulation of Systemic Arterial Blood Pressure (GO:0003073),-0.6388939288052393,-1.1094437521641638,0.3659491193737769,0.9890043183705823,1.0,1/5,0.98%,PRCP
prerank,GO_Biological_Process_2025__Canonical Glycolysis (GO:0061621),0.5364754543144925,1.1094215921275572,0.3492822966507177,0.9936477565399199,1.0,1/8,0.63%,ENO3
prerank,GO_Biological_Process_2025__Glucose Catabolic Process to Pyruvate (GO:0061718),0.5364754543144925,1.1094215921275572,0.3492822966507177,0.9936477565399199,1.0,1/8,0.63%,ENO3
prerank,GO_Biological_Process_2025__Positive Regulation of Transferase Activity (GO:0051347),0.5308153169697879,1.1090623167319162,0.3632075471698113,0.9926879763451637,1.0,2/10,4.48%,ZNF622;GSK3A
prerank,GO_Biological_Process_2025__Positive Regulation of Interleukin-4 Production (GO:0032753),0.5534088923084188,1.1085527213562716,0.3595505617977528,0.9923442514016965,1.0,4/7,22.62%,PRKCQ;FCER1G;CD40LG;SLC7A5
prerank,GO_Biological_Process_2025__Regulation of Macromolecule Biosynthetic Process (GO:0010556),-0.44297730688150116,-1.1075072905881367,0.3212121212121212,0.9935679713994355,1.0,8/37,13.28%,CDK3;CDK6;CDK2;AIF1;HNRNPD;HNRNPDL;TARDBP;TOM1L1
prerank,GO_Biological_Process_2025__Negative Regulation of Intrinsic Apoptotic Signaling Pathway in Response to DNA Damage (GO:1902230),-0.576782456755844,-1.1071821707043374,0.3610169491525424,0.9932669289982082,1.0,3/9,14.26%,MUC1;S100A9;CDKN2D
prerank,GO_Biological_Process_2025__Purine Nucleobase Metabolic Process (GO:0006144),0.5878120082789597,1.1066903488978728,0.36629213483146067,0.9958608349643554,1.0,2/6,10.99%,GMPS;TTR
prerank,GO_Biological_Process_2025__Cellular Response to Heat (GO:0034605),-0.5047621255287065,-1.1056343020035015,0.3554817275747508,0.9967751015503588,1.0,4/18,15.92%,DHX36;RBBP7;DNAJB1;HIKESHI
prerank,GO_Biological_Process_2025__Purine Ribonucleoside Triphosphate Metabolic Process (GO:0009205),-0.5239550566893547,-1.1053983758099697,0.37542087542087543,0.9960830271938155,1.0,4/15,15.79%,RHOQ;NADK;CLPX;NT5E
prerank,GO_Biological_Process_2025__Hepatocyte Growth Factor Receptor Signaling Pathway (GO:0048012),0.5979099028876674,1.1051550525626848,0.3917748917748918,0.9984097388508891,1.0,3/5,19.66%,STMN1;SOS1;MUC20
prerank,GO_Biological_Process_2025__Nucleotide Biosynthetic Process (GO:0009165),-0.5718445045252407,-1.1038006306719088,0.38305084745762713,0.9996001250005874,1.0,2/10,8.49%,PRPSAP1;NMNAT3
prerank,GO_Biological_Process_2025__Phospholipid Translocation (GO:0045332),-0.5209464606584041,-1.1034657017621166,0.3685950413223141,0.9992430528802475,1.0,3/15,8.92%,SLC66A2;ATP11A;ABCB1
prerank,DGIdb_Drug_Targets_2024__CRENOLANIB,-0.6118621234350963,-1.1031578599815195,0.39059674502712477,0.9988390890082743,1.0,1/6,3.85%,MET
prerank,GO_Biological_Process_2025__Purine Ribonucleoside Monophosphate Metabolic Process (GO:0009167),0.5279066007043367,1.103083879618186,0.3542116630669546,1.0,1.0,3/9,11.13%,GMPR2;GMPS;NT5C2
prerank,GO_Biological_Process_2025__Positive Regulation of Protein Localization to Plasma Membrane (GO:1903078),-0.4687311645736892,-1.1029780569445926,0.3443396226415094,0.9980125025456633,1.0,3/26,7.30%,PKP1;ZDHHC5;ATP2B4
prerank,GO_Biological_Process_2025__Regulation of Heart Rate by Cardiac Conduction (GO:0086091),-0.5312560182046208,-1.1025739211678445,0.3942652329749104,0.9979018807505038,1.0,3/12,8.34%,KCNE3;AKAP9;JUP
prerank,GO_Biological_Process_2025__Regulation of Interleukin-1 Production (GO:0032652),-0.5714082992739612,-1.101606348252559,0.3787085514834206,0.9995427842502147,1.0,1/8,1.18%,SAA2
prerank,GO_Biological_Process_2025__Regulation of Macroautophagy (GO:0016241),0.35588292413406103,1.1015936214061888,0.2737226277372263,1.0,1.0,24/68,24.83%,MTOR;ATG12;GSK3A;TSC2;TECPR1;GAPDH;CLEC16A;TRIM13;ATP6V1D;FKBP8;PIK3C3;SNX6;PIK3R4;BECN1;C9ORF72;UBQLN1;LARP1;CSNK2A2;SNX5;IKBKG;EXOC1;QSOX1;ATG5;WDR24
prerank,GO_Biological_Process_2025__Lipid Import Into Cell (GO:0140354),-0.6271210314998135,-1.1010459820649094,0.3759124087591241,0.9998642370628888,1.0,1/5,2.95%,SLC27A2
prerank,GO_Biological_Process_2025__Leukotriene Biosynthetic Process (GO:0019370),0.6012804752949094,1.1008293091045183,0.3894736842105263,1.0,1.0,1/5,2.50%,GGT1
prerank,Reactome_Pathways_2024__ABC Transporters in Lipid Homeostasis,0.5467986460706861,1.1007125501482513,0.36607142857142855,1.0,1.0,3/7,17.45%,ABCA3;ABCA7;APOA1
prerank,GO_Biological_Process_2025__Nucleobase-Containing Small Molecule Metabolic Process (GO:0055086),-0.583530389680186,-1.100466894750171,0.3807829181494662,1.0,1.0,2/8,17.08%,NUDT18;AK2
prerank,GO_Biological_Process_2025__Negative Regulation of Lipopolysaccharide-Mediated Signaling Pathway (GO:0031665),-0.6292191313006255,-1.0996717596358763,0.3773913043478261,1.0,1.0,2/5,14.05%,LILRA2;SIGIRR
prerank,GO_Biological_Process_2025__Canonical NF-kappaB Signal Transduction (GO:0007249),-0.5076430358667494,-1.099349073647024,0.3603053435114504,1.0,1.0,1/19,0.77%,BIRC2
prerank,DGIdb_Drug_Targets_2024__PREDNISOLONE,-0.529679972433028,-1.0989828876029724,0.3862876254180602,1.0,1.0,4/14,11.22%,FCGR3B;ANXA1;RPS19;BGLAP
prerank,GO_Biological_Process_2025__Nucleic Acid Transport (GO:0050657),-0.6252683357032441,-1.0988123557741076,0.40037950664136623,0.9997385512479547,1.0,3/5,23.74%,YBX1;HNRNPA2B1;SIDT1
prerank,GO_Biological_Process_2025__RNA-templated DNA Biosynthetic Process (GO:0006278),-0.599070988116984,-1.0986049939495108,0.3958333333333333,0.9962929519634652,1.0,2/7,10.52%,TERF2IP;RAD50
prerank,GO_Biological_Process_2025__Telomere Maintenance via Telomerase (GO:0007004),-0.599070988116984,-1.0986049939495108,0.3958333333333333,0.9962929519634652,1.0,2/7,10.52%,TERF2IP;RAD50
prerank,GO_Biological_Process_2025__Telomere Maintenance via Telomere Lengthening (GO:0010833),-0.599070988116984,-1.0986049939495108,0.3958333333333333,0.9962929519634652,1.0,2/7,10.52%,TERF2IP;RAD50
prerank,DGIdb_Drug_Targets_2024__VENETOCLAX,0.5130255786952869,1.0986030956092414,0.37557603686635943,1.0,1.0,2/8,10.45%,BRAF;ABL1
prerank,GO_Biological_Process_2025__Tail-Anchored Membrane Protein Insertion Into ER Membrane (GO:0071816),0.4684051242092215,1.0983551415138817,0.33910891089108913,1.0,1.0,7/16,18.36%,GET4;CAMLG;EMC10;EMC7;UBL4A;SGTA;MMGT1
prerank,GO_Biological_Process_2025__Regulation of T Cell Mediated Cytotoxicity (GO:0001914),0.5146701627530741,1.0980518711654836,0.3738095238095238,1.0,1.0,4/12,23.18%,FADD;HLA-B;AZGP1;RIPK3
prerank,GO_Biological_Process_2025__Positive Regulation of Hormone Secretion (GO:0046887),-0.5812874164957209,-1.0977096382902987,0.3843478260869565,0.9978639333182101,1.0,3/8,19.31%,SNX4;TFR2;FGB
prerank,GO_Biological_Process_2025__Positive Regulation of Lipase Activity (GO:0060193),-0.613602994700204,-1.0975191539536326,0.388086642599278,0.9970220670009656,1.0,2/6,4.61%,FGFR2;FGFR3
prerank,GO_Biological_Process_2025__Negative Regulation of Protein Localization to Cell Surface (GO:2000009),-0.6072183098591549,-1.0963551549643316,0.4007220216606498,0.9991740907727521,1.0,6/6,39.36%,NEDD4L;LEPROT;PICALM;COMMD1;GOPC;TAX1BP3
prerank,GO_Biological_Process_2025__Cell-Cell Junction Maintenance (GO:0045217),-0.582073065401133,-1.0962864843637687,0.3747870528109029,0.9980347639545013,1.0,3/9,15.69%,PRTN3;NLGN2;F2R
prerank,GO_Biological_Process_2025__rRNA Metabolic Process (GO:0016072),-0.48508957511093653,-1.0950505737086702,0.3756019261637239,1.0,1.0,8/22,13.03%,EXOSC2;MRM3;CAVIN1;PIN4;RPS19;RPS6;RPL11;RPS16
prerank,GO_Biological_Process_2025__Negative Regulation of Receptor-Mediated Endocytosis (GO:0048261),0.45632520503557766,1.0949966496611523,0.34554973821989526,1.0,1.0,4/17,8.18%,ATXN2;ADIPOQ;RIN3;LLGL1
prerank,GO_Biological_Process_2025__Regulation of Membrane Protein Ectodomain Proteolysis (GO:0051043),0.4836211400904769,1.094819240831886,0.3712121212121212,1.0,1.0,8/13,32.47%,GPLD1;TIMP2;FURIN;SNX9;APOE;TIMP3;TSPAN15;ADRA2A
prerank,GO_Biological_Process_2025__Heterophilic Cell-Cell Adhesion via Plasma Membrane Cell Adhesion Molecules (GO:0007157),-0.4953271838605057,-1.094616150657672,0.3866877971473851,1.0,1.0,3/20,3.68%,CD209;SELE;HMCN1
prerank,GO_Biological_Process_2025__Regulation of Insulin-Like Growth Factor Receptor Signaling Pathway (GO:0043567),0.5112022370598952,1.0941712042323672,0.3817733990147783,1.0,1.0,8/12,28.09%,IGFBP1;IGF1;BMP5;IGFBP3;CDH15;IGFBP6;IGFBP2;CILP
prerank,GO_Biological_Process_2025__Phosphate Ion Transmembrane Transport (GO:0035435),-0.611125930171463,-1.0938639253067548,0.37636363636363634,0.9999867277239636,1.0,4/6,20.38%,SLC25A10;SLC37A4;XPR1;SLC37A1
prerank,GO_Biological_Process_2025__Phosphate Ion Transport (GO:0006817),-0.611125930171463,-1.0938639253067548,0.37636363636363634,0.9999867277239636,1.0,4/6,20.38%,SLC25A10;SLC37A4;XPR1;SLC37A1
prerank,GO_Biological_Process_2025__Protein N-linked Glycosylation (GO:0006487),-0.4372972442597631,-1.0936418283532532,0.3526717557251908,0.9993619178904537,1.0,10/36,26.38%,TMEM258;ST6GAL1;MAN1C1;ALG11;MAGT1;UBE2J1;ALG3;ALG9;MOGS;TMEM165
prerank,GO_Biological_Process_2025__Apoptotic Process (GO:0006915),0.32785344137587963,1.0935945929020512,0.272,1.0,1.0,18/90,10.76%,MRPS30;AKAP1;MTOR;CASP2;TAOK2;STK11;AHCYL1;CYFIP2;HIP1;TSC2;CASP10;FADD;IFI27;ARHGEF6;GAPDH;KREMEN1;PLSCR1;IFI6
prerank,DGIdb_Drug_Targets_2024__PICTILISIB,0.4879929918435656,1.093097834223493,0.37142857142857144,1.0,1.0,3/14,5.58%,BRAF;STK11;RIT1
prerank,GO_Biological_Process_2025__Regulation of Intracellular Steroid Hormone Receptor Signaling Pathway (GO:0033143),-0.5349273991859984,-1.092190437543137,0.38571428571428573,1.0,1.0,2/12,7.69%,SAFB2;UFSP2
prerank,GO_Biological_Process_2025__Mitotic Cell Cycle Phase Transition (GO:0044772),-0.4339446603461017,-1.0921350338706848,0.34609720176730485,1.0,1.0,7/43,11.47%,CDK3;CDK6;CLASP1;CUL1;CDK2;ARPP19;SPAST
prerank,GO_Biological_Process_2025__Neuron Remodeling (GO:0016322),0.5743975784009128,1.091736689945751,0.378076062639821,1.0,1.0,1/6,5.42%,SCARF1
prerank,GO_Biological_Process_2025__Positive Regulation of Gene Expression (GO:0010628),-0.362847157936765,-1.091621676564818,0.30158730158730157,1.0,1.0,14/174,4.57%,SFRP4;SAA2;AFDN;EIF2AK3;PRKDC;PRMT1;PKP1;DHX36;DGKQ;EIF4A3;FGFR4;SMAD4;ZPR1;ATP13A2
prerank,GO_Biological_Process_2025__Regulation of Cell-Substrate Adhesion (GO:0010810),-0.46368367802287497,-1.0915208417004656,0.3542319749216301,1.0,1.0,4/29,11.68%,NDNF;THY1;SPOCK1;NPNT
prerank,GO_Biological_Process_2025__Negative Regulation of Locomotion (GO:0040013),-0.5957863977162347,-1.0911762509246137,0.3915343915343915,0.999956207099435,1.0,2/7,7.21%,ELANE;DUSP3
prerank,GO_Biological_Process_2025__Chemokine-Mediated Signaling Pathway (GO:0070098),0.47779222265293353,1.0909636339394095,0.3870967741935484,1.0,1.0,1/14,0.65%,SH2B3
prerank,GO_Biological_Process_2025__Positive Regulation of Defense Response to Virus by Host (GO:0002230),0.49808768275510507,1.0908998677556596,0.36626506024096384,1.0,1.0,5/10,21.63%,STAT1;PARP9;DTX3L;MAVS;APOBEC3F
prerank,GO_Biological_Process_2025__Regulation of Granulocyte Chemotaxis (GO:0071622),-0.5541150348490436,-1.0908684683985368,0.36394557823129253,0.9995056933997315,1.0,7/10,37.27%,S100A14;MAPK3;JAM3;MAPK1;CSF1;RARRES2;PTK2
prerank,GO_Biological_Process_2025__Negative Regulation of Transport (GO:0051051),-0.5076813806992841,-1.0907988917385065,0.3780687397708674,0.9983458664169041,1.0,5/19,14.61%,SFRP4;SNX3;MCTP1;RUBCN;PTEN
prerank,GO_Biological_Process_2025__Anterograde Trans-Synaptic Signaling (GO:0098916),-0.4482291539701194,-1.0906852675494811,0.357032457496136,0.997388595669108,1.0,6/32,7.72%,PCDHB2;PCDHB14;SLC12A6;AKAP9;SPG11;RPS6KA3
prerank,GO_Biological_Process_2025__Macroautophagy (GO:0016236),-0.3764834828062501,-1.0906728272749915,0.3055198973042362,0.9960866000696774,1.0,8/117,6.56%,ATG13;PEX5;SNX14;WDR45B;ARFIP2;ATP13A2;ATG16L1;SPG11
prerank,GO_Biological_Process_2025__Regulation of Cell Adhesion (GO:0030155),-0.3996878340384829,-1.0904842378158095,0.32918395573997233,0.9953644248548377,1.0,7/72,9.64%,AZU1;SAA2;CXCR4;CELSR2;TPM1;LMNB2;REXO2
prerank,GO_Biological_Process_2025__Protein Localization to Synapse (GO:0035418),-0.5545336588151332,-1.0903811277910822,0.39347079037800686,0.9943653068833612,1.0,2/9,7.02%,STAU2;NLGN2
prerank,GO_Biological_Process_2025__Regulation of SMAD Protein Signal Transduction (GO:0060390),0.4221564743767298,1.0901318002532234,0.33246753246753247,1.0,1.0,8/22,16.78%,GDF11;BMP6;NUP93;TGFBR3;FAM89B;BMP5;BMP10;BMP7
prerank,GO_Biological_Process_2025__Regulation of Cellular Localization (GO:0060341),-0.4525952157956241,-1.090094958156233,0.3563579277864992,0.9939169500227607,1.0,2/31,2.13%,AFDN;PLEKHM2
prerank,DGIdb_Drug_Targets_2024__PAROXETINE,0.6011577562508127,1.0894825261571137,0.40714285714285714,1.0,1.0,1/5,2.74%,ATXN2
prerank,GO_Biological_Process_2025__Protein Localization to Cell Junction (GO:1902414),-0.509695567924165,-1.0892666797918216,0.3871527777777778,0.9950953782006629,1.0,3/16,7.81%,STAU2;NLGN2;PKN2
prerank,GO_Biological_Process_2025__Cellular Response to Metal Ion (GO:0071248),0.3865912734353136,1.088872431905117,0.3241590214067278,1.0,1.0,5/37,8.18%,SMPD1;BRAF;ANK3;BMP6;LLGL1
prerank,GO_Biological_Process_2025__Negative Regulation by Host of Viral Process (GO:0044793),0.595965421192085,1.0882364457881386,0.42032332563510394,1.0,1.0,1/5,4.03%,PTX3
prerank,GO_Biological_Process_2025__Negative Regulation of Immune Effector Process (GO:0002698),0.5490231483010068,1.0879205367421945,0.39568345323741005,1.0,1.0,3/7,8.85%,GRN;MASP1;CD55
prerank,GO_Biological_Process_2025__Regulation of Interleukin-1 Beta Production (GO:0032651),-0.45410427620086535,-1.0873825664371326,0.3546423135464231,0.9994097250517862,1.0,2/28,5.43%,AZU1;LILRA2
prerank,GO_Biological_Process_2025__Regulation of Protein Localization to Nucleus (GO:1900180),-0.47147636934239956,-1.087228852409743,0.38557993730407525,0.9985220047796989,1.0,3/24,4.57%,GLUL;EIF2AK3;ATP13A2
prerank,GO_Biological_Process_2025__TORC1 Signaling (GO:0038202),0.49205380838454343,1.0867760455521929,0.3632075471698113,1.0,1.0,1/12,0.67%,MTOR
prerank,GO_Biological_Process_2025__Regulation of Autophagy (GO:0010506),-0.3728559518925549,-1.0865591100414826,0.31469440832249673,0.9992443778871843,1.0,16/123,13.95%,FOXO1;ATG13;DEPDC5;RASIP1;ATP13A2;DAPK3;OSBPL7;PIK3C2A;ATG101;TRIM65;USP32;UBQLN2;RUBCN;MTMR9;CISD2;ATP6V0A2
prerank,GO_Biological_Process_2025__Negative Regulation of RNA Biosynthetic Process (GO:1902679),-0.39729612468670306,-1.086359732937633,0.32724719101123595,0.9985070301458709,1.0,6/73,5.42%,FOXO1;NIBAN2;RBBP7;SMAD4;HMGB2;APOBEC3C
prerank,GO_Biological_Process_2025__Transport Across Blood-Brain Barrier (GO:0150104),-0.4787966877145135,-1.0863503273494295,0.3824959481361426,0.9972177934898153,1.0,10/25,28.17%,SLC5A6;ATP2B4;ABCB1;ABCC4;SLCO3A1;LEPROT;SLC1A5;SLC6A6;SLC27A4;TFRC
prerank,GO_Biological_Process_2025__Positive Regulation of Mitotic Cell Cycle (GO:0045931),-0.5616180720435201,-1.086271068046278,0.4057971014492754,0.9961146524198703,1.0,3/9,10.55%,DUSP3;PKN2;SPHK1
prerank,GO_Biological_Process_2025__Lung Development (GO:0030324),-0.593180585112762,-1.0857551685725773,0.375,0.996343149652762,1.0,1/6,2.74%,FGFR2
prerank,GO_Biological_Process_2025__Neuron Migration (GO:0001764),-0.48671413637741073,-1.0857504529045572,0.3808,0.9950417540439186,1.0,4/23,9.81%,NDNF;PEX13;SPOCK1;SEPTIN4
prerank,GO_Biological_Process_2025__Interleukin-6-Mediated Signaling Pathway (GO:0070102),-0.6080210515699858,-1.0857295118117503,0.3974358974358974,0.9937964912110481,1.0,2/7,15.71%,SMAD4;FER
prerank,GO_Biological_Process_2025__Regulation of Supramolecular Fiber Organization (GO:1902903),0.4244666487762854,1.0854214573970706,0.3392405063291139,1.0,1.0,1/22,0.56%,AKAP13
prerank,GO_Biological_Process_2025__Regulation of Keratinocyte Proliferation (GO:0010837),-0.5994433699741729,-1.0853612826159902,0.40754039497307004,0.9936035169483824,1.0,1/6,2.74%,FGFR2
prerank,GO_Biological_Process_2025__Nuclear Pore Organization (GO:0006999),0.5465305469329738,1.0851865174541917,0.3788546255506608,1.0,1.0,4/7,19.13%,NUP93;NUP54;SEH1L;NUP107
prerank,GO_Biological_Process_2025__Regulation of Fat Cell Differentiation (GO:0045598),-0.4995957593112535,-1.08481883018186,0.3762214983713355,0.9939367462733089,1.0,1/17,0.11%,FOXO1
prerank,GO_Biological_Process_2025__Negative Regulation of Endothelial Cell Apoptotic Process (GO:2000352),-0.5293400325262498,-1.084312640521497,0.3904923599320883,0.9941328500230562,1.0,3/13,12.38%,NDNF;SCG2;TNIP2
prerank,GO_Biological_Process_2025__Histone mRNA Metabolic Process (GO:0008334),0.5315731425532491,1.0840734870101512,0.378076062639821,1.0,1.0,2/8,13.47%,TUT7;MTPAP
prerank,GO_Biological_Process_2025__Positive Regulation of Proteolysis (GO:0045862),0.4088668138220121,1.083435374267999,0.3333333333333333,1.0,1.0,8/29,14.25%,GPLD1;CYFIP2;ANGPTL8;FADD;STUB1;RHBDD1;CLN6;FURIN
prerank,GO_Biological_Process_2025__Regulation of Ketone Metabolic Process (GO:0010565),-0.6154217962466424,-1.0825251402477807,0.42451154529307283,0.9980910672267534,1.0,1/6,4.13%,FGFR4
prerank,GO_Biological_Process_2025__Positive Regulation of Neuron Projection Development (GO:0010976),-0.424854336762705,-1.0819474302831134,0.3523238380809595,0.998569227346982,1.0,3/44,2.46%,PTK7;NDNF;DHX36
prerank,GO_Biological_Process_2025__Ventricular Cardiac Muscle Tissue Development (GO:0003229),-0.56707285977815,-1.0817005186463762,0.3938356164383562,0.9979616362959197,1.0,3/8,14.18%,FGFR2;TPM1;FKBP1A
prerank,GO_Biological_Process_2025__Axonal Transport (GO:0098930),-0.46596100654708844,-1.081238500442503,0.35802469135802467,0.9980569637428615,1.0,1/26,0.44%,KIF3B
prerank,GO_Biological_Process_2025__Ribosome Biogenesis (GO:0042254),-0.44094204600815273,-1.0811395620741815,0.36818181818181817,0.997057945644062,1.0,12/38,13.70%,GLUL;RPS13;EXOSC2;MRM3;PIN4;RPS19;RPS6;EIF1AX;RPS4X;RPL11;RPS16;RPS23
prerank,GO_Biological_Process_2025__Intracellular Signaling Cassette (GO:0141124),-0.36832881290049735,-1.0802716011875992,0.3282636248415716,0.9983510572223918,1.0,18/138,11.98%,BIRC2;NDNF;EIF2AK3;TNK2;FCGR3B;ARFIP2;SELE;SMAD4;FGFR3;CXCR4;GNA15;MAP2K5;PIK3C2A;OMA1;SPHK1;HACD3;MCTP1;SCG2
prerank,GO_Biological_Process_2025__Monoatomic Cation Transmembrane Transport (GO:0098655),-0.4064930407592562,-1.080237297567675,0.3443526170798898,0.9971573058134242,1.0,24/58,30.74%,CCDC51;SLC12A6;ATP2B4;HVCN1;ATP6V0A2;ATP6V0A1;ATP6V1C1;TRPC6;ATP6AP2;TMCO1;SLC6A4;SLC39A7;ORAI1;TRPM4;ATP6V0D1;SLC6A6;TMEM165;TRPV2;ATP5MF;KCNK6;ATP5PO;SLC31A1;SLC39A11;PRKD2
prerank,GO_Biological_Process_2025__Cellular Response to Insulin Stimulus (GO:0032869),-0.408788033271755,-1.080114155341215,0.35807860262008734,0.9962548834370666,1.0,8/54,11.80%,FOXO1;PRKDC;IRS2;RHOQ;PIK3C2A;AKT2;BGLAP;APPL1
prerank,GO_Biological_Process_2025__Establishment of Endothelial Barrier (GO:0061028),0.4304340813253182,1.0797342583758982,0.38005390835579517,1.0,1.0,4/19,10.24%,PDE2A;ROBO4;RAP2C;RAPGEF6
prerank,GO_Biological_Process_2025__Morphogenesis of an Epithelium (GO:0002009),-0.594826138867597,-1.0796520964448078,0.40409683426443205,0.9962060216066404,1.0,1/6,2.74%,FGFR2
prerank,GO_Biological_Process_2025__Pigment Biosynthetic Process (GO:0046148),-0.5326537252613726,-1.0796286510243225,0.39522998296422485,0.9950024041998313,1.0,1/11,0.26%,COX15
prerank,"GO_Biological_Process_2025__Phagocytosis, Engulfment (GO:0006911)",-0.4992245931338036,-1.079342524410048,0.3854660347551343,0.9945338558918363,1.0,4/16,13.88%,ITGAM;AIF1;ITGB2;MARCO
prerank,DGIdb_Drug_Targets_2024__IL 2,-0.5030725263462484,-1.0785720453204102,0.3710691823899371,0.9955051631478993,1.0,2/15,2.44%,FCGR3B;PRF1
prerank,GO_Biological_Process_2025__Digestive Tract Development (GO:0048565),0.5457490829493774,1.078078315958496,0.4198645598194131,1.0,1.0,2/7,2.09%,PCSK5;MEGF8
prerank,GO_Biological_Process_2025__Regulation of Sodium Ion Transmembrane Transport (GO:1902305),-0.560604859642489,-1.0776975247144909,0.39454545454545453,0.9967296153120094,1.0,3/9,13.05%,UTRN;ATP2B4;NEDD4L
prerank,GO_Biological_Process_2025__Positive Regulation of Peptidyl-Serine Phosphorylation (GO:0033138),0.4908612281077316,1.0776717992899285,0.4009546539379475,1.0,1.0,6/12,26.82%,BRAF;SPRY2;ARAF;TXN2;PDCD10;STK4
prerank,DGIdb_Drug_Targets_2024__PIMASERTIB,0.5939068262495262,1.0776041988374943,0.40563991323210413,1.0,1.0,1/5,2.55%,BRAF
prerank,GO_Biological_Process_2025__Regulation of Neurotransmitter Transport (GO:0051588),-0.6106513510947544,-1.0775398948927728,0.3860294117647059,0.9958555793257596,1.0,3/5,27.84%,MCTP1;MCTP2;FLOT1
prerank,GO_Biological_Process_2025__Oxaloacetate Metabolic Process (GO:0006107),-0.6340851858408321,-1.0774158850837658,0.4229390681003584,0.9949874679746673,1.0,1/5,5.45%,NIT2
prerank,GO_Biological_Process_2025__NLS-bearing Protein Import Into Nucleus (GO:0006607),0.5421035325780038,1.0772458663229558,0.40848214285714285,1.0,1.0,3/7,13.23%,KPNA6;KPNA3;NUP54
prerank,GO_Biological_Process_2025__Keratan Sulfate Proteoglycan Biosynthetic Process (GO:0018146),-0.6222472684513485,-1.0764263022261578,0.4343065693430657,0.9965335449860009,1.0,2/6,15.28%,B3GNT7;CHST1
prerank,DGIdb_Drug_Targets_2024__COBIMETINIB,0.5429869588428777,1.0763705560690704,0.389010989010989,1.0,1.0,3/8,16.58%,BRAF;CBL;ARAF
prerank,GO_Biological_Process_2025__Negative Regulation of Double-Strand Break Repair (GO:2000780),0.5587213294096611,1.0763132047024044,0.3741339491916859,1.0,1.0,1/7,0.86%,HELB
prerank,GO_Biological_Process_2025__Antigen Processing and Presentation of Exogenous Peptide Antigen via MHC Class I (GO:0042590),-0.5999282200114222,-1.0761810635521905,0.4142335766423358,0.9959455831409764,1.0,1/6,3.97%,IFI30
prerank,DGIdb_Drug_Targets_2024__IBUPROFEN,0.5473447897452313,1.076124966244034,0.41203703703703703,1.0,1.0,1/7,0.95%,PTGER4
prerank,GO_Biological_Process_2025__Positive Regulation of Macrophage Activation (GO:0043032),-0.6075130985800253,-1.0758975575511682,0.4206896551724138,0.9954751418756291,1.0,2/6,12.38%,LBP;TNIP2
prerank,GO_Biological_Process_2025__Regulation of Toll-Like Receptor 9 Signaling Pathway (GO:0034163),-0.6066307399134395,-1.075836699419037,0.4225865209471767,0.994371686831048,1.0,1/6,4.06%,SLC15A4
prerank,GO_Biological_Process_2025__Positive Regulation of Mitotic Cytokinesis (GO:1903490),-0.6301758905482981,-1.0757556337908976,0.4343065693430657,0.993340481466559,1.0,1/5,4.29%,NUP62
prerank,GO_Biological_Process_2025__Negative Regulation of Calcium Ion Transmembrane Transport (GO:1903170),-0.5434665180015222,-1.0753733214051036,0.4109090909090909,0.9932316084287599,1.0,3/10,13.16%,EPX;SESTD1;PPP3CB
prerank,GO_Biological_Process_2025__Activation of Protein Kinase Activity (GO:0032147),0.43590220502978955,1.0749859991942758,0.37900874635568516,1.0,1.0,4/20,10.17%,STK11;PDPK1;IGF1;CHI3L1
prerank,GO_Biological_Process_2025__Ribosome-Associated Ubiquitin-Dependent Protein Catabolic Process (GO:1990116),-0.6329899481163941,-1.0747032465894346,0.4203935599284436,0.9938131253410875,1.0,3/5,23.36%,LTN1;ZNF598;NEMF
prerank,GO_Biological_Process_2025__Positive Regulation of Triglyceride Metabolic Process (GO:0090208),0.536822679513034,1.074566795688604,0.40632054176072235,1.0,1.0,3/8,15.39%,GPLD1;APOA4;LDLR
prerank,DGIdb_Drug_Targets_2024__INDOMETHACIN,-0.5486746785715756,-1.0743372579414743,0.41518578352180935,0.993593504863174,1.0,4/11,9.23%,FCGR3B;ACE;ENO2;ITGB2
prerank,GO_Biological_Process_2025__Mitochondrial Fusion (GO:0008053),-0.5631301980108863,-1.0741849705092963,0.4191304347826087,0.9927866713592113,1.0,8/9,43.56%,TRABD;MIGA2;MFN2;FUNDC1;STOML2;GDAP1;MFN1;CHCHD3
prerank,GO_Biological_Process_2025__Positive Regulation of Defense Response (GO:0031349),0.36729343922453156,1.07344039934313,0.3355048859934853,1.0,1.0,7/45,6.60%,PTGER4;DHX9;TNIP1;LPL;PDE2A;GRN;FADD
prerank,GO_Biological_Process_2025__Acylglycerol Catabolic Process (GO:0046464),0.4996395253142313,1.0728752590417683,0.37844611528822053,1.0,1.0,3/11,10.87%,LPL;LIPE;LYPLA2
prerank,GO_Biological_Process_2025__Neuron Projection Development (GO:0031175),0.319555127254992,1.072666220873482,0.29411764705882354,1.0,1.0,19/98,18.92%,ARHGAP35;TSKU;PTPRM;TRIO;ATP7A;LLGL1;MYOC;BLOC1S5;WASL;STMN1;DTNBP1;L1CAM;EPB41L3;BMP7;MAP7D2;SHTN1;MAPK8IP3;MAP4K4;CDH23
prerank,GO_Biological_Process_2025__Regulation of Toll-Like Receptor 4 Signaling Pathway (GO:0034143),-0.5157149613795357,-1.0720810998074812,0.3990228013029316,0.9975568099342518,1.0,6/14,20.59%,LILRA2;LBP;APPL1;WDFY1;NDUFA2;BPIFB1
prerank,GO_Biological_Process_2025__C4-dicarboxylate Transport (GO:0015740),0.5609119835261344,1.0717165142099976,0.4090909090909091,1.0,1.0,1/7,0.44%,LRRC8C
prerank,GO_Biological_Process_2025__Heart Trabecula Morphogenesis (GO:0061384),0.4942216956336692,1.0709491404105955,0.3738738738738739,1.0,1.0,5/10,16.78%,TGFBR3;RBP4;BMP5;BMP10;BMP7
prerank,GO_Biological_Process_2025__Positive Regulation of Protein K63-linked Ubiquitination (GO:1902523),-0.6315418084225075,-1.070625841485788,0.42346938775510207,1.0,1.0,3/5,24.34%,UBE2V1;UBE2V2;DDX3X
prerank,DGIdb_Drug_Targets_2024__DACTOLISIB,0.4360851293272447,1.0706006125593837,0.37168141592920356,1.0,1.0,4/19,8.67%,MTOR;BRAF;PIK3R6;LTK
prerank,GO_Biological_Process_2025__Defense Response to Virus (GO:0051607),0.33482868753257067,1.0705142312880018,0.30662020905923343,1.0,1.0,22/76,13.28%,BST2;AKAP1;GBP2;CNOT7;IFIT1;FCN3;FADD;IFI27;SERINC3;NT5C3A;MBL2;STAT1;PLSCR1;IFI6;IFIT3;NLRC5;OAS3;OAS2;MOV10;TRIM56;TRIM13;LYST
prerank,GO_Biological_Process_2025__Regulation of Myeloid Leukocyte Mediated Immunity (GO:0002886),-0.6043869643558497,-1.0702899978420581,0.4306049822064057,1.0,1.0,4/6,25.80%,FES;UNC13D;DNASE1;SYK
prerank,GO_Biological_Process_2025__Peptidyl-Glutamic Acid Modification (GO:0018200),-0.6190900579168425,-1.069539873015772,0.43399638336347196,1.0,1.0,2/5,16.32%,NAA20;CEP41
prerank,DGIdb_Drug_Targets_2024__SIROLIMUS,0.48388036344875235,1.0692720276749421,0.4058679706601467,1.0,1.0,1/13,0.67%,MTOR
prerank,GO_Biological_Process_2025__Amino Acid Import Across Plasma Membrane (GO:0089718),-0.598449880935387,-1.0691238108092205,0.43716814159292033,1.0,1.0,4/6,26.20%,SLC22A4;SLC1A5;SLC6A6;SLC3A2
prerank,GO_Biological_Process_2025__Positive Regulation of Small GTPase Mediated Signal Transduction (GO:0051057),-0.4479696928964505,-1.0690741446793703,0.3853211009174312,1.0,1.0,4/30,6.49%,ARHGEF3;EPX;MCF2L;SHOC2
prerank,GO_Biological_Process_2025__Transforming Growth Factor Beta Receptor Signaling Pathway (GO:0007179),0.37263915450755863,1.0685998002798152,0.3472222222222222,1.0,1.0,9/40,14.25%,WFIKKN2;TSKU;COL1A2;ARRB2;TGFBR3;COL3A1;SMAD2;CDH5;FURIN
prerank,GO_Biological_Process_2025__Membraneless Organelle Assembly (GO:0140694),0.3336419303968144,1.0681649085753089,0.3273381294964029,1.0,1.0,22/74,20.61%,JMJD6;HAUS5;ATXN2;TMOD1;TUBGCP6;TUBGCP2;EDC3;SH3PXD2B;PPP2R1B;UBAP2L;HDAC3;MAPRE1;SQSTM1;RNF213;EIF4ENIF1;WNK1;C9ORF72;PRRC2C;MYL9;HAUS3;CSDE1;TMOD3
prerank,GO_Biological_Process_2025__Amino Acid Catabolic Process (GO:0009063),-0.5230391455890973,-1.0680303498798285,0.41430948419301167,1.0,1.0,3/13,17.29%,BCKDHB;DBT;BCKDHA
prerank,GO_Biological_Process_2025__Negative Regulation of Macrophage Derived Foam Cell Differentiation (GO:0010745),0.5694070637991925,1.0676553815692034,0.42452830188679247,1.0,1.0,1/5,4.40%,ADIPOQ
prerank,GO_Biological_Process_2025__N-acetylneuraminate Metabolic Process (GO:0006054),0.5166434985269129,1.067617486644161,0.3855421686746988,1.0,1.0,1/9,1.42%,NANP
prerank,GO_Biological_Process_2025__Regulation of Androgen Receptor Signaling Pathway (GO:0060765),-0.5761872552280076,-1.0670478175329015,0.4468864468864469,1.0,1.0,1/7,1.58%,SAFB2
prerank,DGIdb_Drug_Targets_2024__PALBOCICLIB,-0.4871960827449305,-1.066927385634801,0.3848531684698609,1.0,1.0,6/19,14.61%,CDK6;MET;DAPK3;RPS6KA3;MAPK9;PTEN
prerank,GO_Biological_Process_2025__Golgi to Plasma Membrane Transport (GO:0006893),-0.4196496668609001,-1.0667374718935079,0.37315634218289084,1.0,1.0,6/44,9.36%,KRT18;GOLGA7;EXOC6B;GGA1;GGA2;GOLPH3
prerank,GO_Biological_Process_2025__Positive Regulation of Response to External Stimulus (GO:0032103),0.3410770345127666,1.06667926308025,0.33568904593639576,1.0,1.0,18/66,17.39%,PTGER4;DHX9;TNIP1;LPL;PDE2A;GRN;BMP6;SCARF1;FADD;PLSCR1;TRIM56;MMRN2;LY96;APOH;PDGFB;TREM2;IL17RA;GPSM3
prerank,GO_Biological_Process_2025__Glucose Homeostasis (GO:0042593),-0.4447768943370709,-1.0666183911945515,0.37537537537537535,1.0,1.0,4/37,4.13%,FOXO1;LRRC8A;NUCKS1;FGFR4
prerank,GO_Biological_Process_2025__Positive Regulation of mRNA Processing (GO:0050685),-0.5526233402805211,-1.0663422690195439,0.4288107202680067,1.0,1.0,1/9,2.46%,DHX36
prerank,GO_Biological_Process_2025__T Cell Differentiation in Thymus (GO:0033077),0.5957793079403797,1.0663039176381461,0.432183908045977,1.0,1.0,2/5,23.18%,FADD;RIPK3
prerank,GO_Biological_Process_2025__Negative Chemotaxis (GO:0050919),-0.5535282807993407,-1.0661654596991952,0.4214876033057851,0.9995752387443876,1.0,4/9,20.17%,SEMA3B;UNC5C;SEMA3F;RHOA
prerank,GO_Biological_Process_2025__Positive Regulation of Vasoconstriction (GO:0045907),-0.5964943119087175,-1.065950894736648,0.4265232974910394,0.9989226883381614,1.0,4/6,34.24%,F2R;FGB;TRPM4;TBXA2R
prerank,GO_Biological_Process_2025__Regulation of Cytokine Production Involved in Inflammatory Response (GO:1900015),-0.48537461178091323,-1.0658788905233003,0.4040561622464899,0.997881696872646,1.0,5/21,13.17%,CHID1;IRF3;APPL1;PDCD4;MAPK9
prerank,GO_Biological_Process_2025__High-Density Lipoprotein Particle Assembly (GO:0034380),0.5386947240754439,1.0656282484452437,0.3681917211328976,1.0,1.0,4/7,25.11%,ABCA7;APOA1;APOA2;APOE
prerank,GO_Biological_Process_2025__Positive Regulation of Programmed Cell Death (GO:0043068),-0.36704899384134926,-1.0648091341590156,0.3521505376344086,0.9996166987070177,1.0,17/109,15.69%,FOXO1;SFRP4;BCL10;STK17A;DHCR7;DAPK3;RASSF2;RPS6;OMA1;ACIN1;SEPTIN4;TMEM164;PPID;CASP9;C3ORF38;TNFAIP8;F2R
prerank,GO_Biological_Process_2025__Regulation of Exosomal Secretion (GO:1903541),-0.5108886611910943,-1.064485341356922,0.42327150084317033,0.9992429335900705,1.0,8/13,39.96%,VPS4B;SDC1;CHMP2A;VPS4A;SNF8;PDCD6IP;SDC4;STAM
prerank,GO_Biological_Process_2025__Response to Purine-Containing Compound (GO:0014074),-0.5751312154904489,-1.0638935992919611,0.43884892086330934,0.9997314473384097,1.0,3/8,15.83%,DGKQ;NT5E;NDUFS4
prerank,GO_Biological_Process_2025__Extracellular Matrix Assembly (GO:0085029),0.5153956652275913,1.0628876061415655,0.4053398058252427,1.0,1.0,5/9,27.75%,MFAP4;EFEMP2;QSOX1;FBLN5;TNXB
prerank,GO_Biological_Process_2025__Regulation of mRNA Stability (GO:0043488),-0.4349641844644958,-1.0627478739667986,0.375,1.0,1.0,10/33,21.58%,DHX36;FUS;TAF15;TBRG4;CARHSP1;VIM;FASTKD5;FXR1;YBX1;NPM1
prerank,GO_Biological_Process_2025__Negative Regulation of NLRP3 Inflammasome Complex Assembly (GO:1900226),0.5516629386457744,1.0627161636522688,0.42691415313225056,1.0,1.0,4/6,30.95%,ZDHHC12;TREM2;CARD8;LAMP2
prerank,GO_Biological_Process_2025__Regulation of Neurotransmitter Receptor Activity (GO:0099601),-0.612319656844821,-1.0615659402112465,0.4171322160148976,1.0,1.0,2/5,25.41%,NLGN2;RELN
prerank,GO_Biological_Process_2025__Xenobiotic Transport (GO:0042908),-0.596609329844149,-1.0613930273091376,0.4385026737967914,1.0,1.0,2/6,11.57%,ABCB1;SLC22A4
prerank,GO_Biological_Process_2025__DNA Repair (GO:0006281),-0.398006307503415,-1.061210265038484,0.36916548797736914,1.0,1.0,29/67,26.57%,PRKDC;OTUD4;PNKP;NUCKS1;MGME1;PARP4;WRNIP1;XRCC1;CETN2;RPS3;TDP2;RAD50;CDKN2D;UBE2V1;XRCC6;EXD2;CIB1;NPM1;BABAM2;RAD23B;UBE2V2;TOP3B;USP7;COMMD1;ASCC2;RPA3;HMGB1;PPP5C;USP9X
prerank,GO_Biological_Process_2025__GTP Metabolic Process (GO:0046039),-0.543350771242353,-1.0612046173933474,0.4426807760141093,1.0,1.0,1/9,4.10%,RHOQ
prerank,GO_Biological_Process_2025__Response to Type I Interferon (GO:0034340),0.5323930353052146,1.060594558257225,0.3859223300970874,1.0,1.0,2/7,4.05%,SMPD1;IFIT1
prerank,GO_Biological_Process_2025__Regulation of Biosynthetic Process (GO:0009889),-0.5736626811192058,-1.0599167972185537,0.418848167539267,1.0,1.0,2/7,14.65%,HVCN1;STC2
prerank,GO_Biological_Process_2025__Arachidonate Metabolic Process (GO:0019369),0.48200987257042105,1.0594473846278052,0.40954773869346733,1.0,1.0,1/12,0.25%,EPHX1
prerank,GO_Biological_Process_2025__Glycoprotein Metabolic Process (GO:0009100),0.3913277024528737,1.0593884939379365,0.3689839572192513,1.0,1.0,5/26,16.07%,TNIP1;OGA;HEXB;GAL3ST4;ADAMTS13
prerank,GO_Biological_Process_2025__Cellular Response to Superoxide (GO:0071451),0.5054210669152122,1.0592088930116041,0.445916114790287,1.0,1.0,2/9,5.73%,ATP7A;APOA4
prerank,GO_Biological_Process_2025__Regulation of Autophagy of Mitochondrion (GO:1903146),0.500709443754454,1.0590234338961202,0.4364508393285372,1.0,1.0,5/10,22.14%,GSK3A;HTRA2;FKBP8;FBXO7;CSNK2A2
prerank,GO_Biological_Process_2025__Regulation of Cellular Senescence (GO:2000772),-0.5497344986858632,-1.0586172167213668,0.41308089500860584,1.0,1.0,4/9,20.77%,CDK6;S100A9;PTEN;YBX1
prerank,GO_Biological_Process_2025__- Reg of Adenylate Cyclase-Activating GPCR Sgnlng Pway (GO:0106072),-0.6156118147713765,-1.0584819071272902,0.4160839160839161,1.0,1.0,3/5,13.63%,CRTC3;ATP2B4;MGRN1
prerank,GO_Biological_Process_2025__Reticulophagy (GO:0061709),0.46755478095103187,1.0582570319017324,0.3970223325062035,1.0,1.0,1/13,2.37%,RB1CC1
prerank,GO_Biological_Process_2025__Protein Targeting to Mitochondrion (GO:0006626),-0.4200736628949903,-1.0580851356137748,0.3876582278481013,1.0,1.0,12/39,26.19%,TIMM10B;TOMM40L;TIMM21;TOMM22;FIS1;MTX2;PMPCA;MFN2;NDUFA13;TIMM22;BCAP31;TIMM44
prerank,GO_Biological_Process_2025__Establishment of Apical/Basal Cell Polarity (GO:0035089),-0.5645573309798162,-1.0579911931941792,0.44076655052264807,1.0,1.0,6/8,34.79%,EZR;OPHN1;RHOA;CDC42;RAP2A;MSN
prerank,GO_Biological_Process_2025__Negative Regulation of ERBB Signaling Pathway (GO:1901185),0.491498135007722,1.0579800363539025,0.4145785876993166,1.0,1.0,3/11,12.36%,PTPN2;ITGA1;CBL
prerank,GO_Biological_Process_2025__Response to Chemokine (GO:1990868),0.49968358071339125,1.0578528200870108,0.38795180722891565,1.0,1.0,4/10,18.66%,SH2B3;RIPOR2;DOCK8;WNK1
prerank,GO_Biological_Process_2025__Cellular Response to Unfolded Protein (GO:0034620),-0.4640252429810397,-1.0575531228295667,0.4057507987220447,1.0,1.0,8/22,25.15%,EIF2AK3;TBL2;DERL1;BAK1;CDK5RAP3;YOD1;ERMP1;SELENOS
prerank,GO_Biological_Process_2025__Muscle Tissue Morphogenesis (GO:0060415),0.5571428058417481,1.0565461980157425,0.44325481798715205,1.0,1.0,3/6,21.19%,TGFBR3;TTR;EFEMP2
prerank,GO_Biological_Process_2025__Regulation of Stem Cell Proliferation (GO:0072091),-0.613062537975273,-1.0564798620459992,0.44363636363636366,1.0,1.0,1/5,4.91%,HMGB2
prerank,GO_Biological_Process_2025__Myelination (GO:0042552),-0.502421560702782,-1.0559672984764912,0.39473684210526316,1.0,1.0,4/16,12.36%,ARHGEF10;CXCR4;EIF2B5;SELENOI
prerank,GO_Biological_Process_2025__Regulation of Viral Transcription (GO:0046782),0.5504579198830358,1.0558419746034524,0.41865509761388287,1.0,1.0,1/6,1.25%,TARBP2
prerank,GO_Biological_Process_2025__Protein-Containing Complex Disassembly (GO:0032984),-0.4192679579215742,-1.0551974984065187,0.4083694083694084,1.0,1.0,2/44,0.72%,PEX5;SNX14
prerank,GO_Biological_Process_2025__Basement Membrane Organization (GO:0071711),-0.6047534946451998,-1.054921688021182,0.4246100519930676,1.0,1.0,1/5,3.68%,HMCN1
prerank,GO_Biological_Process_2025__Adherens Junction Organization (GO:0034332),-0.4665194790513215,-1.0548853877748279,0.413290113452188,1.0,1.0,2/20,7.81%,CDH24;PKN2
prerank,GO_Biological_Process_2025__Negative Regulation of Canonical Wnt Signaling Pathway (GO:0090090),0.3867375318546714,1.0548676408356408,0.3701657458563536,1.0,1.0,10/33,13.03%,SFRP1;IGFBP1;STK11;NOTUM;GSK3A;LATS1;CCDC88C;KREMEN1;UBAC2;FRMD8
prerank,GO_Biological_Process_2025__Negative Regulation of Chemotaxis (GO:0050922),-0.5966020875363165,-1.0548316152039217,0.42560553633217996,1.0,1.0,2/6,7.21%,ELANE;DUSP3
prerank,GO_Biological_Process_2025__Triglyceride Metabolic Process (GO:0006641),0.4231536838323132,1.0545802740197485,0.38320209973753283,1.0,1.0,8/21,16.92%,LPL;TMEM68;LIPE;DGAT1;LPIN2;APOH;SEL1L;APOC1
prerank,GO_Biological_Process_2025__Positive Regulation of Exosomal Secretion (GO:1903543),-0.5174788888924451,-1.054443214132518,0.42495784148397975,1.0,1.0,8/12,39.96%,VPS4B;SDC1;CHMP2A;VPS4A;SNF8;PDCD6IP;SDC4;STAM
prerank,GO_Biological_Process_2025__Cellular Response to Oxygen Levels (GO:0071453),-0.5625294960125871,-1.0541920432230705,0.4486301369863014,1.0,1.0,5/8,37.43%,ATP6V0A2;NDUFS2;ATP6V0D1;TSC1;PICK1
prerank,GO_Biological_Process_2025__Protein Processing (GO:0016485),0.3405625510197286,1.0540238485576492,0.3354632587859425,1.0,1.0,19/67,17.41%,CPM;PCSK5;GGT1;CASP2;TLL2;DDI2;MMP14;TLL1;KLKB1;YME1L1;CTSS;HTRA2;FURIN;HPR;CLN5;ADAMTS13;ADAM17;C1R;F12
prerank,GO_Biological_Process_2025__Positive Regulation of Innate Immune Response (GO:0045089),-0.4840265022593391,-1.0536683426961593,0.40858505564387915,1.0,1.0,5/18,9.39%,NMI;ZDHHC5;SLC15A4;RPS19;LBP
prerank,GO_Biological_Process_2025__Insulin Secretion (GO:0030073),-0.5903169014084507,-1.0534189137525827,0.43617021276595747,1.0,1.0,6/6,41.05%,RAB43;CYB5R4;CAMK2G;PARK7;PDHX;SELENOT
prerank,GO_Biological_Process_2025__Positive Regulation of Cell Population Proliferation (GO:0008284),-0.3494310358591071,-1.053244784229474,0.3855721393034826,1.0,1.0,20/161,10.62%,HCK;ELANE;EPX;PRMT1;IRS2;FGFR2;GRK5;CDK6;RPRD1B;ACTL6A;FGFR4;FGFR3;PRTN3;CDK2;AIF1;RPS6;S100A9;SSR1;SPHK1;RPS4X
prerank,GO_Biological_Process_2025__Positive Regulation of Wound Healing (GO:0090303),0.4186161026428015,1.0530367174909059,0.3681462140992167,1.0,1.0,1/21,0.67%,MTOR
prerank,GO_Biological_Process_2025__Positive Regulation of Translational Initiation (GO:0045948),0.5286186496966404,1.0530321255514243,0.3976190476190476,1.0,1.0,1/8,0.67%,MTOR
prerank,GO_Biological_Process_2025__Regulation of Ubiquitin-Dependent Protein Catabolic Process (GO:2000058),0.38725300267195956,1.05245009140026,0.375,1.0,1.0,5/30,11.87%,MTOR;LATS1;PDCL3;RAD23A;ATXN3
prerank,GO_Biological_Process_2025__Positive Regulation of DNA-templated Transcription (GO:0045893),-0.33416023778131765,-1.0524091253619856,0.3652762119503946,1.0,1.0,23/266,5.15%,FOXO1;BCL10;EIF2AK3;EPX;PRKDC;PKP1;NIBAN2;DHX36;FGFR2;NUCKS1;EDF1;CRTC3;AGO1;RPRD1B;MUC1;RBBP7;ACTL6A;RHOQ;NUP62;SMAD4;ANKRD49;HMGB2;IRF3
prerank,GO_Biological_Process_2025__Monocarboxylic Acid Biosynthetic Process (GO:0072330),-0.45095310011858886,-1.0517912545738595,0.4025974025974026,1.0,1.0,9/28,15.58%,SLC27A2;ACSF3;OSBPL7;LIPG;OSBPL1A;ACACA;CBR4;NDUFAB1;OSBPL2
prerank,GO_Biological_Process_2025__Regulation of Signal Transduction by P53 Class Mediator (GO:1901796),0.4640173676372463,1.0516637215863704,0.42702702702702705,1.0,1.0,2/15,3.50%,MTOR;STK11
prerank,GO_Biological_Process_2025__Establishment of Spindle Localization (GO:0051293),0.5779368598650574,1.0512422440149907,0.44097995545657015,1.0,1.0,3/5,26.98%,LLGL1;MAP4;DYNC1H1
prerank,GO_Biological_Process_2025__Negative Regulation of Smooth Muscle Cell Apoptotic Process (GO:0034392),0.5712133063386702,1.050982644940041,0.43231441048034935,1.0,1.0,4/5,12.70%,DIPK2A;STUB1;IGF1;LRP6
prerank,GO_Biological_Process_2025__SRP-dependent Cotranslational Protein Targeting to Membrane (GO:0006614),-0.5569741685478956,-1.050940340988816,0.42280701754385963,1.0,1.0,6/10,29.86%,SRP72;SRP54;SRP9;SRP68;SRPRA;ZFAND2B
prerank,GO_Biological_Process_2025__Meiotic Sister Chromatid Cohesion (GO:0051177),0.5537712270729328,1.0507834180905409,0.4364406779661017,1.0,1.0,3/6,9.67%,SMC3;PPP2R1B;PPP2R5D
prerank,DGIdb_Drug_Targets_2024__AZD 1080,-0.5403941790495158,-1.0505915598206543,0.4326241134751773,1.0,1.0,2/9,7.77%,STK17A;CDK2
prerank,GO_Biological_Process_2025__Substrate-Dependent Cell Migration (GO:0006929),0.484715858918554,1.050264043287295,0.39950980392156865,1.0,1.0,1/11,2.22%,ITGA11
prerank,GO_Biological_Process_2025__Ribosomal Small Subunit Biogenesis (GO:0042274),-0.45926314417312664,-1.0502618603357357,0.41379310344827586,1.0,1.0,11/21,25.78%,RPS13;RPS19;RPS6;RPS4X;RPS16;RPS23;RPS14;NPM1;RPS28;RPS25;RPS27
prerank,GO_Biological_Process_2025__Cell-Cell Junction Organization (GO:0045216),-0.430038987545867,-1.0501085842201365,0.38639876352395675,1.0,1.0,7/33,17.94%,CDH24;PRTN3;NLGN2;CSK;F2R;SMAD3;PRKCI
prerank,GO_Biological_Process_2025__Lipid Transport (GO:0006869),-0.4164911719402472,-1.0498241117312068,0.3931240657698057,1.0,1.0,6/40,9.51%,GLTPD2;PITPNM1;NPC1;GOT2;LBP;ABCC4
prerank,GO_Biological_Process_2025__Positive Regulation of Bone Mineralization (GO:0030501),0.5017785050060942,1.0497303883059355,0.41163793103448276,1.0,1.0,6/9,30.72%,BMP6;BMP7;SLC20A2;ATP2B1;PPP3CA;ISG15
prerank,GO_Biological_Process_2025__Positive Regulation of Biomineral Tissue Development (GO:0070169),0.5017785050060942,1.0497303883059355,0.41163793103448276,1.0,1.0,6/9,30.72%,BMP6;BMP7;SLC20A2;ATP2B1;PPP3CA;ISG15
prerank,GO_Biological_Process_2025__Pyroptotic Inflammatory Response (GO:0070269),-0.49884480952085586,-1.0489521245893714,0.432520325203252,1.0,1.0,2/15,4.71%,ELANE;GSDMA
prerank,GO_Biological_Process_2025__Oxoacid Metabolic Process (GO:0043436),-0.5781346046210175,-1.0481826459155295,0.42783505154639173,1.0,1.0,4/7,28.58%,S100A9;BPNT1;GRHPR;TPST1
prerank,GO_Biological_Process_2025__NADH Metabolic Process (GO:0006734),0.4603297785781251,1.0480603877982642,0.4088669950738916,1.0,1.0,1/13,0.63%,ENO3
prerank,GO_Biological_Process_2025__Protein Complex Oligomerization (GO:0051259),-0.3969505424395393,-1.0474356399383051,0.4211287988422576,1.0,1.0,6/52,3.87%,PEX5;BCL10;PRMT1;LRRC8A;FUS;UGDH
prerank,DGIdb_Drug_Targets_2024__PKI 587,0.4789486350337842,1.0470425921295354,0.4254807692307692,1.0,1.0,4/12,16.11%,MTOR;PIK3R6;PIK3C3;PIK3R4
prerank,GO_Biological_Process_2025__Regulation of Protein Lipidation (GO:1903059),0.5619719091490591,1.04672958881751,0.42757009345794394,1.0,1.0,2/5,15.48%,SVIP;PIK3C3
prerank,GO_Biological_Process_2025__Negative Regulation of Proteasomal Ubiquitin-Dependent Protein Catabolic Process (GO:0032435),0.42288071313629255,1.046418163583232,0.3984375,1.0,1.0,3/19,8.51%,N4BP1;FHIT;CAMLG
prerank,GO_Biological_Process_2025__Sulfur Compound Biosynthetic Process (GO:0044272),-0.4514461529604917,-1.0460259237094431,0.42170542635658914,1.0,1.0,6/27,16.34%,CHAC2;UGDH;CSGALNACT2;GSTM1;MAT2A;B3GALT6
prerank,GO_Biological_Process_2025__Neurotransmitter-Gated Ion Channel Clustering (GO:0072578),-0.5906416073300653,-1.0456287834328148,0.4497354497354497,1.0,1.0,3/5,31.01%,SHANK3;RELN;GPHN
prerank,GO_Biological_Process_2025__Protein Homotetramerization (GO:0051289),-0.4706869596128083,-1.0456225820342622,0.4283464566929134,1.0,1.0,12/19,36.60%,CBR4;ALDH9A1;OSBPL2;CRYZ;TRPM4;ITPR1;ACOT13;HSD17B10;PRKD2;SOD2;SSBP1;HPRT1
prerank,GO_Biological_Process_2025__Macrophage Differentiation (GO:0030225),-0.5650405863402355,-1.0455763925688513,0.45818815331010454,1.0,1.0,5/8,28.10%,IL1RL1;MMP9;NPM1;CDC42;CSF1
prerank,GO_Biological_Process_2025__Positive Regulation of Exocytosis (GO:0045921),-0.4427063086166477,-1.0453453517145017,0.4108527131782946,1.0,1.0,14/28,36.00%,ATP13A2;CLASP1;VPS4B;SDC1;FGB;UNC13D;RAB27A;RAB5A;CHMP2A;VPS4A;STXBP5;SNF8;PDCD6IP;SDC4
prerank,GO_Biological_Process_2025__Cellular Response to Topologically Incorrect Protein (GO:0035967),-0.4874280083600572,-1.0453219367694644,0.41887417218543044,1.0,1.0,2/15,8.18%,DNAJB14;DNAJB12
prerank,GO_Biological_Process_2025__Negative Regulation of Proteasomal Protein Catabolic Process (GO:1901799),0.3947165177634666,1.0452857923970023,0.40217391304347827,1.0,1.0,5/29,8.97%,N4BP1;FHIT;LAMP3;CAMLG;SVIP
prerank,GO_Biological_Process_2025__Negative Regulation of Response to External Stimulus (GO:0032102),-0.3898636779790331,-1.0450808718329319,0.4034334763948498,1.0,1.0,14/60,14.61%,ELANE;SAA2;NMI;MVK;SMPDL3B;LILRA2;DUSP3;TRIM65;REXO2;IRAK3;BANF1;SIGIRR;MIA3;PTEN
prerank,GO_Biological_Process_2025__Regulation of Receptor Binding (GO:1900120),0.5332067181988367,1.04487364684934,0.43160377358490565,1.0,1.0,2/7,8.58%,ADIPOQ;PTPRF
prerank,GO_Biological_Process_2025__Positive Regulation of Amide Metabolic Process (GO:0034250),0.4858304709221473,1.044785863166209,0.40852130325814534,1.0,1.0,2/11,6.47%,GSK3A;IFNGR1
prerank,GO_Biological_Process_2025__Neutrophil Activation (GO:0042119),-0.5369087181638724,-1.0442843859845128,0.44148936170212766,1.0,1.0,5/9,25.80%,LILRA2;ANXA1;DNASE1;CTSG;SYK
prerank,GO_Biological_Process_2025__Porphyrin-Containing Compound Biosynthetic Process (GO:0006779),-0.5080830792465126,-1.0430664600789945,0.43666666666666665,1.0,1.0,1/12,0.26%,COX15
prerank,GO_Biological_Process_2025__Axonogenesis (GO:0007409),0.33331629417002795,1.042611147607963,0.3344370860927152,1.0,1.0,20/77,18.29%,ARHGAP35;TRIO;TAOK2;ANK3;ROBO4;CYFIP2;PRKCQ;LLGL1;CNTN1;LYPLA2;NOTCH3;SSNA1;SEMA4D;PARD3;L1CAM;NPTN;NRCAM;EFNB1;SHTN1;SOS1
prerank,GO_Biological_Process_2025__Negative Regulation of Non-Canonical NF-kappaB Signal Transduction (GO:1901223),0.44869686812637394,1.0425036750975363,0.423728813559322,1.0,1.0,2/15,2.88%,ADIPOR1;HDAC7
prerank,GO_Biological_Process_2025__Heme Biosynthetic Process (GO:0006783),-0.513061589252922,-1.0422765983563043,0.4444444444444444,1.0,1.0,1/11,0.26%,COX15
prerank,GO_Biological_Process_2025__Amino Acid Metabolic Process (GO:0006520),0.49589804466788434,1.0422391773530055,0.41646489104116224,1.0,1.0,2/10,5.24%,GGT1;PCCB
prerank,GO_Biological_Process_2025__Angiotensin-Activated Signaling Pathway (GO:0038166),0.5604373925717173,1.0419979214205073,0.44766146993318484,1.0,1.0,2/6,13.67%,AHCYL1;ACTN2
prerank,GO_Biological_Process_2025__Regulation of Tumor Necrosis Factor-Mediated Signaling Pathway (GO:0010803),0.4134907795648256,1.0419764824726927,0.4083333333333333,1.0,1.0,3/23,4.40%,PTPN2;TMC8;ADIPOQ
prerank,GO_Biological_Process_2025__Long-Term Memory (GO:0007616),-0.5765576868929694,-1.0417399600374648,0.4618055555555556,1.0,1.0,1/7,3.13%,LRRN4
prerank,GO_Biological_Process_2025__Replication Fork Processing (GO:0031297),-0.6093019849452492,-1.0414237895115335,0.4737827715355805,1.0,1.0,3/5,19.87%,NUCKS1;RAD50;EXD2
prerank,GO_Biological_Process_2025__Regulation of Cytoskeleton Organization (GO:0051493),0.3334325856682159,1.041383169117586,0.3549618320610687,1.0,1.0,5/70,4.48%,BST2;ARHGAP35;MTOR;TAOK2;GSK3A
prerank,GO_Biological_Process_2025__Tube Closure (GO:0060606),-0.5191301062000798,-1.0410175177624479,0.42978003384094754,1.0,1.0,1/12,1.20%,BCL10
prerank,GO_Biological_Process_2025__Neural Tube Closure (GO:0001843),-0.5191301062000798,-1.0410175177624479,0.42978003384094754,1.0,1.0,1/12,1.20%,BCL10
prerank,GO_Biological_Process_2025__Primary Neural Tube Formation (GO:0014020),-0.5191301062000798,-1.0410175177624479,0.42978003384094754,1.0,1.0,1/12,1.20%,BCL10
prerank,GO_Biological_Process_2025__miRNA Metabolic Process (GO:0010586),-0.5853036030934164,-1.0408553167275398,0.4660714285714286,1.0,1.0,3/6,10.41%,XPO5;DIS3L2;DDX17
prerank,GO_Biological_Process_2025__T Cell Differentiation (GO:0030217),0.4335860377624931,1.040572483519469,0.3954659949622166,1.0,1.0,3/17,6.60%,PTPN2;NHEJ1;FADD
prerank,GO_Biological_Process_2025__Regulation of Cardiac Muscle Cell Proliferation (GO:0060043),-0.5930936973732321,-1.0402188457263684,0.44731977818853974,1.0,1.0,1/5,2.74%,FGFR2
prerank,GO_Biological_Process_2025__pre-miRNA Processing (GO:0031054),-0.5889648830571036,-1.0401036023384154,0.44964028776978415,1.0,1.0,2/6,3.31%,PRKRA;AGO1
prerank,DGIdb_Drug_Targets_2024__LEUCOVORIN,-0.4893039762816385,-1.0394148338508968,0.43973941368078173,1.0,1.0,3/16,9.51%,FGFR2;SELE;ABCC4
prerank,GO_Biological_Process_2025__RNA Methylation (GO:0001510),-0.5639720057817496,-1.0392890226716913,0.43537414965986393,1.0,1.0,2/7,5.96%,NSUN2;TARBP1
prerank,GO_Biological_Process_2025__Protein Depolymerization (GO:0051261),0.4529240367326846,1.0392680307579796,0.37889688249400477,1.0,1.0,4/14,16.48%,KATNB1;NCKAP5L;STMN1;TWF2
prerank,GO_Biological_Process_2025__Negative Regulation of Intracellular Signal Transduction (GO:1902532),0.297830153055111,1.0382053166775145,0.3515981735159817,1.0,1.0,20/129,10.27%,ADIPOR1;SH2B3;SMPD1;TARBP2;TNIP1;DGKD;HDAC7;TMC8;KANK2;PDE2A;ADIPOQ;GSK3A;NOL3;TSC2;STUB1;ARRB2;TGFBR3;C1QTNF3;FAM89B;STAT1
prerank,GO_Biological_Process_2025__Negative Regulation of Blood Coagulation (GO:0030195),0.40710128694701925,1.0381545207550567,0.4196185286103542,1.0,1.0,13/23,32.61%,KLKB1;CPB2;APOH;PDGFB;F12;PDGFA;APOE;KNG1;SERPINE1;PDGFRA;PF4;PROC;VTN
prerank,GO_Biological_Process_2025__Long-Chain Fatty Acid Transport (GO:0015909),-0.5121864646106278,-1.038064750605966,0.4379310344827586,1.0,1.0,1/12,2.95%,SLC27A2
prerank,GO_Biological_Process_2025__Positive Regulation of Protein Transport (GO:0051222),-0.4030221489572452,-1.037016324376453,0.4185022026431718,1.0,1.0,7/46,13.00%,RAB29;ATP13A2;RIPOR1;GOLPH3;IER3IP1;PPID;ADAM9
prerank,GO_Biological_Process_2025__Glycogen Catabolic Process (GO:0005980),0.4597684474170701,1.0369231281205864,0.41075794621026895,1.0,1.0,3/13,5.87%,ATG12;RB1CC1;GAA
prerank,DGIdb_Drug_Targets_2024__PLX4720,0.5523100393354583,1.0368143143641837,0.445916114790287,1.0,1.0,1/5,2.55%,BRAF
prerank,GO_Biological_Process_2025__Epigenetic Regulation of Gene Expression (GO:0040029),0.5023194867032801,1.036076220848206,0.42857142857142855,1.0,1.0,2/9,12.33%,HDAC7;HDAC3
prerank,GO_Biological_Process_2025__Cellular Response to Lipopolysaccharide (GO:0071222),-0.39259319048408703,-1.0352401008763803,0.4190751445086705,1.0,1.0,15/53,20.23%,HCK;BCL10;HMGB2;IRAK4;LBP;PDCD4;TNIP2;ADAM9;IRAK3;VIM;PF4V1;MMP9;MYD88;RHOA;NDUFA2
prerank,GO_Biological_Process_2025__Positive Regulation of Interleukin-8 Production (GO:0032757),-0.44169481454438586,-1.0347181839540995,0.41654135338345866,1.0,1.0,4/29,5.43%,FCN1;ELANE;BCL10;LILRA2
prerank,GO_Biological_Process_2025__Regulation of Protein Autophosphorylation (GO:0031952),-0.5566606217290497,-1.0346746390747783,0.4423728813559322,1.0,1.0,3/8,13.28%,RASSF2;MVP;TOM1L1
prerank,GO_Biological_Process_2025__Inorganic Anion Transport (GO:0015698),-0.5355114871028616,-1.034366176693762,0.44565217391304346,1.0,1.0,5/11,18.06%,SLC25A10;XPR1;TTYH3;CLIC4;MFSD5
prerank,GO_Biological_Process_2025__Sperm-Egg Recognition (GO:0035036),0.5621991496273981,1.0342605312881585,0.4604966139954853,1.0,1.0,3/5,20.51%,FETUB;UBAP2L;SPESP1
prerank,GO_Biological_Process_2025__Heme Metabolic Process (GO:0042168),-0.4738013229995849,-1.0339956706096185,0.4251207729468599,1.0,1.0,1/17,0.26%,COX15
prerank,GO_Biological_Process_2025__Hemopoiesis (GO:0030097),0.37187154759637214,1.0338762737495266,0.3877551020408163,1.0,1.0,6/36,9.37%,SH2B3;SFRP1;PGM3;MFAP5;IL7R;TGFBR3
prerank,GO_Biological_Process_2025__Regulation of D-glucose Import (GO:0046324),-0.4575492328123078,-1.0337108304326748,0.42295081967213116,1.0,1.0,6/21,11.80%,IRS2;RHOQ;PEA15;AKT2;ARPP19;APPL1
prerank,GO_Biological_Process_2025__Proton Motive Force-Driven ATP Synthesis (GO:0015986),0.34124601920249736,1.0329442170218979,0.36923076923076925,1.0,1.0,1/52,0.07%,VPS9D1
prerank,GO_Biological_Process_2025__Negative Regulation of Smooth Muscle Cell Migration (GO:0014912),-0.5682682778098027,-1.0327440508504204,0.4724137931034483,1.0,1.0,3/7,15.63%,TPM1;AIF1;IGFBP5
prerank,GO_Biological_Process_2025__Protein Maturation (GO:0051604),-0.36782424914088496,-1.0324112686533289,0.41553133514986373,1.0,1.0,17/85,14.70%,AZU1;XPNPEP3;RNF123;NAA20;GPAA1;BOLA3;GLRX5;LMF1;LMF2;ISCA1;NAA50;NDUFAB1;ADAM9;ATG4A;CASP9;FKBP1A;CCS
prerank,GO_Biological_Process_2025__Regulation of Golgi to Plasma Membrane Protein Transport (GO:0042996),-0.5595982272668909,-1.0322565067181342,0.4432624113475177,1.0,1.0,3/7,30.20%,CSK;PKDCC;RACK1
prerank,"GO_Biological_Process_2025__Mitochondrial Electron Transport, Cytochrome C to Oxygen (GO:0006123)",-0.5444302940144408,-1.0322445957806434,0.4642233856893543,1.0,1.0,2/9,13.45%,COX6A1;CYCS
prerank,GO_Biological_Process_2025__Positive Regulation of TOR Signaling (GO:0032008),-0.4024799505311096,-1.0317482707210492,0.41839762611275966,1.0,1.0,6/49,9.44%,PRMT1;WDR59;MIOS;OTUD5;GOLPH3;USP32
prerank,GO_Biological_Process_2025__Positive Regulation of Protein Localization to Cell Periphery (GO:1904377),-0.430765905482526,-1.03165125161641,0.4339622641509434,1.0,1.0,3/29,7.30%,PKP1;ZDHHC5;ATP2B4
prerank,GO_Biological_Process_2025__Myelination in Peripheral Nervous System (GO:0022011),-0.5568556245629478,-1.0313625406348796,0.43963963963963965,1.0,1.0,1/7,2.22%,ARHGEF10
prerank,GO_Biological_Process_2025__Inner Mitochondrial Membrane Organization (GO:0007007),-0.4500660338692271,-1.0311384253938696,0.423785594639866,1.0,1.0,2/26,6.70%,TIMM10B;LETM1
prerank,GO_Biological_Process_2025__Negative Regulation of Tumor Necrosis Factor-Mediated Signaling Pathway (GO:0010804),0.5052744784238051,1.0309515586116436,0.4485294117647059,1.0,1.0,1/8,1.44%,PTPN2
prerank,GO_Biological_Process_2025__Establishment of Endothelial Intestinal Barrier (GO:0090557),0.488314156757342,1.0309444668750265,0.4292803970223325,1.0,1.0,3/9,20.54%,RAP2C;RAPGEF6;RAB1B
prerank,GO_Biological_Process_2025__Regulation of Extent of Cell Growth (GO:0061387),0.5277404519928662,1.0305592609489014,0.4423529411764706,1.0,1.0,3/7,28.02%,NRCAM;APOE;CTTN
prerank,GO_Biological_Process_2025__Chromatin Organization (GO:0006325),0.3549920287596059,1.0305491223346666,0.3685800604229607,1.0,1.0,3/44,3.06%,JMJD6;DHX9;PSME4
prerank,GO_Biological_Process_2025__Regulation of ER to Golgi Vesicle-Mediated Transport (GO:0060628),0.5331182780957207,1.0304099970653262,0.4646924829157175,1.0,1.0,1/6,1.93%,TBC1D20
prerank,GO_Biological_Process_2025__Establishment or Maintenance of Apical/Basal Cell Polarity (GO:0035088),0.505604835705592,1.0300167681876682,0.4223744292237443,1.0,1.0,4/8,20.81%,LLGL1;DLG1;PARD3;MARK2
prerank,GO_Biological_Process_2025__Response to Alcohol (GO:0097305),0.45775309936359304,1.0293729639732219,0.4175,1.0,1.0,3/12,11.92%,PTGER4;TGFBR3;SMAD2
prerank,GO_Biological_Process_2025__Neuron Maturation (GO:0042551),0.5116435659234311,1.0282002034643942,0.4847775175644028,1.0,1.0,3/9,18.40%,SCARF1;CLN5;MTCH1
prerank,GO_Biological_Process_2025__Ceramide Metabolic Process (GO:0006672),0.44778016483014493,1.027911647256715,0.42144638403990026,1.0,1.0,1/14,0.93%,SMPD1
prerank,GO_Biological_Process_2025__DNA Conformation Change (GO:0071103),-0.5676932208264062,-1.0278918602263305,0.45692883895131087,1.0,1.0,2/7,4.91%,HMGB3;HMGB2
prerank,GO_Biological_Process_2025__Regulation of Intracellular Signal Transduction (GO:1902531),0.29952674505540067,1.0278189792816328,0.375,1.0,1.0,14/118,6.33%,ARHGAP35;AKAP13;MTOR;VRK2;TRIO;PTPMT1;ARHGAP30;STK11;PDE2A;PDPK1;BMP6;ARHGAP32;SMIM29;DIPK2A
prerank,GO_Biological_Process_2025__Phosphatidylinositol Phosphate Biosynthetic Process (GO:0046854),-0.454985515144654,-1.0274167403125154,0.45339652448657186,1.0,1.0,3/23,7.26%,PI4KB;PIP5K1B;PIK3C2A
prerank,GO_Biological_Process_2025__Fatty Acid Oxidation (GO:0019395),0.37458454103627464,1.0272398495667798,0.4106145251396648,1.0,1.0,3/30,4.40%,ADIPOR1;ECHDC2;ADIPOQ
prerank,GO_Biological_Process_2025__Intrinsic Apoptotic Signaling Pathway by P53 Class Mediator (GO:0072332),0.47176247932462867,1.027062457745839,0.4218009478672986,1.0,1.0,2/11,3.50%,FHIT;STK11
prerank,GO_Biological_Process_2025__Regulation of Cell Growth (GO:0001558),0.31703576337510503,1.0269770465388952,0.39705882352941174,1.0,1.0,6/84,3.50%,RAB33B;BST2;MTOR;SFRP1;TAOK2;STK11
prerank,GO_Biological_Process_2025__peptidyl-S-diacylglycerol-L-cysteine Biosynthetic Process From Peptidyl-Cysteine (GO:0018231),-0.5986735549783586,-1.0264723032750973,0.4604051565377532,1.0,1.0,1/5,3.59%,GOLGA7
prerank,GO_Biological_Process_2025__peptidyl-L-cysteine S-palmitoylation (GO:0018230),-0.5986735549783586,-1.0264723032750973,0.4604051565377532,1.0,1.0,1/5,3.59%,GOLGA7
prerank,GO_Biological_Process_2025__Regulation of Cell Motility (GO:2000145),-0.397433985815814,-1.0264290706101131,0.4196816208393632,1.0,1.0,17/49,27.22%,CDK6;CAVIN1;DAPK3;PKN2;AKT2;RCC2;MEAK7;CCL21;FES;CCDC25;RHOA;TNR;CYRIB;AMOTL1;INPP5F;AKT1;RTN4
prerank,GO_Biological_Process_2025__Pentose-Phosphate Shunt (GO:0006098),0.494893139882383,1.0262045759005411,0.43316831683168316,1.0,1.0,1/9,0.60%,PHGDH
prerank,GO_Biological_Process_2025__Positive Regulation of Lipid Catabolic Process (GO:0050996),-0.4879431642353115,-1.0257428693361945,0.43270868824531517,1.0,1.0,4/13,15.09%,IRS2;AKT2;CLSTN3;ABHD5
prerank,DGIdb_Drug_Targets_2024__IUPHAR.LIGAND:56,0.5136499071302889,1.0256018681524768,0.45080091533180777,1.0,1.0,4/7,25.29%,ABL1;A2M;ALDH1A1;A1BG
prerank,DGIdb_Drug_Targets_2024__MITOXANTRONE,0.46499932596736404,1.024884846612353,0.4538653366583541,1.0,1.0,2/11,6.35%,ATXN2;DCK
prerank,GO_Biological_Process_2025__Protein Localization to Lysosome (GO:0061462),-0.4375351461218667,-1.0247320809385074,0.4525993883792049,1.0,1.0,7/26,17.02%,ATP13A2;SNX16;SORL1;CD81;NAGPA;AP4M1;GCC2
prerank,GO_Biological_Process_2025__Monoubiquitinated Protein Deubiquitination (GO:0035520),-0.6101721760673806,-1.0244494895088054,0.4581005586592179,1.0,1.0,3/5,26.57%,USP32;USP7;USP9X
prerank,"GO_Biological_Process_2025__- Reg of Nuclear-Transcribed mRNA Cat Proc, Deadenylation-Dep Decay (GO:1900152)",0.5276048322303607,1.0236998937833837,0.477751756440281,1.0,1.0,1/7,1.27%,DHX9
prerank,GO_Biological_Process_2025__Regulation of Neuron Projection Development (GO:0010975),-0.37840776968874534,-1.023577134846302,0.42627737226277373,1.0,1.0,3/66,0.88%,PTK7;RAB29;NDNF
prerank,GO_Biological_Process_2025__Carboxylic Acid Transmembrane Transport (GO:1905039),-0.49251547084160635,-1.0232822736325258,0.4409448818897638,1.0,1.0,5/16,13.89%,LRRC8A;SLC5A6;SLC25A12;SLC25A10;SLC25A22
prerank,GO_Biological_Process_2025__Negative Regulation of Calcium Ion Import (GO:0090281),0.5529816952697635,1.0232557315758268,0.47058823529411764,1.0,1.0,1/5,2.95%,PPP3CC
prerank,GO_Biological_Process_2025__Regulation of Dendritic Cell Differentiation (GO:2001198),0.5208432839899049,1.0231715403280741,0.4655581947743468,1.0,1.0,2/7,11.84%,LILRB2;HLA-B
prerank,GO_Biological_Process_2025__Positive Regulation of Lymphocyte Activation (GO:0051251),-0.48224245552200756,-1.023071692420089,0.46113989637305697,1.0,1.0,6/16,24.94%,PRKDC;THY1;TNIP2;XRCC6;CYRIB;PRKAA1
prerank,DGIdb_Drug_Targets_2024__ATEZOLIZUMAB,0.4803076363109279,1.0229568447019477,0.45011600928074247,1.0,1.0,2/9,3.50%,BRAF;STK11
prerank,GO_Biological_Process_2025__Vascular Process in Circulatory System (GO:0003018),0.5023930216011818,1.0225651013393529,0.44096385542168676,1.0,1.0,1/7,4.78%,GCLC
prerank,GO_Biological_Process_2025__Regulation of Tube Diameter (GO:0035296),0.5023930216011818,1.0225651013393529,0.44096385542168676,1.0,1.0,1/7,4.78%,GCLC
prerank,GO_Biological_Process_2025__Positive Regulation of Phosphate Metabolic Process (GO:0045937),-0.49859122700300285,-1.0222553645198755,0.46452702702702703,1.0,1.0,2/14,9.15%,BCL10;S100A9
prerank,Reactome_Pathways_2024__ADP Signalling Through P2Y Purinoceptor 1,-0.4702265123996388,-1.0222374223601791,0.45058626465661644,1.0,1.0,11/18,35.30%,GNA15;GNG2;GNA11;GNG8;GNG5;GNB1;GNB4;GNG10;PLA2G4A;P2RY1;GNB5
prerank,GO_Biological_Process_2025__Rho Protein Signal Transduction (GO:0007266),-0.4319764469237899,-1.022094863207451,0.431496062992126,1.0,1.0,4/28,8.05%,ARHGEF3;CDC42EP3;ARHGAP5;RIPOR1
prerank,GO_Biological_Process_2025__Positive Regulation of Transcription by RNA Polymerase II (GO:0045944),-0.3342042285365633,-1.0218774648531275,0.41100702576112413,1.0,1.0,23/189,10.92%,FOXO1;PRKDC;PKP1;DHX36;FGFR2;NUCKS1;CRTC3;AGO1;RPRD1B;MUC1;RHOQ;SMAD4;HMGB2;IRF3;MAP2K5;RPS6KA3;NFATC2IP;JUP;HNRNPD;CD81;DDX17;CRTC1;PURB
prerank,GO_Biological_Process_2025__Regulation of Endothelial Cell Migration (GO:0010594),-0.41342755750984905,-1.021607698196742,0.44523470839260315,1.0,1.0,3/42,5.52%,GLUL;PRCP;ANXA3
prerank,GO_Biological_Process_2025__Cellular Response to Catecholamine Stimulus (GO:0071870),-0.5761727087856939,-1.0206953109952368,0.47653429602888087,1.0,1.0,5/6,42.10%,GNG2;GNB1;TGM2;APLP1;ADCY6
prerank,GO_Biological_Process_2025__Positive Regulation of Calcium Ion Transmembrane Transport (GO:1904427),0.441059513265453,1.020560673373033,0.458128078817734,1.0,1.0,3/14,4.43%,PPP3CC;PDPK1;CEMIP
prerank,GO_Biological_Process_2025__Regulation of Interleukin-4 Production (GO:0032673),0.49750951855648784,1.020418246818176,0.45734597156398105,1.0,1.0,4/8,22.62%,PRKCQ;FCER1G;CD40LG;SLC7A5
prerank,GO_Biological_Process_2025__Receptor-Mediated Endocytosis (GO:0006898),-0.36419627893583423,-1.0204177095888827,0.41460055096418735,1.0,1.0,20/84,20.12%,ITGAM;PI4KB;MX1;DMBT1;GRK3;AP2M1;STAB1;GRK2;SORL1;ITGB2;CD81;AP1S1;DNAJC13;NEDD4L;MARCO;GAK;TFR2;RAB31;AP2A2;RALB
prerank,GO_Biological_Process_2025__Positive Regulation of Ossification (GO:0045778),0.4791179220646975,1.0203791665589155,0.44594594594594594,1.0,1.0,7/10,33.70%,BMP6;BMP7;SLC20A2;ATP2B1;PPP3CA;ISG15;PTPN11
prerank,GO_Biological_Process_2025__Intestinal Cholesterol Absorption (GO:0030299),-0.5802936375851193,-1.0203657858985118,0.48135593220338985,1.0,1.0,2/5,13.86%,NPC1;CEL
prerank,GO_Biological_Process_2025__Intestinal Lipid Absorption (GO:0098856),-0.5802936375851193,-1.0203657858985118,0.48135593220338985,1.0,1.0,2/5,13.86%,NPC1;CEL
prerank,GO_Biological_Process_2025__Regulatory ncRNA-mediated Post-Transcriptional Gene Silencing (GO:0035194),0.46937197044224,1.0201269228153693,0.45560747663551404,1.0,1.0,4/11,14.21%,DHX9;STAU1;MOV10;CNOT1
prerank,GO_Biological_Process_2025__Placenta Development (GO:0001890),0.5392993835852222,1.019921933414361,0.4543478260869565,1.0,1.0,2/6,16.39%,CUL7;PDGFB
prerank,GO_Biological_Process_2025__Regulatory ncRNA Processing (GO:0070918),0.46629615149700443,1.0196925478652088,0.4255813953488372,1.0,1.0,2/11,1.25%,TDRKH;TARBP2
prerank,DGIdb_Drug_Targets_2024__NIVOLUMAB,0.49200634516921404,1.0195514545354603,0.45734597156398105,1.0,1.0,2/9,3.50%,BRAF;STK11
prerank,DGIdb_Drug_Targets_2024__TRIAMCINOLONE,0.4709805046860316,1.0193224595368453,0.44874715261959,1.0,1.0,4/10,15.11%,LPL;SLC2A1;BCHE;SERPINA6
prerank,GO_Biological_Process_2025__Keratinocyte Differentiation (GO:0030216),0.46311928669101576,1.0191034461141415,0.46365914786967416,1.0,1.0,2/12,2.87%,TXNIP;IVL
prerank,GO_Biological_Process_2025__Positive Regulation of Cell Cycle G2/M Phase Transition (GO:1902751),-0.5892279976259656,-1.018999318173509,0.47038327526132406,1.0,1.0,4/5,23.25%,RCC2;VPS4B;NPM1;RAB11A
prerank,DGIdb_Drug_Targets_2024__RUCAPARIB,0.5334280407673271,1.0186875893303202,0.47139588100686497,1.0,1.0,1/6,2.55%,BRAF
prerank,GO_Biological_Process_2025__Cell-Matrix Adhesion (GO:0007160),-0.37216071033909515,-1.018059977254676,0.4421199442119944,1.0,1.0,9/69,13.00%,TIMM10B;MSLN;ITGAM;PPFIA1;THY1;ITGB2;NPNT;RCC2;ADAM9
prerank,GO_Biological_Process_2025__Glycerophospholipid Biosynthetic Process (GO:0046474),-0.37205688234137674,-1.0175631345557803,0.4544159544159544,1.0,1.0,20/73,17.24%,PI4KB;DGKQ;PITPNM1;MTMR6;PIP5K1B;ACP6;INPP4A;PIK3C2A;SELENOI;LIPH;LPCAT1;PTEN;ABHD5;ABHD4;IMPA1;FAR1;MTMR14;HDHD5;CHKB;DGKA
prerank,GO_Biological_Process_2025__Positive Regulation of SMAD Protein Signal Transduction (GO:0060391),0.418107975795636,1.0175046150209108,0.4350132625994695,1.0,1.0,7/18,16.78%,GDF11;BMP6;NUP93;TGFBR3;BMP5;BMP10;BMP7
prerank,GO_Biological_Process_2025__Phosphorylation (GO:0016310),-0.3377975920719687,-1.0173361488228485,0.43742255266418834,1.0,1.0,19/149,9.71%,FGGY;HCK;EIF2AK3;TNK2;PRKDC;STK17A;DGKQ;CLASP1;TLK1;DAPK3;NADK;KALRN;TELO2;CDK2;PKN2;COQ8B;MAP3K6;SRPK1;CTBP1
prerank,GO_Biological_Process_2025__Smooth Muscle Contraction (GO:0006939),-0.5961148407519099,-1.0171377710763883,0.4750889679715303,1.0,1.0,1/5,7.26%,PIK3C2A
prerank,GO_Biological_Process_2025__Positive Regulation of Calcium Ion Import (GO:0090280),0.5057438701935075,1.0167165063318249,0.4617067833698031,1.0,1.0,3/7,19.98%,PPP3CC;PDGFB;PPP3R1
prerank,DGIdb_Drug_Targets_2024__CHLORPROMAZINE,-0.5671056780369876,-1.016402188086386,0.49823321554770317,1.0,1.0,5/6,41.86%,ABCB1;MTHFR;NTS;BDNF;IDH1
prerank,GO_Biological_Process_2025__Cell-Cell Adhesion Mediated by Cadherin (GO:0044331),-0.48056766853887845,-1.0160749151658848,0.4742268041237113,1.0,1.0,1/15,0.51%,CDH24
prerank,GO_Biological_Process_2025__Regulation of Chemokine Production (GO:0032642),-0.4947156610310837,-1.0156037537388243,0.45791245791245794,1.0,1.0,2/14,8.07%,ELANE;AIF1
prerank,GO_Biological_Process_2025__Regulation of Monoatomic Ion Transmembrane Transporter Activity (GO:0032412),-0.48151372906141054,-1.0155567333565068,0.4672566371681416,1.0,1.0,4/14,16.87%,UTRN;NLGN2;NEDD4L;TRPC6
prerank,GO_Biological_Process_2025__Cellular Response to Type II Interferon (GO:0071346),-0.4498987046656602,-1.0153498061072097,0.4580152671755725,1.0,1.0,4/22,9.57%,HCK;DAPK3;AIF1;GBP4
prerank,GO_Biological_Process_2025__Positive Regulation of Cell Cycle (GO:0045787),-0.42941735711791107,-1.014427959844009,0.453125,1.0,1.0,9/26,21.93%,FGFR2;ZPR1;DUSP3;PKN2;SPHK1;PSMD10;CCPG1;RPS6KB1;CCNY
prerank,GO_Biological_Process_2025__Cellular Response to Interleukin-15 (GO:0071350),0.5461691912333448,1.014381954238616,0.46867749419953597,1.0,1.0,1/5,3.13%,PLCB1
prerank,GO_Biological_Process_2025__Interleukin-15-Mediated Signaling Pathway (GO:0035723),0.5461691912333448,1.014381954238616,0.46867749419953597,1.0,1.0,1/5,3.13%,PLCB1
prerank,GO_Biological_Process_2025__Collagen Biosynthetic Process (GO:0032964),0.5539751186380741,1.013933060515017,0.46153846153846156,1.0,1.0,1/5,5.43%,COL1A1
prerank,GO_Biological_Process_2025__Positive Regulation of JNK Cascade (GO:0046330),0.36243509204910146,1.0135240659237572,0.45132743362831856,1.0,1.0,5/34,10.09%,ZNF622;TAOK2;PLCB1;MYOC;CCDC88C
prerank,GO_Biological_Process_2025__Positive Regulation of Reproductive Process (GO:2000243),0.5052026212481905,1.0129565484033651,0.43137254901960786,1.0,1.0,1/8,3.13%,PLCB1
prerank,Reactome_Pathways_2024__A Tetrasaccharide Linker Sequence Is Required for GAG Synthesis,-0.4622547580293772,-1.0123719466129648,0.4588045234248788,1.0,1.0,1/18,0.56%,GPC5
prerank,GO_Biological_Process_2025__Negative Regulation of Actin Filament Polymerization (GO:0030837),-0.507193529640236,-1.0123581203118468,0.4469178082191781,1.0,1.0,1/11,2.08%,SSH2
prerank,GO_Biological_Process_2025__Positive Regulation of Plasminogen Activation (GO:0010756),-0.5724368098261929,-1.0120446652051367,0.47950089126559714,1.0,1.0,1/6,2.57%,MELTF
prerank,GO_Biological_Process_2025__Very-Low-Density Lipoprotein Particle Remodeling (GO:0034372),0.5343407389344126,1.0119337721956878,0.421875,1.0,1.0,4/6,25.11%,LPL;LCAT;CETP;APOE
prerank,GO_Biological_Process_2025__Regulation of Cation Channel Activity (GO:2001257),-0.49287636512585675,-1.0117692546374546,0.4702886247877759,1.0,1.0,2/12,6.16%,EPX;AHNAK
prerank,"GO_Biological_Process_2025__Wnt Signaling Pathway, Planar Cell Polarity Pathway (GO:0060071)",-0.5740819575483187,-1.0117382745075598,0.46098003629764067,1.0,1.0,3/6,21.79%,CELSR2;RHOA;CDC42
prerank,GO_Biological_Process_2025__Positive Regulation of Lymphocyte Differentiation (GO:0045621),-0.512718447983037,-1.0116927985302568,0.4774305555555556,1.0,1.0,1/10,1.78%,PRKDC
prerank,GO_Biological_Process_2025__Autophagosome Organization (GO:1905037),-0.38838407731624197,-1.0116801005108886,0.4380165289256198,1.0,1.0,11/50,14.60%,ATG13;WDR45B;ATP13A2;ATG16L1;SPG11;ATG101;PACS2;RAB43;UBQLN2;ATG4A;AP4M1
prerank,GO_Biological_Process_2025__Regulation of Autophagosome Assembly (GO:2000785),0.38372304547413627,1.0114286852178545,0.4198895027624309,1.0,1.0,3/27,5.19%,MTOR;TBC1D14;MTMR3
prerank,GO_Biological_Process_2025__Nucleosome Assembly (GO:0006334),-0.5316898019460191,-1.0113881398667688,0.47719298245614034,1.0,1.0,1/8,4.91%,HMGB2
prerank,GO_Biological_Process_2025__protein-DNA Complex Assembly (GO:0065004),-0.5316898019460191,-1.0113881398667688,0.47719298245614034,1.0,1.0,1/8,4.91%,HMGB2
prerank,DGIdb_Drug_Targets_2024__GOSSYPOL,0.44112001042634563,1.0103906279529797,0.4635416666666667,1.0,1.0,3/14,5.87%,MTOR;ATXN2;GAA
prerank,GO_Biological_Process_2025__Regulation of Chromosome Organization (GO:0033044),-0.5326021864767012,-1.0103819763913597,0.49230769230769234,1.0,1.0,1/9,4.31%,TERF2IP
prerank,GO_Biological_Process_2025__Protein Repair (GO:0030091),-0.5937825056459722,-1.0103431985926135,0.4816849816849817,1.0,1.0,3/5,31.80%,MSRA;PCMT1;PARK7
prerank,GO_Biological_Process_2025__Nonribosomal Peptide Biosynthetic Process (GO:0019184),-0.5942301144855973,-1.0103218132610938,0.5211267605633803,1.0,1.0,1/5,0.65%,CHAC2
prerank,GO_Biological_Process_2025__Glutathione Biosynthetic Process (GO:0006750),-0.5942301144855973,-1.0103218132610938,0.5211267605633803,1.0,1.0,1/5,0.65%,CHAC2
prerank,GO_Biological_Process_2025__Negative Regulation of Type I Interferon Production (GO:0032480),0.415230456304495,1.0101315323102134,0.4435028248587571,1.0,1.0,2/18,6.56%,ATG12;REL
prerank,GO_Biological_Process_2025__Negative Regulation of Growth (GO:0045926),0.36720450040451064,1.0098823855043646,0.4409221902017291,1.0,1.0,3/33,3.50%,BST2;SFRP1;STK11
prerank,GO_Biological_Process_2025__Positive Regulation of Transmembrane Transport (GO:0034764),0.5050753439892846,1.0098765813654929,0.46396396396396394,1.0,1.0,1/7,2.55%,BRAF
prerank,GO_Biological_Process_2025__Positive Regulation of Mononuclear Cell Migration (GO:0071677),-0.46150391855853123,-1.0096302976089084,0.4711864406779661,1.0,1.0,6/19,28.10%,S100A14;AIF1;JAM3;HMGB1;RTN4;CSF1
prerank,GO_Biological_Process_2025__Organelle Fusion (GO:0048284),-0.48291195860220293,-1.0093111106047263,0.4767255216693419,1.0,1.0,12/14,50.33%,TRABD;MIGA2;MFN2;FUNDC1;STX4;GDAP1;MFN1;CHCHD3;LDAH;VPS11;EEA1;VPS18
prerank,GO_Biological_Process_2025__Regulatory ncRNA-mediated Gene Silencing (GO:0031047),-0.4694211938945585,-1.009039361739552,0.46089850249584025,1.0,1.0,3/16,3.31%,PRKRA;TNRC6B;AGO1
prerank,GO_Biological_Process_2025__Response to UV (GO:0009411),0.3766476036359365,1.008889507758938,0.42857142857142855,1.0,1.0,4/29,2.87%,SMPD1;CUL4B;N4BP1;IVL
prerank,GO_Biological_Process_2025__Regulation of Transmembrane Transporter Activity (GO:0022898),0.5438626327628687,1.0086140214598835,0.45217391304347826,1.0,1.0,1/5,4.64%,AHCYL1
prerank,GO_Biological_Process_2025__Glycerophospholipid Metabolic Process (GO:0006650),0.38590533880164785,1.0084078829417125,0.44854881266490765,1.0,1.0,6/28,12.65%,GDE1;PLCB1;GPLD1;APOA4;LCAT;SYNJ1
prerank,GO_Biological_Process_2025__Endothelial Tube Morphogenesis (GO:0061154),-0.5592565859188199,-1.007924713466441,0.5036231884057971,1.0,1.0,4/6,30.74%,RHOA;CTNNB1;CSNK2B;PRKD2
prerank,GO_Biological_Process_2025__Plasma Membrane Bounded Cell Projection Assembly (GO:0120031),-0.35345146487282286,-1.0078921725945675,0.4364123159303882,1.0,1.0,5/99,3.32%,KIF3B;SSX2IP;CCDC28B;TRAPPC14;ARFIP2
prerank,GO_Biological_Process_2025__Regulation of Collagen Biosynthetic Process (GO:0032965),-0.5393282765682148,-1.007854265459352,0.48353552859618715,1.0,1.0,2/8,15.69%,VIM;F2R
prerank,GO_Biological_Process_2025__Regulation of Glycolytic Process (GO:0006110),0.43204519347213627,1.007490389379814,0.4576719576719577,1.0,1.0,1/16,0.67%,MTOR
prerank,GO_Biological_Process_2025__Axon Development (GO:0061564),0.36811678794695263,1.007485216503123,0.4392523364485981,1.0,1.0,14/37,20.81%,ARHGAP35;TAOK2;ANK3;LLGL1;SSNA1;PARD3;L1CAM;NRCAM;CRTAC1;MAP7D2;SHTN1;MAPK8IP3;MTR;MARK2
prerank,GO_Biological_Process_2025__Negative Regulation of Protein Modification Process (GO:0031400),-0.43704624914014356,-1.0074846951164838,0.4723926380368098,1.0,1.0,8/23,25.52%,PRKDC;TERF2IP;TARDBP;CIB1;PPIA;CDK5RAP3;PRKAA1;DBI
prerank,GO_Biological_Process_2025__Positive Regulation of Protein Modification by Small Protein Conjugation or Removal (GO:1903322),-0.41392750383477533,-1.0072873976958308,0.46444780635400906,1.0,1.0,9/34,17.36%,BIRC2;BCL10;XIAP;SEPTIN4;SPHK1;SAE1;FBXO4;DERL1;PSMD10
prerank,GO_Biological_Process_2025__Regulation of Translational Initiation (GO:0006446),0.34773983252851726,1.0071177799482343,0.4551282051282051,1.0,1.0,3/43,2.62%,DNAJC3;MTOR;GIGYF2
prerank,GO_Biological_Process_2025__Regulation of Blood Vessel Endothelial Cell Migration (GO:0043535),-0.42890882697725186,-1.0070048534427405,0.4680511182108626,1.0,1.0,5/28,16.23%,PRCP;ATP2B4;JUP;MAP2K3;STAT5A
prerank,GO_Biological_Process_2025__Energy Derivation by Oxidation of Organic Compounds (GO:0015980),-0.45223485570854627,-1.0067919219483876,0.4753289473684211,1.0,1.0,9/21,33.91%,COX6A1;UQCR11;CYCS;LEPROT;UQCR10;NDUFS1;SLC25A13;COX4I1;COX6B1
prerank,DGIdb_Drug_Targets_2024__TRIAMTERENE,0.5552718130114471,1.0059890645850915,0.505720823798627,1.0,1.0,1/5,5.87%,GAA
prerank,GO_Biological_Process_2025__Epidermal Cell Differentiation (GO:0009913),0.44965881129862634,1.00595985371109,0.48223350253807107,1.0,1.0,2/13,2.87%,TXNIP;IVL
prerank,GO_Biological_Process_2025__ERBB Signaling Pathway (GO:0038127),0.3784647682762604,1.0056850931887098,0.463768115942029,1.0,1.0,5/30,9.29%,BRAF;PDPK1;KIF16B;STUB1;PIGR
prerank,DGIdb_Drug_Targets_2024__TANDUTINIB,0.5069392098686637,1.0055827402915758,0.48735632183908045,1.0,1.0,4/6,35.16%,ACVR1;KIT;PDGFRA;PDGFRB
prerank,GO_Biological_Process_2025__Regulation of Metabolic Process (GO:0019222),-0.5157672955441251,-1.0054556403307997,0.48695652173913045,1.0,1.0,2/10,10.34%,STK17A;MPV17
prerank,GO_Biological_Process_2025__RNA Metabolic Process (GO:0016070),-0.4548039474512672,-1.0053493901641448,0.47295208655332305,1.0,1.0,9/22,20.79%,EXOSC2;XPO5;HNRNPD;SUPV3L1;DDX17;TBRG4;DTD1;DICER1;MYG1
prerank,GO_Biological_Process_2025__Membrane Lipid Catabolic Process (GO:0046466),0.5306076968695581,1.0053468680248479,0.48253275109170307,1.0,1.0,3/6,12.66%,FUCA1;SGPP1;ENPP2
prerank,GO_Biological_Process_2025__Regulation of Extrinsic Apoptotic Signaling Pathway via Death Domain Receptors (GO:1902041),0.4137333199080995,1.004896878763918,0.4516971279373368,1.0,1.0,3/19,10.15%,SFRP1;TMC8;BMP5
prerank,GO_Biological_Process_2025__Type I Interferon-Mediated Signaling Pathway (GO:0060337),0.4348114599475637,1.004591378015892,0.4581151832460733,1.0,1.0,10/14,28.91%,IFI27;STAT1;OAS3;OAS2;STAT2;MAVS;IRAK1;TYK2;TANK;TBK1
prerank,GO_Biological_Process_2025__Regulation of Sodium Ion Transmembrane Transporter Activity (GO:2000649),-0.5283193177309549,-1.0040899770702034,0.4928825622775801,1.0,1.0,5/8,36.90%,UTRN;NEDD4L;STK39;PCSK9;YWHAH
prerank,GO_Biological_Process_2025__Peptide Cross-Linking (GO:0018149),-0.5191476107270904,-1.0040522823087705,0.4809437386569873,1.0,1.0,3/9,7.39%,CSTA;ANXA1;TGM3
prerank,GO_Biological_Process_2025__Cellular Response to Interleukin-6 (GO:0071354),-0.5013622315954995,-1.0040322917549436,0.48877374784110533,1.0,1.0,3/11,22.21%,SMAD4;FER;SELPLG
prerank,GO_Biological_Process_2025__Cellular Response to Ionizing Radiation (GO:0071479),-0.49882098798710606,-1.003757492995533,0.4756944444444444,1.0,1.0,6/13,32.27%,NUCKS1;XRCC6;BABAM2;PRAP1;XRCC5;TMEM109
prerank,GO_Biological_Process_2025__Endocardial Cushion Morphogenesis (GO:0003203),0.5554111103459353,1.0037228044414044,0.49567099567099565,1.0,1.0,4/5,32.15%,SMAD2;ENG;NOTCH1;PROC
prerank,GO_Biological_Process_2025__Mesenchyme Morphogenesis (GO:0072132),0.5554111103459353,1.0037228044414044,0.49567099567099565,1.0,1.0,4/5,32.15%,SMAD2;ENG;NOTCH1;PROC
prerank,GO_Biological_Process_2025__Negative Regulation of Glycogen Biosynthetic Process (GO:0045719),0.517849199228073,1.0032912455138672,0.4829787234042553,1.0,1.0,1/6,4.48%,GSK3A
prerank,GO_Biological_Process_2025__Negative Regulation of Glycogen Metabolic Process (GO:0070874),0.517849199228073,1.0032912455138672,0.4829787234042553,1.0,1.0,1/6,4.48%,GSK3A
prerank,GO_Biological_Process_2025__Amide Biosynthetic Process (GO:0043604),0.37531402870845254,1.0031539502388844,0.44662921348314605,1.0,1.0,4/30,4.78%,SMPD1;NANP;GGT1;GCLC
prerank,GO_Biological_Process_2025__Regulation of Basement Membrane Organization (GO:0110011),-0.5869759945366038,-1.0026075890258648,0.49256505576208176,1.0,1.0,1/5,8.44%,LMNB2
prerank,"GO_Biological_Process_2025__Regulation of Nuclear-Transcribed mRNA Catabolic Process, Nonsense-Mediated Decay (GO:2000622)",-0.5612226124083601,-1.0025518913333962,0.5018181818181818,1.0,1.0,1/6,2.76%,EIF4A3
prerank,GO_Biological_Process_2025__Endothelial Cell Migration (GO:0043542),-0.4452075014982618,-1.0023979822685418,0.4592833876221498,1.0,1.0,5/21,11.98%,S100A12;S100P;S100A9;S100A8;SCG2
prerank,GO_Biological_Process_2025__Valine Metabolic Process (GO:0006573),-0.5916755421809472,-1.0019181322232957,0.5090579710144928,1.0,1.0,2/5,19.68%,BCAT2;ILVBL
prerank,GO_Biological_Process_2025__Regulation of Receptor Internalization (GO:0002090),-0.4503390766970301,-1.0015860532406078,0.48264984227129337,1.0,1.0,2/21,3.39%,SFRP4;SELE
prerank,DGIdb_Drug_Targets_2024__DOCETAXEL,0.3628004308654018,1.0015085446217342,0.4467455621301775,1.0,1.0,3/34,4.19%,EPHX1;STK11;ATP7A
prerank,GO_Biological_Process_2025__Negative Regulation of Cytokine Production Involved in Inflammatory Response (GO:1900016),-0.4985720854839327,-1.0015057848687459,0.5,1.0,1.0,2/12,12.19%,CHID1;PDCD4
prerank,GO_Biological_Process_2025__Autophagosome Membrane Docking (GO:0016240),0.5438063178278078,1.0011120708152932,0.47333333333333333,1.0,1.0,3/5,23.43%,VMP1;STX17;VAMP8
prerank,GO_Biological_Process_2025__Negative Regulation of Phagocytosis (GO:0050765),-0.5255019932858637,-1.000888825075939,0.45878136200716846,1.0,1.0,3/8,11.80%,PRTN3;SNX3;APPL1
prerank,GO_Biological_Process_2025__Glycerolipid Catabolic Process (GO:0046503),0.48342444844119425,1.0005565975827988,0.484304932735426,1.0,1.0,2/9,10.87%,GDE1;LYPLA2
prerank,GO_Biological_Process_2025__Low-Density Lipoprotein Particle Remodeling (GO:0034374),-0.5511175591742478,-1.0005141785961043,0.4931506849315068,1.0,1.0,3/6,23.32%,APOB;MPO;LIPC
prerank,GO_Biological_Process_2025__Postreplication Repair (GO:0006301),-0.5460034277849228,-1.0001375876616907,0.5025466893039049,1.0,1.0,3/7,23.97%,USP32;UBE2V1;UBE2V2
prerank,GO_Biological_Process_2025__Regulation of Rho Protein Signal Transduction (GO:0035023),-0.3928931930935122,-0.9996319674911216,0.4811594202898551,1.0,1.0,5/46,3.76%,DOCK9;ARHGEF3;RASIP1;SCAI;MCF2L
prerank,GO_Biological_Process_2025__Mitochondrion-Endoplasmic Reticulum Membrane Tethering (GO:1990456),-0.5768042977943868,-0.9992604484456533,0.5132743362831859,1.0,1.0,2/5,12.94%,PACS2;PDZD8
prerank,"GO_Biological_Process_2025__Post-Translational Protein Targeting to Membrane, Translocation (GO:0031204)",-0.5819931453101022,-0.9992014988949461,0.524074074074074,1.0,1.0,1/5,6.35%,SEC61G
prerank,GO_Biological_Process_2025__Amino Acid Transport (GO:0006865),-0.5321460909941428,-0.9989182961073337,0.48464163822525597,1.0,1.0,5/7,32.62%,SLC6A4;SLC1A5;SLC6A6;SLC3A2;SLC7A6
prerank,GO_Biological_Process_2025__Positive Regulation of Collagen Biosynthetic Process (GO:0032967),-0.5447509393835253,-0.9982591757703821,0.5017361111111112,1.0,1.0,2/7,15.69%,VIM;F2R
prerank,GO_Biological_Process_2025__Import Into Cell (GO:0098657),-0.5359471463460482,-0.9982177275192431,0.4990892531876138,1.0,1.0,1/7,2.95%,SLC27A2
prerank,GO_Biological_Process_2025__Intracellular Sterol Transport (GO:0032366),-0.5641165731796297,-0.998216618332107,0.4882882882882883,1.0,1.0,2/6,15.58%,NPC1;OSBPL2
prerank,GO_Biological_Process_2025__Keratan Sulfate Proteoglycan Metabolic Process (GO:0042339),-0.5350775091656834,-0.9980858802206374,0.5026269702276708,1.0,1.0,2/8,15.28%,B3GNT7;CHST1
prerank,GO_Biological_Process_2025__Purine-Containing Compound Catabolic Process (GO:0072523),0.49110376961838265,0.9979487586668625,0.46462264150943394,1.0,1.0,3/8,23.83%,NUDT19;MLYCD;SUCLG2
prerank,GO_Biological_Process_2025__Positive Regulation of T Cell Mediated Immunity (GO:0002711),0.43013400865561446,0.9976209405297376,0.4556354916067146,1.0,1.0,3/16,11.84%,FADD;CD55;HLA-B
prerank,GO_Biological_Process_2025__Cellular Response to Nutrient (GO:0031670),0.5034917010889662,0.9969483110889952,0.5011441647597255,1.0,1.0,2/8,2.69%,MTOR;LPL
prerank,GO_Biological_Process_2025__Regulation of Amyloid Precursor Protein Catabolic Process (GO:1902991),-0.48084604522464347,-0.9966566094728118,0.495,1.0,1.0,6/13,29.42%,SORL1;RANBP9;FKBP1A;FLOT2;PICALM;TMED10
prerank,GO_Biological_Process_2025__Ag Processing and Presentation of Endogenous Pep Ag via MHC Cls I via ER Pway (GO:0002484),0.5539478760933509,0.9963393291391589,0.4857142857142857,1.0,1.0,1/5,11.84%,HLA-B
prerank,"GO_Biological_Process_2025__Ag Processing and Presentation of Endogenous Pep Ag via MHC Cls I via ER Pway, TAP-ind (GO:0002486)",0.5539478760933509,0.9963393291391589,0.4857142857142857,1.0,1.0,1/5,11.84%,HLA-B
prerank,GO_Biological_Process_2025__Antigen Processing and Presentation of Endogenous Peptide Antigen via MHC Class Ib (GO:0002476),0.5539478760933509,0.9963393291391589,0.4857142857142857,1.0,1.0,1/5,11.84%,HLA-B
prerank,GO_Biological_Process_2025__Antigen Processing and Presentation of Peptide Antigen via MHC Class Ib (GO:0002428),0.5539478760933509,0.9963393291391589,0.4857142857142857,1.0,1.0,1/5,11.84%,HLA-B
prerank,GO_Biological_Process_2025__Cellular Response to Mechanical Stimulus (GO:0071260),0.3916553089506713,0.9963160058966188,0.45429362880886426,1.0,1.0,4/24,6.60%,PTGER4;CASP2;PDE2A;FADD
prerank,GO_Biological_Process_2025__Neutrophil Degranulation (GO:0043312),0.546221959792071,0.995398682543918,0.48826291079812206,1.0,1.0,2/5,23.43%,VAMP7;VAMP8
prerank,GO_Biological_Process_2025__Plasma Membrane Organization (GO:0007009),0.35149860694845353,0.994993226885537,0.4553846153846154,1.0,1.0,14/40,24.48%,SMPD1;ANK3;CHMP1B;SERINC3;PLSCR1;EPB41L3;ABCA7;CHMP1A;FNBP1L;SNX9;CHMP2B;PACSIN2;SNX18;RAB3A
prerank,GO_Biological_Process_2025__Positive Regulation of Viral Genome Replication (GO:0045070),0.39849436031246266,0.994901235718207,0.4730077120822622,1.0,1.0,6/21,7.97%,TARBP2;CNOT7;STAU1;IFIT1;TOP2B;RAD23A
prerank,GO_Biological_Process_2025__Chordate Embryonic Development (GO:0043009),0.4633136074960213,0.9948395276739637,0.47586206896551725,1.0,1.0,4/11,10.15%,PCSK5;COL1A1;RBP4;BMP5
prerank,GO_Biological_Process_2025__Formation of Translation Preinitiation Complex (GO:0001731),-0.5369698836369095,-0.9943335207068374,0.509212730318258,1.0,1.0,5/7,40.47%,EIF2D;MCTS1;DHX29;EIF2S2;EIF4B
prerank,GO_Biological_Process_2025__Cellular Response to Growth Factor Stimulus (GO:0071363),-0.3652435234921022,-0.9942271360028989,0.4731774415405777,1.0,1.0,7/68,7.21%,NDNF;GAS1;SMAD4;ZPR1;ANXA1;MAP2K5;DUSP3
prerank,GO_Biological_Process_2025__Regulation of Histamine Secretion by Mast Cell (GO:1903593),-0.5703740216835543,-0.9942068551616605,0.5245901639344263,1.0,1.0,1/6,3.52%,SNX4
prerank,GO_Biological_Process_2025__Negative Regulation of DNA-binding Transcription Factor Activity (GO:0043433),-0.40144057796456223,-0.9940661478400629,0.4908814589665654,1.0,1.0,12/36,28.02%,SFRP4;COMMD6;ANXA4;TRIM40;IRAK3;PSMD10;CDK5RAP3;EIF2AK4;USP7;COMMD1;LRRC14;UFL1
prerank,DGIdb_Drug_Targets_2024__ALPELISIB,-0.5297688926153217,-0.9933606856147718,0.4831081081081081,1.0,1.0,2/8,4.61%,FGFR2;FGFR3
prerank,GO_Biological_Process_2025__Short-Chain Fatty Acid Metabolic Process (GO:0046459),0.5492783428309668,0.9932373838450751,0.5036144578313253,1.0,1.0,1/5,5.24%,PCCB
prerank,GO_Biological_Process_2025__Negative Regulation of Lymphocyte Proliferation (GO:0050672),0.4361370130547069,0.9930211390300073,0.4717948717948718,1.0,1.0,4/14,17.20%,LILRB2;RIPOR2;PDCD1LG2;TYROBP
prerank,GO_Biological_Process_2025__Negative Regulation of Sodium Ion Transmembrane Transport (GO:1902306),-0.5540529916062531,-0.9929507151900397,0.5187165775401069,1.0,1.0,4/6,35.28%,NEDD4L;COMMD1;STK39;PCSK9
prerank,GO_Biological_Process_2025__Interferon-Mediated Signaling Pathway (GO:0140888),-0.45490001171624367,-0.9928621686614928,0.4805194805194805,1.0,1.0,1/18,0.42%,HCK
prerank,GO_Biological_Process_2025__Positive Regulation of Tumor Necrosis Factor Production (GO:0032760),-0.3997998594960401,-0.9927516379250811,0.4654919236417034,1.0,1.0,5/40,9.39%,AZU1;FCGR3B;LILRA2;S100A9;LBP
prerank,DGIdb_Drug_Targets_2024__CABOZANTINIB,-0.5153803085718125,-0.9926027705863388,0.47554806070826305,1.0,1.0,2/9,9.06%,MET;GNA11
prerank,GO_Biological_Process_2025__Coenzyme A Biosynthetic Process (GO:0015937),-0.5673685802130174,-0.9925377243337948,0.5080213903743316,1.0,1.0,5/6,42.82%,COASY;PPCS;PPCDC;PANK4;PANK2
prerank,Reactome_Pathways_2024__ALK Mutants Bind TKIs,-0.511898525874287,-0.991814551010029,0.48677248677248675,1.0,1.0,1/10,1.49%,EIF2AK3
prerank,GO_Biological_Process_2025__Negative Regulation of Cell Development (GO:0010721),0.46347882036638893,0.9916918962912903,0.4731934731934732,1.0,1.0,3/10,9.44%,GSK3A;PCM1;IGF1
prerank,GO_Biological_Process_2025__Positive Regulation of Mitotic Nuclear Division (GO:0045840),0.43579450962553495,0.9916483584801057,0.46835443037974683,1.0,1.0,5/12,16.39%,ANAPC7;IGF1;LRP5;CDC23;PDGFB
prerank,GO_Biological_Process_2025__Negative Regulation of Defense Response (GO:0031348),-0.3854862984891333,-0.9914635100518653,0.4992503748125937,1.0,1.0,5/45,4.70%,ELANE;SAA2;NMI;MVK;SMPDL3B
prerank,GO_Biological_Process_2025__Regulation of Multicellular Organism Growth (GO:0040014),-0.5565047466279202,-0.9912232567408664,0.5125,1.0,1.0,4/6,35.49%,STAT5A;SOD1;PPIB;GHRL
prerank,DGIdb_Drug_Targets_2024__PI 103,0.46551812048824376,0.991137009958713,0.4752941176470588,1.0,1.0,2/10,7.40%,MTOR;PIK3R6
prerank,GO_Biological_Process_2025__Negative Regulation of Small Molecule Metabolic Process (GO:0062014),0.4570739751302568,0.9910645074815371,0.48604651162790696,1.0,1.0,4/12,9.53%,ADIPOQ;GSK3A;AMDHD2;C1QTNF3
prerank,GO_Biological_Process_2025__Regulation of Smoothened Signaling Pathway (GO:0008589),-0.46830792767863616,-0.9908445984526193,0.4918032786885246,1.0,1.0,2/15,2.74%,GAS1;FGFR2
prerank,GO_Biological_Process_2025__Mesenchymal Cell Differentiation (GO:0048762),-0.4296043765142819,-0.9904606525130296,0.4809917355371901,1.0,1.0,5/23,11.85%,FGFR2;SMAD4;OTUD5;DDX17;S100A4
prerank,GO_Biological_Process_2025__Signal Release (GO:0023061),0.5547908871084497,0.9903931875136678,0.5066666666666667,1.0,1.0,1/5,1.30%,PCSK5
prerank,GO_Biological_Process_2025__Proteoglycan Metabolic Process (GO:0006029),-0.48020487581508,-0.9902629861970337,0.4786885245901639,1.0,1.0,5/14,16.34%,CHST11;FOXL1;CSGALNACT2;CHST1;B3GALT6
prerank,GO_Biological_Process_2025__B Cell Mediated Immunity (GO:0019724),0.5503795335687593,0.9900149199788859,0.4805491990846682,1.0,1.0,4/5,32.33%,IGLL5;FCER1G;IGLL1;CD74
prerank,GO_Biological_Process_2025__Cytoplasmic Translational Initiation (GO:0002183),-0.42322103163357694,-0.9898803815677097,0.5007518796992482,1.0,1.0,8/30,22.44%,EIF2B5;EIF2B1;EIF2D;RBM4;MCTS1;EIF2B2;EIF2B3;DHX29
prerank,GO_Biological_Process_2025__Mitochondrial RNA Catabolic Process (GO:0000957),0.5510009372634781,0.989764580375337,0.5302013422818792,1.0,1.0,2/5,6.84%,GRSF1;NSUN4
prerank,GO_Biological_Process_2025__Regulation of Endocytic Recycling (GO:2001135),-0.5172131476304849,-0.9895398904879594,0.49829351535836175,1.0,1.0,7/9,33.15%,SORL1;RAB43;RAB11A;ARHGAP1;INPP5F;EHD1;EHD2
prerank,GO_Biological_Process_2025__Cellular Response to Steroid Hormone Stimulus (GO:0071383),-0.5591428884566294,-0.9895121766665009,0.5053763440860215,1.0,1.0,4/6,39.04%,UBE2L3;MAPK1;HSPA8;URI1
prerank,GO_Biological_Process_2025__Ribosome Assembly (GO:0042255),-0.4460960666080952,-0.9893896046539321,0.5015923566878981,1.0,1.0,12/20,28.23%,RPS19;EIF1AX;RPL11;RPS14;NPM1;DHX29;EIF2A;RPS28;SBDS;DDX3X;RPS27;EIF5
prerank,GO_Biological_Process_2025__Response to Platelet-Derived Growth Factor (GO:0036119),0.5334136255954203,0.989360589729107,0.5010989010989011,1.0,1.0,3/5,16.39%,MTSS2;MARS1;PDGFB
prerank,GO_Biological_Process_2025__Cellular Response to Alcohol (GO:0097306),0.40152913873734075,0.9892382285116968,0.4767726161369193,1.0,1.0,3/20,4.56%,PTGER4;SFRP1;GPLD1
prerank,GO_Biological_Process_2025__Tricarboxylic Acid Metabolic Process (GO:0072350),-0.5484370044103238,-0.98911412368826,0.49005424954792043,1.0,1.0,2/7,15.39%,ACO1;IDH3G
prerank,GO_Biological_Process_2025__Branched-Chain Amino Acid Catabolic Process (GO:0009083),-0.4873923841913611,-0.9886666002278356,0.4830508474576271,1.0,1.0,3/13,17.29%,BCKDHB;DBT;BCKDHA
prerank,GO_Biological_Process_2025__Regulation of Microglial Cell Activation (GO:1903978),0.518266078666162,0.988533487010258,0.4666666666666667,1.0,1.0,3/6,16.62%,GRN;LDLR;TREM2
prerank,GO_Biological_Process_2025__Nucleosome Organization (GO:0034728),-0.5100239054638835,-0.9882405252806999,0.4903677758318739,1.0,1.0,4/9,32.98%,HMGB2;NPM1;UBN1;NFE2
prerank,GO_Biological_Process_2025__Myelin Maintenance (GO:0043217),-0.5847016070169708,-0.9880796022366894,0.5274725274725275,1.0,1.0,2/5,14.61%,CXCR4;PTEN
prerank,GO_Biological_Process_2025__Protein Autophosphorylation (GO:0046777),-0.36877859781338124,-0.9876930779650392,0.49008498583569404,1.0,1.0,8/66,7.81%,HCK;EIF2AK3;FGFR2;GRK5;FGFR4;DAPK3;TELO2;PKN2
prerank,GO_Biological_Process_2025__NADP Metabolic Process (GO:0006739),0.44404397435283105,0.9875966374726085,0.5012919896640827,1.0,1.0,1/13,0.83%,ALDH1L2
prerank,GO_Biological_Process_2025__Regulation of Leukocyte Degranulation (GO:0043300),-0.5721565751190527,-0.9875002579975658,0.5165441176470589,1.0,1.0,3/5,25.80%,FES;UNC13D;SYK
prerank,DGIdb_Drug_Targets_2024__IRINOTECAN,-0.4419863769723643,-0.9873782259129043,0.47334410339256866,1.0,1.0,5/21,10.52%,PIN1;FGFR3;CES2;ABCC4;RAD50
prerank,GO_Biological_Process_2025__Response to Transforming Growth Factor Beta (GO:0071559),0.4348535617131573,0.9872983334798607,0.47029702970297027,1.0,1.0,2/12,4.22%,SFRP1;PDE2A
prerank,GO_Biological_Process_2025__Neutrophil Mediated Immunity (GO:0002446),-0.5123125432463521,-0.9867078217345824,0.5175438596491229,1.0,1.0,2/9,8.51%,ANXA3;IRAK4
prerank,GO_Biological_Process_2025__Negative Regulation of Interferon-Beta Production (GO:0032688),0.543903355523461,0.9852042054959678,0.5340659340659341,1.0,1.0,1/5,6.56%,REL
prerank,GO_Biological_Process_2025__Signal Transduction in Response to DNA Damage (GO:0042770),-0.4372568039048418,-0.9851802332200644,0.4975124378109453,1.0,1.0,13/22,29.14%,PRPF19;MUC1;USP32;PPP2R5C;CASP9;NDRG1;TIPRL;MAPK3;CRADD;MYO6;MAP2K6;UFL1;PRAP1
prerank,GO_Biological_Process_2025__Epidermal Growth Factor Receptor Signaling Pathway (GO:0007173),0.38397977089099145,0.9851162140279676,0.4797687861271676,1.0,1.0,4/26,9.29%,BRAF;PDPK1;KIF16B;PIGR
prerank,GO_Biological_Process_2025__Negative Regulation of Release of Cytochrome C From Mitochondria (GO:0090201),0.43849546280183804,0.9850730299922549,0.4821852731591449,1.0,1.0,4/12,10.76%,NOL3;GHITM;IGF1;IFI6
prerank,GO_Biological_Process_2025__Negative Regulation of Cell Cycle G1/S Phase Transition (GO:1902807),0.4482257434649814,0.9848691075469235,0.4988344988344988,1.0,1.0,3/11,13.05%,KANK2;CFH;DLG1
prerank,GO_Biological_Process_2025__Negative Regulation of G1/S Transition of Mitotic Cell Cycle (GO:2000134),0.4482257434649814,0.9848691075469235,0.4988344988344988,1.0,1.0,3/11,13.05%,KANK2;CFH;DLG1
prerank,GO_Biological_Process_2025__Granulocyte Differentiation (GO:0030851),-0.550254531080621,-0.9846139806371134,0.5087412587412588,1.0,1.0,2/6,16.23%,SRP54;STAT5A
prerank,GO_Biological_Process_2025__Protein K63-linked Ubiquitination (GO:0070534),-0.4300434743460743,-0.9845392021098006,0.49516129032258066,1.0,1.0,7/23,19.12%,PRPF19;TRIM65;XIAP;ZNF598;TRIM3;UBE2V1;KCMF1
prerank,GO_Biological_Process_2025__Positive Regulation of Cytokine Production Involved in Inflammatory Response (GO:1900017),-0.5619983419630638,-0.9838763798344633,0.5240549828178694,1.0,1.0,3/6,18.84%,IRF3;MAPK9;MYD88
prerank,GO_Biological_Process_2025__Long-Chain fatty-acyl-CoA Metabolic Process (GO:0035336),0.4664965022417532,0.9836391369466423,0.4669811320754717,1.0,1.0,4/10,8.07%,TECR;DGAT1;ELOVL7;HSD17B12
prerank,GO_Biological_Process_2025__Regulation of Vascular Endothelial Growth Factor Signaling Pathway (GO:1900746),0.4159951967084075,0.983621552231066,0.4846153846153846,1.0,1.0,9/15,34.45%,TSPAN32;SPRY2;JCAD;ITGB1;TNXB;CD63;ITGA5;VTN;ITGB3
prerank,GO_Biological_Process_2025__Fatty Acid Metabolic Process (GO:0006631),0.3277720184798846,0.9834367597238294,0.48494983277591974,1.0,1.0,8/56,7.58%,ADIPOR1;GGT1;LPL;NUDT19;ADIPOQ;PCCB;ACSF2;DECR2
prerank,GO_Biological_Process_2025__Positive Regulation of Vascular Endothelial Growth Factor Signaling Pathway (GO:1900748),0.49896154212039057,0.9834191199963846,0.49430523917995445,0.999138039695435,1.0,6/7,34.45%,JCAD;ITGB1;TNXB;ITGA5;VTN;ITGB3
prerank,GO_Biological_Process_2025__Regulation of Glycogen Biosynthetic Process (GO:0005979),-0.4636891470434183,-0.9833933369806787,0.5102040816326531,1.0,1.0,3/15,8.48%,IRS2;EPM2AIP1;AKT2
prerank,GO_Biological_Process_2025__Dephosphorylation (GO:0016311),-0.3842816409243395,-0.9831862658785121,0.5007215007215007,1.0,1.0,10/50,14.61%,PPP2CA;SSH2;MTMR6;SBF1;DUSP3;PDXP;EPHX2;PPP3CB;PLPP6;PTEN
prerank,GO_Biological_Process_2025__Sympathetic Nervous System Development (GO:0048485),-0.5646893152613977,-0.9829976514105835,0.508411214953271,1.0,1.0,5/5,43.60%,SEMA3F;CTNNB1;NF1;NRP2;NRP1
prerank,GO_Biological_Process_2025__Response to dsRNA (GO:0043331),0.5304875143337928,0.9827788508647148,0.5044052863436124,0.999283543665485,1.0,1/5,3.11%,RFTN1
prerank,GO_Biological_Process_2025__Regulation of Fibroblast Migration (GO:0010762),0.43337410756927963,0.9825860671156964,0.4853658536585366,0.998376938544153,1.0,5/12,25.59%,DDR2;CORO1C;ARHGEF7;APPL2;ITGB1
prerank,GO_Biological_Process_2025__Negative Regulation of Neurogenesis (GO:0050768),-0.4670860598294847,-0.982043663116143,0.5081699346405228,1.0,1.0,6/14,22.85%,THY1;SORL1;GORASP1;PTEN;GDI1;DYNLT1
prerank,GO_Biological_Process_2025__Non-Canonical Wnt Signaling Pathway (GO:0035567),-0.49530481273297305,-0.9818280552359535,0.5190972222222222,1.0,1.0,2/10,5.80%,SFRP4;CELSR2
prerank,Reactome_Pathways_2024__ATF4 Activates Genes in Response to Endoplasmic Reticulum Stress,0.48711238172664995,0.9813588336416402,0.49523809523809526,0.9999901757725698,1.0,2/8,2.94%,EXOSC8;IGFBP1
prerank,GO_Biological_Process_2025__Negative Regulation of Protein Phosphorylation (GO:0001933),-0.37790668053404347,-0.9811921611890198,0.4896755162241888,1.0,1.0,10/49,12.87%,AKT1S1;PRKDC;DGKQ;TERF2IP;THY1;RASSF2;PKN2;REXO2;MVP;TARDBP
prerank,GO_Biological_Process_2025__U2-type Prespliceosome Assembly (GO:1903241),0.4897542824621389,0.9810110059321325,0.5,0.9994924729280076,1.0,2/8,10.38%,SNRPE;SF3B2
prerank,GO_Biological_Process_2025__Late Endosome to Lysosome Transport (GO:1902774),0.4353687324410192,0.9807817270273956,0.511002444987775,0.9986647847327575,1.0,6/13,22.27%,CHMP1B;VPS39;CHMP1A;VPS41;C9ORF72;CHMP2B
prerank,GO_Biological_Process_2025__Negative Regulation of ERK1 and ERK2 Cascade (GO:0070373),0.40228896390430813,0.9801228160076991,0.4905149051490515,0.9989281176651946,1.0,2/18,1.69%,PTPN2;TNIP1
prerank,GO_Biological_Process_2025__Regulation of Calcium Ion Import Across Plasma Membrane (GO:1905664),0.5058135379673074,0.9798451515032215,0.4899328859060403,0.998211181818033,1.0,1/6,2.95%,PPP3CC
prerank,GO_Biological_Process_2025__Negative Regulation of mRNA Catabolic Process (GO:1902373),-0.43714040114495173,-0.9797632344603167,0.5032894736842105,1.0,1.0,7/20,20.77%,PKP1;FUS;HNRNPD;TAF15;SYNCRIP;FXR1;YBX1
prerank,GO_Biological_Process_2025__Heterochromatin Formation (GO:0031507),0.432815663842214,0.9794612841831456,0.5,0.9977923306626828,1.0,4/13,13.95%,TRIP12;SMARCA2;UBR2;CBX3
prerank,GO_Biological_Process_2025__Regulation of Monocyte Chemotactic Protein-1 Production (GO:0071637),0.5449000468643498,0.9793814087007306,0.5155131264916468,0.9966037460298418,1.0,2/5,11.29%,C1QTNF3;OAS3
prerank,DGIdb_Drug_Targets_2024__BUMETANIDE,-0.5801566762396486,-0.9792812806164504,0.5430016863406408,1.0,1.0,3/5,30.41%,ACE;MAPK1;HSD17B10
prerank,GO_Biological_Process_2025__Nucleotide-Excision Repair (GO:0006289),-0.4982720566206079,-0.9786796277073938,0.5284974093264249,1.0,1.0,6/10,25.94%,PNKP;CETN2;RAD23B;USP7;COMMD1;RPA3
prerank,GO_Biological_Process_2025__Adherens Junction Assembly (GO:0034333),-0.549852526829174,-0.9784405722726403,0.5239852398523985,1.0,1.0,4/6,24.97%,PKN2;CTNNB1;JAM3;VCL
prerank,GO_Biological_Process_2025__Nucleobase-Containing Compound Metabolic Process (GO:0006139),-0.4350870054556562,-0.97826528899907,0.5008077544426495,1.0,1.0,4/21,9.90%,PRPSAP1;NUDT18;REXO2;BPNT1
prerank,GO_Biological_Process_2025__Protein Polyubiquitination (GO:0000209),-0.3424174148999057,-0.9780955339887182,0.5068493150684932,1.0,1.0,26/93,20.81%,BIRC2;PRPF19;RNF123;UBE2Q2;KLHL42;FBXO9;CUL1;UBE2R2;TRIM65;TPP2;XIAP;NHLRC3;ZNF598;UBE4B;NEDD4L;TRIM3;FBXO45;FBXO4;ANAPC1;UBE2K;UBE2V1;ANAPC10;KCMF1;SHARPIN;CTNNB1;UBE2J1
prerank,GO_Biological_Process_2025__Cellular Response to Glucose Starvation (GO:0042149),-0.43541521201664346,-0.9778886032989317,0.5041736227045075,1.0,1.0,2/19,6.19%,EIF2AK3;TBL2
prerank,GO_Biological_Process_2025__Cardiac Muscle Tissue Morphogenesis (GO:0055008),-0.4880153893219503,-0.9777255578249588,0.5119047619047619,1.0,1.0,2/11,5.86%,FGFR2;TPM1
prerank,GO_Biological_Process_2025__Receptor Recycling (GO:0001881),0.44307607003132055,0.9774589030711921,0.4823232323232323,0.9999301409179245,1.0,1/11,0.02%,LMTK2
prerank,GO_Biological_Process_2025__Positive Regulation of Calcium Ion Transport (GO:0051928),-0.4769642759351886,-0.9772825425313415,0.49744463373083475,1.0,1.0,5/13,24.92%,LILRA2;F2R;TRPC6;ORAI1;TOR2A
prerank,GO_Biological_Process_2025__Macropinocytosis (GO:0044351),-0.5762853933835772,-0.9772653579423243,0.5265017667844523,1.0,1.0,3/5,30.44%,DOCK2;MAPKAPK3;RAB34
prerank,GO_Biological_Process_2025__AMP Metabolic Process (GO:0046033),-0.5689139236049991,-0.9768156209173848,0.5325884543761639,1.0,1.0,5/5,43.18%,NT5E;ADSS2;AMPD2;NUDT2;AK3
prerank,DGIdb_Drug_Targets_2024__HALOPERIDOL,0.4084973574744296,0.9766581788555929,0.5064599483204134,1.0,1.0,4/18,15.39%,AKAP13;ANPEP;DTNBP1;LDLR
prerank,GO_Biological_Process_2025__Multicellular Organismal-Level Iron Ion Homeostasis (GO:0060586),-0.5511408725905069,-0.9763946141962134,0.5202821869488536,1.0,1.0,4/6,28.17%,TFR2;CYBRD1;PICALM;TFRC
prerank,GO_Biological_Process_2025__Sphingosine Biosynthetic Process (GO:0046512),-0.566297804607973,-0.9762921224637501,0.5157699443413729,1.0,1.0,2/5,22.16%,SPHK1;SPTLC1
prerank,GO_Biological_Process_2025__Sphingoid Biosynthetic Process (GO:0046520),-0.566297804607973,-0.9762921224637501,0.5157699443413729,1.0,1.0,2/5,22.16%,SPHK1;SPTLC1
prerank,GO_Biological_Process_2025__mRNA Transport (GO:0051028),-0.425492861707116,-0.9754875431553853,0.47572815533980584,1.0,1.0,6/22,20.96%,EIF4A3;DDX19B;SARNP;NUP160;FXR1;HNRNPA2B1
prerank,GO_Biological_Process_2025__Exit From Mitosis (GO:0010458),-0.5419502929410441,-0.9754541511540119,0.5484460694698354,1.0,1.0,2/7,11.47%,CLASP1;SPAST
prerank,GO_Biological_Process_2025__Positive Regulation of Epithelial to Mesenchymal Transition (GO:0010718),0.39533858201700117,0.975383986830792,0.49019607843137253,1.0,1.0,2/20,5.43%,MTOR;COL1A1
prerank,GO_Biological_Process_2025__Toll-Like Receptor 3 Signaling Pathway (GO:0034138),0.5532640207161846,0.9753759797953923,0.538961038961039,1.0,1.0,1/5,3.11%,RFTN1
prerank,GO_Biological_Process_2025__Regulation of Intracellular Estrogen Receptor Signaling Pathway (GO:0033146),0.40589316137041187,0.9752042083750594,0.5037406483790524,0.9998823659259293,1.0,5/17,18.94%,KANK2;LATS1;CARM1;CNOT1;CNOT2
prerank,DGIdb_Drug_Targets_2024__METFORMIN HYDROCHLORIDE,-0.3810709145363936,-0.9746381084189722,0.4954682779456193,1.0,1.0,27/46,33.05%,NDUFV3;NDUFB9;NDUFS6;PRKAB1;NDUFAB1;NDUFB5;MT-ND1;NDUFS4;MT-ND4;NDUFB4;NDUFA1;MT-ND2;NDUFS3;NDUFA2;NDUFB11;NDUFS8;NDUFA13;NDUFS2;NDUFS1;NDUFB7;NDUFB10;NDUFA6;NDUFB6;NDUFB8;NDUFAF4;NDUFA10;GPD2
prerank,GO_Biological_Process_2025__Positive Regulation of Hippo Signaling (GO:0035332),0.5403183205249702,0.9737038030827257,0.5123595505617977,1.0,1.0,2/5,26.82%,MAP4K4;STK4
prerank,GO_Biological_Process_2025__Intracellular Zinc Ion Homeostasis (GO:0006882),0.4730271638971222,0.9736703540539626,0.5090497737556561,1.0,1.0,1/8,3.97%,TMC8
prerank,GO_Biological_Process_2025__Cellular Catabolic Process (GO:0044248),0.38946313428693446,0.9734745675539984,0.47780678851174935,0.9999963919192589,1.0,7/18,18.48%,KIF16B;ANPEP;ENPEP;CPQ;ADAMTS13;PIK3R4;BECN1
prerank,GO_Biological_Process_2025__Central Nervous System Development (GO:0007417),-0.3378357534424553,-0.9732426073350777,0.5182679296346414,1.0,1.0,17/97,11.64%,ITGAM;MSI2;PITPNM1;RBBP7;CLASP1;MIOS;CXCR4;GBA2;VPS13B;TMX2;RPS6KA3;EIF2B5;ABCB6;SPOCK1;IER3IP1;BGLAP;ACAN
prerank,GO_Biological_Process_2025__DNA Synthesis Involved in DNA Repair (GO:0000731),-0.5697330819356257,-0.9730912047865619,0.527927927927928,1.0,1.0,2/5,9.44%,WRNIP1;USP32
prerank,GO_Biological_Process_2025__Positive Regulation of Vacuole Organization (GO:0044090),-0.4587205590261338,-0.9728593664711628,0.5087719298245614,1.0,1.0,8/16,26.75%,SNX4;PPP3CB;RALB;RAB3GAP2;PIP4K2B;SNX30;PIP4K2C;SH3GLB1
prerank,GO_Biological_Process_2025__Epithelial Cell-Cell Adhesion (GO:0090136),-0.5490236318028415,-0.9728025920502763,0.5230202578268877,1.0,1.0,4/6,33.31%,JUP;VCL;THBS4;ITGB5
prerank,GO_Biological_Process_2025__Regulation of ERAD Pathway (GO:1904292),0.41491900344815363,0.9724886059687572,0.4965034965034965,1.0,1.0,6/14,19.84%,USP19;STUB1;SVIP;ATXN3;SGTA;UBQLN1
prerank,DGIdb_Drug_Targets_2024__SNS 314,-0.4389016146113478,-0.972313646015636,0.5245641838351822,1.0,1.0,6/21,21.67%,MET;IRAK4;SRPK1;TYRO3;NTRK2;RPS6KB1
prerank,GO_Biological_Process_2025__Intracellular Iron Ion Homeostasis (GO:0006879),-0.4069491055836208,-0.9723037420908665,0.5016077170418006,1.0,1.0,13/30,25.01%,SMAD4;ATP13A2;ACO1;BOLA3;GLRX5;FXN;ATP6V0A2;BOLA1;TFR2;ABCB7;CYBRD1;PICALM;ATP6V0D1
prerank,GO_Biological_Process_2025__Organelle Disassembly (GO:1903008),0.36698934261446137,0.9721106958397526,0.4972375690607735,1.0,1.0,3/28,6.77%,MTIF3;MRRF;DENR
prerank,GO_Biological_Process_2025__Positive Regulation of RNA Biosynthetic Process (GO:1902680),-0.33561512797140586,-0.9719492506052643,0.5013054830287206,1.0,1.0,10/114,4.91%,FOXO1;BCL10;EPX;NIBAN2;EDF1;RBBP7;NUP62;SMAD4;ANKRD49;HMGB2
prerank,GO_Biological_Process_2025__Rac Protein Signal Transduction (GO:0016601),-0.48421903182620085,-0.971915993979169,0.5120689655172413,1.0,1.0,3/12,22.51%,AIF1;HACD3;ELMO1
prerank,GO_Biological_Process_2025__Protein Targeting to Lysosome (GO:0006622),-0.43133851206130897,-0.9712529056800147,0.5007923930269413,1.0,1.0,5/20,17.02%,SNX16;SORL1;NAGPA;AP4M1;GCC2
prerank,GO_Biological_Process_2025__Neuron Projection Morphogenesis (GO:0048812),0.3178684096812625,0.97057569248697,0.48736462093862815,1.0,1.0,17/71,19.36%,ARHGAP35;TRIO;TAOK2;ANK3;ATP7A;LLGL1;WASL;SSNA1;DTNBP1;TMEM106B;PARD3;NRCAM;EPB41L3;BMP7;SHTN1;MAP4K4;TNN
prerank,GO_Biological_Process_2025__Regulation of Macrophage Cytokine Production (GO:0010935),-0.5596909066257622,-0.9705015985058254,0.5301418439716312,1.0,1.0,5/6,43.62%,IRAK3;RTN4;PLCG2;TGFB2;TGFB1
prerank,GO_Biological_Process_2025__Positive Regulation of Protein Secretion (GO:0050714),-0.38370525905059594,-0.9702951551558977,0.5279034690799397,1.0,1.0,8/41,13.00%,LRRC8A;IRS2;ATP13A2;NLGN2;GOLPH3;IER3IP1;PPID;ADAM9
prerank,GO_Biological_Process_2025__Positive Regulation of Telomere Maintenance via Telomerase (GO:0032212),-0.4702218334404986,-0.9700853782454506,0.5382113821138211,1.0,1.0,3/13,20.65%,HNRNPD;FBXO4;CTNNB1
prerank,GO_Biological_Process_2025__Negative Regulation of Cell Projection Organization (GO:0031345),-0.4449444999381646,-0.9698739572996771,0.518341307814992,1.0,1.0,5/19,15.30%,RAB29;SPOCK1;GORASP1;PTEN;GAK
prerank,GO_Biological_Process_2025__Negative Regulation of Vascular Endothelial Growth Factor Receptor Signaling Pathway (GO:0030948),0.4896497090110622,0.9697975584261157,0.5111111111111111,1.0,1.0,2/7,26.45%,MMRN2;PTPN1
prerank,GO_Biological_Process_2025__Negative Regulation of Transforming Growth Factor Beta Receptor Signaling Pathway (GO:0030512),0.38076776771143045,0.9697923077056579,0.4831168831168831,1.0,1.0,5/24,10.43%,WFIKKN2;PDPK1;STUB1;FAM89B;SPRY2
prerank,GO_Biological_Process_2025__Positive Regulation of Collagen Metabolic Process (GO:0010714),-0.5223454335740122,-0.9694751976986828,0.537521815008726,1.0,1.0,2/8,15.69%,VIM;F2R
prerank,GO_Biological_Process_2025__Regulation of Cytokine Production (GO:0001817),0.32130170292758126,0.969185854143037,0.5050847457627119,1.0,1.0,4/56,2.66%,AFAP1L2;PTGER4;N4BP1;ERMAP
prerank,GO_Biological_Process_2025__Protein Modification Process (GO:0036211),-0.3047128512947987,-0.9690469741808322,0.5472350230414746,1.0,1.0,40/268,13.47%,PPP2CA;HCK;PIGH;EIF2AK3;PRKDC;SSH2;STK17A;CSTA;NTAQ1;NPC1;MTMR6;CLASP1;TLK1;DAPK3;ANXA1;SBF1;KALRN;PARP4;ERO1A;TGM3;TELO2;CDK2;PKN2;COQ8B;MAP3K6;AKT2;SRPK1;CTBP1;USP25;SUMF1;UBE2F;CDC42BPA;PDXP;PPP3CB;MAPK9;COG7;IRAK3;FN3KRP;NAGPA;ATG4A
prerank,DGIdb_Drug_Targets_2024__WORTMANNIN,-0.5241384100859708,-0.9688483756560482,0.5427046263345195,1.0,1.0,5/8,31.60%,PRKAB1;EIF2B1;F2R;AKT1;HSP90AA1
prerank,GO_Biological_Process_2025__Medium-Chain Fatty Acid Metabolic Process (GO:0051791),-0.5232299912310477,-0.9682445563893946,0.5209380234505863,1.0,1.0,2/7,17.92%,ACOT7;CROT
prerank,GO_Biological_Process_2025__Regulation of ATP Metabolic Process (GO:1903578),-0.5266052663837171,-0.9681954712038997,0.5369718309859155,1.0,1.0,5/7,32.11%,OGT;FIS1;PRKAG2;PRKAG1;EIF6
prerank,GO_Biological_Process_2025__Modified Amino Acid Biosynthetic Process (GO:0042398),-0.4987804812037192,-0.9681140906737703,0.5301204819277109,1.0,1.0,1/11,0.65%,CHAC2
prerank,GO_Biological_Process_2025__Ionotropic Glutamate Receptor Signaling Pathway (GO:0035235),0.494054469208419,0.9678533593654268,0.5069444444444444,1.0,1.0,1/6,8.18%,LLGL1
prerank,DGIdb_Drug_Targets_2024__BEVACIZUMAB,0.3816088968703871,0.9678344593711166,0.5093333333333333,1.0,1.0,3/24,7.16%,BRAF;ANXA11;MMP2
prerank,GO_Biological_Process_2025__Negative Regulation of Interleukin-2 Production (GO:0032703),0.48573607522338264,0.967768550220662,0.5023474178403756,1.0,1.0,1/7,2.88%,HDAC7
prerank,GO_Biological_Process_2025__Glycoprotein Biosynthetic Process (GO:0009101),0.3500490764331431,0.9675813023152277,0.49846153846153846,1.0,1.0,7/35,11.68%,ST6GALNAC1;TNIP1;COG3;ATP7A;IGF1;TMEM59;GAL3ST4
prerank,GO_Biological_Process_2025__Negative Regulation of Stress Fiber Assembly (GO:0051497),-0.45822033367652354,-0.9675568880064976,0.5241379310344828,1.0,1.0,3/15,7.81%,CLASP1;PPFIA1;PKN2
prerank,GO_Biological_Process_2025__Positive Regulation of Leukocyte Chemotaxis (GO:0002690),-0.42824602640039355,-0.9675424539849218,0.5243506493506493,1.0,1.0,10/23,38.97%,S100A14;AIF1;MAPK3;HMGB1;MAPK1;CSF1;RARRES2;MOSPD2;PTK2;CALR
prerank,GO_Biological_Process_2025__Glycophagy (GO:0061723),-0.49070468506655807,-0.9672097307753506,0.4931506849315068,1.0,1.0,1/9,2.00%,WDR45B
prerank,GO_Biological_Process_2025__Apical Junction Assembly (GO:0043297),-0.419981102820495,-0.9670177158930585,0.5112540192926045,1.0,1.0,2/22,7.81%,AFDN;PKN2
prerank,GO_Biological_Process_2025__Negative Regulation of Inclusion Body Assembly (GO:0090084),-0.568439761967768,-0.9670167196454607,0.5457875457875457,1.0,1.0,2/5,10.75%,SORL1;DNAJB1
prerank,GO_Biological_Process_2025__Mitochondrial Cytochrome C Oxidase Assembly (GO:0033617),-0.503719157657772,-0.9667222378775833,0.5304347826086957,1.0,1.0,3/9,15.72%,COX14;SCO1;TIMM21
prerank,GO_Biological_Process_2025__Positive Regulation of Sprouting Angiogenesis (GO:1903672),0.46641542634530697,0.9665059034641184,0.49363867684478374,1.0,1.0,3/9,19.36%,PDPK1;DSG2;TNN
prerank,GO_Biological_Process_2025__G2/M Transition of Mitotic Cell Cycle (GO:0000086),0.4254355543357372,0.9663706494074706,0.4854368932038835,0.9996420411496233,1.0,2/13,4.61%,PLCB1;LATS1
prerank,GO_Biological_Process_2025__Cell Cycle G2/M Phase Transition (GO:0044839),0.4254355543357372,0.9663706494074706,0.4854368932038835,0.9996420411496233,1.0,2/13,4.61%,PLCB1;LATS1
prerank,GO_Biological_Process_2025__Regulation of Secretion (GO:0051046),0.5313508213751691,0.9662491943078161,0.513215859030837,0.9985801429776658,1.0,4/5,27.65%,RHBDD1;OAS2;CES1;EGF
prerank,GO_Biological_Process_2025__Regulation of Plasminogen Activation (GO:0010755),-0.48137723031473956,-0.9660943774419506,0.5150501672240803,1.0,1.0,1/11,2.57%,MELTF
prerank,GO_Biological_Process_2025__Peptidyl-Lysine Hydroxylation (GO:0017185),0.5261810077973025,0.9650285638909641,0.5137420718816068,1.0,1.0,2/5,13.14%,VPS33B;VIPAS39
prerank,GO_Biological_Process_2025__Aorta Morphogenesis (GO:0035909),0.5388248008291848,0.9643498696880104,0.5344827586206896,1.0,1.0,3/5,24.71%,JAG1;EFEMP2;ENG
prerank,GO_Biological_Process_2025__Respiratory System Development (GO:0060541),-0.5398639303562779,-0.9642165699352876,0.5473484848484849,1.0,1.0,1/6,2.74%,FGFR2
prerank,GO_Biological_Process_2025__Regulation of Fibroblast Proliferation (GO:0048145),0.3839206245207156,0.96342045991902,0.5,1.0,1.0,8/22,18.27%,DHX9;SFRP1;FTH1;IGF1;FN1;DDR2;PDGFB;EMD
prerank,GO_Biological_Process_2025__Adenylate Cyclase-Activating G Protein-Coupled Receptor Signaling Pathway (GO:0007189),0.35560316403166764,0.9632734874423957,0.4821917808219178,1.0,1.0,3/31,5.22%,PTGER4;ADGRD1;ADGRE2
prerank,GO_Biological_Process_2025__Positive Regulation of Syncytium Formation by Plasma Membrane Fusion (GO:0060143),0.44614905392951487,0.9632125523527111,0.5129411764705882,0.9990407062079864,1.0,4/10,17.20%,RIPOR2;SCGB3A1;TREM2;TYROBP
prerank,GO_Biological_Process_2025__Homophilic Cell Adhesion via Plasma Membrane Adhesion Molecules (GO:0007156),-0.42371283196572906,-0.9626479303359005,0.5227629513343799,1.0,1.0,3/27,5.80%,PTK7;HMCN1;CELSR2
prerank,GO_Biological_Process_2025__Nucleic Acid Catabolic Process (GO:0141188),-0.46127105356676795,-0.9624893657420281,0.5317460317460317,1.0,1.0,3/14,10.29%,EXOSC2;HNRNPD;SUPV3L1
prerank,GO_Biological_Process_2025__Negative Regulation of Protein Kinase Activity (GO:0006469),-0.40129086951070125,-0.9623975399996889,0.5411392405063291,1.0,1.0,6/31,11.24%,AKT1S1;THY1;DUSP3;PKN2;REXO2;MVP
prerank,GO_Biological_Process_2025__Leukotriene Metabolic Process (GO:0006691),0.4812734907136478,0.9623394526449406,0.4821852731591449,0.9996851261393016,1.0,2/8,10.92%,GGT1;PTGR1
prerank,GO_Biological_Process_2025__Negative Regulation of Multicellular Organismal Process (GO:0051241),0.30021012489688514,0.9621440643640049,0.49830508474576274,0.998876335685035,1.0,10/74,6.47%,ADIPOR1;PTGER4;N4BP1;SFRP1;STK11;GRN;ADIPOQ;GSK3A;APOA4;IFNGR1
prerank,GO_Biological_Process_2025__Inorganic Cation Transmembrane Transport (GO:0098662),-0.3614972239811052,-0.9620410415730997,0.5137741046831956,1.0,1.0,24/59,30.74%,CCDC51;SLC12A6;ATP2B4;HVCN1;ATP6V0A2;ATP6V0A1;ATP6V1C1;TRPC6;ATP6AP2;TMCO1;SLC6A4;SLC39A7;ORAI1;TRPM4;ATP6V0D1;SLC6A6;TMEM165;TRPV2;ATP5MF;KCNK6;ATP5PO;SLC31A1;SLC39A11;PRKD2
prerank,GO_Biological_Process_2025__Positive Regulation of DNA Biosynthetic Process (GO:2000573),-0.43927307467937315,-0.9620060372178054,0.5290322580645161,1.0,1.0,4/19,20.65%,FGFR4;HNRNPD;FBXO4;CTNNB1
prerank,GO_Biological_Process_2025__Positive Regulation of Membrane Protein Ectodomain Proteolysis (GO:0051044),0.46520227639618245,0.9618766715367479,0.5093023255813953,0.9982095546000651,1.0,4/8,25.11%,GPLD1;FURIN;SNX9;APOE
prerank,GO_Biological_Process_2025__Regulation of Establishment of Cell Polarity (GO:2000114),0.4420947438715586,0.9618131476421709,0.5315533980582524,0.9970351654416094,1.0,4/12,17.96%,RIPOR2;CDH5;PLEKHG3;SHTN1
prerank,GO_Biological_Process_2025__Long-Chain Fatty Acid Import Into Cell (GO:0044539),-0.5326800686216742,-0.9615627743637898,0.5376146788990825,1.0,1.0,1/6,2.95%,SLC27A2
prerank,GO_Biological_Process_2025__Epithelial Structure Maintenance (GO:0010669),0.5153351048664596,0.96137074871352,0.5124153498871332,0.9968065794844245,1.0,2/6,10.04%,SERPINA3;RBP4
prerank,GO_Biological_Process_2025__Negative Regulation of Catalytic Activity (GO:0043086),0.4112945251256331,0.961146613020835,0.48418491484184917,0.9960790117806161,1.0,5/15,21.81%,IFIT1;SERPINA5;PARP9;NES;CCAR2
prerank,GO_Biological_Process_2025__Positive Regulation of Lipid Transport (GO:0032370),0.4952567106692378,0.960705636853073,0.5148063781321185,0.995818552755729,1.0,1/6,3.87%,ABCA3
prerank,GO_Biological_Process_2025__Positive Regulation of Transport (GO:0051050),0.38859447723652885,0.960654223111628,0.4732394366197183,0.9946310088357863,1.0,2/20,4.48%,SMPD1;GSK3A
prerank,GO_Biological_Process_2025__Positive Regulation of DNA-binding Transcription Factor Activity (GO:0051091),-0.35747357582959255,-0.9606302872127622,0.530812324929972,1.0,1.0,18/67,21.81%,BCL10;S100A12;TERF2IP;ANXA3;JUP;S100A9;RPS3;S100A8;SPHK1;CRTC1;FER;SMAD3;UBE2V1;PRKCI;MYD88;CIB1;NPM1;PPIA
prerank,GO_Biological_Process_2025__Establishment of Protein Localization to Membrane (GO:0090150),-0.38812629225555145,-0.9602456790499017,0.5,1.0,1.0,10/40,17.94%,PEX5;NPC1;GOLGA7;GORASP2;GORASP1;RAB43;PEX3;RDX;RAB8B;PRKCI
prerank,GO_Biological_Process_2025__Protein Dephosphorylation (GO:0006470),-0.3724813979067387,-0.9602355343481596,0.5388967468175389,1.0,1.0,5/49,7.21%,PPP2CA;SSH2;MTMR6;SBF1;DUSP3
prerank,GO_Biological_Process_2025__siRNA Processing (GO:0030422),-0.5593858679071508,-0.9600319635765797,0.5188679245283019,1.0,1.0,1/5,0.97%,PRKRA
prerank,Reactome_Pathways_2024__Acetylcholine Neurotransmitter Release Cycle,-0.5675063818016391,-0.959735333536498,0.5490909090909091,1.0,1.0,1/5,5.87%,PPFIA1
prerank,GO_Biological_Process_2025__Glycosphingolipid Catabolic Process (GO:0046479),0.4759052515002329,0.9593612743071455,0.5330188679245284,0.9963355714491339,1.0,2/8,9.23%,SMPD1;HEXB
prerank,GO_Biological_Process_2025__Establishment of Golgi Localization (GO:0051683),-0.5318879725434371,-0.9593317250430605,0.5404929577464789,1.0,1.0,2/6,21.79%,RIPOR1;CDC42
prerank,GO_Biological_Process_2025__Dendritic Cell Differentiation (GO:0097028),-0.5452027914890172,-0.959276106976231,0.5542168674698795,1.0,1.0,1/6,6.72%,PRTN3
prerank,GO_Biological_Process_2025__Positive Regulation of Cardiac Muscle Tissue Growth (GO:0055023),-0.5352527518681696,-0.9592369826446226,0.5483870967741935,1.0,1.0,1/6,2.74%,FGFR2
prerank,GO_Biological_Process_2025__Plasma Membrane Invagination (GO:0099024),-0.44253835321576607,-0.9592272277120221,0.5239616613418531,1.0,1.0,6/17,22.51%,ITGAM;ITGB2;MARCO;RHOA;CDC42;ELMO1
prerank,GO_Biological_Process_2025__Positive Regulation of Viral Life Cycle (GO:1903902),-0.46619240950245067,-0.9585954370448325,0.534804753820034,1.0,1.0,1/15,0.49%,CD209
prerank,GO_Biological_Process_2025__Unsaturated Fatty Acid Metabolic Process (GO:0033559),0.40452676331433685,0.9584843245602751,0.5214105793450882,0.9971117319644603,1.0,1/16,0.25%,EPHX1
prerank,GO_Biological_Process_2025__Translation (GO:0006412),-0.31765209978552184,-0.9584265004946415,0.56,1.0,1.0,24/147,11.43%,IGF2BP3;RPL15;RPL6;RPS13;RPL8;RPL3;MRPS6;MRPL44;MRPL3;RPL38;MRPS17;MARS2;RPLP0;RPS19;RPS6;RPL22;RPL18;RPS3;RPS4X;MRPL40;QRSL1;FARS2;RARS2;RPL11
prerank,GO_Biological_Process_2025__Positive Regulation of D-glucose Transmembrane Transport (GO:0010828),-0.4427128828823477,-0.9582060821545099,0.5306122448979592,1.0,1.0,5/17,11.80%,IRS2;RHOQ;AKT2;ARPP19;APPL1
prerank,GO_Biological_Process_2025__Glutamate Metabolic Process (GO:0006536),-0.5134790171899262,-0.9573531205659,0.5303292894280762,1.0,1.0,2/8,8.60%,GLUL;GOT2
prerank,GO_Biological_Process_2025__Autophagosome Assembly (GO:0000045),-0.36671475532816017,-0.9571363940723943,0.5356125356125356,1.0,1.0,10/52,14.60%,ATG13;WDR45B;ARFIP2;ATG16L1;ATG101;PACS2;RAB43;UBQLN2;ATG4A;AP4M1
prerank,GO_Biological_Process_2025__Transition Metal Ion Transport (GO:0000041),0.4258807058119675,0.9571139766726183,0.4812206572769953,0.9990658419621914,1.0,3/13,5.68%,SLC30A6;ATP7A;FTH1
prerank,GO_Biological_Process_2025__Positive Regulation of Cell Projection Organization (GO:0031346),-0.37007897601624984,-0.9568363295335216,0.5267857142857143,1.0,1.0,2/47,0.88%,PTK7;NDNF
prerank,GO_Biological_Process_2025__Endomembrane System Organization (GO:0010256),-0.32448380909019364,-0.956732287725981,0.5428194993412385,1.0,1.0,22/126,15.58%,RAB29;EIF2AK3;PLEKHM2;CLASP1;COG2;PLEKHJ1;VPS13B;GORASP2;LMNB2;GOLPH3;REEP4;PHETA2;GORASP1;RAB43;DNAJC13;DYM;LMAN1;COG7;MIA3;ALS2;GAK;OSBPL2
prerank,GO_Biological_Process_2025__Regulation of Neurotransmitter Secretion (GO:0046928),-0.46779547613854555,-0.9566515755765899,0.5297029702970297,1.0,1.0,4/12,21.35%,BGLAP;MCTP1;MCTP2;RAB5A
prerank,GO_Biological_Process_2025__Positive Regulation of Translation (GO:0045727),-0.3683787291822552,-0.9565885817503594,0.5470588235294118,1.0,1.0,8/52,11.12%,PRKDC;PRMT1;DHX36;EIF4A3;EIF2B5;HNRNPD;RPS4X;GUF1
prerank,GO_Biological_Process_2025__mRNA Catabolic Process (GO:0006402),-0.4217924329774314,-0.9560346014075249,0.5425361155698234,1.0,1.0,3/21,10.29%,EXOSC2;DIS3L2;SUPV3L1
prerank,GO_Biological_Process_2025__Negative Regulation of Cell Population Proliferation (GO:0008285),-0.32541216564310105,-0.9559955494638268,0.55,1.0,1.0,12/118,9.71%,ATG13;PRKRA;SFRP4;NMI;NIBAN2;CDK6;NUP62;DIS3L2;ATG101;AIF1;TES;CTBP1
prerank,DGIdb_Drug_Targets_2024__OLANZAPINE,0.44125475224583033,0.9554673531581851,0.49887133182844245,1.0,1.0,3/10,8.37%,TPMT;GAA;PRKAB2
prerank,GO_Biological_Process_2025__Positive Regulation of Cell Cycle Phase Transition (GO:1901989),-0.5590784558923684,-0.9553758183968876,0.5472370766488414,1.0,1.0,3/5,37.55%,NPM1;PLCG2;PHB2
prerank,GO_Biological_Process_2025__Positive Regulation of Amyloid Precursor Protein Catabolic Process (GO:1902993),0.4327926860775444,0.9553482652542127,0.4987714987714988,1.0,1.0,2/12,6.47%,GSK3A;IFNGR1
prerank,GO_Biological_Process_2025__Regulation of Fibroblast Growth Factor Receptor Signaling Pathway (GO:0040036),0.4938968681569782,0.9545757867145293,0.5372093023255814,1.0,1.0,3/7,25.59%,SPRY2;NPTN;ITGB1
prerank,GO_Biological_Process_2025__Regulation of Potassium Ion Transmembrane Transporter Activity (GO:1901016),-0.5137330635443506,-0.9543222886931567,0.5706214689265536,1.0,1.0,2/8,13.05%,AKAP9;NEDD4L
prerank,GO_Biological_Process_2025__Regulation of Actin Nucleation (GO:0051125),-0.4642270856445849,-0.9540906115868277,0.5088282504012841,1.0,1.0,1/13,3.32%,ARFIP2
prerank,GO_Biological_Process_2025__Branching Morphogenesis of an Epithelial Tube (GO:0048754),-0.5009669545624723,-0.9540625566721259,0.5346358792184724,1.0,1.0,2/8,11.68%,RASIP1;NPNT
prerank,GO_Biological_Process_2025__Monoatomic Anion Transmembrane Transport (GO:0098656),-0.46739029263645854,-0.9540495399771582,0.5551948051948052,1.0,1.0,3/14,5.40%,LRRC8A;SLC5A6;SLC12A6
prerank,GO_Biological_Process_2025__Ventricular Septum Development (GO:0003281),0.48167477584909163,0.9535535829862498,0.5346534653465347,1.0,1.0,3/8,9.37%,HECTD1;PDE2A;TGFBR3
prerank,GO_Biological_Process_2025__Positive Regulation of Pinocytosis (GO:0048549),-0.5607239987131123,-0.9531805601789051,0.5690909090909091,1.0,1.0,2/5,21.79%,APPL1;CDC42
prerank,GO_Biological_Process_2025__Negative Regulation of Carbohydrate Metabolic Process (GO:0045912),0.4207087934108636,0.9531211516806763,0.5215311004784688,1.0,1.0,3/15,9.53%,ADIPOQ;GSK3A;C1QTNF3
prerank,GO_Biological_Process_2025__Intracellular Monoatomic Cation Homeostasis (GO:0030003),-0.3461675582718971,-0.9530661177630565,0.533625730994152,1.0,1.0,12/71,14.65%,ELANE;SMAD4;ATP13A2;ATP2B4;TMEM94;ACO1;BOLA3;GLRX5;FXN;ATP6V0A2;BOLA1;STC2
prerank,GO_Biological_Process_2025__Branched-Chain Amino Acid Metabolic Process (GO:0009081),-0.47245282038651215,-0.952761449484481,0.5446880269814502,1.0,1.0,4/13,17.29%,BCKDHB;BCAT2;DBT;BCKDHA
prerank,GO_Biological_Process_2025__Regulation of Interferon-Beta Production (GO:0032648),0.37106725497604376,0.952611392973973,0.5,1.0,1.0,5/23,12.22%,DHX9;REL;OAS3;OAS2;TRIM56
prerank,GO_Biological_Process_2025__Ribosome Disassembly (GO:0032790),-0.40650501892118074,-0.9524208594055391,0.5618153364632238,1.0,1.0,6/29,11.17%,MTRES1;MTIF2;UFSP2;LTN1;USP32;ZNF598
prerank,DGIdb_Drug_Targets_2024__HYDROCHLOROTHIAZIDE,-0.47067198741396965,-0.9521568838584156,0.538971807628524,1.0,1.0,3/14,15.04%,GRK5;ACE;CSK
prerank,GO_Biological_Process_2025__MyD88-dependent Toll-Like Receptor Signaling Pathway (GO:0002755),0.4630707900065537,0.9520284664680296,0.5298329355608592,1.0,1.0,1/9,1.69%,TNIP1
prerank,GO_Biological_Process_2025__Canonical Wnt Signaling Pathway (GO:0060070),-0.49143041247524366,-0.9519771383302199,0.5549738219895288,0.999755796657897,1.0,2/9,8.34%,SFRP4;JUP
prerank,GO_Biological_Process_2025__Lysosomal Membrane Organization (GO:0097212),0.4670626203316661,0.9518672675013873,0.5046511627906977,1.0,1.0,3/8,22.27%,CHMP1B;CHMP1A;CHMP2B
prerank,GO_Biological_Process_2025__Positive Regulation of Intracellular Transport (GO:0032388),-0.3970452962547437,-0.9517833556133403,0.5311572700296736,0.9992836158285602,1.0,4/31,10.17%,RAB29;RIPOR1;SORL1;EZR
prerank,DGIdb_Drug_Targets_2024__BGJ398,-0.4720692632288135,-0.9510408375750805,0.55,1.0,1.0,4/14,7.26%,FGFR2;FGFR4;FGFR3;PIK3C2A
prerank,GO_Biological_Process_2025__Positive Regulation of NF-kappaB Transcription Factor Activity (GO:0051092),-0.3680072952418558,-0.9507113782071058,0.5544267053701016,0.9998209853816561,1.0,14/50,21.81%,BCL10;S100A12;TERF2IP;S100A9;RPS3;S100A8;SPHK1;FER;UBE2V1;PRKCI;MYD88;CIB1;NPM1;PPIA
prerank,GO_Biological_Process_2025__Regulation of Proteolysis (GO:0030162),-0.41742143752991545,-0.9506903863819739,0.5257410296411856,0.9989344558201606,1.0,3/25,5.08%,CSTA;FGFR4;CST3
prerank,DGIdb_Drug_Targets_2024__EXEMESTANE,0.517536989968894,0.9500595952022003,0.5234899328859061,1.0,1.0,1/5,3.50%,STK11
prerank,GO_Biological_Process_2025__- Reg of Transmembrane Receptor Prot Serine/Threonine Kinase Sgnlng Pway (GO:0090101),0.3445176266823442,0.9497758998685296,0.5467032967032966,1.0,1.0,11/37,19.77%,WFIKKN2;PDPK1;STUB1;TGFBR3;FAM89B;SPRY2;SNX6;ADAM17;TNFAIP6;CDH15;ADAMTSL2
prerank,GO_Biological_Process_2025__Positive Regulation of Canonical NF-kappaB Signal Transduction (GO:0043123),-0.3430216076466029,-0.9495276590370039,0.5588235294117647,1.0,1.0,22/94,18.84%,BIRC2;BCL10;DHX36;S100A12;NUP62;TERF2IP;CUL1;IRAK4;GOLT1B;XIAP;S100A4;TNIP2;IRAK3;FKBP1A;SLCO3A1;F2R;UBE2V1;CCL21;RHOC;IFIT5;PPM1A;MYD88
prerank,GO_Biological_Process_2025__Regulation of Oxidative Stress-Induced Intrinsic Apoptotic Signaling Pathway (GO:1902175),0.4303525038950743,0.9493045825160604,0.542713567839196,1.0,1.0,5/13,19.84%,NOL3;VNN1;HTRA2;TREM2;UBQLN1
prerank,GO_Biological_Process_2025__Positive Regulation of Smooth Muscle Cell Proliferation (GO:0048661),-0.4189645381143976,-0.9492890878877448,0.5394524959742351,1.0,1.0,2/22,8.07%,ELANE;AIF1
prerank,GO_Biological_Process_2025__Nitrogen Compound Transport (GO:0071705),0.30015979744106625,0.9490496476187357,0.5536332179930796,1.0,1.0,5/66,5.94%,TXNIP;LRRC8C;RHAG;HBB;CHMP1B
prerank,GO_Biological_Process_2025__Synaptic Vesicle Membrane Organization (GO:0048499),-0.5397709947462304,-0.9487968799761741,0.5642857142857143,1.0,1.0,1/6,8.58%,STX2
prerank,GO_Biological_Process_2025__Microtubule Bundle Formation (GO:0001578),-0.4883960599475023,-0.9487641155287974,0.5660714285714286,0.9994171442781494,1.0,2/9,11.47%,CLASP1;SPAST
prerank,GO_Biological_Process_2025__Ventricular Septum Morphogenesis (GO:0060412),-0.5449066468656616,-0.9480229825916007,0.5599284436493739,1.0,1.0,1/5,4.41%,SMAD4
prerank,GO_Biological_Process_2025__Regulation of DNA Recombination (GO:0000018),-0.5460234500799775,-0.9478516165769825,0.5719424460431655,0.9995180570165593,1.0,2/6,10.52%,TERF2IP;RAD50
prerank,GO_Biological_Process_2025__Plasma Membrane Tubulation (GO:0097320),0.4766723453694395,0.9475950574672812,0.533816425120773,1.0,1.0,4/8,23.37%,FNBP1L;SNX9;PACSIN2;SNX18
prerank,GO_Biological_Process_2025__Mitochondrial Calcium Ion Transmembrane Transport (GO:0006851),-0.46201615099744703,-0.9474545294925021,0.5398981324278438,0.9994272055917011,1.0,7/13,30.14%,MCUR1;LETM1;SMDT1;MICU2;MICU1;ITPR1;MCU
prerank,GO_Biological_Process_2025__Negative Regulation of Peptidase Activity (GO:0010466),-0.45857943986415217,-0.9473949318150333,0.5417348608837971,0.9986463208228805,1.0,4/15,13.93%,CSTA;CST3;SPOCK1;SERPINB1
prerank,GO_Biological_Process_2025__Cytoskeleton Organization (GO:0007010),0.32527088997650133,0.946621203817628,0.54858934169279,1.0,1.0,3/50,2.85%,MTOR;MAST4;RANBP10
prerank,GO_Biological_Process_2025__Regulation of G Protein-Coupled Receptor Signaling Pathway (GO:0008277),-0.4088747974748359,-0.9462037490428176,0.5560821484992101,1.0,1.0,2/27,2.78%,DGKQ;GRK5
prerank,GO_Biological_Process_2025__Regulation of Aerobic Respiration (GO:1903715),0.4777615287984138,0.9459409624271048,0.5265486725663717,1.0,1.0,1/6,4.19%,ATP7A
prerank,GO_Biological_Process_2025__Protein Targeting to Vacuole (GO:0006623),0.35734466015047367,0.9458207140078934,0.5539358600583091,1.0,1.0,8/26,19.28%,VPS13D;VPS8;PIK3C3;PIK3R4;SQSTM1;BECN1;VPS41;VPS37B
prerank,GO_Biological_Process_2025__Stress-Activated MAPK Cascade (GO:0051403),0.4739899029704606,0.9456396840524016,0.5124153498871332,1.0,1.0,1/8,2.90%,TAOK2
prerank,GO_Biological_Process_2025__Positive Regulation of Cytokine Production (GO:0001819),-0.3225220441438496,-0.9455846695510361,0.5670498084291188,1.0,1.0,20/127,13.23%,FCN1;ELANE;SAA2;BCL10;EIF2AK3;PAEP;IRF3;LILRA2;ANXA1;AIF1;SORL1;S100A9;LBP;XIAP;RPS3;SPHK1;EBI3;APPL1;MAPK9;IL16
prerank,GO_Biological_Process_2025__Phosphatidic Acid Metabolic Process (GO:0046473),-0.42062708382389236,-0.9454945742538473,0.5276872964169381,0.9991440795634288,1.0,10/21,23.29%,DGKQ;ACP6;LIPH;LPCAT1;ABHD5;DGKA;AGPAT4;GNPAT;GPAT4;AGPAT1
prerank,GO_Biological_Process_2025__Phosphatidic Acid Biosynthetic Process (GO:0006654),-0.42062708382389236,-0.9454945742538473,0.5276872964169381,0.9991440795634288,1.0,10/21,23.29%,DGKQ;ACP6;LIPH;LPCAT1;ABHD5;DGKA;AGPAT4;GNPAT;GPAT4;AGPAT1
prerank,GO_Biological_Process_2025__Negative Regulation of Blood Vessel Endothelial Cell Migration (GO:0043537),-0.4369828793237022,-0.9453866324785553,0.5597381342062193,0.9984767257428249,1.0,3/18,8.34%,MAP2K5;ATP2B4;JUP
prerank,GO_Biological_Process_2025__Response to BMP (GO:0071772),0.5120400728514433,0.9452934955527541,0.5265392781316348,1.0,1.0,2/5,4.96%,SFRP1;BMP6
prerank,GO_Biological_Process_2025__Carbohydrate Metabolic Process (GO:0005975),-0.38930300470766466,-0.9447801515490539,0.556060606060606,0.9989063761648993,1.0,9/37,23.20%,FGGY;NAGPA;CHST1;IDH3G;SLC35A1;MAN1B1;POMK;PHKA2;SHPK
prerank,GO_Biological_Process_2025__Phosphatidylinositol Metabolic Process (GO:0046488),-0.37690641981899964,-0.9447181088683837,0.551829268292683,0.9981108453300497,1.0,11/43,16.85%,PI4KB;PITPNM1;MTMR6;PIP5K1B;INPP4A;PIK3C2A;MTMR9;PTEN;PLCB4;IMPA1;MTMR14
prerank,GO_Biological_Process_2025__miRNA Processing (GO:0035196),-0.46041973663171937,-0.9441587061328532,0.5257731958762887,0.9984411665461149,1.0,2/13,3.31%,PRKRA;AGO1
prerank,GO_Biological_Process_2025__Insulin-Like Growth Factor Receptor Signaling Pathway (GO:0048009),-0.4956513214269162,-0.9428924913754237,0.5383244206773619,1.0,1.0,2/9,2.71%,EIF2AK3;IRS2
prerank,GO_Biological_Process_2025__Regulation of Phosphatase Activity (GO:0010921),-0.556676375285023,-0.9428909714527606,0.5629496402877698,0.9994537254498783,1.0,4/5,42.07%,MTMR9;CDK5RAP3;URI1;CHORDC1
prerank,Reactome_Pathways_2024__Activation of HOX Genes During Differentiation,-0.5393045808545611,-0.9425592677672162,0.5602189781021898,0.9992757965421903,1.0,3/6,19.91%,RBBP7;DPY30;POLR2G
prerank,GO_Biological_Process_2025__Positive Regulation of Proteolysis Involved in Protein Catabolic Process (GO:1903052),0.36146436154958433,0.9423725229682111,0.5310734463276836,1.0,1.0,5/25,17.90%,MTOR;ATXN3;TREM2;AXIN1;SGTA
prerank,GO_Biological_Process_2025__Negative Regulation of Cell-Substrate Adhesion (GO:0010812),-0.4263162943782512,-0.9422086362168127,0.5317460317460317,0.9990929620307137,1.0,3/19,12.03%,MELTF;SPOCK1;RCC2
prerank,GO_Biological_Process_2025__Negative Regulation of Canonical NF-kappaB Signal Transduction (GO:0043124),0.3557466677877774,0.941520500653538,0.5532544378698225,1.0,1.0,5/27,10.27%,TNIP1;TMC8;ARRB2;TGFBR3;STAT1
prerank,DGIdb_Drug_Targets_2024__ETANERCEPT,-0.4986695488023587,-0.9413268546229094,0.5514834205933682,1.0,1.0,3/8,18.47%,CERS6;ALPL;NFATC2
prerank,GO_Biological_Process_2025__Negative Regulation of Protein Binding (GO:0032091),0.3656420491783373,0.9412878270179663,0.5392953929539296,1.0,1.0,5/25,8.58%,TMC8;IFIT1;ADIPOQ;CFHR2;PTPRF
prerank,GO_Biological_Process_2025__Positive Regulation of Locomotion (GO:0040017),-0.43292904794580084,-0.941274410018183,0.5510534846029174,0.9993191755410704,1.0,4/16,18.80%,CAVIN1;AKT2;CCL21;CCDC25
prerank,GO_Biological_Process_2025__Central Nervous System Projection Neuron Axonogenesis (GO:0021952),0.5161829379352594,0.9409390272794744,0.5558086560364465,1.0,1.0,2/5,8.00%,TSKU;SZT2
prerank,GO_Biological_Process_2025__Negative Regulation of Cold-Induced Thermogenesis (GO:0120163),0.3962217104876883,0.940456670300473,0.533816425120773,1.0,1.0,2/17,4.40%,STK11;ADIPOQ
prerank,GO_Biological_Process_2025__Cellular Response to Alkaloid (GO:0071312),-0.5345618124670894,-0.9403239174628643,0.5759717314487632,1.0,1.0,4/6,33.57%,GSTM2;CASP3;CASP6;TGM2
prerank,GO_Biological_Process_2025__Negative Regulation of Lymphocyte Migration (GO:2000402),0.4807022979745532,0.9397767057391179,0.5388235294117647,1.0,1.0,3/7,11.61%,CD69;RIPOR2;WASL
prerank,GO_Biological_Process_2025__Ribosomal Small Subunit Assembly (GO:0000028),-0.50887763942182,-0.9394659058946747,0.5585738539898133,1.0,1.0,4/7,25.78%,RPS19;RPS14;RPS28;RPS27
prerank,GO_Biological_Process_2025__Regulation of Protein Localization to Cell Surface (GO:2000008),-0.41001709061979263,-0.9392286413919329,0.5362318840579711,1.0,1.0,15/21,36.86%,RAB43;KCNAB2;NEDD4L;GPD1L;LEPROT;CTNNB1;METAP1;PICALM;COMMD1;PTGES2;HSP90AB1;TM9SF4;STX4;BDNF;GOPC
prerank,GO_Biological_Process_2025__Regulation of Reactive Oxygen Species Metabolic Process (GO:2000377),-0.407198621200424,-0.9388132195582082,0.5366242038216561,1.0,1.0,3/24,10.34%,STK17A;HVCN1;MPV17
prerank,GO_Biological_Process_2025__Dopamine Metabolic Process (GO:0042417),0.4994830993443025,0.9387363040803418,0.5515587529976019,1.0,1.0,3/6,26.08%,DBH;SULT1A1;SNCA
prerank,DGIdb_Drug_Targets_2024__PACLITAXEL,-0.3676051160594939,-0.9379562794499305,0.5651515151515152,1.0,1.0,8/41,14.61%,ARHGEF10;CDK2;ABCB1;ACSS2;TUBB4A;PDCD4;GSTM1;PTEN
prerank,GO_Biological_Process_2025__Acylglycerol Metabolic Process (GO:0006639),0.3720714843732967,0.9379554588422051,0.5207756232686981,1.0,1.0,14/22,25.45%,DGKD;LPL;DGAT1;LYPLA2;APOH;DGKG;SEL1L;APOC1;DGKH;APOA2;DGKZ;CETP;APOE;APOC3
prerank,GO_Biological_Process_2025__Negative Regulation of Gene Expression (GO:0010629),-0.3166534357068638,-0.9369737357837108,0.5851755526657998,1.0,1.0,10/135,7.30%,IGF2BP3;EIF2AK3;RPS13;DHX36;DGKQ;EIF4A3;TNRC6B;DAPK3;DIS3L2;ATP2B4
prerank,GO_Biological_Process_2025__Protein-Containing Complex Assembly (GO:0065003),-0.30648611679810794,-0.9369030133629328,0.5977301387137453,1.0,1.0,13/173,9.48%,COX15;POMP;DNAJB14;AFDN;SAR1B;TRAPPC2L;RPL38;PIK3C2A;AP2M1;PEF1;DNAJB12;OMA1;TBCEL
prerank,DGIdb_Drug_Targets_2024__NIFEDIPINE,-0.47138160489567943,-0.9364955037446094,0.5700636942675159,1.0,1.0,1/12,0.76%,ELANE
prerank,GO_Biological_Process_2025__Fructose 6-Phosphate Metabolic Process (GO:0006002),-0.5468165476504889,-0.9364765093973871,0.5641952983725136,1.0,1.0,3/5,22.76%,PFKM;PFKP;PFKL
prerank,GO_Biological_Process_2025__Extrinsic Apoptotic Signaling Pathway (GO:0097191),0.33784446646035904,0.9364208572231569,0.5362318840579711,1.0,1.0,6/30,9.78%,CASP2;PDPK1;GSK3A;FADD;IFI27;BAG3
prerank,GO_Biological_Process_2025__Response to Gamma Radiation (GO:0010332),-0.5274051195267297,-0.9363146022809239,0.5641025641025641,1.0,1.0,4/6,32.27%,XRCC6;PRKAA1;XRCC5;TMEM109
prerank,GO_Biological_Process_2025__Cristae Formation (GO:0042407),-0.4977784327214304,-0.9355687616555354,0.563922942206655,1.0,1.0,7/8,43.56%,LETM1;APOOL;SLC25A46;DNAJC11;SAMM50;IMMT;CHCHD3
prerank,GO_Biological_Process_2025__Regulation of Microtubule Polymerization or Depolymerization (GO:0031110),-0.44137760752490596,-0.9354903522538655,0.5657657657657658,1.0,1.0,2/15,5.49%,CLASP1;GBA2
prerank,GO_Biological_Process_2025__Adenylate Cyclase-Modulating G Protein-Coupled Receptor Signaling Pathway (GO:0007188),0.3252635756808809,0.9352207214119769,0.5751445086705202,1.0,1.0,4/42,5.22%,PTGER4;ADGRD1;PDE2A;ADGRE2
prerank,GO_Biological_Process_2025__Carbohydrate Derivative Transport (GO:1901264),-0.5341698401494128,-0.9347164559489555,0.5728813559322034,1.0,1.0,2/6,9.39%,SLC15A4;LBP
prerank,DGIdb_Drug_Targets_2024__PEMBROLIZUMAB,0.4097561864701692,0.9345445085592894,0.5495049504950495,1.0,1.0,2/13,3.50%,BRAF;STK11
prerank,GO_Biological_Process_2025__Negative Regulation of Protein Ubiquitination (GO:0031397),0.3575013416972584,0.9341869947596512,0.522911051212938,1.0,1.0,8/25,18.66%,N4BP1;CAMLG;ARRB2;SPRY2;DTX3L;SQSTM1;GNL3L;WNK1
prerank,GO_Biological_Process_2025__Regulation of Carbohydrate Catabolic Process (GO:0043470),-0.5082799243149329,-0.9341859446534073,0.5701754385964912,1.0,1.0,5/6,35.65%,OGT;PRKAG2;PRKAG1;EIF6;SCARB2
prerank,GO_Biological_Process_2025__Negative Regulation of Transmembrane Transport (GO:0034763),-0.514492110597989,-0.934095259597499,0.591304347826087,1.0,1.0,2/7,8.48%,IRS2;AKT2
prerank,GO_Biological_Process_2025__Positive Regulation of Mitochondrial Fission (GO:0090141),-0.4828279634007485,-0.9340269469440811,0.5596491228070175,1.0,1.0,6/9,36.23%,PGAM5;DNM1L;RALA;MCU;VPS35;DCN
prerank,GO_Biological_Process_2025__tRNA Aminoacylation for Protein Translation (GO:0006418),-0.3807565861961762,-0.9336813865633781,0.5671406003159558,1.0,1.0,5/36,11.01%,VARS2;MARS2;TARS3;FARS2;RARS2
prerank,GO_Biological_Process_2025__Cellular Response to Chemical Stress (GO:0062197),-0.3595511949468729,-0.9334526578446143,0.5720588235294117,1.0,1.0,4/53,8.58%,FOXO1;ATP13A2;AIF1;STX2
prerank,GO_Biological_Process_2025__Ribonucleoprotein Complex Biogenesis (GO:0022613),-0.4017312453651188,-0.9331030348344811,0.5626959247648903,1.0,1.0,9/26,13.70%,GLUL;RPS13;RPL38;RPS19;RPS6;RPS4X;RPL11;RPS16;RPS23
prerank,GO_Biological_Process_2025__Positive Regulation of Vasculature Development (GO:1904018),0.32323074745523916,0.9325487575666054,0.5722713864306784,1.0,1.0,9/41,13.30%,GRN;PDPK1;TIE1;PDCL3;PIK3R6;ANGPTL4;CHI3L1;EMC10;CDH5
prerank,GO_Biological_Process_2025__Negative Regulation of Cell Activation (GO:0050866),0.458890819186191,0.932099597605259,0.5406032482598608,1.0,1.0,5/8,29.37%,LDLR;PDGFB;TREM2;PDGFA;PDGFRA
prerank,GO_Biological_Process_2025__Intrinsic Apoptotic Signaling Pathway in Response to DNA Damage (GO:0008630),-0.4274452005104006,-0.9317709811944743,0.5621805792163543,1.0,1.0,4/17,14.03%,PRKDC;REXO2;PPP2R5C;CASP9
prerank,GO_Biological_Process_2025__Protein Modification by Small Protein Conjugation (GO:0032446),0.27433240286660676,0.9317043681973844,0.6383928571428571,1.0,1.0,28/115,17.92%,MOCS3;CUL4B;CDC27;HDAC7;ANAPC7;UBA2;URM1;CUL7;STUB1;MKRN1;ARRB2;ARRDC1;CAND2;UBR2;BIRC6;EIPR1;DTX3L;CBL;OTULIN;CUL2;HERC2;CDC23;VCPIP1;ARIH1;RNF213;HACE1;WWP1;FBXO7
prerank,GO_Biological_Process_2025__Dicarboxylic Acid Catabolic Process (GO:0043649),0.46128626349158414,0.931457795956453,0.5367647058823529,1.0,1.0,2/7,0.83%,ALDH1L1;ALDH1L2
prerank,GO_Biological_Process_2025__Leukocyte Aggregation (GO:0070486),-0.5448311568210022,-0.9311637135525819,0.6039076376554174,1.0,1.0,2/5,10.45%,S100A9;S100A8
prerank,GO_Biological_Process_2025__Positive Regulation of G Protein-Coupled Receptor Signaling Pathway (GO:0045745),0.4517218305170326,0.9309256475419584,0.5478468899521531,1.0,1.0,1/9,4.48%,GSK3A
prerank,GO_Biological_Process_2025__Regulation of Translation in Response to Endoplasmic Reticulum Stress (GO:0036490),0.4937536949395331,0.930684155617409,0.5627705627705628,1.0,1.0,1/6,0.42%,DNAJC3
prerank,GO_Biological_Process_2025__Connective Tissue Development (GO:0061448),0.3925669770114457,0.9304184711761655,0.5328083989501312,1.0,1.0,5/16,15.83%,ATP7A;SH3PXD2B;CHI3L1;LRP5;CD44
prerank,DGIdb_Drug_Targets_2024__SELUMETINIB,-0.4030092974473796,-0.9302204230854654,0.5655608214849921,1.0,1.0,7/25,14.61%,FGFR2;MET;FGFR3;MAP2K5;GNA11;MAP2K3;PTEN
prerank,GO_Biological_Process_2025__Macrophage Activation Involved in Immune Response (GO:0002281),-0.5001773796079914,-0.9299774892636344,0.5758620689655173,1.0,1.0,2/8,9.39%,NMI;LBP
prerank,Reactome_Pathways_2024__APC C Cdc20 Mediated Degradation of Mitotic Proteins,0.3254656383884451,0.929919460182398,0.5648148148148148,1.0,1.0,6/42,18.31%,CDC27;ANAPC7;PSMB5;PSMD12;CDC23;PSMC4
prerank,Reactome_Pathways_2024__Activation of APC C and APC C Cdc20 Mediated Degradation of Mitotic Proteins,0.3254656383884451,0.929919460182398,0.5648148148148148,1.0,1.0,6/42,18.31%,CDC27;ANAPC7;PSMB5;PSMD12;CDC23;PSMC4
prerank,Reactome_Pathways_2024__APC Cdc20 Mediated Degradation of Cell Cycle Proteins Prior to Satisfation of the Checkpoint,0.3254656383884451,0.929919460182398,0.5648148148148148,1.0,1.0,6/42,18.31%,CDC27;ANAPC7;PSMB5;PSMD12;CDC23;PSMC4
prerank,GO_Biological_Process_2025__JNK Cascade (GO:0007254),0.4127708213054347,0.9296074231409821,0.5484633569739953,1.0,1.0,1/13,0.95%,PTGER4
prerank,GO_Biological_Process_2025__Neuropeptide Signaling Pathway (GO:0007218),-0.49343585793848693,-0.9293439544138925,0.5501672240802675,1.0,1.0,3/7,28.79%,SORL1;NTS;SORT1
prerank,GO_Biological_Process_2025__Response to Axon Injury (GO:0048678),0.4608534047388572,0.9292070936585204,0.5616113744075829,1.0,1.0,4/8,20.08%,TREM2;TYROBP;MAPK8IP3;MTR
prerank,GO_Biological_Process_2025__Positive Regulation of Granulocyte Chemotaxis (GO:0071624),-0.46931122387316226,-0.9291849414807888,0.5611015490533563,1.0,1.0,6/10,34.08%,S100A14;CCL21;DNM1L;MCU;THBS4;MOSPD2
prerank,Reactome_Pathways_2024__APC C Cdh1 Mediated Degradation of Cdc20 and Other APC C Cdh1 Targets in Late Mitosis Early G1,0.32815572502502466,0.9291815227168599,0.5642633228840125,1.0,1.0,6/41,18.31%,CDC27;ANAPC7;PSMB5;PSMD12;CDC23;PSMC4
prerank,Reactome_Pathways_2024__APC C Cdc20 Mediated Degradation of Securin,0.32815572502502466,0.9291815227168599,0.5642633228840125,1.0,1.0,6/41,18.31%,CDC27;ANAPC7;PSMB5;PSMD12;CDC23;PSMC4
prerank,GO_Biological_Process_2025__BMP Signaling Pathway (GO:0030509),0.3949789945271362,0.9291565378716035,0.5036144578313253,1.0,1.0,6/15,16.78%,MEGF8;BMP6;TGFBR3;BMP5;BMP10;BMP7
prerank,GO_Biological_Process_2025__Negative Regulation of Small GTPase Mediated Signal Transduction (GO:0051058),0.34499826519432225,0.92831880399693,0.579250720461095,1.0,1.0,8/27,13.89%,ARHGAP35;ARHGAP30;MYOC;SPRY2;RIPOR2;ARHGAP25;STMN1;ARHGAP12
prerank,GO_Biological_Process_2025__Nuclear Envelope Organization (GO:0006998),0.4101780905395559,0.9281291927458832,0.5283505154639175,1.0,1.0,2/14,4.99%,REEP3;NUP93
prerank,GO_Biological_Process_2025__Wnt Signaling Pathway (GO:0016055),-0.41202533103977,-0.9280941313518535,0.5668276972624798,1.0,1.0,4/22,9.30%,SFRP4;CELSR2;JUP;NXN
prerank,GO_Biological_Process_2025__Positive Regulation of Lamellipodium Organization (GO:1902745),0.38191361618449526,0.9274274223085095,0.5391061452513967,1.0,1.0,8/20,27.91%,ENPP2;CORO1C;TWF2;CORO1B;WASF2;ARHGEF7;CARMIL1;PIK3R1
prerank,GO_Biological_Process_2025__Organic Cation Transport (GO:0015695),-0.4715153437884718,-0.9271064515497762,0.5687285223367697,1.0,1.0,5/10,32.62%,SLC25A15;SLC22A4;SLC6A6;SLC3A2;SLC7A6
prerank,GO_Biological_Process_2025__Organelle Organization (GO:0006996),-0.2997965534615794,-0.9264363268764106,0.6365883807169345,1.0,1.0,29/223,14.69%,MYH14;RAB29;EIF2AK3;PLEKHM2;CLASP1;COG2;TPM1;THY1;SAR1B;LETM1;VPS13B;GORASP2;STRIP1;WDR81;GOLPH3;SUPV3L1;GORASP1;RAB43;PPID;DYM;RANBP9;PDZD8;LMAN1;COG7;KIF3A;PEX3;BANF1;MIA3;VPS4B
prerank,GO_Biological_Process_2025__Cellular Response to Hypoxia (GO:0071456),0.3609319847771675,0.9263610650712264,0.556786703601108,1.0,1.0,4/25,7.32%,MTOR;SFRP1;PDPK1;ADO
prerank,GO_Biological_Process_2025__Negative Regulation of Immune Response (GO:0050777),-0.37903176386296095,-0.9260770635978055,0.576138147566719,1.0,1.0,2/35,2.09%,HCK;NMI
prerank,DGIdb_Drug_Targets_2024__ACETAMINOPHEN,-0.5159426908186434,-0.9260516335401463,0.5565529622980251,1.0,1.0,2/7,8.92%,CDK2;ABCB1
prerank,GO_Biological_Process_2025__Regulation of Cellular Response to Stress (GO:0080135),0.34559887239326903,0.9257278104416335,0.5502958579881657,1.0,1.0,3/28,7.63%,MTOR;USP19;MMP14
prerank,GO_Biological_Process_2025__Hexose Biosynthetic Process (GO:0019319),0.4006190578353036,0.9254095540688937,0.5483870967741935,1.0,1.0,4/15,15.37%,ENO3;RBP4;PCK2;SORD
prerank,GO_Biological_Process_2025__Negative Regulation of Actin Filament Bundle Assembly (GO:0032232),-0.43228999794682055,-0.9251730266369876,0.5652920962199313,1.0,1.0,3/16,7.81%,CLASP1;PPFIA1;PKN2
prerank,GO_Biological_Process_2025__Regulation of cAMP/PKA Signal Transduction (GO:0141161),-0.49926007278801937,-0.9250766155192165,0.5641476274165202,1.0,1.0,3/7,22.32%,S100A9;PRKAR1B;PRKAR2A
prerank,GO_Biological_Process_2025__Regulation of Epithelial to Mesenchymal Transition (GO:0010717),-0.3768083388975686,-0.9249738127008119,0.5691573926868044,1.0,1.0,3/34,4.66%,PPP2CA;SMAD4;CLASP1
prerank,GO_Biological_Process_2025__Import Into Nucleus (GO:0051170),-0.3696137757741835,-0.9248409383477421,0.5728862973760933,1.0,1.0,10/41,19.03%,IPO13;RANBP6;NUP62;IPO4;APPL1;IPO9;KPNA4;HIKESHI;TNPO3;MAP4K5
prerank,GO_Biological_Process_2025__Visual System Development (GO:0150063),-0.44922334043495327,-0.9247391357255825,0.5780141843971631,1.0,1.0,1/14,1.79%,ITGAM
prerank,GO_Biological_Process_2025__Negative Regulation of Rho Protein Signal Transduction (GO:0035024),0.3995854301638016,0.9246824152332858,0.550761421319797,1.0,1.0,5/12,11.99%,ARHGAP35;ARHGAP30;MYOC;RIPOR2;STMN1
prerank,GO_Biological_Process_2025__T Cell Activation (GO:0042110),-0.3663392636359915,-0.9244563040529009,0.5521739130434783,1.0,1.0,9/41,21.68%,RAB29;LFNG;EBI3;PPP3CB;FKBP1A;CCL21;LEPROT;SLAMF6;CD247
prerank,DGIdb_Drug_Targets_2024__CETUXIMAB,-0.4213622549062407,-0.9243688569256808,0.5595432300163132,1.0,1.0,6/17,20.65%,MET;SMAD4;PTEN;NT5E;MAP2K1;CTNNB1
prerank,GO_Biological_Process_2025__Negative Regulation of Cyclin-Dependent Protein Kinase Activity (GO:1904030),0.5074901503863383,0.9242153576938087,0.5659955257270693,1.0,1.0,1/5,4.61%,LATS1
prerank,GO_Biological_Process_2025__Negative Regulation of Cyclin-Dependent Protein Serine/Threonine Kinase Activity (GO:0045736),0.5074901503863383,0.9242153576938087,0.5659955257270693,1.0,1.0,1/5,4.61%,LATS1
prerank,DGIdb_Drug_Targets_2024__VORINOSTAT,0.3910204770371827,0.9241479789618035,0.5618556701030928,1.0,1.0,2/16,2.88%,BRAF;HDAC7
prerank,GO_Biological_Process_2025__Regulation of Purine Nucleotide Catabolic Process (GO:0033121),-0.5269143680306202,-0.9235656378513729,0.5794066317626527,1.0,1.0,4/5,32.11%,OGT;PRKAG2;PRKAG1;EIF6
prerank,GO_Biological_Process_2025__Positive Regulation of Platelet Aggregation (GO:1901731),0.4572032405776683,0.9234319170663976,0.5604651162790698,1.0,1.0,8/8,54.34%,IL6ST;MFSD2B;JAK2;F11R;EMILIN2;EMILIN1;MMRN1;GP6
prerank,GO_Biological_Process_2025__Negative Regulation of Response to Biotic Stimulus (GO:0002832),-0.40596136463156873,-0.9233999369563413,0.5668789808917197,1.0,1.0,6/21,14.05%,NMI;LILRA2;REXO2;IRAK3;BANF1;SIGIRR
prerank,GO_Biological_Process_2025__Positive Regulation of Angiogenesis (GO:0045766),0.3111841491234158,0.9231251118663133,0.56797583081571,1.0,1.0,9/48,13.30%,GRN;PDPK1;TIE1;PDCL3;PIK3R6;ANGPTL4;CHI3L1;EMC10;CDH5
prerank,DGIdb_Drug_Targets_2024__MERCAPTOPURINE,0.40378256091486714,0.922909928915688,0.5586034912718204,1.0,1.0,5/14,20.88%,HBB;TPMT;NT5C2;FTO;ALDH1A1
prerank,GO_Biological_Process_2025__Positive Regulation of Receptor-Mediated Endocytosis (GO:0048260),-0.3892523225846748,-0.9226405495038847,0.5701078582434514,1.0,1.0,2/29,3.39%,SFRP4;SELE
prerank,GO_Biological_Process_2025__Photoperiodism (GO:0009648),-0.5300387081355905,-0.9224741432106508,0.6080843585237259,1.0,1.0,2/5,18.22%,CRTC1;RBM4
prerank,GO_Biological_Process_2025__Entrainment of Circadian Clock by Photoperiod (GO:0043153),-0.5300387081355905,-0.9224741432106508,0.6080843585237259,1.0,1.0,2/5,18.22%,CRTC1;RBM4
prerank,GO_Biological_Process_2025__Autophagosome-Lysosome Fusion (GO:0061909),-0.5456457816148901,-0.9223498771384735,0.5947826086956521,1.0,1.0,1/5,4.57%,ATP13A2
prerank,GO_Biological_Process_2025__Prostanoid Metabolic Process (GO:0006692),-0.4471770430883241,-0.9221567628797549,0.5823223570190641,1.0,1.0,3/11,14.63%,CES2;GSTM1;MGST3
prerank,GO_Biological_Process_2025__Muscle Organ Development (GO:0007517),0.40530544673539665,0.921932682309586,0.5432432432432432,1.0,1.0,7/15,19.79%,ITGA11;IGF1;CFH;ITGA7;SMTN;EMD;VAMP5
prerank,GO_Biological_Process_2025__Cellular Response to Angiotensin (GO:1904385),0.4798612977184288,0.9217412168599276,0.580952380952381,1.0,1.0,1/7,4.64%,AHCYL1
prerank,GO_Biological_Process_2025__Regulation of Focal Adhesion Assembly (GO:0051893),-0.3736631885368651,-0.921727574595723,0.567524115755627,1.0,1.0,6/34,14.61%,CLASP1;DAPK3;THY1;DUSP3;RCC2;PTEN
prerank,GO_Biological_Process_2025__Regulation of Apoptotic Cell Clearance (GO:2000425),-0.5263980460506952,-0.9213263878400952,0.5716878402903811,1.0,1.0,4/5,33.57%,HNRNPC;C4B;HMGB1;TGM2
prerank,GO_Biological_Process_2025__Negative Regulation of Lipid Biosynthetic Process (GO:0051055),0.42288619707967895,0.9209522917984765,0.5392405063291139,1.0,1.0,5/11,30.55%,BMP5;APOC1;APOE;APOC3;ACADVL
prerank,GO_Biological_Process_2025__Regulation of Macrophage Derived Foam Cell Differentiation (GO:0010743),0.41064644861673183,0.9207217116065898,0.5592783505154639,1.0,1.0,2/13,4.40%,LPL;ADIPOQ
prerank,GO_Biological_Process_2025__Negative Regulation of Transferase Activity (GO:0051348),-0.4437832417272879,-0.9184790864949702,0.5798319327731093,1.0,1.0,3/13,13.75%,IRS2;XRCC1;BANF1
prerank,GO_Biological_Process_2025__Protein Ubiquitination (GO:0016567),-0.30860790529085835,-0.9183662863798052,0.6204744069912609,1.0,1.0,25/126,16.50%,BIRC2;UBR3;PRPF19;RNF123;NFX1;KLHL42;FBXO9;CUL1;UBE2R2;ZSWIM8;TPP2;MIB1;NHLRC3;LZTR1;ZNF598;UBE4B;NEDD4L;KCTD10;MGRN1;TRIM3;FBXO45;FBXO4;NEDD8;UBE2K;UBE2V1
prerank,GO_Biological_Process_2025__Regulation of Potassium Ion Transmembrane Transport (GO:1901379),-0.44648602017432776,-0.9183439186549992,0.579136690647482,1.0,1.0,3/13,13.05%,AKAP7;KCNAB2;NEDD4L
prerank,GO_Biological_Process_2025__Regulation of Triglyceride Catabolic Process (GO:0010896),0.44293147980897596,0.9179338429724634,0.5586854460093896,1.0,1.0,2/8,5.73%,GPLD1;APOA4
prerank,GO_Biological_Process_2025__Regulation of Organelle Organization (GO:0033043),0.29714997529346454,0.9178234775962932,0.6177474402730375,1.0,1.0,5/58,6.93%,RAB33B;ATG12;PDE2A;RBSN;TECPR1
prerank,GO_Biological_Process_2025__Regulation of Bone Remodeling (GO:0046850),0.4397072192104763,0.9175841853905656,0.5721153846153846,1.0,1.0,2/9,13.93%,SFRP1;SLC4A2
prerank,GO_Biological_Process_2025__Adaptive Imm Resp Based on Som Recomb of Imm Rcptrs Built Frm IgSF Domains (GO:0002460),-0.47172709413705566,-0.9175243018778476,0.5826377295492488,1.0,1.0,2/11,11.10%,BTN3A3;EBI3
prerank,GO_Biological_Process_2025__Positive Regulation of Cell Junction Assembly (GO:1901890),0.3509218483613866,0.9174928847255368,0.552,1.0,1.0,5/25,10.80%,SFRP1;IL1RAP;AMIGO2;MYOC;LRRC4B
prerank,GO_Biological_Process_2025__Regulation of Immune Response (GO:0050776),-0.3663593226566437,-0.9170176157023281,0.5864661654135338,1.0,1.0,8/40,15.04%,BIRC2;OTUD5;FGL1;XIAP;APPL1;C8A;FKBP1A;CSK
prerank,GO_Biological_Process_2025__Nucleic Acid Metabolic Process (GO:0090304),0.45022103800961616,0.9169828006909247,0.5720823798627003,1.0,1.0,1/8,2.74%,ATXN2
prerank,GO_Biological_Process_2025__Respiratory Chain Complex IV Assembly (GO:0008535),-0.4696999716833372,-0.9169555888068919,0.5672913117546848,1.0,1.0,3/10,15.72%,COX14;SCO1;TIMM21
prerank,GO_Biological_Process_2025__Vitamin Transport (GO:0051180),-0.4858088456821414,-0.9169231211621978,0.5824561403508772,1.0,1.0,1/8,1.93%,SLC5A6
prerank,GO_Biological_Process_2025__Positive Regulation of Carbohydrate Metabolic Process (GO:0045913),0.3835698273572597,0.9168742022240989,0.5710659898477157,1.0,1.0,4/17,9.44%,MTOR;GPLD1;IRS1;IGF1
prerank,GO_Biological_Process_2025__Positive Regulation of Response to Wounding (GO:1903036),0.412175245558145,0.9168728121338651,0.5669099756690997,1.0,1.0,2/12,5.42%,GRN;SCARF1
prerank,GO_Biological_Process_2025__Positive Regulation of Regulated Secretory Pathway (GO:1903307),0.4981216980737655,0.9165847999221282,0.5823665893271461,1.0,1.0,1/5,4.13%,RPH3AL
prerank,GO_Biological_Process_2025__fatty-acyl-CoA Metabolic Process (GO:0035337),0.42075155261131847,0.9165309642357763,0.5821596244131455,1.0,1.0,3/12,7.70%,GCDH;NUDT19;DGAT1
prerank,GO_Biological_Process_2025__Regulation of Secretion by Cell (GO:1903530),0.3611049187060619,0.9162428585135994,0.5757575757575758,1.0,1.0,1/23,0.19%,RAB33B
prerank,GO_Biological_Process_2025__Regulation of Neuron Apoptotic Process (GO:0043523),0.309960281459617,0.9160845244769698,0.5920245398773006,1.0,1.0,7/51,6.54%,CASP14;IL27RA;CASP2;CNTFR;GRN;GSK3A;CASP10
prerank,GO_Biological_Process_2025__Negative Regulation of Microtubule Polymerization (GO:0031115),0.44482892967025656,0.9158866750432675,0.5731414868105515,1.0,1.0,6/9,26.08%,STMN1;CDH5;MAPRE1;TBCD;DYRK1A;SNCA
prerank,GO_Biological_Process_2025__Positive Regulation of Cellular Component Biogenesis (GO:0044089),-0.34367080267476374,-0.9154316481449437,0.6020114942528736,1.0,1.0,21/53,32.31%,SMAD4;ATP13A2;CDK2;RPS3;VPS4B;SMAD3;RHOC;SDC1;CHGA;BAK1;SYK;SH3GLB1;FLOT1;CHMP2A;TFRC;RACK1;VPS4A;PARK7;PFN1;SNF8;LIMK1
prerank,GO_Biological_Process_2025__Cardiac Ventricle Morphogenesis (GO:0003208),-0.45119942140237224,-0.9153615604866545,0.581151832460733,1.0,1.0,2/12,5.86%,FGFR2;TPM1
prerank,GO_Biological_Process_2025__3'-UTR-mediated mRNA Stabilization (GO:0070935),-0.5030276251466284,-0.9152021494060378,0.6022304832713755,1.0,1.0,3/7,18.84%,TARDBP;HNRNPC;MYD88
prerank,GO_Biological_Process_2025__Gluconeogenesis (GO:0006094),0.4107214044465871,0.9150451298014104,0.5761421319796954,1.0,1.0,1/13,0.63%,ENO3
prerank,GO_Biological_Process_2025__Neural Crest Cell Differentiation (GO:0014033),-0.5062099079460651,-0.9149776486023551,0.5893805309734513,1.0,1.0,2/7,8.20%,PEF1;OTUD5
prerank,GO_Biological_Process_2025__Vesicle Cytoskeletal Trafficking (GO:0099518),-0.4566493402425405,-0.9147264148221292,0.5858747993579454,1.0,1.0,1/11,1.46%,DYNC1I1
prerank,GO_Biological_Process_2025__tRNA Metabolic Process (GO:0006399),-0.47764699566193636,-0.9143363227740495,0.5816326530612245,1.0,1.0,4/9,23.62%,FARS2;DTD1;DICER1;TP53RK
prerank,GO_Biological_Process_2025__Epithelial Cell Differentiation (GO:0030855),-0.36392143821001377,-0.9143228973076715,0.5825688073394495,1.0,1.0,5/40,8.48%,FGFR2;EDF1;DMBT1;ANXA4;AKT2
prerank,GO_Biological_Process_2025__Organelle Assembly (GO:0070925),-0.3037802007273844,-0.9139798975541984,0.6374845869297164,1.0,1.0,27/157,17.13%,ATG13;KIF3B;SSX2IP;CCDC28B;WDR45B;FUS;TRAPPC14;HPS5;ATG16L1;GORASP2;ATG101;ABCB6;ABCC4;PACS2;RAB43;HPS6;UBQLN2;AP1S1;KIF3A;ATG4A;AP4M1;VPS4B;NUDCD3;TXNDC15;CEP41;RILPL2;RAB8B
prerank,GO_Biological_Process_2025__Regulation of MAPK Cascade (GO:0043408),0.27158857716170576,0.9139310719193707,0.64,1.0,1.0,9/99,9.74%,SH2B3;SMPD1;VRK2;ZNF622;TAOK2;SMIM29;TGFBR3;IGF1;MYOC
prerank,GO_Biological_Process_2025__Regulation of Microtubule-Based Process (GO:0032886),-0.4031742800931142,-0.9135190298455461,0.5845896147403685,1.0,1.0,3/20,9.11%,CLASP1;KLHL42;MEMO1
prerank,GO_Biological_Process_2025__Cellular Response to Chemokine (GO:1990869),0.39067346365287964,0.9133892808241405,0.5888324873096447,1.0,1.0,1/15,0.65%,SH2B3
prerank,GO_Biological_Process_2025__Cellular Response to Interleukin-4 (GO:0071353),-0.5387236351212017,-0.9133572300145891,0.6017543859649123,1.0,1.0,3/5,23.20%,STAT5A;JAK3;SHPK
prerank,GO_Biological_Process_2025__Positive Regulation of Heart Contraction (GO:0045823),0.490600148760792,0.9133176913457492,0.5743243243243243,1.0,1.0,1/5,4.48%,GSK3A
prerank,DGIdb_Drug_Targets_2024__INSULIN,-0.42202367681437314,-0.9127142256631712,0.5777414075286416,1.0,1.0,3/19,7.62%,IRS2;SV2A;ENO2
prerank,GO_Biological_Process_2025__RNA Splicing (GO:0008380),-0.4017833021065875,-0.912695611888476,0.5815831987075929,1.0,1.0,6/22,17.43%,PRMT1;FUS;SRPK1;TARDBP;SYNCRIP;HNRNPC
prerank,GO_Biological_Process_2025__Regulation of Cell Cycle Process (GO:0010564),0.3286303647426244,0.9121919479074302,0.5953079178885631,1.0,1.0,13/38,16.53%,SFRP1;CUL7;CDK17;USP19;SMARCA2;PRMT5;KNTC1;BIRC6;ZFYVE26;PPP2R2D;PIK3C3;PIK3R4;PPP2R2A
prerank,GO_Biological_Process_2025__Positive Regulation of Rho Protein Signal Transduction (GO:0035025),-0.44977893395696156,-0.9120138949258376,0.5941278065630398,1.0,1.0,2/14,3.76%,ARHGEF3;MCF2L
prerank,GO_Biological_Process_2025__Positive Regulation of Endothelial Cell Apoptotic Process (GO:2000353),-0.47641147481032453,-0.9119903183084535,0.5781818181818181,1.0,1.0,2/9,17.94%,PDCD4;PRKCI
prerank,GO_Biological_Process_2025__Positive Regulation of Protein Import Into Nucleus (GO:0042307),-0.4406548274815104,-0.9116518911953437,0.5788590604026845,1.0,1.0,3/13,16.39%,ZPR1;JUP;SMAD3
prerank,GO_Biological_Process_2025__Amyloid Fibril Formation (GO:1990000),-0.45318931110734756,-0.9115071171245664,0.585,1.0,1.0,3/12,14.18%,FUS;TARDBP;FKBP1A
prerank,GO_Biological_Process_2025__Glycosaminoglycan Biosynthetic Process (GO:0006024),-0.4669273027845827,-0.9114974392597248,0.6091370558375635,1.0,1.0,4/10,20.03%,UGDH;CSGALNACT2;B3GALT6;GALNT5
prerank,GO_Biological_Process_2025__Long-Chain fatty-acyl-CoA Biosynthetic Process (GO:0035338),0.4529716100417225,0.9108529123783063,0.5388235294117647,1.0,1.0,3/8,8.07%,TECR;ELOVL7;HSD17B12
prerank,GO_Biological_Process_2025__Positive Regulation of Protein Localization to Nucleus (GO:1900182),-0.37288478984325757,-0.910298116895266,0.5893129770992367,1.0,1.0,5/35,16.39%,EIF2AK3;ZPR1;JUP;PPP3CB;SMAD3
prerank,GO_Biological_Process_2025__Negative Regulation of DNA Biosynthetic Process (GO:2000279),-0.49545544620704285,-0.9101298658316364,0.6039426523297491,1.0,1.0,1/7,2.30%,NIBAN2
prerank,GO_Biological_Process_2025__Negative Regulation of MAPK Cascade (GO:0043409),-0.35206442111803105,-0.9098940595770031,0.6019553072625698,1.0,1.0,3/49,4.41%,FOXO1;PRMT1;SMAD4
prerank,GO_Biological_Process_2025__Positive Regulation of Biosynthetic Process (GO:0009891),-0.3737474462424679,-0.9098918530832306,0.5941176470588235,1.0,1.0,1/37,0.11%,FOXO1
prerank,GO_Biological_Process_2025__Regulation of Interleukin-17 Production (GO:0032660),0.39875052501890096,0.9094451275430787,0.5681818181818182,1.0,1.0,2/14,6.14%,RFTN1;PRKCQ
prerank,GO_Biological_Process_2025__Positive Regulation of Signal Transduction by P53 Class Mediator (GO:1901798),-0.5096850436738529,-0.9094288920601955,0.5636042402826855,1.0,1.0,4/6,36.09%,HEXIM1;CDK5RAP3;EEF1E1;RPS20
prerank,Reactome_Pathways_2024__AKT Phosphorylates Targets in the Cytosol,-0.43920225590100315,-0.9089377558548865,0.5986394557823129,1.0,1.0,3/13,14.03%,AKT1S1;AKT2;CASP9
prerank,GO_Biological_Process_2025__Very Long-Chain Fatty Acid Metabolic Process (GO:0000038),0.4341890534301006,0.9084354531730613,0.5837209302325581,1.0,1.0,2/9,7.86%,TECR;ELOVL7
prerank,DGIdb_Drug_Targets_2024__XL147,0.4266093322678315,0.9083767657051913,0.5824742268041238,1.0,1.0,4/11,16.11%,BRAF;PIK3R6;PIK3C3;PIK3R4
prerank,GO_Biological_Process_2025__Vacuole Organization (GO:0007033),-0.5377715840659614,-0.907836655890568,0.6149732620320856,1.0,1.0,2/5,14.69%,SPG11;VPS4B
prerank,GO_Biological_Process_2025__Intracellular pH Reduction (GO:0051452),-0.4274539681869916,-0.9067668314182578,0.6038062283737025,1.0,1.0,6/17,17.87%,RAB20;DMXL1;ATP6V0A2;CLCN3;ATP6V0A1;ATP6AP2
prerank,GO_Biological_Process_2025__Positive Regulation of Endocytosis (GO:0045807),-0.3508427200104961,-0.9063177791982946,0.5945165945165946,1.0,1.0,1/48,0.23%,AZU1
prerank,GO_Biological_Process_2025__Regulation of Protein Ubiquitination (GO:0031396),-0.34547997906632827,-0.9059684217048516,0.6208393632416788,1.0,1.0,7/56,10.55%,BIRC2;BCL10;NXN;XIAP;SEPTIN4;RPS3;SPHK1
prerank,GO_Biological_Process_2025__Blood Circulation (GO:0008015),-0.42773493410481356,-0.9058050701334238,0.5975232198142415,1.0,1.0,1/17,1.71%,EPX
prerank,GO_Biological_Process_2025__Regulation of Innate Immune Response (GO:0045088),-0.35619076203333516,-0.9052673133021198,0.5988286969253295,1.0,1.0,9/40,13.75%,BIRC2;NMI;SLC15A4;S100A9;XIAP;REXO2;APPL1;IRAK3;BANF1
prerank,GO_Biological_Process_2025__G Protein-Coupled Acetylcholine Receptor Signaling Pathway (GO:0007213),-0.49646904341919557,-0.9046271458632585,0.5757575757575758,1.0,1.0,3/7,9.06%,GNA15;GRK2;GNA11
prerank,GO_Biological_Process_2025__Mitochondrial Protein Processing (GO:0034982),-0.50700289570798,-0.9044289586315245,0.6133567662565905,1.0,1.0,4/6,27.37%,SPG7;OMA1;PMPCA;STOML2
prerank,GO_Biological_Process_2025__Facial Nerve Structural Organization (GO:0021612),-0.531244499207886,-0.9040536678725967,0.6189591078066915,1.0,1.0,5/5,46.94%,SEMA3F;NRP2;NRP1;PLXNA4;PLXNA3
prerank,GO_Biological_Process_2025__Facial Nerve Morphogenesis (GO:0021610),-0.531244499207886,-0.9040536678725967,0.6189591078066915,1.0,1.0,5/5,46.94%,SEMA3F;NRP2;NRP1;PLXNA4;PLXNA3
prerank,GO_Biological_Process_2025__Motor Neuron Axon Guidance (GO:0008045),-0.531244499207886,-0.9040536678725967,0.6189591078066915,1.0,1.0,5/5,46.94%,SEMA3F;NRP2;NRP1;PLXNA4;PLXNA3
prerank,GO_Biological_Process_2025__T Cell Receptor Signaling Pathway (GO:0050852),-0.366688499178718,-0.9039963312399334,0.6111929307805597,1.0,1.0,10/39,21.68%,BCL10;BTN3A3;THY1;EIF2B5;EIF2B1;CSK;BTN2A1;EIF2B2;EIF2B3;CD247
prerank,GO_Biological_Process_2025__Regulation of TOR Signaling (GO:0032006),-0.3510135913399054,-0.9025989442889499,0.6137026239067055,1.0,1.0,5/45,9.36%,DGKQ;TTI1;FBXO9;SAR1B;GOLPH3
prerank,GO_Biological_Process_2025__Protein Import Into Nucleus (GO:0006606),-0.3570774256858614,-0.902167990725303,0.6135057471264368,1.0,1.0,10/43,19.03%,IPO13;RANBP6;NUP62;IPO4;APPL1;IPO9;KPNA4;HIKESHI;TNPO3;MAP4K5
prerank,GO_Biological_Process_2025__Positive Regulation of Interleukin-17 Production (GO:0032740),0.41580417663560587,0.9016418559347837,0.5815085158150851,1.0,1.0,2/11,6.14%,RFTN1;PRKCQ
prerank,"GO_Biological_Process_2025__DNA Damage Response, Signal Transduction by P53 Class Mediator (GO:0030330)",-0.4755004360089333,-0.9014937884723149,0.6078799249530957,1.0,1.0,6/8,23.46%,MUC1;USP32;PPP2R5C;NDRG1;CRADD;MYO6
prerank,GO_Biological_Process_2025__Sulfur Compound Catabolic Process (GO:0044273),0.3828163337206716,0.9013881658087486,0.5851851851851851,1.0,1.0,3/18,3.55%,IDUA;GGT1;NUDT19
prerank,GO_Biological_Process_2025__Positive Regulation of Protein Autophosphorylation (GO:0031954),-0.5253741143546882,-0.9013717466672925,0.6059544658493871,1.0,1.0,2/5,13.28%,RASSF2;TOM1L1
prerank,GO_Biological_Process_2025__Nucleobase Biosynthetic Process (GO:0046112),0.4983703770862776,0.9012579940941995,0.6129753914988815,1.0,1.0,1/5,9.64%,GMPS
prerank,DGIdb_Drug_Targets_2024__MARIMASTAT,0.459429876874651,0.901073631712966,0.5671296296296297,1.0,1.0,4/7,21.14%,MMP2;MMP3;ADAM17;ADAM10
prerank,GO_Biological_Process_2025__Glutamine Family Amino Acid Metabolic Process (GO:0009064),0.42345211132210536,0.9007774916974698,0.5668202764976958,1.0,1.0,2/9,4.78%,GGT1;GCLC
prerank,DGIdb_Drug_Targets_2024__PROGESTERONE,0.367117264396224,0.9003211673399218,0.6015625,1.0,1.0,4/17,10.45%,ATP7A;TPM3;SLC2A1;ABL1
prerank,"GO_Biological_Process_2025__Positive Regulation of Synaptic Transmission, GABAergic (GO:0032230)",-0.5237441063843836,-0.9003010497306235,0.6165137614678899,1.0,1.0,1/5,7.02%,NLGN2
prerank,GO_Biological_Process_2025__Positive Regulation of Cytokine Production Involved in Immune Response (GO:0002720),0.4168398548147907,0.9002790277373787,0.5688073394495413,1.0,1.0,4/10,27.45%,CD55;SLC7A5;KIT;TANK
prerank,DGIdb_Drug_Targets_2024__BUPROPION,-0.5020705329207812,-0.9002606009684495,0.6173913043478261,1.0,1.0,3/7,27.82%,ACE;SLC18A2;SACM1L
prerank,DGIdb_Drug_Targets_2024__SUNITINIB,-0.4106540629131312,-0.9001673781522301,0.6041666666666666,1.0,1.0,3/18,14.61%,FGFR2;POR;PTEN
prerank,GO_Biological_Process_2025__Positive Regulation of Intrinsic Apoptotic Signaling Pathway (GO:2001244),-0.42479355078600134,-0.8999944277486258,0.5941780821917808,1.0,1.0,4/14,10.45%,S100A9;SEPTIN4;RPS3;S100A8
prerank,GO_Biological_Process_2025__Lymphocyte Proliferation (GO:0046651),-0.47714921242532515,-0.8995318655661086,0.5894378194207837,1.0,1.0,2/9,13.16%,EBI3;PPP3CB
prerank,GO_Biological_Process_2025__Negative Regulation of Cell Migration (GO:0030336),0.27852468549004494,0.8991081747113882,0.6456953642384106,1.0,1.0,10/78,11.34%,BST2;ADIPOR1;PTPRM;SFRP1;ADIPOQ;RAP2C;EPPK1;TGFBR3;IGFBP3;COL3A1
prerank,GO_Biological_Process_2025__Glyceraldehyde-3-Phosphate Metabolic Process (GO:0019682),-0.5075272508803469,-0.8987654362919998,0.6283662477558348,1.0,1.0,4/6,26.35%,RPIA;SHPK;TKT;TPI1
prerank,GO_Biological_Process_2025__Vacuolar Acidification (GO:0007035),0.3712771058815699,0.8982248988778987,0.5968992248062015,1.0,1.0,6/19,15.60%,GRN;TMEM9;TCIRG1;CLN6;ATP6V1D;CLN5
prerank,GO_Biological_Process_2025__Regulation of Calcium Ion Transmembrane Transport (GO:1903169),0.4086886694442436,0.8981425377032056,0.5888324873096447,1.0,1.0,1/11,2.71%,CACNA2D1
prerank,GO_Biological_Process_2025__Protein Localization to Membrane (GO:0072657),-0.3040856877849301,-0.8980591685750551,0.6536458333333334,1.0,1.0,13/117,11.26%,RAB29;ZDHHC5;NPC1;TM9SF1;THY1;NLGN2;JUP;ITGB2;PACS2;CD81;EZR;RAB43;HPS6
prerank,"GO_Biological_Process_2025__Regulation of Synaptic Transmission, GABAergic (GO:0032228)",-0.5079527085429972,-0.8980083169152658,0.6105072463768116,1.0,1.0,1/6,7.02%,NLGN2
prerank,DGIdb_Drug_Targets_2024__GEDATOLISIB,0.4215653890049816,0.8978049750332167,0.5823095823095823,1.0,1.0,2/10,3.50%,MTOR;STK11
prerank,GO_Biological_Process_2025__Aggrephagy (GO:0035973),-0.47002630363723186,-0.8972798542079137,0.6003490401396161,1.0,1.0,2/8,10.32%,WDR81;WDFY3
prerank,GO_Biological_Process_2025__Protein N-linked Glycosylation via Asparagine (GO:0018279),-0.3906864974599925,-0.8972421519638997,0.5927099841521395,1.0,1.0,12/23,38.06%,ST6GAL1;ALG11;MAGT1;UBE2J1;ALG3;ALG9;STT3A;RFT1;RPN1;FUT8;DDOST;UGGT1
prerank,GO_Biological_Process_2025__Chemokine (C-X-C Motif) Ligand 12 Signaling Pathway (GO:0038146),-0.5217012730571435,-0.8972336107839716,0.6043956043956044,1.0,1.0,1/5,5.19%,CXCR4
prerank,GO_Biological_Process_2025__Regulation of Clathrin-Dependent Endocytosis (GO:2000369),-0.4775838355609814,-0.8964931532273749,0.6061120543293718,1.0,1.0,1/8,1.62%,TNK2
prerank,GO_Biological_Process_2025__Regulation of Transcription by RNA Polymerase III (GO:0006359),0.4928437825499605,0.8954579391482719,0.5854700854700855,1.0,1.0,1/5,0.67%,MTOR
prerank,DGIdb_Drug_Targets_2024__FLUTICASONE PROPIONATE,0.4718388179805658,0.8953654055545025,0.5923423423423423,1.0,1.0,2/6,23.80%,GLCCI1;CD163
prerank,GO_Biological_Process_2025__Positive Regulation of Calcineurin-Mediated Signaling (GO:0106058),0.43791278679869794,0.8950664270108285,0.5734597156398105,1.0,1.0,2/8,9.44%,PPP3CC;IGF1
prerank,GO_Biological_Process_2025__Positive Regulation of calcineurin-NFAT Signaling Cascade (GO:0070886),0.43791278679869794,0.8950664270108285,0.5734597156398105,1.0,1.0,2/8,9.44%,PPP3CC;IGF1
prerank,GO_Biological_Process_2025__Regulation of Developmental Growth (GO:0048638),0.36992659125947136,0.8947610868955703,0.58,1.0,1.0,5/17,18.59%,PLCB1;LATS1;EPPK1;NRCAM;LIN7C
prerank,DGIdb_Drug_Targets_2024__VEMURAFENIB,-0.4065020252754464,-0.8944244329588666,0.6280587275693311,1.0,1.0,3/18,8.92%,FGFR2;MET;ABCB1
prerank,DGIdb_Drug_Targets_2024__WARFARIN,-0.4406198332548581,-0.8937156011421051,0.5996705107084019,1.0,1.0,3/12,21.39%,BGLAP;CRP;MTHFR
prerank,GO_Biological_Process_2025__Regulation of Cell Cycle (GO:0051726),-0.31370078963541254,-0.8935929299650188,0.6421768707482993,1.0,1.0,17/95,12.87%,BIRC2;FGFR2;GRK5;CDK6;RPRD1B;ACTL6A;ZPR1;DAPK3;CDK2;AKT2;XIAP;CTBP1;TSC22D2;SGF29;TBRG4;TTC28;TARDBP
prerank,GO_Biological_Process_2025__Nitric Oxide Metabolic Process (GO:0046209),-0.5008189640518588,-0.8925553783979205,0.6290909090909091,1.0,1.0,5/7,32.82%,VDAC2;ZDHHC21;HSP90AA1;SLC7A6;ARG2
prerank,GO_Biological_Process_2025__Monocarboxylic Acid Metabolic Process (GO:0032787),-0.34168558894402556,-0.8924551400304954,0.6191860465116279,1.0,1.0,6/49,6.17%,VNN2;PNPLA8;SLC27A2;NPC1;GBA2;ACSF3
prerank,GO_Biological_Process_2025__Regulation of Postsynapse Organization (GO:0099175),0.42771596313750804,0.8918949611110676,0.6211031175059952,1.0,1.0,2/10,11.03%,CYFIP2;ABHD17B
prerank,GO_Biological_Process_2025__Regulation of Immune Effector Process (GO:0002697),0.4527323091593172,0.891766463042674,0.5973741794310722,1.0,1.0,3/7,13.16%,CD55;CFH;CD59
prerank,GO_Biological_Process_2025__Regulation of Mitotic Cell Cycle (GO:0007346),-0.3471586338542145,-0.8914696151370997,0.6104477611940299,1.0,1.0,8/42,12.22%,GAS1;DAPK3;DUSP3;CDK2;PKN2;SPHK1;PDXP;TTC28
prerank,GO_Biological_Process_2025__Protein Heterotetramerization (GO:0051290),-0.5194930609272922,-0.8913403301291019,0.6125,1.0,1.0,3/5,30.74%,NUDT21;FARSB;PRKD2
prerank,GO_Biological_Process_2025__Regulation of Response to Biotic Stimulus (GO:0002831),-0.42513419047787343,-0.8909901451830775,0.5955414012738853,1.0,1.0,1/16,0.77%,BIRC2
prerank,DGIdb_Drug_Targets_2024__IMATINIB,0.32892829136492635,0.8907791286011136,0.6485714285714286,1.0,1.0,12/32,25.26%,BRAF;GSTT1;ABCA3;ABL1;FRK;PDGFB;SFN;IRAK1;CD40LG;BCR;TAOK1;KIT
prerank,GO_Biological_Process_2025__Erythrocyte Differentiation (GO:0030218),0.3530301811864095,0.8904526334126324,0.6038781163434903,1.0,1.0,2/25,1.44%,SH2B3;PTPN2
prerank,GO_Biological_Process_2025__Regulation of Exit From Mitosis (GO:0007096),0.44876232410453365,0.8903973857710097,0.6027397260273972,1.0,1.0,2/7,15.76%,KNTC1;CDC23
prerank,GO_Biological_Process_2025__Positive Regulation of Cell Adhesion Mediated by Integrin (GO:0033630),-0.456535695335647,-0.8902081914884554,0.6160558464223386,1.0,1.0,7/10,43.40%,CCL21;PIEZO1;CIB1;SYK;RET;TGFB2;P2RY12
prerank,GO_Biological_Process_2025__Protein Localization to Cell Periphery (GO:1990778),-0.31999341708416884,-0.8900076786277111,0.6397260273972603,1.0,1.0,6/74,10.17%,RAB29;ZDHHC5;JUP;PACS2;CD81;EZR
prerank,GO_Biological_Process_2025__RISC Complex Assembly (GO:0070922),-0.5029590073799797,-0.8899234436281316,0.6368613138686131,1.0,1.0,2/6,3.31%,PRKRA;AGO1
prerank,GO_Biological_Process_2025__Potassium Ion Homeostasis (GO:0055075),-0.499272613012241,-0.8897413278908815,0.6252220248667851,1.0,1.0,1/7,5.40%,SLC12A6
prerank,GO_Biological_Process_2025__DNA Damage Checkpoint Signaling (GO:0000077),-0.4643915727992959,-0.8891079953862886,0.5946902654867257,1.0,1.0,1/8,3.24%,PRPF19
prerank,GO_Biological_Process_2025__DNA Integrity Checkpoint Signaling (GO:0031570),-0.4643915727992959,-0.8891079953862886,0.5946902654867257,1.0,1.0,1/8,3.24%,PRPF19
prerank,GO_Biological_Process_2025__Mitotic Cell Cycle Checkpoint Signaling (GO:0007093),-0.46662534725292654,-0.8881387478576847,0.608843537414966,1.0,1.0,6/8,34.14%,RAD50;ZFYVE19;BABAM2;CDK5RAP3;VPS4A;BABAM1
prerank,GO_Biological_Process_2025__Regulation of Small GTPase Mediated Signal Transduction (GO:0051056),-0.3189369322421778,-0.8877832375760143,0.6560424966799469,1.0,1.0,7/76,6.60%,DOCK9;ARHGEF3;ARHGEF10;MCF2L;NUP62;ARHGAP5;KALRN
prerank,GO_Biological_Process_2025__Associative Learning (GO:0008306),-0.49486620182814695,-0.8875558238488747,0.6445672191528545,1.0,1.0,3/6,34.03%,METAP1;RELN;NF1
prerank,GO_Biological_Process_2025__Positive Regulation of Axonogenesis (GO:0050772),0.3729444202048978,0.8875450783242989,0.6042780748663101,1.0,1.0,7/16,26.19%,SEMA4D;L1CAM;TWF2;SHTN1;ZFYVE27;GOLGA4;PLXNB1
prerank,DGIdb_Drug_Targets_2024__BINIMETINIB,0.41892983011632634,0.8872749538681414,0.6048780487804878,1.0,1.0,1/10,2.55%,BRAF
prerank,GO_Biological_Process_2025__Regulation of T Cell Differentiation (GO:0045580),-0.5122731839474235,-0.8868541594499584,0.6390977443609023,1.0,1.0,1/5,3.83%,ACTL6A
prerank,GO_Biological_Process_2025__Response to Angiotensin (GO:1990776),-0.502365595277212,-0.8866941498312764,0.64349376114082,1.0,1.0,4/6,45.39%,SMAD3;PRKCD;RELA;NFKB1
prerank,"GO_Biological_Process_2025__Protein Alpha-1,2-Demannosylation (GO:0036508)",-0.48723686329146065,-0.8865619874663149,0.6267605633802817,1.0,1.0,5/7,27.38%,MAN1C1;MAN1B1;MAN1A1;MAN1A2;SYVN1
prerank,GO_Biological_Process_2025__Proteolysis (GO:0006508),-0.2948532695907938,-0.8863048354653694,0.7095541401273885,1.0,1.0,12/151,7.69%,AZU1;XPNPEP3;FCN1;ELANE;RNF123;FCN2;PAPPA2;NLN;PRTN3;ACE;SPG7;UFSP2
prerank,GO_Biological_Process_2025__Regulation of Embryonic Development (GO:0045995),-0.4123889666123505,-0.8862593349018627,0.62248322147651,1.0,1.0,3/16,11.82%,DHX36;CLASP1;SGF29
prerank,GO_Biological_Process_2025__Positive Regulation of Macrophage Chemotaxis (GO:0010759),-0.47107133766324183,-0.8860532717834113,0.6068965517241379,1.0,1.0,6/8,43.67%,MAPK3;MAPK1;CSF1;RARRES2;PTK2;CSF1R
prerank,GO_Biological_Process_2025__Positive Regulation of Reactive Oxygen Species Metabolic Process (GO:2000379),-0.3865724666999294,-0.8859228590360487,0.6012658227848101,1.0,1.0,2/23,9.23%,ITGAM;ITGB2
prerank,GO_Biological_Process_2025__Positive Regulation of Synapse Assembly (GO:0051965),0.3930062110911644,0.8859210873421677,0.5917312661498708,1.0,1.0,4/12,14.23%,IL1RAP;AMIGO2;LRRC4B;SEMA4D
prerank,GO_Biological_Process_2025__Secondary Palate Development (GO:0062009),-0.5123086400315097,-0.8857193281331018,0.6286764705882353,1.0,1.0,2/5,12.10%,SMAD4;LRRC32
prerank,GO_Biological_Process_2025__DNA-templated Transcription (GO:0006351),-0.3621272087448362,-0.8856046693904104,0.639344262295082,1.0,1.0,4/33,5.28%,NFX1;SMAD4;IRF3;CAVIN1
prerank,GO_Biological_Process_2025__Mitotic G2 DNA Damage Checkpoint Signaling (GO:0007095),0.4223497207029852,0.8848156302501651,0.5845771144278606,1.0,1.0,4/9,23.71%,TAOK2;BRCC3;MRE11;TAOK1
prerank,DGIdb_Drug_Targets_2024__TRIFLUOPERAZINE,0.48803468335382866,0.8847537885937302,0.5969162995594713,1.0,1.0,1/5,2.74%,ATXN2
prerank,GO_Biological_Process_2025__Synaptic Vesicle Budding From Presynaptic Endocytic Zone Membrane (GO:0016185),-0.4758053532997499,-0.8847115899803191,0.6048526863084922,1.0,1.0,1/7,5.58%,MX1
prerank,GO_Biological_Process_2025__Regulation of Cytoplasmic Pattern Recognition Receptor Signaling Pathway (GO:0039531),0.4203448633396441,0.8832487015735127,0.5953488372093023,1.0,1.0,1/10,1.25%,TARBP2
prerank,DGIdb_Drug_Targets_2024__BRYOSTATIN,0.4750622245158878,0.882759799449699,0.6,1.0,1.0,1/5,6.14%,PRKCQ
prerank,GO_Biological_Process_2025__- Reg of Endoplasmic Reticulum Stress-Induced Intrinsic Apoptotic Sgnlng Pway (GO:1902236),-0.49269322194243415,-0.8827303186594302,0.631578947368421,1.0,1.0,5/6,37.53%,SELENOS;SYVN1;TXNDC12;PARK7;TMBIM6
prerank,GO_Biological_Process_2025__Negative Regulation of Translational Initiation (GO:0045947),-0.44158145721202646,-0.8826409303370013,0.6325503355704698,1.0,1.0,6/12,23.67%,EIF2AK3;ZNF598;EIF4E2;RBM4;PAIP2;EIF2AK4
prerank,GO_Biological_Process_2025__Signal Transduction by P53 Class Mediator (GO:0072331),0.3906652942525837,0.882135261521256,0.653012048192771,1.0,1.0,3/14,3.50%,CASP2;FHIT;STK11
prerank,GO_Biological_Process_2025__Negative Regulation of Establishment of Protein Localization (GO:1904950),-0.47462623018335676,-0.8820075700514312,0.6195462478184991,1.0,1.0,4/8,38.52%,SNX3;GDI1;SNX12;DNAJA1
prerank,GO_Biological_Process_2025__Protein Phosphorylation (GO:0006468),-0.292108349744088,-0.8816311257860676,0.7026348808030113,1.0,1.0,19/170,9.71%,HCK;EIF2AK3;PRKDC;STK17A;FGFR2;GRK5;FGFR4;CLASP1;TLK1;DAPK3;KALRN;TELO2;CDK2;PKN2;COQ8B;MAP3K6;GRK2;SRPK1;CTBP1
prerank,GO_Biological_Process_2025__Prot Transport to Vacuole Inv in Ub-dep Prot Cat Proc via Multivsiclr Bdy Sorting Pway (GO:0043328),0.39490410950775784,0.881240703383081,0.6463414634146342,1.0,1.0,5/13,21.90%,STAM2;UBAP1;VPS37B;VPS36;VPS37A
prerank,GO_Biological_Process_2025__Neutral Amino Acid Transport (GO:0015804),-0.5055074371692054,-0.8809959657884592,0.6452762923351159,1.0,1.0,4/5,32.62%,SLC1A5;SLC6A6;SLC3A2;SLC7A6
prerank,DGIdb_Drug_Targets_2024__CEP 11981,0.467853934736718,0.8804400299244453,0.5966587112171837,1.0,1.0,1/5,10.45%,ABL1
prerank,GO_Biological_Process_2025__Regulation of Glucose Metabolic Process (GO:0010906),0.3819077555935503,0.8800367524188619,0.6059907834101382,1.0,1.0,4/14,8.81%,ADIPOR1;PDPK1;GPLD1;IRS1
prerank,GO_Biological_Process_2025__Heparan Sulfate Proteoglycan Metabolic Process (GO:0030201),0.39196345787624337,0.8798936928532417,0.6421568627450981,1.0,1.0,1/12,1.37%,IDUA
prerank,GO_Biological_Process_2025__Intrinsic Apoptotic Signaling Pathway in Response to Endoplasmic Reticulum Stress (GO:0070059),-0.44214197894692275,-0.8793816272785395,0.6291739894551845,1.0,1.0,4/11,35.24%,ERO1A;BAK1;ITPR1;ATP2A3
prerank,GO_Biological_Process_2025__Non-Motile Cilium Assembly (GO:1905515),0.4794196005020418,0.8786010422693781,0.6090909090909091,1.0,1.0,1/5,7.54%,PCM1
prerank,GO_Biological_Process_2025__Embryonic Organ Development (GO:0048568),0.36477075449947943,0.8784930138661191,0.6113989637305699,1.0,1.0,2/18,1.30%,SH2B3;PCSK5
prerank,GO_Biological_Process_2025__Positive Regulation of Cholesterol Biosynthetic Process (GO:0045542),-0.5098083031255493,-0.8784889447493465,0.6504672897196262,1.0,1.0,5/6,46.82%,PRKAA1;MAPK1;PRKCA;QKI;KPNB1
prerank,GO_Biological_Process_2025__Positive Regulation of Sterol Biosynthetic Process (GO:0106120),-0.5098083031255493,-0.8784889447493465,0.6504672897196262,1.0,1.0,5/6,46.82%,PRKAA1;MAPK1;PRKCA;QKI;KPNB1
prerank,GO_Biological_Process_2025__Fatty Acid Transport (GO:0015908),-0.4428545522761738,-0.878382121640862,0.64,1.0,1.0,6/11,29.51%,GOT2;SLCO3A1;SLC27A3;SLC27A4;ACSL1;SLC25A17
prerank,GO_Biological_Process_2025__Monocarboxylic Acid Catabolic Process (GO:0072329),0.4144889082924271,0.8782388482203395,0.6212871287128713,1.0,1.0,2/9,10.02%,NUDT19;LPIN2
prerank,GO_Biological_Process_2025__Regulation of Intrinsic Apoptotic Signaling Pathway (GO:2001242),-0.38839113671123926,-0.878161192199835,0.6247960848287113,1.0,1.0,4/22,10.45%,EIF2AK3;S100A9;SEPTIN4;S100A8
prerank,GO_Biological_Process_2025__Positive Regulation of Developmental Growth (GO:0048639),0.3576251349945411,0.8779187361898029,0.6208791208791209,1.0,1.0,8/18,27.19%,PLCB1;SEMA4D;L1CAM;TWF2;SHTN1;ZFYVE27;GOLGA4;AGRN
prerank,GO_Biological_Process_2025__Regulation of Macrophage Migration (GO:1905521),-0.4882730437668682,-0.8774514931962702,0.6329331046312179,1.0,1.0,3/7,28.10%,CD81;RTN4;CSF1
prerank,DGIdb_Drug_Targets_2024__UCN 01,-0.45054523492344606,-0.8774477754619838,0.6273830155979203,1.0,1.0,3/10,9.41%,CDK6;CDK2;XIAP
prerank,GO_Biological_Process_2025__Regulation of Primary Metabolic Process (GO:0080090),-0.36725968457834546,-0.8772269360226105,0.6411483253588517,1.0,1.0,7/32,7.70%,PRKRA;IRS2;FUS;EDF1;FGFR4;AHNAK;TELO2
prerank,GO_Biological_Process_2025__Rap Protein Signal Transduction (GO:0032486),0.48497412926734906,0.8772178082587329,0.6137440758293838,1.0,1.0,1/5,6.67%,RAP2C
prerank,GO_Biological_Process_2025__Icosanoid Biosynthetic Process (GO:0046456),-0.44611562159934137,-0.8771917805005757,0.6261510128913443,1.0,1.0,5/9,41.93%,MGST3;PTGES2;PLA2G4A;CBR1;TBXAS1
prerank,GO_Biological_Process_2025__Establishment of Protein Localization to Organelle (GO:0072594),-0.3397355594380841,-0.8767264212862116,0.6685633001422475,1.0,1.0,11/49,19.03%,IPO13;RANBP6;NUP62;GOLPH3;IPO4;APPL1;IPO9;KPNA4;HIKESHI;TNPO3;MAP4K5
prerank,GO_Biological_Process_2025__Regulation of Peptidyl-Tyrosine Phosphorylation (GO:0050730),-0.3925839957089726,-0.8764050174417116,0.6169544740973313,1.0,1.0,2/20,2.50%,TNK2;DGKQ
prerank,GO_Biological_Process_2025__Regulation of GTPase Activity (GO:0043087),-0.3261870629292517,-0.876206686539447,0.6624825662482566,1.0,1.0,9/68,15.69%,DOCK9;RASIP1;THY1;PRTN3;RCC2;ZC3H15;ALS2;RDX;F2R
prerank,GO_Biological_Process_2025__Brain Morphogenesis (GO:0048854),-0.5087072157824051,-0.8757528601547682,0.645045045045045,1.0,1.0,3/5,36.04%,SHANK3;VPS51;MKKS
prerank,GO_Biological_Process_2025__DNA Repair-Dependent Chromatin Remodeling (GO:0140861),0.4681111625671648,0.8756882100368871,0.6415525114155252,1.0,1.0,4/6,19.08%,TRIP12;DTX3L;HDAC3;BRCC3
prerank,GO_Biological_Process_2025__Positive Regulation of Chromosome Organization (GO:2001252),0.3724509822325645,0.8754806224707984,0.6237373737373737,1.0,1.0,4/16,9.25%,RAB33B;SMC4;PRKCQ;NCAPH
prerank,GO_Biological_Process_2025__Regulation of Intrinsic Apoptotic Signaling Pathway in Response to DNA Damage (GO:1902229),-0.49202710559579965,-0.8752291782777252,0.6447140381282496,1.0,1.0,2/6,14.26%,RPS3;CDKN2D
prerank,DGIdb_Drug_Targets_2024__JNJ 26483327,0.4765006160887166,0.8750537179042263,0.6094808126410836,1.0,1.0,5/5,52.39%,YES1;FYN;SRC;FLT4;LYN
prerank,GO_Biological_Process_2025__Morphogenesis of an Endothelium (GO:0003159),-0.5091109070083512,-0.8748042144971002,0.6510791366906474,1.0,1.0,3/5,30.74%,CTNNB1;CSNK2B;PRKD2
prerank,GO_Biological_Process_2025__Regulation of Generation of Precursor Metabolites and Energy (GO:0043467),-0.4753735128308516,-0.8746988371452052,0.6237113402061856,1.0,1.0,5/7,38.39%,OGT;PRKAG2;PRKAG1;EIF6;PNPT1
prerank,GO_Biological_Process_2025__Positive Regulation of Cell-Substrate Adhesion (GO:0010811),-0.3376146758299774,-0.8743224102284168,0.6331877729257642,1.0,1.0,12/49,23.78%,NDNF;CDK6;UTRN;JUP;NPNT;CCL21;FGB;DOCK5;CIB1;CDC42;FBLN2;RSU1
prerank,GO_Biological_Process_2025__Negative Regulation of Cellular Process (GO:0048523),-0.2865565979896542,-0.8731731821429682,0.7144592952612394,1.0,1.0,11/169,4.41%,ATG13;PRKRA;SFRP4;EIF2AK3;NMI;NIBAN2;CDK6;RBBP7;ACTL6A;NUP62;SMAD4
prerank,GO_Biological_Process_2025__Regulation of Protein Secretion (GO:0050708),-0.33779234780030637,-0.8731129577393855,0.6549707602339181,1.0,1.0,8/45,13.89%,SAA2;ATP13A2;GOLPH3;IER3IP1;PPID;ADAM9;PPP3CB;SLC25A22
prerank,GO_Biological_Process_2025__Cellular Response to Interleukin-7 (GO:0098761),0.4757157583800029,0.8727913517754655,0.6238532110091743,1.0,1.0,2/5,10.27%,IL7R;STAT1
prerank,GO_Biological_Process_2025__Interleukin-7-Mediated Signaling Pathway (GO:0038111),0.4757157583800029,0.8727913517754655,0.6238532110091743,1.0,1.0,2/5,10.27%,IL7R;STAT1
prerank,GO_Biological_Process_2025__Positive Regulation of Focal Adhesion Assembly (GO:0051894),0.4009238474729412,0.8721435407111852,0.6329411764705882,1.0,1.0,2/11,9.74%,SFRP1;MYOC
prerank,GO_Biological_Process_2025__Positive Regulation of Dendrite Morphogenesis (GO:0050775),-0.4630372365496027,-0.872128711772612,0.6362007168458781,1.0,1.0,1/8,2.46%,DHX36
prerank,GO_Biological_Process_2025__Modulation of Excitatory Postsynaptic Potential (GO:0098815),-0.43124649357487643,-0.8719440635775588,0.6271186440677966,1.0,1.0,5/11,25.41%,NLGN2;PTEN;MTMR2;SHANK3;RELN
prerank,GO_Biological_Process_2025__Protein Monoubiquitination (GO:0006513),-0.43909576645600046,-0.8719331300636094,0.63016157989228,1.0,1.0,3/11,13.63%,UBE2R2;ZNF598;MGRN1
prerank,GO_Biological_Process_2025__Myofibril Assembly (GO:0030239),0.38828076760907454,0.8708276206551423,0.6243386243386243,1.0,1.0,7/13,21.10%,TMOD1;TTR;ACTN2;BMP10;MYL9;TMOD3;FLNC
prerank,DGIdb_Drug_Targets_2024__DEXAMETHASONE,-0.3802569800689698,-0.8697657011527233,0.6488188976377953,1.0,1.0,6/26,8.78%,IRS2;CDK6;ANXA1;CDK2;APOB;RPS19
prerank,GO_Biological_Process_2025__Positive Regulation of Epithelial Cell Migration (GO:0010634),0.3382052886526688,0.8696871567593867,0.6153846153846154,1.0,1.0,1/23,0.67%,MTOR
prerank,GO_Biological_Process_2025__Sterol Transport (GO:0015918),-0.41148690866159976,-0.8695909006105861,0.6234887737478411,1.0,1.0,4/15,15.58%,NPC1;APOB;STARD3NL;OSBPL2
prerank,GO_Biological_Process_2025__Phagosome Maturation (GO:0090382),-0.44945488805694717,-0.869584666428449,0.6371527777777778,1.0,1.0,3/10,18.33%,RAB20;RAB43;RAB31
prerank,"GO_Biological_Process_2025__Regulation of Alternative mRNA Splicing, via Spliceosome (GO:0000381)",-0.448221979548942,-0.8694421019180401,0.6393728222996515,1.0,1.0,5/10,20.56%,DDX17;TIA1;CELF2;RBM4;PTBP1
prerank,GO_Biological_Process_2025__Cell-Substrate Junction Assembly (GO:0007044),0.34205505450291246,0.8689925258927241,0.6535626535626535,1.0,1.0,9/20,23.72%,TAOK2;TESK2;FN1;ACTN2;CDH11;TRIP6;DST;BCR;ARHGEF7
prerank,GO_Biological_Process_2025__Respiratory Tube Development (GO:0030323),0.4675875251256721,0.8687697487695164,0.6063829787234043,1.0,1.0,3/6,10.17%,PCSK5;RBP4;CHI3L1
prerank,GO_Biological_Process_2025__Regulation of Dendrite Morphogenesis (GO:0048814),0.3935966273768427,0.8687240240637757,0.6338028169014085,1.0,1.0,3/12,14.23%,CUL7;CUX1;SEMA4D
prerank,GO_Biological_Process_2025__Regulation of Translation in Response to Stress (GO:0043555),-0.5127130041188949,-0.8685570284243063,0.6323268206039077,1.0,1.0,3/5,26.12%,RPS6KA3;RBM4;EIF2S1
prerank,GO_Biological_Process_2025__Transcription Elongation by RNA Polymerase II (GO:0006368),-0.5114632941803929,-0.8681359918372802,0.6274864376130199,1.0,1.0,3/5,35.91%,ELP2;CTDP1;ELP4
prerank,GO_Biological_Process_2025__Cardiac Muscle Cell Action Potential Involved in Contraction (GO:0086002),-0.5031301017110957,-0.8678646355457081,0.6428571428571429,1.0,1.0,3/5,15.11%,KCNE3;NEDD4L;GPD1L
prerank,GO_Biological_Process_2025__Negative Regulation of Hemostasis (GO:1900047),0.40168669495904996,0.8678237389107267,0.6246913580246913,1.0,1.0,7/10,32.61%,APOH;APOE;KNG1;SERPINE1;PF4;PROC;VTN
prerank,GO_Biological_Process_2025__Inflammatory Response (GO:0006954),-0.31125062060676295,-0.8678094337049328,0.6915167095115681,1.0,1.0,13/91,9.23%,AZU1;ELANE;SELE;NFX1;GSDMA;CXCR4;ANXA1;PARP4;CCL18;AIF1;NRROS;S100A9;ITGB2
prerank,GO_Biological_Process_2025__Cholesterol Metabolic Process (GO:0008203),-0.36198813120862205,-0.8671200714568251,0.6402640264026402,1.0,1.0,8/30,14.97%,MVK;DHCR7;GBA2;PMVK;APOB;OSBPL1A;PLPP6;SQLE
prerank,GO_Biological_Process_2025__Respiratory Electron Transport Chain (GO:0022904),-0.46644544587464865,-0.8668929588684425,0.64349376114082,1.0,1.0,4/7,36.83%,HCCS;SDHA;ETFDH;NDUFA5
prerank,GO_Biological_Process_2025__Protein Targeting to Membrane (GO:0006612),-0.35489516303547924,-0.8666720845583177,0.6646525679758308,1.0,1.0,4/38,10.43%,SGTB;GOLGA7;SRP14;SSR1
prerank,GO_Biological_Process_2025__Golgi Organization (GO:0007030),-0.3073274558724488,-0.866440480150019,0.7083906464924347,1.0,1.0,21/86,21.79%,RAB29;PLEKHM2;CLASP1;COG2;VPS13B;GORASP2;GOLPH3;GORASP1;RAB43;DYM;LMAN1;COG7;BET1;GAK;GCC2;TANGO2;SLC6A4;VTI1B;BAG5;COG8;CDC42
prerank,GO_Biological_Process_2025__Antigen Receptor-Mediated Signaling Pathway (GO:0050851),-0.339993471313273,-0.8663694433364528,0.6676136363636364,1.0,1.0,11/47,21.68%,BCL10;BTN3A3;THY1;EIF2B5;EIF2B1;CSK;BTN2A1;NFATC2;EIF2B2;EIF2B3;CD247
prerank,GO_Biological_Process_2025__Regulation of Microtubule Polymerization (GO:0031113),-0.36335785935477516,-0.8662916885237943,0.6479750778816199,1.0,1.0,6/30,11.94%,HAUS4;CLASP1;GBA2;AKAP9;RPS3;TUBB4A
prerank,GO_Biological_Process_2025__Cellular Component Disassembly (GO:0022411),-0.38995644259602574,-0.8660892096033204,0.6194398682042833,1.0,1.0,1/21,0.76%,ELANE
prerank,GO_Biological_Process_2025__Intracellular Lipid Transport (GO:0032365),-0.4438111008427549,-0.865806850127031,0.6396694214876033,1.0,1.0,1/9,3.53%,NPC1
prerank,GO_Biological_Process_2025__Positive Regulation of Protein Depolymerization (GO:1901881),0.47637218046028457,0.8657897060400389,0.6318082788671024,1.0,1.0,1/5,3.73%,KATNB1
prerank,GO_Biological_Process_2025__Anterior/Posterior Pattern Specification (GO:0009952),0.47187265163229924,0.8657426335937507,0.6098654708520179,1.0,1.0,1/5,1.30%,PCSK5
prerank,GO_Biological_Process_2025__Filopodium Assembly (GO:0046847),-0.49283924609700236,-0.8656521604887416,0.6487889273356401,1.0,1.0,1/6,10.17%,EZR
prerank,Reactome_Pathways_2024__Activation of G Protein Gated Potassium Channels,-0.4406214226360652,-0.865466739201226,0.6336283185840708,1.0,1.0,6/11,28.24%,GNG2;GNG8;GNG5;GNB1;GNB4;GNG10
prerank,GO_Biological_Process_2025__Peroxisome Fission (GO:0016559),0.4560683893439252,0.8651116715761435,0.6261261261261262,1.0,1.0,1/6,3.89%,PEX11B
prerank,GO_Biological_Process_2025__Monoatomic Anion Transport (GO:0006820),0.3669375956079974,0.8646360377271057,0.6740196078431373,1.0,1.0,1/16,0.44%,LRRC8C
prerank,GO_Biological_Process_2025__Positive Regulation of Fatty Acid Biosynthetic Process (GO:0045723),0.4623324706847716,0.8641179234923192,0.6394849785407726,1.0,1.0,1/5,5.73%,APOA4
prerank,DGIdb_Drug_Targets_2024__ETOPOSIDE,0.36093951515819356,0.8640804227190713,0.649746192893401,1.0,1.0,2/16,5.52%,GSTT1;TOP2B
prerank,GO_Biological_Process_2025__Synaptic Vesicle Transport Along Microtubule (GO:0099517),-0.4273572942137721,-0.8640200030864609,0.6409836065573771,1.0,1.0,1/13,2.69%,KIF1B
prerank,GO_Biological_Process_2025__Anterograde Synaptic Vesicle Transport (GO:0048490),-0.4273572942137721,-0.8640200030864609,0.6409836065573771,1.0,1.0,1/13,2.69%,KIF1B
prerank,GO_Biological_Process_2025__Actin Filament Organization (GO:0007015),0.2745273505882161,0.8639130652081731,0.7194244604316546,1.0,1.0,28/72,26.77%,MYO1F;TMOD1;HIP1;SVIL;SPTA1;FAT1;TPM3;TTR;ARHGAP25;WASL;SHROOM4;DLG1;ARHGAP12;NCAPG;CORO1C;TMOD3;CORO1B;ABI2;RFLNB;GAS2L1;CARMIL1;SH3KBP1;MARCKS;MYO5A;HCLS1;XIRP2;MYO1E;MYO1D
prerank,GO_Biological_Process_2025__Positive Regulation of Cell-Matrix Adhesion (GO:0001954),-0.364527519892375,-0.8638938247446268,0.6781789638932496,1.0,1.0,4/27,8.34%,CDK6;THY1;UTRN;JUP
prerank,GO_Biological_Process_2025__Protein Polymerization (GO:0051258),-0.3722939600851334,-0.863818176024591,0.6479750778816199,1.0,1.0,7/27,28.44%,MAP7D3;UBE2K;FGB;TTC17;WASF3;CHMP2A;GPX4
prerank,GO_Biological_Process_2025__Modulation by Symbiont of Entry Into Host (GO:0052372),0.46214415203939946,0.8633962927526749,0.6224256292906178,1.0,1.0,2/6,18.13%,EXOC2;TRIM5
prerank,GO_Biological_Process_2025__Monoatomic Cation Homeostasis (GO:0055080),-0.36159275638402993,-0.863394373112739,0.6661631419939577,1.0,1.0,8/28,17.52%,S100A14;ATP13A2;SLC12A6;XIAP;ALPL;TFR2;FAM20A;CNNM3
prerank,GO_Biological_Process_2025__Amyloid Precursor Protein Metabolic Process (GO:0042982),0.4086845873170262,0.862968916785774,0.6584269662921348,1.0,1.0,5/10,25.11%,ACHE;TMCC2;ADAM17;ADAM10;APOE
prerank,GO_Biological_Process_2025__Calcium Ion Transmembrane Import Into Cytosol (GO:0097553),0.35183243430252686,0.8627268807859203,0.655440414507772,1.0,1.0,2/20,3.13%,CACNA2D1;PLCB1
prerank,GO_Biological_Process_2025__Melanosome Assembly (GO:1903232),-0.39920075537512467,-0.8622320779694402,0.6478632478632479,1.0,1.0,4/17,18.27%,HPS5;HPS6;AP1S1;AP1S2
prerank,GO_Biological_Process_2025__Regulation of Arp2/3 Complex-Mediated Actin Nucleation (GO:0034315),-0.4013950337013916,-0.862215526630108,0.6661367249602543,1.0,1.0,1/17,3.32%,ARFIP2
prerank,GO_Biological_Process_2025__Regulation of Endothelial Cell Proliferation (GO:0001936),0.30143432206949416,0.8621642070378549,0.698051948051948,1.0,1.0,9/45,16.39%,PTPRM;TIE1;PDCL3;STAT1;EMC10;APOH;AKT3;EGFL7;PDGFB
prerank,GO_Biological_Process_2025__Phospholipid Biosynthetic Process (GO:0008654),-0.4241822943338807,-0.862063268012467,0.6452702702702703,1.0,1.0,6/13,26.40%,LPCAT1;FAR1;HDHD5;AGPAT4;FDPS;PCYT2
prerank,GO_Biological_Process_2025__Carboxylic Acid Catabolic Process (GO:0046395),-0.38625615673055486,-0.8620492659630296,0.6537216828478964,1.0,1.0,5/20,20.21%,BCKDHB;NAGK;DBT;BCKDHA;ACOT8
prerank,GO_Biological_Process_2025__Regulation of Transforming Growth Factor Beta Production (GO:0071634),-0.44949923311965906,-0.8618994891215033,0.6593959731543624,1.0,1.0,2/9,16.39%,SMAD4;SMAD3
prerank,GO_Biological_Process_2025__Extracellular Exosome Biogenesis (GO:0097734),-0.5063084236725288,-0.861184311340825,0.6666666666666666,1.0,1.0,4/5,44.95%,RAB27A;RAB11A;PDCD6IP;COPS5
prerank,GO_Biological_Process_2025__Microvillus Organization (GO:0032528),0.40679376602656847,0.8607054954549274,0.6117936117936118,1.0,1.0,3/10,18.61%,RAP2C;RAPGEF6;MAP4K4
prerank,GO_Biological_Process_2025__Protein Quality Control for Misfolded or Incompletely Synthesized Proteins (GO:0006515),0.3696133345125052,0.8604203519027713,0.6505102040816326,1.0,1.0,5/16,11.87%,IRGQ;ZYG11B;STUB1;YME1L1;ATXN3
prerank,GO_Biological_Process_2025__Macromolecule Catabolic Process (GO:0009057),-0.36531408040411295,-0.8591242409919647,0.6636085626911316,1.0,1.0,1/27,0.76%,ELANE
prerank,GO_Biological_Process_2025__Regulation of Cell Activation (GO:0050865),-0.4613733684678597,-0.8590337826634667,0.6566901408450704,1.0,1.0,1/8,5.43%,LILRA2
prerank,GO_Biological_Process_2025__Cellular Response to Cytokine Stimulus (GO:0071345),0.2544212918763331,0.8589283175772434,0.7990654205607477,1.0,1.0,15/110,10.66%,SH2B3;GBP2;OSMR;SFRP1;IFIT1;PDE2A;GSK3A;IL1RAP;IFNGR1;GAPDH;IRS1;IL7R;CHI3L1;STAT1;RIPOR2
prerank,GO_Biological_Process_2025__Nuclear Transport (GO:0051169),0.35807333680818276,0.8587364720257087,0.6528497409326425,1.0,1.0,6/17,22.46%,ANP32A;NUP93;NUP54;SEH1L;NUP107;NUP214
prerank,GO_Biological_Process_2025__Negative Regulation of Kinase Activity (GO:0033673),-0.36967949328645666,-0.8584317433665383,0.6510500807754442,1.0,1.0,4/24,9.64%,IRS2;THY1;PKN2;REXO2
prerank,GO_Biological_Process_2025__Lamellipodium Assembly (GO:0030032),-0.40087727532649253,-0.8582644956912904,0.6426174496644296,1.0,1.0,2/16,9.36%,ARFIP2;GOLPH3
prerank,GO_Biological_Process_2025__Regulation of Angiogenesis (GO:0045765),0.27055901533120597,0.8582461208713067,0.7490636704119851,1.0,1.0,16/84,14.05%,PTPRM;SFRP1;GRN;PDPK1;TIE1;PDCL3;PIK3R6;ANGPTL4;KLKB1;CHI3L1;STAT1;SPRY2;EMC10;CDH5;CD36;APOH
prerank,GO_Biological_Process_2025__Diacylglycerol Metabolic Process (GO:0046339),0.3962281156236164,0.858102073034208,0.6473551637279596,1.0,1.0,3/11,7.70%,DGKD;LIPE;DGAT1
prerank,GO_Biological_Process_2025__Non-Proteinogenic Amino Acid Catabolic Process (GO:0170044),-0.4974454211777806,-0.8579736610765551,0.6445672191528545,1.0,1.0,1/5,8.60%,GOT2
prerank,GO_Biological_Process_2025__Fatty Acid Beta-Oxidation (GO:0006635),0.30013036373036583,0.8577786480626799,0.6925373134328359,1.0,1.0,4/36,7.58%,GCDH;ECHDC2;ADIPOQ;DECR2
prerank,GO_Biological_Process_2025__Response to Calcium Ion (GO:0051592),0.2976481238895978,0.8575367679287728,0.6971428571428572,1.0,1.0,4/41,4.64%,SMPD1;BRAF;ANXA11;AHCYL1
prerank,DGIdb_Drug_Targets_2024__GLUCAGON,0.46219493997424854,0.8573734361705373,0.6506276150627615,1.0,1.0,2/5,17.45%,LDLR;APOA1
prerank,GO_Biological_Process_2025__Cellular Response to Epidermal Growth Factor Stimulus (GO:0071364),-0.4215166163100727,-0.8570036183073161,0.6482412060301508,1.0,1.0,2/12,7.21%,ZPR1;DUSP3
prerank,GO_Biological_Process_2025__Intrinsic Apoptotic Signaling Pathway (GO:0097193),0.29862432839806724,0.8566423050405054,0.6948051948051948,1.0,1.0,6/50,6.81%,ZNF622;CASP2;FHIT;STK11;PDPK1;IFI27
prerank,Reactome_Pathways_2024__ADP Signalling Through P2Y Purinoceptor 12,-0.41190965149246966,-0.8563573923437172,0.6475694444444444,1.0,1.0,6/15,28.24%,GNG2;GNG8;GNG5;GNB1;GNB4;GNG10
prerank,GO_Biological_Process_2025__Negative Regulation of Cell Motility (GO:2000146),-0.32178130232216356,-0.8558491974362851,0.6818851251840943,1.0,1.0,14/58,18.08%,AFDN;SCAI;RBBP7;TPM1;THY1;DUSP3;S100A9;MCTP1;SERPINB1;MIA3;PTEN;IGFBP5;CLIC4;OGT
prerank,GO_Biological_Process_2025__Negative Regulation of Macromolecule Metabolic Process (GO:0010605),0.4489535522443453,0.855843961752392,0.631578947368421,1.0,1.0,4/6,28.16%,LILRB2;LDLR;APOE;OPTN
prerank,GO_Biological_Process_2025__Supramolecular Fiber Organization (GO:0097435),0.24348146733514026,0.8557174981556681,0.8289473684210527,1.0,1.0,29/142,14.33%,MYO1F;COL1A2;KATNB1;ATP7A;TMOD1;TUBGCP6;HIP1;TLL2;COL1A1;LOX;SPTA1;PCM1;FAT1;TLL1;TPM3;TUBGCP2;EPPK1;CCDC88C;NCKAP5L;ARHGAP25;COL3A1;STMN1;SHROOM4;DLG1;CD36;DDR2;ARHGAP12;FURIN;CLIP2
prerank,GO_Biological_Process_2025__Regulation of Mitotic Spindle Assembly (GO:1901673),0.3763627009702423,0.8553450928744668,0.6534653465346535,1.0,1.0,5/14,22.27%,CHMP1B;RIPOR2;VTA1;CHMP1A;CHMP2B
prerank,GO_Biological_Process_2025__Platelet Dense Granule Organization (GO:0060155),-0.37527608174134097,-0.8553184474313688,0.6396103896103896,1.0,1.0,5/22,18.27%,HPS5;HPS6;AP1S1;F2R;AP1S2
prerank,GO_Biological_Process_2025__Regulation of DNA Binding (GO:0051101),-0.43486462487387045,-0.8550457214691883,0.6184668989547039,1.0,1.0,1/10,3.06%,EDF1
prerank,GO_Biological_Process_2025__Mitotic Nuclear Membrane Organization (GO:0101024),0.4237128838249363,0.8549805090345144,0.6238532110091743,1.0,1.0,1/8,1.02%,REEP3
prerank,GO_Biological_Process_2025__Mitotic Nuclear Membrane Reassembly (GO:0007084),0.4237128838249363,0.8549805090345144,0.6238532110091743,1.0,1.0,1/8,1.02%,REEP3
prerank,GO_Biological_Process_2025__Positive Regulation of Endothelial Cell Migration (GO:0010595),0.28452267239263773,0.8547726116903785,0.7424749163879598,1.0,1.0,8/45,16.87%,GRN;PDPK1;GPLD1;ABL1;EMC10;AKT3;PDGFB;ADAM17
prerank,GO_Biological_Process_2025__Nucleotide Metabolic Process (GO:0009117),0.42354473211586163,0.8547072605113899,0.5958429561200924,1.0,1.0,2/8,6.35%,FHIT;DCK
prerank,GO_Biological_Process_2025__Positive Regulation of Interferon-Alpha Production (GO:0032727),-0.4278154023618058,-0.8542194653687841,0.6606260296540363,1.0,1.0,2/11,5.15%,DHX36;IRF3
prerank,GO_Biological_Process_2025__Organic Anion Transport (GO:0015711),0.32205934028765204,0.8541655601957757,0.6880222841225627,1.0,1.0,3/29,3.75%,LRRC8C;MGST1;RHAG
prerank,GO_Biological_Process_2025__Negative Regulation of Interleukin-6 Production (GO:0032715),0.39603964768529504,0.8540591144037226,0.6157517899761337,1.0,1.0,2/10,9.53%,ORM1;C1QTNF3
prerank,GO_Biological_Process_2025__Wound Healing (GO:0042060),0.30214309557527774,0.8533935374570364,0.7147147147147147,1.0,1.0,6/39,11.34%,TSKU;SMPD1;CHMP1B;EPPK1;IGF1;COL3A1
prerank,GO_Biological_Process_2025__Plasma Membrane Bounded Cell Projection Organization (GO:0120036),-0.3129057049924078,-0.8530720798618521,0.7002801120448179,1.0,1.0,16/72,23.30%,PRMT1;ARFIP2;TPM1;VPS13B;NEDD4L;OPHN1;CCL21;FRYL;TTC17;BLOC1S6;FRY;CAMSAP1;BLOC1S4;RAB11A;RAB6A;TBC1D23
prerank,GO_Biological_Process_2025__Negative Regulation of DNA Recombination (GO:0045910),0.4665686216265136,0.8529782919350151,0.6192560175054704,1.0,1.0,1/5,0.86%,HELB
prerank,GO_Biological_Process_2025__Intracellular Cholesterol Transport (GO:0032367),-0.4480980436929277,-0.8527920728144334,0.6462093862815884,1.0,1.0,2/8,15.58%,NPC1;OSBPL2
prerank,GO_Biological_Process_2025__Microtubule Polymerization or Depolymerization (GO:0031109),-0.4693152844192088,-0.8521974552780078,0.6521739130434783,1.0,1.0,1/6,2.60%,MAP7D3
prerank,GO_Biological_Process_2025__Lipid Metabolic Process (GO:0006629),0.2562959413920592,0.8521942093582888,0.8132780082987552,1.0,1.0,12/104,7.98%,PLIN1;GDE1;GGT1;LPL;PAFAH2;LIPE;PCCB;APOA4;ACSF2;ANGPTL8;DECR2;MTTP
prerank,GO_Biological_Process_2025__Proteolysis Involved in Protein Catabolic Process (GO:0051603),0.2964610455640501,0.8520753337648097,0.7100591715976331,1.0,1.0,10/45,11.87%,CUL4B;CTSF;DDI2;IRGQ;ZYG11B;STUB1;YME1L1;CTSS;RHBDD1;ATXN3
prerank,GO_Biological_Process_2025__Negative Regulation of Lipid Storage (GO:0010888),0.4044923108614739,0.8517175234670349,0.6401985111662531,1.0,1.0,1/9,1.44%,PTPN2
prerank,GO_Biological_Process_2025__Golgi Ribbon Formation (GO:0090161),-0.4395619648257392,-0.8516875524434742,0.6614310645724258,1.0,1.0,3/9,17.02%,GOLPH3;GORASP1;GCC2
prerank,GO_Biological_Process_2025__Insulin Metabolic Process (GO:1901142),-0.4641744180931162,-0.8513795127656689,0.6475849731663685,1.0,1.0,3/6,38.53%,IDE;ERO1B;YIPF5
prerank,GO_Biological_Process_2025__B Cell Receptor Signaling Pathway (GO:0050853),0.3807833843998576,0.8510261803107818,0.6535626535626535,1.0,1.0,1/13,3.11%,RFTN1
prerank,DGIdb_Drug_Targets_2024__GABAPENTIN,0.4318098475935173,0.8510175822013194,0.6255813953488372,1.0,1.0,2/6,8.76%,CACNA2D1;CACNA2D2
prerank,GO_Biological_Process_2025__cGMP-mediated Signaling (GO:0019934),0.4181064321755095,0.8508931752403075,0.6077922077922078,1.0,1.0,5/9,25.11%,PDE2A;CD36;GUCY1A1;IRAG1;APOE
prerank,GO_Biological_Process_2025__Vesicle Fusion With Vacuole (GO:0051469),0.43175482419271916,0.8508824717748905,0.6247139588100686,1.0,1.0,1/7,5.94%,CHMP1B
prerank,GO_Biological_Process_2025__Multivesicular Body-Lysosome Fusion (GO:0061763),0.43175482419271916,0.8508824717748905,0.6247139588100686,1.0,1.0,1/7,5.94%,CHMP1B
prerank,GO_Biological_Process_2025__Phosphatidylinositol-Mediated Signaling (GO:0048015),-0.4030734782741805,-0.8507932551113863,0.6491803278688525,1.0,1.0,2/15,7.26%,PI4KB;PIK3C2A
prerank,GO_Biological_Process_2025__Reverse Cholesterol Transport (GO:0043691),0.37017131398964187,0.8506836663282453,0.6690140845070423,1.0,1.0,8/13,25.45%,APOA4;LCAT;APOA1;APOA2;CETP;CES1;APOE;APOC3
prerank,GO_Biological_Process_2025__Positive Regulation of MAPK Cascade (GO:0043410),-0.28747241601025253,-0.8504594574889643,0.7858032378580324,1.0,1.0,24/138,19.31%,ELANE;PRMT1;FGFR2;S100A12;FGFR4;FGFR3;RASSF2;S100A9;XIAP;CD81;SPHK1;NPNT;MYDGF;ADAM9;MARCO;SLCO3A1;F2R;GLIPR2;CCL21;MAP3K11;MAPK3;NTRK2;MAP2K1;FGB
prerank,GO_Biological_Process_2025__Fatty Acid Derivative Biosynthetic Process (GO:1901570),0.4003616571609927,0.8502153288468602,0.6636155606407322,1.0,1.0,2/11,2.50%,GCDH;GGT1
prerank,GO_Biological_Process_2025__Protein Glycosylation (GO:0006486),-0.30860887424585015,-0.849944692007186,0.7263888888888889,1.0,1.0,16/72,20.63%,TMEM258;NPC1;POFUT1;B3GNT7;GALNT10;B3GNT9;B3GALNT1;COG7;MAN1C1;B3GALT6;ALG11;OGT;MAGT1;EOGT;GALNT5;POMK
prerank,GO_Biological_Process_2025__Positive Regulation of GTPase Activity (GO:0043547),-0.32295938085384873,-0.8493838350522444,0.6906158357771262,1.0,1.0,4/57,6.72%,DOCK9;ARHGEF10;THY1;PRTN3
prerank,GO_Biological_Process_2025__Positive Regulation of Interferon-Beta Production (GO:0032728),0.35209387265421926,0.8489787569745451,0.6730769230769231,1.0,1.0,4/18,12.22%,DHX9;OAS3;OAS2;TRIM56
prerank,GO_Biological_Process_2025__Type B Pancreatic Cell Differentiation (GO:0003309),-0.5005136547474078,-0.8488292801976587,0.6783831282952548,1.0,1.0,1/5,3.36%,CDK6
prerank,GO_Biological_Process_2025__Positive Regulation of Extrinsic Apoptotic Signaling Pathway (GO:2001238),-0.39087810715325494,-0.8486919127159567,0.6593220338983051,1.0,1.0,2/17,7.81%,BCL10;PKN2
prerank,GO_Biological_Process_2025__Regulation of Tumor Necrosis Factor Production (GO:0032680),-0.32798048634437493,-0.8486128378743277,0.6782106782106783,1.0,1.0,5/55,9.39%,AZU1;FCGR3B;LILRA2;S100A9;LBP
prerank,GO_Biological_Process_2025__Hexose Metabolic Process (GO:0019318),0.31676626299653815,0.8483225974628779,0.6983240223463687,1.0,1.0,5/31,6.96%,ALDOB;FUCA1;PDPK1;GAA;GALM
prerank,GO_Biological_Process_2025__Positive Regulation of Fatty Acid Metabolic Process (GO:0045923),0.43661754766578054,0.8482807416355491,0.6483516483516484,1.0,1.0,2/6,16.55%,APOA4;MLYCD
prerank,GO_Biological_Process_2025__Positive Regulation of Epithelial Cell Proliferation (GO:0050679),0.29615672627376677,0.8480761398098838,0.7413249211356467,1.0,1.0,12/44,16.39%,SFRP1;GRN;BMP6;PDCL3;IGF1;BMP5;EMC10;AKT3;NME1;HPN;EGFL7;PDGFB
prerank,GO_Biological_Process_2025__Purine Ribonucleotide Metabolic Process (GO:0009150),-0.3601429568579664,-0.8478015437384001,0.6666666666666666,1.0,1.0,6/27,15.79%,RHOQ;NADK;CLPX;BPNT1;HINT1;NT5E
prerank,GO_Biological_Process_2025__Phospholipid Transport (GO:0015914),-0.3432355640330124,-0.8472510656507767,0.664624808575804,1.0,1.0,4/34,8.92%,SLC66A2;PITPNM1;ATP11A;ABCB1
prerank,GO_Biological_Process_2025__Positive Regulation of Excitatory Postsynaptic Potential (GO:2000463),-0.4454027627350547,-0.8466395396598644,0.6788321167883211,1.0,1.0,4/8,25.41%,NLGN2;PTEN;SHANK3;RELN
prerank,GO_Biological_Process_2025__Negative Regulation of Metabolic Process (GO:0009892),0.3314938208794871,0.8463583171982031,0.6768447837150128,1.0,1.0,8/24,25.45%,STK11;ADIPOQ;MMP3;ADAM17;APOC1;ALDH1A1;TRAP1;APOC3
prerank,GO_Biological_Process_2025__P-body Assembly (GO:0033962),0.40992427019924255,0.8462220334528564,0.6809045226130653,1.0,1.0,2/10,8.65%,ATXN2;EDC3
prerank,GO_Biological_Process_2025__Cytokine-Mediated Signaling Pathway (GO:0019221),-0.29835976433170813,-0.8458774738650775,0.7281167108753316,1.0,1.0,20/96,18.84%,HCK;BIRC2;EPX;SMAD4;LILRA2;MX1;CCL18;IRAK4;APPL1;TNIP2;IL16;IRAK3;IL10RB;IL1RL1;FER;STAT5A;CCL21;LEPROT;MAPK3;MYD88
prerank,DGIdb_Drug_Targets_2024__BUPARLISIB,0.39612454317143564,0.8458616377332504,0.6590330788804071,1.0,1.0,2/11,3.50%,BRAF;STK11
prerank,Reactome_Pathways_2024__Activated NTRK2 Signals Through FYN,-0.4976800640151173,-0.845648854436758,0.6813380281690141,1.0,1.0,3/5,36.48%,NTRK2;RAC1;BDNF
prerank,GO_Biological_Process_2025__Purine-Containing Compound Biosynthetic Process (GO:0072522),-0.38688581887696205,-0.8455562465360532,0.6774193548387096,1.0,1.0,1/18,3.38%,PRPSAP1
prerank,Reactome_Pathways_2024__ADORA2B Mediated Anti-Inflammatory Cytokines Production,-0.3748202029991633,-0.8453420978382897,0.6721311475409836,1.0,1.0,7/24,23.69%,GNG2;GNG8;PRKAR1B;GNG5;PRKAR2A;GNB1;GNB4
prerank,GO_Biological_Process_2025__Modification-Dependent Protein Catabolic Process (GO:0019941),-0.3033539057170942,-0.8452702190729721,0.7468706536856745,1.0,1.0,22/88,22.69%,UBR3;ANKIB1;RNF123;UBQLN4;UBE2R2;WDR81;MIB1;UBQLN2;UBE4B;NEDD4L;KCTD10;FBXO45;FBXO4;NEDD8;UBE2K;OS9;UBE2I;KCMF1;PCYOX1L;RNF13;UBA1;UBE2L3
prerank,GO_Biological_Process_2025__Regulation of Double-Strand Break Repair (GO:2000779),-0.4121778499084089,-0.8449476921920601,0.6881188118811881,1.0,1.0,2/14,10.52%,TERF2IP;RAD50
prerank,GO_Biological_Process_2025__Regulation of Interferon-Alpha Production (GO:0032647),-0.41854481194460336,-0.8434463042236219,0.6677685950413224,1.0,1.0,2/12,5.15%,DHX36;IRF3
prerank,GO_Biological_Process_2025__Protein Localization to Plasma Membrane (GO:0072659),-0.30528992598723703,-0.8432836079351282,0.736551724137931,1.0,1.0,8/72,10.73%,AFDN;ZDHHC5;GORASP2;JUP;PACS2;CD81;EZR;GORASP1
prerank,GO_Biological_Process_2025__Glycosphingolipid Metabolic Process (GO:0006687),0.38870820468183515,0.8432170672641199,0.6666666666666666,1.0,1.0,1/11,0.93%,SMPD1
prerank,GO_Biological_Process_2025__acyl-CoA Biosynthetic Process (GO:0071616),-0.4300432407540591,-0.8431524131026265,0.6717171717171717,1.0,1.0,3/10,11.96%,SLC27A2;ACSS2;CBR4
prerank,GO_Biological_Process_2025__Dendrite Morphogenesis (GO:0048813),0.38223878338840933,0.8426256837465492,0.6658653846153846,1.0,1.0,4/12,13.07%,TAOK2;LLGL1;WASL;TMEM106B
prerank,GO_Biological_Process_2025__Sphingolipid Catabolic Process (GO:0030149),0.38510818231041233,0.842594454328289,0.6658476658476659,1.0,1.0,4/12,16.23%,SMPD1;SGPP1;ENPP2;GALC
prerank,GO_Biological_Process_2025__Extracellular Matrix Disassembly (GO:0022617),-0.37721900331295344,-0.8423893509666828,0.6797385620915033,1.0,1.0,1/22,0.76%,ELANE
prerank,GO_Biological_Process_2025__Response to Molecule of Bacterial Origin (GO:0002237),-0.3682560278869961,-0.842122238578452,0.6936507936507936,1.0,1.0,10/26,15.71%,SELE;S100A14;HMGB2;RPS6KA3;OTUD5;LBP;S100A8;IRAK3;F2R;FER
prerank,Reactome_Pathways_2024__Activation of GABAB Receptors,-0.3993526432528002,-0.8419089379813954,0.6582491582491582,1.0,1.0,6/16,28.24%,GNG2;GNG8;GNG5;GNB1;GNB4;GNG10
prerank,GO_Biological_Process_2025__Regulation of Actin Filament Depolymerization (GO:0030834),-0.45174200879916526,-0.8418834059578716,0.6876122082585279,1.0,1.0,4/7,37.39%,PDXP;MTPN;WDR1;PLEK
prerank,GO_Biological_Process_2025__Regulation of Protein Phosphorylation (GO:0001932),-0.3174035406011558,-0.8417946575907874,0.7262569832402235,1.0,1.0,14/62,21.81%,EIF2AK3;PRKDC;TERF2IP;ITGB2;MYDGF;TARDBP;FER;NDUFS4;FAM20A;MMP9;RALB;CIB1;NPM1;PPIA
prerank,GO_Biological_Process_2025__fatty-acyl-CoA Biosynthetic Process (GO:0046949),0.3776058719012992,0.8417517928380926,0.6442307692307693,1.0,1.0,4/13,8.07%,GCDH;TECR;ELOVL7;HSD17B12
prerank,GO_Biological_Process_2025__Positive Regulation of Apoptotic Process (GO:0043065),-0.2830731470490089,-0.8415806475500105,0.7808041504539559,1.0,1.0,11/137,10.15%,FOXO1;SFRP4;BCL10;STK17A;DAPK3;RASSF2;RPS6;OMA1;ACIN1;SEPTIN4;RPS3
prerank,GO_Biological_Process_2025__Acylglycerol Homeostasis (GO:0055090),0.3378958673794534,0.8411101850576567,0.6785714285714286,1.0,1.0,4/19,7.77%,LPL;APOA4;ANGPTL8;ANGPTL4
prerank,GO_Biological_Process_2025__Microtubule Anchoring (GO:0034453),-0.46254666954252144,-0.8408564696126904,0.6744186046511628,1.0,1.0,3/7,21.98%,CLASP1;GCC2;BICD2
prerank,GO_Biological_Process_2025__Regulation of Leukocyte Adhesion to Vascular Endothelial Cell (GO:1904994),-0.455959816893954,-0.84085270548802,0.6600361663652803,1.0,1.0,3/7,27.51%,ITGB2;RHOA;ZDHHC21
prerank,GO_Biological_Process_2025__Protein Catabolic Process (GO:0030163),-0.3143808656313348,-0.8397546742557344,0.732574679943101,1.0,1.0,3/58,3.25%,ELANE;PRPF19;RNF123
prerank,GO_Biological_Process_2025__Regulation of T Cell Mediated Immune Response to Tumor Cell (GO:0002840),-0.46938728020138837,-0.8396395008131194,0.6653992395437263,1.0,1.0,4/6,37.23%,PRKAA1;HMGB1;UFL1;YWHAG
prerank,GO_Biological_Process_2025__Positive Regulation of Stem Cell Proliferation (GO:2000648),-0.48224467451808606,-0.8395684092410522,0.6900175131348512,1.0,1.0,4/5,43.62%,LTBP3;HNRNPU;FERMT2;TGFB1
prerank,GO_Biological_Process_2025__Establishment of Mitotic Spindle Orientation (GO:0000132),0.374755466125135,0.8392648119467263,0.6717171717171717,1.0,1.0,5/13,25.59%,NDE1;HDAC3;MAPRE1;NSFL1C;ITGB1
prerank,GO_Biological_Process_2025__Cellular Response to Hormone Stimulus (GO:0032870),0.3465702676742929,0.839033632969355,0.6968911917098446,1.0,1.0,3/19,16.41%,SFRP1;CTSS;RAMP3
prerank,GO_Biological_Process_2025__Negative Regulation of Intrinsic Apoptotic Signaling Pathway (GO:2001243),-0.35009843456302814,-0.8386199341735379,0.7018633540372671,1.0,1.0,14/31,32.68%,EPX;CDKN2D;MMP9;BAG5;PPIA;DDX3X;SELENOS;ARHGEF2;AKT1;SYVN1;TXNDC12;PARK7;SOD2;BCL2L1
prerank,DGIdb_Drug_Targets_2024__LAMIVUDINE,0.3816008310800864,0.8386001245593057,0.6441102756892231,1.0,1.0,3/11,15.20%,DCK;HLA-B;NME1
prerank,GO_Biological_Process_2025__Positive Regulation of Organelle Assembly (GO:1902117),-0.3456978413188157,-0.8384725003221571,0.6914728682170542,1.0,1.0,12/37,26.75%,SNX4;NUP62;SDC1;SLC6A4;RALB;CCDC88A;RAB3GAP2;G3BP1;PIP4K2B;SNX30;PIP4K2C;SH3GLB1
prerank,GO_Biological_Process_2025__Cartilage Development (GO:0051216),0.35729791439535064,0.8375773564757899,0.6597402597402597,1.0,1.0,4/15,15.83%,ATP7A;GPLD1;CHI3L1;CD44
prerank,GO_Biological_Process_2025__Very-Low-Density Lipoprotein Particle Assembly (GO:0034379),0.42541604362859475,0.8374465742879066,0.6457399103139013,1.0,1.0,3/7,16.92%,DGAT1;MTTP;APOC1
prerank,GO_Biological_Process_2025__Phagocytosis (GO:0006909),0.2885284100792662,0.8374212192601233,0.7475728155339806,1.0,1.0,3/44,4.29%,JMJD6;ANXA11;C1ORF43
prerank,GO_Biological_Process_2025__Cellular Defense Response (GO:0006968),0.35034110994900314,0.836927002022479,0.6507537688442211,1.0,1.0,8/16,19.05%,FCMR;LILRB2;TCIRG1;CD5L;LY96;TYROBP;BECN1;RAB23
prerank,GO_Biological_Process_2025__Glycosaminoglycan Metabolic Process (GO:0030203),0.3693925582357421,0.836449990912627,0.6728232189973615,1.0,1.0,3/14,12.38%,IDUA;HEXB;CLN6
prerank,DGIdb_Drug_Targets_2024__NEVIRAPINE,-0.4922002596016766,-0.8363578481829524,0.6823104693140795,1.0,1.0,2/5,8.92%,APOB;ABCB1
prerank,GO_Biological_Process_2025__Adenine Nucleotide Transport (GO:0051503),-0.41770780059487655,-0.8362763041320311,0.6775300171526587,1.0,1.0,3/11,7.91%,LRRC8A;SHOC2;SLC35B3
prerank,GO_Biological_Process_2025__Peptide Catabolic Process (GO:0043171),0.3828535289680847,0.836191234824548,0.6757425742574258,1.0,1.0,4/11,16.07%,ANPEP;ENPEP;CPQ;ADAMTS13
prerank,GO_Biological_Process_2025__Vasculogenesis (GO:0001570),-0.40736238256778545,-0.835974410908817,0.6632478632478632,1.0,1.0,1/12,2.41%,RASIP1
prerank,GO_Biological_Process_2025__Positive Regulation of Leukocyte Mediated Cytotoxicity (GO:0001912),-0.3814122053341198,-0.8357844298341199,0.6964586846543002,1.0,1.0,1/18,1.79%,ITGAM
prerank,GO_Biological_Process_2025__Purine Ribonucleotide Transport (GO:0015868),-0.4264705996450474,-0.83571357893145,0.6747404844290658,1.0,1.0,3/10,7.91%,LRRC8A;SHOC2;SLC35B3
prerank,GO_Biological_Process_2025__Regulation of Synapse Assembly (GO:0051963),0.3256912834828726,0.8355385569292945,0.7082228116710876,1.0,1.0,4/23,10.80%,CYFIP2;IL1RAP;AMIGO2;LRRC4B
prerank,GO_Biological_Process_2025__Lymphocyte Mediated Immunity (GO:0002449),-0.4338189597818633,-0.8353796746647264,0.6661129568106312,1.0,1.0,1/9,5.14%,BTN3A3
prerank,DGIdb_Drug_Targets_2024__SOTRASTAURIN,-0.3409965482065722,-0.835264474179527,0.7004680187207488,1.0,1.0,12/34,24.94%,GRK5;RPS6KA3;CDK2;PKN2;AKT2;FER;PRKCI;MAP4K5;MAP2K1;RPS6KB1;STK3;PRKAA1
prerank,GO_Biological_Process_2025__Regulation of Nucleocytoplasmic Transport (GO:0046822),0.43298709336141833,0.8347059471404774,0.6372315035799523,1.0,1.0,1/6,6.81%,IFI27
prerank,DGIdb_Drug_Targets_2024__THEOPHYLLINE,-0.4890481369969791,-0.8331551255615242,0.685025817555938,1.0,1.0,1/5,12.63%,MPO
prerank,GO_Biological_Process_2025__Regulation of Protein K63-linked Ubiquitination (GO:1900044),-0.45220768144244394,-0.8329460611023468,0.6711864406779661,1.0,1.0,5/7,40.43%,UBE2V1;UBE2V2;DDX3X;RIPK2;PLAA
prerank,GO_Biological_Process_2025__Regulation of mRNA Metabolic Process (GO:1903311),0.44583801551030816,0.8319119380945876,0.6638115631691649,1.0,1.0,3/6,6.17%,DHX9;HDAC7;RBM8A
prerank,GO_Biological_Process_2025__Regulation of DNA Metabolic Process (GO:0051052),-0.35567365652487143,-0.8318761479156503,0.6953125,1.0,1.0,6/27,13.28%,NUCKS1;ACTL6A;TERF2IP;MPV17;SGF29;TOM1L1
prerank,GO_Biological_Process_2025__Positive Regulation of Cytokinesis (GO:0032467),-0.438435012044236,-0.8318080439048258,0.6678321678321678,1.0,1.0,4/8,21.79%,PKN2;SPAST;RHOA;CDC42
prerank,GO_Biological_Process_2025__Maintenance of Protein Location in Nucleus (GO:0051457),-0.4733450077708803,-0.8312504210413968,0.6654804270462633,1.0,1.0,3/5,32.17%,ARL2BP;PARK7;HNRNPU
prerank,GO_Biological_Process_2025__Positive Regulation of Catalytic Activity (GO:0043085),0.3601854311817114,0.8311707565482715,0.6536585365853659,1.0,1.0,4/15,10.29%,ATP7A;NHEJ1;PHACTR4;PLSCR1
prerank,GO_Biological_Process_2025__Microtubule Polymerization (GO:0046785),-0.38298428304652155,-0.8311354290323696,0.6933115823817292,1.0,1.0,4/19,13.37%,MAP7D3;CLASP1;RANBP9;TUBGCP4
prerank,GO_Biological_Process_2025__Activation of GTPase Activity (GO:0090630),-0.394683697717446,-0.8306763336199203,0.6890343698854338,1.0,1.0,1/14,2.22%,ARHGEF10
prerank,GO_Biological_Process_2025__Superoxide Metabolic Process (GO:0006801),0.35839147397313703,0.830354882001248,0.6619047619047619,1.0,1.0,3/15,9.43%,ATP7A;APOA4;SH3PXD2B
prerank,GO_Biological_Process_2025__B Cell Proliferation (GO:0042100),0.46030628410491115,0.8302539389180092,0.6666666666666666,1.0,1.0,5/5,54.01%,CD40LG;PTPRC;CD40;CTPS1;HSPD1
prerank,DGIdb_Drug_Targets_2024__VASOPRESSIN,-0.4617559787922353,-0.8302415932175893,0.6678141135972461,1.0,1.0,1/7,7.14%,ACE
prerank,DGIdb_Drug_Targets_2024__PODOFILOX,-0.4540518824996122,-0.8300462493417895,0.6966666666666667,1.0,1.0,1/7,11.94%,TUBB4A
prerank,GO_Biological_Process_2025__Post-Transcriptional Regulation of Gene Expression (GO:0010608),-0.3416231807178753,-0.8300273980618602,0.7157894736842105,1.0,1.0,5/32,12.57%,RPL15;MSI2;ZC3H7A;ELP2;MATR3
prerank,DGIdb_Drug_Targets_2024__CARBAMAZEPINE,0.41905442623627015,0.8292408444963929,0.6947608200455581,1.0,1.0,2/8,11.84%,GGT1;HLA-B
prerank,GO_Biological_Process_2025__Regulated Exocytosis (GO:0045055),-0.3733704834270295,-0.8291725488822859,0.6864951768488746,1.0,1.0,7/21,29.42%,ABCC4;RAB43;PPP3CB;RAB31;DNAJC5;RAB10;TMED10
prerank,GO_Biological_Process_2025__Endosome to Melanosome Transport (GO:0035646),0.4127645404209501,0.8291456129428406,0.6721311475409836,1.0,1.0,3/8,22.37%,BLOC1S5;AP3D1;RAB32
prerank,GO_Biological_Process_2025__Endosome to Pigment Granule Transport (GO:0043485),0.4127645404209501,0.8291456129428406,0.6721311475409836,1.0,1.0,3/8,22.37%,BLOC1S5;AP3D1;RAB32
prerank,GO_Biological_Process_2025__Positive Regulation of Cation Channel Activity (GO:2001259),0.43030280313915514,0.8290792880631015,0.662621359223301,1.0,1.0,2/7,10.78%,ANK3;CTSS
prerank,GO_Biological_Process_2025__Glutathione Metabolic Process (GO:0006749),-0.37545666417028334,-0.8290024433417255,0.6788553259141494,1.0,1.0,1/19,0.65%,CHAC2
prerank,GO_Biological_Process_2025__Regulation of Protein Deubiquitination (GO:0090085),-0.4841305787994875,-0.8289462593444976,0.6809269162210339,1.0,1.0,1/5,2.20%,OTUD4
prerank,GO_Biological_Process_2025__Secondary Alcohol Metabolic Process (GO:1902652),0.33115055978960606,0.8284246764941375,0.6928571428571428,1.0,1.0,4/23,12.38%,TSKU;APOA4;LCAT;CLN6
prerank,GO_Biological_Process_2025__Positive Regulation of mRNA Catabolic Process (GO:0061014),-0.36818379557156466,-0.8282139522077768,0.6915422885572139,1.0,1.0,2/22,3.29%,DHX36;TNRC6B
prerank,GO_Biological_Process_2025__Negative Regulation of Myeloid Leukocyte Differentiation (GO:0002762),0.3859263650585375,0.8279806006117723,0.655860349127182,1.0,1.0,1/10,1.44%,PTPN2
prerank,GO_Biological_Process_2025__Negative Regulation of Binding (GO:0051100),0.33209868944699195,0.8276071014833208,0.7002457002457002,1.0,1.0,4/21,8.49%,TMC8;IFIT1;CFHR2;GEMIN2
prerank,GO_Biological_Process_2025__Positive Regulation of Smooth Muscle Cell Migration (GO:0014911),-0.41863469693021416,-0.827373192992063,0.6835016835016835,1.0,1.0,4/11,19.59%,AIF1;S100A11;IGFBP5;DOCK5
prerank,DGIdb_Drug_Targets_2024__GEMCITABINE,-0.3494446599698126,-0.8271392192471558,0.7267080745341615,1.0,1.0,5/29,11.59%,SMAD4;FGFR3;FHL2;XRCC1;ACSS2
prerank,GO_Biological_Process_2025__Regulation of Cell Adhesion Mediated by Integrin (GO:0033628),-0.3758824364372494,-0.827117521874552,0.6955128205128205,1.0,1.0,6/20,25.80%,MUC1;ADAM9;CCL21;CIB1;JAM3;SYK
prerank,GO_Biological_Process_2025__tRNA Aminoacylation (GO:0043039),-0.37230075036584065,-0.8268241986017777,0.6933115823817292,1.0,1.0,4/21,11.01%,MARS2;QRSL1;FARS2;RARS2
prerank,Reactome_Pathways_2024__Activation of ATR in Response to Replication Stress,-0.4744460268246977,-0.8268045207387282,0.6696914700544465,1.0,1.0,1/5,7.77%,CDK2
prerank,GO_Biological_Process_2025__Response to Lipopolysaccharide (GO:0032496),-0.3066397826409588,-0.8267243430338556,0.7503486750348675,1.0,1.0,21/64,20.23%,BCL10;SELE;S100A14;HMGB2;RPS6KA3;OTUD5;LBP;S100A8;PDCD4;TNIP2;ADAM9;IRAK3;VIM;PF4V1;F2R;FER;MMP9;MYD88;SELENOP;RHOA;NDUFA2
prerank,DGIdb_Drug_Targets_2024__EPTIFIBATIDE,-0.48690107222636014,-0.8263726659576964,0.6954954954954955,1.0,1.0,1/5,19.31%,FGB
prerank,GO_Biological_Process_2025__Glucosamine-Containing Compound Metabolic Process (GO:1901071),0.4204974749619972,0.8251386306384767,0.6301369863013698,1.0,1.0,2/7,9.00%,PGM3;OGA
prerank,GO_Biological_Process_2025__Regulation of Activated T Cell Proliferation (GO:0046006),0.3471508470641438,0.8248051917968452,0.7042606516290727,1.0,1.0,9/17,27.86%,FADD;IGF1;PDCD1LG2;RIPK3;IL18;IGFBP2;PRKAR1A;TMIGD2;PPP3CA
prerank,GO_Biological_Process_2025__N-terminal Protein Amino Acid Acetylation (GO:0006474),0.4580148480775043,0.824661454529418,0.6778042959427207,1.0,1.0,1/5,1.85%,NAA10
prerank,GO_Biological_Process_2025__Calcium Ion Transmembrane Transport (GO:0070588),-0.3582830335115507,-0.8242754138962382,0.7313664596273292,1.0,1.0,14/26,30.74%,MCUR1;LETM1;ATP2B4;TRPC6;TMCO1;SMDT1;ORAI1;MICU2;MICU1;TRPM4;TMEM165;TRPV2;MCU;PRKD2
prerank,GO_Biological_Process_2025__Cellular Response to Radiation (GO:0071478),0.4495213657694136,0.8242228187731719,0.6606741573033708,1.0,1.0,2/6,27.45%,BRCC3;TANK
prerank,GO_Biological_Process_2025__Regulation of Cell-Cell Adhesion Involved in Gastrulation (GO:0070587),-0.4754281076568032,-0.8241016222710434,0.6954225352112676,1.0,1.0,1/5,6.12%,MAP2K5
prerank,GO_Biological_Process_2025__Negative Regulation of Heterotypic Cell-Cell Adhesion (GO:0034115),-0.4754281076568032,-0.8241016222710434,0.6954225352112676,1.0,1.0,1/5,6.12%,MAP2K5
prerank,GO_Biological_Process_2025__Lipid Modification (GO:0030258),-0.37980317890512505,-0.8238206663446926,0.6867671691792295,1.0,1.0,5/16,17.24%,DGKQ;GBA2;EPHX2;PLPP6;DGKA
prerank,GO_Biological_Process_2025__Myoblast Differentiation (GO:0045445),0.44673695893993026,0.8236655565471775,0.6462882096069869,1.0,1.0,4/5,29.92%,IGF1;JAG1;ITGB1;NOTCH1
prerank,GO_Biological_Process_2025__Regulation of Release of Cytochrome C From Mitochondria (GO:0090199),0.33803107963300166,0.8234914190666152,0.6919060052219321,1.0,1.0,4/19,10.76%,NOL3;GHITM;IGF1;IFI6
prerank,GO_Biological_Process_2025__Regulation of Vasculogenesis (GO:2001212),-0.4613250894570757,-0.8234458962257366,0.6831345826235093,1.0,1.0,4/6,38.13%,RRAS;RTN4;HIF1AN;RAP1A
prerank,GO_Biological_Process_2025__Central Nervous System Neuron Differentiation (GO:0021953),-0.4117417466096762,-0.8233990906421702,0.676056338028169,1.0,1.0,5/12,20.65%,GBA2;SPOCK1;OPHN1;NTRK2;CTNNB1
prerank,GO_Biological_Process_2025__Regulation of ERBB Signaling Pathway (GO:1901184),0.4182663340802303,0.8230200125402061,0.6741071428571429,1.0,1.0,3/7,21.26%,IFI6;RHBDF2;PTPN12
prerank,GO_Biological_Process_2025__Negative Regulation of Ossification (GO:0030279),0.38257227565738544,0.8226177356128734,0.6706443914081146,1.0,1.0,3/10,14.86%,SFRP1;SMAD2;AHSG
prerank,GO_Biological_Process_2025__Regulation of Protein Targeting to Membrane (GO:0090313),-0.39649876716074717,-0.822333075932554,0.692429022082019,1.0,1.0,5/15,21.32%,ITGAM;ITGB2;TCAF1;GDI1;CIB1
prerank,GO_Biological_Process_2025__Regulation of Tissue Remodeling (GO:0034103),-0.4319103866362535,-0.822246794460333,0.6818181818181818,1.0,1.0,2/9,18.29%,CST3;LEPROT
prerank,GO_Biological_Process_2025__Vacuole Fusion (GO:0097576),0.410686498383099,0.8222273022079538,0.6643192488262911,1.0,1.0,1/8,5.94%,CHMP1B
prerank,GO_Biological_Process_2025__Negative Regulation of Organelle Assembly (GO:1902116),-0.39003396770024473,-0.8220261147147453,0.696113074204947,1.0,1.0,2/14,9.44%,SMAD4;USP32
prerank,GO_Biological_Process_2025__Regulation of Peptidyl-Threonine Phosphorylation (GO:0010799),-0.3908895189610132,-0.8217976465826877,0.6921824104234527,1.0,1.0,4/14,19.13%,DGKQ;SPHK1;UBE2K;RPTOR
prerank,GO_Biological_Process_2025__Negative Regulation of Coagulation (GO:0050819),0.3764151431304098,0.8211191569660329,0.6801007556675063,1.0,1.0,9/11,38.76%,APOH;APOE;KNG1;SERPINE1;PF4;PROC;VTN;PROCR;TFPI
prerank,GO_Biological_Process_2025__Negative Regulation of Signaling Receptor Activity (GO:2000272),0.4442803367899463,0.8209649581186016,0.6728110599078341,1.0,1.0,3/6,29.14%,SNX6;RAMP3;CNRIP1
prerank,GO_Biological_Process_2025__Negative Regulation of Toll-Like Receptor 4 Signaling Pathway (GO:0034144),-0.46358109797974023,-0.8199952288758207,0.6924528301886792,1.0,1.0,1/6,5.43%,LILRA2
prerank,GO_Biological_Process_2025__Long-Chain Fatty Acid Metabolic Process (GO:0001676),0.30907181082890867,0.8190017936752135,0.7384196185286104,1.0,1.0,1/27,0.25%,EPHX1
prerank,DGIdb_Drug_Targets_2024__FLUOXETINE,0.43362464199264666,0.8188558445243382,0.6748166259168704,1.0,1.0,1/6,2.74%,ATXN2
prerank,GO_Biological_Process_2025__Stem Cell Differentiation (GO:0048863),-0.42005470817561597,-0.8188386669912008,0.6923076923076923,1.0,1.0,2/10,8.20%,FGFR2;OTUD5
prerank,DGIdb_Drug_Targets_2024__PRAVASTATIN,0.3770538375630203,0.8184280015537935,0.679814385150812,1.0,1.0,5/12,15.39%,LPL;MMP2;MTTP;MMP3;LDLR
prerank,GO_Biological_Process_2025__Negative Regulation of Potassium Ion Transport (GO:0043267),-0.47096387231004966,-0.8181672166706236,0.7050359712230215,1.0,1.0,2/5,29.55%,NEDD4L;STK39
prerank,GO_Biological_Process_2025__Immunoglobulin Mediated Immune Response (GO:0016064),0.4429749215743416,0.8180674136204198,0.672686230248307,1.0,1.0,3/6,18.80%,FCMR;IGLL5;FCER1G
prerank,GO_Biological_Process_2025__Positive Regulation of Receptor Catabolic Process (GO:2000646),0.4492410146836136,0.818046858062811,0.6445916114790287,1.0,1.0,3/5,26.45%,DTX3L;APOE;PTPN1
prerank,GO_Biological_Process_2025__Lipid Catabolic Process (GO:0016042),0.31534710616615425,0.8175293388573789,0.7551546391752577,1.0,1.0,5/23,12.66%,NUDT19;LIPE;APOA4;LPIN2;ENPP2
prerank,GO_Biological_Process_2025__Transcription by RNA Polymerase II (GO:0006366),-0.3565322974653373,-0.8174363898794773,0.7187017001545595,1.0,1.0,4/24,11.78%,NFX1;RPRD1B;ELP2;PAAF1
prerank,GO_Biological_Process_2025__Cellular Response to Nitrogen Compound (GO:1901699),-0.2983968728112099,-0.8173742016467027,0.7706043956043956,1.0,1.0,13/68,15.63%,PRMT1;CRTC3;AKAP9;AKAP7;ATP2B4;JUP;GOLPH3;EZR;CRTC1;PDXP;MAT2A;VIM;IGFBP5
prerank,GO_Biological_Process_2025__Regulation of Chemokine (C-X-C Motif) Ligand 2 Production (GO:2000341),0.4306064436397825,0.8172204686386976,0.6477272727272727,1.0,1.0,2/6,11.29%,LPL;OAS3
prerank,GO_Biological_Process_2025__Protein Localization to Nucleus (GO:0034504),-0.30970723438855174,-0.816972928833919,0.7892561983471075,1.0,1.0,11/59,15.92%,IPO13;RANBP6;NUP62;TOR1AIP1;LMNB2;IPO4;RPL11;APPL1;IPO9;KPNA4;HIKESHI
prerank,GO_Biological_Process_2025__Negative Regulation of Protein Localization (GO:1903828),0.3124106531055474,0.8167085367186933,0.7319034852546917,1.0,1.0,2/26,4.61%,MTOR;LATS1
prerank,GO_Biological_Process_2025__Regulation of Cell Migration (GO:0030334),-0.266453690520033,-0.8164317504701618,0.8534798534798534,1.0,1.0,36/209,18.08%,GLUL;AFDN;SCAI;RBBP7;CXCR4;ANXA1;TPM1;THY1;SEMA3B;ACE;DUSP3;CCL18;RIPOR1;AIF1;AKT2;SORL1;S100A9;SPHK1;MCTP1;APPL1;RCC2;ADAM9;MEAK7;SERPINB1;MIA3;SEMA3F;PTEN;RDX;IGFBP5;F2R;FER;CCL21;CLIC4;UBE2I;RHOC;OGT
prerank,GO_Biological_Process_2025__Glycerophospholipid Catabolic Process (GO:0046475),-0.3956724041842649,-0.8163016742517655,0.7010135135135135,1.0,1.0,2/14,6.10%,PNPLA8;GDPD1
prerank,GO_Biological_Process_2025__T Cell Mediated Immunity (GO:0002456),-0.4085073320793636,-0.8162523177706202,0.6753022452504318,1.0,1.0,1/11,5.14%,BTN3A3
prerank,GO_Biological_Process_2025__Negative Regulation of Epithelial Cell Proliferation (GO:0050680),0.3087045718720933,0.8159405388524402,0.7214484679665738,1.0,1.0,7/28,15.49%,PTPRM;SFRP1;EPPK1;TGFBR3;STAT1;APOH;HPN
prerank,DGIdb_Drug_Targets_2024__PLATINUM,0.3930294831179788,0.8158111673492435,0.6658767772511849,1.0,1.0,4/8,17.66%,ATP7A;SLC2A1;STMN1;RICTOR
prerank,GO_Biological_Process_2025__Response to Unfolded Protein (GO:0006986),-0.3486786143554433,-0.8153140863056585,0.7181102362204724,1.0,1.0,15/28,39.85%,DNAJB4;DNAJB1;DERL1;BAK1;TOR1B;HSPA4L;HSP90AB1;SERPINH1;HSP90AA1;HSPA1L;TMBIM6;DNAJA1;HSPA8;TRAM1;HSPH1
prerank,GO_Biological_Process_2025__Vascular Endothelial Growth Factor Signaling Pathway (GO:0038084),0.43063380281690133,0.8148119300840744,0.667420814479638,1.0,1.0,6/6,56.98%,MYO1E;VEGFC;PIK3CA;FLT4;NRP1;RELA
prerank,GO_Biological_Process_2025__Positive Regulation of Cation Transmembrane Transport (GO:1904064),0.4514858793771853,0.8144550345770174,0.6666666666666666,1.0,1.0,2/5,10.78%,ANK3;CTSS
prerank,GO_Biological_Process_2025__Positive Regulation of Myoblast Differentiation (GO:0045663),-0.4507954045517863,-0.8140714654551876,0.7165492957746479,1.0,1.0,1/7,1.85%,LRRC8A
prerank,GO_Biological_Process_2025__MAPK Cascade (GO:0000165),0.2711863062146042,0.8136347140021826,0.7993920972644377,1.0,1.0,5/53,8.05%,PTGER4;BRAF;TAOK2;STUB1;ARHGEF6
prerank,GO_Biological_Process_2025__Positive Regulation of Cilium Assembly (GO:0045724),0.3721932771193193,0.8136282045843489,0.684331797235023,1.0,1.0,3/11,13.37%,SEPTIN9;CEP135;RAB3IP
prerank,GO_Biological_Process_2025__L-leucine Metabolic Process (GO:0006551),-0.48009351838404885,-0.8133975837862061,0.7145454545454546,1.0,1.0,1/5,14.12%,BCAT2
prerank,GO_Biological_Process_2025__Detection of Mechanical Stimulus (GO:0050982),-0.4273048181762515,-0.8133260976396757,0.698961937716263,1.0,1.0,3/8,20.74%,JUP;CTNNB1;PIEZO1
prerank,GO_Biological_Process_2025__Secretion (GO:0046903),-0.4530263283933347,-0.8133007286640873,0.6923076923076923,1.0,1.0,3/6,27.77%,PRKCI;UNC13D;TPD52
prerank,GO_Biological_Process_2025__Regulation of Cellular Respiration (GO:0043457),-0.44672420126467705,-0.8126376604066434,0.6945898778359512,1.0,1.0,2/7,14.46%,IDE;IL10RB
prerank,GO_Biological_Process_2025__Phosphatidylinositol Dephosphorylation (GO:0046856),-0.3869706831469322,-0.8121838538431451,0.7087542087542088,1.0,1.0,7/15,29.04%,MTMR6;MTMR9;PTEN;MTMR2;INPP5F;SACM1L;MTM1
prerank,GO_Biological_Process_2025__Negative Regulation of Alcohol Biosynthetic Process (GO:1902931),0.418304486672226,0.8120491429465643,0.6702819956616052,1.0,1.0,1/6,10.15%,BMP5
prerank,GO_Biological_Process_2025__Positive Regulation of Response to Endoplasmic Reticulum Stress (GO:1905898),0.3614426702486581,0.812006165214745,0.6825396825396826,1.0,1.0,4/12,19.84%,STUB1;ATXN3;SGTA;UBQLN1
prerank,GO_Biological_Process_2025__Negative Regulation of Cell Cycle Process (GO:0010948),-0.4575970649890815,-0.811835251642172,0.7069271758436945,1.0,1.0,4/6,31.23%,TOM1L1;ZFYVE19;CHMP2A;VPS4A
prerank,GO_Biological_Process_2025__Regulation of Ryanodine-Sensitive Calcium-Release Channel Activity (GO:0060314),-0.4596731571563227,-0.8106051927155911,0.7186897880539499,1.0,1.0,3/6,26.50%,FKBP1A;GSTM2;SRI
prerank,GO_Biological_Process_2025__Heterotypic Cell-Cell Adhesion (GO:0034113),-0.3812142252326509,-0.8103448125820082,0.722495894909688,1.0,1.0,3/17,9.23%,THY1;JUP;ITGB2
prerank,GO_Biological_Process_2025__Positive Regulation of Response to Stimulus (GO:0048584),0.3175302986245266,0.8103223715899234,0.734375,1.0,1.0,2/23,4.40%,DHX9;ADIPOQ
prerank,GO_Biological_Process_2025__Regulation of DNA Replication (GO:0006275),0.3540850805794199,0.810089385222153,0.7128712871287128,1.0,1.0,2/12,5.49%,DHX9;SMC3
prerank,GO_Biological_Process_2025__Protein Stabilization (GO:0050821),0.23620920503409165,0.8098414491411847,0.8853754940711462,1.0,1.0,15/116,9.78%,MTOR;COG3;CDC37L1;TMC8;BAG1;GRN;PDCL3;HIP1;USP19;STUB1;AFM;GAPDH;CAMLG;IGF1;BAG3
prerank,GO_Biological_Process_2025__Regulation of Anatomical Structure Morphogenesis (GO:0022603),0.2802221158905143,0.8097276222329854,0.7667638483965015,1.0,1.0,2/47,2.46%,ARHGAP35;SFRP1
prerank,DGIdb_Drug_Targets_2024__METFORMIN,0.34249300074321776,0.809634717336933,0.7108753315649867,1.0,1.0,3/16,8.37%,MTOR;STK11;PRKAB2
prerank,GO_Biological_Process_2025__Positive Regulation of Protein Localization to Cell Surface (GO:2000010),-0.4556523132403739,-0.8091403439931032,0.7105751391465677,1.0,1.0,5/6,36.02%,GPD1L;METAP1;HSP90AB1;TM9SF4;STX4
prerank,GO_Biological_Process_2025__tRNA Threonylcarbamoyladenosine Metabolic Process (GO:0070525),-0.45625477633078604,-0.8088855555564008,0.6918918918918919,1.0,1.0,1/5,6.52%,GON7
prerank,GO_Biological_Process_2025__Nucleotide-Sugar Biosynthetic Process (GO:0009226),-0.3876552476026769,-0.80880019904229,0.7176470588235294,1.0,1.0,3/14,10.90%,FCSK;UGDH;NAGK
prerank,Reactome_Pathways_2024__Aberrant Regulation of Mitotic Cell Cycle Due to RB1 Defects,0.35300899102126776,0.8087239859593447,0.713216957605985,1.0,1.0,2/14,3.08%,CDC27;ANAPC7
prerank,GO_Biological_Process_2025__Regulation of Spindle Assembly (GO:0090169),0.3507874428410719,0.8086264505634463,0.7090909090909091,1.0,1.0,5/15,22.27%,CHMP1B;RIPOR2;VTA1;CHMP1A;CHMP2B
prerank,GO_Biological_Process_2025__Positive Regulation of Macrophage Differentiation (GO:0045651),0.4061102182084378,0.8073321506806165,0.6636568848758465,1.0,1.0,4/7,31.92%,FADD;RIPK1;PF4;CASP8
prerank,GO_Biological_Process_2025__Membrane Organization (GO:0061024),-0.2782651571153191,-0.807182076559284,0.8236074270557029,1.0,1.0,17/116,15.58%,GLTPD2;MITD1;NPC1;RABIF;EXOC6B;SAR1B;TOR1AIP1;GCA;PIK3C2A;LMNB2;SNX3;REEP4;SPAST;ZFYVE19;VPS4B;GLTP;OSBPL2
prerank,GO_Biological_Process_2025__Establishment of Protein Localization to Mitochondrion (GO:0072655),-0.33829827156558046,-0.8070423668352387,0.7385103011093502,1.0,1.0,17/26,40.94%,TOMM40L;TIMM21;TOMM22;FIS1;MFN2;BCAP31;TIMM44;AKT1;RALA;TIMM13;TOMM34;TIMM10;CHCHD4;GDAP1;TIMM50;TOMM40;TIMM9
prerank,GO_Biological_Process_2025__Osteoclast Differentiation (GO:0030316),0.40066959816201636,0.8069166751369382,0.6915422885572139,1.0,1.0,4/8,24.32%,SLC4A2;TREM2;TYROBP;ATP6AP1
prerank,GO_Biological_Process_2025__Positive Regulation of Protein Targeting to Membrane (GO:0090314),-0.40501864047085956,-0.8066613004296026,0.7133757961783439,1.0,1.0,2/12,9.23%,ITGAM;ITGB2
prerank,GO_Biological_Process_2025__Calcineurin-Mediated Signaling (GO:0097720),0.39032300713211276,0.8065106383961936,0.6951754385964912,1.0,1.0,2/8,12.17%,PPP3CC;NFATC1
prerank,GO_Biological_Process_2025__calcineurin-NFAT Signaling Cascade (GO:0033173),0.39032300713211276,0.8065106383961936,0.6951754385964912,1.0,1.0,2/8,12.17%,PPP3CC;NFATC1
prerank,GO_Biological_Process_2025__Stress-Activated Protein Kinase Signaling Cascade (GO:0031098),0.3917399009463862,0.8063419256507639,0.7,1.0,1.0,1/9,2.90%,TAOK2
prerank,GO_Biological_Process_2025__Ubiquitin-Dependent Protein Catabolic Process (GO:0006511),-0.2636705034686839,-0.8062874911162157,0.8574850299401198,1.0,1.0,45/194,25.24%,BIRC2;UBR3;ANKIB1;RNF123;KLHL42;UBQLN4;FBXO9;CUL1;UBE2R2;ZSWIM8;WDR81;MIB1;NHLRC3;PPP2R5C;LRRC75A;UBQLN2;UBE4B;NEDD4L;KCTD10;TOM1L1;TRIM3;VPS4B;FBXO45;FBXO4;NEDD8;UBE2K;OS9;UBE2I;SH3BGRL;KCMF1;PCNP;PSMB2;SHARPIN;CTNNB1;RNF13;GID8;UBA1;UBXN7;UBE2L3;RAD23B;UBE3B;IVNS1ABP;PSMB10;PPP1R11;ARMC8
prerank,GO_Biological_Process_2025__Positive Regulation of Growth (GO:0045927),0.2889299502033907,0.8062109952838648,0.7941176470588235,1.0,1.0,4/40,3.13%,MTOR;SFRP1;RFTN1;PLCB1
prerank,GO_Biological_Process_2025__Cholesterol Transport (GO:0030301),0.300028775604858,0.8060761962500095,0.7574123989218329,1.0,1.0,15/31,25.45%,TSKU;APOA4;NPC2;LCAT;CD36;LDLR;ABCA7;APOC1;APOA1;STX12;APOA2;CETP;CES1;APOE;APOC3
prerank,GO_Biological_Process_2025__Bone Development (GO:0060348),-0.3516964122513316,-0.8059949400475486,0.7084639498432602,1.0,1.0,3/22,4.61%,SFRP4;FGFR2;FGFR3
prerank,"GO_Biological_Process_2025__Retrograde Transport, Vesicle Recycling Within Golgi (GO:0000301)",0.4087761859255797,0.8056049547035984,0.7087155963302753,1.0,1.0,1/7,1.86%,COG3
prerank,GO_Biological_Process_2025__+ Reg of Insulin Secretion Inv in Cellular Resp to Glucose Stimulus (GO:0035774),0.4427559151785569,0.8052365373669247,0.7133182844243793,1.0,1.0,1/5,4.56%,GPLD1
prerank,DGIdb_Drug_Targets_2024__FLUDARABINE,-0.4299770977504964,-0.8045417520303522,0.6994818652849741,1.0,1.0,3/8,16.39%,XIAP;MPO;SMAD3
prerank,GO_Biological_Process_2025__Regulation of Stress Fiber Assembly (GO:0051492),-0.3133071013626216,-0.8045047753508299,0.7429906542056075,1.0,1.0,5/44,7.81%,ARHGEF10;CLASP1;TPM1;PPFIA1;PKN2
prerank,GO_Biological_Process_2025__Response to Hexose (GO:0009746),-0.3752543383799357,-0.8042846106155905,0.7356143079315708,1.0,1.0,8/17,25.15%,IRS2;EIF2B5;EIF2B1;MAP4K5;EIF2B2;EIF2B3;PFKL;SELENOS
prerank,GO_Biological_Process_2025__Regulation of Multicellular Organismal Development (GO:2000026),-0.39579641300198976,-0.8041960624141226,0.7110332749562172,1.0,1.0,2/12,11.82%,DHX36;SGF29
prerank,GO_Biological_Process_2025__Lamellipodium Organization (GO:0097581),-0.3595964877433247,-0.8039211336073551,0.7145110410094637,1.0,1.0,2/21,9.36%,ARFIP2;GOLPH3
prerank,GO_Biological_Process_2025__Lipid Droplet Organization (GO:0034389),-0.37252803938636825,-0.8036734988228762,0.7104377104377104,1.0,1.0,4/17,24.94%,PPID;SQLE;PPIA;PRKAA1
prerank,GO_Biological_Process_2025__Proteasome-Mediated Ubiquitin-Dependent Protein Catabolic Process (GO:0043161),-0.27119853789573645,-0.8036650071803495,0.8175092478421702,1.0,1.0,39/140,27.68%,BIRC2;UBR3;DMAC2;KLHL42;FBXO9;CUL1;ZSWIM8;LTN1;NHLRC3;ZNF598;PPP2R5C;LRRC75A;UBE4B;NEDD4L;KCTD10;TRIM3;FBXO45;FBXO4;ANAPC1;SH3BGRL;ANAPC10;KCMF1;PCNP;PSMB2;SHARPIN;CTNNB1;GID8;UBXN7;RAD23B;NEMF;IVNS1ABP;PSMB10;ANAPC2;ARMC8;ASCC2;GAN;SYVN1;CUL5;ANAPC4
prerank,"GO_Biological_Process_2025__Regulation of Nuclear-Transcribed mRNA Catabolic Process, Deadenylation-Dependent Decay (GO:1900151)",-0.39604705363794634,-0.8035238623853329,0.7159863945578231,1.0,1.0,3/12,8.99%,DHX36;TNRC6B;HNRNPD
prerank,DGIdb_Drug_Targets_2024__DABRAFENIB,0.36593218849182807,0.8032460840945893,0.7097560975609756,1.0,1.0,1/13,2.55%,BRAF
prerank,DGIdb_Drug_Targets_2024__IUPHAR.LIGAND:52,0.42295427360744803,0.8031656272796017,0.682648401826484,1.0,1.0,3/6,25.29%,A2M;ALDH1A1;A1BG
prerank,GO_Biological_Process_2025__Negative Regulation of Alpha-Beta T Cell Activation (GO:0046636),0.4272135187466995,0.8028848188620132,0.6659090909090909,1.0,1.0,5/5,57.32%,TWSG1;LILRB1;VSIR;LGALS3;IHH
prerank,GO_Biological_Process_2025__Regulation of Kinase Activity (GO:0043549),0.3872585340113869,0.8027836530492556,0.6947115384615384,1.0,1.0,3/9,11.17%,ZNF622;SMG8;NLRC5
prerank,GO_Biological_Process_2025__Regulation of Synaptic Vesicle Exocytosis (GO:2000300),-0.42787232592071783,-0.8026392378460858,0.7317487266553481,1.0,1.0,3/8,39.27%,RAB5A;RAP1A;PREPL
prerank,DGIdb_Drug_Targets_2024__REGORAFENIB,-0.3648659751731955,-0.802527164447186,0.7390599675850892,1.0,1.0,2/19,4.61%,FGFR2;FGFR3
prerank,GO_Biological_Process_2025__Positive Regulation of ATP-dependent Activity (GO:0032781),0.3383365191750063,0.8021638389603036,0.6846153846153846,1.0,1.0,3/16,10.29%,ALDOB;MYL4;PLSCR1
prerank,GO_Biological_Process_2025__Integrin-Mediated Signaling Pathway (GO:0007229),-0.2933049897538354,-0.8020357709655294,0.757532281205165,1.0,1.0,6/62,13.00%,HCK;ITGAM;THY1;ITGB2;RCC2;ADAM9
prerank,GO_Biological_Process_2025__Positive Regulation of Microtubule Polymerization (GO:0031116),-0.39162940371791033,-0.8018855072632886,0.7105691056910569,1.0,1.0,3/14,17.38%,CLASP1;RPS3;FES
prerank,"GO_Biological_Process_2025__Nuclear-Transcribed mRNA Catabolic Process, Nonsense-Mediated Decay (GO:0000184)",0.36108282922575685,0.8015502690667813,0.7157360406091371,1.0,1.0,5/14,14.97%,SMG8;SMG9;RBM8A;UPF3A;SMG7
prerank,GO_Biological_Process_2025__Negative Regulation of GTPase Activity (GO:0034260),-0.43279796212431537,-0.8013983580305318,0.718213058419244,1.0,1.0,3/8,26.45%,RCC2;RDX;TMED2
prerank,GO_Biological_Process_2025__Positive Regulation of Macroautophagy (GO:0016239),0.27259203957822575,0.8012525273961181,0.7792642140468228,1.0,1.0,4/47,9.78%,VPS13D;TSC2;STUB1;BAG3
prerank,GO_Biological_Process_2025__Protein Autoubiquitination (GO:0051865),0.34025255363829743,0.8012505658493344,0.7263922518159807,1.0,1.0,6/15,17.06%,RNF146;STUB1;DTX3L;TRIM13;RNF11;RNF213
prerank,GO_Biological_Process_2025__Positive Regulation of Metabolic Process (GO:0009893),0.27035362777609634,0.800193796571634,0.7714285714285715,1.0,1.0,12/52,16.39%,ADIPOR1;ACHE;ADIPOQ;JCHAIN;DBH;PRKAB2;GHITM;HDAC3;CD36;LDLR;CNOT3;PDGFB
prerank,GO_Biological_Process_2025__Regulation of Non-Canonical NF-kappaB Signal Transduction (GO:1901222),-0.326028318297107,-0.8001698589694515,0.7598187311178247,1.0,1.0,8/33,12.19%,NMI;TERF2IP;RASSF2;RPS3;EZR;SPHK1;TRIM40;PDCD4
prerank,GO_Biological_Process_2025__Regulation of Dephosphorylation (GO:0035303),0.37540597181124924,0.8001223045562452,0.7175925925925926,1.0,1.0,4/10,25.89%,MTMR3;SMG7;SMG5;MTMR1
prerank,GO_Biological_Process_2025__Positive Regulation of Vascular Endothelial Growth Factor Receptor Signaling Pathway (GO:0030949),-0.44566898991908577,-0.8000806234993328,0.7104795737122558,1.0,1.0,3/6,30.74%,MIA3;PRKCB;PRKD2
prerank,GO_Biological_Process_2025__Neuron Development (GO:0048666),-0.2885964929207301,-0.7997678388210928,0.7871759890859482,1.0,1.0,18/74,24.20%,PRMT1;UGDH;GBA2;VPS13B;TDP2;NEDD4L;OPHN1;NTRK2;FRYL;BLOC1S6;FRY;CAMSAP1;BLOC1S4;RAB11A;RAB6A;TBC1D23;UNK;ARL3
prerank,GO_Biological_Process_2025__Negative Regulation of Leukocyte Apoptotic Process (GO:2000107),-0.45542820417151486,-0.7996742169593779,0.7063758389261745,1.0,1.0,2/5,25.15%,CCL21;SELENOS
prerank,GO_Biological_Process_2025__Plasminogen Activation (GO:0031639),0.43411870787356915,0.7993796307643909,0.7052154195011338,1.0,1.0,1/5,8.48%,KLKB1
prerank,GO_Biological_Process_2025__Regulation of Cell Division (GO:0051302),0.3123500532325496,0.7991686244282168,0.7217391304347827,1.0,1.0,1/25,0.21%,TXNIP
prerank,GO_Biological_Process_2025__Mitochondrial RNA Processing (GO:0000963),-0.45018852140417775,-0.7991012659618891,0.7107583774250441,1.0,1.0,3/6,19.01%,SUPV3L1;TBRG4;FASTKD5
prerank,GO_Biological_Process_2025__Tubulin Complex Assembly (GO:0007021),0.4240985834250603,0.7987683551340935,0.6954545454545454,1.0,1.0,3/6,17.99%,TBCC;TBCD;VBP1
prerank,GO_Biological_Process_2025__RNA Biosynthetic Process (GO:0032774),0.29796415566675316,0.7986974815001984,0.7730061349693251,1.0,1.0,6/32,11.92%,HELB;EXOSC8;HNRNPH1;HNRNPH3;PRMT5;SMAD2
prerank,GO_Biological_Process_2025__Establishment of Melanosome Localization (GO:0032401),-0.41647422658779953,-0.7984378412399543,0.6876061120543294,1.0,1.0,4/8,23.25%,RAB43;RAB27A;BLOC1S6;RAB11A
prerank,GO_Biological_Process_2025__Pigment Granule Transport (GO:0051904),-0.41647422658779953,-0.7984378412399543,0.6876061120543294,1.0,1.0,4/8,23.25%,RAB43;RAB27A;BLOC1S6;RAB11A
prerank,GO_Biological_Process_2025__Melanosome Transport (GO:0032402),-0.41647422658779953,-0.7984378412399543,0.6876061120543294,1.0,1.0,4/8,23.25%,RAB43;RAB27A;BLOC1S6;RAB11A
prerank,GO_Biological_Process_2025__Regulation of Neurogenesis (GO:0050767),-0.3669989404617254,-0.7977351636596041,0.7314662273476112,1.0,1.0,5/19,22.85%,HMGB2;SORL1;FXR1;CTNNB1;DYNLT1
prerank,GO_Biological_Process_2025__mRNA Destabilization (GO:0061157),0.3282473422163065,0.7976187840672376,0.7397959183673469,1.0,1.0,8/20,19.29%,GIGYF2;CNOT7;TUT7;MOV10;CNOT1;RIDA;FTO;DCPS
prerank,GO_Biological_Process_2025__Negative Regulation of Interleukin-10 Production (GO:0032693),0.40269333439944893,0.7973548426242235,0.6940639269406392,1.0,1.0,2/7,17.20%,PDCD1LG2;TYROBP
prerank,GO_Biological_Process_2025__Embryonic Organ Morphogenesis (GO:0048562),-0.4205904160436544,-0.7971860917605719,0.7186379928315412,1.0,1.0,2/9,5.84%,FGFR2;MFAP2
prerank,DGIdb_Drug_Targets_2024__CLOZAPINE,0.3266612778143802,0.7970262345175205,0.7617801047120419,1.0,1.0,5/20,12.84%,GSTT1;PRKAB2;HLA-DPB1;HLA-B;DTNBP1
prerank,GO_Biological_Process_2025__Phagolysosome Assembly (GO:0001845),0.38905512733325703,0.7968263749342908,0.7169373549883991,1.0,1.0,3/9,13.14%,SRPX;VPS33B;VIPAS39
prerank,GO_Biological_Process_2025__Cellular Response to Decreased Oxygen Levels (GO:0036294),0.31092026240851267,0.7967437043087547,0.7472222222222222,1.0,1.0,3/26,7.32%,MTOR;SFRP1;ADO
prerank,DGIdb_Drug_Targets_2024__MOTESANIB,0.40858530460580317,0.7961258448321384,0.7013888888888888,1.0,1.0,4/6,35.16%,KIT;YES1;PDGFRA;PDGFRB
prerank,GO_Biological_Process_2025__Negative Regulation of Cytoplasmic Pattern Recognition Receptor Signaling Pathway (GO:0039532),-0.3638319668182983,-0.7951324462838264,0.7126623376623377,1.0,1.0,1/17,1.78%,PRKDC
prerank,DGIdb_Drug_Targets_2024__GSK2126458,0.3498582808623658,0.7949230955379687,0.7246753246753247,1.0,1.0,4/15,16.11%,BRAF;PIK3R6;AKT3;PIK3R4
prerank,GO_Biological_Process_2025__Double-Strand Break Repair via Homologous Recombination (GO:0000724),-0.3850945851505809,-0.7947613114402339,0.715008431703204,1.0,1.0,2/13,10.52%,NUCKS1;RAD50
prerank,GO_Biological_Process_2025__Calcium Ion Transport (GO:0006816),-0.3247460793386123,-0.7945869372352132,0.7454268292682927,1.0,1.0,14/35,27.17%,MCUR1;LETM1;ATP2B4;ANXA6;TRPC6;TMCO1;ORAI1;MICU1;TRPM4;SLC3A2;TMEM165;PANX1;TRPV2;ITPR1
prerank,GO_Biological_Process_2025__Membrane Lipid Biosynthetic Process (GO:0046467),-0.36923232043156623,-0.7945832361366106,0.7288135593220338,1.0,1.0,7/16,30.74%,CERS6;SPHK1;HACD3;SPTLC1;CERS2;HACD4;PRKD2
prerank,GO_Biological_Process_2025__Regulation of Organelle Assembly (GO:1902115),0.2818673277207543,0.7943816643479177,0.8215384615384616,1.0,1.0,4/40,5.19%,MTOR;TBC1D20;TBC1D14;MTMR3
prerank,GO_Biological_Process_2025__Interleukin-10-Mediated Signaling Pathway (GO:0140105),-0.4225288024684598,-0.7943054945063229,0.7054009819967266,1.0,1.0,2/8,14.46%,LILRA2;IL10RB
prerank,GO_Biological_Process_2025__Unsaturated Fatty Acid Biosynthetic Process (GO:0006636),0.39524858899893367,0.7941620799400162,0.7032258064516129,1.0,1.0,1/7,7.58%,DECR2
prerank,GO_Biological_Process_2025__Regulation of Myoblast Differentiation (GO:0045661),-0.40102103604154904,-0.7941373061591279,0.7147707979626485,1.0,1.0,1/11,1.85%,LRRC8A
prerank,GO_Biological_Process_2025__Regulation of Phosphorylation (GO:0042325),-0.33338683121038964,-0.7936730380595717,0.7468354430379747,1.0,1.0,5/30,15.83%,BCL10;S100A9;CDKN2D;FER;NDUFS4
prerank,GO_Biological_Process_2025__Focal Adhesion Assembly (GO:0048041),0.33605208422448873,0.791892598391843,0.7456359102244389,1.0,1.0,7/15,23.72%,TAOK2;TESK2;ACTN2;CDH11;TRIP6;BCR;ARHGEF7
prerank,GO_Biological_Process_2025__Negative Regulation of Protein Catabolic Process (GO:0042177),-0.3422625515452181,-0.7918840366298272,0.734920634920635,1.0,1.0,6/26,16.88%,SERPINB12;CST3;SNX3;TRIM40;IRAK3;OPHN1
prerank,GO_Biological_Process_2025__Protein Transport (GO:0015031),-0.25534263736590784,-0.7918565588291553,0.8985680190930787,1.0,1.0,33/207,17.66%,RAB29;KIF3B;KRT18;ARFIP2;SNX4;GOLGA7;TLK1;GGA1;SAR1B;NAPB;RAB20;STX2;APOB;GGA2;VPS26C;ARFGAP3;GOLPH3;RAB43;SCG2;COG7;KIF3A;CLSTN3;MIA3;AP4M1;SCG5;TIMM21;HIKESHI;KIF13A;TFR2;GCC2;EIF2D;ARF5;COPZ1
prerank,GO_Biological_Process_2025__Regulation of Mitotic Nuclear Division (GO:0007088),-0.37099456577855006,-0.7916769399772402,0.7190635451505016,1.0,1.0,4/16,13.28%,NUP62;DAPK3;PDXP;TOM1L1
prerank,GO_Biological_Process_2025__Regulation of Epithelial Cell Migration (GO:0010632),-0.3413883517981627,-0.7916677593361053,0.7484472049689441,1.0,1.0,8/24,32.01%,CLASP1;GLIPR2;DOCK5;CAPN7;RAB11A;RTN4;PLCG2;PFN1
prerank,GO_Biological_Process_2025__Regulation of Endothelial Cell Development (GO:1901550),-0.4571137011626012,-0.7913052389980537,0.7351351351351352,1.0,1.0,2/5,27.51%,VCL;ZDHHC21
prerank,GO_Biological_Process_2025__Positive Regulation of Small Molecule Metabolic Process (GO:0062013),-0.3904362647712603,-0.7912065314525956,0.751269035532995,1.0,1.0,2/11,8.48%,IRS2;AKT2
prerank,GO_Biological_Process_2025__Positive Regulation of Multicellular Organismal Process (GO:0051240),-0.2655821130753437,-0.7911898361694527,0.8462532299741602,1.0,1.0,15/131,9.39%,LCN2;SAA2;PKP1;SNX4;RBBP7;ACTL6A;SMAD4;CXCR4;LILRA2;MFAP2;RPS19;SORL1;OMA1;S100A9;LBP
prerank,GO_Biological_Process_2025__Negative Regulation of Cytokine Production (GO:0001818),-0.2857944059252306,-0.7905954656996679,0.8172043010752689,1.0,1.0,12/77,14.23%,ELANE;CHID1;ANXA1;MAP2K5;ANXA4;OTUD5;EZR;PDCD4;IRAK3;BANF1;SIGIRR;SSC5D
prerank,GO_Biological_Process_2025__Regulation of Lipid Metabolic Process (GO:0019216),-0.34858337059263445,-0.7904397863280652,0.753577106518283,1.0,1.0,3/22,4.13%,IRS2;EDF1;FGFR4
prerank,GO_Biological_Process_2025__Peptide Antigen Assembly With MHC Protein Complex (GO:0002501),-0.45565999745884067,-0.7897907204310727,0.7277676950998185,1.0,1.0,3/6,38.97%,HLA-DPA1;TAPBPL;CALR
prerank,GO_Biological_Process_2025__Regulation of Hyaluronan Biosynthetic Process (GO:1900125),0.4361908114768528,0.7895847812607848,0.702576112412178,1.0,1.0,5/5,56.42%,PDGFB;EGF;CLTC;NFKB1;TGFB1
prerank,GO_Biological_Process_2025__Spliceosomal Complex Assembly (GO:0000245),0.3418801368880342,0.7891699352654565,0.7398568019093079,1.0,1.0,5/15,14.09%,SF1;NOL3;SNRPE;SF3B2;SRPK2
prerank,GO_Biological_Process_2025__mRNA Export From Nucleus (GO:0006406),-0.3511255692371172,-0.7889938111023305,0.7142857142857143,1.0,1.0,4/20,16.69%,EIF4A3;DDX19B;SARNP;NUP160
prerank,GO_Biological_Process_2025__Cyclic Nucleotide Transport (GO:0070729),-0.4454987002505778,-0.7885946847788474,0.7173524150268337,1.0,1.0,3/6,9.51%,LRRC8A;SHOC2;ABCC4
prerank,GO_Biological_Process_2025__Sphingolipid Biosynthetic Process (GO:0030148),0.30126477063059204,0.7884901709939839,0.7553191489361702,1.0,1.0,2/25,7.86%,SMPD1;ELOVL7
prerank,GO_Biological_Process_2025__Nuclear Receptor-Mediated Steroid Hormone Signaling Pathway (GO:0030518),-0.3996871813597381,-0.7882591295448945,0.7201365187713311,1.0,1.0,4/10,35.63%,DDX17;MAPK1;PARK7;TRIP4
prerank,GO_Biological_Process_2025__Establishment of Epithelial Cell Polarity (GO:0090162),-0.4063246478428213,-0.7878764268922965,0.7323943661971831,1.0,1.0,8/10,34.79%,GOLPH3;EZR;OPHN1;RHOA;CDC42;RAP2A;MYO18A;MSN
prerank,GO_Biological_Process_2025__Positive Regulation of Triglyceride Catabolic Process (GO:0010898),0.4293738077820519,0.7875769859595737,0.7032258064516129,1.0,1.0,1/5,5.73%,APOA4
prerank,GO_Biological_Process_2025__Ameboidal-Type Cell Migration (GO:0001667),0.3655142006823159,0.787218346786431,0.7196969696969697,1.0,1.0,2/11,6.21%,MEGF8;FAT2
prerank,DGIdb_Drug_Targets_2024__OSI 027,-0.4384062522334726,-0.7868300115062614,0.7237762237762237,1.0,1.0,1/7,1.23%,AKT1S1
prerank,GO_Biological_Process_2025__Protein Homooligomerization (GO:0051260),-0.2942130374424786,-0.7863457810016886,0.7985714285714286,1.0,1.0,14/56,20.30%,BCL10;PRMT1;FUS;LETM1;S100A9;SPAST;CBR4;ALDH9A1;ALS2;OSBPL2;TMEM70;BASP1;CRYZ;SLC1A5
prerank,GO_Biological_Process_2025__Positive Regulation of Mitotic Cell Cycle Phase Transition (GO:1901992),0.3150938072366194,0.7860846369257523,0.7349726775956285,1.0,1.0,2/20,3.13%,ANAPC7;PLCB1
prerank,GO_Biological_Process_2025__Positive Regulation of Secretion by Cell (GO:1903532),-0.3116116260981436,-0.7859081491053428,0.797037037037037,1.0,1.0,14/44,21.81%,ATP13A2;CLASP1;GRK2;GOLPH3;IER3IP1;BGLAP;PPID;ADAM9;FGB;DNM1L;UNC13D;RAB27A;RAB5A;PPIA
prerank,GO_Biological_Process_2025__N-terminal Protein Amino Acid Modification (GO:0031365),0.4170023491446852,0.7854566148574949,0.7104677060133631,1.0,1.0,1/6,1.85%,NAA10
prerank,GO_Biological_Process_2025__Regulation of Canonical NF-kappaB Signal Transduction (GO:0043122),-0.2748979190075879,-0.7853904407023238,0.8518041237113402,1.0,1.0,24/118,18.84%,BIRC2;BCL10;DHX36;S100A12;NUP62;TERF2IP;MAP2K5;CUL1;IRAK4;GOLT1B;XIAP;USP32;S100A4;TNIP2;IRAK3;FKBP1A;SLCO3A1;F2R;UBE2V1;CCL21;RHOC;IFIT5;PPM1A;MYD88
prerank,GO_Biological_Process_2025__Cardiac Muscle Tissue Development (GO:0048738),-0.38505784963065354,-0.7853822281924863,0.7157712305025996,1.0,1.0,2/11,4.41%,PRMT1;SMAD4
prerank,GO_Biological_Process_2025__Carbohydrate Derivative Biosynthetic Process (GO:1901137),0.3123472755740241,0.7852049829982992,0.7893333333333333,1.0,1.0,4/21,16.80%,TNIP1;GAL3ST4;RRM2B;UBL4A
prerank,GO_Biological_Process_2025__Positive Regulation of Activated T Cell Proliferation (GO:0042104),0.3842947807567234,0.784402406365448,0.7394366197183099,1.0,1.0,6/9,27.86%,FADD;IGF1;IL18;IGFBP2;TMIGD2;PPP3CA
prerank,GO_Biological_Process_2025__Positive Regulation of Interleukin-12 Production (GO:0032735),0.3669207227121447,0.7837278661548556,0.7199017199017199,1.0,1.0,1/10,3.13%,PLCB1
prerank,GO_Biological_Process_2025__Cell Morphogenesis Involved in Neuron Differentiation (GO:0048667),-0.31601346935247043,-0.7836589440872739,0.7950693374422187,1.0,1.0,4/35,6.56%,FGFR2;ACTBL2;CELSR2;SPG11
prerank,GO_Biological_Process_2025__TOR Signaling (GO:0031929),0.3179753915429144,0.7834190873996094,0.7974025974025974,1.0,1.0,1/21,0.67%,MTOR
prerank,GO_Biological_Process_2025__Nuclear Membrane Reassembly (GO:0031468),0.3241696193554142,0.783313629894565,0.7690355329949239,1.0,1.0,2/19,5.94%,REEP3;CHMP1B
prerank,GO_Biological_Process_2025__mRNA Metabolic Process (GO:0016071),-0.3202234297160047,-0.782659109075246,0.7636655948553055,1.0,1.0,12/34,27.88%,NSUN2;IRF3;DIS3L2;TBRG4;SYNCRIP;NUDT21;MYG1;HNRNPA2B1;HNRNPR;HNRNPAB;NUDT16L1;SND1
prerank,GO_Biological_Process_2025__Amyloid-Beta Metabolic Process (GO:0050435),-0.4186160089468215,-0.7825184862114555,0.7409326424870466,1.0,1.0,3/8,20.89%,ACE;IDE;APH1B
prerank,GO_Biological_Process_2025__Defense Response to Gram-positive Bacterium (GO:0050830),-0.33279944020946844,-0.7824774087697841,0.766295707472178,1.0,1.0,5/27,9.57%,FCN2;HMGB2;DMBT1;LBP;GBP4
prerank,GO_Biological_Process_2025__Regulation of Integrin Activation (GO:0033623),0.3882598549893545,0.782357640543417,0.7232558139534884,1.0,1.0,1/8,0.95%,PTGER4
prerank,DGIdb_Drug_Targets_2024__BARASERTIB,0.42546330017128997,0.782323082401435,0.6928251121076233,1.0,1.0,4/5,35.16%,KIT;PDGFRA;FYN;PDGFRB
prerank,GO_Biological_Process_2025__Stress Fiber Assembly (GO:0043149),0.36376907013618615,0.7823129594471678,0.7399103139013453,1.0,1.0,4/11,25.59%,LUZP1;MYL9;PDCD10;ITGB1
prerank,GO_Biological_Process_2025__Contractile Actin Filament Bundle Assembly (GO:0030038),0.36376907013618615,0.7823129594471678,0.7399103139013453,1.0,1.0,4/11,25.59%,LUZP1;MYL9;PDCD10;ITGB1
prerank,GO_Biological_Process_2025__Regulation of Cytosolic Calcium Ion Concentration (GO:0051480),-0.4243590913221206,-0.7817662303901473,0.710431654676259,1.0,1.0,3/7,27.17%,ATP2B4;TRPC6;ITPR1
prerank,GO_Biological_Process_2025__Negative Regulation of Cell-Cell Adhesion Mediated by Cadherin (GO:2000048),0.4361908114768527,0.7816689032811436,0.7208237986270023,1.0,1.0,5/5,56.42%,NOTCH1;PLG;RGCC;PPM1F;TGFB1
prerank,GO_Biological_Process_2025__Small GTPase-mediated Signal Transduction (GO:0007264),-0.2717829230081869,-0.7808451859588535,0.8421052631578947,1.0,1.0,9/98,8.14%,ARHGEF3;CDC42EP3;TNK2;ARFIP2;ARHGAP5;CDK2;RIPOR1;AIF1;RGL2
prerank,GO_Biological_Process_2025__Notch Signaling Pathway (GO:0007219),-0.38221367488743413,-0.780346421299086,0.7298245614035088,1.0,1.0,2/12,9.66%,POFUT1;MIB1
prerank,GO_Biological_Process_2025__Epithelial Cell Migration (GO:0010631),-0.4160820785345867,-0.7802937405807034,0.7286245353159851,1.0,1.0,2/8,7.81%,SMAD4;PKN2
prerank,GO_Biological_Process_2025__Mitochondrial Membrane Organization (GO:0007006),-0.3508442363060009,-0.7802213249615184,0.7545909849749582,1.0,1.0,12/20,39.48%,LETM1;SPG7;MTX2;BAK1;MFN2;APOOL;BCL2L1;DNAJC11;SAMM50;IMMT;MTX1;TIMM50
prerank,GO_Biological_Process_2025__Cellular Response to Osmotic Stress (GO:0071470),-0.3635204719796235,-0.7801437536551066,0.7373572593800979,1.0,1.0,2/18,5.40%,EPX;SLC12A6
prerank,GO_Biological_Process_2025__Lipid Phosphorylation (GO:0046834),-0.43410248818870373,-0.7801310410908252,0.7443082311733801,1.0,1.0,1/6,2.50%,DGKQ
prerank,GO_Biological_Process_2025__Galactose Metabolic Process (GO:0006012),0.4104295709474616,0.7799305363965772,0.722707423580786,1.0,1.0,1/6,6.96%,GALM
prerank,GO_Biological_Process_2025__Modulation by Host of Viral Genome Replication (GO:0044827),0.3508604745823208,0.779839359818578,0.7675544794188862,1.0,1.0,2/12,6.81%,TBC1D20;IFI27
prerank,GO_Biological_Process_2025__Regulation of Osteoblast Proliferation (GO:0033688),-0.41244244861477075,-0.7795681150656694,0.7342908438061041,1.0,1.0,1/8,2.74%,FGFR2
prerank,GO_Biological_Process_2025__Protein Localization to Microtubule Organizing Center (GO:1905508),0.40082656414191686,0.7793557620923036,0.7074235807860262,1.0,1.0,1/7,7.54%,PCM1
prerank,GO_Biological_Process_2025__Membrane Fusion (GO:0061025),-0.35316794272274,-0.7791773893199051,0.7623604465709729,1.0,1.0,2/20,7.07%,RABIF;GCA
prerank,GO_Biological_Process_2025__Microtubule Nucleation (GO:0007020),0.33003636124803026,0.7778890449136004,0.71571072319202,1.0,1.0,4/16,12.52%,NDE1;TUBGCP6;TUBGCP2;SSNA1
prerank,GO_Biological_Process_2025__Mitochondrial RNA Metabolic Process (GO:0000959),0.35951228047887296,0.7767918835688369,0.7132867132867133,1.0,1.0,4/11,14.56%,GRSF1;NSUN4;MRPL12;TRMT10C
prerank,GO_Biological_Process_2025__Positive Regulation of Ion Transmembrane Transporter Activity (GO:0032414),0.39317975707993985,0.7766558614756288,0.7319819819819819,1.0,1.0,3/7,11.73%,ANK3;CTSS;COX17
prerank,GO_Biological_Process_2025__Positive Regulation of Phospholipid Transport (GO:2001140),0.3903399520135846,0.7764328918546787,0.7239819004524887,1.0,1.0,4/7,25.11%,ABCA7;APOA1;CETP;APOE
prerank,GO_Biological_Process_2025__Sterol Metabolic Process (GO:0016125),0.3210723046176738,0.7758627689287495,0.7764423076923077,1.0,1.0,4/20,12.38%,TSKU;APOA4;LCAT;CLN6
prerank,GO_Biological_Process_2025__tRNA Wobble Base Modification (GO:0002097),0.36462429582477757,0.7756958407681792,0.6979405034324943,1.0,1.0,2/9,4.45%,MOCS3;URM1
prerank,GO_Biological_Process_2025__tRNA Wobble Uridine Modification (GO:0002098),0.36462429582477757,0.7756958407681792,0.6979405034324943,1.0,1.0,2/9,4.45%,MOCS3;URM1
prerank,DGIdb_Drug_Targets_2024__DIGITOXIN,0.3884756515593798,0.7755309686768925,0.7105263157894737,1.0,1.0,2/7,16.99%,TOP2B;ATP1B1
prerank,GO_Biological_Process_2025__Intracellular Potassium Ion Homeostasis (GO:0030007),0.42309807045708936,0.7753340569029609,0.7192982456140351,1.0,1.0,2/5,26.73%,ATP1B1;SLC12A2
prerank,GO_Biological_Process_2025__Positive Regulation of Type I Interferon-Mediated Signaling Pathway (GO:0060340),0.42584915679280333,0.7748821671377703,0.7149321266968326,1.0,1.0,3/5,20.82%,NLRC5;TRIM56;MAVS
prerank,GO_Biological_Process_2025__Positive Regulation of Hydrolase Activity (GO:0051345),-0.2957623144306064,-0.7747630138174976,0.7988077496274217,1.0,1.0,10/51,21.14%,DOCK9;THY1;PRTN3;ZC3H15;MTMR9;ALS2;F2R;RHOC;RHOA;MMUT
prerank,GO_Biological_Process_2025__Negative Regulation of Neuron Apoptotic Process (GO:0043524),-0.33086556640049525,-0.7741900891702598,0.777602523659306,1.0,1.0,8/29,18.77%,NDNF;ZPR1;NONO;F2R;PRKCI;TYRO3;NTRK2;NRBP2
prerank,GO_Biological_Process_2025__Epithelial Tube Morphogenesis (GO:0060562),-0.3917327897785227,-0.77404665370847,0.7533783783783784,1.0,1.0,1/12,2.41%,RASIP1
prerank,GO_Biological_Process_2025__Negative Regulation of Autophagy (GO:0010507),0.28082387120310914,0.7740392765473499,0.8096590909090909,1.0,1.0,2/32,3.82%,MTOR;TBC1D14
prerank,GO_Biological_Process_2025__Positive Regulation of Cell Differentiation (GO:0045597),0.23938179544310445,0.7739798980034108,0.9253731343283582,1.0,1.0,16/90,13.75%,MTOR;SFRP1;LPL;PLCB1;BMP6;COL1A1;IGF1;SMARCA2;BLOC1S5;RIPOR2;IGFBP3;CARM1;SMAD2;LRP5;CD36;DDR2
prerank,GO_Biological_Process_2025__Lysosome Localization (GO:0032418),-0.3270525452513035,-0.7733109559877372,0.7895569620253164,1.0,1.0,1/28,2.13%,PLEKHM2
prerank,GO_Biological_Process_2025__Positive Regulation of Nucleocytoplasmic Transport (GO:0046824),0.3039884003407714,0.7730060754709648,0.7827225130890052,1.0,1.0,6/22,21.49%,DHX9;BAG3;HDAC3;EMD;MAVS;RAN
prerank,DGIdb_Drug_Targets_2024__SIMVASTATIN,-0.35931518726707157,-0.7726276658352436,0.75,1.0,1.0,6/16,23.32%,LEPR;ABCB1;CEL;THBD;RHOA;LIPC
prerank,DGIdb_Drug_Targets_2024__TRAMETINIB,-0.3363699569369465,-0.7724754039752159,0.7765273311897106,1.0,1.0,8/26,20.65%,FGFR2;MET;MAP2K5;MAP2K3;PTEN;MAP2K1;MAP2K4;CTNNB1
prerank,GO_Biological_Process_2025__Regulation of Cold-Induced Thermogenesis (GO:0120161),0.2599178443115973,0.7722608585086556,0.8498402555910544,1.0,1.0,6/54,8.37%,ADIPOR1;ACHE;STK11;ADIPOQ;DBH;PRKAB2
prerank,GO_Biological_Process_2025__Regulation of Neutrophil Activation (GO:1902563),0.3956657822822076,0.7720718871664767,0.7213114754098361,1.0,1.0,1/6,4.27%,GRN
prerank,DGIdb_Drug_Targets_2024__CABAZITAXEL,-0.42470436364224406,-0.7718458183966851,0.7449324324324325,1.0,1.0,1/7,11.94%,TUBB4A
prerank,GO_Biological_Process_2025__Sulfur Compound Transport (GO:0072348),-0.4585925047209299,-0.7714342141584473,0.7422867513611615,1.0,1.0,3/5,10.01%,SLC5A6;SLC35B3;SLC25A10
prerank,GO_Biological_Process_2025__ATP Metabolic Process (GO:0046034),0.27346201630942224,0.7713503048961577,0.8492307692307692,1.0,1.0,2/33,2.02%,ENO3;ALDOB
prerank,GO_Biological_Process_2025__Recombinational Repair (GO:0000725),-0.36816112517818206,-0.7712523952662067,0.7596638655462185,1.0,1.0,4/15,19.87%,NUCKS1;RAD50;XRCC6;EXD2
prerank,GO_Biological_Process_2025__Glucose Metabolic Process (GO:0006006),0.28601813502381507,0.7711656010960547,0.8227146814404432,1.0,1.0,9/31,16.80%,ENO3;PDPK1;GAA;GALM;RBP4;LRP5;PCK2;SORD;UBL4A
prerank,GO_Biological_Process_2025__Cholesterol Homeostasis (GO:0042632),0.27740600182202707,0.7709266249271481,0.8155080213903744,1.0,1.0,7/36,12.15%,TSKU;LPL;APOA4;MTTP;NPC2;LCAT;LRP5
prerank,GO_Biological_Process_2025__Regulation of Plasma Membrane Bounded Cell Projection Organization (GO:0120035),0.37436172392853856,0.7706617836635716,0.7336343115124153,1.0,1.0,3/9,17.92%,GSK3A;TREM2;FBXO7
prerank,GO_Biological_Process_2025__Cellular Response to Amino Acid Stimulus (GO:0071230),0.318312261657713,0.7705797554515483,0.7716535433070866,1.0,1.0,1/18,0.67%,MTOR
prerank,GO_Biological_Process_2025__Positive Regulation of Nuclear Division (GO:0051785),-0.4123080440364292,-0.7704327006893414,0.7387543252595156,1.0,1.0,1/8,4.29%,NUP62
prerank,GO_Biological_Process_2025__Membrane Raft Organization (GO:0031579),-0.4142774738327239,-0.7703082942319951,0.7420494699646644,1.0,1.0,1/8,3.53%,NPC1
prerank,GO_Biological_Process_2025__Positive Regulation of miRNA Transcription (GO:1902895),0.3435635444530637,0.7701399661283419,0.7486910994764397,1.0,1.0,4/11,21.86%,NOTCH3;MRTFA;PDGFB;NOTCH2
prerank,GO_Biological_Process_2025__Lytic Vacuole Organization (GO:0080171),-0.3655619563258458,-0.7692492907224806,0.7495798319327731,1.0,1.0,2/17,6.56%,PI4KB;SPG11
prerank,GO_Biological_Process_2025__Cellular Response to Molecule of Bacterial Origin (GO:0071219),-0.29496693960989734,-0.7684803960431424,0.8197424892703863,1.0,1.0,17/45,26.03%,BCL10;HMGB2;LBP;PDCD4;TNIP2;ADAM9;VIM;PF4V1;MMP9;MYD88;RHOA;NDUFA2;SHPK;CYRIB;SELENOS;CTSG;HMGB1
prerank,GO_Biological_Process_2025__Removal of Superoxide Radicals (GO:0019430),0.37709216090045444,0.7683564290164959,0.708803611738149,1.0,1.0,1/8,4.19%,ATP7A
prerank,GO_Biological_Process_2025__Sterol Homeostasis (GO:0055092),0.2759330189137256,0.7683003003367109,0.8279569892473119,1.0,1.0,7/37,12.15%,TSKU;LPL;APOA4;MTTP;NPC2;LCAT;LRP5
prerank,GO_Biological_Process_2025__Negative Regulation of Proteolysis Involved in Protein Catabolic Process (GO:1903051),0.35699525745709415,0.7682601691390778,0.7775175644028103,1.0,1.0,2/12,5.14%,LAMP3;PDCL3
prerank,DGIdb_Drug_Targets_2024__DORAMAPIMOD,-0.3951790288576099,-0.7680713675936811,0.7413793103448276,1.0,1.0,3/10,18.71%,MAPK9;TYRO3;NTRK2
prerank,GO_Biological_Process_2025__Negative Regulation of Endocytosis (GO:0045806),-0.35556762226187777,-0.7676809870017814,0.7687188019966722,1.0,1.0,8/18,24.31%,PRTN3;SNX3;MCTP1;RUBCN;MTMR2;APOC2;PICALM;ARF6
prerank,GO_Biological_Process_2025__Antibacterial Humoral Response (GO:0019731),-0.3753635619343787,-0.7667153931546075,0.7551724137931034,1.0,1.0,4/12,25.43%,DMBT1;RNASE4;FGB;CTSG
prerank,GO_Biological_Process_2025__Protein Modification by Small Protein Removal (GO:0070646),0.27314835492748224,0.7665525883004362,0.8285714285714286,1.0,1.0,3/37,7.00%,OTUD6B;USP12;USP19
prerank,GO_Biological_Process_2025__Regulation of Mitochondrial Fission (GO:0090140),-0.3686160640345917,-0.7651323678554365,0.7682119205298014,1.0,1.0,7/12,36.23%,PGAM5;DNM1L;CYRIB;RALA;MCU;VPS35;DCN
prerank,GO_Biological_Process_2025__Negative Regulation of Cilium Assembly (GO:1902018),0.39545792299018934,0.7650309808252957,0.7482517482517482,1.0,1.0,4/7,28.75%,LUZP1;TBC1D7;MAP4;LIMA1
prerank,GO_Biological_Process_2025__Receptor Catabolic Process (GO:0032801),0.3717778760946223,0.7646796111905504,0.7142857142857143,1.0,1.0,2/8,16.11%,KIF16B;PIK3R4
prerank,GO_Biological_Process_2025__Negative Regulation of T Cell Receptor Signaling Pathway (GO:0050860),-0.37006099613868704,-0.764676398760912,0.7542662116040956,1.0,1.0,3/13,10.17%,THY1;DUSP3;EZR
prerank,GO_Biological_Process_2025__Intracellular Receptor Signaling Pathway (GO:0030522),-0.3750586486332368,-0.7643091215763186,0.7677100494233937,1.0,1.0,1/12,5.15%,IRF3
prerank,GO_Biological_Process_2025__Regulation of Blood Coagulation (GO:0030193),0.3053857487026214,0.7641489168200114,0.7851662404092071,1.0,1.0,11/19,34.61%,APOH;F12;GLMN;APOE;KNG1;HPSE;SERPINE1;PF4;PROC;VTN;ENPP4
prerank,GO_Biological_Process_2025__Mammary Gland Epithelium Development (GO:0061180),0.42169830662528013,0.7641159044275107,0.7159090909090909,1.0,1.0,1/5,4.61%,LATS1
prerank,GO_Biological_Process_2025__Epithelial Cell Development (GO:0002064),-0.42250293827586066,-0.7637600498652989,0.7318339100346021,1.0,1.0,1/7,3.36%,CDK6
prerank,GO_Biological_Process_2025__Positive Regulation by Host of Viral Genome Replication (GO:0044829),-0.404653408212818,-0.7636865934516934,0.761168384879725,1.0,1.0,1/8,3.02%,NUCKS1
prerank,DGIdb_Drug_Targets_2024__VINCRISTINE,-0.3260821428341823,-0.7636627710522221,0.7854014598540145,1.0,1.0,1/30,1.57%,COCH
prerank,GO_Biological_Process_2025__Positive Regulation of Tyrosine Phosphorylation of STAT Protein (GO:0042531),-0.4089288787393319,-0.7636239176313957,0.7551369863013698,1.0,1.0,1/8,4.61%,FGFR3
prerank,GO_Biological_Process_2025__Response to Progesterone (GO:0032570),0.4033450704225351,0.7635330317792973,0.7254004576659039,1.0,1.0,6/6,59.71%,WBP2;THBS1;SRC;UBE3A;TGFB1;TGFB2
prerank,GO_Biological_Process_2025__Midbody Abscission (GO:0061952),-0.3666698210150495,-0.7634859959346822,0.7563451776649747,1.0,1.0,3/16,14.69%,MITD1;ZFYVE19;VPS4B
prerank,GO_Biological_Process_2025__Peptidyl-Tyrosine Autophosphorylation (GO:0038083),0.422433290103356,0.7633543309139724,0.7360774818401937,1.0,1.0,3/5,29.04%,LTK;DYRK1A;PTK2B
prerank,GO_Biological_Process_2025__Actin Filament Bundle Organization (GO:0061572),0.3217063960325997,0.7630923919483475,0.7525252525252525,1.0,1.0,1/15,1.71%,ADD2
prerank,GO_Biological_Process_2025__Cellular Response to Growth Hormone Stimulus (GO:0071378),0.41305820344719746,0.7629081361044443,0.7065462753950339,1.0,1.0,1/5,9.44%,IGF1
prerank,GO_Biological_Process_2025__Positive Regulation of Integrin-Mediated Signaling Pathway (GO:2001046),-0.40175669756201815,-0.7627307493771331,0.746551724137931,1.0,1.0,1/8,8.44%,LMNB2
prerank,GO_Biological_Process_2025__Embryonic Digestive Tract Development (GO:0048566),0.39808408284361124,0.7622688613680508,0.7616926503340757,1.0,1.0,1/7,1.30%,PCSK5
prerank,GO_Biological_Process_2025__Odontogenesis (GO:0042476),-0.43176005444436677,-0.7616458943687006,0.7769516728624535,1.0,1.0,1/6,2.74%,FGFR2
prerank,GO_Biological_Process_2025__Regulation of Rab Protein Signal Transduction (GO:0032483),-0.4568802927735001,-0.7613302066377864,0.7523629489603024,1.0,1.0,1/5,8.88%,DENND4B
prerank,GO_Biological_Process_2025__Positive Regulation of Nervous System Development (GO:0051962),0.3261517313338758,0.7607055010095415,0.7808564231738035,1.0,1.0,3/16,10.80%,IL1RAP;AMIGO2;LRRC4B
prerank,GO_Biological_Process_2025__Negative Regulation of Cytokine Production Involved in Immune Response (GO:0002719),-0.41918962027436146,-0.7596584520297383,0.7424242424242424,1.0,1.0,2/7,22.37%,IRAK3;JAK3
prerank,GO_Biological_Process_2025__Stem Cell Development (GO:0048864),-0.4262417836192054,-0.759394053293264,0.7540106951871658,1.0,1.0,1/6,8.16%,PEF1
prerank,GO_Biological_Process_2025__Copper Ion Homeostasis (GO:0055070),0.3773273200569888,0.7590487519981395,0.7415458937198067,1.0,1.0,1/7,4.19%,ATP7A
prerank,GO_Biological_Process_2025__Negative Regulation of Cell-Substrate Junction Organization (GO:0150118),-0.3825255480579685,-0.759010707426877,0.7571189279731994,1.0,1.0,2/11,14.61%,RCC2;PTEN
prerank,GO_Biological_Process_2025__Negative Regulation of Focal Adhesion Assembly (GO:0051895),-0.3825255480579685,-0.759010707426877,0.7571189279731994,1.0,1.0,2/11,14.61%,RCC2;PTEN
prerank,GO_Biological_Process_2025__Regulation of Phosphatidylinositol 3-Kinase/Protein Kinase B Signal Transduction (GO:0051896),0.21956078392396527,0.758886372232414,0.9481132075471698,1.0,1.0,24/110,18.48%,SH2B3;MTOR;PDPK1;HIP1;TSC2;DIPK2A;LTK;IRS1;ARRB2;IGF1;MYOC;CHI3L1;SPRY2;CBL;FN1;DDR2;SEMA4D;PDGFB;RAMP3;TREM2;PDGFD;RICTOR;SOS1;BECN1
prerank,GO_Biological_Process_2025__Epidermis Development (GO:0008544),0.3301133331952546,0.7585992125386136,0.7821522309711286,1.0,1.0,1/16,0.88%,CASP14
prerank,GO_Biological_Process_2025__Positive Regulation of Stress Fiber Assembly (GO:0051496),-0.3319700280817222,-0.7583729614241295,0.7823240589198036,1.0,1.0,2/24,5.86%,ARHGEF10;TPM1
prerank,GO_Biological_Process_2025__Cellular Response to Lipid (GO:0071396),-0.270525272906635,-0.7582112742558101,0.8651226158038147,1.0,1.0,4/79,4.91%,PTK7;BCL10;DGKQ;HMGB2
prerank,GO_Biological_Process_2025__Golgi Inheritance (GO:0048313),-0.39864317133417365,-0.7581959003052657,0.7531305903398927,1.0,1.0,1/8,6.82%,VPS13B
prerank,GO_Biological_Process_2025__Protein Hydroxylation (GO:0018126),0.3897649703953301,0.7580292855661865,0.6995614035087719,1.0,1.0,2/7,13.14%,VPS33B;VIPAS39
prerank,GO_Biological_Process_2025__Regulation of Protein Sumoylation (GO:0033233),0.4128847279918098,0.7575606194820255,0.7065217391304348,1.0,1.0,1/5,3.39%,UBA2
prerank,GO_Biological_Process_2025__Positive Regulation of Chemotaxis (GO:0050921),0.30865295171880053,0.7570244948026976,0.794344473007712,1.0,1.0,1/20,2.09%,MEGF8
prerank,GO_Biological_Process_2025__Negative Regulation of Protein-Containing Complex Assembly (GO:0031333),-0.32625559780300584,-0.7568141724662525,0.8114104595879557,1.0,1.0,1/26,0.69%,PEX5
prerank,GO_Biological_Process_2025__Regulation of Brown Fat Cell Differentiation (GO:0090335),-0.43199948694711954,-0.7565648206811308,0.7433155080213903,1.0,1.0,1/6,5.24%,NAPEPLD
prerank,GO_Biological_Process_2025__3'-Phosphoadenosine 5'-Phosphosulfate Metabolic Process (GO:0050427),-0.4310091291123939,-0.7564860014702272,0.738819320214669,1.0,1.0,1/6,9.90%,BPNT1
prerank,GO_Biological_Process_2025__Positive Regulation of Fibroblast Migration (GO:0010763),0.39413921405703334,0.7564708171519768,0.7178899082568807,1.0,1.0,2/6,25.59%,DDR2;ITGB1
prerank,GO_Biological_Process_2025__Cellular Component Assembly (GO:0022607),0.21690043178139026,0.7563418542478579,0.9763779527559056,1.0,1.0,16/115,11.61%,DHX9;ADD2;ANK3;CDHR2;CYFIP2;JCHAIN;IL1RAP;LLGL1;TRIP13;TUBGCP2;MTSS2;EPPK1;SLC2A1;KPNA3;KNTC1;WASL
prerank,GO_Biological_Process_2025__Positive Regulation of Muscle Cell Differentiation (GO:0051149),-0.38949610213796176,-0.7560726239152575,0.7712854757929883,1.0,1.0,2/10,18.22%,LMNB2;RBM4
prerank,GO_Biological_Process_2025__Protein Hexamerization (GO:0034214),-0.4208404537236522,-0.7560207613867052,0.7803992740471869,1.0,1.0,4/7,14.54%,LRRC8A;UGDH;SPAST;MAT2A
prerank,GO_Biological_Process_2025__Regulation of Protein Kinase Activity (GO:0045859),-0.2968550795773191,-0.7559820446120613,0.8225108225108225,1.0,1.0,7/45,14.88%,AKT1S1;THY1;RASSF2;PKN2;REXO2;MAP2K3;ALS2
prerank,GO_Biological_Process_2025__Post-Translational Protein Modification (GO:0043687),-0.32834505234466776,-0.755520932607577,0.7553017944535073,1.0,1.0,8/22,24.85%,CDK2;SUMF1;UBE2F;FN3KRP;UBE2M;UBA3;FN3K;FAM20C
prerank,GO_Biological_Process_2025__Negative Regulation of Supramolecular Fiber Organization (GO:1902904),-0.2982644101724827,-0.7549547923689162,0.8228228228228228,1.0,1.0,3/44,4.66%,SSH2;SMAD4;CLASP1
prerank,GO_Biological_Process_2025__Positive Regulation of Cytokine-Mediated Signaling Pathway (GO:0001961),0.3185637520438731,0.75469785821257,0.7696476964769647,1.0,1.0,5/19,12.22%,FADD;NLRC5;PARP9;PARP14;TRIM56
prerank,GO_Biological_Process_2025__Positive Regulation of Mitochondrial Translation (GO:0070131),0.4154585599972523,0.7544119812643977,0.7328605200945626,1.0,1.0,2/5,17.69%,TRMT10C;COA3
prerank,GO_Biological_Process_2025__Response to Epidermal Growth Factor (GO:0070849),-0.36145424926328773,-0.7543164512698257,0.7665562913907285,1.0,1.0,2/14,7.21%,ZPR1;DUSP3
prerank,GO_Biological_Process_2025__Regulation of Vesicle Fusion (GO:0031338),-0.4414914039140706,-0.7543162086611485,0.7530864197530864,1.0,1.0,3/5,36.95%,SPHK1;ANXA2;C2CD5
prerank,GO_Biological_Process_2025__Regulation of Synapse Organization (GO:0050807),0.32889718388003664,0.7541968153086686,0.7713567839195979,1.0,1.0,3/14,11.55%,ABL1;ABHD17B;SNX27
prerank,GO_Biological_Process_2025__Actin Filament Polymerization (GO:0030041),0.31948138520144453,0.7539963513998784,0.806282722513089,1.0,1.0,2/16,11.61%,WASHC3;WASL
prerank,GO_Biological_Process_2025__Multivesicular Body Assembly (GO:0036258),0.28936719930613775,0.7539144717592724,0.8310249307479224,1.0,1.0,8/26,22.27%,CHMP1B;STAM2;VTA1;UBAP1;VPS37B;VPS36;VPS37A;CHMP2B
prerank,GO_Biological_Process_2025__Regulation of Protein Neddylation (GO:2000434),-0.37903892537305506,-0.7537937572690464,0.7850953206239168,1.0,1.0,4/12,33.80%,RPL11;COPS6;COPS3;GPS1
prerank,GO_Biological_Process_2025__Negative Regulation of Fatty Acid Metabolic Process (GO:0045922),0.3654983576578907,0.7532889973348884,0.747016706443914,1.0,1.0,5/9,31.74%,APOC1;APPL2;APOC3;ACADVL;NCOR1
prerank,GO_Biological_Process_2025__Negative Regulation of Lipid Metabolic Process (GO:0045833),0.35526997938221333,0.7531608668633459,0.7451456310679612,1.0,1.0,8/10,34.38%,APOC1;APOA2;APOE;APOC3;APOD;NCOR1;ADRA2A;BSCL2
prerank,GO_Biological_Process_2025__Positive Regulation of Interleukin-6 Production (GO:0032755),-0.3227900664366992,-0.7529135478187767,0.7956989247311828,1.0,1.0,6/28,15.69%,BCL10;LILRA2;AIF1;LBP;IL16;F2R
prerank,GO_Biological_Process_2025__Positive Regulation of Cold-Induced Thermogenesis (GO:0120162),0.2696415686286131,0.752874974591106,0.8427299703264095,1.0,1.0,9/38,15.62%,ADIPOR1;ACHE;ADIPOQ;DBH;PRKAB2;HDAC3;CD36;LDLR;CNOT3
prerank,GO_Biological_Process_2025__GMP Biosynthetic Process (GO:0006177),0.3996010540376608,0.7528342629204027,0.7336343115124153,1.0,1.0,1/6,9.64%,GMPS
prerank,GO_Biological_Process_2025__Negative Regulation of Cellular Component Organization (GO:0051129),-0.2993950889253219,-0.7526777562144072,0.8323442136498517,1.0,1.0,7/44,15.60%,PEX5;SORL1;DNAJB1;MCTP1;RUBCN;IRAK3;RDX
prerank,GO_Biological_Process_2025__Negative Regulation of Immune System Process (GO:0002683),-0.3255444667207865,-0.7525467889778344,0.7897271268057785,1.0,1.0,3/23,5.43%,OTUD4;SMPDL3B;LILRA2
prerank,GO_Biological_Process_2025__Positive Regulation of Leukocyte Proliferation (GO:0070665),-0.3983198727133715,-0.7518547938245392,0.7539267015706806,1.0,1.0,6/8,47.64%,MAPK3;MAPK1;CSF1;PTK2;CSF1R;LYN
prerank,GO_Biological_Process_2025__Regulation of Fibrinolysis (GO:0051917),0.35430689515879016,0.7511939213293032,0.7816091954022989,1.0,1.0,5/9,32.61%,KLKB1;F12;GLMN;SERPINE1;VTN
prerank,DGIdb_Drug_Targets_2024__CISPLATIN,-0.2973719983360138,-0.7511658318379233,0.8447488584474886,1.0,1.0,11/43,20.10%,ACTL6A;FGFR3;XIAP;ABCC4;XRCC1;ACSS2;FXN;PTEN;UBE2I;NTRK2;CASP3
prerank,GO_Biological_Process_2025__Regulation of Membrane Depolarization (GO:0003254),-0.4353242724680046,-0.7509239923646697,0.7670454545454546,1.0,1.0,2/5,15.11%,NEDD4L;GPD1L
prerank,GO_Biological_Process_2025__Regulation of Cardiac Conduction (GO:1903779),-0.4106679538641147,-0.7506686007709678,0.7607142857142857,1.0,1.0,1/7,7.30%,ATP2B4
prerank,GO_Biological_Process_2025__Regulation of Protein Binding (GO:0043393),0.2646591503006422,0.7501583811814757,0.8318840579710145,1.0,1.0,4/39,8.34%,ADD2;TMC8;IFIT1;CFHR2
prerank,DGIdb_Drug_Targets_2024__BMS 387032,0.41078482785705656,0.7497578689001979,0.7313432835820896,1.0,1.0,1/5,4.48%,GSK3A
prerank,GO_Biological_Process_2025__Purine Ribonucleotide Catabolic Process (GO:0009154),-0.398032871778541,-0.7495424536307392,0.7504424778761062,1.0,1.0,4/8,21.88%,NUDT18;HINT1;NT5E;PRTFDC1
prerank,DGIdb_Drug_Targets_2024__RIBOCICLIB,-0.4386442746988032,-0.7492394785267935,0.7843137254901961,1.0,1.0,2/5,14.61%,CDK6;PTEN
prerank,GO_Biological_Process_2025__Regulation of Vesicle-Mediated Transport (GO:0060627),0.2546839473246488,0.748441555736589,0.8920634920634921,1.0,1.0,3/50,6.19%,RAB33B;HIP1;TSC2
prerank,GO_Biological_Process_2025__Nucleocytoplasmic Transport (GO:0006913),0.30029944547530835,0.748370868648549,0.8083989501312336,1.0,1.0,2/21,4.99%,ANP32A;NUP93
prerank,GO_Biological_Process_2025__Regulation of Apoptotic Signaling Pathway (GO:2001233),0.3286147710195284,0.7482870279323749,0.7924050632911392,1.0,1.0,1/15,2.99%,PTPMT1
prerank,GO_Biological_Process_2025__Organophosphate Ester Transport (GO:0015748),-0.3635004506792924,-0.747519121808431,0.7849829351535836,1.0,1.0,1/14,3.15%,PITPNM1
prerank,GO_Biological_Process_2025__Positive Regulation of Blood Vessel Endothelial Cell Migration (GO:0043536),0.28567969457069947,0.7473822624104735,0.8360655737704918,1.0,1.0,6/25,16.39%,HDAC7;PDPK1;TGFBR3;AKT3;JCAD;PDGFB
prerank,GO_Biological_Process_2025__miRNA-mediated Post-Transcriptional Gene Silencing (GO:0035195),0.3186776007008107,0.7471163008727284,0.7917675544794189,1.0,1.0,2/15,3.31%,DHX9;CNOT7
prerank,GO_Biological_Process_2025__Coenzyme A Metabolic Process (GO:0015936),0.35866096048351204,0.747098570942024,0.7607655502392344,1.0,1.0,1/9,3.55%,NUDT19
prerank,GO_Biological_Process_2025__Synaptic Vesicle Endocytosis (GO:0048488),-0.32809464131718186,-0.746724227240183,0.7817014446227929,1.0,1.0,8/21,31.09%,MX1;AP2M1;GAK;OPHN1;DNAJC6;CANX;ITSN2;DNM3
prerank,GO_Biological_Process_2025__Alpha-Amino Acid Metabolic Process (GO:1901605),0.33711421248187984,0.7465680137174278,0.7788235294117647,1.0,1.0,4/11,20.08%,GCLC;ART4;LDLR;MTR
prerank,GO_Biological_Process_2025__Positive Regulation of Long-Term Synaptic Potentiation (GO:1900273),-0.4130958661181261,-0.746454705361386,0.7619047619047619,1.0,1.0,3/6,25.41%,SHANK3;EIF2AK4;RELN
prerank,DGIdb_Drug_Targets_2024__OPIOIDS,-0.382536343274854,-0.7461701800745743,0.7627118644067796,1.0,1.0,3/10,17.60%,GAL;CLCC1;RGS19
prerank,GO_Biological_Process_2025__Regulation of Cytokinesis (GO:0032465),-0.3295177852658033,-0.7459820768335134,0.8246445497630331,1.0,1.0,9/23,23.25%,PKN2;CETN2;SPAST;PDXP;ZFYVE19;KIF13A;RHOA;CDC42;RAB11A
prerank,GO_Biological_Process_2025__Positive Regulation of Monoatomic Ion Transport (GO:0043270),0.30833529648127705,0.7457149846174813,0.7944162436548223,1.0,1.0,6/19,18.99%,ANK3;AHCYL1;CFH;DLG1;TREM2;PKP2
prerank,GO_Biological_Process_2025__Phosphate-Containing Compound Metabolic Process (GO:0006796),-0.2693550643861546,-0.7455013390567212,0.8791666666666667,1.0,1.0,7/77,7.21%,ACYP1;TNK2;PFKFB2;ACP6;NADK;INPP4A;DUSP3
prerank,GO_Biological_Process_2025__Protein Deneddylation (GO:0000338),-0.39140615762967407,-0.7452905849358211,0.767402376910017,1.0,1.0,7/9,50.72%,COPS6;COPS3;GPS1;COPS7B;COPS5;COPS4;COPS8
prerank,GO_Biological_Process_2025__Marginal Zone B Cell Differentiation (GO:0002315),-0.42452023720983456,-0.7450215704670607,0.7678883071553229,1.0,1.0,1/6,6.63%,LFNG
prerank,GO_Biological_Process_2025__Mature B Cell Differentiation Involved in Immune Response (GO:0002313),-0.42452023720983456,-0.7450215704670607,0.7678883071553229,1.0,1.0,1/6,6.63%,LFNG
prerank,GO_Biological_Process_2025__Proton Transmembrane Transport (GO:1902600),-0.3284268843768419,-0.7448775875131318,0.8048,1.0,1.0,8/23,27.70%,HVCN1;ATP6V0A2;ATP6V0A1;ATP6V1C1;ATP6AP2;ATP6V0D1;ATP5MF;ATP5PO
prerank,GO_Biological_Process_2025__Positive Regulation of Fibroblast Proliferation (GO:0048146),0.3164332322730479,0.7448444786108738,0.787012987012987,1.0,1.0,5/15,16.39%,DHX9;IGF1;FN1;DDR2;PDGFB
prerank,GO_Biological_Process_2025__DNA Double-Strand Break Processing (GO:0000729),-0.42060079266624983,-0.7448383738242768,0.7730496453900709,1.0,1.0,3/6,23.97%,RAD50;EXD2;UBE2V2
prerank,Reactome_Pathways_2024__Acetylcholine Regulates Insulin Secretion,-0.3923002779561585,-0.7447158573273632,0.7423971377459749,1.0,1.0,2/8,9.06%,GNA15;GNA11
prerank,GO_Biological_Process_2025__Galactose Catabolic Process (GO:0019388),0.411697468373034,0.7445065807510309,0.7673913043478261,1.0,1.0,1/5,6.96%,GALM
prerank,GO_Biological_Process_2025__Regulation of Inclusion Body Assembly (GO:0090083),-0.43568161701707925,-0.7440715006706489,0.7963302752293578,1.0,1.0,3/5,28.53%,DNAJB1;DNAJA4;DNAJB6
prerank,GO_Biological_Process_2025__Regulation of Peptide Hormone Secretion (GO:0090276),-0.3431350783418533,-0.7440194745018293,0.8029556650246306,1.0,1.0,4/17,19.31%,PPP3CB;SLC25A22;TFR2;FGB
prerank,DGIdb_Drug_Targets_2024__FASUDIL,-0.35601401899504825,-0.7440181079715412,0.761986301369863,1.0,1.0,2/13,7.72%,DAPK3;RPS6KA3
prerank,DGIdb_Drug_Targets_2024__PENTOXIFYLLINE,-0.4144160477402429,-0.7437436256990959,0.7704347826086957,1.0,1.0,2/6,9.29%,ITGB2;PDE6D
prerank,GO_Biological_Process_2025__Endoplasmic Reticulum Membrane Organization (GO:0090158),0.3684754659903505,0.7436188507306978,0.7805429864253394,1.0,1.0,5/8,32.22%,STX18;VCPIP1;REEP5;VAPB;LPCAT3
prerank,GO_Biological_Process_2025__Blood Vessel Diameter Maintenance (GO:0097746),0.3267187562142263,0.7436123327554184,0.793010752688172,1.0,1.0,1/14,4.78%,GCLC
prerank,GO_Biological_Process_2025__Positive Regulation of Nuclear-Transcribed mRNA poly(A) Tail Shortening (GO:0060213),-0.41243761641384163,-0.7433226026336409,0.7578947368421053,1.0,1.0,1/6,3.29%,TNRC6B
prerank,GO_Biological_Process_2025__Regulation of Nuclear-Transcribed mRNA poly(A) Tail Shortening (GO:0060211),-0.41243761641384163,-0.7433226026336409,0.7578947368421053,1.0,1.0,1/6,3.29%,TNRC6B
prerank,DGIdb_Drug_Targets_2024__NITROGLYCERIN,-0.44201426364051594,-0.743267283520783,0.7613240418118467,1.0,1.0,2/5,18.48%,GSTM1;MAPK3
prerank,GO_Biological_Process_2025__Positive Regulation of Transcription by RNA Polymerase I (GO:0045943),-0.3954762864068002,-0.7432067431456266,0.7563176895306859,1.0,1.0,1/8,1.49%,EIF2AK3
prerank,GO_Biological_Process_2025__Establishment of Protein Localization to Extracellular Region (GO:0035592),-0.3196847158075595,-0.7427515642755846,0.7996820349761526,1.0,1.0,7/23,18.57%,ARFGAP3;GOLPH3;SCG2;LRRC32;CLSTN3;MIA3;TANGO2
prerank,GO_Biological_Process_2025__Regulation of Monoatomic Cation Transmembrane Transport (GO:1904062),-0.38612623503389654,-0.742147704648962,0.7858376511226253,1.0,1.0,2/9,13.05%,KCNAB2;NEDD4L
prerank,GO_Biological_Process_2025__ATP Transport (GO:0015867),-0.43057604266280924,-0.7421288313587661,0.7738970588235294,1.0,1.0,4/5,39.54%,PANX1;SLC25A17;SLC25A24;CD47
prerank,GO_Biological_Process_2025__Triglyceride Homeostasis (GO:0070328),0.2944686115731896,0.7418558475042182,0.8247978436657682,1.0,1.0,4/22,9.53%,LPL;ANGPTL8;ANGPTL4;C1QTNF3
prerank,GO_Biological_Process_2025__Ceramide Catabolic Process (GO:0046514),0.38048672791533444,0.7413706065680618,0.7424242424242424,1.0,1.0,2/6,15.88%,HEXB;EGFL7
prerank,DGIdb_Drug_Targets_2024__MYCOPHENOLIC ACID,0.3487752157058314,0.7411551431406587,0.7837209302325582,1.0,1.0,6/10,27.63%,SMN2;NFATC1;IL18;CES1;SNCA;IMPDH2
prerank,GO_Biological_Process_2025__Regulation of Macrophage Chemotaxis (GO:0010758),-0.3737830668125701,-0.7409598426865134,0.7516778523489933,1.0,1.0,6/11,37.27%,S100A9;MAPK3;MAPK1;CSF1;RARRES2;PTK2
prerank,GO_Biological_Process_2025__Regulation of Receptor-Mediated Endocytosis (GO:0048259),-0.31879461516453556,-0.7409436579002996,0.827140549273021,1.0,1.0,1/25,1.62%,TNK2
prerank,DGIdb_Drug_Targets_2024__DOXORUBICIN,0.26065902130919205,0.7403666906622755,0.9201277955271565,1.0,1.0,4/40,5.52%,BRAF;COL1A2;TPMT;TOP2B
prerank,GO_Biological_Process_2025__Fatty Acid Biosynthetic Process (GO:0006633),-0.3306936284949553,-0.7403195043199584,0.8013029315960912,1.0,1.0,7/20,13.96%,ACSF3;LIPG;ACACA;HACD3;CBR4;NDUFAB1;ACOT7
prerank,Reactome_Pathways_2024__APC C-mediated Degradation of Cell Cycle Proteins,0.2532354341900009,0.7397874557886117,0.878125,1.0,1.0,2/45,3.08%,CDC27;ANAPC7
prerank,DGIdb_Drug_Targets_2024__MESALAMINE,-0.43547649624788454,-0.7392104508683623,0.7865961199294532,1.0,1.0,3/5,31.57%,PTGS1;HSD17B10;GLS
prerank,GO_Biological_Process_2025__Protein Localization to Chromatin (GO:0071168),-0.4305215749600635,-0.7390802075356636,0.7846975088967971,1.0,1.0,1/5,11.82%,SGF29
prerank,GO_Biological_Process_2025__Bicellular Tight Junction Assembly (GO:0070830),0.3170926231809499,0.7390342685167605,0.773067331670823,1.0,1.0,10/16,33.31%,DLG1;CDH5;PARD3;TBCD;ESAM;MPP7;STRN;CLDN3;PROC;ARL2
prerank,GO_Biological_Process_2025__RNA Transport (GO:0050658),0.3105169727627667,0.7386134066259277,0.7775061124694377,1.0,1.0,2/19,3.11%,ATXN2;RFTN1
prerank,DGIdb_Drug_Targets_2024__CYCLOSPORINE,-0.3210410070979017,-0.7386037174721576,0.8040123456790124,1.0,1.0,8/22,21.81%,FCGR3B;RPS19;ABCB1;ITGB2;NFATC2;ITGAL;MTHFR;PPIA
prerank,GO_Biological_Process_2025__Negative Regulation of Antigen Receptor-Mediated Signaling Pathway (GO:0050858),-0.3549880806523568,-0.7384541063194834,0.7756849315068494,1.0,1.0,3/14,10.17%,THY1;DUSP3;EZR
prerank,GO_Biological_Process_2025__Regulation of Cell Migration Involved in Sprouting Angiogenesis (GO:0090049),-0.3497607382087634,-0.7384063550659972,0.7853577371048253,1.0,1.0,3/16,7.26%,ANXA1;MAP2K5;PIK3C2A
prerank,GO_Biological_Process_2025__Hematopoietic Progenitor Cell Differentiation (GO:0002244),0.3294303406097089,0.7377424338483666,0.7843137254901961,1.0,1.0,1/14,2.46%,SFRP1
prerank,Reactome_Pathways_2024__Activated NOTCH1 Transmits Signal to the Nucleus,0.3281272359352822,0.7373948332128493,0.7855361596009975,1.0,1.0,5/13,21.14%,CNTN1;ARRB2;ADAM17;JAG1;ADAM10
prerank,GO_Biological_Process_2025__Negative Regulation of Protein Serine/Threonine Kinase Activity (GO:0071901),-0.3279568433886579,-0.737094757899424,0.8203125,1.0,1.0,3/20,14.61%,RASIP1;IRAK3;PTEN
prerank,GO_Biological_Process_2025__Endodermal Cell Differentiation (GO:0035987),0.31886096860490076,0.7369536348456219,0.8036175710594315,1.0,1.0,4/16,13.26%,MMP2;MMP14;FN1;ITGA7
prerank,GO_Biological_Process_2025__Endoderm Formation (GO:0001706),0.31886096860490076,0.7369536348456219,0.8036175710594315,1.0,1.0,4/16,13.26%,MMP2;MMP14;FN1;ITGA7
prerank,GO_Biological_Process_2025__Endoplasmic Reticulum to Cytosol Transport (GO:1903513),-0.35377673342250193,-0.7367960888864548,0.8138385502471169,1.0,1.0,9/14,43.99%,DERL1;OS9;SELENOS;SYVN1;AUP1;HSP90B1;VCP;UFD1;SEC61B
prerank,GO_Biological_Process_2025__Positive Regulation of Actin Filament Bundle Assembly (GO:0032233),-0.3072680940745342,-0.7366708639760856,0.8,1.0,1.0,2/29,5.86%,ARHGEF10;TPM1
prerank,Reactome_Pathways_2024__Activation of BAD and Translocation to Mitochondria,0.3254170466459025,0.7366440593298617,0.8155339805825242,1.0,1.0,4/14,20.00%,PPP3CC;AKT3;PPP3R1;SFN
prerank,DGIdb_Drug_Targets_2024__PEMETREXED,-0.3955659712706974,-0.7365297224298877,0.7730496453900709,1.0,1.0,2/8,21.39%,XRCC1;MTHFR
prerank,DGIdb_Drug_Targets_2024__AGS 16C3F,-0.400022391353444,-0.7361689391414877,0.7606837606837606,1.0,1.0,1/7,11.94%,TUBB4A
prerank,DGIdb_Drug_Targets_2024__PANOBINOSTAT,-0.38398790701086283,-0.7359521948408584,0.7686832740213523,1.0,1.0,1/8,3.83%,ACTL6A
prerank,GO_Biological_Process_2025__Phospholipid Homeostasis (GO:0055091),-0.40551913764851943,-0.7356692638623616,0.7830882352941176,1.0,1.0,1/6,8.71%,LIPG
prerank,GO_Biological_Process_2025__Myeloid Cell Differentiation (GO:0030099),-0.32861921143546047,-0.7354989735924083,0.8061389337641357,1.0,1.0,5/21,20.30%,EPX;RPS19;RPS14;CASP3;SLC1A5
prerank,GO_Biological_Process_2025__Negative Regulation of T Cell Proliferation (GO:0042130),0.3024912244355876,0.735140918961675,0.8217054263565892,1.0,1.0,8/18,33.70%,LILRB2;RIPOR2;PDCD1LG2;GLMN;PRKAR1A;LGALS9;CD274;PTPN11
prerank,GO_Biological_Process_2025__Protein O-linked Glycosylation (GO:0006493),-0.29755006436329245,-0.7346618224329505,0.8359941944847605,1.0,1.0,13/39,21.84%,GXYLT1;POFUT1;B3GNT7;GALNT10;ST6GAL1;B3GNT9;B3GALNT1;B3GALT6;OGT;EOGT;GALNT5;POMK;GCNT1
prerank,GO_Biological_Process_2025__Glucan Metabolic Process (GO:0044042),-0.41802984203494187,-0.7338148011556739,0.7828467153284672,1.0,1.0,4/6,39.15%,PYGL;PRKAG2;GBE1;PHKG2
prerank,GO_Biological_Process_2025__Cell Migration Involved in Sprouting Angiogenesis (GO:0002042),0.3580016605574964,0.7335265485491163,0.7462039045553145,1.0,1.0,2/9,13.30%,GPLD1;CDH5
prerank,GO_Biological_Process_2025__Regulation of Amyloid-Beta Formation (GO:1902003),0.2897144317377104,0.7334175592465397,0.8192090395480226,1.0,1.0,3/22,9.44%,GSK3A;IFNGR1;IGF1
prerank,DGIdb_Drug_Targets_2024__INFLIXIMAB,0.35571628546509315,0.7320966623674178,0.777262180974478,1.0,1.0,4/10,16.87%,IVL;HLA-DPB1;HLA-B;ADAM17
prerank,GO_Biological_Process_2025__Organophosphate Biosynthetic Process (GO:0090407),0.3104233158268169,0.7313004651057224,0.7874015748031497,1.0,1.0,4/15,16.80%,MOCS2;DCK;AGPAT5;UBL4A
prerank,GO_Biological_Process_2025__Positive Regulation of ERAD Pathway (GO:1904294),0.36914834008225295,0.7311042174269138,0.7580299785867237,1.0,1.0,3/7,19.84%,STUB1;SGTA;UBQLN1
prerank,GO_Biological_Process_2025__Regulation of Endocytosis (GO:0030100),-0.30190550210861966,-0.7310498732409568,0.8538461538461538,1.0,1.0,1/38,0.42%,HCK
prerank,Reactome_Pathways_2024__Activation of BH3-only Proteins,0.31887389678223027,0.730813933730047,0.8132678132678133,1.0,1.0,4/15,20.00%,PPP3CC;AKT3;PPP3R1;SFN
prerank,GO_Biological_Process_2025__Regulation of Extrinsic Apoptotic Signaling Pathway (GO:2001236),-0.31403479166067283,-0.7306523501798919,0.8354430379746836,1.0,1.0,3/27,11.98%,BCL10;PKN2;SCG2
prerank,DGIdb_Drug_Targets_2024__FENOFIBRATE,-0.3939624001467529,-0.7306198378241107,0.776595744680851,1.0,1.0,2/8,8.92%,APOB;ABCB1
prerank,GO_Biological_Process_2025__AMP Biosynthetic Process (GO:0006167),-0.3990902903537372,-0.7303552254598886,0.8024691358024691,1.0,1.0,4/7,40.66%,ADSS2;APRT;ATIC;NUDT2
prerank,GO_Biological_Process_2025__Regulation of Mast Cell Degranulation (GO:0043304),-0.3993903768261091,-0.729868483385775,0.7684210526315789,1.0,1.0,2/7,20.68%,FES;UNC13D
prerank,GO_Biological_Process_2025__Synaptic Vesicle Exocytosis (GO:0016079),0.32324225489021874,0.7290417869849731,0.8054187192118226,1.0,1.0,5/13,26.36%,RPH3AL;UNC13B;RAB3A;SNCA;SNAP23
prerank,GO_Biological_Process_2025__Nuclear-Transcribed mRNA Catabolic Process (GO:0000956),-0.28334028012724005,-0.7286300075431958,0.841079460269865,1.0,1.0,6/45,11.77%,EIF4A3;EXOSC2;PAN3;DIS3L2;PATL1;CNOT11
prerank,GO_Biological_Process_2025__Regulation of T Cell Apoptotic Process (GO:0070232),0.3815230370101311,0.728583956620864,0.7734553775743707,1.0,1.0,1/7,6.14%,PRKCQ
prerank,"GO_Biological_Process_2025__tRNA Splicing, via Endonucleolytic Cleavage and Ligation (GO:0006388)",-0.4185646486036382,-0.7285177781171167,0.782051282051282,1.0,1.0,3/5,37.69%,FAM98A;DDX1;RTRAF
prerank,GO_Biological_Process_2025__Regulation of T Cell Cytokine Production (GO:0002724),0.3760660486346381,0.7275363143523325,0.7898230088495575,1.0,1.0,1/7,8.85%,CD55
prerank,GO_Biological_Process_2025__Regulation of Trophoblast Cell Migration (GO:1901163),0.3897201196972363,0.7275348436002838,0.7819383259911894,1.0,1.0,5/5,61.06%,C1QBP;ARHGDIB;TIMP1;AGO2;CALR
prerank,GO_Biological_Process_2025__Peptidyl-Serine Autophosphorylation (GO:0036289),0.39148715183751104,0.7260708308368821,0.8033175355450237,1.0,1.0,2/6,21.40%,RIPK1;DYRK1A
prerank,GO_Biological_Process_2025__Apoptotic Mitochondrial Changes (GO:0008637),-0.3344610806106793,-0.7259716522284898,0.7956448911222781,1.0,1.0,11/17,41.52%,REXO2;DNM1L;BAK1;THEM4;VPS35;SOD2;BCL2L1;TIMM50;CAMK2A;CLU;ATG3
prerank,GO_Biological_Process_2025__Negative Regulation of Endothelial Cell Migration (GO:0010596),0.30312882191699125,0.7259655446348723,0.8469945355191257,1.0,1.0,1/17,1.67%,PTPRM
prerank,GO_Biological_Process_2025__Regulation of Vasculature Development (GO:1901342),0.3317089050049114,0.7257453528687602,0.7871287128712872,1.0,1.0,1/12,2.46%,SFRP1
prerank,GO_Biological_Process_2025__Positive Regulation by Host of Viral Process (GO:0044794),-0.35754406179855835,-0.7253604746001684,0.788034188034188,1.0,1.0,1/12,3.02%,NUCKS1
prerank,GO_Biological_Process_2025__Positive Regulation of Establishment of Protein Localization (GO:1904951),-0.34414814858889536,-0.7253062481344453,0.8086124401913876,1.0,1.0,2/17,9.23%,ITGAM;ITGB2
prerank,GO_Biological_Process_2025__Postsynaptic Density Assembly (GO:0097107),-0.42671003653726314,-0.725226785774794,0.8146167557932263,1.0,1.0,3/5,25.41%,PTEN;SHANK3;RELN
prerank,GO_Biological_Process_2025__Nitric Oxide Biosynthetic Process (GO:0006809),-0.42300628897906467,-0.725205640947743,0.8021778584392014,1.0,1.0,3/5,32.82%,VDAC2;SLC7A6;ARG2
prerank,GO_Biological_Process_2025__Protein Autoprocessing (GO:0016540),-0.39649318002713685,-0.7251194654283963,0.774822695035461,1.0,1.0,2/7,13.38%,OMA1;FXN
prerank,GO_Biological_Process_2025__Regulation of Microtubule Nucleation (GO:0010968),0.3236503909198692,0.724587133507874,0.8091787439613527,1.0,1.0,1/12,2.11%,HAUS5
prerank,GO_Biological_Process_2025__Neuron Apoptotic Process (GO:0051402),0.3478867370877881,0.7242444702021569,0.7839080459770115,1.0,1.0,3/8,25.47%,GAPDH;DIABLO;BID
prerank,GO_Biological_Process_2025__Cardiac Muscle Contraction (GO:0060048),0.35548148300621984,0.7234817914900247,0.7795823665893271,1.0,1.0,4/9,16.99%,GAA;MYL4;TTR;ATP1B1
prerank,GO_Biological_Process_2025__Negative Regulation of Epithelial Cell Migration (GO:0010633),0.38590667433670856,0.7234046286950947,0.7878103837471784,1.0,1.0,2/6,16.36%,EPPK1;CORO1C
prerank,GO_Biological_Process_2025__Brain Development (GO:0007420),-0.2776547414618525,-0.7225372051854669,0.8979289940828402,1.0,1.0,8/54,11.22%,PITPNM1;RBBP7;CLASP1;CXCR4;TMX2;ABCB6;IER3IP1;BGLAP
prerank,GO_Biological_Process_2025__D-glucose Transmembrane Transport (GO:1904659),0.39456771878256996,0.7221080925934449,0.7775467775467776,1.0,1.0,1/5,10.22%,SLC2A1
prerank,GO_Biological_Process_2025__post-Golgi Vesicle-Mediated Transport (GO:0006892),0.2470333759091522,0.7220302813842834,0.9266862170087976,1.0,1.0,7/51,9.62%,VPS52;VTI1A;NUDT19;KIF16B;EXOC2;LLGL1;CCDC93
prerank,GO_Biological_Process_2025__Golgi Lumen Acidification (GO:0061795),-0.3955999056700922,-0.7219012864655961,0.7889087656529516,1.0,1.0,2/7,17.87%,ATP6V0A2;ATP6AP2
prerank,GO_Biological_Process_2025__Neural Crest Cell Migration (GO:0001755),0.36018843065721606,0.7214158478538562,0.7807228915662651,1.0,1.0,3/8,14.23%,PHACTR4;FN1;SEMA4D
prerank,GO_Biological_Process_2025__Regulation of Extracellular Matrix Organization (GO:1903053),-0.3578336868225679,-0.7214082297370625,0.811864406779661,1.0,1.0,2/13,8.44%,FGFR4;LMNB2
prerank,DGIdb_Drug_Targets_2024__SORAFENIB,-0.28332281035073464,-0.721185427688258,0.8539823008849557,1.0,1.0,12/43,22.37%,FGFR3;ABCB1;SRPK1;MAPK9;PTEN;MAPK3;NTRK2;MAP4K5;MAP2K1;CTNNB1;RPS6KB1;JAK3
prerank,GO_Biological_Process_2025__Positive Regulation of Interleukin-2 Production (GO:0032743),-0.37534764922689323,-0.7209593788185467,0.7844827586206896,1.0,1.0,4/10,30.74%,RPS3;STOML2;PLCG2;PRKD2
prerank,GO_Biological_Process_2025__Negative Regulation of Extrinsic Apoptotic Signaling Pathway via Death Domain Receptors (GO:1902042),-0.3490596407704051,-0.7205824863721163,0.8115702479338843,1.0,1.0,7/14,32.68%,PEA15;FGB;DDX3X;GPX1;PARK7;RNF34;BCL2L1
prerank,GO_Biological_Process_2025__Regulation of Lamellipodium Organization (GO:1902743),-0.38208814992066475,-0.7204662764082352,0.8017094017094017,1.0,1.0,3/8,21.79%,FER;TWF1;CDC42
prerank,GO_Biological_Process_2025__Regulation of Release of Sequestered Calcium Ion Into Cytosol by Sarcoplasmic Reticulum (GO:0010880),-0.4019619157831832,-0.720300498137019,0.8003629764065335,1.0,1.0,3/7,26.50%,FKBP1A;GSTM2;SRI
prerank,DGIdb_Drug_Targets_2024__ASG 5ME,-0.3950219478592535,-0.7199234505913192,0.794425087108014,1.0,1.0,1/7,11.94%,TUBB4A
prerank,GO_Biological_Process_2025__Cellular Response to Sterol (GO:0036315),0.3974881064453558,0.7195930123660471,0.7655172413793103,1.0,1.0,2/5,12.70%,GPLD1;LRP6
prerank,GO_Biological_Process_2025__Cellular Response to Cholesterol (GO:0071397),0.3974881064453558,0.7195930123660471,0.7655172413793103,1.0,1.0,2/5,12.70%,GPLD1;LRP6
prerank,GO_Biological_Process_2025__Negative Regulation of Apoptotic Signaling Pathway (GO:2001234),0.2604405264847009,0.7194976188549186,0.8675078864353313,1.0,1.0,10/35,22.14%,NOL3;SLC25A6;GHITM;IGF1;IFI6;BIRC6;ACVR1;SOS1;RIPK1;CSNK2A2
prerank,GO_Biological_Process_2025__Positive Regulation of Neurogenesis (GO:0050769),0.29120573837344854,0.7194704401869506,0.8438356164383561,1.0,1.0,2/21,7.12%,CUL7;CUX1
prerank,GO_Biological_Process_2025__Mitotic Cytokinetic Process (GO:1902410),-0.3413112592266656,-0.7187509810347741,0.8166383701188455,1.0,1.0,3/17,14.69%,MITD1;ZFYVE19;VPS4B
prerank,GO_Biological_Process_2025__Nucleus Organization (GO:0006997),-0.30609512496150304,-0.7187413757410811,0.8357030015797788,1.0,1.0,4/29,9.74%,AGFG2;LMNB2;RPS19;REEP4
prerank,GO_Biological_Process_2025__Protein Insertion Into Mitochondrial Outer Membrane (GO:0045040),-0.36753001474208963,-0.7185063915591293,0.8100172711571675,1.0,1.0,5/9,40.20%,TOMM22;MTX2;SAMM50;MTX1;TOMM40
prerank,GO_Biological_Process_2025__Outer Mitochondrial Membrane Organization (GO:0007008),-0.36753001474208963,-0.7185063915591293,0.8100172711571675,1.0,1.0,5/9,40.20%,TOMM22;MTX2;SAMM50;MTX1;TOMM40
prerank,GO_Biological_Process_2025__Regulation of Mitochondrial Fusion (GO:0010635),-0.3910735642069058,-0.7180827425891616,0.781651376146789,1.0,1.0,4/7,31.27%,OMA1;MSTO1;TFRC;VAT1
prerank,GO_Biological_Process_2025__Regulation of Phospholipid Metabolic Process (GO:1903725),0.3762482025368664,0.7176613439766151,0.7736263736263737,1.0,1.0,1/6,5.19%,MTMR3
prerank,GO_Biological_Process_2025__Phospholipid Dephosphorylation (GO:0046839),0.29740133766529403,0.7176565068508972,0.8406862745098039,1.0,1.0,3/18,6.26%,FIG4;MTMR3;SGPP1
prerank,GO_Biological_Process_2025__Blood Vessel Morphogenesis (GO:0048514),-0.3345978706018893,-0.7175430442763552,0.8160535117056856,1.0,1.0,1/16,2.41%,RASIP1
prerank,GO_Biological_Process_2025__Negative Regulation of Extracellular Matrix Organization (GO:1903054),-0.3940950492112422,-0.7174181632620708,0.8208191126279863,1.0,1.0,1/7,5.08%,CST3
prerank,GO_Biological_Process_2025__Fc Receptor Signaling Pathway (GO:0038093),-0.33217833130224406,-0.7172869649113854,0.8178913738019169,1.0,1.0,5/18,21.68%,FCGR3B;MAPK9;FER;MAP2K4;CD247
prerank,GO_Biological_Process_2025__Positive Regulation of Macrophage Derived Foam Cell Differentiation (GO:0010744),0.35862038836615723,0.716664873186804,0.7801418439716312,1.0,1.0,1/8,2.69%,LPL
prerank,DGIdb_Drug_Targets_2024__CAPTOPRIL,-0.4248224188663049,-0.7160615202262823,0.7911714770797963,1.0,1.0,1/5,7.14%,ACE
prerank,GO_Biological_Process_2025__Calcium Ion Import (GO:0070509),-0.40840649415527364,-0.7158670263534874,0.7823008849557522,1.0,1.0,2/6,7.30%,MCUR1;ATP2B4
prerank,GO_Biological_Process_2025__Cellular Response to pH (GO:0071467),-0.4272508668443128,-0.7147624754111384,0.8088235294117647,1.0,1.0,2/5,10.82%,HVCN1;RAB43
prerank,GO_Biological_Process_2025__Response to Peptide Hormone (GO:0043434),-0.3027933641074332,-0.7142993962076568,0.8303030303030303,1.0,1.0,12/28,28.79%,EIF2B5;EIF2B1;MEAK7;IGFBP5;STAT5A;SMAD3;OGT;EIF2B2;EIF2B3;AKT1;GRB10;SORT1
prerank,GO_Biological_Process_2025__Protein-Containing Complex Organization (GO:0043933),0.23050419174072956,0.7141186919874408,0.9562289562289562,1.0,1.0,14/64,16.95%,DHX9;JCHAIN;IL1RAP;LLGL1;TUBGCP2;SLC2A1;KPNA3;KNTC1;WASL;NUP54;PARD3;NCAPG;SEH1L;AXIN1
prerank,GO_Biological_Process_2025__Regulation of miRNA Transcription (GO:1902893),0.31092624014648623,0.7141039742618958,0.8048128342245989,1.0,1.0,4/13,21.86%,NOTCH3;MRTFA;PDGFB;NOTCH2
prerank,GO_Biological_Process_2025__Central Nervous System Neuron Development (GO:0021954),-0.39736425753341587,-0.7139870364497893,0.8211091234347049,1.0,1.0,3/7,18.71%,GBA2;PTEN;NTRK2
prerank,GO_Biological_Process_2025__T Cell Proliferation (GO:0042098),-0.37003635462290996,-0.7132721855700638,0.775206611570248,1.0,1.0,2/9,13.16%,EBI3;PPP3CB
prerank,GO_Biological_Process_2025__Muscle Contraction (GO:0006936),0.29511851506549636,0.7132069104893816,0.8311345646437994,1.0,1.0,7/19,20.61%,TMOD1;TPM3;TTR;CHRNE;SMTN;EMD;TMOD3
prerank,GO_Biological_Process_2025__COPII-coated Vesicle Budding (GO:0090114),-0.29478903374168064,-0.7128963872937805,0.8377125193199382,1.0,1.0,12/32,29.42%,SAR1B;TRAPPC2L;PEF1;SEC23B;MIA3;SAR1A;TRAPPC8;TRAPPC1;PREB;TMED2;SEC24C;TMED10
prerank,GO_Biological_Process_2025__Negative Regulation of Phosphate Metabolic Process (GO:0045936),0.34762425485574716,0.7125481824538609,0.8098591549295775,1.0,1.0,1/9,4.48%,GSK3A
prerank,GO_Biological_Process_2025__Negative Regulation of Biosynthetic Process (GO:0009890),0.2989562983501149,0.712397575759705,0.8492462311557789,1.0,1.0,3/17,9.53%,ADIPOQ;AMDHD2;C1QTNF3
prerank,GO_Biological_Process_2025__Positive Regulation of Alcohol Biosynthetic Process (GO:1902932),0.33468526284993777,0.7122428644924386,0.8220140515222483,1.0,1.0,1/10,4.96%,BMP6
prerank,GO_Biological_Process_2025__Negative Regulation of Protein Modification by Small Protein Conjugation or Removal (GO:1903321),0.26544366768486444,0.7119741992965989,0.8704225352112676,1.0,1.0,7/29,18.66%,N4BP1;CAMLG;ARRB2;SPRY2;SQSTM1;GNL3L;WNK1
prerank,GO_Biological_Process_2025__Cytosolic Transport (GO:0016482),-0.25922467960157347,-0.7112218290312146,0.909985935302391,1.0,1.0,6/72,10.38%,RAB29;SLC66A2;PLEKHJ1;GGA1;SORL1;PHETA2
prerank,DGIdb_Drug_Targets_2024__DOLASTATIN 10,-0.3790673905273849,-0.7111109328403028,0.7939698492462312,1.0,1.0,1/8,11.94%,TUBB4A
prerank,DGIdb_Drug_Targets_2024__PF 06263507,-0.3790673905273849,-0.7111109328403028,0.7939698492462312,1.0,1.0,1/8,11.94%,TUBB4A
prerank,DGIdb_Drug_Targets_2024__EPOTHILONE D,-0.3790673905273849,-0.7111109328403028,0.7939698492462312,1.0,1.0,1/8,11.94%,TUBB4A
prerank,DGIdb_Drug_Targets_2024__ABT 751,-0.3790673905273849,-0.7111109328403028,0.7939698492462312,1.0,1.0,1/8,11.94%,TUBB4A
prerank,DGIdb_Drug_Targets_2024__ENFORTUMAB VEDOTIN,-0.3790673905273849,-0.7111109328403028,0.7939698492462312,1.0,1.0,1/8,11.94%,TUBB4A
prerank,DGIdb_Drug_Targets_2024__TRASTUZUMAB EMTANSINE,-0.3790673905273849,-0.7111109328403028,0.7939698492462312,1.0,1.0,1/8,11.94%,TUBB4A
prerank,DGIdb_Drug_Targets_2024__IXABEPILONE,-0.3790673905273849,-0.7111109328403028,0.7939698492462312,1.0,1.0,1/8,11.94%,TUBB4A
prerank,GO_Biological_Process_2025__Regulation of Nuclear Division (GO:0051783),-0.40798506877376334,-0.7104913938155327,0.8216911764705882,1.0,1.0,2/5,12.05%,DAPK3;PDXP
prerank,GO_Biological_Process_2025__Regulation of Plasma Membrane Bounded Cell Projection Assembly (GO:0120032),0.2639225043656046,0.7102436551602025,0.8911174785100286,1.0,1.0,2/32,3.82%,TBC1D20;TBC1D14
prerank,GO_Biological_Process_2025__Negative Regulation of Amyloid Fibril Formation (GO:1905907),0.32717183271568084,0.7100813773855789,0.7946210268948656,1.0,1.0,3/10,17.99%,LDLR;TREM2;VBP1
prerank,GO_Biological_Process_2025__Humoral Immune Response Mediated by Circulating Immunoglobulin (GO:0002455),0.3861678749951838,0.7100779748791907,0.8048780487804879,1.0,1.0,2/5,17.18%,FCMR;C1R
prerank,GO_Biological_Process_2025__Negative Regulation of Inflammasome-Mediated Signaling Pathway (GO:0141086),0.35155273645611074,0.7093272137218372,0.7748815165876777,1.0,1.0,3/7,23.29%,ZDHHC12;TREM2;CARD8
prerank,GO_Biological_Process_2025__Regulation of Ferroptosis (GO:0110075),-0.40162127909552653,-0.7084344315552772,0.8125,1.0,1.0,2/6,11.13%,DHCR7;TMEM164
prerank,GO_Biological_Process_2025__Positive Regulation of Vascular Associated Smooth Muscle Cell Proliferation (GO:1904707),0.36006466220561156,0.7075506420757681,0.8113636363636364,1.0,1.0,3/8,16.39%,MMP2;IGF1;PDGFB
prerank,DGIdb_Drug_Targets_2024__LEVODOPA,0.3804658886390836,0.7073137949958009,0.7794117647058824,1.0,1.0,1/5,8.20%,DBH
prerank,GO_Biological_Process_2025__Blood Vessel Endothelial Cell Migration (GO:0043534),0.342923790259009,0.7071034373581424,0.8070953436807096,1.0,1.0,2/10,13.30%,GPLD1;CDH5
prerank,GO_Biological_Process_2025__Regulation of Dendritic Spine Development (GO:0060998),-0.37665066894504173,-0.7070368102209416,0.8014059753954306,1.0,1.0,2/7,24.31%,SHANK3;ARF6
prerank,GO_Biological_Process_2025__Regulation of Hydrolase Activity (GO:0051336),-0.30614246659838446,-0.7068724359262003,0.8603945371775418,1.0,1.0,6/28,23.44%,RASIP1;RDX;NTRK2;RAB3GAP2;NPM1;CDK5RAP3
prerank,GO_Biological_Process_2025__Substantia Nigra Development (GO:0021762),0.2874161527962275,0.7068386566004518,0.8387909319899244,1.0,1.0,1/20,2.27%,CKB
prerank,GO_Biological_Process_2025__Muscle Cell Differentiation (GO:0042692),-0.3759390091202109,-0.7067770194288746,0.7890222984562607,1.0,1.0,1/8,6.01%,HDGFL2
prerank,GO_Biological_Process_2025__Regulation of Stem Cell Population Maintenance (GO:2000036),-0.36801722386909186,-0.7065425584052659,0.790990990990991,1.0,1.0,1/8,3.82%,RBBP7
prerank,GO_Biological_Process_2025__Homotypic Cell-Cell Adhesion (GO:0034109),0.2550327244009958,0.7064867944436128,0.8978328173374613,1.0,1.0,2/36,4.24%,CDHR2;HBB
prerank,DGIdb_Drug_Targets_2024__COLCHICINE,-0.3323149498721969,-0.7064335084321408,0.8421900161030595,1.0,1.0,3/16,11.94%,ABCB1;ITGB2;TUBB4A
prerank,GO_Biological_Process_2025__Regulation of Vascular Associated Smooth Muscle Cell Proliferation (GO:1904705),-0.32277435176714675,-0.7063250143242936,0.8330550918196995,1.0,1.0,6/17,18.59%,TPM1;CNN1;PDCD4;PTEN;IGFBP5;MMP9
prerank,GO_Biological_Process_2025__Negative Regulation of Response to Stimulus (GO:0048585),0.28441232684831946,0.7062009823797073,0.8524590163934426,1.0,1.0,7/23,19.91%,SH2B3;IGFBP3;COL3A1;INPP5D;APOA1;C9ORF72;MPIG6B
prerank,GO_Biological_Process_2025__Regulation of Lymphocyte Apoptotic Process (GO:0070228),-0.4122533204907224,-0.7059948591971301,0.815018315018315,1.0,1.0,3/5,40.78%,JAK3;PRKD2;BTK
prerank,GO_Biological_Process_2025__Regulation of Telomere Maintenance via Telomerase (GO:0032210),-0.3166146572944381,-0.7059144848270952,0.8419354838709677,1.0,1.0,4/19,20.65%,HNRNPD;FBXO4;HNRNPC;CTNNB1
prerank,DGIdb_Drug_Targets_2024__BUSULFAN,-0.3713476815253807,-0.7049302701488613,0.8300536672629696,1.0,1.0,4/9,21.39%,GSTM1;ADK;ITGAL;MTHFR
prerank,GO_Biological_Process_2025__Positive Regulation of Protein Processing (GO:0010954),-0.3448846700351075,-0.7047783110860708,0.8250825082508251,1.0,1.0,1/13,2.57%,MELTF
prerank,GO_Biological_Process_2025__Negative Regulation of NF-kappaB Transcription Factor Activity (GO:0032088),-0.29136014623883133,-0.7045729226311386,0.838258164852255,1.0,1.0,11/30,30.27%,COMMD6;ANXA4;TRIM40;IRAK3;PSMD10;CDK5RAP3;USP7;COMMD1;LRRC14;UFL1;MTURN
prerank,GO_Biological_Process_2025__Regulation of Protein Modification by Small Protein Conjugation or Removal (GO:1903320),-0.3323414440518552,-0.7035325293664958,0.8293918918918919,1.0,1.0,7/16,36.97%,CTNNB1;COPS6;HSP90AB1;COPS3;HSP90AA1;GPS1;ITCH
prerank,GO_Biological_Process_2025__Regulation of JNK Cascade (GO:0046328),0.2406634013631711,0.7030749942189876,0.9620253164556962,1.0,1.0,7/47,12.33%,ZNF622;TAOK2;PLCB1;TGFBR3;MYOC;CCDC88C;HDAC3
prerank,GO_Biological_Process_2025__Porphyrin-Containing Compound Catabolic Process (GO:0006787),-0.407130006772758,-0.7023828780214842,0.8115671641791045,1.0,1.0,4/5,48.49%,BLVRA;HMOX2;UROD;BLVRB
prerank,GO_Biological_Process_2025__Positive Regulation of Myoblast Fusion (GO:1901741),0.3574253773942646,0.7023183803842655,0.81859410430839,1.0,1.0,2/7,15.09%,RIPOR2;SCGB3A1
prerank,"GO_Biological_Process_2025__Retrograde Transport, Endosome to Golgi (GO:0042147)",-0.2574642141744501,-0.7023063163517631,0.9349363507779349,1.0,1.0,7/71,10.38%,RAB29;SLC66A2;PLEKHJ1;GGA1;SORL1;SNX3;PHETA2
prerank,GO_Biological_Process_2025__Negative Regulation of Protein Polymerization (GO:0032272),-0.3223411318329924,-0.7011008721854816,0.8482871125611745,1.0,1.0,1/18,2.08%,SSH2
prerank,GO_Biological_Process_2025__Receptor Clustering (GO:0043113),-0.3370912988659434,-0.7010966528037741,0.8225255972696246,1.0,1.0,2/15,9.23%,THY1;ITGB2
prerank,GO_Biological_Process_2025__Negative Regulation of Signal Transduction by P53 Class Mediator (GO:1901797),-0.38740351119170385,-0.7008833570550141,0.8168067226890756,1.0,1.0,2/7,17.36%,S100A9;PSMD10
prerank,DGIdb_Drug_Targets_2024__KENPAULLONE,0.27439123819472755,0.7004876435356363,0.8672566371681416,1.0,1.0,5/24,14.54%,PDPK1;GSK3A;SMN2;ABL1;RAB9A
prerank,GO_Biological_Process_2025__Regulation of Ruffle Assembly (GO:1900027),-0.3838412360247438,-0.7000555243219726,0.8140794223826715,1.0,1.0,3/7,32.01%,RDX;FAM98A;PFN1
prerank,GO_Biological_Process_2025__Positive Regulation of Vasculogenesis (GO:2001214),-0.40792305651521854,-0.6998485759437905,0.8072916666666666,1.0,1.0,3/5,38.13%,RRAS;HIF1AN;RAP1A
prerank,DGIdb_Drug_Targets_2024__CURCUMIN,0.28098952484377754,0.6998429100046072,0.8685714285714285,1.0,1.0,3/22,11.92%,CA1;ANPEP;SMAD2
prerank,GO_Biological_Process_2025__Negative Regulation of Blood Vessel Morphogenesis (GO:2000181),0.25313366172254065,0.6993670036436399,0.8860759493670886,1.0,1.0,6/37,14.05%,PTPRM;KLKB1;STAT1;SPRY2;CD36;APOH
prerank,GO_Biological_Process_2025__Ether Lipid Metabolic Process (GO:0046485),-0.35380348555271174,-0.6992855051465532,0.8170515097690941,1.0,1.0,5/11,20.95%,SELENOI;PEDS1;AGPS;FAR1;GNPAT
prerank,GO_Biological_Process_2025__Regulation of Microtubule Cytoskeleton Organization (GO:0070507),0.29933416532235835,0.6992851028040797,0.8321342925659473,1.0,1.0,8/16,26.08%,GSK3A;STMN1;MAPRE1;MARK2;GAS2L1;PHLDB1;TAOK1;SNCA
prerank,GO_Biological_Process_2025__Regulation of Insulin Secretion Involved in Cellular Response to Glucose Stimulus (GO:0061178),0.34882431788225676,0.698819738247033,0.7804878048780488,1.0,1.0,1/8,4.56%,GPLD1
prerank,GO_Biological_Process_2025__Positive Regulation of RNA Splicing (GO:0033120),-0.3476461286379676,-0.6984155896181604,0.828099173553719,1.0,1.0,1/12,4.48%,ZPR1
prerank,GO_Biological_Process_2025__Positive Regulation of Nervous System Process (GO:0031646),-0.3924122718535735,-0.6982175427199736,0.7981132075471699,1.0,1.0,2/6,19.26%,NLGN2;DICER1
prerank,GO_Biological_Process_2025__Negative Regulation of Sodium Ion Transport (GO:0010766),-0.40996383233143596,-0.6980264240756416,0.8066298342541437,1.0,1.0,2/5,25.61%,NEDD4L;COMMD1
prerank,GO_Biological_Process_2025__Positive Regulation of Release of Sequestered Calcium Ion Into Cytosol (GO:0051281),0.3136067887670301,0.6978979178530637,0.8396946564885496,1.0,1.0,2/13,4.43%,PDPK1;CEMIP
prerank,GO_Biological_Process_2025__Regulation of Vascular Associated Smooth Muscle Cell Migration (GO:1904752),-0.3757381201976999,-0.6976171339632598,0.8309608540925267,1.0,1.0,3/7,19.59%,TPM1;IGFBP5;DOCK5
prerank,GO_Biological_Process_2025__Secretory Granule Organization (GO:0033363),-0.29871854452651747,-0.6964042942796802,0.832258064516129,1.0,1.0,5/25,18.27%,HPS5;HPS6;AP1S1;F2R;AP1S2
prerank,GO_Biological_Process_2025__Memory (GO:0007613),-0.31665528281641364,-0.6957535820611956,0.8380952380952381,1.0,1.0,7/18,25.41%,LRRN4;ACSS2;PPP3CB;METAP1;SHANK3;EIF2AK4;RELN
prerank,DGIdb_Drug_Targets_2024__METHADONE,0.33394912510303054,0.6957190367210523,0.8163771712158809,1.0,1.0,1/9,2.73%,ACHE
prerank,GO_Biological_Process_2025__Positive Regulation of Natural Killer Cell Mediated Cytotoxicity (GO:0045954),0.3359463088288738,0.6953731623791081,0.7957244655581948,1.0,1.0,2/9,17.50%,PVR;CADM1
prerank,GO_Biological_Process_2025__Positive Regulation of Natural Killer Cell Mediated Immunity (GO:0002717),0.3359463088288738,0.6953731623791081,0.7957244655581948,1.0,1.0,2/9,17.50%,PVR;CADM1
prerank,GO_Biological_Process_2025__Glycosphingolipid Biosynthetic Process (GO:0006688),-0.40048255401368327,-0.6951438216848755,0.8212996389891697,1.0,1.0,1/5,12.93%,B3GALNT1
prerank,GO_Biological_Process_2025__mRNA Methylguanosine-Cap Decapping (GO:0110156),0.3568952434343729,0.6949384326864818,0.8012958963282938,1.0,1.0,3/7,19.29%,EDC3;DCP1A;DCPS
prerank,GO_Biological_Process_2025__Semaphorin-Plexin Signaling Pathway (GO:0071526),-0.3363509873321573,-0.6947028811210773,0.8414023372287145,1.0,1.0,3/14,20.17%,SEMA3B;SEMA3F;RHOA
prerank,GO_Biological_Process_2025__Regulation of Cell-Cell Adhesion Mediated by Integrin (GO:0033632),0.3649999303513809,0.6943381478728778,0.764172335600907,1.0,1.0,2/6,18.66%,DPP4;WNK1
prerank,GO_Biological_Process_2025__Phosphatidylinositol 3-Kinase/Protein Kinase B Signal Transduction (GO:0043491),-0.31334603366551866,-0.69355194025517,0.8629283489096573,1.0,1.0,2/21,7.26%,FCGR3B;PIK3C2A
prerank,GO_Biological_Process_2025__Inorganic Cation Import Across Plasma Membrane (GO:0098659),-0.3398823039227129,-0.6932824746284294,0.8250825082508251,1.0,1.0,2/13,7.30%,SLC12A6;ATP2B4
prerank,GO_Biological_Process_2025__Release of Cytochrome C From Mitochondria (GO:0001836),-0.3594046380475583,-0.6928997134087201,0.7964912280701755,1.0,1.0,6/9,41.15%,REXO2;BAK1;SOD2;BCL2L1;TIMM50;CLU
prerank,GO_Biological_Process_2025__Regulation of Platelet Activation (GO:0010543),0.2690771958285561,0.692194595766119,0.8941798941798942,1.0,1.0,7/24,24.38%,PRKCQ;SVEP1;PEAR1;PDGFB;FCER1G;PDGFA;GP1BB
prerank,GO_Biological_Process_2025__Ribosomal Large Subunit Export From Nucleus (GO:0000055),-0.40141932684940895,-0.6912313998032088,0.8161120840630472,1.0,1.0,2/5,24.06%,NPM1;NMD3
prerank,GO_Biological_Process_2025__Lysosome Organization (GO:0007040),-0.31125881804479855,-0.6908543763245419,0.8536977491961415,1.0,1.0,2/22,6.56%,PI4KB;SPG11
prerank,DGIdb_Drug_Targets_2024__OSIMERTINIB,-0.4031346292105817,-0.6901392461936681,0.8196428571428571,1.0,1.0,3/5,20.65%,MET;PTEN;CTNNB1
prerank,GO_Biological_Process_2025__Purine Ribonucleoside Triphosphate Biosynthetic Process (GO:0009206),-0.3544605103964979,-0.6895696374073111,0.8353552859618717,1.0,1.0,6/10,43.62%,PRKAG2;SLC25A13;ATP5PO;NUDT2;ATP5F1B;TGFB1
prerank,GO_Biological_Process_2025__Neural Crest Cell Development (GO:0014032),-0.33996930399335096,-0.6893375571263898,0.8370497427101201,1.0,1.0,3/13,14.40%,SEMA3B;PEF1;SEMA3F
prerank,DGIdb_Drug_Targets_2024__ANG1005,-0.3611447039183543,-0.6892939503164001,0.8056951423785594,1.0,1.0,1/9,11.94%,TUBB4A
prerank,GO_Biological_Process_2025__Positive Regulation of Transforming Growth Factor Beta Receptor Signaling Pathway (GO:0030511),-0.3351907732569782,-0.6892684099474891,0.8090452261306532,1.0,1.0,1/11,4.41%,SMAD4
prerank,GO_Biological_Process_2025__Positive Regulation of Cellular Response to Transforming Growth Factor Beta Stimulus (GO:1903846),-0.3351907732569782,-0.6892684099474891,0.8090452261306532,1.0,1.0,1/11,4.41%,SMAD4
prerank,DGIdb_Drug_Targets_2024__ENALAPRIL,-0.3730829241862079,-0.6891956543493541,0.8151986183074266,1.0,1.0,1/8,7.14%,ACE
prerank,GO_Biological_Process_2025__Response to Thyroid Hormone (GO:0097066),0.3696684837108829,0.6891613836971331,0.7898230088495575,1.0,1.0,2/5,15.49%,CTSS;HPN
prerank,GO_Biological_Process_2025__Regulation of Heart Contraction (GO:0008016),-0.335654223956056,-0.6885858014580682,0.8523725834797891,1.0,1.0,3/13,15.51%,TPM1;ATP2B4;CELF2
prerank,Reactome_Pathways_2024__Activation of C3 and C5,0.3470976916386988,0.688477085923168,0.8052256532066508,1.0,1.0,3/7,25.18%,CFP;C5;C4A
prerank,GO_Biological_Process_2025__Regulation of ERK1 and ERK2 Cascade (GO:0070372),0.20530132710373702,0.6882720697987927,0.9954337899543378,1.0,1.0,18/93,17.53%,PTPN2;TNIP1;BRAF;ADIPOQ;ARRB2;TGFBR3;IGF1;CHI3L1;SPRY2;FN1;DLG1;CD36;CD44;PDGFB;RAMP3;TREM2;DUSP28;PDGFD
prerank,GO_Biological_Process_2025__Regulation of SNARE Complex Assembly (GO:0035542),-0.34582361931533634,-0.6881017617981463,0.8447712418300654,1.0,1.0,1/11,4.01%,TGFBRAP1
prerank,GO_Biological_Process_2025__Antigen Processing and Presentation of Peptide Antigen via MHC Class II (GO:0002495),-0.35903417907128354,-0.6878380780729976,0.8214904679376083,1.0,1.0,1/9,3.97%,IFI30
prerank,GO_Biological_Process_2025__Antigen Processing and Presentation of Exogenous Peptide Antigen via MHC Class II (GO:0019886),-0.35903417907128354,-0.6878380780729976,0.8214904679376083,1.0,1.0,1/9,3.97%,IFI30
prerank,GO_Biological_Process_2025__Regulation of Extracellular Exosome Assembly (GO:1903551),-0.40472664354527615,-0.6873582319333074,0.8203703703703704,1.0,1.0,3/5,39.96%,SDC1;SDC4;STAM
prerank,GO_Biological_Process_2025__Cardiac Atrium Morphogenesis (GO:0003209),0.37299771167048057,0.6872294962303965,0.803921568627451,1.0,1.0,5/5,62.73%,NOTCH2;ENG;NOTCH1;TGFB2;ZFPM1
prerank,GO_Biological_Process_2025__Protein Secretion (GO:0009306),0.254339835913082,0.6871778771092883,0.8925619834710744,1.0,1.0,3/30,7.98%,PCSK5;GPLD1;MTTP
prerank,GO_Biological_Process_2025__Regulation of Cell Development (GO:0060284),0.30550811725182403,0.6870498579425023,0.8389423076923077,1.0,1.0,2/13,4.27%,FBXO22;GRN
prerank,GO_Biological_Process_2025__Positive Regulation of ERK1 and ERK2 Cascade (GO:0070374),-0.2544474576579742,-0.6867927712153702,0.9338731443994602,1.0,1.0,12/67,19.31%,FGFR2;FGFR4;FGFR3;S100A9;NPNT;MARCO;F2R;GLIPR2;CCL21;MAPK3;MAP2K1;FGB
prerank,GO_Biological_Process_2025__Negative Regulation of Vascular Endothelial Growth Factor Signaling Pathway (GO:1900747),0.37564998629238094,0.6866650298485397,0.8110599078341014,1.0,1.0,1/5,10.43%,SPRY2
prerank,GO_Biological_Process_2025__Regulation of Cyclin-Dependent Protein Serine/Threonine Kinase Activity (GO:0000079),-0.332527900038598,-0.6866319746173215,0.8324697754749568,1.0,1.0,5/13,23.44%,CDKN2D;PTEN;PSMD10;CCNY;CDK5RAP3
prerank,GO_Biological_Process_2025__Regulation of Release of Sequestered Calcium Ion Into Cytosol (GO:0051279),0.28733743849109156,0.6866291100125868,0.8721227621483376,1.0,1.0,2/17,4.43%,PDPK1;CEMIP
prerank,GO_Biological_Process_2025__Modulation of Chemical Synaptic Transmission (GO:0050804),-0.28538267588493504,-0.6866285807712713,0.8643790849673203,1.0,1.0,8/30,19.61%,TPRG1L;NLGN2;MCTP1;CLSTN3;PTEN;OPHN1;MCTP2;FXR1
prerank,DGIdb_Drug_Targets_2024__PREDNISONE,-0.3347723036157807,-0.6856317571578742,0.8559602649006622,1.0,1.0,4/13,12.75%,ANXA1;ABCB1;ITGB2;GSTM1
prerank,GO_Biological_Process_2025__Protein Targeting (GO:0006605),-0.24583180943585656,-0.6854236472463368,0.9574175824175825,1.0,1.0,22/80,26.54%,PEX5;GOLGA7;SEC61G;SRP14;SORL1;GOLPH3;SRP54;RPL11;AP4M1;TOMM22;PRKCI;FIS1;AP4S1;MAN1A1;AP4B1;MFN2;LTBP3;BCAP31;VPS13A;LONP2;TIMM44;SRPRA
prerank,GO_Biological_Process_2025__Protein Import Into Mitochondrial Matrix (GO:0030150),-0.34950668693143944,-0.6853325812908573,0.8490566037735849,1.0,1.0,2/10,15.72%,TOMM40L;TIMM21
prerank,GO_Biological_Process_2025__Positive Regulation of Plasma Membrane Bounded Cell Projection Assembly (GO:0120034),-0.27454923119247926,-0.6851816583621265,0.9051987767584098,1.0,1.0,2/40,4.10%,CDC42EP3;RHOQ
prerank,DGIdb_Drug_Targets_2024__CEDIRANIB,-0.2827215537751673,-0.6851714108157412,0.8696319018404908,1.0,1.0,2/31,4.61%,FGFR2;FGFR3
prerank,GO_Biological_Process_2025__N-acetylglucosamine Metabolic Process (GO:0006044),-0.36896113484081666,-0.684869486017678,0.8266199649737302,1.0,1.0,2/7,15.28%,NAGK;CHST1
prerank,GO_Biological_Process_2025__Negative Regulation of Cell-Matrix Adhesion (GO:0001953),0.29385415718246705,0.6848278874824848,0.8560606060606061,1.0,1.0,10/17,34.88%,MYOC;CORO1C;MAP4K4;JAG1;ADAM15;APOD;SERPINE1;ITGB1BP1;ARHGAP6;DUSP22
prerank,GO_Biological_Process_2025__Regulation of Substrate Adhesion-Dependent Cell Spreading (GO:1900024),-0.28080163977654693,-0.6847441949208201,0.899135446685879,1.0,1.0,6/34,21.79%,MELTF;RCC2;FGB;DOCK5;CIB1;CDC42
prerank,GO_Biological_Process_2025__Amino Sugar Catabolic Process (GO:0046348),0.3729921712529628,0.6847039185049247,0.7930283224400871,1.0,1.0,1/5,7.05%,AMDHD2
prerank,DGIdb_Drug_Targets_2024__MK2206,0.32137222925953113,0.684653709558955,0.8380462724935732,1.0,1.0,2/11,3.50%,BRAF;STK11
prerank,GO_Biological_Process_2025__Response to Cholesterol (GO:0070723),-0.35824473597607676,-0.6842238525729246,0.8347107438016529,1.0,1.0,2/9,7.09%,OSBPL7;PMVK
prerank,GO_Biological_Process_2025__Negative Regulation of Catabolic Process (GO:0009895),-0.26500964301568003,-0.6842114042398507,0.9117647058823529,1.0,1.0,13/51,19.13%,RASIP1;SERPINB12;CST3;SNX3;RPL11;TRIM40;RUBCN;MTMR9;IRAK3;DNPEP;LEPROT;EIF4G2;RPTOR
prerank,GO_Biological_Process_2025__Regulation of Amyloid Fibril Formation (GO:1905906),0.3112687476830017,0.6840845268303618,0.8346055979643766,1.0,1.0,3/12,17.99%,LDLR;TREM2;VBP1
prerank,GO_Biological_Process_2025__Regulation of Protein Metabolic Process (GO:0051246),-0.2639366220594532,-0.6837725903614922,0.9241071428571429,1.0,1.0,4/47,7.14%,RPL15;MSI2;MAP2K5;ACE
prerank,GO_Biological_Process_2025__Nitric oxide-cGMP-mediated Signaling (GO:0038060),-0.38875806424632187,-0.6836574311363769,0.8072289156626506,1.0,1.0,1/6,7.30%,ATP2B4
prerank,GO_Biological_Process_2025__Protein Ufmylation (GO:0071569),-0.39672930908476356,-0.6834828571248354,0.8275862068965517,1.0,1.0,2/5,31.34%,UFL1;UFM1
prerank,GO_Biological_Process_2025__Release of Sequestered Calcium Ion Into Cytosol (GO:0051209),-0.3128212759528046,-0.6826973370727174,0.8651315789473685,1.0,1.0,10/19,31.78%,LETM1;ERO1A;PLCB4;F2R;CCL21;ITPR1;PLCG2;PRKD2;PLCB3;GP9
prerank,GO_Biological_Process_2025__Heart Contraction (GO:0060047),0.3359778938395015,0.682621501640954,0.8052256532066508,1.0,1.0,4/9,16.99%,GAA;MYL4;TTR;ATP1B1
prerank,GO_Biological_Process_2025__Antigen Processing and Presentation of Exogenous Peptide Antigen (GO:0002478),-0.33360745904643185,-0.6823779878979811,0.8432708688245315,1.0,1.0,1/13,3.97%,IFI30
prerank,GO_Biological_Process_2025__Negative Regulation of Macromolecule Biosynthetic Process (GO:0010558),0.21684466840411248,0.6821321454155599,0.9539007092198581,1.0,1.0,10/74,11.70%,SFRP1;CNOT7;ADIPOQ;GSK3A;FCN3;REL;IGF1;C1QTNF3;PARP9;PARP14
prerank,GO_Biological_Process_2025__Glycoprotein Catabolic Process (GO:0006516),0.3576015091578734,0.6820080675004471,0.7995337995337995,1.0,1.0,1/6,9.00%,OGA
prerank,GO_Biological_Process_2025__Negative Regulation of T Cell Activation (GO:0050868),-0.3036286497366003,-0.6819507721558992,0.8688524590163934,1.0,1.0,7/21,28.02%,DUSP3;FGL1;PAG1;JAK3;TINAGL1;CTSG;UFL1
prerank,GO_Biological_Process_2025__Regulation of TORC2 Signaling (GO:1903939),-0.3498112371937184,-0.6818791567974489,0.8267148014440433,1.0,1.0,4/9,28.77%,OTUD5;RPS6KB1;USP9X;PIH1D1
prerank,GO_Biological_Process_2025__Energy Reserve Metabolic Process (GO:0006112),-0.36039592302226775,-0.6814652955822691,0.8379310344827586,1.0,1.0,5/9,39.15%,LEPROT;PYGL;PRKAG2;GBE1;PHKG2
prerank,DGIdb_Drug_Targets_2024__LOVASTATIN,0.28674618858078377,0.6810962772345115,0.8391959798994975,1.0,1.0,2/16,5.47%,LPL;SMN2
prerank,GO_Biological_Process_2025__Neurotransmitter Secretion (GO:0007269),0.32261464846118326,0.6805500745444794,0.8210023866348448,1.0,1.0,4/9,30.25%,LIN7C;RAB3A;SNCA;PIP5K1C
prerank,GO_Biological_Process_2025__Signal Release From Synapse (GO:0099643),0.32261464846118326,0.6805500745444794,0.8210023866348448,1.0,1.0,4/9,30.25%,LIN7C;RAB3A;SNCA;PIP5K1C
prerank,GO_Biological_Process_2025__Positive Regulation of Alpha-Beta T Cell Proliferation (GO:0046641),-0.3478493622414375,-0.6800950150772237,0.8217821782178217,1.0,1.0,2/10,11.10%,CD81;EBI3
prerank,GO_Biological_Process_2025__Transposable Element Silencing (GO:0010526),0.3574828883411685,0.6796517980780303,0.831353919239905,1.0,1.0,3/6,12.21%,TUT7;UBR2;MOV10
prerank,GO_Biological_Process_2025__Liver Development (GO:0001889),0.34494807330451854,0.6796216930407296,0.819672131147541,1.0,1.0,2/8,14.98%,TGFBR3;PCK2
prerank,DGIdb_Drug_Targets_2024__PANITUMUMAB,-0.380297563663772,-0.6795632574522782,0.8496503496503497,1.0,1.0,3/7,19.08%,MET;PTEN;MAP2K1
prerank,GO_Biological_Process_2025__Multivesicular Body Organization (GO:0036257),0.25947784291964265,0.6794341712614909,0.9002770083102493,1.0,1.0,8/27,22.27%,CHMP1B;STAM2;VTA1;UBAP1;VPS37B;VPS36;VPS37A;CHMP2B
prerank,DGIdb_Drug_Targets_2024__VINBLASTINE,-0.33383470137101856,-0.678806954897632,0.8322259136212624,1.0,1.0,2/12,11.94%,ABCB1;TUBB4A
prerank,GO_Biological_Process_2025__Phagosome-Lysosome Fusion (GO:0090385),-0.37201626879185,-0.6783267987874141,0.8336314847942755,1.0,1.0,1/6,7.44%,RAB20
prerank,"GO_Biological_Process_2025__Wound Healing, Spreading of Epidermal Cells (GO:0035313)",0.33321592109897846,0.6783169149922603,0.8041002277904328,1.0,1.0,8/8,66.73%,ADAM17;ITGB1;ITGA5;ITGB3;COL5A1;LRG1;ITGAV;ITGB5
prerank,GO_Biological_Process_2025__Mesenchymal Cell Migration (GO:0090497),-0.3714937186624999,-0.6782287527836812,0.8327526132404182,1.0,1.0,2/7,14.40%,SEMA3B;SEMA3F
prerank,GO_Biological_Process_2025__Response to Glucose (GO:0009749),-0.28256522628268027,-0.6779627133346137,0.8654708520179372,1.0,1.0,11/29,25.15%,IRS2;EIF2B5;EIF2B1;OGT;MAP4K5;RPTOR;EIF2B2;EIF2B3;PFKL;PRKAA1;SELENOS
prerank,GO_Biological_Process_2025__Positive Chemotaxis (GO:0050918),0.3192928971623538,0.677066420009794,0.829683698296837,1.0,1.0,1/10,6.19%,TSC2
prerank,GO_Biological_Process_2025__Protein Localization to Cell-Cell Junction (GO:0150105),0.3285405943246922,0.6767952452988428,0.8486238532110092,1.0,1.0,2/10,13.30%,ARHGEF18;CDH5
prerank,GO_Biological_Process_2025__Positive Regulation of Peptidyl-Threonine Phosphorylation (GO:0010800),0.3496253357734044,0.6755732800741785,0.8014184397163121,1.0,1.0,2/7,10.17%,CEMIP;CHI3L1
prerank,GO_Biological_Process_2025__Proteasomal Protein Catabolic Process (GO:0010498),-0.22340257972312716,-0.6749170752279686,0.9841075794621027,1.0,1.0,39/168,25.48%,BIRC2;PRPF19;TMUB2;KLHL42;FBXO9;CUL1;ZSWIM8;DNAJB12;NHLRC3;PPP2R5C;LRRC75A;UBQLN2;UBE4B;NEDD4L;KCTD10;MAN1C1;TRIM3;FBXO45;DERL1;OS9;MAN1B1;SH3BGRL;KCMF1;MAN1A1;PCNP;PSMB2;SHARPIN;CTNNB1;UBE2J1;GID8;UBXN7;RAD23B;YOD1;IVNS1ABP;CCDC47;PSMB10;SELENOS;ARMC8;MAN1A2
prerank,GO_Biological_Process_2025__Neuromuscular Junction Development (GO:0007528),0.3350610395322234,0.6743160292546617,0.8475750577367206,1.0,1.0,1/8,3.64%,ANK3
prerank,GO_Biological_Process_2025__Positive Regulation of Type I Interferon Production (GO:0032481),-0.2849838286129289,-0.6734989392217534,0.9030769230769231,1.0,1.0,4/30,9.41%,DHX36;IRF3;TRIM65;XIAP
prerank,GO_Biological_Process_2025__Regulation of Extrinsic Apoptotic Signaling Pathway in Absence of Ligand (GO:2001239),0.32438272346863917,0.6732457792750469,0.8403547671840355,1.0,1.0,3/8,12.77%,PPP2R1B;IFI6;HTRA2
prerank,DGIdb_Drug_Targets_2024__SF1126,-0.33418488673248353,-0.6727833203718181,0.8446280991735537,1.0,1.0,2/13,7.26%,PRKDC;PIK3C2A
prerank,GO_Biological_Process_2025__Regulation of Osteoblast Differentiation (GO:0045667),-0.2928226067262414,-0.6727466436938764,0.910377358490566,1.0,1.0,2/28,3.36%,FGFR2;CDK6
prerank,GO_Biological_Process_2025__Response to Iron Ion (GO:0010039),0.37042259778815456,0.6725474851533239,0.8269662921348314,1.0,1.0,1/5,4.96%,BMP6
prerank,GO_Biological_Process_2025__Negative Regulation of Sequestering of Calcium Ion (GO:0051283),-0.3144245510943112,-0.6715657008219114,0.8731218697829716,1.0,1.0,9/17,31.78%,ERO1A;PLCB4;F2R;CCL21;ITPR1;PLCG2;PRKD2;PLCB3;GP9
prerank,DGIdb_Drug_Targets_2024__RITONAVIR,-0.38238722446380696,-0.671425988496086,0.8563829787234043,1.0,1.0,1/6,8.92%,ABCB1
prerank,"GO_Biological_Process_2025__Regulation of Retrograde Protein Transport, ER to Cytosol (GO:1904152)",0.3459450953085611,0.6706651788867131,0.8299319727891157,1.0,1.0,2/7,12.68%,SVIP;UBAC2
prerank,GO_Biological_Process_2025__Protein Localization to Nuclear Envelope (GO:0090435),-0.36974333759513317,-0.6704908590243638,0.8255395683453237,1.0,1.0,1/7,8.44%,LMNB2
prerank,GO_Biological_Process_2025__Establishment of Spindle Orientation (GO:0051294),0.27995768160115,0.6697250531355801,0.8801955990220048,1.0,1.0,7/16,25.59%,NDE1;LLGL1;HDAC3;MAPRE1;NSFL1C;MAP4;ITGB1
prerank,GO_Biological_Process_2025__Glycoside Metabolic Process (GO:0016137),-0.3605584033778456,-0.6690770006258402,0.8414414414414414,1.0,1.0,3/7,16.55%,GBA2;CBR4;FUCA2
prerank,DGIdb_Drug_Targets_2024__ASPIRIN,-0.2818371543277678,-0.6690752263352124,0.8852713178294573,1.0,1.0,5/28,17.78%,IRS2;ACE;LPA;F2R;F13A1
prerank,GO_Biological_Process_2025__Fatty Acid Catabolic Process (GO:0009062),-0.2683708935567481,-0.6690008977708839,0.9139941690962099,1.0,1.0,9/37,20.21%,SLC27A2;PEX13;AIG1;EHHADH;AUH;ACOT7;CROT;ILVBL;ACOT8
prerank,GO_Biological_Process_2025__Regulation of Cell Cycle Phase Transition (GO:1901987),0.3507882240467853,0.6686553909804335,0.841648590021692,1.0,1.0,1/6,5.28%,CDK17
prerank,Reactome_Pathways_2024__AURKA Activation by TPX2,-0.2696662538337533,-0.6676142292299707,0.9039370078740158,1.0,1.0,5/38,11.94%,HAUS4;CLASP1;AKAP9;CETN2;TUBB4A
prerank,GO_Biological_Process_2025__Endosome Organization (GO:0007032),-0.26479189291349403,-0.6675818171892766,0.9117199391171994,1.0,1.0,10/38,21.07%,PLEKHJ1;SNX3;PHETA2;DNAJC13;ALS2;CLCN3;ATP6V0A1;ATP6AP2;ARFGEF2;RAB27A
prerank,GO_Biological_Process_2025__Autophagosome Maturation (GO:0097352),-0.27326867956325257,-0.6674762162105643,0.8977443609022556,1.0,1.0,1/36,0.72%,SNX14
prerank,GO_Biological_Process_2025__Negative Regulation of Microtubule Polymerization or Depolymerization (GO:0031111),0.2818628916304161,0.6674397934882854,0.8491048593350383,1.0,1.0,9/17,26.08%,KATNB1;STMN1;CDH5;MAPRE1;TBCD;DYRK1A;GAS2L1;TAOK1;SNCA
prerank,GO_Biological_Process_2025__Regulation of Protein Import Into Nucleus (GO:0042306),-0.3054411077222495,-0.6672841875587258,0.8790849673202614,1.0,1.0,2/18,8.34%,ZPR1;JUP
prerank,GO_Biological_Process_2025__acetyl-CoA Biosynthetic Process (GO:0006085),-0.35388387782477204,-0.667202432852217,0.846551724137931,1.0,1.0,4/8,27.72%,ACSS2;DLAT;PDHB;PPCS
prerank,GO_Biological_Process_2025__Golgi to Endosome Transport (GO:0006895),0.3151314574331723,0.6659240563691351,0.8290398126463701,1.0,1.0,1/11,4.63%,KIF16B
prerank,GO_Biological_Process_2025__Interleukin-1-Mediated Signaling Pathway (GO:0070498),0.29060645249909317,0.6655538703488452,0.8740554156171285,1.0,1.0,2/15,6.23%,PLCB1;IL1RAP
prerank,GO_Biological_Process_2025__Glycogen Metabolic Process (GO:0005977),-0.3380079826460472,-0.6649802007501217,0.8617747440273038,1.0,1.0,5/11,25.20%,GYS1;PYGB;GYG1;PYGL;PRKAG2
prerank,GO_Biological_Process_2025__Negative Regulation of Cell Junction Assembly (GO:1901889),-0.32005863475057583,-0.6639390186503152,0.8628099173553719,1.0,1.0,2/14,14.61%,RCC2;PTEN
prerank,GO_Biological_Process_2025__Negative Regulation of Cell Migration Involved in Sprouting Angiogenesis (GO:0090051),-0.34148048912443296,-0.6638958661585452,0.8383128295254832,1.0,1.0,1/10,6.12%,MAP2K5
prerank,GO_Biological_Process_2025__Regulation of Protein-Containing Complex Disassembly (GO:0043244),0.3000302147049362,0.6637688329363342,0.845360824742268,1.0,1.0,2/11,9.60%,TECPR1;CLEC16A
prerank,GO_Biological_Process_2025__Positive Regulation of Ras Protein Signal Transduction (GO:0046579),-0.38035916163043926,-0.6637160522761438,0.8421052631578947,1.0,1.0,1/5,6.49%,SHOC2
prerank,GO_Biological_Process_2025__Endosomal Vesicle Fusion (GO:0034058),-0.3238952542604558,-0.6625267727524939,0.8612903225806452,1.0,1.0,1/13,4.01%,TGFBRAP1
prerank,GO_Biological_Process_2025__Negative Regulation of Protein Exit From Endoplasmic Reticulum (GO:0070862),0.34834156937495897,0.6623905486095337,0.8322440087145969,1.0,1.0,2/6,12.68%,SVIP;UBAC2
prerank,"GO_Biological_Process_2025__Negative Regulation of Retrograde Protein Transport, ER to Cytosol (GO:1904153)",0.34834156937495897,0.6623905486095337,0.8322440087145969,1.0,1.0,2/6,12.68%,SVIP;UBAC2
prerank,GO_Biological_Process_2025__Negative Regulation of Cellular Response to Vascular Endothelial Growth Factor Stimulus (GO:1902548),-0.3670435201331556,-0.6620710787389283,0.8578767123287672,1.0,1.0,1/7,7.30%,ATP2B4
prerank,GO_Biological_Process_2025__Regulation of Sodium Ion Transport (GO:0002028),0.3064464878937589,0.6611177562601785,0.8379746835443038,1.0,1.0,4/11,18.99%,ANK3;DLG1;WNK1;PKP2
prerank,GO_Biological_Process_2025__Positive Regulation of Cytoplasmic Translation (GO:2000767),-0.3364814766807618,-0.6608961625635724,0.8371278458844134,1.0,1.0,2/11,8.99%,DHX36;HNRNPD
prerank,"GO_Biological_Process_2025__Nuclear-Transcribed mRNA Catabolic Process, Deadenylation-Dependent Decay (GO:0000288)",-0.3106740469131472,-0.6608057862544646,0.8544520547945206,1.0,1.0,3/15,11.77%,PAN3;PATL1;CNOT11
prerank,GO_Biological_Process_2025__Positive Regulation of Neutrophil Chemotaxis (GO:0090023),-0.3402067997633253,-0.6606615488655593,0.8345070422535211,1.0,1.0,5/9,34.08%,CCL21;DNM1L;MCU;THBS4;MOSPD2
prerank,DGIdb_Drug_Targets_2024__AS703569,0.3604905190477291,0.6600226050463287,0.8429203539823009,1.0,1.0,2/5,25.26%,ABL1;KIT
prerank,GO_Biological_Process_2025__Epithelium Development (GO:0060429),-0.25842261506700315,-0.6588263059247864,0.9232995658465991,1.0,1.0,3/42,6.95%,FGFR2;DMBT1;ANXA4
prerank,GO_Biological_Process_2025__Fat-Soluble Vitamin Metabolic Process (GO:0006775),0.3619081147685267,0.6586966466298189,0.8485523385300668,1.0,1.0,5/5,63.84%,GC;VKORC1L1;LGMN;UBIAD1;CBR1
prerank,GO_Biological_Process_2025__Endoplasmic Reticulum to Golgi Vesicle-Mediated Transport (GO:0006888),-0.23371949935109596,-0.65845004894334,0.9699863574351978,1.0,1.0,10/88,15.18%,RAB29;SAR1B;TRAPPC2L;PEF1;IER3IP1;SPAST;ERGIC2;LMAN1;MIA3;BET1
prerank,GO_Biological_Process_2025__Positive Regulation of Intracellular Signal Transduction (GO:1902533),-0.2083794308416784,-0.6573858737981356,0.9954853273137697,1.0,1.0,45/286,19.13%,BIRC2;BCL10;NMI;DHX36;FGFR2;S100A12;SLC15A4;NUP62;TERF2IP;SMAD4;FGFR3;CUL1;HEXIM1;IRAK4;GOLT1B;S100A9;GOLPH3;XIAP;SEPTIN4;CD81;RPS3;S100A8;SPHK1;S100A4;PDCD4;TNIP2;MYDGF;IRAK3;TRIM3;FKBP1A;PTEN;SLCO3A1;F2R;SMAD3;UBE2V1;CCL21;WDFY1;RHOC;IFIT5;TYRO3;NTRK2;PPM1A;MYD88;FIS1;RPTOR
prerank,GO_Biological_Process_2025__G Protein-Coupled Dopamine Receptor Signaling Pathway (GO:0007212),-0.3461678597850647,-0.6572232582096871,0.857397504456328,1.0,1.0,2/9,9.06%,GNG2;GNA11
prerank,GO_Biological_Process_2025__Positive Regulation of Binding (GO:0051099),0.2506786496774366,0.6565358953377339,0.9217877094972067,1.0,1.0,7/29,15.60%,ADD2;IGF1;PARP9;STMN1;DTX3L;NME1;CLN5
prerank,GO_Biological_Process_2025__Positive Regulation of Macrophage Migration (GO:1905523),-0.3257464831287745,-0.655614144830989,0.8540268456375839,1.0,1.0,8/12,43.67%,MAPK3;MAPK1;RTN4;CSF1;RARRES2;PTK2;P2RY12;CSF1R
prerank,GO_Biological_Process_2025__Purine Nucleotide Metabolic Process (GO:0006163),-0.2864414048284688,-0.6555781640252197,0.8813008130081301,1.0,1.0,11/22,36.60%,PRPSAP1;GPD1L;NADK2;TP53I3;DNPH1;COASY;CD38;AMPD2;PRPS2;VCP;HPRT1
prerank,GO_Biological_Process_2025__Negative Regulation of Angiogenesis (GO:0016525),0.2301771862288523,0.6554044449264946,0.9640522875816994,1.0,1.0,6/42,14.05%,PTPRM;KLKB1;STAT1;SPRY2;CD36;APOH
prerank,GO_Biological_Process_2025__Lysosomal Transport (GO:0007041),0.21715060073363943,0.6553637400953701,0.9603658536585366,1.0,1.0,13/52,19.22%,VPS52;GRN;RBSN;CHMP1B;VPS39;TMEM106B;AP3D1;PIK3C3;PIK3R4;CHMP1A;BECN1;VPS41;C9ORF72
prerank,GO_Biological_Process_2025__Negative Regulation of Amide Metabolic Process (GO:0034249),-0.3097687929856805,-0.6550968587217602,0.8720748829953198,1.0,1.0,11/15,45.73%,SORL1;SPHK1;NTRK2;RTN4;GGA3;RTN2;CLU;PGK1;PRNP;BIN1;RTN3
prerank,GO_Biological_Process_2025__Organelle Fission (GO:0048285),0.3003402987869921,0.6550561954440424,0.868421052631579,1.0,1.0,1/12,3.89%,PEX11B
prerank,"GO_Biological_Process_2025__Nucleotide-Binding Domain, Leucine Rich Repeat Containing Receptor Signaling Pathway (GO:0035872)",-0.35569735317093604,-0.654937167566987,0.8568904593639576,1.0,1.0,6/8,43.05%,XIAP;MAP2K6;RNF34;ITCH;RIPK2;RELA
prerank,GO_Biological_Process_2025__Cellular Response to Tumor Necrosis Factor (GO:0071356),-0.27300941022345737,-0.6548593295610999,0.8968133535660091,1.0,1.0,1/33,0.77%,BIRC2
prerank,GO_Biological_Process_2025__protein-RNA Complex Disassembly (GO:0032988),0.36366836824502724,0.6548489882141086,0.8308026030368764,1.0,1.0,5/5,63.67%,KLC1;FAF2;KIF5B;TRIM21;VCP
prerank,GO_Biological_Process_2025__Stress Granule Disassembly (GO:0035617),0.36366836824502724,0.6548489882141086,0.8308026030368764,1.0,1.0,5/5,63.67%,KLC1;FAF2;KIF5B;TRIM21;VCP
prerank,GO_Biological_Process_2025__Extrinsic Apoptotic Signaling Pathway via Death Domain Receptors (GO:0008625),0.2879856084201957,0.6537029100905408,0.8638613861386139,1.0,1.0,7/13,32.17%,FADD;TRADD;DIABLO;BID;TNFSF10;CASP8;ZDHHC3
prerank,GO_Biological_Process_2025__Regulation of DNA Repair (GO:0006282),0.27572259906350394,0.6529722677665869,0.8609625668449198,1.0,1.0,1/16,1.27%,DHX9
prerank,GO_Biological_Process_2025__Negative Regulation of Protein Transport (GO:0051224),-0.3383070519884635,-0.6526621210651461,0.8543516873889876,1.0,1.0,5/10,34.73%,SNX3;CSK;PKDCC;ERP29;SNX12
prerank,GO_Biological_Process_2025__Endoplasmic Reticulum Organization (GO:0007029),-0.26165233295639173,-0.6524294183003759,0.9092261904761905,1.0,1.0,5/36,15.30%,EIF2AK3;GET1;REEP4;MIA3;GAK
prerank,GO_Biological_Process_2025__Positive Regulation of Potassium Ion Transport (GO:0043268),0.3297979901975617,0.6522982807509555,0.8417582417582418,1.0,1.0,3/7,16.62%,CFH;DLG1;TREM2
prerank,DGIdb_Drug_Targets_2024__IBRUTINIB,-0.3725729492585988,-0.6522583027228332,0.8542805100182149,1.0,1.0,4/5,47.64%,MYD88;PLCG2;BTK;LYN
prerank,GO_Biological_Process_2025__Regulation of miRNA Metabolic Process (GO:2000628),-0.38614705663367954,-0.6521376781224275,0.8739205526770294,1.0,1.0,4/5,45.39%,SMAD3;RELA;TGFB1;NFKB1
prerank,GO_Biological_Process_2025__Muscle Cell Development (GO:0055001),0.3476644683039749,0.6518794227829224,0.8369565217391305,1.0,1.0,3/6,24.71%,ACTN2;EFEMP2;ENG
prerank,GO_Biological_Process_2025__Lipoprotein Transport (GO:0042953),-0.3342673431106461,-0.6515057704158398,0.8307155322862129,1.0,1.0,5/9,30.18%,SAR1B;MIA3;SAR1A;PREB;PRKCB
prerank,GO_Biological_Process_2025__Regulation of Extracellular Matrix Assembly (GO:1901201),-0.34679947067257877,-0.651416066058123,0.8745704467353952,1.0,1.0,2/8,16.39%,SMAD4;SMAD3
prerank,GO_Biological_Process_2025__Sarcomere Organization (GO:0045214),-0.3686600228513145,-0.6507141967535466,0.8556701030927835,1.0,1.0,1/6,5.86%,TPM1
prerank,GO_Biological_Process_2025__Dendritic Spine Morphogenesis (GO:0060997),0.32859388849692994,0.650679712882377,0.8584269662921349,1.0,1.0,2/7,11.61%,LLGL1;WASL
prerank,GO_Biological_Process_2025__Regulation of Regulated Secretory Pathway (GO:1903305),-0.34566033472923907,-0.6504445618083293,0.8652849740932642,1.0,1.0,3/8,21.35%,UNC13D;RAB27A;RAB5A
prerank,GO_Biological_Process_2025__Vascular Endothelial Growth Factor Receptor Signaling Pathway (GO:0048010),-0.3086722761008735,-0.650060879019404,0.8927392739273927,1.0,1.0,9/16,46.50%,PKN2;SLC31A1;MAPKAPK3;PRKD2;PTK2;MAPK14;NRP1;PDCD6;HSPB1
prerank,GO_Biological_Process_2025__Protein K48-linked Ubiquitination (GO:0070936),-0.2534513332610012,-0.6493752569750695,0.9383458646616541,1.0,1.0,11/44,19.12%,UBE2Q2;FBXO9;CUL1;UBE2R2;TRIM65;NEDD4L;FBXO45;ANAPC1;UBE2K;ANAPC10;KCMF1
prerank,GO_Biological_Process_2025__Integrin Activation (GO:0033622),0.3346830985915491,0.6489933107576051,0.8413461538461539,1.0,1.0,6/6,66.57%,FN1;ITGB1BP1;CX3CL1;FERMT3;KRIT1;FERMT2
prerank,GO_Biological_Process_2025__Neutrophil Activation Involved in Immune Response (GO:0002283),-0.33033446506374126,-0.6487908015059385,0.8610169491525423,1.0,1.0,1/10,5.43%,LILRA2
prerank,"GO_Biological_Process_2025__Regulation of DNA Damage Response, Signal Transduction by P53 Class Mediator (GO:0043516)",-0.34546603542835974,-0.648475384045789,0.8665540540540541,1.0,1.0,4/8,31.36%,S100A9;PSMD10;EEF1E1;COPS3
prerank,GO_Biological_Process_2025__Positive Regulation of Execution Phase of Apoptosis (GO:1900119),0.3532464206098498,0.6477597572952937,0.823404255319149,1.0,1.0,3/5,30.85%,HTRA2;GLMN;SIRT2
prerank,GO_Biological_Process_2025__Positive Regulation of Protein-Containing Complex Disassembly (GO:0043243),-0.37511001584228126,-0.6477083053007978,0.845360824742268,1.0,1.0,5/5,62.54%,CALCOCO2;TOM1;IGF1R;FYCO1;SMCR8
prerank,GO_Biological_Process_2025__Cellular Response to Hydrogen Peroxide (GO:0070301),-0.3188439363112193,-0.6473839891394154,0.8619528619528619,1.0,1.0,2/12,13.38%,RPS3;FXN
prerank,GO_Biological_Process_2025__Protein Deubiquitination (GO:0016579),-0.26725120636144106,-0.6468839313231803,0.9243827160493827,1.0,1.0,4/33,10.27%,OTUD4;OTUD5;USP32;USP25
prerank,GO_Biological_Process_2025__Positive Regulation of Cell Growth (GO:0030307),-0.2528628656257107,-0.6457621535457936,0.9474431818181818,1.0,1.0,15/49,21.79%,EXOSC2;HDGFL2;RPS6KA3;S100A9;SUPV3L1;S100A8;SPHK1;NEDD4L;FXN;PRSS2;PSMD10;EIF4G2;RPTOR;CIB1;CDC42
prerank,GO_Biological_Process_2025__Nuclear-Transcribed mRNA poly(A) Tail Shortening (GO:0000289),0.31788726705039566,0.6454832948789662,0.8678815489749431,1.0,1.0,4/9,18.94%,CNOT7;CNOT3;CNOT10;CNOT2
prerank,DGIdb_Drug_Targets_2024__DABRAFENIB MESYLATE,-0.369317401819539,-0.6454588322938626,0.8464351005484461,1.0,1.0,4/6,20.26%,MAP2K5;MAP2K3;MAP2K1;MAP2K4
prerank,GO_Biological_Process_2025__Regulation of calcineurin-NFAT Signaling Cascade (GO:0070884),-0.308936626091579,-0.6453222124187401,0.8803278688524591,1.0,1.0,5/15,21.32%,FHL2;ATP2B4;PPP3CB;PTBP1;CIB1
prerank,GO_Biological_Process_2025__Regulation of Cell Morphogenesis (GO:0022604),-0.31622315457981515,-0.6453203279192782,0.8747940691927513,1.0,1.0,3/12,22.62%,STRIP1;PDZD8;CAMSAP1
prerank,GO_Biological_Process_2025__Positive Regulation of Phosphorylation (GO:0042327),0.22292939982573223,0.645092647808409,0.9555555555555556,1.0,1.0,3/43,4.40%,ZNF622;KCTD20;ADIPOQ
prerank,GO_Biological_Process_2025__Regulation of Cytoplasmic Translation (GO:2000765),-0.313943690798298,-0.6449170787177885,0.8815331010452961,1.0,1.0,2/14,8.99%,DHX36;HNRNPD
prerank,GO_Biological_Process_2025__Toll-Like Receptor Signaling Pathway (GO:0002224),0.26997367700085506,0.6446257861593158,0.8981723237597912,1.0,1.0,3/18,14.03%,TNIP1;CTSS;LY96
prerank,GO_Biological_Process_2025__Response to UV-A (GO:0070141),0.3447178918812125,0.6439637126151523,0.8463356973995272,1.0,1.0,2/6,14.95%,MMP2;MMP3
prerank,GO_Biological_Process_2025__Cellular Response to UV-A (GO:0071492),0.3447178918812125,0.6439637126151523,0.8463356973995272,1.0,1.0,2/6,14.95%,MMP2;MMP3
prerank,GO_Biological_Process_2025__Cytoplasmic Microtubule Organization (GO:0031122),-0.2711926786361593,-0.6437835546600337,0.9198717948717948,1.0,1.0,11/29,23.25%,CLASP1;PPFIA1;EZR;TUBGCP4;PPFIBP1;KATNAL1;TUBGCP5;RHOA;CCDC88A;CIB1;RAB11A
prerank,GO_Biological_Process_2025__Regulation of Interleukin-6 Production (GO:0032675),-0.2547843265314115,-0.6433547858209447,0.9425287356321839,1.0,1.0,7/43,15.69%,BCL10;LILRA2;AIF1;LBP;IL16;IRAK3;F2R
prerank,GO_Biological_Process_2025__Regulation of Filopodium Assembly (GO:0051489),-0.28652825629465106,-0.6433143624120067,0.9036918138041734,1.0,1.0,6/21,27.75%,RHOQ;CCL21;RAB5A;CDC42;ARF6;RALA
prerank,GO_Biological_Process_2025__ERAD Pathway (GO:0036503),-0.2470748804625947,-0.6432107000017867,0.9516358463726885,1.0,1.0,16/53,27.86%,TMUB2;DNAJB12;UBQLN2;UBE4B;MAN1C1;DERL1;OS9;MAN1B1;MAN1A1;UBE2J1;YOD1;CCDC47;SELENOS;MAN1A2;SYVN1;CANX
prerank,GO_Biological_Process_2025__Positive Regulation of G1/S Transition of Mitotic Cell Cycle (GO:1900087),-0.33039961393614625,-0.6431945564064905,0.875,1.0,1.0,5/10,26.96%,AIF1;RDX;RPTOR;DDX3X;AKT1
prerank,GO_Biological_Process_2025__Negative Regulation of MAP Kinase Activity (GO:0043407),-0.31249747641452313,-0.6429061588607651,0.8831615120274914,1.0,1.0,3/13,23.44%,PDCD4;IRAK3;CDK5RAP3
prerank,GO_Biological_Process_2025__Zinc Ion Transmembrane Transport (GO:0071577),-0.3638024592937742,-0.6427044448104278,0.8705673758865248,1.0,1.0,2/6,30.09%,SLC39A7;SLC39A11
prerank,GO_Biological_Process_2025__Deadenylation-Dependent Decapping of Nuclear-Transcribed mRNA (GO:0000290),-0.36927653156748286,-0.6424487902647934,0.8621323529411765,1.0,1.0,1/5,10.53%,PATL1
prerank,GO_Biological_Process_2025__Actin Filament Bundle Assembly (GO:0051017),-0.3061907764431905,-0.6422386908996448,0.8823529411764706,1.0,1.0,4/15,12.05%,AIF1;EZR;LIMD2;PDXP
prerank,GO_Biological_Process_2025__Long-Term Synaptic Potentiation (GO:0060291),0.299154334038055,0.6422075912796718,0.8695652173913043,1.0,1.0,10/10,70.14%,NPTN;SLC8A3;PTK2B;CAMK2D;VAMP2;RGS14;CAMK2B;CAMK2A;STX4;CAMK2G
prerank,GO_Biological_Process_2025__COPII-coated Vesicle Cargo Loading (GO:0090110),0.2785955990730367,0.6408120908219564,0.8733850129198967,1.0,1.0,1/14,1.93%,TBC1D20
prerank,GO_Biological_Process_2025__Positive Regulation of Cell Development (GO:0010720),0.33573943661971806,0.6406908227889048,0.8329519450800915,1.0,1.0,6/6,66.46%,NUMB;SERPINF1;BAD;NAP1L1;RGS14;TGM2
prerank,GO_Biological_Process_2025__Calcium-Ion Regulated Exocytosis (GO:0017156),-0.3808621224567047,-0.640538049641693,0.8725663716814159,1.0,1.0,1/5,13.16%,PPP3CB
prerank,GO_Biological_Process_2025__Glycolytic Process (GO:0006096),-0.3118259843570754,-0.6405297057023899,0.8717948717948718,1.0,1.0,2/15,7.62%,PFKFB2;ENO2
prerank,GO_Biological_Process_2025__Pyridine Nucleotide Catabolic Process (GO:0019364),-0.3118259843570754,-0.6405297057023899,0.8717948717948718,1.0,1.0,2/15,7.62%,PFKFB2;ENO2
prerank,GO_Biological_Process_2025__ADP Catabolic Process (GO:0046032),-0.3118259843570754,-0.6405297057023899,0.8717948717948718,1.0,1.0,2/15,7.62%,PFKFB2;ENO2
prerank,GO_Biological_Process_2025__Peripheral Nervous System Development (GO:0007422),0.3403169014084507,0.6403733680216892,0.8555798687089715,1.0,1.0,6/6,66.00%,ADGRG6;SERPINI1;GPC1;GSTM3;ALDH3A2;NF1
prerank,GO_Biological_Process_2025__Regulation of Reactive Oxygen Species Biosynthetic Process (GO:1903426),-0.32698086256943615,-0.6394010082193854,0.8883071553228621,1.0,1.0,5/11,31.80%,HVCN1;RAB27A;SLC18A2;PLCG2;PARK7
prerank,GO_Biological_Process_2025__'De Novo' AMP Biosynthetic Process (GO:0044208),-0.37396569329803564,-0.6391031269047684,0.8797814207650273,1.0,1.0,2/5,33.56%,ADSS2;ATIC
prerank,GO_Biological_Process_2025__Sulfur Amino Acid Metabolic Process (GO:0000096),0.30872489977595874,0.6387068227144979,0.8426150121065376,1.0,1.0,1/8,4.78%,GCLC
prerank,GO_Biological_Process_2025__Positive Regulation of Striated Muscle Cell Differentiation (GO:0051155),0.328760435094552,0.6381744609556856,0.8555045871559633,1.0,1.0,3/7,16.04%,MMP14;IGF1;BMP10
prerank,GO_Biological_Process_2025__Positive Regulation of Leukocyte Cell-Cell Adhesion (GO:1903039),-0.30050427732854373,-0.6379416723057141,0.8788927335640139,1.0,1.0,6/16,29.07%,THY1;ITGB2;RHOA;CYRIB;PRKAA1;HLA-DPA1
prerank,GO_Biological_Process_2025__Regulation of Bicellular Tight Junction Assembly (GO:2000810),0.3107274969173859,0.637846982198183,0.8581907090464548,1.0,1.0,9/9,68.98%,IKBKB;GDF2;MYO1E;F11R;ROCK1;ROCK2;PRKCA;TJP1;CLDN5
prerank,GO_Biological_Process_2025__Regulation of Cell Junction Assembly (GO:1901888),-0.3201399449743896,-0.6365141389682161,0.8836424957841484,1.0,1.0,6/12,40.75%,CLSTN3;FLOT1;RAP2A;RAP1A;TJP1;PRKCA
prerank,GO_Biological_Process_2025__Membrane Invagination (GO:0010324),-0.3690303161458042,-0.63484637171703,0.8652094717668488,1.0,1.0,1/5,9.18%,SNX3
prerank,DGIdb_Drug_Targets_2024__GDC 0941,0.30866938815496225,0.6345689630348361,0.8838862559241706,1.0,1.0,3/9,16.11%,PIK3R6;PIK3C3;PIK3R4
prerank,GO_Biological_Process_2025__Negative Regulation of D-glucose Transmembrane Transport (GO:0010829),0.3378215876423396,0.6343347274944867,0.8784403669724771,1.0,1.0,1/6,4.48%,GSK3A
prerank,GO_Biological_Process_2025__Positive Regulation of Cell Migration Involved in Sprouting Angiogenesis (GO:0090050),-0.360798182751804,-0.6340945741159885,0.8576449912126538,1.0,1.0,2/6,7.26%,ANXA1;PIK3C2A
prerank,DGIdb_Drug_Targets_2024__DIPYRIDAMOLE,0.28756225909951955,0.6338693712810014,0.9093137254901961,1.0,1.0,1/11,4.22%,PDE2A
prerank,DGIdb_Drug_Targets_2024__CARFILZOMIB,0.21966289777778356,0.6329416042709537,0.9642857142857143,1.0,1.0,5/42,19.15%,PSME4;PSMB5;PSMD12;PSMC4;PSMD4
prerank,GO_Biological_Process_2025__Microtubule Anchoring at Centrosome (GO:0034454),0.34623847993460594,0.632919560636467,0.8485523385300668,1.0,1.0,1/5,7.54%,PCM1
prerank,GO_Biological_Process_2025__Endosomal Lumen Acidification (GO:0048388),-0.32623272513966606,-0.632872167029896,0.8756567425569177,1.0,1.0,3/9,17.87%,CLCN3;ATP6V0A1;ATP6AP2
prerank,GO_Biological_Process_2025__Synaptic Vesicle Recycling (GO:0036465),0.25565548177166514,0.6324390032564077,0.9270833333333334,1.0,1.0,9/21,26.08%,FCHO2;SYNJ1;AP3D1;STON2;AP3S2;GIT2;RAB3A;GIT1;SNCA
prerank,GO_Biological_Process_2025__Regulation of Interleukin-2 Production (GO:0032663),0.26538977803499103,0.6319564779428285,0.904,1.0,1.0,1/17,2.88%,HDAC7
prerank,"GO_Biological_Process_2025__Blood Coagulation, Intrinsic Pathway (GO:0007597)",0.3178376474731466,0.6315687820026699,0.8456221198156681,1.0,1.0,7/7,68.26%,F12;GP1BB;FLNA;GP5;GP1BA;F8;GP9
prerank,GO_Biological_Process_2025__Stress Granule Assembly (GO:0034063),0.2665600131559752,0.6311497607668354,0.910761154855643,1.0,1.0,5/17,20.52%,ATXN2;UBAP2L;C9ORF72;PRRC2C;CSDE1
prerank,GO_Biological_Process_2025__Negative Regulation of Microtubule Depolymerization (GO:0007026),-0.34353348409312623,-0.6308542545987883,0.8917431192660551,1.0,1.0,1/7,4.66%,CLASP1
prerank,GO_Biological_Process_2025__Negative Regulation of Activated T Cell Proliferation (GO:0046007),0.31290720197217825,0.6303992113812666,0.8434579439252337,1.0,1.0,7/7,68.75%,PDCD1LG2;PRKAR1A;LGALS9;CD274;PRNP;SCRIB;CRTAM
prerank,GO_Biological_Process_2025__Negative Regulation of Intracellular Protein Transport (GO:0090317),0.3134354639901391,0.6291249434506827,0.8337182448036952,1.0,1.0,7/7,68.70%,RAB23;APOD;RANGAP1;CHORDC1;YWHAB;PARK7;UFM1
prerank,GO_Biological_Process_2025__Cellular Component Maintenance (GO:0043954),0.30003496220623355,0.6290004675227723,0.8813131313131313,1.0,1.0,4/9,31.38%,TPRN;TREM2;CLDN3;FYN
prerank,GO_Biological_Process_2025__Regulation of Peptidyl-Serine Phosphorylation (GO:0033135),0.266478698672618,0.6288736764460621,0.9027431421446384,1.0,1.0,6/17,26.82%,BRAF;SPRY2;ARAF;TXN2;PDCD10;STK4
prerank,DGIdb_Drug_Targets_2024__RISPERIDONE,-0.3211996363173734,-0.628748538889767,0.8890728476821192,1.0,1.0,6/10,41.40%,EIF2AK4;NTS;GHRL;TJP1;LRP1B;FASN
prerank,GO_Biological_Process_2025__Vesicle Coating (GO:0006901),-0.2716773632997428,-0.6285845526350248,0.9255813953488372,1.0,1.0,3/25,8.16%,SAR1B;TRAPPC2L;PEF1
prerank,GO_Biological_Process_2025__Postsynaptic Membrane Organization (GO:0001941),0.2981065421727813,0.6284027884889621,0.8680555555555556,1.0,1.0,2/9,8.18%,LRRC4;LLGL1
prerank,GO_Biological_Process_2025__MHC Class I Protein Complex Assembly (GO:0002397),-0.37233913728396456,-0.6281243198642409,0.8532608695652174,1.0,1.0,2/5,38.97%,TAPBPL;CALR
prerank,GO_Biological_Process_2025__Peptide Antigen Assembly With MHC Class I Protein Complex (GO:0002502),-0.37233913728396456,-0.6281243198642409,0.8532608695652174,1.0,1.0,2/5,38.97%,TAPBPL;CALR
prerank,GO_Biological_Process_2025__Regulation of Cardiac Muscle Hypertrophy (GO:0010611),-0.3068919964583541,-0.6278974600124053,0.9191919191919192,1.0,1.0,1/14,4.41%,SMAD4
prerank,GO_Biological_Process_2025__Negative Regulation of Ras Protein Signal Transduction (GO:0046580),-0.34454900876389527,-0.6277271817807221,0.8883071553228621,1.0,1.0,3/7,29.65%,LZTR1;MFN2;RASAL3
prerank,GO_Biological_Process_2025__Lipoprotein Localization (GO:0044872),-0.3163435727534629,-0.6274077753501577,0.8581196581196581,1.0,1.0,5/10,30.18%,SAR1B;MIA3;SAR1A;PREB;PRKCB
prerank,GO_Biological_Process_2025__Regulation of Protein Tyrosine Kinase Activity (GO:0061097),0.32237407710697064,0.6273326919580616,0.8792710706150342,1.0,1.0,1/6,6.67%,RAP2C
prerank,GO_Biological_Process_2025__Formation of Cytoplasmic Translation Initiation Complex (GO:0001732),0.2825167430384208,0.6268438655030455,0.8894472361809045,1.0,1.0,12/12,71.81%,EIF3G;EIF3F;EIF3L;EIF3J;EIF3B;EIF3K;EIF3H;EIF3E;EIF3M;EIF3D;EIF3I;EIF5
prerank,GO_Biological_Process_2025__Positive Regulation of DNA Repair (GO:0045739),0.2638350465992263,0.6261799274785187,0.9056603773584906,1.0,1.0,1/17,1.27%,DHX9
prerank,GO_Biological_Process_2025__Positive Regulation of Protein Phosphorylation (GO:0001934),-0.22530156054719258,-0.625990265324012,0.9868593955321945,1.0,1.0,29/84,32.75%,TNK2;DGKQ;RASSF2;SPHK1;MYDGF;TOM1L1;MAP2K3;ALS2;UBE2K;FAM20A;XRCC6;MMP9;RPTOR;RALB;CIB1;PPIA;RELN;ARHGEF2;PRKAG1;MAPK1;AKT1;FLOT1;RACK1;THBS4;RAP2A;PARK7;XRCC5;AGAP2;RARRES2
prerank,GO_Biological_Process_2025__Tricarboxylic Acid Cycle (GO:0006099),-0.28836709353358536,-0.6255427672350461,0.9006622516556292,1.0,1.0,10/18,41.49%,IDH3G;SDHD;SDHA;DLAT;IDH3A;NNT;IDH3B;SUCLA2;MDH2;OGDH
prerank,GO_Biological_Process_2025__Artery Morphogenesis (GO:0048844),0.30755680817333103,0.6253684788091455,0.8528735632183908,1.0,1.0,9/9,69.29%,JAG1;ENG;NOTCH1;PDGFRB;ANGPTL3;NRP1;TGFB2;NF1;PRKD2
prerank,GO_Biological_Process_2025__Maintenance of Protein Localization in Endoplasmic Reticulum (GO:0035437),-0.3667155323090149,-0.6242602042409255,0.8708487084870848,1.0,1.0,2/5,17.45%,GPAA1;OS9
prerank,GO_Biological_Process_2025__Response to ATP (GO:0033198),-0.3338180603559878,-0.6239644031269277,0.8793418647166362,1.0,1.0,2/7,15.79%,PDXP;NT5E
prerank,DGIdb_Drug_Targets_2024__PEGINTERFERON ALFA 2A,0.31803289314091887,0.6237035727943276,0.8672566371681416,1.0,1.0,4/7,25.38%,NT5C2;HLA-B;IL18;SLC29A1
prerank,GO_Biological_Process_2025__IMP Biosynthetic Process (GO:0006188),-0.3476770355165252,-0.6228918313321816,0.8681318681318682,1.0,1.0,3/6,36.60%,AMPD2;ATIC;HPRT1
prerank,GO_Biological_Process_2025__Defense Response to Symbiont (GO:0140546),-0.34495824365356953,-0.6227368047954494,0.8824531516183987,1.0,1.0,2/7,14.91%,PRTN3;PRSS2
prerank,GO_Biological_Process_2025__Microvillus Assembly (GO:0030033),0.28527497666685037,0.6224013924809734,0.8888888888888888,1.0,1.0,3/11,18.61%,RAP2C;RAPGEF6;MAP4K4
prerank,GO_Biological_Process_2025__Membrane Protein Ectodomain Proteolysis (GO:0006509),-0.304783010140646,-0.6223707269545424,0.8905982905982905,1.0,1.0,4/12,24.53%,PRTN3;ADAM9;MMP7;SPPL2B
prerank,GO_Biological_Process_2025__DNA Topological Change (GO:0006265),-0.36342252088580074,-0.6222220204040463,0.877431906614786,1.0,1.0,1/5,4.91%,HMGB2
prerank,"GO_Biological_Process_2025__RNA Splicing, via Endonucleolytic Cleavage and Ligation (GO:0000394)",-0.34967632428838036,-0.6221515588070208,0.875,1.0,1.0,3/6,37.69%,FAM98A;DDX1;RTRAF
prerank,"GO_Biological_Process_2025__Regulation of CD4-positive, Alpha-Beta T Cell Proliferation (GO:2000561)",-0.36531933841461606,-0.6221455223847423,0.8875638841567292,1.0,1.0,1/5,10.04%,CD81
prerank,GO_Biological_Process_2025__Negative Regulation of Fatty Acid Biosynthetic Process (GO:0045717),0.31519633738334224,0.6217648259206884,0.8930957683741648,1.0,1.0,7/7,68.52%,APOC1;APOC3;ACADVL;ERLIN1;WDTC1;UBR4;ERLIN2
prerank,GO_Biological_Process_2025__Positive Regulation of Microtubule Polymerization or Depolymerization (GO:0031112),-0.31013047207455313,-0.621241956806774,0.902229845626072,1.0,1.0,3/12,17.38%,CLASP1;RPS3;FES
prerank,DGIdb_Drug_Targets_2024__VATALANIB,0.29532711854924165,0.6206868206558067,0.8682926829268293,1.0,1.0,2/9,12.93%,FRK;PTPRB
prerank,GO_Biological_Process_2025__Response to Steroid Hormone (GO:0048545),-0.3102536997885835,-0.6203209287949631,0.9005059021922428,1.0,1.0,10/10,69.05%,UBE2L3;HSPA8;URI1;TGFB2;TGFB1;UBE3A;RNASEH2A;THBS1;TFPI;WBP2
prerank,GO_Biological_Process_2025__Negative Regulation of Protein Depolymerization (GO:1901880),-0.322658015538299,-0.6200826527331267,0.8884892086330936,1.0,1.0,1/9,4.66%,CLASP1
prerank,GO_Biological_Process_2025__Regulation of Cholesterol Storage (GO:0010885),-0.3570156333038506,-0.6192879896809094,0.8743068391866913,1.0,1.0,2/6,8.62%,TTC39B;APOB
prerank,DGIdb_Drug_Targets_2024__AZACITIDINE,0.2862288147439732,0.6187036441812132,0.9077669902912622,1.0,1.0,2/10,12.36%,HBB;CBL
prerank,GO_Biological_Process_2025__Neuron Projection Extension (GO:1990138),-0.2789434065202625,-0.6183799103245019,0.9229508196721311,1.0,1.0,6/19,26.57%,PPP3CB;CLSTN3;SEMA3F;CTNNB1;EIF2AK4;USP9X
prerank,GO_Biological_Process_2025__Regulation of Endoplasmic Reticulum Unfolded Protein Response (GO:1900101),0.34524807560004955,0.6182269898715342,0.8389830508474576,1.0,1.0,4/5,36.74%,PIGBOS1;PIK3R1;HSPA5;ERN1
prerank,GO_Biological_Process_2025__Nuclear Membrane Organization (GO:0071763),-0.28190936765985336,-0.6177907617973927,0.8883415435139573,1.0,1.0,4/21,14.69%,TOR1AIP1;SPAST;TARDBP;VPS4B
prerank,GO_Biological_Process_2025__Sphingosine Metabolic Process (GO:0006670),0.32108457440830535,0.6166748813390014,0.8644444444444445,1.0,1.0,1/6,6.26%,SGPP1
prerank,GO_Biological_Process_2025__Eye Morphogenesis (GO:0048592),-0.3346852573002275,-0.6156307097156749,0.888695652173913,1.0,1.0,1/8,5.84%,MFAP2
prerank,GO_Biological_Process_2025__Regulation of Cholesterol Transport (GO:0032374),-0.3124844582552698,-0.6150823536530957,0.8894557823129252,1.0,1.0,2/10,8.71%,TTC39B;LIPG
prerank,GO_Biological_Process_2025__Negative Regulation of Cellular Response to Growth Factor Stimulus (GO:0090288),-0.2712335252900629,-0.6144818814945388,0.9213483146067416,1.0,1.0,2/23,8.90%,ATP2B4;SORL1
prerank,GO_Biological_Process_2025__Ub-dep Prot Cat Proc via Multivsiclr Bdy Sorting Pway (GO:0043162),0.2391623793653589,0.6137281815454456,0.9576271186440678,1.0,1.0,7/26,22.27%,CHMP1B;STAM2;UBAP1;VPS37B;VPS36;VPS37A;CHMP2B
prerank,GO_Biological_Process_2025__Regulation of Homotypic Cell-Cell Adhesion (GO:0034110),0.2968241340212635,0.6136342291890868,0.8888888888888888,1.0,1.0,1/8,6.14%,PRKCQ
prerank,GO_Biological_Process_2025__Positive Regulation of Cell Cycle G1/S Phase Transition (GO:1902808),-0.304701169930365,-0.6134127385361452,0.9025641025641026,1.0,1.0,6/13,28.97%,AIF1;RDX;RPTOR;DDX3X;AKT1;PLCG2
prerank,GO_Biological_Process_2025__Acute-Phase Response (GO:0006953),-0.33369726124754356,-0.6132976497290924,0.8864027538726333,1.0,1.0,2/7,14.05%,LBP;SIGIRR
prerank,GO_Biological_Process_2025__Clathrin Coat Assembly (GO:0048268),0.29183068436252857,0.6128044080340851,0.8902439024390244,1.0,1.0,2/9,11.08%,HIP1;FCHO2
prerank,GO_Biological_Process_2025__Negative Regulation of Lipid Catabolic Process (GO:0050995),0.299930041474923,0.6127260404142036,0.8888888888888888,1.0,1.0,4/8,25.45%,GPLD1;APOC1;APOA2;APOC3
prerank,GO_Biological_Process_2025__Non-Proteinogenic Amino Acid Metabolic Process (GO:0170041),-0.34790559091226403,-0.6126577647038041,0.8882882882882883,1.0,1.0,3/6,21.39%,KYAT3;MMUT;MTHFR
prerank,GO_Biological_Process_2025__Regulation of Low-Density Lipoprotein Particle Clearance (GO:0010988),0.30747173040481,0.612541904344608,0.8528735632183908,1.0,1.0,4/7,31.01%,LDLR;TREM2;APOC3;HNRNPK
prerank,GO_Biological_Process_2025__Regulation of Long-Term Neuronal Synaptic Plasticity (GO:0048169),0.30376021312597834,0.6122128814699757,0.8804597701149425,1.0,1.0,2/8,15.30%,LLGL1;NPTN
prerank,GO_Biological_Process_2025__Regulation of Long-Term Synaptic Potentiation (GO:1900271),0.2790012401904727,0.6121685329351302,0.9180327868852459,1.0,1.0,3/11,17.20%,LILRB2;SQSTM1;TYROBP
prerank,DGIdb_Drug_Targets_2024__CRIZOTINIB,-0.30091617485502403,-0.6119046996481122,0.908485856905158,1.0,1.0,2/14,8.92%,MET;ABCB1
prerank,GO_Biological_Process_2025__Positive Regulation of Cell-Substrate Junction Organization (GO:0150117),-0.2826698319676497,-0.6117810550474827,0.9185059422750425,1.0,1.0,2/15,7.21%,THY1;DUSP3
prerank,GO_Biological_Process_2025__Membrane Assembly (GO:0071709),-0.2695469647382715,-0.6107165663666083,0.932601880877743,1.0,1.0,5/23,14.69%,NLGN2;STX2;SPAST;PTEN;VPS4B
prerank,GO_Biological_Process_2025__Negative Regulation of Wound Healing (GO:0061045),-0.27832166624793264,-0.6106454069088906,0.9067524115755627,1.0,1.0,3/19,18.91%,CLASP1;PTEN;THBD
prerank,GO_Biological_Process_2025__Chaperone-Mediated Protein Complex Assembly (GO:0051131),-0.29322167970388563,-0.6098740428254606,0.9253472222222222,1.0,1.0,8/13,48.38%,PSMG2;HSP90AB1;HSP90AA1;MKKS;CLU;LONP1;HSPD1;PFDN6
prerank,GO_Biological_Process_2025__ESCRT III Complex Disassembly (GO:1904903),0.29681999063847325,0.6091354725084172,0.9065420560747663,1.0,1.0,3/9,22.27%,CHMP1B;VTA1;CHMP2B
prerank,GO_Biological_Process_2025__ESCRT Complex Disassembly (GO:1904896),0.29681999063847325,0.6091354725084172,0.9065420560747663,1.0,1.0,3/9,22.27%,CHMP1B;VTA1;CHMP2B
prerank,GO_Biological_Process_2025__Astral Microtubule Organization (GO:0030953),-0.3532614042200908,-0.6091253048421039,0.8969072164948454,1.0,1.0,2/5,23.25%,EZR;RAB11A
prerank,GO_Biological_Process_2025__Negative Regulation of Nucleocytoplasmic Transport (GO:0046823),0.3133802816901408,0.6089916595304711,0.8454332552693209,1.0,1.0,6/6,68.70%,RAB23;RANGAP1;CHORDC1;YWHAB;PARK7;UFM1
prerank,GO_Biological_Process_2025__UDP-N-acetylglucosamine Metabolic Process (GO:0006047),-0.3595800765310194,-0.6080256369422018,0.9138576779026217,1.0,1.0,2/5,13.79%,NAGK;SLC35A3
prerank,GO_Biological_Process_2025__Vesicle Organization (GO:0016050),0.20226939147636824,0.6074214362600048,0.9598765432098766,1.0,1.0,6/45,12.14%,TRAPPC10;PI4K2B;SRPX;PLEKHA3;WASL;VPS33B
prerank,GO_Biological_Process_2025__Excitatory Synapse Assembly (GO:1904861),-0.33530546441075176,-0.606900370809336,0.9051724137931034,1.0,1.0,3/7,25.41%,PTEN;SHANK3;RELN
prerank,GO_Biological_Process_2025__Cellular Response to Glucose Stimulus (GO:0071333),-0.29083167294899404,-0.6067758445907986,0.9235880398671097,1.0,1.0,9/14,43.28%,RAB43;OGT;RPTOR;PRKAA1;RACK1;PDHX;PRKCA;SELENOT;GAS6
prerank,GO_Biological_Process_2025__Endocardial Cushion Development (GO:0003197),-0.3419545869518584,-0.6062194874372354,0.8901098901098901,1.0,1.0,1/6,8.86%,CRELD1
prerank,GO_Biological_Process_2025__Hemostasis (GO:0007599),-0.3508121920708779,-0.6060886196876694,0.9021739130434783,1.0,1.0,3/5,43.40%,FLII;NFE2;P2RY12
prerank,GO_Biological_Process_2025__Positive Regulation of Endothelial Cell Proliferation (GO:0001938),0.22193705541468645,0.605627094351059,0.9776536312849162,1.0,1.0,7/32,16.39%,PDPK1;PDCL3;EMC10;AKT3;JCAD;EGFL7;PDGFB
prerank,GO_Biological_Process_2025__Positive Regulation of Heterotypic Cell-Cell Adhesion (GO:0034116),0.3195093723485232,0.6049159822995995,0.9022727272727272,1.0,1.0,2/6,16.78%,CD44;BMP7
prerank,DGIdb_Drug_Targets_2024__CARBOPLATIN,0.22810160683996283,0.6049030543886567,0.9445910290237467,1.0,1.0,8/28,22.49%,GSTT1;ATP7A;SERPINA5;SERPINC1;TRIM5;DOCK8;ALDH1A1;PRRC2A
prerank,GO_Biological_Process_2025__Positive Regulation of Leukocyte Apoptotic Process (GO:2000108),0.3279352226720649,0.6045531981898327,0.8951219512195122,1.0,1.0,5/5,67.24%,RAPGEF2;LGALS9;CLSTN1;LYN;PIK3CB
prerank,GO_Biological_Process_2025__T Cell Activation Involved in Immune Response (GO:0002286),0.3061487226081909,0.6041311308189637,0.8873873873873874,1.0,1.0,3/7,20.98%,TYROBP;FCER1G;ICAM1
prerank,GO_Biological_Process_2025__Negative Regulation of Response to Wounding (GO:1903035),0.26912231230172706,0.6039431802897497,0.9095607235142119,1.0,1.0,12/12,73.14%,EPPK1;GIT1;CD109;PTPRS;SERPINE1;APCS;MMRN1;CRK;STAT3;PTPN6;CERS2;INPP5F
prerank,GO_Biological_Process_2025__Negative Regulation of Gluconeogenesis (GO:0045721),-0.3332246004909868,-0.6037632367865392,0.8752260397830018,1.0,1.0,1/6,7.70%,TELO2
prerank,GO_Biological_Process_2025__Negative Regulation of Anoikis (GO:2000811),0.3043325114476929,0.6037341695877276,0.8778801843317973,1.0,1.0,8/8,69.61%,ITGB1;NOTCH1;ITGA5;PIK3CA;SRC;PTK2;BCL2L1;PTRH2
prerank,GO_Biological_Process_2025__Regulation of Anoikis (GO:2000209),0.3043325114476929,0.6037341695877276,0.8778801843317973,1.0,1.0,8/8,69.61%,ITGB1;NOTCH1;ITGA5;PIK3CA;SRC;PTK2;BCL2L1;PTRH2
prerank,GO_Biological_Process_2025__Polyol Metabolic Process (GO:0019751),-0.30772156416236573,-0.603248557060226,0.9016393442622951,1.0,1.0,3/9,25.31%,INPP4A;IP6K1;PPIP5K2
prerank,GO_Biological_Process_2025__Late Endosome to Vacuole Transport via Multivesicular Body Sorting Pathway (GO:0032511),0.24337462070572147,0.6022055808082971,0.9493333333333334,1.0,1.0,6/20,21.90%,STAM2;VTA1;UBAP1;VPS37B;VPS36;VPS37A
prerank,GO_Biological_Process_2025__Acetylcholine Receptor Signaling Pathway (GO:0095500),0.3015606995855677,0.6017351905433893,0.8832951945080092,1.0,1.0,1/8,3.13%,PLCB1
prerank,GO_Biological_Process_2025__Regulation of Execution Phase of Apoptosis (GO:1900117),-0.3280743313369664,-0.6007523583436921,0.8860294117647058,1.0,1.0,2/6,23.92%,DFFA;NDUFA13
prerank,GO_Biological_Process_2025__Regulation of Axon Extension (GO:0030516),0.2400732951682714,0.6003305597328654,0.9166666666666666,1.0,1.0,9/19,28.68%,L1CAM;NRCAM;TWF2;SHTN1;ZFYVE27;APOE;GOLGA4;CTTN;PTPRS
prerank,GO_Biological_Process_2025__Xenobiotic Catabolic Process (GO:0042178),-0.3324988999386106,-0.599644635416444,0.8886861313868614,1.0,1.0,3/6,19.54%,GSTM1;GSTM2;CRYZ
prerank,GO_Biological_Process_2025__Positive Regulation of Filopodium Assembly (GO:0051491),-0.2892672553406208,-0.5993560752398054,0.9114583333333334,1.0,1.0,1/15,4.10%,RHOQ
prerank,GO_Biological_Process_2025__Nucleoside Phosphate Metabolic Process (GO:0006753),0.2709086493667946,0.598347147796808,0.9097560975609756,1.0,1.0,2/12,6.35%,ACSF2;DCK
prerank,GO_Biological_Process_2025__Vasodilation (GO:0042311),0.31901408450704233,0.5974014190297404,0.8789954337899544,1.0,1.0,6/6,68.13%,KNG1;PTPN11;PECAM1;SRC;SOD1;SOD2
prerank,GO_Biological_Process_2025__Epithelial to Mesenchymal Transition (GO:0001837),-0.2633404806237951,-0.5968478934843364,0.9346733668341709,1.0,1.0,3/21,11.85%,SMAD4;DDX17;S100A4
prerank,GO_Biological_Process_2025__Endosome to Lysosome Transport via Multivesicular Body Sorting Pathway (GO:0032510),0.2786958480641015,0.5959844545393,0.9099756690997567,1.0,1.0,2/12,13.28%,CHMP1B;LYST
prerank,GO_Biological_Process_2025__Pinocytosis (GO:0006907),-0.31959980745373173,-0.5959711200822077,0.8941176470588236,1.0,1.0,3/8,30.44%,DOCK2;MAPKAPK3;RAB34
prerank,GO_Biological_Process_2025__Protein Oxidation (GO:0018158),0.3307171261174624,0.5957501780333889,0.8878718535469108,1.0,1.0,3/5,25.94%,LOX;APOA2;LOXL3
prerank,"GO_Biological_Process_2025__Negative Regulation of Gene Expression, Epigenetic (GO:0045814)",-0.27267108630423814,-0.5954766219927402,0.9275123558484349,1.0,1.0,2/16,8.44%,APOBEC3C;LMNB2
prerank,DGIdb_Drug_Targets_2024__METHOTREXATE,-0.2495562017807238,-0.5937965716641441,0.9521604938271605,1.0,1.0,7/31,21.16%,S100A12;FGFR4;ABCC4;GSTM1;PFDN4;NFATC2;PYGL
prerank,DGIdb_Drug_Targets_2024__LAPATINIB,-0.30117187859785327,-0.5929458137353495,0.9075043630017452,1.0,1.0,1/11,3.85%,MET
prerank,GO_Biological_Process_2025__Positive Regulation of Cellular Extravasation (GO:0002693),-0.32145973063006783,-0.5927981266923436,0.9041095890410958,1.0,1.0,1/7,5.94%,THY1
prerank,GO_Biological_Process_2025__Negative Regulation of Telomere Maintenance via Telomere Lengthening (GO:1904357),0.31492758281655314,0.591891399433399,0.8943820224719101,1.0,1.0,3/6,24.76%,SLX4;GNL3L;XRN1
prerank,GO_Biological_Process_2025__Regulation of Interleukin-12 Production (GO:0032655),0.24774207310696766,0.5918747987968552,0.9207650273224044,1.0,1.0,2/17,11.84%,PLCB1;HLA-B
prerank,GO_Biological_Process_2025__Negative Regulation of Osteoblast Differentiation (GO:0045668),-0.2879511390840276,-0.5918689779962192,0.9083469721767594,1.0,1.0,1/13,3.36%,CDK6
prerank,GO_Biological_Process_2025__Endolysosomal Toll-Like Receptor Signaling Pathway (GO:0140894),0.2837462580889512,0.5915958441820848,0.8901869158878505,1.0,1.0,1/10,3.11%,RFTN1
prerank,GO_Biological_Process_2025__Regulation of Dendritic Cell Apoptotic Process (GO:2000668),-0.3406570444031933,-0.5911591002312309,0.8942807625649913,1.0,1.0,1/6,17.15%,CCL21
prerank,DGIdb_Drug_Targets_2024__BAY80 6946,-0.3113581995638947,-0.5904169972153738,0.8988195615514334,1.0,1.0,2/9,14.61%,PIK3C2A;PTEN
prerank,GO_Biological_Process_2025__Adipose Tissue Development (GO:0060612),-0.3301589171722835,-0.587935950673369,0.9068541300527241,1.0,1.0,1/6,6.82%,VPS13B
prerank,GO_Biological_Process_2025__Positive Regulation of TORC2 Signaling (GO:1904515),-0.3263393189004331,-0.5874582525192041,0.9038112522686026,1.0,1.0,1/6,8.20%,OTUD5
prerank,GO_Biological_Process_2025__Golgi to Lysosome Transport (GO:0090160),0.28773181990721075,0.5863598029444648,0.9054054054054054,1.0,1.0,1/8,5.10%,RBSN
prerank,GO_Biological_Process_2025__Regulation of Endothelial Cell Chemotaxis (GO:2001026),0.30739436619718297,0.585634498293559,0.9024390243902439,1.0,1.0,6/6,69.29%,NOTCH1;FGFR1;THBS1;HSPB1;LGMN;PRKD2
prerank,GO_Biological_Process_2025__Regulation of Endopeptidase Activity (GO:0052548),0.26594074194579476,0.5854652262623964,0.9486552567237164,1.0,1.0,3/12,14.25%,GAPDH;FETUB;FURIN
prerank,DGIdb_Drug_Targets_2024__GDC 0973,-0.30591242867506585,-0.5848448354735298,0.8921739130434783,1.0,1.0,6/9,29.85%,MAP2K5;MAP2K3;MAP2K1;MAP2K4;MAP2K6;MAP2K2
prerank,GO_Biological_Process_2025__Regulation of T-helper 17 Cell Lineage Commitment (GO:2000328),0.31969569285234006,0.5847688463525448,0.883668903803132,1.0,1.0,3/5,25.94%,CD69;LGALS1;LOXL3
prerank,GO_Biological_Process_2025__Positive Regulation of Cellular Respiration (GO:1901857),0.3253596367676393,0.5846896293119115,0.8841201716738197,1.0,1.0,1/5,7.18%,ISCU
prerank,GO_Biological_Process_2025__Regulation of Neuroinflammatory Response (GO:0150077),0.29664460513997937,0.5840257373866001,0.9002433090024331,1.0,1.0,3/7,16.62%,IGF1;MMP3;TREM2
prerank,GO_Biological_Process_2025__Negative Regulation of Endoplasmic Reticulum Unfolded Protein Response (GO:1900102),0.26977973568281943,0.5836500439802119,0.9492273730684326,1.0,1.0,11/11,73.07%,ATF6B;PTPN1;HSPA5;NCK2;DDRGK1;NCK1;ATAD3A;TMBIM6;RACK1;UFL1;AKT1
prerank,GO_Biological_Process_2025__Amyloid Precursor Protein Catabolic Process (GO:0042987),0.2953554445936738,0.5835333191999531,0.89749430523918,1.0,1.0,4/8,21.40%,ADAM17;APOA1;ADAM10;DYRK1A
prerank,GO_Biological_Process_2025__DNA Catabolic Process (GO:0006308),-0.3260912004309129,-0.583481170983568,0.9252669039145908,1.0,1.0,2/6,24.66%,DICER1;DNASE1
prerank,GO_Biological_Process_2025__Carbohydrate Catabolic Process (GO:0016052),-0.2684663603170331,-0.5833801538147598,0.9588607594936709,1.0,1.0,2/21,7.62%,PFKFB2;ENO2
prerank,GO_Biological_Process_2025__Synaptic Vesicle Cycle (GO:0099504),0.23806990619442756,0.5828734819261073,0.9526315789473684,1.0,1.0,7/19,30.25%,AP3D1;AP3S2;GIT2;RAB3A;GIT1;SNCA;PIP5K1C
prerank,GO_Biological_Process_2025__Regulation of Fc Receptor Mediated Stimulatory Signaling Pathway (GO:0060368),0.3230932461636056,0.5823668772234262,0.908695652173913,1.0,1.0,1/5,10.29%,PLSCR1
prerank,GO_Biological_Process_2025__Estrogen Metabolic Process (GO:0008210),0.30404929577464784,0.5821637812637191,0.8693693693693694,1.0,1.0,6/6,69.63%,CHST10;SULT1A1;HSD17B4;HSD17B8;HSD17B11;HSD17B10
prerank,GO_Biological_Process_2025__Negative Regulation of ERAD Pathway (GO:1904293),0.3062449969463079,0.5802786367377418,0.9190371991247265,1.0,1.0,2/6,17.90%,SVIP;SGTA
prerank,GO_Biological_Process_2025__Positive Regulation of Ruffle Assembly (GO:1900029),-0.3419479136528479,-0.580107125326495,0.9174311926605505,1.0,1.0,3/5,43.40%,FAM98A;PFN1;P2RY12
prerank,GO_Biological_Process_2025__Clathrin-Dependent Endocytosis (GO:0072583),-0.2557681901797261,-0.5798719953698346,0.9541139240506329,1.0,1.0,9/22,32.36%,AP2M1;GAK;AP2A2;PICALM;DNAJC6;INPP5F;CANX;ITSN2;CLTB
prerank,GO_Biological_Process_2025__Male Gonad Development (GO:0008584),0.3061452566289579,0.578573284755891,0.9116945107398569,1.0,1.0,3/6,25.26%,CSDE1;KITLG;KIT
prerank,GO_Biological_Process_2025__Actin Nucleation (GO:0045010),-0.30503698485382175,-0.5784285228654235,0.9075043630017452,1.0,1.0,8/8,69.56%,ACTR3;ARPC2;ARPC1A;ARPC3;IQGAP2;ARPC5L;ARPC1B;ARPC5
prerank,GO_Biological_Process_2025__Arp2/3 Complex-Mediated Actin Nucleation (GO:0034314),-0.30503698485382175,-0.5784285228654235,0.9075043630017452,1.0,1.0,8/8,69.56%,ACTR3;ARPC2;ARPC1A;ARPC3;IQGAP2;ARPC5L;ARPC1B;ARPC5
prerank,GO_Biological_Process_2025__Skin Epidermis Development (GO:0098773),-0.32287835978460816,-0.5774567929586102,0.8925925925925926,1.0,1.0,3/6,30.67%,REXO2;FLG2;ALOX12
prerank,GO_Biological_Process_2025__Establishment of Skin Barrier (GO:0061436),-0.32287835978460816,-0.5774567929586102,0.8925925925925926,1.0,1.0,3/6,30.67%,REXO2;FLG2;ALOX12
prerank,GO_Biological_Process_2025__Regulation of Myoblast Fusion (GO:1901739),0.2874850355742302,0.577133032220894,0.916083916083916,1.0,1.0,2/8,15.09%,RIPOR2;SCGB3A1
prerank,GO_Biological_Process_2025__Positive Regulation of Release of Cytochrome C From Mitochondria (GO:0090200),-0.320645320616227,-0.5767318610165328,0.893542757417103,1.0,1.0,2/7,23.13%,MMP9;BAK1
prerank,GO_Biological_Process_2025__Negative Regulation of Cell Adhesion (GO:0007162),-0.23848796983087112,-0.5764264141205695,0.9657853810264385,1.0,1.0,5/32,22.18%,MUC1;SPOCK1;MIA3;RHOA;JAM3
prerank,GO_Biological_Process_2025__Positive Regulation of Cell Activation (GO:0050867),-0.2795661585209607,-0.5762273902095776,0.9217687074829932,1.0,1.0,1/13,5.43%,LILRA2
prerank,GO_Biological_Process_2025__Regulation of Smooth Muscle Cell Migration (GO:0014910),-0.2894161570528603,-0.5760693222684306,0.9180327868852459,1.0,1.0,3/12,15.63%,SORL1;S100A11;IGFBP5
prerank,GO_Biological_Process_2025__Neurotransmitter Transport (GO:0006836),0.29913718358810726,0.576039129824007,0.9067599067599068,1.0,1.0,3/7,25.38%,SYNJ1;LIN7C;SLC29A1
prerank,GO_Biological_Process_2025__Regulation of Neuron Migration (GO:2001222),0.2543627710206239,0.5759896127593024,0.9501246882793017,1.0,1.0,13/13,74.62%,COL3A1;SHTN1;TNN;RAPGEF2;CX3CL1;PLXNB2;SRGAP2;CAMK2B;CAMK2A;PLAA;CUL5;ARHGEF2;RELN
prerank,GO_Biological_Process_2025__D-glucose Import (GO:0046323),0.3204081847419891,0.5753885164764406,0.9023354564755839,1.0,1.0,1/5,10.22%,SLC2A1
prerank,GO_Biological_Process_2025__Nicotinamide Nucleotide Metabolic Process (GO:0046496),-0.25176883890339563,-0.5753366359316329,0.9356357927786499,1.0,1.0,7/26,22.76%,PFKFB2;ENO2;PFKM;GPD1L;NADK2;TP53I3;PFKL
prerank,GO_Biological_Process_2025__Dolichol-Linked Oligosaccharide Biosynthetic Process (GO:0006488),-0.2906038753605916,-0.5753047748079038,0.9176882661996497,1.0,1.0,3/11,25.38%,ALG11;ALG3;ALG9
prerank,GO_Biological_Process_2025__Cellular Response to Nerve Growth Factor Stimulus (GO:1990090),-0.30006476284003475,-0.573898910681339,0.9333333333333333,1.0,1.0,6/10,38.13%,NTRK2;CIB1;AKT1;EHD1;BDNF;RAP1A
prerank,GO_Biological_Process_2025__Phosphatidylinositol-3-Phosphate Biosynthetic Process (GO:0036092),-0.3090624679193188,-0.5736756838904296,0.9175084175084175,1.0,1.0,1/8,7.26%,PIK3C2A
prerank,GO_Biological_Process_2025__Pyrimidine Ribonucleotide Biosynthetic Process (GO:0009220),-0.33684488006525193,-0.5731321096503628,0.9063063063063063,1.0,1.0,3/5,44.81%,DHODH;CTPS2;CMPK1
prerank,GO_Biological_Process_2025__Regulation of Mitotic Spindle Organization (GO:0060236),0.22763322873530628,0.5729037730881091,0.9484536082474226,1.0,1.0,5/21,16.88%,CHMP1B;RIPOR2;VTA1;TACC3;CHMP1A
prerank,GO_Biological_Process_2025__Alpha-Beta T Cell Activation (GO:0046631),-0.3152538652024863,-0.572568780514228,0.9189686924493554,1.0,1.0,2/6,27.37%,CD247;STOML2
prerank,GO_Biological_Process_2025__Regulation of Microtubule Depolymerization (GO:0031114),-0.2864163397720959,-0.5721325903816421,0.9371633752244165,1.0,1.0,1/10,4.66%,CLASP1
prerank,GO_Biological_Process_2025__Negative Regulation of Amyloid Precursor Protein Catabolic Process (GO:1902992),-0.27555827161151397,-0.5718655002060582,0.9223300970873787,1.0,1.0,10/14,45.73%,SORL1;NTRK2;FLOT2;RTN4;GGA3;RTN2;CLU;PRNP;BIN1;RTN3
prerank,GO_Biological_Process_2025__Response to Muscle Stretch (GO:0035994),0.2915560695438714,0.5714867074877477,0.9056603773584906,1.0,1.0,1/7,10.99%,TTR
prerank,GO_Biological_Process_2025__Regulation of Mononuclear Cell Migration (GO:0071675),-0.3162626725470561,-0.5713734002603469,0.9316987740805605,1.0,1.0,1/7,10.04%,CD81
prerank,DGIdb_Drug_Targets_2024__LUSUTROMBOPAG,0.3196910757108581,0.571207252544106,0.9104803493449781,1.0,1.0,1/5,13.33%,SERPINC1
prerank,GO_Biological_Process_2025__Phosphatidylcholine Acyl-Chain Remodeling (GO:0036151),-0.31632390809271743,-0.5708663050552296,0.9283216783216783,1.0,1.0,3/7,40.77%,LPCAT1;PLA2G4A;LPCAT4
prerank,GO_Biological_Process_2025__Myeloid Leukocyte Differentiation (GO:0002573),-0.25983188970430143,-0.5704811426771715,0.9458204334365325,1.0,1.0,6/20,21.79%,PRTN3;SRP54;IL1RL1;MMP9;NPM1;CDC42
prerank,DGIdb_Drug_Targets_2024__MIDOSTAURIN,-0.26138462338199864,-0.5700157155436961,0.9390444810543658,1.0,1.0,4/17,22.37%,FGFR3;PRKCI;NPM1;JAK3
prerank,GO_Biological_Process_2025__Regulation of Leukocyte Activation (GO:0002694),-0.31873785862685466,-0.5696509120529863,0.9243986254295533,1.0,1.0,3/6,32.20%,S100A9;SHPK;MYO18A
prerank,GO_Biological_Process_2025__Negative Regulation of T Cell Mediated Immunity (GO:0002710),-0.3318077803203661,-0.5691308907106709,0.9074410163339383,1.0,1.0,5/5,66.87%,UFL1;HLA-F;LILRB1;PTPRC;CD274
prerank,GO_Biological_Process_2025__Positive Regulation of Nitric Oxide Biosynthetic Process (GO:0045429),0.25320039228491453,0.5685716181172319,0.9203084832904884,1.0,1.0,2/13,13.65%,HBB;CD36
prerank,GO_Biological_Process_2025__Positive Regulation of Nitric Oxide Metabolic Process (GO:1904407),0.25320039228491453,0.5685716181172319,0.9203084832904884,1.0,1.0,2/13,13.65%,HBB;CD36
prerank,"GO_Biological_Process_2025__Negative Regulation of CD4-positive, Alpha-Beta T Cell Activation (GO:2000515)",-0.32846329871501495,-0.5682390881953631,0.9172535211267606,1.0,1.0,5/5,67.20%,HMGB1;VSIR;TWSG1;CD274;LGALS9
prerank,GO_Biological_Process_2025__Fibrinolysis (GO:0042730),-0.30965630115166587,-0.5677466322822089,0.9097222222222222,1.0,1.0,2/7,33.03%,FGB;SERPINF2
prerank,GO_Biological_Process_2025__Positive Regulation of Notch Signaling Pathway (GO:0045747),0.2561184364417394,0.5676813595634801,0.9334975369458128,1.0,1.0,4/12,23.97%,IL6ST;JAG1;GDF2;PDCD10
prerank,GO_Biological_Process_2025__Regulation of Neutrophil Chemotaxis (GO:0090022),0.2494391036822417,0.5672467074630726,0.9253012048192771,1.0,1.0,3/12,17.36%,DPP4;RIPOR2;TNFAIP6
prerank,DGIdb_Drug_Targets_2024__AT9283,-0.29759239447419694,-0.5671376261604225,0.9090909090909091,1.0,1.0,1/8,7.72%,RPS6KA3
prerank,GO_Biological_Process_2025__Regulation of Cholesterol Biosynthetic Process (GO:0045540),-0.2923851118473272,-0.5670842282111695,0.9090909090909091,1.0,1.0,6/10,46.82%,PRKAA1;MAPK1;ERLIN2;PRKCA;QKI;KPNB1
prerank,GO_Biological_Process_2025__Regulation of Microtubule-Based Movement (GO:0060632),-0.32165492957746483,-0.5647693992584922,0.9165154264972777,1.0,1.0,6/6,67.89%,FNTA;LAMP1;METAP2;IGBP1;HDAC6;PROC
prerank,GO_Biological_Process_2025__Membrane Protein Intracellular Domain Proteolysis (GO:0031293),-0.3048620942861703,-0.5643599923426422,0.9108391608391608,1.0,1.0,6/7,43.62%,MMP7;APH1B;SPPL2B;NCSTN;HM13;TGFB1
prerank,GO_Biological_Process_2025__Regulation of Calcium Ion Transport (GO:0051924),-0.2457839575897775,-0.5642453271851425,0.9517884914463453,1.0,1.0,10/25,32.40%,LILRA2;IL16;F2R;TRPC6;CTNNB1;ORAI1;SRI;CAMK2G;PRKD2;HOMER2
prerank,GO_Biological_Process_2025__Positive Regulation of T Cell Cytokine Production (GO:0002726),0.28674716764616387,0.563807614582281,0.9330143540669856,1.0,1.0,4/8,27.45%,CD55;IL1R1;IL18;TANK
prerank,GO_Biological_Process_2025__Regulation of Type I Interferon Production (GO:0032479),0.20863356373922778,0.5635494896849107,0.9832869080779945,1.0,1.0,7/28,21.12%,ATG12;GAPDH;TRIM56;TYROBP;XAF1;MAVS;IRAK1
prerank,GO_Biological_Process_2025__Negative Regulation of Tumor Necrosis Factor Production (GO:0032720),-0.26627839232468387,-0.5626766216891139,0.9593114241001565,1.0,1.0,8/16,35.49%,LBP;IRAK3;DICER1;FXR1;SELENOS;ARG2;PTPN6;GHRL
prerank,GO_Biological_Process_2025__Cognition (GO:0050890),-0.30070351392762507,-0.5626075044769198,0.9187279151943463,1.0,1.0,2/8,18.92%,BGLAP;MAGT1
prerank,GO_Biological_Process_2025__Nucleoside Phosphate Biosynthetic Process (GO:1901293),-0.28441526662966876,-0.5621780027859533,0.919931856899489,1.0,1.0,8/11,43.18%,NMNAT3;COASY;PPCS;PPCDC;NME2;PANK4;PANK2;AK3
prerank,GO_Biological_Process_2025__Mononuclear Cell Differentiation (GO:1903131),0.2458591467783595,0.5614883277716137,0.9327956989247311,1.0,1.0,1/14,4.22%,PDE2A
prerank,GO_Biological_Process_2025__Melanosome Localization (GO:0032400),-0.28147301771489974,-0.5606714091890133,0.9262981574539364,1.0,1.0,4/10,23.25%,RAB43;RAB27A;BLOC1S6;RAB11A
prerank,GO_Biological_Process_2025__Regulation of Fatty Acid Biosynthetic Process (GO:0042304),0.24454375755374655,0.5605316856923029,0.9451073985680191,1.0,1.0,5/13,30.85%,APOA4;APOC1;APOC3;ACADVL;SIRT2
prerank,GO_Biological_Process_2025__Regulation of Lamellipodium Assembly (GO:0010591),-0.2563909025917615,-0.5586319493103583,0.9500805152979066,1.0,1.0,4/18,26.01%,FER;TWF1;CDC42;ACTR3
prerank,GO_Biological_Process_2025__Organophosphate Catabolic Process (GO:0046434),-0.2731942890099131,-0.5583979091484073,0.9320066334991708,1.0,1.0,3/13,17.90%,LIPG;PDXP;GALK1
prerank,Reactome_Pathways_2024__ABC Transporter Disorders,0.19426406851081374,0.5581413049192319,0.9936102236421726,1.0,1.0,6/43,18.31%,ABCA3;PSMB5;PSMD12;SEL1L;APOA1;PSMC4
prerank,GO_Biological_Process_2025__Regulation of Protein Polymerization (GO:0032271),-0.25618566763166856,-0.5579036661302549,0.9306451612903226,1.0,1.0,2/17,8.65%,GBA2;FCHSD1
prerank,GO_Biological_Process_2025__Learning (GO:0007612),-0.2631335344462144,-0.5576232997828329,0.9423728813559322,1.0,1.0,6/16,25.41%,PPP3CB;NTRK2;METAP1;SHANK3;EIF2AK4;RELN
prerank,GO_Biological_Process_2025__Mitotic G2/M Transition Checkpoint (GO:0044818),0.24521432708136506,0.5571917685805061,0.9031476997578692,1.0,1.0,1/12,2.90%,TAOK2
prerank,GO_Biological_Process_2025__Heart Looping (GO:0001947),0.30734025699700757,0.5562868126537376,0.9409282700421941,1.0,1.0,5/5,69.29%,ENG;NOTCH1;IHH;MKKS;PRKD2
prerank,GO_Biological_Process_2025__Progesterone Receptor Signaling Pathway (GO:0050847),-0.31730976912199443,-0.5554645464261044,0.9409722222222222,1.0,1.0,1/5,26.80%,MAPK1
prerank,GO_Biological_Process_2025__Protein Prenylation (GO:0018342),-0.33010785564940887,-0.554020502390372,0.9277566539923955,1.0,1.0,2/5,21.97%,PLPP6;FNTA
prerank,GO_Biological_Process_2025__Phosphatidylcholine Metabolic Process (GO:0046470),-0.23515273517609103,-0.5540185291616031,0.9755725190839695,1.0,1.0,1/27,2.18%,PNPLA8
prerank,GO_Biological_Process_2025__tRNA Aminoacylation for Mitochondrial Protein Translation (GO:0070127),0.2761049480542348,0.5538294978864418,0.907725321888412,1.0,1.0,7/7,72.42%,TARS2;YARS2;SARS2;DARS2;GARS1;WARS2;EARS2
prerank,GO_Biological_Process_2025__Cellular Response to Interferon-Beta (GO:0035458),-0.3059736194534264,-0.5528513545379885,0.9233511586452763,1.0,1.0,3/7,23.92%,IFITM2;UBE2K;NDUFA13
prerank,GO_Biological_Process_2025__Protein Localization to Endosome (GO:0036010),0.26427061310782224,0.5527033565000747,0.9318734793187348,1.0,1.0,10/10,73.62%,PACSIN2;WASHC2A;TOLLIP;TMEM30A;RAB35;MICALL1;WASHC2C;NRP1;VPS35;ARL8B
prerank,GO_Biological_Process_2025__Regulation of Lysosome Size (GO:0062196),0.27527298344487494,0.5527011369938015,0.951048951048951,1.0,1.0,8/8,72.51%,BORCS5;BORCS7;BORCS6;SNAPIN;BLOC1S2;BORCS8;KXD1;KCNK6
prerank,GO_Biological_Process_2025__Hepaticobiliary System Development (GO:0061008),0.2810235462420676,0.5519779966219479,0.9354120267260579,1.0,1.0,1/7,9.37%,TGFBR3
prerank,GO_Biological_Process_2025__Regulation of PERK-mediated Unfolded Protein Response (GO:1903897),0.2696371961958436,0.5516093968073331,0.9309576837416481,1.0,1.0,8/8,73.07%,TMEM33;PTPN1;HSPA5;NCK2;DDRGK1;NCK1;ATAD3A;AKT1
prerank,GO_Biological_Process_2025__Stimulatory C-type Lectin Receptor Signaling Pathway (GO:0002223),-0.28083289059553657,-0.551607171797842,0.9350877192982456,1.0,1.0,3/11,28.97%,PKN2;SYK;PLCG2
prerank,GO_Biological_Process_2025__Cellular Response to Lectin (GO:1990858),-0.28083289059553657,-0.551607171797842,0.9350877192982456,1.0,1.0,3/11,28.97%,PKN2;SYK;PLCG2
prerank,GO_Biological_Process_2025__Regulation of Gastrulation (GO:0010470),0.3018834712198557,0.5515629349094989,0.9277899343544858,1.0,1.0,5/5,69.84%,PHLDB1;DAG1;POGLUT1;CLASP2;RACK1
prerank,GO_Biological_Process_2025__Pyruvate Metabolic Process (GO:0006090),-0.2442613518788271,-0.5511271513549311,0.9587155963302753,1.0,1.0,9/25,26.35%,PFKFB2;ENO2;PFKM;LDHAL6B;PFKL;SBDS;DLAT;PDHB;TPI1
prerank,GO_Biological_Process_2025__Pyrimidine Nucleobase Metabolic Process (GO:0006206),-0.32383437471170184,-0.5504322415634705,0.925,1.0,1.0,3/5,42.86%,DPYD;CTPS2;DPYSL2
prerank,GO_Biological_Process_2025__Positive Regulation of Kinase Activity (GO:0033674),0.21658773300108877,0.5499080686429216,0.9829545454545454,1.0,1.0,1/24,2.18%,ZNF622
prerank,GO_Biological_Process_2025__Negative Regulation of Fibrinolysis (GO:0051918),-0.3061161521592376,-0.5495740234905498,0.9303571428571429,1.0,1.0,2/6,33.03%,THBD;SERPINF2
prerank,GO_Biological_Process_2025__Positive Regulation of Interleukin-10 Production (GO:0032733),0.2581042988019731,0.5490937937469256,0.9125,1.0,1.0,10/10,74.23%,CD40LG;ISG15;LGALS9;CD46;PYCARD;HSPD1;STAT3;PLCG2;HMGB1;SYK
prerank,GO_Biological_Process_2025__Protein Insertion Into ER Membrane (GO:0045048),-0.24105343365458293,-0.5476526242996839,0.95260663507109,1.0,1.0,2/23,8.41%,NCLN;GET1
prerank,GO_Biological_Process_2025__Regulation of Lipopolysaccharide-Mediated Signaling Pathway (GO:0031664),-0.2682728622569166,-0.5474800158525681,0.9285714285714286,1.0,1.0,2/12,14.05%,LILRA2;SIGIRR
prerank,DGIdb_Drug_Targets_2024__ATENOLOL,0.2436688392382198,0.5471365010186862,0.9267139479905437,1.0,1.0,4/12,20.65%,SLC4A1;LDLR;FTO;SNX9
prerank,GO_Biological_Process_2025__Dendritic Spine Organization (GO:0097061),0.23117914481457616,0.5454467503322562,0.9513381995133819,1.0,1.0,3/14,16.62%,LLGL1;WASL;TREM2
prerank,GO_Biological_Process_2025__Positive Regulation of Immune System Process (GO:0002684),0.2301790642380535,0.5453736293178449,0.9576059850374065,1.0,1.0,2/15,11.01%,LILRB2;CFP
prerank,GO_Biological_Process_2025__Peroxisome Organization (GO:0007031),0.23950034241932572,0.5448143838519081,0.9501246882793017,1.0,1.0,2/14,13.01%,PEX11B;PEX6
prerank,GO_Biological_Process_2025__Mitochondrial RNA 3'-End Processing (GO:0000965),-0.30844050213322405,-0.5444633377286143,0.9298245614035088,1.0,1.0,2/6,17.75%,SUPV3L1;TRNT1
prerank,GO_Biological_Process_2025__Positive Regulation of Actin Filament Depolymerization (GO:0030836),-0.3045564348810968,-0.544462475673929,0.9551166965888689,1.0,1.0,1/6,12.05%,PDXP
prerank,GO_Biological_Process_2025__Activin Receptor Signaling Pathway (GO:0032924),-0.29716580602473375,-0.5441847063175538,0.9347079037800687,1.0,1.0,1/7,4.41%,SMAD4
prerank,GO_Biological_Process_2025__Positive Regulation of Coagulation (GO:0050820),0.2543664817477763,0.5436001804624343,0.9452380952380952,1.0,1.0,4/10,29.16%,APOH;F12;HPSE;SERPINE1
prerank,GO_Biological_Process_2025__Nucleotide-Sugar Metabolic Process (GO:0009225),0.24879523045841628,0.542478381474134,0.9452380952380952,1.0,1.0,7/11,35.03%,UGP2;GMPPB;GFUS;GFPT1;GMPPA;GALT;EXTL2
prerank,GO_Biological_Process_2025__Positive Regulation of Cell Migration (GO:0030335),0.15148841148575626,0.5423631003511543,1.0,1.0,1.0,28/168,19.64%,MTOR;GRN;CEMIP;GPLD1;COL1A1;MMP14;IGF1;FAM89B;MYOC;SPRY2;ABL1;ENPP2;FN1;EMC10;CDH5;DDR2;SEMA4D;ELP5;ACVR1;PDGFB;ADAM17;PDGFD;RICTOR;SHTN1;SOS1;MAP4K4;TRADD;TRIP6
prerank,GO_Biological_Process_2025__Negative Regulation of Tumor Necrosis Factor Superfamily Cytokine Production (GO:1903556),-0.2529774358425962,-0.5422573666671922,0.9655172413793104,1.0,1.0,8/17,35.49%,LBP;IRAK3;DICER1;FXR1;SELENOS;ARG2;PTPN6;GHRL
prerank,"GO_Biological_Process_2025__Retrograde Vesicle-Mediated Transport, Golgi to Endoplasmic Reticulum (GO:0006890)",0.19868465723993917,0.5416632232869802,0.9940828402366864,1.0,1.0,5/36,15.58%,COG3;RER1;ERGIC3;KDELR2;STX18
prerank,"GO_Biological_Process_2025__Positive Regulation of mRNA Splicing, via Spliceosome (GO:0048026)",0.2671715392743923,0.5416244671882302,0.9211822660098522,1.0,1.0,8/8,73.32%,PRMT5;WDR77;RBM3;PRDX5;CIRBP;CLNS1A;DAZAP1;DNAJC5
prerank,GO_Biological_Process_2025__Negative Regulation of Interleukin-1 Beta Production (GO:0032691),0.2720009400811219,0.5415260769515889,0.9521640091116174,1.0,1.0,3/7,25.96%,IGF1;CARD8;GIT1
prerank,GO_Biological_Process_2025__Regulation of Vascular Associated Smooth Muscle Cell Differentiation (GO:1905063),-0.31629231553843584,-0.5413786760644975,0.9411764705882353,1.0,1.0,2/5,18.47%,PDCD4;NFATC2
prerank,GO_Biological_Process_2025__Establishment or Maintenance of Epithelial Cell Apical/Basal Polarity (GO:0045197),-0.2540747886470484,-0.5401901724869823,0.9489795918367347,1.0,1.0,9/15,35.81%,EZR;OPHN1;PRKCI;RHOA;CDC42;RAP2A;WDR1;MSN;PDCD6IP
prerank,GO_Biological_Process_2025__Protein Homotrimerization (GO:0070207),-0.2899957887994138,-0.5395355559898168,0.9439421338155516,1.0,1.0,2/8,20.30%,S100A9;SLC1A5
prerank,GO_Biological_Process_2025__Regulation of Interleukin-10 Production (GO:0032653),0.2240649258997881,0.5386963909864377,0.9394812680115274,1.0,1.0,18/18,77.66%,PDCD1LG2;TYROBP;CD40LG;ISG15;LGALS9;CD274;CD46;PYCARD;THBS1;LILRB1;VSIR;HSPD1;CD47;STAT3;PLCG2;HMGB1;SYK;JAK3
prerank,GO_Biological_Process_2025__Protein Trimerization (GO:0070206),-0.28153691331821207,-0.5377938135220122,0.9329710144927537,1.0,1.0,2/9,20.30%,S100A9;SLC1A5
prerank,GO_Biological_Process_2025__Positive Regulation of Alpha-Beta T Cell Activation (GO:0046635),0.2820827153050087,0.5376853997771901,0.9305555555555556,1.0,1.0,1/6,8.85%,CD55
prerank,GO_Biological_Process_2025__Axon Extension (GO:0048675),-0.2701282417710712,-0.5368014672498125,0.9285714285714286,1.0,1.0,2/10,14.40%,PPP3CB;SEMA3F
prerank,GO_Biological_Process_2025__Positive Regulation of Protein Modification Process (GO:0031401),0.18461238560712562,0.536774027503568,0.9969135802469136,1.0,1.0,10/42,23.71%,ADIPOQ;SVIP;HDAC3;SEMA4D;NPTN;PIK3C3;RIPK1;TXN2;ITLN1;TAOK1
prerank,GO_Biological_Process_2025__Regulation of Coagulation (GO:0050818),-0.3046970253706813,-0.5366059258277622,0.9317773788150808,1.0,1.0,2/6,33.03%,F2R;SERPINF2
prerank,GO_Biological_Process_2025__Membrane Fission (GO:0090148),0.1911943159692502,0.535963744281139,0.9943661971830986,1.0,1.0,11/37,23.99%,EXOC2;CHMP1B;STAM2;CORO1C;UBAP1;VPS37B;VPS36;VPS37A;CHMP2B;EXOC5;EXOC1
prerank,GO_Biological_Process_2025__Cytoplasmic Pattern Recognition Receptor Signaling Pathway (GO:0002753),-0.24157200108995186,-0.5358655273760004,0.9620253164556962,1.0,1.0,1/18,5.15%,IRF3
prerank,GO_Biological_Process_2025__Negative Regulation of Smooth Muscle Cell Differentiation (GO:0051151),-0.3093218188541267,-0.535379610949068,0.9412844036697248,1.0,1.0,2/5,18.47%,PDCD4;NFATC2
prerank,GO_Biological_Process_2025__Regulation of Heterotypic Cell-Cell Adhesion (GO:0034114),-0.26417012211644647,-0.5351990944436997,0.9472817133443163,1.0,1.0,4/12,27.84%,MAP2K5;FGB;FLOT2;FLOT1
prerank,GO_Biological_Process_2025__Positive Regulation of Neutrophil Migration (GO:1902624),-0.2626120229863135,-0.5350636819497442,0.9445378151260504,1.0,1.0,6/12,34.08%,CCL21;DNM1L;RTN4;MCU;THBS4;MOSPD2
prerank,GO_Biological_Process_2025__Negative Regulation of Type II Interferon Production (GO:0032689),0.24894291754756867,0.5344408970815573,0.9328358208955224,1.0,1.0,10/10,75.15%,PDCD1LG2;LGALS9;CD274;C1QBP;LILRB1;VSIR;GAS6;PRNP;HMGB1;INHBA
prerank,GO_Biological_Process_2025__Regulation of Proteolysis Involved in Protein Catabolic Process (GO:1903050),0.2210381356988189,0.5329514742299744,0.9584415584415584,1.0,1.0,1/17,4.61%,LATS1
prerank,GO_Biological_Process_2025__Regulation of Ventricular Cardiac Muscle Cell Action Potential (GO:0098911),-0.30073075996299403,-0.5310511852226032,0.9425925925925925,1.0,1.0,1/6,8.34%,JUP
prerank,GO_Biological_Process_2025__+ Reg of Myeloid Leukocyte Cytokine Production Inv in Imm Resp (GO:0061081),0.2721830985915494,0.5308099633106491,0.9565217391304348,1.0,1.0,6/6,72.81%,MAVS;KIT;CD74;LILRB1;PLCG2;RTN4
prerank,GO_Biological_Process_2025__Positive Regulation of Developmental Process (GO:0051094),-0.19116566124840442,-0.5294894892870157,0.9970717423133236,1.0,1.0,21/71,28.17%,RBBP7;CLASP1;CXCR4;RPS6KA3;SORL1;PGAM5;OGT;BASP1;FST;DNM1L;CTNNB1;MSTO1;SHANK3;TRPM4;PRKAA1;ANAPC2;RELN;SLC6A6;RTN4;RALA;TFRC
prerank,GO_Biological_Process_2025__Regulation of Trans-Synaptic Signaling (GO:0099177),-0.261445186376711,-0.5289086795963029,0.9380234505862647,1.0,1.0,1/12,7.02%,NLGN2
prerank,"GO_Biological_Process_2025__Retrograde Protein Transport, ER to Cytosol (GO:0030970)",-0.24526681906324693,-0.5286909651180933,0.9599358974358975,1.0,1.0,10/16,43.99%,DERL1;OS9;SELENOS;SYVN1;AUP1;HSP90B1;VCP;HM13;UFD1;SEC61B
prerank,GO_Biological_Process_2025__Negative Regulation of Cell-Cell Adhesion (GO:0022408),-0.2409644088080009,-0.528542169936915,0.964824120603015,1.0,1.0,3/19,15.60%,MAP2K5;MIA3;RDX
prerank,GO_Biological_Process_2025__Response to Hydrogen Peroxide (GO:0042542),-0.2476050315818262,-0.5282937914551032,0.9657980456026058,1.0,1.0,3/16,13.38%,RPS3;ADAM9;FXN
prerank,GO_Biological_Process_2025__Positive Regulation of Cholesterol Metabolic Process (GO:0090205),0.24947145877378446,0.5282296695370938,0.9339407744874715,1.0,1.0,10/10,75.10%,APOA1;CES1;APOE;GNAI1;KPNB1;QKI;PRKCA;LDLRAP1;MAPK1;PRKAA1
prerank,GO_Biological_Process_2025__Negative Regulation of Endopeptidase Activity (GO:0010951),-0.26638363783457836,-0.5277747490483896,0.9454855195911414,1.0,1.0,3/12,19.33%,SPOCK1;SERPINB1;SERPINB6
prerank,GO_Biological_Process_2025__Negative Regulation of Biomineral Tissue Development (GO:0070168),-0.2692036645525018,-0.5268269813784834,0.961335676625659,1.0,1.0,10/10,73.14%,TRPM4;SRGN;GAS6;TGFB1;ROCK2;ROCK1;ECM1;NOTCH1;PTK2B;ASPN
prerank,GO_Biological_Process_2025__Cellular Response to Virus (GO:0098586),-0.23740789505307952,-0.5264903524963883,0.9605263157894737,1.0,1.0,6/19,31.60%,IRF3;IL10RB;DDX3X;PTGES2;LGALS8;HSP90AA1
prerank,GO_Biological_Process_2025__Regulation of Cellular Component Biogenesis (GO:0044087),-0.23113906443607535,-0.5262728459908493,0.9627329192546584,1.0,1.0,3/22,15.60%,NCLN;EZR;RDX
prerank,GO_Biological_Process_2025__Negative Regulation of PERK-mediated Unfolded Protein Response (GO:1903898),0.26958971649938374,0.5261626325725483,0.9564270152505446,1.0,1.0,7/7,73.07%,PTPN1;HSPA5;NCK2;DDRGK1;NCK1;ATAD3A;AKT1
prerank,GO_Biological_Process_2025__Amyloid-Beta Formation (GO:0034205),0.29444647610859265,0.5259652356597782,0.9439461883408071,1.0,1.0,2/5,21.40%,APOA1;DYRK1A
prerank,GO_Biological_Process_2025__Regulation of Cytokine Production Involved in Immune Response (GO:0002718),0.2896052050947503,0.5258292831484275,0.9516129032258065,1.0,1.0,2/5,22.62%,APOA2;SLC7A5
prerank,GO_Biological_Process_2025__Regulation of Nitric Oxide Biosynthetic Process (GO:0045428),-0.2455505680692217,-0.5258167713315625,0.9538714991762768,1.0,1.0,8/17,32.80%,ATP2B4;SMAD3;ASL;AKT1;PRKD2;HSP90AB1;HSP90AA1;PIK3CB
prerank,GO_Biological_Process_2025__Regulation of Wound Healing (GO:0061041),-0.23346399943074445,-0.525752142714742,0.9595645412130638,1.0,1.0,2/20,15.69%,ANXA1;F2R
prerank,GO_Biological_Process_2025__Regulation of JUN Kinase Activity (GO:0043506),-0.2500822096350114,-0.5249824168633124,0.9557522123893806,1.0,1.0,7/14,44.46%,PDCD4;MAP3K11;PKN1;DNAJA1;TAOK3;DUSP19;TRAF6
prerank,GO_Biological_Process_2025__Positive Regulation of RNA Metabolic Process (GO:0051254),0.27230474384638875,0.5246146217888457,0.948019801980198,1.0,1.0,1/7,6.72%,GRSF1
prerank,GO_Biological_Process_2025__Regulation of Mitochondrial Membrane Potential (GO:0051881),0.23144720606381086,0.5205852647152378,0.9631449631449631,1.0,1.0,13/13,76.91%,ABL1;BAD;ARL6IP5;PPA2;BAX;SPART;ATP5IF1;VCP;PRDX3;SOD1;BCL2L1;PARK7;BAK1
prerank,GO_Biological_Process_2025__Maintenance of Blood-Brain Barrier (GO:0035633),0.22204585537918867,0.5198021301845759,0.9603960396039604,1.0,1.0,16/16,77.86%,CDH5;ESAM;PRG2;ITGB1;SLC12A2;CLDN3;F11R;TJP2;LSR;PECAM1;LAMC1;TJP1;LAMA2;CLDN5;VCL;JAM3
prerank,GO_Biological_Process_2025__Regulation of Mitochondrial Translation (GO:0070129),0.24880703969165613,0.5191389947920446,0.9476309226932669,1.0,1.0,2/9,17.69%,TRMT10C;COA3
prerank,GO_Biological_Process_2025__Negative Regulation of Reactive Oxygen Species Metabolic Process (GO:2000378),0.25543223671709453,0.5185339437015056,0.9393258426966292,1.0,1.0,5/8,36.67%,MMP3;TRAP1;SIRT2;HDAC6;ABCD1
prerank,GO_Biological_Process_2025__Regulation of Establishment of Endothelial Barrier (GO:1903140),0.2498238195912614,0.5185142320972846,0.9673659673659674,1.0,1.0,10/10,75.06%,CDH5;IKBKB;PPP1R12A;PROC;F11R;ROCK1;ROCK2;CLDN5;ZDHHC21;VCL
prerank,GO_Biological_Process_2025__L-amino Acid Transport (GO:0015807),-0.3003782623839122,-0.5180397982775669,0.9507575757575758,1.0,1.0,2/5,32.62%,SLC3A2;SLC7A6
prerank,GO_Biological_Process_2025__Regulation of Integrin-Mediated Signaling Pathway (GO:2001044),0.23206369228460877,0.5178161031450098,0.9588688946015425,1.0,1.0,1/12,6.07%,PHACTR4
prerank,GO_Biological_Process_2025__Platelet-Derived Growth Factor Receptor Signaling Pathway (GO:0048008),0.22258297542063193,0.5169832016606178,0.9584352078239609,1.0,1.0,6/14,29.37%,LOX;PDGFB;PDGFD;PDGFA;PTPN1;PDGFRA
prerank,GO_Biological_Process_2025__Development of Primary Male Sexual Characteristics (GO:0046546),0.2622757972488402,0.5163939506514978,0.9465116279069767,1.0,1.0,3/7,25.26%,CSDE1;KITLG;KIT
prerank,DGIdb_Drug_Targets_2024__MELATONIN,-0.27985678957205967,-0.5154506607063001,0.9522968197879859,1.0,1.0,1/7,11.22%,BGLAP
prerank,GO_Biological_Process_2025__Sodium Ion Transmembrane Transport (GO:0035725),-0.26600059316957514,-0.5147951592618923,0.9478260869565217,1.0,1.0,4/10,30.74%,SLC6A4;TRPM4;SLC6A6;PRKD2
prerank,GO_Biological_Process_2025__Positive Regulation of Apoptotic Cell Clearance (GO:2000427),-0.2942879946037387,-0.5145795001462656,0.9564459930313589,1.0,1.0,2/5,24.22%,HNRNPC;C4B
prerank,GO_Biological_Process_2025__Positive Regulation of Organelle Organization (GO:0010638),-0.20681220161749037,-0.5143252587463855,0.991044776119403,1.0,1.0,13/40,31.73%,ANXA1;LMAN1;PGAM5;MMP9;DNM1L;RAB3GAP2;MSTO1;BAK1;MICU1;RALA;MCU;ANXA2;VPS35
prerank,"GO_Biological_Process_2025__Blood Coagulation, Fibrin Clot Formation (GO:0072378)",-0.24924381691081535,-0.5121107612486672,0.9597902097902098,1.0,1.0,5/14,33.08%,F13A1;THBD;FGB;GP9;F8
prerank,GO_Biological_Process_2025__Protein Activation Cascade (GO:0072376),-0.24924381691081535,-0.5121107612486672,0.9597902097902098,1.0,1.0,5/14,33.08%,F13A1;THBD;FGB;GP9;F8
prerank,GO_Biological_Process_2025__Negative Regulation of Amyloid-Beta Formation (GO:1902430),-0.24797019846796695,-0.5120836800231062,0.9513776337115073,1.0,1.0,9/13,45.73%,SORL1;NTRK2;RTN4;GGA3;RTN2;CLU;PRNP;BIN1;RTN3
prerank,GO_Biological_Process_2025__Microtubule Anchoring at Microtubule Organizing Center (GO:0072393),0.27418825855212886,0.5109883528409572,0.9465116279069767,1.0,1.0,1/6,7.54%,PCM1
prerank,DGIdb_Drug_Targets_2024__TOZASERTIB,-0.20876901577158738,-0.5109076155924913,0.9879154078549849,1.0,1.0,8/36,21.51%,FGFR3;PKN2;IRAK4;TYRO3;NTRK2;MAP4K5;MAP2K1;PAK1
prerank,GO_Biological_Process_2025__Mitochondrial Fission (GO:0000266),-0.287830519382997,-0.5108151473516375,0.9621621621621622,1.0,1.0,3/6,37.60%,FIS1;SLC25A46;GDAP1
prerank,GO_Biological_Process_2025__Thioester Metabolic Process (GO:0035383),0.2610912477714279,0.5107748954885953,0.9655963302752294,1.0,1.0,2/7,16.55%,ACSF2;MLYCD
prerank,GO_Biological_Process_2025__Regulation of Attachment of Spindle Microtubules to Kinetochore (GO:0051988),-0.28138500053972343,-0.5105546087316967,0.9407665505226481,1.0,1.0,2/6,21.79%,RCC2;CDC42
prerank,GO_Biological_Process_2025__Programmed Necrotic Cell Death (GO:0097300),0.26165450549946656,0.5098052537541844,0.9494252873563218,1.0,1.0,4/7,29.86%,RIPK1;RIPK3;CYLD;MLKL
prerank,GO_Biological_Process_2025__Actin Polymerization or Depolymerization (GO:0008154),0.1859315587223804,0.5097961097335556,0.9916666666666667,1.0,1.0,5/32,16.48%,SVIL;WASHC3;WASL;NCAPG;TWF2
prerank,GO_Biological_Process_2025__Heart Process (GO:0003015),0.2770638972011972,0.5090937689034606,0.963963963963964,1.0,1.0,5/5,72.32%,RAMP3;FYN;SOD1;GPX1;PPCS
prerank,GO_Biological_Process_2025__Positive Regulation of Calcium Ion Transmembrane Transporter Activity (GO:1901021),-0.2760783356785038,-0.5089557690223124,0.9691252144082333,1.0,1.0,2/7,18.85%,GSTM2;SLC6A4
prerank,DGIdb_Drug_Targets_2024__IUPHAR.LIGAND:707,-0.21922400426716082,-0.5085385473554812,0.9755700325732899,1.0,1.0,6/24,27.17%,C8A;BCAT2;ARF5;C4B;ARF6;ITPR1
prerank,GO_Biological_Process_2025__Positive Regulation of Substrate Adhesion-Dependent Cell Spreading (GO:1900026),0.19357117626280468,0.5080194978939845,0.9858757062146892,1.0,1.0,24/24,80.72%,MYOC;APOA1;ARHGEF7;CARMIL1;TRIOBP;CASS4;FLNA;C1QBP;FGG;FGA;DOCK1;P4HB;NRP1;CRK;MYADM;ILK;CALR;CRKL;FERMT2;LIMS1;CDC42;CIB1;DOCK5;FGB
prerank,GO_Biological_Process_2025__Regulation of Endosome Size (GO:0051036),-0.26334331513123127,-0.5072448947789889,0.967391304347826,1.0,1.0,9/9,73.72%,RAB5A;KXD1;BORCS8;BLOC1S2;BLOC1S1;SNAPIN;BORCS6;BORCS7;BORCS5
prerank,GO_Biological_Process_2025__Membrane Protein Proteolysis (GO:0033619),-0.2318884885882535,-0.5058475609070132,0.9782971619365609,1.0,1.0,5/19,24.53%,PRTN3;ADAM9;MMP7;APH1B;SPPL2B
prerank,GO_Biological_Process_2025__Nucleoside Salvage (GO:0043174),-0.29711738488925754,-0.5041607510740683,0.9676258992805755,1.0,1.0,3/5,36.60%,UCKL1;DNPH1;HPRT1
prerank,GO_Biological_Process_2025__Sensory Perception (GO:0007600),0.26778169014084485,0.5040932467532188,0.9572072072072072,1.0,1.0,6/6,73.25%,CDH23;GPNMB;NIPSNAP1;GNAS;TMEM150C;TRPV2
prerank,GO_Biological_Process_2025__Endoplasmic Reticulum Tubular Network Formation (GO:0071787),0.27213518746699533,0.5034245646887513,0.9706546275395034,1.0,1.0,5/5,72.81%,ZFYVE27;RTN1;RTN3;RTN2;RTN4
prerank,GO_Biological_Process_2025__Positive Regulation of Glial Cell Migration (GO:1903977),0.2809364548494983,0.5033776945700855,0.9592760180995475,1.0,1.0,5/5,71.93%,TREM2;CX3CL1;P2RY12;CRKL;CSF1
prerank,GO_Biological_Process_2025__Platelet Aggregation (GO:0070527),0.1872679045092837,0.5033317425029563,0.993993993993994,1.0,1.0,31/31,81.38%,HBB;MYL9;FIBP;PDGFRA;UBASH3B;FLNA;ITGB3;STXBP1;FGG;STXBP3;GNAS;TLN1;ACTN1;FGA;CLIC1;HSPB1;MYH9;P2RY12;FERMT3;ILK;RAP2B;PIK3CG;PLEK;PIK3CB;CSRP1;VCL;METAP1;PPIA;FGB;SLC6A4;TYRO3
prerank,GO_Biological_Process_2025__Intrinsic Apoptotic Signaling Pathway in Response to DNA Damage by P53 Class Mediator (GO:0042771),-0.28351115775540026,-0.5032643330308031,0.9564393939393939,1.0,1.0,1/6,11.55%,PPP2R5C
prerank,GO_Biological_Process_2025__Negative Regulation of Oxidative Stress-Induced Intrinsic Apoptotic Signaling Pathway (GO:1902176),0.22960156831125125,0.5032456982025403,0.9595238095238096,1.0,1.0,3/12,17.92%,NOL3;HTRA2;FBXO7
prerank,GO_Biological_Process_2025__Regulation of Catabolic Process (GO:0009894),0.17568659883925397,0.5032245096335284,0.9971264367816092,1.0,1.0,8/39,19.22%,LAMP3;LATS1;TMEM9;FURIN;PIK3C3;PIK3R4;BECN1;C9ORF72
prerank,GO_Biological_Process_2025__Regulation of Proteasomal Protein Catabolic Process (GO:0061136),0.18033212124436318,0.5027420368952461,0.9970326409495549,1.0,1.0,3/34,7.97%,LAMP3;USP19;RAD23A
prerank,GO_Biological_Process_2025__Regulation of Synapse Maturation (GO:0090128),0.26528548071056923,0.5027147419704391,0.9567198177676538,1.0,1.0,1/6,11.55%,SNX27
prerank,Reactome_Pathways_2024__Activated NTRK2 Signals Through RAS,0.25393149315990765,0.5024859939336633,0.9698375870069605,1.0,1.0,4/7,30.62%,SOS1;KRAS;HRAS;SHC1
prerank,GO_Biological_Process_2025__Phosphatidylserine Metabolic Process (GO:0006658),0.23731501057082444,0.5021410795735093,0.9725,1.0,1.0,10/10,76.31%,PLSCR1;MBOAT2;LPCAT3;PLA1A;ABHD16A;LPCAT4;PTDSS1;PLA2G15;OSBPL8;PTDSS2
prerank,GO_Biological_Process_2025__Positive Regulation of Signal Transduction (GO:0009967),-0.17307710089649542,-0.5013070580879749,1.0,1.0,1.0,13/105,18.85%,ZDHHC5;FGFR2;NLGN2;LMNB2;SORL1;RPS3;MIA3;PTEN;TXNDC15;UBE2V1;ATP6AP2;PRKCI;SLC6A4
prerank,GO_Biological_Process_2025__Protein Localization to Centrosome (GO:0071539),0.24591494497505456,0.5012006575836899,0.9598108747044918,1.0,1.0,1/9,7.54%,PCM1
prerank,GO_Biological_Process_2025__Negative Regulation of Calcium Ion Transmembrane Transporter Activity (GO:1901020),-0.28146776403585316,-0.500898477456249,0.9653284671532847,1.0,1.0,3/6,35.30%,GSTM2;SRI;GNB5
prerank,GO_Biological_Process_2025__Phosphatidylethanolamine Acyl-Chain Remodeling (GO:0036152),-0.29818693891920434,-0.4994363937031608,0.9559082892416225,1.0,1.0,5/5,70.23%,LPGAT1;LPCAT4;PLA2G4C;LPCAT3;MBOAT2
prerank,GO_Biological_Process_2025__Negative Regulation of Interleukin-1 Production (GO:0032692),0.2434668654388109,0.4991798110394445,0.9582366589327146,1.0,1.0,3/8,25.96%,IGF1;CARD8;GIT1
prerank,GO_Biological_Process_2025__Positive Regulation of Cell Motility (GO:2000147),-0.17352358081138342,-0.4966218844160574,1.0,1.0,1.0,20/118,21.79%,CXCR4;CAVIN1;SEMA3B;CCL18;RIPOR1;AIF1;AKT2;SPHK1;ADAM9;SEMA3F;RDX;F2R;FER;CCL21;UBE2I;RHOC;CCDC25;MMP7;CIB1;CDC42
prerank,GO_Biological_Process_2025__Growth Hormone Receptor Signaling Pathway (GO:0060396),0.21761468133530654,0.49599931724208285,0.9592875318066157,1.0,1.0,5/13,27.91%,IGF1;STAT6;TYK2;PTPN1;PIK3R1
prerank,GO_Biological_Process_2025__Carboxylic Acid Metabolic Process (GO:0019752),-0.23322501755142522,-0.49554545968053443,0.9787928221859706,1.0,1.0,3/17,13.33%,ST6GAL1;S100A9;CLSTN3
prerank,GO_Biological_Process_2025__Regulation of Cardiac Muscle Cell Contraction (GO:0086004),-0.25630417795971006,-0.49505172668230424,0.9664310954063604,1.0,1.0,3/9,26.50%,JUP;TRPM4;SRI
prerank,GO_Biological_Process_2025__Regulation of Centrosome Duplication (GO:0010824),0.22548689700649593,0.49371758245806324,0.9693396226415094,1.0,1.0,3/11,22.27%,CHMP1B;CHMP1A;CHMP2B
prerank,GO_Biological_Process_2025__Regulation of Centrosome Cycle (GO:0046605),0.22548689700649593,0.49371758245806324,0.9693396226415094,1.0,1.0,3/11,22.27%,CHMP1B;CHMP1A;CHMP2B
prerank,GO_Biological_Process_2025__Protein Exit From Endoplasmic Reticulum (GO:0032527),-0.22126794043869302,-0.49276736942654836,0.9707792207792207,1.0,1.0,8/20,36.37%,LMAN1;DERL1;OS9;SELENOS;SYVN1;AUP1;HSP90B1;VCP
prerank,GO_Biological_Process_2025__Positive Regulation of Myeloid Leukocyte Differentiation (GO:0002763),0.21488138823232825,0.491962553899838,0.9643765903307888,1.0,1.0,7/14,32.33%,FADD;RIPK1;HCLS1;PPP3CA;PF4;CASP8;CD74
prerank,GO_Biological_Process_2025__Cardiac Epithelial to Mesenchymal Transition (GO:0060317),0.25993296622724066,0.49123111509130557,0.9698924731182795,1.0,1.0,1/6,9.37%,TGFBR3
prerank,GO_Biological_Process_2025__Regulation of Neuron Differentiation (GO:0045664),0.2020469384153874,0.48968740449647236,0.9759036144578314,1.0,1.0,19/19,79.86%,LTK;NRCAM;BMP7;FGFR1;IMPACT;APP;ROCK1;NLGN1;CPNE1;VWC2;BIN1;CALR;YWHAG;YWHAH;ARHGEF2;RELN;EIF2AK4;CDK5RAP3;RHOA
prerank,GO_Biological_Process_2025__Negative Regulation of Secretion by Cell (GO:1903531),-0.22752069665500407,-0.48957964608441934,0.9733777038269551,1.0,1.0,1/16,5.77%,ANXA1
prerank,GO_Biological_Process_2025__Positive Regulation of Platelet Activation (GO:0010572),0.22988062462437192,0.48838676790536084,0.9676616915422885,1.0,1.0,3/10,24.38%,SVEP1;PEAR1;GP1BB
prerank,GO_Biological_Process_2025__Maintenance of Protein Localization in Organelle (GO:0072595),0.2511456889281941,0.48554091092901647,0.9729119638826185,1.0,1.0,4/6,33.31%,KDELR2;SKP1;HSPA5;ARL2
prerank,GO_Biological_Process_2025__Positive Regulation of Lamellipodium Assembly (GO:0010592),0.21805041424290494,0.48540338629750024,0.9794871794871794,1.0,1.0,13/13,78.24%,TWF2;WASF2;PIK3R1;FSCN1;PIK3CA;NCKAP1;ACTR2;RAC2;CYFIP1;ARPC2;BRK1;ACTR3;CDC42
prerank,GO_Biological_Process_2025__CD40 Signaling Pathway (GO:0023035),-0.2641713715688222,-0.4853869787845604,0.9646840148698885,1.0,1.0,1/7,12.38%,TNIP2
prerank,GO_Biological_Process_2025__Regulation of Fatty Acid Oxidation (GO:0046320),0.2519366197183099,0.4844189836024692,0.9590909090909091,1.0,1.0,6/6,74.83%,MLYCD;APPL2;ACADVL;ABCD1;LONP2;PRKAG2
prerank,GO_Biological_Process_2025__Regulation of Cardiac Muscle Cell Action Potential (GO:0098901),-0.25957447729169486,-0.48419915315162104,0.9529837251356239,1.0,1.0,1/8,8.34%,JUP
prerank,GO_Biological_Process_2025__Inositol Phosphate Metabolic Process (GO:0043647),0.23185341789992936,0.48388582448918765,0.9480812641083521,1.0,1.0,10/10,76.86%,SYNJ1;OCRL;MINPP1;INPP4B;ITPKB;INPP5B;INPP5A;NUDT3;PPIP5K2;IP6K1
prerank,GO_Biological_Process_2025__Positive Regulation of JUN Kinase Activity (GO:0043507),-0.23669369051815298,-0.4825534894545083,0.967741935483871,1.0,1.0,12/12,76.40%,MAP3K11;PKN1;TAOK3;DUSP19;TRAF6;MAP3K7;MAP3K4;MAP3K5;ERN1;TANK;PTPN1;MAP4K2
prerank,GO_Biological_Process_2025__Purine Ribonucleoside Monophosphate Biosynthetic Process (GO:0009168),0.23884712684707793,0.4825506531922809,0.9634703196347032,1.0,1.0,1/8,9.64%,GMPS
prerank,GO_Biological_Process_2025__Protein Localization to Endoplasmic Reticulum (GO:0070972),-0.23423033042096028,-0.4811259394147632,0.9847715736040609,1.0,1.0,4/13,28.90%,MIA3;BCAP31;STING1;PTGES2
prerank,GO_Biological_Process_2025__Reg of Cardiac Muscle Contraction by Reg of the Release of Sequestered Calcium Ion (GO:0010881),-0.27938003109020226,-0.4793423823500415,0.9586330935251799,1.0,1.0,1/5,15.32%,GSTM2
prerank,GO_Biological_Process_2025__Negative Regulation of Extrinsic Apoptotic Signaling Pathway (GO:2001237),-0.2032810158935715,-0.47913902100936034,0.9804804804804805,1.0,1.0,12/31,32.68%,MAP2K5;PEA15;SCG2;SLC6A4;FGB;DDX3X;ARHGEF2;AKT1;GPX1;PARK7;RNF34;BCL2L1
prerank,GO_Biological_Process_2025__Negative Regulation of G2/M Transition of Mitotic Cell Cycle (GO:0010972),-0.23820703435993085,-0.4786639007129418,0.9642857142857143,1.0,1.0,4/10,23.44%,RAD50;ZFYVE19;BABAM2;CDK5RAP3
prerank,GO_Biological_Process_2025__Positive Regulation of Synaptic Transmission (GO:0050806),-0.20199761713317377,-0.4782549966396706,0.9920886075949367,1.0,1.0,8/28,29.90%,NLGN2;BGLAP;CLSTN3;SHANK3;EIF2AK4;RELN;FLOT1;CAMK2G
prerank,GO_Biological_Process_2025__Regulation of Vasoconstriction (GO:0019229),-0.2340821157806146,-0.47762670990250816,0.9707903780068728,1.0,1.0,6/12,38.92%,F2R;FGB;TRPM4;ZDHHC21;TBXA2R;ECE1
prerank,GO_Biological_Process_2025__Regulation of Lymphocyte Migration (GO:2000401),-0.26314875167979285,-0.47759699548590906,0.9742647058823529,1.0,1.0,3/6,34.79%,MIA3;AKT1;MSN
prerank,GO_Biological_Process_2025__Regulation of IRE1-mediated Unfolded Protein Response (GO:1903894),0.2312841289413422,0.4767111282210737,0.9759615384615384,1.0,1.0,9/9,76.91%,TMEM33;PTPN1;HSPA5;DDRGK1;BAX;COPS5;TMBIM6;UFL1;BAK1
prerank,GO_Biological_Process_2025__Myotube Differentiation (GO:0014902),-0.25800890289506595,-0.4767028951674709,0.9670138888888888,1.0,1.0,3/7,28.79%,DOCK2;DOCK5;SORT1
prerank,GO_Biological_Process_2025__Positive Regulation of Neuron Differentiation (GO:0045666),-0.2486155672711317,-0.476409617230736,0.9692028985507246,1.0,1.0,2/8,25.45%,RHOA;ARHGEF2
prerank,GO_Biological_Process_2025__Positive Regulation of Endoplasmic Reticulum Unfolded Protein Response (GO:1900103),0.24471907197449488,0.47552096392486953,0.9761904761904762,1.0,1.0,3/7,27.91%,TMEM33;PTPN1;PIK3R1
prerank,GO_Biological_Process_2025__Negative Regulation of Response to Endoplasmic Reticulum Stress (GO:1903573),-0.22046258037331642,-0.47546818573836286,0.984873949579832,1.0,1.0,7/16,32.68%,USP25;SELENOS;SYVN1;TXNDC12;RACK1;PARK7;BCL2L1
prerank,GO_Biological_Process_2025__Positive Regulation of Cellular Component Organization (GO:0051130),-0.18061979420075436,-0.47545067371105626,0.9985228951255539,1.0,1.0,20/54,31.80%,AHNAK;RPS3;LMAN1;TFR2;RHOC;ABCB7;APOC2;SHANK3;BAK1;ANAPC2;RELN;SYK;SH3GLB1;FLOT1;TFRC;RACK1;GPX1;ANXA2;CD151;PARK7
prerank,GO_Biological_Process_2025__Protein Localization to Vacuole (GO:0072665),0.22192482465734492,0.4744262043254146,0.9642857142857143,1.0,1.0,3/9,21.95%,SZT2;RRAGA;LAMTOR5
prerank,GO_Biological_Process_2025__Regulation of Endoplasmic Reticulum Tubular Network Organization (GO:1903371),-0.2785874389474938,-0.47418789421433116,0.9739292364990689,1.0,1.0,2/5,38.46%,RAB3GAP2;ATL3
prerank,DGIdb_Drug_Targets_2024__TOFACITINIB,-0.2572636027469625,-0.4741338290093901,0.9592529711375212,1.0,1.0,7/7,74.32%,JAK3;PTPN6;STAT5B;JAK1;JAK2;YES1;TYK2
prerank,GO_Biological_Process_2025__Negative Regulation of BMP Signaling Pathway (GO:0030514),-0.2328825937169216,-0.4739542437938673,0.9765886287625418,1.0,1.0,1/12,8.90%,SORL1
prerank,GO_Biological_Process_2025__Establishment of Mitotic Spindle Localization (GO:0040001),-0.22138209834414868,-0.4732052213019845,0.9829351535836177,1.0,1.0,1/16,4.66%,CLASP1
prerank,GO_Biological_Process_2025__Interleukin-9-Mediated Signaling Pathway (GO:0038113),-0.2883047579390373,-0.47276524766842226,0.9804964539007093,1.0,1.0,2/5,22.37%,STAT5A;JAK3
prerank,GO_Biological_Process_2025__Cellular Response to Interleukin-9 (GO:0071355),-0.2883047579390373,-0.47276524766842226,0.9804964539007093,1.0,1.0,2/5,22.37%,STAT5A;JAK3
prerank,GO_Biological_Process_2025__Regulation of Presynapse Assembly (GO:1905606),0.24729489202079807,0.4727367417043298,0.9772727272727273,1.0,1.0,1/6,10.80%,LRRC4B
prerank,GO_Biological_Process_2025__Regulation of Presynapse Organization (GO:0099174),0.24729489202079807,0.4727367417043298,0.9772727272727273,1.0,1.0,1/6,10.80%,LRRC4B
prerank,GO_Biological_Process_2025__Negative Regulation of Reactive Oxygen Species Biosynthetic Process (GO:1903427),0.2552367540925894,0.4722601315608463,0.9777777777777777,1.0,1.0,5/5,74.50%,TRAP1;FYN;ABCD1;PARK7;SLC18A2
prerank,DGIdb_Drug_Targets_2024__QUERCETIN,-0.21799573527431731,-0.47158740739878074,0.987220447284345,1.0,1.0,4/19,22.70%,APOB;GALK1;MAPK3;F2
prerank,GO_Biological_Process_2025__Regulation of Vesicle Size (GO:0097494),-0.22383870505596626,-0.47107876524953823,0.9775086505190311,0.9996651488787655,1.0,3/14,24.01%,AP2M1;RAB5A;PICALM
prerank,GO_Biological_Process_2025__Regulation of Cardiac Muscle Contraction (GO:0055117),0.2303628038041564,0.46935412210096517,0.9796437659033079,1.0,1.0,8/8,77.00%,BMP10;ATP1B1;SLC9A1;PRKCA;ATP2A2;PIK3CG;SRI;CHGA
prerank,GO_Biological_Process_2025__Positive Regulation of Actin Nucleation (GO:0051127),0.23895051945765092,0.4686170599015782,0.9665871121718377,1.0,1.0,7/7,76.13%,WASF2;GSN;NCKAP1;WASF1;CYFIP1;BRK1;WASF3
prerank,GO_Biological_Process_2025__Cellular Response to ATP (GO:0071318),-0.26984034355236586,-0.4677889136908719,0.9802158273381295,1.0,1.0,3/5,35.84%,PDXP;P2RY1;HSP90B1
prerank,GO_Biological_Process_2025__Presynaptic Endocytosis (GO:0140238),0.20746340051046408,0.4668112203396709,0.9716312056737588,1.0,1.0,3/13,15.85%,FCHO2;SYNJ1;STON2
prerank,GO_Biological_Process_2025__Regulation of miRNA-mediated Gene Silencing (GO:0060964),-0.2684608260826269,-0.46654315806490104,0.9659498207885304,0.9999788282419257,1.0,1/5,19.61%,FXR1
prerank,GO_Biological_Process_2025__Phosphatidylcholine Biosynthetic Process (GO:0006656),0.2207152978177403,0.466522658771603,0.9755501222493888,1.0,1.0,6/10,34.14%,LCAT;APOA1;APOA2;SLC44A1;LPCAT3;SLC44A2
prerank,GO_Biological_Process_2025__Endosome Transport via Multivesicular Body Sorting Pathway (GO:0032509),0.20335698037312644,0.4661926854616665,0.9832134292565947,1.0,1.0,3/16,15.42%,CHMP1B;LYST;VTA1
prerank,GO_Biological_Process_2025__acyl-CoA Metabolic Process (GO:0006637),0.21277948857628093,0.4660304987713511,0.9832134292565947,1.0,1.0,4/13,23.83%,ACSF2;MLYCD;MCEE;SUCLG2
prerank,GO_Biological_Process_2025__N-glycan Processing (GO:0006491),-0.21967294152789058,-0.4642945446502829,0.9787581699346405,1.0,1.0,6/14,36.99%,MAN1C1;MAN1A1;MAN1A2;MAN2A1;GANAB;FUT8
prerank,GO_Biological_Process_2025__Positive Regulation of Homotypic Cell-Cell Adhesion (GO:0034112),0.20655622136059237,0.4615294881306568,0.9760191846522782,1.0,1.0,12/12,79.39%,IL6ST;MFSD2B;JAK2;CCL5;JAK1;F11R;EMILIN2;EMILIN1;MMRN1;GP6;CTSG;CTNNB1
prerank,GO_Biological_Process_2025__Response to Nerve Growth Factor (GO:1990089),0.23947333918885244,0.45974247301309307,0.9852579852579852,1.0,1.0,1/7,9.76%,KIDINS220
prerank,GO_Biological_Process_2025__Mitotic Metaphase Chromosome Alignment (GO:0007080),0.1774868563138256,0.4593849877924302,0.9893048128342246,1.0,1.0,6/26,18.48%,CHMP1B;CDC23;MAPRE1;SEH1L;CHMP1A;BECN1
prerank,DGIdb_Drug_Targets_2024__QUIZARTINIB,0.2236703064459316,0.4554191421280619,0.9834905660377359,1.0,1.0,8/8,77.66%,CBL;KIT;PDGFRA;PDGFRB;IDH2;CSF1R;RET;JAK3
prerank,GO_Biological_Process_2025__Positive Regulation of T Cell Chemotaxis (GO:0010820),0.24273338130109903,0.45506656910955307,0.9838337182448037,1.0,1.0,2/6,18.66%,ADAM17;WNK1
prerank,GO_Biological_Process_2025__Regulation of T Cell Chemotaxis (GO:0010819),0.24273338130109903,0.45506656910955307,0.9838337182448037,1.0,1.0,2/6,18.66%,ADAM17;WNK1
prerank,GO_Biological_Process_2025__Regulation of Hormone Secretion (GO:0046883),0.24439931146041427,0.4546173945054435,0.9730392156862745,1.0,1.0,4/6,36.16%,SNX6;VAMP3;CCM2;GPNMB
prerank,GO_Biological_Process_2025__Negative Regulation of Glial Cell Apoptotic Process (GO:0034351),-0.2624821900620841,-0.45415538158847596,0.9803921568627451,1.0,1.0,4/5,43.28%,PRKCI;PRKCA;PRKCD;GAS6
prerank,GO_Biological_Process_2025__Negative Regulation of Nervous System Development (GO:0051961),-0.2598449002555267,-0.45409307557227774,0.9783001808318263,1.0,1.0,2/6,22.85%,SORL1;DYNLT1
prerank,GO_Biological_Process_2025__Gonad Development (GO:0008406),0.21570555644468653,0.45121230218633074,0.9856115107913669,1.0,1.0,4/9,25.26%,NUP107;CSDE1;KITLG;KIT
prerank,GO_Biological_Process_2025__Positive Regulation of Receptor Signaling Pathway via JAK-STAT (GO:0046427),0.20341510567216292,0.4503823863001751,0.9907834101382489,1.0,1.0,7/12,32.75%,IL7R;KIT;TYK2;PTK2B;NOTCH1;OCIAD1;JAK2
prerank,GO_Biological_Process_2025__T Cell Migration (GO:0072678),0.23049832717027635,0.4503302192598494,0.9830508474576272,1.0,1.0,7/7,76.98%,CD99;SLC12A2;CLSTN1;GNAI1;PIK3CG;MSN;MYO1G
prerank,GO_Biological_Process_2025__Neuromuscular Process (GO:0050905),0.22908962845571404,0.44964920694395183,0.9666666666666667,1.0,1.0,7/7,77.12%,AGTPBP1;UBA5;PAFAH1B1;NRXN1;DCTN1;MYCBP2;SHANK3
prerank,GO_Biological_Process_2025__Protein Insertion Into Membrane (GO:0051205),-0.24226835146777545,-0.4483760068698935,0.9843205574912892,1.0,1.0,1/8,8.41%,GET1
prerank,GO_Biological_Process_2025__Positive Regulation of Arp2/3 Complex-Mediated Actin Nucleation (GO:2000601),0.23890845070422548,0.4478537965923289,0.9787234042553191,1.0,1.0,6/6,76.13%,WASF2;NCKAP1;WASF1;CYFIP1;BRK1;WASF3
prerank,GO_Biological_Process_2025__Positive Regulation of Hemostasis (GO:1900048),0.21984648911391025,0.44738102071754415,0.9722222222222222,1.0,1.0,6/8,40.01%,F12;HPSE;SERPINE1;ENPP4;THBS1;EMILIN2
prerank,GO_Biological_Process_2025__Nuclear Migration (GO:0007097),0.2064964966562826,0.4470491001567886,0.9925187032418953,1.0,1.0,4/12,26.98%,PCM1;TACC3;TACC1;DYNC1H1
prerank,GO_Biological_Process_2025__Lipid Droplet Formation (GO:0140042),-0.23768143583196635,-0.44676482548767354,0.984375,1.0,1.0,1/8,14.97%,SQLE
prerank,GO_Biological_Process_2025__Cellular Response to Hexose Stimulus (GO:0071331),-0.22307347007348116,-0.44446998727709747,0.9791304347826087,1.0,1.0,4/11,30.20%,OGT;RPTOR;PRKAA1;RACK1
prerank,GO_Biological_Process_2025__Regulation of Bone Resorption (GO:0045124),0.20193383308901783,0.4398919344215792,0.9852579852579852,1.0,1.0,2/11,13.93%,INPP5D;SLC4A2
prerank,GO_Biological_Process_2025__Ephrin Receptor Signaling Pathway (GO:0048013),-0.2056940211707169,-0.43986699954190733,0.986644407345576,1.0,1.0,1/15,6.60%,KALRN
prerank,GO_Biological_Process_2025__Fc-epsilon Receptor Signaling Pathway (GO:0038095),0.19330697557297102,0.439140151738232,0.9874371859296482,1.0,1.0,4/14,21.53%,PRKCQ;SOS1;FCER1G;IKBKB
prerank,DGIdb_Drug_Targets_2024__ARSENIC TRIOXIDE,0.2055185644805771,0.4390331155572245,0.9844559585492227,1.0,1.0,3/11,22.85%,FAS;IKBKB;GSTO1
prerank,GO_Biological_Process_2025__Negative Regulation of Bone Mineralization (GO:0030502),0.240098574194684,0.4352712682102775,0.9868421052631579,1.0,1.0,5/5,76.01%,RFLNB;PTK2B;ECM1;SRGN;TRPM4
prerank,GO_Biological_Process_2025__Antigen Processing and Presentation of Endogenous Peptide Antigen (GO:0002483),-0.22843489244953905,-0.43484178485311076,0.9804270462633452,1.0,1.0,1/8,13.49%,IDE
prerank,GO_Biological_Process_2025__Regulation of Calcium-Mediated Signaling (GO:0050848),0.18867924528301877,0.4346418213429704,0.9843342036553525,1.0,1.0,15/15,81.18%,RAMP3;TREM2;JPT2;PDGFRA;CDH13;PDGFRB;PTPRC;PTPRJ;PRNP;PRKCA;PLEK;SLA2;PLCG2;ITPR1;SLC6A4
prerank,GO_Biological_Process_2025__Negative Regulation of Neuron Differentiation (GO:0045665),0.2375713022534447,0.43331270178873255,0.9879807692307693,1.0,1.0,2/5,28.05%,BMP7;B2M
prerank,GO_Biological_Process_2025__Actin Filament Depolymerization (GO:0030042),0.2159210989785135,0.4322114855764421,0.9784688995215312,1.0,1.0,8/8,78.44%,TWF2;GSN;VIL1;DSTN;MICAL1;MICAL3;WDR1;TWF1
prerank,DGIdb_Drug_Targets_2024__VANDETANIB,0.16713266761313073,0.4314189849610923,0.9975369458128078,1.0,1.0,4/24,18.61%,LTK;ABL1;ACVR1;MAP4K4
prerank,GO_Biological_Process_2025__Neurotrophin Signaling Pathway (GO:0038179),0.216732694420887,0.4281969782810075,0.9910714285714286,1.0,1.0,1/7,9.76%,KIDINS220
prerank,Reactome_Pathways_2024__ABC-family Proteins Mediated Transport,-0.161025628843601,-0.42757488864090415,1.0,1.0,1.0,18/59,37.14%,ABCB6;ABCB1;ABCC4;PEX3;DERL1;OS9;ABCB7;PSMB2;EIF2S1;ABCB10;ABCF1;PSMD1;ERLIN2;PSMD7;EIF2S2;PSMC3;VCP;PSMC5
prerank,DGIdb_Drug_Targets_2024__SULFASALAZINE,0.22148834818513552,0.4272312776378057,1.0,1.0,1.0,2/7,20.08%,HLA-B;MTR
prerank,GO_Biological_Process_2025__Regulation of Protein Localization to Cell Periphery (GO:1904375),-0.19704572050315616,-0.4263197215663749,0.989983305509182,1.0,1.0,6/17,31.73%,APPL1;VTI1B;LDLRAP1;CAMK2G;VPS4A;VPS35
prerank,Reactome_Pathways_2024__Activated NTRK2 Signals Through FRS2 and FRS3,0.211692287139278,0.42548306796677593,0.995249406175772,1.0,1.0,4/7,33.70%,SOS1;KRAS;HRAS;PTPN11
prerank,GO_Biological_Process_2025__Relaxation of Muscle (GO:0090075),-0.2351976231489041,-0.42414430530324715,0.9859154929577465,1.0,1.0,1/6,15.32%,GSTM2
prerank,GO_Biological_Process_2025__Relaxation of Cardiac Muscle (GO:0055119),-0.2351976231489041,-0.42414430530324715,0.9859154929577465,1.0,1.0,1/6,15.32%,GSTM2
prerank,GO_Biological_Process_2025__Regulation of Lipid Catabolic Process (GO:0050994),-0.20669985387714931,-0.42411302203745327,0.9877622377622378,1.0,1.0,5/13,35.65%,CLSTN3;PRKAA1;LONP2;RARRES2;SCARB2
prerank,GO_Biological_Process_2025__Reelin-Mediated Signaling Pathway (GO:0038026),0.22163925581452493,0.4233386675372376,0.9952941176470588,1.0,1.0,1/6,10.57%,VLDLR
prerank,GO_Biological_Process_2025__Positive Regulation of Osteoclast Differentiation (GO:0045672),-0.24194873942036688,-0.4193635463139054,0.9961685823754789,1.0,1.0,2/5,28.10%,RPTOR;CSF1
prerank,GO_Biological_Process_2025__Positive Regulation of miRNA Metabolic Process (GO:2000630),-0.19675474726390924,-0.4192500342648561,0.9904912836767037,1.0,1.0,2/15,16.39%,ZSWIM8;SMAD3
prerank,GO_Biological_Process_2025__Regulation of Calcium Ion Import (GO:0090279),0.2064470671129119,0.4152976473986613,0.9809069212410502,1.0,1.0,9/9,79.39%,PDGFB;EGF;FYN;PDGFRB;SLC30A1;LGALS3;PRNP;PRKD2;CTNNB1
prerank,GO_Biological_Process_2025__T-helper Cell Lineage Commitment (GO:0002295),-0.2334482670956037,-0.4152767682677837,0.9948096885813149,1.0,1.0,3/6,37.81%,SLAMF6;ZFPM1;STAT3
prerank,GO_Biological_Process_2025__Purine Ribonucleotide Biosynthetic Process (GO:0009152),-0.1790063733012232,-0.41359299900225327,0.9937694704049844,1.0,1.0,13/25,44.64%,AK2;ADSS2;PRKAG2;SLC25A13;ATP5PO;AMPD2;ATIC;NUDT2;ADCY6;ATP5F1B;TGFB1;ATP5F1A;PAPSS2
prerank,GO_Biological_Process_2025__Dendritic Spine Maintenance (GO:0097062),0.22214398873437788,0.4117085046272137,0.9954648526077098,1.0,1.0,5/5,77.81%,TREM2;IGF1R;PRNP;PICK1;MTMR2
prerank,GO_Biological_Process_2025__Epiboly Involved in Wound Healing (GO:0090505),0.203704415908619,0.4102533017844935,0.9976470588235294,1.0,1.0,3/8,23.97%,MRTFA;CD44;PDCD10
prerank,GO_Biological_Process_2025__Positive Regulation of Lymphocyte Chemotaxis (GO:0140131),0.2093201225663506,0.40966129056492595,0.9952153110047847,0.9999845532951956,1.0,4/7,33.52%,ADAM17;WNK1;PTK2B;CCL5
prerank,GO_Biological_Process_2025__Metaphase Chromosome Alignment (GO:0051310),-0.17737049120726234,-0.40797736979390337,0.9983922829581994,1.0,1.0,1/26,4.29%,NUP62
prerank,GO_Biological_Process_2025__Negative Regulation of miRNA Transcription (GO:1902894),-0.23883874276525174,-0.4064062634879585,0.9947368421052631,1.0,1.0,1/5,16.39%,SMAD3
prerank,GO_Biological_Process_2025__Self Proteolysis (GO:0097264),-0.2328815349410315,-0.4060703874513346,0.9930795847750865,1.0,1.0,5/5,76.75%,CAPN7;CAPN1;IHH;CASP8;CARD8
prerank,GO_Biological_Process_2025__Positive Regulation of Calcium-Mediated Signaling (GO:0050850),0.18854625550660795,0.4039478996129236,0.992462311557789,1.0,1.0,11/11,81.18%,RAMP3;TREM2;PDGFRA;CDH13;PDGFRB;PTPRC;PTPRJ;PRNP;PRKCA;PLCG2;SLC6A4
prerank,DGIdb_Drug_Targets_2024__AZD 1152 HQPA,-0.20703742557390248,-0.4034951057011427,0.9910714285714286,1.0,1.0,2/10,21.51%,MAP4K5;PAK1
prerank,GO_Biological_Process_2025__Positive Regulation of Receptor Signaling Pathway via STAT (GO:1904894),0.17518722942451653,0.39979616135681256,1.0,0.999855747974233,1.0,8/14,34.44%,IL7R;KIT;TYK2;NOTCH1;OCIAD1;JAK2;CCL5;MGAT5
prerank,GO_Biological_Process_2025__Protein Localization to Mitochondrion (GO:0070585),0.1984853821768227,0.39755038549167454,0.9952830188679245,0.9994410636013487,1.0,8/8,80.18%,FKBP8;MAVS;ISG15;MTCH2;DNAJA1;MAIP1;RALA;DNM1L
prerank,"GO_Biological_Process_2025__Substrate-Dependent Cell Migration, Cell Extension (GO:0006930)",-0.23394937950002004,-0.39355249896601907,0.9963031423290203,1.0,1.0,1/5,16.88%,OPHN1
prerank,GO_Biological_Process_2025__Regulation of Actin Filament Organization (GO:0110053),-0.1924229074889868,-0.3875034212977043,0.9948364888123924,1.0,1.0,11/11,80.81%,RDX;HAX1;BRK1;NAA80;WAS;VIL1;PIK3CA;WASHC5;INPPL1;XIRP2;C9ORF72
prerank,GO_Biological_Process_2025__Positive Regulation of Morphogenesis of an Epithelium (GO:1905332),0.21578494570518553,0.3865154270180051,0.9934782608695653,0.9997558058847751,1.0,1/5,12.79%,MMRN2
prerank,GO_Biological_Process_2025__Regulation of Cardiac Muscle Contraction by Calcium Ion Signaling (GO:0010882),0.19252730259562278,0.38494521523377284,0.9924812030075187,0.9992029511095016,1.0,4/8,31.55%,ATP1B1;GSTO1;ASPH;CAMK2D
prerank,GO_Biological_Process_2025__Growth Hormone Receptor Signaling Pathway via JAK-STAT (GO:0060397),-0.19573643410852715,-0.38424412075314224,0.9967637540453075,1.0,1.0,10/10,80.48%,STAT5A;JAK3;STAT3;STAT5B;LYN;JAK1;JAK2;PTPN1;TYK2;STAT6
prerank,GO_Biological_Process_2025__Negative Regulation of Plasma Membrane Bounded Cell Projection Assembly (GO:0120033),0.17148396193161808,0.3781080618251004,0.9975609756097561,0.9989749954580103,1.0,12/12,82.89%,LUZP1;TBC1D7;LIMA1;PLXNB3;EVL;NRXN1;WDR44;PRKCD;GDI2;AKT1;EVI5L;CCL21
prerank,GO_Biological_Process_2025__Regulation of Neuronal Synaptic Plasticity (GO:0048168),-0.1797148384686574,-0.3778034157222474,0.9901477832512315,1.0,1.0,7/14,40.56%,MCTP1;RAB5A;CAMK2G;DBN1;NCDN;SYAP1;CAMK2A
prerank,DGIdb_Drug_Targets_2024__BORTEZOMIB,-0.14471293902947097,-0.3772800432456715,1.0,1.0,1.0,17/56,37.14%,FGFR3;XIAP;PRSS2;PSMD10;PSMB2;F2;CTSB;PSMB10;PSMD1;PRSS3;PSMD7;PSMB8;PSMC3;PSME2;BDNF;CAPN1;PSMC5
prerank,GO_Biological_Process_2025__Regulation of Protein Modification Process (GO:0031399),-0.17357305562127,-0.37692002999849455,0.9983739837398374,1.0,1.0,7/17,37.27%,FER;NDUFS4;ATG7;CADM4;PPIB;CCNYL1;PTK2
prerank,GO_Biological_Process_2025__Positive Regulation of Membrane Invagination (GO:1905155),-0.21327470128150022,-0.37425793518002026,0.9965576592082617,1.0,1.0,2/6,28.97%,RAB31;PLCG2
prerank,"GO_Biological_Process_2025__Regulation of Phagocytosis, Engulfment (GO:0060099)",-0.20602733732722256,-0.37225164273376155,0.9965337954939342,1.0,1.0,2/7,28.97%,RAB31;PLCG2
prerank,"GO_Biological_Process_2025__Positive Regulation of Phagocytosis, Engulfment (GO:0060100)",-0.20602733732722256,-0.37225164273376155,0.9965337954939342,1.0,1.0,2/7,28.97%,RAB31;PLCG2
prerank,GO_Biological_Process_2025__Positive Regulation of Type II Interferon Production (GO:0032729),-0.16012260435859432,-0.3610672119961147,0.99836867862969,1.0,1.0,7/22,31.29%,EBI3;NDUFA2;SLAMF6;CYRIB;HLA-DPA1;CD244;CRTAM
prerank,GO_Biological_Process_2025__Negative Regulation of miRNA Metabolic Process (GO:2000629),-0.2023130748012764,-0.3582183363155847,1.0,1.0,1.0,1/6,16.39%,SMAD3
prerank,GO_Biological_Process_2025__Positive Regulation of Blood Coagulation (GO:0030194),-0.17001753649536216,-0.355396023626955,0.9948542024013722,1.0,1.0,2/13,18.91%,F2R;THBD
prerank,GO_Biological_Process_2025__Regulation of Vascular Endothelial Growth Factor Receptor Signaling Pathway (GO:0030947),-0.1625650296942116,-0.35095900369129424,0.9983416252072969,0.9999858941909395,1.0,7/16,44.18%,MIA3;GRB10;PRKCB;PRKD2;HIF1AN;NRP1;PDCD6
prerank,GO_Biological_Process_2025__Negative Regulation of Telomere Maintenance via Telomerase (GO:0032211),0.18717415802855242,0.34210396105959473,1.0,0.9996862905314458,1.0,3/5,31.78%,GNL3L;XRN1;DCP2
prerank,GO_Biological_Process_2025__Regulation of Type II Interferon Production (GO:0032649),-0.11757381219301946,-0.2876677965344907,1.0,1.0,1.0,9/34,31.29%,EBI3;NDUFA2;SLAMF6;CYRIB;INHBA;HMGB1;HLA-DPA1;CD244;CRTAM
prerank,Reactome_Pathways_2024__AUF1 (hnRNP D0) Binds and Destabilizes mRNA,-0.09451327433628319,-0.23177554898945105,1.0,1.0,1.0,36/36,90.63%,HNRNPD;PSMB2;PSMD1;PSMD7;PSMC3;PSMC5;HSPA8;PSMD13;PSMC1;PSMC6;PSMD6;PSMB1;PSMA1;PSMD2;PSMC2;PSMA7;PSMA4;EIF4G1;PSMA2;PSMB4;PSMA6;PSMD8;PSMA5;HSBP1;PABPC1;PSMD11;PSMA3;ADRM1;PSMD3;PSMB6;PSMB3;PSMD14;PSMB7;PSMC4;PSMD12;PSMB5
