Protein_Group	Genes	SAX_62001_M1_vs_RAW_62001_M1_logFC	SAX_62001_M1_vs_RAW_62001_M1_pval	Removed?	Contaminant?
A0A075B6I1	IGLV4-60	8.0433979447692	1.88871794469247e-05	No	No
A0A075B7D8	IGHV3OR15-7	6.93052710704795	1.2838744158200699e-11	No	No
A0A0C4DH33	IGHV1-24	3.08387559209896	6.2981935230263e-05	No	No
A0AVT1	UBA6	3.99285240869114	0.0002751410951037	No	No
A0FGR8	ESYT2	6.60069896343344	1.2928447169227401e-10	No	No
A4D1P6	WDR91	4.54865662210456	4.75775104614922e-05	No	No
A6NDB9	PALM3	7.30525634909545	1.02258428690447e-09	No	No
A6NHL2	TUBAL3	7.33773456513435	1.20716887546163e-08	No	No
A8MWD9;P62308	SNRPG;SNRPGP15	2.80983589685536	0.0017821611105909	No	No
B2RUZ4	SMIM1	5.38604525009903	1.12730313497502e-07	No	No
E9PAV3	NACA	9.97113093596164	6.69597816874008e-20	No	No
O00116	AGPS	2.79404919316737	0.0029311292436361	No	No
O00139	KIF2A	8.30781397994517	6.51870239445842e-12	No	No
O00151	PDLIM1	10.5962438677891	4.28300455830302e-23	No	No
O00154	ACOT7	5.41314918721283	3.44695761248403e-05	No	No
O00159	MYO1C	7.12423155446308	1.83075620020001e-07	No	No
O00161	SNAP23	8.66670671295172	2.0894416106614001e-10	No	No
O00170	AIP	5.58356617004972	2.26944551566932e-05	No	No
O00186	STXBP3	5.60141028451424	3.01146749141955e-05	No	No
O00187	MASP2	4.1615815238858	1.4667673122809e-09	No	No
O00194	RAB27B	9.74510255413333	5.2193506286584703e-20	No	No
O00203	AP3B1	7.17764197901421	2.10662505604729e-12	No	No
O00217	NDUFS8	5.48310075228607	3.48087765053122e-07	No	No
O00231	PSMD11	6.11069294075111	4.67280535450363e-08	No	No
O00232	PSMD12	6.04250168384914	1.84164823600179e-08	No	No
O00264	PGRMC1	3.14193897340794	2.36623263223405e-05	No	No
O00299	CLIC1	2.38267275865961	0.0016854317275008	No	No
O00303	EIF3F	7.15059135422594	1.21158850880396e-09	No	No
O00330	PDHX	5.40143629769162	1.0979034749645e-06	No	No
O00339	MATN2	11.0754830568954	7.046937768917521e-15	No	No
O00401	WASL	3.2890700650389	0.002933524915035	No	No
O00410	IPO5	8.21922557653851	2.5555981683858704e-09	No	No
O00429	DNM1L	3.84818402745946	0.0027512428392112	No	No
O00442	RTCA	3.33503108923575	0.0005856919128093	No	No
O00461	GOLIM4	10.8195241984598	1.73957783176137e-18	No	No
O00469	PLOD2	4.41924890158248	0.008995806028171	No	No
O00483	NDUFA4	6.7195096591907	4.59455689340752e-08	No	No
O00487	PSMD14	8.48098507740358	1.1911527590343101e-09	No	No
O00499	BIN1	5.20044018030702	0.0001166918555254	No	No
O00501	CLDN5	4.89219038129072	5.70952688485982e-07	No	No
O00505	KPNA3	7.89037952106078	4.32432085404327e-13	No	No
O00560	SDCBP	9.47157297812279	7.070957433755419e-11	No	No
O00571	DDX3X	8.31261188942397	5.37490040818037e-13	No	No
O00584	RNASET2	6.24158415818053	1.4685121936509e-07	No	No
O00587	MFNG	6.42976872839959	2.69848118446706e-08	No	No
O00592	PODXL	2.95808220501009	0.0012298743617905	No	No
O00629	KPNA4	4.76107991774488	0.0005034730273187	No	No
O00743	PPP6C	8.4512466316785	3.7864911957612e-14	No	No
O00748	CES2	4.92986958988742	5.52116079626009e-05	No	No
O14497	ARID1A	6.9083967298325	3.62248529373415e-11	No	No
O14530	TXNDC9	4.92099216102161	1.99229462545844e-05	No	No
O14548	COX7A2L	5.05696398623604	2.04042524106091e-06	No	No
O14561	NDUFAB1	7.63247160565819	7.93897307889003e-13	No	No
O14579	COPE	9.11848994530805	2.11387660303483e-10	No	No
O14594	NCAN	7.77146333703084	5.1713741027406e-13	No	No
O14617	AP3D1	5.56143030489148	3.55472470282261e-05	No	No
O14656	TOR1A	6.89623835622813	3.9700272998663604e-09	No	No
O14657	TOR1B	3.27923786756619	0.0009601992920758	No	No
O14672	ADAM10	4.27787850064408	0.0008981870460402	No	No
O14734	ACOT8	4.39300108857744	4.33226508672816e-06	No	No
O14737	PDCD5	7.26863907031117	1.38718942102741e-08	No	No
O14744	PRMT5	6.58052462789422	6.95280107426727e-10	No	No
O14745	SLC9A3R1	4.49275983993195	0.0016464813481819	No	No
O14786	NRP1	4.35886795929602	6.72098131692505e-08	No	No
O14818	PSMA7	4.35619840500969	2.09027370553386e-08	No	No
O14828	SCAMP3	6.75894143192908	1.1083497270420299e-11	No	No
O14880	MGST3	5.60803708490528	5.30086015772192e-06	No	No
O14907	TAX1BP3	2.65377261028625	0.0092090838517173	No	No
O14908	GIPC1	4.09473261253236	0.0020402832752504	No	No
O14917	PCDH17	7.14148181772839	3.79126250739054e-10	No	No
O14949	UQCRQ	4.40947954307048	2.96894560743367e-05	No	No
O14964	HGS	5.46728759285456	3.23746024323738e-07	No	No
O14974	PPP1R12A	8.21906809736722	1.3124604039448202e-15	No	No
O14979	HNRNPDL	6.40702259556304	9.16922094692115e-09	No	No
O14980	XPO1	6.37484262753894	1.4114699915230902e-09	No	No
O15027	SEC16A	4.80880127962161	7.37748932687289e-06	No	No
O15042	U2SURP	3.40782567373883	7.299043847795e-05	No	No
O15067	PFAS	5.84492666354429	1.02666378814412e-06	No	No
O15084	ANKRD28	6.54768461270848	2.00583922769675e-08	No	No
O15116	LSM1	6.88405715384652	2.13549671492181e-08	No	No
O15117	FYB1	9.81588597535294	9.355340570288581e-25	No	No
O15123	ANGPT2	4.65176055115036	5.05425448284302e-05	No	No
O15126	SCAMP1	5.1173713267243	5.24531182026951e-06	No	No
O15143	ARPC1B	2.26674880240202	0.0024329894666861	No	No
O15144	ARPC2	2.27698939763757	0.0003525922527552	No	No
O15173	PGRMC2	8.03843333730211	1.8155729830812701e-09	No	No
O15212	PFDN6	6.83412159817544	9.11140677264986e-12	No	No
O15230	LAMA5	9.57566094571029	7.681944235701959e-11	No	No
O15231	ZNF185	4.60255935098469	0.0010872886213921	No	No
O15260	SURF4	5.48086129006388	3.87886222891815e-09	No	No
O15269	SPTLC1	3.31761179716645	0.0006184711894709	No	No
O15270	SPTLC2	3.53833728923882	0.0007513817487718	No	No
O15327	INPP4B	3.73234395599117	0.0001546415876722	No	No
O15335	CHAD	3.79172356525978	0.0021920198492	No	No
O15347	HMGB3	5.07596351044576	6.04019968636236e-08	No	No
O15355	PPM1G	5.29425057419983	4.02035307616026e-06	No	No
O15357	INPPL1	3.81097849286125	3.95221291459124e-05	No	No
O15372	EIF3H	7.49289491346469	1.40757172987328e-09	No	No
O15400	STX7	8.30951143459915	2.66666143432161e-14	No	No
O15427	SLC16A3	6.03341133443936	8.51517657033189e-09	No	No
O15439	ABCC4	4.23673195626001	0.0035832557803072	No	No
O15460	P4HA2	5.20661290140812	2.92212881462766e-05	No	No
O15466	ST8SIA5	5.21027024378463	1.78014485484669e-06	No	No
O15498	YKT6	6.0650956311345	2.1684651072827803e-09	No	No
O15511	ARPC5	2.58817333474907	0.0018397947756335	No	No
O15533	TAPBP	6.73695625869793	8.36299399755448e-11	No	No
O15551	CLDN3	7.01937388244574	4.6036106335747794e-11	No	No
O15554	KCNN4	2.58877197028243	0.0083335906605858	No	No
O43149	ZZEF1	3.92537495137229	0.0033108330823095	No	No
O43150	ASAP2	6.09347187674161	7.73974885860468e-08	No	No
O43157	PLXNB1	4.59984038287502	6.69622382446754e-05	No	No
O43169	CYB5B	6.20361579152465	1.8383976858389302e-09	No	No
O43173	ST8SIA3	3.71993153297828	0.0002731480942604	No	No
O43175	PHGDH	6.39927210588859	2.23150242892437e-07	No	No
O43182	ARHGAP6	7.24969441006713	3.71693451114724e-08	No	No
O43237	DYNC1LI2	4.9782352122214	6.50694434546616e-06	No	No
O43242	PSMD3	6.1854973485621	3.84989946418166e-06	No	No
O43294	TGFB1I1	7.07169046599212	9.8265474901479e-11	No	No
O43306	ADCY6	5.7158665820118	8.39148344361607e-10	No	No
O43396	TXNL1	10.3678301202585	6.73836742161511e-13	No	No
O43399	TPD52L2	6.79753745930598	3.2675246161984e-06	No	No
O43432	EIF4G3	3.85412633281762	0.0028026230350196	No	No
O43488	AKR7A2	8.14905343991702	1.41585177340695e-23	No	No
O43491	EPB41L2	7.53331658564688	1.08561177524298e-10	No	No
O43508	TNFSF12	2.31017774645181	0.0090187724091381	No	No
O43529	CHST10	4.68847831894747	1.14583132968061e-05	No	No
O43583	DENR	4.0404093184712	0.0048543200100278	No	No
O43592	XPOT	3.36412303172464	0.0035207927497266	No	No
O43598	DNPH1	6.55455302650559	2.30017069304832e-08	No	No
O43615	TIMM44	4.75883957271897	5.72286889331566e-06	No	No
O43633	CHMP2A	3.06431222431913	0.001475551134621	No	No
O43639	NCK2	5.58789416582166	4.4438880819136106e-09	No	No
O43665	RGS10	5.55571726035413	7.73070550071475e-07	No	No
O43670	ZNF207	3.91487511427344	6.70782674733129e-05	No	No
O43676	NDUFB3	5.66470514563004	2.83297164632502e-08	No	No
O43678	NDUFA2	4.92573478515191	4.61264365904575e-06	No	No
O43681	GET3	10.1053144188325	2.1261747087806e-19	No	No
O43684	BUB3	5.19483794142779	6.63178504574177e-06	No	No
O43707	ACTN4	7.47656324077362	2.64183650763141e-14	No	No
O43708	GSTZ1	6.53306869607753	3.33121662005865e-10	No	No
O43747	AP1G1	5.96394807809915	9.36386131206848e-05	No	No
O43760	SYNGR2	5.28598864681275	4.363641802608e-06	No	No
O43765	SGTA	7.0396635418328	8.67801268926002e-08	No	No
O43768	ENSA	4.24214173078126	0.0001972010730488	No	No
O43772	SLC25A20	4.80706054692537	1.11407561637746e-05	No	No
O43776	NARS1	4.99458247625929	1.19869193014236e-05	No	No
O43809	NUDT21	6.00368479211441	1.29242826901829e-07	No	No
O43815	STRN	7.6955736235658	2.47379132768737e-13	No	No
O43837	IDH3B	2.68988487783139	0.0091881263273276	No	No
O43847	NRDC	6.58821582716471	2.74098918013292e-07	No	No
O43861	ATP9B	3.89661100984605	0.0005783319868446	No	No
O43897	TLL1	4.27335788581931	0.0001070948023241	No	No
O43916	CHST1	4.9233285438969	1.16018301450466e-05	No	No
O43920	NDUFS5	3.64596655792236	2.73980847301027e-05	No	No
O60216	RAD21	9.08054376298952	5.00777427965153e-12	No	No
O60229	KALRN	7.26114420927196	1.33938597202643e-07	No	No
O60234	GMFG	4.97527649067202	6.80745630605628e-07	No	No
O60240	PLIN1	11.8245944703992	1.2707911231672402e-19	No	No
O60243	HS6ST1	4.39927120916233	2.42995823768296e-05	No	No
O60245	PCDH7	8.34700910772403	1.0035312353745499e-12	No	No
O60268	KIAA0513	6.17683978538579	6.78042023643404e-11	No	No
O60271	SPAG9	7.5188408531744	3.91131710745082e-13	No	No
O60279	SUSD5	3.72793228996121	0.0001266164199695	No	No
O60313	OPA1	4.08827024839161	1.53559722477316e-05	No	No
O60330	PCDHGA12	8.91100497111486	1.37737979725963e-15	No	No
O60437	PPL	4.93841047639782	0.0006463381327886	No	No
O60449	LY75	7.11757653812935	3.31059817449172e-07	No	No
O60462	NRP2	4.66962146909718	1.42467142965601e-08	No	No
O60488	ACSL4	4.85242502760697	3.08642199595646e-06	No	No
O60493	SNX3	4.45902083860454	0.0077035693627876	No	No
O60496	DOK2	6.17089824777625	1.30885167059275e-09	No	No
O60502	OGA	4.51357929356165	0.0042107242406933	No	No
O60506	SYNCRIP	9.08224207613712	5.05439484197629e-13	No	No
O60507	TPST1	5.03241330039443	9.7017039640709e-06	No	No
O60568	PLOD3	9.2058129908189	3.75360310718992e-12	No	No
O60610	DIAPH1	9.70937461416354	1.1391373076576e-25	No	No
O60613	SELENOF	7.64886932266538	1.0503197542793e-12	No	No
O60667	FCMR	3.23619469576903	0.0027138052690988	No	No
O60704	TPST2	8.02053877180714	7.28435171852368e-11	No	No
O60716	CTNND1	6.36235079386051	3.3645138603481804e-09	No	No
O60739;P41567	EIF1;EIF1B	3.02467230134094	0.0017388844771783	No	No
O60749	SNX2	8.20188115273916	2.69934626285259e-08	No	No
O60763	USO1	9.37000585630989	8.565366375379e-11	No	No
O60784	TOM1	6.1341995735826	1.0570369192173e-05	No	No
O60841	EIF5B	6.57460319673082	1.75062942493186e-07	No	No
O60884	DNAJA2	6.67601284055324	7.86801955166243e-10	No	No
O60896	RAMP3	4.20911198669014	4.17974051021794e-05	No	No
O60925	PFDN1	6.23306722033121	7.059903652051511e-10	No	No
O60927	PPP1R11	6.82791041913243	1.25172476523375e-10	No	No
O60936	NOL3	10.1608544206188	9.05086066411202e-08	No	No
O75095	MEGF6	4.48143851185712	1.48467595968004e-05	No	No
O75096	LRP4	10.8724038739858	5.157004869735199e-13	No	No
O75116	ROCK2	8.9207674529237	8.630187051253091e-15	No	No
O75122	CLASP2	4.31955065488972	5.57853921227611e-05	No	No
O75131	CPNE3	7.42968720470659	2.6913335255075498e-11	No	No
O75170	PPP6R2	9.28523021213805	1.69198039996281e-08	No	No
O75197	LRP5	11.4650416654304	2.7855689146952597e-18	No	No
O75208	COQ9	6.58377397229785	2.87600567316364e-08	No	No
O75251	NDUFS7	4.00175997407304	0.0002078347190981	No	No
O75298	RTN2	4.76719954369487	0.0014578580718185	No	No
O75306	NDUFS2	4.92258793224223	3.86118953979263e-06	No	No
O75309	CDH16	9.50593646881823	1.17429683012187e-13	No	No
O75312	ZPR1	5.52954433822717	5.17206162913356e-08	No	No
O75323	NIPSNAP2	5.01192707455321	9.93402948380342e-07	No	No
O75339	CILP	4.28528126412647	3.86442771400974e-05	No	No
O75347	TBCA	4.75470284445482	5.27035004293625e-05	No	No
O75348	ATP6V1G1	4.28174392162557	4.09984682874767e-05	No	No
O75352	MPDU1	5.26797295424285	1.58434522262442e-07	No	No
O75356	ENTPD5	5.06268460332648	4.30611813137827e-06	No	No
O75367	MACROH2A1	8.84845683977012	1.2024775022721102e-19	No	No
O75369	FLNB	7.67541528578102	8.99374151020484e-05	No	No
O75376	NCOR1	3.00666225135067	0.0032918893757257	No	No
O75381	PEX14	5.49670761695039	1.32244234011833e-07	No	No
O75390	CS	9.39304200967522	1.4651571062704602e-20	No	No
O75436	VPS26A	6.95650100582908	1.22134899501255e-11	No	No
O75438	NDUFB1	4.22200380239405	8.09175668330095e-07	No	No
O75439	PMPCB	4.0585873973696	0.0003161828266024	No	No
O75477	ERLIN1	4.62803820212263	5.04466725377711e-05	No	No
O75487	GPC4	7.89960467766761	8.54347827126734e-14	No	No
O75489	NDUFS3	7.00297547678501	1.1523763501297199e-11	No	No
O75506	HSBP1	4.71044488682668	1.97359071688621e-05	No	No
O75521	ECI2	5.80496518546877	1.18129985262567e-07	No	No
O75531	BANF1	3.30342868236591	0.0049687570491667	No	No
O75558	STX11	8.77650637693842	1.6224325350284701e-15	No	No
O75563	SKAP2	8.60189928896887	1.64343910247247e-10	No	No
O75581	LRP6	5.85602762781515	1.19695846016851e-08	No	No
O75608	LYPLA1	7.90173547330046	7.89432142556944e-07	No	No
O75629	CREG1	6.59116582466145	7.08672437768656e-10	No	No
O75643	SNRNP200	5.21119357507617	0.0009815369260523	No	No
O75663	TIPRL	4.33800938335155	1.94931795362531e-06	No	No
O75688	PPM1B	5.00549635059307	7.12865478806484e-06	No	No
O75718	CRTAP	4.91080688742579	9.04696761013563e-06	No	No
O75752	B3GALNT1	8.5015616679209	7.64074160364488e-14	No	No
O75787	ATP6AP2	7.79043556674032	3.79387427935082e-13	No	No
O75791	GRAP2	6.04564165104934	1.03144431937515e-07	No	No
O75821	EIF3G	7.69056112516718	5.08454172338816e-11	No	No
O75822	EIF3J	9.62560008545048	3.05314338101325e-14	No	No
O75888	TNFSF13	6.04882178354527	4.89507231947598e-07	No	No
O75891	ALDH1L1	4.1991112528222	0.0003880332814589	No	No
O75915	ARL6IP5	5.42842995287412	3.0127565403872704e-09	No	No
O75935	DCTN3	6.41667898031529	1.27760467312559e-05	No	No
O75947	ATP5PD	9.09218984318777	6.408397903155771e-09	No	No
O75954	TSPAN9	7.6060936414517	5.16190029318827e-12	No	No
O75955	FLOT1	9.07772470730855	3.83248615842854e-18	No	No
O75964	ATP5MG	8.51535493922059	1.96779625311751e-15	No	No
O75995	SASH3	3.03437550072318	0.002744024694781	No	No
O76003	GLRX3	10.1852816083224	2.74772296656642e-08	No	No
O76021	RSL1D1	5.30395202864877	1.03695484333974e-05	No	No
O76031	CLPX	5.81090015120743	8.38342731251459e-06	No	No
O76061	STC2	2.81153049357345	0.0002561327962153	No	No
O76070	SNCG	7.34589635442774	1.21589123470718e-08	No	No
O76071	CIAO1	5.32383833720692	2.34780159324304e-07	No	No
O76074	PDE5A	6.63809982501314	8.09091361026051e-13	No	No
O94766	B3GAT3	3.10189639867069	0.0085990714257293	No	No
O94769	ECM2	5.11844325928351	5.20606701606531e-07	No	No
O94804	STK10	5.64765065951433	1.95095630689575e-05	No	No
O94826	TOMM70	6.44149266985433	4.00658005301821e-07	No	No
O94855	SEC24D	3.18700375601294	0.0049979388555101	No	No
O94874	UFL1	7.80898975203534	2.9891153793468303e-09	No	No
O94886	TMEM63A	5.8884840956541	2.26298435319926e-06	No	No
O94905	ERLIN2	7.18122188062614	8.12303960840575e-10	No	No
O94919	ENDOD1	8.81766724368851	7.75668804066029e-14	No	No
O94923	GLCE	2.8767936691259	0.0020599776905287	No	No
O94979	SEC31A	7.48750077523449	2.19956916195152e-12	No	No
O94985	CLSTN1	3.21563656458894	1.84972279299776e-05	No	No
O95084	PRSS23	4.94897336936934	0.0003754859747532	No	No
O95182	NDUFA7	6.30193586907698	1.85688816162706e-07	No	No
O95185	UNC5C	3.02474904047705	0.0043726784197609	No	No
O95197	RTN3	6.18900215372697	1.39858479500608e-06	No	No
O95202	LETM1	6.82076026752346	2.1334312924958e-11	No	No
O95292	VAPB	7.72655177288224	1.05446960965804e-13	No	No
O95295	SNAPIN	7.95382231339734	6.31773192701964e-13	No	No
O95299	NDUFA10	5.26489042920796	6.58732278677598e-06	No	No
O95302	FKBP9	9.15319969043232	3.1663748287994104e-17	No	No
O95373	IPO7	7.66495294997811	1.69252841968844e-10	No	No
O95376	ARIH2	3.36711824381785	0.0004440522489654	No	No
O95393	BMP10	9.66244935034255	1.33885177784883e-18	No	No
O95425	SVIL	5.19452826818618	7.97100623999785e-06	No	No
O95433	AHSA1	8.52612856086254	1.5567601322996399e-12	No	No
O95456	PSMG1	3.56951466778932	0.0006496108594455	No	No
O95490	ADGRL2	6.6941048737783	0.000135655924477	No	No
O95544	NADK	9.89070494873746	1.3976324698760098e-18	No	No
O95571	ETHE1	5.97853929469642	6.90921470588448e-07	No	No
O95573	ACSL3	4.41035540499307	0.0009901208767814	No	No
O95630	STAMBP	4.8883823885881	1.21230186713488e-05	No	No
O95633	FSTL3	9.44658028457619	1.89605434308373e-15	No	No
O95674	CDS2	7.15800652108965	8.3545885292897e-12	No	No
O95721	SNAP29	4.51026152921134	5.90541781086065e-06	No	No
O95727	CRTAM	6.65451015992751	6.99175484236295e-08	No	No
O95747	OXSR1	7.98514805033917	6.85385361252453e-08	No	No
O95757	HSPA4L	4.84482390752019	0.0002077648179449	No	No
O95777	LSM8	7.6351979738267	1.7001077500316402e-09	No	No
O95782	AP2A1	8.31710613370751	5.359528713823071e-09	No	No
O95810	CAVIN2	6.45412457001211	1.38481394859093e-06	No	No
O95816	BAG2	3.62413843983716	3.28703062198337e-05	No	No
O95817	BAG3	4.31868012484819	0.0010906852480104	No	No
O95819	MAP4K4	6.16477989209115	1.07615865573223e-10	No	No
O95831	AIFM1	7.77983795570795	8.78228989305985e-13	No	No
O95832	CLDN1	8.40760269402862	1.85538892670953e-08	No	No
O95841	ANGPTL1	5.20919145053809	6.8671892698129e-07	No	No
O95858	TSPAN15	4.45364613194716	1.21267363038086e-05	No	No
O95861	BPNT1	4.81669662978536	1.70957672322672e-05	No	No
O95866	MPIG6B	7.44086969069288	6.17394016170833e-07	No	No
O95870	ABHD16A	6.48821819540974	5.19389076352905e-06	No	No
O95881	TXNDC12	7.12701061192275	1.69133091799099e-10	No	No
O95965	ITGBL1	3.61531984373914	0.0003044700851919	No	No
O95967	EFEMP2	3.88587931742564	7.17322685286755e-06	No	No
O95994	AGR2	9.53700256629897	2.33508110420809e-12	No	No
O96000	NDUFB10	7.54288798941483	5.06848382781373e-08	No	No
O96008	TOMM40	6.15518021335767	1.65654709767552e-07	No	No
O96019	ACTL6A	5.02583355358275	1.2841704440359e-06	No	No
P00167	CYB5A	7.72370927181296	1.2067553296000098e-11	No	No
P00387	CYB5R3	4.6392221477442	1.1482407344646502e-09	No	No
P00403	MT-CO2	8.63615812737023	2.4451645987765103e-15	No	No
P00414	MT-CO3	5.69991143510867	1.58914033730546e-07	No	No
P00451	F8	4.60633801764887	2.58327071760359e-08	No	No
P00734	F2	4.48510835826798	3.62860745598716e-16	No	No
P00736	C1R	2.2924582440758	5.61144485494124e-07	No	No
P00740	F9	5.86267909711937	9.11047219409523e-21	No	No
P00742	F10	5.25458051355031	1.3260680343028201e-15	No	No
P01042	KNG1	2.89697377384888	2.62298372845102e-08	No	No
P01111	NRAS	5.77776915202302	1.18069140526402e-07	No	No
P01116	KRAS	7.76443537109733	8.57648262177226e-08	No	No
P01130	LDLR	4.52822808750258	0.0001963709622028	No	No
P01133	EGF	7.20233929795716	1.1561656820018299e-11	No	No
P01137	TGFB1	4.40692541366943	6.350618498564e-11	No	No
P01266	TG	7.79265843180693	7.37459583045605e-12	No	No
P01275	GCG	6.76279545366531	9.32645629114244e-14	No	No
P01732	CD8A	4.78315913336822	0.0003566127871764	No	No
P01763	IGHV3-48	6.63122925793084	9.18920955460899e-10	No	No
P01825;A0A0C4DH41	IGHV4-59;IGHV4-61	7.62483757152944	1.68801878954393e-17	No	No
P02549	SPTA1	5.99022849429393	3.63734754061227e-05	No	No
P02671	FGA	1.86427534546852	0.000139632478103	No	No
P02675	FGB	1.78775283465983	2.57898990147112e-05	No	No
P02679	FGG	1.33171438137306	0.0052157321110922	No	No
P02741	CRP	4.60198146149746	2.23550518477772e-08	No	No
P02748	C9	4.00892499475046	3.18590874058227e-10	No	No
P02751	FN1	4.32173431950659	3.89886719510605e-13	No	No
P02753	RBP4	1.36940905262849	0.0027248292154457	No	No
P02760	AMBP	1.93836526997315	0.0097801362320632	No	No
P02766	TTR	1.85326205022097	0.0038865411735831	No	No
P02810	PRH2	3.89517300686681	2.73102496535098e-05	No	No
P04003	C4BPA	3.768207480968	6.63621605831169e-13	No	No
P04004	VTN	3.47034614414623	1.05923939544775e-10	No	No
P04070	PROC	6.01681971693541	8.8189189169477e-08	No	No
P04083	ANXA1	5.35291285224104	7.63906443854751e-06	No	No
P04085	PDGFA	5.28540579835797	7.04467145518131e-07	No	No
P04233	CD74	3.63256304683154	0.0070496868676714	No	No
P04271	S100B	5.90984723530392	3.37691938831847e-08	No	No
P04275	VWF	3.30109299274678	5.04711220940329e-08	No	No
P04350	TUBB4A	10.9603854701365	1.46858082075543e-24	No	No
P04632	CAPNS1	3.46615337443307	6.88665172122097e-05	No	No
P04792	HSPB1	2.96389445021246	0.0003448668318947	No	No
P04844	RPN2	9.35185593520312	8.46210165220618e-15	No	No
P04899	GNAI2	10.1554001568439	2.96855305751022e-27	No	No
P04908;P0C0S8;P20671;Q7L7L0;Q93077;Q96KK5	H2AC12;H2AC17;H2AC6;H2AC7;H2AC8;H2AW	3.9381891400461	0.0048818653797968	No	No
P05023	ATP1A1	9.16791186298822	1.76001589619064e-17	No	No
P05067	APP	5.23808842837285	2.47451324108171e-07	No	No
P05106	ITGB3	4.95932454621787	0.0001608678875276	No	No
P05114	HMGN1	7.79981915160944	2.2209115764445e-09	No	No
P05121	SERPINE1	3.1158497965009	9.94301314762033e-06	No	No
P05141	SLC25A5	9.74137557413566	2.14097447681141e-18	No	No
P05155	SERPING1	1.88086132850311	1.83095686390061e-05	No	No
P05165	PCCA	4.92703267033775	2.46502055159631e-06	No	No
P05166	PCCB	5.00701411067652	3.73654441034719e-05	No	No
P05198	EIF2S1	9.99913489244437	1.0035257382224e-08	No	No
P05204;Q15651	HMGN2;HMGN3	6.65935777466935	1.17486515878088e-07	No	No
P05386	RPLP1	4.40329141680627	2.6890051380437e-06	No	No
P05387	RPLP2	4.66767124140862	1.1021330123301e-05	No	No
P05388	RPLP0	5.91846836569494	3.38143205975892e-10	No	No
P05408	SCG5	3.04406023384488	0.0050914765042627	No	No
P05455	SSB	5.19860022240629	5.91942325660698e-05	No	No
P05546	SERPIND1	1.97275263540327	0.000167437460697	No	No
P05771	PRKCB	8.71690740199177	5.84922058765014e-10	No	No
P05783	KRT18	8.13994131155921	2.85626244285494e-07	No	No
P05981	HPN	3.41815415190934	0.0016931750629116	No	No
P05997	COL5A2	6.26196755650184	4.64491392604233e-09	No	No
P06132	UROD	6.05140183931938	2.50349934475708e-06	No	No
P06241	FYN	6.83374219894045	4.28566295496563e-07	No	No
P06454	PTMA	9.80775476466263	2.49321310604435e-13	No	No
P06576	ATP5F1B	11.6594918432218	2.1861738521663897e-18	No	No
P06730	EIF4E	4.98289550004247	0.0003299216345395	No	No
P06734	FCER2	8.53901666750122	4.66790469201637e-10	No	No
P06748	NPM1	4.32992665689104	0.0002211614915866	No	No
P06756	ITGAV	4.67067276335616	2.90061052719914e-07	No	No
P06858	LPL	4.54749663664896	0.0020381467237814	No	No
P06870	KLK1	2.44259575522095	0.0047909621258978	No	No
P07093	SERPINE2	5.22414209159784	0.0007636756246901	No	No
P07203	GPX1	10.0753293338051	1.7385372219216401e-09	No	No
P07204	THBD	6.07380882202921	1.15519237565651e-05	No	No
P07225	PROS1	4.55632650752754	6.11132903572859e-14	No	No
P07237	P4HB	5.05527676340356	1.5832702992177e-12	No	No
P07305	H1-0	5.65275566975449	6.2344451979710304e-09	No	No
P07333	CSF1R	2.48471386228224	1.989752526813e-05	No	No
P07355	ANXA2	4.61966206157166	0.0002183137695308	No	No
P07359	GP1BA	4.07497175018628	1.12700973641315e-05	No	No
P07384	CAPN1	3.01244170420715	4.19434181113848e-05	No	No
P07437	TUBB	5.35637147285573	3.2520398315596703e-09	No	No
P07476	IVL	8.12880561492772	1.04169392472628e-08	No	No
P07585	DCN	4.02996347480321	0.0001572633156259	No	No
P07741	APRT	5.65751879511029	1.72294197854898e-05	No	No
P07814	EPRS1	3.45426393044243	0.0011636797203627	No	No
P07900	HSP90AA1	4.45750997329715	1.73750763044219e-08	No	No
P07910	HNRNPC	4.22914067323726	5.78877434307747e-05	No	No
P07942	LAMB1	2.57849798639229	0.002222008475899	No	No
P07948	LYN	8.94680469423706	9.70902998756977e-22	No	No
P07954	FH	9.2737358664844	6.602881775515511e-09	No	No
P07996	THBS1	4.33500119368715	5.298694228965321e-09	No	No
P08133	ANXA6	10.2159059702163	1.6421340038873897e-11	No	No
P08238	HSP90AB1	5.23560554394234	9.57692019639178e-08	No	No
P08240	SRPRA	4.74610907988793	0.0039485895005906	No	No
P08254	MMP3	2.9749806749964	0.0034952767554183	No	No
P08294	SOD3	4.20067969926942	5.64497146609159e-08	No	No
P08476	INHBA	6.37458409878463	2.8120591935185e-08	No	No
P08514	ITGA2B	5.47070674244546	2.91441031545179e-13	No	No
P08559	PDHA1	7.76445486806227	1.67640470905453e-14	No	No
P08574	CYC1	7.23456155427738	8.372247622162509e-12	No	No
P08575	PTPRC	4.04283637082871	0.0020254758497724	No	No
P08579	SNRPB2	3.64146731048276	0.0001166694839753	No	No
P08590	MYL3	10.2023595502845	1.95994156238893e-17	No	No
P08621	SNRNP70	3.58376936682484	0.0006229170132521	No	No
P08631	HCK	6.43481209916036	5.52974284323132e-08	No	No
P08648	ITGA5	4.33109193311443	4.78612216988109e-05	No	No
P08708	RPS17	4.06963186844665	0.0002597775804126	No	No
P08709	F7	4.24283888178653	1.01282608604581e-07	No	No
P08754	GNAI3	6.47978298233434	1.08893258727691e-12	No	No
P08758	ANXA5	8.9475850763299	2.64375155875902e-10	No	No
P08865	RPSA	10.8892577963764	2.4057102186981303e-19	No	No
P08887	IL6R	7.15567069776603	9.584379999537349e-11	No	No
P08962	CD63	8.90525120638905	1.29514265129693e-11	No	No
P09429	HMGB1	9.42441681733496	1.9449232382397001e-16	No	No
P09466	PAEP	9.33556900133551	6.0459375129907e-13	No	No
P09486	SPARC	4.02535862851632	8.42702078111327e-07	No	No
P09493	TPM1	3.79141661703523	3.65675324677205e-06	No	No
P09496	CLTA	7.28079828840775	1.38762395977427e-07	No	No
P09497	CLTB	5.96060372132203	2.68027363423222e-07	No	No
P09525	ANXA4	5.4090828461441	1.27395727380395e-06	No	No
P09543	CNP	7.35976415618686	1.2091675059585299e-11	No	No
P09603	CSF1	3.97627356670997	0.0012737715649422	No	No
P09619	PDGFRB	5.80115684923326	9.76171197503725e-08	No	No
P09651	HNRNPA1	9.02719301198529	7.738204867930691e-09	No	No
P09669	COX6C	7.15606413554443	3.72380238092319e-10	No	No
P09871	C1S	4.63585423350047	1.9578519080916e-06	No	No
P09874	PARP1	5.33524671093465	0.0005078928062606	No	No
P09912	IFI6	3.67893226034283	0.0002848428187943	No	No
P09958	FURIN	3.85280637336955	0.0010205210307815	No	No
P0C0L4	C4A	3.55820667429995	4.10549008103154e-07	No	No
P0C0L5	C4B	3.51090436316414	3.39518257859482e-08	No	No
P0C0S5;Q71UI9	H2AZ1;H2AZ2	9.26068548166674	1.31344047392945e-16	No	No
P0C7M8	CLEC2L	3.60805063108992	0.0003999706752793	No	No
P0DI81;P0DI82	TRAPPC2;TRAPPC2B	3.90596796833624	5.73313825403231e-05	No	No
P0DJD8	PGA3	5.12995943027792	3.83808987820447e-08	No	No
P0DMM9;P0DMN0	SULT1A3;SULT1A4	6.63134400857611	2.41222775854741e-05	No	No
P0DN76;Q01081	U2AF1;U2AF1L5	3.3558696116148	0.0011808009790833	No	No
P0DN79;P35520	CBS;CBSL	5.51685767525742	2.45982845413513e-06	No	No
P0DP23;P0DP24;P0DP25	CALM1;CALM2;CALM3	3.81534429683132	5.33204474416246e-05	No	No
P10109	FDX1	2.4962779372649	0.0043576574831306	No	No
P10124	SRGN	2.77087663566996	0.0007071369828644	No	No
P10155	RO60	6.27291816751015	1.38105565301737e-10	No	No
P10253	GAA	3.03629765609753	0.0009411179539339	No	No
P10301	RRAS	7.57926077232671	7.4953440312468e-13	No	No
P10398	ARAF	3.10914056926327	0.0041604354575733	No	No
P10451	SPP1	3.97348061431966	4.87810510875043e-05	No	No
P10515	DLAT	8.66845467854903	2.43500617887774e-13	No	No
P10620	MGST1	4.32325604758769	0.0084604561576559	No	No
P10644	PRKAR1A	7.64699028088024	2.54858990499327e-12	No	No
P10645	CHGA	3.43816178645643	3.59387199279023e-05	No	No
P10720	PF4V1	5.98804707338634	6.8296042203669305e-09	No	No
P10809	HSPD1	11.6637563874524	3.11719769704715e-19	No	No
P10912	GHR	2.86007061652413	0.0039414536474049	No	No
P10915	HAPLN1	6.41463828011804	4.593645443174751e-09	No	No
P11021	HSPA5	4.12478912824062	1.0015797570855299e-12	No	No
P11047	LAMC1	4.24674503596358	2.11588072822961e-08	No	No
P11049	CD37	6.66831862552859	2.3342192652698302e-09	No	No
P11117	ACP2	4.10273323190745	0.0014291548000163	No	No
P11142	HSPA8	3.06616580807303	1.50711908152789e-06	No	No
P11150	LIPC	4.75252910362281	0.000261538666869	No	No
P11169	SLC2A3	9.6441615214204	1.99231460665298e-18	No	No
P11171	EPB41	3.61855355549774	0.0001601765730019	No	No
P11177	PDHB	7.11239434277455	3.1367847339174804e-09	No	No
P11182	DBT	4.22591695491424	0.0002687494127068	No	No
P11233	RALA	8.71237205053431	2.19701593015327e-17	No	No
P11277	SPTB	4.12288587726749	0.0017325873606594	No	No
P11310	ACADM	7.6479914324928	1.99172002791689e-12	No	No
P11362	FGFR1	6.86446959884294	9.33418433038868e-08	No	No
P11387	TOP1	5.88422458858868	1.47748599770681e-06	No	No
P11413	G6PD	9.20455775962642	3.5748915924774597e-22	No	No
P11441	UBL4A	3.69456332603848	0.0002122054173282	No	No
P11908	PRPS2	7.79134256141388	4.74632341071759e-08	No	No
P11940	PABPC1	4.04745241614669	0.0013686797698217	No	No
P12004	PCNA	7.8340925232325	9.64913972992847e-12	No	No
P12074	COX6A1	5.12849254671176	1.29975876470417e-06	No	No
P12081	HARS1	7.2979793676724	9.97145035169357e-08	No	No
P12110	COL6A2	4.16054056404344	7.13732016327042e-05	No	No
P12236	SLC25A6	6.77455988600149	9.875147610265909e-11	No	No
P12259	F5	3.6300070839426	7.999982964511551e-09	No	No
P12268	IMPDH2	8.06867366353073	4.6220136169106403e-10	No	No
P12273	PIP	10.352620582797	1.72695664947367e-19	No	No
P12277	CKB	4.47167531010092	0.0001168341098125	No	No
P12429	ANXA3	5.45222387391496	0.0001373198828742	No	No
P12644	BMP4	9.28168636480437	6.58091830144897e-18	No	No
P12814	ACTN1	7.4932736078956	4.95577006720981e-08	No	No
P12829	MYL4	3.794154955909	0.0002474498177033	No	No
P12830	CDH1	4.87752752348339	1.2248105307887402e-09	No	No
P12883	MYH7	7.97134766698849	1.63294755452016e-12	No	No
P12931	SRC	9.37204953461022	6.20553301207937e-23	No	No
P12956	XRCC6	10.3543812644645	9.65717800705705e-13	No	No
P13010	XRCC5	9.72719527168801	2.66754444030818e-13	No	No
P13073	COX4I1	8.13494416479074	1.7820372717592198e-11	No	No
P13224	GP1BB	3.86972308151344	1.27445420619332e-05	No	No
P13497	BMP1	3.64152441468626	0.0071522569212602	No	No
P13521	SCG2	6.70312309200546	1.14177864503754e-08	No	No
P13591	NCAM1	4.62141694288002	1.07446843091213e-06	No	No
P13612	ITGA4	5.24866125230703	8.4749187162885e-08	No	No
P13667	PDIA4	5.10671147319477	6.64861578714574e-10	No	No
P13674	P4HA1	10.0715719501803	2.83620397063258e-16	No	No
P13693	TPT1	6.13707055110878	7.58661038016829e-05	No	No
P13727	PRG2	3.64053291872812	0.0012076841812146	No	No
P13796	LCP1	2.35346969300841	1.77975584847911e-05	No	No
P13798	APEH	6.78053091397742	6.8091588338130595e-12	No	No
P13804	ETFA	8.30974710057902	2.31686651372865e-15	No	No
P13807	GYS1	3.35148292234893	0.0026264016496676	No	No
P13861	PRKAR2A	5.04987762773595	6.29505650054975e-06	No	No
P14314	PRKCSH	4.99521376392308	6.1175916132722e-07	No	No
P14317	HCLS1	8.59840237316726	3.74389041578679e-09	No	No
P14324	FDPS	7.57790821328799	8.34710903044154e-07	No	No
P14384	CPM	4.90520660585242	0.0024550345475288	No	No
P14406	COX7A2	7.15176508229737	8.209874469438919e-12	No	No
P14543	NID1	5.27527105221441	1.07132062814089e-13	No	No
P14625	HSP90B1	4.94605228070875	4.211011259355451e-09	No	No
P14735	IDE	6.51941837374034	7.1671360618071e-07	No	No
P14770	GP9	3.98465484046186	7.88291396418868e-05	No	No
P14854	COX6B1	3.8234510248017	0.0020529313723698	No	No
P14866	HNRNPL	4.44999076246128	0.0013098286263426	No	No
P14868	DARS1	7.79535620627155	3.5699090876783104e-09	No	No
P14927	UQCRB	6.7816246440593	2.25650944171548e-06	No	No
P15153	RAC2	8.61356961770812	7.63897622396706e-12	No	No
P15169	CPN1	2.02642680456804	0.0090546876800362	No	No
P15170	GSPT1	7.86075224739318	3.31588615957541e-14	No	No
P15260	IFNGR1	2.97202987143082	0.0034626215710402	No	No
P15289	ARSA	3.18861691488823	0.0026840832964474	No	No
P15311	EZR	5.73753175956827	0.0009216940614946	No	No
P15374	UCHL3	7.63547509249008	2.72566790160579e-14	No	No
P15498	VAV1	5.82029079951098	5.70975200512708e-08	No	No
P15586	GNS	6.27893674744062	8.24716301104374e-10	No	No
P15880	RPS2	7.73669905276184	5.95014032026841e-10	No	No
P15941	MUC1	4.95404205508242	6.05060069616023e-06	No	No
P15954	COX7C	4.45673319511632	1.8662140735749e-05	No	No
P16070	CD44	1.65512896896179	0.0045297938408885	No	No
P16150	SPN	7.68028492863642	7.64584115058506e-15	No	No
P16157	ANK1	5.34996665140189	8.09963642554133e-05	No	No
P16219	ACADS	2.74681434386325	0.0099711782433191	No	No
P16234	PDGFRA	10.3074289735368	1.88550649319207e-16	No	No
P16278	GLB1	7.7146727184168	2.04556080265239e-11	No	No
P16401	H1-5	5.20899656847534	0.0007821220006817	No	No
P16403	H1-2	4.62326504449382	0.0051392352823528	No	No
P16422	EPCAM	3.1576935424883	0.0007386737762129	No	No
P16435	POR	8.49194088585305	1.4441047321003799e-11	No	No
P16452	EPB42	4.63669535099199	4.04532200620971e-05	No	No
P16591	FER	3.45850516084472	0.0001142914758073	No	No
P16615	ATP2A2	9.44734852805784	8.91017566280054e-12	No	No
P16671	CD36	2.9943775687634	0.0002471442145127	No	No
P16870	CPE	8.05491103597861	5.09262124816144e-10	No	No
P16871	IL7R	10.9997791096206	1.90106585769552e-18	No	No
P16885	PLCG2	5.02617040490992	7.26237457961861e-05	No	No
P16989	YBX3	3.66016370856166	0.0005340471245824	No	No
P17096	HMGA1	3.72572940512717	0.0015009527073377	No	No
P17152	TMEM11	4.84701081142411	2.88015784271626e-07	No	No
P17252	PRKCA	5.53502297193399	2.50746577357924e-09	No	No
P17655	CAPN2	12.5278783402822	2.25190098213151e-15	No	No
P17812	CTPS1	3.8538012394436	0.0004503465691645	No	No
P17844	DDX5	5.51951314113608	3.46065681728547e-05	No	No
P17980	PSMC3	9.26208259217746	3.4009372298219905e-15	No	No
P17987	TCP1	9.29894922521979	8.69338740062009e-18	No	No
P18031	PTPN1	7.06518216814714	1.70016435824198e-06	No	No
P18054	ALOX12	6.84157568130087	1.12436896485831e-13	No	No
P18075	BMP7	3.55819419479624	0.0001441725045767	No	No
P18077	RPL35A	5.10950050863675	0.0007143383118557	No	No
P18084	ITGB5	7.15451129581201	5.6182829832693996e-12	No	No
P18124	RPL7	7.05769303571666	9.91167410349163e-08	No	No
P18283	GPX2	2.23478036706162	0.0077356036143625	No	No
P18428	LBP	2.23445816551198	0.000380987724378	No	No
P18433	PTPRA	5.77122817740934	1.22706608845372e-08	No	No
P18621	RPL17	7.36927858889364	5.3110719992451e-09	No	No
P18827	SDC1	3.07257172276521	0.0003567802909145	No	No
P18859	ATP5PF	6.34845596816258	6.78710637241164e-10	No	No
P18887	XRCC1	3.2153074839551	0.0018218048904997	No	No
P19086	GNAZ	7.62301301075496	2.13799919463688e-07	No	No
P19338	NCL	5.82162280525639	6.41804637549048e-07	No	No
P19367	HK1	8.97050414337942	1.3858560034841901e-14	No	No
P19397	CD53	7.63203052163034	1.9989133293112101e-10	No	No
P19404	NDUFV2	6.65631737278658	5.00841689061442e-07	No	No
P19525	EIF2AK2	7.18212514354117	2.41098104483786e-10	No	No
P19634	SLC9A1	2.2251414639849	0.0075907395565431	No	No
P19823	ITIH2	4.08593961453153	5.51819434865004e-13	No	No
P19827	ITIH1	4.36799984062825	2.34565873288909e-11	No	No
P19835	CEL	4.54755287741107	1.64552656157977e-05	No	No
P19838	NFKB1	6.14434326785282	3.6367495984505e-07	No	No
P19883	FST	9.5581792992096	7.35179576159072e-17	No	No
P19971	TYMP	2.22482376414232	0.0049116079909976	No	No
P20036	HLA-DPA1	5.36799222817273	7.06662301648506e-07	No	No
P20042	EIF2S2	7.21591392924065	3.91911874501014e-06	No	No
P20142	PGC	7.87020919289574	1.0160193726425499e-11	No	No
P20160	AZU1	7.48112761802555	1.70583562461756e-09	No	No
P20290	BTF3	8.95272245118758	1.34530001077196e-07	No	No
P20338	RAB4A	6.74560815044923	3.6859441518342005e-10	No	No
P20618	PSMB1	4.35426163638323	2.4312316624051e-08	No	No
P20645	M6PR	6.0890251932603	1.72512037674894e-08	No	No
P20674	COX5A	8.82559206190059	8.996512509669669e-11	No	No
P20701	ITGAL	5.50369742812244	5.07249408453525e-07	No	No
P20774	OGN	2.1059506555869	0.0088975019723939	No	No
P20810	CAST	5.07688967054079	2.71728200348789e-08	No	No
P20851	C4BPB	3.52676661135719	1.5022673182357e-05	No	No
P20908	COL5A1	6.36508701730765	2.02706187783975e-08	No	No
P21266	GSTM3	9.33040397617328	6.1586898792468e-11	No	No
P21281	ATP6V1B2	6.69840644715978	5.53192698312655e-07	No	No
P21291	CSRP1	3.7061130675091	0.0014534127547588	No	No
P21333	FLNA	5.00306825763016	1.14943234638001e-08	No	No
P21731	TBXA2R	4.63796481937306	5.84325818448478e-05	No	No
P21796	VDAC1	9.29644104703544	1.12544972558482e-15	No	No
P21802	FGFR2	11.7121115209882	8.12870611877575e-12	No	No
P21810	BGN	8.307105527074	4.20066075398588e-11	No	No
P21815	IBSP	3.68797797816014	4.40863552452027e-05	No	No
P21912	SDHB	7.16646717545001	1.37196036392557e-08	No	No
P21926	CD9	2.74378379275197	0.000781606332219	No	No
P21964	COMT	6.89709591786801	1.7584561166051e-09	No	No
P21980	TGM2	8.10357120226594	1.71960112732301e-11	No	No
P22003	BMP5	3.7874733694639	0.0008840145186914	No	No
P22059	OSBP	7.52837208874697	1.2516179593409198e-11	No	No
P22087	FBL	8.11087591734221	8.06941810424587e-08	No	No
P22102	GART	6.66932522050055	2.40026843937284e-09	No	No
P22105	TNXB	2.63290757476058	4.23827261960825e-05	No	No
P22223	CDH3	10.5286985366264	2.66948134796571e-12	No	No
P22234	PAICS	9.28527328972679	1.8140870196503998e-17	No	No
P22303	ACHE	3.74648405322108	0.0033082261177092	No	No
P22304	IDS	3.96139820198875	0.0021271334326148	No	No
P22307	SCP2	4.8043202063772	3.80079389411395e-06	No	No
P22314	UBA1	10.5453960878758	1.10754408668387e-11	No	No
P22455	FGFR4	5.17991026632931	7.29009960997726e-05	No	No
P22466	GAL	4.11719845257062	3.94462692017419e-05	No	No
P22570	FDXR	4.01153949033234	0.0002086590798808	No	No
P22607	FGFR3	9.28849466857052	6.15692132036043e-11	No	No
P22626	HNRNPA2B1	6.41455909979235	0.0001228178942957	No	No
P22670	RFX1	6.33172125651503	1.46299317030268e-10	No	No
P22694	PRKACB	7.53500278848253	2.0033984984186e-07	No	No
P22695	UQCRC2	9.00185207803584	2.47897367557277e-16	No	No
P22792	CPN2	2.89877694747292	7.87888627381127e-08	No	No
P22830	FECH	4.23442936555391	2.91118314900535e-05	No	No
P22891	PROZ	5.16758047836935	3.40879516980524e-05	No	No
P23142	FBLN1	4.60850276183001	2.00239861947295e-11	No	No
P23219	PTGS1	8.86033459860285	7.11772573922131e-11	No	No
P23229	ITGA6	3.92766819751795	6.46003363382389e-06	No	No
P23258	TUBG1	5.8701725442487	1.39184556570797e-07	No	No
P23327	HRC	5.93202271714843	5.01642882660612e-08	No	No
P23368	ME2	2.54651355293333	0.0049089123944706	No	No
P23396	RPS3	8.84656247647763	1.0728806634120999e-12	No	No
P23435	CBLN1	4.15316867675029	4.25942555886874e-05	No	No
P23470	PTPRG	3.02506362009508	3.60530858686338e-05	No	No
P23471	PTPRZ1	3.92029830191519	0.0003404083541844	No	No
P23588	EIF4B	9.61704043073762	4.7851089374023695e-11	No	No
P23610	F8A3	3.66046563812236	0.0007213413507947	No	No
P23786	CPT2	5.54838909708375	0.0001210488303641	No	No
P24043	LAMA2	4.14126394763625	5.70261980332014e-06	No	No
P24158	PRTN3	3.19443307268361	0.0055666302923118	No	No
P24534	EEF1B2	11.4760955285979	8.42984374923827e-19	No	No
P24539	ATP5PB	8.21631997337213	6.4306908375965e-07	No	No
P24557	TBXAS1	8.8230396194922	1.32852120421438e-09	No	No
P24666	ACP1	3.32164946999805	0.0094905863349287	No	No
P24752	ACAT1	4.82852316981135	0.0001088828706312	No	No
P24821	TNC	3.79628375064759	2.9816812055031e-06	No	No
P24844	MYL9	4.44739190837219	2.4083083793476e-08	No	No
P24855	DNASE1	8.97318655624496	1.46934515731213e-13	No	No
P25686	DNAJB2	4.85080104292484	0.0003337378133179	No	No
P25705	ATP5F1A	11.6731558933275	2.2766382639369297e-18	No	No
P25786	PSMA1	4.34265331616043	9.627478967453e-07	No	No
P25787	PSMA2	3.94182744701375	3.99771968135642e-06	No	No
P25788	PSMA3	3.8749291333963	2.14607455687169e-06	No	No
P25789	PSMA4	3.37754080313794	2.08623739590939e-05	No	No
P25940	COL5A3	4.38797595895632	8.63782641267615e-06	No	No
P26022	PTX3	4.55726191085416	4.83329225855079e-06	No	No
P26196	DDX6	6.90770451251997	3.9959387908511e-05	No	No
P26368	U2AF2	4.09430614171235	0.0001588041039657	No	No
P26373	RPL13	6.97394304073894	7.41957803228837e-06	No	No
P26440	IVD	6.64113584894718	2.02270791605682e-05	No	No
P26583	HMGB2	7.81280932040788	1.9119840550473397e-11	No	No
P26599	PTBP1	8.79641000396053	1.2592344627809198e-11	No	No
P26639	TARS1	6.79134141821364	4.34976920538589e-07	No	No
P26640	VARS1	7.14745719212986	1.9561447540104502e-10	No	No
P26641	EEF1G	3.375741390525	4.52561669054648e-05	No	No
P26885	FKBP2	5.11769084810003	9.48071322406712e-07	No	No
P27105	STOM	4.5077060550805	0.0017840849313126	No	No
P27169	PON1	3.00005708730086	1.2819889481236102e-09	No	No
P27338	MAOB	8.87204954340239	4.31591640700432e-19	No	No
P27348	YWHAQ	2.40194791047671	0.0051577191653718	No	No
P27449	ATP6V0C	7.55778367607571	1.85505855885542e-10	No	No
P27482	CALML3	3.27706659652586	0.0005503841300566	No	No
P27694	RPA1	3.05905558005252	0.0070860797547129	No	No
P27695	APEX1	4.20959441547416	0.0004337110283035	No	No
P27701	CD82	7.38020506163187	1.11953581118532e-07	No	No
P27707	DCK	4.94547170485761	3.16327830990815e-05	No	No
P27708	CAD	5.86845072878047	2.2923461109492403e-09	No	No
P27797	CALR	4.56164062357957	4.8643434932268e-08	No	No
P27816	MAP4	8.8697170460212	1.3173035834048e-11	No	No
P27824	CANX	6.23773871897722	2.07425317097133e-10	No	No
P28062	PSMB8	4.06136838800768	0.0001483268253463	No	No
P28065	PSMB9	4.5600295324455	2.0054645095553002e-10	No	No
P28066	PSMA5	4.05892976882915	4.36620436780046e-10	No	No
P28070	PSMB4	3.75302913195627	0.0026579468205843	No	No
P28072	PSMB6	2.9177486204523	0.0058229407166518	No	No
P28074	PSMB5	3.44700620538957	0.0001404600089978	No	No
P28331	NDUFS1	6.59557372746888	1.04303234121904e-06	No	No
P28482	MAPK1	5.23241188901847	6.38347159129022e-07	No	No
P28676	GCA	5.287058226138	0.0045635141752707	No	No
P28838	LAP3	3.85628017730881	0.0012560583877682	No	No
P29120	PCSK1	4.29067817421519	0.0004083580570989	No	No
P29122	PCSK6	4.92363915378217	2.18077471339003e-07	No	No
P29144	TPP2	10.0619614735577	6.686163007171691e-15	No	No
P29218	IMPA1	6.33552851654673	1.4629817820322201e-09	No	No
P29350	PTPN6	6.86115612502952	3.1090359291581295e-11	No	No
P29373	CRABP2	9.20493635915595	1.91063991348487e-13	No	No
P29692	EEF1D	6.27302064863085	1.04317848586758e-07	No	No
P29965	CD40LG	3.67694987408209	0.0006815405525442	No	No
P30038	ALDH4A1	6.83373719315176	2.59538641525831e-08	No	No
P30040	ERP29	7.8174417910043	4.95737927614351e-15	No	No
P30044	PRDX5	3.65714488985736	0.0003572971049936	No	No
P30049	ATP5F1D	8.37291988708587	1.43842858781416e-09	No	No
P30084	ECHS1	7.66652787004462	2.72889722927276e-14	No	No
P30085	CMPK1	7.36422721889065	4.7695876945399e-06	No	No
P30086	PEBP1	3.57027865751589	0.0001905757946444	No	No
P30101	PDIA3	4.06199898790942	9.08487883696864e-05	No	No
P30153	PPP2R1A	9.93402219736621	3.96539237693197e-10	No	No
P30273	FCER1G	7.96181945434468	2.51047837789194e-17	No	No
P30405	PPIF	7.95305162255731	5.465598860395131e-15	No	No
P30419	NMT1	5.4435768891705	9.0299693762864e-06	No	No
P30520	ADSS2	2.80137210712872	0.0089464232357024	No	No
P30530	AXL	3.60947758816794	0.0028944704983809	No	No
P30566	ADSL	5.89701533722668	1.04412760833854e-05	No	No
P30622	CLIP1	5.07473176176678	4.76941196776274e-06	No	No
P30626	SRI	2.16737292659592	0.0040177413062556	No	No
P30825	SLC7A1	3.72893292451964	0.000168805003724	No	No
P30990	NTS	9.16505564806914	4.2904632960365304e-14	No	No
P31151	S100A7	7.76978989599064	4.0030379498658797e-11	No	No
P31323	PRKAR2B	8.28378175045047	1.03982624320804e-10	No	No
P31431	SDC4	9.66896359813125	5.86087926051003e-15	No	No
P31641	SLC6A6	5.47212623195022	2.01861181649512e-08	No	No
P31689	DNAJA1	7.3071623363694	1.43572478584128e-07	No	No
P31930	UQCRC1	8.35539209860248	2.6051371257234497e-13	No	No
P31937	HIBADH	3.239347423948	0.0028417206115125	No	No
P31939	ATIC	4.34699083760881	0.0090914926099151	No	No
P31942	HNRNPH3	3.8835509946443	0.0025717312124519	No	No
P31943	HNRNPH1	3.59970694516266	0.0072632319762157	No	No
P31946	YWHAB	3.44241113264979	4.01551807020746e-06	No	No
P31947	SFN	5.98786586802263	4.13497236752296e-08	No	No
P31948	STIP1	4.17327908097179	1.36197053207092e-07	No	No
P32121	ARRB2	2.96239303867222	0.0024781635284586	No	No
P32320	CDA	5.53170481906686	3.0822143238540604e-09	No	No
P32322	PYCR1	4.61230198963333	0.0001472132042865	No	No
P32969	RPL9P9	6.83829017810952	2.77255739620579e-10	No	No
P33176	KIF5B	6.78688748087116	2.85653748770565e-10	No	No
P33241	LSP1	7.61985973358688	3.17352117461966e-11	No	No
P33992	MCM5	5.12588233100362	1.97011935597129e-06	No	No
P33993	MCM7	4.16492457444946	0.0001712717314411	No	No
P34896	SHMT1	5.35170140514035	1.76972522825788e-06	No	No
P34897	SHMT2	3.88878475507196	0.0015309420665214	No	No
P34931	HSPA1L	3.24594482855789	0.0001619673066889	No	No
P34932	HSPA4	6.76754669134815	4.46433460594176e-06	No	No
P35030	PRSS3	4.15687351145228	0.0002031876531593	No	No
P35052	GPC1	6.46190254848155	1.51444916598214e-05	No	No
P35080	PFN2	2.36097817458575	0.0075320093540154	No	No
P35219	CA8	3.07926620859814	0.0035986743326985	No	No
P35221	CTNNA1	9.20161767483151	3.5317967635383897e-12	No	No
P35222	CTNNB1	7.92683870111832	0.0004657046518679	No	No
P35232	PHB	9.00437864439657	7.744839185088901e-16	No	No
P35241	RDX	5.63634534812782	1.70951070619302e-06	No	No
P35244	RPA3	7.31151055762705	1.9158948233729797e-11	No	No
P35268	RPL22	7.39942547749007	1.24684304981451e-11	No	No
P35270	SPR	3.94296770543064	0.0002802089374487	No	No
P35442	THBS2	4.40482622920536	0.0004998603929876	No	No
P35443	THBS4	5.04822406936529	3.44471419741008e-07	No	No
P35579	MYH9	7.05398205675606	2.02465512571659e-18	No	No
P35606	COPB2	8.72690036681044	3.45572892453487e-10	No	No
P35611	ADD1	7.93324601528656	3.16700402755307e-11	No	No
P35612	ADD2	3.59346097005619	0.0001885601169582	No	No
P35625	TIMP3	6.39562708029882	5.52589530365241e-08	No	No
P35658	NUP214	4.89340414658761	0.0003372151444119	No	No
P35813	PPM1A	4.10363434595959	0.0058479257398362	No	No
P35914	HMGCL	5.10630544586253	1.47118060190926e-06	No	No
P35916	FLT4	4.09427449499168	0.0002136441694479	No	No
P35998	PSMC2	10.0121437738411	8.7808541091594e-20	No	No
P36405	ARL3	3.03475104460291	0.0033525216001871	No	No
P36507	MAP2K2	7.25150448883678	4.97655026619264e-08	No	No
P36542	ATP5F1C	8.42613127259676	1.7943086479342301e-09	No	No
P36543	ATP6V1E1	6.26533557504026	1.17216614224928e-07	No	No
P36578	RPL4	10.2156058290492	7.389470728106709e-11	No	No
P36776	LONP1	5.29999257866179	1.48831268758211e-05	No	No
P36873	PPP1CC	8.40597328931933	5.922096084251561e-15	No	No
P36957	DLST	10.1917298523643	1.47062806939224e-12	No	No
P36959	GMPR	5.66554759705418	9.40830135933461e-05	No	No
P37108	SRP14	4.44586020475914	5.05899884740763e-05	No	No
P37235	HPCAL1	7.18851518108846	2.18667714163959e-10	No	No
P37268	FDFT1	5.84137673878888	4.83448600201228e-06	No	No
P37840	SNCA	5.74769202025601	1.1248285771516599e-11	No	No
P38117	ETFB	8.3746263252452	1.01786950503815e-14	No	No
P38159	RBMX	7.58899877348189	1.15023967018035e-06	No	No
P38570	ITGAE	6.09298119610376	1.59596990078965e-07	No	No
P38646	HSPA9	11.3267244993786	2.19503371627724e-12	No	No
P38919	EIF4A3	6.0892294739913	0.0009387133915809	No	No
P39019	RPS19	9.20645843013387	5.6623374503904e-09	No	No
P39023	RPL3	9.59175229805771	4.26743661416419e-08	No	No
P39059	COL15A1	7.01609332170012	8.800788263605339e-11	No	No
P39060	COL18A1	2.91189566576924	0.0010593213875371	No	No
P39656	DDOST	9.14452306082077	1.4285655511735899e-11	No	No
P39687	ANP32A	10.7833135229246	1.9175932570709203e-15	No	No
P39748	FEN1	2.71769036059378	0.0042344354737539	No	No
P40121	CAPG	4.67487595608261	0.0001283845065475	No	No
P40200	CD96	4.91763717228171	1.05126685408609e-05	No	No
P40306	PSMB10	4.92398078421953	6.52968928501738e-05	No	No
P40429	RPL13A	3.79998678980839	0.000743712062699	No	No
P40616	ARL1	5.51434265380276	2.11699142125393e-07	No	No
P40763	STAT3	7.61166720274955	3.2643087767025503e-10	No	No
P40855	PEX19	3.2894330719719	0.0013587899314861	No	No
P40926	MDH2	4.26264992045688	8.06993696699575e-05	No	No
P40939	HADHA	7.29310991981413	1.51823434447173e-12	No	No
P40967	PMEL	10.5007333065195	7.30628911613315e-21	No	No
P41091	EIF2S3	8.07197228661348	3.62864751056495e-11	No	No
P41226	UBA7	5.21047791667135	0.0013044422074747	No	No
P41227	NAA10	2.80410708913485	0.0050983828951943	No	No
P41236	PPP1R2	8.77823775592772	1.9787656926997599e-13	No	No
P41250	GARS1	4.45173279484711	0.0011962058902234	No	No
P41252	IARS1	4.13425179225396	0.0001109237107713	No	No
P42166	TMPO	6.07383817993044	1.01314374494287e-06	No	No
P42224	STAT1	5.61712952174199	8.58244579734104e-08	No	No
P42357	HAL	9.66342489266649	1.71517214540685e-07	No	No
P42566	EPS15	8.24242347808836	1.22002783736767e-14	No	No
P42685	FRK	3.91048693522246	1.02654371039203e-05	No	No
P42704	LRPPRC	9.72064726841935	3.4871744978496e-16	No	No
P42766	RPL35	3.49885108093524	0.0001565333470706	No	No
P42892	ECE1	7.1387022173139	8.06248604597153e-13	No	No
P42898	MTHFR	2.97063292533944	0.0041387257707133	No	No
P43243	MATR3	7.59763171872713	2.0154508436268e-09	No	No
P43250	GRK6	3.15896213895643	0.0030988185056414	No	No
P43304	GPD2	8.06788934318775	3.70663083661904e-14	No	No
P43307	SSR1	7.57112627165076	1.0658149148115e-08	No	No
P43405	SYK	6.070944708047	1.77632380089008e-05	No	No
P43487	RANBP1	5.3929607807857	1.44695212722077e-05	No	No
P43490	NAMPT	4.64185199351391	2.22283943602783e-05	No	No
P43686	PSMC4	7.89270263638017	1.42770391403086e-07	No	No
P43897	TSFM	4.37153259431686	0.0006775844023255	No	No
P45877	PPIC	4.59248605420235	0.0006389073362926	No	No
P45880	VDAC2	10.1314364549324	7.50814843085646e-12	No	No
P45954	ACADSB	4.58728028717166	2.07674661874291e-07	No	No
P45974	USP5	10.7145224246506	1.5750922491037202e-15	No	No
P46060	RANGAP1	8.06365464527719	5.53473481033868e-13	No	No
P46087	NOP2	4.96893047780846	6.37616605170575e-08	No	No
P46109	CRKL	8.28314274018833	3.01954485835807e-15	No	No
P46379	BAG6	7.36843200114368	1.0716356944110899e-11	No	No
P46439	GSTM5	4.2577981598147	4.22574632027923e-05	No	No
P46459	NSF	7.48579065446231	2.37263086015407e-13	No	No
P46531	NOTCH1	7.15959073400705	4.0452410998117e-11	No	No
P46736	BRCC3	6.3343251655646	1.76624474720792e-07	No	No
P46776	RPL27A	5.93138245445612	3.25628616630151e-07	No	No
P46777	RPL5	5.85248916864374	5.18010384282322e-06	No	No
P46779	RPL28	6.6549373126031	9.6990691259465e-08	No	No
P46781	RPS9	7.32735465716648	9.211476840186071e-10	No	No
P46783	RPS10	7.38615558354133	9.25903573041015e-09	No	No
P46821	MAP1B	3.92654546678522	0.0001917457592226	No	No
P46939	UTRN	6.23357424434814	1.07382931907911e-08	No	No
P46940	IQGAP1	9.79636996459247	7.846987402430361e-15	No	No
P46976	GYG1	6.40732951802421	7.8653812717734e-09	No	No
P46977	STT3A	6.95052599443238	2.63651428492685e-10	No	No
P47712	PLA2G4A	7.55282833111664	1.0316383659866899e-11	No	No
P47756	CAPZB	3.67487291001371	1.49589167533937e-05	No	No
P47813	EIF1AX	7.93447740726193	3.1275866972225394e-11	No	No
P47897	QARS1	5.63091895909491	2.09659856668391e-05	No	No
P47972	NPTX2	5.12876175253134	4.28361129067136e-07	No	No
P47985	UQCRFS1	7.70975308099973	1.1062980295428799e-13	No	No
P48047	ATP5PO	9.07227478089408	2.89552350324441e-17	No	No
P48059	LIMS1	8.73763593452192	1.0264979417465901e-14	No	No
P48426	PIP4K2A	9.96122970079562	2.13948815584877e-12	No	No
P48444	ARCN1	8.42597320415329	2.2887414463718897e-11	No	No
P48507	GCLM	7.56164379224299	6.6824037130435e-11	No	No
P48509	CD151	7.66096054385544	3.2156650855798204e-14	No	No
P48556	PSMD8	7.53141680170262	3.61246904237482e-12	No	No
P48634	PRRC2A	6.29876929802546	9.82364189648939e-10	No	No
P48643	CCT5	4.69694151458397	9.29984489674178e-05	No	No
P48739	PITPNB	4.14348965595954	0.0008655424615764	No	No
P48740	MASP1	5.27733946557646	1.38799938637848e-05	No	No
P48960	ADGRE5	4.25678409265213	0.0026127800944448	No	No
P49137	MAPKAPK2	6.07202126792709	7.90897932199084e-08	No	No
P49207	RPL34	6.0895238179489	5.90356902992092e-06	No	No
P49257	LMAN1	7.96094846999362	1.11447716709983e-11	No	No
P49321	NASP	10.9885147247099	4.8605004014097605e-17	No	No
P49327	FASN	10.9399537601918	7.98516186879249e-10	No	No
P49354	FNTA	5.85362491644295	2.58205528553049e-07	No	No
P49368	CCT3	10.168561133854	4.0605276855501597e-22	No	No
P49407	ARRB1	6.35928789063042	9.5917490773383e-09	No	No
P49411	TUFM	9.47153092115721	1.13140444537887e-17	No	No
P49419	ALDH7A1	6.34763777253049	1.15594497433699e-06	No	No
P49458	SRP9	3.03158961210059	0.0024042446158557	No	No
P49588	AARS1	5.12370037877032	1.74909313182468e-05	No	No
P49591	SARS1	6.58641188795607	8.9048110655426e-07	No	No
P49593	PPM1F	11.1728313696379	4.22542789873238e-14	No	No
P49641	MAN2A2	3.99789790359416	4.71097223734496e-05	No	No
P49720	PSMB3	4.8575722175849	1.61817913481682e-07	No	No
P49721	PSMB2	3.59838499559698	4.15050597457345e-05	No	No
P49746	THBS3	3.65426425058925	1.96436141754914e-05	No	No
P49747	COMP	4.51512246584631	1.15479185084644e-05	No	No
P49748	ACADVL	8.07186618583518	7.17956040101129e-14	No	No
P49755	TMED10	8.80900986597511	1.66347567391572e-12	No	No
P49767	VEGFC	6.40212878854874	3.0515074074893304e-09	No	No
P49770	EIF2B2	2.90227595888229	0.0066398201145196	No	No
P49773	HINT1	5.99371566641631	7.74321792731926e-07	No	No
P49788	RARRES1	5.45022678511054	0.0028871239945421	No	No
P49795	RGS19	6.06257927649228	2.78354576905448e-08	No	No
P49821	NDUFV1	4.6702144430262	4.36531298097826e-06	No	No
P50148	GNAQ	3.49465213052334	0.0091833950326024	No	No
P50213	IDH3A	5.36671067610212	5.47218852862558e-05	No	No
P50225	SULT1A1	6.85500933089079	1.40398221878726e-08	No	No
P50238	CRIP1	6.44109192457395	6.84802409867055e-11	No	No
P50416	CPT1A	8.02759966620451	3.56915970572924e-15	No	No
P50454	SERPINH1	8.43545510771485	2.99542447822614e-12	No	No
P50502	ST13	3.97920906581134	0.0016542592496325	No	No
P50570	DNM2	8.29891875239334	1.30787952622035e-08	No	No
P50579	METAP2	4.58917882698725	1.45618051469817e-05	No	No
P50591	TNFSF10	7.10713830151342	1.5053183583239e-09	No	No
P50851	LRBA	8.2777654414805	3.21248178983234e-10	No	No
P50895	BCAM	4.67843610467753	0.0001471994664665	No	No
P50914	RPL14	5.26195340185288	1.86353403840101e-05	No	No
P50990	CCT8	5.56152120715552	3.3000982200474e-11	No	No
P50991	CCT4	10.7002753433667	4.93908402922939e-16	No	No
P50995	ANXA11	6.52844276034476	2.68950437310846e-06	No	No
P51114	FXR1	5.49959949037792	1.26087042602599e-05	No	No
P51148	RAB5C	3.11598389855707	0.0046115783840109	No	No
P51149	RAB7A	3.8605378091749	0.0004105162208473	No	No
P51398	DAP3	5.71465191283698	0.0001903897407819	No	No
P51452	DUSP3	6.85301260088556	1.0004205212983598e-11	No	No
P51532	SMARCA4	4.51240736971236	4.00236377872218e-06	No	No
P51553	IDH3G	3.35699379697614	0.0010002455788493	No	No
P51570	GALK1	6.34686929246319	7.51639265284576e-09	No	No
P51571	SSR4	7.95949942308745	1.3608840334671e-13	No	No
P51572	BCAP31	8.57068877557866	4.4900949577155903e-10	No	No
P51575	P2RX1	5.37985706830867	4.93653390631187e-05	No	No
P51606	RENBP	4.06964906889836	0.0008864385594223	No	No
P51610	HCFC1	3.77014630074281	0.0019206651906662	No	No
P51648	ALDH3A2	4.00808339148903	0.0001156936251414	No	No
P51659	HSD17B4	9.16642861762205	7.6058210064513e-13	No	No
P51665	PSMD7	7.81236849306752	3.69811735659064e-11	No	No
P51692	STAT5B	5.5223509879072	9.59320745716882e-05	No	No
P51693	APLP1	4.68193712589726	0.0004564245798896	No	No
P51784	USP11	2.67589735038114	0.0097327236355491	No	No
P51790	CLCN3	3.45112317540138	0.0012017176699955	No	No
P51809	VAMP7	6.56022349932296	9.99672187073423e-07	No	No
P51858	HDGF	11.7270887554327	1.04085854762491e-18	No	No
P51884	LUM	5.01472666848287	7.12535234470931e-20	No	No
P51888	PRELP	5.25122103609423	1.10652046541257e-06	No	No
P51970	NDUFA8	7.40044962350171	5.00532176920128e-08	No	No
P51991	HNRNPA3	4.96043233574792	0.0007529193342409	No	No
P52272	HNRNPM	5.25521361959775	8.10649014780934e-06	No	No
P52294	KPNA1	7.18949836528997	3.53042983835781e-12	No	No
P52306	RAP1GDS1	5.31210420459359	0.0009208048438561	No	No
P52333	JAK3	3.51070998269148	0.0005174459258813	No	No
P52434	POLR2H	4.49319558711679	0.0001089008489408	No	No
P52565	ARHGDIA	3.26258389942517	0.0014506960622069	No	No
P52597	HNRNPF	8.40087308070983	3.77097299978279e-12	No	No
P52815	MRPL12	7.55768351064709	1.05296456498289e-08	No	No
P52823	STC1	4.04407001666262	1.94043224624416e-05	No	No
P52907	CAPZA1	2.95297153573471	0.0003985093940676	No	No
P52943	CRIP2	6.68283838493542	3.4025565192499e-09	No	No
P53004	BLVRA	6.53942671362751	1.3407608707878e-07	No	No
P53007	SLC25A1	5.74995082822486	8.47657749169758e-07	No	No
P53041	PPP5C	4.39724922818617	1.12673993346633e-06	No	No
P53396	ACLY	9.11136935599881	9.413641486719631e-15	No	No
P53597	SUCLG1	6.5228113497181	3.29079960189212e-10	No	No
P53611	RABGGTB	5.78820720666642	1.30200895874605e-07	No	No
P53618	COPB1	8.55546916008527	9.92183176120475e-17	No	No
P53621	COPA	9.14917155726212	1.09359977874749e-19	No	No
P53680	AP2S1	6.11460388274929	2.6610996448658e-08	No	No
P53701	HCCS	3.83610132615784	0.0001930331745237	No	No
P53814	SMTN	5.06230387375166	2.08005157110918e-07	No	No
P53990	IST1	5.50425125791972	4.65404435100662e-09	No	No
P53992	SEC24C	7.64846395624514	4.24730569182846e-12	No	No
P53999	SUB1	7.14500091477549	3.4042226380901594e-11	No	No
P54105	CLNS1A	6.74971868342645	1.0076422431484e-09	No	No
P54136	RARS1	7.20205870574351	2.0766920699009e-06	No	No
P54577	YARS1	7.54592961812209	3.93141043141091e-10	No	No
P54578	USP14	8.04520997412707	4.0999468458377293e-11	No	No
P54687	BCAT1	8.66107644764999	5.07235878728064e-12	No	No
P54709	ATP1B3	7.38227816690832	1.72591953993554e-09	No	No
P54725	RAD23A	3.42712462665866	0.0055256092028629	No	No
P54727	RAD23B	8.46299646495794	9.62472332315707e-08	No	No
P54819	AK2	3.4126969683175	0.0024091426240131	No	No
P54826	GAS1	4.02980650325409	5.10403552406128e-05	No	No
P54852	EMP3	5.24406627935624	4.07765544464675e-07	No	No
P54886	ALDH18A1	6.80286036651574	1.20598814488331e-09	No	No
P54920	NAPA	9.13236817117011	4.2272607457853904e-17	No	No
P55001	MFAP2	6.87818491612114	3.4067049393287397e-12	No	No
P55010	EIF5	8.40541103017433	1.61162751563861e-16	No	No
P55036	PSMD4	7.61214998013327	3.53721213147386e-11	No	No
P55060	CSE1L	8.29868803150445	1.11711883070255e-07	No	No
P55072	VCP	8.46521856179744	1.5960471668595702e-14	No	No
P55084	HADHB	8.02739843894267	4.20481377036506e-15	No	No
P55145	MANF	7.34216400622919	5.88075679606437e-08	No	No
P55157	MTTP	3.28019876169961	0.0019454198474724	No	No
P55160	NCKAP1L	6.26966695023643	1.2843906425748e-06	No	No
P55209	NAP1L1	10.30765881362	5.08900846591847e-22	No	No
P55263	ADK	4.96593384921113	7.43275460229903e-06	No	No
P55268	LAMB2	3.50016194354649	7.6798818574401e-05	No	No
P55285	CDH6	3.74249613483672	8.30554682925701e-05	No	No
P55286	CDH8	4.27192348530059	3.40345838036789e-05	No	No
P55287	CDH11	4.04242882952645	0.0003443165824632	No	No
P55291	CDH15	8.31212948219913	9.75079722377201e-13	No	No
P55327	TPD52	5.11591028904389	1.93672449502546e-05	No	No
P55786	NPEPPS	3.7744422175549	0.0003560759140647	No	No
P55809	OXCT1	4.42178429822554	2.23631151698147e-06	No	No
P55884	EIF3B	9.34957257505256	6.00933014762496e-11	No	No
P55957	BID	3.31809329176956	0.0091925019133326	No	No
P56134	ATP5MF	5.93341820310221	3.45153553569252e-08	No	No
P56192	MARS1	7.67275732908888	3.00940732428741e-09	No	No
P56202	CTSW	8.71030352013502	2.4554162574811303e-15	No	No
P56377	AP1S2	6.47251545692962	2.58269651671407e-08	No	No
P56378	ATP5MJ	5.0398090151942	0.0001366158216443	No	No
P56381;Q5VTU8	ATP5F1E;ATP5F1EP2	5.90626947768953	7.05287000890995e-10	No	No
P56385	ATP5ME	6.88445094530582	1.7409406471925202e-09	No	No
P56537	EIF6	5.14645890536922	4.95979583364869e-09	No	No
P56556	NDUFA6	4.65162799510068	4.39267283236003e-07	No	No
P57737	CORO7	5.93456153793855	1.15730494522193e-08	No	No
P57764	GSDMD	4.16331659893533	6.95371592836555e-06	No	No
P58107	EPPK1	7.67224185420656	6.8542474488451e-09	No	No
P58215	LOXL3	5.14212469294448	8.01200512612256e-07	No	No
P58546	MTPN	7.94982233521895	2.7055435458306598e-11	No	No
P60033	CD81	4.78907098031738	0.0001013792334994	No	No
P60228	EIF3E	7.27809910981066	4.17054197706789e-08	No	No
P60510	PPP4C	4.10403794483813	5.09441062258523e-05	No	No
P60660	MYL6	3.99119361034483	1.2271131193867e-05	No	No
P60842	EIF4A1	5.05799190400644	1.97742131793002e-05	No	No
P60866	RPS20	9.21112250090165	1.7462600245169098e-12	No	No
P60891	PRPS1	7.8883211563096	2.3529148661836702e-14	No	No
P60900	PSMA6	3.88758944439579	0.0012717552123472	No	No
P60903	S100A10	8.19407588023128	2.1008886821512504e-09	No	No
P60953	CDC42	2.13143121493973	0.0030726849086984	No	No
P60981	DSTN	8.97925875627552	6.9368296415978194e-18	No	No
P60985	KRTDAP	8.31214939618808	1.2160734696398899e-11	No	No
P61006	RAB8A	9.05928127494175	2.32741864708875e-16	No	No
P61009	SPCS3	4.6359381141578	0.0005421797716177	No	No
P61018	RAB4B	6.64600832663903	2.11486745922642e-05	No	No
P61020	RAB5B	3.76941227391596	0.0058675618017454	No	No
P61026	RAB10	2.52570835556425	0.0032776503303372	No	No
P61077	UBE2D3	5.29167306208437	1.963153591247e-06	No	No
P61081	UBE2M	7.13912593554869	5.085905410593181e-09	No	No
P61086	UBE2K	5.19683106611103	8.71621686569967e-06	No	No
P61106	RAB14	5.65505173804367	6.29719635811087e-10	No	No
P61158	ACTR3	3.06115001250217	0.0018497983796375	No	No
P61160	ACTR2	2.7220754429064	0.0007332448702685	No	No
P61163	ACTR1A	9.31503358937991	3.0326575651519903e-09	No	No
P61201	COPS2	6.8907340463967	3.4206966263227203e-09	No	No
P61204;P84077	ARF1;ARF3	2.77690723780448	0.0071769458080056	No	No
P61221	ABCE1	5.62200391651225	8.183637002004711e-09	No	No
P61225	RAP2B	7.54295176588774	1.65059689806313e-10	No	No
P61247	RPS3A	7.32738211392056	1.39483029546184e-06	No	No
P61254	RPL26	8.41668847279942	2.64947802865338e-13	No	No
P61313	RPL15	6.84298427784286	2.14418489855472e-05	No	No
P61326;Q96A72	MAGOH;MAGOHB	7.33651652501453	1.55190700902395e-10	No	No
P61353	RPL27	5.33009089777964	6.82973038001831e-08	No	No
P61421	ATP6V0D1	6.51864465280584	1.12181304587072e-08	No	No
P61586	RHOA	9.35486905819873	1.8613376035509701e-09	No	No
P61619	SEC61A1	4.36782884747965	1.54854310859584e-06	No	No
P61758	VBP1	4.52969773931457	4.82299807326731e-06	No	No
P61803	DAD1	2.94048027007265	0.006530469340672	No	No
P61812	TGFB2	4.19186381268043	6.57291826458292e-05	No	No
P61923	COPZ1	7.2526699421082	2.7792612200137697e-12	No	No
P61952	GNG11	7.82525363154707	1.55833448041621e-10	No	No
P61960	UFM1	5.21462867351871	1.88435076225696e-05	No	No
P61964	WDR5	8.53117497361834	5.81387592461977e-15	No	No
P61966	AP1S1	8.74653923866684	8.02159951869336e-13	No	No
P61978	HNRNPK	11.1275225892499	4.7552049384908295e-18	No	No
P61981	YWHAG	4.13929983083374	2.85266027864459e-06	No	No
P62081	RPS7	7.3319673316518	1.64170790833092e-06	No	No
P62136	PPP1CA	4.71329465853099	0.0001699614074463	No	No
P62140	PPP1CB	8.92308346556253	9.04718833650604e-13	No	No
P62191	PSMC1	9.18618009289432	7.380042956393579e-16	No	No
P62195	PSMC5	9.24809248299232	1.9227241657745003e-10	No	No
P62241	RPS8	6.46321849676951	4.21616615538024e-07	No	No
P62244	RPS15A	6.17680393335956	4.38872486225144e-07	No	No
P62249	RPS16	8.50926333758921	2.1500567662633697e-11	No	No
P62256	UBE2H	8.33247825497931	3.5757525158991204e-09	No	No
P62258	YWHAE	5.10262595703616	1.78776804221461e-05	No	No
P62263	RPS14	3.83801289127413	0.0005252729591852	No	No
P62266	RPS23	6.94689889839941	7.4446447656516e-07	No	No
P62269	RPS18	7.9287937291675	1.70525372012597e-10	No	No
P62277	RPS13	8.71036179873583	4.17238309519652e-07	No	No
P62280	RPS11	4.97095117890479	7.33614707988847e-05	No	No
P62304	SNRPE	3.63127358226102	0.0007233214442719	No	No
P62306	SNRPF	5.61008599093099	2.40148324464232e-07	No	No
P62310	LSM3	4.54615540870989	0.0001480586865304	No	No
P62312	LSM6	8.66299185301376	5.5665014381721894e-12	No	No
P62318	SNRPD3	3.59872700652016	0.0003643054161956	No	No
P62330	ARF6	7.87205172666201	1.3933553424109198e-11	No	No
P62333	PSMC6	9.23838248651765	4.2142179416961003e-16	No	No
P62341	SELENOT	5.33010388433319	1.84672229544478e-05	No	No
P62424	RPL7A	7.62398207017765	1.52597888948535e-08	No	No
P62487	POLR2G	6.041152952573	4.17036043464315e-10	No	No
P62495	ETF1	10.64865391371	1.41966992921177e-12	No	No
P62701	RPS4X	9.11531972503709	2.33094842533338e-10	No	No
P62714	PPP2CB	8.30661850547389	2.34038991646663e-14	No	No
P62750	RPL23A	6.20888581626157	7.1227555593517e-08	No	No
P62753	RPS6	5.99648680135952	3.68190646412129e-06	No	No
P62826	RAN	2.64728189728244	0.0024853348991851	No	No
P62829	RPL23	5.02779655515504	1.03949313161038e-05	No	No
P62834	RAP1A	2.96914441403851	1.50172020426424e-05	No	No
P62847	RPS24	6.03635884706113	3.1465084319834202e-09	No	No
P62851	RPS25	5.51401183937994	3.21477341710229e-06	No	No
P62854	RPS26	4.98624766156935	8.54005580740165e-06	No	No
P62888	RPL30	5.99327305059297	2.14720391658985e-07	No	No
P62899	RPL31	5.67093901619767	5.83140123290973e-06	No	No
P62906	RPL10A	6.91392772739258	4.06393213044785e-07	No	No
P62913	RPL11	6.89650574635263	6.90734867349415e-08	No	No
P62993	GRB2	8.67001513302721	3.32500287029695e-12	No	No
P63010	AP2B1	8.81789315661088	5.47305867485738e-12	No	No
P63027	VAMP2	6.91785729209378	2.8548956791098e-09	No	No
P63104	YWHAZ	5.31752167274442	5.22212590672398e-12	No	No
P63151	PPP2R2A	5.66354358325951	2.06877665898999e-07	No	No
P63162;P14678	SNRPB;SNRPN	2.57915691137738	0.0072114342911788	No	No
P63165	SUMO1	3.22322488812088	0.0067744529837	No	No
P63173	RPL38	2.67953300586158	0.0025013635419312	No	No
P63208	SKP1	9.32817742763004	3.13466939532746e-16	No	No
P63218	GNG5	8.13987914642916	1.95448908701176e-08	No	No
P63220	RPS21	4.45516657933634	1.32891083248113e-05	No	No
P63241	EIF5A	4.51934550980899	1.06615896829358e-09	No	No
P63244	RACK1	9.35516834738817	1.44875037841444e-10	No	No
P63279	UBE2I	7.19561336441526	5.2085703375302804e-09	No	No
P67809	YBX1	9.0940937453815	4.15135501792901e-10	No	No
P67870	CSNK2B	3.66243926783974	0.0024898742768095	No	No
P67936	TPM4	4.62068921849905	1.8972002653975e-05	No	No
P68036	UBE2L3	7.14234573620576	1.02327298696193e-09	No	No
P68104;Q5VTE0	EEF1A1;EEF1A1P5	4.30197716858908	0.0016362217071955	No	No
P68366	TUBA4A	6.55027856938898	3.5832367060299905e-15	No	No
P68371	TUBB4B	9.43885055164203	4.65305112153624e-19	No	No
P68400	CSNK2A1	5.87140088293961	1.27524551385782e-05	No	No
P68402	PAFAH1B2	6.49933046411087	1.19157960378692e-06	No	No
P78318	IGBP1	3.83946800518503	0.0002338166917728	No	No
P78344	EIF4G2	8.76292697967778	1.07077807791278e-12	No	No
P78347	GTF2I	3.30823965420273	0.0064405000220834	No	No
P78371	CCT2	9.8916546550211	6.989876416986699e-19	No	No
P78423	CX3CL1	5.09909555565407	4.40097383960852e-06	No	No
P78509	RELN	4.4345072360431	7.93807962533958e-07	No	No
P78527	PRKDC	6.55897904255282	1.80871266268814e-05	No	No
P78536	ADAM17	4.09366261911414	6.77724181483767e-05	No	No
P78537	BLOC1S1	6.73005670995006	1.11373311576625e-09	No	No
P78539	SRPX	7.39318227929618	5.892785174276961e-10	No	No
P78559	MAP1A	8.25661494767949	3.73557819273309e-12	No	No
P80217	IFI35	4.33740200924025	7.69328132980414e-05	No	No
P80303	NUCB2	9.61516795141385	4.05592839328661e-16	No	No
P80404	ABAT	5.16095490074161	2.26369119315835e-05	No	No
P82650	MRPS22	3.1929013117847	0.0023739768582601	No	No
P82909	MRPS36	2.98577316149851	0.00892997573753	No	No
P82914	MRPS15	6.70461798419508	8.094647017273929e-12	No	No
P82979	SARNP	4.87574704319749	0.001509217596216	No	No
P82987	ADAMTSL3	3.81314317620823	0.0011335753369035	No	No
P83111	LACTB	4.43397244599786	3.43417230310958e-06	No	No
P83731	RPL24	4.02338883595577	0.0018337203223645	No	No
P84085	ARF5	2.9748997759012	0.0009704275403979	No	No
P84098	RPL19	3.97681258460146	0.000522078676969	No	No
P84103	SRSF3	7.48661653569248	2.37927231923305e-11	No	No
P98066	TNFAIP6	9.96378646765194	7.29090736687892e-17	No	No
P98095	FBLN2	4.22157348803532	1.77635730330776e-05	No	No
P98155	VLDLR	7.81971329331513	4.12701679311474e-08	No	No
P98171	ARHGAP4	5.3526887503043	6.20145630615826e-06	No	No
P98194	ATP2C1	4.76608431567121	8.91042784119891e-05	No	No
Q00013	MPP1	2.76589604661208	0.0047538925953877	No	No
Q00059	TFAM	5.50278334336892	8.43935583425358e-08	No	No
Q00325	SLC25A3	9.06582675459583	7.99098959205998e-12	No	No
Q00535	CDK5	3.55024705622623	0.001025082751157	No	No
Q00577	PURA	7.90697486084209	1.52083325554077e-11	No	No
Q00610	CLTC	11.6281206331973	1.18488127668266e-16	No	No
Q00688	FKBP3	6.19250172631692	7.29496719591643e-06	No	No
Q00722	PLCB2	9.57147702234034	2.86671351272622e-18	No	No
Q00765	REEP5	8.89088333455915	2.8724003282141002e-11	No	No
Q00839	HNRNPU	9.08531597167838	4.6533391806383595e-12	No	No
Q01082	SPTBN1	9.19112038640309	4.6713888948112494e-11	No	No
Q01105	SET	7.32385952275704	7.91520582120022e-08	No	No
Q01433	AMPD2	6.57418495817951	4.35675088548738e-05	No	No
Q01518	CAP1	2.89919097167809	2.37708602183558e-05	No	No
Q01628	IFITM3	9.44434534108601	1.32544326614412e-11	No	No
Q01629	IFITM2	7.36968964888144	5.7251857178761494e-11	No	No
Q01650	SLC7A5	2.72944473056239	0.0086265756750277	No	No
Q01813	PFKP	2.61557145529148	0.0017909904058499	No	No
Q01844	EWSR1	3.56642698620665	0.0004829889022895	No	No
Q01970	PLCB3	10.4090821552702	1.00042294023604e-18	No	No
Q01973	ROR1	6.55460174408027	3.770388074723e-09	No	No
Q02094	RHAG	7.39290799384888	1.23056059936885e-10	No	No
Q02153	GUCY1B1	3.83366495836675	0.0002253624356793	No	No
Q02218	OGDH	7.12675066163044	2.24116299770513e-07	No	No
Q02252	ALDH6A1	6.41339633539453	1.2367772797671801e-09	No	No
Q02338	BDH1	5.19295126737263	7.77139603262155e-08	No	No
Q02487	DSC2	2.77899304599422	0.0011505441496667	No	No
Q02543	RPL18A	7.68575363930672	4.27316958787236e-08	No	No
Q02790	FKBP4	10.302881040169	2.0502383129651297e-11	No	No
Q02878	RPL6	7.93117569549424	1.2238284355727e-07	No	No
Q02880	TOP2B	5.30494163480411	2.21970221082789e-06	No	No
Q02952	AKAP12	3.4026728181096	0.0001044211962318	No	No
Q02978	SLC25A11	5.63870299591076	6.10452829432365e-05	No	No
Q03252	LMNB2	3.83784923116307	0.000108315093339	No	No
Q03426	MVK	3.52392736662685	0.0074160410107269	No	No
Q03519	TAP2	2.76680514928025	0.004144651190494	No	No
Q04206	RELA	7.6566707752601	1.69834699510193e-10	No	No
Q04323	UBXN1	6.26913325413863	4.35419800603405e-08	No	No
Q04637	EIF4G1	10.2745904974173	2.9727809868084e-11	No	No
Q04721	NOTCH2	3.68536203780474	0.0002065635680185	No	No
Q04837	SSBP1	4.72648895155486	0.0003429490978628	No	No
Q04917	YWHAH	4.54533199952813	6.74210897217453e-07	No	No
Q04941	PLP2	7.24384436489462	2.01633579433014e-10	No	No
Q05086	UBE3A	4.33607549010352	6.08215889041971e-05	No	No
Q05193	DNM1	6.90356542441587	1.40087739165959e-06	No	No
Q05209	PTPN12	6.80131477591895	2.98042896272834e-08	No	No
Q05397	PTK2	4.02944990596085	0.0023846222480723	No	No
Q05655	PRKCD	6.6180357199436	4.692388565542091e-09	No	No
Q05682	CALD1	3.56058709595502	0.0008465078379633	No	No
Q05707	COL14A1	5.97113157871844	1.2641813841149e-09	No	No
Q06033	ITIH3	5.32150598194721	2.6843177022802902e-17	No	No
Q06124	PTPN11	5.23992305595082	6.32200528934798e-07	No	No
Q06187	BTK	3.65581834579667	0.00147787072916	No	No
Q06203	PPAT	3.68880669704038	0.0013941395366039	No	No
Q06210	GFPT1	5.347816578163	3.62229857774446e-05	No	No
Q06481	APLP2	10.0550145574893	2.20513009938854e-15	No	No
Q06828	FMOD	5.19446696685051	9.03948403177725e-05	No	No
Q07020	RPL18	10.5261368031028	8.79348615903959e-10	No	No
Q07021	C1QBP	11.4911139830427	3.67212523171016e-20	No	No
Q07065	CKAP4	8.73287863385769	4.3763349174852197e-13	No	No
Q07157	TJP1	2.67449575298047	0.0077780338923795	No	No
Q07507	DPT	3.32534709882963	0.0068222407392962	No	No
Q07666	KHDRBS1	6.89125530071944	5.78993386734641e-07	No	No
Q07812	BAX	6.41530924791009	1.851593289321e-07	No	No
Q07866	KLC1	6.07724662302504	1.38938188213639e-05	No	No
Q07954	LRP1	3.96484153587871	9.6089338330783e-10	No	No
Q07955	SRSF1	3.56692434165169	0.0041989147434738	No	No
Q08174	PCDH1	3.90123384437927	4.86507030020445e-05	No	No
Q08378	GOLGA3	4.14827053229406	0.0046553117100194	No	No
Q08379	GOLGA2	5.1390960395252	1.26733866634232e-07	No	No
Q08380	LGALS3BP	3.20900668628974	2.22209208140717e-06	No	No
Q08397	LOXL1	3.00630554568033	0.0081939723904982	No	No
Q08431	MFGE8	5.38113214447102	4.63139552139622e-07	No	No
Q08495	DMTN	9.09960545615055	4.24043671139941e-14	No	No
Q08629	SPOCK1	3.26144906383881	0.000778624112346	No	No
Q08J23	NSUN2	4.76355128292744	2.93591541051251e-05	No	No
Q09028	RBBP4	7.21554919859881	1.22267679310412e-10	No	No
Q09327	MGAT3	3.21963061248258	0.0020470631995368	No	No
Q09666	AHNAK	4.52948715399766	0.0009575453634828	No	No
Q0VD83	APOBR	8.34581791615081	5.900487999304061e-15	No	No
Q0VGL1	LAMTOR4	5.94574188247284	5.16945470458948e-10	No	No
Q0ZGT2	NEXN	8.82343801512984	2.04977451527486e-17	No	No
Q10472	GALNT1	6.24947462587185	0.0001700277642941	No	No
Q10567	AP1B1	8.00158769449662	1.32094663354032e-15	No	No
Q10713	PMPCA	3.5609771903987	0.0013249996609927	No	No
Q11201	ST3GAL1	6.05821391215313	5.7901368632702e-09	No	No
Q12765	SCRN1	3.26487796124061	0.0015087970580954	No	No
Q12792	TWF1	3.58679831795248	0.001005431145402	No	No
Q12797	ASPH	9.79889949315309	8.22279217703179e-18	No	No
Q12846	STX4	6.25980611839496	2.57342710913016e-08	No	No
Q12888	TP53BP1	6.9208698318504	1.63650648905248e-07	No	No
Q12905	ILF2	3.6527322243376	2.38559468546968e-05	No	No
Q12906	ILF3	2.65514137082777	2.3853998630194e-05	No	No
Q12929	EPS8	4.65399405619188	1.11144441289771e-06	No	No
Q12931	TRAP1	6.76575941686587	0.0009459073774156	No	No
Q12959	DLG1	4.92252159747997	4.92285968340764e-05	No	No
Q12982	BNIP2	6.09076626709342	1.59587078602944e-05	No	No
Q13011	ECH1	2.55135640158778	0.0044457067269798	No	No
Q13033	STRN3	7.09625086308882	2.38807462793458e-10	No	No
Q13043	STK4	7.80931095595756	3.06837310913025e-12	No	No
Q13045	FLII	8.41625733854351	1.5654391974259e-09	No	No
Q13057	COASY	4.16549585617876	1.88696277486552e-05	No	No
Q13094	LCP2	8.80365389128689	5.31793103871414e-18	No	No
Q13098	GPS1	7.62691691409943	1.3943274418557499e-11	No	No
Q13103	SPP2	4.40979020914643	7.51656862305211e-07	No	No
Q13107	USP4	4.91749164067371	5.78495298973689e-05	No	No
Q13144	EIF2B5	5.09506814483338	0.0001056665041917	No	No
Q13148	TARDBP	8.06113978734038	1.7926849737955598e-12	No	No
Q13151	HNRNPA0	6.35830442329692	4.7462346379307e-09	No	No
Q13153	PAK1	4.93912893969302	4.04253876338837e-06	No	No
Q13155	AIMP2	3.80149319520906	0.0006793339186184	No	No
Q13162	PRDX4	9.18603566737995	2.04850682743038e-13	No	No
Q13177	PAK2	3.74155588948874	0.0032921993954075	No	No
Q13185	CBX3	4.78169955873281	3.63256709359737e-05	No	No
Q13200	PSMD2	3.71444032292833	0.000578945080763	No	No
Q13201	MMRN1	4.21779744048045	9.49522842283527e-08	No	No
Q13214	SEMA3B	3.03448796102114	0.0045401497166011	No	No
Q13247	SRSF6	3.73138070080249	0.0006322171466725	No	No
Q13263	TRIM28	6.37566751224413	1.15638758975548e-06	No	No
Q13283	G3BP1	12.2340303613001	6.48174320917943e-17	No	No
Q13287	NMI	5.47507789397974	1.68130763988024e-07	No	No
Q13310	PABPC4	7.48169989813569	2.6186931647233097e-11	No	No
Q13347	EIF3I	7.63804849267918	1.14113896334976e-10	No	No
Q13361	MFAP5	9.82972108843635	4.84829478518383e-14	No	No
Q13405	MRPL49	3.48831851242867	0.0095898824291065	No	No
Q13409	DYNC1I2	5.60066163545537	4.99330785284674e-08	No	No
Q13418	ILK	4.83099726534811	8.06299220985414e-05	No	No
Q13423	NNT	8.63954035075484	1.0777364395901901e-14	No	No
Q13428	TCOF1	6.65257126894475	6.9358040673487605e-09	No	No
Q13435	SF3B2	6.7929601609461	4.32111071184199e-07	No	No
Q13438	OS9	7.94222905281622	1.1384031111276799e-11	No	No
Q13442	PDAP1	4.18490632329095	0.0001036008183093	No	No
Q13443	ADAM9	3.26425478334321	0.0046001045733617	No	No
Q13444	ADAM15	3.68552177660947	0.0061455747933231	No	No
Q13451	FKBP5	4.23744961046369	0.0034768400083783	No	No
Q13459	MYO9B	4.37012238619969	0.0003646965993503	No	No
Q13464	ROCK1	6.97017293399291	1.27978042271978e-12	No	No
Q13477	MADCAM1	5.18818836943143	4.713872337352801e-10	No	No
Q13492	PICALM	6.73358016564954	1.23320386125799e-08	No	No
Q13496	MTM1	3.90211321685107	0.0002920134108084	No	No
Q13501	SQSTM1	5.42129351448301	5.39175310225598e-08	No	No
Q13505	MTX1	5.54925188257389	3.22173093263386e-06	No	No
Q13509	TUBB3	4.89299522283637	2.23207187609791e-06	No	No
Q13510	ASAH1	3.45575144289256	0.0001074253204368	No	No
Q13547	HDAC1	4.65567799492462	4.73304291643966e-06	No	No
Q13554	CAMK2B	3.87153932189948	0.0002074198568696	No	No
Q13555	CAMK2G	3.07031866732819	0.0087627050783372	No	No
Q13557	CAMK2D	8.30643447276972	2.5891517809917303e-10	No	No
Q13561	DCTN2	9.64811407768154	1.34398569068016e-18	No	No
Q13564	NAE1	7.72885893523168	1.21243393758332e-10	No	No
Q13576	IQGAP2	8.77884897019413	3.01810954880421e-14	No	No
Q13586	STIM1	8.68055033213616	1.22904241119178e-10	No	No
Q13596	SNX1	5.6347811023507	1.51158609526433e-08	No	No
Q13618	CUL3	3.02434831249766	0.0037796995199943	No	No
Q13630	GFUS	3.28085989421496	0.0036152235202445	No	No
Q13637	RAB32	8.36397736785618	3.78807976278622e-10	No	No
Q13642	FHL1	6.77229618290554	2.90733510455273e-17	No	No
Q13683	ITGA7	6.96550420031971	2.73415600054526e-09	No	No
Q13753	LAMC2	3.62956009307294	0.0008778493335979	No	No
Q13790	APOF	4.22902411007525	0.0011239691866508	No	No
Q13813	SPTAN1	5.31198167013012	2.40809168212499e-08	No	No
Q13838	DDX39B	8.94795010518185	7.809276247615431e-15	No	No
Q13884	SNTB1	4.1137691305856	0.001309102455999	No	No
Q13885	TUBB2A	4.10864737989963	5.03403532354101e-05	No	No
Q13907	IDI1	3.16740068662896	0.0050626650543282	No	No
Q13976	PRKG1	5.27479128368631	3.01684141899389e-05	No	No
Q14008	CKAP5	8.166277861099	3.9046708250123097e-13	No	No
Q14011	CIRBP	4.21818700496498	0.0001099233717584	No	No
Q14012	CAMK1	6.77586348417023	1.06004521610942e-06	No	No
Q14061	COX17	3.38205950045134	0.0017082893306043	No	No
Q14088	RAB33A	3.5078336032139	0.0002981742485594	No	No
Q14103	HNRNPD	8.73320593093909	2.6635546954540796e-11	No	No
Q14108	SCARB2	6.6261774941477	2.97954062419006e-07	No	No
Q14112	NID2	11.1601428229168	9.62886760844842e-15	No	No
Q14116	IL18	4.5482289581841	1.9819533140104e-05	No	No
Q14141	SEPTIN6	5.24533973400434	1.98874450181885e-07	No	No
Q14151	SAFB2	5.9707156523877	1.25799088260295e-08	No	No
Q14152	EIF3A	7.67266414712102	1.8452953452766e-13	No	No
Q14155	ARHGEF7	3.69863737606829	0.0002559555542938	No	No
Q14157	UBAP2L	7.30020853024188	7.12686847913105e-07	No	No
Q14162	SCARF1	3.46524655413237	0.0008500119756233	No	No
Q14165	MLEC	9.80784597596838	5.96054429877196e-18	No	No
Q14166	TTLL12	6.91744719566498	8.282328227627459e-11	No	No
Q14197	MRPL58	4.0271954948683	0.0001978963997441	No	No
Q14203	DCTN1	9.56026491889178	2.4729392992795e-08	No	No
Q14204	DYNC1H1	5.97924988211938	4.5975598130247e-08	No	No
Q14232	EIF2B1	4.57703309371139	1.7280748447655e-05	No	No
Q14240	EIF4A2	7.8412116709212	1.51312143997586e-13	No	No
Q14242	SELPLG	5.57716600703432	4.05130520738261e-05	No	No
Q14247	CTTN	5.698436984245	1.22967192828011e-10	No	No
Q14254	FLOT2	8.27953184932029	1.72437720685369e-06	No	No
Q14258	TRIM25	6.32455466234317	1.82715047148041e-10	No	No
Q14315	FLNC	6.42688466431882	1.91044992071164e-06	No	No
Q14318	FKBP8	6.21068060422832	8.9806704426084e-07	No	No
Q14344	GNA13	7.23598673850625	8.47865393028773e-08	No	No
Q14393	GAS6	4.95889829767282	3.1658613612996e-05	No	No
Q14432	PDE3A	7.38852056107188	6.13417098008756e-07	No	No
Q14444	CAPRIN1	10.4476791819519	2.44638689402388e-17	No	No
Q14515	SPARCL1	3.29029111219478	0.0005449822080356	No	No
Q14517	FAT1	5.41980094764903	5.12969658111649e-05	No	No
Q14520	HABP2	5.42022226296435	5.61830811574209e-07	No	No
Q14566	MCM6	6.80705012497074	1.21255482477562e-05	No	No
Q14574	DSC3	5.46393848698348	1.45344323110936e-05	No	No
Q14642	INPP5A	3.8944414690918	0.0002743142619098	No	No
Q14643	ITPR1	5.51882105723555	4.93962766115927e-05	No	No
Q14644	RASA3	7.99251294516186	1.79418662980966e-22	No	No
Q14677	CLINT1	8.25330403012636	1.8291218695349e-10	No	No
Q14683	SMC1A	7.04687805530122	2.71667894752322e-10	No	No
Q14694	USP10	3.47515827476655	0.0014575642564083	No	No
Q14696	MESD	5.52135668923701	2.85119650591604e-07	No	No
Q14697	GANAB	3.72825779682041	6.9134267051327e-08	No	No
Q14761	PTPRCAP	3.36856499775453	0.0005238469216153	No	No
Q14766	LTBP1	4.34034704935393	2.45114872751838e-07	No	No
Q14767	LTBP2	4.48614302799534	9.35105293025425e-05	No	No
Q14789	GOLGB1	5.45757615426973	3.12476152580039e-05	No	No
Q14839	CHD4	6.36266125111262	7.11200794981183e-07	No	No
Q14847	LASP1	4.01339255686764	1.50299856307528e-07	No	No
Q14894	CRYM	6.32076789622189	1.20011003541964e-08	No	No
Q14914	PTGR1	3.9639961066669	0.0002317977027932	No	No
Q14919	DRAP1	5.1191858850022	4.53110482463766e-08	No	No
Q14974	KPNB1	10.5615102800849	5.11325666464618e-13	No	No
Q14978	NOLC1	6.36370786739254	5.7022169551744706e-09	No	No
Q14980	NUMA1	6.54200983595326	1.29319060410281e-06	No	No
Q14BN4	SLMAP	5.47187815412708	3.95445151533652e-08	No	No
Q14C86	GAPVD1	6.36404941094216	2.5215258568306404e-09	No	No
Q15008	PSMD6	7.96148393893054	2.1563229870300398e-11	No	No
Q15018	ABRAXAS2	5.61190668287688	6.31349919206604e-07	No	No
Q15019	SEPTIN2	3.60479182036915	0.0023335418453307	No	No
Q15024	EXOSC7	2.49140295494063	0.0055055085958191	No	No
Q15042	RAB3GAP1	6.34396741622816	2.10696311437008e-10	No	No
Q15043	SLC39A14	3.72072390302503	7.0188349320741e-05	No	No
Q15046	KARS1	6.52406817345278	4.598136416212931e-09	No	No
Q15050	RRS1	3.47471965996795	7.17582551184479e-05	No	No
Q15056	EIF4H	7.03649295890807	7.62412153492866e-07	No	No
Q15057	ACAP2	3.09827931974137	0.0026001022277994	No	No
Q15061	WDR43	4.9057674232945	6.10558431225935e-07	No	No
Q15067	ACOX1	7.32139947296558	1.61273662846134e-10	No	No
Q15075	EEA1	4.23490325756351	8.99394632645258e-05	No	No
Q15084	PDIA6	5.88539103148551	2.47537972859544e-08	No	No
Q15102	PAFAH1B3	3.13408178641679	0.0058019461405272	No	No
Q15126	PMVK	4.19317247460115	0.0004796362579712	No	No
Q15147	PLCB4	10.1076824659296	4.4968468888447e-14	No	No
Q15149	PLEC	4.34778440873349	7.19941768136874e-08	No	No
Q15155	NOMO1	5.01548931096829	1.77069241741342e-06	No	No
Q15165	PON2	6.27410667774336	2.15504752338707e-10	No	No
Q15166	PON3	1.28070354250604	0.0063076593647665	No	No
Q15172	PPP2R5A	5.38366410628392	5.69764829769106e-05	No	No
Q15181	PPA1	5.74378815038543	3.26245036244322e-09	No	No
Q15185	PTGES3	8.75103802607422	2.49031041982225e-09	No	No
Q15233	NONO	7.00495211157083	7.565275756427231e-09	No	No
Q15276	RABEP1	4.69846683623467	0.0014858091735761	No	No
Q15286	RAB35	6.17019047497459	8.887555284460109e-11	No	No
Q15293	RCN1	5.02773879945909	3.52680445465996e-06	No	No
Q15311	RALBP1	5.82483997305758	2.4967725505813e-06	No	No
Q15363	TMED2	6.72129563213832	2.7415599082418796e-11	No	No
Q15365	PCBP1	3.36401026835813	3.75625493548514e-05	No	No
Q15366	PCBP2	8.70661736583767	2.35713871921027e-16	No	No
Q15369	ELOC	3.09076594841107	0.0004004942659891	No	No
Q15370	ELOB	8.63659500224613	1.63424339032343e-16	No	No
Q15382	RHEB	7.65452940071058	2.08602783778519e-08	No	No
Q15388	TOMM20	6.66812003485105	1.07400936268357e-08	No	No
Q15389	ANGPT1	8.07247732028084	1.32850997506292e-12	No	No
Q15392	DHCR24	3.65148025870759	0.000582987204639	No	No
Q15393	SF3B3	6.00726547377243	1.26613458642165e-08	No	No
Q15404	RSU1	4.00578449791236	2.36366451529807e-08	No	No
Q15424	SAFB	9.61457672676771	8.554424426835709e-11	No	No
Q15427	SF3B4	4.63255752943263	1.74447013865301e-05	No	No
Q15428	SF3A2	10.413653223213	5.53109413909439e-17	No	No
Q15435	PPP1R7	6.82195826069077	8.42574600554858e-11	No	No
Q15436	SEC23A	6.26891703801666	9.70133808628333e-11	No	No
Q15437	SEC23B	7.20912869202966	1.1724747365618701e-09	No	No
Q15459	SF3A1	6.58182732730447	5.96806825869637e-09	No	No
Q15555	MAPRE2	9.88997897475415	7.782560906138969e-16	No	No
Q15631	TSN	10.3294190130968	3.09854488973646e-19	No	No
Q15642	TRIP10	7.35578765134411	1.97708264869196e-12	No	No
Q15645	TRIP13	4.17443624081462	0.0009219422251089	No	No
Q15653	NFKBIB	4.33397426159456	1.06187639012175e-05	No	No
Q15691	MAPRE1	11.4151811391591	1.4157410435575e-21	No	No
Q15717	ELAVL1	5.10973073428592	4.83248461404578e-06	No	No
Q15738	NSDHL	5.43699639000064	3.76347087354929e-07	No	No
Q15746	MYLK	9.30315035390317	7.15468903178938e-10	No	No
Q15758	SLC1A5	6.13230025620098	6.98473436015361e-08	No	No
Q15762	CD226	8.66464247708331	3.2134729819170404e-14	No	No
Q15771	RAB30	5.10865406731844	3.35149111063492e-06	No	No
Q15796	SMAD2	5.90148961239227	1.00833055176223e-07	No	No
Q15818	NPTX1	3.22688279881889	0.000791176057646	No	No
Q15833	STXBP2	9.35735188166525	5.42918298053555e-19	No	No
Q15843	NEDD8	6.30714686310017	7.38063358031536e-09	No	No
Q15847	ADIRF	2.57298704839208	0.0072596433398984	No	No
Q15907	RAB11B	7.29334507766702	2.8350592974011e-08	No	No
Q15942	ZYX	2.88126850442745	0.001724188184116	No	No
Q16134	ETFDH	6.43878723296421	6.8596060410203e-07	No	No
Q16181	SEPTIN7	8.39116118305202	4.8423967401710605e-20	No	No
Q16186	ADRM1	4.34816672052906	0.0069943426927915	No	No
Q16204	CCDC6	5.34549035491882	1.54144014979827e-06	No	No
Q16363	LAMA4	9.05132601622687	9.38519927240993e-14	No	No
Q16401	PSMD5	9.20191141450632	3.78931044093978e-17	No	No
Q16512	PKN1	3.11562052347204	0.0035973021639476	No	No
Q16531	DDB1	10.0948252468692	6.760678686695441e-15	No	No
Q16537	PPP2R5E	3.29496892602942	0.0010317352853983	No	No
Q16539	MAPK14	8.54350405708617	1.69603715938511e-13	No	No
Q16543	CDC37	9.17725171211988	7.05190600079879e-24	No	No
Q16563	SYPL1	7.17003207034257	3.39742782004692e-10	No	No
Q16576	RBBP7	5.87057362217108	3.1871895495139e-09	No	No
Q16620	NTRK2	7.54285598452177	3.60761664495277e-14	No	No
Q16629	SRSF7	3.93974702525344	4.47963026969277e-05	No	No
Q16630	CPSF6	4.1783408442035	2.45252549029908e-06	No	No
Q16643	DBN1	9.02338630369688	6.610793558562251e-15	No	No
Q16698	DECR1	8.24235894928963	7.676223459739381e-09	No	No
Q16718	NDUFA5	5.26879599631242	1.69896463519824e-06	No	No
Q16740	CLPP	6.58838435392884	6.22513141440904e-06	No	No
Q16762	TST	7.51404689979389	1.06726471605394e-13	No	No
Q16787	LAMA3	3.81374051981253	0.0002588407232079	No	No
Q16790	CA9	9.47228371643865	1.3883782676362302e-17	No	No
Q16799	RTN1	7.78533218010317	2.73743565776939e-09	No	No
Q16820	MEP1B	6.21520319217788	5.61898681796546e-07	No	No
Q16832	DDR2	5.5962251463668	3.9897911460508e-07	No	No
Q16836	HADH	7.81434072804485	2.52346639913361e-09	No	No
Q16891	IMMT	8.32311528304056	1.00912615795678e-14	No	No
Q1KMD3	HNRNPUL2	4.77292668579738	3.47006787835454e-06	No	No
Q24JP5	TMEM132A	9.19382383729526	2.19279751289329e-14	No	No
Q27J81	INF2	9.02060957954572	7.69757528774939e-16	No	No
Q2TAL6	VWC2	6.55009140715876	2.48396805529655e-10	No	No
Q30154	HLA-DRB5	3.18333063838302	0.0002098653920831	No	No
Q32MZ4	LRRFIP1	10.3637784647054	8.546318998713441e-21	No	No
Q32P44	EML3	4.36910488200706	2.19611173886441e-05	No	No
Q3SXM5	HSDL1	4.04317397952695	0.0014033779642689	No	No
Q3YEC7	RABL6	7.6712817841907	1.0656512471621099e-11	No	No
Q3ZCQ8	TIMM50	7.00565293027959	1.72754843453645e-12	No	No
Q495W5	FUT11	6.58176319398445	9.83203661414769e-05	No	No
Q49AR2	C5orf22	2.83821141110822	0.001225836399098	No	No
Q4G0F5	VPS26B	7.26666021987292	2.77234204665167e-08	No	No
Q4G0N0	GGTA1	2.22997506483469	0.0080550083578418	No	No
Q4G0N4	NADK2	3.44002287161237	0.002593389992158	No	No
Q4G148	GXYLT1	3.93812008591163	0.0032267263691107	No	No
Q4KMP7	TBC1D10B	4.33413699546108	0.0011913764471703	No	No
Q4LDE5	SVEP1	4.75651485994024	2.82412733027173e-08	No	No
Q4V328	GRIPAP1	5.75304963203283	4.786768111588851e-09	No	No
Q504Y2	PKDCC	6.19896979704392	5.42819496776163e-10	No	No
Q53EL9	SEZ6	9.94879843120932	1.3299789966661101e-14	No	No
Q53FA7	TP53I3	4.6486115835072	0.0008021981458682	No	No
Q53HC9	EIPR1	4.4305406561311	2.30924631245769e-05	No	No
Q53RD9	FBLN7	3.37733582111631	0.0011940705376176	No	No
Q53T59	HS1BP3	8.35855295840158	1.2973694308887701e-14	No	No
Q562R1	ACTBL2	2.66797036561071	4.48157882417928e-08	No	No
Q5BJD5	TMEM41B	4.54711393864611	3.38073904312598e-05	No	No
Q5BLP8	C4orf48	5.10090172872572	3.93526443024567e-07	No	No
Q5H8C1	FREM1	4.77185109257819	7.40858243227406e-06	No	No
Q5H9R7	PPP6R3	2.13350370977829	0.0097555304621545	No	No
Q5JQS6	GCSAML	3.46959091793315	0.0005434510945296	No	No
Q5JRA6	MIA3	9.92932025138842	6.09023112624492e-13	No	No
Q5JRX3	PITRM1	5.35132124100811	4.74431009021263e-06	No	No
Q5JSH3	WDR44	9.84445761819377	5.02144196653111e-28	No	No
Q5JSL3	DOCK11	4.26786809382989	4.16845211860706e-05	No	No
Q5JTV8	TOR1AIP1	6.50381102641838	9.14497981062943e-07	No	No
Q5JU69	TOR2A	4.91500735082944	5.10988365384645e-06	No	No
Q5JWF2	GNAS	5.58694307329478	5.74668906428114e-07	No	No
Q5M775	SPECC1	4.18963763988858	0.0001677354198826	No	No
Q5RKV6	EXOSC6	7.21070730422783	1.18953774693389e-06	No	No
Q5SGD2	PPM1L	4.87706152448121	2.48719188861009e-06	No	No
Q5SQ64	LY6G6F	6.90730054809706	5.41588025231795e-13	No	No
Q5SW79	CEP170	3.73009577870917	0.0003387109615089	No	No
Q5SW96	LDLRAP1	3.09273307933902	0.0013861997176219	No	No
Q5SZK8	FREM2	11.9592524353245	2.33654509133825e-19	No	No
Q5T0F9	CC2D1B	4.51127375167632	7.07657521275227e-07	No	No
Q5T0N5	FNBP1L	6.28704079225325	1.39105916244841e-06	No	No
Q5T1M5	FKBP15	8.4051765909366	8.47760605597086e-12	No	No
Q5T2T1	MPP7	4.19474050190526	0.0052340204249657	No	No
Q5T447	HECTD3	6.125923888807	2.99458567732814e-06	No	No
Q5T4S7	UBR4	6.59905535524729	1.36573285104083e-09	No	No
Q5T5C0	STXBP5	5.72124964872344	8.34127161160499e-09	No	No
Q5TCZ1	SH3PXD2A	4.4489141911998	1.0145682417281e-05	No	No
Q5TDH0	DDI2	5.66808890946395	5.123632745734e-08	No	No
Q5TEC6	H3-2	3.9310686363903	6.4920871513861e-06	No	No
Q5UCC4	EMC10	3.96775138788295	0.0001645928100364	No	No
Q5VVQ6	YOD1	6.26858163073124	6.59889962668472e-08	No	No
Q5VZK9	CARMIL1	3.45953876412766	0.0003334694964802	No	No
Q63HQ2	EGFLAM	7.18133774275863	5.00024774124666e-10	No	No
Q641Q2	WASHC2A	5.28379739476184	4.31872491903058e-06	No	No
Q658P3	STEAP3	7.4534332007842	1.88471186642945e-08	No	No
Q684P5	RAP1GAP2	7.86564460449763	9.78631516712888e-13	No	No
Q68BL8	OLFML2B	7.04315351378713	8.37339672883164e-10	No	No
Q68D91	MBLAC2	5.46840944915236	7.4995620777779e-07	No	No
Q6DD88	ATL3	8.17672455395762	1.44285868336605e-13	No	No
Q6FI81	CIAPIN1	7.85090877524074	2.10191222742112e-07	No	No
Q6GMV2	SMYD5	9.16876707432501	2.84332988817505e-10	No	No
Q6IAA8	LAMTOR1	8.47572950508845	3.3962844805795704e-14	No	No
Q6IBS0	TWF2	7.31632655753974	9.63810855668902e-16	No	No
Q6IEE7	TMEM132E	6.79449821793158	3.6356444662438104e-09	No	No
Q6L8Q7	PDE12	3.32861028827254	0.0012082051651149	No	No
Q6NUK1	SLC25A24	4.3755509529494	2.98604700653425e-05	No	No
Q6NVY1	HIBCH	5.0860664313743	1.31537743339242e-06	No	No
Q6NZI2	CAVIN1	6.98003460967015	3.69706028234967e-07	No	No
Q6P1A2	LPCAT3	4.84955380659067	1.72382481432239e-07	No	No
Q6P1N0	CC2D1A	5.58799228921675	2.278205064369e-07	No	No
Q6P2E9	EDC4	6.17412736840808	2.69604168628452e-07	No	No
Q6P2Q9	PRPF8	5.33757881206156	4.64695299484082e-07	No	No
Q6P3W7	SCYL2	3.78937753656059	0.0001331151128962	No	No
Q6P4E1	GOLM2	3.12048293061362	0.0088823120510159	No	No
Q6P587	FAHD1	5.89232076456599	6.06138566724099e-08	No	No
Q6P988	NOTUM	3.42154678783142	0.0017001442961904	No	No
Q6P996	PDXDC1	4.76366048380412	2.52005399671299e-05	No	No
Q6PCB0	VWA1	9.2571748365833	4.44163310687769e-14	No	No
Q6PJW8	CNST	6.37738791994029	6.63379668368693e-06	No	No
Q6PKG0	LARP1	6.0885885232138	2.8132764798984103e-09	No	No
Q6PL24	TMED8	7.64199595268648	1.92382691570834e-08	No	No
Q6Q788	APOA5	2.20312493395039	0.004035581407124	No	No
Q6QNK2	ADGRD1	5.63255844197444	1.41587009979962e-06	No	No
Q6QNY1	BLOC1S2	3.5569509955981	0.0007808071717986	No	No
Q6UVK1	CSPG4	4.57572043979124	6.36071582015891e-07	No	No
Q6UW49	SPESP1	6.2116297914306	1.17579662611359e-08	No	No
Q6UWB1	IL27RA	5.26220105689544	3.70793038078897e-05	No	No
Q6UWD8	C16orf54	7.05026774259269	4.36357000346469e-10	No	No
Q6UWF9	FAM180A	5.32477891494183	2.99680886463757e-06	No	No
Q6UWL2	SUSD1	5.01759724055276	0.0006920458742572	No	No
Q6UWY5	OLFML1	8.15180095087711	9.76466892169257e-13	No	No
Q6UX71	PLXDC2	2.27672003947973	0.0013984835171734	No	No
Q6UXB8	PI16	3.60874234101754	0.0023057226790681	No	No
Q6UXC1	MAMDC4	8.48409269804369	4.90071803471354e-10	No	No
Q6UXH0	ANGPTL8	3.08732495726179	0.0043964688326256	No	No
Q6UXH1	CRELD2	8.39066365771052	1.27243915594143e-12	No	No
Q6UXH9	PAMR1	5.36682917526256	6.23973213256229e-05	No	No
Q6UXI9	NPNT	4.19378046209348	7.22979704369041e-05	No	No
Q6V0I7	FAT4	7.39693873164835	7.63260034389508e-09	No	No
Q6VY07	PACS1	6.17287828717334	2.01591783423429e-06	No	No
Q6WN34	CHRDL2	8.41704343091864	2.9221889630213904e-14	No	No
Q6WRI0	IGSF10	7.68743544256482	9.06253831247169e-13	No	No
Q6YN16	HSDL2	4.53585864387448	7.55651075326221e-05	No	No
Q6ZMI0	PPP1R21	6.26094167710028	5.02748029114315e-08	No	No
Q6ZNJ1	NBEAL2	6.331574552128	3.62228158114964e-06	No	No
Q6ZRP7	QSOX2	8.56219402934916	3.19811158011309e-14	No	No
Q6ZRV2	FAM83H	3.85493704269265	0.0057506490163028	No	No
Q6ZRY4	RBPMS2	4.44016955556321	0.0002342801539633	No	No
Q6ZSS7	MFSD6	3.8006120975219	9.84220826641714e-05	No	No
Q6ZU35	CRACD	4.80285527079646	2.36196127392467e-06	No	No
Q6ZUX7	LHFPL2	6.3575509960595	9.05091701061244e-11	No	No
Q6ZVM7	TOM1L2	5.73281887467209	4.58888560921782e-09	No	No
Q6ZWT7	MBOAT2	3.8898439781673	5.73014013144477e-05	No	No
Q709C8	VPS13C	5.6226769702903	0.0001307347949502	No	No
Q70J99	UNC13D	8.06352147609786	3.66371483619186e-08	No	No
Q712K3	UBE2R2	3.34104066582921	0.0011777331824304	No	No
Q7L1Q6	BZW1	6.99684871650658	3.3002635383187094e-11	No	No
Q7L1W4	LRRC8D	4.09497032718102	0.0055279124808614	No	No
Q7L2H7	EIF3M	6.44427255811979	1.58322871255809e-08	No	No
Q7L576	CYFIP1	8.40928116386725	2.12861562898415e-09	No	No
Q7L591	DOK3	6.79211820400277	2.38013957602919e-05	No	No
Q7L5D6	GET4	2.87345942284005	0.0052440026761517	No	No
Q7L5N1	COPS6	9.1174059871063	8.44441114353387e-16	No	No
Q7L7X3	TAOK1	5.22393271855497	4.67017981677738e-06	No	No
Q7L9L4;Q9H8S9	MOB1A;MOB1B	5.87953220670627	0.0001832306252431	No	No
Q7LDG7	RASGRP2	6.31929304749523	3.43600576545588e-05	No	No
Q7LFX5	CHST15	8.43784869796776	2.25900298651981e-12	No	No
Q7LGC8	CHST3	5.2634324907223	9.13314383253588e-06	No	No
Q7Z2W4	ZC3HAV1	6.3165453531836	3.4615905844835e-08	No	No
Q7Z304	MAMDC2	7.44112196518958	8.19688841533522e-11	No	No
Q7Z434	MAVS	8.3838007225873	2.1441899038671304e-09	No	No
Q7Z478	DHX29	3.24723408441724	0.0034325079029409	No	No
Q7Z4R8	C6orf120	8.94774979180939	2.89500792284798e-14	No	No
Q7Z5G4	GOLGA7	2.87535836200053	0.0030703501479459	No	No
Q7Z5L0	VMO1	2.53440667794499	0.0083254324767464	No	No
Q7Z5L7	PODN	7.76107151785185	8.121043977870379e-12	No	No
Q7Z6K5	ARPIN	4.26249840947663	2.85722681918371e-05	No	No
Q7Z6Z7	HUWE1	2.27390579376248	0.0062850750298162	No	No
Q7Z7E8	UBE2Q1	5.81681274834037	6.99272755686596e-08	No	No
Q7Z7H5	TMED4	6.07583475619112	3.02563401326154e-08	No	No
Q86SR1	GALNT10	5.68567659078904	5.65025939612197e-06	No	No
Q86T24	ZBTB33	2.44908583988044	0.0050423913494276	No	No
Q86TP1	PRUNE1	6.31108034281579	1.6088636400895e-09	No	No
Q86UE4	MTDH	7.86652497941331	2.7653724098465097e-12	No	No
Q86UP2	KTN1	7.74865304609797	1.8533843013229902e-09	No	No
Q86UT6	NLRX1	4.20928521927307	0.0021277727046919	No	No
Q86UX2	ITIH5	3.24888084593484	0.0025656940571808	No	No
Q86UX7	FERMT3	3.30465806087563	2.01716831496275e-06	No	No
Q86VR2	RETREG3	3.33296533969041	0.0029067595498444	No	No
Q86VS8	HOOK3	4.46351266926609	0.0003531174047671	No	No
Q86VU5	COMTD1	3.55138632721949	0.0007233133573358	No	No
Q86VZ4	LRP11	4.81772296995737	0.0002170261627106	No	No
Q86WC4	OSTM1	4.2363267800928	3.27931759190261e-06	No	No
Q86WR7	PROSER2	5.86560329395289	5.25425493785757e-10	No	No
Q86X10	RALGAPB	6.58643349551427	8.48388369598677e-08	No	No
Q86X55	CARM1	4.75377288240901	4.79669337331071e-05	No	No
Q86XP3	DDX42	5.11134303256381	1.89247097726717e-06	No	No
Q86XX4	FRAS1	9.7645673538247	2.8130563722357396e-11	No	No
Q86Y39	NDUFA11	4.94713916386407	0.0001125048653987	No	No
Q86Y82	STX12	6.3018652235033	1.5670810108025e-09	No	No
Q86YB7	ECHDC2	4.4718518449422	8.60758716173421e-05	No	No
Q86YW5	TREML1	7.61887062819687	3.9987368669993403e-10	No	No
Q8IUE6	H2AC21	3.90670294683761	1.5054262481821e-05	No	No
Q8IUI8	CRLF3	7.40024787053934	3.11928245384429e-08	No	No
Q8IUK5	PLXDC1	5.57179470879827	1.48401360284388e-07	No	No
Q8IUK8	CBLN2	8.50446995437904	4.86870218454975e-13	No	No
Q8IUR0	TRAPPC5	4.94945711998977	1.806279732546e-06	No	No
Q8IUX7	AEBP1	5.13040164110474	4.00102352740619e-06	No	No
Q8IV08	PLD3	3.98390731344642	0.0005268504762814	No	No
Q8IVB4	SLC9A9	5.45705757169636	2.54036569325464e-05	No	No
Q8IWA5	SLC44A2	7.38546639323544	1.08198873932197e-06	No	No
Q8IWE2	FAM114A1	5.63431977515885	1.55091631776986e-06	No	No
Q8IWK6	ADGRA3	3.08780747454784	0.0052302488864175	No	No
Q8IWT0	ZBTB8OS	4.27780472328412	1.17546988146858e-05	No	No
Q8IX12	CCAR1	5.57711406713092	5.18094096231808e-08	No	No
Q8IXI1	RHOT2	4.07506034526545	0.000785433219858	No	No
Q8IXJ6	SIRT2	6.17282937894312	6.62814392014122e-07	No	No
Q8IY22	CMIP	5.50734327316721	1.45354419774079e-08	No	No
Q8IY81	FTSJ3	4.05668893533338	1.01746006002426e-05	No	No
Q8IYB7	DIS3L2	3.70294679921905	0.0015190371247571	No	No
Q8IYD1	GSPT2	7.78268290013608	2.81672807117285e-13	No	No
Q8IYI6	EXOC8	4.55470905329833	5.92986026363608e-05	No	No
Q8IZ07	ANKRD13A	5.74589228260665	2.69640328758946e-08	No	No
Q8IZ52	CHPF	4.35025069295182	0.0006428847851965	No	No
Q8IZF2	ADGRF5	3.73119697160799	0.0057663510184963	No	No
Q8IZH2	XRN1	3.59199448512544	0.0057526758634137	No	No
Q8IZP0	ABI1	8.7694089311118	2.7869739578336296e-11	No	No
Q8IZP7	HS6ST3	7.28297981817483	8.221546282221619e-11	No	No
Q8IZP9	ADGRG2	4.41837030721941	7.22239728468469e-05	No	No
Q8N128	FAM177A1	2.73840097415489	0.0073989735601774	No	No
Q8N129	CNPY4	4.90969416253997	7.71065775057472e-06	No	No
Q8N163	CCAR2	6.17502429231602	4.601502404967371e-09	No	No
Q8N183	NDUFAF2	2.93391725756282	0.0096710546602739	No	No
Q8N1F7	NUP93	4.33420121061379	0.0014831543755191	No	No
Q8N1G4	LRRC47	4.98176201177292	1.79697990048687e-05	No	No
Q8N257	H2BU1	4.96428966723528	2.3504458408833e-06	No	No
Q8N2Q7	NLGN1	7.79734083707659	2.9215603909255802e-09	No	No
Q8N2S1	LTBP4	4.37134238668345	0.001004682375208	No	No
Q8N307	MUC20	8.33247964646738	5.7501903854079604e-09	No	No
Q8N335	GPD1L	3.2855959752462	0.0003647325733599	No	No
Q8N3D4	EHBP1L1	6.36351952707525	5.190482525275721e-09	No	No
Q8N3J6	CADM2	3.44845596879899	0.000725874052408	No	No
Q8N3T1	GALNT15	11.0027690034087	2.39362101852618e-17	No	No
Q8N3T6	TMEM132C	3.0021906611934	0.0039530840898393	No	No
Q8N3X1	FNBP4	9.05958889627657	1.070642055441e-15	No	No
Q8N436	CPXM2	6.49745790320041	3.62005269366224e-10	No	No
Q8N4Q1	CHCHD4	4.91943981478784	9.15609486572818e-06	No	No
Q8N573	OXR1	5.63899662806928	1.06784035025417e-07	No	No
Q8N5I2	ARRDC1	4.08017901171963	6.41769129451497e-05	No	No
Q8N5J2	MINDY1	5.89083903392113	3.19600351004416e-06	No	No
Q8N5K1	CISD2	6.85692205601772	6.79479897768723e-08	No	No
Q8N5R6	CCDC33	5.28182446390705	7.82285505980556e-07	No	No
Q8N684	CPSF7	9.22847299823974	1.02981804777895e-07	No	No
Q8N699	MYCT1	8.00379566634864	5.79572678996907e-09	No	No
Q8N6H7	ARFGAP2	4.45614226820456	4.84785798545482e-05	No	No
Q8N6T3	ARFGAP1	6.14958010959898	1.85069057126148e-07	No	No
Q8N7H5	PAF1	9.63894699657045	1.23147896423131e-16	No	No
Q8N8Y2	ATP6V0D2	4.35318989844719	2.35149669088142e-06	No	No
Q8N9N7	LRRC57	6.84639714902293	4.29165124698953e-08	No	No
Q8N9U0	TC2N	4.33688874036667	2.3044685770513e-06	No	No
Q8NBF6	AVL9	2.96458061190934	0.0031640219786064	No	No
Q8NBI5	SLC43A3	4.89483455052022	3.34382224491017e-07	No	No
Q8NBJ4	GOLM1	3.86855722798949	0.0006573385961384	No	No
Q8NBJ7	SUMF2	4.41431086035182	0.0003102136159661	No	No
Q8NBM8	PCYOX1L	6.58472788905753	3.67695657457256e-06	No	No
Q8NBP7	PCSK9	4.79724502543671	2.7002707477838997e-12	No	No
Q8NBS9	TXNDC5	3.07893258568949	0.0004633013495405	No	No
Q8NBX0	SCCPDH	6.65341486022951	8.27222388291015e-12	No	No
Q8NBZ7	UXS1	6.48576945973537	1.61826186534405e-08	No	No
Q8NC51	SERBP1	8.44671466819324	1.7549016622487601e-09	No	No
Q8NCW5	NAXE	2.79430702134438	0.0056588098382631	No	No
Q8ND76	CCNY	4.24471223897372	1.43473617459589e-06	No	No
Q8NDA2	HMCN2	5.5196553284256	4.69879582504665e-06	No	No
Q8NDH3	NPEPL1	7.66438554084043	1.10512713346577e-10	No	No
Q8NE71	ABCF1	5.67450154406492	1.50806352413941e-06	No	No
Q8NE86	MCU	5.62770277753046	1.46643106009097e-05	No	No
Q8NES3	LFNG	3.24271537631761	0.0025694157285902	No	No
Q8NEU8	APPL2	7.15409640649049	1.6549606070695e-06	No	No
Q8NEW0	SLC30A7	4.08220700786264	3.05594710334936e-05	No	No
Q8NEX9	SDR9C7	2.81658992718429	0.0065882544009326	No	No
Q8NF50	DOCK8	3.5455533641963	0.00039644647806	No	No
Q8NFH8	REPS2	4.71331118592366	1.14217865898869e-06	No	No
Q8NFL0	B3GNT7	3.17809821134483	0.0057195513477281	No	No
Q8NFQ8	TOR1AIP2	4.90088838674087	7.92270606389459e-06	No	No
Q8NFV4	ABHD11	7.56710787851334	3.31704821305575e-07	No	No
Q8NFZ4	NLGN2	5.31784142274694	5.53165173601525e-07	No	No
Q8NG06	TRIM58	6.76513971291989	2.17841164942744e-12	No	No
Q8NG11	TSPAN14	6.56516205527513	1.62756309120893e-09	No	No
Q8NI99	ANGPTL6	3.84278002499719	1.10528626178562e-07	No	No
Q8TAB3	PCDH19	5.97003191903341	2.39924538418474e-08	No	No
Q8TAQ2	SMARCC2	11.0637533407027	1.94221098666431e-13	No	No
Q8TB96	ITFG1	6.90982405704408	3.3427654256233904e-09	No	No
Q8TBC4	UBA3	6.77292384331446	5.0865111781943496e-12	No	No
Q8TBF2	PRXL2B	2.8496177470569	0.0065392421263269	No	No
Q8TBP5	FAM174A	3.43128138412037	0.000293310418375	No	No
Q8TBX8	PIP4K2C	3.88465912142279	0.0024093241887639	No	No
Q8TC07	TBC1D15	5.96516925869299	1.04915933616645e-05	No	No
Q8TC12	RDH11	8.00813637173275	7.237296450970379e-11	No	No
Q8TCD5	NT5C	3.90937903478289	0.0003093730362181	No	No
Q8TCJ2	STT3B	4.37232263441801	4.40046853866417e-05	No	No
Q8TCT9	HM13	6.19776299205521	1.92262479513756e-07	No	No
Q8TCZ2	CD99L2	5.04572068202747	2.17438126764658e-06	No	No
Q8TD06	AGR3	8.98330852722162	1.32475870612005e-06	No	No
Q8TD19	NEK9	8.27889808188634	4.4090689471285406e-09	No	No
Q8TD43	TRPM4	5.39625314225334	9.3625069899825e-06	No	No
Q8TD55	PLEKHO2	8.13695293515057	4.04611101917209e-13	No	No
Q8TDW7	FAT3	3.08805675932319	0.0096864158977487	No	No
Q8TDX7	NEK7	3.87911090680253	0.0006800507288198	No	No
Q8TDY2	RB1CC1	5.9790935711303	1.03234970904266e-06	No	No
Q8TDZ2	MICAL1	3.49265107985662	0.001364122562659	No	No
Q8TE77	SSH3	3.92115039115544	0.0003161657096858	No	No
Q8TEA8	DTD1	5.3029212441335	6.11893755542583e-07	No	No
Q8TEU8	WFIKKN2	5.81463674219815	3.81670203952053e-05	No	No
Q8TEW0	PARD3	4.39576411141727	0.0003369147452459	No	No
Q8TF42	UBASH3B	6.64085151752429	1.36810209993512e-08	No	No
Q8TF64	GIPC3	3.55198826297428	0.0001767166515029	No	No
Q8WUJ3	CEMIP	7.13529272771066	5.74368678556403e-05	No	No
Q8WUM4	PDCD6IP	5.5872327030748	3.2017238347732e-08	No	No
Q8WUT4	LRRN4	4.45927564716864	0.0004348356786873	No	No
Q8WUW1	BRK1	6.72147503524808	2.17807554197598e-10	No	No
Q8WUY1	THEM6	2.82063968038156	0.0065558011536035	No	No
Q8WVC0	LEO1	9.34401217392308	4.44688876491874e-13	No	No
Q8WVJ2	NUDCD2	4.68993175368285	0.0001855876604381	No	No
Q8WVM8	SCFD1	6.26202624383662	6.21467664223385e-07	No	No
Q8WVN6	SECTM1	3.37521801161531	0.0014935581209402	No	No
Q8WW12	PCNP	3.52096255687989	0.0016036331809707	No	No
Q8WWA0	ITLN1	1.88206834641938	0.0033094226263769	No	No
Q8WWA1	TMEM40	6.42801770094378	0.0001442546287515	No	No
Q8WWI5	SLC44A1	8.29862759852431	2.32925146701978e-13	No	No
Q8WWM7	ATXN2L	6.01848899427397	4.67889468088132e-06	No	No
Q8WWQ8	STAB2	4.50491950334658	0.0021167527390873	No	No
Q8WWV6	FCAMR	4.06841366892134	0.0001482161444366	No	No
Q8WWZ8	OIT3	1.53782761651943	0.0055674407279238	No	No
Q8WXF7	ATL1	5.61929045291338	3.67497810477402e-06	No	No
Q8WXG6	MADD	3.33247101249514	1.36361535559716e-05	No	No
Q8WYN0	ATG4A	6.36504637649633	3.98318272454479e-09	No	No
Q8WZ42	TTN	3.21369307806375	0.002235852178815	No	No
Q8WZA0	LZIC	7.53290283999223	3.76956847025576e-13	No	No
Q8WZA9	IRGQ	4.69625544777698	3.19062380246041e-06	No	No
Q92187	ST8SIA4	10.1244514754422	1.6186793000190802e-19	No	No
Q92499	DDX1	4.49040025333608	1.26483566272044e-07	No	No
Q92504	SLC39A7	3.72414127339164	0.0002527416782625	No	No
Q92522	H1-10	4.78650297053934	7.30399223573499e-06	No	No
Q92530	PSMF1	7.36102844808689	8.24504440018627e-09	No	No
Q92538	GBF1	5.0609690935718	1.32179765727302e-07	No	No
Q92539	LPIN2	6.36243842309292	9.96462278553577e-09	No	No
Q92542	NCSTN	3.53908595724887	0.0021459306450271	No	No
Q92544	TM9SF4	4.22418398195029	6.3875195355754e-05	No	No
Q92552	MRPS27	2.95046825960895	0.0063087136417496	No	No
Q92556	ELMO1	5.27446836763736	0.0001001348618879	No	No
Q92572	AP3S1	3.13133969141737	0.0004977055869599	No	No
Q92575	UBXN4	6.24391773611917	1.89103174926655e-08	No	No
Q92597	NDRG1	8.1539511891965	7.56044270182517e-08	No	No
Q92598	HSPH1	6.94978617414581	3.12103525365018e-09	No	No
Q92614	MYO18A	4.0710910263392	0.0001476590760937	No	No
Q92615	LARP4B	3.53305872576998	0.0007503208176848	No	No
Q92616	GCN1	6.07874607516016	4.6916926500724e-08	No	No
Q92619	ARHGAP45	9.2437270564016	5.38503157639713e-18	No	No
Q92625	ANKS1A	3.44795778102938	0.0003513241995904	No	No
Q92673	SORL1	10.8573104734324	2.5764354051430597e-12	No	No
Q92688	ANP32B	10.1731645509418	2.50956250094344e-17	No	No
Q92696	RABGGTA	4.77810832434779	4.73345754300722e-05	No	No
Q92734	TFG	4.16256044378753	1.81558984432433e-05	No	No
Q92747	ARPC1A	4.37072721404759	7.02298435459049e-05	No	No
Q92752	TNR	8.25966998574182	8.74834549947111e-06	No	No
Q92785	DPF2	3.34122613441967	9.18620142878159e-05	No	No
Q92824	PCSK5	9.03261599585116	3.85740116837711e-09	No	No
Q92841	DDX17	4.40068368432698	4.3518738194204e-05	No	No
Q92882	OSTF1	8.00114881276921	1.32773823410489e-12	No	No
Q92896	GLG1	4.43067072014572	0.0004818839628337	No	No
Q92900	UPF1	4.61661926649286	3.03671985113781e-05	No	No
Q92905	COPS5	9.23087672483533	9.22134617121836e-15	No	No
Q92922	SMARCC1	4.50801112030416	5.37271280590849e-07	No	No
Q92925	SMARCD2	5.66387100330985	1.37889036540785e-05	No	No
Q92930	RAB8B	6.71094900515418	2.28625270266677e-05	No	No
Q92934	BAD	5.9426035575733	1.74882930012988e-07	No	No
Q92973	TNPO1	7.08424336822714	4.9463376326436e-07	No	No
Q92974	ARHGEF2	7.44843988104074	2.8026894871368598e-12	No	No
Q92989	CLP1	3.2986709498101	0.0002757797958835	No	No
Q93008	USP9X	4.98860537664583	0.0018788971902122	No	No
Q93009	USP7	7.56187024069252	1.92212245686694e-11	No	No
Q93034	CUL5	4.46896354138539	0.0001267720745334	No	No
Q93050	ATP6V0A1	6.38555109281106	1.7310692483551802e-09	No	No
Q93052	LPP	5.29955446430788	0.0002165800383315	No	No
Q969G3	SMARCE1	5.70922756338867	1.38457805801046e-06	No	No
Q969H8	MYDGF	7.0409318234782	1.6910439985153e-08	No	No
Q969J3	BORCS5	7.0596675557451	2.84717179514024e-10	No	No
Q969P0	IGSF8	3.48128524932908	0.0003238163139011	No	No
Q969Q0	RPL36AL	4.96528614402013	2.89742591929074e-06	No	No
Q969U7	PSMG2	2.58133470392441	0.0084532001595823	No	No
Q969X0	RILPL2	5.6854200403992	1.32124549752704e-07	No	No
Q969X1	TMBIM1	5.0097718581216	2.47639839984578e-06	No	No
Q969X5	ERGIC1	4.03976704347769	0.000104332358061	No	No
Q96A26	FAM162A	7.48840970925233	1.57476428434108e-13	No	No
Q96A32	MYLPF	4.67275829659426	2.34893449690202e-06	No	No
Q96A33	CCDC47	5.07566967546787	3.20866260790158e-06	No	No
Q96A49	SYAP1	6.24660499694183	8.0564086432337e-09	No	No
Q96A65	EXOC4	4.39177798703163	0.0001402097485132	No	No
Q96AC1	FERMT2	3.18971140823626	0.0068383031498562	No	No
Q96AE4	FUBP1	11.5679918027688	7.72679169450903e-08	No	No
Q96AG4	LRRC59	8.66000077163989	1.44394046841992e-10	No	No
Q96AP7	ESAM	3.51920493182876	0.0009278391013743	No	No
Q96AX2	RAB37	5.34132185162481	3.80009953807104e-09	No	No
Q96B45	BORCS7	6.88859453447412	2.9777773119388203e-10	No	No
Q96BS2	TESC	4.91217196553083	1.79207607749212e-07	No	No
Q96C19	EFHD2	6.61679602815818	3.5211322105660103e-09	No	No
Q96C24	SYTL4	6.25097106307155	1.55464682481433e-06	No	No
Q96C86	DCPS	4.70969963053424	6.32958724908411e-06	No	No
Q96CW1	AP2M1	6.65837730124806	2.02252762978989e-05	No	No
Q96D15	RCN3	8.31935269589451	9.66315813868563e-12	No	No
Q96DA0	ZG16B	4.72503682397734	4.22640050634273e-06	No	No
Q96DR8	MUCL1	4.2522045959197	8.06638433004129e-06	No	No
Q96DZ1	ERLEC1	5.39879238388938	1.58297290075893e-06	No	No
Q96DZ9	CMTM5	9.55996273671754	5.8839326341478e-17	No	No
Q96EK6	GNPNAT1	3.69340768904276	0.0005402218307412	No	No
Q96EP5	DAZAP1	5.98230777623258	1.51364501345072e-07	No	No
Q96EY8	MMAB	5.32637727602357	7.42858148940782e-06	No	No
Q96FK6	WDR89	7.21892806042107	9.18571787467192e-08	No	No
Q96FQ6	S100A16	3.85452411228587	0.0005600733115409	No	No
Q96FW1	OTUB1	7.27793573064451	1.34735212014438e-10	No	No
Q96FX8	PERP	7.19419244294501	1.1643917751367599e-11	No	No
Q96FZ7	CHMP6	6.47092593564154	2.35801783954642e-07	No	No
Q96G03	PGM2	4.33717451293961	0.0003010572967303	No	No
Q96G23	CERS2	6.76197201835222	1.14464286740829e-08	No	No
Q96GG9	DCUN1D1	3.73012997659042	0.0020194144530448	No	No
Q96GK7	FAHD2A	2.51517279807449	0.0071546614575247	No	No
Q96GS4	BORCS6	6.35862420211959	1.94923740831905e-10	No	No
Q96GW7	BCAN	5.96666327145656	1.3758629181112e-06	No	No
Q96H20	SNF8	3.98065965586836	0.0003309674842803	No	No
Q96H79	ZC3HAV1L	3.44790163202042	0.0080443119278442	No	No
Q96HC4	PDLIM5	7.76301261991004	9.595076290932961e-09	No	No
Q96HD1	CRELD1	6.50898364349418	1.4865477689508e-08	No	No
Q96HE7	ERO1A	6.90509657288786	3.89740084327655e-08	No	No
Q96HN2	AHCYL2	6.39567242322417	4.34397093436451e-10	No	No
Q96HP0	DOCK6	2.95324867120524	0.0022720625638499	No	No
Q96HR9	REEP6	4.22888874853161	0.0009045356625082	No	No
Q96HS1	PGAM5	6.63687303779367	1.08615031726031e-06	No	No
Q96HY6	DDRGK1	4.76158047419756	0.0009188927608094	No	No
Q96I24	FUBP3	3.07212395413793	0.0052206381575811	No	No
Q96I99	SUCLG2	5.9162761214778	1.94341370685815e-06	No	No
Q96IJ6	GMPPA	3.91251249894892	0.0003295083646766	No	No
Q96IU4	ABHD14B	2.79935571150596	0.0090051387186973	No	No
Q96IX5	ATP5MK	7.61114941878415	5.55622888472096e-13	No	No
Q96J02	ITCH	3.85477551313675	0.0004621068870258	No	No
Q96J42	TXNDC15	6.94631664954789	2.04744187697617e-07	No	No
Q96JB5	CDK5RAP3	4.80363435546497	4.26478092837393e-07	No	No
Q96JJ7	TMX3	5.82248454927647	6.57695771008306e-07	No	No
Q96JP9	CDHR1	4.27610186206048	1.20092218040914e-05	No	No
Q96JQ0	DCHS1	10.0269261082391	4.2973499121311296e-12	No	No
Q96K17	BTF3L4	8.31006053087066	1.29815579484794e-13	No	No
Q96K21	ZFYVE19	3.93009337045112	0.0001233770558118	No	No
Q96K76	USP47	7.1949264667927	3.1604591467639095e-11	No	No
Q96KG9	SCYL1	5.70028028142134	6.39946505901509e-05	No	No
Q96KP4	CNDP2	4.89569681080604	7.58699887856134e-06	No	No
Q96KR1	ZFR	9.31850657933611	2.1809697836853e-14	No	No
Q96L58	B3GALT6	8.85983426308948	7.80798388559872e-10	No	No
Q96LA6	FCRL1	4.10911219283886	0.0005960001949824	No	No
Q96M27	PRRC1	8.53069098275442	2.35594153275548e-12	No	No
Q96MK3	FAM20A	4.5876260826354	3.89204572081598e-05	No	No
Q96MW1	CCDC43	5.24599274933576	2.37164472324075e-06	No	No
Q96MY1	NOL4L	9.20796741225175	7.95154284024139e-14	No	No
Q96N66	MBOAT7	2.87724072281971	0.0052731308143445	No	No
Q96NA2	RILP	5.75051786831104	4.94618361922812e-07	No	No
Q96P48	ARAP1	6.22422532461343	8.25064249153039e-07	No	No
Q96P70	IPO9	3.8718214116626	0.000239063457911	No	No
Q96PC5	MIA2	4.11977319455974	0.0001148589457676	No	No
Q96PL1	SCGB3A2	4.04563576954109	0.0059773965337264	No	No
Q96PX8	SLITRK1	7.46833060043812	3.80057245474838e-10	No	No
Q96QA5	GSDMA	4.74382203057326	0.0007102352351107	No	No
Q96QK1	VPS35	7.91037914863108	6.8263029013009705e-15	No	No
Q96QR8	PURB	7.49845594518678	5.31969306615441e-13	No	No
Q96RF0	SNX18	5.15682011403328	2.22761044717936e-06	No	No
Q96RI0	F2RL3	4.66190298439424	0.0002857076407365	No	No
Q96RP7	GAL3ST4	3.30303109607659	0.0017780515911621	No	No
Q96RP9	GFM1	2.75717634720231	0.009583096161661	No	No
Q96RQ3	MCCC1	3.83351723985227	4.56841251422586e-05	No	No
Q96RS6	NUDCD1	5.27364932142688	2.56018380670831e-06	No	No
Q96RT1	ERBIN	8.16245662525203	7.40600889936565e-07	No	No
Q96S86	HAPLN3	5.42866511552436	3.51702527550965e-06	No	No
Q96S99	PLEKHF1	7.4300653050276	6.55165759536941e-12	No	No
Q96SB3	PPP1R9B	7.00433140742092	1.55714248756638e-11	No	No
Q96SI9	STRBP	9.22350100634405	7.54215408383371e-17	No	No
Q96SL4	GPX7	4.40978886227305	2.70091896657889e-05	No	No
Q96ST2	IWS1	5.19157949794213	1.93436386188995e-07	No	No
Q96SW2	CRBN	5.12319881465494	5.57778144100921e-07	No	No
Q96T51	RUFY1	4.59971783876967	3.0041198308841e-07	No	No
Q96TA1	NIBAN2	5.54480286987553	1.39970136710291e-05	No	No
Q96TC7	RMDN3	8.0580828105727	1.91242850895084e-13	No	No
Q99417	MYCBP	8.6861945516205	7.197882097007571e-17	No	No
Q99426	TBCB	6.89748120849014	1.33216896338692e-06	No	No
Q99435	NELL2	2.51074306825079	0.0090855557431537	No	No
Q99442	SEC62	6.85244849723018	2.05887522424798e-07	No	No
Q99447	PCYT2	4.22445203941883	9.14041859835955e-05	No	No
Q99460	PSMD1	9.20190977947796	1.55298131789969e-16	No	No
Q99471	PFDN5	7.7027053938699	1.2379546707999601e-09	No	No
Q99519	NEU1	4.23590154056239	0.0056926959609281	No	No
Q99523	SORT1	3.7131044643766	3.7543314298261e-05	No	No
Q99536	VAT1	3.09605750753897	0.0010275295974883	No	No
Q99538	LGMN	2.98365888408578	0.0020406364241434	No	No
Q99542	MMP19	6.87558450292014	1.0695138652193e-07	No	No
Q99574	SERPINI1	9.89334059544328	1.4821451715809202e-15	No	No
Q99598	TSNAX	8.31864799156897	1.6312655455621799e-12	No	No
Q99614	TTC1	6.24313755627713	1.40644159753164e-08	No	No
Q99623	PHB2	8.96345808097218	1.9471373103377e-09	No	No
Q99627	COPS8	8.36238767454188	2.7894959179437e-13	No	No
Q99653	CHP1	5.25910340789454	3.02015124154279e-06	No	No
Q99674	CGREF1	4.563636223046	3.0243786142231e-07	No	No
Q99685	MGLL	6.89762665547634	6.48532573682664e-07	No	No
Q99698	LYST	5.0403854191425	8.75765663801383e-06	No	No
Q99714	HSD17B10	8.87033610700276	8.25114313009659e-15	No	No
Q99715	COL12A1	4.58878874349756	0.0002261544471696	No	No
Q99719	SEPTIN5	5.47211268934047	8.50497213107019e-08	No	No
Q99729	HNRNPAB	5.15671900838243	2.58217655184239e-06	No	No
Q99733	NAP1L4	9.66488038917756	9.91671169788886e-13	No	No
Q99747	NAPG	6.14750995083137	1.3735140195852e-10	No	No
Q99766	DMAC2L	4.1722408069489	3.62029290777755e-05	No	No
Q99805	TM9SF2	4.57191935470417	0.0001162757792067	No	No
Q99808	SLC29A1	3.83557368031032	5.57671099155669e-05	No	No
Q99816	TSG101	6.59924067754395	5.94431966574247e-08	No	No
Q99828	CIB1	4.09130016598007	3.88408087322732e-05	No	No
Q99829	CPNE1	7.08979209861426	4.9348107242378e-11	No	No
Q99832	CCT7	9.86467410369231	2.66521192634356e-10	No	No
Q99873	PRMT1	8.27253393374362	6.54430298881861e-08	No	No
Q99895	CTRC	7.05413586199593	2.7760396921007298e-11	No	No
Q99943	AGPAT1	3.25327809704434	0.0010339521447618	No	No
Q99952	PTPN18	5.33554980521847	7.72227915246518e-06	No	No
Q99961	SH3GL1	6.75498699577051	5.504794196956401e-10	No	No
Q99983	OMD	7.22324077941902	6.65309176085613e-13	No	No
Q9BPW8	NIPSNAP1	3.93853169940211	0.0008813448582151	No	No
Q9BPX5	ARPC5L	4.27126604737559	0.0003135108597142	No	No
Q9BPX7	C7orf25	3.44628131224572	0.0004468154574319	No	No
Q9BQA1	WDR77	7.10401262015636	7.47735148454652e-10	No	No
Q9BQA9	CYBC1	3.8196269982942	0.0036705790106627	No	No
Q9BQD3	KXD1	3.88295230310482	0.000203512015075	No	No
Q9BQE3	TUBA1C	5.03472976979855	1.88241185223826e-07	No	No
Q9BQS7	HEPH	7.77534739796381	3.7805096217678295e-12	No	No
Q9BQT9	CLSTN3	3.29396892792432	0.0009584853664996	No	No
Q9BR76	CORO1B	9.29949605718466	1.15367794525263e-16	No	No
Q9BRG1	VPS25	4.23929663532494	1.75322324866659e-06	No	No
Q9BRK5	SDF4	4.22529500141062	0.001839430561677	No	No
Q9BRP8	PYM1	7.21272598521005	3.77310806062136e-08	No	No
Q9BRX2	PELO	2.88890661158282	0.0068102649305814	No	No
Q9BS26	ERP44	5.51902284973813	5.81141759539228e-07	No	No
Q9BS40	LXN	4.59677116941217	6.46245891995091e-05	No	No
Q9BSF0	C2orf88	7.01314046658599	7.46870888245145e-12	No	No
Q9BSH5	HDHD3	4.1391780861525	1.09261275849143e-05	No	No
Q9BSJ8	ESYT1	9.25125286704247	8.78174733084794e-19	No	No
Q9BSL1	UBAC1	8.33648180763805	2.63629576586056e-11	No	No
Q9BSQ5	CCM2	4.16126842148827	4.81143505096619e-05	No	No
Q9BT78	COPS4	4.89929667239235	2.27544305955573e-06	No	No
Q9BTV4	TMEM43	5.89418814504937	4.8404619879863e-07	No	No
Q9BUF5	TUBB6	5.42520255554155	9.327444396604421e-09	No	No
Q9BUJ2	HNRNPUL1	3.29385636287958	0.0010482145410758	No	No
Q9BUL8	PDCD10	8.9119200532432	8.37303950332815e-12	No	No
Q9BUP0	EFHD1	7.00523015382675	4.4240183886680203e-10	No	No
Q9BUP3	HTATIP2	4.80293629557324	1.27791627595179e-05	No	No
Q9BV40	VAMP8	7.37009967799828	5.79967106058829e-07	No	No
Q9BVC6	TMEM109	7.93912899862137	3.35037512352722e-11	No	No
Q9BVG4	PBDC1	5.48248269394745	5.37150059163264e-07	No	No
Q9BVK6	TMED9	7.51948062014867	2.9076641862873503e-10	No	No
Q9BWF3	RBM4	6.02000499046162	6.78341146237019e-06	No	No
Q9BWM7	SFXN3	5.03038986838802	0.000419127129811	No	No
Q9BWP8	COLEC11	4.81214508639055	2.59777866001807e-16	No	No
Q9BX10	GTPBP2	5.51942294407025	5.32965708518685e-06	No	No
Q9BX59	TAPBPL	2.81627715256553	0.0025515724022273	No	No
Q9BX68	HINT2	6.6545675438905	7.64175342009034e-12	No	No
Q9BX93	PLA2G12B	4.0805290704935	9.22975426146865e-05	No	No
Q9BXB4	OSBPL11	3.44396715191763	0.0021278262975406	No	No
Q9BXJ2	C1QTNF7	4.07972828767284	0.0001348298007855	No	No
Q9BXJ9	NAA15	3.10867901813117	0.0071015747297162	No	No
Q9BXK5	BCL2L13	9.50445594171534	7.20793418825063e-16	No	No
Q9BXN1	ASPN	4.89215967006936	0.0001952458450221	No	No
Q9BXP8	PAPPA2	6.48874526988287	1.67016183830066e-10	No	No
Q9BXS4	TMEM59	5.91448394588523	2.5269784899751e-06	No	No
Q9BXS5	AP1M1	8.92908503489348	2.08675355826523e-15	No	No
Q9BXV9	GON7	4.10444730151729	1.74065955710054e-05	No	No
Q9BXX0	EMILIN2	5.69589648852754	3.38801962639838e-07	No	No
Q9BY32	ITPA	6.10473639173831	2.81048432939433e-07	No	No
Q9BY43	CHMP4A	8.50327875769489	1.56889764644298e-16	No	No
Q9BY76	ANGPTL4	4.1747935061205	0.0006790177783823	No	No
Q9BYF1	ACE2	4.44664852688352	5.43631858322849e-05	No	No
Q9BYH1	SEZ6L	9.80887286853369	8.31922794244629e-19	No	No
Q9BYX7	POTEKP	2.88575882704082	0.0056483141956226	No	No
Q9BZ67	FRMD8	3.27096834919613	0.0015884628760884	No	No
Q9BZE1	MRPL37	3.13621686543446	0.0018693748781791	No	No
Q9BZF1	OSBPL8	5.68466061636438	2.93522777691291e-08	No	No
Q9BZK7	TBL1XR1	5.02844558048357	2.67857984124936e-07	No	No
Q9BZL4	PPP1R12C	2.80819748976452	0.0091795510576299	No	No
Q9BZQ8	NIBAN1	6.02216290057707	7.13738548057136e-05	No	No
Q9BZZ5	API5	12.9163233297562	1.2419588933977399e-16	No	No
Q9C005	DPY30	4.60216608618611	1.04272423929325e-05	No	No
Q9C037	TRIM4	5.83815804769176	3.59639292335903e-06	No	No
Q9C040	TRIM2	6.2506266533315	6.1317282756419e-10	No	No
Q9C0B1	FTO	10.367810941527	1.5382441659740302e-15	No	No
Q9C0C2	TNKS1BP1	5.58513241392511	2.31405869556102e-06	No	No
Q9C0C9	UBE2O	9.19658100466244	6.94875494667295e-10	No	No
Q9C0E8	LNPK	4.97769193156847	3.75198888232729e-08	No	No
Q9C0F1	CEP44	2.81077612987347	0.0047991384265476	No	No
Q9C0H2	TTYH3	6.59498618584699	1.3653449595056399e-12	No	No
Q9GZM7	TINAGL1	9.01367238797143	1.32806297254691e-13	No	No
Q9GZN8	C20orf27	4.39642166781702	5.20150155821787e-06	No	No
Q9GZP0	PDGFD	4.7752393114036	3.54925440774168e-06	No	No
Q9GZP4	PITHD1	8.60288941557411	5.47649000677808e-14	No	No
Q9GZT3	SLIRP	7.10968462305941	6.218254665060461e-09	No	No
Q9GZZ9	UBA5	6.07546970707591	2.13414714864293e-07	No	No
Q9H074	PAIP1	6.62038427554871	1.00493414977558e-08	No	No
Q9H0D6	XRN2	4.81329984884716	3.10540172091491e-07	No	No
Q9H0E2	TOLLIP	7.2447600434879	1.6468196459953102e-14	No	No
Q9H0N0	RAB6C	6.68276079306216	6.41527472322261e-10	No	No
Q9H0P0	NT5C3A	5.62216969923036	0.0003146649417753	No	No
Q9H0R4	HDHD2	9.13304610381291	2.7557536198975803e-09	No	No
Q9H0U4	RAB1B	9.55398197989809	2.6660665042271702e-20	No	No
Q9H0X4	FAM234A	5.64506897927017	4.76201368587599e-07	No	No
Q9H159	CDH19	6.81313659810736	6.72858625521632e-08	No	No
Q9H173	SIL1	5.84316121641815	3.35512414521979e-10	No	No
Q9H1B5	XYLT2	8.13978488248192	1.45948764276883e-10	No	No
Q9H1E3	NUCKS1	2.96763500535691	0.0031938565240412	No	No
Q9H1E5	TMX4	6.09101992273173	1.85493992018468e-07	No	No
Q9H1K1	ISCU	2.75262854458377	0.0084493638920288	No	No
Q9H1Y0	ATG5	3.72259886594443	0.0010554974743291	No	No
Q9H223	EHD4	3.990898885833	0.0009318263839124	No	No
Q9H251	CDH23	11.9853741399422	2.4372486430281902e-23	No	No
Q9H257	CARD9	8.93045038204288	1.02912185477303e-06	No	No
Q9H2G2	SLK	7.99275515423668	4.67989468382791e-13	No	No
Q9H2J4	PDCL3	2.88489099565595	0.002703790092654	No	No
Q9H2K8	TAOK3	6.57504920597009	9.07062783644714e-08	No	No
Q9H2M9	RAB3GAP2	6.2750561705532	6.20857061859974e-05	No	No
Q9H2U2	PPA2	7.55047767223867	3.4712010831449096e-11	No	No
Q9H307	PNN	4.0408004263339	3.88429031852162e-06	No	No
Q9H320;Q9H321;Q9H322;Q9NNX9	VCX;VCX2;VCX3A;VCX3B	4.42989922037217	1.16511770688176e-06	No	No
Q9H330	TMEM245	3.60785793058452	0.0005235687521641	No	No
Q9H3G5	CPVL	9.1631003301981	3.66345975242163e-17	No	No
Q9H3M7	TXNIP	7.73571250548835	8.58399478920228e-06	No	No
Q9H3N1	TMX1	8.07912634638796	4.7726205320638703e-14	No	No
Q9H3P7	ACBD3	7.37070578850081	2.1657763162451297e-11	No	No
Q9H3R2	MUC13	3.56733077441748	0.0002056914511822	No	No
Q9H3U1	UNC45A	6.75923365215401	2.77800366018011e-07	No	No
Q9H3U5	MFSD1	5.38352673045421	1.1192929907885e-07	No	No
Q9H425	C1orf198	4.42387880590206	1.37841102516189e-05	No	No
Q9H446	RWDD1	5.83256099315324	3.77599077252935e-08	No	No
Q9H479	FN3K	8.53876892080626	1.01239066913074e-11	No	No
Q9H497	TOR3A	3.86202299054787	4.3229239285249e-05	No	No
Q9H4A3	WNK1	5.71470116314926	1.50961304904775e-06	No	No
Q9H4B7	TUBB1	6.90188612113481	2.11180976776643e-17	No	No
Q9H4M9	EHD1	5.12731450458115	8.46488439759378e-08	No	No
Q9H5N1	RABEP2	5.14989902348082	2.00909166081383e-06	No	No
Q9H5X1	CIAO2A	6.68040938734513	2.8712128159044503e-09	No	No
Q9H6Z4	RANBP3	9.77339687795556	3.11182149854781e-05	No	No
Q9H7D7	WDR26	5.77858126345429	2.70655095963264e-07	No	No
Q9H7M9	VSIR	5.09731804219449	6.34706424725007e-07	No	No
Q9H7Z7	PTGES2	4.58891655699109	7.32536516248419e-06	No	No
Q9H832	UBE2Z	7.43239287976171	1.05611413340279e-13	No	No
Q9H845	ACAD9	4.83226301835874	3.87371271769767e-05	No	No
Q9H853	TUBA4B	10.5807678041134	6.15667519976723e-11	No	No
Q9H8H3	METTL7A	5.88586098192234	4.0758435549608e-08	No	No
Q9H8J5	MANSC1	3.10451162624163	0.0021288091976632	No	No
Q9H8M7	MINDY3	8.94108428558874	1.2569440327510699e-12	No	No
Q9H8Y8	GORASP2	4.86894631919883	2.81286026642802e-07	No	No
Q9H910	JPT2	3.42073290751716	0.0049349714103978	No	No
Q9H939	PSTPIP2	6.37822362866807	1.50629426676299e-07	No	No
Q9H9B4	SFXN1	5.26459014877179	0.0001949566004521	No	No
Q9H9H4	VPS37B	5.13911263445462	1.06233769903855e-06	No	No
Q9H9K5	ERVMER34-1	9.63221996577894	9.76215434112511e-09	No	No
Q9H9Q2	COPS7B	8.13645899508801	3.7991863350398e-11	No	No
Q9HA65	TBC1D17	4.13337125111664	3.42904694739728e-05	No	No
Q9HA77	CARS2	3.2633706518282	0.0006486010219609	No	No
Q9HAB8	PPCS	4.21644797935039	0.0026363333985317	No	No
Q9HB07	MYG1	3.20496705841211	0.0026695082873665	No	No
Q9HB40	SCPEP1	7.8405320753799	9.31269671211293e-11	No	No
Q9HB71	CACYBP	8.28746291549608	5.23954194929128e-12	No	No
Q9HBI1	PARVB	3.75322923049176	3.7865594590495805e-09	No	No
Q9HBL0	TNS1	2.87069243846897	0.0049902974318671	No	No
Q9HBW1	LRRC4	3.44564685996611	0.0002870726366201	No	No
Q9HC35	EML4	4.84191905843125	2.48172174577265e-07	No	No
Q9HCC0	MCCC2	6.03001752886183	8.23127993836907e-08	No	No
Q9HCM3	KIAA1549	6.42685135364222	6.609191106742191e-09	No	No
Q9HCN6	GP6	3.45262678321039	5.54520032194208e-06	No	No
Q9HCN8	SDF2L1	3.1590608572365	0.0078563748409349	No	No
Q9HCP0	CSNK1G1	6.13747714856828	1.00190618574228e-06	No	No
Q9HCU0	CD248	3.99720766352812	0.0001850300114982	No	No
Q9HCU4	CELSR2	4.26715460138028	0.0016725796994319	No	No
Q9HD15	SRA1	3.43397052104887	0.000859700829009	No	No
Q9HD20	ATP13A1	3.44884396686869	0.0005494594514584	No	No
Q9HD45	TM9SF3	6.26922519647353	1.9574956062840503e-09	No	No
Q9NNW7	TXNRD2	6.09028745006228	2.00303695521423e-06	No	No
Q9NP72	RAB18	8.36905634074121	2.5526676371036e-13	No	No
Q9NP79	VTA1	7.91069032469417	2.6162441440279298e-12	No	No
Q9NP97	DYNLRB1	5.26788518970555	3.73298152608353e-06	No	No
Q9NPA0	EMC7	6.50117808365567	3.2548748159148e-05	No	No
Q9NPA2	MMP25	9.20654627496179	6.35535738983979e-07	No	No
Q9NPC4	A4GALT	4.04486332719153	1.19915106825187e-05	No	No
Q9NPF0	CD320	2.42445171843759	0.0046937489906933	No	No
Q9NPF2	CHST11	5.11669627776405	3.50191363542346e-05	No	No
Q9NPF4	OSGEP	6.22520298367155	8.51833375163832e-09	No	No
Q9NPG4	PCDH12	3.73596831047491	0.0001219512132708	No	No
Q9NPJ3	ACOT13	5.24543605676031	2.18476351278385e-07	No	No
Q9NPQ8	RIC8A	3.72326242634561	0.0016406613971799	No	No
Q9NPY3	CD93	3.58222374989798	0.002191785348047	No	No
Q9NQ30	ESM1	9.24272692731045	1.31280560146844e-16	No	No
Q9NQ36	SCUBE2	4.628800831542	1.85381700906996e-06	No	No
Q9NQ66	PLCB1	10.8367655805713	2.7509658934834802e-09	No	No
Q9NQ75	CASS4	7.14303756358824	8.64078885954857e-09	No	No
Q9NQA3	WASH6P	4.34030571518536	0.0009058889858607	No	No
Q9NQC3	RTN4	3.14686577151051	0.0001196394077608	No	No
Q9NQG5	RPRD1B	7.35163030364296	8.17107747152848e-08	No	No
Q9NQP4	PFDN4	3.53044361058577	4.48326344940472e-05	No	No
Q9NQR4	NIT2	2.91204636452291	0.0066510201483836	No	No
Q9NQT8	KIF13B	5.37169264582119	4.66411865179499e-06	No	No
Q9NQW7	XPNPEP1	4.95337697835436	6.00414880526063e-06	No	No
Q9NQX3	GPHN	8.74132582486434	3.00931055625217e-11	No	No
Q9NR09	BIRC6	6.00789433457365	9.22523826111929e-08	No	No
Q9NR12	PDLIM7	7.61125664584053	3.84374595073027e-13	No	No
Q9NR19	ACSS2	5.03178530253283	0.0003707487328641	No	No
Q9NR28	DIABLO	8.26935685556353	1.7936693952552897e-11	No	No
Q9NR30	DDX21	4.37183700405689	0.0006995730877769	No	No
Q9NR31	SAR1A	2.95955808207344	0.0038312448012518	No	No
Q9NR45	NANS	6.11455176167393	1.43859003263401e-07	No	No
Q9NR46	SH3GLB2	5.43269759969074	2.89678832080445e-07	No	No
Q9NR50	EIF2B3	5.03519091381579	3.61197674519213e-07	No	No
Q9NR99	MXRA5	9.40551593735121	2.39697412164394e-14	No	No
Q9NRA1	PDGFC	8.99821219697686	2.7623141878589303e-09	No	No
Q9NRB3	CHST12	7.86719780129209	1.3613292807088e-10	No	No
Q9NRG0	CHRAC1	11.397286661709	1.78166199676303e-08	No	No
Q9NRL3	STRN4	6.02779863309119	1.4835579420846e-08	No	No
Q9NRN5	OLFML3	8.45377159256437	3.72766445735552e-07	No	No
Q9NRN7	AASDHPPT	4.12958191212555	0.0001353912404819	No	No
Q9NRR3	CDC42SE2	4.02227971540127	6.54070990806184e-05	No	No
Q9NRR5	UBQLN4	6.13095427839356	2.94400207592948e-08	No	No
Q9NRS6	SNX15	5.22507400463165	0.0002561394312458	No	No
Q9NRW1	RAB6B	7.62065260666198	1.3896666676467802e-09	No	No
Q9NRW4	DUSP22	4.12012256849659	3.33761346141063e-05	No	No
Q9NRX2	MRPL17	3.53970367291632	0.0005151426929995	No	No
Q9NRY5	FAM114A2	5.74814784034634	2.11879356511889e-05	No	No
Q9NS15	LTBP3	7.36482927928536	2.3808355036719097e-11	No	No
Q9NS28	RGS18	4.78434502969974	9.7208466537976e-08	No	No
Q9NS62	THSD1	9.04909474568884	9.053313269240841e-14	No	No
Q9NS69	TOMM22	8.72331165407313	1.06897616841693e-12	No	No
Q9NS86	LANCL2	3.11226384707322	0.002344903263089	No	No
Q9NSD9	FARSB	6.00771600332576	3.989136698700531e-09	No	No
Q9NSE4	IARS2	3.95719691478666	0.0008444783316657	No	No
Q9NT22	EMILIN3	4.14271488321674	0.0025379508358596	No	No
Q9NT62	ATG3	8.41728206935491	2.82737933360002e-12	No	No
Q9NT99	LRRC4B	9.78642634716371	1.9650071168265902e-14	No	No
Q9NTJ3	SMC4	4.40815365674253	0.000382312477642	No	No
Q9NTJ4	MAN2C1	2.8934094825403	0.0082986081135053	No	No
Q9NTJ5	SACM1L	8.46369641391146	1.2775518142174701e-14	No	No
Q9NU53	GINM1	4.45879860911404	5.02838410440371e-05	No	No
Q9NUJ1	ABHD10	4.85622864549829	0.0002166566695737	No	No
Q9NUP9	LIN7C	4.6908666489564	1.24817402353334e-05	No	No
Q9NUY8	TBC1D23	5.54453848267951	8.04308419205404e-07	No	No
Q9NV56	MRGBP	3.08622064598159	0.00100972928211	No	No
Q9NV96	TMEM30A	5.5806010855561	2.81986704877128e-07	No	No
Q9NVI7	ATAD3A	3.75708443024549	0.0004160115097511	No	No
Q9NVJ2	ARL8B	7.75029319096373	4.44009238382598e-11	No	No
Q9NVK5	FGFR1OP2	3.76748927939898	0.0002146661619366	No	No
Q9NVT9	ARMC1	3.47982838480505	0.0015446082252967	No	No
Q9NW15	ANO10	4.76499404941158	0.0001870466184507	No	No
Q9NW68	BSDC1	6.92828716309707	9.09460923556912e-10	No	No
Q9NWH9	SLTM	7.92988623996586	1.71568504975759e-11	No	No
Q9NWV4	CZIB	8.88511980161086	6.6213931295376e-08	No	No
Q9NWV8	BABAM1	5.96573133685667	2.47368512647143e-07	No	No
Q9NX14	NDUFB11	3.09814146466992	0.0054016513371784	No	No
Q9NX40	OCIAD1	4.50455101599601	7.12922633564039e-07	No	No
Q9NX46	ADPRS	3.65383130157195	0.0004091106915811	No	No
Q9NX63	CHCHD3	6.19711259188185	1.98530420503874e-07	No	No
Q9NX76	CMTM6	6.81226631222913	5.84305997503935e-08	No	No
Q9NXG2	THUMPD1	8.38036182614299	3.36797800233732e-14	No	No
Q9NXH8	TOR4A	7.75078798493711	6.89210757363196e-07	No	No
Q9NXL6	SIDT1	2.94894050969773	0.0034608300597484	No	No
Q9NXR7	BABAM2	6.81394541419325	1.09461297016011e-12	No	No
Q9NY65	TUBA8	6.05924648692244	6.27343208523074e-11	No	No
Q9NYB0	TERF2IP	3.13759551764354	0.0080655390840714	No	No
Q9NYF8	BCLAF1	3.6957518064173	0.0019275361664699	No	No
Q9NYL9	TMOD3	8.24380154458446	4.28963122246975e-16	No	No
Q9NYQ6	CELSR1	8.9324128215136	2.3302839161762303e-09	No	No
Q9NYQ8	FAT2	5.7398844200215	4.61248812491688e-07	No	No
Q9NYU2	UGGT1	4.35163578450651	0.0004493367489833	No	No
Q9NZ52	GGA3	4.29711422183843	2.04656685010363e-05	No	No
Q9NZ53	PODXL2	3.52440476022793	0.00111766832351	No	No
Q9NZC2	TREM2	4.65655868419305	3.58500312936165e-06	No	No
Q9NZN3	EHD3	9.47443802763231	1.12740272079747e-20	No	No
Q9NZN4	EHD2	3.19734389164944	0.0072718653641276	No	No
Q9NZP8	C1RL	2.39677820660314	0.0042869179653724	No	No
Q9NZQ3	NCKIPSD	4.16103875741869	9.3771891733643e-06	No	No
Q9NZR2	LRP1B	8.680101549383	3.96567580578518e-17	No	No
Q9NZT2	OGFR	4.25899303420896	2.3383083962708e-05	No	No
Q9NZZ3	CHMP5	4.8378054669791	6.01567186552047e-07	No	No
Q9P013	CWC15	4.33391902673776	4.86446595582497e-05	No	No
Q9P035	HACD3	6.90958513557968	9.49152024441552e-09	No	No
Q9P0I2	EMC3	4.54746753796968	1.05402829359002e-05	No	No
Q9P0J0	NDUFA13	5.73163112023638	6.66244254339898e-07	No	No
Q9P0L0	VAPA	4.37447539831286	1.43011618105968e-05	No	No
Q9P0R6	GSKIP	2.63486738608243	0.0028388493538619	No	No
Q9P126	CLEC1B	5.91302021450147	3.98037888127192e-08	No	No
Q9P1Z2	CALCOCO1	6.9382189812966	7.3944990007314e-11	No	No
Q9P258	RCC2	2.79405703212127	0.0076222219641112	No	No
Q9P260	RELCH	3.58198700861827	0.0004014013442185	No	No
Q9P270	SLAIN2	4.68392881347827	0.0001712992273135	No	No
Q9P289	STK26	6.73685779322676	2.2598313532328804e-09	No	No
Q9P2E7	PCDH10	6.2933401954166	2.78820650641339e-10	No	No
Q9P2E9	RRBP1	8.39969247366579	8.902701386905609e-11	No	No
Q9P2J5	LARS1	5.75715535947023	1.68432609705375e-06	No	No
Q9P2R3	ANKFY1	4.72988998561578	9.51544997731009e-05	No	No
Q9P2R7	SUCLA2	6.42692165090894	9.3473865291579e-08	No	No
Q9P2X0	DPM3	3.7905338412254	9.24179071218548e-05	No	No
Q9P2Y5	UVRAG	3.04102436511994	0.0006404416337737	No	No
Q9UBF2	COPG2	4.74369655721374	8.24031488941375e-05	No	No
Q9UBG0	MRC2	5.38234686593275	4.07908088432601e-06	No	No
Q9UBM7	DHCR7	7.68261023449162	1.09303247533083e-06	No	No
Q9UBN7	HDAC6	5.40952042517909	9.02375384282258e-05	No	No
Q9UBP4	DKK3	4.79361132948222	0.0006998854701943	No	No
Q9UBQ0	VPS29	5.71827124598656	7.29441548231913e-08	No	No
Q9UBQ5	EIF3K	7.47995802564938	7.0136921833477095e-12	No	No
Q9UBS4	DNAJB11	8.10564234587187	1.7603157144583003e-10	No	No
Q9UBS9	SUCO	8.65569341611987	9.9115256422149e-14	No	No
Q9UBT2	UBA2	6.91234474590983	2.33241574404182e-06	No	No
Q9UBU3	GHRL	4.6738538273699	1.17836215890472e-05	No	No
Q9UBV2	SEL1L	4.35955299731799	0.0002586839889378	No	No
Q9UBW5	BIN2	10.2683723354334	5.31158417469509e-20	No	No
Q9UBW8	COPS7A	7.93760869611016	7.4679735211729e-15	No	No
Q9UBX5	FBLN5	5.28834408094992	4.59092069800904e-10	No	No
Q9UD71	PPP1R1B	4.6786843068702	2.49778983682076e-06	No	No
Q9UDT6	CLIP2	3.8050348188876	0.0005007675461991	No	No
Q9UDW1	UQCR10	4.59033256941771	2.13197483905093e-06	No	No
Q9UDY2	TJP2	8.34759446821332	8.41056351721991e-08	No	No
Q9UEY8	ADD3	4.21492972424985	0.0007890504290628	No	No
Q9UFN0	NIPSNAP3A	7.58962126873687	3.3953899917993303e-14	No	No
Q9UFP1	GASK1A	4.90647196164047	2.8540656405501e-06	No	No
Q9UGN4	CD300A	7.04927829981823	8.74620066075802e-12	No	No
Q9UGP8	SEC63	3.03263801086458	0.0037587443879235	No	No
Q9UH62	ARMCX3	5.68062085413696	1.73963475970444e-08	No	No
Q9UHA4	LAMTOR3	7.1859754525101	2.12448182075079e-13	No	No
Q9UHB6	LIMA1	7.33451554374103	2.8506545357049296e-11	No	No
Q9UHD1	CHORDC1	3.2401987941416	0.0008240866043442	No	No
Q9UHD4	CIDEB	3.64615016079932	0.0002710160155657	No	No
Q9UHD8	SEPTIN9	7.5644950672716	1.92477121151548e-08	No	No
Q9UHG2	PCSK1N	5.74486128400272	4.46638186588168e-09	No	No
Q9UHI8	ADAMTS1	9.63971437573714	2.81400249839308e-13	No	No
Q9UHN6	CEMIP2	4.62715276576819	0.0073450913598495	No	No
Q9UHQ9	CYB5R1	7.52167803270283	9.99211811258573e-12	No	No
Q9UHR4	BAIAP2L1	2.46938516952147	0.0042673203759605	No	No
Q9UHV9	PFDN2	7.51212510040258	6.08627083867653e-08	No	No
Q9UHX1	PUF60	5.1877911038465	2.69810954122687e-05	No	No
Q9UHY1	NRBP1	8.51468821158243	3.3432914505378705e-09	No	No
Q9UHY7	ENOPH1	6.9932041146989	2.0224985188184e-09	No	No
Q9UI12	ATP6V1H	4.72511075511828	4.79370946922736e-05	No	No
Q9UIJ7	AK3	7.77801100666695	7.579917569776399e-13	No	No
Q9UIQ6	LNPEP	6.21234262054275	1.58129446415417e-07	No	No
Q9UJ14	GGT7	5.58744693299025	3.82481747320278e-07	No	No
Q9UJA9	ENPP5	6.68555162438163	2.95251351652701e-08	No	No
Q9UJC5	SH3BGRL2	5.138641856422	0.0009420799950014	No	No
Q9UJS0	SLC25A13	4.17154813296509	0.0005043292348311	No	No
Q9UJU6	DBNL	3.97057705253075	7.41457495624927e-06	No	No
Q9UJW0	DCTN4	7.69709831384658	5.4230471817639495e-11	No	No
Q9UJZ1	STOML2	7.15763772073287	5.82426601772069e-12	No	No
Q9UK05	GDF2	4.58795699999689	0.0005419538058972	No	No
Q9UK41	VPS28	6.18421610860465	2.55837140652406e-08	No	No
Q9UK45	LSM7	7.66989845521973	6.39802519839194e-11	No	No
Q9UK55	SERPINA10	4.46937213610566	1.84397821640737e-15	No	No
Q9UK76	JPT1	4.68977008272352	0.0058470991678094	No	No
Q9UKE5	TNIK	6.69480889373218	5.69394036683064e-10	No	No
Q9UKG1	APPL1	4.38601905101689	0.0001383530460682	No	No
Q9UKJ5	CHIC2	2.94220838455067	0.0018520214174307	No	No
Q9UKK9	NUDT5	3.74295920481351	0.000188034889527	No	No
Q9UKM7	MAN1B1	8.92998892228444	6.31486517481758e-16	No	No
Q9UKM9	RALY	9.83006950843713	9.88292137100589e-13	No	No
Q9UKU9	ANGPTL2	2.9687889448553	0.0017763922130555	No	No
Q9UKV3	ACIN1	10.9591542663575	6.096260987255991e-15	No	No
Q9UKY7	CDV3	6.91819772079276	3.55813530177118e-05	No	No
Q9UL15	BAG5	3.61060861341582	0.0002710366271009	No	No
Q9UL25	RAB21	6.81616687816312	8.82130323857858e-08	No	No
Q9UL26	RAB22A	5.49327143375384	1.0831024802941301e-09	No	No
Q9ULA0	DNPEP	4.45520103664743	4.74641553225297e-05	No	No
Q9ULB1	NRXN1	10.1365041589008	8.633201300793021e-15	No	No
Q9ULH1	ASAP1	6.26165804386693	7.4247826273687e-08	No	No
Q9ULT8	HECTD1	3.57715501272249	0.002533806480781	No	No
Q9ULV4	CORO1C	3.26551821636913	8.04525122099624e-07	No	No
Q9ULX6	AKAP8L	6.76998703835023	9.77402118778997e-07	No	No
Q9UM00	TMCO1	4.26191213864167	6.0841427620596e-05	No	No
Q9UM22	EPDR1	4.9347741347381	6.38959916534471e-06	No	No
Q9UM54	MYO6	4.54206911158549	0.0004788655055785	No	No
Q9UMR2	DDX19B	4.60578304894315	2.29399120518192e-05	No	No
Q9UMS0	NFU1	5.78982648054847	1.10993373761453e-07	No	No
Q9UMX0	UBQLN1	5.42638584400704	7.73922585998888e-05	No	No
Q9UMY4	SNX12	5.87213950772315	1.18182493021829e-08	No	No
Q9UN19	DAPP1	4.21714565041321	7.06466153118274e-05	No	No
Q9UN37	VPS4A	5.01877349467296	0.0001398138387759	No	No
Q9UN70	PCDHGC3	4.53456173293916	1.96062161718352e-07	No	No
Q9UN86	G3BP2	10.5361965690434	7.39424286591294e-19	No	No
Q9UNA0	ADAMTS5	3.34249324811639	0.0006601969665221	No	No
Q9UNE7	STUB1	5.32199786169208	4.52109761959994e-07	No	No
Q9UNF0	PACSIN2	2.92204012774369	0.0006165208252014	No	No
Q9UNF1	MAGED2	6.24773327949039	2.88088864428055e-07	No	No
Q9UNH7	SNX6	5.98612022562837	4.85399152873379e-07	No	No
Q9UNM6	PSMD13	8.8142387178814	5.907776474401311e-10	No	No
Q9UNN5	FAF1	7.86973631583072	5.530014920347989e-12	No	No
Q9UNP9	PPIE	2.59516875446417	0.0064530846735167	No	No
Q9UNS2	COPS3	6.74330045356147	5.9258604085906e-11	No	No
Q9UNZ2	NSFL1C	11.1526750175612	2.6544000636533e-12	No	No
Q9UP52	TFR2	4.54268644837314	0.0006090493232103	No	No
Q9UP79	ADAMTS8	6.23317550086158	3.79560243985665e-10	No	No
Q9UPN3	MACF1	5.82168853489214	6.49324241885273e-07	No	No
Q9UPN7	PPP6R1	5.37778103152398	6.21730351480646e-07	No	No
Q9UPT5	EXOC7	2.39864730959172	0.0098130267627002	No	No
Q9UPY6	WASF3	3.48277853153407	0.0001331940629063	No	No
Q9UQ35	SRRM2	5.05076380771096	3.6949010067357e-05	No	No
Q9UQ53	MGAT4B	5.80296083198042	2.3749724408414e-08	No	No
Q9UQ80	PA2G4	9.25028990323939	5.73145574644653e-10	No	No
Q9UQB8	BAIAP2	4.27578492076342	5.15738512930023e-05	No	No
Q9UQM7	CAMK2A	2.38532411046519	0.0061062689038334	No	No
Q9UQP3	TNN	5.14240113231011	1.73304198354701e-06	No	No
Q9Y224	RTRAF	6.74501317357894	5.130888148462191e-09	No	No
Q9Y230	RUVBL2	9.09825481355106	5.66996587686468e-17	No	No
Q9Y240	CLEC11A	4.7105259668846	0.0002850923311467	No	No
Q9Y251	HPSE	7.5916376364571	3.7533325834088503e-14	No	No
Q9Y262	EIF3L	5.71673386648004	1.25942490881526e-06	No	No
Q9Y265	RUVBL1	8.34696466063882	4.31940246544038e-13	No	No
Q9Y266	NUDC	3.26507784946047	0.0027534875597688	No	No
Q9Y277	VDAC3	9.91533326632919	1.2945098354954102e-15	No	No
Q9Y279	VSIG4	2.70308755960028	0.0062563307372357	No	No
Q9Y285	FARSA	4.9335258940668	5.3594798146938e-05	No	No
Q9Y296	TRAPPC4	2.49090322188064	0.008785030410992	No	No
Q9Y2A7	NCKAP1	6.95483196592687	1.33817723826656e-10	No	No
Q9Y2B0	CNPY2	8.89794559914632	8.8860565159543e-17	No	No
Q9Y2G2	CARD8	3.20580788974829	0.0020301651428791	No	No
Q9Y2J2	EPB41L3	6.96567137841391	1.1358050689947202e-09	No	No
Q9Y2L6	FRMD4B	5.15909197386604	1.41909344882697e-06	No	No
Q9Y2Q0	ATP8A1	5.40153820206977	3.61672856475976e-09	No	No
Q9Y2Q3	GSTK1	8.0093778135371	1.93773615647741e-13	No	No
Q9Y2Q5	LAMTOR2	6.27147589803221	1.36386957574926e-08	No	No
Q9Y2R0	COA3	3.5220005458562	0.0068440833671316	No	No
Q9Y2T2	AP3M1	6.45263016210851	6.47419294957407e-10	No	No
Q9Y2U5	MAP3K2	6.14279295041603	3.14052964932253e-06	No	No
Q9Y2W1	THRAP3	3.30562082895592	0.000892724624746	No	No
Q9Y2X3	NOP58	7.13071688415468	1.58206700502398e-07	No	No
Q9Y2X7	GIT1	5.41218566201908	8.65067492179582e-06	No	No
Q9Y2Y8	PRG3	7.59083477311805	2.8644203702123704e-14	No	No
Q9Y2Z0	SUGT1	4.12145146977685	0.0008036007095461	No	No
Q9Y305	ACOT9	5.44302679313243	9.20254066514108e-08	No	No
Q9Y315	DERA	7.17357804337722	1.84703912429488e-07	No	No
Q9Y333	LSM2	9.33498437900118	1.63825344347626e-13	No	No
Q9Y371	SH3GLB1	4.1223881980867	0.0001066803985588	No	No
Q9Y376	CAB39	6.46325741723343	3.12113603695111e-06	No	No
Q9Y385	UBE2J1	5.34644660818466	1.42332110623976e-06	No	No
Q9Y394	DHRS7	7.10188233896741	9.4498564177158e-12	No	No
Q9Y3A3	MOB4	5.62161356152575	5.90952681663582e-05	No	No
Q9Y3A5	SBDS	5.77430465314319	1.72064440670039e-05	No	No
Q9Y3A6	TMED5	5.10999881322957	2.95126439405863e-05	No	No
Q9Y3B3	TMED7	6.55433363772821	1.2551621217698198e-11	No	No
Q9Y3B7	MRPL11	4.48113344356988	1.0205843442867e-05	No	No
Q9Y3C0	WASHC3	4.32178139733411	1.57481828565087e-05	No	No
Q9Y3C8	UFC1	4.01775890256796	3.51628061700123e-05	No	No
Q9Y3D7	PAM16	9.10363773583395	6.39877145316344e-10	No	No
Q9Y3E0	GOLT1B	5.34358642117051	7.8812054382269e-06	No	No
Q9Y3E7	CHMP3	6.70424940522065	1.1910111320055702e-09	No	No
Q9Y3F4	STRAP	9.36543475846678	1.2359551894469999e-14	No	No
Q9Y3I0	RTCB	7.69020416627546	6.29037329690587e-08	No	No
Q9Y3I1	FBXO7	9.14592623728079	3.30617652359426e-17	No	No
Q9Y3L5	RAP2C	3.61869533668669	0.0012289822366927	No	No
Q9Y3P9	RABGAP1	5.34452662660846	1.85639827575992e-05	No	No
Q9Y3Q8	TSC22D4	7.75218351327529	4.424743470680521e-15	No	No
Q9Y3X0	CCDC9	5.66929160856402	5.20610656789506e-07	No	No
Q9Y3Y2	CHTOP	3.7787718053618	0.0008417580177438	No	No
Q9Y450	HBS1L	4.01591565499092	1.8169818349002e-05	No	No
Q9Y490	TLN1	3.91738937453939	5.6822115850282e-07	No	No
Q9Y4C0	NRXN3	5.17598904641521	0.0002085354378673	No	No
Q9Y4D1	DAAM1	6.4833077208273	1.01823936150013e-06	No	No
Q9Y4E8	USP15	4.46762980118623	0.0004730762466433	No	No
Q9Y4F3	MARF1	8.88663756927647	3.35395642658559e-14	No	No
Q9Y4H4	GPSM3	6.66126502872994	8.63763334606595e-08	No	No
Q9Y4I1	MYO5A	2.60316458628929	0.0054716924248086	No	No
Q9Y4L1	HYOU1	3.02214422244449	0.000253069876624	No	No
Q9Y4P1	ATG4B	3.85619993127478	2.10258162030432e-05	No	No
Q9Y4W6	AFG3L2	7.49947039222696	1.09446490481046e-06	No	No
Q9Y4Z0	LSM4	9.01650318781742	9.48183690328189e-14	No	No
Q9Y512	SAMM50	4.82034190218341	0.0001940317320424	No	No
Q9Y520	PRRC2C	7.19011025610119	7.09913222180819e-06	No	No
Q9Y570	PPME1	8.58173168008175	9.44889321464071e-14	No	No
Q9Y5E1	PCDHB9	3.53461212028823	0.0001248389608832	No	No
Q9Y5E8	PCDHB15	8.18180070506293	1.617499524641e-08	No	No
Q9Y5G2	PCDHGB2	2.86759971950876	0.0025115146500679	No	No
Q9Y5H3	PCDHGA10	7.38900752088116	8.34318482752214e-07	No	No
Q9Y5I4	PCDHAC2	3.17611101425783	0.0007809403100555	No	No
Q9Y5K5	UCHL5	5.2786479547851	5.22858909886626e-07	No	No
Q9Y5K6	CD2AP	6.45198563734113	2.04660825126528e-10	No	No
Q9Y5L4	TIMM13	6.35441782424369	4.15038165554431e-08	No	No
Q9Y5M8	SRPRB	6.43134177063711	6.42655419574722e-08	No	No
Q9Y5P6	GMPPB	5.34860624869396	2.13208630856815e-07	No	No
Q9Y5S2	CDC42BPB	4.38535986085112	8.57479826449205e-06	No	No
Q9Y5S9	RBM8A	5.33970722823238	5.21235880478825e-06	No	No
Q9Y5X1	SNX9	7.48137108843599	1.2615067840391898e-11	No	No
Q9Y5X3	SNX5	7.23927183456675	1.7156230056193e-10	No	No
Q9Y5X9	LIPG	3.16479479154735	0.0004040176305575	No	No
Q9Y5Y2	NUBP2	4.49110651116899	0.0005290508792652	No	No
Q9Y608	LRRFIP2	6.71593378896302	1.28236466910559e-07	No	No
Q9Y613	FHOD1	7.71104834626782	1.56207824411263e-07	No	No
Q9Y625	GPC6	3.34652080645126	0.0006646399258636	No	No
Q9Y653	ADGRG1	3.02895828512056	0.0054512534842353	No	No
Q9Y673	ALG5	3.14046210697962	0.0035208259970362	No	No
Q9Y678	COPG1	7.57797407573053	1.16450589130986e-11	No	No
Q9Y696	CLIC4	6.4643390561309	1.7081376018551e-05	No	No
Q9Y6A5	TACC3	2.55073676143745	0.0083341055977965	No	No
Q9Y6C2	EMILIN1	4.34858060172929	1.84181612173146e-05	No	No
Q9Y6C9	MTCH2	7.70823521141623	1.53204824184423e-12	No	No
Q9Y6E0	STK24	9.64492734412526	4.10682933928025e-16	No	No
Q9Y6F6	IRAG1	5.25180111462541	1.15743493316851e-07	No	No
Q9Y6G9	DYNC1LI1	5.01130350256222	3.2995410433946e-05	No	No
Q9Y6I3	EPN1	5.45470301467236	6.14980490522233e-07	No	No
Q9Y6I9	TEX264	5.11722492143401	4.29797892917432e-08	No	No
Q9Y6K5	OAS3	4.08467163966309	2.89130494364062e-05	No	No
Q9Y6K9	IKBKG	5.16380207040574	1.16654873288818e-07	No	No
Q9Y6L7	TLL2	8.64812615197661	7.17047142786058e-14	No	No
Q9Y6N5	SQOR	6.75352072520016	2.52685960248015e-06	No	No
Q9Y6N6	LAMC3	10.8110856594089	5.66123451307278e-14	No	No
Q9Y6W5	WASF2	8.2516639659398	8.240396057468699e-12	No	No
Q9Y6Y8	SEC23IP	6.55727252971494	3.26645358018347e-09	No	No
Q9Y6Y9	LY96	6.80652978201602	2.39580870981277e-10	No	No
Q9Y6Z7	COLEC10	4.30917745215488	9.4332251783686e-07	No	No
A0A075B6H7	IGKV3-7	-2.42969494674912	0.000559399597661	No	No
A0A075B6K0	IGLV3-16	-4.03807090628089	0.000931877640676	No	No
A0A075B6K2	IGLV3-12	-3.85017193740243	0.0001353526204912	No	No
A0A075B6K5	IGLV3-9	-2.65626750431478	1.40573686681611e-05	No	No
A0A075B6P5;P01615	IGKV2-28;IGKV2D-28	-3.43293679779401	0.0005773463106466	No	No
A0A075B6Q5	IGHV3-64	-3.86778086281706	0.0035513032921389	No	No
A0A075B6R2	IGHV4-4	-3.68764714135547	0.0007445233201346	No	No
A0A075B6R9;A0A0C4DH68	IGKV2-24;IGKV2D-24	-2.2362475943302	0.0060387334004051	No	No
A0A075B6W8	TRAJ17	-4.21246263088027	0.0043942235637226	No	No
A0A075B7B6	IGHV4OR15-8	-6.06134631487197	2.38897805348923e-05	No	No
A0A075B7B8	IGHV3OR16-12	-4.24162791722239	0.0009976623658619	No	No
A0A087WSY4	IGHV4-30-2	-4.47274470479261	1.54132424683098e-08	No	No
A0A0A0MRZ8;P04433	IGKV3-11;IGKV3D-11	-2.20054411293674	0.0009564875917767	No	No
A0A0A0MS15	IGHV3-49	-2.06377327111483	8.07812477442308e-05	No	No
A0A0A0MT36	IGKV6D-21	-3.84509209462958	0.000679952688497	No	No
A0A0A0MT69	IGKJ4	-5.53586720115725	0.0016606220468204	No	No
A0A0A0MT89	IGKJ1	-6.33535455635714	6.29988913777483e-07	No	No
A0A0A0MT96	IGKJ3	-5.44938693604337	0.0001491608026881	No	No
A0A0A0MTA3	IGKJ5	-6.92814070761294	3.84568357849076e-05	No	No
A0A0B4J1U3	IGLV1-36	-4.8833355100459	0.0001576801839431	No	No
A0A0B4J1V0	IGHV3-15	-2.56939035490483	0.0013605087622165	No	No
A0A0B4J1V1	IGHV3-21	-7.37525344310781	1.3625868827627202e-15	No	No
A0A0B4J1X5	IGHV3-74	-3.78309868303627	0.0001371474872291	No	No
A0A0B4J1X8	IGHV3-43	-3.36440594353559	0.0009712485882101	No	No
A0A0C4DH25	IGKV3D-20	-3.42888351257129	4.40131248822167e-06	No	No
A0A0C4DH29	IGHV1-3	-1.9073728638638	0.0042174121143123	No	No
A0A0C4DH30	IGHV3-16	-4.44368096184565	3.24121744179164e-06	No	No
A0A0C4DH31	IGHV1-18	-3.13352198772967	1.12855054423728e-08	No	No
A0A0C4DH34	IGHV4-28	-3.69893542955337	0.0002110616099265	No	No
A0A0C4DH35	IGHV3-35	-3.49086364475317	0.0033261391475571	No	No
A0A0C4DH36	IGHV3-38	-3.17920037895448	0.0045149745249883	No	No
A0A0C4DH43	IGHV2-70D	-2.54687495302108	2.09686353763371e-05	No	No
A0A0G2JRQ6	gene	-2.88648792060187	4.8779693894534e-06	No	No
A0A0J9YW62	gene	-4.57201227645796	5.62134247749529e-08	No	No
A0A0J9YX35	IGHV3-64D	-2.44110144462856	0.0006909388305493	No	No
A0M8Q6	IGLC7	-2.45609422284354	0.0005565024818229	No	No
A2NJV5	IGKV2-29	-4.49527519269579	8.77264967353963e-08	No	No
B9A064	IGLL5	-1.87306219386616	0.002654220791606	No	No
O14960	LECT2	-5.86402142509049	1.16991573064278e-11	No	No
O43286	B4GALT5	-6.76222881548339	1.00715504862169e-06	No	No
O60762	DPM1	-4.8565165248357	4.77447786840724e-07	No	No
O75015	FCGR3B	-4.83902593416898	8.4390127110567e-06	No	No
O75027	ABCB7	-5.27563729225342	0.0001563793256021	No	No
O75882	ATRN	-5.48675058859735	1.95139078346915e-05	No	No
O75884	RBBP9	-5.13558086928448	1.80448501409907e-06	No	No
O95479	H6PD	-3.71754267899054	0.0002135554606211	No	No
O95980	RECK	-7.79052694831668	2.25125592163107e-07	No	No
P00738	HP	-4.51673221334526	8.358860120308329e-11	No	No
P00746	CFD	-2.73340762565305	0.0088170095308232	No	No
P00747	PLG	-3.72555577258654	1.94492420987596e-06	No	No
P00748	F12	-5.26319713994306	1.39417373490472e-05	No	No
P00751	CFB	-6.70614716847898	1.65224226393476e-17	No	No
P00915	CA1	-7.16795604096346	5.50399506193093e-08	No	No
P00918	CA2	-6.02971482050739	1.56428232095599e-16	No	No
P01008	SERPINC1	-3.45135203339435	1.41747993287436e-09	No	No
P01009	SERPINA1	-2.54260415286799	3.77335168607267e-05	No	No
P01011	SERPINA3	-2.95868835592664	4.167432644347e-08	No	No
P01019	AGT	-1.53811296338183	0.0071955724718053	No	No
P01023	A2M	-3.87132191381269	1.73759872922748e-10	No	No
P01031	C5	-1.68752091696706	7.83938280736522e-05	No	No
P01033	TIMP1	-3.97664868280937	0.0004915195033483	No	No
P01034	CST3	-6.77000301967747	6.071288475768179e-11	No	No
P01597;P04432	IGKV1-39;IGKV1D-39	-1.50273317880761	0.0065163618871126	No	No
P01619	IGKV3-20	-1.27257810074722	0.0061438934518705	No	No
P01701	IGLV1-51	-2.61449077259232	1.59152366601335e-05	No	No
P01705	IGLV2-23	-1.95822208277505	0.0082115455704607	No	No
P01714	IGLV3-19	-2.2745666233717	0.0003763840264304	No	No
P01742	IGHV1-69	-4.65789580667185	3.5843086851914295e-11	No	No
P01764	IGHV3-23	-4.03202088113656	2.20916939776854e-08	No	No
P01768;P0DP03	IGHV3-30;IGHV3-30-5	-2.39097962898941	0.0019456788372469	No	No
P01814	IGHV2-70	-5.07453026840348	0.0003254280981711	No	No
P01817	IGHV2-5	-4.40888271249272	0.0024453438069804	No	No
P01833	PIGR	-3.19939846785308	0.0096631319673855	No	No
P01854	IGHE	-5.94204359794498	1.25617134925614e-05	No	No
P01857	IGHG1	-2.94314624298831	3.08766502193698e-06	No	No
P01859	IGHG2	-2.49859318341741	1.56567660618975e-06	No	No
P01860	IGHG3	-1.5929957563083	0.0040225866955415	No	No
P01861	IGHG4	-2.53991045872006	5.54687960980586e-06	No	No
P01880	IGHD	-3.89646980325799	4.51934580439132e-08	No	No
P02042	HBD	-6.27410293349667	9.12036552726059e-07	No	No
P02144	MB	-7.20959803176034	6.50588698259371e-09	No	No
P02647	APOA1	-1.20932719472967	0.0094741421681953	No	No
P02654	APOC1	-2.02741872706718	0.0033700460048928	No	No
P02745	C1QA	-6.22729554490436	1.27256549597299e-16	No	No
P02746	C1QB	-3.57988501514471	6.46626832013782e-06	No	No
P02747	C1QC	-4.17977768457116	1.63427177178769e-08	No	No
P02749	APOH	-5.38436991423817	2.77359403522222e-13	No	No
P02750	LRG1	-7.45703536720831	1.16319964692695e-13	No	No
P02763	ORM1	-4.21509508024173	1.66529786328492e-11	No	No
P02765	AHSG	-3.29454814174564	1.82012401301235e-08	No	No
P02774	GC	-4.56352610812087	1.4646285511416298e-11	No	No
P02775	PPBP	-5.27768067378967	0.0001116796238498	No	No
P02786	TFRC	-3.01343642160481	3.816587488087e-07	No	No
P02790	HPX	-6.43044372170419	4.14375400042724e-24	No	No
P02792	FTL	-3.25715311977115	0.003033847453742	No	No
P03950	ANG	-6.6731818414939	3.66657815419991e-06	No	No
P03951	F11	-6.87461934272812	7.44858105100569e-07	No	No
P03952	KLKB1	-4.37013425577508	3.36736536801028e-07	No	No
P04040	CAT	-3.13494223140306	1.01808478755096e-05	No	No
P04114	APOB	-2.17233295167735	3.41788713403796e-06	No	No
P04196	HRG	-1.58687556751768	0.0005821473445465	No	No
P04211	IGLV7-43	-4.58114119815085	0.0024360814422288	No	No
P04217	A1BG	-5.19778195053761	4.84431618623529e-06	No	No
P04278	SHBG	-2.1534916525398	0.0029882332043942	No	No
P04746	AMY2A	-5.57529477318377	6.76359198359181e-08	No	No
P05090	APOD	-1.56057405907125	0.0027826729301144	No	No
P05156	CFI	-5.36693550066099	6.25540531607419e-09	No	No
P05160	F13B	-2.8223504895498	1.21950637786828e-07	No	No
P05362	ICAM1	-4.27247402289746	4.20261067707641e-10	No	No
P05452	CLEC3B	-6.01925008912358	1.60004468178887e-08	No	No
P05543	SERPINA7	-4.94929326536353	4.43339354820919e-16	No	No
P06276	BCHE	-5.78899236627289	4.76477360904615e-10	No	No
P06310	IGKV2-30	-8.02471127168631	3.4079927082976504e-14	No	No
P06312	IGKV4-1	-3.74599329181164	0.000328318916607	No	No
P06331	IGHV4-34	-2.68860397947503	0.0017148459146095	No	No
P06396	GSN	-1.37527332439694	0.0014151759876158	No	No
P06681	C2	-4.89284252381372	1.0774627466976398e-11	No	No
P06727	APOA4	-2.9329315432376	1.17319412261875e-05	No	No
P06731	CEACAM5	-7.43759264588157	3.58578746301669e-10	No	No
P06737	PYGL	-2.56980527539918	0.0021259424739421	No	No
P07148	FABP1	-5.39975951494823	1.68205346151014e-06	No	No
P07195	LDHB	-3.19531589489166	0.0040136880438131	No	No
P07358	C8B	-3.58929567342089	3.02971875723099e-08	No	No
P07738	BPGM	-4.37652036968201	0.0078224440499783	No	No
P07998	RNASE1	-9.41610185475739	5.16802262151306e-08	No	No
P08185	SERPINA6	-5.11212082343273	2.4141798908630502e-09	No	No
P08217	CELA2A	-7.56319425567671	1.14602560734247e-08	No	No
P08572	COL4A2	-4.4259785218154	0.0021073586788618	No	No
P08603	CFH	-4.19067030301625	1.61746727178238e-09	No	No
P08637	FCGR3A	-2.56863618145129	0.0042704520695007	No	No
P09172	DBH	-4.05840728390863	2.28448246341271e-07	No	No
P09960	LTA4H	-5.63912620329907	4.22091618389428e-05	No	No
P0DP01	IGHV1-8	-3.25185405850007	8.91697273679832e-05	No	No
P0DTE1	IGHV3-38-3	-2.55616801292255	1.29518536289821e-05	No	No
P10586	PTPRF	-3.82994096864732	0.0002197648331715	No	No
P10643	C7	-4.49220094533382	7.67836669138982e-07	No	No
P11279	LAMP1	-3.52912723175795	2.55592233802745e-05	No	No
P11684	SCGB1A1	-6.08290688256134	3.9215121835934003e-10	No	No
P12318	FCGR2A	-3.89721085917905	2.07261013813246e-07	No	No
P12821	ACE	-4.6756812716263	1.94972585937311e-05	No	No
P12955	PEPD	-5.31752468637739	7.27834190198208e-07	No	No
P13473	LAMP2	-5.44966500247854	8.16408041116839e-05	No	No
P13671	C6	-3.97414491602375	4.53371568769594e-06	No	No
P13688	CEACAM1	-6.30719801806825	2.84337187886485e-09	No	No
P15085	CPA1	-3.99553422266106	0.0061269213245948	No	No
P15090	FABP4	-5.04756769432975	7.81313271398647e-05	No	No
P15151	PVR	-3.12983013300869	0.0002711126264948	No	No
P15692	VEGFA	-5.0474528844231	2.8589580928982e-08	No	No
P15814	IGLL1	-3.21314176396423	3.63586255532142e-05	No	No
P16233	PNLIP	-9.94556564107152	7.86312702588725e-17	No	No
P16581	SELE	-3.81833846772533	0.0004543716813819	No	No
P16930	FAH	-4.05789551682729	6.8467246846886e-06	No	No
P17936	IGFBP3	-2.4422454522971	0.0014610302791004	No	No
P18065	IGFBP2	-6.43230658217932	9.50289804616234e-06	No	No
P18564	ITGB6	-10.758729257016	7.29326860790953e-21	No	No
P19652	ORM2	-3.20635989099285	4.7405034649271295e-11	No	No
P20023	CR2	-4.27962181906021	6.11397692357267e-05	No	No
P20138	CD33	-2.45590944103968	0.0039346458576168	No	No
P20742	PZP	-3.24764907107273	1.27714609717372e-07	No	No
P22897	MRC1	-6.56066399322911	2.57560230308647e-10	No	No
P24592	IGFBP6	-3.74383040297537	0.0015230779714086	No	No
P25311	AZGP1	-6.65412633956455	4.95957033781371e-22	No	No
P26927	MST1	-4.89398505686431	3.03490790329598e-05	No	No
P27487	DPP4	-3.15691378031474	0.0004417455455313	No	No
P27918	CFP	-4.74591614275964	1.14448028551985e-07	No	No
P27930	IL1R2	-4.29630203338856	0.0002331444815133	No	No
P29323	EPHB2	-3.30786808915459	0.000537112786474	No	No
P29622	SERPINA4	-2.72593804890716	1.05894935335069e-08	No	No
P32119	PRDX2	-2.98564195299709	0.0009091148781039	No	No
P32754	HPD	-11.9277173254618	6.95743984703982e-19	No	No
P33908	MAN1A1	-4.76413663637375	1.07246269379636e-06	No	No
P34096	RNASE4	-3.99701440798867	0.0019885355571507	No	No
P36222	CHI3L1	-2.64216794903139	0.004838471764388	No	No
P36955	SERPINF1	-2.40548000519725	3.03501159154552e-07	No	No
P36980	CFHR2	-7.18445030652409	6.279518315533831e-09	No	No
P40189	IL6ST	-2.32735115497287	0.0047003493371923	No	No
P40199	CEACAM6	-18.5923496828814	4.90424838936789e-25	No	No
P43652	AFM	-4.50735129467841	7.08818826744085e-13	No	No
P48637	GSS	-4.23223030819786	0.0005137507574254	No	No
P49913	CAMP	-3.69757593037682	0.0021345104171856	No	No
P51797	CLCN6	-4.0934905354544	4.88550168859232e-05	No	No
P54108	CRISP3	-11.0331417487742	2.00467673908183e-12	No	No
P54289	CACNA2D1	-4.48985544511719	0.0007146257864812	No	No
P54760	EPHB4	-5.20118235623262	2.14965998213758e-06	No	No
P54802	NAGLU	-2.72450096651379	0.0052655396762499	No	No
P55774	CCL18	-3.03126203808615	0.0007811401257497	No	No
P61769	B2M	-5.48795706630536	2.11842342829596e-07	No	No
P68871	HBB	-4.42429919542204	2.06707631563151e-06	No	No
P69892	HBG2	-5.41393503673852	2.55587922569272e-06	No	No
P69905	HBA2	-3.87724786513892	1.65513845930392e-11	No	No
P78417	GSTO1	-1.83143508321447	0.0013990409602977	No	No
Q01459	CTBS	-6.54606426269119	2.2150134386473e-06	No	No
Q02747	GUCA2A	-7.60863621613921	1.15919092140627e-11	No	No
Q02985	CFHR3	-5.29286719718785	0.0009359483218844	No	No
Q03154	ACY1	-3.97593605906357	0.0004036353884427	No	No
Q03591	CFHR1	-5.75978374647949	3.07905695292944e-09	No	No
Q07654	TFF3	-3.73389334533693	1.27637503840168e-05	No	No
Q08345	DDR1	-3.84266534047724	1.85924328704916e-05	No	No
Q08ET2	SIGLEC14	-4.48280901018883	0.002343927921907	No	No
Q12860	CNTN1	-4.27305600961104	3.28580497294316e-05	No	No
Q12866	MERTK	-8.72194472553399	2.17804368038664e-06	No	No
Q13093	PLA2G7	-4.2199569760845	3.62168718225544e-07	No	No
Q13228	SELENBP1	-2.96707183293812	4.69181549151705e-05	No	No
Q13508	ART3	-11.342553282102	9.43772644323289e-22	No	No
Q13822	ENPP2	-7.07630693353712	9.89379417659028e-10	No	No
Q14002	CEACAM7	-2.78971448820434	0.0029416023504953	No	No
Q14623	IHH	-3.17119985517726	0.0090114759719324	No	No
Q14624	ITIH4	-3.81065914398338	3.68809008291639e-12	No	No
Q15052	ARHGEF6	-11.4858951308123	4.2192236761798095e-11	No	No
Q15113	PCOLCE	-3.54901069027251	0.0005017510465054	No	No
Q15223	NECTIN1	-6.83885280535035	8.22929092444298e-06	No	No
Q15485	FCN2	-4.79134258074612	0.0008080930983976	No	No
Q15848	ADIPOQ	-7.55783135812871	1.98142259918481e-07	No	No
Q16394	EXT1	-7.14236589905399	2.0676191965239097e-11	No	No
Q16627	CCL14	-10.1442901191259	2.1837877586774602e-17	No	No
Q16651	PRSS8	-6.73405973825525	1.63479261529462e-09	No	No
Q16663	CCL15	-5.58463884937884	1.41116407376492e-09	No	No
Q16822	PCK2	-4.00615835317344	0.0019922765747352	No	No
Q16853	AOC3	-6.90977836324745	2.25776959704476e-06	No	No
Q5VTT5	MYOM3	-12.670260885843	4.729702428077459e-30	No	No
Q66GS9	CEP135	-5.68153249262142	3.36520088884507e-05	No	No
Q6EMK4	VASN	-4.20125767853274	6.01544211777626e-06	No	No
Q7Z7M0	MEGF8	-8.7558227206785	5.92360318958244e-08	No	No
Q86U17	SERPINA11	-2.61115746332352	0.001066795146503	No	No
Q86VB7	CD163	-4.75170365941093	9.87052884505418e-06	No	No
Q8IWV2	CNTN4	-7.84786514345534	3.48442131820863e-14	No	No
Q8N6C8	LILRA3	-4.96641425561802	1.02356793069222e-06	No	No
Q8ND04	SMG8	-4.55062697760611	0.0018456750150212	No	No
Q8WWW0	RASSF5	-5.58998481447261	0.0001997434438741	No	No
Q8WZ75	ROBO4	-3.62676011497568	0.0057144992825664	No	No
Q92484	SMPDL3A	-6.31337243945142	8.29836407222097e-06	No	No
Q92835	INPP5D	-8.29654085973857	6.35082464086886e-09	No	No
Q92876	KLK6	-3.40978030786223	6.68720627804e-05	No	No
Q92954	PRG4	-1.80186529932507	9.94643413375177e-05	No	No
Q93045	STMN2	-3.46380460005425	6.70395408373731e-05	No	No
Q93063	EXT2	-4.92336887241976	1.85996302768568e-05	No	No
Q96CV9	OPTN	-4.68522636093927	0.0008781195053786	No	No
Q96IY4	CPB2	-5.04109272369066	1.79861811785225e-05	No	No
Q96PD5	PGLYRP2	-3.05712712615018	1.86934287227754e-06	No	No
Q96S96	PEBP4	-6.03669598363215	1.59113803351593e-06	No	No
Q99969	RARRES2	-4.86458966433833	0.0008234235942765	No	No
Q99996	AKAP9	-2.61037437825468	0.0079386527313466	No	No
Q9BTY2	FUCA2	-3.1852304178889	0.0089142333012537	No	No
Q9GZM5	YIPF3	-5.3024064426647	0.0001854877601979	No	No
Q9HC84	MUC5B	-2.9798860893825	0.0021013262399185	No	No
Q9NP80	PNPLA8	-5.72758124562585	0.0002901922490448	No	No
Q9NPH3	IL1RAP	-3.34967147296441	0.0019052374472613	No	No
Q9NQ38	SPINK5	-7.91681072206991	2.1014107862543197e-11	No	No
Q9NS71	GKN1	-2.91514437471876	0.0047637955927816	No	No
Q9NTU7	CBLN4	-3.14600264302511	0.0011460584993297	No	No
Q9NZK5	ADA2	-4.73545993100658	0.0001235749135407	No	No
Q9NZL9	MAT2B	-6.65359494885083	0.0010521220492618	No	No
Q9P0Z9	PIPOX	-4.8344717793852	1.12148331311179e-06	No	No
Q9P232	CNTN3	-6.09988674536009	1.50931432554629e-06	No	No
Q9UBQ6	EXTL2	-4.82218805949748	7.65926384184327e-05	No	No
Q9UGM5	FETUB	-4.18490457177627	3.37433028212737e-06	No	No
Q9UNN8	PROCR	-3.08247032731303	0.0013131070538613	No	No
Q9Y617	PSAT1	-4.30715433797815	0.0009639156682348	No	No
Q9Y664	KPTN	-7.95199104526808	6.349870464377211e-15	No	No
