Protein_Group	Genes	SAX_22001_M1_vs_RAW_22001_M1_logFC	SAX_22001_M1_vs_RAW_22001_M1_pval	Removed?	Contaminant?
A0A075B6J2	IGLV2-33	7.58388627368937	4.93030488238766e-10	No	No
A0A0B4J2D5;P0DPI2	GATD3A;GATD3B	7.62233490081393	5.56872016165765e-08	No	No
A0AVT1	UBA6	4.07219830166643	0.0002129705943186	No	No
A0FGR8	ESYT2	7.86858772931296	2.98663935446917e-13	No	No
A1A4S6	ARHGAP10	4.59361347461786	0.0001914547448757	No	No
A1L0T0	ILVBL	3.97428432796282	3.30535044069219e-05	No	No
A1X283	SH3PXD2B	4.0557222078973	0.0015499327442489	No	No
A2RRP1	NBAS	3.64828009330785	0.0028083841465375	No	No
A2RUS2	DENND3	6.51028641040083	8.14850826434853e-08	No	No
A5YKK6	CNOT1	3.92774800291409	0.0005775504228819	No	No
A6NDB9	PALM3	6.98678345687376	3.66680874131026e-09	No	No
A6NDG6	PGP	5.95596998519605	1.22887972528707e-07	No	No
A6NDU8	C5orf51	4.52532631729296	1.06682061046106e-05	No	No
A6NHL2	TUBAL3	8.78280845013006	6.0738262496674e-11	No	No
A6QL63	BTBD11	6.43857914002697	7.4784844059773e-09	No	No
B0I1T2	MYO1G	6.508057832324	5.58056234159537e-09	No	No
B1AKI9	ISM1	4.71241903257908	5.98321955616256e-05	No	No
B2RUZ4	SMIM1	6.54449098294312	6.06515540742124e-10	No	No
B5ME19;Q99613	EIF3C;EIF3CL	5.38422306854659	8.82689330737823e-06	No	No
E9PAV3	NACA	7.89099667456579	2.5182401818118404e-15	No	No
O00116	AGPS	6.29229310262352	1.7539044626633602e-09	No	No
O00139	KIF2A	9.337243513042	9.088166725060591e-14	No	No
O00151	PDLIM1	2.87701274446676	0.0001349600654013	No	No
O00154	ACOT7	5.91610885305086	7.596273718901e-06	No	No
O00159	MYO1C	7.10558089128434	1.94514286985257e-07	No	No
O00161	SNAP23	9.53173094184076	9.317427908621889e-12	No	No
O00178	GTPBP1	4.56109465759072	5.31947308538471e-06	No	No
O00186	STXBP3	8.05750722786929	1.46659094772318e-08	No	No
O00187	MASP2	4.17726754506835	1.3149996330269e-09	No	No
O00194	RAB27B	10.9594610554615	1.44596095479474e-22	No	No
O00203	AP3B1	7.35940757597761	8.53642302216193e-13	No	No
O00214	LGALS8	4.49631918408128	5.1254454449442e-05	No	No
O00217	NDUFS8	6.19336005759979	1.83665050556667e-08	No	No
O00231	PSMD11	8.89688113082651	4.1590858669186497e-13	No	No
O00232	PSMD12	6.82049038862006	6.23328015808436e-10	No	No
O00233	PSMD9	5.21105477236836	1.22362126904261e-06	No	No
O00264	PGRMC1	3.98428308373719	2.25962713932179e-07	No	No
O00303	EIF3F	6.32428097483872	3.42302779822444e-08	No	No
O00339	MATN2	10.8020257059258	1.92627853495442e-14	No	No
O00399	DCTN6	5.06749481312311	6.39194590212979e-06	No	No
O00410	IPO5	8.3313489653393	1.73551289854982e-09	No	No
O00425	IGF2BP3	4.28971944097133	0.000173408495159	No	No
O00429	DNM1L	9.76828976447252	3.5245971101422096e-11	No	No
O00442	RTCA	5.41562887883692	1.50876603737335e-07	No	No
O00453	LST1	3.59594681991765	0.0005515735664913	No	No
O00461	GOLIM4	8.58649247188945	3.5863789875848204e-14	No	No
O00468	AGRN	4.94017489523752	0.0001059591069422	No	No
O00469	PLOD2	7.85208949674866	9.83160156905632e-06	No	No
O00483	NDUFA4	5.46919425241522	4.14438902043971e-06	No	No
O00487	PSMD14	7.7194522208397	1.6110823682182e-08	No	No
O00499	BIN1	6.9921908591526	6.25374479117417e-07	No	No
O00501	CLDN5	6.91625811349555	4.9657823687318895e-11	No	No
O00505	KPNA3	7.24346540969964	9.18709194457249e-12	No	No
O00506	STK25	3.07132643576223	0.0028083997417773	No	No
O00534	VWA5A	6.32909024757567	8.402674860299251e-09	No	No
O00560	SDCBP	9.79506825125571	2.3496710252197e-11	No	No
O00571	DDX3X	7.13902816610421	1.01189391790791e-10	No	No
O00585	CCL21	3.88114166796118	2.25794573954098e-05	No	No
O00587	MFNG	6.98941330764606	2.8642505663895702e-09	No	No
O00629	KPNA4	3.99715966571395	0.0030947526006736	No	No
O00743	PPP6C	7.40337007332147	5.12023476828838e-12	No	No
O00746	NME4	3.76811037830419	0.0004296283290604	No	No
O00748	CES2	7.75702737976509	3.67252648127229e-09	No	No
O00754	MAN2B1	3.74881048245644	0.0011206743243353	No	No
O14521	SDHD	4.20836021560546	3.15456588154857e-05	No	No
O14523	C2CD2L	6.39888294772978	5.70512412904853e-08	No	No
O14530	TXNDC9	5.14431704712611	9.24654620817159e-06	No	No
O14548	COX7A2L	4.09313584152585	7.83501609647162e-05	No	No
O14561	NDUFAB1	5.57659470485315	1.50512840036419e-08	No	No
O14579	COPE	7.40396001795459	6.7871590358598e-08	No	No
O14594	NCAN	8.78745690575296	4.28128661927423e-15	No	No
O14617	AP3D1	7.06631693764046	3.80881540819587e-07	No	No
O14618	CCS	6.52370532525042	1.13043646871198e-07	No	No
O14639	ABLIM1	3.46068730615634	0.0005394056292058	No	No
O14656	TOR1A	8.7342707297407	2.2056656714554198e-12	No	No
O14657	TOR1B	3.6822848249825	0.0002411554187375	No	No
O14662	STX16	4.92328450659815	2.81345289149831e-06	No	No
O14672	ADAM10	9.49809942875704	7.3648450010956e-11	No	No
O14734	ACOT8	6.24585327434671	9.2640524954832e-10	No	No
O14737	PDCD5	4.54570567631747	0.0001421333539487	No	No
O14744	PRMT5	6.71917576339151	3.70828431135035e-10	No	No
O14745	SLC9A3R1	3.88106734112505	0.0060767353014984	No	No
O14773	TPP1	8.68842794331445	1.43657399237834e-07	No	No
O14786	NRP1	4.80470391184468	5.372755037855261e-09	No	No
O14787	TNPO2	3.6170470943754	0.0081460220114493	No	No
O14793	MSTN	6.01048733966305	1.11133129364871e-06	No	No
O14818	PSMA7	5.87183757395704	2.17328434544907e-12	No	No
O14828	SCAMP3	7.26749790246008	8.545003441098169e-13	No	No
O14880	MGST3	5.87083995866437	2.19577659017501e-06	No	No
O14908	GIPC1	4.50621399113346	0.0007503362029133	No	No
O14917	PCDH17	6.40226137699332	8.705341079591051e-09	No	No
O14920	IKBKB	6.52894530583477	4.5765013431263e-07	No	No
O14949	UQCRQ	4.66657477138456	1.14254690944988e-05	No	No
O14957	UQCR11	5.30340901172819	8.82053752916968e-09	No	No
O14964	HGS	5.12719896513459	1.28760574843536e-06	No	No
O14972	VPS26C	4.98320532537119	4.18549260922126e-06	No	No
O14974	PPP1R12A	8.053832609267	3.0554691909949998e-15	No	No
O14980	XPO1	5.66706087458308	3.43493835422599e-08	No	No
O15027	SEC16A	5.65383567586265	2.73349359447676e-07	No	No
O15067	PFAS	5.48071542150455	3.71866220471138e-06	No	No
O15084	ANKRD28	5.66111670931647	6.3039738354347e-07	No	No
O15116	LSM1	5.5866708893127	2.44596655133879e-06	No	No
O15117	FYB1	10.7596697870451	6.08236450486081e-27	No	No
O15126	SCAMP1	4.38320794097142	6.99267813861336e-05	No	No
O15127	SCAMP2	7.31096464795447	1.58835171474001e-06	No	No
O15143	ARPC1B	4.09898072748382	2.8901430341467e-07	No	No
O15144	ARPC2	10.3000852184209	3.4510772240368197e-26	No	No
O15145	ARPC3	9.06164403600255	1.48136013884375e-17	No	No
O15155	BET1	5.99264992392119	3.1328847731429604e-09	No	No
O15162	PLSCR1	4.50275082238974	3.15985455910324e-05	No	No
O15173	PGRMC2	7.8006040597924	4.240283411165441e-09	No	No
O15194	CTDSPL	6.29496629443283	3.63554550041616e-08	No	No
O15212	PFDN6	6.80304599020324	1.0649535958597199e-11	No	No
O15230	LAMA5	7.89736048727478	2.05003593766694e-08	No	No
O15231	ZNF185	7.77901984658514	2.158607141465e-07	No	No
O15240	VGF	2.59374255954032	0.0009398560660177	No	No
O15260	SURF4	6.02148086783659	2.44262438655017e-10	No	No
O15269	SPTLC1	5.82204182214474	2.52600733671174e-08	No	No
O15327	INPP4B	5.38462708952131	2.04217099258186e-07	No	No
O15357	INPPL1	5.15518455976039	1.05018628736954e-07	No	No
O15371	EIF3D	7.42347518078376	1.3357692877268699e-12	No	No
O15372	EIF3H	3.36518049595814	0.0024603253387184	No	No
O15400	STX7	8.91085093098564	1.5543076448209901e-15	No	No
O15427	SLC16A3	7.69032797243218	4.7097959294769794e-12	No	No
O15439	ABCC4	7.45042508855726	1.32297560073114e-06	No	No
O15460	P4HA2	5.32346113994704	2.02809744472524e-05	No	No
O15466	ST8SIA5	5.93558316443177	1.01188200678836e-07	No	No
O15498	YKT6	6.63232636093224	1.48447317964718e-10	No	No
O15511	ARPC5	2.32839359030512	0.0047892404169785	No	No
O15533	TAPBP	7.04626127765238	1.9166601270695798e-11	No	No
O15551	CLDN3	6.23822860968205	1.7277779135593201e-09	No	No
O15554	KCNN4	4.54395687303809	1.01440547874705e-05	No	No
O43149	ZZEF1	7.55500869520972	1.49595993462602e-07	No	No
O43150	ASAP2	8.22511504927982	1.2764281206955399e-11	No	No
O43157	PLXNB1	4.49841672787674	9.29697672929257e-05	No	No
O43169	CYB5B	6.03279234717063	4.0473793530654e-09	No	No
O43175	PHGDH	6.56338835683722	1.23755591231052e-07	No	No
O43181	NDUFS4	4.9710240036914	2.65040328949907e-05	No	No
O43182	ARHGAP6	8.59955658530263	3.18217280586988e-10	No	No
O43236	SEPTIN4	7.45097328652545	7.783560004802651e-09	No	No
O43237	DYNC1LI2	4.27846266725628	7.90391272849732e-05	No	No
O43242	PSMD3	5.9489969008727	7.94142902951985e-06	No	No
O43294	TGFB1I1	8.91289251423141	2.50168998657558e-14	No	No
O43306	ADCY6	7.53409616420533	6.6548132291331e-14	No	No
O43312	MTSS1	6.66280903203812	2.0904569285179397e-11	No	No
O43318	MAP3K7	4.2848449927905	5.8652600212478e-05	No	No
O43396	TXNL1	9.04300168572183	7.5012295021699e-11	No	No
O43399	TPD52L2	7.83410208115503	1.59247230798612e-07	No	No
O43405	COCH	3.12642124693528	0.0047546527916917	No	No
O43432	EIF4G3	5.45271806359631	4.08890172114422e-05	No	No
O43488	AKR7A2	2.19207084181092	0.000114376694032	No	No
O43491	EPB41L2	7.78787966486036	3.70455880276805e-11	No	No
O43504	LAMTOR5	7.30523949243508	8.55937769701769e-08	No	No
O43516	WIPF1	7.09288647068985	5.41532624188751e-07	No	No
O43529	CHST10	6.9359165294287	1.3817675242437e-09	No	No
O43561	LAT	7.17242568667342	1.13670977400425e-12	No	No
O43592	XPOT	4.4188754568944	0.0001749523327619	No	No
O43598	DNPH1	5.70585158100477	6.10033264761614e-07	No	No
O43615	TIMM44	4.89163723156596	3.40255183198066e-06	No	No
O43617	TRAPPC3	6.83261585958774	4.3088253946686e-11	No	No
O43633	CHMP2A	5.75647451644206	3.42432987295299e-08	No	No
O43639	NCK2	8.54966174337915	1.71182635594738e-15	No	No
O43665	RGS10	6.7466478917441	7.088718277275961e-09	No	No
O43676	NDUFB3	6.35243551685211	1.23878813256098e-09	No	No
O43678	NDUFA2	5.86592609685114	1.1267998083389e-07	No	No
O43681	GET3	9.55609552739264	2.93611683475861e-18	No	No
O43707	ACTN4	4.59803445170979	1.1950312734589e-07	No	No
O43741	PRKAB2	4.09626349330249	8.40716432447199e-05	No	No
O43747	AP1G1	6.61245994289676	1.86535774862718e-05	No	No
O43752	STX6	4.34627549417973	4.16009554560747e-05	No	No
O43760	SYNGR2	4.37108528200288	0.0001013561716741	No	No
O43765	SGTA	5.24660131376043	3.05842051459375e-05	No	No
O43772	SLC25A20	4.55361949977043	2.78513260583141e-05	No	No
O43776	NARS1	5.38572190543634	2.98292739521882e-06	No	No
O43813	LANCL1	3.17414562278676	0.001507142807858	No	No
O43815	STRN	6.63337479234838	4.5933153748658096e-11	No	No
O43837	IDH3B	5.19099273272442	2.1976475424009e-06	No	No
O43847	NRDC	5.39571940339447	1.44267695406036e-05	No	No
O43852	CALU	8.23866381963027	2.6099221981347903e-09	No	No
O43866	CD5L	1.55738106391545	0.0065204595186368	No	No
O43897	TLL1	5.31494131490807	2.73865204429213e-06	No	No
O43915	VEGFD	2.96822340836415	0.0022994587457886	No	No
O43916	CHST1	4.86330770505112	1.43575251240397e-05	No	No
O43920	NDUFS5	5.5182785683519	3.13867399495948e-09	No	No
O60229	KALRN	8.97475224849234	4.51754761267999e-10	No	No
O60240	PLIN1	5.01164273142626	9.64505118613725e-07	No	No
O60243	HS6ST1	5.84060076698431	7.96767278034093e-08	No	No
O60245	PCDH7	8.66546540349876	2.5098742864546397e-13	No	No
O60256	PRPSAP2	6.30432543639617	4.44322580370045e-07	No	No
O60271	SPAG9	5.1744935911363	4.26726082722731e-08	No	No
O60279	SUSD5	4.89922209908046	1.14576250074436e-06	No	No
O60313	OPA1	7.092378494192	1.5818177149732898e-11	No	No
O60330	PCDHGA12	6.90008407744001	2.1295227619204198e-11	No	No
O60331	PIP5K1C	7.07583005513858	1.14336410698938e-08	No	No
O60437	PPL	7.69043243354378	4.72661163976365e-07	No	No
O60449	LY75	6.46701331201972	2.48378007913696e-06	No	No
O60462	NRP2	3.85827976190621	1.24489174521003e-06	No	No
O60488	ACSL4	5.84336679597738	5.16235524523165e-08	No	No
O60493	SNX3	6.10609292153052	0.0003548206957819	No	No
O60496	DOK2	7.85090142347561	4.53255645335208e-13	No	No
O60506	SYNCRIP	6.09022617921125	9.54457832229865e-08	No	No
O60507	TPST1	6.90283017603363	8.7883600093662e-09	No	No
O60568	PLOD3	8.1049762189801	2.5192803359902303e-10	No	No
O60573	EIF4E2	3.68159829695559	0.000779030006999	No	No
O60610	DIAPH1	10.88060899629	1.9659908082807298e-28	No	No
O60613	SELENOF	8.11180497977211	1.1715384270268e-13	No	No
O60645	EXOC3	5.74634170226467	3.87306151166184e-08	No	No
O60664	PLIN3	7.36174040134785	5.62338249116966e-08	No	No
O60667	FCMR	3.51141029261332	0.0012154027489917	No	No
O60669	SLC16A7	6.08159502879028	1.12415646418855e-08	No	No
O60704	TPST2	8.57836739748691	7.74317242668894e-12	No	No
O60716	CTNND1	5.60118039082064	9.2479109140222e-08	No	No
O60749	SNX2	7.88712094005047	7.16625919862495e-08	No	No
O60763	USO1	6.65586822436791	7.4926004421268e-07	No	No
O60784	TOM1	4.78547321302241	0.0004158947624264	No	No
O60826	CCDC22	4.09662422168384	0.0001003532108407	No	No
O60841	EIF5B	3.1576221569746	0.0067280314706067	No	No
O60884	DNAJA2	7.04687465963934	1.5079695874971e-10	No	No
O60890	OPHN1	3.9617262315979	0.0022783248937115	No	No
O60896	RAMP3	6.25574956908799	1.06583915448734e-08	No	No
O60925	PFDN1	4.44046250949937	2.84094637901965e-06	No	No
O60927	PPP1R11	6.03659193025633	4.808327808313351e-09	No	No
O60936	NOL3	11.5015969982766	3.6165488159846205e-09	No	No
O75069	TMCC2	3.66531109792842	0.000565324175653	No	No
O75083	WDR1	1.94728877331344	0.0053972264326287	No	No
O75095	MEGF6	7.52140710811372	4.45092343175776e-11	No	No
O75096	LRP4	5.87623616373974	8.70995139056325e-06	No	No
O75116	ROCK2	10.1108820545329	4.2352324509521604e-17	No	No
O75122	CLASP2	3.25260878641871	0.0018605591084055	No	No
O75131	CPNE3	7.25240362007903	5.94657819516082e-11	No	No
O75143	ATG13	3.89724711727375	0.0087955941502287	No	No
O75154	RAB11FIP3	3.41830045930406	0.0012900198567083	No	No
O75165	DNAJC13	3.30975969652994	0.0044439792880743	No	No
O75175	CNOT3	8.90755910132883	1.78454354423554e-07	No	No
O75197	LRP5	8.61813645829359	4.21415272830586e-13	No	No
O75208	COQ9	5.62651019415289	1.08531402136664e-06	No	No
O75223	GGCT	4.48930290694426	0.0020569377805272	No	No
O75251	NDUFS7	4.78610779722477	1.36746467185374e-05	No	No
O75298	RTN2	8.26997725663017	2.26198904528046e-07	No	No
O75306	NDUFS2	6.43661807337565	8.29654344622716e-09	No	No
O75309	CDH16	10.0208148625164	1.4879502507336602e-14	No	No
O75323	NIPSNAP2	5.15758616593413	5.38994625500028e-07	No	No
O75348	ATP6V1G1	6.16778135191853	2.34161087121039e-08	No	No
O75351	VPS4B	6.96825971340336	7.958995067090229e-11	No	No
O75352	MPDU1	6.1486589925304	2.9700276301177404e-09	No	No
O75356	ENTPD5	6.45296836859255	1.89845092568881e-08	No	No
O75380	NDUFS6	4.56820658052418	1.75738885235525e-06	No	No
O75381	PEX14	3.98435508449519	6.21471081366994e-05	No	No
O75390	CS	9.04802379518043	9.09378662714115e-20	No	No
O75396	SEC22B	8.09966509651458	1.73801507991237e-13	No	No
O75410	TACC1	6.49636617763017	2.35941080984228e-06	No	No
O75427	LRCH4	3.47567999974133	0.0007411280633394	No	No
O75436	VPS26A	6.2720639110318	3.4602731537747103e-10	No	No
O75438	NDUFB1	5.41742095229426	1.6089782213681e-09	No	No
O75439	PMPCB	3.52972856949805	0.0015369030914407	No	No
O75477	ERLIN1	4.12678624563673	0.0002549738577868	No	No
O75487	GPC4	8.45901409376739	5.652570802626631e-15	No	No
O75489	NDUFS3	7.01147300545363	1.1057033033644599e-11	No	No
O75503	CLN5	3.87032540469045	0.0010101300632729	No	No
O75506	HSBP1	4.57236187356209	3.21530736880167e-05	No	No
O75521	ECI2	5.22831878779146	1.20270593791718e-06	No	No
O75531	BANF1	6.9071354617259	6.40522505648401e-08	No	No
O75558	STX11	9.54764321623933	4.3053284233185204e-17	No	No
O75563	SKAP2	9.2317314111119	1.6488060733598498e-11	No	No
O75581	LRP6	4.35633603667424	8.31360315680929e-06	No	No
O75592	MYCBP2	5.39348843294581	1.01731523508139e-06	No	No
O75608	LYPLA1	6.71720684990983	1.73948787907303e-05	No	No
O75629	CREG1	5.66923472982172	4.36595896764336e-08	No	No
O75688	PPM1B	5.68818238984239	5.57530411848068e-07	No	No
O75695	RP2	8.22313903783885	7.1941261803866405e-09	No	No
O75718	CRTAP	5.75942472703029	3.72594003042861e-07	No	No
O75752	B3GALNT1	9.05428553367453	6.2691493400227506e-15	No	No
O75787	ATP6AP2	7.98259662644804	1.51496132654301e-13	No	No
O75791	GRAP2	8.25423757032343	1.2989648136118099e-11	No	No
O75821	EIF3G	5.98292347809479	6.46968665041425e-08	No	No
O75822	EIF3J	7.57676335347138	1.48266230278793e-10	No	No
O75832	PSMD10	4.44946238600927	6.6388206997318e-05	No	No
O75844	ZMPSTE24	7.37465598723397	2.4905935622087e-07	No	No
O75886	STAM2	5.32465649069392	2.31853156636531e-05	No	No
O75888	TNFSF13	6.69767695859942	4.51770959270513e-08	No	No
O75891	ALDH1L1	4.9788344519898	3.55398284707453e-05	No	No
O75915	ARL6IP5	8.12839462838375	2.3542587337554303e-15	No	No
O75935	DCTN3	6.5949401063326	7.85872232225425e-06	No	No
O75947	ATP5PD	8.81926682467503	1.44996555301595e-08	No	No
O75954	TSPAN9	8.50652441726878	8.48333899391769e-14	No	No
O75955	FLOT1	9.88271337306639	6.931693077808911e-20	No	No
O75964	ATP5MG	8.6039180926001	1.2770306221953601e-15	No	No
O75995	SASH3	5.10324752962698	1.7908335883373e-06	No	No
O76003	GLRX3	9.065158141976	4.37650364115207e-07	No	No
O76031	CLPX	8.06709595768852	5.07173328094012e-09	No	No
O76061	STC2	2.64891719752146	0.0005346762658071	No	No
O76071	CIAO1	5.09101286738639	6.33152957688308e-07	No	No
O76074	PDE5A	9.22651449523778	8.24400658963064e-19	No	No
O94769	ECM2	5.39013686018844	1.62165066291867e-07	No	No
O94804	STK10	7.47010782771211	6.32368664748775e-08	No	No
O94826	TOMM70	6.30843437540782	6.32060612089333e-07	No	No
O94874	UFL1	4.48921306085309	0.000207389368946	No	No
O94886	TMEM63A	7.76393695152575	3.09515380172564e-09	No	No
O94905	ERLIN2	6.27895427554922	3.24362431493554e-08	No	No
O94915	FRYL	4.09602691799599	0.0014384587496691	No	No
O94919	ENDOD1	9.94988415942322	5.73737163783582e-16	No	No
O94923	GLCE	6.27835727412887	1.4646095331499902e-09	No	No
O94925	GLS	4.80659507876207	1.52865702177371e-06	No	No
O94929	ABLIM3	6.25271574271465	1.8696820826081e-09	No	No
O94973	AP2A2	3.16689327723074	0.0028025061771582	No	No
O94979	SEC31A	6.86741491904894	4.235888154263929e-11	No	No
O95084	PRSS23	9.3488551315492	1.0596854498026702e-09	No	No
O95140	MFN2	5.2948995096091	8.06808445055501e-07	No	No
O95169	NDUFB8	4.9396970671373	2.81678684617048e-06	No	No
O95182	NDUFA7	6.03696721329637	4.88297200485711e-07	No	No
O95183	VAMP5	5.74705476613128	1.81186982890771e-07	No	No
O95185	UNC5C	5.23478430037263	2.89476918110635e-06	No	No
O95196	CSPG5	2.9006046306717	0.0004520987234589	No	No
O95197	RTN3	6.58433779412836	3.72897495239335e-07	No	No
O95202	LETM1	6.00844428436639	1.1367206329536e-09	No	No
O95260	ATE1	4.04512098988767	0.0008210309469383	No	No
O95292	VAPB	7.53704285818486	2.7079361520995997e-13	No	No
O95295	SNAPIN	6.9357861385863	7.14495964898607e-11	No	No
O95299	NDUFA10	4.76125955068096	3.66652160712125e-05	No	No
O95302	FKBP9	8.76124422278317	2.16622966738959e-16	No	No
O95336	PGLS	8.06672169235696	3.03925669287249e-09	No	No
O95340	PAPSS2	3.46904927142964	0.0021810023313104	No	No
O95352	ATG7	7.9298286693314	9.29542559693388e-08	No	No
O95373	IPO7	7.75861912261508	1.15399908375764e-10	No	No
O95376	ARIH2	3.50226199561675	0.0002719968930746	No	No
O95393	BMP10	9.32360655140453	6.95193582836465e-18	No	No
O95425	SVIL	6.0569363070079	3.62417005876674e-07	No	No
O95427	PIGN	5.13542506104339	6.62628149024255e-08	No	No
O95433	AHSA1	5.47295730005846	5.24810501211948e-07	No	No
O95466	FMNL1	2.84980945160858	0.0097617073308775	No	No
O95490	ADGRL2	4.48571190284862	0.0084782570017514	No	No
O95544	NADK	6.74234563056011	8.19079969752365e-12	No	No
O95571	ETHE1	6.13045137036698	3.99999061896163e-07	No	No
O95630	STAMBP	5.48187382273174	1.38201790169051e-06	No	No
O95633	FSTL3	7.97828806795352	1.35534181667966e-12	No	No
O95644	NFATC1	3.89098249947654	0.0002316993448003	No	No
O95674	CDS2	8.24935528505352	4.5371268709510705e-14	No	No
O95721	SNAP29	8.03233382880799	9.57393139525548e-13	No	No
O95727	CRTAM	7.63060393374227	1.8541710082535402e-09	No	No
O95747	OXSR1	6.76753229630696	2.59688165666382e-06	No	No
O95782	AP2A1	7.56164860315746	6.36140791569163e-08	No	No
O95810	CAVIN2	6.31054522985317	2.18041843335004e-06	No	No
O95819	MAP4K4	5.55223483653626	2.50557212449672e-09	No	No
O95831	AIFM1	8.09998729082999	1.96059957646307e-13	No	No
O95841	ANGPTL1	4.58435145324296	8.47881719770474e-06	No	No
O95858	TSPAN15	5.35833147226346	3.04983260512111e-07	No	No
O95861	BPNT1	2.93808697590387	0.0062276902996838	No	No
O95865	DDAH2	4.32222996828347	4.46845794208562e-05	No	No
O95866	MPIG6B	8.84842682230031	9.403545883906591e-09	No	No
O95870	ABHD16A	8.52162808702205	1.12183337975017e-08	No	No
O95881	TXNDC12	6.26770658098338	7.2220782966271605e-09	No	No
O95965	ITGBL1	2.85367343157578	0.0037168888527408	No	No
O95967	EFEMP2	2.20499901354788	0.0074327793021979	No	No
O96000	NDUFB10	7.15267653097398	1.8109522354539e-07	No	No
O96008	TOMM40	5.16625474968166	6.30986129935146e-06	No	No
O96019	ACTL6A	4.17936927511617	3.65530737459937e-05	No	No
P00167	CYB5A	8.08242586587173	2.48742735765031e-12	No	No
P00387	CYB5R3	3.69185563873434	4.00000399762319e-07	No	No
P00395	MT-CO1	4.54026648032532	1.72096626301671e-05	No	No
P00403	MT-CO2	8.8282870732527	9.74538811494666e-16	No	No
P00414	MT-CO3	6.07673864730346	3.3518834537837e-08	No	No
P00451	F8	3.0972176075629	7.08339389761336e-05	No	No
P00491	PNP	3.24051591683776	0.0029477331124653	No	No
P00492	HPRT1	3.24471883735844	6.64647389537079e-06	No	No
P00505	GOT2	7.96777095443964	2.20679875585281e-08	No	No
P00568	AK1	7.58258729443054	3.59742003469663e-12	No	No
P00734	F2	5.12721527510973	8.88851068766974e-19	No	No
P00736	C1R	2.231366478264	9.97907120057685e-07	No	No
P00740	F9	6.7611041757821	6.01419012028259e-24	No	No
P00742	F10	5.94146439453389	6.07624046037314e-18	No	No
P00846	MT-ATP6	6.79038359043645	3.01406092467404e-09	No	No
P01040	CSTA	6.60040431240742	0.0009722683438626	No	No
P01042	KNG1	3.2468437093443	1.15332079732396e-09	No	No
P01111	NRAS	7.18677486139054	3.16466210752957e-10	No	No
P01116	KRAS	8.29441891337328	1.63087002352277e-08	No	No
P01133	EGF	7.77964664828375	7.56738824879129e-13	No	No
P01137	TGFB1	10.802817633866	7.26295318752515e-29	No	No
P01266	TG	7.44751012097326	3.40228465558081e-11	No	No
P01275	GCG	6.92128166945676	3.7896944710027e-14	No	No
P01732	CD8A	4.29510191524356	0.0012204549190178	No	No
P01889	HLA-B	5.30712904891515	4.85515139062824e-07	No	No
P01903	HLA-DRA	6.08517975165584	2.78916758203613e-05	No	No
P01911	HLA-DRB1	7.56661096516206	7.39822924617802e-14	No	No
P02549	SPTA1	8.1821894137361	7.32264608897433e-08	No	No
P02671	FGA	2.29277562147498	4.87461841376168e-06	No	No
P02675	FGB	1.83915678576467	1.60570960770452e-05	No	No
P02679	FGG	2.6023365060176	3.57769369251917e-07	No	No
P02686	MBP	5.17081465234233	3.2202776225218e-06	No	No
P02741	CRP	6.35926861317263	9.74281391771177e-13	No	No
P02748	C9	3.74615142660099	2.3602011418610603e-09	No	No
P02751	FN1	4.46051929172955	1.18158167299163e-13	No	No
P02753	RBP4	1.73743102082614	0.0001901846090631	No	No
P02810	PRH2	4.79355119209785	5.36377639799972e-07	No	No
P04003	C4BPA	4.5097941545794	5.28507519522134e-16	No	No
P04004	VTN	4.07847278527133	4.01946217262086e-13	No	No
P04062	GBA	6.52679876803047	1.261922560616e-05	No	No
P04070	PROC	6.30005624566427	2.81915281659938e-08	No	No
P04083	ANXA1	8.17839616703424	2.6635281077493203e-10	No	No
P04085	PDGFA	5.49809938624929	2.96157042503222e-07	No	No
P04233	CD74	5.96542386573452	2.17195308749903e-05	No	No
P04271	S100B	7.10719337817121	1.84926941265919e-10	No	No
P04275	VWF	4.32304027199357	1.9684093176922098e-11	No	No
P04350	TUBB4A	4.01140302720278	1.79272765596409e-07	No	No
P04406	GAPDH	2.83853500910378	0.0023747370423498	No	No
P04440	HLA-DPB1	3.63045000842266	0.0046090776606382	No	No
P04632	CAPNS1	11.4886566789081	8.82137404314213e-22	No	No
P04792	HSPB1	4.98879569806794	2.11431347888572e-08	No	No
P04839	CYBB	3.19535566601921	0.0090456589558826	No	No
P04843	RPN1	9.43018393330097	6.579780828231021e-15	No	No
P04844	RPN2	9.14064633909607	2.1155314233103102e-14	No	No
P04899	GNAI2	10.6714246314726	1.8026716695922899e-28	No	No
P04908;P0C0S8;P20671;Q7L7L0;Q93077;Q96KK5	H2AC12;H2AC17;H2AC6;H2AC7;H2AC8;H2AW	7.62748365317226	3.64587902682702e-07	No	No
P05023	ATP1A1	2.36309878858773	0.0043864820501371	No	No
P05067	APP	11.5109570986688	1.94367193931569e-19	No	No
P05106	ITGB3	3.75531699016493	0.0034960363675966	No	No
P05107	ITGB2	3.14004862604049	0.0002249600688508	No	No
P05121	SERPINE1	3.23090599486048	5.13716309155457e-06	No	No
P05141	SLC25A5	9.10581271293198	4.5716362633120803e-17	No	No
P05155	SERPING1	1.92455125387171	1.2348488266091e-05	No	No
P05165	PCCA	5.96290994910191	3.41715590072804e-08	No	No
P05166	PCCB	6.57407735023414	1.94560171529774e-07	No	No
P05187	ALPP	7.39610360007554	6.944985438064991e-14	No	No
P05198	EIF2S1	7.99418406093312	1.86003309257879e-06	No	No
P05386	RPLP1	9.87622162670756	1.42475161346291e-17	No	No
P05387	RPLP2	10.4190051564352	4.93675234301919e-16	No	No
P05388	RPLP0	9.7805470142575	1.12560387149915e-18	No	No
P05408	SCG5	6.75470659608448	1.52890702159944e-08	No	No
P05546	SERPIND1	1.8021605574172	0.0005271195974998	No	No
P05771	PRKCB	9.30764530073043	7.622459593968169e-11	No	No
P05981	HPN	3.00778245227013	0.0053604411861982	No	No
P05997	COL5A2	7.89149069974455	3.2181289844494197e-12	No	No
P06239	LCK	4.51176668339009	0.0003973251082096	No	No
P06241	FYN	8.66514135041031	9.65800333896198e-10	No	No
P06280	GLA	4.71049104903068	2.92237918555975e-05	No	No
P06454	PTMA	5.03169980658394	1.54294839958668e-05	No	No
P06729	CD2	4.45325954319795	0.0002014049302083	No	No
P06730	EIF4E	6.59976473615489	4.11743708201696e-06	No	No
P06734	FCER2	8.04859157295698	2.63633989395309e-09	No	No
P06737	PYGL	8.34282986124962	1.23774703832447e-15	No	No
P06748	NPM1	6.03435544886761	7.91519396244316e-07	No	No
P06756	ITGAV	9.27812281458426	2.87647171828506e-17	No	No
P06858	LPL	10.6621685771333	1.62917055017857e-10	No	No
P06865	HEXA	9.46569833037559	2.2062643459789e-14	No	No
P06870	KLK1	5.22293316026154	3.2851777289023e-08	No	No
P07093	SERPINE2	8.97355268525321	6.85794459332026e-08	No	No
P07203	GPX1	10.8057384759501	2.14075453415568e-10	No	No
P07204	THBD	6.34101269817845	5.30373992121432e-06	No	No
P07225	PROS1	4.95344218251424	2.1210224674371702e-15	No	No
P07237	P4HB	5.55183686152659	4.70431339970983e-14	No	No
P07333	CSF1R	1.62534354430554	0.0037639497631953	No	No
P07355	ANXA2	5.72103502059601	7.88712290904503e-06	No	No
P07359	GP1BA	4.29953176897378	4.23313490866945e-06	No	No
P07384	CAPN1	4.06679545339812	1.20547605605494e-07	No	No
P07437	TUBB	5.0572627482651	1.54714056483555e-08	No	No
P07476	IVL	10.1795382216768	1.12409187425792e-11	No	No
P07585	DCN	8.70418220235781	1.49484430722703e-12	No	No
P07711	CTSL	3.84409646311192	0.007953475436444	No	No
P07737	PFN1	3.0586726834811	0.0001538752015937	No	No
P07741	APRT	8.67572641695908	9.64572416887894e-10	No	No
P07814	EPRS1	5.73193978707476	3.77640536858028e-07	No	No
P07900	HSP90AA1	3.54228472511499	3.15627221898215e-06	No	No
P07910	HNRNPC	7.52133327738034	1.0388231073953e-10	No	No
P07947	YES1	5.32802631393539	8.71921650919569e-06	No	No
P07948	LYN	10.3273645471249	5.22468883579248e-25	No	No
P07954	FH	9.09919759162026	1.10158949769132e-08	No	No
P07996	THBS1	4.72484373314919	4.4010181444088203e-10	No	No
P08133	ANXA6	7.68984015006721	6.29325742541547e-08	No	No
P08174	CD55	6.37743839975028	5.99189342200274e-07	No	No
P08238	HSP90AB1	6.04846165718807	2.1740264242833103e-09	No	No
P08254	MMP3	3.84819465974476	0.0002124381509091	No	No
P08294	SOD3	2.36195474615593	0.0010257435653133	No	No
P08311	CTSG	5.57661818090374	2.17933063423223e-05	No	No
P08473	MME	5.96382814650412	4.4169562346048e-08	No	No
P08476	INHBA	7.00380023650448	2.2152290382319902e-09	No	No
P08514	ITGA2B	6.46443235461096	3.53368912167481e-16	No	No
P08519	LPA	2.48773125855266	0.0002763885109264	No	No
P08559	PDHA1	7.51259825052639	6.14464081367465e-14	No	No
P08567	PLEK	4.55066342504519	0.0005165396907239	No	No
P08574	CYC1	7.53553595705754	2.00481064563155e-12	No	No
P08575	PTPRC	5.92550132739935	1.28957238247715e-05	No	No
P08582	MELTF	3.2712100439413	0.0049509998553897	No	No
P08590	MYL3	10.9624071734226	7.191939794477891e-19	No	No
P08631	HCK	6.92058349043652	8.454845701112431e-09	No	No
P08709	F7	4.87004131690897	2.7899785134203804e-09	No	No
P08754	GNAI3	6.76965332062108	2.1525121651026399e-13	No	No
P08758	ANXA5	8.32857864682278	2.21889872746265e-09	No	No
P08865	RPSA	7.71269694674395	5.52718767259528e-13	No	No
P08887	IL6R	6.99165708885591	1.99161830727046e-10	No	No
P08962	CD63	8.65951466278098	3.3060554833205e-11	No	No
P09104	ENO2	7.752966870205	1.4582158749137e-07	No	No
P09110	ACAA1	6.52121466177571	1.5690324186561e-06	No	No
P09237	MMP7	2.86589709168721	0.0044016654411987	No	No
P09326	CD48	3.73703281153885	0.0002965607484607	No	No
P09417	QDPR	5.0841357999841	9.44764796737139e-05	No	No
P09429	HMGB1	6.12597835175281	1.2130031884713502e-09	No	No
P09466	PAEP	7.36665467243915	1.46470211592001e-09	No	No
P09486	SPARC	2.84413454156531	0.0002807557196821	No	No
P09493	TPM1	10.6545866638495	5.91574410108638e-22	No	No
P09496	CLTA	7.5173480344993	6.44263452628411e-08	No	No
P09497	CLTB	7.19156161242629	2.2185876523338504e-09	No	No
P09525	ANXA4	4.62978330864948	2.27537343856947e-05	No	No
P09543	CNP	7.27689972094589	1.7736885616383298e-11	No	No
P09603	CSF1	4.64896780226173	0.0002010230805288	No	No
P09619	PDGFRB	4.82403201828257	4.94911447267743e-06	No	No
P09622	DLD	8.21177878493304	1.26760740320086e-13	No	No
P09669	COX6C	6.87437231558572	1.2335482168116601e-09	No	No
P09871	C1S	4.96130138788011	4.72152575291351e-07	No	No
P09912	IFI6	4.20579265351612	4.28087623009184e-05	No	No
P0C0L4	C4A	2.75721773616328	4.78382340633144e-05	No	No
P0C0L5	C4B	3.7618429498089	5.50260659891244e-09	No	No
P0C7M8	CLEC2L	4.84226992417894	4.30469131128404e-06	No	No
P0C7P3	SLFN14	6.48549618977237	8.400419973008e-10	No	No
P0DI81;P0DI82	TRAPPC2;TRAPPC2B	4.63799920872562	2.95543261118335e-06	No	No
P0DJD8	PGA3	4.5020784224705	7.89107068658675e-07	No	No
P0DMM9;P0DMN0	SULT1A3;SULT1A4	7.78241483142486	1.24918211546671e-06	No	No
P0DMQ5	INAFM2	2.7136687572043	0.0064074176249611	No	No
P0DMV8;P0DMV9	HSPA1A;HSPA1B	4.24029710162616	2.01543936930892e-05	No	No
P0DP23;P0DP24;P0DP25	CALM1;CALM2;CALM3	5.35620584803682	6.83084203931425e-08	No	No
P10114	RAP2A	4.10411477163568	5.09567449448048e-06	No	No
P10124	SRGN	2.37089715289811	0.003391234815837	No	No
P10155	RO60	6.22254493933254	1.77910129980687e-10	No	No
P10253	GAA	5.84886560286051	5.7499849785583705e-09	No	No
P10301	RRAS	8.31777894768674	2.14968029185602e-14	No	No
P10398	ARAF	4.7005122214053	2.89479031377259e-05	No	No
P10451	SPP1	3.12095938901594	0.0011050368869179	No	No
P10515	DLAT	7.09743066311828	2.33018427334012e-10	No	No
P10606	COX5B	8.65615384802627	2.5803714021770502e-14	No	No
P10619	CTSA	8.68530970825063	1.44297604748576e-09	No	No
P10644	PRKAR1A	8.80219592376839	1.2386382014356801e-14	No	No
P10720	PF4V1	4.88633250362168	9.10565916104119e-07	No	No
P10809	HSPD1	10.7533831039956	1.35073451243027e-17	No	No
P10915	HAPLN1	7.36641060670216	7.31566507321014e-11	No	No
P11021	HSPA5	4.75518835902448	4.05232571005809e-15	No	No
P11047	LAMC1	5.03174384231249	1.66202387441103e-10	No	No
P11049	CD37	8.29809135427486	2.1091978461195797e-12	No	No
P11117	ACP2	6.23925774465425	3.46060257020882e-06	No	No
P11142	HSPA8	4.66335806957705	2.0409660813308097e-11	No	No
P11169	SLC2A3	3.19066354830432	0.000177264339972	No	No
P11171	EPB41	10.2561729879716	2.65848999536671e-17	No	No
P11172	UMPS	5.49625371786029	4.70384785476422e-08	No	No
P11177	PDHB	7.33798166476445	1.28373612774371e-09	No	No
P11182	DBT	4.45885146484359	0.0001309472322257	No	No
P11216	PYGB	9.0092132714974	9.082762958588461e-20	No	No
P11226	MBL2	3.64060326625457	0.0001681612775909	No	No
P11233	RALA	8.85480048210146	1.05736617191091e-17	No	No
P11234	RALB	8.5213608572825	5.45645426774565e-08	No	No
P11274	BCR	7.68263575929718	2.74077999415627e-09	No	No
P11277	SPTB	11.6166626692661	1.55452580956917e-13	No	No
P11310	ACADM	8.33632789946368	8.07752557156841e-14	No	No
P11362	FGFR1	3.87371666393414	0.0012294674672358	No	No
P11413	G6PD	9.96632503785479	5.64335050953235e-24	No	No
P11441	UBL4A	4.63602861591767	5.96145141291586e-06	No	No
P11766	ADH5	8.1867794866518	8.42842064190246e-13	No	No
P11908	PRPS2	7.91646998732975	3.18144442204563e-08	No	No
P11940	PABPC1	7.44444165873855	4.83678597600679e-08	No	No
P12074	COX6A1	4.900014417613	3.22610445029508e-06	No	No
P12081	HARS1	5.17026645444779	7.32725628438207e-05	No	No
P12236	SLC25A6	6.61228190373757	2.11917450422511e-10	No	No
P12259	F5	4.21876912578214	9.5561154391953e-11	No	No
P12268	IMPDH2	6.06400690356768	7.13742208463989e-07	No	No
P12273	PIP	10.1865383153808	3.7334533469820503e-19	No	No
P12429	ANXA3	7.60146696856067	3.64445730679909e-07	No	No
P12814	ACTN1	4.6401491727927	0.0003127076709869	No	No
P12829	MYL4	3.68990721068296	0.000352583743471	No	No
P12830	CDH1	4.31535380049817	3.42582908608321e-08	No	No
P12883	MYH7	6.15157817041381	5.9188265675687e-09	No	No
P12931	SRC	5.63547729429252	5.18080087119292e-13	No	No
P12956	XRCC6	3.47462975663285	0.0045264079188123	No	No
P13073	COX4I1	8.63346627731014	2.2709249209439697e-12	No	No
P13284	IFI30	2.83027663998665	0.0040591871198651	No	No
P13501	CCL5	7.08869001065265	3.18362472987538e-11	No	No
P13521	SCG2	6.2023410942522	8.19231936674063e-08	No	No
P13591	NCAM1	4.93494955654496	2.5742651387153e-07	No	No
P13612	ITGA4	9.12193556696577	9.67243607296516e-16	No	No
P13639	EEF2	7.38726281749497	4.683282011521701e-10	No	No
P13667	PDIA4	5.10212998492431	6.829075262470381e-10	No	No
P13674	P4HA1	7.18157809332453	9.354427369567359e-11	No	No
P13693	TPT1	6.746630761707	1.68905573763201e-05	No	No
P13716	ALAD	9.31606839692673	6.56417159892724e-19	No	No
P13798	APEH	11.1658399069357	4.03535094973422e-21	No	No
P13804	ETFA	8.55977604202616	6.67652868874157e-16	No	No
P13807	GYS1	5.10120539461873	1.07633186157537e-05	No	No
P13861	PRKAR2A	8.57309901262389	5.9429824569063995e-12	No	No
P13942	COL11A2	8.34674270140166	4.40629524766689e-13	No	No
P14174	MIF	7.92458259796589	3.66567356194346e-10	No	No
P14314	PRKCSH	4.01510517294387	3.58730681685268e-05	No	No
P14317	HCLS1	8.62604644238403	3.4225875444221e-09	No	No
P14324	FDPS	6.05919122373388	4.88989125341294e-05	No	No
P14406	COX7A2	6.52764453476852	1.65264056975566e-10	No	No
P14543	NID1	5.93087189480055	9.55749762960259e-16	No	No
P14550	AKR1A1	4.71710124896311	0.0044265023280383	No	No
P14618	PKM	3.32474934060585	0.0002433052239748	No	No
P14621	ACYP2	2.91823517354205	0.0029444445850663	No	No
P14625	HSP90B1	4.05672912871617	5.60439468102056e-07	No	No
P14735	IDE	4.29011875076853	0.0006084614042517	No	No
P14770	GP9	11.0321318180813	8.01990226810522e-18	No	No
P14778	IL1R1	9.3287319176724	2.3077564644928e-13	No	No
P14780	MMP9	4.22050006601222	6.70054246826984e-05	No	No
P14854	COX6B1	4.14923598687632	0.0008829683434023	No	No
P14868	DARS1	3.66317571878119	0.0021836213404638	No	No
P14923	JUP	4.83315404029779	0.0013515391670967	No	No
P14927	UQCRB	7.04509364594843	1.03905658917785e-06	No	No
P15121	AKR1B1	4.26324060532461	0.0063814109193953	No	No
P15153	RAC2	9.46747678816472	2.52906251834807e-13	No	No
P15169	CPN1	2.59165146730581	0.0010096579150462	No	No
P15170	GSPT1	8.61588304932202	7.81894491427201e-16	No	No
P15260	IFNGR1	3.70868099374081	0.0003327634442306	No	No
P15289	ARSA	6.66172504238931	1.0751657047915e-08	No	No
P15311	EZR	5.6696402499859	0.0010485376079883	No	No
P15374	UCHL3	6.50187739914537	1.02105715494669e-11	No	No
P15498	VAV1	7.09982143186268	2.28605083932541e-10	No	No
P15586	GNS	6.44568711169487	3.7523033515048e-10	No	No
P15924	DSP	4.93030438293588	0.006150741023868	No	No
P15941	MUC1	7.53315346929501	2.07866876363707e-10	No	No
P16070	CD44	3.41133590872309	6.93267050276625e-08	No	No
P16150	SPN	5.89208599135481	1.11873525069747e-10	No	No
P16152	CBR1	7.38505330687887	2.28186022125487e-08	No	No
P16157	ANK1	11.1292229093776	1.0697014672696299e-12	No	No
P16219	ACADS	4.71180538591952	2.29792049747624e-05	No	No
P16234	PDGFRA	8.61690846382037	2.67020915851063e-13	No	No
P16278	GLB1	7.78590230739895	1.5012949826196398e-11	No	No
P16298	PPP3CB	7.07126767481076	6.87066174646332e-13	No	No
P16333	NCK1	4.19327037507093	0.00237566439158	No	No
P16435	POR	7.19753480494299	2.47343432342473e-09	No	No
P16452	EPB42	9.48998009006992	3.61659578875002e-13	No	No
P16591	FER	4.61657822201683	7.07769316218155e-07	No	No
P16615	ATP2A2	10.3159983777192	3.82333143444964e-13	No	No
P16870	CPE	9.58667955081885	1.6174392652785399e-12	No	No
P16871	IL7R	9.86963971288302	2.45259175642866e-16	No	No
P16885	PLCG2	4.18418714753791	0.0007802652827052	No	No
P16989	YBX3	3.11548327551593	0.0028578245506609	No	No
P17050	NAGA	4.70733400528438	3.24887468831715e-06	No	No
P17252	PRKCA	6.25801915931011	6.020411311570159e-11	No	No
P17612	PRKACA	6.66728991189408	6.7248629819936e-09	No	No
P17655	CAPN2	11.7103028707626	3.44830745567634e-14	No	No
P17812	CTPS1	4.60845355691505	3.77026032517401e-05	No	No
P17980	PSMC3	8.83704660823563	2.27352098545653e-14	No	No
P17987	TCP1	10.1334223065011	1.56763735608286e-19	No	No
P18031	PTPN1	8.55368011509429	2.10369573919324e-08	No	No
P18054	ALOX12	9.35067918857766	1.5027399007079201e-19	No	No
P18075	BMP7	6.82926356223314	6.796457541031489e-11	No	No
P18084	ITGB5	8.08356175709277	6.27947110480485e-14	No	No
P18206	VCL	3.64374694710892	0.0021922093754375	No	No
P18433	PTPRA	7.31017893525734	9.39048899868679e-12	No	No
P18827	SDC1	10.3694102023373	1.4011809090234e-19	No	No
P18859	ATP5PF	7.07316589412063	2.22467695855158e-11	No	No
P19021	PAM	2.55770551019273	0.0016578706056811	No	No
P19086	GNAZ	9.09863290143337	2.2746099302978803e-09	No	No
P19338	NCL	6.21668747777286	1.46742209718916e-07	No	No
P19367	HK1	10.1081597907272	9.20575502570748e-17	No	No
P19397	CD53	9.03849245788444	6.38329285247595e-13	No	No
P19404	NDUFV2	7.23747653113832	7.25579111322179e-08	No	No
P19474	TRIM21	4.61621768453269	3.2719715776735e-06	No	No
P19634	SLC9A1	7.07148960911032	9.88293698450662e-13	No	No
P19823	ITIH2	4.20837863840149	1.8277207459244399e-13	No	No
P19827	ITIH1	4.15290831156516	1.21209065334855e-10	No	No
P19883	FST	8.85794106035977	1.9145570593666e-15	No	No
P19971	TYMP	5.05141201943088	7.3774691685954605e-09	No	No
P20020	ATP2B1	4.65859769263038	0.0001855381478369	No	No
P20036	HLA-DPA1	6.52185920405612	6.2374574144895905e-09	No	No
P20042	EIF2S2	5.16174442426184	0.0006129745042294	No	No
P20073	ANXA7	7.75629978650153	1.10754200165466e-08	No	No
P20142	PGC	4.90774475887629	2.87216949147603e-06	No	No
P20160	AZU1	5.98329185430368	4.83749993222392e-07	No	No
P20231;Q15661	TPSAB1;TPSB2	2.80277804000786	0.00721665581321	No	No
P20338	RAB4A	7.37772760839689	2.10045684244512e-11	No	No
P20339	RAB5A	6.46823450928759	5.16192257287771e-05	No	No
P20618	PSMB1	3.93125401212819	2.85914838758844e-07	No	No
P20645	M6PR	7.7173026641221	1.4306049481625399e-11	No	No
P20674	COX5A	9.23166924806494	2.0623203148348497e-11	No	No
P20701	ITGAL	7.7433144022964	4.867437247923459e-11	No	No
P20810	CAST	8.31484679579169	1.70928080288782e-15	No	No
P20851	C4BPB	4.40783594530347	1.69400257043639e-07	No	No
P20908	COL5A1	4.512456533771	2.67935642182714e-05	No	No
P20936	RASA1	6.66554698499309	1.69760828034556e-08	No	No
P20962	PTMS	5.89754907585401	2.99540861591957e-08	No	No
P20963	CD247	6.64559531476191	3.932876061439831e-09	No	No
P21281	ATP6V1B2	7.78914285421417	1.48927223980608e-08	No	No
P21291	CSRP1	9.32402078947746	5.11780656174781e-12	No	No
P21333	FLNA	5.41184979870684	1.2904643938762602e-09	No	No
P21583	KITLG	6.83793138665255	4.89591156946958e-08	No	No
P21731	TBXA2R	5.43458982211995	3.90903600964549e-06	No	No
P21796	VDAC1	9.00938824215406	4.14271511505205e-15	No	No
P21802	FGFR2	8.63993057597283	6.22315236187958e-08	No	No
P21810	BGN	7.56506731267255	7.80039130582221e-10	No	No
P21912	SDHB	7.45985811150679	4.641384539384891e-09	No	No
P21964	COMT	5.90699090819291	1.03483524902499e-07	No	No
P21980	TGM2	6.79709762873224	3.83593116937534e-09	No	No
P22001	KCNA3	3.61744724208894	0.0006110143849064	No	No
P22003	BMP5	6.40229515177112	1.38051224310815e-07	No	No
P22059	OSBP	6.46899666311246	1.47892965215753e-09	No	No
P22102	GART	5.78574858155826	9.87451944845626e-08	No	No
P22105	TNXB	2.40773282837559	0.000156968901089	No	No
P22223	CDH3	10.639338131384	1.83888053161283e-12	No	No
P22234	PAICS	7.88901895364192	1.8332137646223402e-14	No	No
P22304	IDS	10.3475067375972	5.28337348313851e-12	No	No
P22307	SCP2	6.56052663982681	2.4399834551757902e-09	No	No
P22314	UBA1	8.82015746408845	2.8867504589494903e-09	No	No
P22392	NME2	7.20773442409284	2.24355566062673e-10	No	No
P22455	FGFR4	6.18993041008378	3.56058188745505e-06	No	No
P22466	GAL	6.60223917156924	1.14936324157812e-09	No	No
P22570	FDXR	4.87846506991437	1.02683958702048e-05	No	No
P22607	FGFR3	10.166811055959	2.87897500335922e-12	No	No
P22694	PRKACB	8.54675682759702	8.62768092700196e-09	No	No
P22695	UQCRC2	8.78649511227516	6.98594342993916e-16	No	No
P22748	CA4	8.2483510069819	1.5022963429591401e-09	No	No
P22792	CPN2	3.09566145952481	1.49992224219904e-08	No	No
P22830	FECH	6.99678926467594	2.63730284955351e-10	No	No
P22891	PROZ	3.96780458492202	0.0011033939155622	No	No
P23142	FBLN1	4.9535137712701	1.6312032471499e-12	No	No
P23219	PTGS1	9.77953657155419	2.50987306325544e-12	No	No
P23229	ITGA6	10.7412971763323	1.0641018747531001e-20	No	No
P23258	TUBG1	5.11650893207028	2.67627034409371e-06	No	No
P23327	HRC	6.86589923776152	9.54540714652992e-10	No	No
P23368	ME2	8.77573355428097	5.1031742388019606e-15	No	No
P23396	RPS3	6.1331574831195	7.00507470843107e-08	No	No
P23435	CBLN1	9.90773020824006	9.30695140432453e-16	No	No
P23458	JAK1	5.62930724829884	3.13182383574976e-06	No	No
P23470	PTPRG	2.19814731424343	0.0020031104055577	No	No
P23471	PTPRZ1	3.36454779733679	0.0018600883509973	No	No
P23526	AHCY	4.32182169760562	0.0077452003045592	No	No
P23588	EIF4B	7.29578429414751	1.13481066094813e-07	No	No
P23786	CPT2	6.14751980711021	2.54421900481452e-05	No	No
P24158	PRTN3	7.19688912539508	1.36870416042264e-08	No	No
P24534	EEF1B2	9.6687867631402	1.69552882340057e-15	No	No
P24539	ATP5PB	8.72918267565155	1.65700391615854e-07	No	No
P24557	TBXAS1	9.531784502581	1.27306688831154e-10	No	No
P24666	ACP1	7.0524881529729	3.2130397312689e-07	No	No
P24752	ACAT1	7.53256406952029	1.61126226742405e-08	No	No
P24821	TNC	3.47033663877829	1.53655940286121e-05	No	No
P24844	MYL9	6.73160335025077	3.45191074579602e-14	No	No
P24855	DNASE1	9.78589306557838	4.773199418718841e-15	No	No
P25116	F2R	4.00978510024423	0.0009473463231572	No	No
P25325	MPST	8.80470447777337	7.44398118793767e-07	No	No
P25391	LAMA1	9.13397467995418	4.36123938411143e-14	No	No
P25685	DNAJB1	5.93837457338039	6.18070838043271e-07	No	No
P25686	DNAJB2	5.3417469458742	9.08563982478549e-05	No	No
P25705	ATP5F1A	5.81097532239331	1.03075136597062e-07	No	No
P25786	PSMA1	5.23260595843262	1.15535923029446e-08	No	No
P25787	PSMA2	2.95563683549763	0.0003527414994307	No	No
P25788	PSMA3	2.68360875374763	0.0006231587550677	No	No
P25789	PSMA4	2.65843649910776	0.0005993231449282	No	No
P25940	COL5A3	4.93117464049011	8.88184819928959e-07	No	No
P26022	PTX3	10.6087278949308	1.0572639144896501e-17	No	No
P26196	DDX6	5.88776972542532	0.0003732533623556	No	No
P26440	IVD	7.02652393485288	7.5696216151261e-06	No	No
P26583	HMGB2	6.72708409932822	2.0013659702196302e-09	No	No
P26599	PTBP1	4.46581785877289	0.0001014776623794	No	No
P26639	TARS1	6.48472693987764	1.16758839236929e-06	No	No
P26640	VARS1	3.93974022965099	0.0001043467518292	No	No
P26641	EEF1G	10.0870755806344	3.89628785329756e-20	No	No
P26885	FKBP2	4.65395430995601	6.15628186896742e-06	No	No
P27105	STOM	3.81964965734634	0.0075075930501397	No	No
P27169	PON1	2.85381571279877	5.27627470912266e-09	No	No
P27338	MAOB	9.80324456294949	3.33032070206011e-21	No	No
P27348	YWHAQ	9.76358329004342	5.13173719209404e-18	No	No
P27361	MAPK3	2.8670886428151	0.0048312036683225	No	No
P27448	MARK3	4.07227389828021	0.0004089722566217	No	No
P27449	ATP6V0C	8.13578222279118	1.69614516604372e-11	No	No
P27482	CALML3	7.39826956883419	1.0116757824674399e-11	No	No
P27701	CD82	9.6940832031184	5.2690674668692693e-11	No	No
P27708	CAD	7.44441481922855	1.03146007667938e-12	No	No
P27797	CALR	5.94486293649942	2.20381801942043e-11	No	No
P27816	MAP4	7.70837942671094	1.11118616532825e-09	No	No
P27824	CANX	6.18357208650139	2.7174851465559903e-10	No	No
P27986	PIK3R1	4.42677729166593	1.44364961242485e-05	No	No
P27987	ITPKB	3.5853971043104	0.0058141492511889	No	No
P28062	PSMB8	12.4411982577647	5.779151593439151e-19	No	No
P28065	PSMB9	5.00321222620585	9.66489920727601e-12	No	No
P28066	PSMA5	5.19558351078417	8.89048517719782e-14	No	No
P28070	PSMB4	12.9690314695537	2.37846537962229e-16	No	No
P28074	PSMB5	3.62088581731174	6.92275990295474e-05	No	No
P28161	GSTM2	4.46355069127784	0.0002688802189725	No	No
P28288	ABCD3	3.68031379069873	0.003259353060502	No	No
P28289	TMOD1	4.05750139323188	6.61528354093722e-05	No	No
P28331	NDUFS1	8.06110651965881	8.748144721221391e-09	No	No
P28482	MAPK1	6.25888919688875	8.36994318791138e-09	No	No
P28838	LAP3	7.82666076923757	2.8552986285686903e-09	No	No
P28845	HSD11B1	8.75941338789712	3.5565236470919298e-12	No	No
P28907	CD38	5.72832460993335	4.07989889164824e-07	No	No
P29120	PCSK1	4.98013499849159	5.28957889333238e-05	No	No
P29122	PCSK6	8.98009740479677	6.86928101991068e-16	No	No
P29144	TPP2	9.11786316921695	3.13764413593958e-13	No	No
P29218	IMPA1	6.32471476786395	1.5371426244910502e-09	No	No
P29279	CCN2	6.76643788233498	3.6164142909883603e-09	No	No
P29350	PTPN6	8.75139942007953	3.69801160722846e-15	No	No
P29508	SERPINB3	7.22403701457307	5.20880377490179e-09	No	No
P29692	EEF1D	9.09207501082142	1.6362028563363199e-12	No	No
P29965	CD40LG	4.80554473033712	1.56268376165264e-05	No	No
P29972	AQP1	5.16439031411681	3.4581562352331e-08	No	No
P29992	GNA11	4.87171712092194	5.42904788073182e-06	No	No
P30038	ALDH4A1	8.21604074332474	1.34769516568746e-10	No	No
P30040	ERP29	8.30127805044417	4.01232907377198e-16	No	No
P30041	PRDX6	2.02354441416675	0.0020113436981893	No	No
P30044	PRDX5	9.91599801187138	2.55314078509561e-15	No	No
P30048	PRDX3	10.2724037937405	5.939185534472031e-25	No	No
P30049	ATP5F1D	6.62319872438083	5.4082612199305e-07	No	No
P30050	RPL12	3.71937614114369	0.0004681816697434	No	No
P30084	ECHS1	7.2894501659326	1.92181446024692e-13	No	No
P30085	CMPK1	7.74589486620598	1.7842461332984e-06	No	No
P30153	PPP2R1A	9.41024164482912	1.96287297991331e-09	No	No
P30273	FCER1G	9.06952501609597	5.74120758557141e-20	No	No
P30405	PPIF	8.45513587881927	4.22772368579778e-16	No	No
P30566	ADSL	7.43619896040375	8.35830300135137e-08	No	No
P30622	CLIP1	5.15357320742116	3.55900136284016e-06	No	No
P30626	SRI	7.64505561391146	7.18539208244132e-16	No	No
P30740	SERPINB1	2.08828012432512	0.0062951606405275	No	No
P30825	SLC7A1	5.83826545000051	3.30681111846254e-08	No	No
P30990	NTS	9.39599139868307	1.60307378706189e-14	No	No
P31040	SDHA	7.9057303587709	4.657762501464401e-10	No	No
P31150	GDI1	3.57644279288767	0.0051997167465257	No	No
P31151	S100A7	8.35802070022213	3.33613982841569e-12	No	No
P31153	MAT2A	4.45000883537784	2.81385536489662e-05	No	No
P31323	PRKAR2B	8.36602983929419	7.5791943306423e-11	No	No
P31327	CPS1	4.16463792361045	0.0007946254394498	No	No
P31431	SDC4	6.26415122588229	1.26499221350349e-08	No	No
P31641	SLC6A6	5.30189569720619	4.50706334630433e-08	No	No
P31645	SLC6A4	5.44690139010924	7.22348837474837e-07	No	No
P31689	DNAJA1	5.42572979628483	4.53537155859027e-05	No	No
P31749	AKT1	3.9832712182467	0.0011144404413136	No	No
P31751	AKT2	6.31539994295748	4.61754379521566e-06	No	No
P31930	UQCRC1	8.8611949725736	2.6991460352519803e-14	No	No
P31937	HIBADH	7.47380082119925	7.830619944917301e-10	No	No
P31939	ATIC	7.44917218826443	1.88527827167213e-05	No	No
P31944	CASP14	5.85461121100267	0.0013256658141077	No	No
P31947	SFN	4.28106843620581	3.66882339841393e-05	No	No
P31948	STIP1	5.17202500930713	4.25516883330711e-10	No	No
P32004	L1CAM	3.34497147662336	0.0072270805424818	No	No
P32019	INPP5B	3.49450418018873	0.0009236071733605	No	No
P32189	GK	4.37886570745841	0.0001032494749212	No	No
P32320	CDA	5.29710561935024	1.01181697363132e-08	No	No
P32321	DCTD	3.29300806887698	0.0007086758994392	No	No
P33121	ACSL1	6.43823623192907	5.5108038546185605e-09	No	No
P33176	KIF5B	7.97497116326123	1.29317052397052e-12	No	No
P33241	LSP1	6.29578197379035	9.567178620691011e-09	No	No
P33527	ABCC1	3.16633063638289	0.0040218122167108	No	No
P34896	SHMT1	4.45243582693855	4.64484208767204e-05	No	No
P34897	SHMT2	7.10517236170679	7.45667474391048e-08	No	No
P34913	EPHX2	5.68702598774071	0.0001594781413745	No	No
P34931	HSPA1L	9.44494469604778	8.43311130598358e-18	No	No
P34932	HSPA4	11.4565431363746	3.4440369256541898e-12	No	No
P35030	PRSS3	5.58083436817948	1.50647220791714e-06	No	No
P35052	GPC1	9.27930248447672	5.05265815176574e-09	No	No
P35221	CTNNA1	4.11355160557356	0.0003409772033254	No	No
P35232	PHB	9.12113336143363	4.4775585863470005e-16	No	No
P35236	PTPN7	5.05550120667359	1.33844017600529e-05	No	No
P35237	SERPINB6	3.07148797704748	3.24209053528333e-05	No	No
P35241	RDX	7.09102373599336	7.66817672411864e-09	No	No
P35268	RPL22	5.4753698683019	7.83000827773624e-08	No	No
P35270	SPR	2.81936385048617	0.0078402036790384	No	No
P35442	THBS2	5.68668565843932	1.21954312677301e-05	No	No
P35443	THBS4	4.66261261408831	1.8571850415714e-06	No	No
P35573	AGL	4.17256736759323	0.0002823441248041	No	No
P35579	MYH9	6.7334175265206	1.69770866914309e-17	No	No
P35580	MYH10	2.82651730386619	0.00823226170069	No	No
P35606	COPB2	8.35425092146004	1.27123581959962e-09	No	No
P35611	ADD1	8.95319590499002	4.5450833761665e-13	No	No
P35612	ADD2	5.37614990149476	1.23025920557766e-07	No	No
P35613	BSG	7.95689254844671	6.24898787186997e-10	No	No
P35625	TIMP3	4.04925252982796	0.0002490806651647	No	No
P35754	GLRX	3.34170186522649	0.0002119374895134	No	No
P35813	PPM1A	8.4275488152137	1.59180931167549e-07	No	No
P35914	HMGCL	8.89149162585027	1.54285225982807e-13	No	No
P35916	FLT4	3.53967194575597	0.0011943031500774	No	No
P35998	PSMC2	9.21542746397738	4.3680785702710095e-18	No	No
P36507	MAP2K2	6.52607995414001	5.75030382238014e-07	No	No
P36542	ATP5F1C	8.55099594368096	1.17149021187071e-09	No	No
P36543	ATP6V1E1	7.00166071656364	6.9405739201364205e-09	No	No
P36551	CPOX	7.29984858974326	2.84338036477428e-07	No	No
P36776	LONP1	5.75969627818736	3.26791938209429e-06	No	No
P36871	PGM1	5.05613357943116	0.0005877865782754	No	No
P36873	PPP1CC	7.01259379561042	5.58378373331645e-12	No	No
P36957	DLST	8.33280307230698	1.0597174915676402e-09	No	No
P36959	GMPR	7.72085985654724	3.3409965570743e-07	No	No
P36969	GPX4	4.45369137163657	1.27719241431702e-05	No	No
P37235	HPCAL1	7.63058568028407	3.22905745847444e-11	No	No
P37802	TAGLN2	2.92145167805275	1.47576982265317e-05	No	No
P37840	SNCA	2.85921762251209	0.0001291710568833	No	No
P38117	ETFB	8.13620075420067	3.21914991910253e-14	No	No
P38570	ITGAE	6.29226217533409	7.41488005883528e-08	No	No
P38571	LIPA	9.776552072726	5.0624019098305196e-11	No	No
P38606	ATP6V1A	8.33527317995211	1.2049778918859102e-09	No	No
P38646	HSPA9	9.83090798325407	2.45208634755857e-10	No	No
P39059	COL15A1	3.89169611924331	6.5732064960861e-05	No	No
P39060	COL18A1	3.21931303704152	0.0003305004753265	No	No
P39656	DDOST	9.32624929459945	7.289642374476979e-12	No	No
P39687	ANP32A	4.58380778077952	4.48242897088194e-05	No	No
P40200	CD96	6.30624927911517	5.59937150024477e-08	No	No
P40238	MPL	2.66017579174164	0.0042394171447898	No	No
P40306	PSMB10	10.393804480212	3.66050639395734e-13	No	No
P40616	ARL1	6.66848142617792	1.54334213430564e-09	No	No
P40763	STAT3	8.41382983959065	1.2839780879148798e-11	No	No
P40926	MDH2	10.1481833451627	5.8235298548712305e-15	No	No
P40939	HADHA	9.24395035238952	1.18513545511654e-16	No	No
P40967	PMEL	11.6609388748111	3.48373738714149e-23	No	No
P41091	EIF2S3	7.48683403674821	3.93462204574168e-10	No	No
P41226	UBA7	8.02493448268986	2.27313695932241e-06	No	No
P41236	PPP1R2	5.54100661230609	2.190112182168e-07	No	No
P41240	CSK	8.81596479950368	2.85660813777072e-15	No	No
P41250	GARS1	7.01985495012325	1.1925901831576e-06	No	No
P41252	IARS1	8.58678624236895	2.4748804146456398e-12	No	No
P42025	ACTR1B	6.79859444800899	9.85031330905884e-10	No	No
P42224	STAT1	6.21152477073978	6.484075029718011e-09	No	No
P42229	STAT5A	3.45991417901721	0.0081077760593185	No	No
P42331	ARHGAP25	6.05582980381018	2.29297881465939e-07	No	No
P42338	PIK3CB	4.44209918615368	7.30202052792845e-05	No	No
P42356	PI4KA	7.45293225011883	2.19185082788783e-09	No	No
P42566	EPS15	8.241034630598	1.2283176410972e-14	No	No
P42574	CASP3	5.28796950283488	2.52975942261277e-05	No	No
P42685	FRK	4.94256907124718	7.72223110951469e-08	No	No
P42704	LRPPRC	5.85998521756919	1.42843688973178e-08	No	No
P42765	ACAA2	4.96813907005826	1.02996835416752e-05	No	No
P42768	WAS	8.75124467083758	3.69457422069407e-13	No	No
P42858	HTT	5.11889760049266	1.14009848241236e-07	No	No
P42892	ECE1	8.06257827683018	7.34737962744433e-15	No	No
P42898	MTHFR	4.22892494087643	7.29037098048253e-05	No	No
P43034	PAFAH1B1	4.14952180005249	0.0072266597273858	No	No
P43155	CRAT	5.0708273103725	3.18930876895424e-06	No	No
P43250	GRK6	5.26233248245668	2.82036770699577e-06	No	No
P43304	GPD2	9.81150780636787	9.24441395683399e-18	No	No
P43307	SSR1	7.1103770837736	5.34793834100229e-08	No	No
P43405	SYK	6.56473842950281	4.38269297631311e-06	No	No
P43487	RANBP1	3.74066421481761	0.0018402323838673	No	No
P43490	NAMPT	4.62522204057281	2.35884088559452e-05	No	No
P43686	PSMC4	6.89101512494966	2.64453419134997e-06	No	No
P45880	VDAC2	9.51268793153199	6.17498996042026e-11	No	No
P45954	ACADSB	7.22535722667127	2.25647101873043e-13	No	No
P45974	USP5	10.103414613857	1.7346659372156e-14	No	No
P46019	PHKA2	3.30521105715161	0.0042550695495479	No	No
P46060	RANGAP1	6.62393591831919	4.1400979283020503e-10	No	No
P46109	CRKL	3.18084673814845	0.0002246404142387	No	No
P46379	BAG6	6.49854407447343	6.00573559335691e-10	No	No
P46439	GSTM5	7.22139662775321	2.42710557452274e-10	No	No
P46459	NSF	7.25132279439327	7.74022803310186e-13	No	No
P46531	NOTCH1	7.96278064277527	1.02194227165371e-12	No	No
P46734	MAP2K3	5.34620040522161	1.68263323234719e-06	No	No
P46736	BRCC3	3.68437088958217	0.0011882174161924	No	No
P46776	RPL27A	4.12991034603825	0.0001921174062767	No	No
P46939	UTRN	6.71905696580104	1.3280408857098901e-09	No	No
P46940	IQGAP1	7.38167769689669	2.00863701613534e-10	No	No
P46976	GYG1	6.30098776332038	1.23109334956411e-08	No	No
P46977	STT3A	7.04169216815567	1.75862447584854e-10	No	No
P47712	PLA2G4A	8.73040508042748	5.13427338667242e-14	No	No
P47755	CAPZA2	10.6660673691344	1.5152395490375201e-15	No	No
P47756	CAPZB	10.0684550432063	9.80014481065448e-20	No	No
P47813	EIF1AX	5.11872335766225	2.84255923510203e-06	No	No
P47897	QARS1	6.68713947543536	8.16782286260572e-07	No	No
P47929	LGALS7B	4.30272404849995	0.0004753696758515	No	No
P47972	NPTX2	7.01263303950739	9.543422878742029e-11	No	No
P47985	UQCRFS1	7.90643555746557	4.1666107479654404e-14	No	No
P48047	ATP5PO	9.28349873963048	1.0274689529237e-17	No	No
P48059	LIMS1	9.73549000796785	1.08720003716271e-16	No	No
P48357	LEPR	5.31216907645048	5.9643244691569e-07	No	No
P48426	PIP4K2A	9.58274291815238	8.31391480052388e-12	No	No
P48444	ARCN1	8.23633801085128	4.8523226669566296e-11	No	No
P48449	LSS	5.18173693621614	3.61323173464516e-06	No	No
P48507	GCLM	7.88038275273574	1.71138068554237e-11	No	No
P48509	CD151	6.82280329562709	2.47337331663265e-12	No	No
P48556	PSMD8	6.79356909088705	1.13901179854174e-10	No	No
P48634	PRRC2A	2.92316285543823	0.001587429286701	No	No
P48643	CCT5	9.3990543310304	5.94206044013635e-12	No	No
P48723	HSPA13	5.54758842190808	0.0006753982253097	No	No
P48735	IDH2	2.38631604062943	0.0092435985043352	No	No
P48736	PIK3CG	5.26693129779109	5.12557357860704e-05	No	No
P48739	PITPNB	6.18856606168396	1.9539895816554e-06	No	No
P48740	MASP1	4.4911446799871	0.0001658603321073	No	No
P48960	ADGRE5	6.75459688265095	4.9993002969303e-06	No	No
P49006	MARCKSL1	7.11530715768665	1.12033506404417e-10	No	No
P49137	MAPKAPK2	6.21880516388885	4.39567295604109e-08	No	No
P49184	DNASE1L1	4.70042751648007	5.95676543916548e-06	No	No
P49189	ALDH9A1	6.39617571916038	6.74082872327253e-07	No	No
P49247	RPIA	6.79067457294494	1.33412158445868e-05	No	No
P49257	LMAN1	8.34967322530655	2.11054970463575e-12	No	No
P49321	NASP	5.94645509218289	7.01216809366429e-08	No	No
P49327	FASN	8.158490866077	1.23251183504694e-06	No	No
P49354	FNTA	5.70756011429548	4.54143861121951e-07	No	No
P49368	CCT3	10.1705796430521	4.0195136076550297e-22	No	No
P49407	ARRB1	8.04215071780941	7.22055620759652e-12	No	No
P49411	TUFM	9.13977918672768	5.581032694973431e-17	No	No
P49419	ALDH7A1	4.43183398505997	0.0003937634658987	No	No
P49588	AARS1	6.81724136951767	4.6570952307303e-08	No	No
P49589	CARS1	5.33953905239442	3.81499402418155e-06	No	No
P49591	SARS1	7.22212347882247	1.12889460286751e-07	No	No
P49593	PPM1F	11.0134834241468	7.391623263514251e-14	No	No
P49619	DGKG	5.70274219684049	5.16916142408069e-07	No	No
P49641	MAN2A2	2.96932391794095	0.0019111179474594	No	No
P49720	PSMB3	4.61583378659673	5.11980901387788e-07	No	No
P49721	PSMB2	5.40684779268209	7.85167175171495e-09	No	No
P49746	THBS3	10.7344673548165	7.09832967638577e-21	No	No
P49747	COMP	4.0107787218016	7.78166895506362e-05	No	No
P49748	ACADVL	8.95245959327285	1.09433531490942e-15	No	No
P49755	TMED10	8.49236390973562	6.0592318673963495e-12	No	No
P49757	NUMB	5.98599032664177	1.56958163574971e-07	No	No
P49758	RGS6	4.71049252519515	1.21044697893546e-05	No	No
P49767	VEGFC	5.27676687026105	3.90943239828908e-07	No	No
P49770	EIF2B2	3.46627125025262	0.0013444878987393	No	No
P49788	RARRES1	5.27899973809738	0.003833486684614	No	No
P49795	RGS19	6.71707548427416	1.72245694834103e-09	No	No
P49821	NDUFV1	5.79324578820787	3.86998111464772e-08	No	No
P49841	GSK3B	3.98475347558399	0.0001993191230767	No	No
P49902	NT5C2	4.05829388253631	0.0006514635881023	No	No
P50148	GNAQ	9.809734291075	1.59053827389087e-10	No	No
P50213	IDH3A	4.95340853533764	0.0001732893776878	No	No
P50225	SULT1A1	7.7434235008613	4.46064601299581e-10	No	No
P50238	CRIP1	6.12659707309646	3.30504982456071e-10	No	No
P50336	PPOX	6.1636000787547	6.200372784042e-10	No	No
P50402	EMD	9.22650911564689	1.12686038825263e-13	No	No
P50416	CPT1A	7.93594773595299	5.713798856470071e-15	No	No
P50440	GATM	5.9805504890574	1.57474003263965e-10	No	No
P50453	SERPINB9	8.26311161016974	1.57897836043715e-06	No	No
P50454	SERPINH1	7.16502898459682	6.17573767992605e-10	No	No
P50502	ST13	5.08435000146011	8.31881014844672e-05	No	No
P50570	DNM2	8.41821171507192	8.93994161434944e-09	No	No
P50591	TNFSF10	9.12825432202807	3.80971437138105e-13	No	No
P50851	LRBA	9.68772756857324	1.7160160397395898e-12	No	No
P50895	BCAM	8.90770239411905	9.227311070950249e-11	No	No
P50990	CCT8	10.306770794325	1.06374889990967e-22	No	No
P50991	CCT4	10.3458463762632	2.0416142707371803e-15	No	No
P50995	ANXA11	7.79587022364289	5.33614252100349e-08	No	No
P51114	FXR1	3.70177648937029	0.0022778806540394	No	No
P51116	FXR2	6.16275122416678	4.4207164749557e-08	No	No
P51148	RAB5C	4.12225166917825	0.0002416543997898	No	No
P51149	RAB7A	10.4845778169998	3.8018575382282305e-15	No	No
P51153	RAB13	8.07487191484709	3.93149622482261e-10	No	No
P51452	DUSP3	8.57711872737258	2.00709853687966e-15	No	No
P51570	GALK1	6.50227920450628	3.866710745179121e-09	No	No
P51571	SSR4	6.70740488346858	5.7430634174131497e-11	No	No
P51572	BCAP31	9.07453484291351	7.54276308808286e-11	No	No
P51606	RENBP	7.68022574051268	8.65368861037385e-09	No	No
P51648	ALDH3A2	3.20504755772789	0.0016779565076603	No	No
P51649	ALDH5A1	4.43751782638669	0.0013282843358012	No	No
P51659	HSD17B4	9.19235777217996	6.85702712330311e-13	No	No
P51665	PSMD7	7.9009727596903	2.5461074897435797e-11	No	No
P51679	CCR4	5.09376416845841	1.75495872873807e-07	No	No
P51692	STAT5B	8.46607172852593	2.01553729638565e-08	No	No
P51693	APLP1	5.65296441716119	3.29199590546335e-05	No	No
P51790	CLCN3	6.55933359677074	1.52050227456037e-08	No	No
P51793	CLCN4	4.74639454361987	8.89650414810661e-07	No	No
P51809	VAMP7	8.26075938360072	3.6507946963836203e-09	No	No
P51858	HDGF	6.07361933441572	2.55172434122741e-08	No	No
P51884	LUM	4.71031815087971	1.3980342024378e-18	No	No
P51888	PRELP	8.46814138032169	1.58545828496141e-12	No	No
P51970	NDUFA8	7.6416819436485	2.22371839955485e-08	No	No
P52209	PGD	7.25771951433329	1.16665151740225e-11	No	No
P52294	KPNA1	6.28092172864796	3.03130143235838e-10	No	No
P52306	RAP1GDS1	7.60738038645912	4.92095766267153e-06	No	No
P52333	JAK3	5.05906998789534	1.62354203909365e-06	No	No
P52564	MAP2K6	3.14402049881055	0.0009020982434382	No	No
P52565	ARHGDIA	8.44568238368869	1.85540803921624e-12	No	No
P52594	AGFG1	5.29725858029681	3.58367380667756e-05	No	No
P52597	HNRNPF	3.64694044828507	0.0004988964713219	No	No
P52788	SMS	3.75902296063254	0.000168432388915	No	No
P52815	MRPL12	5.16627095818708	3.22835993338605e-05	No	No
P52823	STC1	2.50625799910365	0.005828451732195	No	No
P52848	NDST1	7.92196032725306	7.24191278113317e-10	No	No
P52907	CAPZA1	10.4856526744436	1.83029322068772e-20	No	No
P52943	CRIP2	6.33834884690281	1.43275126501288e-08	No	No
P53004	BLVRA	7.70534931637765	1.8526871802993902e-09	No	No
P53007	SLC25A1	5.84589078433233	5.95029364652883e-07	No	No
P53041	PPP5C	4.50814106825381	6.65887253148255e-07	No	No
P53367	ARFIP1	4.92689493851303	0.0009852154625649	No	No
P53396	ACLY	8.38889133373968	2.3698407413206e-13	No	No
P53597	SUCLG1	6.11903022719533	2.1771449375248803e-09	No	No
P53602	MVD	6.22368288824195	3.4097082957401403e-09	No	No
P53611	RABGGTB	5.10845803142211	1.97617877628364e-06	No	No
P53618	COPB1	8.1660365169158	7.38750438280742e-16	No	No
P53621	COPA	8.39795065232332	6.10466544706143e-18	No	No
P53680	AP2S1	7.20236134043905	2.63377314500163e-10	No	No
P53814	SMTN	6.89286207003596	3.8662477516123796e-11	No	No
P53990	IST1	6.23522052797218	1.14926966657662e-10	No	No
P53992	SEC24C	6.70498148157796	3.20457729671192e-10	No	No
P54105	CLNS1A	5.16811247060427	8.37384307184945e-07	No	No
P54136	RARS1	4.04752206297323	0.0047907061958901	No	No
P54577	YARS1	8.11048482510902	4.0147534774038494e-11	No	No
P54578	USP14	6.82535212150824	5.76850230848685e-09	No	No
P54619	PRKAG1	6.83201268149635	4.11031757231654e-08	No	No
P54687	BCAT1	6.56984827301654	2.19033679062625e-08	No	No
P54709	ATP1B3	8.6072113398894	1.4089032437995498e-11	No	No
P54725	RAD23A	8.34409316288145	1.56372882812292e-09	No	No
P54727	RAD23B	8.21982592472759	1.91176707362765e-07	No	No
P54819	AK2	7.9089864386997	4.01016603025959e-10	No	No
P54826	GAS1	5.64788725081676	6.63547429751875e-08	No	No
P54852	EMP3	6.98612140414955	2.02086958312527e-10	No	No
P54886	ALDH18A1	4.29469342017508	3.33231622067758e-05	No	No
P54920	NAPA	9.31693671031095	1.72783734749003e-17	No	No
P54922	ADPRH	4.09939496975528	2.59454760301252e-05	No	No
P55001	MFAP2	7.66585861695909	6.12970301851462e-14	No	No
P55010	EIF5	6.77504977138724	9.02230758446172e-13	No	No
P55011	SLC12A2	5.0154082954538	2.8484213308646e-06	No	No
P55036	PSMD4	7.32560253824509	1.22216363815256e-10	No	No
P55060	CSE1L	4.98870980087722	0.000667897156861	No	No
P55072	VCP	13.0050117292119	3.46978753440406e-23	No	No
P55084	HADHB	8.71442373442786	1.2993801534844002e-16	No	No
P55145	MANF	7.35593637511896	5.61553846831188e-08	No	No
P55157	MTTP	7.85263249901111	7.21497089797595e-11	No	No
P55160	NCKAP1L	7.20979465046974	5.45714033823739e-08	No	No
P55209	NAP1L1	10.6586135781285	9.08866748175366e-23	No	No
P55212	CASP6	5.64350115898718	3.12960903292908e-08	No	No
P55268	LAMB2	5.84604701635019	1.25334372737195e-09	No	No
P55286	CDH8	6.66247740224793	1.9635383747802602e-09	No	No
P55287	CDH11	4.72581718033301	3.81518245498351e-05	No	No
P55291	CDH15	8.8447695969788	9.52530735387966e-14	No	No
P55735	SEC13	4.30476089621345	7.88392711185698e-05	No	No
P55786	NPEPPS	8.88875751063561	6.27687370056642e-13	No	No
P55809	OXCT1	8.06464052371247	5.77989664322116e-14	No	No
P55884	EIF3B	4.2114504982038	0.0008369002839591	No	No
P55957	BID	7.31474083867979	1.21993969103313e-07	No	No
P56134	ATP5MF	6.78663970557383	8.71239149575815e-10	No	No
P56192	MARS1	6.38249973069962	3.14890480105155e-07	No	No
P56202	CTSW	7.86575923873265	1.42253864671241e-13	No	No
P56377	AP1S2	5.90045148458782	2.42247221307284e-07	No	No
P56378	ATP5MJ	6.57156379376471	1.50571844836068e-06	No	No
P56381;Q5VTU8	ATP5F1E;ATP5F1EP2	7.05171000979039	2.13146627917058e-12	No	No
P56385	ATP5ME	6.72422101423473	3.3977582829047802e-09	No	No
P56537	EIF6	7.95872121048512	1.29356327624438e-15	No	No
P56556	NDUFA6	6.50409904290752	4.809300808508069e-11	No	No
P57088	TMEM33	3.78540417060771	0.001350815827182	No	No
P57105	SYNJ2BP	3.3846626771449	0.0006462254708172	No	No
P57729	RAB38	5.08927260714108	1.00777425628912e-06	No	No
P57737	CORO7	6.65483994234054	4.4621676841274103e-10	No	No
P57764	GSDMD	5.35675011133308	2.89323201532015e-08	No	No
P58546	MTPN	8.87174348611545	5.775531747189289e-13	No	No
P59768	GNG2	6.74564970386604	4.82116966519454e-09	No	No
P60033	CD81	6.38904098525737	5.97941613266506e-07	No	No
P60468	SEC61B	6.25524282129106	7.63171267851185e-08	No	No
P60520	GABARAPL2	6.14123520025329	2.03185493789779e-08	No	No
P60660	MYL6	2.31496946364719	0.0079054026751119	No	No
P60842	EIF4A1	3.10339525480802	0.0063647643333513	No	No
P60866	RPS20	7.34377128950219	2.5149257584401502e-09	No	No
P60891	PRPS1	5.84397061475117	7.73917994635119e-10	No	No
P60900	PSMA6	3.80528959372961	0.001583590703155	No	No
P60903	S100A10	6.10269231122256	2.47434046761352e-06	No	No
P60953	CDC42	9.40495799099089	5.64399857013581e-21	No	No
P60981	DSTN	7.21148118372935	7.26853772869092e-14	No	No
P60985	KRTDAP	3.10702103885821	0.0033184096573029	No	No
P61006	RAB8A	4.00329861859166	1.03041058346757e-05	No	No
P61009	SPCS3	5.42027108412454	6.77428723366339e-05	No	No
P61018	RAB4B	7.41581552460307	2.92900069753722e-06	No	No
P61019	RAB2A	8.70806684293534	2.21239025255045e-16	No	No
P61020	RAB5B	8.25841086356541	3.33750377530914e-08	No	No
P61073	CXCR4	4.99862749584682	3.08368493264387e-06	No	No
P61077	UBE2D3	5.61907538676865	5.6155387851813e-07	No	No
P61081	UBE2M	6.40058021377	8.53155169163306e-08	No	No
P61086	UBE2K	3.75436873405584	0.0008927383851497	No	No
P61088	UBE2N	7.1969785607903	5.03432856676678e-12	No	No
P61106	RAB14	10.9411499177913	1.42090572647374e-21	No	No
P61158	ACTR3	9.97009765173276	5.89642356693912e-16	No	No
P61160	ACTR2	10.3757700694351	7.135628449023471e-21	No	No
P61163	ACTR1A	9.12060356302812	5.451789392135241e-09	No	No
P61201	COPS2	4.9163164956372	7.71296459001323e-06	No	No
P61224	RAP1B	3.95702555351818	0.0017938992706381	No	No
P61225	RAP2B	9.05193887610057	3.11187600316985e-13	No	No
P61421	ATP6V0D1	7.34670259363045	3.69528401330473e-10	No	No
P61586	RHOA	9.1938474290367	3.04876887209169e-09	No	No
P61604	HSPE1	9.45738886989259	6.79161562833239e-16	No	No
P61619	SEC61A1	4.32885410207085	1.85612148877439e-06	No	No
P61758	VBP1	6.33079338118399	1.8006566559919802e-09	No	No
P61803	DAD1	6.13756677008353	1.51158316234043e-07	No	No
P61923	COPZ1	6.55127368783441	8.597027274082879e-11	No	No
P61952	GNG11	8.63082891437253	6.1115595392090694e-12	No	No
P61960	UFM1	6.25110009701066	5.82897293695464e-07	No	No
P61964	WDR5	3.71887111525151	4.60603461047137e-05	No	No
P61966	AP1S1	6.15511078626387	3.97436816625226e-08	No	No
P61970	NUTF2	6.36652762630831	3.01594349114735e-05	No	No
P61978	HNRNPK	7.80362340187222	7.67717154699369e-12	No	No
P61981	YWHAG	2.4518631115777	0.0035077749169027	No	No
P62136	PPP1CA	9.87220763697736	5.42773395675871e-12	No	No
P62140	PPP1CB	8.27189983087474	1.3048330611785398e-11	No	No
P62191	PSMC1	8.58752897652063	1.1926342001397e-14	No	No
P62195	PSMC5	8.49128442321124	2.44573330191313e-09	No	No
P62249	RPS16	6.07103475257549	2.69006077259961e-07	No	No
P62256	UBE2H	5.25230339422297	6.16320701937993e-05	No	No
P62258	YWHAE	4.9401185329625	3.0509715158281e-05	No	No
P62310	LSM3	8.02440088739918	9.56764154319683e-10	No	No
P62312	LSM6	5.52321875535871	1.29893619963529e-06	No	No
P62330	ARF6	8.01972189621716	7.37977653879584e-12	No	No
P62333	PSMC6	8.73268545215719	4.45467757283908e-15	No	No
P62491	RAB11A	3.0441432953991	0.0005406227815488	No	No
P62495	ETF1	9.13558451030221	2.41244099925385e-10	No	No
P62714	PPP2CB	7.84033718962765	2.19011962846481e-13	No	No
P62820	RAB1A	5.11936288345841	1.18746583306714e-08	No	No
P62826	RAN	4.36904036839129	2.10977970852948e-06	No	No
P62873	GNB1	5.43528863265708	2.50284590633626e-07	No	No
P62942	FKBP1A	3.57216832745261	0.0001116355011435	No	No
P62993	GRB2	9.31095769347701	2.46801682904722e-13	No	No
P63000	RAC1	3.44632915276718	0.0072507969345416	No	No
P63010	AP2B1	8.47180224731907	2.1461690547781002e-11	No	No
P63027	VAMP2	8.27990377586941	1.05337429048695e-11	No	No
P63098	PPP3R1	7.26478405577454	2.15310961736702e-09	No	No
P63104	YWHAZ	4.11944732666042	1.29124903825046e-08	No	No
P63151	PPP2R2A	3.69728065010713	0.0003413643834847	No	No
P63167	DYNLL1	9.06492080034495	1.37541225804148e-15	No	No
P63208	SKP1	8.05040900551307	1.24860064442647e-13	No	No
P63218	GNG5	8.08415173006446	2.33415302642365e-08	No	No
P63241	EIF5A	2.00205106780692	0.0025587077708047	No	No
P63244	RACK1	4.95183991388775	0.0001607749357431	No	No
P63267	ACTG2	3.26132974607172	0.0018563008629419	No	No
P63316	TNNC1	2.87566832305854	0.0007407776470968	No	No
P67809	YBX1	3.38916292659035	0.0082872019687655	No	No
P67812	SEC11A	6.07249820537679	4.20653144606885e-06	No	No
P67936	TPM4	5.57961962958499	5.01860338453752e-07	No	No
P68032	ACTC1	5.67790921252963	9.15956577307882e-05	No	No
P68036	UBE2L3	8.07983076229263	2.1255135364899e-11	No	No
P68104;Q5VTE0	EEF1A1;EEF1A1P5	9.33263459876183	8.79771013817394e-10	No	No
P68366	TUBA4A	12.7112377625575	1.13299213460083e-29	No	No
P68371	TUBB4B	9.30802632520319	8.98057313142395e-19	No	No
P68400	CSNK2A1	4.69151300499302	0.0003533216566188	No	No
P68402	PAFAH1B2	7.39663820204145	6.44336759602028e-08	No	No
P78344	EIF4G2	6.90912368311109	2.34799183904037e-09	No	No
P78371	CCT2	9.49082220924301	4.77777101953929e-18	No	No
P78423	CX3CL1	7.76021896696703	1.18530437604886e-10	No	No
P78504	JAG1	6.71414222284006	4.77550231344209e-08	No	No
P78509	RELN	4.00294355795175	6.04281941180252e-06	No	No
P78527	PRKDC	8.28035915121041	1.72807971940694e-07	No	No
P78536	ADAM17	5.97855189334122	3.80166084391142e-08	No	No
P78537	BLOC1S1	7.28491830199966	9.873827793656789e-11	No	No
P78539	SRPX	6.15296364084398	8.42564574286038e-08	No	No
P78559	MAP1A	5.73193397226867	1.56001672058726e-07	No	No
P80217	IFI35	4.59694315040051	3.14109813480886e-05	No	No
P80303	NUCB2	8.24850289375076	1.97101436923497e-13	No	No
P80511	S100A12	5.13557020299593	2.26631068313121e-08	No	No
P82909	MRPS36	4.60780412585677	9.31884536598599e-05	No	No
P82987	ADAMTSL3	5.82650016615022	2.03930959125764e-06	No	No
P84095	RHOG	7.74808629704978	2.93472984946421e-08	No	No
P84157	MXRA7	2.68708718563395	0.002904045634445	No	No
P98066	TNFAIP6	8.29518635213358	1.37107794520252e-13	No	No
P98082	DAB2	5.65683647637516	6.96992680125037e-07	No	No
P98155	VLDLR	9.0873186776292	6.71503477171245e-10	No	No
P98171	ARHGAP4	6.41658591095578	1.40360800914076e-07	No	No
P98172	EFNB1	8.79173499254557	1.92830360706618e-08	No	No
P98194	ATP2C1	7.58528419638012	6.508856212725951e-09	No	No
P99999	CYCS	8.23349949718871	1.41315280134135e-07	No	No
Q00013	MPP1	9.02665215157271	3.8706570764159e-14	No	No
Q00059	TFAM	4.55220748086187	4.87020509253449e-06	No	No
Q00325	SLC25A3	8.27551584755042	1.60726939998459e-10	No	No
Q00341	HDLBP	5.16303172813107	0.0002357533151286	No	No
Q00535	CDK5	3.37375010806201	0.0017369502039758	No	No
Q00577	PURA	7.46799405180107	9.927559487645179e-11	No	No
Q00610	CLTC	12.2178607977795	1.31414586877822e-17	No	No
Q00653	NFKB2	4.49872759683499	3.37471291835736e-05	No	No
Q00688	FKBP3	5.73891564521368	2.70605197209713e-05	No	No
Q00722	PLCB2	8.38574703403936	9.90067025990482e-16	No	No
Q00765	REEP5	5.69271837832122	3.13003978503845e-06	No	No
Q00796	SORD	3.79807831960986	0.0012497712118947	No	No
Q00839	HNRNPU	6.95989366784483	1.58981668053215e-08	No	No
Q01082	SPTBN1	9.48220356292812	1.6596069367956298e-11	No	No
Q01433	AMPD2	8.69569699849879	2.05567789964448e-07	No	No
Q01518	CAP1	2.20411665623697	0.0009666669375168	No	No
Q01628	IFITM3	9.15802210876149	3.70849737185804e-11	No	No
Q01638	IL1RL1	6.40699114445504	3.50194304795823e-09	No	No
Q01813	PFKP	9.77090768383381	1.11096018796097e-18	No	No
Q01970	PLCB3	8.11620185067877	4.50239092605318e-14	No	No
Q01973	ROR1	8.17041645753475	3.63135235715622e-12	No	No
Q02094	RHAG	9.08911467541292	8.70934553793025e-14	No	No
Q02108	GUCY1A1	7.72617992926619	3.52275566867473e-07	No	No
Q02153	GUCY1B1	9.66916886645364	1.12235349250191e-14	No	No
Q02161;P18577	RHCE;RHD	3.68032007776914	0.0012778932457778	No	No
Q02218	OGDH	7.08664686568874	2.54910995510312e-07	No	No
Q02252	ALDH6A1	5.64008780252129	4.02083254679099e-08	No	No
Q02338	BDH1	4.93824191958875	2.53258260838049e-07	No	No
Q02413	DSG1	4.42831488006407	0.0012221827894711	No	No
Q02487	DSC2	3.49190624348894	6.31574298388607e-05	No	No
Q02750	MAP2K1	2.98951336436161	0.0088280794044296	No	No
Q02809	PLOD1	5.46736501877682	0.0008819548106004	No	No
Q02952	AKAP12	10.3071585030348	3.0056461194551104e-19	No	No
Q02978	SLC25A11	5.20153784052182	0.0001923593156275	No	No
Q03013	GSTM4	6.70749541444709	1.6863601394707e-09	No	No
Q03252	LMNB2	9.34021351632398	5.441224017951591e-15	No	No
Q03518	TAP1	6.86680381951135	3.0237123892411394e-11	No	No
Q03519	TAP2	6.22029889813118	5.5597825235988904e-09	No	No
Q04118	PRB3	3.65886586015763	0.000174315700857	No	No
Q04206	RELA	6.33808455587443	3.5332244688992e-08	No	No
Q04323	UBXN1	5.08642416532838	4.2257021720763e-06	No	No
Q04446	GBE1	6.85000026368433	6.03042675067229e-05	No	No
Q04637	EIF4G1	8.55775697058192	7.302789341635811e-09	No	No
Q04721	NOTCH2	9.85082301657518	7.76896422348911e-16	No	No
Q04759	PRKCQ	4.30792926761329	6.12651269421022e-06	No	No
Q04771	ACVR1	5.56492008054575	1.35335418046511e-08	No	No
Q04837	SSBP1	6.81184293591695	8.02830159665708e-07	No	No
Q04917	YWHAH	3.49295878599979	7.65303466436455e-05	No	No
Q04941	PLP2	8.22425789247265	2.95765454477913e-12	No	No
Q05193	DNM1	8.13781317870576	3.26532242964422e-08	No	No
Q05209	PTPN12	8.37095822345242	7.589942545193319e-11	No	No
Q05397	PTK2	7.54356852064167	1.23430794333552e-07	No	No
Q05655	PRKCD	7.26453947222785	3.09911134799204e-10	No	No
Q05682	CALD1	5.19609757256958	2.9671436460916e-06	No	No
Q05707	COL14A1	4.90092612578245	2.14628627251911e-07	No	No
Q05823	RNASEL	2.69419709929008	0.0055838250403004	No	No
Q05940	SLC18A2	5.23945445289086	4.86023286788974e-06	No	No
Q06033	ITIH3	5.62109988339479	2.21608473765492e-18	No	No
Q06124	PTPN11	6.13440550204797	1.46701555691124e-08	No	No
Q06187	BTK	7.9345145543315	6.43327503588159e-10	No	No
Q06210	GFPT1	4.17108868348931	0.0009712667518146	No	No
Q06418	TYRO3	4.24923718410998	0.0018123288076548	No	No
Q06481	APLP2	8.33728193339049	2.9794366283810597e-12	No	No
Q06787	FMR1	2.50781440470915	0.0035117625878947	No	No
Q06828	FMOD	11.5900107584642	1.0330880111639e-13	No	No
Q07021	C1QBP	8.26878112664924	6.953919058545491e-14	No	No
Q07065	CKAP4	9.3598339232844	3.07744648111132e-14	No	No
Q07108	CD69	4.34377853231567	1.64967252410011e-05	No	No
Q07812	BAX	6.75867135203903	5.31749519695688e-08	No	No
Q07817	BCL2L1	5.87332481407392	3.96631619561911e-07	No	No
Q07866	KLC1	6.91507909954228	1.20356572118791e-06	No	No
Q07954	LRP1	3.60186223646001	1.39826540409513e-08	No	No
Q08174	PCDH1	4.35746386476905	7.62509760052402e-06	No	No
Q08188	TGM3	6.86779119822262	1.31529181641299e-05	No	No
Q08209	PPP3CA	5.89818253860716	3.25618238377416e-06	No	No
Q08378	GOLGA3	4.45417661884664	0.0024821052954342	No	No
Q08379	GOLGA2	4.05191566254652	1.56283343964669e-05	No	No
Q08380	LGALS3BP	4.300690826659	1.89672608645042e-09	No	No
Q08397	LOXL1	4.31692592643449	0.0002146999307473	No	No
Q08431	MFGE8	10.3560103725362	2.90446134994367e-16	No	No
Q08495	DMTN	3.54765358794086	0.0004254034113457	No	No
Q08629	SPOCK1	3.32532948758331	0.000624486820142	No	No
Q08722	CD47	9.70528509123425	9.008042031491789e-12	No	No
Q08752	PPID	3.4741816570378	0.003593313947661	No	No
Q08AM6	VAC14	5.35325453737585	9.84061581204985e-07	No	No
Q09028	RBBP4	5.77468910509415	6.30996534698118e-08	No	No
Q09327	MGAT3	7.12809418395474	9.45002333222482e-10	No	No
Q0VD83	APOBR	6.39122895473466	9.667744827522019e-11	No	No
Q0VGL1	LAMTOR4	5.54705525599935	3.867023673192751e-09	No	No
Q0ZGT2	NEXN	9.41757112110676	1.03157099798475e-18	No	No
Q10469	MGAT2	5.31976993903844	9.07165470502313e-06	No	No
Q10472	GALNT1	6.65799893013127	6.90543277098529e-05	No	No
Q10567	AP1B1	6.8197588332049	7.09889533196339e-13	No	No
Q10589	BST2	5.41971811590325	6.57424840098345e-07	No	No
Q11201	ST3GAL1	6.48196293532351	8.43790123244151e-10	No	No
Q12765	SCRN1	7.61862999011489	7.21999684817594e-11	No	No
Q12768	WASHC5	2.8423741680028	0.0062506222523534	No	No
Q12797	ASPH	9.54010346441656	2.7501313703545202e-17	No	No
Q12800	TFCP2	4.8554857453467	7.50380079245895e-05	No	No
Q12846	STX4	8.07786142221392	1.3128646388332099e-11	No	No
Q12864	CDH17	8.8441897230644	3.0758539544132703e-15	No	No
Q12904	AIMP1	5.5876874376327	6.85923164905921e-05	No	No
Q12905	ILF2	9.66789010004092	1.87188184426303e-18	No	No
Q12906	ILF3	9.13317483160273	3.80213916404323e-24	No	No
Q12912	IRAG2	3.51853940220266	0.0015214842952197	No	No
Q12931	TRAP1	10.6900837076257	7.21197727568272e-07	No	No
Q12959	DLG1	4.69535786974639	9.94900025738099e-05	No	No
Q12965	MYO1E	3.7107961379598	0.0021609339258833	No	No
Q12974	PTP4A2	5.43123978841957	6.88230492229923e-07	No	No
Q12982	BNIP2	6.67784038444144	2.97968630129793e-06	No	No
Q13011	ECH1	8.30275636420675	3.15951098763272e-14	No	No
Q13033	STRN3	6.3921581047144	5.07393204819581e-09	No	No
Q13043	STK4	8.55160154740357	1.07948637877651e-13	No	No
Q13057	COASY	3.869757399355	6.10912841377229e-05	No	No
Q13094	LCP2	9.65662448383413	6.80639752355885e-20	No	No
Q13098	GPS1	6.50310115993769	2.0256133703514603e-09	No	No
Q13103	SPP2	3.10274500549029	0.0002764764302355	No	No
Q13107	USP4	5.51983977548933	8.55198877060313e-06	No	No
Q13126	MTAP	4.68414655253222	0.0069386802346729	No	No
Q13131	PRKAA1	4.56875516604398	0.000385759583832	No	No
Q13148	TARDBP	5.57916536607475	1.02870484660621e-07	No	No
Q13153	PAK1	7.45992113485435	1.30793342897547e-10	No	No
Q13155	AIMP2	4.60253705582901	5.36301101514932e-05	No	No
Q13158	FADD	5.24943797827846	2.14604012716749e-06	No	No
Q13162	PRDX4	9.25256124976883	1.55797034907934e-13	No	No
Q13177	PAK2	4.04125479609354	0.0015863216571248	No	No
Q13188	STK3	6.58249486078506	3.03053422172118e-07	No	No
Q13200	PSMD2	3.21165954190002	0.0026357008716947	No	No
Q13201	MMRN1	3.77422727334141	1.13818804507422e-06	No	No
Q13214	SEMA3B	4.69445225505346	2.35265030016368e-05	No	No
Q13283	G3BP1	8.72071729709029	3.14385926298374e-11	No	No
Q13310	PABPC4	4.05703032220337	5.27693960469594e-05	No	No
Q13336	SLC14A1	3.12650230985369	0.0035879697785755	No	No
Q13347	EIF3I	6.34774893478609	2.31637497874149e-08	No	No
Q13404	UBE2V1	7.48805901022188	2.53122739748885e-10	No	No
Q13409	DYNC1I2	3.7705542006603	0.0001018784701127	No	No
Q13418	ILK	5.55964379051093	8.14675971799275e-06	No	No
Q13423	NNT	9.42510119539855	2.86468766768485e-16	No	No
Q13428	TCOF1	2.92487838053446	0.0048908239135328	No	No
Q13438	OS9	7.21200699095313	2.60925326821196e-10	No	No
Q13442	PDAP1	3.28295697895254	0.0018781450691903	No	No
Q13444	ADAM15	6.02434988391527	1.74611775623461e-05	No	No
Q13459	MYO9B	6.3374199901063	7.81706925515535e-07	No	No
Q13464	ROCK1	7.70683953938314	2.85957973294895e-14	No	No
Q13477	MADCAM1	3.71598224199525	1.95827769817075e-06	No	No
Q13492	PICALM	6.26357033485378	7.73186617185251e-08	No	No
Q13496	MTM1	5.35291566128377	1.71313263140277e-06	No	No
Q13501	SQSTM1	5.27041297404724	1.06973897077617e-07	No	No
Q13505	MTX1	5.62720614574286	2.45378122661243e-06	No	No
Q13509	TUBB3	6.97998389411991	2.99041639300755e-10	No	No
Q13510	ASAH1	8.54559365932397	2.75749376027011e-15	No	No
Q13530	SERINC3	3.01006045714797	0.0025110726807722	No	No
Q13554	CAMK2B	5.02214751151694	3.07712485136876e-06	No	No
Q13555	CAMK2G	7.29079181219249	1.62478881434964e-08	No	No
Q13557	CAMK2D	5.51522240153493	5.77670033831522e-06	No	No
Q13561	DCTN2	9.95007496674762	3.1473111249342504e-19	No	No
Q13564	NAE1	6.92286119476413	3.2514675251378205e-09	No	No
Q13576	IQGAP2	10.6652243029081	7.6366504638157e-18	No	No
Q13586	STIM1	10.1237266513801	6.34987914859666e-13	No	No
Q13596	SNX1	5.31461030656532	6.65790237271361e-08	No	No
Q13618	CUL3	5.75448793460008	2.75618507833877e-07	No	No
Q13636	RAB31	4.46180279252738	8.58060434597137e-06	No	No
Q13637	RAB32	9.72255774834488	2.64912512924761e-12	No	No
Q13642	FHL1	8.3260975485878	1.54513708873284e-21	No	No
Q13683	ITGA7	5.11290482545235	3.92348961746162e-06	No	No
Q13724	MOGS	4.34371560712263	0.0008438104270758	No	No
Q13790	APOF	4.37036060448294	0.0007854450939489	No	No
Q13813	SPTAN1	7.36497124331145	9.58279267479649e-13	No	No
Q13838	DDX39B	6.63005022662153	3.36179078308143e-10	No	No
Q13884	SNTB1	7.04510906585385	2.39070412528644e-07	No	No
Q13976	PRKG1	7.86973935685157	5.51614599864457e-09	No	No
Q14005	IL16	3.29076816185297	0.0004724401806256	No	No
Q14008	CKAP5	9.37935300537821	1.63873036354768e-15	No	No
Q14012	CAMK1	8.17848522107826	1.24734599535784e-08	No	No
Q14088	RAB33A	5.27724793975178	2.44527311027165e-07	No	No
Q14112	NID2	8.8986563463496	3.8636750519842295e-11	No	No
Q14114	LRP8	9.57454807514404	0.0008563066873064	No	No
Q14116	IL18	3.73010437111559	0.0003524059849737	No	No
Q14141	SEPTIN6	7.62405511855343	3.93157819423426e-12	No	No
Q14152	EIF3A	6.08172946797998	5.01635794664352e-10	No	No
Q14155	ARHGEF7	7.76122039195925	1.47227723717025e-11	No	No
Q14156	EFR3A	3.4068532347558	0.0025640710312166	No	No
Q14160	SCRIB	2.81025934685327	0.0061730429937194	No	No
Q14162	SCARF1	5.78610713472445	1.69308052147774e-07	No	No
Q14165	MLEC	9.82116444773217	5.6018399589807e-18	No	No
Q14166	TTLL12	6.1002168029995	3.6001073047745703e-09	No	No
Q14203	DCTN1	9.65538124494041	1.91517907040562e-08	No	No
Q14213	EBI3	3.58291284347871	0.0005695795148505	No	No
Q14232	EIF2B1	3.92176489876681	0.0001798942335122	No	No
Q14240	EIF4A2	6.23423765918254	3.90555781194348e-10	No	No
Q14242	SELPLG	4.81897388676445	0.0003183179357446	No	No
Q14247	CTTN	11.82030787098	2.3983383271273e-24	No	No
Q14254	FLOT2	9.5860015197781	6.58524622067203e-08	No	No
Q14258	TRIM25	6.65599566797892	3.5458044697475896e-11	No	No
Q14289	PTK2B	3.23750105196682	0.0054127028128818	No	No
Q14318	FKBP8	6.11097572547061	1.25839734545582e-06	No	No
Q14344	GNA13	8.803987874749	4.07074421724154e-10	No	No
Q14392	LRRC32	5.99965416582528	0.0002286851001788	No	No
Q14393	GAS6	6.1685613858265	5.17807632613891e-07	No	No
Q14432	PDE3A	8.23470182972919	4.97179172781152e-08	No	No
Q14444	CAPRIN1	4.66106085301466	3.35451229417573e-06	No	No
Q14515	SPARCL1	2.40371277552429	0.0099563272033414	No	No
Q14517	FAT1	13.5291443288863	2.2394894284905e-16	No	No
Q14520	HABP2	5.47515721631702	4.50763213490764e-07	No	No
Q14554	PDIA5	8.534935391197	9.3782518897252e-09	No	No
Q14558	PRPSAP1	3.62884739278022	0.0048857752671891	No	No
Q14571	ITPR2	6.34202585503987	3.34910275419497e-07	No	No
Q14642	INPP5A	6.81934086355832	4.5230696126245604e-09	No	No
Q14643	ITPR1	7.16174910859345	3.80079613349944e-07	No	No
Q14644	RASA3	9.5597033103404	1.21565051583167e-26	No	No
Q14651	PLS1	3.39854119610269	0.0098784368151473	No	No
Q14677	CLINT1	8.94607920378525	1.3225113071924298e-11	No	No
Q14683	SMC1A	7.09272048750437	2.22294374851968e-10	No	No
Q14696	MESD	6.44363490217076	6.061776445866491e-09	No	No
Q14697	GANAB	2.98015736221891	7.87654640053107e-06	No	No
Q14699	RFTN1	3.97441717109553	0.0055816447775785	No	No
Q14761	PTPRCAP	5.84775989207099	2.31658478370013e-08	No	No
Q14764	MVP	7.61677868034458	8.411319671151209e-11	No	No
Q14766	LTBP1	6.61111024970675	1.0214598641004399e-12	No	No
Q14847	LASP1	10.4962328456777	1.0104774547323e-23	No	No
Q14919	DRAP1	3.15572385166944	0.0003163388985666	No	No
Q14974	KPNB1	10.5088502563862	6.14954067061556e-13	No	No
Q14BN4	SLMAP	6.68381661118045	1.38058238958136e-10	No	No
Q14C86	GAPVD1	5.86473767745533	2.2983101726593e-08	No	No
Q15005	SPCS2	5.3362239161947	6.70284724411001e-08	No	No
Q15006	EMC2	4.35233816758648	1.52363520821366e-06	No	No
Q15008	PSMD6	6.88045908744719	1.99540843946922e-09	No	No
Q15018	ABRAXAS2	5.74185493257694	3.82674060883658e-07	No	No
Q15019	SEPTIN2	8.8662531167433	5.5524262126061696e-11	No	No
Q15036	SNX17	2.95295564065382	0.0034020351477336	No	No
Q15042	RAB3GAP1	6.47614278168138	1.1017872843442601e-10	No	No
Q15043	SLC39A14	6.70883547811842	1.0078677802502101e-10	No	No
Q15049	MLC1	6.45395021182967	2.1690902816944803e-09	No	No
Q15056	EIF4H	5.43103899909875	7.8104220666966e-05	No	No
Q15057	ACAP2	3.94791928971497	0.0001675836082767	No	No
Q15067	ACOX1	7.80121627639617	2.05719835156553e-11	No	No
Q15075	EEA1	3.79728503877135	0.000387155107882	No	No
Q15084	PDIA6	4.90960581181996	1.58098079173616e-06	No	No
Q15118	PDK1	5.17738384282768	1.10009986180622e-08	No	No
Q15125	EBP	5.38054154409532	3.775229933552e-06	No	No
Q15126	PMVK	3.255273114562	0.0058078397039648	No	No
Q15147	PLCB4	5.36609084584156	3.69829059111918e-06	No	No
Q15149	PLEC	9.92266940916909	2.3221146338337e-21	No	No
Q15155	NOMO1	3.88261214930406	0.0001340535826511	No	No
Q15165	PON2	6.36469857818571	1.37566948436336e-10	No	No
Q15173	PPP2R5B	5.71794023190532	2.20221808528019e-05	No	No
Q15181	PPA1	4.73045212302243	4.19258918146682e-07	No	No
Q15185	PTGES3	5.40458932509856	6.90594355229135e-05	No	No
Q15208	STK38	3.01992047653236	0.0048670745627772	No	No
Q15262	PTPRK	7.26995525963661	1.165273024534e-08	No	No
Q15283	RASA2	3.18155605861501	0.0014304930731543	No	No
Q15286	RAB35	7.20683388601753	4.12089534932426e-13	No	No
Q15363	TMED2	7.53252005094387	5.013476903223439e-13	No	No
Q15365	PCBP1	2.50888128667223	0.0015889877883242	No	No
Q15366	PCBP2	7.93972016173178	1.1066330808337201e-14	No	No
Q15369	ELOC	7.88114144136396	4.39976131577441e-14	No	No
Q15370	ELOB	7.28181827812484	1.70950116814878e-13	No	No
Q15382	RHEB	7.83370113437997	1.13687327359583e-08	No	No
Q15389	ANGPT1	5.86025428844692	2.56766946970933e-08	No	No
Q15404	RSU1	1.78447628440965	0.0063885625763491	No	No
Q15417	CNN3	4.10646004560241	0.0032366670890701	No	No
Q15435	PPP1R7	10.3707082193326	6.859760263271539e-18	No	No
Q15436	SEC23A	6.80291436981633	6.386761046452039e-12	No	No
Q15437	SEC23B	4.07365953622026	0.0001686637720951	No	No
Q15438	CYTH1	3.01527042952787	0.0078023106438297	No	No
Q15459	SF3A1	3.81705378755174	0.0002561975946552	No	No
Q15526	SURF1	4.97856933837255	1.9084762568937e-06	No	No
Q15555	MAPRE2	10.4409593822218	7.49171785300763e-17	No	No
Q15599	SLC9A3R2	6.26755605039366	2.72158898073605e-06	No	No
Q15628	TRADD	3.11990517669671	0.002889486280927	No	No
Q15631	TSN	6.36796941546698	8.00600458826533e-11	No	No
Q15642	TRIP10	7.37469967491985	1.8034167962261e-12	No	No
Q15653	NFKBIB	3.84754165316732	7.31700654264557e-05	No	No
Q15691	MAPRE1	10.8579096018342	1.71769396029156e-20	No	No
Q15738	NSDHL	5.47119235212685	3.27208025925333e-07	No	No
Q15746	MYLK	9.83518464673761	1.29830451665088e-10	No	No
Q15750	TAB1	3.00403061829527	0.005767299558381	No	No
Q15758	SLC1A5	7.27503965470011	6.84621271481303e-10	No	No
Q15762	CD226	9.39773359977066	1.17755974111792e-15	No	No
Q15771	RAB30	6.4016735106206	2.10037226159834e-08	No	No
Q15796	SMAD2	6.04874512565041	5.54075730737774e-08	No	No
Q15818	NPTX1	3.879864641701	7.29517281203074e-05	No	No
Q15819	UBE2V2	5.69784101207965	5.22510075757701e-08	No	No
Q15833	STXBP2	10.6295722125399	1.05508198027942e-21	No	No
Q15836	VAMP3	7.41681827774262	5.38441418742838e-08	No	No
Q15904	ATP6AP1	5.46063036579514	0.0009926273978815	No	No
Q15907	RAB11B	7.89189930670644	3.44005849766234e-09	No	No
Q15942	ZYX	2.63511619003291	0.003942090470229	No	No
Q16134	ETFDH	7.68607118628085	9.679838574992042e-09	No	No
Q16181	SEPTIN7	8.95903242279385	1.89256470099479e-21	No	No
Q16186	ADRM1	5.31039761969032	0.00114208600135	No	No
Q16204	CCDC6	4.23924447561599	8.61780609981162e-05	No	No
Q16363	LAMA4	8.56921970539932	7.34279184277089e-13	No	No
Q16378	PRR4	5.33867276052733	5.52248591253347e-07	No	No
Q16401	PSMD5	8.13825933782307	7.075632255863491e-15	No	No
Q16512	PKN1	6.35279740983954	4.65829581934127e-08	No	No
Q16531	DDB1	8.59592088962794	3.04980350784586e-12	No	No
Q16537	PPP2R5E	3.89537537677618	0.0001317853704964	No	No
Q16539	MAPK14	8.69970125098772	8.477110450150361e-14	No	No
Q16543	CDC37	8.22271907880088	2.0617854845949602e-21	No	No
Q16555	DPYSL2	9.73450992512572	5.79032687595313e-15	No	No
Q16563	SYPL1	7.24356515162251	2.48241102261845e-10	No	No
Q16570	ACKR1	3.79192142558311	0.000346017743692	No	No
Q16620	NTRK2	8.68895611678937	1.00727085610195e-16	No	No
Q16643	DBN1	9.6950543504581	3.28149427441949e-16	No	No
Q16644	MAPKAPK3	4.70975362410304	0.0004432507199039	No	No
Q16658	FSCN1	6.42112342330872	0.0001455835124049	No	No
Q16698	DECR1	7.9398689115606	2.06534605346769e-08	No	No
Q16718	NDUFA5	6.50998644604226	1.23361631403848e-08	No	No
Q16740	CLPP	7.20711236228084	1.07102522768476e-06	No	No
Q16762	TST	8.12028761592387	4.92182465956415e-15	No	No
Q16775	HAGH	5.22063808552503	4.38078165836989e-05	No	No
Q16787	LAMA3	4.01790945328775	0.0001283900372356	No	No
Q16795	NDUFA9	4.38861909692002	0.0003176584313694	No	No
Q16799	RTN1	8.26750766445788	4.72292118406973e-10	No	No
Q16820	MEP1B	11.6609810229394	1.24706762147261e-15	No	No
Q16832	DDR2	7.10754760077419	8.36579035653344e-10	No	No
Q16836	HADH	8.2573043758095	5.02888948606173e-10	No	No
Q16881	TXNRD1	3.90148538112764	0.0052249706518323	No	No
Q16891	IMMT	8.5004157546573	4.2808988901250605e-15	No	No
Q17RC7	EXOC3L4	3.01301361806436	0.0021135334883528	No	No
Q1KMD3	HNRNPUL2	7.03716588479125	2.16779004081158e-10	No	No
Q24JP5	TMEM132A	7.72075455404965	1.3598639557959499e-11	No	No
Q27J81	INF2	9.83732362679889	1.7462112437621e-17	No	No
Q2TAA5	ALG11	3.80064772487043	0.0005080679493361	No	No
Q2TAL6	VWC2	7.52581854156329	2.45917000873934e-12	No	No
Q2UY09	COL28A1	3.86689979637231	0.0003056191852409	No	No
Q32MZ4	LRRFIP1	8.36746991645984	1.81514528856726e-16	No	No
Q32P44	EML3	5.92342496182521	4.08921072124372e-08	No	No
Q3LXA3	TKFC	6.82385508313463	2.46019987521301e-08	No	No
Q3SXM5	HSDL1	5.13425404265081	7.17300614213993e-05	No	No
Q3YEC7	RABL6	5.74321252359833	5.25494014442921e-08	No	No
Q3ZAQ7	VMA21	4.68873326757874	2.13384488455178e-06	No	No
Q3ZCQ8	TIMM50	5.67918660787701	1.54787719523446e-09	No	No
Q3ZCW2	LGALSL	8.83757011723073	4.39821552760945e-15	No	No
Q4G0F5	VPS26B	7.92055935530756	2.73388571533137e-09	No	No
Q4G0N4	NADK2	3.91587326870249	0.0006814888853709	No	No
Q4G148	GXYLT1	8.67818113573456	4.37814456902606e-09	No	No
Q4KMP7	TBC1D10B	5.45609243318487	6.45520603003334e-05	No	No
Q4KMQ2	ANO6	8.84371969204466	1.32207366688078e-07	No	No
Q4LDE5	SVEP1	4.63183787696175	5.49925033897989e-08	No	No
Q4V328	GRIPAP1	6.35710828971168	2.58311674611594e-10	No	No
Q504Y2	PKDCC	7.89551222865099	1.41858640240493e-13	No	No
Q53GL0	PLEKHO1	3.68594520440444	0.0009477321006457	No	No
Q53H12	AGK	4.98749101326534	1.59908421124437e-06	No	No
Q53H96	PYCR3	3.9392284505192	0.0004529265977433	No	No
Q53HC9	EIPR1	4.3358666910339	3.28210483615068e-05	No	No
Q53T59	HS1BP3	8.57899220685503	4.5136491889879305e-15	No	No
Q53TN4	CYBRD1	2.81125996007889	0.0011472867976036	No	No
Q562R1	ACTBL2	3.728737183915	1.7436856122572699e-12	No	No
Q58EX2	SDK2	6.37257434025744	1.56558938329885e-05	No	No
Q5BKT4	ALG10	3.62116828559536	0.0002994279336106	No	No
Q5BLP8	C4orf48	8.20881440166539	2.91695992390425e-13	No	No
Q5EG05	CARD16	2.56630434685239	0.0063374580511924	No	No
Q5H9R7	PPP6R3	6.04956619863463	1.50935430154971e-10	No	No
Q5JQS6	GCSAML	4.66375628463767	6.72580425212665e-06	No	No
Q5JRA6	MIA3	9.48961167476805	3.12283503800471e-12	No	No
Q5JRX3	PITRM1	4.77074666092315	3.47419817369133e-05	No	No
Q5JSH3	WDR44	10.0405055037775	1.6373046555342699e-28	No	No
Q5JSL3	DOCK11	5.5828258959692	2.48411663604693e-07	No	No
Q5JSP0	FGD3	4.44921644990151	1.44612764457611e-05	No	No
Q5JU69	TOR2A	6.80033282669255	2.62225343194299e-09	No	No
Q5JWF2	GNAS	7.36113894959946	4.58944385333885e-10	No	No
Q5K4L6	SLC27A3	6.98547110701488	8.18071730229974e-09	No	No
Q5M775	SPECC1	5.88897961737408	4.20202233512739e-07	No	No
Q5SGD2	PPM1L	6.29234711680515	6.444697287017371e-09	No	No
Q5SQ64	LY6G6F	8.34706781189489	2.75625535648321e-16	No	No
Q5SW79	CEP170	4.79339077585033	7.50290572048075e-06	No	No
Q5SW96	LDLRAP1	6.41917044575394	1.97944140067355e-09	No	No
Q5SZK8	FREM2	3.70493111625745	0.0002318064722847	No	No
Q5T0F9	CC2D1B	4.76365277687217	2.11617951120074e-07	No	No
Q5T0N5	FNBP1L	6.4372445714466	8.51025804183518e-07	No	No
Q5T1M5	FKBP15	7.74752666135435	1.24833538101466e-10	No	No
Q5T2D2	TREML2	2.9403379369477	0.0026675199333872	No	No
Q5T2T1	MPP7	6.86021082120561	1.22680596080418e-05	No	No
Q5T3F8	TMEM63B	6.14208008199095	4.527091531141e-07	No	No
Q5T447	HECTD3	7.07095004775839	1.38227558105945e-07	No	No
Q5T4S7	UBR4	7.81409656391283	6.2799398615788095e-12	No	No
Q5T5C0	STXBP5	7.54381771730758	1.37525318125999e-12	No	No
Q5T5U3	ARHGAP21	3.98671984418654	0.003595245151889	No	No
Q5TCZ1	SH3PXD2A	4.94040559536406	1.37287960062972e-06	No	No
Q5TDH0	DDI2	5.40257091103672	1.62336672786635e-07	No	No
Q5U3C3	TMEM164	4.58059080046683	0.0002081418079627	No	No
Q5UCC4	EMC10	5.44720313768507	6.8078870098529e-07	No	No
Q5VV43	KIAA0319	2.72044124230016	0.0024675589246007	No	No
Q5VVQ6	YOD1	5.93647733466735	2.3883005193168e-07	No	No
Q5VWC8	HACD4	6.37177157455467	2.60934730536139e-06	No	No
Q5VWZ2	LYPLAL1	4.37478044191235	0.0004315570421978	No	No
Q5VY43	PEAR1	7.82354902417412	6.5559950015492e-08	No	No
Q5VZ89	DENND4C	4.92791780999167	0.0002262707466484	No	No
Q5VZK9	CARMIL1	6.56177765040363	7.08950772632617e-10	No	No
Q5W0V3	FAM160B1	4.90197107778455	9.89126205571307e-07	No	No
Q629K1	TRIQK	5.28869994232024	1.99643959505083e-06	No	No
Q63HN8	RNF213	4.81541500027909	1.20888310501952e-05	No	No
Q63ZY3	KANK2	3.8433081700104	0.0001765090383972	No	No
Q641Q2	WASHC2A	5.97576601762372	3.41893921719855e-07	No	No
Q658P3	STEAP3	8.38925100575119	6.966790265931901e-10	No	No
Q66K74	MAP1S	6.38425784851167	2.60097456089794e-07	No	No
Q676U5	ATG16L1	7.20194913388757	8.03553934850276e-07	No	No
Q684P5	RAP1GAP2	8.16493525561811	2.45454132634707e-13	No	No
Q68BL7	OLFML2A	5.85138792712357	1.53796371616286e-06	No	No
Q68D51	DENND2C	4.05556436258045	0.0010129115798013	No	No
Q68D91	MBLAC2	5.19677517186672	2.14201524853054e-06	No	No
Q68EM7	ARHGAP17	5.66184704851829	0.0001596378044711	No	No
Q69YN2	CWF19L1	4.41916002834713	4.96687405480343e-06	No	No
Q6BDS2	UHRF1BP1	5.02603707192645	0.0001506629150615	No	No
Q6DD88	ATL3	8.73016482074934	1.1075447619818301e-14	No	No
Q6FI81	CIAPIN1	5.44455055218001	0.000156251242251	No	No
Q6GMV2	SMYD5	7.38922185154304	1.02522739561965e-07	No	No
Q6IAA8	LAMTOR1	7.57228865991295	2.32260458408166e-12	No	No
Q6IBS0	TWF2	8.45598662596941	1.5578234331817098e-18	No	No
Q6ICL3	TANGO2	5.5927782224664	2.78501504523121e-06	No	No
Q6IEE7	TMEM132E	8.87972805153432	6.31032448050077e-13	No	No
Q6IQ22	RAB12	4.74170305932997	1.38585858297171e-05	No	No
Q6NUK1	SLC25A24	4.90943646370011	3.94721175414964e-06	No	No
Q6NVY1	HIBCH	4.3258958775829	2.59011697713088e-05	No	No
Q6NXE6	ARMC6	3.01355832931965	0.0047213937480714	No	No
Q6NXT6	TAPT1	4.01182270120708	0.0003029914275331	No	No
Q6NYC8	PPP1R18	4.15671382576205	0.0003324454697519	No	No
Q6NZI2	CAVIN1	5.10581100840741	0.0001050782614759	No	No
Q6P1A2	LPCAT3	7.21207791456192	1.39631056987025e-12	No	No
Q6P1M0	SLC27A4	6.82784628401106	4.47968670252628e-08	No	No
Q6P1N0	CC2D1A	4.61442472622125	1.08476337454374e-05	No	No
Q6P2E9	EDC4	5.60686561785801	2.0950399342294e-06	No	No
Q6P3W7	SCYL2	5.86895379032209	2.8077750886473e-08	No	No
Q6P3X3	TTC27	4.95237054602046	2.34155074647413e-07	No	No
Q6P4E1	GOLM2	9.67031813953884	5.15638365883459e-12	No	No
Q6P587	FAHD1	5.63914637092258	1.73085927076044e-07	No	No
Q6P996	PDXDC1	3.81187517858192	0.0005647606467181	No	No
Q6P9B6	MEAK7	5.1146701106562	2.30476864732115e-05	No	No
Q6PCB0	VWA1	5.99896232225219	4.6185877394401e-08	No	No
Q6PCE3	PGM2L1	3.14838105890841	0.0044264251623716	No	No
Q6PGP7	TTC37	6.33256362397439	2.5397344398012e-08	No	No
Q6PI48	DARS2	4.65543276868632	3.70569868630294e-06	No	No
Q6PJW8	CNST	7.89627791184195	7.0663352579887e-08	No	No
Q6PKG0	LARP1	4.88057699835996	6.73752246136375e-07	No	No
Q6PL24	TMED8	6.97574070289259	1.8076554865742e-07	No	No
Q6QNK2	ADGRD1	5.49881895679347	2.29655516992339e-06	No	No
Q6QNY1	BLOC1S2	3.07357030823723	0.0033601096696479	No	No
Q6UVK1	CSPG4	4.51868082250469	8.31449784913909e-07	No	No
Q6UW49	SPESP1	6.12999713901452	1.66616778102861e-08	No	No
Q6UWB1	IL27RA	4.89359783718719	0.0001103414688536	No	No
Q6UWD8	C16orf54	9.2971675948144	2.78151556811761e-14	No	No
Q6UWF9	FAM180A	6.23694549977931	9.77035586269793e-08	No	No
Q6UWL2	SUSD1	6.4379776346334	2.18061289613262e-05	No	No
Q6UWY5	OLFML1	8.23198947687117	6.82580193335757e-13	No	No
Q6UXB4	CLEC4G	7.17367418783327	2.74581893417975e-13	No	No
Q6UXC1	MAMDC4	4.60719812721993	0.0001940123313278	No	No
Q6UXD5	SEZ6L2	9.80034623168438	6.848545611758191e-09	No	No
Q6UXH0	ANGPTL8	3.3184926545064	0.0023047015214431	No	No
Q6UXH1	CRELD2	9.10861655359516	5.83747713685081e-14	No	No
Q6UXH9	PAMR1	5.60517439259921	3.17261437315455e-05	No	No
Q6UXI9	NPNT	5.9177434266826	9.83355411032561e-08	No	No
Q6V0I7	FAT4	11.8401656678573	5.87257899561095e-16	No	No
Q6VY07	PACS1	7.25239170841471	5.56271368011233e-08	No	No
Q6XQN6	NAPRT	8.00820535161468	9.8876962820249e-09	No	No
Q6ZMJ2	SCARA5	5.61968396771714	2.3409353135614e-07	No	No
Q6ZRP7	QSOX2	7.66045787401168	2.09040992782995e-12	No	No
Q6ZRV2	FAM83H	5.44875283219484	0.0001428540747161	No	No
Q6ZRY4	RBPMS2	4.67503090389899	0.0001162474247262	No	No
Q6ZS11	RINL	2.84194864723753	0.0076125067163693	No	No
Q6ZSR9	gene	3.90620936936197	0.0002876064682897	No	No
Q6ZSS7	MFSD6	6.86205828507614	2.00060163779224e-10	No	No
Q6ZT21	TMPPE	4.24776738888027	3.2383208739014e-05	No	No
Q6ZU35	CRACD	6.70205363001427	6.35996879524932e-10	No	No
Q6ZUX7	LHFPL2	5.85784103120414	1.11097014135785e-09	No	No
Q6ZVM7	TOM1L2	8.18439165640018	2.98674788448959e-14	No	No
Q6ZWT7	MBOAT2	6.92390484418087	9.89179302431906e-11	No	No
Q709C8	VPS13C	6.32622000249819	2.16190989171433e-05	No	No
Q70IA6	MOB2	4.27761125021774	0.000572516788714	No	No
Q70J99	UNC13D	9.84112188928342	1.28831190516227e-10	No	No
Q7KYR7	BTN2A1	3.09373680681257	0.0007026321116447	No	No
Q7KZF4	SND1	4.57241796800268	0.0002595232017318	No	No
Q7L1Q6	BZW1	4.51811523707309	2.88040937855129e-06	No	No
Q7L1W4	LRRC8D	4.68726280379344	0.0016368091531239	No	No
Q7L2H7	EIF3M	4.86028852777096	7.85570154060757e-06	No	No
Q7L576	CYFIP1	10.059501887235	7.52478905791573e-12	No	No
Q7L591	DOK3	8.78566849705572	1.43843348662515e-07	No	No
Q7L5N1	COPS6	7.8200254706444	3.79278913798767e-13	No	No
Q7L7X3	TAOK1	6.69876379207236	1.81499269134684e-08	No	No
Q7L9L4;Q9H8S9	MOB1A;MOB1B	7.50751724540714	3.48785339858824e-06	No	No
Q7LBR1	CHMP1B	4.17013902705766	0.0001096951462592	No	No
Q7LDG7	RASGRP2	9.24674148674528	1.16033853435044e-08	No	No
Q7LFX5	CHST15	9.05515726757448	1.67885475291607e-13	No	No
Q7LGC8	CHST3	10.4496734272294	3.88660600765891e-14	No	No
Q7Z2W4	ZC3HAV1	6.38126206362323	2.67168768736814e-08	No	No
Q7Z304	MAMDC2	7.04975564866	4.42163179531986e-10	No	No
Q7Z392	TRAPPC11	4.69251179050013	8.70834785402184e-05	No	No
Q7Z3C6	ATG9A	6.35788851142797	1.14659017363705e-09	No	No
Q7Z3J2	VPS35L	3.87285376685678	0.0007269216653327	No	No
Q7Z406	MYH14	8.9477246959452	1.90764351103893e-17	No	No
Q7Z434	MAVS	8.95300183611434	3.06484844986601e-10	No	No
Q7Z4R8	C6orf120	8.89679345389444	3.6253007476856104e-14	No	No
Q7Z5G4	GOLGA7	5.31952798259337	3.05600332765657e-07	No	No
Q7Z5L7	PODN	7.98751177628441	2.97685653698768e-12	No	No
Q7Z6K5	ARPIN	5.14262620964262	8.70746779683896e-07	No	No
Q7Z7E8	UBE2Q1	4.33732599948782	2.62591010374589e-05	No	No
Q7Z7H5	TMED4	6.82117692611361	1.2924471064320902e-09	No	No
Q86SR1	GALNT10	6.34000523447419	6.3861985740317e-07	No	No
Q86SX6	GLRX5	5.47948813936127	4.30559151573159e-09	No	No
Q86SZ2	TRAPPC6B	5.58802047183362	7.89128324270369e-07	No	No
Q86TP1	PRUNE1	8.05433941129048	5.256582296454699e-13	No	No
Q86TX2	ACOT1	4.74135519946853	0.0011375375242104	No	No
Q86TY3	ARMH4	4.984780154791	0.0002113059168516	No	No
Q86UE4	MTDH	6.52570944945555	1.16237614572087e-09	No	No
Q86UF1	TSPAN33	6.09973646581828	4.143215689874051e-09	No	No
Q86UP0	CDH24	7.14373494671948	5.27605599210483e-06	No	No
Q86UP2	KTN1	5.98890213211772	1.06830324397861e-06	No	No
Q86UT6	NLRX1	7.10581982136312	9.50203958029221e-07	No	No
Q86UX7	FERMT3	3.29385359163047	2.15322466744338e-06	No	No
Q86VN1	VPS36	3.07248825299737	0.0024160080102331	No	No
Q86VP3	PACS2	5.04010127199266	3.03677117522337e-06	No	No
Q86VP6	CAND1	8.39317957246152	3.76006926390288e-13	No	No
Q86VS8	HOOK3	6.19789457440074	1.81813985732009e-06	No	No
Q86VZ4	LRP11	5.81120723301717	1.24880276766631e-05	No	No
Q86WR7	PROSER2	7.43362690713564	1.64693570863815e-13	No	No
Q86WV6	STING1	4.05215249655144	0.0001052592371504	No	No
Q86XX4	FRAS1	7.35560866404453	9.1332741261152e-08	No	No
Q86Y39	NDUFA11	6.1780430800848	2.70642957370672e-06	No	No
Q86Y82	STX12	6.86155989778107	1.19015233964593e-10	No	No
Q86YB7	ECHDC2	9.06147368842107	3.17981992503561e-12	No	No
Q86YL5	TDRP	6.38722605872258	2.8422074134061603e-09	No	No
Q86YS7	C2CD5	2.85486660757363	0.0035446566588934	No	No
Q86YV0	RASAL3	3.11747727243299	0.0061197202263703	No	No
Q86YW5	TREML1	9.29603806954269	4.87594893216126e-13	No	No
Q8IUI8	CRLF3	7.93000016232453	5.004293061523491e-09	No	No
Q8IUK5	PLXDC1	13.4439086624634	6.433807288429859e-22	No	No
Q8IUK8	CBLN2	10.6036951326252	6.21231079092968e-17	No	No
Q8IUR0	TRAPPC5	6.230152246826	8.1383657494322e-09	No	No
Q8IUX7	AEBP1	9.28174170658088	2.47689179308634e-13	No	No
Q8IVB4	SLC9A9	7.13002978283725	1.24633697150319e-07	No	No
Q8IVT5	KSR1	5.51999302477175	4.73155611567509e-05	No	No
Q8IWA5	SLC44A2	8.95271812466377	1.14215096865597e-08	No	No
Q8IWB7	WDFY1	5.42388689499556	2.27512408847336e-06	No	No
Q8IWE2	FAM114A1	7.97688185304575	2.15817631186018e-10	No	No
Q8IWJ2	GCC2	10.0509636045535	3.63964705286338e-08	No	No
Q8IWK6	ADGRA3	3.86188740831946	0.000582793517415	No	No
Q8IWT0	ZBTB8OS	4.8351686697996	1.13247593903511e-06	No	No
Q8IXI1	RHOT2	4.88385468262155	7.57959283555533e-05	No	No
Q8IXI2	RHOT1	3.02962139330093	0.0014396760043702	No	No
Q8IXJ6	SIRT2	5.62307126792755	4.35344981296775e-06	No	No
Q8IY17	PNPLA6	3.07670479022625	0.0082952379208354	No	No
Q8IY22	CMIP	8.30304728295578	1.87143164099213e-14	No	No
Q8IY33	MICALL2	3.120364042347	0.0029848228023763	No	No
Q8IYD1	GSPT2	6.66910166847292	6.22380292516694e-11	No	No
Q8IYI6	EXOC8	5.67117584422551	1.19237869599948e-06	No	No
Q8IYU8	MICU2	6.03176022474797	7.81747081182183e-10	No	No
Q8IZ07	ANKRD13A	6.57724190116578	6.37791403384429e-10	No	No
Q8IZ83	ALDH16A1	4.60105388543958	0.0036485430416776	No	No
Q8IZA0	KIAA0319L	3.21365391010373	0.0042766126614864	No	No
Q8IZP0	ABI1	9.11589347202392	7.50919098346925e-12	No	No
Q8IZP7	HS6ST3	8.21998590635344	1.32440240832131e-12	No	No
Q8IZP9	ADGRG2	6.79872665516027	1.09865599335335e-08	No	No
Q8N0U8	VKORC1L1	4.07744782286648	9.14773591779206e-05	No	No
Q8N128	FAM177A1	9.54758016354302	2.57006753665496e-14	No	No
Q8N129	CNPY4	5.10727757427266	3.69841488120898e-06	No	No
Q8N163	CCAR2	6.27837856648786	2.8943637744952e-09	No	No
Q8N1G4	LRRC47	5.95787371788925	5.77172991057094e-07	No	No
Q8N1Q1	CA13	3.1643798142745	0.001184581403518	No	No
Q8N2G8	GHDC	4.26316237166277	4.18019386831768e-05	No	No
Q8N2Q7	NLGN1	9.30039888134611	1.21839749040401e-11	No	No
Q8N2S1	LTBP4	5.62005571923763	3.64332575127753e-05	No	No
Q8N307	MUC20	7.74797135996907	3.88011268217922e-08	No	No
Q8N392	ARHGAP18	7.56051475389156	8.769995248690932e-09	No	No
Q8N3D4	EHBP1L1	6.86579195663683	5.84168678167312e-10	No	No
Q8N3J6	CADM2	2.73080477403985	0.0065762265251249	No	No
Q8N3T1	GALNT15	8.07254145155235	5.5242201621275896e-12	No	No
Q8N3T6	TMEM132C	4.91080676957763	6.71704541584461e-06	No	No
Q8N436	CPXM2	5.19022305993443	1.52291585791752e-07	No	No
Q8N474	SFRP1	3.0583611567187	0.0050086612107878	No	No
Q8N490	PNKD	6.70623550571858	2.8487068990551104e-09	No	No
Q8N4C8	MINK1	6.81741830416513	1.4831298705104e-09	No	No
Q8N4L2	PIP4P2	6.16811100070074	1.72014260742462e-08	No	No
Q8N4Q1	CHCHD4	3.2269836126006	0.0024481839474667	No	No
Q8N4V1	MMGT1	5.02597581204513	1.54841622377415e-06	No	No
Q8N573	OXR1	5.0448747804502	1.26546016141608e-06	No	No
Q8N5C1	CALHM5	6.73831506329796	2.82301677236086e-06	No	No
Q8N5C8	TAB3	3.60217795140285	0.0003670989947025	No	No
Q8N5I2	ARRDC1	4.76249831726538	4.7315171824381e-06	No	No
Q8N5J2	MINDY1	5.58462888337005	8.6439110667336e-06	No	No
Q8N5K1	CISD2	8.38498043865543	2.63809512474449e-10	No	No
Q8N5M9	JAGN1	4.54167128793674	1.83798055319544e-05	No	No
Q8N5R6	CCDC33	4.93047029028362	3.16355440237633e-06	No	No
Q8N699	MYCT1	8.93862024814151	2.30597193875572e-10	No	No
Q8N6C5	IGSF1	3.75500108986651	0.002956319629248	No	No
Q8N6L1	KRTCAP2	4.55903620538847	7.18240668528219e-06	No	No
Q8N6T3	ARFGAP1	5.25028975339475	5.02510248944839e-06	No	No
Q8N766	EMC1	4.18408490564288	0.0013607623159491	No	No
Q8N7A1	KLHDC1	7.12689016872418	5.93877645983037e-16	No	No
Q8N9U0	TC2N	5.05044081986519	8.13798744043127e-08	No	No
Q8NB25	FAM184A	3.26130418554921	0.0001238297215963	No	No
Q8NBF2	NHLRC2	8.17651429317047	4.31478892290811e-09	No	No
Q8NBI5	SLC43A3	6.80000292433474	3.97541859157367e-11	No	No
Q8NBJ7	SUMF2	5.23955647382136	2.61501185863865e-05	No	No
Q8NBM8	PCYOX1L	7.24928372747645	5.14023663057893e-07	No	No
Q8NBP7	PCSK9	5.34257841805981	4.8870036791686205e-14	No	No
Q8NBQ5	HSD17B11	6.09653645754268	2.95226341667376e-08	No	No
Q8NBR6	MINDY2	4.61047411070465	1.49569172360997e-05	No	No
Q8NBX0	SCCPDH	7.43142405351338	1.5027238274935199e-13	No	No
Q8NBZ7	UXS1	5.94988542646222	1.3782463467401e-07	No	No
Q8NC44	RETREG2	4.16420956154596	3.13288453773991e-05	No	No
Q8NCG7	DAGLB	5.39840046139979	0.0001704235640504	No	No
Q8NCW5	NAXE	7.67535782793847	4.1569002404498096e-11	No	No
Q8ND76	CCNY	6.25509196521885	5.3480773507683e-11	No	No
Q8NDA2	HMCN2	7.71107251302164	1.7516218893791901e-09	No	No
Q8NDB2	BANK1	4.41214236618487	0.0044725431556457	No	No
Q8NDH3	NPEPL1	5.06573503143703	3.77532003614825e-06	No	No
Q8NE71	ABCF1	5.73578345027969	1.2097196416752e-06	No	No
Q8NE86	MCU	8.01429431678419	6.03307957918202e-09	No	No
Q8NES3	LFNG	5.62974174103281	8.01281557307411e-07	No	No
Q8NEU8	APPL2	8.31740180462104	5.65830650556281e-08	No	No
Q8NF50	DOCK8	6.86600705762227	5.78554024659143e-10	No	No
Q8NFH8	REPS2	5.09977838037847	2.03744350706369e-07	No	No
Q8NFQ8	TOR1AIP2	5.49351143421287	8.47136596240797e-07	No	No
Q8NFV4	ABHD11	6.46499073073179	7.94884031011053e-06	No	No
Q8NFY4	SEMA6D	9.39488065783438	2.18310024089199e-05	No	No
Q8NFZ4	NLGN2	6.08363628986095	2.27736553150328e-08	No	No
Q8NFZ8	CADM4	4.02332390503898	5.30156769197692e-05	No	No
Q8NG06	TRIM58	7.78209855185243	1.06461024420518e-14	No	No
Q8NG11	TSPAN14	7.62743460766566	1.48267948891833e-11	No	No
Q8NHG7	SVIP	6.59540561957238	2.08483920589399e-07	No	No
Q8NI99	ANGPTL6	3.25391762270098	3.87744851971288e-06	No	No
Q8TAB3	PCDH19	7.73236074330703	1.0552177132524099e-11	No	No
Q8TB96	ITFG1	8.32417253753134	1.02200669276026e-11	No	No
Q8TBC4	UBA3	6.17675842672065	1.09644475115946e-10	No	No
Q8TBF2	PRXL2B	4.43951727210001	4.3391983325792e-05	No	No
Q8TBX8	PIP4K2C	4.20100120760463	0.0010997644096455	No	No
Q8TC07	TBC1D15	6.09862261372547	7.05244878850192e-06	No	No
Q8TCJ2	STT3B	4.82239644799789	8.52024825173168e-06	No	No
Q8TCS8	PNPT1	3.49615905268651	0.0034723990449789	No	No
Q8TCT9	HM13	6.85533136968055	1.60481742683975e-08	No	No
Q8TCZ2	CD99L2	8.47315100984802	1.21894665353924e-12	No	No
Q8TD06	AGR3	10.6509872198543	2.62834075374203e-08	No	No
Q8TD16	BICD2	6.16007759516375	9.13237226070585e-06	No	No
Q8TD19	NEK9	6.09217016669663	5.16531388329721e-06	No	No
Q8TD55	PLEKHO2	9.08484392320727	5.486616782860741e-15	No	No
Q8TDH9	BLOC1S5	4.73945522291034	0.0001635493408489	No	No
Q8TDY8	IGDCC4	5.80404762268981	4.91554883707217e-06	No	No
Q8TDZ2	MICAL1	7.10768228702231	3.3115684967594e-09	No	No
Q8TE77	SSH3	4.84572726903447	1.36097582905689e-05	No	No
Q8TEA8	DTD1	5.4439194714529	3.43864129222504e-07	No	No
Q8TEQ0	SNX29	2.90919015325933	0.0058376879766422	No	No
Q8TEU8	WFIKKN2	10.0941610313883	9.522817974594928e-11	No	No
Q8TEW0	PARD3	5.58613288178538	9.1029117125449e-06	No	No
Q8TF05	PPP4R1	4.15770714358303	5.70730530892373e-05	No	No
Q8TF42	UBASH3B	7.72213413366553	1.77309974835946e-10	No	No
Q8TF66	LRRC15	9.50165296543306	3.1320341585947403e-14	No	No
Q8WTU2	SSC4D	3.66017898569534	0.0003387143272978	No	No
Q8WU76	SCFD2	4.20080440386298	0.0001733153199521	No	No
Q8WU79	SMAP2	4.08812442665653	0.0010920758074863	No	No
Q8WUD1	RAB2B	8.53359017605779	7.33009769115956e-17	No	No
Q8WUH6	TMEM263	3.68467116808422	0.0004350767160646	No	No
Q8WUJ3	CEMIP	4.74320371957536	0.0057263698892498	No	No
Q8WUM4	PDCD6IP	9.82656393881204	1.0699191996504699e-16	No	No
Q8WUT4	LRRN4	9.8131818501615	1.2329646751643699e-11	No	No
Q8WUW1	BRK1	7.36199944382886	1.1225915879764599e-11	No	No
Q8WV99	ZFAND2B	4.91551744018947	4.20911780894606e-06	No	No
Q8WVJ2	NUDCD2	5.46355313535305	1.85348804483127e-05	No	No
Q8WVM8	SCFD1	6.23490943965506	6.82248169476102e-07	No	No
Q8WVN6	SECTM1	4.31213092565289	7.17591579221923e-05	No	No
Q8WVQ1	CANT1	4.33604234906627	0.0004183029754443	No	No
Q8WVT3	TRAPPC12	4.06235183605402	0.0001753401859172	No	No
Q8WW59	SPRYD4	4.38512479865967	7.23193636865167e-06	No	No
Q8WWA0	ITLN1	1.72326782910194	0.006870507255851	No	No
Q8WWA1	TMEM40	9.23840643120357	1.98437614619678e-07	No	No
Q8WWI5	SLC44A1	8.14769368388808	4.627319159158449e-13	No	No
Q8WWM7	ATXN2L	3.74954986296373	0.0028116517993354	No	No
Q8WWQ8	STAB2	8.57182763865997	6.17081577199817e-08	No	No
Q8WWV6	FCAMR	4.50056399349625	3.30439176245103e-05	No	No
Q8WXE9	STON2	6.31981870174826	2.11191148705065e-09	No	No
Q8WXF7	ATL1	7.34648333915863	7.76875421942373e-09	No	No
Q8WXG6	MADD	5.93014945700544	5.21685306116144e-12	No	No
Q8WYN0	ATG4A	5.03606343912726	1.15253400322916e-06	No	No
Q8WZ42	TTN	7.22141115294906	7.99493999425723e-10	No	No
Q8WZA0	LZIC	5.9264688722143	1.1021353626538102e-09	No	No
Q8WZA1	POMGNT1	5.58624588681853	4.24258232172966e-06	No	No
Q92187	ST8SIA4	10.703313753861	1.0792965611744301e-20	No	No
Q92499	DDX1	6.61456913485745	1.22265215078965e-12	No	No
Q92530	PSMF1	3.79446811131989	0.0011701212361621	No	No
Q92538	GBF1	4.44861397314311	2.16947398376945e-06	No	No
Q92539	LPIN2	5.09019482381165	1.82475209135998e-06	No	No
Q92542	NCSTN	3.79540220502579	0.0010557042791028	No	No
Q92544	TM9SF4	3.59163994382398	0.0005549958021696	No	No
Q92556	ELMO1	6.17180895986148	7.89828467091559e-06	No	No
Q92572	AP3S1	5.3542794529222	3.05513514158265e-08	No	No
Q92575	UBXN4	4.93830511322533	3.68318002607081e-06	No	No
Q92597	NDRG1	7.38232887333158	7.29308420257997e-07	No	No
Q92598	HSPH1	7.76838325770108	1.11372112989907e-10	No	No
Q92600	CNOT9	4.43314087373992	1.03947130088902e-05	No	No
Q92609	TBC1D5	5.70296648823539	2.45080843461924e-06	No	No
Q92614	MYO18A	7.0720446132823	1.516120541099e-09	No	No
Q92619	ARHGAP45	9.73268672015483	4.891435221541671e-19	No	No
Q92625	ANKS1A	6.11659710354375	5.42220038633848e-09	No	No
Q92673	SORL1	12.784860479669	4.98976103485229e-15	No	No
Q92688	ANP32B	6.84769356319291	1.01096694749591e-10	No	No
Q92692	NECTIN2	4.04316237255573	0.0035517396310561	No	No
Q92696	RABGGTA	6.09720398217023	5.17740407222963e-07	No	No
Q92734	TFG	8.18937212131309	2.51962907473073e-13	No	No
Q92747	ARPC1A	3.65746832923543	0.00071753124497	No	No
Q92752	TNR	10.8405156287504	2.40831790736131e-08	No	No
Q92783	STAM	3.5818205788333	0.0036862086063121	No	No
Q92824	PCSK5	8.33743213839971	3.24477333534579e-08	No	No
Q92841	DDX17	5.87646247416152	1.64640182394435e-07	No	No
Q92882	OSTF1	7.51449334690621	1.20013091634824e-11	No	No
Q92888	ARHGEF1	5.04215593205443	0.0011964935682992	No	No
Q92890	UFD1	6.57129215215839	4.075510413416691e-09	No	No
Q92900	UPF1	4.64899612039442	2.71134381718128e-05	No	No
Q92905	COPS5	8.75701142308179	7.41457733333822e-14	No	No
Q92930	RAB8B	6.97588168627731	1.18280865609258e-05	No	No
Q92973	TNPO1	6.28358130493346	5.56983107571815e-06	No	No
Q92974	ARHGEF2	5.36286753370134	5.34054226308957e-08	No	No
Q93008	USP9X	5.24630836239247	0.0011236678302247	No	No
Q93009	USP7	2.64886453462137	0.0063886215511293	No	No
Q93034	CUL5	4.55571243796454	9.64663470076591e-05	No	No
Q93050	ATP6V0A1	7.82319992901676	2.5342494977418698e-12	No	No
Q93052	LPP	7.50792281597594	5.37457376317547e-07	No	No
Q969E2	SCAMP4	5.70328964054592	4.31099123307967e-07	No	No
Q969J3	BORCS5	7.1649321872474	1.79895555620677e-10	No	No
Q969M3	YIPF5	4.34275852302862	1.38693819492533e-05	No	No
Q969P0	IGSF8	3.58189960964209	0.0002245442838316	No	No
Q969T9	WBP2	7.43186937269377	2.22584719990504e-12	No	No
Q969X0	RILPL2	6.23680057342985	1.30712844571501e-08	No	No
Q969X1	TMBIM1	6.61175100620298	3.4236521287354204e-09	No	No
Q969X5	ERGIC1	5.58376451784406	2.85696004630594e-07	No	No
Q969Z0	TBRG4	3.2225284278001	0.0070336049282881	No	No
Q96A00	PPP1R14A	7.44444247360994	2.08520373196446e-07	No	No
Q96A26	FAM162A	7.81399899366855	3.02731757571e-14	No	No
Q96A33	CCDC47	5.25833642064982	1.59241884888229e-06	No	No
Q96A49	SYAP1	4.5470790747572	9.4116514430992e-06	No	No
Q96A65	EXOC4	4.98552508246851	2.02653258537728e-05	No	No
Q96AB3	ISOC2	2.77699082276579	0.0009936539578299	No	No
Q96AC1	FERMT2	5.86629603224169	2.60433703582638e-06	No	No
Q96AG4	LRRC59	8.40441367051806	3.65505637362646e-10	No	No
Q96AP7	ESAM	8.98659097335381	6.55486479287838e-13	No	No
Q96AX1	VPS33A	2.53750498295437	0.0091756161532464	No	No
Q96AX2	RAB37	7.96579626303421	3.91472453399594e-15	No	No
Q96B97	SH3KBP1	5.12216091233354	1.00317040072162e-05	No	No
Q96BJ3	AIDA	5.95052382628182	5.68505395550561e-07	No	No
Q96BM9	ARL8A	6.68454192478699	9.59478591294264e-09	No	No
Q96BS2	TESC	6.33912081803131	1.75644951652027e-10	No	No
Q96BZ4	PLD4	6.8987887949513	2.60489169518894e-06	No	No
Q96C19	EFHD2	6.65054844616738	3.05273063896333e-09	No	No
Q96C24	SYTL4	9.33674379953723	3.91241962218282e-11	No	No
Q96C86	DCPS	7.04081766895401	3.7840831046008903e-10	No	No
Q96CG8	CTHRC1	3.31957491144866	0.0016694425997631	No	No
Q96CN7	ISOC1	8.20658035859405	6.828417377524641e-09	No	No
Q96CS3	FAF2	5.12106111512029	3.52363746027287e-07	No	No
Q96CW1	AP2M1	6.2574562189049	5.4593224619641e-05	No	No
Q96D15	RCN3	6.56723492663928	1.25814792089431e-08	No	No
Q96DA0	ZG16B	10.7943562641245	1.7928667569965e-17	No	No
Q96DR8	MUCL1	4.99985341916916	3.04938366788389e-07	No	No
Q96DZ1	ERLEC1	2.95777214158749	0.00528629861838	No	No
Q96DZ9	CMTM5	10.0587778425799	5.9799320043507596e-18	No	No
Q96E17	RAB3C	6.00779541850708	2.57300525902704e-10	No	No
Q96EM0	L3HYPDH	3.5141417656681	0.0020372888079871	No	No
Q96EP0	RNF31	3.1201678019854	0.0086219353549015	No	No
Q96EP5	DAZAP1	4.56170530660458	3.08559085240675e-05	No	No
Q96EY8	MMAB	4.1908838899257	0.0002926373793804	No	No
Q96F24	NRBF2	4.1568488259691	4.60891605434695e-05	No	No
Q96FH0	BORCS8	3.14463773166242	0.0013475893928656	No	No
Q96FW1	OTUB1	6.68418281334822	1.7553816648670601e-09	No	No
Q96FZ7	CHMP6	6.05794352325016	9.97812130748027e-07	No	No
Q96G03	PGM2	7.25215030792742	1.89687698557727e-08	No	No
Q96G23	CERS2	7.29014199167965	1.4151715685785e-09	No	No
Q96GK7	FAHD2A	2.65371245771053	0.0046629118339482	No	No
Q96GS4	BORCS6	7.14297821704585	4.13779999948893e-12	No	No
Q96GW7	BCAN	8.28319976626205	3.29953604372102e-10	No	No
Q96H20	SNF8	5.26350879333781	4.27052966386047e-06	No	No
Q96HC4	PDLIM5	9.46121814544975	2.5288734333699e-11	No	No
Q96HD1	CRELD1	6.7503792457226	5.5905783836642606e-09	No	No
Q96HE7	ERO1A	6.55521987355795	1.37957693307734e-07	No	No
Q96HN2	AHCYL2	7.43030101303023	3.1705630822957697e-12	No	No
Q96HP0	DOCK6	3.6665988325804	0.000195955183882	No	No
Q96HS1	PGAM5	6.54713722439416	1.43825319923218e-06	No	No
Q96I99	SUCLG2	4.99196042520352	4.00912188198327e-05	No	No
Q96IJ6	GMPPA	3.32704573176114	0.0019843382249114	No	No
Q96IU4	ABHD14B	4.69701922849002	2.61683825251051e-05	No	No
Q96IX5	ATP5MK	7.18823126912302	4.3445888955105e-12	No	No
Q96J02	ITCH	4.06081990317238	0.0002408249198186	No	No
Q96J42	TXNDC15	4.05595926174361	0.0012202838991858	No	No
Q96JB5	CDK5RAP3	5.29232521403424	4.37774584479484e-08	No	No
Q96JC1	VPS39	3.97775082488486	4.87113929987128e-05	No	No
Q96JI7	SPG11	3.0490559350785	0.0035871031664345	No	No
Q96JJ7	TMX3	7.10795852163846	4.99006072359276e-09	No	No
Q96JP9	CDHR1	5.961741306129	7.85009054718245e-09	No	No
Q96JQ0	DCHS1	10.009381508805	4.56899288466057e-12	No	No
Q96K17	BTF3L4	7.38668331192968	9.28550653478344e-12	No	No
Q96K21	ZFYVE19	4.47369147675923	1.65753728793859e-05	No	No
Q96K49	TMEM87B	5.21221360946339	7.16045500060164e-08	No	No
Q96K76	USP47	6.98419147448593	8.322469096611219e-11	No	No
Q96KP1	EXOC2	5.5517990468064	1.94736072106821e-06	No	No
Q96KP4	CNDP2	9.15009641008142	2.6603257728048e-13	No	No
Q96LA6	FCRL1	3.71477575906011	0.0017617101660947	No	No
Q96LZ7	RMDN2	3.12129578241695	0.0087271657431816	No	No
Q96M27	PRRC1	6.26783900409636	2.83999730339596e-08	No	No
Q96M96	FGD4	4.37061850926708	0.0006718905552435	No	No
Q96MK2	RIPOR3	5.70159262932662	4.71697540952805e-10	No	No
Q96MK3	FAM20A	6.50616691634441	3.20450599979377e-08	No	No
Q96MX0	CMTM3	4.66311188643023	1.24461477688237e-06	No	No
Q96MY1	NOL4L	8.69543681234917	6.88277082192116e-13	No	No
Q96N67	DOCK7	3.67147064921818	0.0002493882610304	No	No
Q96NA2	RILP	6.0964274550011	1.31192882008825e-07	No	No
Q96P48	ARAP1	8.51602353544062	2.42556247425276e-10	No	No
Q96P63	SERPINB12	4.68592782800465	0.0029482147047469	No	No
Q96P70	IPO9	3.38388259249932	0.0011658408155182	No	No
Q96PC5	MIA2	4.58844695310261	2.19597208687185e-05	No	No
Q96PX8	SLITRK1	9.76439624385798	3.26043492485318e-14	No	No
Q96QA5	GSDMA	6.14192823977849	1.94817965226144e-05	No	No
Q96QK1	VPS35	7.55725801061906	4.22432339185067e-14	No	No
Q96QR1	SCGB3A1	8.07290879613927	9.95967038465169e-13	No	No
Q96QR8	PURB	6.71339865856383	2.5862600629992e-11	No	No
Q96RD7	PANX1	5.2770601794661	3.29167109945677e-06	No	No
Q96RF0	SNX18	6.04482640003446	6.6545841661957e-08	No	No
Q96RI0	F2RL3	6.05284605807087	4.83815942930069e-06	No	No
Q96RL7	VPS13A	8.01826148824391	4.14012240818048e-11	No	No
Q96RP7	GAL3ST4	3.20820520066051	0.002356077463049	No	No
Q96S86	HAPLN3	6.81116383691874	2.1698327337848e-08	No	No
Q96S97	MYADM	6.94756258739599	7.95584186351932e-13	No	No
Q96S99	PLEKHF1	6.83389393924925	1.05490833857982e-10	No	No
Q96SB3	PPP1R9B	7.47654274739007	1.60092638230986e-12	No	No
Q96SL4	GPX7	4.50717391609152	1.88079778622328e-05	No	No
Q96T51	RUFY1	3.89365584131478	8.67008678046985e-06	No	No
Q96TC7	RMDN3	8.14806744088238	1.2532425235885e-13	No	No
Q99417	MYCBP	6.99562908352317	4.7226742802663e-13	No	No
Q99418	CYTH2	5.85872448594967	6.37857592489143e-08	No	No
Q99426	TBCB	6.98667839438783	1.02078806550546e-06	No	No
Q99435	NELL2	10.4429695781053	4.9997720124385704e-17	No	No
Q99436	PSMB7	11.1108232454263	1.43929598809392e-14	No	No
Q99439	CNN2	4.91721862172704	2.84585869336672e-05	No	No
Q99442	SEC62	4.41814681948093	0.0003970941977704	No	No
Q99460	PSMD1	7.91242554703812	7.697407836002121e-14	No	No
Q99470	SDF2	4.439676747952	1.83657346572397e-06	No	No
Q99471	PFDN5	7.18173556104511	8.81244963892422e-09	No	No
Q99501	GAS2L1	6.89591493537465	5.9465909469946e-07	No	No
Q99519	NEU1	6.97033244984072	1.3205791905469e-05	No	No
Q99523	SORT1	3.5494606168169	7.48419759259136e-05	No	No
Q99536	VAT1	2.95127551146629	0.0016879016600488	No	No
Q99538	LGMN	4.4659226155368	9.0262817457418e-06	No	No
Q99542	MMP19	12.9031213053111	5.3274932715362904e-17	No	No
Q99574	SERPINI1	9.30443016490666	1.81898660904227e-14	No	No
Q99598	TSNAX	5.98314377993922	3.75590676766372e-08	No	No
Q99614	TTC1	5.56895565974689	2.33254905145354e-07	No	No
Q99615	DNAJC7	3.47260146916856	0.0001979796187454	No	No
Q99623	PHB2	8.9440845547038	2.07150775697209e-09	No	No
Q99627	COPS8	7.68158416118708	5.9966348566602794e-12	No	No
Q99653	CHP1	7.32082004089681	9.919836447816201e-10	No	No
Q99674	CGREF1	3.60402237297155	2.85118215760067e-05	No	No
Q99683	MAP3K5	5.97388651942257	1.69519267797182e-06	No	No
Q99685	MGLL	8.23944074537999	8.85952627165089e-09	No	No
Q99704	DOK1	7.2841061439651	8.13776262434732e-13	No	No
Q99714	HSD17B10	8.22109931758712	1.63142647464366e-13	No	No
Q99715	COL12A1	3.89530466101357	0.0015087749308199	No	No
Q99719	SEPTIN5	7.93106453018242	1.2047429422210999e-12	No	No
Q99732	LITAF	4.00389379115167	1.43365712742516e-05	No	No
Q99733	NAP1L4	9.23670132988049	4.98691188867405e-12	No	No
Q99747	NAPG	6.59228450082016	1.3974678825958599e-11	No	No
Q99766	DMAC2L	5.84744211567493	3.84899847797555e-08	No	No
Q99798	ACO2	9.93918699154967	2.7789799698356e-11	No	No
Q99805	TM9SF2	5.38171598558363	8.56978039683877e-06	No	No
Q99808	SLC29A1	6.69776552372068	1.71291461355782e-10	No	No
Q99816	TSG101	8.38035924896114	6.74148378419454e-11	No	No
Q99828	CIB1	8.33080433073938	3.9777125829666996e-13	No	No
Q99832	CCT7	9.38529275374527	1.18934669272873e-09	No	No
Q99873	PRMT1	4.67027699621015	0.0010478751713121	No	No
Q99895	CTRC	8.33804688698849	6.7554305785091e-14	No	No
Q99943	AGPAT1	6.0682861332584	1.71665130859909e-08	No	No
Q99952	PTPN18	6.68113817548273	6.57984420651387e-08	No	No
Q99961	SH3GL1	7.56621544663059	1.4706642932329198e-11	No	No
Q99983	OMD	13.5212816156839	1.61957827308068e-25	No	No
Q99996	AKAP9	6.92386890082867	4.94561372927968e-10	No	No
Q9BPW8	NIPSNAP1	5.19714546330097	1.95838076074536e-05	No	No
Q9BPX5	ARPC5L	5.13177171135427	2.16983158498075e-05	No	No
Q9BPX6	MICU1	5.59204141047568	5.34023941335435e-07	No	No
Q9BPX7	C7orf25	3.4217240694745	0.0004868614770723	No	No
Q9BQA1	WDR77	6.91997573688435	1.6130897276498702e-09	No	No
Q9BQA9	CYBC1	5.05075265007773	0.0001704880879983	No	No
Q9BQD3	KXD1	4.21800220564836	6.30689971337997e-05	No	No
Q9BQS7	HEPH	6.20035518387687	4.59798964147337e-09	No	No
Q9BQS8	FYCO1	2.4842336934753	0.0059642217820051	No	No
Q9BQT9	CLSTN3	5.34761187660691	4.10723528457549e-07	No	No
Q9BRG1	VPS25	5.60893719989868	1.95209686198922e-09	No	No
Q9BRK5	SDF4	3.72540516273147	0.0056437659162096	No	No
Q9BRP4	PAAF1	3.86090026479163	0.0003955296652706	No	No
Q9BRP8	PYM1	4.01066033957374	0.000971282610537	No	No
Q9BRR6	ADPGK	5.31808324652235	1.13890650157618e-05	No	No
Q9BRT3	MIEN1	2.63268098667957	0.0087626067145316	No	No
Q9BS40	LXN	4.37737586617189	0.0001312016840818	No	No
Q9BSF0	C2orf88	7.79420276026242	1.62317281185531e-13	No	No
Q9BSJ8	ESYT1	10.0748800275032	1.4489722691305e-20	No	No
Q9BSL1	UBAC1	5.44335373376963	2.02351864051681e-06	No	No
Q9BSQ5	CCM2	5.89509966271068	4.63222090297364e-08	No	No
Q9BT78	COPS4	8.91090784471891	6.65678789847691e-14	No	No
Q9BTE1	DCTN5	4.00902021133401	9.60104457690508e-05	No	No
Q9BTU6	PI4K2A	4.19853832923145	0.0005174750636461	No	No
Q9BTV4	TMEM43	7.49889924295138	1.02992676722717e-09	No	No
Q9BTW9	TBCD	4.58847416940179	0.0008969942393814	No	No
Q9BTZ2	DHRS4	2.71762536307364	0.0062989990199366	No	No
Q9BUF5	TUBB6	12.5316251603995	2.0541228243092602e-23	No	No
Q9BUJ0	ABHD14A	3.8946974714267	0.0003317412805046	No	No
Q9BUL8	PDCD10	9.51798941450271	8.107793921712599e-13	No	No
Q9BUP0	EFHD1	5.68503390546986	1.22591042146898e-07	No	No
Q9BUP3	HTATIP2	4.8903067138526	9.30228826504782e-06	No	No
Q9BV40	VAMP8	7.96691712626585	9.83147661834446e-08	No	No
Q9BVC6	TMEM109	7.79808543338158	6.02185692611504e-11	No	No
Q9BVK6	TMED9	7.18923047426152	1.11928416117386e-09	No	No
Q9BW04	SARG	6.34753618810119	5.0519848717462e-08	No	No
Q9BWD1	ACAT2	6.66405281434708	3.6897123592554e-05	No	No
Q9BWM7	SFXN3	7.18121208347571	1.37472018460075e-06	No	No
Q9BWP8	COLEC11	4.65278886449351	1.0906770667755501e-15	No	No
Q9BX10	GTPBP2	8.40925162071385	1.57917482744608e-10	No	No
Q9BX59	TAPBPL	6.55204268763237	4.29688806182925e-10	No	No
Q9BX67	JAM3	7.36846425643619	5.81761311735865e-08	No	No
Q9BX68	HINT2	7.35735510723355	2.02721660353872e-13	No	No
Q9BX93	PLA2G12B	5.89242509031919	8.4233909153495e-08	No	No
Q9BXB4	OSBPL11	4.72703923315408	4.14890269315356e-05	No	No
Q9BXD5	NPL	6.28478437912482	3.79394704387086e-09	No	No
Q9BXJ0	C1QTNF5	5.72203484295434	7.171644324902211e-09	No	No
Q9BXJ9	NAA15	6.41071995275523	2.56565750308452e-07	No	No
Q9BXK5	BCL2L13	7.18887386258207	2.78998723566919e-11	No	No
Q9BXN1	ASPN	4.49287686265758	0.0005663652399714	No	No
Q9BXP8	PAPPA2	4.52665224989417	1.68883051040141e-06	No	No
Q9BXS4	TMEM59	8.41685641249045	3.9009256826741703e-10	No	No
Q9BXS5	AP1M1	7.80750352809125	4.13361562234618e-13	No	No
Q9BXX0	EMILIN2	8.74270273311382	1.30069045177775e-12	No	No
Q9BY43	CHMP4A	7.57289775818387	1.96013178569973e-14	No	No
Q9BYB0	SHANK3	2.70091858720055	0.0053080239256754	No	No
Q9BYC5	FUT8	5.64516107055656	1.49811024153172e-09	No	No
Q9BYD6	MRPL1	2.89405439030547	0.0091717708094473	No	No
Q9BYE9	CDHR2	6.48731171845999	2.24332191246801e-07	No	No
Q9BYH1	SEZ6L	9.43502122056153	5.04709948232179e-18	No	No
Q9BYX7	POTEKP	4.09453879365432	0.0001312958320601	No	No
Q9BZ67	FRMD8	4.11047573976166	9.98490785081909e-05	No	No
Q9BZ72	PITPNM2	5.18903185331095	0.0001143367594387	No	No
Q9BZF1	OSBPL8	5.30150313686359	1.60898981574871e-07	No	No
Q9BZF9	UACA	4.83778570359487	2.30142130145611e-05	No	No
Q9BZH6	WDR11	6.16366620866079	2.63856078029439e-09	No	No
Q9BZL4	PPP1R12C	5.37894221011907	2.54107307754238e-06	No	No
Q9BZQ8	NIBAN1	8.1000172022427	2.93685625411307e-07	No	No
Q9BZW5	TM6SF1	3.60824034962221	0.0004156097584578	No	No
Q9BZZ5	API5	7.10391523306019	7.94064477024208e-08	No	No
Q9C037	TRIM4	8.47170836897815	3.74785351864118e-10	No	No
Q9C0B1	FTO	7.07264748301531	1.2227420338919e-09	No	No
Q9C0B5	ZDHHC5	4.64204424438839	0.0005040408503727	No	No
Q9C0C9	UBE2O	9.34077696452877	4.35318879831662e-10	No	No
Q9C0E8	LNPK	5.24680837848005	9.55600519600615e-09	No	No
Q9C0H2	TTYH3	6.74872795213621	5.88894998810484e-13	No	No
Q9C0I1	MTMR12	4.52163467178626	0.0002277847906647	No	No
Q9GZM5	YIPF3	6.60424955586976	5.67535388574388e-06	No	No
Q9GZM7	TINAGL1	8.44227324128816	1.5085860496547998e-12	No	No
Q9GZN8	C20orf27	4.87579416477271	6.52361397460101e-07	No	No
Q9GZP0	PDGFD	5.48179583069436	1.92785711264559e-07	No	No
Q9GZP4	PITHD1	7.12036180228512	4.782784594334329e-11	No	No
Q9GZT3	SLIRP	3.15236785553207	0.0044080772058648	No	No
Q9GZX9	TWSG1	3.54584241082779	0.002309991700295	No	No
Q9GZY6	LAT2	5.18072151424016	6.85281539472019e-06	No	No
Q9GZY8	MFF	5.14285770308818	3.8053263477041e-06	No	No
Q9GZZ9	UBA5	6.19623220578434	1.35035512352604e-07	No	No
Q9H015	SLC22A4	5.82520327922444	2.19037268159423e-08	No	No
Q9H074	PAIP1	4.17525836424765	0.0001064927247276	No	No
Q9H0E2	TOLLIP	7.87617138466187	5.22590540918383e-16	No	No
Q9H0N0	RAB6C	6.48622124987289	1.5430729584234902e-09	No	No
Q9H0P0	NT5C3A	5.0783268010286	0.0010309111559111	No	No
Q9H0R4	HDHD2	6.01091004243765	2.70704278227632e-05	No	No
Q9H0U3	MAGT1	4.84090094290905	0.0001718471647545	No	No
Q9H0U4	RAB1B	2.75428735195651	0.0003278956827419	No	No
Q9H0X4	FAM234A	6.3504567205726	2.93628748017016e-08	No	No
Q9H159	CDH19	6.17146895261185	6.51246312446426e-07	No	No
Q9H173	SIL1	10.3953770447649	3.26553516985106e-20	No	No
Q9H1B5	XYLT2	7.42954807930916	2.2538092327394e-09	No	No
Q9H1E3	NUCKS1	2.65087759296932	0.0080399730996198	No	No
Q9H1E5	TMX4	5.01089697747417	9.90054441393114e-06	No	No
Q9H1R3;Q32MK0;Q86YV6	MYLK2;MYLK3;MYLK4	6.77551374765049	3.5423592842679305e-09	No	No
Q9H223	EHD4	4.24556478697887	0.0004584748792121	No	No
Q9H251	CDH23	11.4540178564715	2.56722367077084e-22	No	No
Q9H257	CARD9	8.26817134991508	4.74286716447928e-06	No	No
Q9H269	VPS16	4.93228303706667	0.000371861580853	No	No
Q9H270	VPS11	4.44963758527417	1.98327492792394e-06	No	No
Q9H2C0	GAN	4.37007046592782	9.03120236788202e-05	No	No
Q9H2G2	SLK	7.37481186466965	8.301767254193099e-12	No	No
Q9H2K8	TAOK3	7.7327380689056	1.2165708904478202e-09	No	No
Q9H2M9	RAB3GAP2	6.94196348305941	1.20214755852508e-05	No	No
Q9H2U2	PPA2	6.89502436645915	6.043078753339281e-10	No	No
Q9H330	TMEM245	4.82596500262404	6.94160060251457e-06	No	No
Q9H3G5	CPVL	9.23792396214337	2.5483137806167202e-17	No	No
Q9H3K6	BOLA2B	7.71507581537424	2.82676662237443e-07	No	No
Q9H3N1	TMX1	8.12875451530355	3.7548662286340204e-14	No	No
Q9H3P7	ACBD3	6.79659264414743	2.92361228877375e-10	No	No
Q9H3S7	PTPN23	3.59973386635676	0.0014814865642849	No	No
Q9H3U1	UNC45A	8.89703959134573	1.72132194287796e-10	No	No
Q9H3U5	MFSD1	6.016494882552	6.5749202156831405e-09	No	No
Q9H425	C1orf198	6.41975382828855	3.2407722206401403e-09	No	No
Q9H446	RWDD1	5.51346464988946	1.48042626482991e-07	No	No
Q9H479	FN3K	7.38033876598149	1.0397966216491201e-09	No	No
Q9H488	POFUT1	4.09864183389571	0.0004543958709769	No	No
Q9H497	TOR3A	6.0093171043472	3.2208934793684503e-09	No	No
Q9H4A3	WNK1	6.54700687558928	7.25894670922051e-08	No	No
Q9H4B7	TUBB1	6.98480910729757	1.23290481777721e-17	No	No
Q9H4E7	DEF6	9.28861295630666	8.04009721474293e-14	No	No
Q9H4I9	SMDT1	4.33822279102001	5.71284756214207e-05	No	No
Q9H4M9	EHD1	11.1041086314681	4.3262153649413603e-20	No	No
Q9H4X1	RGCC	5.89995203796561	1.9655541893e-05	No	No
Q9H553	ALG2	5.1639796526679	6.37202000294076e-06	No	No
Q9H5X1	CIAO2A	6.28646565813802	1.5028032983822e-08	No	No
Q9H6Q3	SLA2	5.78288751187129	1.95314344595889e-07	No	No
Q9H6S0	YTHDC2	4.02169757142236	6.63339651688395e-05	No	No
Q9H6Z4	RANBP3	12.2928491277766	3.96518714670539e-07	No	No
Q9H741	SPRING1	3.40117814137728	0.0050241962900516	No	No
Q9H773	DCTPP1	4.68638493263792	1.96988187578819e-05	No	No
Q9H7D0	DOCK5	3.57248105136775	0.0021711567508454	No	No
Q9H7D7	WDR26	5.00172159267657	5.30226105245124e-06	No	No
Q9H7M9	VSIR	7.12786185956239	8.28805243417559e-11	No	No
Q9H7Z7	PTGES2	3.10882216127247	0.0015865173112303	No	No
Q9H832	UBE2Z	6.12050815509485	9.743920396521599e-11	No	No
Q9H845	ACAD9	4.50803019956235	0.0001097153950023	No	No
Q9H853	TUBA4B	11.2188406966274	8.72629186726551e-12	No	No
Q9H8H3	METTL7A	6.98746631223448	3.47304718084366e-10	No	No
Q9H8J5	MANSC1	9.63811430101361	7.873983873252301e-15	No	No
Q9H8M7	MINDY3	3.99120101466032	0.0002401806935704	No	No
Q9H8W4	PLEKHF2	5.50290175788545	2.83615533329343e-06	No	No
Q9H8Y8	GORASP2	4.80749991090405	3.73938926344078e-07	No	No
Q9H939	PSTPIP2	8.87297476954427	1.1842718481765899e-11	No	No
Q9H9B4	SFXN1	5.43488215750447	0.0001261306380653	No	No
Q9H9E3	COG4	2.83968502118991	0.0070211840147028	No	No
Q9H9H4	VPS37B	6.66983594577221	1.68204800003609e-09	No	No
Q9H9Q2	COPS7B	7.25022721351772	1.35063575472739e-09	No	No
Q9HA64	FN3KRP	5.6209428128197	7.95736325258348e-10	No	No
Q9HAT2	SIAE	5.40510581776332	9.72972335506943e-08	No	No
Q9HAU5	UPF2	4.24454286321872	7.95241596347821e-05	No	No
Q9HAV7	GRPEL1	5.33347635371713	9.79854951455551e-05	No	No
Q9HB40	SCPEP1	6.39934612398035	3.12290176501086e-08	No	No
Q9HB71	CACYBP	7.0905880364791	7.99617539276875e-10	No	No
Q9HBH0	RHOF	4.67324813526358	2.2441240247722e-05	No	No
Q9HBI0	PARVG	2.64371195896672	0.0075988091845609	No	No
Q9HBI1	PARVB	11.8778025109568	6.80354432723514e-32	No	No
Q9HBL0	TNS1	7.47798293650822	1.39075318305172e-10	No	No
Q9HBL7	PLGRKT	6.16788724253873	3.32201393855705e-08	No	No
Q9HBT6	CDH20	8.0330222497079	6.1273795042616205e-15	No	No
Q9HBW1	LRRC4	3.43037557365052	0.0003037481675503	No	No
Q9HBW9	ADGRL4	4.75056545285428	0.0001435191606806	No	No
Q9HC07	TMEM165	3.78291556146171	0.0002381852135989	No	No
Q9HC35	EML4	6.15366292126218	4.35218925857674e-10	No	No
Q9HC38	GLOD4	5.43069744728277	2.731147451583e-05	No	No
Q9HCM2	PLXNA4	7.63382217731776	3.10168395055672e-08	No	No
Q9HCM3	KIAA1549	4.43108058939116	2.11570255649573e-05	No	No
Q9HCN6	GP6	11.9230671795548	3.35067668816967e-26	No	No
Q9HCN8	SDF2L1	4.38934542636206	0.0003055063829277	No	No
Q9HCU4	CELSR2	4.16891030785156	0.0021016742582133	No	No
Q9HCU5	PREB	4.27810331458167	2.23225362227074e-05	No	No
Q9HCY8	S100A14	3.40175227626458	0.0082071152766119	No	No
Q9HD20	ATP13A1	5.40056010355638	3.06493672566097e-07	No	No
Q9HD45	TM9SF3	6.45242654990406	8.46257407380651e-10	No	No
Q9HD89	RETN	3.91974643812799	3.41906139473565e-05	No	No
Q9NNX6	CD209	3.38301897398275	0.0014122290043689	No	No
Q9NP55	BPIFA1	6.74534778446076	4.4945574310995205e-09	No	No
Q9NP72	RAB18	8.12527415296216	7.65041125497915e-13	No	No
Q9NP79	VTA1	6.63691709979287	7.959463415946181e-10	No	No
Q9NPA0	EMC7	4.76291007539364	0.0017357031360917	No	No
Q9NPA2	MMP25	9.97678589793777	1.02536366094813e-07	No	No
Q9NPC4	A4GALT	5.56384439284506	1.12440239533687e-08	No	No
Q9NPF2	CHST11	5.75211827238462	4.5932518572344e-06	No	No
Q9NPF4	OSGEP	4.50003159337705	1.10450340817204e-05	No	No
Q9NPG4	PCDH12	2.80905106687604	0.0031161421622621	No	No
Q9NPJ3	ACOT13	6.01156461122526	7.2249869295942e-09	No	No
Q9NPQ8	RIC8A	3.69150179219112	0.0017866539449409	No	No
Q9NPR9	GPR108	5.66963554567504	2.9966492580583304e-09	No	No
Q9NPY3	CD93	3.61336235031284	0.0020166518909065	No	No
Q9NQ30	ESM1	6.12740252250646	5.172806792324171e-10	No	No
Q9NQ36	SCUBE2	6.03037162891156	3.27269860208008e-09	No	No
Q9NQ66	PLCB1	6.54729294149896	0.0001002829450286	No	No
Q9NQ75	CASS4	9.9168413449604	2.14959873266131e-13	No	No
Q9NQ84	GPRC5C	3.13946150346046	0.0011765677698734	No	No
Q9NQA3	WASH6P	6.56792333351468	1.63182359203209e-06	No	No
Q9NQC3	RTN4	10.7391390846569	1.38490768096025e-21	No	No
Q9NQG7	HPS4	4.25098142994202	0.0008145969689528	No	No
Q9NQH7	XPNPEP3	10.6785871573362	1.79135362411279e-06	No	No
Q9NQP4	PFDN4	3.47653786996177	5.68066323133836e-05	No	No
Q9NQR4	NIT2	2.85558780080044	0.0077237900585094	No	No
Q9NQT8	KIF13B	6.29707407221052	1.65497344745207e-07	No	No
Q9NQW7	XPNPEP1	7.69462098367675	1.0479982395769001e-10	No	No
Q9NR09	BIRC6	3.68307548228719	0.0004836917325977	No	No
Q9NR12	PDLIM7	9.33841557137282	9.53572444336145e-17	No	No
Q9NR28	DIABLO	5.56590043352169	8.55998222616612e-07	No	No
Q9NR31	SAR1A	9.24600693531759	7.86883234853125e-14	No	No
Q9NR46	SH3GLB2	6.12694745337862	1.54423767457003e-08	No	No
Q9NR50	EIF2B3	4.90324781199461	6.45989611036791e-07	No	No
Q9NR99	MXRA5	8.45985727447786	1.3285979527877799e-12	No	No
Q9NRA1	PDGFC	9.89521246845853	1.62639946789886e-10	No	No
Q9NRB3	CHST12	7.33068791419407	1.1647811351709e-09	No	No
Q9NRG1	PRTFDC1	4.85526779114338	2.33690427653732e-06	No	No
Q9NRL3	STRN4	7.11114458071881	1.24040121532185e-10	No	No
Q9NRN5	OLFML3	5.40881581366154	0.0005953956644213	No	No
Q9NRR3	CDC42SE2	4.75832478618686	3.75808455513619e-06	No	No
Q9NRR5	UBQLN4	6.13504210482653	2.89446296107427e-08	No	No
Q9NRW1	RAB6B	7.80977023591448	6.754086354100701e-10	No	No
Q9NRW4	DUSP22	4.91852060231182	1.32707617502703e-06	No	No
Q9NRW7	VPS45	5.4504108923081	4.10404247300322e-07	No	No
Q9NRY5	FAM114A2	4.92516515181546	0.0002115385024632	No	No
Q9NS15	LTBP3	8.30922910034056	3.33709566803135e-13	No	No
Q9NS28	RGS18	8.3297628390595	1.14107953179738e-15	No	No
Q9NS62	THSD1	8.76117927534354	3.0920209399668297e-13	No	No
Q9NS69	TOMM22	6.952942221269	1.7188807230932802e-09	No	No
Q9NS86	LANCL2	4.11628530949828	8.48632249555209e-05	No	No
Q9NSC7	ST6GALNAC1	4.20226496810334	0.0017310092329495	No	No
Q9NSD9	FARSB	5.11910775107146	2.29368269760626e-07	No	No
Q9NSE4	IARS2	3.84367058874286	0.0011571495953216	No	No
Q9NT22	EMILIN3	5.28120625267868	0.0001607404778297	No	No
Q9NT62	ATG3	7.74030328394264	4.9013403116167494e-11	No	No
Q9NT99	LRRC4B	9.82895377510976	1.65303001705324e-14	No	No
Q9NTJ4	MAN2C1	4.36490318980323	0.000111857287008	No	No
Q9NTJ5	SACM1L	10.1639589431063	4.83082357569023e-18	No	No
Q9NTK5	OLA1	7.21173701796217	5.94063244427047e-08	No	No
Q9NTN3	SLC35D1	4.47910291005719	2.39180508915293e-06	No	No
Q9NU53	GINM1	4.93750503666661	9.25309995455904e-06	No	No
Q9NUB1	ACSS1	6.57491945311462	2.253638296616e-10	No	No
Q9NUJ1	ABHD10	6.99604069125959	3.72067366852293e-07	No	No
Q9NUK0	MBNL3	3.35962224306357	0.0009839436019814	No	No
Q9NUP9	LIN7C	4.91249161198288	5.43549961366622e-06	No	No
Q9NUQ9	CYRIB	7.77688957108509	2.43811459850586e-12	No	No
Q9NUY8	TBC1D23	4.53796619359129	3.29670109852676e-05	No	No
Q9NV70	EXOC1	3.49125823739975	0.0006433881434148	No	No
Q9NV96	TMEM30A	7.05306175406955	6.099564780910391e-10	No	No
Q9NVA2	SEPTIN11	10.0981676840325	8.3222992084008e-21	No	No
Q9NVG8	TBC1D13	6.22925296303075	6.36495497221887e-10	No	No
Q9NVI7	ATAD3A	5.34611894554547	1.45073368358625e-06	No	No
Q9NVJ2	ARL8B	8.79398752863712	5.44577412021736e-13	No	No
Q9NVK5	FGFR1OP2	5.6672065091435	1.36224525621505e-07	No	No
Q9NVT9	ARMC1	3.28239063900259	0.0027151160573959	No	No
Q9NW15	ANO10	6.75745659735207	4.1277290566185e-07	No	No
Q9NW68	BSDC1	6.70113388237703	2.3881959762492e-09	No	No
Q9NWV4	CZIB	7.51674337637288	2.61660396073282e-06	No	No
Q9NWV8	BABAM1	5.52721349005326	1.29335251867072e-06	No	No
Q9NWZ3	IRAK4	5.77730585054955	1.60737074931647e-05	No	No
Q9NX14	NDUFB11	4.33333390554102	0.0001483116041017	No	No
Q9NX40	OCIAD1	6.6491781311511	1.6706276970352298e-11	No	No
Q9NX63	CHCHD3	5.85965180081653	6.89474731262175e-07	No	No
Q9NX76	CMTM6	7.25409176497206	1.17102246838662e-08	No	No
Q9NXH8	TOR4A	9.18322772854059	1.18881753708931e-08	No	No
Q9NXL6	SIDT1	3.64470553381221	0.0003746889592695	No	No
Q9NXR7	BABAM2	6.07658709383212	5.6241065818184195e-11	No	No
Q9NXU5	ARL15	4.70021035922451	4.83369745880414e-06	No	No
Q9NY33	DPP3	5.42419910015674	2.55005971377373e-05	No	No
Q9NY65	TUBA8	4.65638875035451	1.01783253582131e-07	No	No
Q9NYB9	ABI2	2.81804951646428	0.0044250022309271	No	No
Q9NYL9	TMOD3	9.45126429428984	9.32436564457178e-19	No	No
Q9NYM9	BET1L	5.12238800920137	4.24045808546468e-06	No	No
Q9NYQ6	CELSR1	9.48769785056206	3.94955829302242e-10	No	No
Q9NYQ8	FAT2	8.60975589616292	4.833219825971799e-12	No	No
Q9NYU2	UGGT1	10.8202757039694	1.67419401734986e-13	No	No
Q9NZ32	ACTR10	2.79934130673272	0.0049609790401383	No	No
Q9NZ52	GGA3	2.99075129890582	0.0021708928523076	No	No
Q9NZ53	PODXL2	6.83483009890619	7.400842253700441e-09	No	No
Q9NZB2	FAM120A	5.66868299484256	4.38230596304288e-06	No	No
Q9NZC2	TREM2	4.53910212692768	5.80205599457693e-06	No	No
Q9NZM3	ITSN2	4.38416571180458	0.0009065945918126	No	No
Q9NZN3	EHD3	10.9618756325926	6.36189792577033e-24	No	No
Q9NZN4	EHD2	7.62678948891411	7.403084982258091e-09	No	No
Q9NZN5	ARHGEF12	3.97008407080846	0.0007906568991289	No	No
Q9NZP8	C1RL	2.89291653924696	0.0006665410750249	No	No
Q9NZQ3	NCKIPSD	7.74496761797456	4.81742906536126e-13	No	No
Q9NZR2	LRP1B	5.63823467541527	4.213121397045e-10	No	No
Q9NZT2	OGFR	6.10121374943871	1.08562306763715e-08	No	No
Q9NZZ3	CHMP5	4.80163819605749	7.06884932995543e-07	No	No
Q9P013	CWC15	2.87947041201814	0.005268608976731	No	No
Q9P035	HACD3	7.44553697971873	1.17079529703098e-09	No	No
Q9P0I2	EMC3	5.59206059442671	1.53848966841738e-07	No	No
Q9P0J0	NDUFA13	6.98833701018813	5.25041203090994e-09	No	No
Q9P0J1	PDP1	3.8259927060079	0.0003798433731963	No	No
Q9P0L0	VAPA	9.94236748659151	4.32689605774614e-16	No	No
Q9P107	GMIP	6.18537162211237	8.33453220963781e-11	No	No
Q9P126	CLEC1B	6.83058769003768	7.68536621265389e-10	No	No
Q9P1Z2	CALCOCO1	7.80467948310691	1.3268728371577999e-12	No	No
Q9P253	VPS18	4.83276503446507	1.1082584767147e-06	No	No
Q9P265	DIP2B	2.99142822906108	0.0008164309672912	No	No
Q9P270	SLAIN2	6.51404024730719	5.48874720496221e-07	No	No
Q9P289	STK26	6.79949345092727	1.73380300964435e-09	No	No
Q9P2B2	PTGFRN	6.53695467015369	0.0001139900054401	No	No
Q9P2E7	PCDH10	7.56386378730081	5.50642606647107e-13	No	No
Q9P2E9	RRBP1	6.39788900309623	1.62277378148352e-07	No	No
Q9P2R3	ANKFY1	3.32957149312407	0.0047389755444858	No	No
Q9P2R7	SUCLA2	7.84118270336642	4.2340828771124803e-10	No	No
Q9P2X0	DPM3	5.95899744033647	9.71097175923659e-09	No	No
Q9UBC2	EPS15L1	7.82911689380212	4.98094114920303e-06	No	No
Q9UBF2	COPG2	6.6316707188544	1.51238860707186e-07	No	No
Q9UBI6	GNG12	6.03831083731213	5.39482414955879e-08	No	No
Q9UBN7	HDAC6	6.21612956874204	9.60699748985339e-06	No	No
Q9UBQ0	VPS29	5.79091022560064	5.35266902249384e-08	No	No
Q9UBQ5	EIF3K	6.35881361485044	1.2361553408264501e-09	No	No
Q9UBQ7	GRHPR	7.57737577787027	7.243163426660459e-11	No	No
Q9UBS4	DNAJB11	6.25902712957494	1.94690143143316e-07	No	No
Q9UBS8	RNF14	6.21785498498531	1.76374265154832e-06	No	No
Q9UBS9	SUCO	7.54424346267021	1.4266723222106e-11	No	No
Q9UBT2	UBA2	6.63551470136384	5.11828108576824e-06	No	No
Q9UBV2	SEL1L	3.69884016546254	0.0016825193580571	No	No
Q9UBW5	BIN2	10.8501807650381	3.5050395579413604e-21	No	No
Q9UBW8	COPS7A	7.33501013551995	1.66175396368289e-13	No	No
Q9UBX5	FBLN5	4.64981887066816	1.72100218467915e-08	No	No
Q9UDT6	CLIP2	7.44408977504564	7.60114009922866e-10	No	No
Q9UDW1	UQCR10	5.4538310840377	4.51768826528297e-08	No	No
Q9UDY2	TJP2	9.15228171068198	7.99487685541581e-09	No	No
Q9UEU0	VTI1B	4.6919932684423	3.53475123662813e-05	No	No
Q9UEW8	STK39	6.08558383142746	8.40611247209889e-09	No	No
Q9UEY8	ADD3	7.20842030632079	8.18691698328357e-08	No	No
Q9UFN0	NIPSNAP3A	8.93124193161191	3.67006508905467e-17	No	No
Q9UFP1	GASK1A	5.82971125577388	6.50484448897541e-08	No	No
Q9UGJ0	PRKAG2	3.11338854379938	0.0010344058026275	No	No
Q9UGM3	DMBT1	5.57074905666075	1.20312773547203e-07	No	No
Q9UGP4	LIMD1	5.08120382615458	9.75378711778478e-07	No	No
Q9UGP8	SEC63	3.458829324184	0.0010535434106546	No	No
Q9UH62	ARMCX3	6.31981068892109	8.98353476975578e-10	No	No
Q9UHA4	LAMTOR3	7.93507747785272	4.2656394649202806e-15	No	No
Q9UHB6	LIMA1	7.19554716055253	5.3440149777568e-11	No	No
Q9UHD4	CIDEB	4.53394478528788	9.87223497464261e-06	No	No
Q9UHD8	SEPTIN9	6.83564909435718	2.28160881787616e-07	No	No
Q9UHF0	TAC3	5.47035165273685	1.01771946993552e-06	No	No
Q9UHG2	PCSK1N	6.53074469683579	9.799269016875219e-11	No	No
Q9UHI8	ADAMTS1	9.59495680619493	3.34989879132314e-13	No	No
Q9UHL4	DPP7	5.43520032947992	8.43133489460336e-06	No	No
Q9UHQ4	BCAP29	6.03941130402323	4.76278823002326e-08	No	No
Q9UHQ9	CYB5R1	7.919635147917	1.63792412839164e-12	No	No
Q9UHV9	PFDN2	6.96405110694123	3.5859269132859e-07	No	No
Q9UHY1	NRBP1	8.03754746126905	1.59632267360336e-08	No	No
Q9UHY7	ENOPH1	5.95931482903615	1.30885151014049e-07	No	No
Q9UI09	NDUFA12	3.95106890918051	6.32607435451827e-05	No	No
Q9UI10	EIF2B4	3.37871023130464	0.0022282851578443	No	No
Q9UI42	CPA4	3.10543901438827	0.001342147246696	No	No
Q9UIA9	XPO7	6.18482506439363	4.7200573347913e-08	No	No
Q9UIJ7	AK3	8.20227042301477	1.03286205175357e-13	No	No
Q9UIQ6	LNPEP	6.99894504052518	7.86523781237857e-09	No	No
Q9UJ14	GGT7	8.12691414198188	1.04480819689306e-11	No	No
Q9UJ41	RABGEF1	2.86295007444606	0.0054195540122233	No	No
Q9UJ68	MSRA	5.61208169678274	1.17733106594208e-07	No	No
Q9UJ70	NAGK	6.37259136582931	1.84844927325485e-05	No	No
Q9UJ99	CDH22	9.11840814552437	1.53627999206378e-06	No	No
Q9UJA9	ENPP5	6.72951861004758	2.49724121503172e-08	No	No
Q9UJC5	SH3BGRL2	7.62341151419191	2.60241363445339e-06	No	No
Q9UJS0	SLC25A13	3.88536284555584	0.0011212937816893	No	No
Q9UJU6	DBNL	10.0747256328804	5.73369558674098e-19	No	No
Q9UJW0	DCTN4	7.63031367934729	7.190527240310239e-11	No	No
Q9UJY5	GGA1	2.36861468540381	0.0088747322850067	No	No
Q9UJZ1	STOML2	7.05912576294824	9.395529638753989e-12	No	No
Q9UK05	GDF2	4.67853983545868	0.0004290378446285	No	No
Q9UK41	VPS28	7.24524997134188	2.96485919209383e-10	No	No
Q9UK45	LSM7	4.49652846318803	2.35279076708341e-05	No	No
Q9UK55	SERPINA10	4.19993268728693	2.31273880620263e-14	No	No
Q9UKE5	TNIK	7.8644092524692	2.94363454357253e-12	No	No
Q9UKF7	PITPNC1	4.13178531882706	1.06009215932058e-05	No	No
Q9UKG1	APPL1	4.86451342758498	2.92486863814695e-05	No	No
Q9UKK9	NUDT5	7.87125747081994	6.12766724658482e-12	No	No
Q9UKM7	MAN1B1	9.80941307729411	1.0187714679835e-17	No	No
Q9UKM9	RALY	5.57640878506583	4.96270861020618e-06	No	No
Q9UKU9	ANGPTL2	8.94342191339742	1.2541862654834e-14	No	No
Q9UKV3	ACIN1	3.84991916182587	0.0008126082089385	No	No
Q9UKW4	VAV3	3.28372337463356	0.0010769414608792	No	No
Q9UKZ9	PCOLCE2	4.42124234616472	0.0006310924795605	No	No
Q9UL15	BAG5	5.70491729483558	6.43146392565641e-08	No	No
Q9UL25	RAB21	8.03060550605046	1.1164048134734901e-09	No	No
Q9UL26	RAB22A	6.91838948905682	5.18742895773241e-13	No	No
Q9UL46	PSME2	7.12594751276664	1.08775661641269e-06	No	No
Q9ULA0	DNPEP	3.03097547948971	0.0042709269008444	No	No
Q9ULB1	NRXN1	9.43648261169592	1.43714260197527e-13	No	No
Q9ULC4	MCTS1	5.38619535171168	2.73108809975951e-07	No	No
Q9ULC5	ACSL5	5.72187460407124	3.13361962010263e-07	No	No
Q9ULH1	ASAP1	8.00525020349661	7.279733434265919e-11	No	No
Q9ULL4	PLXNB3	3.95462077544718	0.0013326822535623	No	No
Q9ULQ0	STRIP2	5.0786130585746	0.0003887842844289	No	No
Q9ULV4	CORO1C	5.44196415594056	2.70984516102443e-13	No	No
Q9UM22	EPDR1	5.05254674526251	4.1125461217728e-06	No	No
Q9UM54	MYO6	5.0509648394436	0.0001204239896178	No	No
Q9UMR2	DDX19B	4.2225965448857	8.83986564645887e-05	No	No
Q9UMY4	SNX12	6.87862434467331	1.18185826165845e-10	No	No
Q9UN19	DAPP1	5.21579601221944	1.73537607566807e-06	No	No
Q9UN37	VPS4A	7.47656668082166	8.05785107834871e-08	No	No
Q9UN70	PCDHGC3	5.37657184540159	2.4677472581673703e-09	No	No
Q9UN86	G3BP2	6.39749053555994	2.3105622343475002e-10	No	No
Q9UNA0	ADAMTS5	4.91141422302342	1.6713663199497e-06	No	No
Q9UNE7	STUB1	5.83527732844049	5.26957645668829e-08	No	No
Q9UNF0	PACSIN2	8.74489104166781	2.6930152650315397e-16	No	No
Q9UNF1	MAGED2	5.95908349537039	8.11233473299376e-07	No	No
Q9UNH7	SNX6	6.3220280871204	1.40648895547969e-07	No	No
Q9UNK0	STX8	4.05102413594304	0.0018027567221123	No	No
Q9UNM6	PSMD13	8.24194386580366	4.10729906866147e-09	No	No
Q9UNS2	COPS3	6.591049010739	1.23191618942106e-10	No	No
Q9UNZ2	NSFL1C	9.84134018640312	1.73019281815056e-10	No	No
Q9UP52	TFR2	6.39261094866848	3.41654885203021e-06	No	No
Q9UP79	ADAMTS8	8.6988614964485	2.3265869400263e-15	No	No
Q9UPN3	MACF1	7.49798216748901	1.06945741724437e-09	No	No
Q9UPN7	PPP6R1	7.14259086527385	4.01903245354395e-10	No	No
Q9UPT5	EXOC7	5.95924511678632	7.400266995697081e-09	No	No
Q9UPU5	USP24	5.7967655585599	9.04796839715712e-05	No	No
Q9UPY6	WASF3	4.83651975084889	3.78986468129821e-07	No	No
Q9UQ80	PA2G4	7.88194704755427	4.62415734963339e-08	No	No
Q9UQB8	BAIAP2	4.05746752743369	0.0001118302169105	No	No
Q9UQL6	HDAC5	4.25931713968881	6.12054733066105e-05	No	No
Q9UQM7	CAMK2A	3.777724477223	2.90839489142271e-05	No	No
Q9UQP3	TNN	9.1924752658147	7.68294252655594e-14	No	No
Q9Y210	TRPC6	5.94055796798864	1.6597497694402301e-09	No	No
Q9Y224	RTRAF	6.00577345192402	1.01424324656935e-07	No	No
Q9Y230	RUVBL2	7.80051149932305	3.52126832649761e-14	No	No
Q9Y240	CLEC11A	4.39970546282624	0.0006517660282689	No	No
Q9Y251	HPSE	9.14527220259624	1.44039287747003e-17	No	No
Q9Y262	EIF3L	4.81558994248514	2.92842927183119e-05	No	No
Q9Y263	PLAA	6.14588800322037	4.90981183460561e-08	No	No
Q9Y265	RUVBL1	7.64110788703267	1.0104880199815599e-11	No	No
Q9Y266	NUDC	7.81639570216642	2.30244948423221e-10	No	No
Q9Y274	ST3GAL6	3.98100449306971	4.0479692577716e-06	No	No
Q9Y277	VDAC3	10.3993650076757	1.69180396213224e-16	No	No
Q9Y279	VSIG4	3.69116399857745	0.0002609931857747	No	No
Q9Y287	ITM2B	9.50281201141097	1.640740876027e-10	No	No
Q9Y2A7	NCKAP1	9.28690473438409	3.59513410547545e-15	No	No
Q9Y2B0	CNPY2	6.47196466500811	2.03876772109241e-11	No	No
Q9Y2H0	DLGAP4	4.64070590199	3.58769339065695e-05	No	No
Q9Y2I8	WDR37	4.55495814710772	8.62173153810573e-06	No	No
Q9Y2J2	EPB41L3	8.1926557299284	6.37545456968394e-12	No	No
Q9Y2L5	TRAPPC8	4.07397028869655	0.0037556491107884	No	No
Q9Y2L6	FRMD4B	6.34818224835329	1.08803470746585e-08	No	No
Q9Y2Q0	ATP8A1	8.12596546471556	2.54163153689876e-15	No	No
Q9Y2Q3	GSTK1	8.78640108691027	5.0532899542135906e-15	No	No
Q9Y2Q5	LAMTOR2	6.87291194045076	1.06480310279811e-09	No	No
Q9Y2T2	AP3M1	6.68200109054056	2.2343690512753002e-10	No	No
Q9Y2U5	MAP3K2	7.2192801934875	9.55226407311265e-08	No	No
Q9Y2V7	COG6	4.81328790206259	9.82352503135846e-06	No	No
Q9Y2X7	GIT1	7.54271258696294	4.7830818717352105e-09	No	No
Q9Y2Y8	PRG3	7.64107069363641	2.2059822601307502e-14	No	No
Q9Y305	ACOT9	7.25468720274906	2.4873629287316098e-11	No	No
Q9Y315	DERA	7.20221712129335	1.68390981951058e-07	No	No
Q9Y316	MEMO1	3.78544206766255	0.0009817166559594	No	No
Q9Y333	LSM2	5.82335976535622	2.55865341520537e-07	No	No
Q9Y343	SNX24	4.42022212843737	3.62058045134616e-05	No	No
Q9Y371	SH3GLB1	7.07820069682186	1.0834619634129902e-09	No	No
Q9Y376	CAB39	7.64142764927828	8.2085227508541e-08	No	No
Q9Y385	UBE2J1	6.92840276518967	2.63262903106425e-09	No	No
Q9Y394	DHRS7	7.81771193934539	3.01507208529448e-13	No	No
Q9Y3A3	MOB4	5.24969524076693	0.0001583395055552	No	No
Q9Y3A5	SBDS	4.80620191871168	0.0002627666620068	No	No
Q9Y3B3	TMED7	6.98505864383193	1.34817414399388e-12	No	No
Q9Y3B7	MRPL11	3.00320327390812	0.0021162079991962	No	No
Q9Y3C5	RNF11	5.73285078536264	5.17312446197595e-07	No	No
Q9Y3C8	UFC1	5.97178452718076	7.9288603932643e-09	No	No
Q9Y3E0	GOLT1B	6.91176020263968	3.01424563073767e-08	No	No
Q9Y3E7	CHMP3	6.87614748665871	5.62661565722968e-10	No	No
Q9Y3F4	STRAP	8.12515755388934	2.67063852934446e-12	No	No
Q9Y3I0	RTCB	7.42199110228936	1.47325388309846e-07	No	No
Q9Y3I1	FBXO7	8.52588318120869	7.00674938156826e-16	No	No
Q9Y3P8	SIT1	2.68728363672288	0.0014893717505838	No	No
Q9Y3P9	RABGAP1	5.65623497647091	6.86253678364126e-06	No	No
Q9Y3Q8	TSC22D4	7.79697072902421	3.4921370041055202e-15	No	No
Q9Y3X0	CCDC9	4.00733177536268	0.0002085457689985	No	No
Q9Y478	PRKAB1	4.01798961808373	8.51441784639424e-05	No	No
Q9Y487	ATP6V0A2	3.21803745635942	0.0041029522139296	No	No
Q9Y490	TLN1	6.10655459421167	1.7361839528363898e-12	No	No
Q9Y4C0	NRXN3	5.51366726041568	8.66044757066212e-05	No	No
Q9Y4D1	DAAM1	8.45374603454311	1.3859082800487702e-09	No	No
Q9Y4D8	HECTD4	3.67818025424308	0.0010788280071343	No	No
Q9Y4E8	USP15	8.81806794459527	5.057227047689581e-10	No	No
Q9Y4G6	TLN2	4.52807776692152	0.0013897622595362	No	No
Q9Y4G8	RAPGEF2	3.87835752362925	0.000154063972324	No	No
Q9Y4H4	GPSM3	7.65281074771626	2.25388778933195e-09	No	No
Q9Y4I1	MYO5A	6.48627504198306	7.66358969133189e-10	No	No
Q9Y4K3	TRAF6	4.65311674539033	7.52618849165719e-06	No	No
Q9Y4L1	HYOU1	3.13835437341227	0.0001530332354544	No	No
Q9Y4P1	ATG4B	4.34021267284947	2.45604998749432e-06	No	No
Q9Y4P3	TBL2	6.53072571177191	7.65167627184505e-07	No	No
Q9Y4W6	AFG3L2	3.91680738301104	0.0067007716085013	No	No
Q9Y4Z0	LSM4	4.9552139407879	2.74802461410413e-06	No	No
Q9Y512	SAMM50	6.95017743603397	3.03190342018809e-07	No	No
Q9Y570	PPME1	5.17919919452874	3.89410346787219e-07	No	No
Q9Y5E2	PCDHB7	5.48558484612214	3.61673340403505e-05	No	No
Q9Y5E8	PCDHB15	7.27653121565342	2.81717009269247e-07	No	No
Q9Y5G2	PCDHGB2	7.5017352647145	9.19487971269612e-12	No	No
Q9Y5H3	PCDHGA10	8.02707412363582	1.30837128501569e-07	No	No
Q9Y5I4	PCDHAC2	5.44246374047895	7.63500796215307e-08	No	No
Q9Y5K5	UCHL5	3.54718072713558	0.0003982781902458	No	No
Q9Y5K6	CD2AP	7.30596886289937	3.30128002468338e-12	No	No
Q9Y5L4	TIMM13	4.98944271944315	7.48856941358145e-06	No	No
Q9Y5M8	SRPRB	6.02797365143643	2.94621432408142e-07	No	No
Q9Y5P4	CERT1	5.99070803896067	4.67035437929941e-07	No	No
Q9Y5P6	GMPPB	6.16499397334912	6.0051107736650306e-09	No	No
Q9Y5R8	TRAPPC1	4.77189891453727	1.27246325495922e-06	No	No
Q9Y5S2	CDC42BPB	8.19466770887884	3.45533765669445e-13	No	No
Q9Y5X1	SNX9	7.30065202003594	2.86709125462217e-11	No	No
Q9Y5X2	SNX8	5.56039084627789	5.81884891715625e-06	No	No
Q9Y5X3	SNX5	5.8109857186016	7.6268966478998e-08	No	No
Q9Y5X9	LIPG	5.18838307224002	5.68411483109891e-08	No	No
Q9Y5Y2	NUBP2	5.13897782513632	9.02496161887885e-05	No	No
Q9Y5Z4	HEBP2	5.56255842328397	2.94869559847659e-06	No	No
Q9Y608	LRRFIP2	9.03423099372281	2.9080143028493797e-11	No	No
Q9Y613	FHOD1	9.55735361250897	5.06364061542374e-10	No	No
Q9Y619	SLC25A15	4.91352308000628	0.0001494339878885	No	No
Q9Y624	F11R	10.7723131597711	4.97746928012948e-21	No	No
Q9Y625	GPC6	9.41622513959259	4.733785990142171e-15	No	No
Q9Y644	RFNG	6.0555251242643	1.51424707539386e-08	No	No
Q9Y662;Q9Y663	HS3ST3A1;HS3ST3B1	4.98234289065068	4.27049665679164e-07	No	No
Q9Y678	COPG1	6.23009697607105	4.86070291598732e-09	No	No
Q9Y696	CLIC4	8.36311670265246	8.94163332469785e-08	No	No
Q9Y6A5	TACC3	4.18542420591368	3.1657997554081e-05	No	No
Q9Y6A9	SPCS1	3.89238172623165	0.0001553624830383	No	No
Q9Y6C2	EMILIN1	10.6252355301899	3.51300724842959e-17	No	No
Q9Y6C9	MTCH2	6.612608062092	2.57975414133775e-10	No	No
Q9Y6D6	ARFGEF1	4.51081325316492	0.0016959410451732	No	No
Q9Y6E0	STK24	9.65389992429502	3.94654804740195e-16	No	No
Q9Y6E2	BZW2	3.18301252869039	0.0041538442523835	No	No
Q9Y6F6	IRAG1	8.44226322651959	3.9354278785638204e-14	No	No
Q9Y6G9	DYNC1LI1	4.64160931206985	0.0001052523991843	No	No
Q9Y6H6	KCNE3	4.24056730823916	5.65638759685315e-06	No	No
Q9Y6I3	EPN1	6.87470688737055	1.86402828724864e-09	No	No
Q9Y6I9	TEX264	6.02897280610461	4.66728264365309e-10	No	No
Q9Y6K9	IKBKG	6.48711140011148	2.29454709124243e-10	No	No
Q9Y6L7	TLL2	8.64715790334325	7.201624050857931e-14	No	No
Q9Y6M1	IGF2BP2	3.19829048413474	0.0044458411278417	No	No
Q9Y6M5	SLC30A1	6.62404965036875	1.79709324183971e-07	No	No
Q9Y6N5	SQOR	6.87037583381777	1.79605175206349e-06	No	No
Q9Y6W5	WASF2	8.44590540660086	3.6677519998310095e-12	No	No
Q9Y6X5	ENPP4	5.96760108595467	1.06495903961957e-05	No	No
Q9Y6Y8	SEC23IP	5.93585064157326	4.55837567397361e-08	No	No
Q9Y6Y9	LY96	6.86604963015104	1.82742552609974e-10	No	No
Q9Y6Z7	COLEC10	2.64263334294088	0.0015059507451741	No	No
A0A075B6I9	IGLV7-46	-2.95302937495447	0.0078887891895953	No	No
A0A075B6J1	IGLV5-37	-6.77306765870031	1.19033715569682e-07	No	No
A0A075B6K2	IGLV3-12	-5.09328297490868	1.10368957774987e-06	No	No
A0A075B6K5	IGLV3-9	-2.83767133216615	4.25516726431364e-06	No	No
A0A075B6P5;P01615	IGKV2-28;IGKV2D-28	-2.91241460237337	0.0031274599640091	No	No
A0A075B6Q5	IGHV3-64	-3.41307449887524	0.009592150744706	No	No
A0A075B6R2	IGHV4-4	-3.12338927100813	0.0038576299369544	No	No
A0A075B6W8	TRAJ17	-5.70270474325061	0.000164722671875	No	No
A0A075B7B6	IGHV4OR15-8	-3.92073011986577	0.0045494504033046	No	No
A0A075B7B8	IGHV3OR16-12	-3.73735845827205	0.0034438413933249	No	No
A0A087WSY4	IGHV4-30-2	-6.59186619597995	5.00323399414862e-14	No	No
A0A0A0MS14	IGHV1-45	-6.06369924483154	7.62766297068599e-09	No	No
A0A0A0MT36	IGKV6D-21	-6.00339717332119	4.92013233233055e-07	No	No
A0A0A0MT69	IGKJ4	-9.88063963548435	1.57835326006207e-07	No	No
A0A0A0MT89	IGKJ1	-4.17185611992339	0.0005628050491934	No	No
A0A0A0MTA3	IGKJ5	-6.6548739612533	7.12562013905269e-05	No	No
A0A0B4J1U3	IGLV1-36	-3.80837753977246	0.0026441671340858	No	No
A0A0B4J1U7	IGHV6-1	-3.48057745717612	0.0047237224451714	No	No
A0A0B4J1V0	IGHV3-15	-2.89853831038766	0.0003458210640658	No	No
A0A0B4J1V2	IGHV2-26	-9.03814600678271	3.47056697760398e-10	No	No
A0A0B4J1V6	IGHV3-73	-4.50800242293009	0.003326282252396	No	No
A0A0B4J1X5	IGHV3-74	-3.21421688391813	0.0010144635674458	No	No
A0A0B4J1X8	IGHV3-43	-4.19059576389244	5.67757638511307e-05	No	No
A0A0B4J2B8	IGHV1OR15-9	-5.90738361584354	1.85164263624577e-08	No	No
A0A0B4J2D9;P0DP09	IGKV1-13;IGKV1D-13	-2.61588353942551	0.0098651343824551	No	No
A0A0B4J2H0	IGHV1-69D	-6.47022170576172	2.7645397100570703e-15	No	No
A0A0C4DH25	IGKV3D-20	-2.81557096339695	0.0001127603898599	No	No
A0A0C4DH29	IGHV1-3	-2.13864244399789	0.0014490727982871	No	No
A0A0C4DH31	IGHV1-18	-2.42272363443054	3.90423497800237e-06	No	No
A0A0C4DH34	IGHV4-28	-5.61246957267931	1.07647716471923e-07	No	No
A0A0C4DH35	IGHV3-35	-3.91597838175077	0.0010839968499077	No	No
A0A0C4DH38	IGHV5-51	-1.43095068546027	0.0021523976364141	No	No
A0A0C4DH43	IGHV2-70D	-2.573237512728	1.76376046290329e-05	No	No
A0A0G2JMI3	IGHV1-69-2	-9.76574521282178	9.2516044922863e-14	No	No
A0A0G2JRQ6	gene	-3.33078975102206	2.51380702723307e-07	No	No
A0A0J9YW62	gene	-5.32664826076086	9.00892245944821e-10	No	No
A0A0J9YXX1	IGHV5-10-1	-3.78737083199032	0.0061881410714073	No	No
A0A0J9YY99	gene	-5.16112511574712	0.0004863738985464	No	No
A0A1W2PRN1	gene	-6.08182813538285	3.15988576505847e-06	No	No
A0M8Q6	IGLC7	-4.36651659404712	1.42419666419548e-08	No	No
O14960	LECT2	-9.12068321971266	1.43416950292275e-19	No	No
O43286	B4GALT5	-7.09477898117089	3.5704549167888e-07	No	No
O60306	AQR	-2.1615712457464	0.0033471431820388	No	No
O60762	DPM1	-4.80257624602117	6.08739123331705e-07	No	No
O75015	FCGR3B	-4.16662950388132	9.4754134017117e-05	No	No
O75882	ATRN	-6.2382787138065	1.83706124588006e-06	No	No
O75884	RBBP9	-4.72623753432474	8.75568399937149e-06	No	No
O95497	VNN1	-4.54877049015348	0.0008832583474033	No	No
O95803;Q9H3R1	NDST3;NDST4	-4.68719371266947	0.0023763977146008	No	No
P00488	F13A1	-1.84826908066357	0.0067741876791394	No	No
P00738	HP	-3.52014088734259	8.99563441295586e-08	No	No
P00746	CFD	-4.42052258573111	4.49614843970677e-05	No	No
P00747	PLG	-4.11784151010555	2.27490371976023e-07	No	No
P00748	F12	-5.53730728665727	5.61748482564678e-06	No	No
P00751	CFB	-6.22502638857821	4.34281069494339e-16	No	No
P00915	CA1	-3.78374616668655	0.0019391434034407	No	No
P00918	CA2	-3.23766028381271	1.59366397458294e-07	No	No
P01008	SERPINC1	-3.76682390417839	9.8836692899872e-11	No	No
P01009	SERPINA1	-3.74032104943137	1.17827458119658e-08	No	No
P01011	SERPINA3	-2.89368450758186	7.21104384915967e-08	No	No
P01019	AGT	-3.0172590115277	7.98985520631598e-07	No	No
P01023	A2M	-4.53436163281458	8.12163218884306e-13	No	No
P01024	C3	-2.31219485054886	0.0001018180618429	No	No
P01031	C5	-2.48029743789702	4.14350081730109e-08	No	No
P01033	TIMP1	-7.66596639061518	1.12111678390681e-09	No	No
P01034	CST3	-9.12829155938312	8.55780080205776e-16	No	No
P01593;P01594	IGKV1-33;IGKV1D-33	-2.98607820868502	8.38995531027879e-07	No	No
P01597;P04432	IGKV1-39;IGKV1D-39	-2.28899252517482	6.09109965720007e-05	No	No
P01619	IGKV3-20	-1.70261529596558	0.0003286808597101	No	No
P01701	IGLV1-51	-2.46239419381807	4.24041211957274e-05	No	No
P01705	IGLV2-23	-4.08473883890289	3.06236683608185e-07	No	No
P01709	IGLV2-8	-4.27711328789177	5.98368283511591e-05	No	No
P01714	IGLV3-19	-3.3618872038558	5.48548800131195e-07	No	No
P01715	IGLV3-1	-1.87024626249205	0.0028621945903651	No	No
P01717	IGLV3-25	-3.08301380276963	0.0076032098983413	No	No
P01742	IGHV1-69	-6.67101175607405	3.0873403751401504e-17	No	No
P01764	IGHV3-23	-2.58453633280441	0.0001292721136812	No	No
P01767	IGHV3-53	-8.38089480017157	1.66484330487454e-17	No	No
P01768;P0DP03	IGHV3-30;IGHV3-30-5	-3.5028526253503	1.20920591624394e-05	No	No
P01782	IGHV3-9	-6.02237102389794	2.66137572297051e-06	No	No
P01857	IGHG1	-3.77894066231583	9.9013727454742e-09	No	No
P01859	IGHG2	-3.20192499532125	4.10642845888191e-09	No	No
P01860	IGHG3	-4.09889046574515	9.10145248655374e-11	No	No
P01861	IGHG4	-3.76287645227498	4.00969521897218e-10	No	No
P01880	IGHD	-5.17151370036733	1.07651596507106e-11	No	No
P02042	HBD	-5.66714537338979	6.7378771947323e-06	No	No
P02144	MB	-8.49099910719706	4.8668386546060694e-11	No	No
P02647	APOA1	-1.37147275406578	0.0034746914889266	No	No
P02652	APOA2	-1.89993295578348	0.0016372487780419	No	No
P02745	C1QA	-8.56504964387332	2.68336775155294e-23	No	No
P02746	C1QB	-4.60362532713485	2.6501554269846e-08	No	No
P02747	C1QC	-5.83444004007881	4.31264044982112e-13	No	No
P02749	APOH	-5.28200915962603	5.667260298480119e-13	No	No
P02750	LRG1	-8.06285732398783	5.28172767594851e-15	No	No
P02763	ORM1	-3.47883625232042	5.84001692306754e-09	No	No
P02765	AHSG	-3.79136167259011	3.42510137380815e-10	No	No
P02774	GC	-5.72996869852553	2.79679129458423e-15	No	No
P02790	HPX	-6.1866226333362	3.19000893648379e-23	No	No
P03950	ANG	-6.96777713380065	1.56322093803256e-06	No	No
P03951	F11	-6.5865800379547	1.80817152297474e-06	No	No
P03952	KLKB1	-3.75699982382424	7.18587603684437e-06	No	No
P04040	CAT	-2.46470515653317	0.0003683991036598	No	No
P04066	FUCA1	-2.73763086960501	0.0032907254361487	No	No
P04114	APOB	-1.30818048474417	0.0032917182238568	No	No
P04196	HRG	-2.23809336861649	3.0353050419884e-06	No	No
P04211	IGLV7-43	-5.89478003500476	0.0001330815322107	No	No
P04217	A1BG	-5.32878868796271	3.01183401520042e-06	No	No
P04278	SHBG	-3.14198388003054	2.79779370789653e-05	No	No
P04746	AMY2A	-3.44890602903257	0.0003709008981003	No	No
P05090	APOD	-2.11838706694749	7.58821844874244e-05	No	No
P05109	S100A8	-4.14898063293505	3.12391145274131e-06	No	No
P05154	SERPINA5	-1.77482633161765	0.0071170452988008	No	No
P05156	CFI	-4.72628613050371	1.56174503340131e-07	No	No
P05160	F13B	-3.54777039375307	2.38646775666133e-10	No	No
P05164	MPO	-2.82200013909279	0.0059288918820219	No	No
P05362	ICAM1	-2.96546173799404	3.36940472492571e-06	No	No
P05452	CLEC3B	-6.1877399005048	7.67167442945979e-09	No	No
P05543	SERPINA7	-4.58326257046377	1.07712062389514e-14	No	No
P06276	BCHE	-5.4047922760735	3.5131311916366202e-09	No	No
P06310	IGKV2-30	-10.4373821190389	3.6906255445943503e-19	No	No
P06331	IGHV4-34	-3.98724832864342	7.74789967545867e-06	No	No
P06396	GSN	-3.19214808038143	7.003205086593009e-11	No	No
P06681	C2	-4.80506962046077	1.98796033590413e-11	No	No
P06702	S100A9	-2.64685823622492	0.0045047109641064	No	No
P06727	APOA4	-2.88022858435562	1.60506425594446e-05	No	No
P06731	CEACAM5	-7.70285196690799	1.20550104758191e-10	No	No
P07148	FABP1	-9.40502956866627	1.96128525541103e-13	No	No
P07358	C8B	-4.96019348719605	1.49451392655918e-12	No	No
P07360	C8G	-1.97196661477884	0.0032837488338421	No	No
P07738	BPGM	-6.77220898473168	6.88419273865443e-05	No	No
P07988	SFTPB	-3.3834483018193	0.0026126204941039	No	No
P07998	RNASE1	-10.4364051355635	3.4297015724144104e-09	No	No
P08185	SERPINA6	-5.15558918951227	1.89587440640361e-09	No	No
P08217	CELA2A	-11.3412937814645	1.6207515786479802e-14	No	No
P08253	MMP2	-6.72173372560904	1.21747259815714e-05	No	No
P08571	CD14	-2.25748706234641	0.0026968361967169	No	No
P08581	MET	-3.39291725599485	0.0025571666548277	No	No
P08603	CFH	-4.34362384060777	5.62840019225892e-10	No	No
P08697	SERPINF2	-1.86626912933858	0.0001195235407399	No	No
P09172	DBH	-4.88521356201522	1.93957687948118e-09	No	No
P09960	LTA4H	-6.32576005226251	5.96261291171841e-06	No	No
P0DJI8	SAA1	-1.7943567340102	0.0050243945102748	No	No
P0DP01	IGHV1-8	-10.4987448700484	7.96013314250293e-21	No	No
P0DTE1	IGHV3-38-3	-3.6536470393598	4.47227421229923e-09	No	No
P10643	C7	-4.23892740084968	2.51872364767989e-06	No	No
P11279	LAMP1	-2.08098648221831	0.0096249769207135	No	No
P11684	SCGB1A1	-10.0925562364087	1.1717388862348099e-18	No	No
P11717	IGF2R	-2.14154628067392	0.0055269757560128	No	No
P12109	COL6A1	-1.86593579136488	0.0038643344786103	No	No
P12318	FCGR2A	-3.35840240163524	4.6270874467709e-06	No	No
P12821	ACE	-2.85002758957344	0.0066556318263579	No	No
P12955	PEPD	-6.06341002016848	3.42663691476356e-08	No	No
P13473	LAMP2	-4.30941707161687	0.0014711837142907	No	No
P13671	C6	-3.99049338403742	4.19507093008467e-06	No	No
P13688	CEACAM1	-8.25386044874494	4.34576481067326e-13	No	No
P15086	CPB1	-4.86165155960762	3.24968996812599e-05	No	No
P15090	FABP4	-3.51136821204332	0.0046734949525433	No	No
P15151	PVR	-4.06863604624105	4.37687892290106e-06	No	No
P15814	IGLL1	-3.67937027042235	3.38180227608858e-06	No	No
P16035	TIMP2	-4.47183405451823	0.0004532948267897	No	No
P16233	PNLIP	-10.7049166299819	2.84870964306979e-18	No	No
P16930	FAH	-3.61878511608309	4.717859395692e-05	No	No
P17936	IGFBP3	-2.95314413332661	0.0001526936665783	No	No
P18065	IGFBP2	-5.56008420162873	9.85831503679655e-05	No	No
P18564	ITGB6	-10.8685125042165	4.39886869029029e-21	No	No
P19022	CDH2	-4.86159218046748	5.60944058472705e-05	No	No
P19652	ORM2	-3.02853799837685	2.89370068360971e-10	No	No
P20742	PZP	-3.48658426016738	2.21133634061155e-08	No	No
P20933	AGA	-6.82141507657587	1.37784709105411e-10	No	No
P22897	MRC1	-6.42656513005805	4.8394927440136e-10	No	No
P23083	IGHV1-2	-1.86053996768603	0.0022989100275588	No	No
P24592	IGFBP6	-3.84473632182492	0.0011564294283444	No	No
P25311	AZGP1	-6.87602259905859	9.17066059530026e-23	No	No
P26927	MST1	-7.03656383817329	1.5037906394964e-08	No	No
P26992	CNTFR	-3.95136719443565	0.0020920658861427	No	No
P27487	DPP4	-3.88906336425631	2.27031896401722e-05	No	No
P27918	CFP	-7.87124032121567	1.11528964584447e-14	No	No
P27930	IL1R2	-4.75568472857727	5.54435099474111e-05	No	No
P28827	PTPRM	-5.8603798268823	0.0002722502240108	No	No
P29401	TKT	-4.76080156034716	0.0003468410428744	No	No
P29622	SERPINA4	-2.92095953525979	1.5520251321976302e-09	No	No
P32754	HPD	-11.2712011112965	9.53824728194321e-18	No	No
P33908	MAN1A1	-6.04878067927124	3.18414859838383e-09	No	No
P35590	TIE1	-5.77506593351773	3.38677628480035e-05	No	No
P35858	IGFALS	-2.53873760210148	0.0008780501549234	No	No
P36222	CHI3L1	-4.26778891091001	1.2890750759407e-05	No	No
P36955	SERPINF1	-2.63846547245074	3.33471239134428e-08	No	No
P36980	CFHR2	-5.17133197346123	9.76302126496412e-06	No	No
P42785	PRCP	-6.06520701228065	1.0587994582797e-07	No	No
P43652	AFM	-5.41221690975662	4.95690605142686e-16	No	No
P48304	REG1B	-8.09712927469751	2.56581389358079e-12	No	No
P51797	CLCN6	-5.49402712725767	1.7403066720405e-07	No	No
P54108	CRISP3	-11.3930584085282	6.25436517503654e-13	No	No
P54289	CACNA2D1	-6.5496332116468	2.22181775341775e-06	No	No
P54802	NAGLU	-3.47108097179349	0.0004730183394463	No	No
P55056	APOC4	-2.51364594635187	0.0007416148966193	No	No
P55774	CCL18	-3.65434798496859	6.89453270459894e-05	No	No
P58335	ANTXR2	-2.25596584012019	0.0070301209204764	No	No
P61129	ZC3H6	-3.40673069123877	0.000717817157841	No	No
P61769	B2M	-7.19480827328967	1.34332426150329e-10	No	No
P61916	NPC2	-5.35377486682464	1.92250400121047e-06	No	No
P68871	HBB	-2.49143762046965	0.0047022569123029	No	No
P69891	HBG1	-4.51261429737466	9.03576794133715e-07	No	No
P69892	HBG2	-4.05778438739292	0.0002645801911869	No	No
P69905	HBA2	-2.35891509613822	6.0219486855275e-06	No	No
P78417	GSTO1	-1.82021734534094	0.0014897281050842	No	No
P80748	IGLV3-21	-2.20042638862481	0.0074899998692328	No	No
Q01459	CTBS	-6.07577201755331	9.03387083168188e-06	No	No
Q02747	GUCA2A	-10.274965427096	9.36785026555496e-17	No	No
Q02985	CFHR3	-4.65350185967856	0.0033326042781522	No	No
Q03154	ACY1	-9.08342339464218	2.71447396758855e-12	No	No
Q03591	CFHR1	-5.69865977280454	4.1490339026789e-09	No	No
Q08ET2	SIGLEC14	-9.46711821093648	5.42156455397592e-09	No	No
Q12860	CNTN1	-4.67219910549323	7.13481552909082e-06	No	No
Q12907	LMAN2	-3.00241167604098	0.0013264682335244	No	No
Q13093	PLA2G7	-3.95866969669652	1.41833729023951e-06	No	No
Q13231	CHIT1	-8.20374669982474	2.435831508805e-06	No	No
Q13508	ART3	-9.86794665586624	8.52864491271173e-19	No	No
Q13822	ENPP2	-11.0390647572133	7.81621014587373e-17	No	No
Q14002	CEACAM7	-5.11052492683951	3.4269796027559e-07	No	No
Q14623	IHH	-3.85352551173494	0.0017041905246995	No	No
Q14624	ITIH4	-4.230995441009	7.74646454999559e-14	No	No
Q15063	POSTN	-2.5763701508755	0.0057935317171294	No	No
Q15113	PCOLCE	-3.51810925854096	0.0005563336656209	No	No
Q15485	FCN2	-5.52718875008783	0.0001358993107757	No	No
Q15828	CST6	-4.28449181324314	0.0001576633527593	No	No
Q15848	ADIPOQ	-6.26933300000943	8.9871868290794e-06	No	No
Q16394	EXT1	-7.60191371378667	2.3997207340461298e-12	No	No
Q16627	CCL14	-3.72387936376778	8.6010363476316e-05	No	No
Q16769	QPCT	-3.51021586734392	0.0001524762614995	No	No
Q16853	AOC3	-4.71881172922602	0.0007527459207489	No	No
Q2M3D2	EXOC3L2	-3.57428213324286	0.0026083381659818	No	No
Q66GS9	CEP135	-6.54366078012297	2.75084766783867e-06	No	No
Q6EMK4	VASN	-2.61429184702333	0.0032108497649597	No	No
Q6GPI1	CTRB2	-5.01962903546911	0.0004350608601739	No	No
Q6UXK2	ISLR2	-5.20584661635961	1.87852879876352e-06	No	No
Q7Z7M0	MEGF8	-10.9882580842213	9.8098008536918e-11	No	No
Q86U17	SERPINA11	-2.42321787586201	0.0022670238962186	No	No
Q86UL3	GPAT4	-10.5199267060325	2.3022060573389398e-11	No	No
Q86VB7	CD163	-6.03436118078753	6.5184999273799e-08	No	No
Q8IWV2	CNTN4	-6.05738718500724	3.02891744809043e-10	No	No
Q8IX30	SCUBE3	-8.68451015099001	1.0969621465923e-08	No	No
Q8N149	LILRA2	-7.82374501727227	5.50498641178646e-06	No	No
Q8N6C8	LILRA3	-6.79019261051331	3.39880099168337e-10	No	No
Q8ND04	SMG8	-9.72559868975665	1.9346945300751702e-09	No	No
Q8TBE9	NANP	-5.49530246637883	7.90907920264837e-08	No	No
Q8TDB6	DTX3L	-5.8115598174416	8.01702636934028e-07	No	No
Q8WWW0	RASSF5	-5.00470035652215	0.0007731015759363	No	No
Q8WZ75	ROBO4	-3.98038947577614	0.0025571990279088	No	No
Q92520	FAM3C	-3.57494163808408	0.0030199439417833	No	No
Q92820	GGH	-4.28432760319562	0.0052443569765301	No	No
Q92835	INPP5D	-7.88827226426883	2.41697221080908e-08	No	No
Q92954	PRG4	-2.67711308833186	4.76029850107454e-08	No	No
Q93063	EXT2	-5.53080233846741	2.20659954328799e-06	No	No
Q96CV9	OPTN	-7.01539625972224	1.90684070161158e-06	No	No
Q96IY4	CPB2	-5.25509035714278	8.72087788711591e-06	No	No
Q96PD5	PGLYRP2	-4.25580425126274	4.8023109403768e-10	No	No
Q99784	OLFM1	-4.44312106785748	0.0007112639475746	No	No
Q99969	RARRES2	-6.32442524644677	2.26464727575123e-05	No	No
Q99972	MYOC	-3.56793553489017	0.0033381020202838	No	No
Q9BTY2	FUCA2	-7.5569797740179	1.76798325335297e-08	No	No
Q9BXR6	CFHR5	-3.11766826980549	0.0093658497883667	No	No
Q9H4G4	GLIPR2	-3.62221154701978	0.0009530039244545	No	No
Q9NP80	PNPLA8	-4.31306136309029	0.0053484995740162	No	No
Q9NPH3	IL1RAP	-3.95641959597543	0.0002957702271238	No	No
Q9NQ38	SPINK5	-10.4252951929001	5.94871598952166e-16	No	No
Q9NS71	GKN1	-5.12342048492387	2.61635466642526e-06	No	No
Q9NTU7	CBLN4	-5.17251135677376	4.48475894752542e-07	No	No
Q9NXW9	ALKBH4	-10.059887683669	1.6973806168002702e-15	No	No
Q9NZK5	ADA2	-6.53476026032675	3.87054141341669e-07	No	No
Q9P232	CNTN3	-8.96722337817294	6.26963803114428e-11	No	No
Q9P2S5	WRAP73	-8.12699875426476	5.717880499356179e-11	No	No
Q9UBE0	SAE1	-4.50097221155039	9.36916618345317e-07	No	No
Q9UGM5	FETUB	-5.32393124280492	1.42929982950485e-08	No	No
Q9UJJ9	GNPTG	-1.54081382297697	0.0026646867153087	No	No
Q9UKU6	TRHDE	-6.20846638461537	7.04764003767878e-06	No	No
Q9UKX5	ITGA11	-5.4977392846055	9.45842648866695e-07	No	No
Q9UNN8	PROCR	-2.43729333183241	0.0099871723671572	No	No
Q9UNW1	MINPP1	-2.2208375993836	0.0067059014666556	No	No
S4R460	IGHV3OR16-9	-2.61001782550876	0.0006730297003466	No	No
