term,ES,NES,fdr,Gene %,Genes,description
GO:0000377,0.8114587137862971,3.087718374008162,0.0,13.79%,SRSF1;CWC15;SNRPB2;SF1;SF3B2;PNN;DDX5;SNRPF;HNRNPA2B1;HNRNPM;RBMX;SF3B1;SNRPD2;HNRNPC;RBM8A;GPKOW;SF3B3;RALY;PRPF8;LSM8;SRRM2;DDX46;SF3A2;HNRNPU;SNRNP70;HNRNPH3;HNRNPF,"GO_Biological_Process_2025__RNA Splicing, via Transesterification Reactions With Bulged Adenosine as Nucleophile (GO:0000377)"
GO:0002181,0.6838859136576534,2.848781988698532,0.0,8.41%,RPL18;RPL14;RPS11;RPL35;RPS7;RPL7;RPS28;RPS19;RPL29;RPS9;RPL7A;RPS3A;RPL23;RPL27;RPL6;RPL5;RPS18;RPS13;RPL28;RPL27A;RPS14;RPL23A;RPS15A;RPS25;RPL19;RPL31;RPS3;RPL3;RPS20;RPS17;EIF2S2;RPS23;RPL12;RACK1,GO_Biological_Process_2025__Cytoplasmic Translation (GO:0002181)
GO:0042274,0.8229261839887507,2.793375224631913,0.0,9.36%,NOP58;RPS11;NOL7;RPS7;RPS28;RPS19;RPS9;RPS3A;NAT10;RPS13;WDR43;RPS14;RPS15A;RPS25;RPS17;RPS23;RPS16,GO_Biological_Process_2025__Ribosomal Small Subunit Biogenesis (GO:0042274)
GO:0042254,0.692547170114527,2.7037461839306545,0.0,4.39%,NOP58;RPL14;RPS11;NOL7;RPS7;RPL7;RPS28;RPS19;RPS9;RPS3A;RPL27;RPL5;NAT10;XRN2;RPS13;WDR43;RPS14;NOP2;RPS15A;RPS25,GO_Biological_Process_2025__Ribosome Biogenesis (GO:0042254)
GO:0006364,0.7776579758825332,2.6847920558396123,0.0,6.21%,NOP58;RPL14;NOL7;RPS7;RPL7;RPS28;RPS19;RPL7A;RPL27;RPL5;NAT10;XRN2;RPS14;NOP2;RPS25;RPS17,GO_Biological_Process_2025__rRNA Processing (GO:0006364)
GO:0022613,0.7493027248125057,2.675608928895148,0.0,4.39%,NOP58;RPL14;RPS11;NOL7;RPS7;RPL7;RPS28;RPS19;RPS9;RPS3A;RPL5;NAT10;RPS13;WDR43;RPS14;NOP2;RPS15A;RPS25,GO_Biological_Process_2025__Ribonucleoprotein Complex Biogenesis (GO:0022613)
GO:0006396,0.5970768782232552,2.6653697935218776,0.0,8.24%,NOP58;EXOSC6;RPL14;SRSF1;RPS7;SF3B2;RPL7;RPS28;RPS19;SSB;SNRPF;HNRNPA2B1;RPL27;RPL5;FUS;SF3B1;XRN2;HNRNPL;KHSRP;SNRPD2;NOP2;HNRNPC;RBM8A;RPS25;NOL3;SF3B3;PABPC4;RPS17;PRPF8;SFPQ;HNRNPD;HNRNPA0,GO_Biological_Process_2025__RNA Processing (GO:0006396)
GO:0006397,0.6549939114379056,2.5949918619918586,0.0,8.53%,SRSF1;CWC15;SNRPB2;SF1;SF3B2;PNN;DDX5;SNRPF;HNRNPA2B1;HNRNPM;RBMX;SF3B1;SNRPD2;HNRNPC;RBM8A;GPKOW;SF3B3;RALY;CPSF7;PRPF8;LSM8;SRRM2;SFPQ;HNRNPA0;DDX46,GO_Biological_Process_2025__mRNA Processing (GO:0006397)
GO:0009059,0.5706072364840072,2.572550364569477,0.0,8.22%,RPL18;RPL14;RPS11;RPL35;RPS7;RPL7;RPS28;RPS19;MRRF;RPL29;RPS9;RPL7A;EXT2;RPS3A;RPL23;RPL27;RPL6;RPL5;RPS18;RPS13;RPL28;RPL27A;RPS14;RPL23A;RPS15A;RPS25;RPL19;RPL31;EEF1A2;PABPC4;RPS3;RPL3;RPS20;RPS17;MRPL18;RPS23;EEF2;RPL12,GO_Biological_Process_2025__Macromolecule Biosynthetic Process (GO:0009059)
GO:0006412,0.5530258466732437,2.5687536736738594,0.0,8.41%,RPL18;RPL14;RPS11;RPL35;RPS7;RPL7;RPS28;RPS19;MRRF;RPL29;RPS9;RPL7A;MRPL19;MRPL49;RPS3A;RPL23;RPL27;RPL6;RPL5;RPS18;RPS13;RPL28;RPL27A;RPS14;RPL23A;RPS15A;RPS25;RPL19;RPL31;EEF1A2;PABPC4;RPS3;RPL3;RPS20;RPS17;MRPL18;RPS23;EEF2;RPL12;RACK1,GO_Biological_Process_2025__Translation (GO:0006412)
GO:0016072,0.7685889662356356,2.5446879861833125,0.0,6.21%,NOP58;EXOSC6;RPL14;RPS7;RPL7;RPS28;RPS19;RPL27;RPL5;XRN2;NOP2;RPS25;RPS17,GO_Biological_Process_2025__rRNA Metabolic Process (GO:0016072)
GO:0000398,0.6270108618124509,2.538303490669741,0.0,7.33%,PUF60;SRSF1;CWC15;SNRPB2;SF1;SF3B2;PNN;DDX5;SNRPF;DHX9;HNRNPA2B1;HNRNPM;RBMX;SF3B1;SNRPD2;HNRNPC;RBM8A;GPKOW;SF3B3;RALY;PRPF8;LSM8;SRRM2;SFPQ,"GO_Biological_Process_2025__mRNA Splicing, via Spliceosome (GO:0000398)"
GO:0000381,0.8238856463190206,2.427623812237932,0.0,4.35%,PUF60;DDX5;RBMX;SAP18;THRAP3;HNRNPL;RBM8A,"GO_Biological_Process_2025__Regulation of Alternative mRNA Splicing, via Spliceosome (GO:0000381)"
GO:0010467,0.5027824766402949,2.3635849485353497,0.0003305357594946,8.22%,EXOSC6;RPL18;CHTOP;RPL14;RPS11;RPL35;RPS7;RPL7;RPS28;RPS19;MRRF;RPL29;RPS9;RPL7A;HNRNPA2B1;RPS3A;RPL23;RPL27;RPL6;RPL5;RPS18;XRN2;RPS13;RPL28;HNRNPL;RPL27A;RPS14;RPL23A;RPS15A;RBM8A;RPS25;TPR;RPL19;RPL31;SARNP;EEF1A2;PABPC4;PTMA;RPS3;RPL3;RPS20;GALNT2;RPS17;CISD1;MRPL18;RPS23;HNRNPD;RPL12,GO_Biological_Process_2025__Gene Expression (GO:0010467)
GO:1903241,0.8689687844592161,2.255036654529796,0.0024393539050707,10.96%,SNRPB2;SF3B2;SNRPF;SF3B1;SNRPD2;SF3B3;DDX46;SF3A2,GO_Biological_Process_2025__U2-type Prespliceosome Assembly (GO:1903241)
GO:0051053,0.8103726045883695,2.2032614647564266,0.0044763985714421,5.41%,SUB1;H1-10;H1-0;H1-5;XRCC5;RPS3,GO_Biological_Process_2025__Negative Regulation of DNA Metabolic Process (GO:0051053)
GO:0045739,0.7370338859999971,2.200159787956044,0.0043811012485748,7.04%,PARP1;TRIM28;DHX9;RAD50;SMARCD2;RPS3;MRE11,GO_Biological_Process_2025__Positive Regulation of DNA Repair (GO:0045739)
GO:0000018,0.8664289781089844,2.1945655302359146,0.0043975627132769,7.04%,H1-10;RAD50;H1-0;H1-5;IL7R;MRE11,GO_Biological_Process_2025__Regulation of DNA Recombination (GO:0000018)
GO:0006282,0.713922177417622,2.187271593879511,0.0046605542088749,5.41%,PARP1;TRIM28;DHX9;SMARCD2;SF3B3;RPS3,GO_Biological_Process_2025__Regulation of DNA Repair (GO:0006282)
GO:0030490,0.8247734776455633,2.173826779799886,0.0052832835797628,4.08%,NOL7;RPS28;RPS19;NAT10;WDR43;RPS14,GO_Biological_Process_2025__Maturation of SSU-rRNA (GO:0030490)
GO:0000380,0.8488539930937384,2.166132435573403,0.005675044732247,7.33%,PUF60;SRSF1;DDX5;DHX9;HNRNPM;SFPQ,"GO_Biological_Process_2025__Alternative mRNA Splicing, via Spliceosome (GO:0000380)"
GO:0006376,0.8770582379454941,2.132955757594573,0.0080210010970708,4.76%,PUF60;SRSF1;SF1;NOL3,GO_Biological_Process_2025__mRNA Splice Site Recognition (GO:0006376)
GO:0042273,0.8547237936074761,2.113961517701632,0.0102843840597057,4.27%,RPL14;RPL7;RPL7A;RPL5;NOP2,GO_Biological_Process_2025__Ribosomal Large Subunit Biogenesis (GO:0042273)
GO:0000245,0.7240717320512191,2.1101031003768287,0.0103400703797782,5.07%,PUF60;SRSF1;SNRPB2;SF1;SF3B2;SNRPF;SF3B1;SNRPD2;NOL3;SF3B3,GO_Biological_Process_2025__Spliceosomal Complex Assembly (GO:0000245)
GO:0030261,0.9227204773706048,2.08261474974375,0.0138825018987763,5.32%,RAB33B;H1-10;H1-0;H1-5;CHMP1A,GO_Biological_Process_2025__Chromosome Condensation (GO:0030261)
GO:0001911,0.7562226886450125,2.0326275887761285,0.0264087409392391,0.21%,LGALS9;HLA-F,GO_Biological_Process_2025__Negative Regulation of Leukocyte Mediated Cytotoxicity (GO:0001911)
GO:0000470,0.9122538078287727,2.0163855657210785,0.0304175532674975,4.27%,RPL35;RPL7;RPL7A;NOP2,GO_Biological_Process_2025__Maturation of LSU-rRNA (GO:0000470)
GO:0045953,0.6994312176560931,2.011700720502436,0.0310102639816823,0.21%,LGALS9;HLA-F,GO_Biological_Process_2025__Negative Regulation of Natural Killer Cell Mediated Cytotoxicity (GO:0045953)
GO:0007004,0.8181989204922018,1.992913998077416,0.0368547371836563,8.20%,TNKS1BP1;RAD50;XRCC5;MRE11;PTGES3,GO_Biological_Process_2025__Telomere Maintenance via Telomerase (GO:0007004)
GO:0010833,0.8181989204922018,1.992913998077416,0.0368547371836563,8.20%,TNKS1BP1;RAD50;XRCC5;MRE11;PTGES3,GO_Biological_Process_2025__Telomere Maintenance via Telomere Lengthening (GO:0010833)
GO:0006278,0.8181989204922018,1.992913998077416,0.0368547371836563,8.20%,TNKS1BP1;RAD50;XRCC5;MRE11;PTGES3,GO_Biological_Process_2025__RNA-templated DNA Biosynthetic Process (GO:0006278)
GO:0002286,0.8014783129373858,1.9837493135692008,0.0405218974342662,0.52%,SEMA6D,GO_Biological_Process_2025__T Cell Activation Involved in Immune Response (GO:0002286)
GO:0002716,0.7607321342514113,1.9800205312856447,0.0410838552432961,0.21%,LGALS9;HLA-F,GO_Biological_Process_2025__Negative Regulation of Natural Killer Cell Mediated Immunity (GO:0002716)
GO:0006661,-0.6568351043988047,-1.978739782687868,0.0187907895357136,28.07%,INPP5K;PIGG;PTEN;MTMR6;SLC30A5;IP6K1;PIKFYVE;INPPL1;PIK3CB;TTC7B;INPP4B;INPP5D;MTMR14;PI4K2A;PIK3R1;VAC14;PIGN;SYNJ1;MBOAT7;PI4KA;EFR3A;CDIPT;OCRL;MTMR2;PIP4K2C;DPM1;PIK3C3;PIK3C2A;SACM1L;PIP5K1C;PIK3CG;PIK3CA;PLCG2,GO_Biological_Process_2025__Phosphatidylinositol Biosynthetic Process (GO:0006661)
GO:2001252,0.7984459715427248,1.971925748061569,0.0439358301851384,9.94%,RAB33B;RAD50;MRE11;MAP3K4,GO_Biological_Process_2025__Positive Regulation of Chromosome Organization (GO:2001252)
GO:0038166,0.8956455025649378,1.9694119864730453,0.0440868596013998,0.06%,ACTN2,GO_Biological_Process_2025__Angiotensin-Activated Signaling Pathway (GO:0038166)
GO:0042269,0.6209042744260882,1.949895726490894,0.0539821328189353,0.21%,LGALS9;HLA-F,GO_Biological_Process_2025__Regulation of Natural Killer Cell Mediated Cytotoxicity (GO:0042269)
GO:2001198,0.8329220650863145,1.934691003166568,0.0627545749097748,10.71%,LGALS9;LILRB2;LGALS1,GO_Biological_Process_2025__Regulation of Dendritic Cell Differentiation (GO:2001198)
GO:0050773,0.6748888140067629,1.9248946891764347,0.0681856837446877,6.59%,LRP8;SEZ6;BMP7;KIAA0319;SEMA4D,GO_Biological_Process_2025__Regulation of Dendrite Development (GO:0050773)
GO:0075294,0.7724412854742059,1.917180937218441,0.0707346525318606,12.12%,LGALS9;LGALS1;SMPD1,GO_Biological_Process_2025__Positive Regulation by Symbiont of Entry Into Host (GO:0075294)
GO:0046598,0.7724412854742059,1.917180937218441,0.0707346525318606,12.12%,LGALS9;LGALS1;SMPD1,GO_Biological_Process_2025__Positive Regulation of Viral Entry Into Host Cell (GO:0046598)
GO:0048024,0.5743708475321679,1.9098274643227693,0.0743964139022625,4.35%,PUF60;SF1;DDX5;RBMX;SAP18;THRAP3;HNRNPL;RBM8A,"GO_Biological_Process_2025__Regulation of mRNA Splicing, via Spliceosome (GO:0048024)"
GO:0045229,0.4910232036133049,1.9090501570421363,0.072139429509713,16.38%,COL2A1;MMP23B;COL28A1;CCDC80;ATP7A;COL5A3;APLP1;ADAMTS5;COL1A2;COL18A1;SPINT1;MATN2;ADAMTS8;COL3A1;ADAMTS2;MMP2,GO_Biological_Process_2025__External Encapsulating Structure Organization (GO:0045229)
GO:0043062,0.4910232036133049,1.9090501570421363,0.072139429509713,16.38%,COL2A1;MMP23B;COL28A1;CCDC80;ATP7A;COL5A3;APLP1;ADAMTS5;COL1A2;COL18A1;SPINT1;MATN2;ADAMTS8;COL3A1;ADAMTS2;MMP2,GO_Biological_Process_2025__Extracellular Structure Organization (GO:0043062)
GO:0051898,-0.7425057795033104,-1.89375632543486,0.0826794739571401,15.60%,INPP5K;PTEN;TREM2;TSC2;FLCN;PIK3CB;PDCD6;STAMBP,GO_Biological_Process_2025__- Reg of Phosphatidylinositol 3-Kinase/Prot Kinase B Signal Transduction (GO:0051898)
GO:2000516,0.8113223039285624,1.8878826247946645,0.089608918961781,6.65%,LGALS9;HLA-DRB3;CD81,"GO_Biological_Process_2025__Positive Regulation of CD4-positive, Alpha-Beta T Cell Activation (GO:2000516)"
GO:0055001,0.8395195733824407,1.8742907941240248,0.0998588193724554,9.96%,ACTN2;BIN1;EFEMP2,GO_Biological_Process_2025__Muscle Cell Development (GO:0055001)
GO:2001026,0.8156693795742946,1.869503323579293,0.1031971527702318,0.19%,TMSB4X,GO_Biological_Process_2025__Regulation of Endothelial Cell Chemotaxis (GO:2001026)
GO:0034341,0.580176641685805,1.8609570775641249,0.1099997581770627,0.27%,LGALS9;DNAJA3,GO_Biological_Process_2025__Response to Type II Interferon (GO:0034341)
GO:0032753,0.7839349415195903,1.8573644151102424,0.1097158364349327,0.04%,LGALS9,GO_Biological_Process_2025__Positive Regulation of Interleukin-4 Production (GO:0032753)
GO:0071635,0.7913728743260057,1.8548287661195904,0.1100143202419915,20.96%,FBLN1;TYROBP;TSKU;FN1;LILRB1;FURIN,GO_Biological_Process_2025__Negative Regulation of Transforming Growth Factor Beta Production (GO:0071635)
GO:0048705,0.7165574891834577,1.85465855464371,0.1081135249912871,3.11%,RAB33B;LAMA5;FGFR3,GO_Biological_Process_2025__Skeletal System Morphogenesis (GO:0048705)
GO:0000375,0.8603558924614942,1.8479081726094249,0.1135860042575072,6.96%,SF3B1;KHSRP;SF3B3;PRPF8,"GO_Biological_Process_2025__RNA Splicing, via Transesterification Reactions (GO:0000375)"
GO:0045071,-0.7102913100087809,-1.846882652986032,0.1500131364601141,4.43%,INPP5K;SRPK2;EIF2AK2;APOBEC3C;ISG15;IFIT5,GO_Biological_Process_2025__Negative Regulation of Viral Genome Replication (GO:0045071)
GO:0001867,0.7726612735946898,1.841533253474253,0.1178644927218773,22.85%,MBL2;FCN2;MASP1;FCN3;FCN1;COLEC11;MASP2,"GO_Biological_Process_2025__Complement Activation, Lectin Pathway (GO:0001867)"
GO:2001028,0.8898210202026856,1.8365491113759973,0.1217962648426788,0.19%,TMSB4X,GO_Biological_Process_2025__Positive Regulation of Endothelial Cell Chemotaxis (GO:2001028)
GO:0045292,0.8479842680213701,1.835319222960038,0.1210355844117603,0.75%,SRSF1;CWC15,"GO_Biological_Process_2025__mRNA Cis Splicing, via Spliceosome (GO:0045292)"
GO:0032774,0.5471567661267215,1.8265132710355296,0.128726880604251,14.98%,EXOSC6;XRN2;HNRNPL;PABPC4;PTMA;HNRNPD;HNRNPU;HNRNPH3;HNRNPF;HNRNPDL;CELF2,GO_Biological_Process_2025__RNA Biosynthetic Process (GO:0032774)
GO:0030225,0.7181778856821774,1.823448462874388,0.1300668876055404,14.40%,PARP1;CSF1;NPM1;CSF1R,GO_Biological_Process_2025__Macrophage Differentiation (GO:0030225)
GO:0006972,0.7965658366689762,1.8187003164891475,0.1338008754434447,6.67%,ICOSLG;EPX;YBX3,GO_Biological_Process_2025__Hyperosmotic Response (GO:0006972)
GO:0007160,0.4230862483781659,1.8118472880693148,0.1397050704474184,9.47%,ACTN2;ITGAE;PKD1;ITGAX;THBS3;ITGA4;FERMT2;ITGA9;THSD1;ITGA11;BCAM;CD96,GO_Biological_Process_2025__Cell-Matrix Adhesion (GO:0007160)
GO:0098742,0.4264194530308675,1.8013671720004436,0.1492170632662764,15.97%,PCDHB2;PKD1;SDK2;CD209;CELSR2;HMCN2;CD6;PTPRS;FAT2;SDK1;PCDHB14;CDH10;PTK7;SELE;CDH4;CDH15;ITGB2;CADM1;DCHS1;L1CAM;CADM2;CDH23;CDH19;LRRC4;PCDHGC3;CBLN1;PVR;SELL;FAT4,GO_Biological_Process_2025__Cell-Cell Adhesion via Plasma-Membrane Adhesion Molecules (GO:0098742)
GO:0002478,0.5952652884974103,1.8006247830422102,0.147857659833591,2.84%,HLA-F;HLA-DRB3;CTSL,GO_Biological_Process_2025__Antigen Processing and Presentation of Exogenous Peptide Antigen (GO:0002478)
GO:0007157,0.5689295021207299,1.7967799610102504,0.1500731015496722,17.19%,CD209;CD6;SELE;CADM1;DCHS1;CBLN1;PVR;SELL;FAT4;ITGAL;SELENOP,GO_Biological_Process_2025__Heterophilic Cell-Cell Adhesion via Plasma Membrane Cell Adhesion Molecules (GO:0007157)
GO:0031670,-0.8739455316765772,-1.7960833213680043,0.2903176983267761,7.35%,PDK2;MTOR;PRMT1;RPS6KB1,GO_Biological_Process_2025__Cellular Response to Nutrient (GO:0031670)
GO:0002699,0.575138582223962,1.7958808941478814,0.1489860771002295,20.88%,LGALS9;RPS19;CD81;MBL2;FCN2;FCN3;CFP;HLA-DRB1;FCN1;COLEC10;LILRB1;COLEC11,GO_Biological_Process_2025__Positive Regulation of Immune Effector Process (GO:0002699)
GO:0071637,0.8462156487813088,1.7952996467712985,0.1477581071661069,4.74%,LGALS9;C1QTNF3,GO_Biological_Process_2025__Regulation of Monocyte Chemotactic Protein-1 Production (GO:0071637)
GO:0046488,-0.6159515827381364,-1.7919213131607994,0.2516086718832059,28.07%,INPP5K;PTEN;MTMR6;PIKFYVE;INPPL1;INPP4B;INPP5D;MTMR14;PI4K2A;VAC14;MTMR9;SYNJ1;MBOAT7;PI4KA;CDIPT;OCRL;PLCB4;MTMR2;PLCB3;PLCB1;MTMR12;PIK3C2A;SACM1L;INPP5B;PIP5K1C;PLCG2,GO_Biological_Process_2025__Phosphatidylinositol Metabolic Process (GO:0046488)
GO:0051276,0.8171683199439151,1.7917284242036706,0.1504239909823741,8.80%,H1-10;H1-0;H1-5;NAA10,GO_Biological_Process_2025__Chromosome Organization (GO:0051276)
GO:0050775,0.7440011369797,1.7893177483097031,0.1511377088006021,0.17%,LRP8,GO_Biological_Process_2025__Positive Regulation of Dendrite Morphogenesis (GO:0050775)
GO:0008380,0.5254264198084259,1.7797253767693173,0.1613840845732754,7.33%,SF3B2;SNRPF;FUS;SF3B1;KHSRP;SNRPD2;HNRNPC;RBM8A;NOL3;SF3B3;PRPF8;SFPQ,GO_Biological_Process_2025__RNA Splicing (GO:0008380)
GO:0006665,-0.6945937663415612,-1.7756411738982198,0.291570417629157,14.21%,KDSR;ELOVL7;MFSD2B;PLA2G15;TEX2;ABCC1;HACD4;SPTLC1;SPHK1,GO_Biological_Process_2025__Sphingolipid Metabolic Process (GO:0006665)
GO:0033119,0.7925392445493424,1.7747289079880897,0.1660684101895113,3.40%,RBMX;SAP18;RPS13,GO_Biological_Process_2025__Negative Regulation of RNA Splicing (GO:0033119)
GO:0031297,0.8273060346735766,1.7741583422458018,0.1645156875595148,8.35%,PARP1;RAD50;MRE11;NUCKS1,GO_Biological_Process_2025__Replication Fork Processing (GO:0031297)
GO:0046006,0.5888046617025937,1.7702258129738804,0.1670342628460774,0.10%,LGALS9;ICOSLG,GO_Biological_Process_2025__Regulation of Activated T Cell Proliferation (GO:0046006)
GO:2000767,0.6758882175799376,1.7609901066103804,0.176375620928251,11.10%,DHX9;YBX1;YBX3;HNRNPD;HNRNPU,GO_Biological_Process_2025__Positive Regulation of Cytoplasmic Translation (GO:2000767)
GO:0046641,0.6438490156810825,1.754026633270492,0.1838671698608253,8.10%,LGALS9;RASAL3;CD81;CD55,GO_Biological_Process_2025__Positive Regulation of Alpha-Beta T Cell Proliferation (GO:0046641)
GO:0030514,0.656217562798422,1.7503918867281572,0.1872001986811922,34.53%,CHRDL2;VWC2;FBN1;NOTCH1;FSTL3;RBPMS2;SORL1;CHRDL1;SPART;TNFAIP6;CHRD,GO_Biological_Process_2025__Negative Regulation of BMP Signaling Pathway (GO:0030514)
GO:1903902,0.5763082381095623,1.7474602668802677,0.1890781696224303,2.26%,LGALS9;CD209,GO_Biological_Process_2025__Positive Regulation of Viral Life Cycle (GO:1903902)
GO:2000668,0.8429939241185921,1.7465022644762085,0.1880682364372806,0.04%,LGALS9,GO_Biological_Process_2025__Regulation of Dendritic Cell Apoptotic Process (GO:2000668)
GO:0000462,0.807661753002766,1.7389701375869102,0.1971021460062251,9.36%,RPS19;WDR43;RPS16,GO_Biological_Process_2025__Maturation of SSU-rRNA Frm Tricistronic rRNA Trnscpt (GO:0000462)
GO:0061003,0.8040248171379151,1.7386348364941435,0.1951773350577097,0.17%,LRP8,GO_Biological_Process_2025__Positive Regulation of Dendritic Spine Morphogenesis (GO:0061003)
GO:0031507,0.6239766678803441,1.735594401490174,0.1969117007707679,11.10%,H1-0;CBX1;CBX3;HNRNPU,GO_Biological_Process_2025__Heterochromatin Formation (GO:0031507)
GO:0048525,-0.6191178351110196,-1.7320286153305895,0.5311082442344213,4.43%,SRPK2;EIF2AK2;HEXIM1;APOBEC3C;UBP1;ISG15;IFIT5,GO_Biological_Process_2025__Negative Regulation of Viral Process (GO:0048525)
GO:0002573,0.5290303562044146,1.730523753259012,0.2019337393541401,14.40%,LGALS9;PARP1;PDE2A;KIT;CSF1;NPM1;PRTN3;CLSTN1;CSF1R,GO_Biological_Process_2025__Myeloid Leukocyte Differentiation (GO:0002573)
GO:0006405,0.55218667568078,1.7229319002502037,0.2108133742121077,4.78%,CHTOP;SSB;HNRNPA2B1;RBM8A;TPR;SARNP,GO_Biological_Process_2025__RNA Export From Nucleus (GO:0006405)
GO:0032330,0.8081891279518821,1.7094289873332142,0.2270985827855005,0.41%,TRPS1,GO_Biological_Process_2025__Regulation of Chondrocyte Differentiation (GO:0032330)
GO:0007030,-0.527499425015564,-1.706464816675605,0.6863335877919416,29.60%,ATL2;GOLPH3;COG2;TRIP11;YIPF4;VPS51;VTI1A;TRAPPC11;RAB2B;SURF4;BET1;COG5;OPTN;BAG5;PI4K2A;ARHGAP21;YIPF5;COG1;SLC6A4;GOLGA2;CLASP1;HUWE1;TRAPPC12;COG8;VTI1B;LMAN1;STX5;NPLOC4;COG4;ARFGEF1;ZW10;MYO18A;COG6;VMP1;TRAPPC8;TMED10;ARHGEF7,GO_Biological_Process_2025__Golgi Organization (GO:0007030)
GO:0050870,0.4310286947515251,1.706047956573312,0.2295075046051281,7.27%,LGALS9;CD209;HLA-DRB3;SMARCD2;CD6;CD81;CD276;LCK,GO_Biological_Process_2025__Positive Regulation of T Cell Activation (GO:0050870)
GO:2000765,0.6384544837293762,1.694599461223679,0.2409076829500995,11.10%,DHX9;YBX1;YBX3;HNRNPD;HNRNPU,GO_Biological_Process_2025__Regulation of Cytoplasmic Translation (GO:2000765)
GO:0060586,0.7653425060367162,1.6912317952815168,0.2439746189268789,17.85%,TFR2;TFRC;HEPH;NEO1,GO_Biological_Process_2025__Multicellular Organismal-Level Iron Ion Homeostasis (GO:0060586)
GO:0022618,0.4067991285107187,1.6830185892843026,0.2522520967137109,4.76%,PUF60;SRSF1;SF1;RPS28;RPS19;SNRPF;DHX9;RPL5;SF3B1;RPS14;SNRPD2;NOP2;XRCC5;NOL3,GO_Biological_Process_2025__protein-RNA Complex Assembly (GO:0022618)
GO:0030239,0.5777369973528832,1.6779363662143896,0.2585942998068729,13.34%,ACTN2;FLNC;TMOD1;PDGFRA,GO_Biological_Process_2025__Myofibril Assembly (GO:0030239)
GO:0032200,0.5514190087568864,1.677150219282665,0.257275117895519,8.20%,PARP1;RAD50;XRCC5;MRE11;PTGES3,GO_Biological_Process_2025__Telomere Organization (GO:0032200)
GO:0051017,0.5497707705061751,1.6757241052430196,0.2569502360371736,10.87%,EZR;ADD2;BAIAP2;PDXP;LIMD2,GO_Biological_Process_2025__Actin Filament Bundle Assembly (GO:0051017)
GO:0050866,-0.8228916669473013,-1.675685818767518,0.8781875489515781,5.61%,PDGFB;TREM2;THBD,GO_Biological_Process_2025__Negative Regulation of Cell Activation (GO:0050866)
GO:0070633,-0.8895664992897603,-1.6756133683882397,0.7992918567054932,8.76%,CLCN7;ABCC1;SLC12A2,GO_Biological_Process_2025__Transepithelial Transport (GO:0070633)
GO:0015908,0.5953453002169959,1.6712723011628765,0.2617229849870935,0.37%,CRABP2;FABP4,GO_Biological_Process_2025__Fatty Acid Transport (GO:0015908)
GO:2000425,0.7867565544939108,1.6685379442241968,0.2634842197114701,4.29%,HNRNPC,GO_Biological_Process_2025__Regulation of Apoptotic Cell Clearance (GO:2000425)
GO:0062012,-0.701430865305372,-1.664765923840914,0.863828253948037,4.64%,PDK2;MLYCD;EPHX2;PDK3,GO_Biological_Process_2025__Regulation of Small Molecule Metabolic Process (GO:0062012)
GO:2000737,0.8037703453689349,1.6635488553721285,0.2686113873886186,11.10%,TMSB4X;JAG1;HNRNPU,GO_Biological_Process_2025__Negative Regulation of Stem Cell Differentiation (GO:2000737)
GO:0046474,-0.5281444042287297,-1.658665075147684,0.8044471220164275,28.07%,INPP5K;PTEN;MTMR6;PIKFYVE;LPCAT1;DGKZ;INPPL1;INPP4B;INPP5D;MTMR14;PCYT1B;PI4K2A;GNPAT;VAC14;SYNJ1;MBOAT7;PI4KA;AGPAT1;CDIPT;OCRL;AGPAT3;ABHD4;MTMR2;PLA2G4A;DGKD;CDS2;PIK3C2A;DGKA;SACM1L;PIP5K1C;PLCG2,GO_Biological_Process_2025__Glycerophospholipid Biosynthetic Process (GO:0046474)
GO:0019222,-0.8458820656112245,-1.656944889714494,0.7699212832433079,9.57%,PDK2;PDK3;RAC2,GO_Biological_Process_2025__Regulation of Metabolic Process (GO:0019222)
GO:0030517,0.7203518279622284,1.656878323271311,0.2777293665578063,9.13%,SEMA6D;PTPRS;KIAA0319;DIP2B,GO_Biological_Process_2025__Negative Regulation of Axon Extension (GO:0030517)
GO:0032206,0.5816457863471356,1.65670090958496,0.2753094520825515,9.94%,HNRNPA2B1;RAD50;MRE11;HNRNPD;MAP3K4,GO_Biological_Process_2025__Positive Regulation of Telomere Maintenance (GO:0032206)
GO:0034198,-0.6580530532380957,-1.652824500169746,0.7646089704516489,4.58%,IMPACT;EIF2AK2;MTOR;SEH1L;FLCN,GO_Biological_Process_2025__Cellular Response to Amino Acid Starvation (GO:0034198)
GO:0006406,0.5455751921094663,1.6488573261940995,0.2856295600753285,4.78%,CHTOP;HNRNPA2B1;RBM8A;TPR;SARNP,GO_Biological_Process_2025__mRNA Export From Nucleus (GO:0006406)
GO:0046467,-0.6807970420164362,-1.6486161037705558,0.7191130762042421,14.21%,KDSR;ELOVL7;MFSD2B;ST3GAL4;HACD4;SPTLC1;SPHK1,GO_Biological_Process_2025__Membrane Lipid Biosynthetic Process (GO:0046467)
GO:0007159,0.4879280320388031,1.648225654370605,0.2839308592229352,17.19%,CD209;EZR;SEMA4D;ITGA4;SELE;TNIP1;ITGB2;CCL5;MSN;SELL;ITGAL;SELENOP,GO_Biological_Process_2025__Leukocyte Cell-Cell Adhesion (GO:0007159)
GO:0035336,-0.77394528236961,-1.6422689874475185,0.7050774003538159,8.89%,ELOVL7;ACSL5;ACSF3;ACSL3;ACSL1,GO_Biological_Process_2025__Long-Chain fatty-acyl-CoA Metabolic Process (GO:0035336)
GO:0000723,0.5290199997861579,1.637305749013591,0.300376914023552,8.20%,PARP1;RAD50;XRCC5;MRE11;PTGES3,GO_Biological_Process_2025__Telomere Maintenance (GO:0000723)
GO:0006109,-0.8248967922858358,-1.636241767465478,0.7285904942597549,4.64%,PDK2;MLYCD;PDK3,GO_Biological_Process_2025__Regulation of Carbohydrate Metabolic Process (GO:0006109)
GO:0015740,-0.8449727654748052,-1.6352309088889505,0.7047827266088242,12.24%,LRRC8C;LRRC8D;SLC25A13;SLC25A12,GO_Biological_Process_2025__C4-dicarboxylate Transport (GO:0015740)
GO:0007219,-0.712159556266523,-1.6330688938351798,0.6929307889006758,12.30%,PSEN2;DTX3L;MIB1;POFUT1;GMDS,GO_Biological_Process_2025__Notch Signaling Pathway (GO:0007219)
GO:0016311,-0.5523341381541969,-1.632947045553953,0.6651548020860644,6.79%,INPP5K;PTEN;MTMR6;PPP2R2A;PLPP6;EPHX2;SBF1,GO_Biological_Process_2025__Dephosphorylation (GO:0016311)
GO:0032682,0.7984235683603834,1.6328743691759111,0.3055170356645816,4.74%,LGALS9;C1QTNF3,GO_Biological_Process_2025__Negative Regulation of Chemokine Production (GO:0032682)
GO:0070371,0.6572827959397476,1.6327987525157308,0.3027919598779208,0.04%,LGALS9,GO_Biological_Process_2025__ERK1 and ERK2 Cascade (GO:0070371)
GO:0043302,0.7042412245883947,1.6304475185660705,0.304399339364465,0.21%,HLA-F,GO_Biological_Process_2025__Positive Regulation of Leukocyte Degranulation (GO:0043302)
GO:0002683,-0.6241716796053881,-1.629678014293395,0.6660959074619781,6.21%,WDR41;TARBP2;TREM2;OTUD4;IRAK3,GO_Biological_Process_2025__Negative Regulation of Immune System Process (GO:0002683)
GO:0035338,-0.8050294896851868,-1.6291485391892448,0.6444879449412562,8.89%,ELOVL7;ACSL5;ACSF3;ACSL3;ACSL1,GO_Biological_Process_2025__Long-Chain fatty-acyl-CoA Biosynthetic Process (GO:0035338)
GO:0098916,0.4840867592821203,1.62861063978857,0.3044895416464953,11.74%,SNCG;PCDHB2;CHRNE;RPS6KA1;PCDHB14;SDCBP;NPTX1,GO_Biological_Process_2025__Anterograde Trans-Synaptic Signaling (GO:0098916)
GO:0000724,0.6259805814354553,1.6270934493421192,0.3047418405014491,8.35%,MCM6;RAD50;MRE11;SFPQ;NUCKS1,GO_Biological_Process_2025__Double-Strand Break Repair via Homologous Recombination (GO:0000724)
GO:0001501,0.3904371552664648,1.6263030513721934,0.3034534622840065,9.73%,RAB33B;TRPS1;LAMA5;PKD1;COL2A1;FGFR3;BMP7;ATP7A;COMP;MYOC;BCAN;OGN;COL1A2;COL18A1,GO_Biological_Process_2025__Skeletal System Development (GO:0001501)
GO:1990928,-0.652747767487957,-1.6223988009667316,0.6538188108988944,4.58%,IMPACT;EIF2AK2;MTOR;SEH1L;FLCN,GO_Biological_Process_2025__Response to Amino Acid Starvation (GO:1990928)
GO:1903214,-0.6551691839275213,-1.6216489682543918,0.6365541944787967,23.09%,HTRA2;VPS11;GSK3A;RAC2;RNF31;HUWE1;CSNK2A2;SH3GLB1;LMAN1;UBE2L3,GO_Biological_Process_2025__Regulation of Protein Targeting to Mitochondrion (GO:1903214)
GO:2000648,0.6822384484373967,1.6213960351999903,0.3101425964737447,11.10%,EPCAM;FERMT2;HNRNPU,GO_Biological_Process_2025__Positive Regulation of Stem Cell Proliferation (GO:2000648)
GO:0032673,0.6339624254665864,1.62019544503396,0.3094027196144126,0.04%,LGALS9,GO_Biological_Process_2025__Regulation of Interleukin-4 Production (GO:0032673)
GO:0046854,-0.6319782085933335,-1.618364771012659,0.6420499604527764,27.82%,IP6K1;PIK3CB;TTC7B;PIK3R4;BECN1;PI4K2A;PIK3R1;PI4KA;EFR3A;PIP4K2C;PIK3C3;PIK3C2A;PIP5K1C;PIK3CG;PIK3CA,GO_Biological_Process_2025__Phosphatidylinositol Phosphate Biosynthetic Process (GO:0046854)
GO:1900152,0.7261068430754597,1.6170025400766914,0.3126248164633678,11.10%,DHX9;YBX1;HNRNPD;HNRNPU,"GO_Biological_Process_2025__- Reg of Nuclear-Transcribed mRNA Cat Proc, Deadenylation-Dep Decay (GO:1900152)"
GO:0010906,-0.6994220543772086,-1.616930593396669,0.6128146237334618,6.01%,PDK2;MLYCD;OGT;PDK3;IRS1,GO_Biological_Process_2025__Regulation of Glucose Metabolic Process (GO:0010906)
GO:0016101,0.6966169985233083,1.6159370344479376,0.3120014016964848,2.59%,LRP8;RARRES2,GO_Biological_Process_2025__Diterpenoid Metabolic Process (GO:0016101)
GO:0006893,-0.5483725930919648,-1.6140663796049195,0.6145442304975447,25.85%,GOLPH3;EXOC6B;KIF13A;EXOC5;CCDC22;RABEP1;ARFGEF2;OPTN;EXOC1;GGA3;VPS35L;STXBP5;EXOC2;RAB11A;MACF1;GOLGA7;RAB31;CCDC93;EXOC6;GGA1,GO_Biological_Process_2025__Golgi to Plasma Membrane Transport (GO:0006893)
GO:0019538,0.3167688126258914,1.6127789062019515,0.3148965318897851,8.22%,LRP8;RPL18;PARP1;RPL14;RPS11;RPL35;RPS7;RPL7;RPS28;RPS19;MRRF;CLN5;RPL29;RPS9;RPL7A;MTTP;RPS3A;RPL23;RPL27;RPL6;RPL5;PAPPA;FUS;RPS18;CTSL;LRSAM1;USP9X;RPS13;RPL28;RPL27A;RPS14;RPL23A;RPS15A;RPS25;RPL19;RPL31;NEDD8;EEF1A2;PABPC4;RPS3;RPL3;RPS20;MANBA;GALNT2;CNDP1;RPS17;CISD1;MRPL18;LOX;ACAN;RPS23;CTSZ;RPL12,GO_Biological_Process_2025__Protein Metabolic Process (GO:0019538)
GO:0015810,-0.8741225904498151,-1.6118997279550815,0.6132982102288663,12.24%,LRRC8C;LRRC8D;SLC25A13;SLC25A12,GO_Biological_Process_2025__Aspartate Transmembrane Transport (GO:0015810)
GO:0007032,-0.5575260750294316,-1.611205464577793,0.6011978892026332,35.44%,VPS11;DNAJC13;RAB27A;VPS33B;ARFGEF2;WASHC4;PI4K2A;ALS2;EEA1;ATP6V1F;PLEKHF2;UBR4;CLCN3;ATP6AP2;ATP6V0C;LAMTOR1;ATP6V0A1;ATP6V1H;ATP6V1D;DNM1;ATP6AP1;CHMP2B;EXOC8;SQSTM1,GO_Biological_Process_2025__Endosome Organization (GO:0007032)
GO:0010719,-0.8114355937643813,-1.607200730177745,0.612083870807073,1.12%,PTEN,GO_Biological_Process_2025__Negative Regulation of Epithelial to Mesenchymal Transition (GO:0010719)
GO:0030277,-0.8548029716891636,-1.606537632749797,0.5998578664894108,0.14%,MUC13,GO_Biological_Process_2025__Maintenance of Gastrointestinal Epithelium (GO:0030277)
GO:2000272,0.7403169295750913,1.6061196583568818,0.324614610285797,0.62%,RAMP3,GO_Biological_Process_2025__Negative Regulation of Signaling Receptor Activity (GO:2000272)
GO:2000561,0.7478531036987435,1.6055819527590325,0.3226130715978649,8.10%,LGALS9;CD81;CD55,"GO_Biological_Process_2025__Regulation of CD4-positive, Alpha-Beta T Cell Proliferation (GO:2000561)"
GO:0034605,0.5373418363191034,1.6035043469915993,0.3235496901372205,4.93%,BAG3;HIKESHI;RBBP7;TPR;DNAJB1,GO_Biological_Process_2025__Cellular Response to Heat (GO:0034605)
GO:0046782,-0.855516147868935,-1.5993323968289554,0.6359940516146877,3.65%,HEXIM1;TARBP2;UBP1,GO_Biological_Process_2025__Regulation of Viral Transcription (GO:0046782)
GO:0046596,0.5907194692108552,1.597404774653754,0.3321201090511108,0.04%,LGALS9,GO_Biological_Process_2025__Regulation of Viral Entry Into Host Cell (GO:0046596)
GO:0010256,-0.4742830910310041,-1.595814530553536,0.6470777011913705,36.06%,ATL2;GOLPH3;COG2;TRIP11;VPS11;VPS51;DNAJC13;TRAPPC11;BNIP1;RAB2B;SURF4;VPS33B;ARFGEF2;OSBPL2;COG5;WASHC4;OPTN;BAG5;PI4K2A;ALS2;ARHGAP21;SRGN;COG1;SLC6A4;PLEKHF2;GOLGA2;CLASP1;UBR4;LEMD2;HUWE1;TRAPPC12;COG8;LMAN1;NPLOC4;COG4;LAMTOR1;ARFGEF1;ZW10;MYO18A;COG6;VPS4A;VMP1;TRAPPC8;TMED10;ARHGEF7;DNM1L;TOR1A;TMED2;DNM1;LMNB2;CHMP2B;SEC23IP;EXOC8;PTGES2;TMED7;SQSTM1;TANGO2;TMED4;SPTBN1,GO_Biological_Process_2025__Endomembrane System Organization (GO:0010256)
GO:0071634,0.6434764210695513,1.5941770722988138,0.3350541833269679,0.04%,LGALS9,GO_Biological_Process_2025__Regulation of Transforming Growth Factor Beta Production (GO:0071634)
GO:0000209,-0.4986330556273161,-1.5938953043896804,0.6456280399602019,23.09%,ANAPC7;UBE4B;DTX3L;UBE3B;TRIM3;RMND5A;UBE2G1;ZNRF2;TRAF7;UXT;KCMF1;FBXO22;UBE3C;CDC16;MYCBP2;SHARPIN;TRIM56;UBR4;RNF31;UBE4A;NEDD4;HUWE1;UBE2J1;TRAF6;LNPEP;CUL5;TRIM21;UBE3A;UBE2L3,GO_Biological_Process_2025__Protein Polyubiquitination (GO:0000209)
GO:0010508,-0.5365840833851341,-1.5931578606813317,0.6347391211582107,26.97%,TSC2;FLCN;ATF6;SCOC;GSK3A;PIK3CB;BECN1;OPTN;MAP3K7;C9ORF72;CCNY;UBR4;SLC35D3;LARP1;TMEM59;TBK1;TRIM21;SH3GLB1;PIK3C2A;PRKAA1,GO_Biological_Process_2025__Positive Regulation of Autophagy (GO:0010508)
GO:1903955,-0.6481206344148995,-1.5871786941423878,0.6628898408473846,23.09%,HTRA2;VPS11;GSK3A;RAC2;RNF31;HUWE1;CSNK2A2;SH3GLB1;UBE2L3,GO_Biological_Process_2025__Positive Regulation of Protein Targeting to Mitochondrion (GO:1903955)
GO:0033108,-0.5452046183761391,-1.586654183512407,0.6509260593702859,25.75%,UQCRFS1;UQCC2;HIGD1A;UQCC1;TMEM126A;FXN;NDUFA13;BCS1L;SCO1;NDUFS8;SURF1;NDUFS4;NDUFS3;NDUFS1;SAMM50;NDUFC2;COX20;NDUFB3,GO_Biological_Process_2025__Mitochondrial Respiratory Chain Complex Assembly (GO:0033108)
GO:0032735,0.5756893552653681,1.5864510813196924,0.346446275838484,6.42%,LGALS9;TLR2,GO_Biological_Process_2025__Positive Regulation of Interleukin-12 Production (GO:0032735)
GO:0006890,-0.5435106126376075,-1.5859079492120094,0.6412356929062288,31.28%,GOLPH3;SCYL1;ATP9B;ERGIC2;NBAS;BNIP1;STX18;KDELR2;BICD2;SLC6A4;RINT1;COPA;STX5;UBE2Z;COG4;ZW10;TMED10;COPG2;COPZ1;RAB6A,"GO_Biological_Process_2025__Retrograde Vesicle-Mediated Transport, Golgi to Endoplasmic Reticulum (GO:0006890)"
GO:0002698,0.6142515802687768,1.5836146158213058,0.3486101050581256,8.10%,RPS19;CR1;GRN;CD55,GO_Biological_Process_2025__Negative Regulation of Immune Effector Process (GO:0002698)
GO:0048015,-0.6643187970441056,-1.5807034640914748,0.6663005182813668,28.07%,RPS6KB1;PIK3CB;PI4KA;PLCB4;PLCB3;PLCB1;PIK3C3;PIK3C2A;PIK3CG;PIK3CA;PLCG2,GO_Biological_Process_2025__Phosphatidylinositol-Mediated Signaling (GO:0048015)
GO:0001523,0.5882453075007081,1.5771089022229012,0.358536169247771,2.59%,LRP8;RARRES2,GO_Biological_Process_2025__Retinoid Metabolic Process (GO:0001523)
GO:0007020,-0.6734533255758672,-1.5759255000764634,0.6876611979221823,24.61%,NEDD1;TUBGCP2;TUBGCP3;GOLGA2;CLASP1;TUBGCP6;RANBP9;TUBGCP4,GO_Biological_Process_2025__Microtubule Nucleation (GO:0007020)
GO:0006631,-0.5139157038428606,-1.574625044202025,0.6835649448656689,24.19%,MECR;MLYCD;PLA2G15;ACACA;ACSL5;ACSF3;ACOT8;DECR2;ACSL3;PCCA;ACSL1;SLC27A3;CPT2;ABCD3;CES1;SLC27A2;ABCD1;ACAD9;ACOX1;OXSM;ACAA1,GO_Biological_Process_2025__Fatty Acid Metabolic Process (GO:0006631)
GO:0001837,0.4802840432741466,1.573505153909736,0.3623045109596559,4.68%,TRIM28;DDX5;HNRNPAB;BMP7,GO_Biological_Process_2025__Epithelial to Mesenchymal Transition (GO:0001837)
GO:0070936,-0.5566371328959441,-1.5732401815257804,0.680207007453735,22.12%,ANAPC7;DTX3L;UBE2G1;ZNRF2;UXT;KCMF1;UBE3C;CDC16;MYCBP2;UBR4;HUWE1;TRIM21;UBE3A,GO_Biological_Process_2025__Protein K48-linked Ubiquitination (GO:0070936)
GO:0099177,0.6111802703749433,1.5722945025017474,0.3617192963312262,0.17%,LRP8,GO_Biological_Process_2025__Regulation of Trans-Synaptic Signaling (GO:0099177)
GO:0000082,-0.6606856362582937,-1.5702615510854372,0.676073816705442,19.97%,CUL2;RPS6KB1;CUL4A;CUL4B;BCAT1;CUL5,GO_Biological_Process_2025__G1/S Transition of Mitotic Cell Cycle (GO:0000082)
GO:0044843,-0.6606856362582937,-1.5702615510854372,0.676073816705442,19.97%,CUL2;RPS6KB1;CUL4A;CUL4B;BCAT1;CUL5,GO_Biological_Process_2025__Cell Cycle G1/S Phase Transition (GO:0044843)
GO:0002484,0.7248739646006189,1.569781917661314,0.3553182545786487,0.21%,HLA-F,GO_Biological_Process_2025__Ag Processing and Presentation of Endogenous Pep Ag via MHC Cls I via ER Pway (GO:0002484)
GO:0002476,0.7248739646006189,1.569781917661314,0.3553182545786487,0.21%,HLA-F,GO_Biological_Process_2025__Antigen Processing and Presentation of Endogenous Peptide Antigen via MHC Class Ib (GO:0002476)
GO:0002428,0.7248739646006189,1.569781917661314,0.3553182545786487,0.21%,HLA-F,GO_Biological_Process_2025__Antigen Processing and Presentation of Peptide Antigen via MHC Class Ib (GO:0002428)
GO:0002486,0.7248739646006189,1.569781917661314,0.3553182545786487,0.21%,HLA-F,"GO_Biological_Process_2025__Ag Processing and Presentation of Endogenous Pep Ag via MHC Cls I via ER Pway, TAP-ind (GO:0002486)"
GO:0010656,0.644806349419495,1.56339297527489,0.3648779163896195,4.68%,BAG3;BMP7,GO_Biological_Process_2025__Negative Regulation of Muscle Cell Apoptotic Process (GO:0010656)
GO:0016567,-0.4628288380512562,-1.5627199567612196,0.7063168697404987,20.36%,ANAPC7;UBE4B;DTX3L;UBE3B;TRIM3;MIB1;ISG15;CUL2;RMND5A;BIRC6;VPS11;UBE2G1;CBL;LZTR1;HERC4;CUL4A;CUL4B;TRAF7;UBR1;FBXO22;UBE3C;CDC16;FBXW5;MYCBP2;NFX1;UBR3;UBA6;TRIM56;RNF31;UBE4A;NEDD4;HUWE1;UBE2J1;TRAF6;LNPEP;CUL5;TRIM21,GO_Biological_Process_2025__Protein Ubiquitination (GO:0016567)
GO:0002684,0.4927514365816786,1.562611127030028,0.3636004374085844,2.71%,LGALS9;HLA-DRB3,GO_Biological_Process_2025__Positive Regulation of Immune System Process (GO:0002684)
GO:1903844,0.7092678922629838,1.556766721976677,0.3721051385569425,10.73%,DKK3;TGFBR3;LTBP4,GO_Biological_Process_2025__Regulation of Cellular Response to Transforming Growth Factor Beta Stimulus (GO:1903844)
GO:0050808,0.3828530163480087,1.556543026361209,0.3697278566919016,9.63%,SNCG;DNAJA3;PCDHB2;SDK2;HMCN2;PTPRS;SDK1;PCDHB14;CDH10;PTK7,GO_Biological_Process_2025__Synapse Organization (GO:0050808)
GO:0006839,-0.5794400865857667,-1.553374655427026,0.766433759977906,30.74%,MTX2;TIMM10;BAK1;SLC25A13;TIMM29;NDUFA13;MTCH2;MTX1;TOMM40;SAMM50;SLC25A20;BCL2L1;SLC25A24;TOMM22;TIMM22;SLC25A5,GO_Biological_Process_2025__Mitochondrial Transport (GO:0006839)
GO:0042104,0.6008595560821537,1.5526384938300646,0.3743835480079396,5.41%,ICOSLG;RPS3,GO_Biological_Process_2025__Positive Regulation of Activated T Cell Proliferation (GO:0042104)
GO:0009060,-0.4810521350404666,-1.5516895568205336,0.7511361878862414,42.63%,MTFR1L;NDUFB8;NDUFA9;NDUFA10;IDH3B;NDUFA3;SIRT3;MFN2;NDUFA13;NDUFS8;SURF1;NDUFS4;IDH3G;NDUFA1;NDUFS3;NDUFA5;NDUFV1;NDUFS1;NDUFC2;NDUFB3;NDUFB10;UQCRB;DLAT;SDHA;NDUFA8;NDUFS7;NDUFS6;IDH3A;UQCRC1;NDUFV2;NIPSNAP2;OGDH;NDUFA6;NDUFS2;SDHB;MDH2;SUCLG1;BLOC1S1;UQCRC2;NDUFA11,GO_Biological_Process_2025__Aerobic Respiration (GO:0009060)
GO:0048284,-0.7004624735729538,-1.5510322693267502,0.7428401763243379,13.67%,VPS11;MIGA2;EEA1;CIDEB;MFN2;MFN1,GO_Biological_Process_2025__Organelle Fusion (GO:0048284)
GO:0006119,-0.4969513242893307,-1.5490550759009625,0.7452526028756332,43.97%,NDUFB8;NDUFA9;NDUFA10;NDUFA3;ATP5PF;NDUFA13;ATP5MF;NDUFS8;NDUFS4;NDUFA1;NDUFS3;NDUFA5;NDUFV1;NDUFS1;NDUFC2;NDUFB3;NDUFB10;UQCRB;SDHA;ATP5PO;NDUFA8;NDUFS7;NDUFS6;UQCRC1;ATP5MG;NDUFV2;NIPSNAP2;NDUFA6;NDUFS2;ATP5PB;SDHB;ATP5PD;ATP5F1B;UQCRC2;NDUFA11;ATP5ME;ATP5F1C,GO_Biological_Process_2025__Oxidative Phosphorylation (GO:0006119)
GO:0006672,-0.6691511256947086,-1.548903923516107,0.7333753574572109,1.80%,MECR;CLN6;PLA2G15,GO_Biological_Process_2025__Ceramide Metabolic Process (GO:0006672)
GO:0042102,0.4151879081913409,1.5451789069538258,0.3859423670729033,14.50%,ICOSLG;CD209;HLA-DRB3;CD6;RPS3;CD276;LILRB2;TFRC;SLC7A1;EBI3;CCL5,GO_Biological_Process_2025__Positive Regulation of T Cell Proliferation (GO:0042102)
GO:0045638,-0.7902837933306603,-1.5439181554876324,0.7461979114544695,4.74%,PAF1;PRMT1,GO_Biological_Process_2025__Negative Regulation of Myeloid Cell Differentiation (GO:0045638)
GO:1904950,-0.7505894371711666,-1.543478363401783,0.7375692938497708,0.17%,INPP5K,GO_Biological_Process_2025__Negative Regulation of Establishment of Protein Localization (GO:1904950)
GO:0007156,0.4581223962289789,1.5418661766302175,0.389832902584022,15.24%,PKD1;SDK2;CELSR2;HMCN2;FAT2;SDK1;PTK7;CADM1;L1CAM;CADM2;PVR,GO_Biological_Process_2025__Homophilic Cell Adhesion via Plasma Membrane Adhesion Molecules (GO:0007156)
GO:0016070,0.4956453477978682,1.5410822661352457,0.3882728774020859,8.02%,EXOSC6;DDX24;XRN2;KHSRP;PABPC4;HNRNPD,GO_Biological_Process_2025__RNA Metabolic Process (GO:0016070)
GO:0006892,-0.5071778280750711,-1.539802749334584,0.7547684309720085,25.85%,EXOC6B;VTI1A;EXOC5;VPS13C;MON2;CCDC22;RABEP1;ARFGEF2;AP4M1;EXOC1;GGA3;VPS35L;AP1G2;STXBP5;EXOC2;MYO5A;GOLGA7;VPS13A;VTI1B;CCDC93;SCAMP2;EXOC6;GGA1,GO_Biological_Process_2025__post-Golgi Vesicle-Mediated Transport (GO:0006892)
GO:0045048,-0.585569132642737,-1.5371330073442704,0.763606981426307,21.33%,EMC7;NCLN;CAMLG;NOMO1;EMC1;EMC3;TRAM1;GET4;CCDC47,GO_Biological_Process_2025__Protein Insertion Into ER Membrane (GO:0045048)
GO:0046839,-0.629112741678916,-1.5360756187571254,0.759749789720148,26.35%,INPP5K;PTEN;MTMR6;PLPP6;MTMR9;SYNJ1;MTMR2;MTMR12;SACM1L;INPP5B,GO_Biological_Process_2025__Phospholipid Dephosphorylation (GO:0046839)
GO:0010829,-0.8102627791326193,-1.5354739489556288,0.7533950247542059,5.55%,INPP5K;GSK3A,GO_Biological_Process_2025__Negative Regulation of D-glucose Transmembrane Transport (GO:0010829)
GO:0014910,-0.6611129818344442,-1.5350674481577158,0.7450120987511929,5.53%,PDGFB;SERPINE1,GO_Biological_Process_2025__Regulation of Smooth Muscle Cell Migration (GO:0014910)
GO:0035904,0.7170415739070072,1.5331690746271711,0.4005920951635734,17.98%,PDE2A;JAG1;EFEMP2;PRKD2;PDGFRB,GO_Biological_Process_2025__Aorta Development (GO:0035904)
GO:0090158,-0.7358961292351469,-1.5326969117423246,0.751519397610423,7.06%,ATL2;BNIP1;STX18,GO_Biological_Process_2025__Endoplasmic Reticulum Membrane Organization (GO:0090158)
GO:0043484,0.466483775776162,1.5321747725313468,0.3999958280906432,5.07%,SRSF1;SF1;FUS;AHNAK;RPS13;HNRNPL;SF3B3,GO_Biological_Process_2025__Regulation of RNA Splicing (GO:0043484)
GO:0046627,-0.6059349480021768,-1.531140667436287,0.7525434873913093,14.48%,INPP5K;TSC2;GSK3A;IRS1;RPS6KB1;NCK1;MAPKAP1,GO_Biological_Process_2025__Negative Regulation of Insulin Receptor Signaling Pathway (GO:0046627)
GO:0072344,-0.6157092638958075,-1.530937099126927,0.7430531775100686,5.16%,UFSP2;GIGYF2;TRIP4;NEMF;ASCC3,GO_Biological_Process_2025__Rescue of Stalled Ribosome (GO:0072344)
GO:0046626,-0.5770956793650951,-1.5306837758225371,0.7347198708464043,14.48%,INPP5K;TSC2;OGT;GSK3A;IRS1;RPS6KB1;NCK1;MAPKAP1,GO_Biological_Process_2025__Regulation of Insulin Receptor Signaling Pathway (GO:0046626)
GO:1990868,-0.7289305315169888,-1.5305041651692153,0.7257743963913744,20.59%,LRCH1;SLC12A2;DOCK8;RIPOR2;STK39,GO_Biological_Process_2025__Response to Chemokine (GO:1990868)
GO:0016071,0.420100290359879,1.529434829368462,0.4028673719388378,8.24%,SRSF1;SF3B2;DDX5;SSB;HNRNPA2B1;HNRNPAB;PRPF8;SFPQ;HNRNPA0,GO_Biological_Process_2025__mRNA Metabolic Process (GO:0016071)
GO:0030148,-0.5607580994002459,-1.5293707302580664,0.7139599095305783,14.21%,KDSR;MECR;ELOVL7;MFSD2B;ABCC1;HACD4;SPTLC1;SPHK1,GO_Biological_Process_2025__Sphingolipid Biosynthetic Process (GO:0030148)
GO:2000403,0.6242170637272432,1.5290920090975828,0.4007359286707577,0.04%,LGALS9,GO_Biological_Process_2025__Positive Regulation of Lymphocyte Migration (GO:2000403)
GO:1903749,-0.6159244993245216,-1.5265133518618077,0.7150521777990241,23.09%,HTRA2;VPS11;GSK3A;RAC2;RNF31;HUWE1;CSNK2A2;SH3GLB1;UBE2L3,GO_Biological_Process_2025__Positive Regulation of Establishment of Protein Localization to Mitochondrion (GO:1903749)
GO:0006622,-0.6051755754634055,-1.526355304278233,0.706780933773567,28.96%,PIK3R4;BECN1;AP4M1;M6PR;GGA3;LAMP2;NEDD4;PIK3C3;VPS4A,GO_Biological_Process_2025__Protein Targeting to Lysosome (GO:0006622)
GO:0007601,0.4954381127766883,1.5256289173799396,0.4044668324838468,12.82%,COL2A1;REEP6;OAT;WFS1;COL18A1;COL1A1;LUM,GO_Biological_Process_2025__Visual Perception (GO:0007601)
GO:0002710,0.7223197893423263,1.525181080537706,0.4025537228913716,0.21%,HLA-F,GO_Biological_Process_2025__Negative Regulation of T Cell Mediated Immunity (GO:0002710)
GO:0045907,-0.7827497796181221,-1.524817026780753,0.7084981781761128,6.38%,TRPM4;F2R,GO_Biological_Process_2025__Positive Regulation of Vasoconstriction (GO:0045907)
GO:0015986,-0.4945148768094506,-1.523795208453034,0.688799878918504,43.97%,NDUFB8;NDUFA9;NDUFA10;NDUFA3;ATP5PF;NDUFA13;ATP5MF;NDUFS8;NDUFS4;NDUFA1;NDUFS3;NDUFA5;NDUFV1;NDUFS1;NDUFC2;ATP5MJ;NDUFB3;NDUFB10;SDHA;ATP5PO;NDUFA8;NDUFS7;NDUFS6;ATP5MG;NDUFV2;NDUFA6;NDUFS2;ATP5PB;SDHB;ATP5PD;ATP5F1B;ATP5MK;NDUFA11;ATP5ME;ATP5F1C,GO_Biological_Process_2025__Proton Motive Force-Driven ATP Synthesis (GO:0015986)
GO:0045954,0.5859368574788112,1.5231074469477568,0.4004971863050151,0.21%,HLA-F,GO_Biological_Process_2025__Positive Regulation of Natural Killer Cell Mediated Cytotoxicity (GO:0045954)
GO:0002717,0.5859368574788112,1.5231074469477568,0.4004971863050151,0.21%,HLA-F,GO_Biological_Process_2025__Positive Regulation of Natural Killer Cell Mediated Immunity (GO:0002717)
GO:0006144,-0.7560240501544508,-1.52290686111696,0.6863161889127419,7.60%,GMPS;GDA;DPYD,GO_Biological_Process_2025__Purine Nucleobase Metabolic Process (GO:0006144)
GO:0141198,-0.7731090741184261,-1.5224977117039604,0.6807192665282222,19.22%,ANAPC7;CDC16;UBR4;HUWE1;TRAF6,GO_Biological_Process_2025__Protein Branched Polyubiquitination (GO:0141198)
GO:0008206,-0.6328266131060507,-1.5216874518355217,0.6785172985302487,24.19%,OSBPL1A;ACOT8;OSBPL2;NPC1;ABCD3;OSBPL6;GBA2;SLC27A2;ACAA1,GO_Biological_Process_2025__Bile Acid Metabolic Process (GO:0008206)
GO:0008630,-0.647451157974332,-1.5202911153210676,0.6803496161243185,11.91%,PPP2R5C;HTRA2;PRKDC;BAK1;CIDEB,GO_Biological_Process_2025__Intrinsic Apoptotic Signaling Pathway in Response to DNA Damage (GO:0008630)
GO:0050778,0.4009873213697796,1.5198939046655855,0.404200860568248,2.71%,LGALS9;DHX9;HLA-DRB3,GO_Biological_Process_2025__Positive Regulation of Immune Response (GO:0050778)
GO:0060999,0.5952525840838575,1.5181040149655125,0.4049886020394642,0.17%,LRP8,GO_Biological_Process_2025__Positive Regulation of Dendritic Spine Development (GO:0060999)
GO:0038026,0.6895971965649527,1.5176179039995528,0.4031446391168602,0.17%,LRP8,GO_Biological_Process_2025__Reelin-Mediated Signaling Pathway (GO:0038026)
GO:0006120,-0.5380860866872899,-1.51729939416587,0.684388959572548,38.40%,NDUFB8;NDUFA9;NDUFA10;NDUFA3;NDUFA4;NDUFS8;NDUFS4;NDUFS3;NDUFA5;NDUFV1;NDUFS1;NDUFC2;NDUFB3;NDUFB10;NDUFA8;NDUFS7;NDUFS6;NDUFV2;NDUFA6;NDUFS2,"GO_Biological_Process_2025__Mitochondrial Electron Transport, NADH to Ubiquinone (GO:0006120)"
GO:0051056,-0.4759819931047623,-1.517294728422187,0.6765440184160081,28.15%,ARHGAP35;ARHGAP32;ARHGEF18;ARHGEF10;ARHGAP25;OGT;FLCN;ARHGAP5;DENND3;OPHN1;DOCK8;VAV3;FGD3;KALRN;ARHGAP21;ARHGAP17;MCF2L;REPS1;GIT1;MYO9B;DOCK11;AKAP13;ARHGEF12;KANK2;GMIP;DOCK7;VAV1;GNA13;RHOF;ARAP1,GO_Biological_Process_2025__Regulation of Small GTPase Mediated Signal Transduction (GO:0051056)
GO:0071168,0.7260770385710116,1.5168158230558084,0.4021160511642502,2.65%,PARP1;H1-5,GO_Biological_Process_2025__Protein Localization to Chromatin (GO:0071168)
GO:0061001,0.5949958345129269,1.5168145009366656,0.3994352774898219,0.17%,LRP8,GO_Biological_Process_2025__Regulation of Dendritic Spine Morphogenesis (GO:0061001)
GO:0051348,-0.6787474983642904,-1.5160570407799732,0.6776214944617471,22.74%,INPP5K;DTX3L;GSK3A;BAG5;IRS2;PRDX3,GO_Biological_Process_2025__Negative Regulation of Transferase Activity (GO:0051348)
GO:0007034,-0.5422805264245586,-1.513639580002453,0.6864866588302942,25.37%,VPS51;VTI1A;VPS13C;PIK3R4;AP1G1;NPC1;M6PR;VPS41;AP1G2;VPS53;NEDD4;VPS13A;VIPAS39;VTI1B;UBE2Z,GO_Biological_Process_2025__Vacuolar Transport (GO:0007034)
GO:1903608,0.6789364857145707,1.512967467058716,0.4045757696214831,2.88%,SSB;DHX9;YBX1,GO_Biological_Process_2025__Protein Localization to Cytoplasmic Stress Granule (GO:1903608)
GO:0009267,-0.4841053990748451,-1.512695773271575,0.6772324443986825,30.97%,IMPACT;EIF2AK2;TSC2;MTOR;SEH1L;FLCN;TTC5;ATG5;WIPI1;PIK3R4;PRKAG1;BECN1;ATG7;VPS41;LAMP2;RPTOR;SH3GLB1;PRKAG2;PIK3C3;MCU;PKN1;MICU1;PRKAA1;CLEC16A;TSC1;ARHGEF7;GAS2L1,GO_Biological_Process_2025__Cellular Response to Starvation (GO:0009267)
GO:0070934,0.6379762848067255,1.512226399470518,0.403424983279874,11.10%,DHX9;YBX1;HNRNPD;HNRNPU,GO_Biological_Process_2025__CRD-mediated mRNA Stabilization (GO:0070934)
GO:0045445,0.7023464657803173,1.51182544825439,0.4017914919297398,4.70%,DDX5;JAG1,GO_Biological_Process_2025__Myoblast Differentiation (GO:0045445)
GO:0042776,-0.4916143162380305,-1.511764186666749,0.675998653547299,43.97%,NDUFB8;NDUFA9;NDUFA10;NDUFA3;ATP5PF;NDUFA13;ATP5MF;NDUFS8;NDUFS4;NDUFA1;NDUFS3;NDUFA5;NDUFV1;NDUFS1;NDUFC2;NDUFB3;NDUFB10;SDHA;ATP5PO;NDUFA8;NDUFS7;NDUFS6;ATP5MG;NDUFV2;NDUFA6;NDUFS2;ATP5PB;SDHB;ATP5PD;ATP5F1B;NDUFA11;ATP5ME;ATP5F1C,GO_Biological_Process_2025__Proton Motive Force-Driven Mitochondrial ATP Synthesis (GO:0042776)
GO:0033540,-0.7466874877629539,-1.5100963070879854,0.6786707846398777,21.96%,ACOX3;EHHADH;ACOT8;DECR2;SLC27A2;ACOX1,GO_Biological_Process_2025__Fatty Acid Beta-Oxidation Using acyl-CoA Oxidase (GO:0033540)
GO:0060760,0.6751433144984226,1.5089164243133442,0.4046762181509919,2.09%,DHX9,GO_Biological_Process_2025__Positive Regulation of Response to Cytokine Stimulus (GO:0060760)
GO:0090161,-0.7150305848836762,-1.5081846574355002,0.6766266615133611,15.51%,GOLPH3;TRIP11;OPTN;GOLGA2,GO_Biological_Process_2025__Golgi Ribbon Formation (GO:0090161)
GO:0009062,-0.5368978844651686,-1.5062200124180252,0.6823209712765028,24.19%,PLA2G15;EHHADH;ECHDC2;ILVBL;ACOT8;PCCA;AIG1;CPT2;ABCD3;SLC27A2;ACAA2;ACOX1;ACADS;ECI1;ACAA1,GO_Biological_Process_2025__Fatty Acid Catabolic Process (GO:0009062)
GO:0060840,0.6432141977165892,1.5054660166605605,0.4090821448922196,16.88%,PDE2A;EFEMP2;ANGPTL3;PRKD2,GO_Biological_Process_2025__Artery Development (GO:0060840)
GO:0045333,-0.4725744993306576,-1.5041718393407026,0.6884306011602314,42.63%,MTFR1L;NDUFB8;UQCRFS1;HCCS;NDUFA9;NDUFA10;NDUFA3;SIRT3;SLC25A13;UQCR11;UQCR10;MFN2;NDUFA4;NDUFA13;NDUFS8;SURF1;NDUFS4;NDUFA1;NDUFS3;NDUFA5;NDUFV1;NDUFS1;NDUFC2;NDUFB3;NDUFB10;UQCRB;SDHA;NDUFA8;NDUFS7;NDUFS6;UQCRC1;NDUFV2;NDUFA6;NDUFS2;SDHB;UQCRQ;ETFA;MDH2;BLOC1S1;UQCRC2;NDUFA11,GO_Biological_Process_2025__Cellular Respiration (GO:0045333)
GO:0002483,0.576998497989431,1.503482193784267,0.4102508143537302,0.21%,HLA-F,GO_Biological_Process_2025__Antigen Processing and Presentation of Endogenous Peptide Antigen (GO:0002483)
GO:0060339,-0.7140143011093235,-1.5030218884167197,0.6887016107589423,8.91%,GIGYF2;NLRC5;ISG15;STAT2,GO_Biological_Process_2025__Negative Regulation of Type I Interferon-Mediated Signaling Pathway (GO:0060339)
GO:0061572,0.5011676257925546,1.5018207299837825,0.4109498464714581,4.02%,EZR;ADD2;BAIAP2,GO_Biological_Process_2025__Actin Filament Bundle Organization (GO:0061572)
GO:0008209,0.7106847192316685,1.5010184185986752,0.4099681048978976,0.46%,UGT2B7,GO_Biological_Process_2025__Androgen Metabolic Process (GO:0008209)
GO:0006351,0.4177031650610417,1.500721657204563,0.4080557498818233,7.44%,PARP1;DDX5;RBMX;POLR2H;PTMA;TRIP13,GO_Biological_Process_2025__DNA-templated Transcription (GO:0006351)
GO:0046949,-0.6596323324359402,-1.4999273586662143,0.7018739503498868,18.99%,ELOVL7;ACSL5;ACSF3;ACSL3;ACSL1;GCDH;SLC27A2,GO_Biological_Process_2025__fatty-acyl-CoA Biosynthetic Process (GO:0046949)
GO:0032007,-0.5408321705786826,-1.4995451513088265,0.6973261996703342,29.20%,TSC2;SEH1L;FLCN;GSK3A;RPS6KB1;NPC1;UBR1;PDCD6;PRKACB;TBK1;UBE3A;PRKAA1;SAR1B;TSC1,GO_Biological_Process_2025__Negative Regulation of TOR Signaling (GO:0032007)
GO:1901532,-0.8003605218589602,-1.4992794900780588,0.6921243137751009,2.67%,EIF2AK2;PRKDC,GO_Biological_Process_2025__Regulation of Hematopoietic Progenitor Cell Differentiation (GO:1901532)
GO:0010669,-0.7142232718036985,-1.4978718491906695,0.6946604866842383,0.14%,MUC13,GO_Biological_Process_2025__Epithelial Structure Maintenance (GO:0010669)
GO:0022604,-0.6412627720337317,-1.4956153659329376,0.7024197806784616,8.35%,CAMSAP1;VIL1;PDZD8;STRIP1,GO_Biological_Process_2025__Regulation of Cell Morphogenesis (GO:0022604)
GO:0031146,-0.688346799662043,-1.4943692099027703,0.7038957487810893,19.97%,NCCRP1;CUL2;UXT;FBXW5;CUL5,GO_Biological_Process_2025__SCF-dependent Proteasomal Ubiquitin-Dependent Protein Catabolic Process (GO:0031146)
GO:1990869,-0.6413928309644616,-1.4927387544540376,0.7080458977007078,20.59%,LRCH1;SLC12A2;DOCK8;RIPOR2;STK39,GO_Biological_Process_2025__Cellular Response to Chemokine (GO:1990869)
GO:1900077,-0.5827540255026007,-1.491685515424172,0.7018008661878107,14.48%,INPP5K;TSC2;GSK3A;IRS1;RPS6KB1;NCK1;MAPKAP1,GO_Biological_Process_2025__Negative Regulation of Cellular Response to Insulin Stimulus (GO:1900077)
GO:0042255,0.4742032204379349,1.4915530727860713,0.4237633704601491,4.27%,RPS28;RPS19;RPL5;RPS14;NOP2,GO_Biological_Process_2025__Ribosome Assembly (GO:0042255)
GO:2001169,0.7165420039808705,1.4912691920852723,0.4215599698149462,0.50%,TMSB4X;PARP1,GO_Biological_Process_2025__Regulation of ATP Biosynthetic Process (GO:2001169)
GO:0000038,-0.7225194957226666,-1.4888975863029117,0.7131800583971325,24.19%,ELOVL7;ACSL1;HACD4;ABCD3;ACOX1;ACAA1,GO_Biological_Process_2025__Very Long-Chain Fatty Acid Metabolic Process (GO:0000038)
GO:0072523,-0.7374270624878161,-1.488653400595601,0.701853071694847,7.60%,MLYCD;DPYD,GO_Biological_Process_2025__Purine-Containing Compound Catabolic Process (GO:0072523)
GO:0042593,-0.5270936563923908,-1.48792227645135,0.699956910205334,7.15%,PDK2;INPP5K;LRRC8D;GCG;IRS1;HECTD4,GO_Biological_Process_2025__Glucose Homeostasis (GO:0042593)
GO:0051058,-0.5646024858991171,-1.4858361003314284,0.7066595177227605,22.85%,ARHGAP35;ARHGAP25;FLCN;LZTR1;MFN2;FBP1;RIPOR2;ARHGAP17;MAPKAP1;STAMBP;TGFB2;GMIP,GO_Biological_Process_2025__Negative Regulation of Small GTPase Mediated Signal Transduction (GO:0051058)
GO:0006888,-0.4450065001578025,-1.4850110086989323,0.7059350419204571,44.01%,ATL2;CNIH4;TRIP11;YIPF4;ERGIC2;VTI1A;PEF1;TRAPPC11;SURF4;BET1;GOSR1;SEC24D;TRAPPC10;SEC24B;PREB;YIF1B;YIPF5;PDCD6;GOLGA2;TRAPPC12;GOSR2;TRAPPC4;SEC24A;COPA;LMAN1;COPE;NRBP1;STX5;UBE2Z;ZW10;COPB1;SAR1B;TRAPPC8;TMED10;COPG2;RABGGTB;VAMP7;TRAPPC1;TMED2;SPAST;TRAPPC9;PTGES2;TMED7;TMED4;YKT6;TRAPPC3;TMED9;TRAPPC6B;SEC31A;BCAP31;TRAPPC2L;TRAPPC5;VAPA;COPG1;SCFD1;SEC24C;ATL3;TFG,GO_Biological_Process_2025__Endoplasmic Reticulum to Golgi Vesicle-Mediated Transport (GO:0006888)
GO:0045840,-0.6426259433450975,-1.4849537284721204,0.7001464664155627,13.36%,ANAPC7;PDGFB;CDC16;EGF,GO_Biological_Process_2025__Positive Regulation of Mitotic Nuclear Division (GO:0045840)
GO:0006633,-0.5961030549102487,-1.484768779439339,0.6952510429129117,14.37%,ELOVL7;MLYCD;ACACA;ACSF3;DECR2;HACD4;ABCD3,GO_Biological_Process_2025__Fatty Acid Biosynthetic Process (GO:0006633)
GO:2000352,-0.6401398405638463,-1.4830659080537256,0.6998273185533636,6.88%,SERPINE1;KRIT1,GO_Biological_Process_2025__Negative Regulation of Endothelial Cell Apoptotic Process (GO:2000352)
GO:0009953,0.6672831141503096,1.4824955271166704,0.4363659644457711,18.58%,TLL2;AIDA;TLL1,GO_Biological_Process_2025__Dorsal/Ventral Pattern Formation (GO:0009953)
GO:1900025,0.6649785668565932,1.4822500964402126,0.4340976825112211,12.70%,MELTF;TACSTD2;FBLN1,GO_Biological_Process_2025__Negative Regulation of Substrate Adhesion-Dependent Cell Spreading (GO:1900025)
GO:0048009,-0.685232127041129,-1.4817674489324275,0.7020206849534872,21.13%,TSC2;GIGYF2;IRS1;PIK3R1;IRS2;PLCB1,GO_Biological_Process_2025__Insulin-Like Growth Factor Receptor Signaling Pathway (GO:0048009)
GO:0046039,-0.7464102064478693,-1.4796011679423002,0.7095672843449977,15.27%,GTPBP1;MFN1;EFL1,GO_Biological_Process_2025__GTP Metabolic Process (GO:0046039)
GO:0043525,-0.6052093754944531,-1.479109210261657,0.7069837180569245,29.97%,SRPK2;CASP14;GSK3A;CASP7;PRNP;TGFB2;CASP6;CDK5;CASP3;BAX,GO_Biological_Process_2025__Positive Regulation of Neuron Apoptotic Process (GO:0043525)
GO:0048864,-0.7226590833598028,-1.478808737974546,0.7029556070354084,13.96%,TAPT1;PEF1;PDCD6,GO_Biological_Process_2025__Stem Cell Development (GO:0048864)
GO:0003231,0.6317881856131897,1.4765723293751398,0.4426026994741767,4.52%,PDE2A;MATR3,GO_Biological_Process_2025__Cardiac Ventricle Development (GO:0003231)
GO:0043113,0.5142903536536165,1.4752363470604168,0.4427111826296543,8.08%,DNAJA3;ITGA4;LRRC7,GO_Biological_Process_2025__Receptor Clustering (GO:0043113)
GO:0016241,-0.4647237005971245,-1.4732595899140952,0.7325302003302592,29.93%,TSC2;TBC1D25;MTOR;SCOC;ATG5;GSK3A;ATP6V0A2;PIK3R4;BECN1;EXOC1;MTMR9;ATP6V1G1;ERN1;MAP3K7;C9ORF72;FKBP8;LARP1;NEDD4;CSNK2A2;TBK1;SH3GLB1;CDK5;PIK3C3;ATP6V0C;ATP6V0A1;ATP6V1H;CASP3;PIK3CA;ATP6V1D;CLEC16A;TSC1;DNM1L,GO_Biological_Process_2025__Regulation of Macroautophagy (GO:0016241)
GO:1900103,-0.7222595994157179,-1.4729190817858488,0.7286282665338021,13.92%,BAK1;ATF6;TMEM33;PIK3R1;ERN1,GO_Biological_Process_2025__Positive Regulation of Endoplasmic Reticulum Unfolded Protein Response (GO:1900103)
GO:0009896,-0.4370702633493359,-1.4727579393258523,0.7236974686919186,24.75%,PTEN;DTX3L;MTOR;VPS11;FLCN;TTC5;ATF6;GSK3A;CUL4A;PIK3CB;TRAF7;CCDC22;BECN1;OPTN;CNOT1;ATG7;VSIR;GTPBP1;PTK2;NDUFA13;VPS28;CCNY;UBR4;SLC35D3;NEDD4;TMEM59;PHKG2;IDE;CSNK2A2;TBK1;TRIM21;AXIN1;SH3GLB1;GRSF1;STX5;PIK3C2A,GO_Biological_Process_2025__Positive Regulation of Catabolic Process (GO:0009896)
GO:0062208,-0.5723804415946675,-1.4722977213480757,0.7205358555194463,20.61%,TRIM3;LRCH4;ZDHHC5;LBP;TAB1;MAP3K7;WDFY1;DDX3X,GO_Biological_Process_2025__Positive Regulation of Pattern Recognition Receptor Signaling Pathway (GO:0062208)
GO:0045069,-0.5189096629938914,-1.4716321618044623,0.7191761297424619,10.81%,SRPK2;EIF2AK2;TARBP2;APOBEC3C;ISG15;IFIT5;PPID;ILF3,GO_Biological_Process_2025__Regulation of Viral Genome Replication (GO:0045069)
GO:0002091,0.5721865895187457,1.470750542304767,0.4487751706754531,11.62%,ATXN2;UBQLN2;ANXA2;SDCBP,GO_Biological_Process_2025__Negative Regulation of Receptor Internalization (GO:0002091)
GO:0120035,-0.6644550467414662,-1.4697118642253817,0.725742049179341,5.55%,PTEN;TREM2;GSK3A,GO_Biological_Process_2025__Regulation of Plasma Membrane Bounded Cell Projection Organization (GO:0120035)
GO:0048388,-0.684231597930327,-1.467662051583417,0.7330997200950967,28.13%,ATP6V1F;CLCN3;ATP6AP2;ATP6V0C;ATP6V0A1;ATP6V1H;ATP6V1D,GO_Biological_Process_2025__Endosomal Lumen Acidification (GO:0048388)
GO:1903432,-0.4975591703618222,-1.4675315716718185,0.7282311763348531,33.12%,TSC2;SEH1L;OGT;FLCN;PRMT1;RPS6KB1;NPC1;C9ORF72;LONP1;PRKACB;OTUB1;TBK1;LAMTOR3;UBE3A;LAMTOR1;PRKAA1;SAR1B;CLEC16A;TSC1;LAMTOR5;PIP4P1;LAMTOR4,GO_Biological_Process_2025__Regulation of TORC1 Signaling (GO:1903432)
GO:0009451,0.5870959895718525,1.467413943947098,0.4526004382944101,3.27%,SSB;HNRNPAB;NAT10,GO_Biological_Process_2025__RNA Modification (GO:0009451)
GO:1902306,-0.7642994774510954,-1.4657316443223043,0.7339405629082952,20.59%,CAMK2D;NEDD4;STK39,GO_Biological_Process_2025__Negative Regulation of Sodium Ion Transmembrane Transport (GO:1902306)
GO:0006110,-0.5783104897405023,-1.4640803655750383,0.7388610717710058,26.97%,MTOR;OGT;FLCN;PRKAG1;FBP1;GIT1;RPTOR;PRKAG2;PRKAA1,GO_Biological_Process_2025__Regulation of Glycolytic Process (GO:0006110)
GO:0006525,0.680352379540005,1.462953737119334,0.4591141699381046,6.98%,ASS1;DDAH1,GO_Biological_Process_2025__Arginine Metabolic Process (GO:0006525)
GO:0071451,0.5645350888619267,1.462206092625257,0.4579817426910785,18.52%,ATP7A;APOA4;SOD1;PRDX1;SOD3;CCS,GO_Biological_Process_2025__Cellular Response to Superoxide (GO:0071451)
GO:0007010,-0.477359215063353,-1.4621509750253538,0.740143576007849,19.26%,CAMSAP1;MTOR;PDZD8;MICAL3;STRIP1;RAC2;LRCH3;FGD3;MAPKAP1;NCKIPSD;CLASP1;TPM1;LIMD1;CDC42BPB;SIPA1;SH3KBP1,GO_Biological_Process_2025__Cytoskeleton Organization (GO:0007010)
GO:0030279,-0.6773919660401416,-1.4618659349071703,0.7362951889165036,16.69%,TRPM4;CHSY1;SRGN;SMAD3,GO_Biological_Process_2025__Negative Regulation of Ossification (GO:0030279)
GO:0051052,0.4502912801885147,1.4606776969232569,0.4585145391838214,8.35%,SUB1;TOM1L1;XRCC5;SF3B3;IL7R;NUCKS1,GO_Biological_Process_2025__Regulation of DNA Metabolic Process (GO:0051052)
GO:0035567,0.6498512708994555,1.4601305861982137,0.4569674271632813,7.60%,CELSR2;MYOC,GO_Biological_Process_2025__Non-Canonical Wnt Signaling Pathway (GO:0035567)
GO:0061548,0.6781619007631424,1.4600271632734294,0.4545804492183382,1.43%,SEMA3F,GO_Biological_Process_2025__Ganglion Development (GO:0061548)
GO:1903037,0.6773255675122682,1.4600151065721627,0.4519734511662236,14.15%,ASS1;LCK;MIA3,GO_Biological_Process_2025__Regulation of Leukocyte Cell-Cell Adhesion (GO:1903037)
GO:1904666,0.6239309935841848,1.4592310609690993,0.4509761515836495,3.65%,RPS7;RPL23;RPL5;UBE2C,GO_Biological_Process_2025__Regulation of Ubiquitin Protein Ligase Activity (GO:1904666)
GO:0046856,-0.6224621484426184,-1.4590804607175345,0.7431478879307559,26.35%,INPP5K;PTEN;MTMR6;MTMR9;SYNJ1;MTMR2;MTMR12;SACM1L;INPP5B,GO_Biological_Process_2025__Phosphatidylinositol Dephosphorylation (GO:0046856)
GO:0042149,-0.6243717158409066,-1.4570477832319384,0.7449313619481115,26.97%,PIK3R4;PRKAG1;BECN1;SH3GLB1;PRKAG2;PIK3C3;PRKAA1,GO_Biological_Process_2025__Cellular Response to Glucose Starvation (GO:0042149)
GO:0006325,0.3827744074925463,1.455859878685153,0.4552191365482194,8.91%,CHTOP;TRIM28;HMGN1;RBBP7;DHX9;H1-5;SF3B1;SMARCD2;HNRNPC;CBX3;SFPQ;NUCKS1;NASP,GO_Biological_Process_2025__Chromatin Organization (GO:0006325)
GO:0097066,0.6428894947458398,1.454870084584108,0.4547826490534539,10.50%,CTSL;RDX;CTSS,GO_Biological_Process_2025__Response to Thyroid Hormone (GO:0097066)
GO:0014033,-0.7118416365569421,-1.454250622286395,0.7409368235544967,13.96%,TAPT1;PEF1;PDCD6,GO_Biological_Process_2025__Neural Crest Cell Differentiation (GO:0014033)
GO:0001914,0.5219616259747625,1.4538028043512543,0.4541292425008442,0.21%,HLA-F,GO_Biological_Process_2025__Regulation of T Cell Mediated Cytotoxicity (GO:0001914)
GO:0005979,-0.6019220633527455,-1.4536307813225304,0.7397616249401415,26.55%,INPP5K;GSK3A;IRS1;IRS2;STK39;PPP1R3D;AKT2,GO_Biological_Process_2025__Regulation of Glycogen Biosynthetic Process (GO:0005979)
GO:0048762,0.4381762405543992,1.4535313861478143,0.4519924241807227,4.68%,TRIM28;DDX5;HNRNPAB;BMP7,GO_Biological_Process_2025__Mesenchymal Cell Differentiation (GO:0048762)
GO:0141086,-0.7719643832472711,-1.4535061897279924,0.7353111893982275,13.46%,TREM2;OGT;LAMP2,GO_Biological_Process_2025__Negative Regulation of Inflammasome-Mediated Signaling Pathway (GO:0141086)
GO:0014003,-0.7755047486267764,-1.453302211813055,0.7314184335182546,14.08%,EIF2B3;EIF2B5;EIF2B1,GO_Biological_Process_2025__Oligodendrocyte Development (GO:0014003)
GO:0006302,0.3992254271037782,1.452784739236988,0.4508899232027002,8.35%,PARP1;TNKS1BP1;RAD50;XRCC5;MRE11;SFPQ;TRIP13;NUCKS1,GO_Biological_Process_2025__Double-Strand Break Repair (GO:0006302)
GO:0071901,-0.575635966891769,-1.4517264530637013,0.7307300456710131,6.21%,INPP5K;PTEN;IRAK3,GO_Biological_Process_2025__Negative Regulation of Protein Serine/Threonine Kinase Activity (GO:0071901)
GO:0046007,0.6207083586620099,1.4515070675541126,0.4510755402671941,0.04%,LGALS9,GO_Biological_Process_2025__Negative Regulation of Activated T Cell Proliferation (GO:0046007)
GO:0070918,-0.6789294478604059,-1.451401168675672,0.7277468261581514,4.39%,TARBP2;TDRKH;ZC3H7A,GO_Biological_Process_2025__Regulatory ncRNA Processing (GO:0070918)
GO:0051302,-0.5587766975624515,-1.4513464398687206,0.7231533780984076,24.38%,KIF13A;BIRC6;PIK3R4;BECN1;FGFR2;GIT1;RAB11A;ATXN10;SH3GLB1;PIK3C3;BCL2L1,GO_Biological_Process_2025__Regulation of Cell Division (GO:0051302)
GO:2000406,0.4980381863901839,1.449818846039535,0.4522123641401258,0.04%,LGALS9,GO_Biological_Process_2025__Positive Regulation of T Cell Migration (GO:2000406)
GO:0097067,0.6806705734947186,1.446872795219011,0.4558277001008433,10.50%,CTSL;RDX;CTSS,GO_Biological_Process_2025__Cellular Response to Thyroid Hormone Stimulus (GO:0097067)
GO:0010634,-0.5328926511448091,-1.445372290103255,0.7545384787359172,21.21%,CAPN7;MTOR;VIL1;DOCK5;PTK2;CLASP1;RAB11A;TGFB2,GO_Biological_Process_2025__Positive Regulation of Epithelial Cell Migration (GO:0010634)
GO:1900225,-0.5975470988242577,-1.4453416208148722,0.7497149208959039,28.07%,EIF2AK2;TREM2;ZDHHC5;MYD88;LAMP2;DDX3X;NEK7;PLCG2,GO_Biological_Process_2025__Regulation of NLRP3 Inflammasome Complex Assembly (GO:1900225)
GO:0006699,-0.6439787878822427,-1.4442691367897562,0.751967575678523,18.99%,OSBPL1A;ACOT8;OSBPL2;ABCD3;OSBPL6;SLC27A2,GO_Biological_Process_2025__Bile Acid Biosynthetic Process (GO:0006699)
GO:0050779,-0.7219433422552104,-1.44336909030576,0.7477506079035234,16.45%,GIGYF2;FXR2;FTO;FXR1,GO_Biological_Process_2025__RNA Destabilization (GO:0050779)
GO:0018105,-0.5129883403125113,-1.4429311951747965,0.745780812868563,21.35%,SRPK2;PRKDC;PDK3;PIKFYVE;RPS6KB1;DYRK1A;MAPKAPK2;GRK2;CAB39;ERN1;MAPKAPK3;CAMK2D;TBK1;STK39;RIPK1,GO_Biological_Process_2025__Peptidyl-Serine Phosphorylation (GO:0018105)
GO:0009165,-0.6401327047563676,-1.4428108698931903,0.7415815397994454,25.04%,PRPSAP2;RRM2B;PRPSAP1;GART;NMNAT3;PFAS,GO_Biological_Process_2025__Nucleotide Biosynthetic Process (GO:0009165)
GO:0090068,0.4256192460853816,1.4420650065337084,0.462687207312052,4.41%,RAB33B;PKN2;NUMA1;TPR,GO_Biological_Process_2025__Positive Regulation of Cell Cycle Process (GO:0090068)
GO:0045948,-0.6769709495537721,-1.4417220980427368,0.7386515742619979,20.61%,MTOR;RPS6KB1;EIF2B5;LARP1;DDX3X,GO_Biological_Process_2025__Positive Regulation of Translational Initiation (GO:0045948)
GO:0006623,-0.5385829235714791,-1.4413620646868577,0.7361708052282758,35.52%,VPS13C;PIK3R4;BECN1;AP4M1;M6PR;GGA3;VPS41;NEDD4;VPS13A;PIK3C3;AP3M1;VPS4A;VPS37A;SQSTM1;VPS37B,GO_Biological_Process_2025__Protein Targeting to Vacuole (GO:0006623)
GO:0071346,0.4539452204311524,1.441232606058766,0.462028633069649,11.08%,LGALS9;TLR2;IFNGR1;HCK,GO_Biological_Process_2025__Cellular Response to Type II Interferon (GO:0071346)
GO:0001960,-0.5227825501870582,-1.4376134989836302,0.7542079286730657,8.91%,TREM2;PARP14;GIGYF2;NLRC5;ISG15;OTUD4;IRAK3;STAT2,GO_Biological_Process_2025__Negative Regulation of Cytokine-Mediated Signaling Pathway (GO:0001960)
GO:0001676,-0.5221439743725667,-1.436011437962654,0.7593064445295395,27.88%,ACSL5;ACOT8;ACSL3;AIG1;ACSL1;SLC27A3;CPT2;ABCD3;DAGLB;ABHD12;SLC27A2;PLA2G4A;ACAD9;ACAA1;GSTM2;SLC27A4,GO_Biological_Process_2025__Long-Chain Fatty Acid Metabolic Process (GO:0001676)
GO:0010985,0.6741283622309551,1.4348903591091065,0.4697467589499785,12.57%,KHSRP;APOC3,GO_Biological_Process_2025__Negative Regulation of Lipoprotein Particle Clearance (GO:0010985)
GO:0072522,-0.5667976248099416,-1.4343754071706798,0.7645283655508842,28.85%,PRPSAP2;GMPS;PRPSAP1;GART;ADA;PFAS;PPCDC;ADSL;PANK4,GO_Biological_Process_2025__Purine-Containing Compound Biosynthetic Process (GO:0072522)
GO:0036092,-0.6801577926021558,-1.43406128509858,0.7618621223979908,27.82%,PIK3CB;PIK3R4;BECN1;PIK3C3;PIK3C2A;PIK3CG;PIK3CA,GO_Biological_Process_2025__Phosphatidylinositol-3-Phosphate Biosynthetic Process (GO:0036092)
GO:0071711,0.6614140576404729,1.433566187712508,0.470021850001429,33.93%,CTSS;HPN;HMCN1;NID1;NID2,GO_Biological_Process_2025__Basement Membrane Organization (GO:0071711)
GO:0009100,-0.5164855692915726,-1.4322537865106009,0.7677363255889097,21.93%,NCCRP1;GOLPH3;MAN2B1;FUT8;ST3GAL4;STT3B;NGLY1;GCNT1;OGA;MGAT4B,GO_Biological_Process_2025__Glycoprotein Metabolic Process (GO:0009100)
GO:0007413,-0.7738941605953688,-1.4310758386283016,0.7700328058153492,0.87%,ARHGAP35,GO_Biological_Process_2025__Axonal Fasciculation (GO:0007413)
GO:2000108,0.6852989881637999,1.4308582418264963,0.4732308599388208,0.04%,LGALS9,GO_Biological_Process_2025__Positive Regulation of Leukocyte Apoptotic Process (GO:2000108)
GO:0046825,0.5411054581787664,1.4302180632039,0.4720365441545393,4.41%,BAG3;TPR,GO_Biological_Process_2025__Regulation of Protein Export From Nucleus (GO:0046825)
GO:0046827,0.5908396010787347,1.4298303846979006,0.4703788286216832,4.41%,BAG3;TPR,GO_Biological_Process_2025__Positive Regulation of Protein Export From Nucleus (GO:0046827)
GO:0032365,-0.6889398889329154,-1.4293872757396195,0.770411051211528,25.00%,CERT1;NPC1;CPT2;ABCD3;SLC25A20;TMEM41B,GO_Biological_Process_2025__Intracellular Lipid Transport (GO:0032365)
GO:0035023,-0.4933735288638669,-1.4288037166139185,0.7694547015630199,20.65%,ARHGAP35;ARHGEF18;FLCN;F2R;OPHN1;DOCK8;RIPOR2;MCF2L;FXR1;REPS1;MYO9B;DOCK11;AKAP13;KANK2,GO_Biological_Process_2025__Regulation of Rho Protein Signal Transduction (GO:0035023)
GO:0002720,0.5347222237080999,1.428416126872011,0.4707320692459139,12.14%,HLA-F;CD55;SLC7A5;KIT,GO_Biological_Process_2025__Positive Regulation of Cytokine Production Involved in Immune Response (GO:0002720)
GO:0042306,0.4607238824359754,1.4283250602963724,0.4684600685378166,4.41%,BAG3;TRIM28;TPR,GO_Biological_Process_2025__Regulation of Protein Import Into Nucleus (GO:0042306)
GO:0051216,0.4946184067982392,1.4273233423210252,0.4680612420352658,8.37%,PKD1;COL2A1;FGFR3;ATP7A;OGN,GO_Biological_Process_2025__Cartilage Development (GO:0051216)
GO:0000423,-0.5522700233758189,-1.426890251398766,0.7766020800228804,16.32%,NIPSNAP1;OGT;ATG5;BECN1;OPTN;ATG7;MFN2;ATG4B;ATG9A,GO_Biological_Process_2025__Mitophagy (GO:0000423)
GO:1903670,0.491156247762569,1.4258948672809746,0.4686785799355237,1.64%,CEMIP2;FUT1,GO_Biological_Process_2025__Regulation of Sprouting Angiogenesis (GO:1903670)
GO:0030003,-0.4543660708947704,-1.4255670514601206,0.7802347211212233,13.82%,MECR;TPT1;CNNM4;SLC30A5;ABCB7;TMC8;ATP6V0A2;SLC12A2;CCDC22;ATP13A1;RMDN3;ACO1;SLC10A7;FXN;ATP6V1G1,GO_Biological_Process_2025__Intracellular Monoatomic Cation Homeostasis (GO:0030003)
GO:0015850,-0.6231810670135134,-1.4253006923437483,0.7771981086027264,16.57%,ABCC3;NPC1;ABCC4;ABCD3;REPS1,GO_Biological_Process_2025__Organic Hydroxy Compound Transport (GO:0015850)
GO:0019646,-0.4617168244742101,-1.4247231956752715,0.7762409224608454,39.98%,NDUFB8;UQCRFS1;NDUFA9;NDUFA10;NDUFA3;UQCR11;UQCR10;NDUFA4;NDUFS8;NDUFS4;NDUFA1;NDUFS3;NDUFA5;NDUFV1;NDUFS1;NDUFC2;NDUFB3;NDUFB10;UQCRB;SDHA;NDUFA8;NDUFS7;NDUFS6;UQCRC1;NDUFV2;NDUFA6;NDUFS2;SDHB;UQCRQ,GO_Biological_Process_2025__Aerobic Electron Transport Chain (GO:0019646)
GO:0001941,0.5685646080935487,1.4240731164998377,0.4699242148232397,0.27%,DNAJA3,GO_Biological_Process_2025__Postsynaptic Membrane Organization (GO:0001941)
GO:0006605,-0.4394001108835712,-1.423368700576641,0.7798450779262098,33.16%,GOLPH3;ZFAND2B;TIMM10;TIMM44;TAOK2;PIKFYVE;VPS13C;PIK3R4;AP4E1;TSPO;SRPRA;AP4M1;MFN2;VPS41;YIF1B;RABGEF1;LAMP2;MFF;AP4S1;GOLGA7;TOMM40;VPS13A;SEC63;SPCS2;MICALL1;KIF13B;PITRM1;PEX19;TOMM22;NLGN1;PARD3;VPS37A;LONP2,GO_Biological_Process_2025__Protein Targeting (GO:0006605)
GO:0006879,-0.5402994779504214,-1.4225474278125108,0.7803988681830771,13.82%,MECR;ABCB7;ATP6V0A2;ACO1;FXN;ATP6V1G1,GO_Biological_Process_2025__Intracellular Iron Ion Homeostasis (GO:0006879)
GO:0032874,-0.6559486459015658,-1.4224548976537377,0.7721350172105154,4.12%,EIF2AK2;SEMA4C;TAOK2,GO_Biological_Process_2025__Positive Regulation of Stress-Activated MAPK Cascade (GO:0032874)
GO:0070304,-0.6559486459015658,-1.4224548976537377,0.7721350172105154,4.12%,EIF2AK2;SEMA4C;TAOK2,GO_Biological_Process_2025__Positive Regulation of Stress-Activated Protein Kinase Signaling Cascade (GO:0070304)
GO:0042775,-0.4591699428968029,-1.4216393573029344,0.772579041126882,39.98%,NDUFB8;UQCRFS1;NDUFA9;NDUFA10;NDUFA3;UQCR11;UQCR10;NDUFA4;NDUFS8;NDUFS4;NDUFA1;NDUFS3;NDUFA5;NDUFV1;NDUFS1;NDUFC2;NDUFB3;NDUFB10;UQCRB;SDHA;NDUFA8;NDUFS7;NDUFS6;UQCRC1;NDUFV2;NDUFA6;NDUFS2;SDHB;UQCRQ,GO_Biological_Process_2025__Mitochondrial ATP Synthesis Coupled Electron Transport (GO:0042775)
GO:0048584,0.4341031976798605,1.4212185873308998,0.4733002250853965,5.41%,TRIM28;DHX9;HLA-DRB3;RPS3,GO_Biological_Process_2025__Positive Regulation of Response to Stimulus (GO:0048584)
GO:0009081,-0.6220647323400257,-1.418943320894812,0.7843827598001154,32.44%,BCAT2;DBT;PCCA;MCCC2;BCAT1;IVD;BCKDK;MCCC1;HIBCH,GO_Biological_Process_2025__Branched-Chain Amino Acid Metabolic Process (GO:0009081)
GO:0046824,0.4225587533210217,1.418151155062372,0.4772037041381853,4.41%,BAG3;TRIM28;DHX9;TPR,GO_Biological_Process_2025__Positive Regulation of Nucleocytoplasmic Transport (GO:0046824)
GO:0007007,-0.5422774738073989,-1.41790428545719,0.7820012764714626,24.73%,MTX2;TIMM10;DNAJC11;SLC25A46;TMEM126A;TIMM29;NDUFA13;BCS1L;MTX1;MAIP1;SAMM50;APOOL,GO_Biological_Process_2025__Inner Mitochondrial Membrane Organization (GO:0007007)
GO:0090151,-0.5707484011220434,-1.4177886610669073,0.7782466469403809,30.72%,MTX2;TIMM10;TIMM29;NDUFA13;MTCH2;MTX1;TOMM40;MAIP1;SAMM50;TOMM22;TIMM22,GO_Biological_Process_2025__Establishment of Protein Localization to Mitochondrial Membrane (GO:0090151)
GO:0140105,0.611895263887517,1.4163701451041415,0.478519623890983,20.86%,LILRA1;LILRB2;JAK1;LILRB1;TYK2,GO_Biological_Process_2025__Interleukin-10-Mediated Signaling Pathway (GO:0140105)
GO:0030516,0.4406733639252468,1.416305116513084,0.4762106753274448,13.96%,SEMA6D;PTPRS;KIAA0319;DIP2B;SHTN1;L1CAM;APOE,GO_Biological_Process_2025__Regulation of Axon Extension (GO:0030516)
GO:0045910,0.5949923581658756,1.415982004933407,0.4745554784786579,2.65%,H1-10;H1-0;H1-5,GO_Biological_Process_2025__Negative Regulation of DNA Recombination (GO:0045910)
GO:0034122,-0.7470624276706616,-1.4158984874976583,0.781036069669048,6.21%,OTUD4;IRAK3,GO_Biological_Process_2025__Negative Regulation of Toll-Like Receptor Signaling Pathway (GO:0034122)
GO:0061014,-0.5574125655831982,-1.414338848055738,0.7860813622440216,16.45%,GIGYF2;TTC5;FXR2;CNOT1;EIF4ENIF1;GTPBP1;FTO;FXR1,GO_Biological_Process_2025__Positive Regulation of mRNA Catabolic Process (GO:0061014)
GO:2001032,-0.7493381783758073,-1.4137598178201312,0.7850465071681417,4.93%,PRKDC;NUDT16L1,GO_Biological_Process_2025__Regulation of Double-Strand Break Repair via Nonhomologous End Joining (GO:2001032)
GO:0001921,0.6261701468031311,1.4133054311366045,0.4772324629279575,0.62%,RAMP3,GO_Biological_Process_2025__Positive Regulation of Receptor Recycling (GO:0001921)
GO:0051983,0.6613279982258304,1.4132139665585717,0.4750407573356967,3.91%,RAB33B;NUMA1;ZNF207,GO_Biological_Process_2025__Regulation of Chromosome Segregation (GO:0051983)
GO:0006796,-0.444798330789718,-1.4131797082921596,0.7843681839548198,26.35%,INPP5K;GALE;PLA2G15;IP6K1;ALDOC;EPHX2;INPP4B;TNK2;INPP5D;FBP1;SYNJ1;AGPAT1;PPP3CB;OCRL;NFS1;PPA1;LIMD1;CDK5;PPA2;PKN1;INPP5A;DUSP3;PFKL;INPP5B,GO_Biological_Process_2025__Phosphate-Containing Compound Metabolic Process (GO:0006796)
GO:0008053,-0.7289653637741422,-1.4129207128492127,0.7817221011232365,13.67%,MIGA2;MFN2;MFN1,GO_Biological_Process_2025__Mitochondrial Fusion (GO:0008053)
GO:1902903,-0.5394937832840463,-1.4110107528181144,0.7844255072086936,18.74%,XIRP2;CAMSAP1;INPPL1;METAP1;C9ORF72;GBA2;PRUNE1;AKAP13,GO_Biological_Process_2025__Regulation of Supramolecular Fiber Organization (GO:1902903)
GO:0008210,0.6007638753949907,1.4102447530563105,0.4790020018278577,0.46%,UGT2B7,GO_Biological_Process_2025__Estrogen Metabolic Process (GO:0008210)
GO:0141193,-0.7522165563122368,-1.4095594306771253,0.7886613674739252,16.78%,FAM120B;PDK3;LONP1,GO_Biological_Process_2025__Nuclear Receptor-Mediated Signaling Pathway (GO:0141193)
GO:0032733,0.5280613083928559,1.4085145174164535,0.4801654091619214,0.04%,LGALS9,GO_Biological_Process_2025__Positive Regulation of Interleukin-10 Production (GO:0032733)
GO:0006915,-0.4306946773954013,-1.4079049864912012,0.7942965635638459,27.82%,APAF1;TSC2;PRUNE2;MTOR;TAOK2;OGT;BAK1;JAK2;PAEP;BNIP1;DNPEP;KREMEN1;CYFIP2;TRAF7;MYD88;GLMN;CIDEB;CASP7;MAP3K7;FXR1;BCL2L13;BID;RIPK1;CASP6;CXCR4;FADD;ELMO1;TNFSF10;CDK5;NCKAP1;BCL2L1;EMP3;STK4;CASP3;PIK3CA,GO_Biological_Process_2025__Apoptotic Process (GO:0006915)
GO:1903672,0.5551900757037251,1.4078150773800546,0.4795180617532331,10.00%,FUT1;TJP1,GO_Biological_Process_2025__Positive Regulation of Sprouting Angiogenesis (GO:1903672)
GO:0016055,0.4546689323874312,1.407718568441393,0.47741558194197,7.60%,PKD1;CELSR2;FERMT2;MYOC,GO_Biological_Process_2025__Wnt Signaling Pathway (GO:0016055)
GO:0051291,0.5886517235119457,1.4072414871814702,0.4760922110801485,9.59%,PKD1;CPSF7;FARSA,GO_Biological_Process_2025__Protein Heterooligomerization (GO:0051291)
GO:0046112,-0.7610766340640469,-1.4060505431770984,0.8014616070821539,16.96%,GMPS;CTPS2;UMPS,GO_Biological_Process_2025__Nucleobase Biosynthetic Process (GO:0046112)
GO:0006635,-0.4895902192361675,-1.403907998690871,0.8062465730868812,24.19%,ACOX3;EHHADH;ECHDC2;ACOT8;DECR2;CPT2;ABCD3;GCDH;SLC27A2;ACAA2;ACOX1;IVD;ACADS;ECI1;ACAA1,GO_Biological_Process_2025__Fatty Acid Beta-Oxidation (GO:0006635)
GO:0002009,-0.7483173681085517,-1.4033444719208956,0.8056938452396735,13.48%,LIN7C;FLG2;FGFR2,GO_Biological_Process_2025__Morphogenesis of an Epithelium (GO:0002009)
GO:0032527,-0.5498528746054848,-1.4031017225072655,0.8031327992098912,25.58%,DERL1;TECPR2;SURF4;AUP1;UFD1;LMAN1;NPLOC4;ERLEC1;SEL1L;FAF2,GO_Biological_Process_2025__Protein Exit From Endoplasmic Reticulum (GO:0032527)
GO:0016050,-0.4697974935201718,-1.4028481907112589,0.8006362348529347,43.50%,VPS11;DNAJC13;VPS33B;ARFGEF2;TRAPPC10;WASHC4;PI4K2A;ALS2;SRGN;PLEKHF2;UBR4;TRAPPC4;LAMTOR1;SAR1B;EPS15;TRAPPC1;DNM1;CHMP2B;TRAPPC9;EXOC8;SQSTM1;SORT1;FNBP1L;TRAPPC3;TRAPPC6B;TRAPPC2L;TRAPPC5;HOOK3;RAB14,GO_Biological_Process_2025__Vesicle Organization (GO:0016050)
GO:1902017,-0.4888005711200749,-1.4026936406696722,0.7974591694104433,21.02%,ARHGAP35;EVI5L;TAPT1;ATG5;TBC1D22A;TBC1D1;TBC1D5;SLC6A4;RAB11A;TBC1D9B;CCDC88A,GO_Biological_Process_2025__Regulation of Cilium Assembly (GO:1902017)
GO:0006468,-0.400684280958626,-1.402678593386253,0.7935122653785993,24.88%,SRPK2;EIF2AK2;PDGFB;PRKDC;GRK5;CDK17;BIRC6;PDK3;JAK2;IRAK3;NEK1;RPS6KB1;PIK3R4;PRKAG1;DYRK1A;IRAK1;FER;FES;ILF3;MAPKAPK2;KALRN;GRK2;CAB39;FGFR2;ERN1;PTK2;COPS2;MAP3K7;PPP3CB;CLASP1;MAPKAPK3;LONP1;PRKACB;CAMK2D;PHKG2;CAMK1;CSNK2A2;CDC42BPB;TBK1;CTBP1;STK39;RIPK1;BRAF;NEK7;CDK5;CSNK2B;PKN1,GO_Biological_Process_2025__Protein Phosphorylation (GO:0006468)
GO:1904357,0.6534708684363841,1.402125717103121,0.4818129620037663,4.29%,PARP1;NAT10;HNRNPC,GO_Biological_Process_2025__Negative Regulation of Telomere Maintenance via Telomere Lengthening (GO:1904357)
GO:0048255,0.4363372756423411,1.40203686331211,0.4796659390755993,8.24%,DHX9;FUS;YBX1;THRAP3;HNRNPC;YBX3;HNRNPD;HNRNPA0,GO_Biological_Process_2025__mRNA Stabilization (GO:0048255)
GO:0006626,-0.4860505633452996,-1.4017759762842463,0.7947795778021365,31.34%,TOMM40L;MTX2;TIMM10;TIMM44;TSPO;MFN2;TIMM29;NDUFA13;MFF;MTCH2;MTX1;TOMM40;SAMM50;PITRM1;TOMM22;TIMM22;PMPCA,GO_Biological_Process_2025__Protein Targeting to Mitochondrion (GO:0006626)
GO:0043405,-0.5130567370886894,-1.4017722205022445,0.7908291684000455,12.61%,INPP5K;PDGFB;IRAK3;KSR1;S100A12,GO_Biological_Process_2025__Regulation of MAP Kinase Activity (GO:0043405)
GO:0070874,-0.754620691422209,-1.4016292028089288,0.7839573208526084,5.55%,INPP5K;GSK3A,GO_Biological_Process_2025__Negative Regulation of Glycogen Metabolic Process (GO:0070874)
GO:0045719,-0.754620691422209,-1.4016292028089288,0.7839573208526084,5.55%,INPP5K;GSK3A,GO_Biological_Process_2025__Negative Regulation of Glycogen Biosynthetic Process (GO:0045719)
GO:0050777,-0.4773801260338152,-1.4014884792537172,0.7810303733326976,20.36%,TREX1;WDR41;TREM2;ATG5;IRAK3;TRAFD1;FER;C9ORF72;LONP1;YES1;TRIM21,GO_Biological_Process_2025__Negative Regulation of Immune Response (GO:0050777)
GO:0007520,0.5740588360322605,1.4013605040628012,0.4786671616104299,8.76%,PTGFRN;CD81;ADAMTS5,GO_Biological_Process_2025__Myoblast Fusion (GO:0007520)
GO:0030258,-0.5715707494361187,-1.4009972288667554,0.7799743556449147,25.87%,PLPP6;EPHX2;DGKZ;ST3GAL4;MBOAT7;GBA2;DGKD;DGKA,GO_Biological_Process_2025__Lipid Modification (GO:0030258)
GO:0045913,-0.5577288227764978,-1.4003379475895184,0.7799231774782931,26.97%,PDGFB;MTOR;IRS1;EGF;RPTOR;IRS2;AKT2;PRKAA1,GO_Biological_Process_2025__Positive Regulation of Carbohydrate Metabolic Process (GO:0045913)
GO:0003015,0.6690953097741467,1.3995742635793738,0.4800745026567019,0.62%,RAMP3,GO_Biological_Process_2025__Heart Process (GO:0003015)
GO:0140052,-0.7085736672482343,-1.3988311794089288,0.7815833737343859,9.38%,TREM2;MYD88,GO_Biological_Process_2025__Cellular Response to Oxidised Low-Density Lipoprotein Particle Stimulus (GO:0140052)
GO:0006356,0.6589631060730983,1.396939425502394,0.4831501717165696,3.89%,SF3B1;WDR43,GO_Biological_Process_2025__Regulation of Transcription by RNA Polymerase I (GO:0006356)
GO:0006366,0.4116625319083196,1.3966668112005054,0.4814095791958324,8.12%,PARP1;SUB1;RBMX;POLR2H;XRN2;TRIP13;ANXA2,GO_Biological_Process_2025__Transcription by RNA Polymerase II (GO:0006366)
GO:0016482,-0.4330254496235421,-1.3965380033419597,0.79073087811632,38.21%,WASHC2A;RBSN;VPS51;STX16;VTI1A;HEATR5A;PIKFYVE;HEATR5B;VPS13C;MON2;GOSR1;AP1G1;AP4M1;TBC1D5;WASHC2C;VPS53;ANKFY1;TMEM87A;TBC1D23;VPS13A;VTI1B;STX5;STX6;GGA1;TMEM87B;SNX1;CLTC;RAB6A;EPS15;PTGES2;UBE2O;SORT1;VPS50;YKT6;DCTN1;SNX5,GO_Biological_Process_2025__Cytosolic Transport (GO:0016482)
GO:2000736,-0.5640223261346246,-1.3963451466247383,0.7880848140469922,2.67%,EIF2AK2;CHD4;RBBP4;PRKDC,GO_Biological_Process_2025__Regulation of Stem Cell Differentiation (GO:2000736)
GO:1901991,-0.6020543094306506,-1.3959371218276166,0.7868150978354163,1.12%,AVEN;PTEN,GO_Biological_Process_2025__Negative Regulation of Mitotic Cell Cycle Phase Transition (GO:1901991)
GO:0031648,-0.5906682124228506,-1.3958325314916171,0.783682790688752,20.36%,MTOR;DERL1;GGA3;ISOC2;SLC6A4;PRNP;TRIM21,GO_Biological_Process_2025__Protein Destabilization (GO:0031648)
GO:0061795,-0.6831318227106374,-1.3948311538057374,0.7856987510419974,28.13%,ATP6V0A2;ATP6V1F;ATP6AP2;ATP6V0C;ATP6V1H;ATP6V1D,GO_Biological_Process_2025__Golgi Lumen Acidification (GO:0061795)
GO:2001259,0.6025700482224483,1.3947733477724882,0.4832217571224582,0.19%,TMSB4X,GO_Biological_Process_2025__Positive Regulation of Cation Channel Activity (GO:2001259)
GO:0031053,0.655700878501708,1.394311059865011,0.4818991016259376,3.85%,HNRNPA2B1;SRRT,GO_Biological_Process_2025__Primary miRNA Processing (GO:0031053)
GO:0051290,0.6148181661248499,1.3940955531907218,0.4801828543536736,9.59%,PKD1;CPSF7;FARSA,GO_Biological_Process_2025__Protein Heterotetramerization (GO:0051290)
GO:0070534,-0.5470230788181141,-1.3938621232458694,0.7876693162892933,20.36%,TRIM3;UBE2G1;UXT;KCMF1;TRIM56;NEDD4;TRAF6;TRIM21,GO_Biological_Process_2025__Protein K63-linked Ubiquitination (GO:0070534)
GO:0006470,-0.4682935684867173,-1.3934321243840957,0.7863242961274273,6.79%,PTEN;MTMR6;PPP2R2A;PLPP6;SBF1,GO_Biological_Process_2025__Protein Dephosphorylation (GO:0006470)
GO:1902018,-0.7125914204625658,-1.3919608598336983,0.787577665855199,2.51%,EVI5L,GO_Biological_Process_2025__Negative Regulation of Cilium Assembly (GO:1902018)
GO:0051926,-0.7430970172631939,-1.391774766872048,0.7851346066422222,0.17%,INPP5K,GO_Biological_Process_2025__Negative Regulation of Calcium Ion Transport (GO:0051926)
GO:0030042,-0.6566012491431021,-1.3914991171568116,0.7830458165032753,16.36%,VIL1;MICAL3;TWF1,GO_Biological_Process_2025__Actin Filament Depolymerization (GO:0030042)
GO:0043491,-0.5513856147850864,-1.391216472723158,0.7809803922079569,27.82%,PTEN;TSC2;IRS1;PIK3CB;PIK3R4;PIK3R1;PIK3C2A;C1QBP;PIK3CG;PIK3CA,GO_Biological_Process_2025__Phosphatidylinositol 3-Kinase/Protein Kinase B Signal Transduction (GO:0043491)
GO:0071364,-0.5941048660032655,-1.391035207719045,0.7783486676411432,6.96%,INPP5K;VIL1;STAT5B,GO_Biological_Process_2025__Cellular Response to Epidermal Growth Factor Stimulus (GO:0071364)
GO:0006536,0.5788991380342952,1.3903875074874816,0.4855127571005354,5.92%,DGLUCY;OAT,GO_Biological_Process_2025__Glutamate Metabolic Process (GO:0006536)
GO:0051607,-0.4436685684513571,-1.390129970212602,0.776351626851543,24.38%,EIF2AK2;APOBEC3C;NLRC5;ISG15;IFIT5;OTUD4;LYST;RAB2B;STAT2;MYD88;UXT;ATG7;NCK1;TRIM56;TRAF6;TBK1;UBL7;TRIM21;SHFL;FADD;MARCHF2;BCL2L1,GO_Biological_Process_2025__Defense Response to Virus (GO:0051607)
GO:0032006,-0.4779399134824288,-1.3895679786765764,0.7692155847029667,33.22%,GOLPH3;TREM2;TSC2;FLCN;GSK3A;UBR1;PDCD6;C9ORF72;RPTOR;LAMTOR3;LAMTOR1;PRKAA1;SAR1B;PIK3CA;TSC1;LAMTOR5;ARAF;LAMTOR4;RICTOR,GO_Biological_Process_2025__Regulation of TOR Signaling (GO:0032006)
GO:0043523,-0.4679962891935418,-1.3889075470783434,0.7695701338282378,29.97%,SRPK2;TREM2;HTRA2;CASP14;GSK3A;F2R;CASP7;PRNP;TGFB2;CASP6;CDK5;CASP3;SOD2;BAX,GO_Biological_Process_2025__Regulation of Neuron Apoptotic Process (GO:0043523)
GO:0050918,-0.6089186832290308,-1.3888477435737328,0.7664696828570782,11.58%,TSC2;PLXNB3,GO_Biological_Process_2025__Positive Chemotaxis (GO:0050918)
GO:0097193,-0.4605653263042589,-1.388789476842655,0.7634252743345142,14.81%,PDK2;APAF1;HTRA2;PRKDC;CUL2;BAK1;CUL4A;LGALS12;CIDEB;ERN1;ITPR1,GO_Biological_Process_2025__Intrinsic Apoptotic Signaling Pathway (GO:0097193)
GO:0006826,0.5567175850053994,1.3884258464429513,0.4871155294431317,12.43%,FTH1;MELTF;SCARA5;TFR2;TFRC,GO_Biological_Process_2025__Iron Ion Transport (GO:0006826)
GO:0045815,-0.7340810540936861,-1.387765817656368,0.7624934747710385,14.83%,APOBEC3C;USP25,GO_Biological_Process_2025__Transcription Initiation-Coupled Chromatin Remodeling (GO:0045815)
GO:0051547,-0.6685013420753867,-1.3877173274966588,0.7594326061751914,3.69%,PTEN;MTOR,GO_Biological_Process_2025__Regulation of Keratinocyte Migration (GO:0051547)
GO:0030150,-0.6859163032330833,-1.3842930873126225,0.7748406363486274,3.71%,TOMM40L;TIMM44,GO_Biological_Process_2025__Protein Import Into Mitochondrial Matrix (GO:0030150)
GO:2000515,0.6607665850605777,1.3832228178796362,0.4952537479330361,0.04%,LGALS9,"GO_Biological_Process_2025__Negative Regulation of CD4-positive, Alpha-Beta T Cell Activation (GO:2000515)"
GO:0060396,-0.578634601468622,-1.382752628799179,0.780180677976369,40.08%,STAT6;JAK2;STAT5B;PIK3R1;PTK2;JAK3;STAT5A;STAT3;PTPN1;LYN;IGF1,GO_Biological_Process_2025__Growth Hormone Receptor Signaling Pathway (GO:0060396)
GO:0019751,-0.659248994521265,-1.3823495459807742,0.7790428464200674,26.35%,IP6K1;INPP4B;SYNJ1;OCRL;INPP5A;INPP5B,GO_Biological_Process_2025__Polyol Metabolic Process (GO:0019751)
GO:0006334,-0.6809233893308225,-1.3821582930183267,0.7767272805595412,2.65%,DNAJC9;RBBP4,GO_Biological_Process_2025__Nucleosome Assembly (GO:0006334)
GO:0016441,-0.6202325634059043,-1.381858649781358,0.7750125786622852,3.29%,TARBP2;GIGYF2,GO_Biological_Process_2025__Post-Transcriptional Gene Silencing (GO:0016441)
GO:0001885,0.4849076101519977,1.3818294585899114,0.4956833900335821,9.73%,EZR;PDE2A;RDX;COL18A1,GO_Biological_Process_2025__Endothelial Cell Development (GO:0001885)
GO:0010506,-0.4078521064790362,-1.3814103566692684,0.7742756721095585,28.13%,WDR41;TREM2;HTRA2;MTOR;FLCN;ATF6;GSK3A;DNPEP;ATP6V0A2;PIK3CB;PIK3R4;BECN1;OPTN;EXOC1;MTMR9;ATP6V1G1;ERN1;C9ORF72;ITPR1;GOLGA2;CCNY;UBR4;SLC35D3;NEDD4;TMEM59;RPTOR;RMC1;TBK1;EIF4G2;TRIM21;PIP4K2C;SH3GLB1;CDK5;PIK3C3;BCL2L1;ATP6V0C;PIK3C2A;ATP6V0A1;ATP6V1H;PRKAA1;CASP3;CISD2;ATP6V1D,GO_Biological_Process_2025__Regulation of Autophagy (GO:0010506)
GO:0062207,-0.6174184292943108,-1.3811693224621555,0.7723014499178317,32.52%,TREM2;ZDHHC5;PIK3R1;S100A9;APPL1;S100A8;IKBKB;APPL2,GO_Biological_Process_2025__Regulation of Pattern Recognition Receptor Signaling Pathway (GO:0062207)
GO:0048041,0.4933685945982097,1.3799433305704998,0.4972133295892639,7.48%,ACTN2;FERMT2;THSD1,GO_Biological_Process_2025__Focal Adhesion Assembly (GO:0048041)
GO:0016064,0.6065132332640862,1.3791089162725951,0.4967765705089746,12.24%,FCMR;CD81;IGLL5,GO_Biological_Process_2025__Immunoglobulin Mediated Immune Response (GO:0016064)
GO:0015868,-0.6648958202450572,-1.3785095196062054,0.7837803422701922,10.85%,LRRC8C;LRRC8D;PANX1,GO_Biological_Process_2025__Purine Ribonucleotide Transport (GO:0015868)
GO:1902373,0.4664069722788348,1.3779268204627917,0.4970236703400056,3.58%,DHX9;HNRNPAB;FUS;YBX1;THRAP3,GO_Biological_Process_2025__Negative Regulation of mRNA Catabolic Process (GO:1902373)
GO:0032981,-0.5382117800378003,-1.3777795249306208,0.778101747348897,38.40%,TMEM126A;NDUFA13;BCS1L;NDUFS8;NDUFS4;NDUFS3;NDUFS1;NDUFC2;NDUFB3;NDUFS7;NDUFA6;NDUFS2,GO_Biological_Process_2025__Mitochondrial Respiratory Chain Complex I Assembly (GO:0032981)
GO:0010257,-0.5382117800378003,-1.3777795249306208,0.778101747348897,38.40%,TMEM126A;NDUFA13;BCS1L;NDUFS8;NDUFS4;NDUFS3;NDUFS1;NDUFC2;NDUFB3;NDUFS7;NDUFA6;NDUFS2,GO_Biological_Process_2025__NADH Dehydrogenase Complex Assembly (GO:0010257)
GO:0008610,-0.4780354701704754,-1.3774038910019988,0.77699914730176,28.27%,MLYCD;ACACA;ACSF3;LPCAT1;ACSL1;ST3GAL4;GNPAT;ABCD3;GBA2;AGPAT3;DHRS7B;FDXR;AGPS;BCKDK;OXSM;PRKAA1;HSD17B8,GO_Biological_Process_2025__Lipid Biosynthetic Process (GO:0008610)
GO:0044539,-0.6979245756314331,-1.376703102644989,0.777561330759181,27.88%,RPS6KB1;ACSL3;SLC27A2;SLC27A4,GO_Biological_Process_2025__Long-Chain Fatty Acid Import Into Cell (GO:0044539)
GO:0002690,0.4112386093801146,1.3761817179221505,0.4984003281686038,2.59%,LGALS9;RARRES2,GO_Biological_Process_2025__Positive Regulation of Leukocyte Chemotaxis (GO:0002690)
GO:0071375,-0.4583427109614344,-1.3761257444595132,0.777317440267365,19.49%,INPP5K;PRKDC;MTOR;GSK3A;GCG;IRS1;RPS6KB1;PIK3R1;PCK2;MAPKAP1;MYO5A;IRS2,GO_Biological_Process_2025__Cellular Response to Peptide Hormone Stimulus (GO:0071375)
GO:0043161,-0.4033710112243774,-1.375936043439286,0.7752461041316601,18.21%,ANAPC7;NCCRP1;ZFAND2B;PPP2R5C;UBE4B;TRIM3;CUL2;RMND5A;TRIP4;UBE2G1;ZNRF2;NEMF;ASCC3;GSK3A;CUL4A;UXT;UBR1;KCMF1;DCAF11;CDC16;FBXW5;SHARPIN;UBR3;ARMC8;UBR4;LTN1;HUWE1;PSMC4,GO_Biological_Process_2025__Proteasome-Mediated Ubiquitin-Dependent Protein Catabolic Process (GO:0043161)
GO:0070729,-0.716468686977629,-1.3756125810826951,0.773830578944827,11.37%,LRRC8C;LRRC8D;ABCC4,GO_Biological_Process_2025__Cyclic Nucleotide Transport (GO:0070729)
GO:0031399,-0.562737187292601,-1.3748200057661697,0.7719656305867716,17.36%,STAT2;FER;CCAR2;ATG7;PTK2;NDUFS4,GO_Biological_Process_2025__Regulation of Protein Modification Process (GO:0031399)
GO:1901798,0.5630110927028439,1.3744120034423657,0.5002649944666268,8.78%,RPS7;DDX5;RPL23;RPS20;PLA2R1,GO_Biological_Process_2025__Positive Regulation of Signal Transduction by P53 Class Mediator (GO:1901798)
GO:1902107,0.5820415738733442,1.3718498043234473,0.5033817903729128,0.04%,LGALS9,GO_Biological_Process_2025__Positive Regulation of Leukocyte Differentiation (GO:1902107)
GO:0043304,0.5828653891369643,1.3717992848344065,0.5012574792736758,0.04%,LGALS9,GO_Biological_Process_2025__Regulation of Mast Cell Degranulation (GO:0043304)
GO:0045637,-0.6280367286030331,-1.371181736266405,0.7888824426041454,10.69%,PAF1;PRMT1;FES,GO_Biological_Process_2025__Regulation of Myeloid Cell Differentiation (GO:0045637)
GO:1903052,-0.5068944931664143,-1.3705043588215955,0.7895799926462886,14.02%,PTEN;TREM2;MTOR;TRAF7;CCDC22;PTK2,GO_Biological_Process_2025__Positive Regulation of Proteolysis Involved in Protein Catabolic Process (GO:1903052)
GO:0048285,-0.6203400753111289,-1.3687515011765965,0.7960583766879838,30.10%,MTFR1L;SLC25A46;MFF;ACOX1;PEX11B;DNM1L;PEX19,GO_Biological_Process_2025__Organelle Fission (GO:0048285)
GO:0032787,-0.460845679024235,-1.3686170328560574,0.7936843286029382,10.19%,MECR;ABAT;ACSF3;AASDHPPT;MTHFD1L;DECR2;ACSL3;PCCA;NPC1,GO_Biological_Process_2025__Monocarboxylic Acid Metabolic Process (GO:0032787)
GO:0032868,-0.4553808085022792,-1.3667881022208634,0.8005320219132187,19.49%,INPP5K;PRKDC;MTOR;OGT;GSK3A;IRS1;RPS6KB1;PIK3R1;PCK2;MAPKAP1;MYO5A;IRS2,GO_Biological_Process_2025__Response to Insulin (GO:0032868)
GO:0140467,-0.7208970192514523,-1.3662631787037107,0.800167085458734,11.18%,IMPACT;NFE2,GO_Biological_Process_2025__Integrated Stress Response Signaling (GO:0140467)
GO:0045824,-0.4878871407069106,-1.3652940647940264,0.7992446637073666,10.63%,TREX1;GIGYF2;NLRC5;ISG15;ATG5;IRAK3;STAT2;TRAFD1,GO_Biological_Process_2025__Negative Regulation of Innate Immune Response (GO:0045824)
GO:0050435,-0.6586648358815295,-1.3651609603682433,0.796889707852936,26.68%,PSEN2;DYRK1A;IDE;NCSTN,GO_Biological_Process_2025__Amyloid-Beta Metabolic Process (GO:0050435)
GO:0034315,-0.5477680189873234,-1.3651254006996842,0.7940160572847779,26.62%,WASHC2A;WASHC4;WASHC2C;WASF1;BRK1;CARMIL1;NCKAP1;ARFIP1,GO_Biological_Process_2025__Regulation of Arp2/3 Complex-Mediated Actin Nucleation (GO:0034315)
GO:0051928,-0.566952437110523,-1.3646272402207176,0.7938421992298296,6.38%,PDGFB;ATP2B1;F2R,GO_Biological_Process_2025__Positive Regulation of Calcium Ion Transport (GO:0051928)
GO:0006873,-0.7281614414786818,-1.3642022357192043,0.7931045098271975,2.17%,CNNM4,GO_Biological_Process_2025__Intracellular Monoatomic Ion Homeostasis (GO:0006873)
GO:0072330,-0.5046161720805464,-1.362605984081371,0.7988810934366695,18.99%,MLYCD;ACACA;OSBPL1A;ACSF3;ACOT8;OSBPL2;ABCD3;OSBPL6;SLC27A2,GO_Biological_Process_2025__Monocarboxylic Acid Biosynthetic Process (GO:0072330)
GO:0034214,-0.706567081192547,-1.3625383025360112,0.7961614657560506,3.81%,LRRC8C;LRRC8D,GO_Biological_Process_2025__Protein Hexamerization (GO:0034214)
GO:0071677,0.418008921849312,1.3622506887629755,0.5187050041959277,0.04%,LGALS9,GO_Biological_Process_2025__Positive Regulation of Mononuclear Cell Migration (GO:0071677)
GO:0051125,-0.6030766963498055,-1.362218223394997,0.7948432796373791,26.62%,WASHC2A;VIL1;WASHC4;WASHC2C;CARMIL1;ARFIP1,GO_Biological_Process_2025__Regulation of Actin Nucleation (GO:0051125)
GO:0051028,0.4452674400988684,1.3615838690223414,0.5178569851154985,4.78%,CHTOP;HNRNPA2B1;RBM8A;TPR;SARNP,GO_Biological_Process_2025__mRNA Transport (GO:0051028)
GO:0065004,-0.64390073671656,-1.3607731379579666,0.7997643660958765,2.65%,DNAJC9;RBBP4,GO_Biological_Process_2025__protein-DNA Complex Assembly (GO:0065004)
GO:0048207,-0.5374554013118114,-1.3606381968574983,0.7945583307817622,40.93%,PEF1;TRAPPC11;PREB;PDCD6;TRAPPC12;TRAPPC4;SAR1B;TRAPPC8;TMED10;TRAPPC1;TMED2;TRAPPC3;TRAPPC2L;TRAPPC5,"GO_Biological_Process_2025__Vesicle Targeting, Rough ER to cis-Golgi (GO:0048207)"
GO:0048208,-0.5374554013118114,-1.3606381968574983,0.7945583307817622,40.93%,PEF1;TRAPPC11;PREB;PDCD6;TRAPPC12;TRAPPC4;SAR1B;TRAPPC8;TMED10;TRAPPC1;TMED2;TRAPPC3;TRAPPC2L;TRAPPC5,GO_Biological_Process_2025__COPII Vesicle Coating (GO:0048208)
GO:0071479,0.489200329901563,1.3597397352341472,0.517034293007901,8.35%,TNKS1BP1;XRCC5;NUCKS1,GO_Biological_Process_2025__Cellular Response to Ionizing Radiation (GO:0071479)
GO:2000145,0.3573225774171861,1.3593545506127651,0.5156732360737142,3.71%,TMSB4X;PKN2;TNR;CRK,GO_Biological_Process_2025__Regulation of Cell Motility (GO:2000145)
GO:1901142,-0.6941067723863117,-1.3593235460198403,0.7988399343927108,18.60%,SLC30A5;YIPF5;ERN1;IDE,GO_Biological_Process_2025__Insulin Metabolic Process (GO:1901142)
GO:0097212,0.5631094324820318,1.3591388116545555,0.5139220840278526,15.18%,CHMP1A;CHMP6;CHMP1B;CHMP2A,GO_Biological_Process_2025__Lysosomal Membrane Organization (GO:0097212)
GO:2000779,0.5166353480259931,1.358936451770279,0.5121554542444873,7.04%,RAD50;SMARCD2;MRE11,GO_Biological_Process_2025__Regulation of Double-Strand Break Repair (GO:2000779)
GO:1905039,-0.5703835196148872,-1.358717645504922,0.799003231702317,12.24%,LRRC8C;LRRC8D;ABCC1;SLC25A13;SLC25A12,GO_Biological_Process_2025__Carboxylic Acid Transmembrane Transport (GO:1905039)
GO:0097061,-0.5648240286582666,-1.3586552407177552,0.796430215592024,35.09%,PTEN;TREM2;MTMR2;PRNP;FYN;ARHGEF7;DOCK10;IGF1R,GO_Biological_Process_2025__Dendritic Spine Organization (GO:0097061)
GO:0098657,-0.6568000757372104,-1.358126421881014,0.7964001174570837,27.88%,TREM2;RPS6KB1;ACSL3;SLC27A2;SLC27A4,GO_Biological_Process_2025__Import Into Cell (GO:0098657)
GO:0016310,-0.3952103030249536,-1.3578223968301333,0.7951716369612067,27.09%,SRPK2;EIF2AK2;PDGFB;PRKDC;CDK17;BIRC6;IRAK3;NEK1;DGKZ;PIK3R4;PRKAG1;DYRK1A;TNK2;FER;ILF3;MAPKAPK2;KALRN;ERN1;COPS2;PPP3CB;CLASP1;LONP1;PRKACB;CAMK2D;PHKG2;CAMK1;CSNK2A2;LIMD1;CDC42BPB;TBK1;CTBP1;STK39;DGKD;BRAF;NEK7;CDK5;PKN1;DGKA;PRKAA1;STK4,GO_Biological_Process_2025__Phosphorylation (GO:0016310)
GO:0000301,-0.677433168958351,-1.3570087430626674,0.7967053855584444,28.19%,COG2;COG5;COG8;COG4;COG6,"GO_Biological_Process_2025__Retrograde Transport, Vesicle Recycling Within Golgi (GO:0000301)"
GO:0014020,-0.5787864702870043,-1.3565770644129185,0.7903399270464089,11.31%,TSC2;SEMA4C;MTHFD1L;PHACTR4,GO_Biological_Process_2025__Primary Neural Tube Formation (GO:0014020)
GO:0001843,-0.5787864702870043,-1.3565770644129185,0.7903399270464089,11.31%,TSC2;SEMA4C;MTHFD1L;PHACTR4,GO_Biological_Process_2025__Neural Tube Closure (GO:0001843)
GO:0060606,-0.5787864702870043,-1.3565770644129185,0.7903399270464089,11.31%,TSC2;SEMA4C;MTHFD1L;PHACTR4,GO_Biological_Process_2025__Tube Closure (GO:0060606)
GO:0006111,-0.5906516026294704,-1.3561332935751065,0.7898338670857205,12.86%,PDK2;OGT;PRKAG1;FBP1,GO_Biological_Process_2025__Regulation of Gluconeogenesis (GO:0006111)
GO:0006164,-0.5709601715482492,-1.3547708760981942,0.7940865990809989,28.29%,PRPSAP2;PRPSAP1;GART;NMNAT3;NADSYN1;PFAS;ADSL;NADK,GO_Biological_Process_2025__Purine Nucleotide Biosynthetic Process (GO:0006164)
GO:0044772,-0.4786155052374258,-1.3545300474140245,0.7923584288559518,21.56%,CUL2;RPS6KB1;CUL4A;CUL4B;UXT;CLASP1;CCNY;BCAT1;CUL5;PLCB1;TACC3,GO_Biological_Process_2025__Mitotic Cell Cycle Phase Transition (GO:0044772)
GO:0006505,-0.7232021364776033,-1.3538377069130707,0.7849802529632187,21.04%,PIGG;SLC30A5;PIGN;DPM1,GO_Biological_Process_2025__GPI Anchor Metabolic Process (GO:0006505)
GO:0180046,-0.7232021364776033,-1.3538377069130707,0.7849802529632187,21.04%,PIGG;SLC30A5;PIGN;DPM1,GO_Biological_Process_2025__GPI Anchored Protein Biosynthesis (GO:0180046)
GO:0006506,-0.7232021364776033,-1.3538377069130707,0.7849802529632187,21.04%,PIGG;SLC30A5;PIGN;DPM1,GO_Biological_Process_2025__GPI Anchor Biosynthetic Process (GO:0006506)
GO:0170036,-0.5211021417190373,-1.353042268934971,0.7864044667823998,40.29%,TOMM40L;MCUR1;TIMM44;ITPR1;SLC25A40;TOMM40;MAIP1;MICU2;MCU;MICU1;PNPT1;SFXN2;SFXN1;TOMM70;SFXN3;VDAC1,GO_Biological_Process_2025__Import Into the Mitochondrion (GO:0170036)
GO:0043407,-0.5888981148739854,-1.352777712153959,0.7848978721662458,6.21%,INPP5K;IRAK3,GO_Biological_Process_2025__Negative Regulation of MAP Kinase Activity (GO:0043407)
GO:0010801,-0.7147960124597245,-1.3526927326858234,0.7826199586471457,0.17%,INPP5K,GO_Biological_Process_2025__Negative Regulation of Peptidyl-Threonine Phosphorylation (GO:0010801)
GO:0051918,-0.6780428662963798,-1.352365330446948,0.7816477398349854,5.61%,SERPINE1;THBD,GO_Biological_Process_2025__Negative Regulation of Fibrinolysis (GO:0051918)
GO:0045666,-0.6239499623372236,-1.3520899611365549,0.7805256826295563,0.64%,IMPACT,GO_Biological_Process_2025__Positive Regulation of Neuron Differentiation (GO:0045666)
GO:0045936,-0.6664673881423994,-1.351822956900259,0.7792000754186593,5.55%,INPP5K;GSK3A,GO_Biological_Process_2025__Negative Regulation of Phosphate Metabolic Process (GO:0045936)
GO:0006688,0.6004382018100849,1.3517805797953326,0.5249905070354944,5.90%,FUT1;ST8SIA5,GO_Biological_Process_2025__Glycosphingolipid Biosynthetic Process (GO:0006688)
GO:0061384,0.5346685066922084,1.351307623368773,0.5236891421518884,21.91%,BMP7;TGFBR3;FKBP1A;NOTCH1;RBP4;BMP10;ENG,GO_Biological_Process_2025__Heart Trabecula Morphogenesis (GO:0061384)
GO:1904705,-0.547159611624243,-1.3512521660286725,0.7794160316110087,17.71%,PTEN;PDGFB;CNN1;MFN2;ERN1;TPM1,GO_Biological_Process_2025__Regulation of Vascular Associated Smooth Muscle Cell Proliferation (GO:1904705)
GO:0022408,0.4371858146441318,1.3492726984234298,0.5255235259600064,14.93%,ASS1;EPCAM;JAG1;RDX;MIA3;PODXL,GO_Biological_Process_2025__Negative Regulation of Cell-Cell Adhesion (GO:0022408)
GO:0035542,-0.6024040136827721,-1.3490239632580023,0.7882219624952549,12.88%,VPS16;VPS11;VPS41,GO_Biological_Process_2025__Regulation of SNARE Complex Assembly (GO:0035542)
GO:0032367,-0.6500571209495947,-1.348847367702826,0.7863334076516069,33.66%,RELCH;OSBPL2;NPC1;VPS4A;LDLRAP1;OSBP,GO_Biological_Process_2025__Intracellular Cholesterol Transport (GO:0032367)
GO:0031929,-0.5199544107953579,-1.3484883095546856,0.7855255482190744,33.64%,MTOR;RPS6KB1;RPS6KA3;MAPKAP1;LARP1;RPTOR;LAMTOR3;CCDC88A;LAMTOR1;LAMTOR5;LAMTOR4;RICTOR;PRR5L,GO_Biological_Process_2025__TOR Signaling (GO:0031929)
GO:1902895,-0.6106002379045087,-1.3481568529317134,0.7845218545410577,21.21%,MRTFB;PDGFB;MRTFA;SMAD3;TGFB2,GO_Biological_Process_2025__Positive Regulation of miRNA Transcription (GO:1902895)
GO:0010389,-0.6744637344634044,-1.3473077678818797,0.7861684156192718,17.34%,AVEN;RRM2B;RAB11A,GO_Biological_Process_2025__Regulation of G2/M Transition of Mitotic Cell Cycle (GO:0010389)
GO:0034389,-0.5673869280573361,-1.3470638807880273,0.784737651505826,30.07%,PPID;CIDEB;RAB3GAP1;BSCL2;CDS2;FAF2;PRKAA1;MOSPD2;LDAH,GO_Biological_Process_2025__Lipid Droplet Organization (GO:0034389)
GO:1904262,-0.5198727030013219,-1.3468243881913913,0.7832690706788281,29.20%,TSC2;SEH1L;NPC1;PRKACB;TBK1;UBE3A;PRKAA1;SAR1B;TSC1,GO_Biological_Process_2025__Negative Regulation of TORC1 Signaling (GO:1904262)
GO:0061620,0.5188570032497449,1.3467624827118634,0.5284677638530975,0.29%,ENO3,GO_Biological_Process_2025__Glycolytic Process Through Glucose-6-Phosphate (GO:0061620)
GO:0110053,-0.6100597398260785,-1.346030113244471,0.7846068948100952,20.07%,XIRP2;VIL1;INPPL1;C9ORF72;BRK1,GO_Biological_Process_2025__Regulation of Actin Filament Organization (GO:0110053)
GO:0030198,0.3083534947234639,1.3453185656128983,0.5292803009636344,12.84%,COL2A1;MMP23B;COL28A1;CCDC80;ATP7A;COL5A3;LOX;APLP1;DPT;TLL2;ADAMTS5;COL1A2;COL18A1;COL12A1;CTSS;SPINT1;COL1A1;MATN2;LUM;ADAMTS8,GO_Biological_Process_2025__Extracellular Matrix Organization (GO:0030198)
GO:0098656,-0.5774234927077038,-1.3451966468873633,0.78627199344221,16.53%,LRRC8C;LRRC8D;SLC12A2;PANX1;CLCN3,GO_Biological_Process_2025__Monoatomic Anion Transmembrane Transport (GO:0098656)
GO:1901136,-0.5663931455905522,-1.3448659698322891,0.7854205528120158,21.77%,NCCRP1;GALE;STT3B;DERA;NGLY1;OGA,GO_Biological_Process_2025__Carbohydrate Derivative Catabolic Process (GO:1901136)
GO:0009220,-0.7090650487645285,-1.3447356837654862,0.7835540738839857,16.96%,DHODH;CMPK1;CTPS2;UMPS,GO_Biological_Process_2025__Pyrimidine Ribonucleotide Biosynthetic Process (GO:0009220)
GO:0050953,0.4283302909514863,1.3434728076651177,0.5310735877530722,15.66%,COL2A1;OAT;WFS1;COL18A1;COL1A1;LUM;CDH23;KIFC3,GO_Biological_Process_2025__Sensory Perception of Light Stimulus (GO:0050953)
GO:0038172,-0.6870403523171257,-1.3429123292427567,0.7878550143256104,19.22%,MYD88;IRAK1;MAP3K7;TRAF6,GO_Biological_Process_2025__Interleukin-33-Mediated Signaling Pathway (GO:0038172)
GO:2000781,0.471129371329256,1.340826116020549,0.5344894352652508,7.04%,PARP1;RAD50;FUS;SMARCD2;MRE11,GO_Biological_Process_2025__Positive Regulation of Double-Strand Break Repair (GO:2000781)
GO:0000079,-0.6094100137442662,-1.338380732916993,0.8084026361952448,31.92%,PTEN;CCNY;LONP1;HEXIM2;CDK5RAP3;PROC,GO_Biological_Process_2025__Regulation of Cyclin-Dependent Protein Serine/Threonine Kinase Activity (GO:0000079)
GO:0032479,-0.5022570635021797,-1.337813204242451,0.808616961038574,24.30%,ATG5;RAB2B;MYD88;IRAK1;TRIM56;TBK1;TRIM21;DDX3X;UFD1;NPLOC4,GO_Biological_Process_2025__Regulation of Type I Interferon Production (GO:0032479)
GO:0097028,0.6008992280852251,1.336532240047764,0.5412853597484811,0.04%,LGALS9,GO_Biological_Process_2025__Dendritic Cell Differentiation (GO:0097028)
GO:0032400,-0.6506243408837248,-1.3361280729247131,0.8093369979296984,18.39%,RAB27A;VPS33B;RAB11A;MYO5A,GO_Biological_Process_2025__Melanosome Localization (GO:0032400)
GO:0018107,-0.5354247796227317,-1.3360563755035777,0.8071495468221705,24.32%,PRKDC;DYRK1A;CAMK2D;TBK1;STK39;CDK5;CSNK2B,GO_Biological_Process_2025__Peptidyl-Threonine Phosphorylation (GO:0018107)
GO:1903027,0.5161031830470335,1.3357120819202806,0.5407201977859352,20.88%,MBL2;FCN2;FCN3;CFP;FCN1;COLEC10;C4BPB;COLEC11,GO_Biological_Process_2025__Regulation of Opsonization (GO:1903027)
GO:0000725,0.5106307512364815,1.335671290238326,0.5385714587941974,8.35%,RAD50;XRCC5;MRE11;SFPQ;NUCKS1,GO_Biological_Process_2025__Recombinational Repair (GO:0000725)
GO:0031098,-0.6225594546255797,-1.3344470984183066,0.8127471090072024,35.71%,TAOK2;MAP2K3;MAP3K7;IKBKB;MAPK14;MAP3K5,GO_Biological_Process_2025__Stress-Activated Protein Kinase Signaling Cascade (GO:0031098)
GO:1902414,0.4736841848566334,1.3343026180797577,0.5393763141912045,10.00%,PKN2;STAU2;FERMT2;HEG1;TJP1,GO_Biological_Process_2025__Protein Localization to Cell Junction (GO:1902414)
GO:0006754,-0.5524455622436052,-1.334163798836685,0.8116442878798251,43.97%,SLC25A13;ATP5PF;ATP5MF;PRKAG2;ATP5MJ;ATP5PO;ATP5MG;ATP5PB;ATP5PD;TGFB1;ATP5F1B;ATP5MK;ATP5ME;ATP5F1C,GO_Biological_Process_2025__ATP Biosynthetic Process (GO:0006754)
GO:0045841,0.5887458866901347,1.333251090159048,0.532659698568708,7.44%,ZNF207;TPR;TRIP13,GO_Biological_Process_2025__Negative Regulation of Mitotic Metaphase/Anaphase Transition (GO:0045841)
GO:0071173,0.5887458866901347,1.333251090159048,0.532659698568708,7.44%,ZNF207;TPR;TRIP13,GO_Biological_Process_2025__Spindle Assembly Checkpoint Signaling (GO:0071173)
GO:0007094,0.5887458866901347,1.333251090159048,0.532659698568708,7.44%,ZNF207;TPR;TRIP13,GO_Biological_Process_2025__Mitotic Spindle Assembly Checkpoint Signaling (GO:0007094)
GO:0071174,0.5887458866901347,1.333251090159048,0.532659698568708,7.44%,ZNF207;TPR;TRIP13,GO_Biological_Process_2025__Mitotic Spindle Checkpoint Signaling (GO:0071174)
GO:0007613,-0.5283793501132465,-1.332969644520268,0.8149932805665194,22.27%,TREM2;ATAD1;METAP1;PPP3CB;PRNP;PLCB1;LRRN4,GO_Biological_Process_2025__Memory (GO:0007613)
GO:0032008,-0.4514329771007657,-1.3322895217435091,0.815988534726582,33.22%,GOLPH3;TREM2;SEH1L;OGT;FLCN;PRMT1;RPS6KB1;LONP1;OTUB1;RPTOR;TBK1;LAMTOR3;NCKAP1L;LAMTOR1;PIK3CA;CLEC16A;LAMTOR5;PIP4P1;LAMTOR4;RICTOR,GO_Biological_Process_2025__Positive Regulation of TOR Signaling (GO:0032008)
GO:0090169,0.4455061364185069,1.3319427829217256,0.5311662435685227,11.10%,NUMA1;TPR;CHMP1A;CHMP6;CHMP1B;HNRNPU,GO_Biological_Process_2025__Regulation of Spindle Assembly (GO:0090169)
GO:0034497,-0.6397160431651403,-1.3314747732376686,0.8173843839838504,16.32%,WIPI1;MFN2;ATG4B;PACS2;ATG9A,GO_Biological_Process_2025__Protein Localization to Phagophore Assembly Site (GO:0034497)
GO:0032869,-0.4315424641621559,-1.3312380652741964,0.8159527522757951,27.88%,PDK2;INPP5K;PRKDC;MTOR;GSK3A;IRS1;RPS6KB1;FER;PIK3R1;PCK2;MAPKAP1;MYO5A;IDE;IRS2;APPL1;SHC1;RAB31;PIK3C2A;AKT2;PIK3CA;SLC27A4,GO_Biological_Process_2025__Cellular Response to Insulin Stimulus (GO:0032869)
GO:0098883,-0.6715567166338896,-1.331104975895202,0.8140098669442543,1.93%,TREM2,GO_Biological_Process_2025__Synapse Pruning (GO:0098883)
GO:0140354,-0.7039570553626927,-1.3307778283108338,0.8131906821630533,27.88%,RPS6KB1;ACSL3;SLC27A2;SLC27A4,GO_Biological_Process_2025__Lipid Import Into Cell (GO:0140354)
GO:0042168,-0.5218603664206007,-1.3304201616852334,0.8122643774744452,17.63%,ABCC1;TSPO;FXN;HMOX2;PPOX;ABCB6;COX15,GO_Biological_Process_2025__Heme Metabolic Process (GO:0042168)
GO:0007286,-0.6516283529859683,-1.330280637457358,0.8103601618896956,16.45%,YTHDC2;NECTIN2;FXR1,GO_Biological_Process_2025__Spermatid Development (GO:0007286)
GO:0097106,-0.6755823999880324,-1.330022375741878,0.80916075801648,1.12%,PTEN,GO_Biological_Process_2025__Postsynaptic Density Organization (GO:0097106)
GO:0043116,0.5588159251169947,1.3297807090106923,0.5336947954691764,7.13%,PDE2A;DDAH1;FERMT2,GO_Biological_Process_2025__Negative Regulation of Vascular Permeability (GO:0043116)
GO:1902475,-0.6429460475991098,-1.3294742491404563,0.8093239883660003,12.24%,SLC25A15;SLC25A13;SLC25A12,GO_Biological_Process_2025__L-alpha-amino Acid Transmembrane Transport (GO:1902475)
GO:0006896,-0.564214574665444,-1.329339120235191,0.8050195305211919,14.25%,RBSN;VTI1A;AP1G1;AP4M1;AP1G2,GO_Biological_Process_2025__Golgi to Vacuole Transport (GO:0006896)
GO:0031163,-0.583442077936257,-1.3290770006117554,0.8014213919167923,26.70%,IBA57;FXN;NFU1;NFS1;LYRM4;GLRX3,GO_Biological_Process_2025__Metallo-Sulfur Cluster Assembly (GO:0031163)
GO:0016226,-0.583442077936257,-1.3290770006117554,0.8014213919167923,26.70%,IBA57;FXN;NFU1;NFS1;LYRM4;GLRX3,GO_Biological_Process_2025__Iron-Sulfur Cluster Assembly (GO:0016226)
GO:0090313,-0.5805061670985878,-1.328990026317585,0.7993838194373257,0.17%,INPP5K,GO_Biological_Process_2025__Regulation of Protein Targeting to Membrane (GO:0090313)
GO:0043271,-0.6299720127797266,-1.328903690052215,0.7973644555936773,0.17%,INPP5K,GO_Biological_Process_2025__Negative Regulation of Monoatomic Ion Transport (GO:0043271)
GO:0007044,0.4306117320106566,1.328606456778212,0.5341749369536822,7.48%,ACTN2;FERMT2;THSD1,GO_Biological_Process_2025__Cell-Substrate Junction Assembly (GO:0007044)
GO:0001836,-0.6076361028153473,-1.3281099454930556,0.7988205245400324,29.97%,BAK1;BID;BCL2L1;SOD2;BAX,GO_Biological_Process_2025__Release of Cytochrome C From Mitochondria (GO:0001836)
GO:0061157,-0.5374978034756216,-1.327746763822798,0.7982572988676951,16.45%,GIGYF2;TUT7;FXR2;DIS3L2;CNOT1;FTO;FXR1,GO_Biological_Process_2025__mRNA Destabilization (GO:0061157)
GO:0051503,-0.6190350922700166,-1.3269727697419136,0.7949975541462087,10.85%,LRRC8C;LRRC8D;PANX1,GO_Biological_Process_2025__Adenine Nucleotide Transport (GO:0051503)
GO:0009889,-0.6997961514035185,-1.3269604059408262,0.7926666029011321,6.44%,JAK2;PIKFYVE,GO_Biological_Process_2025__Regulation of Biosynthetic Process (GO:0009889)
GO:0055086,-0.6520266410800408,-1.326421353564381,0.7929797573844531,18.35%,GUK1;CMPK1;NUDT18,GO_Biological_Process_2025__Nucleobase-Containing Small Molecule Metabolic Process (GO:0055086)
GO:0060397,-0.5928459664802075,-1.3251248178498232,0.7972258897094565,37.95%,STAT6;JAK2;STAT5B;JAK3;STAT5A;STAT3;PTPN1;LYN,GO_Biological_Process_2025__Growth Hormone Receptor Signaling Pathway via JAK-STAT (GO:0060397)
GO:0097581,-0.5087276686672687,-1.3244041571328449,0.7961272789048062,35.50%,GOLPH3;WASF1;MYO9B;CCDC88A;CARMIL1;SNX1;ARHGEF7;CYFIP1;ABLIM3;PARVB;P2RY12,GO_Biological_Process_2025__Lamellipodium Organization (GO:0097581)
GO:0045671,0.5958108668602242,1.3242466697898236,0.5411422572078998,40.49%,FBN1;LILRB1;FSTL3;LRRC17;TNFAIP6;LILRA6,GO_Biological_Process_2025__Negative Regulation of Osteoclast Differentiation (GO:0045671)
GO:2000060,-0.4678610956098307,-1.324091223113613,0.795256233939418,14.02%,PTEN;MTOR;GSK3A;TRAF7;CCDC22;HSPBP1;FBXO22;PTK2,GO_Biological_Process_2025__Positive Regulation of Ubiquitin-Dependent Protein Catabolic Process (GO:2000060)
GO:0002711,0.4130332713899431,1.323794657104178,0.5398511444295487,2.71%,HLA-F;HLA-DRB3,GO_Biological_Process_2025__Positive Regulation of T Cell Mediated Immunity (GO:0002711)
GO:0051205,-0.6706609149708891,-1.3226625690386842,0.7999693631825853,21.33%,TRAM1;GET4;MAIP1;CCDC47,GO_Biological_Process_2025__Protein Insertion Into Membrane (GO:0051205)
GO:0071478,0.595429736615726,1.3217969447540707,0.5398263902798278,0.79%,TNKS1BP1,GO_Biological_Process_2025__Cellular Response to Radiation (GO:0071478)
GO:1900119,-0.6987523724608714,-1.3207898405799343,0.8046673450316189,14.64%,HTRA2;GLMN;NDUFA13,GO_Biological_Process_2025__Positive Regulation of Execution Phase of Apoptosis (GO:1900119)
GO:1900117,-0.6987523724608714,-1.3207898405799343,0.8046673450316189,14.64%,HTRA2;GLMN;NDUFA13,GO_Biological_Process_2025__Regulation of Execution Phase of Apoptosis (GO:1900117)
GO:0051917,-0.6048737182034851,-1.3205165812154194,0.8037320673269107,20.38%,SERPINE1;THBD;GLMN;F12,GO_Biological_Process_2025__Regulation of Fibrinolysis (GO:0051917)
GO:0000422,-0.4772900559096109,-1.3204288548233254,0.8017832673774361,37.90%,NIPSNAP1;OGT;ATG5;WIPI1;BECN1;ATG7;ATG4B;ATG9A;CISD2;FUNDC2;CLEC16A;ATG2B;LRBA;ATG4A;SQSTM1;NIPSNAP2;PHB2,GO_Biological_Process_2025__Autophagy of Mitochondrion (GO:0000422)
GO:1901137,-0.5019095891857925,-1.3201626795963304,0.8007989932340579,25.31%,GOLPH3;RRM2B;ALG11;ST3GAL4;ALG5;MPDU1;ALG2;DPM1;GCNT1;ALG3,GO_Biological_Process_2025__Carbohydrate Derivative Biosynthetic Process (GO:1901137)
GO:0071312,-0.66751698412513,-1.319925447696083,0.7996434103437107,27.65%,CASP7;CASP6;GSTM2;CASP3,GO_Biological_Process_2025__Cellular Response to Alkaloid (GO:0071312)
GO:0016237,-0.5972018605344076,-1.3196366668649453,0.7987117416843563,33.89%,ATG5;ATG7;ATG4B;ATG16L1;ATG9A;VPS4A;ATG2B;ATG4A,GO_Biological_Process_2025__Microautophagy (GO:0016237)
GO:0001959,-0.4931734869092168,-1.319596338431145,0.796591388379631,14.21%,TMC8;IRAK3;IRAK1;MAPKAPK2;SHARPIN;SPHK1,GO_Biological_Process_2025__Regulation of Cytokine-Mediated Signaling Pathway (GO:0001959)
GO:0046034,0.360576365780083,1.319187099946743,0.5429612653831081,4.00%,ENO3;PARP1;MYH7,GO_Biological_Process_2025__ATP Metabolic Process (GO:0046034)
GO:0035303,-0.6325820819784482,-1.319118285870883,0.7965836857057926,18.23%,INPP5K;MTMR9;SMG5;MTMR2,GO_Biological_Process_2025__Regulation of Dephosphorylation (GO:0035303)
GO:0001961,-0.5293391956183804,-1.3183625969335204,0.798150899935299,25.97%,PARP14;NLRC5;TRIM56;AGPAT1;RIPK1;CXCR4;FADD;PARP9,GO_Biological_Process_2025__Positive Regulation of Cytokine-Mediated Signaling Pathway (GO:0001961)
GO:0000122,0.2877795465264388,1.3176542289769777,0.5440171106715663,7.33%,DNAJA3;TRPS1;PARP1;DDX5;RBBP7;RPL23;H1-5;EZR;PDE2A;USP9X;EPX;RPS14;TPR;DNAJB1;BIN1;RALY;SEMA4D;WFS1;SFPQ,GO_Biological_Process_2025__Negative Regulation of Transcription by RNA Polymerase II (GO:0000122)
GO:0070201,-0.6442619395130119,-1.317398679219148,0.798378354712265,13.19%,TREM2;PTP4A3;GAPVD1,GO_Biological_Process_2025__Regulation of Establishment of Protein Localization (GO:0070201)
GO:0046326,-0.5702682923385073,-1.3167236839830398,0.7994973809660401,26.55%,IRS1;PIK3R1;OSBPL8;IRS2;ITLN1;APPL1;AKT2,GO_Biological_Process_2025__Positive Regulation of D-glucose Import (GO:0046326)
GO:0051261,-0.5543800722015858,-1.3166610601345154,0.7974720585069597,16.36%,VIL1;NCKAP5L;MICAL3;TWF1,GO_Biological_Process_2025__Protein Depolymerization (GO:0051261)
GO:1904752,-0.6483132106791629,-1.3159134756989026,0.7987890317774959,31.69%,PDGFB;DOCK5;TPM1;DOCK7;PRKG1,GO_Biological_Process_2025__Regulation of Vascular Associated Smooth Muscle Cell Migration (GO:1904752)
GO:0001667,0.5166089204946364,1.3158651584864696,0.5455116583560888,6.94%,PKN2;FAT2;ITGA4,GO_Biological_Process_2025__Ameboidal-Type Cell Migration (GO:0001667)
GO:0060071,0.6207128009958166,1.3153178131769416,0.544660356938558,2.63%,CELSR2,"GO_Biological_Process_2025__Wnt Signaling Pathway, Planar Cell Polarity Pathway (GO:0060071)"
GO:0031639,0.6072983620153432,1.314052405224345,0.5452497779984812,39.33%,PGK1;FGG;FGA;KLKB1;FGB,GO_Biological_Process_2025__Plasminogen Activation (GO:0031639)
GO:0046785,-0.5402398490870596,-1.3138936872110316,0.8041824523885367,29.70%,NEDD1;TUBGCP2;TUBGCP3;GOLGA2;CLASP1;TUBGCP6;RANBP9;TUBGCP4;CKAP5,GO_Biological_Process_2025__Microtubule Polymerization (GO:0046785)
GO:2001244,0.4235800493208614,1.3130597686476833,0.5454471054475731,8.41%,RPS7;BCLAF1;RPS3;LCK;SFPQ;RACK1,GO_Biological_Process_2025__Positive Regulation of Intrinsic Apoptotic Signaling Pathway (GO:2001244)
GO:0036211,-0.3591541186601186,-1.3123656176005607,0.8071851335084329,27.09%,SRPK2;PTEN;EIF2AK2;PDGFB;MTMR6;PPP2R2A;PLPP6;PRKDC;TGM3;CDK17;BIRC6;LOXL1;ATG5;JAK2;IRAK3;NEK1;PARP4;SBF1;MAN2B1;PIK3R4;PRKAG1;DYRK1A;NPC1;ADPRH;ST3GAL4;FER;ILF3;MAPKAPK2;FBXO22;ATG7;KALRN;METAP1;STT3B;ATG4B;ERN1;COPS2;USP25;PPP3CB;GOLGA2;CLASP1;LONP1;PRKACB;CAMK2D;TMEM59;PHKG2;YES1;CAMK1;CSNK2A2;CDC42BPB;TBK1;CTBP1;ALG2;SEPHS1;STK39;OGA;MGAT4B;BRAF;ATE1;CSTA;UBE2L3;NEK7;SSH1;PLOD2;STT3A;PKN1;RPN2;ALG3;METAP2;PHKA2;ARFGEF1;AKT2;PRKAA1;UBA7;STK4,GO_Biological_Process_2025__Protein Modification Process (GO:0036211)
GO:0061718,0.5201492972640018,1.3119299786646217,0.5436900695295867,0.29%,ENO3,GO_Biological_Process_2025__Glucose Catabolic Process to Pyruvate (GO:0061718)
GO:0061621,0.5201492972640018,1.3119299786646217,0.5436900695295867,0.29%,ENO3,GO_Biological_Process_2025__Canonical Glycolysis (GO:0061621)
GO:0033135,-0.5426491117355029,-1.3117514596357227,0.8079254369874883,32.91%,INPP5K;PTEN;RPTOR;BRAF;PKN1;STK4;CNOT9;EIF4G1;ARAF,GO_Biological_Process_2025__Regulation of Peptidyl-Serine Phosphorylation (GO:0033135)
GO:0071230,-0.538031294662994,-1.3115406851586868,0.8066703259450279,33.12%,MTOR;PRMT1;UBR1;IPO5;RPTOR;LAMTOR3;LAMTOR1;FYN;LAMTOR5;LAMTOR4,GO_Biological_Process_2025__Cellular Response to Amino Acid Stimulus (GO:0071230)
GO:0019433,0.6185276158133353,1.3111263986064492,0.543325025356509,15.04%,PM20D1;LPL;APOC3;LIPC,GO_Biological_Process_2025__Triglyceride Catabolic Process (GO:0019433)
GO:0010468,0.269824261621618,1.3110354214751343,0.5414752944759518,9.71%,LGALS9;ICOSLG;CRABP2;RAMP3;SRSF1;RPS7;RBBP7;RPL23;ITGAX;RPL6;RPL5;HNRNPAB;CELSR2;FUS;YBX1;EZR;CILP;PDE2A;AHNAK;HINT1;HNRNPL;SRRT;MATR3;BMP7;C1QTNF3;SF3B3;CHMP1A;RPS3;TLR2;YBX3;CD276;SFPQ;HNRNPD;ATP2B4;IFNGR1;RACK1;RDX;ERC1;SLC7A5;NTS;PLSCR1;AGR2,GO_Biological_Process_2025__Regulation of Gene Expression (GO:0010468)
GO:0070542,-0.7038542511812271,-1.3109219085330135,0.8074860321523625,6.01%,PDK3;IRS1,GO_Biological_Process_2025__Response to Fatty Acid (GO:0070542)
GO:0006783,-0.5732683554430579,-1.3108942212300476,0.8053618196838428,17.63%,TSPO;FXN;PPOX;ABCB6;COX15,GO_Biological_Process_2025__Heme Biosynthetic Process (GO:0006783)
GO:0032872,-0.5256714516300044,-1.310762604778355,0.8037954343628129,4.12%,EIF2AK2;SEMA4C;TAOK2,GO_Biological_Process_2025__Regulation of Stress-Activated MAPK Cascade (GO:0032872)
GO:0006829,-0.6698947016301222,-1.309917307085371,0.8034890123855998,9.59%,SLC30A5;SLC30A6,GO_Biological_Process_2025__Zinc Ion Transport (GO:0006829)
GO:0006275,0.4936224807651749,1.309535515563527,0.5424615263989953,11.43%,DHX9;NUCKS1;S100A11,GO_Biological_Process_2025__Regulation of DNA Replication (GO:0006275)
GO:0031333,-0.4911095235360808,-1.308500891616512,0.8059200668364954,20.61%,TREM2;OGT;TMC8;LAMP2;ANKRD27;DDX3X,GO_Biological_Process_2025__Negative Regulation of Protein-Containing Complex Assembly (GO:0031333)
GO:0045646,-0.537684088617902,-1.3084433219648477,0.801854931508757,7.33%,PRKDC;PRMT1;STAT5B;ZFPM1,GO_Biological_Process_2025__Regulation of Erythrocyte Differentiation (GO:0045646)
GO:0008535,-0.67362569949938,-1.308140038743358,0.801193558476933,24.48%,SLC25A46;SCO1;SURF1;COX20,GO_Biological_Process_2025__Respiratory Chain Complex IV Assembly (GO:0008535)
GO:0070979,-0.6400419122661742,-1.308049575536723,0.7994417317849803,23.09%,ANAPC7;CDC16;UBR4;CUL5;UBE2L3,GO_Biological_Process_2025__Protein K11-linked Ubiquitination (GO:0070979)
GO:0043434,-0.4709825924177097,-1.3075461640751498,0.7996819538636208,16.69%,STAT6;OGT;IRS1;STAT5B;EIF2B3;STAT2;EIF2B5;EIF2B1;SMAD3,GO_Biological_Process_2025__Response to Peptide Hormone (GO:0043434)
GO:0001916,0.4559899940026335,1.3073830860738125,0.5450182102590408,0.21%,HLA-F,GO_Biological_Process_2025__Positive Regulation of T Cell Mediated Cytotoxicity (GO:0001916)
GO:0006261,-0.6714178050278012,-1.3067979031285268,0.7990607400427544,8.86%,RRM2B;SLC25A15;HELB,GO_Biological_Process_2025__DNA-templated DNA Replication (GO:0006261)
GO:2000404,0.4559696953171638,1.3059706788974932,0.5458128458711535,0.04%,LGALS9,GO_Biological_Process_2025__Regulation of T Cell Migration (GO:2000404)
GO:0043217,-0.683076218613413,-1.3054254722540524,0.8033613723010641,1.12%,PTEN,GO_Biological_Process_2025__Myelin Maintenance (GO:0043217)
GO:0051093,0.3997438392112135,1.305062961646382,0.5456566951677981,6.52%,PARP1;RBBP7;FGFR3;PTPRS;KIAA0319,GO_Biological_Process_2025__Negative Regulation of Developmental Process (GO:0051093)
GO:0019430,0.5195529990997951,1.3049342715150187,0.5439499864865612,18.52%,ATP7A;SOD1;PRDX1;SOD3;CCS,GO_Biological_Process_2025__Removal of Superoxide Radicals (GO:0019430)
GO:0032456,-0.4269328282640692,-1.3045462770422351,0.8055451552347378,25.50%,VPS51;STX16;VTI1A;EHD4;SNX4;CCDC22;WASHC2C;VPS35L;VPS26C;ANKRD27;RAB12;VPS53;STX12;SNX27;MICALL1;CCDC93;STX6,GO_Biological_Process_2025__Endocytic Recycling (GO:0032456)
GO:0036444,-0.6102482031698727,-1.3043380790712675,0.8044152581349678,25.72%,MCUR1;ITPR1;MAIP1;MICU2;MCU;MICU1,GO_Biological_Process_2025__Calcium Import Into the Mitochondrion (GO:0036444)
GO:0018209,-0.4624201059356361,-1.3040815209221202,0.8036368313565541,20.59%,SRPK2;PRKDC;PDK3;RPS6KB1;DYRK1A;MAPKAPK2;GRK2;CAB39;MAPKAPK3;CAMK2D;TBK1;STK39,GO_Biological_Process_2025__Peptidyl-Serine Modification (GO:0018209)
GO:0009057,-0.4755895079192255,-1.303620073960609,0.8036756230529228,27.65%,CLN6;HTRA2;DENND3;PIK3R4;BECN1;CASP7;LAMP2;RAB12;LONP1;NEDD4;IDE;RIPK1;SH3GLB1;UBE2Z;CASP3,GO_Biological_Process_2025__Macromolecule Catabolic Process (GO:0009057)
GO:0043276,-0.6898169358457445,-1.3035550341132836,0.8019167232150393,14.17%,TSC2;MTOR;MAP3K7,GO_Biological_Process_2025__Anoikis (GO:0043276)
GO:0052372,-0.6545716596635864,-1.3026860479994478,0.8040287856352191,34.34%,NECTIN2;EXOC2;TRIM5;EXOC7;TRIM25,GO_Biological_Process_2025__Modulation by Symbiont of Entry Into Host (GO:0052372)
GO:0031397,-0.4872400069703887,-1.3021562696549258,0.8045138806179942,15.66%,DTX3L;ISG15;OGT;CAMLG;BAG5;VPS28,GO_Biological_Process_2025__Negative Regulation of Protein Ubiquitination (GO:0031397)
GO:0043254,-0.4098704308748908,-1.3017308887254808,0.804491102696896,22.56%,EIF2AK2;VPS16;BAK1;VPS11;NCLN;TMC8;OSBPL2;PREB;VPS41;LAMP2;MPP7;BID;BRK1;DDX3X;SH3GLB1,GO_Biological_Process_2025__Regulation of Protein-Containing Complex Assembly (GO:0043254)
GO:0070849,-0.541396890253525,-1.3006860109088838,0.8073457830584602,6.96%,INPP5K;VIL1;STAT5B,GO_Biological_Process_2025__Response to Epidermal Growth Factor (GO:0070849)
GO:0043647,-0.5988179209188412,-1.300599436666148,0.8056880462344677,26.35%,IP6K1;INPP4B;SYNJ1;OCRL;INPP5A;INPP5B,GO_Biological_Process_2025__Inositol Phosphate Metabolic Process (GO:0043647)
GO:0006488,-0.5734089058550341,-1.3001360499052248,0.8058425224310615,25.31%,DOLPP1;ALG11;ALG5;MPDU1;ALG2;DPM1;ALG3,GO_Biological_Process_2025__Dolichol-Linked Oligosaccharide Biosynthetic Process (GO:0006488)
GO:0032660,-0.5458931880436985,-1.2996299742013036,0.8061588595903204,22.80%,JAK2;MYD88;VSIR;SPHK1;PRNP;NCKAP1L;IL18,GO_Biological_Process_2025__Regulation of Interleukin-17 Production (GO:0032660)
GO:0043409,-0.4421585310730165,-1.2996237724610047,0.8041174529732108,7.97%,INPP5K;TREM2;FLCN;PRMT1;IRAK3;PIK3CB,GO_Biological_Process_2025__Negative Regulation of MAPK Cascade (GO:0043409)
GO:1990456,-0.6882002475255313,-1.299234681519038,0.8039173156019565,13.86%,PSEN2;PDZD8;PACS2,GO_Biological_Process_2025__Mitochondrion-Endoplasmic Reticulum Membrane Tethering (GO:1990456)
GO:0038202,-0.5561584668787944,-1.2982993004746646,0.8063031426751474,33.12%,MTOR;RPS6KB1;RPS6KA3;LARP1;RPTOR;LAMTOR3;LAMTOR1;LAMTOR5;LAMTOR4,GO_Biological_Process_2025__TORC1 Signaling (GO:0038202)
GO:1900151,0.5312044975870447,1.2981775611042154,0.5557314613072425,11.10%,DHX9;YBX1;HNRNPD;HNRNPU,"GO_Biological_Process_2025__Regulation of Nuclear-Transcribed mRNA Catabolic Process, Deadenylation-Dependent Decay (GO:1900151)"
GO:0009152,-0.5012370131948041,-1.2978166091754106,0.8064732936502337,29.74%,GMPS;SLC25A13;GART;ADCY6;GUCY1A1;AMPD2;PRKAG2;PFAS;ADSL;GUCY1B1;ATP5PO,GO_Biological_Process_2025__Purine Ribonucleotide Biosynthetic Process (GO:0009152)
GO:0046486,-0.6938866798735449,-1.2974621672230144,0.806028999706934,7.46%,PLA2G15;DGKZ,GO_Biological_Process_2025__Glycerolipid Metabolic Process (GO:0046486)
GO:0090335,-0.6833303780344683,-1.2968071834490509,0.8071982889576297,16.78%,FLCN;FTO;LONP1,GO_Biological_Process_2025__Regulation of Brown Fat Cell Differentiation (GO:0090335)
GO:0032401,-0.6786487136804016,-1.2965954156111048,0.8021318283057772,18.39%,RAB27A;RAB11A;MYO5A,GO_Biological_Process_2025__Establishment of Melanosome Localization (GO:0032401)
GO:0051904,-0.6786487136804016,-1.2965954156111048,0.8021318283057772,18.39%,RAB27A;RAB11A;MYO5A,GO_Biological_Process_2025__Pigment Granule Transport (GO:0051904)
GO:0032402,-0.6786487136804016,-1.2965954156111048,0.8021318283057772,18.39%,RAB27A;RAB11A;MYO5A,GO_Biological_Process_2025__Melanosome Transport (GO:0032402)
GO:0006551,-0.6887829151980096,-1.2965486350892146,0.800321972348921,31.21%,BCAT2;MCCC2;HMGCL;IVD;MCCC1,GO_Biological_Process_2025__L-leucine Metabolic Process (GO:0006551)
GO:0030502,-0.7110571162484035,-1.2963074992140615,0.7994277014950786,13.57%,TRPM4;SRGN,GO_Biological_Process_2025__Negative Regulation of Bone Mineralization (GO:0030502)
GO:0003148,-0.6821722574238436,-1.2961159195934675,0.7963231254905497,21.21%,FGFR2;TGFB2,GO_Biological_Process_2025__Outflow Tract Septum Morphogenesis (GO:0003148)
GO:0035774,-0.6431063864667617,-1.2959814286693865,0.7950144067456631,15.47%,TRPM4;GCG;PPP3CB,GO_Biological_Process_2025__+ Reg of Insulin Secretion Inv in Cellular Resp to Glucose Stimulus (GO:0035774)
GO:0042147,-0.4059277331430674,-1.2957666345506051,0.793973961281597,38.38%,WASHC2A;RBSN;VPS51;STX16;VTI1A;HEATR5A;PIKFYVE;HEATR5B;SURF4;GOSR1;TRAPPC10;TBC1D5;WASHC2C;VPS53;ANKFY1;TMEM87A;SNX8;TBC1D23;VTI1B;LMAN1;STX5;STX6;GGA1;TMEM87B;SNX1;CLTC;RAB6A;PTGES2;UBE2O;VPS50;YKT6;DCTN1;SNX5;TMED9,"GO_Biological_Process_2025__Retrograde Transport, Endosome to Golgi (GO:0042147)"
GO:1905476,-0.5051524678104469,-1.294188500252795,0.7972085484237095,4.60%,INPP5K;PPP2R5A,GO_Biological_Process_2025__Negative Regulation of Protein Localization to Membrane (GO:1905476)
GO:0140894,-0.6089045854906341,-1.2941720876662774,0.7953282865760408,34.15%,MYD88;IRAK1;MAP3K7;TRAF6;IKBKB;EPG5;IRAK4,GO_Biological_Process_2025__Endolysosomal Toll-Like Receptor Signaling Pathway (GO:0140894)
GO:0010810,-0.4544551884867918,-1.293658952503027,0.7957135703282767,16.14%,PDGFB;JAK2;PIK3CB;RAC2;WASHC2C;PTK2;TBCD,GO_Biological_Process_2025__Regulation of Cell-Substrate Adhesion (GO:0010810)
GO:0007041,-0.4298675942380302,-1.293369759833442,0.7950927846949939,25.37%,RBSN;VPS51;PIK3R4;AP1G1;BECN1;NPC1;AP4M1;M6PR;GGA3;VPS41;C9ORF72;VPS53;NEDD4;ANKFY1;PIK3C3;AP3M1;UBE2Z,GO_Biological_Process_2025__Lysosomal Transport (GO:0007041)
GO:2000036,-0.5918720340306254,-1.2925425449909056,0.796929819290927,12.10%,CNOT3;RBBP4;OGT;CNOT1,GO_Biological_Process_2025__Regulation of Stem Cell Population Maintenance (GO:2000036)
GO:0009168,-0.6295050837425792,-1.291217134625593,0.8012112404199047,25.04%,GMPS;GART;AMPD2;PFAS,GO_Biological_Process_2025__Purine Ribonucleoside Monophosphate Biosynthetic Process (GO:0009168)
GO:0006901,-0.475109991261312,-1.2907384480963409,0.8014775880115763,40.93%,PEF1;TRAPPC11;TRAPPC10;PREB;PDCD6;TRAPPC12;TRAPPC4;SAR1B;TRAPPC8;TMED10;TRAPPC1;TMED2;TRAPPC9;TRAPPC3;TRAPPC6B;TRAPPC2L;TRAPPC5,GO_Biological_Process_2025__Vesicle Coating (GO:0006901)
GO:0048640,0.4831029697270835,1.2905050197523162,0.5702354844873493,9.13%,SEMA6D;FGFR3;PTPRS;KIAA0319;DIP2B,GO_Biological_Process_2025__Negative Regulation of Developmental Growth (GO:0048640)
GO:0030593,-0.4913981732311977,-1.2903035633935738,0.8014088858251603,34.49%,PIKFYVE;SAA2;S100A12;S100A9;TGFB2;S100A8;PIP5K1C;PIK3CG;PF4V1;PTGES2,GO_Biological_Process_2025__Neutrophil Chemotaxis (GO:0030593)
GO:1903978,-0.6512125675598281,-1.2901105178970815,0.800366771133369,14.21%,TREM2;SPHK1,GO_Biological_Process_2025__Regulation of Microglial Cell Activation (GO:1903978)
GO:1903131,0.4203483365091059,1.2899905310499429,0.5691739551778449,3.15%,PARP1;PDE2A,GO_Biological_Process_2025__Mononuclear Cell Differentiation (GO:1903131)
GO:0006895,-0.579841464160435,-1.2895271040129357,0.8011496341917282,36.02%,WIPI1;VPS13C;MON2;AP4M1;VPS13A;EPS15;PTGES2;SORT1,GO_Biological_Process_2025__Golgi to Endosome Transport (GO:0006895)
GO:0046580,-0.6323488259219946,-1.28847153576348,0.8040687774445128,21.21%,LZTR1;MFN2;FBP1;MAPKAP1;STAMBP;TGFB2,GO_Biological_Process_2025__Negative Regulation of Ras Protein Signal Transduction (GO:0046580)
GO:0033363,-0.4852450539225651,-1.2884202498880724,0.8023372818178693,24.92%,HPS1;LYST;F2R;VPS33B;AP1G1;F2RL3;SRGN;SLC35D3;AP3B1;AP3M1,GO_Biological_Process_2025__Secretory Granule Organization (GO:0033363)
GO:0034763,-0.6561694051073138,-1.2876137163562211,0.8040538189181439,0.17%,INPP5K,GO_Biological_Process_2025__Negative Regulation of Transmembrane Transport (GO:0034763)
GO:1901524,-0.5789009641355576,-1.2869523002252743,0.8050952079145118,30.74%,TSC2;GSK3A;SLC6A4;FKBP8;CSNK2A2;DNM1L;SLC25A5,GO_Biological_Process_2025__Regulation of Mitophagy (GO:1901524)
GO:0051726,-0.3969374298955464,-1.2868875517442184,0.8035107935426383,24.09%,ANAPC7;SRPK2;TSC2;HTRA2;GRK5;TBRG4;PRKAG1;GLMN;UXT;PHACTR4;CDC16;RIPOR2;FGFR2;LONP1;IPO5;CSNK2A2;SIPA1;ZPR1;CTBP1;EIF4G2;TRIM21;TTLL12;TGFB2;PRKAG2;NEK7;CDK5,GO_Biological_Process_2025__Regulation of Cell Cycle (GO:0051726)
GO:0019318,-0.4646206700569883,-1.2866888117988933,0.8025774929143956,19.49%,PDK2;ALDOC;HECTD4;H6PD;FBP1;SORD;IRS2,GO_Biological_Process_2025__Hexose Metabolic Process (GO:0019318)
GO:0051452,-0.5221238019434037,-1.2865763709665212,0.8010893868862958,28.13%,DMXL1;ATP6V0A2;ATP6V1F;CLCN3;ATP6AP2;ATP6V0C;ATP6V0A1;ATP6V1H;RAB38;ATP6V1D,GO_Biological_Process_2025__Intracellular pH Reduction (GO:0051452)
GO:0015711,-0.4846348614680121,-1.2861142356591773,0.801324516178159,17.19%,LRRC8C;LRRC8D;SLC35B1;PANX1;ABCC4;SLC4A2;SLC35D3,GO_Biological_Process_2025__Organic Anion Transport (GO:0015711)
GO:0019395,-0.4749089646497549,-1.2860578961550535,0.7996794521596172,47.80%,EHHADH;ECHDC2;ILVBL;CPT2;ABCD3;SLC27A2;ACAA2;ACOX1;ACADS;ECI1;ACAA1;HADH;ECI2;HADHB;HADHA;ALOX12;ACADM;HSD17B10;HSD17B4;ECHS1,GO_Biological_Process_2025__Fatty Acid Oxidation (GO:0019395)
GO:0046513,-0.590888936488675,-1.2858173073941908,0.7989239562269409,34.07%,MECR;SPTLC1;SPTLC2;ASAH1;CERS2,GO_Biological_Process_2025__Ceramide Biosynthetic Process (GO:0046513)
GO:0090160,-0.6092293325791739,-1.2854565548026626,0.7967692685744527,10.89%,RBSN;AP1G1;AP4M1,GO_Biological_Process_2025__Golgi to Lysosome Transport (GO:0090160)
GO:0051494,0.451568492975316,1.284763242487682,0.5781593085773643,4.04%,TMSB4X;FKBP4,GO_Biological_Process_2025__Negative Regulation of Cytoskeleton Organization (GO:0051494)
GO:0036119,-0.6907418565781158,-1.2847630618164214,0.7980152779925835,20.24%,PDGFB;FER;MTSS2,GO_Biological_Process_2025__Response to Platelet-Derived Growth Factor (GO:0036119)
GO:0019229,-0.5567912432386933,-1.2845043107937957,0.797283958628428,6.38%,ATP2B1;TRPM4;F2R,GO_Biological_Process_2025__Regulation of Vasoconstriction (GO:0019229)
GO:0032689,0.4884642248085372,1.284419242052421,0.5768329350113157,0.04%,LGALS9,GO_Biological_Process_2025__Negative Regulation of Type II Interferon Production (GO:0032689)
GO:0141124,-0.3760728497595873,-1.284282769088574,0.7964199551314866,28.07%,ARHGAP32;PTEN;ARHGEF18;TSC2;CHUK;TRPM4;IRS1;KRIT1;PIK3CB;PIK3R4;TNK2;IRAK1;MAPKAPK2;NFE2;PIK3R1;CCRL2;VAV3;TAB1;GUCY1A1;MAP2K3;MAP3K7;SPHK1;REPS1;SMAD3;TRAF6;TBK1;MCTP2;CCDC88A;SAMD14;BRAF;CXCR4;MCU;PIK3C2A;PKN1;VAV1;C1QBP;NFKB2;RAB38;MYO18A;PIK3CG;PIK3CA;PLCG2,GO_Biological_Process_2025__Intracellular Signaling Cassette (GO:0141124)
GO:0006107,-0.6837543353567112,-1.2841354502584832,0.7952117586979133,12.05%,NIT2;PCK2,GO_Biological_Process_2025__Oxaloacetate Metabolic Process (GO:0006107)
GO:0072329,-0.6321836579114641,-1.2827855588796906,0.7994956553319587,35.54%,PLA2G15;ACOT8;ACOX1;FAH;ECI2;ACOT7,GO_Biological_Process_2025__Monocarboxylic Acid Catabolic Process (GO:0072329)
GO:0141087,-0.5830073537964996,-1.2820136798182329,0.8010238910921428,28.07%,ZDHHC5;MYD88;DDX3X;NEK7;PLCG2,GO_Biological_Process_2025__Positive Regulation of Inflammasome-Mediated Signaling Pathway (GO:0141087)
GO:0019941,-0.3931400656234271,-1.2815911600652852,0.8011074692928928,24.30%,UBE4B;DTX3L;UBE3B;MIB1;ISG15;UBE2G1;CBL;HERC4;KCMF1;FBXO22;UBE3C;UBR3;UBA6;UBR4;LONP1;PCYOX1L;NEDD4;HUWE1;GET4;UBL7;WDR81;UFD1;UBE3A;ATE1;UBE2L3;NPLOC4,GO_Biological_Process_2025__Modification-Dependent Protein Catabolic Process (GO:0019941)
GO:0032693,-0.6280253811168641,-1.2813404099706909,0.8002511219743591,17.69%,CD274;VSIR;JAK3,GO_Biological_Process_2025__Negative Regulation of Interleukin-10 Production (GO:0032693)
GO:0046337,-0.6529134520268733,-1.2812495696516408,0.7988055554807052,1.80%,PLA2G15,GO_Biological_Process_2025__Phosphatidylethanolamine Metabolic Process (GO:0046337)
GO:0034204,-0.592760875848183,-1.2811101170027972,0.7957382190681094,23.74%,ATP11C;ATP9B;ABCC1;ATP11B;ATP8A1,GO_Biological_Process_2025__Lipid Translocation (GO:0034204)
GO:0009894,-0.4591807587254791,-1.2808012326689946,0.795374991485026,24.25%,WDR41;PIK3R4;BECN1;GLMN;C9ORF72;ITPR1;RPTOR;RMC1;PIP4K2C;UBE3A;PIK3C3,GO_Biological_Process_2025__Regulation of Catabolic Process (GO:0009894)
GO:0016559,-0.6506038807970714,-1.2806222981754125,0.7943270009398302,30.10%,MFF;ACOX1;PEX11B;DNM1L;PEX19,GO_Biological_Process_2025__Peroxisome Fission (GO:0016559)
GO:0048754,0.5181751019184648,1.280180172945985,0.5816584139949872,1.14%,PKD1,GO_Biological_Process_2025__Branching Morphogenesis of an Epithelial Tube (GO:0048754)
GO:0051403,-0.6178105933693916,-1.2796773765276597,0.7966417288915982,35.71%,TAOK2;MAP3K7;IKBKB;MAPK14;MAP3K5,GO_Biological_Process_2025__Stress-Activated MAPK Cascade (GO:0051403)
GO:0071363,-0.403318561246964,-1.2790519096511077,0.7957409359123806,22.14%,INPP5K;PDGFB;HTRA2;VIL1;STAT5B;RPS6KB1;MAPKAPK2;MAP2K3;ERN1;SPHK1;SMAD3;ZPR1;MTSS2;APPL1;SHC1;KIDINS220,GO_Biological_Process_2025__Cellular Response to Growth Factor Stimulus (GO:0071363)
GO:0033138,-0.567272986334849,-1.2788745058395374,0.7947845020580175,42.09%,RPTOR;BRAF;PKN1;STK4;CNOT9;EIF4G1;ARAF;CCM2;PDCD10,GO_Biological_Process_2025__Positive Regulation of Peptidyl-Serine Phosphorylation (GO:0033138)
GO:0022904,-0.6212598133924135,-1.2786219671378531,0.7940996141219021,2.63%,UQCRFS1;HCCS,GO_Biological_Process_2025__Respiratory Electron Transport Chain (GO:0022904)
GO:0033121,-0.6692694191271996,-1.2785342416556895,0.7926856476202563,22.66%,OGT;PRKAG1;PRKAG2,GO_Biological_Process_2025__Regulation of Purine Nucleotide Catabolic Process (GO:0033121)
GO:0050768,-0.5901360498923889,-1.27824621746828,0.7922070188776865,1.12%,PTEN,GO_Biological_Process_2025__Negative Regulation of Neurogenesis (GO:0050768)
GO:0002455,0.6165342328015699,1.2781711570838887,0.5819173470688308,6.65%,FCMR;CD81,GO_Biological_Process_2025__Humoral Immune Response Mediated by Circulating Immunoglobulin (GO:0002455)
GO:0032366,-0.6720027177379527,-1.2781256896424449,0.7910079758233404,10.19%,RELCH;OSBPL2;NPC1,GO_Biological_Process_2025__Intracellular Sterol Transport (GO:0032366)
GO:1904263,-0.4719433438483841,-1.2780947272722734,0.7893750051078319,33.12%,SEH1L;OGT;FLCN;PRMT1;RPS6KB1;LONP1;OTUB1;TBK1;LAMTOR3;LAMTOR1;CLEC16A;LAMTOR5;PIP4P1;LAMTOR4,GO_Biological_Process_2025__Positive Regulation of TORC1 Signaling (GO:1904263)
GO:0007264,-0.3857351964540587,-1.277971452861383,0.7881226236072764,27.86%,ARHGAP35;ARHGAP32;ARHGEF18;ARHGAP5;RAP2C;KRIT1;RALGAPB;TNK2;PHACTR4;VAV3;KSR1;WASF1;REPS1;RASGRP2;MYO9B;BRK1;RRAS;CCDC88A;ELMO1;DOCK7;NCKAP1;VAV1;RAP2B;GNA13;RAB38;RAP2A;GRAP2,GO_Biological_Process_2025__Small GTPase-mediated Signal Transduction (GO:0007264)
GO:0035457,0.6039409485821028,1.277950455851091,0.5802605480676941,4.41%,IFNAR1;TPR,GO_Biological_Process_2025__Cellular Response to Interferon-Alpha (GO:0035457)
GO:1901701,-0.3683057335501586,-1.2779133552938808,0.7866330888410057,19.59%,PDK2;INPP5K;PDGFB;PAF1;TREM2;HTRA2;MTOR;PDK3;PRMT1;SERPINE1;IRS1;ABCC1;PRDX5;CD274;MYD88;UBR1;FER;FES;ADCY6;LBP;CASP7;NDUFA13;DEFA4;GIT1;TPM1;RPTOR;TRAF6;PRNP,GO_Biological_Process_2025__Cellular Response to Oxygen-Containing Compound (GO:1901701)
GO:0046339,-0.6020821398949071,-1.2777715671973158,0.7855468686750058,25.87%,PLA2G15;DGKZ;DAGLB;DGKD;DGKA,GO_Biological_Process_2025__Diacylglycerol Metabolic Process (GO:0046339)
GO:0006996,-0.358324263977038,-1.277350216434197,0.7857341562289494,38.67%,ATL2;GOLPH3;COG2;TRIP11;TDRKH;CAMSAP1;HTRA2;MTX2;MTOR;VPS11;VPS51;TRAPPC11;RHOT2;PDZD8;PIKFYVE;BNIP1;VPS13C;MICAL3;RAB2B;SURF4;STRIP1;IRAG2;COG5;PPID;OPTN;BAG5;PI4K2A;FGD3;ARHGAP21;COG1;ABCD3;MAPKAP1;MFF;SLC6A4;WASF1;NCKIPSD;GOLGA2;BCS1L;CLASP1;LONP1;TPM1;MTX1;HUWE1;AUP1;LIMD1;CDC42BPB;SIPA1;TRAPPC12;SH3KBP1;ABCD1;WDR81;COG8;RAB3GAP1;PEX11B;LMAN1;PRDX3;BSCL2;RAB31;RANBP9;NPLOC4;FAF2;COG4;ARFGEF1;RAB38;ZW10;MYO18A;SAR1B;STX7;COG6;VPS4A;VMP1;TRAPPC8;TMED10;ARHGEF7;DNM1L;PEX19;EPS15;TMED2;CSPG5;VPS4B;CHMP2B;LONP2;RICTOR;PNPT1;SEC23IP;PTGES2;ARHGAP10;TMED7;TANGO2;NIPSNAP2;TMED4;SORT1;CNN2;FGD4;PEX14;FNBP1L;PHB2;RAB34;TMED9;RTN4,GO_Biological_Process_2025__Organelle Organization (GO:0006996)
GO:0043001,-0.5091677562913886,-1.2766532224385692,0.7852953016221634,25.85%,GOLPH3;KIF13A;OPTN;GGA3;RAB11A;MACF1;GOLGA7;RAB31;GGA1,GO_Biological_Process_2025__Golgi to Plasma Membrane Protein Transport (GO:0043001)
GO:1903513,-0.5509551284065546,-1.275866630033843,0.7870050357825061,25.58%,DERL1;AUP1;UFD1;NPLOC4;ERLEC1;SEL1L;FAF2,GO_Biological_Process_2025__Endoplasmic Reticulum to Cytosol Transport (GO:1903513)
GO:0090114,-0.4442460100925066,-1.2751389859031372,0.7883624126660493,43.45%,PEF1;TRAPPC11;SURF4;SEC24D;SEC24B;PREB;PDCD6;TRAPPC12;TRAPPC4;SEC24A;SAR1B;TRAPPC8;TMED10;TRAPPC1;TMED2;TRAPPC3;SEC23A;SEC31A;TRAPPC2L;TRAPPC5;VAPA;SEC24C,GO_Biological_Process_2025__COPII-coated Vesicle Budding (GO:0090114)
GO:0045892,0.2629476113469247,1.275089408753703,0.5843429961708797,7.33%,DNAJA3;TRPS1;PARP1;TRIM28;MUC1;DDX5;RBBP7;RPL23;SAP18;BCLAF1;H1-5;EZR;PDE2A;USP9X;HNRNPL;EPX;RPS14;TPR;XRCC5;BMP7;DNAJB1;CBX3;BIN1;RALY;SEMA4D;WFS1;SFPQ,GO_Biological_Process_2025__Negative Regulation of DNA-templated Transcription (GO:0045892)
GO:0061178,-0.5909732941176701,-1.2746913825685942,0.7886135859654462,15.47%,TRPM4;GCG;PPP3CB,GO_Biological_Process_2025__Regulation of Insulin Secretion Involved in Cellular Response to Glucose Stimulus (GO:0061178)
GO:0033688,-0.6266430263107626,-1.2744440637759085,0.7879693500328945,13.48%,EIF2AK2;FGFR2,GO_Biological_Process_2025__Regulation of Osteoblast Proliferation (GO:0033688)
GO:0051054,0.3823408797742136,1.273928598079764,0.5846934032795924,9.94%,TRIM28;DHX9;RAD50;RPS3;MRE11;MAP3K4,GO_Biological_Process_2025__Positive Regulation of DNA Metabolic Process (GO:0051054)
GO:0032755,0.3496768763817678,1.2739269966699254,0.5826531813406224,2.09%,LGALS9;DHX9,GO_Biological_Process_2025__Positive Regulation of Interleukin-6 Production (GO:0032755)
GO:0019674,-0.6778025592909437,-1.2737395685651527,0.7893341928779878,22.93%,NADK2;NMNAT3;NADSYN1;GPD1L,GO_Biological_Process_2025__NAD Metabolic Process (GO:0019674)
GO:0060338,-0.514970213392371,-1.2734337162616618,0.7889081683822374,23.22%,GIGYF2;NLRC5;ISG15;STAT2;TRIM56;TTLL12;FADD,GO_Biological_Process_2025__Regulation of Type I Interferon-Mediated Signaling Pathway (GO:0060338)
GO:0035024,-0.6204123391692793,-1.2733337730841898,0.7876322832064258,13.34%,ARHGAP35;FLCN;RIPOR2,GO_Biological_Process_2025__Negative Regulation of Rho Protein Signal Transduction (GO:0035024)
GO:1904707,-0.6026254261098419,-1.273220560557711,0.7864047323025538,13.92%,PDGFB;MFN2;ERN1,GO_Biological_Process_2025__Positive Regulation of Vascular Associated Smooth Muscle Cell Proliferation (GO:1904707)
GO:0072332,-0.6073005952043465,-1.2729480860526778,0.7859207050607618,1.53%,PDK2;PPP2R5C,GO_Biological_Process_2025__Intrinsic Apoptotic Signaling Pathway by P53 Class Mediator (GO:0072332)
GO:0017185,-0.675794250872921,-1.2725281115640446,0.7843089264207177,24.57%,VPS33B;PLOD1;VIPAS39;PLOD2,GO_Biological_Process_2025__Peptidyl-Lysine Hydroxylation (GO:0017185)
GO:0010907,-0.5956949409147867,-1.2722585808501574,0.7837234212345402,26.55%,IRS1;PRKAG1;IRS2;PRKAG2;AKT2,GO_Biological_Process_2025__Positive Regulation of Glucose Metabolic Process (GO:0010907)
GO:0006357,0.2395153090397145,1.2718523574391365,0.5848935068279592,8.35%,DNAJA3;TRPS1;SETD3;PARP1;SUB1;PKD1;MUC1;ADIRF;DDX5;RBBP7;DHX9;RPL23;RBMX;SAP18;BCLAF1;EPCAM;H1-5;FUS;YBX1;EZR;SF3B1;PDE2A;USP9X;THRAP3;CRK;SMARCD2;KHSRP;EPX;RPS14;TPR;JAG1;DNAJB1;BIN1;PTMA;RPS6KA1;RALY;TLR2;SEMA4D;CD81;WFS1;SFPQ;HNRNPD;ATP2B4;ANXA2;NUCKS1,GO_Biological_Process_2025__Regulation of Transcription by RNA Polymerase II (GO:0006357)
GO:0006997,0.3700305331188209,1.271826786422924,0.5829287337478165,8.70%,RPS19;NUMA1;TPR;BIN1;CHMP1A;CHMP6;CHMP1B,GO_Biological_Process_2025__Nucleus Organization (GO:0006997)
GO:0006695,-0.5610857712745949,-1.2717500100662222,0.7825357910707413,17.81%,PLPP6;DHCR7;PMVK;CES1,GO_Biological_Process_2025__Cholesterol Biosynthetic Process (GO:0006695)
GO:1902653,-0.5610857712745949,-1.2717500100662222,0.7825357910707413,17.81%,PLPP6;DHCR7;PMVK;CES1,GO_Biological_Process_2025__Secondary Alcohol Biosynthetic Process (GO:1902653)
GO:0051444,0.5751094095234601,1.2703620873592267,0.584115016867003,2.46%,RPS7;RPL23;RPL5,GO_Biological_Process_2025__Negative Regulation of Ubiquitin-Protein Transferase Activity (GO:0051444)
GO:0007006,-0.4979235328261668,-1.2700026231398742,0.7850711907214635,24.73%,MTX2;DNAJC11;BAK1;MFN2;MTX1;SAMM50;BCL2L1;APOOL,GO_Biological_Process_2025__Mitochondrial Membrane Organization (GO:0007006)
GO:0070498,-0.5440553845893348,-1.2698940445217464,0.7839050616725288,38.28%,IRAK3;MYD88;IRAK1;MAP3K7;TRAF6;PLCB1;IKBKB;IRAK4;TOLLIP,GO_Biological_Process_2025__Interleukin-1-Mediated Signaling Pathway (GO:0070498)
GO:1902743,-0.6065146717527479,-1.2696880521899232,0.7831877664401641,16.36%,VIL1;FER;TWF1,GO_Biological_Process_2025__Regulation of Lamellipodium Organization (GO:1902743)
GO:0018279,-0.4738987086915854,-1.2688952896545416,0.7848352640796027,26.41%,FUT8;ALG11;ST6GAL1;ALG5;STT3B;MPDU1;UBE2J1;ALG2;DPM1;STT3A;ALG3;KRTCAP2,GO_Biological_Process_2025__Protein N-linked Glycosylation via Asparagine (GO:0018279)
GO:0072164,0.6120660115787029,1.2687967509447975,0.5854982788498813,4.68%,PKD1;BMP7,GO_Biological_Process_2025__Mesonephric Tubule Development (GO:0072164)
GO:0071902,-0.4581177601367404,-1.2680521149141473,0.7868048472841626,18.58%,PDGFB;S100A12;CAB39;CCNY;LONP1;PIK3R6;CAMK1,GO_Biological_Process_2025__Positive Regulation of Protein Serine/Threonine Kinase Activity (GO:0071902)
GO:0050709,-0.6030057531064024,-1.2679058573840418,0.7858090606272409,6.38%,IRS1;F2R,GO_Biological_Process_2025__Negative Regulation of Protein Secretion (GO:0050709)
GO:0032446,-0.3795679861507355,-1.2670440044282485,0.7879341235651901,14.46%,ANAPC7;DTX3L;MIB1;ISG15;CUL2;BIRC6;VPS11;CBL;TRPM4;LZTR1;HERC4;CUL4A;CUL4B;TRAF7;UBR1;CDC16;ATG7;FBXW5;MYCBP2;NFX1;COPS2;UBR3;UBA6,GO_Biological_Process_2025__Protein Modification by Small Protein Conjugation (GO:0032446)
GO:0072655,-0.4780876711297679,-1.2665999063509177,0.7864122321434477,14.79%,TOMM40L;TIMM10;TIMM44;TSPO;MFN2;MFF,GO_Biological_Process_2025__Establishment of Protein Localization to Mitochondrion (GO:0072655)
GO:0048247,-0.6387929792332268,-1.266309753252456,0.7860218646153595,27.80%,SAA2;SLC12A2;DEFA4;PIK3CG,GO_Biological_Process_2025__Lymphocyte Chemotaxis (GO:0048247)
GO:0043244,-0.5507443414131729,-1.2663067700364723,0.7844038928031772,41.03%,TBC1D25;ATG5;IRAK3;SHFL;CLEC16A;UPF1;IGF1R;ETF1;HDAC6,GO_Biological_Process_2025__Regulation of Protein-Containing Complex Disassembly (GO:0043244)
GO:0042326,-0.4764497913221377,-1.266231755542365,0.7830797842897722,23.20%,INPP5K;PRKDC;C9ORF72;FKBP8;IRS2;PRDX3;DYNLL1,GO_Biological_Process_2025__Negative Regulation of Phosphorylation (GO:0042326)
GO:0097264,-0.6674224085008515,-1.266157967361878,0.7817533729944578,1.08%,CAPN7,GO_Biological_Process_2025__Self Proteolysis (GO:0097264)
GO:0046395,-0.5086178575140974,-1.266069181277354,0.780510262737781,32.44%,MPST;DBT;ACOT8;MCCC2;NAGK;IVD;BCKDK;ALDH6A1;MCCC1;HIBCH,GO_Biological_Process_2025__Carboxylic Acid Catabolic Process (GO:0046395)
GO:0010591,-0.4939607135311258,-1.2659031748061484,0.7795848220601868,27.82%,RAC2;FER;PIK3R1;PLXNB3;TWF1;BRK1;NCKAP1;PIK3CA,GO_Biological_Process_2025__Regulation of Lamellipodium Assembly (GO:0010591)
GO:2000649,-0.5921584454909689,-1.2653993216703212,0.7784625863633378,35.87%,CAMK2D;NEDD4;STK39;UTRN;SLMAP,GO_Biological_Process_2025__Regulation of Sodium Ion Transmembrane Transporter Activity (GO:2000649)
GO:1901731,-0.5813312801915891,-1.264905583999013,0.7773996067508818,5.94%,MFSD2B;JAK2,GO_Biological_Process_2025__Positive Regulation of Platelet Aggregation (GO:1901731)
GO:0051247,-0.3735234189708904,-1.2636710657150578,0.7808149456676012,23.99%,CLN6;UPF3B;PRKDC;MTOR;OGT;BAK1;VPS11;PRMT1;FXR2;GSK3A;PAEP;RPS6KB1;CUL4A;CYFIP2;ATG7;ABCB10;ABCF1;NDUFA13;VPS28;FXR1;LARP1;NEDD4;IDE;CSNK2A2;STK39;DDX3X;AXIN1;IL18;FADD;RANBP9;STX5,GO_Biological_Process_2025__Positive Regulation of Protein Metabolic Process (GO:0051247)
GO:2000463,-0.5839929912832857,-1.2622293206596351,0.7817923263398333,1.12%,PTEN,GO_Biological_Process_2025__Positive Regulation of Excitatory Postsynaptic Potential (GO:2000463)
GO:0045668,-0.5646201850332135,-1.2620119866203725,0.781193724154509,5.65%,PTEN;TRPM4,GO_Biological_Process_2025__Negative Regulation of Osteoblast Differentiation (GO:0045668)
GO:0046324,-0.4946322866541721,-1.261628464524805,0.781297445312966,26.55%,GSK3A;IRS1;PIK3R1;OSBPL8;IRS2;ITLN1;APPL1;PRKAG2;AKT2,GO_Biological_Process_2025__Regulation of D-glucose Import (GO:0046324)
GO:0034121,-0.5380893557126362,-1.261477267071221,0.780396673894581,22.78%,OTUD4;IRAK3;LRCH4;S100A9;S100A8,GO_Biological_Process_2025__Regulation of Toll-Like Receptor Signaling Pathway (GO:0034121)
GO:1990000,0.4735521166350451,1.2599753184068607,0.6028849580117507,10.27%,FUS;USP9X;FKBP1A,GO_Biological_Process_2025__Amyloid Fibril Formation (GO:1990000)
GO:0043277,-0.5100927735114562,-1.2594792403006867,0.7872621006993908,1.93%,TREM2,GO_Biological_Process_2025__Apoptotic Cell Clearance (GO:0043277)
GO:2000630,-0.5328905091909109,-1.2587981610987191,0.7869416634516808,40.95%,MRTFB;PDGFB;MRTFA;SMAD3;TGFB2;ZSWIM8;PNPT1;STAT3;TGFB1;NOTCH2,GO_Biological_Process_2025__Positive Regulation of miRNA Metabolic Process (GO:2000630)
GO:0048261,0.4134905649312519,1.2587526350334244,0.6035709749212037,12.57%,ATXN2;UBQLN2;ANXA2;SDCBP;APOC3,GO_Biological_Process_2025__Negative Regulation of Receptor-Mediated Endocytosis (GO:0048261)
GO:0042116,-0.4912933600834324,-1.2587425860004224,0.7855717389606883,12.43%,TREM2;JAK2;FCER2;LBP,GO_Biological_Process_2025__Macrophage Activation (GO:0042116)
GO:0071353,-0.666632364428486,-1.258721046565858,0.7841227356147491,28.36%,STAT6;JAK3;STAT5A,GO_Biological_Process_2025__Cellular Response to Interleukin-4 (GO:0071353)
GO:0010799,-0.5516757344702655,-1.2582568110892536,0.7845792242781428,34.05%,INPP5K;EGF;SPHK1;RPTOR;PARD3;EIF4G1;UBE2K,GO_Biological_Process_2025__Regulation of Peptidyl-Threonine Phosphorylation (GO:0010799)
GO:0097062,-0.6658345287503049,-1.25751249153719,0.7861325191079636,19.59%,TREM2;MTMR2;PRNP,GO_Biological_Process_2025__Dendritic Spine Maintenance (GO:0097062)
GO:0032801,-0.6129950216984082,-1.2574165561903874,0.784954412971005,22.56%,PIK3R4;NEDD4;SH3GLB1,GO_Biological_Process_2025__Receptor Catabolic Process (GO:0032801)
GO:0030163,-0.3976166539071697,-1.2569368280008326,0.7853319676613474,22.43%,NCCRP1;CLN6;HTRA2;DENND3;CLPP;CUL4B;GLMN;CASP7;STT3B;LAMP2;CTSW;RAB12;LONP1;IDE;NGLY1;TRIM21;RIPK1;OGA;ATE1,GO_Biological_Process_2025__Protein Catabolic Process (GO:0030163)
GO:0032790,-0.4715022038500387,-1.2566988192524495,0.7847889528251297,5.16%,UFSP2;GIGYF2;TRIP4;NEMF;ASCC3,GO_Biological_Process_2025__Ribosome Disassembly (GO:0032790)
GO:0006779,-0.5369805113385828,-1.2558073581541145,0.7869107317426335,17.63%,TSPO;FXN;PPOX;ABCB6;COX15,GO_Biological_Process_2025__Porphyrin-Containing Compound Biosynthetic Process (GO:0006779)
GO:0010638,-0.4384881224289453,-1.2557459553837662,0.7856217847484737,38.38%,BAK1;GSK3A;STX18;SURF4;PFDN2;SYNJ1;MFF;REPS1;BID;RAB3GAP1;LMAN1;TNFSF10;MCU;MICU1;DNM1L;BAX;FYCO1;C2CD5;RAB3GAP2;TMED9,GO_Biological_Process_2025__Positive Regulation of Organelle Organization (GO:0010638)
GO:0008203,-0.4480390109559607,-1.2556372819011514,0.7845191620903635,32.54%,CLN6;PLPP6;OSBPL1A;DHCR7;PMVK;GBA2;APOF;CES1;ACAA2;SCARF1;LDLRAP1;APOA5;PIP4P1,GO_Biological_Process_2025__Cholesterol Metabolic Process (GO:0008203)
GO:1901293,-0.5563423657014855,-1.2544039517387275,0.7878176951867127,28.85%,NME2;NMNAT3;PPCDC;PANK4,GO_Biological_Process_2025__Nucleoside Phosphate Biosynthetic Process (GO:1901293)
GO:0045787,-0.467132727201607,-1.2536451168282745,0.7895097602171554,21.21%,SRPK2;RPS6KB1;FGFR2;SPHK1;CCNY;LONP1;ZPR1;TRIM21;TGFB2,GO_Biological_Process_2025__Positive Regulation of Cell Cycle (GO:0045787)
GO:0000002,0.5956787968936038,1.2534036031476434,0.6133981094946717,0.50%,PARP1,GO_Biological_Process_2025__Mitochondrial Genome Maintenance (GO:0000002)
GO:0051240,-0.3645786826862732,-1.2532584337330062,0.7896158202757393,16.86%,INPP5K;NME2;EIF2AK2;PDGFB;TREM2;CNOT3;RBBP4;STAT6;MTOR;OGT;TAPT1;SERPINE1;TRPM4;JAK2;F2R;SNX4;SAA2;ACSL1;GLMN;LBP;MFN2;EGF;PTK2;CPT2;AGPAT1;PRKAB2;SMAD3;S100A9,GO_Biological_Process_2025__Positive Regulation of Multicellular Organismal Process (GO:0051240)
GO:0006414,-0.4562041174236007,-1.2531809634702622,0.7883910634577864,16.16%,UFSP2;GIGYF2;TRIP4;NEMF;ASCC3;MRPL44;GTPBP1;LTN1,GO_Biological_Process_2025__Translational Elongation (GO:0006414)
GO:0045806,0.4035770880817687,1.252447515173425,0.6134284993534537,20.13%,LRSAM1;TLR2;RACK1;PLSCR1;APOC3;PRTN3;SNX3;MCTP1;LILRB1,GO_Biological_Process_2025__Negative Regulation of Endocytosis (GO:0045806)
GO:0002221,-0.4473355094599459,-1.2518597014557724,0.7923522845997998,20.61%,BECN1;RPS6KA3;IRAK1;MAPKAPK2;LBP;MAP3K7;MAPKAPK3;IPO5;TRAF6;TBK1;DDX3X,GO_Biological_Process_2025__Pattern Recognition Receptor Signaling Pathway (GO:0002221)
GO:0032720,0.4206962123462631,1.2509427111068527,0.6125278760081059,0.04%,LGALS9,GO_Biological_Process_2025__Negative Regulation of Tumor Necrosis Factor Production (GO:0032720)
GO:0001755,0.4857861553646425,1.2507418638214995,0.6109102134272505,6.59%,SEMA6D;SEMA3F;SEMA4D,GO_Biological_Process_2025__Neural Crest Cell Migration (GO:0001755)
GO:2000780,-0.6309131046352502,-1.2493958449453932,0.8012754581795629,26.28%,NUDT16L1;HELB;OTUB1;CSNK2A2;C1QBP,GO_Biological_Process_2025__Negative Regulation of Double-Strand Break Repair (GO:2000780)
GO:1901570,-0.5738517371673121,-1.248913431077306,0.8018121112313952,19.06%,ACACA;MYCBP2;GCDH;SLC27A2;HMGCL,GO_Biological_Process_2025__Fatty Acid Derivative Biosynthetic Process (GO:1901570)
GO:1900227,-0.5838455173442336,-1.248894535875708,0.8003346859344835,28.07%,ZDHHC5;MYD88;DDX3X;NEK7;PLCG2,GO_Biological_Process_2025__Positive Regulation of NLRP3 Inflammasome Complex Assembly (GO:1900227)
GO:0001573,-0.6107894603917214,-1.2484261978572793,0.8007911218280235,27.92%,CLN6;EGFL7;GLB1,GO_Biological_Process_2025__Ganglioside Metabolic Process (GO:0001573)
GO:0051785,-0.5818373662120094,-1.2481951723853917,0.8002137530225708,13.36%,PDGFB;EGF,GO_Biological_Process_2025__Positive Regulation of Nuclear Division (GO:0051785)
GO:0006163,-0.4785248272606861,-1.2481795741523114,0.7987352754284763,31.92%,GUK1;NADK2;PRPSAP2;PRPSAP1;GART;AMPD2;DNPH1;GPD1L;PFAS;IDH2;PROC,GO_Biological_Process_2025__Purine Nucleotide Metabolic Process (GO:0006163)
GO:0032655,0.3997560736213581,1.248135184198453,0.6145103441166418,0.04%,LGALS9,GO_Biological_Process_2025__Regulation of Interleukin-12 Production (GO:0032655)
GO:0040013,0.5502061733027008,1.247681469734572,0.6134022929280746,12.70%,CRK;TACSTD2;FBLN1,GO_Biological_Process_2025__Negative Regulation of Locomotion (GO:0040013)
GO:0023061,-0.6347128613565389,-1.2462742438643568,0.8052955468131843,23.14%,ABCC4;PCSK5;KPNA4,GO_Biological_Process_2025__Signal Release (GO:0023061)
GO:0071396,-0.3851575858286218,-1.2462513485377968,0.8038310242213266,23.43%,PAF1;TREM2;HTRA2;PDK3;SERPINE1;IRS1;CD274;MYD88;FES;ADCY6;LBP;CASP7;NDUFA13;DEFA4;GIT1;TRAF6;GNAI1;IL18;UBE2L3;TFPI,GO_Biological_Process_2025__Cellular Response to Lipid (GO:0071396)
GO:1903578,-0.6305538507680277,-1.2460217323391625,0.8033008529995938,22.66%,OGT;PRKAG1;PRKAG2,GO_Biological_Process_2025__Regulation of ATP Metabolic Process (GO:1903578)
GO:1901096,-0.6671199426019968,-1.2458119134834271,0.8010613987873781,5.51%,TBC1D25;ATG5,GO_Biological_Process_2025__Regulation of Autophagosome Maturation (GO:1901096)
GO:0046635,0.4968661240906885,1.2455004483436525,0.6163672185892157,18.64%,HLA-DRB3;CD55;EBI3;HLA-DRB1,GO_Biological_Process_2025__Positive Regulation of Alpha-Beta T Cell Activation (GO:0046635)
GO:0060341,0.3499454895547204,1.2451716635115997,0.6148689889395874,4.60%,PARP1;RSL1D1;TPR;REEP6,GO_Biological_Process_2025__Regulation of Cellular Localization (GO:0060341)
GO:0030500,-0.5091510305726862,-1.2448676018538245,0.8036409076653953,13.57%,ATP2B1;ISG15;TRPM4;SRGN,GO_Biological_Process_2025__Regulation of Bone Mineralization (GO:0030500)
GO:0048268,-0.5897001171951458,-1.2448488565729496,0.8021988106829243,31.94%,FCHO2;PIK3C2A;CLTC;EPS15;DNM1,GO_Biological_Process_2025__Clathrin Coat Assembly (GO:0048268)
GO:2001257,0.492895397417483,1.244236805152526,0.6148976434686311,10.50%,AHNAK;EPX;FKBP1A;CTSS,GO_Biological_Process_2025__Regulation of Cation Channel Activity (GO:2001257)
GO:0071816,-0.5214623030781045,-1.2442314564800174,0.8032492028163566,19.86%,EMC7;CAMLG;EMC1;EMC3;GET4,GO_Biological_Process_2025__Tail-Anchored Membrane Protein Insertion Into ER Membrane (GO:0071816)
GO:0045648,-0.5591319885535045,-1.2442264484767516,0.801747471247092,6.96%,PRKDC;PRMT1;STAT5B,GO_Biological_Process_2025__Positive Regulation of Erythrocyte Differentiation (GO:0045648)
GO:0030522,-0.5460035390250747,-1.243845734193254,0.8017770589097696,34.34%,BECN1;MAP3K7;IPO5;TRAF6;TBK1;DDX3X;STAT3;TRIM25,GO_Biological_Process_2025__Intracellular Receptor Signaling Pathway (GO:0030522)
GO:1902600,-0.4734927937141129,-1.2427198551136474,0.8048219248265739,33.02%,ATP6V0A2;DMAC2L;ATP6V1G1;ATP6V1F;ATP5MF;ATP6AP2;ATP6V0C;ATP6V0A1;ATP6V1H;ATP6V1D;ATP5PO;SLC9A1;ATP6AP1,GO_Biological_Process_2025__Proton Transmembrane Transport (GO:1902600)
GO:0048026,0.4922401093863408,1.2426525796149632,0.6143281086956551,3.58%,RBMX;THRAP3,"GO_Biological_Process_2025__Positive Regulation of mRNA Splicing, via Spliceosome (GO:0048026)"
GO:0050685,0.4922401093863408,1.2426525796149632,0.6143281086956551,3.58%,RBMX;THRAP3,GO_Biological_Process_2025__Positive Regulation of mRNA Processing (GO:0050685)
GO:0030521,0.5874535885474798,1.2423913434579403,0.6129888613589917,1.59%,DDX5,GO_Biological_Process_2025__Androgen Receptor Signaling Pathway (GO:0030521)
GO:0046471,-0.6288428784662954,-1.241721499673108,0.8075881463124397,23.32%,PLA2G15;LPCAT1;PLA2G4A;CDS2,GO_Biological_Process_2025__Phosphatidylglycerol Metabolic Process (GO:0046471)
GO:0031400,-0.4702574650353576,-1.241699852750976,0.8061654902700225,33.64%,INPP5K;PRKDC;C9ORF72;FKBP8;PRKAA1;P3H1;CDK5RAP3;CRTAP;PRR5L,GO_Biological_Process_2025__Negative Regulation of Protein Modification Process (GO:0031400)
GO:0034330,0.357836981811538,1.2415701390563676,0.6127860775111705,10.00%,SNCG;HMCN2;RAB8B;PTK7;TJP1,GO_Biological_Process_2025__Cell Junction Organization (GO:0034330)
GO:1902652,-0.4688531906711355,-1.2414292143370038,0.8057776116507338,33.99%,CLN6;OSBPL1A;IDH3B;GBA2;IDH3G;APOF;CES1;IDH2;LDLRAP1;APOA5;PIP4P1;IDH3A,GO_Biological_Process_2025__Secondary Alcohol Metabolic Process (GO:1902652)
GO:0090497,0.4984896520955761,1.2413365573910558,0.6112784063157165,6.59%,SEMA6D;SEMA3F;SEMA4D,GO_Biological_Process_2025__Mesenchymal Cell Migration (GO:0090497)
GO:0043470,-0.62360695400247,-1.2412853874530774,0.8048563168447334,22.66%,OGT;PRKAG1;PRKAG2,GO_Biological_Process_2025__Regulation of Carbohydrate Catabolic Process (GO:0043470)
GO:0007268,0.3482927723407921,1.2408404228724828,0.6103638993451073,5.65%,SNCG;PCDHB2;CHRNE;RPS6KA1,GO_Biological_Process_2025__Chemical Synaptic Transmission (GO:0007268)
GO:0150079,-0.6222417770383524,-1.240553801367785,0.8064761007930641,1.93%,TREM2,GO_Biological_Process_2025__Negative Regulation of Neuroinflammatory Response (GO:0150079)
GO:2001140,0.5591041061800082,1.2404450270146483,0.6092165555862199,44.16%,APOE;DBI;APOA1;TMEM30A;CETP;PRAP1,GO_Biological_Process_2025__Positive Regulation of Phospholipid Transport (GO:2001140)
GO:0043542,-0.4583098669822367,-1.240141643697101,0.8067944682465419,31.81%,PTP4A3;GLMN;S100A12;S100A9;LGALS8;S100A8;PIK3CA;PRSS3;S100A7;S100P,GO_Biological_Process_2025__Endothelial Cell Migration (GO:0043542)
GO:0009117,-0.5944587004752023,-1.240091659344155,0.8054862641751762,18.19%,GUK1;NMNAT3,GO_Biological_Process_2025__Nucleotide Metabolic Process (GO:0009117)
GO:0006487,-0.4299147228012119,-1.2399391417344232,0.8046160195803639,33.51%,DOLPP1;FUT8;ALG11;ST6GAL1;ALG5;STT3B;MOGS;UBE2J1;ALG2;DPM1;MGAT4B;STT3A;RPN2;ALG3;KRTCAP2;ENTPD5;RPN1;B4GALT1,GO_Biological_Process_2025__Protein N-linked Glycosylation (GO:0006487)
GO:0160049,-0.5831798549429439,-1.2396095904693838,0.8045700116882519,2.67%,TREX1;PRKDC,GO_Biological_Process_2025__Negative Regulation of cGAS/STING Signaling Pathway (GO:0160049)
GO:1901292,-0.6235551801025869,-1.239590496373177,0.8031722812819213,1.66%,MLYCD,GO_Biological_Process_2025__Nucleoside Phosphate Catabolic Process (GO:1901292)
GO:2001141,0.3203517106514694,1.239066031814434,0.6083099343728047,3.85%,CRABP2;RBBP7;RPL6;CELSR2;FUS;YBX1;HINT1;SRRT,GO_Biological_Process_2025__Regulation of RNA Biosynthetic Process (GO:2001141)
GO:0035020,-0.6220602992817502,-1.2389808580701127,0.8042145320350474,14.23%,OGT;PIK3CB;ARHGAP17,GO_Biological_Process_2025__Regulation of Rac Protein Signal Transduction (GO:0035020)
GO:0032370,0.5591041061800082,1.2389259894245943,0.6066729607248239,44.16%,APOE;GPNMB;DBI;ABCA3;CETP;PRAP1,GO_Biological_Process_2025__Positive Regulation of Lipid Transport (GO:0032370)
GO:0006259,0.3065579636022759,1.2383755330486743,0.6058866202958526,8.20%,MCM6;PARP1;TRIM28;RAD50;HNRNPAB;XRCC5;RPS3;MRE11;PTGES3,GO_Biological_Process_2025__DNA Metabolic Process (GO:0006259)
GO:0002696,-0.5838667809198614,-1.2378230633098934,0.8075532484416577,30.43%,PLPP6;LBP;NECTIN2;CD226;KARS1,GO_Biological_Process_2025__Positive Regulation of Leukocyte Activation (GO:0002696)
GO:0014742,0.4368731183272928,1.237423328662731,0.6041022642586178,0.50%,PARP1,GO_Biological_Process_2025__Positive Regulation of Muscle Hypertrophy (GO:0014742)
GO:0010613,0.4368731183272928,1.237423328662731,0.6041022642586178,0.50%,PARP1,GO_Biological_Process_2025__Positive Regulation of Cardiac Muscle Hypertrophy (GO:0010613)
GO:0090136,0.5420048899464024,1.2372154610862984,0.6025558111667093,15.70%,THBS4;KIT;KIFC3;VCL,GO_Biological_Process_2025__Epithelial Cell-Cell Adhesion (GO:0090136)
GO:0070585,-0.5885069823433573,-1.23669877705956,0.8106322381852962,34.53%,ISG15;MTCH2;FKBP8;MAIP1;DNM1L;DNAJA1,GO_Biological_Process_2025__Protein Localization to Mitochondrion (GO:0070585)
GO:0042130,0.3833378489286334,1.2366258042927532,0.6018712089544314,0.04%,LGALS9,GO_Biological_Process_2025__Negative Regulation of T Cell Proliferation (GO:0042130)
GO:0046475,-0.5521151262917757,-1.2363792287594315,0.8104408805536005,8.97%,PLA2G15;PNPLA6;PRDX5,GO_Biological_Process_2025__Glycerophospholipid Catabolic Process (GO:0046475)
GO:0009749,-0.4455606159365786,-1.236203468928958,0.8096623665066378,37.74%,OGT;EIF2B3;EIF2B5;PCK2;ERN1;EIF2B1;RPTOR;IRS2;PFKL;PRKAA1;SELENOT;IGF1R;APOA2,GO_Biological_Process_2025__Response to Glucose (GO:0009749)
GO:0043112,-0.5847226660416491,-1.236169385244556,0.8083205713978279,40.49%,PIK3R4;BECN1;NEDD4;SH3GLB1;TGFB1;EHD3,GO_Biological_Process_2025__Receptor Metabolic Process (GO:0043112)
GO:0016242,-0.526469509746933,-1.2361582037066283,0.8068840602022977,42.56%,TSC2;MTOR;FEZ2;PIK3CA;CLEC16A;TSC1;SEC22B;HDAC6;SCFD1,GO_Biological_Process_2025__Negative Regulation of Macroautophagy (GO:0016242)
GO:0016126,-0.5347165452577501,-1.236105336232497,0.8056482433913381,22.66%,PLPP6;DHCR7;PMVK;CES1;PRKAG2,GO_Biological_Process_2025__Sterol Biosynthetic Process (GO:0016126)
GO:0050684,0.5413049392184345,1.235932427930654,0.6014640721573099,4.35%,SF1;DHX9;RBM8A,GO_Biological_Process_2025__Regulation of mRNA Processing (GO:0050684)
GO:0009154,0.5229098292913767,1.2359004515977634,0.5996345576082672,3.50%,PDE2A;HINT1,GO_Biological_Process_2025__Purine Ribonucleotide Catabolic Process (GO:0009154)
GO:0042407,-0.6156543549233743,-1.235875293184786,0.805125433824479,24.73%,DNAJC11;SLC25A46;SAMM50;APOOL,GO_Biological_Process_2025__Cristae Formation (GO:0042407)
GO:0010564,-0.4437245178803468,-1.235372505370203,0.8042850106547991,27.11%,PPP2R2A;CDK17;KIF13A;BIRC6;PIK3R4;BECN1;GIT1;RAB11A;ATXN10;SH3GLB1;CDK5;PIK3C3;BCL2L1;ZW10,GO_Biological_Process_2025__Regulation of Cell Cycle Process (GO:0010564)
GO:0016339,0.3824734745406395,1.2352376854916998,0.5992257993697016,18.79%,PCDHB2;PCDHB14;CDH10;CDH4;CDH15;DCHS1;CDH23;CDH19;PCDHGC3;SELL;SELENOP;CDH5;CDH11,GO_Biological_Process_2025__Calcium-Dependent Cell-Cell Adhesion via Plasma Membrane Cell Adhesion Molecules (GO:0016339)
GO:0071360,0.5436850742626272,1.2349879936289556,0.5978261271614058,2.09%,DHX9,GO_Biological_Process_2025__Cellular Response to Exogenous dsRNA (GO:0071360)
GO:0036503,-0.4015823070272989,-1.234722166718386,0.8053231988111632,25.58%,NCCRP1;UBE4B;TMUB2;ATF6;DERL1;STT3B;ECPAS;UBE4A;AUP1;UBE2J1;GET4;UFD1;CCDC47;NPLOC4;ERLEC1;SEL1L;FAF2,GO_Biological_Process_2025__ERAD Pathway (GO:0036503)
GO:0039532,-0.4861655234044105,-1.2341865584970002,0.8060348248031476,2.67%,TREX1;TARBP2;PRKDC,GO_Biological_Process_2025__Negative Regulation of Cytoplasmic Pattern Recognition Receptor Signaling Pathway (GO:0039532)
GO:0042093,0.5451693189802914,1.2340146263288494,0.5981350467609977,0.10%,ICOSLG,GO_Biological_Process_2025__T-helper Cell Differentiation (GO:0042093)
GO:0045862,-0.4539037270713999,-1.2337262032536918,0.8064165692590244,7.87%,CLN6;OGT;BAK1;CYFIP2,GO_Biological_Process_2025__Positive Regulation of Proteolysis (GO:0045862)
GO:0045040,-0.5740320799818203,-1.2337155898349563,0.8035749339050127,30.45%,MTX2;MTCH2;MTX1;TOMM40;SAMM50;TOMM22,GO_Biological_Process_2025__Protein Insertion Into Mitochondrial Outer Membrane (GO:0045040)
GO:0007008,-0.5740320799818203,-1.2337155898349563,0.8035749339050127,30.45%,MTX2;MTCH2;MTX1;TOMM40;SAMM50;TOMM22,GO_Biological_Process_2025__Outer Mitochondrial Membrane Organization (GO:0007008)
GO:0002228,-0.5190370825176709,-1.232973472713341,0.8050065323512205,26.10%,LYST;PIK3CB;PIK3R1;NECTIN2;CD226;VAV1,GO_Biological_Process_2025__Natural Killer Cell Mediated Immunity (GO:0002228)
GO:0043489,0.458079779183087,1.2329554065354311,0.5984383695558422,3.58%,FUS;YBX1;THRAP3,GO_Biological_Process_2025__RNA Stabilization (GO:0043489)
GO:0030970,-0.5164344319835491,-1.2329521350259378,0.8036531077274185,25.58%,DERL1;AUP1;UFD1;NPLOC4;ERLEC1;SEL1L;FAF2,"GO_Biological_Process_2025__Retrograde Protein Transport, ER to Cytosol (GO:0030970)"
GO:0030030,-0.5402324886174195,-1.2326291735138168,0.8034995389484146,35.50%,CYFIP2;MTSS2;NCKAP1L;NCKAP1;PLEK;PARVB;P2RY12,GO_Biological_Process_2025__Cell Projection Organization (GO:0030030)
GO:0034143,-0.5253465081087108,-1.232175670353428,0.8038850760794218,43.87%,TREM2;PIK3R1;LBP;WDFY1;APPL1;BPIFB1;APPL2;SQSTM1;LYN;FLOT1;TAX1BP1,GO_Biological_Process_2025__Regulation of Toll-Like Receptor 4 Signaling Pathway (GO:0034143)
GO:0001912,0.3825335174035778,1.2315461026538783,0.5994008915067449,0.21%,HLA-F,GO_Biological_Process_2025__Positive Regulation of Leukocyte Mediated Cytotoxicity (GO:0001912)
GO:0051561,-0.6563000972728604,-1.231518555920883,0.8051082927177511,25.72%,MCUR1;MCU;MICU1,GO_Biological_Process_2025__Positive Regulation of Mitochondrial Calcium Ion Concentration (GO:0051561)
GO:0044273,-0.5061993689746167,-1.2312850298622466,0.8046085680475172,32.48%,MLYCD;MPST;NAGLU;GLB1;GNS;GGT7;DPEP2,GO_Biological_Process_2025__Sulfur Compound Catabolic Process (GO:0044273)
GO:0009968,-0.37029844270538,-1.2305255366657266,0.8061966298698637,14.91%,INPP5K;TREM2;TSC2;OTUD4;GSK3A;IRS1;IRAK3;RPS6KB1;INPPL1;HERC4;PIK3CB;INPP5D;PHACTR4;NCK1;PDCD6;MAPKAP1;EGFL7,GO_Biological_Process_2025__Negative Regulation of Signal Transduction (GO:0009968)
GO:0018108,-0.4341970743733494,-1.230149841514138,0.8062947877960029,17.69%,PDGFB;JAK2;DYRK1A;FER;FES;FGFR2;PTK2;JAK3,GO_Biological_Process_2025__Peptidyl-Tyrosine Phosphorylation (GO:0018108)
GO:0009416,-0.6134146016169633,-1.229895770172382,0.8058687842158773,11.95%,UBE4B;CCAR2,GO_Biological_Process_2025__Response to Light Stimulus (GO:0009416)
GO:0046485,-0.5761985510292364,-1.229672073138156,0.8054110866739574,22.51%,NCEH1;GNPAT;DHRS7B;AGPS,GO_Biological_Process_2025__Ether Lipid Metabolic Process (GO:0046485)
GO:0006974,-0.3677071518564845,-1.229188428965551,0.8059210556400622,18.93%,TREX1;HTRA2;PRKDC;DTX3L;MTOR;TAOK2;BAK1;PRMT1;TTC5;PARP4;RRM2B;CUL4A;CUL4B;HELB;MAPKAPK2;VAV3;CIDEB;UBA6;NEDD4;OTUB1;RPTOR;CSNK2A2;BID,GO_Biological_Process_2025__DNA Damage Response (GO:0006974)
GO:0051549,-0.6510697494787367,-1.229155716693449,0.8046262394518912,3.69%,MTOR,GO_Biological_Process_2025__Positive Regulation of Keratinocyte Migration (GO:0051549)
GO:0006355,0.2359352275011724,1.2285095568914846,0.603630709594435,5.07%,CRABP2;TRPS1;SETD3;PARP1;SUB1;TRIM28;DDX5;RBBP7;DHX9;SAP18;RPL6;HNRNPAB;BCLAF1;CELSR2;FUS;YBX1;HINT1;THRAP3;CRK;HNRNPL;SMARCD2;SRRT;KHSRP;EPX;XRCC5;BMP7;CBX3;SF3B3,GO_Biological_Process_2025__Regulation of DNA-templated Transcription (GO:0006355)
GO:0006775,-0.6545028564302109,-1.2280465137635457,0.8076126128546715,21.48%,VKORC1;VKORC1L1;GC,GO_Biological_Process_2025__Fat-Soluble Vitamin Metabolic Process (GO:0006775)
GO:1901016,-0.6168405289560939,-1.2279668859992987,0.8065221149661606,20.59%,CAB39;NEDD4;STK39,GO_Biological_Process_2025__Regulation of Potassium Ion Transmembrane Transporter Activity (GO:1901016)
GO:0035909,0.5864722870762542,1.2275859588304947,0.6036479267794231,21.91%,JAG1;EFEMP2;PDGFRB;ENG,GO_Biological_Process_2025__Aorta Morphogenesis (GO:0035909)
GO:0008361,-0.4867826784747131,-1.2275302212733064,0.8067929149132458,38.53%,ARHGAP35;PTEN;MTOR;ARHGAP5;VAV3;RPTOR;VAV1;LAMTOR5;PLEK;LAMTOR4;RAP1GAP2;MTPN;LARS1,GO_Biological_Process_2025__Regulation of Cell Size (GO:0008361)
GO:0034312,-0.6296018432119219,-1.227231392728697,0.8065289387591954,33.80%,SPTLC1;SPHK1;QDPR;SPTLC2;ASAH1,GO_Biological_Process_2025__Diol Biosynthetic Process (GO:0034312)
GO:0009167,-0.5559112629899503,-1.2269894564080417,0.806160944151033,25.04%,GMPS;GART;GMPR2;AMPD2;PFAS,GO_Biological_Process_2025__Purine Ribonucleoside Monophosphate Metabolic Process (GO:0009167)
GO:0061024,-0.3599361107687812,-1.226846307429424,0.8052557152246717,36.06%,EXOC6B;GLTPD2;TMEM33;STX18;EXOC5;VPS33B;CERT1;RABEP1;FCHO2;OSBPL2;NPC1;EXOC1;MFN2;SYNJ1;VPS28;OCRL;LEMD2;EXOC2;HUWE1;MTSS2;CCDC88A;GLTP;VTI1B;SH3GLB1;SH3GLB2;PIK3C2A;STAM2;EXOC6;TMEM43;PIP5K1C;SAR1B;GCA;ATP2C1;VPS4A;ESYT1;TOR1A;SPAST;VPS37A;LMNB2;VPS4B;SNAP29;CHMP2B;EXOC3;EXOC7;EXOC8;NAPG;VPS37B;SPTBN1,GO_Biological_Process_2025__Membrane Organization (GO:0061024)
GO:0090303,-0.4634471276081504,-1.22649070411315,0.8052931743974486,26.53%,MTOR;SERPINE1;F2R;ST3GAL4;PTK2;F12;APOH;ARFGEF1,GO_Biological_Process_2025__Positive Regulation of Wound Healing (GO:0090303)
GO:0008637,-0.4927794581329608,-1.2261881486389536,0.8051690201560808,29.97%,BAK1;CCAR2;BID;BCL2L1;SOD2;DNM1L;BAX,GO_Biological_Process_2025__Apoptotic Mitochondrial Changes (GO:0008637)
GO:0061462,-0.4680907468587491,-1.226002182578993,0.8045991371310794,33.12%,PIK3R4;BECN1;AP4M1;M6PR;GGA3;NEDD4;PIK3C3;AP3M1;VPS4A;LAMTOR5;LAMTOR4,GO_Biological_Process_2025__Protein Localization to Lysosome (GO:0061462)
GO:0032652,-0.5969119677044473,-1.2256260772421,0.8047139363661128,30.94%,F2R;SAA2;TMED10;ORM2,GO_Biological_Process_2025__Regulation of Interleukin-1 Production (GO:0032652)
GO:0030194,-0.5067857469898355,-1.2251728846308647,0.8051236692562497,45.46%,SERPINE1;THBD;F2R;ST3GAL4;F12;APOH;EMILIN1;SERPINF2;ENPP4;PLG;HPSE,GO_Biological_Process_2025__Positive Regulation of Blood Coagulation (GO:0030194)
GO:0002456,0.4297684530098465,1.224577538304418,0.608159112014391,12.99%,JAG1;CR1;CADM1,GO_Biological_Process_2025__T Cell Mediated Immunity (GO:0002456)
GO:0006116,-0.5931580379427155,-1.2244259277270677,0.8052758896271894,31.05%,SLC25A13;SLC25A12;SLC25A11;GPD1L;GPD2;GOT2,GO_Biological_Process_2025__NADH Oxidation (GO:0006116)
GO:0051346,-0.4958505179765232,-1.2239714178320835,0.8056502583567297,31.88%,LRCH1;PLXNB3;GMIP;CSTA;ARFGEF1;TMED2,GO_Biological_Process_2025__Negative Regulation of Hydrolase Activity (GO:0051346)
GO:0045600,0.437679712141956,1.2230425467024453,0.6095809002307047,12.05%,ADIRF;RARRES2;BMP7;HNRNPU;LPL,GO_Biological_Process_2025__Positive Regulation of Fat Cell Differentiation (GO:0045600)
GO:0120034,-0.4210087514810741,-1.2219454151480929,0.8122923111810164,37.63%,ARHGAP35;TAPT1;RAC2;PIK3R1;RIPOR2;SLC6A4;DOCK11;BRK1;CCDC88A;NCKAP1;PIK3CA;ARAP1;NLGN1;PROC;CYFIP1;P2RY12;FNBP1L,GO_Biological_Process_2025__Positive Regulation of Plasma Membrane Bounded Cell Projection Assembly (GO:0120034)
GO:0042325,-0.4455732039587772,-1.2208234946687613,0.8153754738073178,17.36%,NLRC5;STAT2;GLMN;FER;EGF;PTK2;S100A9;NDUFS4,GO_Biological_Process_2025__Regulation of Phosphorylation (GO:0042325)
GO:0031529,-0.5569000315237576,-1.220558943600647,0.8149918752724303,0.17%,INPP5K,GO_Biological_Process_2025__Ruffle Organization (GO:0031529)
GO:0018126,-0.6210967348464322,-1.219591886167937,0.8175099731719714,31.07%,VPS33B;PLOD1;VIPAS39;PLOD2;P3H1,GO_Biological_Process_2025__Protein Hydroxylation (GO:0018126)
GO:0042987,-0.5972711917168616,-1.2192665301818717,0.8173897413335944,9.80%,PSEN2;DYRK1A,GO_Biological_Process_2025__Amyloid Precursor Protein Catabolic Process (GO:0042987)
GO:0043268,-0.6152326238728871,-1.2191415684020974,0.816552480989435,14.42%,TREM2;DLG1,GO_Biological_Process_2025__Positive Regulation of Potassium Ion Transport (GO:0043268)
GO:0023057,-0.5239679104695849,-1.2191245597578262,0.8152443060376064,39.64%,INPP5D;OPTN;PPP3CB;MPIG6B;PTPN1;CCM2;PPP3CA,GO_Biological_Process_2025__Negative Regulation of Signaling (GO:0023057)
GO:1902116,-0.5446513885961064,-1.2189566678417867,0.8145218061009143,4.78%,EVI5L;MDM1,GO_Biological_Process_2025__Negative Regulation of Organelle Assembly (GO:1902116)
GO:0051896,-0.3568850086477954,-1.2189187275376194,0.8132978019099623,16.09%,INPP5K;PTEN;PDGFB;TREM2;TSC2;MTOR;FLCN;CBL;JAK2;IRS1;F2R;PIK3CB;BECN1;VAV3;EGF;PDCD6;PTK2;STAMBP;OSBPL8,GO_Biological_Process_2025__Regulation of Phosphatidylinositol 3-Kinase/Protein Kinase B Signal Transduction (GO:0051896)
GO:1900027,0.5264862323134145,1.2187035126722328,0.6167845496232826,8.84%,EVL;TACSTD2;RDX,GO_Biological_Process_2025__Regulation of Ruffle Assembly (GO:1900027)
GO:1903051,0.4387152882248128,1.2185286237516617,0.6152796958430673,2.46%,RPS7;RPL23;RPL5,GO_Biological_Process_2025__Negative Regulation of Proteolysis Involved in Protein Catabolic Process (GO:1903051)
GO:0055080,-0.4588568338134121,-1.2179892699272714,0.8155329623293891,8.76%,CNNM4;PSEN2;SLC12A2,GO_Biological_Process_2025__Monoatomic Cation Homeostasis (GO:0055080)
GO:0034727,-0.5803735314849922,-1.2176588387446154,0.8155281877679897,33.89%,ATG5;ATG7;ATG4B;ATG9A;ATG2B;ATG4A,GO_Biological_Process_2025__Piecemeal Microautophagy of the Nucleus (GO:0034727)
GO:0010544,-0.5330298892187301,-1.2166597506976973,0.8181253525810606,5.61%,PDGFB;THBD,GO_Biological_Process_2025__Negative Regulation of Platelet Activation (GO:0010544)
GO:0090022,-0.5369809432304573,-1.2165967362303636,0.8169951059698349,29.93%,RAC2;RIPOR2;NCKAP1L;MCU;MOSPD2;JAM3;DNM1L,GO_Biological_Process_2025__Regulation of Neutrophil Chemotaxis (GO:0090022)
GO:0019637,-0.4220488301331733,-1.2152444684818922,0.8210235079866489,15.78%,PLA2G15;IP6K1;ALDOC;INPP4B;FBP1;SYNJ1;AGPAT1;OCRL;NFS1,GO_Biological_Process_2025__Organophosphate Metabolic Process (GO:0019637)
GO:1903426,-0.5396094336414788,-1.214965636741562,0.8207215689836024,37.32%,RAB27A;PIKFYVE;ABCD1;PLCG2;SLC18A2;FASN,GO_Biological_Process_2025__Regulation of Reactive Oxygen Species Biosynthetic Process (GO:1903426)
GO:0051050,-0.4639636874070165,-1.2137286720665088,0.8243830454294848,5.55%,INPP5K;BAK1;GSK3A,GO_Biological_Process_2025__Positive Regulation of Transport (GO:0051050)
GO:0006614,-0.5836865289226816,-1.2136395379258955,0.823359695407527,10.65%,ZFAND2B;SRPRA,GO_Biological_Process_2025__SRP-dependent Cotranslational Protein Targeting to Membrane (GO:0006614)
GO:0034614,-0.440383175527623,-1.213166255405725,0.8238806012942378,22.74%,PDK2;PRDX5;FER;FXN;TPM1;RIPK1;PRDX3,GO_Biological_Process_2025__Cellular Response to Reactive Oxygen Species (GO:0034614)
GO:0036151,-0.6473604829326907,-1.2130773458120234,0.8228489864276292,20.26%,LPCAT1;MBOAT7;PLA2G4A,GO_Biological_Process_2025__Phosphatidylcholine Acyl-Chain Remodeling (GO:0036151)
GO:0030193,-0.4652513102052384,-1.212884500101126,0.8222780830168868,24.07%,SERPINE1;THBD;F2R;GLMN;ST3GAL4;F12;TFPI;APOH,GO_Biological_Process_2025__Regulation of Blood Coagulation (GO:0030193)
GO:0051895,-0.5432347905884072,-1.2127349804704584,0.8201588531343686,1.12%,PTEN,GO_Biological_Process_2025__Negative Regulation of Focal Adhesion Assembly (GO:0051895)
GO:0150118,-0.5432347905884072,-1.2127349804704584,0.8201588531343686,1.12%,PTEN,GO_Biological_Process_2025__Negative Regulation of Cell-Substrate Junction Organization (GO:0150118)
GO:0009083,-0.5322286514277641,-1.2124872497292962,0.819845253358813,37.12%,DBT;MCCC2;HMGCL;IVD;BCKDK;ALDH6A1;MCCC1;HIBCH;HIBADH,GO_Biological_Process_2025__Branched-Chain Amino Acid Catabolic Process (GO:0009083)
GO:0032731,0.3922928260908319,1.2124451179775784,0.6243004113352059,0.04%,LGALS9,GO_Biological_Process_2025__Positive Regulation of Interleukin-1 Beta Production (GO:0032731)
GO:0010828,-0.5005923119204956,-1.2123633198869177,0.8190086549964546,26.55%,IRS1;PIK3R1;OSBPL8;IRS2;ITLN1;APPL1;BRAF;AKT2,GO_Biological_Process_2025__Positive Regulation of D-glucose Transmembrane Transport (GO:0010828)
GO:0016236,-0.3617698903580336,-1.211899357280493,0.8195307218373729,38.34%,VPS16;NIPSNAP1;OGT;VTI1A;ATG5;WIPI1;VPS33B;PIK3R4;BECN1;MTMR14;TBC1D5;ATG7;VPS41;LAMP2;ATG4B;ATG16L1;VPS28;ATG9A;AUP1;TBK1;LGALS8;WDR81;VIPAS39;VTI1B;PIK3C3;STAM2;TEX264;CLEC16A;VPS4A;ATG2B;LRBA;VAMP7;VPS37A;VPS4B;SNAP29;CHMP2B;ATG4A;EPG5;SQSTM1;YOD1;VPS37B;NIPSNAP2;PIP4K2B;SNF8;PHB2;RAB3GAP2,GO_Biological_Process_2025__Macroautophagy (GO:0016236)
GO:0002224,-0.4759880297937189,-1.2110283050462205,0.8216102742019672,19.22%,IRAK3;MYD88;RPS6KA3;IRAK1;MAPKAPK2;MAP3K7;MAPKAPK3;TRAF6,GO_Biological_Process_2025__Toll-Like Receptor Signaling Pathway (GO:0002224)
GO:0051497,-0.487384083827804,-1.2095782107087396,0.8259554793491166,1.39%,INPP5K;ARHGEF18,GO_Biological_Process_2025__Negative Regulation of Stress Fiber Assembly (GO:0051497)
GO:0034112,-0.5074119200199587,-1.2090581826334166,0.826714647681577,5.94%,MFSD2B;JAK2,GO_Biological_Process_2025__Positive Regulation of Homotypic Cell-Cell Adhesion (GO:0034112)
GO:0006734,0.4142354961978893,1.208783351697896,0.6301476653388983,0.29%,ENO3,GO_Biological_Process_2025__NADH Metabolic Process (GO:0006734)
GO:0001701,-0.6178770437787146,-1.2086823484555629,0.8268101166495809,13.48%,PDGFB;FLCN;FUT8;FGFR2,GO_Biological_Process_2025__in Utero Embryonic Development (GO:0001701)
GO:0071378,-0.6435668332675879,-1.2086685620791997,0.8255082459741033,14.02%,JAK2;PIK3R1;PTK2,GO_Biological_Process_2025__Cellular Response to Growth Hormone Stimulus (GO:0071378)
GO:1903427,-0.6454373330682938,-1.2086289770400025,0.8243025842871378,31.03%,ABCD1;FYN;SLC18A2,GO_Biological_Process_2025__Negative Regulation of Reactive Oxygen Species Biosynthetic Process (GO:1903427)
GO:1902001,-0.6065111257674596,-1.2077972846759928,0.8261138029799198,23.86%,CPT2;ABCD3;SLC25A20,GO_Biological_Process_2025__Fatty Acid Transmembrane Transport (GO:1902001)
GO:0010605,0.4938432317716458,1.2077095571159349,0.6305802879155834,0.56%,SUB1,GO_Biological_Process_2025__Negative Regulation of Macromolecule Metabolic Process (GO:0010605)
GO:0034142,0.4346290401191756,1.2074428607728025,0.6292485227391131,0.04%,LGALS9,GO_Biological_Process_2025__Toll-Like Receptor 4 Signaling Pathway (GO:0034142)
GO:0045639,-0.4979939483260899,-1.2071518575873883,0.8274760966553791,10.69%,PRKDC;PRMT1;STAT5B;FES,GO_Biological_Process_2025__Positive Regulation of Myeloid Cell Differentiation (GO:0045639)
GO:0032232,-0.4813159777096855,-1.20639496418546,0.8290886801121247,1.39%,INPP5K;ARHGEF18,GO_Biological_Process_2025__Negative Regulation of Actin Filament Bundle Assembly (GO:0032232)
GO:0140895,0.4079767839725157,1.206231601488119,0.630106220748977,0.04%,LGALS9,GO_Biological_Process_2025__Cell Surface Toll-Like Receptor Signaling Pathway (GO:0140895)
GO:0006874,-0.4018402447796667,-1.2062150055149097,0.8284073365015732,30.36%,TPT1;ATP2B1;BAK1;PDZD8;CLCC1;ATP13A1;RMDN3;SLC10A7;PACS2;ITPR1;CAMK2D;MAIP1;CCDC47;MICU2;MCU;MICU1;ATP2C1;BAX;STIM1;STC1,GO_Biological_Process_2025__Intracellular Calcium Ion Homeostasis (GO:0006874)
GO:0019722,-0.4475009395946593,-1.2052122417789166,0.8310393904115074,42.42%,TRPM4;CCRL2;SPHK1;PPP3CB;MCTP2;SAMD14;CXCR4;MCU;PRKAA1;PLCG2;SLC9A1;P2RY12;PDPK1;PPP3CA;PPP1R9B;TREML1,GO_Biological_Process_2025__Calcium-Mediated Signaling (GO:0019722)
GO:1901990,0.4118365842714021,1.2048517419361584,0.6313613563839952,3.81%,PKD1;UBE2C;SMARCD2,GO_Biological_Process_2025__Regulation of Mitotic Cell Cycle Phase Transition (GO:1901990)
GO:0071621,-0.4392119333026926,-1.2041798029583262,0.8337555280052287,34.49%,PIKFYVE;SAA2;S100A12;S100A9;TGFB2;S100A8;PIP5K1C;PIK3CG;PF4V1;PTGES2,GO_Biological_Process_2025__Granulocyte Chemotaxis (GO:0071621)
GO:0052548,-0.5311242239317746,-1.2030134241707735,0.8369432813069395,23.12%,SERPINE1;VSIR;SERPINB6;NRDC,GO_Biological_Process_2025__Regulation of Endopeptidase Activity (GO:0052548)
GO:0045823,-0.607288047911194,-1.2030013275651137,0.8356500126110576,21.21%,GSK3A;TRPM4;TGFB2,GO_Biological_Process_2025__Positive Regulation of Heart Contraction (GO:0045823)
GO:2000377,-0.4615496813799843,-1.2021812995700771,0.8374982391413424,9.57%,PDGFB;PDK3;PIKFYVE;RAC2,GO_Biological_Process_2025__Regulation of Reactive Oxygen Species Metabolic Process (GO:2000377)
GO:1900048,-0.5512563888690459,-1.2016517960242896,0.8382728053142838,20.38%,SERPINE1;F2R;ST3GAL4;F12,GO_Biological_Process_2025__Positive Regulation of Hemostasis (GO:1900048)
GO:0006206,-0.6427895521133251,-1.2012945594090183,0.8383342116067946,16.96%,DPYD;CTPS2;UMPS,GO_Biological_Process_2025__Pyrimidine Nucleobase Metabolic Process (GO:0006206)
GO:1903531,-0.497204804845427,-1.201224416515846,0.8372709805533524,0.19%,WDR41,GO_Biological_Process_2025__Negative Regulation of Secretion by Cell (GO:1903531)
GO:0046032,0.3934662816561621,1.2004207630433468,0.635369447196645,0.29%,ENO3,GO_Biological_Process_2025__ADP Catabolic Process (GO:0046032)
GO:0019364,0.3934662816561621,1.2004207630433468,0.635369447196645,0.29%,ENO3,GO_Biological_Process_2025__Pyridine Nucleotide Catabolic Process (GO:0019364)
GO:0006096,0.3934662816561621,1.2004207630433468,0.635369447196645,0.29%,ENO3,GO_Biological_Process_2025__Glycolytic Process (GO:0006096)
GO:0032204,0.4403285002750928,1.2002729428252268,0.6338516568666956,9.94%,RAD50;XRCC5;MRE11;MAP3K4,GO_Biological_Process_2025__Regulation of Telomere Maintenance (GO:0032204)
GO:0001919,0.4353503767684183,1.2000423483514682,0.6325341053117165,0.62%,RAMP3,GO_Biological_Process_2025__Regulation of Receptor Recycling (GO:0001919)
GO:0006650,-0.4424404644818243,-1.1995127728726884,0.8427609072296218,21.13%,PLA2G15;PNPLA6;PRDX5;SYNJ1;PLCB4;ABHD12;PLCB3;PLA2G4A;PLCB1,GO_Biological_Process_2025__Glycerophospholipid Metabolic Process (GO:0006650)
GO:0010827,-0.5929988640046656,-1.1989634131366476,0.8435865727083396,0.17%,INPP5K,GO_Biological_Process_2025__Regulation of D-glucose Transmembrane Transport (GO:0010827)
GO:0051592,-0.4028215622850198,-1.1982600273874668,0.8451277280244773,40.14%,PEF1;SLC25A13;SLC25A12;PDCD6;RASGRP2;CAMK2D;NEDD4;BRAF;MICU2;MICU1;PRKAA1;PLCG2;SLC25A24;STIM1;NLGN1;CPNE1;ITPKB;PPP3CA;SEC31A;ADD1,GO_Biological_Process_2025__Response to Calcium Ion (GO:0051592)
GO:0090279,-0.5364428002325418,-1.198224654510073,0.8439170623415035,30.36%,PDGFB;EGF;PRNP;FYN;STC1,GO_Biological_Process_2025__Regulation of Calcium Ion Import (GO:0090279)
GO:0050687,-0.5876319957112991,-1.19818222974121,0.8427415580242097,5.51%,TARBP2;ATG5,GO_Biological_Process_2025__Negative Regulation of Defense Response to Virus (GO:0050687)
GO:0033147,-0.5802852713746733,-1.1979715467606753,0.842259172227338,31.42%,VPS11;CNOT1;KANK2;STRN3;CNOT9,GO_Biological_Process_2025__Negative Regulation of Intracellular Estrogen Receptor Signaling Pathway (GO:0033147)
GO:0045916,0.4520496275931338,1.1978402201779426,0.6355190810920897,20.71%,CR1;CD55;MASP1;C4BPB,GO_Biological_Process_2025__Negative Regulation of Complement Activation (GO:0045916)
GO:1902745,-0.4590363145827083,-1.1975091584794828,0.8428382681053745,33.60%,VIL1;RAC2;PIK3R1;BRK1;CARMIL1;NCKAP1;PIK3CA;ARHGEF7;CYFIP1,GO_Biological_Process_2025__Positive Regulation of Lamellipodium Organization (GO:1902745)
GO:1903146,-0.5521227737069139,-1.1974211259990208,0.8418214341416672,43.91%,HTRA2;GSK3A;FKBP8;CSNK2A2;DNM1L;VDAC1;HDAC6;FBXO7,GO_Biological_Process_2025__Regulation of Autophagy of Mitochondrion (GO:1903146)
GO:0032535,-0.4291088595090522,-1.196798466221607,0.8429491872629482,41.69%,ARHGAP35;MTOR;ARHGAP5;VAV3;RPTOR;DNAJC16;PEX11B;VAV1;LAMTOR5;DNM1;LAMTOR4;RIN3;RAP1GAP2;MTPN;LARS1;BORCS5;BORCS6;BLOC1S1,GO_Biological_Process_2025__Regulation of Cellular Component Size (GO:0032535)
GO:0039531,-0.560947925928907,-1.1963701578472796,0.8433409914909199,14.17%,TARBP2;TAB1;MAP3K7,GO_Biological_Process_2025__Regulation of Cytoplasmic Pattern Recognition Receptor Signaling Pathway (GO:0039531)
GO:0034728,-0.5512959099056173,-1.195242942835962,0.8464704098407543,11.18%,DNAJC9;RBBP4;NFE2,GO_Biological_Process_2025__Nucleosome Organization (GO:0034728)
GO:0006310,-0.579199105552866,-1.1949944525738372,0.8461106092542668,0.08%,TREX1,GO_Biological_Process_2025__DNA Recombination (GO:0006310)
GO:1905168,0.4858491374494759,1.1949593058162868,0.6398876359009004,2.73%,PARP1;FUS,GO_Biological_Process_2025__Positive Regulation of Double-Strand Break Repair via Homologous Recombination (GO:1905168)
GO:0045927,-0.4003668418135879,-1.1945778857649567,0.8464911980384993,22.78%,MTOR;RPS6KA3;FXN;SPHK1;MAPKAP1;S100A9;RPTOR;CSNK2A2;ZPR1;EIF4G2;DDX3X;PLCB1;TGFB2;DNPH1;S100A8,GO_Biological_Process_2025__Positive Regulation of Growth (GO:0045927)
GO:0045911,0.4649467691062994,1.1945143110149643,0.6389503414295705,2.73%,PARP1;FUS,GO_Biological_Process_2025__Positive Regulation of DNA Recombination (GO:0045911)
GO:0044248,-0.476825439985928,-1.1943741857344767,0.8459869286018918,22.56%,PIK3R4;BECN1;NEDD4;IDE;LNPEP;SH3GLB1,GO_Biological_Process_2025__Cellular Catabolic Process (GO:0044248)
GO:0050658,0.4069471322640362,1.1943442751281468,0.6374200613778799,4.41%,ATXN2;HNRNPA2B1;YBX1;TPR,GO_Biological_Process_2025__RNA Transport (GO:0050658)
GO:0006103,-0.6050190849533194,-1.1939102747335433,0.8464501990318443,36.37%,L2HGDH;IDH2;GOT2;OGDH,GO_Biological_Process_2025__2-Oxoglutarate Metabolic Process (GO:0006103)
GO:0006820,-0.4824388255615192,-1.1934794336336985,0.8468402027297803,14.85%,LRRC8C;LRRC8D;TSPO;PANX1;SLC4A2,GO_Biological_Process_2025__Monoatomic Anion Transport (GO:0006820)
GO:1990266,-0.4384685761506701,-1.1934731650018693,0.8455372350218596,34.49%,PIKFYVE;SAA2;S100A12;S100A9;TGFB2;S100A8;PIP5K1C;PIK3CG;PF4V1;IRAK4;PTGES2,GO_Biological_Process_2025__Neutrophil Migration (GO:1990266)
GO:0060099,-0.5917336734498971,-1.1925882285654616,0.8463485402039455,34.24%,TREM2;NCKAP1L;RAB31;PLCG2;APPL2;ANO6,"GO_Biological_Process_2025__Regulation of Phagocytosis, Engulfment (GO:0060099)"
GO:0060100,-0.5917336734498971,-1.1925882285654616,0.8463485402039455,34.24%,TREM2;NCKAP1L;RAB31;PLCG2;APPL2;ANO6,"GO_Biological_Process_2025__Positive Regulation of Phagocytosis, Engulfment (GO:0060100)"
GO:0051177,-0.6393211910984189,-1.1925280791508188,0.8452621527290584,1.53%,PPP2R5C,GO_Biological_Process_2025__Meiotic Sister Chromatid Cohesion (GO:0051177)
GO:1901655,-0.4935341391603812,-1.1924588035381398,0.8442183973607086,22.39%,GOLPH3;ADCY6;PCK2;LARP1;GNAI1,GO_Biological_Process_2025__Cellular Response to Ketone (GO:1901655)
GO:0072583,-0.4409783990957033,-1.1921752695853325,0.8427205136655586,46.29%,STON1;ITSN2;FCHO2;SCYL2;PIP5K1C;AP2S1;CLTC;DNM1;CLTB;STON2;FNBP1L;DNAJC6;ITSN1;AP2B1,GO_Biological_Process_2025__Clathrin-Dependent Endocytosis (GO:0072583)
GO:0070129,-0.5781031697641716,-1.1919575093732948,0.8422848357217969,31.86%,UQCC2;DDX3X;C1QBP;LRPPRC,GO_Biological_Process_2025__Regulation of Mitochondrial Translation (GO:0070129)
GO:0001764,0.377937564109515,1.1917779935969706,0.6393405024702982,6.52%,KIAA0319L;USP9X;KIAA0319,GO_Biological_Process_2025__Neuron Migration (GO:0001764)
GO:2000008,0.3988705010552977,1.1915011383002068,0.6381768506921582,0.06%,ACTN2,GO_Biological_Process_2025__Regulation of Protein Localization to Cell Surface (GO:2000008)
GO:0044571,-0.646175810939615,-1.191146915916255,0.8440866022803046,26.70%,FXN;NFS1;LYRM4;GLRX3,GO_Biological_Process_2025__[2Fe-2S] Cluster Assembly (GO:0044571)
GO:1903532,-0.4016875686255397,-1.1907857515203366,0.8442303408295393,16.11%,GOLPH3;TREM2;RAB27A;RAB2B;SLC12A2;PPID;GRK2;CLASP1;STXBP5,GO_Biological_Process_2025__Positive Regulation of Secretion by Cell (GO:1903532)
GO:0150077,-0.5800661547054056,-1.190337990365817,0.844595554228968,28.07%,TREM2;SPHK1;IL18;PLCG2,GO_Biological_Process_2025__Regulation of Neuroinflammatory Response (GO:0150077)
GO:0010948,0.5236625571244629,1.1901342539621869,0.6394031056174955,15.18%,TOM1L1;BMP7;ZFYVE19;CHMP2A,GO_Biological_Process_2025__Negative Regulation of Cell Cycle Process (GO:0010948)
GO:0071470,-0.4703502925021783,-1.1892612514575351,0.847634387016675,21.38%,MTOR;LRRC8D;CAB39;RPTOR;STK39;DDX3X;SERPINB6,GO_Biological_Process_2025__Cellular Response to Osmotic Stress (GO:0071470)
GO:0071320,-0.5315788076835586,-1.1887547621045116,0.8482202621352877,0.17%,INPP5K,GO_Biological_Process_2025__Cellular Response to cAMP (GO:0071320)
GO:2000402,-0.600812275027506,-1.1886771840450976,0.847255183994105,13.34%,LRCH1;RIPOR2,GO_Biological_Process_2025__Negative Regulation of Lymphocyte Migration (GO:2000402)
GO:0006836,-0.5773765934568663,-1.1884923900537885,0.8466496721425597,14.87%,LIN7C;SYNJ1;SLC6A4,GO_Biological_Process_2025__Neurotransmitter Transport (GO:0006836)
GO:0050657,0.5789961784047286,1.188256645006727,0.6418190822901694,2.88%,HNRNPA2B1;YBX1,GO_Biological_Process_2025__Nucleic Acid Transport (GO:0050657)
GO:0032469,-0.5122511216176187,-1.187714118568035,0.8481495995513717,21.33%,BAK1;CLCC1;PACS2;CAMK2D;CCDC47,GO_Biological_Process_2025__Endoplasmic Reticulum Calcium Ion Homeostasis (GO:0032469)
GO:0010759,0.4844469404165412,1.1870836994745797,0.642541233581499,14.50%,RARRES2;CSF1;CSF1R;CCL5,GO_Biological_Process_2025__Positive Regulation of Macrophage Chemotaxis (GO:0010759)
GO:0061448,0.4033332159461146,1.1869903184639523,0.6409165158279606,5.03%,PKD1;COL2A1;ATP7A,GO_Biological_Process_2025__Connective Tissue Development (GO:0061448)
GO:0038095,-0.4930820295464917,-1.1861339123423686,0.8528776690887936,37.95%,FER;VAV3;MAP3K7;TRAF6;VAV1;PLCG2;IKBKB;LYN,GO_Biological_Process_2025__Fc-epsilon Receptor Signaling Pathway (GO:0038095)
GO:0043954,-0.5616039727734627,-1.1860665831714412,0.851813007763564,35.09%,TREM2;MTMR2;PRNP;FYN;IGF1R,GO_Biological_Process_2025__Cellular Component Maintenance (GO:0043954)
GO:0043030,-0.5474831125111097,-1.1855599048756238,0.8524242376623853,30.43%,LBP;SPHK1;S100A9;MYO18A;KARS1,GO_Biological_Process_2025__Regulation of Macrophage Activation (GO:0043030)
GO:0030501,-0.5997361397879206,-1.1851529438024766,0.8513661096040155,3.91%,ATP2B1;ISG15,GO_Biological_Process_2025__Positive Regulation of Bone Mineralization (GO:0030501)
GO:0070169,-0.5997361397879206,-1.1851529438024766,0.8513661096040155,3.91%,ATP2B1;ISG15,GO_Biological_Process_2025__Positive Regulation of Biomineral Tissue Development (GO:0070169)
GO:0045039,-0.5997511406055578,-1.1847147661558075,0.8517173350136785,40.12%,TIMM10;TIMM29;NDUFA13;TIMM22;TOMM70;TIMM13,GO_Biological_Process_2025__Protein Insertion Into Mitochondrial Inner Membrane (GO:0045039)
GO:1903358,0.4452990219230545,1.1846296626822377,0.6421928061456501,0.08%,RAB33B,GO_Biological_Process_2025__Regulation of Golgi Organization (GO:1903358)
GO:0035592,-0.4530129202967597,-1.1844543091647446,0.8513840724442652,12.41%,TMEM167A;GOLPH3;ARFGAP3;LRRC32,GO_Biological_Process_2025__Establishment of Protein Localization to Extracellular Region (GO:0035592)
GO:0048844,0.4855675266789749,1.183340153428651,0.6432634407109585,17.98%,JAG1;ANGPTL3;PRKD2;NOTCH1;PDGFRB,GO_Biological_Process_2025__Artery Morphogenesis (GO:0048844)
GO:0090280,-0.5691482260428653,-1.1830878404527585,0.8555220420999474,15.47%,PDGFB;PPP3CB,GO_Biological_Process_2025__Positive Regulation of Calcium Ion Import (GO:0090280)
GO:0044804,-0.526860008767315,-1.18304239743505,0.8544321538202124,16.32%,ATG5;WIPI1;ATG7;ATG4B;ATG9A,GO_Biological_Process_2025__Nucleophagy (GO:0044804)
GO:0016125,-0.4616030316671164,-1.1827029328846246,0.8544287507491847,32.54%,CLN6;OSBPL1A;PMVK;GBA2;APOF;CES1;PRKAG2;LDLRAP1;APOA5;PIP4P1,GO_Biological_Process_2025__Sterol Metabolic Process (GO:0016125)
GO:0043124,0.3506733547393577,1.1826097601369625,0.6429081623634054,0.27%,TMSB4X;DNAJA3,GO_Biological_Process_2025__Negative Regulation of Canonical NF-kappaB Signal Transduction (GO:0043124)
GO:0007411,0.299845356789429,1.1823958371343235,0.6415843124133782,6.59%,SEMA6D;ENAH;SEMA3F;TNR;EVL;NRXN3;SEMA4D,GO_Biological_Process_2025__Axon Guidance (GO:0007411)
GO:0071222,-0.3790928940565781,-1.1823566396828369,0.8544563007838923,19.22%,PAF1;SERPINE1;JAK2;IRAK3;CD274;MYD88;IRAK1;LBP;CASP7;DEFA4;GIT1;TRAF6,GO_Biological_Process_2025__Cellular Response to Lipopolysaccharide (GO:0071222)
GO:0034058,-0.5051314679681213,-1.182355970031446,0.8531832997639318,15.00%,VPS16;VPS11;VPS41;SAMD9,GO_Biological_Process_2025__Endosomal Vesicle Fusion (GO:0034058)
GO:0061951,-0.445200594391972,-1.1812698415887986,0.8560494747425997,38.30%,GOLPH3;KIF13A;OPTN;GGA3;RAB11A;MACF1;GOLGA7;RAB31;GGA1;RILPL2;ATP6AP1;RAB10;SPTBN1;RAB34,GO_Biological_Process_2025__Establishment of Protein Localization to Plasma Membrane (GO:0061951)
GO:0097306,-0.4903815452796867,-1.1806955859183477,0.857082635878929,22.39%,GOLPH3;ADCY6;LARP1;CES1;GNAI1,GO_Biological_Process_2025__Cellular Response to Alcohol (GO:0097306)
GO:0002719,0.4934845816959506,1.1806080296709236,0.6420128270968886,0.21%,HLA-F,GO_Biological_Process_2025__Negative Regulation of Cytokine Production Involved in Immune Response (GO:0002719)
GO:0010804,0.5643790172092058,1.1802821539581796,0.6408573802926318,43.62%,CARD8;PPP2CB;GAS6;APOA1;DICER1,GO_Biological_Process_2025__Negative Regulation of Tumor Necrosis Factor-Mediated Signaling Pathway (GO:0010804)
GO:0033617,-0.6330440493505303,-1.1799443728409256,0.8586202412232949,24.48%,SCO1;SURF1;COX20,GO_Biological_Process_2025__Mitochondrial Cytochrome C Oxidase Assembly (GO:0033617)
GO:0006814,-0.5715713909763445,-1.1785572719244544,0.8626549929743639,23.61%,NDUFA9;SLC12A2;SLC6A4;ATP1B3,GO_Biological_Process_2025__Sodium Ion Transport (GO:0006814)
GO:0022900,-0.5222669480728586,-1.1783882515412218,0.8620330458528037,2.63%,UQCRFS1;HCCS,GO_Biological_Process_2025__Electron Transport Chain (GO:0022900)
GO:0032886,-0.4562094356424053,-1.177218783446023,0.8652782765405429,52.26%,GSK3A;BICD2;CLASP1;FNTA;MACF1;PRKAA1;PROC;CYLD;HDAC6;IGBP1;ROCK1;SNCA;DIAPH1;PHLDB1;GSK3B;TAOK1,GO_Biological_Process_2025__Regulation of Microtubule-Based Process (GO:0032886)
GO:0034340,-0.6258676373845016,-1.1772040227170084,0.8640580426958111,21.64%,ISG15;TRIM56;SHFL,GO_Biological_Process_2025__Response to Type I Interferon (GO:0034340)
GO:0031123,-0.5757153915725624,-1.176338791805632,0.8660888617954925,3.54%,PAF1;TUT7,GO_Biological_Process_2025__RNA 3'-End Processing (GO:0031123)
GO:0051604,-0.3675088464410995,-1.1761239131183527,0.8655819223962261,33.89%,PSEN2;LMF1;CIAO2B;OGT;MMS19;AASDHPPT;PIKFYVE;NAA15;METAP1;CASP7;SRGN;ATG4B;PCSK5;NFU1;FNTA;ZMPSTE24;F12;ECE1;METAP2;PITRM1;NCSTN;CASP3;TSPAN14;IKBKB;TESC;AFG3L2;LONP2;ATG4A,GO_Biological_Process_2025__Protein Maturation (GO:0051604)
GO:0061756,-0.488477666696109,-1.1761080171013134,0.8643652489582715,21.69%,GOLPH3;SELPLG;PODXL2;GCNT1;LRG1,GO_Biological_Process_2025__Leukocyte Adhesion to Vascular Endothelial Cell (GO:0061756)
GO:0006307,-0.5851304193801761,-1.1753552158836815,0.8660011692673875,13.24%,ASCC3;OTUD4;FTO,GO_Biological_Process_2025__DNA Alkylation Repair (GO:0006307)
GO:1904706,-0.5788398988595919,-1.175064554046705,0.8658056327367345,31.69%,PTEN;CNN1;TPM1;SOD2;PRKG1,GO_Biological_Process_2025__Negative Regulation of Vascular Associated Smooth Muscle Cell Proliferation (GO:1904706)
GO:0051491,-0.5062783707971912,-1.1749279992313526,0.865055487208892,37.63%,PIK3R1;RIPOR2;DOCK11;ARAP1;NLGN1;FNBP1L,GO_Biological_Process_2025__Positive Regulation of Filopodium Assembly (GO:0051491)
GO:0008286,-0.4269167040373453,-1.1744020135104902,0.8657918180888206,35.09%,PDK2;GSK3A;IRS1;FER;PIK3R1;IDE;IRS2;APPL1;SHC1;PIK3C2A;AKT2;PIK3CA;PROC;C2CD5;IGF1R,GO_Biological_Process_2025__Insulin Receptor Signaling Pathway (GO:0008286)
GO:0022898,-0.6195821274174363,-1.1743536155748482,0.864722464765855,21.35%,LONP1;STK39;RIPK1,GO_Biological_Process_2025__Regulation of Transmembrane Transporter Activity (GO:0022898)
GO:0097485,0.30306184212047,1.1741941483502247,0.6504583162390315,6.59%,SEMA6D;ENAH;SEMA3F;TNR;EVL;NRXN3;SEMA4D,GO_Biological_Process_2025__Neuron Projection Guidance (GO:0097485)
GO:0046320,-0.6009705677897592,-1.174116684845924,0.8631067077172013,33.16%,MLYCD;ABCD1;PRKAG2;APPL2;LONP2,GO_Biological_Process_2025__Regulation of Fatty Acid Oxidation (GO:0046320)
GO:1901028,-0.5920805928484184,-1.1739019134961812,0.8626025446961166,5.55%,BAK1;GSK3A,GO_Biological_Process_2025__Reg of Mt Outer Membrane Permeabilization Inv in Apoptotic Sgnlng Pway (GO:1901028)
GO:0071333,-0.5024273097254601,-1.1737876636700944,0.861785757033145,35.09%,OGT;PCK2;ERN1;RPTOR;PRKAA1;PDHX;SELENOT;IGF1R,GO_Biological_Process_2025__Cellular Response to Glucose Stimulus (GO:0071333)
GO:0043032,-0.6190936112766103,-1.1736540114864475,0.8609958856051628,12.43%,TREM2;LBP,GO_Biological_Process_2025__Positive Regulation of Macrophage Activation (GO:0043032)
GO:0018210,-0.4600572948465211,-1.1733797812129407,0.8607897288140555,24.32%,PRKDC;DYRK1A;CAMK2D;TBK1;STK39;CDK5;CSNK2B,GO_Biological_Process_2025__Peptidyl-Threonine Modification (GO:0018210)
GO:0032486,-0.6239826411123118,-1.172832316514308,0.8616719134050186,27.28%,RAP2C;RAP2B;RAP2A,GO_Biological_Process_2025__Rap Protein Signal Transduction (GO:0032486)
GO:0090307,-0.4988780098691138,-1.1716251727520726,0.864998152573996,17.34%,ARHGEF10;GOLGA2;CLASP1;RAB11A,GO_Biological_Process_2025__Mitotic Spindle Assembly (GO:0090307)
GO:0002495,0.4193725491556084,1.1715247893215015,0.6526058190056254,2.84%,HLA-DRB3;CTSL,GO_Biological_Process_2025__Antigen Processing and Presentation of Peptide Antigen via MHC Class II (GO:0002495)
GO:0019886,0.4193725491556084,1.1715247893215015,0.6526058190056254,2.84%,HLA-DRB3;CTSL,GO_Biological_Process_2025__Antigen Processing and Presentation of Exogenous Peptide Antigen via MHC Class II (GO:0019886)
GO:0006122,-0.553941908713693,-1.1714731183950138,0.8643586938041588,44.72%,UQCRFS1;UQCR11;UQCR10;UQCRB;UQCRC1;UQCRQ;UQCRC2;CYCS,"GO_Biological_Process_2025__Mitochondrial Electron Transport, Ubiquinol to Cytochrome C (GO:0006122)"
GO:0098901,-0.5486500824966261,-1.1714316133726907,0.8632689075592397,17.09%,TRPM4;DLG1;CAMK2D,GO_Biological_Process_2025__Regulation of Cardiac Muscle Cell Action Potential (GO:0098901)
GO:0042119,0.4659818684338597,1.1712777640079537,0.65138844682186,18.87%,DNASE1;CCL5;TYROBP;CTSG,GO_Biological_Process_2025__Neutrophil Activation (GO:0042119)
GO:0051924,-0.4240177556865777,-1.1701331834859596,0.8669597142401485,6.38%,INPP5K;ATP2B1;F2R,GO_Biological_Process_2025__Regulation of Calcium Ion Transport (GO:0051924)
GO:1901797,-0.5903521906952081,-1.17012127214022,0.8657640292493454,16.86%,DYRK1A;S100A9,GO_Biological_Process_2025__Negative Regulation of Signal Transduction by P53 Class Mediator (GO:1901797)
GO:0030836,-0.5943965875548163,-1.1701015547493572,0.864601430683895,31.15%,VIL1;WASHC2C;CARMIL1;PLEK,GO_Biological_Process_2025__Positive Regulation of Actin Filament Depolymerization (GO:0030836)
GO:1905155,-0.6022329823522553,-1.1699858652325623,0.8637759825301546,32.52%,TREM2;NCKAP1L;RAB31;PLCG2;APPL2,GO_Biological_Process_2025__Positive Regulation of Membrane Invagination (GO:1905155)
GO:0032729,0.3501437708755106,1.169840039999592,0.652803982046961,9.18%,LGALS9;HLA-DRB3;CD276;SLC7A5,GO_Biological_Process_2025__Positive Regulation of Type II Interferon Production (GO:0032729)
GO:0060997,-0.5939527423428543,-1.1693098175501742,0.8650040224134422,1.12%,PTEN,GO_Biological_Process_2025__Dendritic Spine Morphogenesis (GO:0060997)
GO:1901992,-0.4642077532425497,-1.1691692758085757,0.86309098574948,21.13%,ANAPC7;RRM2B;CDC16;RAB11A;RPTOR;DDX3X;PLCB1,GO_Biological_Process_2025__Positive Regulation of Mitotic Cell Cycle Phase Transition (GO:1901992)
GO:0031998,-0.5911041049964947,-1.1689325133080335,0.8627167332422384,33.16%,IRS1;IRS2;ABCD1;AKT2;LONP2,GO_Biological_Process_2025__Regulation of Fatty Acid Beta-Oxidation (GO:0031998)
GO:0030195,-0.438592614639412,-1.1686559532061265,0.8626308868410048,5.61%,PDGFB;SERPINE1;THBD,GO_Biological_Process_2025__Negative Regulation of Blood Coagulation (GO:0030195)
GO:0050679,-0.3942754216738015,-1.1683104977539878,0.8627294554122129,14.91%,NME2;PDGFB;PLXNB3;EGF;FGFR2;PDCD6;EGFL7,GO_Biological_Process_2025__Positive Regulation of Epithelial Cell Proliferation (GO:0050679)
GO:0006479,0.4279602842050642,1.1678692332096452,0.6534353367602452,0.48%,SETD3,GO_Biological_Process_2025__Protein Methylation (GO:0006479)
GO:0022617,0.3439450686641698,1.1674701799358174,0.6525408377067392,65.76%,ADAMTS5;CTSS;MMP2;CTSG;HPN;LAMC1;FURIN;ENG;SH3PXD2B;MMP7;MMP3;PRSS2;ELANE;ADAM15;MMP1;GSN;MMP19;MMP9;PLG;MMP14;FLOT1;EXOC8,GO_Biological_Process_2025__Extracellular Matrix Disassembly (GO:0022617)
GO:0048260,-0.429567698594761,-1.1672419765908515,0.8655011006547535,32.31%,CBL;SERPINE1;ATAD1;TBC1D5;EGF;RAB21;DGKD;LDLRAP1;ANGPT1;APOA5,GO_Biological_Process_2025__Positive Regulation of Receptor-Mediated Endocytosis (GO:0048260)
GO:0042267,-0.4847343204680744,-1.167116868175749,0.8635656834506938,31.55%,LYST;PIK3CB;PIK3R1;NECTIN2;CD226;VAV1;VAMP7,GO_Biological_Process_2025__Natural Killer Cell Mediated Cytotoxicity (GO:0042267)
GO:0001933,-0.3923307051427765,-1.167113548023721,0.8623552471412121,2.67%,INPP5K;PTEN;TARBP2;TSC2;PRKDC,GO_Biological_Process_2025__Negative Regulation of Protein Phosphorylation (GO:0001933)
GO:0031113,-0.4341487595022653,-1.16625664956171,0.8643683676740548,25.39%,CAMSAP1;DYRK1A;FES;CLASP1;TBCD;GBA2;PRUNE1;TUBB4A;PKN1;METAP2,GO_Biological_Process_2025__Regulation of Microtubule Polymerization (GO:0031113)
GO:0014002,-0.5957762248254543,-1.1659198446714094,0.8643763186428286,16.86%,TREM2;EIF2B5;S100A9,GO_Biological_Process_2025__Astrocyte Development (GO:0014002)
GO:0043270,-0.4590893180707506,-1.1657466122186446,0.8638213164202546,34.40%,TREM2;ATP2B1;F2R;DLG1;GPD1L;CRACR2A;PKP2;ANO6;TRPC6,GO_Biological_Process_2025__Positive Regulation of Monoatomic Ion Transport (GO:0043270)
GO:0032722,0.3599440563771789,1.165678755399701,0.654499292060402,0.04%,LGALS9,GO_Biological_Process_2025__Positive Regulation of Chemokine Production (GO:0032722)
GO:0007021,-0.6164846735261402,-1.1654376876161958,0.8637693128010849,18.31%,TBCEL;TBCD;TCP1,GO_Biological_Process_2025__Tubulin Complex Assembly (GO:0007021)
GO:0006753,-0.5393582634408307,-1.1652121758319942,0.8633932941692213,6.73%,MLYCD;ACOT8,GO_Biological_Process_2025__Nucleoside Phosphate Metabolic Process (GO:0006753)
GO:0030837,0.437355937532179,1.164926194686303,0.6544480088668324,0.19%,TMSB4X,GO_Biological_Process_2025__Negative Regulation of Actin Filament Polymerization (GO:0030837)
GO:0010714,-0.5582147752129494,-1.1645330969403218,0.8648026642877565,12.39%,F2R;PRDX5;VSIR,GO_Biological_Process_2025__Positive Regulation of Collagen Metabolic Process (GO:0010714)
GO:0034638,-0.6093703270941888,-1.1644845905165664,0.8637705456375164,20.26%,PLA2G15;PLA2G4A,GO_Biological_Process_2025__Phosphatidylcholine Catabolic Process (GO:0034638)
GO:0090148,-0.3976160667468021,-1.1641043207016974,0.8640640136212154,44.18%,EXOC6B;EXOC5;EXOC1;VPS28;EXOC2;SH3GLB1;STAM2;EXOC6;VPS4A;DNM1L;DNM1;SPAST;VPS37A;VPS4B;CHMP2B;EXOC3;EXOC7;EXOC8;VPS37B;SNF8;EXOC4;DNM2;VPS37C;TSG101,GO_Biological_Process_2025__Membrane Fission (GO:0090148)
GO:0071229,-0.5067531026472922,-1.1636693189891385,0.8645374948710638,38.53%,MTOR;IPO5;RPTOR;LAMTOR3;LAMTOR1;LAMTOR5;LAMTOR4;LARS1,GO_Biological_Process_2025__Cellular Response to Acid Chemical (GO:0071229)
GO:0060628,-0.5881788137643895,-1.1633075140623284,0.8647034563436593,19.24%,STX18;YIPF5;RINT1,GO_Biological_Process_2025__Regulation of ER to Golgi Vesicle-Mediated Transport (GO:0060628)
GO:0060070,0.5221899626710907,1.163119658773307,0.6568183301655697,47.85%,LRP6;LRP5;JUP;RAB5A;CTNNB1;GSK3B,GO_Biological_Process_2025__Canonical Wnt Signaling Pathway (GO:0060070)
GO:0034498,-0.4796192449071955,-1.162604212652505,0.8662972129834058,43.50%,RBSN;SURF4;TRAPPC10;SNX8;LMAN1;STX5;SNX1;RAB6A;TMED9;EHD3;RUFY1;RAB14,GO_Biological_Process_2025__Early Endosome to Golgi Transport (GO:0034498)
GO:1903530,0.3721863215852052,1.1624404521519336,0.6565893126849313,3.94%,RAB33B;DNAJC1,GO_Biological_Process_2025__Regulation of Secretion by Cell (GO:1903530)
GO:0043406,-0.4316695502079645,-1.161569318355316,0.8689761473312584,35.71%,PDGFB;S100A12;ERN1;MAP3K7;PIK3R6;TRAF6;PKN1;PIK3CG;PTPN1;MAP3K5,GO_Biological_Process_2025__Positive Regulation of MAP Kinase Activity (GO:0043406)
GO:0032465,-0.4433974510311816,-1.1604283046584802,0.8719981860488195,32.17%,KIF13A;BIRC6;PIK3R4;BECN1;GIT1;RAB11A;ATXN10;SH3GLB1;PIK3C3;BCL2L1;SVIL;VPS4A;SPAST,GO_Biological_Process_2025__Regulation of Cytokinesis (GO:0032465)
GO:0045778,-0.5651198320355454,-1.1598129696220147,0.8731145562974213,3.91%,ATP2B1;ISG15,GO_Biological_Process_2025__Positive Regulation of Ossification (GO:0045778)
GO:1903028,0.4767113057560647,1.1598011868533733,0.6605215074855524,20.88%,MBL2;FCN2;FCN3;FCN1;COLEC10;COLEC11,GO_Biological_Process_2025__Positive Regulation of Opsonization (GO:1903028)
GO:0141161,0.4767387683897475,1.1596517857207864,0.6590622835321679,0.62%,RAMP3,GO_Biological_Process_2025__Regulation of cAMP/PKA Signal Transduction (GO:0141161)
GO:0070875,-0.5201059859307928,-1.1589615258870072,0.8738859115791345,26.55%,IRS1;PHKG2;IRS2;AKT2,GO_Biological_Process_2025__Positive Regulation of Glycogen Metabolic Process (GO:0070875)
GO:0050892,0.5347294215218743,1.158957110073419,0.6588322926504937,46.58%,LEP;HEPH;CD36;TJP2;F11R,GO_Biological_Process_2025__Intestinal Absorption (GO:0050892)
GO:2000646,-0.6118327224259887,-1.1587200481601525,0.8735863973483677,3.07%,DTX3L,GO_Biological_Process_2025__Positive Regulation of Receptor Catabolic Process (GO:2000646)
GO:0006882,-0.5330922285383177,-1.1577851230451663,0.8746841135078115,5.82%,SLC30A5;TMC8,GO_Biological_Process_2025__Intracellular Zinc Ion Homeostasis (GO:0006882)
GO:0086004,-0.5154378618522752,-1.1576114507955673,0.8740943574617793,32.56%,TRPM4;DLG1;CAMK2D;STC1;PKP2,GO_Biological_Process_2025__Regulation of Cardiac Muscle Cell Contraction (GO:0086004)
GO:0032653,0.3645709266006841,1.1576082217980574,0.6600169525185828,0.04%,LGALS9,GO_Biological_Process_2025__Regulation of Interleukin-10 Production (GO:0032653)
GO:0071786,-0.4984898483202145,-1.1574212633854444,0.8735925693952217,7.00%,ATL2;TMEM33,GO_Biological_Process_2025__Endoplasmic Reticulum Tubular Network Organization (GO:0071786)
GO:0006637,-0.5077860044084035,-1.1571061497803836,0.873613407444049,36.37%,MLYCD;ACOT8;OXSM;ACOT9;ACOT7;OGDH,GO_Biological_Process_2025__acyl-CoA Metabolic Process (GO:0006637)
GO:0030032,-0.4704973458795875,-1.1566499031905966,0.8740711835859126,35.50%,GOLPH3;CCDC88A;CARMIL1;ARHGEF7;CYFIP1;ABLIM3;PARVB;P2RY12,GO_Biological_Process_2025__Lamellipodium Assembly (GO:0030032)
GO:0045619,-0.6263524467536208,-1.1565924825477127,0.8730786105179746,21.73%,PRKDC;NCKAP1L,GO_Biological_Process_2025__Regulation of Lymphocyte Differentiation (GO:0045619)
GO:0006573,-0.6296910636533278,-1.1565113319403535,0.8721989781610047,37.12%,ILVBL;BCAT2;BCAT1;HIBCH;HIBADH,GO_Biological_Process_2025__Valine Metabolic Process (GO:0006573)
GO:1904861,-0.5635267523964773,-1.156358085038205,0.8715547074518397,1.12%,PTEN,GO_Biological_Process_2025__Excitatory Synapse Assembly (GO:1904861)
GO:0071526,0.3974254103343294,1.1562082028054113,0.6613335056441066,6.59%,SEMA6D;SEMA3F;SEMA4D,GO_Biological_Process_2025__Semaphorin-Plexin Signaling Pathway (GO:0071526)
GO:0001516,-0.5187212791570605,-1.1561076034580058,0.8712688313759286,21.19%,PRXL2B;DAGLB;S100A9;PTGS1;PLA2G4A;TBXAS1,GO_Biological_Process_2025__Prostaglandin Biosynthetic Process (GO:0001516)
GO:0050708,-0.3896633559383381,-1.1559147109915764,0.8707628892982073,10.36%,GOLPH3;TREM2;UQCC2;GCG;SAA2;SLC12A2;PPID,GO_Biological_Process_2025__Regulation of Protein Secretion (GO:0050708)
GO:0046520,-0.6223698816337555,-1.1558365967842212,0.8675343917961922,33.80%,SPTLC1;SPHK1;SPTLC2;ASAH1,GO_Biological_Process_2025__Sphingoid Biosynthetic Process (GO:0046520)
GO:0046512,-0.6223698816337555,-1.1558365967842212,0.8675343917961922,33.80%,SPTLC1;SPHK1;SPTLC2;ASAH1,GO_Biological_Process_2025__Sphingosine Biosynthetic Process (GO:0046512)
GO:0006670,-0.6223698816337555,-1.1558365967842212,0.8675343917961922,33.80%,SPTLC1;SPHK1;SPTLC2;ASAH1,GO_Biological_Process_2025__Sphingosine Metabolic Process (GO:0006670)
GO:0043087,-0.3678894036790011,-1.1557557250442594,0.8666654938815375,38.53%,EVI5L;LRCH1;RGS6;F2R;DOCK8;ALS2;VAV3;PLXNB3;FGD3;PTK2;REPS1;RASGRP2;DOCK11;RAB3GAP1;GMIP;VAV1;ARFGEF1;ARAP1;ARHGEF7;PRKG1;TMED2;DOCK10;TBC1D15;MMUT;GNB5;ZC3H15;FGD4;RAB3GAP2;LARS1,GO_Biological_Process_2025__Regulation of GTPase Activity (GO:0043087)
GO:0009074,-0.623056189093925,-1.1554454765716924,0.8666154909991086,37.78%,HAL;HGD;QDPR;FAH;GSTZ1,GO_Biological_Process_2025__Aromatic Amino Acid Family Catabolic Process (GO:0009074)
GO:0043200,-0.4888577514655889,-1.1554202280505224,0.8655425125216961,45.88%,MTOR;IPO5;RPTOR;LAMTOR3;LAMTOR1;LAMTOR5;LAMTOR4;LARS1;MEAK7;CUL3,GO_Biological_Process_2025__Response to Amino Acid (GO:0043200)
GO:0045930,0.5016200817899836,1.1552097052518684,0.6617600771662357,4.68%,TOM1L1;BMP7,GO_Biological_Process_2025__Negative Regulation of Mitotic Cell Cycle (GO:0045930)
GO:0072384,-0.4222962451660167,-1.1549790132676212,0.8659165058335755,41.92%,RHOT2;UXT;BICD2;SLC6A4;KIFBP;COPG2;RAB6A;LRPPRC;MAP1S;PEX14;BORCS5;BORCS6;BLOC1S1;KIF1B;COPG1,GO_Biological_Process_2025__Organelle Transport Along Microtubule (GO:0072384)
GO:0061564,-0.4062452407975331,-1.1546232301280104,0.8660760768898093,40.22%,ARHGAP35;TAOK2;SLC25A46;APLP2;METAP1;FGFR2;ZPR1;DOCK7;CDK5;ARHGEF7;PARD3;AFG3L2;MAP1S;RAB10;RTN4;LLGL1,GO_Biological_Process_2025__Axon Development (GO:0061564)
GO:0002724,0.4852582367296469,1.1545345313025812,0.6614816956483781,0.21%,HLA-F,GO_Biological_Process_2025__Regulation of T Cell Cytokine Production (GO:0002724)
GO:0033146,-0.4651686775235628,-1.1536721643829648,0.8683349957134733,31.42%,UFSP2;VPS11;CNOT1;KANK2;PKN1;STRN3;CARM1;CNOT9,GO_Biological_Process_2025__Regulation of Intracellular Estrogen Receptor Signaling Pathway (GO:0033146)
GO:0006400,0.4671680301821614,1.1532201096995205,0.6625411052038169,3.27%,WDR6;SSB;NAT10,GO_Biological_Process_2025__tRNA Modification (GO:0006400)
GO:1904375,-0.4611401061417123,-1.152189116662111,0.8725853244198917,47.87%,CAMK2D;APPL1;VTI1B;CDK5;STX7;VPS4A;LDLRAP1;EIF4G1;SPTBN1;CAMK2G;VPS35;MMP14;STX8;SNCA,GO_Biological_Process_2025__Regulation of Protein Localization to Cell Periphery (GO:1904375)
GO:0090023,-0.5431645089597373,-1.1521275058879157,0.8716285068933591,29.93%,RAC2;RIPOR2;NCKAP1L;MCU;MOSPD2;DNM1L,GO_Biological_Process_2025__Positive Regulation of Neutrophil Chemotaxis (GO:0090023)
GO:0045332,-0.4939835196293468,-1.1519885856379666,0.8709731920814361,7.71%,ATP11C;ATP9B;ABCC1,GO_Biological_Process_2025__Phospholipid Translocation (GO:0045332)
GO:0035383,-0.5929693895729526,-1.1519601755272424,0.8698918794965357,35.54%,MLYCD;ACOT8;OXSM;ACOT9;ACOT7,GO_Biological_Process_2025__Thioester Metabolic Process (GO:0035383)
GO:0030199,0.3225219819823559,1.1518884768195905,0.6637720738160114,17.11%,COL2A1;ATP7A;COL5A3;LOX;DPT;TLL2;COL1A2;COL12A1;COL1A1;LUM;COL3A1;ADAMTS2;LOXL3,GO_Biological_Process_2025__Collagen Fibril Organization (GO:0030199)
GO:0043065,-0.339206528694455,-1.1516564366679252,0.8698657346258618,29.97%,SRPK2;APAF1;HTRA2;BAK1;FLCN;CASP14;ATF6;GSK3A;TMC8;F2R;TRAF7;PPID;GLMN;CIDEB;CCAR2;ATG7;CASP7;PDCD6;NDUFA13;ITPR1;SLC6A4;MTCH2;PTPRA;BID;PRNP;DDX3X;SAV1;TGFB2;RIPK1;CASP6;FADD;TNFSF10;CDK5;BCL2L1;UBE2Z;C1QBP;ADAMTSL4;STK4;CASP3;SLC27A4;CD40LG;ARHGEF7;BAX,GO_Biological_Process_2025__Positive Regulation of Apoptotic Process (GO:0043065)
GO:0022411,0.3438735177865611,1.151413538311014,0.663134268713448,65.76%,ADAMTS5;CTSS;MMP2;CTSG;LAMC1;FURIN;ENG;SH3PXD2B;MMP7;MMP3;PRSS2;ELANE;ADAM15;MMP1;GSN;MMP19;MMP9;PLG;MMP14;FLOT1;EXOC8,GO_Biological_Process_2025__Cellular Component Disassembly (GO:0022411)
GO:0098927,-0.4590173239514649,-1.1510366182181015,0.8698273967508285,46.11%,PIK3R4;BECN1;EEA1;ANKRD27;RAB11A;WDR81;PIK3C3;DYNC1LI1;PTPN23;SNF8;RAB11FIP3;HOOK3;STX8,GO_Biological_Process_2025__Vesicle-Mediated Transport Between Endosomal Compartments (GO:0098927)
GO:0015718,0.4023657662220551,1.1508922012176033,0.6625028676081295,0.37%,CRABP2;FABP4,GO_Biological_Process_2025__Monocarboxylic Acid Transport (GO:0015718)
GO:0048205,-0.6170433340244661,-1.1503717529210362,0.8677082040095777,38.38%,ARFGAP3;TMED10;TMED2;PTGES2;TMED9,GO_Biological_Process_2025__COPI Coating of Golgi Vesicle (GO:0048205)
GO:0035964,-0.6170433340244661,-1.1503717529210362,0.8677082040095777,38.38%,ARFGAP3;TMED10;TMED2;PTGES2;TMED9,GO_Biological_Process_2025__COPI-coated Vesicle Budding (GO:0035964)
GO:0048200,-0.6170433340244661,-1.1503717529210362,0.8677082040095777,38.38%,ARFGAP3;TMED10;TMED2;PTGES2;TMED9,GO_Biological_Process_2025__Golgi Transport Vesicle Coating (GO:0048200)
GO:1904177,0.5405728482610059,1.1503674178729817,0.6618685725772729,0.50%,PARP1,GO_Biological_Process_2025__Regulation of Adipose Tissue Development (GO:1904177)
GO:0062013,-0.5218581246616876,-1.149647505779832,0.8690764982975014,30.34%,IRS1;CES1;IRS2;AKT2;LDLRAP1,GO_Biological_Process_2025__Positive Regulation of Small Molecule Metabolic Process (GO:0062013)
GO:0035723,-0.6170472983013227,-1.1496423890635603,0.866809961082039,33.95%,JAK3;PLCB1;STAT5A;STAT3,GO_Biological_Process_2025__Interleukin-15-Mediated Signaling Pathway (GO:0035723)
GO:0071350,-0.6170472983013227,-1.1496423890635603,0.866809961082039,33.95%,JAK3;PLCB1;STAT5A;STAT3,GO_Biological_Process_2025__Cellular Response to Interleukin-15 (GO:0071350)
GO:0010935,-0.5612052547991941,-1.149522402776041,0.8661095217302675,39.66%,IRAK3;TGFB2;PLCG2;RTN4;TGFB1,GO_Biological_Process_2025__Regulation of Macrophage Cytokine Production (GO:0010935)
GO:0010498,-0.329079404346363,-1.1489969642108555,0.8668875187686921,26.01%,NCCRP1;ZFAND2B;PPP2R5C;UBE4B;TMUB2;TRIM3;RMND5A;UBE2G1;ZNRF2;ATF6;GSK3A;DERL1;CUL4A;CUL4B;UXT;UBR1;KCMF1;DCAF11;FBXW5;SHARPIN;STT3B;ECPAS;ARMC8;UBR4;UBE4A;HUWE1;PSMC4;AUP1;UBE2J1;GET4;CUL5;TRIM21;UFD1;CCDC47;AXIN1;UBE3A;ATE1;NPLOC4;ERLEC1;SEL1L;HECTD3;FAF2;ZSWIM8,GO_Biological_Process_2025__Proteasomal Protein Catabolic Process (GO:0010498)
GO:1904294,0.4830160987753953,1.148757889268894,0.6636635342940399,12.53%,UBQLN2;UBQLN1;STUB1,GO_Biological_Process_2025__Positive Regulation of ERAD Pathway (GO:1904294)
GO:1901799,-0.4124671982987628,-1.148496698427321,0.86758579535946,25.66%,OGT;CAMLG;OPHN1;BAG5;CCAR2;METAP1;USP25;CSNK2A2;CSNK2B;N4BP1,GO_Biological_Process_2025__Negative Regulation of Proteasomal Protein Catabolic Process (GO:1901799)
GO:0010632,-0.4218880656939382,-1.1472808591477544,0.8706908120071236,21.21%,CAPN7;VIL1;DOCK5;PTK2;CLASP1;RAB11A;MACF1;TGFB2,GO_Biological_Process_2025__Regulation of Epithelial Cell Migration (GO:0010632)
GO:0032817,-0.6130445425134697,-1.147150073121868,0.8700381507778041,22.80%,JAK2;IL18,GO_Biological_Process_2025__Regulation of Natural Killer Cell Proliferation (GO:0032817)
GO:0051246,0.2957581575399075,1.146515445312329,0.6667403776439427,14.52%,ATXN2;NAT10;NEDD8;CNDP1;CHMP6;WFS1;LILRB2;FKBP1A;ANGPTL8;NOLC1;CSF1;APOE;EIF2A,GO_Biological_Process_2025__Regulation of Protein Metabolic Process (GO:0051246)
GO:0036336,-0.6095463780216527,-1.1458268744027211,0.871430826917677,27.80%,TRPM4;CXCR4;PIK3CG,GO_Biological_Process_2025__Dendritic Cell Migration (GO:0036336)
GO:0002407,-0.6095463780216527,-1.1458268744027211,0.871430826917677,27.80%,TRPM4;CXCR4;PIK3CG,GO_Biological_Process_2025__Dendritic Cell Chemotaxis (GO:0002407)
GO:0040017,-0.4707761926086205,-1.145053487701036,0.8719488357782222,1.93%,PDGFB;TREM2,GO_Biological_Process_2025__Positive Regulation of Locomotion (GO:0040017)
GO:0098911,-0.5780104679254809,-1.1443265043358724,0.8733495307367012,14.42%,TRPM4;DLG1,GO_Biological_Process_2025__Regulation of Ventricular Cardiac Muscle Cell Action Potential (GO:0098911)
GO:0000302,-0.4291145281783136,-1.1439458410437982,0.8736047654102709,11.27%,PDK2;PRDX5;FER;TXNRD2,GO_Biological_Process_2025__Response to Reactive Oxygen Species (GO:0000302)
GO:1902115,-0.386400787096347,-1.1438247949503615,0.8729441397782836,19.20%,MTOR;VPS11;ATG5;PIKFYVE;STX18;TBC1D22A;TBC1D1;TBC1D5;C9ORF72;RAB11A;TBC1D9B;TRAPPC12,GO_Biological_Process_2025__Regulation of Organelle Assembly (GO:1902115)
GO:0071539,-0.6091131011260119,-1.1436049302618898,0.8726231172844726,1.37%,CEP131,GO_Biological_Process_2025__Protein Localization to Centrosome (GO:0071539)
GO:0032816,-0.5593142196156691,-1.1435687845750162,0.871626795767946,22.80%,JAK2;IL18,GO_Biological_Process_2025__Positive Regulation of Natural Killer Cell Activation (GO:0032816)
GO:0006654,-0.4598233622649292,-1.1434308713018375,0.8698488939457556,25.87%,LPCAT1;DGKZ;GNPAT;AGPAT1;AGPAT3;DGKD;DGKA,GO_Biological_Process_2025__Phosphatidic Acid Biosynthetic Process (GO:0006654)
GO:0046473,-0.4598233622649292,-1.1434308713018375,0.8698488939457556,25.87%,LPCAT1;DGKZ;GNPAT;AGPAT1;AGPAT3;DGKD;DGKA,GO_Biological_Process_2025__Phosphatidic Acid Metabolic Process (GO:0046473)
GO:0071248,-0.3972625407360807,-1.1432352175999143,0.8693811499097731,40.22%,SLC12A2;FBP1;RASGRP2;CAMK2D;PRNP;BRAF;NEK7;MICU2;MICU1;PRKAA1;SLFN14;PLCG2;SLC25A24;NLGN1;CPNE1;ITPKB;ADD1;LLGL1,GO_Biological_Process_2025__Cellular Response to Metal Ion (GO:0071248)
GO:0043174,-0.6116838352849203,-1.1429327238001652,0.8693855856733003,22.25%,UCKL1;TK2;DNPH1,GO_Biological_Process_2025__Nucleoside Salvage (GO:0043174)
GO:0098586,0.3549233943432489,1.1428435533173218,0.6730010558762447,4.06%,LGALS9;IFNAR1,GO_Biological_Process_2025__Cellular Response to Virus (GO:0098586)
GO:0016485,-0.3647083366062161,-1.1416700481162163,0.8716469087478008,37.84%,HTRA2;PSEN2;OGT;THBD;C1RL;VSIR;FXN;SRGN;ATG4B;PCSK5;ZMPSTE24;F12;CASP6;SEC11A;SPCS2;ECE1;METAP2;PITRM1;NCSTN;CASP3;HPR;PRSS3;AFG3L2;LONP2;ATG4A;F7;HGFAC;HOMER2;CPNE1,GO_Biological_Process_2025__Protein Processing (GO:0016485)
GO:0045428,0.3491528243331418,1.141630316464047,0.6738963064577449,8.06%,ASS1;KHSRP;DDAH2;DDAH1;HBB;ATP2B4,GO_Biological_Process_2025__Regulation of Nitric Oxide Biosynthetic Process (GO:0045428)
GO:2000134,-0.5158493675101841,-1.1413017418792983,0.8718216577232724,32.25%,PTEN;DLG1;KANK2;PROC;CRLF3,GO_Biological_Process_2025__Negative Regulation of G1/S Transition of Mitotic Cell Cycle (GO:2000134)
GO:0036289,-0.5896297969237345,-1.1409340151579503,0.872012780170258,21.35%,PIKFYVE;DYRK1A;ERN1;RIPK1,GO_Biological_Process_2025__Peptidyl-Serine Autophosphorylation (GO:0036289)
GO:0090263,-0.4092806071226674,-1.1402889419315527,0.8731861511314115,20.61%,CSNK1G1;TRPM4;CCAR2;EGF;RPS12;FGFR2;ATP6AP2;DDX3X,GO_Biological_Process_2025__Positive Regulation of Canonical Wnt Signaling Pathway (GO:0090263)
GO:0033673,-0.4409484291407917,-1.1400725852436535,0.8728657289152136,2.32%,INPP5K;TARBP2;TSC2,GO_Biological_Process_2025__Negative Regulation of Kinase Activity (GO:0033673)
GO:0043467,-0.5750847523765169,-1.1397812803522414,0.871660737945032,33.31%,OGT;PRKAG1;PRKAG2;PNPT1,GO_Biological_Process_2025__Regulation of Generation of Precursor Metabolites and Energy (GO:0043467)
GO:0010611,0.389464612842289,1.139044695651824,0.6777754944198144,0.50%,PARP1,GO_Biological_Process_2025__Regulation of Cardiac Muscle Hypertrophy (GO:0010611)
GO:1901222,0.3218095065053331,1.1388415630842172,0.6765139473041104,6.42%,LGALS9;EZR;BMP7;C1QTNF3;RPS3;TLR2,GO_Biological_Process_2025__Regulation of Non-Canonical NF-kappaB Signal Transduction (GO:1901222)
GO:0044743,-0.504291723662875,-1.1388121791718508,0.872734404597483,3.71%,TOMM40L;TIMM44,GO_Biological_Process_2025__Protein Transmembrane Import Into Intracellular Organelle (GO:0044743)
GO:0009792,-0.6110683506865351,-1.1385919411915189,0.8724022959223413,33.22%,UBR3;TGFB2;RICTOR,GO_Biological_Process_2025__Embryo Development Ending in Birth or Egg Hatching (GO:0009792)
GO:0070232,-0.5832972756415941,-1.1382884220118448,0.8723255361907217,17.69%,CD274;JAK3,GO_Biological_Process_2025__Regulation of T Cell Apoptotic Process (GO:0070232)
GO:0071499,0.456853346871066,1.1379331454847204,0.6767878635598893,1.74%,PKN2;ASS1,GO_Biological_Process_2025__Cellular Response to Laminar Fluid Shear Stress (GO:0071499)
GO:0034370,0.4828873677660235,1.1377379709398474,0.6754808646875256,51.78%,APOA4;LPL;APOE;LIPC;APOC2;CETP;LCAT,GO_Biological_Process_2025__Triglyceride-Rich Lipoprotein Particle Remodeling (GO:0034370)
GO:0007035,-0.4519072393968545,-1.137612947124704,0.8724774740556689,28.13%,CLN6;DMXL1;ATP6V0A2;LAMP2;ATP6V1F;ATP6AP2;ATP6V0C;ATP6V0A1;ATP6V1H;ATP6V1D,GO_Biological_Process_2025__Vacuolar Acidification (GO:0007035)
GO:1903725,-0.6106858572088838,-1.1373930359971325,0.8721414406237282,37.90%,MTMR9;MTMR2;MTMR1;PHB2,GO_Biological_Process_2025__Regulation of Phospholipid Metabolic Process (GO:1903725)
GO:0050818,-0.5645833358363574,-1.137313522696373,0.8713364838852132,6.38%,SERPINE1;F2R,GO_Biological_Process_2025__Regulation of Coagulation (GO:0050818)
GO:0035331,-0.4790272225220535,-1.1369298406499813,0.8715983636021208,35.87%,STRIP1;MAP2K3;SIKE1;MOB4;LIMD1;STRN3;PPP2R1A;MAPK14;STRN4;SLMAP,GO_Biological_Process_2025__Negative Regulation of Hippo Signaling (GO:0035331)
GO:0140374,-0.4312843481282404,-1.136020520031541,0.8725315684551289,23.38%,EIF2AK2;OTUD4;NCK1;TRAF6;TBK1;UBL7;TRIM21;MARCHF2,GO_Biological_Process_2025__Antiviral Innate Immune Response (GO:0140374)
GO:1904951,-0.4736473472439343,-1.1352264723583845,0.873201404717017,34.47%,TREM2;PTP4A3;TCP1;PRNP;FYN;CCT6A;C2CD5,GO_Biological_Process_2025__Positive Regulation of Establishment of Protein Localization (GO:1904951)
GO:1900125,-0.598850171285921,-1.134470931035893,0.8748157766542636,13.36%,PDGFB;EGF,GO_Biological_Process_2025__Regulation of Hyaluronan Biosynthetic Process (GO:1900125)
GO:1902235,-0.5776401586665236,-1.1337014830150498,0.876382718248794,35.63%,NCK1;TXNDC12;BCL2L1;PTPN1,GO_Biological_Process_2025__Reg of Endoplasmic Reticulum Stress-Induced Intrinsic Apoptotic Sgnlng Pway (GO:1902235)
GO:0072676,-0.599492445984482,-1.132872286840347,0.8781730224060518,22.39%,SAA2;GNAI1,GO_Biological_Process_2025__Lymphocyte Migration (GO:0072676)
GO:0051241,-0.3456954995935408,-1.1324738425086025,0.878434309693364,6.84%,PTEN;TREM2;RBBP4;IP6K1;ATP2B1;OGT;FLCN;GSK3A;F2R;PAEP;CHSY1,GO_Biological_Process_2025__Negative Regulation of Multicellular Organismal Process (GO:0051241)
GO:0071805,-0.5143056558101552,-1.1317054599991545,0.8800481643184168,30.57%,CCDC51;SLC12A2;KCNA3;ATP1B3;SLC9A1,GO_Biological_Process_2025__Potassium Ion Transmembrane Transport (GO:0071805)
GO:0034643,-0.5798880355116686,-1.1312477074761544,0.8806145953391259,35.23%,RHOT2;UXT;KIFBP;LRPPRC;MAP1S,"GO_Biological_Process_2025__Establishment of Mitochondrion Localization, Microtubule-Mediated (GO:0034643)"
GO:1903556,0.3822062015588949,1.131087805191675,0.6886584518764728,0.04%,LGALS9,GO_Biological_Process_2025__Negative Regulation of Tumor Necrosis Factor Superfamily Cytokine Production (GO:1903556)
GO:0018212,-0.4058763859454021,-1.130831115712181,0.8810304135619812,14.02%,PDGFB;DYRK1A;FER;FES;FGFR2;PTK2,GO_Biological_Process_2025__Peptidyl-Tyrosine Modification (GO:0018212)
GO:0000956,0.3061494771527529,1.1301265847842608,0.6891279952293679,4.45%,EXOSC6;TNKS1BP1;DDX5;XRN2;THRAP3;RBM8A;PYM1,GO_Biological_Process_2025__Nuclear-Transcribed mRNA Catabolic Process (GO:0000956)
GO:0010717,-0.4024367783174141,-1.1301263208591588,0.8823533063269027,21.69%,PTEN;MTOR;PTK2;CLASP1;SMAD3;TGFB2;LRG1,GO_Biological_Process_2025__Regulation of Epithelial to Mesenchymal Transition (GO:0010717)
GO:0031175,-0.3337933460109321,-1.1299121514579695,0.8819473347736559,25.39%,ARHGAP35;PTEN;CAMSAP1;FRYL;PRMT1;FRY;SLC25A46;OPHN1;ALS2;ANKRD27;RAB11A;NEDD4;ATXN10;TBC1D23;ZPR1;SAMD14;NCKAP1L;MICALL1;DOCK7;CDK5;NCKAP1;PKN1;METAP2,GO_Biological_Process_2025__Neuron Projection Development (GO:0031175)
GO:0014911,-0.5121342667116027,-1.129805005802013,0.881227638554028,11.64%,PDGFB;DOCK5,GO_Biological_Process_2025__Positive Regulation of Smooth Muscle Cell Migration (GO:0014911)
GO:0036490,0.5189081076137314,1.1295274123970347,0.6887319502645051,0.93%,DNAJC3,GO_Biological_Process_2025__Regulation of Translation in Response to Endoplasmic Reticulum Stress (GO:0036490)
GO:0009063,-0.4962168018062581,-1.129076416302681,0.8827599744052684,32.44%,DBT;MCCC2;IVD;BCKDK;ALDH6A1;MCCC1;HIBCH,GO_Biological_Process_2025__Amino Acid Catabolic Process (GO:0009063)
GO:0050860,-0.5081197639813898,-1.128889785287275,0.882290127433873,25.46%,UBASH3A;DGKZ;NCK1;SLA2;PRNP;DUSP3,GO_Biological_Process_2025__Negative Regulation of T Cell Receptor Signaling Pathway (GO:0050860)
GO:0070555,0.3407601391405351,1.1285546324035385,0.6892019392044361,2.30%,LGALS9;RBMX,GO_Biological_Process_2025__Response to Interleukin-1 (GO:0070555)
GO:0023056,0.392292099778162,1.1283893047529974,0.6878474007396947,8.12%,RAMP3;ANXA2,GO_Biological_Process_2025__Positive Regulation of Signaling (GO:0023056)
GO:0002755,-0.5393415278646797,-1.1283512116581549,0.8830641290979586,34.15%,IRAK3;IRAK1;MAP3K7;TRAF6;IKBKB;IRAK4,GO_Biological_Process_2025__MyD88-dependent Toll-Like Receptor Signaling Pathway (GO:0002755)
GO:0010592,-0.4680694354559942,-1.12743003235287,0.8851964209967903,33.60%,RAC2;PIK3R1;BRK1;NCKAP1;PIK3CA;CYFIP1,GO_Biological_Process_2025__Positive Regulation of Lamellipodium Assembly (GO:0010592)
GO:0001774,-0.4801758196444171,-1.12632434316576,0.8879409844389669,5.94%,TREM2;JAK2,GO_Biological_Process_2025__Microglial Cell Activation (GO:0001774)
GO:0006085,-0.5310186356921502,-1.1242085478077883,0.8932936396715938,32.19%,MLYCD;PDHB;DLAT;PDHX;ACSS1,GO_Biological_Process_2025__acetyl-CoA Biosynthetic Process (GO:0006085)
GO:0042219,-0.5963608521145525,-1.1237121546598765,0.8938953380181184,39.50%,GGT7;GOT2;ABHD16A;PCYOX1,GO_Biological_Process_2025__Modified Amino Acid Catabolic Process (GO:0042219)
GO:0008104,-0.3168124101941559,-1.1235324365754165,0.8934492076848815,38.73%,TSC2;KIF13A;TIMM44;STX16;WIPI1;HEATR5A;HEATR5B;ARFGAP3;MYO6;VPS33B;AKAP10;AP4E1;IFT27;AP4M1;GGA3;MFN2;ATG4B;SCFD2;PACS2;PDCD6;VPS26C;ATG9A;TM9SF4;STXBP3;SNX8;STX12;NBEAL2;AP4S1;LAMTOR3;TM9SF2;RAB21;VPS13A;SNX27;VIPAS39;COPA;RAB31;STX5;AP3B1;STX6;GGA1;ODR4;LAMTOR1;ARFIP1;RAB38;SNX15;RAP2A;STX7;TBC1D13;SEPTIN5;SNX1;TMED10;JAM3;ABHD17A;COPZ1;PARD3;LRBA;CLTC;ANGPT1;RAB6A;CASK;CRACR2A;TMED2;ARHGEF2;SEC23IP;EXOC8;TMED7;NAPG;SQSTM1;ERBIN;TMED4;PEX14;RAB5B;SIL1;RAB3GAP2;TMED9;SYNRG,GO_Biological_Process_2025__Protein Localization (GO:0008104)
GO:0097503,-0.5665197877562208,-1.1232065934614524,0.8934768044885215,30.49%,ST3GAL4;ST6GAL1;ST6GAL2,GO_Biological_Process_2025__Sialylation (GO:0097503)
GO:0006099,-0.4292533074290217,-1.122926914770041,0.8933760066397135,51.12%,IDH3B;IDH3G;DLAT;SDHA;IDH3A;OGDH;SDHB;MDH2;SUCLG1;CS;NNT;SUCLA2,GO_Biological_Process_2025__Tricarboxylic Acid Cycle (GO:0006099)
GO:0030307,-0.3711737093767764,-1.12215988587065,0.8949599879693784,22.78%,MTOR;ITSN2;RPS6KA3;FXN;SPHK1;MAPKAP1;S100A9;RPTOR;CSNK2A2;MACF1;EIF4G2;DDX3X;TGFB2;DNPH1;S100A8,GO_Biological_Process_2025__Positive Regulation of Cell Growth (GO:0030307)
GO:0060326,-0.4301293181897261,-1.121701904859285,0.8954531298768018,11.58%,PDGFB;CCRL2;PLXNB3,GO_Biological_Process_2025__Cell Chemotaxis (GO:0060326)
GO:0090287,-0.551257628505504,-1.1216720838700476,0.894442723503223,4.74%,PRMT1,GO_Biological_Process_2025__Regulation of Cellular Response to Growth Factor Stimulus (GO:0090287)
GO:0030574,0.3873064266818698,1.1216263572995264,0.6977748017279858,2.84%,MMP23B;CTSL,GO_Biological_Process_2025__Collagen Catabolic Process (GO:0030574)
GO:0065003,-0.3161010885917927,-1.121450875304029,0.8941907339814112,48.24%,VIL1;ADRM1;NEMF;TUBGCP2;PEF1;TRAPPC11;KRIT1;SLC25A46;FCHO2;TBCEL;BECN1;PPID;SRPRA;PREB;NCK1;REPS2;PDCD6;WASF1;TBCD;LONP1;COX15;TCP1;TRAPPC12;AFDN;TBCA;TRAPPC4;RIPK1;AXIN1;NCKAP1L;SAMM50;FADD;RANBP9;CSNK2B;TUBGCP4;MCU;PIK3C2A;ZW10;SAR1B;PPP2R1A;PFDN6;TRAPPC8;TMED10;DNM1L;AP2S1;SLC9A1;CAND1;PARD3;CLTC;ANGPT1;EPS15;TRAPPC1;TMED2;PROC;CAPZA2;ANO6;AIFM1;NAPG;FASN;PEX14;TRAPPC3;STOML2;CD2AP;LLGL1;CAPZA1;TRAPPC2L;TAPBP;TRAPPC5;PSMD11;PSMG1;DNM2;CCT2;IKBKG;PSMG2;PFDN5;CUL3;HSP90AB1;HSPD1;VBP1;TBCE;SNCA;KPNA3;SNX9,GO_Biological_Process_2025__Protein-Containing Complex Assembly (GO:0065003)
GO:1902532,-0.3273572756244007,-1.1213220226733605,0.893582899759975,21.81%,INPP5K;PTEN;TARBP2;FAM89B;TREM2;ARHGAP25;TSC2;FLCN;GSK3A;TMC8;IRAK3;PIK3CB;STRIP1;CCDC22;IRAK1;UBR1;CNOT1;MAP2K3;PDCD6;ARHGAP17;ITPR1;STAMBP;SIKE1;PRKAR1B;HUWE1;MOB4;SLA2;LIMD1;NLRX1;DDX3X;KANK2;RIPK1;DGKD,GO_Biological_Process_2025__Negative Regulation of Intracellular Signal Transduction (GO:1902532)
GO:0032956,-0.3651798692567801,-1.1211289612530142,0.8931437434701733,14.85%,ARHGAP35;XIRP2;MTOR;TAOK2;INPPL1;RAC2;ARHGAP17;C9ORF72;SLC4A2,GO_Biological_Process_2025__Regulation of Actin Cytoskeleton Organization (GO:0032956)
GO:0010885,-0.5691535545980464,-1.1206257865619025,0.892685051573806,24.83%,TREM2;CES1;TTC39B,GO_Biological_Process_2025__Regulation of Cholesterol Storage (GO:0010885)
GO:0030953,0.5310770651153898,1.1203961551964174,0.6986535168626951,2.90%,NUMA1;EZR,GO_Biological_Process_2025__Astral Microtubule Organization (GO:0030953)
GO:0035725,-0.5143051746436798,-1.1201105248727865,0.8933445080597671,44.80%,TRPM4;SLC12A2;SLC6A4;ATP1B3;SLC9A1;SLC8A3;SLC9A9;SLC6A6,GO_Biological_Process_2025__Sodium Ion Transmembrane Transport (GO:0035725)
GO:0002501,0.4572342457943366,1.1200979643814073,0.6976045565179749,2.71%,HLA-DRB3,GO_Biological_Process_2025__Peptide Antigen Assembly With MHC Protein Complex (GO:0002501)
GO:0045022,-0.4699283110358797,-1.1187994330414517,0.896748547506825,24.25%,PIK3R4;BECN1;EEA1;ANKRD27;WDR81;PIK3C3,GO_Biological_Process_2025__Early Endosome to Late Endosome Transport (GO:0045022)
GO:0034113,0.349291790762601,1.1182960114204037,0.7000042243143644,14.13%,ITGAX;ITGA4;LILRB2;ITGB2;DSC3,GO_Biological_Process_2025__Heterotypic Cell-Cell Adhesion (GO:0034113)
GO:0110156,-0.599937009839567,-1.1177074164520029,0.8993642712885683,10.92%,PATL1;EDC4,GO_Biological_Process_2025__mRNA Methylguanosine-Cap Decapping (GO:0110156)
GO:0030388,-0.5962472506716496,-1.1176846759201562,0.8983646109172222,31.57%,ALDOC;FBP1;PFKL;PFKP,"GO_Biological_Process_2025__Fructose 1,6-Bisphosphate Metabolic Process (GO:0030388)"
GO:0006352,0.5606469002695417,1.1174676037886142,0.7001763417200311,43.99%,CAVIN1;ELOB;ELOC;TFAM;PAAF1,GO_Biological_Process_2025__DNA-templated Transcription Initiation (GO:0006352)
GO:0048565,0.4577136516546707,1.117088991752414,0.699300943839093,2.59%,PKD1;RARRES2,GO_Biological_Process_2025__Digestive Tract Development (GO:0048565)
GO:0006493,-0.389303575033577,-1.1169468875388315,0.8997697745630383,24.57%,OGT;POFUT1;ST3GAL4;ST6GAL1;GXYLT1;PLOD1;DPM1;GCNT1;OGA;PLOD2,GO_Biological_Process_2025__Protein O-linked Glycosylation (GO:0006493)
GO:2000601,-0.5601268564848819,-1.116744108199017,0.899446826378818,33.60%,WASF1;BRK1;NCKAP1;CYFIP1,GO_Biological_Process_2025__Positive Regulation of Arp2/3 Complex-Mediated Actin Nucleation (GO:2000601)
GO:0032732,0.3367416376620559,1.1165500236439223,0.6987768996717074,0.04%,LGALS9,GO_Biological_Process_2025__Positive Regulation of Interleukin-1 Production (GO:0032732)
GO:0072678,-0.5214917237306531,-1.1165387223245262,0.8990931462077932,27.80%,SLC12A2;DEFA4;GNAI1;PIK3CG,GO_Biological_Process_2025__T Cell Migration (GO:0072678)
GO:1900221,-0.5762710161816411,-1.1161520279598112,0.8982693353239121,1.93%,TREM2,GO_Biological_Process_2025__Regulation of Amyloid-Beta Clearance (GO:1900221)
GO:0016239,-0.3743269748995483,-1.1160664971718617,0.8975236750046052,22.56%,TSC2;SCOC;WIPI1;SNX4;OPTN;SPTLC1;MAP3K7;C9ORF72;SLC6A4;RNF31;LARP1;CSNK2A2;TBK1;PIP4K2C;RAB3GAP1;SH3GLB1,GO_Biological_Process_2025__Positive Regulation of Macroautophagy (GO:0016239)
GO:1902563,-0.5586615844971649,-1.1156489498514643,0.8978525917286823,2.05%,PLPP6,GO_Biological_Process_2025__Regulation of Neutrophil Activation (GO:1902563)
GO:0071624,-0.4999111588475243,-1.115510944244305,0.8972367118434079,31.77%,RAC2;RIPOR2;NCKAP1L;MCU;MOSPD2;DNM1L;S100A7,GO_Biological_Process_2025__Positive Regulation of Granulocyte Chemotaxis (GO:0071624)
GO:0019752,-0.455259190895294,-1.1151610364003783,0.8973685657634406,21.19%,PCCA;ST6GAL1;S100A9;PLA2G4A;TBXAS1,GO_Biological_Process_2025__Carboxylic Acid Metabolic Process (GO:0019752)
GO:0061097,-0.5417186375075334,-1.114939266798803,0.8970392634937437,38.50%,RAP2C;MVP;RAP2B;PTPN1;CASS4,GO_Biological_Process_2025__Regulation of Protein Tyrosine Kinase Activity (GO:0061097)
GO:2000427,-0.6000944081673755,-1.113983590622554,0.8991303631322806,1.93%,TREM2,GO_Biological_Process_2025__Positive Regulation of Apoptotic Cell Clearance (GO:2000427)
GO:0030833,0.3064296972770237,1.1139087477833436,0.7030965951180423,5.22%,TMSB4X;EVL;BAIAP2;BIN1,GO_Biological_Process_2025__Regulation of Actin Filament Polymerization (GO:0030833)
GO:0032388,0.3290532097210585,1.1138959916079314,0.7014194548215211,4.41%,ACTN2;NUMA1;EZR;TPR,GO_Biological_Process_2025__Positive Regulation of Intracellular Transport (GO:0032388)
GO:0060143,-0.5011056283350577,-1.1123549503608183,0.903628808561004,41.57%,TREM2;RIPOR2;CAMK1;MAPK14;FLOT1;SCGB3A1;EHD2,GO_Biological_Process_2025__Positive Regulation of Syncytium Formation by Plasma Membrane Fusion (GO:0060143)
GO:0009966,-0.3388242345108608,-1.112282822403388,0.9027562282992644,13.48%,ZFAND2B;TSC2;GRK5;OGT;POFUT1;AFAP1;NCLN;INPP5D;IRAK1;GRK6;NCK1;SHARPIN;FGFR2,GO_Biological_Process_2025__Regulation of Signal Transduction (GO:0009966)
GO:0002831,0.3720788491622597,1.1122168957923773,0.7034418605509698,0.17%,LRP8,GO_Biological_Process_2025__Regulation of Response to Biotic Stimulus (GO:0002831)
GO:0032467,0.4525762021609602,1.1107849970340975,0.7050298868256042,1.18%,PKN2,GO_Biological_Process_2025__Positive Regulation of Cytokinesis (GO:0032467)
GO:0048675,0.4398146184528865,1.1101931378499246,0.7045991569040944,3.23%,SEMA3F;USP9X,GO_Biological_Process_2025__Axon Extension (GO:0048675)
GO:0010232,-0.4204002205112918,-1.110044223531765,0.9083072766577286,11.37%,ABCC3;ABCC1;SLC12A2;ABCC4,GO_Biological_Process_2025__Vascular Transport (GO:0010232)
GO:0002082,-0.5679974757193613,-1.1096582793361522,0.9085280263667784,8.37%,UQCC2;SIRT3,GO_Biological_Process_2025__Regulation of Oxidative Phosphorylation (GO:0002082)
GO:0043490,-0.5706089513112502,-1.1094879382699567,0.9080245118623584,40.91%,SLC25A13;SLC25A12;SLC25A11;GOT2;MDH2,GO_Biological_Process_2025__Malate-Aspartate Shuttle (GO:0043490)
GO:0090407,-0.4556474302646882,-1.108950462592897,0.9088640655389112,16.63%,IP6K1;LPCAT1;GPHN,GO_Biological_Process_2025__Organophosphate Biosynthetic Process (GO:0090407)
GO:2000059,0.3278873461666655,1.1089309850982136,0.7058059412569614,3.23%,RPS7;RPL23;RPL5;USP9X,GO_Biological_Process_2025__Negative Regulation of Ubiquitin-Dependent Protein Catabolic Process (GO:2000059)
GO:0030177,-0.3811071934704035,-1.1085761670502103,0.909091111062684,20.61%,CSNK1G1;TRPM4;CCAR2;EGF;RPS12;FGFR2;CSNK2A2;MACF1;ATP6AP2;DDX3X,GO_Biological_Process_2025__Positive Regulation of Wnt Signaling Pathway (GO:0030177)
GO:0002832,-0.4271382582003167,-1.1079543470069355,0.9101501967436466,28.00%,TREX1;ATG5;IRAK3;TRAFD1;LONP1;TRIM21;SIGIRR;C1QBP;PPM1B,GO_Biological_Process_2025__Negative Regulation of Response to Biotic Stimulus (GO:0002832)
GO:0007528,0.4641278604229456,1.107779338335913,0.7065997534436611,0.27%,DNAJA3,GO_Biological_Process_2025__Neuromuscular Junction Development (GO:0007528)
GO:0098659,-0.4776558314222369,-1.1077486332753743,0.9098156639831764,8.76%,SLC30A5;TRPM4;SLC12A2,GO_Biological_Process_2025__Inorganic Cation Import Across Plasma Membrane (GO:0098659)
GO:1903977,-0.5956717502890182,-1.1076443457189664,0.9091188607756118,1.93%,TREM2,GO_Biological_Process_2025__Positive Regulation of Glial Cell Migration (GO:1903977)
GO:0009247,-0.4664838976039187,-1.1067956025775982,0.910928027245252,21.04%,PIGG;SLC30A5;ST3GAL4;PIGN;TM9SF2;DPM1,GO_Biological_Process_2025__Glycolipid Biosynthetic Process (GO:0009247)
GO:0009206,-0.5522010368846877,-1.1066817275060563,0.9102381381498532,43.97%,SLC25A13;PRKAG2;ATP5PO;TGFB1;ATP5F1B;ATP5F1C,GO_Biological_Process_2025__Purine Ribonucleoside Triphosphate Biosynthetic Process (GO:0009206)
GO:0090109,-0.4571834435417115,-1.1064323018783022,0.9099818060346696,30.86%,PTK2;CLASP1;PTPRA;MACF1;DUSP3;SLC9A1;SLK,GO_Biological_Process_2025__Regulation of Cell-Substrate Junction Assembly (GO:0090109)
GO:0050901,-0.463860161826005,-1.1061027728457489,0.9101038582827976,21.60%,GOLPH3;SELPLG;PODXL2;GCNT1,GO_Biological_Process_2025__Leukocyte Tethering or Rolling (GO:0050901)
GO:0072595,-0.5933903216258638,-1.10511534537012,0.912421895589004,7.10%,KDELR2,GO_Biological_Process_2025__Maintenance of Protein Localization in Organelle (GO:0072595)
GO:0030162,-0.4122438951267887,-1.1049090432989332,0.9120830743082672,26.24%,CLN6;OGT;BAK1;CYFIP2;CSTA;FADD;CDK5;FGFR4,GO_Biological_Process_2025__Regulation of Proteolysis (GO:0030162)
GO:0006811,-0.4197697638537206,-1.1049056594180022,0.9110335653430904,42.27%,SLC12A2;TSPO;PANX1;SLC4A2;PIEZO1;SLC25A1;ATP11B;P2RX1;SLC9A1;VDAC2;SLC17A5;TRPC6;SLC8A3;VDAC1;SLC9A9,GO_Biological_Process_2025__Monoatomic Ion Transport (GO:0006811)
GO:1900744,0.3940558936748076,1.1048611788841105,0.7096968961436748,2.90%,LGALS9;EZR,GO_Biological_Process_2025__Regulation of p38MAPK Cascade (GO:1900744)
GO:0002431,-0.4463076266320621,-1.1045759786871765,0.9111342119312612,37.95%,FCER2;VAV3;PTK2;YES1;PKN1;VAV1;FYN;FGR;LYN,GO_Biological_Process_2025__Fc Receptor Mediated Stimulatory Signaling Pathway (GO:0002431)
GO:0045055,-0.4401804280822871,-1.1043415739927676,0.9108797123286924,37.95%,ABCC4;PPP3CB;RAB31;CDK5;PIP5K1C;TMED10;PLEK;VAMP7;RAB10;LYN,GO_Biological_Process_2025__Regulated Exocytosis (GO:0045055)
GO:0090200,-0.5363996302344892,-1.1042791051608305,0.9100201033634332,29.97%,BAK1;BID;TNFSF10;BAX,GO_Biological_Process_2025__Positive Regulation of Release of Cytochrome C From Mitochondria (GO:0090200)
GO:0050678,0.3373856215957897,1.104046302297652,0.7099632931064525,3.56%,RAB33B;FUT1;EPPK1,GO_Biological_Process_2025__Regulation of Epithelial Cell Proliferation (GO:0050678)
GO:0006986,-0.4049788059862,-1.103978461837396,0.9099597327726144,17.32%,BAK1;DERL1;HSPA2;OPTN;STT3B;ERN1;TRAM1,GO_Biological_Process_2025__Response to Unfolded Protein (GO:0006986)
GO:0046902,-0.5801614754342743,-1.1039560223505016,0.908971896233216,30.74%,BAK1;BCL2L1;SLC25A5,GO_Biological_Process_2025__Regulation of Mitochondrial Membrane Permeability (GO:0046902)
GO:0031122,-0.4022962999813742,-1.102830557085824,0.9117228230029708,24.61%,KATNAL1;TUBGCP2;TUBGCP3;DLG1;CLASP1;RAB11A;TUBGCP6;CCDC88A;CLIP2;PPFIBP1;TUBGCP4,GO_Biological_Process_2025__Cytoplasmic Microtubule Organization (GO:0031122)
GO:0002685,-0.5852488046895159,-1.10281239027419,0.9107449731434568,21.73%,RAC2;NCKAP1L,GO_Biological_Process_2025__Regulation of Leukocyte Migration (GO:0002685)
GO:0120036,-0.3379214013491498,-1.1024733924913024,0.9107824330531796,41.74%,CAMSAP1;FRYL;PRMT1;FRY;OPHN1;RAB11A;NEDD4;TPM1;ATXN10;TBC1D23;SAMD14;CARMIL1;MICALL1;DOCK7;CDK5;METAP2;TOR1A;NLGN1;PLEK;RAB6A;CYFIP1;ZFYVE27;LYN;PPP1R9B;VAPA;BLOC1S1;DTNBP1,GO_Biological_Process_2025__Plasma Membrane Bounded Cell Projection Organization (GO:0120036)
GO:0043567,-0.4707574087125737,-1.102296537369818,0.9103241187793808,7.62%,ZFAND2B;INPPL1,GO_Biological_Process_2025__Regulation of Insulin-Like Growth Factor Receptor Signaling Pathway (GO:0043567)
GO:0006094,0.371860211749554,1.10185927976355,0.7131819408797853,0.29%,ENO3,GO_Biological_Process_2025__Gluconeogenesis (GO:0006094)
GO:0002281,-0.5118288445453559,-1.101750645293386,0.9111170592497178,12.43%,TREM2;LBP,GO_Biological_Process_2025__Macrophage Activation Involved in Immune Response (GO:0002281)
GO:0038096,-0.4535456653630471,-1.101550009988507,0.9096603994729674,37.95%,FCER2;VAV3;PTK2;YES1;PKN1;VAV1;FYN;FGR;LYN,GO_Biological_Process_2025__Fc-gamma Receptor Signaling Pathway Involved in Phagocytosis (GO:0038096)
GO:0097734,-0.5935865309161776,-1.1011223677129187,0.9100977065451724,17.34%,RAB27A;RAB11A,GO_Biological_Process_2025__Extracellular Exosome Biogenesis (GO:0097734)
GO:0120163,-0.4477613134305003,-1.101079673720132,0.9091681920989598,23.59%,IP6K1;FLCN;LNPEP;NRDC;DOCK7,GO_Biological_Process_2025__Negative Regulation of Cold-Induced Thermogenesis (GO:0120163)
GO:0030324,0.4890592333179661,1.1008114109174405,0.7137759180347197,1.14%,PKD1,GO_Biological_Process_2025__Lung Development (GO:0030324)
GO:0032434,-0.3648835393953575,-1.1007752066792893,0.9081147202605356,25.66%,OGT;GSK3A;CAMLG;HSPBP1;GLMN;BAG5;FBXO22;CCAR2;METAP1;XPO1;CSNK2A2;AXIN1;CSNK2B;N4BP1,GO_Biological_Process_2025__Regulation of Proteasomal Ubiquitin-Dependent Protein Catabolic Process (GO:0032434)
GO:0010543,-0.4073433649645606,-1.1005866816538572,0.9077021436269956,5.94%,PDGFB;THBD;JAK2,GO_Biological_Process_2025__Regulation of Platelet Activation (GO:0010543)
GO:0070228,-0.5853841238190298,-1.100248132881692,0.9077875317374516,17.69%,CD274;JAK3,GO_Biological_Process_2025__Regulation of Lymphocyte Apoptotic Process (GO:0070228)
GO:0051881,-0.4849769264902855,-1.1001426448237563,0.9071114852761248,29.97%,BAK1;PRDX3;BCL2L1;PPA2;BAX,GO_Biological_Process_2025__Regulation of Mitochondrial Membrane Potential (GO:0051881)
GO:0046037,-0.5231609501909894,-1.100012047461448,0.9065105583571595,25.04%,GMPS;GART;GMPR2;PFAS,GO_Biological_Process_2025__GMP Metabolic Process (GO:0046037)
GO:0086003,-0.5862333065903419,-1.0998203331937009,0.9061133892096538,32.56%,CAMK2D;PIK3CA;PKP2,GO_Biological_Process_2025__Cardiac Muscle Cell Contraction (GO:0086003)
GO:0051283,-0.437088233830872,-1.099787011826474,0.905197872467158,38.36%,F2R;ITPR1;PLCB4;PLCB3;PLCB1;ITPR2;PLCG2;GP5;PLCB2;GP9,GO_Biological_Process_2025__Negative Regulation of Sequestering of Calcium Ion (GO:0051283)
GO:0047497,-0.5266980775098528,-1.0996312068339569,0.9046755475356824,41.78%,RHOT2;UXT;KIFBP;LRPPRC;SPAST;MAP1S;KIF1B,GO_Biological_Process_2025__Mitochondrion Transport Along Microtubule (GO:0047497)
GO:0043067,0.2643368089849303,1.0992704455267182,0.7156785388436924,0.54%,ACTN2;LRP8;RSL1D1,GO_Biological_Process_2025__Regulation of Programmed Cell Death (GO:0043067)
GO:0061952,0.3843872540831304,1.099133572642036,0.7142843299235825,15.99%,CHMP1A;CHMP6;CHMP1B;ZFYVE19;CHMP2A;IST1,GO_Biological_Process_2025__Midbody Abscission (GO:0061952)
GO:0007368,-0.5881812312304189,-1.0986789639154155,0.9068180239568828,5.41%,NCLN,GO_Biological_Process_2025__Determination of Left/Right Symmetry (GO:0007368)
GO:0002092,-0.4751560946777158,-1.0985860698347116,0.9061115953785556,13.36%,ATAD1;TBC1D5;EGF,GO_Biological_Process_2025__Positive Regulation of Receptor Internalization (GO:0002092)
GO:0031115,-0.5227664918795912,-1.0985160817346802,0.9053188433285072,25.39%,DYRK1A;TBCD;TUBB4A;METAP2,GO_Biological_Process_2025__Negative Regulation of Microtubule Polymerization (GO:0031115)
GO:1903894,-0.523627040311528,-1.0983818622284325,0.9047595875053916,37.14%,BAK1;TMEM33;BAX;PTPN1;COPS5,GO_Biological_Process_2025__Regulation of IRE1-mediated Unfolded Protein Response (GO:1903894)
GO:0043300,-0.5856073718257802,-1.098337754228674,0.9038951034071112,39.29%,FES;UNC13D;LYN;STXBP2,GO_Biological_Process_2025__Regulation of Leukocyte Degranulation (GO:0043300)
GO:0051128,-0.3443077651858212,-1.0983091628098198,0.9029723892167176,18.58%,STON1;TSC2;MTOR;TAOK2;EPHX2;NCLN;IRAK3;OPHN1;BAG5;SPHK1;RASGRP2;CAMK2D;NEDD4;RPTOR;CAMK1,GO_Biological_Process_2025__Regulation of Cellular Component Organization (GO:0051128)
GO:0034260,-0.5370079850712268,-1.0977970224979583,0.9036123729545216,31.88%,LRCH1;PLXNB3;GMIP;TMED2,GO_Biological_Process_2025__Negative Regulation of GTPase Activity (GO:0034260)
GO:0034372,0.4827872252177519,1.097736556332925,0.7155438121540741,51.78%,LPL;APOE;LIPC;APOC2;CETP;LCAT,GO_Biological_Process_2025__Very-Low-Density Lipoprotein Particle Remodeling (GO:0034372)
GO:0010888,-0.5075400942415687,-1.097282897487621,0.9042909469755568,24.83%,TREM2;CES1;TTC39B,GO_Biological_Process_2025__Negative Regulation of Lipid Storage (GO:0010888)
GO:0071354,-0.4809660557698084,-1.0968121531793693,0.9048964573544154,11.29%,JAK2;FER;SELPLG,GO_Biological_Process_2025__Cellular Response to Interleukin-6 (GO:0071354)
GO:1902624,-0.476799926956625,-1.096765237714484,0.9040398078971558,29.93%,RAC2;RIPOR2;NCKAP1L;MCU;C1QBP;MOSPD2;DNM1L,GO_Biological_Process_2025__Positive Regulation of Neutrophil Migration (GO:1902624)
GO:1902229,-0.5820424303898097,-1.0962183881733665,0.9048038100288548,24.38%,TPT1;CCAR2;BCL2L1,GO_Biological_Process_2025__Regulation of Intrinsic Apoptotic Signaling Pathway in Response to DNA Damage (GO:1902229)
GO:0043412,-0.3686390696040544,-1.0955454173536392,0.906061042773031,31.13%,PRKDC;TGM3;PARP4;MAN2B1;ADPRH;ST3GAL4;FBXO22;ST6GAL1;USP25;YES1;SEPHS1;UBE2L3;PLOD2;RPN2;PHKA2;AKT2;UBA7;ST6GAL2;RABGGTB,GO_Biological_Process_2025__Macromolecule Modification (GO:0043412)
GO:0045070,-0.4562318865715877,-1.0954868880319055,0.90525414156425,20.61%,SRPK2;TARBP2;PPID;LARP1;DDX3X,GO_Biological_Process_2025__Positive Regulation of Viral Genome Replication (GO:0045070)
GO:0048545,-0.5191008422969388,-1.0953351106987337,0.9047262957716892,23.43%,TGFB2;UBE3A;UBE2L3;TFPI,GO_Biological_Process_2025__Response to Steroid Hormone (GO:0048545)
GO:0034063,0.3637544617170919,1.0946560357845585,0.7206898797379804,7.89%,ATXN2;PRRC2C;RPS23,GO_Biological_Process_2025__Stress Granule Assembly (GO:0034063)
GO:0045429,0.3607918496540818,1.0941265680966612,0.7183510383931627,7.10%,ASS1;DDAH2;DDAH1;HBB,GO_Biological_Process_2025__Positive Regulation of Nitric Oxide Biosynthetic Process (GO:0045429)
GO:1904407,0.3607918496540818,1.0941265680966612,0.7183510383931627,7.10%,ASS1;DDAH2;DDAH1;HBB,GO_Biological_Process_2025__Positive Regulation of Nitric Oxide Metabolic Process (GO:1904407)
GO:0046457,-0.4689457297910437,-1.0940876792573575,0.9078553629728784,21.19%,PRXL2B;DAGLB;S100A9;PTGS1;PLA2G4A;TBXAS1,GO_Biological_Process_2025__Prostanoid Biosynthetic Process (GO:0046457)
GO:0009746,-0.4518650151622262,-1.0937096849230736,0.9080889147666584,37.74%,EIF2B3;EIF2B5;EIF2B1;IRS2;PFKL;SELENOT;APOA2,GO_Biological_Process_2025__Response to Hexose (GO:0009746)
GO:0002861,-0.4442973097658269,-1.0931363930549411,0.9089788958243536,37.95%,TREM2;YES1;FYN;KARS1;MAPK14;FGR;GNAS;LYN,GO_Biological_Process_2025__Regulation of Inflammatory Response to Antigenic Stimulus (GO:0002861)
GO:0032438,-0.390653977553992,-1.0931270096580197,0.9080003239945594,9.42%,KIF13A;HPS1;LYST;PIKFYVE;AP1G1,GO_Biological_Process_2025__Melanosome Organization (GO:0032438)
GO:0009306,-0.3988441838828132,-1.0928299590151929,0.9079686613437032,13.84%,TMEM167A;GOLPH3;ARFGAP3;AP1G1;PCSK5,GO_Biological_Process_2025__Protein Secretion (GO:0009306)
GO:1900121,0.4715885524678556,1.092311196641168,0.7207568332752473,52.90%,PTPRF;PCSK9;B2M;ADIPOQ;ATP2A2;ATP2A3,GO_Biological_Process_2025__Negative Regulation of Receptor Binding (GO:1900121)
GO:0071219,-0.3613796551350899,-1.0922641754290874,0.9088589398888764,19.22%,PAF1;SERPINE1;CD274;MYD88;LBP;CASP7;DEFA4;GIT1;TRAF6,GO_Biological_Process_2025__Cellular Response to Molecule of Bacterial Origin (GO:0071219)
GO:0072331,-0.4848149593809548,-1.092249276230093,0.9078920498129378,8.16%,PDK2;PPP2R5C;MYO6,GO_Biological_Process_2025__Signal Transduction by P53 Class Mediator (GO:0072331)
GO:0030509,0.3945497094663823,1.0922077580005014,0.7176241071439007,15.56%,DDX5;USP9X;BMP7;TGFBR3;MEGF8;PDCD4,GO_Biological_Process_2025__BMP Signaling Pathway (GO:0030509)
GO:0071773,0.3945497094663823,1.0922077580005014,0.7176241071439007,15.56%,DDX5;USP9X;BMP7;TGFBR3;MEGF8;PDCD4,GO_Biological_Process_2025__Cellular Response to BMP Stimulus (GO:0071773)
GO:0045670,-0.4727231797520758,-1.0920990413275482,0.9074022489870208,19.22%,MTOR;RPTOR;TRAF6,GO_Biological_Process_2025__Regulation of Osteoclast Differentiation (GO:0045670)
GO:0034116,0.4853921775345756,1.0920187415326006,0.7163509343574914,7.27%,BMP7;LCK,GO_Biological_Process_2025__Positive Regulation of Heterotypic Cell-Cell Adhesion (GO:0034116)
GO:0010746,-0.5790991518744646,-1.091977750201416,0.9068482680228614,26.55%,ACSL5;IRS2;AKT2,GO_Biological_Process_2025__Regulation of Long-Chain Fatty Acid Import Across Plasma Membrane (GO:0010746)
GO:0046777,-0.3455585991938237,-1.0918124309123505,0.906394841851323,27.09%,EIF2AK2;GRK5;JAK2;PIKFYVE;DYRK1A;IRAK1;FER;FES;FGFR2;ERN1;PTK2;LONP1;CAMK2D;STK39;RIPK1;PKN1;FGFR4;STK4,GO_Biological_Process_2025__Protein Autophosphorylation (GO:0046777)
GO:0002753,-0.4433939660212793,-1.0916521216852233,0.9058731623325884,37.90%,BECN1;MAP3K7;IPO5;TRAF6;TBK1;DDX3X;CYLD;TRIM25;PHB2,GO_Biological_Process_2025__Cytoplasmic Pattern Recognition Receptor Signaling Pathway (GO:0002753)
GO:0046903,-0.5757141677356039,-1.0913942889500374,0.9057305100748876,37.37%,TMEM63A;UNC13D;TMEM63B,GO_Biological_Process_2025__Secretion (GO:0046903)
GO:1904385,0.4592408214063474,1.0907654404974625,0.7173530928125423,54.14%,CA2;CAMK2A;AHCYL1;SRC;NFKB1;RELA;PRKCD,GO_Biological_Process_2025__Cellular Response to Angiotensin (GO:1904385)
GO:0010745,0.5127513995438522,1.0907262307022991,0.7158220130849822,48.78%,CSRP1;ADIPOQ;ITGAV;CETP;ITGB3,GO_Biological_Process_2025__Negative Regulation of Macrophage Derived Foam Cell Differentiation (GO:0010745)
GO:0006338,-0.3651683736874267,-1.0900711461282335,0.9080813874620784,4.74%,SRPK2;CHD4;RBBP4;PRMT9;DTX3L;PRMT1,GO_Biological_Process_2025__Chromatin Remodeling (GO:0006338)
GO:0007005,-0.3511252855309076,-1.089753887609307,0.9081251048165304,22.74%,MTFR1L;HTRA2;MTX2;HIGD1A;MIGA2;RHOT2;SLC25A46;VPS13C;CLPP;MFN2;MFN1;MFF;WASF1;BCS1L;LONP1;MTX1;BID;WDR81;SAMM50;PRDX3,GO_Biological_Process_2025__Mitochondrion Organization (GO:0007005)
GO:0140888,-0.4346052480591856,-1.0890749496946608,0.9093303015736728,10.50%,JAK2;STAT2;MYD88;IRAK1,GO_Biological_Process_2025__Interferon-Mediated Signaling Pathway (GO:0140888)
GO:0016051,0.4396499389511705,1.0889035321393996,0.7180766473734813,5.47%,FUT1;EXT2;ST6GALNAC1,GO_Biological_Process_2025__Carbohydrate Biosynthetic Process (GO:0016051)
GO:0008611,-0.5631197939110197,-1.0887127699941872,0.9094618916993376,20.48%,GNPAT;PLA2G4A;DHRS7B,GO_Biological_Process_2025__Ether Lipid Biosynthetic Process (GO:0008611)
GO:0035330,-0.4322904461689451,-1.0884305311808975,0.9094085688489406,35.87%,STRIP1;MAP2K3;SIKE1;MOB4;LIMD1;STK4;STRN3;PPP2R1A;MAPK14;STRN4;SLMAP,GO_Biological_Process_2025__Regulation of Hippo Signaling (GO:0035330)
GO:0031346,-0.3576048962788109,-1.088332135770298,0.9087047542623844,23.12%,ARHGAP35;FES;LGALS12;PLXNB3;TWF1;S100A9;CAMK1;CARMIL1;KIDINS220;NRDC,GO_Biological_Process_2025__Positive Regulation of Cell Projection Organization (GO:0031346)
GO:0001953,-0.4389363632226836,-1.0880226957057575,0.9086646539140126,5.53%,PTEN;SERPINE1,GO_Biological_Process_2025__Negative Regulation of Cell-Matrix Adhesion (GO:0001953)
GO:0050691,-0.4747611462266964,-1.087925926516339,0.908003052149766,3.07%,TARBP2;DTX3L,GO_Biological_Process_2025__Regulation of Defense Response to Virus by Host (GO:0050691)
GO:0045786,-0.4586437004786646,-1.0874640882673288,0.9086347554308044,2.55%,PTEN;HTRA2,GO_Biological_Process_2025__Negative Regulation of Cell Cycle (GO:0045786)
GO:0050865,-0.5276069189398885,-1.0874305705737064,0.9077410131256544,1.93%,TREM2,GO_Biological_Process_2025__Regulation of Cell Activation (GO:0050865)
GO:0150104,-0.4059257473126932,-1.087341021676255,0.9070387478566132,11.37%,ABCC3;ABCC1;SLC12A2;ABCC4,GO_Biological_Process_2025__Transport Across Blood-Brain Barrier (GO:0150104)
GO:0030041,-0.4597404457904044,-1.087142606864155,0.9066840968374584,15.18%,VIL1;JAK2;WASF1,GO_Biological_Process_2025__Actin Filament Polymerization (GO:0030041)
GO:0008016,-0.4480674944417776,-1.086688415259602,0.9071487516417353,21.21%,ATP2B1;GSK3A;CAMK2D;TPM1;TGFB2,GO_Biological_Process_2025__Regulation of Heart Contraction (GO:0008016)
GO:0050858,-0.4784593298186805,-1.0865956490779842,0.9054796488200044,25.46%,UBASH3A;DGKZ;NCK1;SLA2;PRNP;DUSP3,GO_Biological_Process_2025__Negative Regulation of Antigen Receptor-Mediated Signaling Pathway (GO:0050858)
GO:0051222,-0.3686901801140292,-1.0862868161708463,0.905566053633735,43.08%,GOLPH3;CEP131;TREM2;ACSL3;PPID;VPS28;TGFB2;MYO18A;ATP2C1;B3GAT3;TMED10;DNM1L;CNST;FYCO1;PRR5L;SYTL4;TGFB1;PGRMC1;CD2AP;IGF1;PDCD10;ANG,GO_Biological_Process_2025__Positive Regulation of Protein Transport (GO:0051222)
GO:0006693,-0.4603724388664498,-1.0860763363300296,0.9052634972742832,27.69%,PRXL2B;DAGLB;S100A9;PTGS1;PLA2G4A;TBXAS1;CES2,GO_Biological_Process_2025__Prostaglandin Metabolic Process (GO:0006693)
GO:0045859,-0.370055254363684,-1.0855435120431935,0.905949676309383,14.02%,INPP5K;TARBP2;TSC2;RAP2C;PRKAG1;ALS2;MAP2K3;PTK2,GO_Biological_Process_2025__Regulation of Protein Kinase Activity (GO:0045859)
GO:0016540,-0.5572731667448849,-1.0846836848033652,0.9077577860327792,22.70%,HTRA2;FXN;F12;CASP6,GO_Biological_Process_2025__Protein Autoprocessing (GO:0016540)
GO:0032272,0.3440963867811672,1.084540435199283,0.7246091542806838,0.19%,TMSB4X,GO_Biological_Process_2025__Negative Regulation of Protein Polymerization (GO:0032272)
GO:1902893,-0.4737317116624345,-1.0842566812661656,0.908121922552287,21.21%,MRTFB;PDGFB;MRTFA;SMAD3;TGFB2,GO_Biological_Process_2025__Regulation of miRNA Transcription (GO:1902893)
GO:0006469,-0.3989065242588062,-1.0841861422971808,0.9073642820640432,2.32%,INPP5K;TARBP2;TSC2,GO_Biological_Process_2025__Negative Regulation of Protein Kinase Activity (GO:0006469)
GO:0043933,-0.3423769576138699,-1.0839355661854495,0.9072195201860728,41.90%,SEH1L;VIL1;NEMF;TUBGCP2;SLC25A46;BECN1;PPID;REPS2;WASF1;AXIN1;NCKAP1L;RANBP9;CSNK2B;TUBGCP4;ZW10;PPP2R1A;PARD3;PROC;CAPZA2;NAPG;FASN;PEX14;CD2AP;LLGL1;CAPZA1;TAPBP;NUP133,GO_Biological_Process_2025__Protein-Containing Complex Organization (GO:0043933)
GO:0045727,-0.3511425164692937,-1.0838607791250587,0.9064906224277424,7.35%,UPF3B;UQCC2;PRKDC;MTOR;OGT;PRMT1;FXR2;RPS6KB1,GO_Biological_Process_2025__Positive Regulation of Translation (GO:0045727)
GO:0006006,-0.3809295957647281,-1.0835087139481143,0.9066093717656366,19.49%,PDK2;HECTD4;H6PD;ENO2;PCK2;FBP1;SORD;IRS2,GO_Biological_Process_2025__Glucose Metabolic Process (GO:0006006)
GO:0010812,0.3572766771219545,1.0832171027219364,0.7260202795109751,12.70%,JAG1;MELTF;TACSTD2;MYOC;FBLN1,GO_Biological_Process_2025__Negative Regulation of Cell-Substrate Adhesion (GO:0010812)
GO:2000048,0.469003675950061,1.0830765669161648,0.724647538472788,2.53%,EPCAM,GO_Biological_Process_2025__Negative Regulation of Cell-Cell Adhesion Mediated by Cadherin (GO:2000048)
GO:1903169,-0.4686710102252437,-1.0830665265540522,0.9070771833249472,29.00%,PSEN2;CAMK2D;PRNP;FYN,GO_Biological_Process_2025__Regulation of Calcium Ion Transmembrane Transport (GO:1903169)
GO:0006813,-0.5135114333426538,-1.082996637101623,0.9063016383902812,30.57%,CCDC51;KCNA3;ATP1B3;SLC9A1,GO_Biological_Process_2025__Potassium Ion Transport (GO:0006813)
GO:0050770,-0.4317962240195684,-1.0825290166458617,0.9067787969698738,32.42%,ARHGAP35;PTEN;PLXNB3;NRDC;PKN1;KIF13B;ARHGEF7;FYCO1,GO_Biological_Process_2025__Regulation of Axonogenesis (GO:0050770)
GO:0043086,-0.4662266203910776,-1.0816932484034658,0.9085176642848704,30.76%,PRDX5;CCAR2;TMLHE;PARP9;CAND1,GO_Biological_Process_2025__Negative Regulation of Catalytic Activity (GO:0043086)
GO:0062197,-0.3632074910352996,-1.0812044532971077,0.9090614158648048,33.64%,PYCR2;HTRA2;MTOR;LRRC8D;PRDX5;ERMP1;ATG7;VKORC1L1;LONP1;RPTOR;TRIM21;DDX3X;SERPINB6;PRDX3;PRKAA1;GPX7;PIK3CA;SOD2;SLC25A24;PNPT1;PRR5L,GO_Biological_Process_2025__Cellular Response to Chemical Stress (GO:0062197)
GO:0050863,0.3101012907808502,1.0798005817337708,0.7302875181823832,7.27%,CD209;HLA-DRB3;LCK,GO_Biological_Process_2025__Regulation of T Cell Activation (GO:0050863)
GO:0006644,-0.3974495561491487,-1.0795628486338045,0.9124374532159408,18.56%,PLA2G15;PLPP6;LPCAT1;AGPAT1;AGPAT3;ABHD12,GO_Biological_Process_2025__Phospholipid Metabolic Process (GO:0006644)
GO:0051966,-0.4926874248131984,-1.0791745658915926,0.9126993347229796,30.47%,OPHN1;FXR1;CDK5;NLGN1,"GO_Biological_Process_2025__Regulation of Synaptic Transmission, Glutamatergic (GO:0051966)"
GO:0050671,0.2885018177948938,1.0787512492011628,0.730871033905512,6.69%,CD209;HLA-DRB3;CD6;TNFSF13;CD320;CD81;CD276,GO_Biological_Process_2025__Positive Regulation of Lymphocyte Proliferation (GO:0050671)
GO:0030323,-0.5663495492473398,-1.0785918857409629,0.912647769094573,13.84%,FGFR2;PCSK5,GO_Biological_Process_2025__Respiratory Tube Development (GO:0030323)
GO:0030071,-0.5423495334286923,-1.0780772893037385,0.9133982309416284,11.81%,ANAPC7;CDC16,GO_Biological_Process_2025__Regulation of Mitotic Metaphase/Anaphase Transition (GO:0030071)
GO:0003143,0.5160688368235539,1.0780508285192174,0.7290755414101215,48.45%,MEGF8;PRKD2;NOTCH1;ENG;IHH,GO_Biological_Process_2025__Embryonic Heart Tube Morphogenesis (GO:0003143)
GO:0061371,0.5160688368235539,1.0780508285192174,0.7290755414101215,48.45%,MEGF8;PRKD2;NOTCH1;ENG;IHH,GO_Biological_Process_2025__Determination of Heart Left/Right Asymmetry (GO:0061371)
GO:0044331,-0.4358994026135463,-1.077927163376719,0.9129049711956216,17.23%,CDH24;FER;CDH17,GO_Biological_Process_2025__Cell-Cell Adhesion Mediated by Cadherin (GO:0044331)
GO:1905664,-0.5727821319682767,-1.0775719869459934,0.9111208800852236,39.64%,PPP3CB;PRNP;FYN;PPP3CA,GO_Biological_Process_2025__Regulation of Calcium Ion Import Across Plasma Membrane (GO:1905664)
GO:0010800,-0.553537357678374,-1.0772247876163394,0.9112446180946824,18.37%,EGF;SPHK1;RPTOR,GO_Biological_Process_2025__Positive Regulation of Peptidyl-Threonine Phosphorylation (GO:0010800)
GO:0071331,-0.4859705565886101,-1.0770609249610008,0.9108085174913716,26.97%,OGT;PCK2;ERN1;RPTOR;PRKAA1,GO_Biological_Process_2025__Cellular Response to Hexose Stimulus (GO:0071331)
GO:0060828,-0.3411114344830285,-1.0768275018478557,0.9106050128778312,33.78%,CSNK1G1;GSK3A;TRPM4;KREMEN1;CCAR2;EGF;RPS12;FGFR2;CCNY;LIMD1;ATP6AP2;DDX3X;SCYL2;AXIN1;RECK;IGFBP1;STK4;PPM1B;RNF14;PROC;USP47;CYLD,GO_Biological_Process_2025__Regulation of Canonical Wnt Signaling Pathway (GO:0060828)
GO:0106058,-0.5167455700502693,-1.0767554748076684,0.9089744375555496,40.08%,PPP3CB;SLC9A1;PPP3CA;IGF1,GO_Biological_Process_2025__Positive Regulation of Calcineurin-Mediated Signaling (GO:0106058)
GO:0070886,-0.5167455700502693,-1.0767554748076684,0.9089744375555496,40.08%,PPP3CB;SLC9A1;PPP3CA;IGF1,GO_Biological_Process_2025__Positive Regulation of calcineurin-NFAT Signaling Cascade (GO:0070886)
GO:0099560,0.4765673971647235,1.0757744490127488,0.7324792081355678,21.40%,PTPRS;LRRC4;SLITRK1;CDH6;GPC4,GO_Biological_Process_2025__Synaptic Membrane Adhesion (GO:0099560)
GO:0120161,-0.3488530726302196,-1.0757326250997954,0.9103950996614828,23.59%,CNOT3;STAT6;IP6K1;OGT;FLCN;JAK2;ACSL1;MFN2;CPT2;PRKAB2;LNPEP;IL18;NRDC;BSCL2;CXCR4;DOCK7,GO_Biological_Process_2025__Regulation of Cold-Induced Thermogenesis (GO:0120161)
GO:0046427,-0.4574683654516694,-1.0756536077537835,0.9096919356202392,6.38%,JAK2;F2R,GO_Biological_Process_2025__Positive Regulation of Receptor Signaling Pathway via JAK-STAT (GO:0046427)
GO:0009395,-0.4663757084515496,-1.0754318851713125,0.9094036745897212,8.97%,PLPP6;PNPLA6;PRDX5,GO_Biological_Process_2025__Phospholipid Catabolic Process (GO:0009395)
GO:1905475,-0.4311968612145954,-1.075375963935292,0.908640372242894,46.11%,CAMK2D;VTI1B;CDK5;PIK3CA;STX7;VPS4A;FYN;LDLRAP1;SPTBN1;CAMK2G;MMP14;STX8,GO_Biological_Process_2025__Regulation of Protein Localization to Membrane (GO:1905475)
GO:0001678,-0.4276911264867261,-1.0752534238035,0.9080741921645902,18.37%,LRRC8D;OGT;PIK3R1;PCK2;ERN1;RPTOR,GO_Biological_Process_2025__Intracellular Glucose Homeostasis (GO:0001678)
GO:0048813,-0.4800547165622509,-1.075235934466344,0.9071849406246062,4.12%,PTEN;TAOK2,GO_Biological_Process_2025__Dendrite Morphogenesis (GO:0048813)
GO:0046148,-0.465304054714399,-1.075057863258785,0.9067951113444775,17.63%,TSPO;FXN;PPOX;COX15,GO_Biological_Process_2025__Pigment Biosynthetic Process (GO:0046148)
GO:0034144,-0.5620982790794111,-1.0745194693974964,0.907587337566864,43.87%,TREM2;BPIFB1;SQSTM1;LYN;TAX1BP1,GO_Biological_Process_2025__Negative Regulation of Toll-Like Receptor 4 Signaling Pathway (GO:0034144)
GO:0034976,-0.3267605109545484,-1.0744548142954766,0.9068366876812748,25.58%,NCCRP1;UBE4B;TMUB2;BAK1;ATF6;DERL1;TMEM33;ERMP1;EIF2B5;PIK3R1;NCK1;STT3B;ERN1;ITPR1;ECPAS;UBE4A;AUP1;UBE2J1;GET4;UFD1;CCDC47;NPLOC4;ERLEC1;SEL1L;FAF2,GO_Biological_Process_2025__Response to Endoplasmic Reticulum Stress (GO:0034976)
GO:0007269,-0.54713941389208,-1.074189096041405,0.9057743517626676,26.78%,LIN7C;CDK5;PIP5K1C,GO_Biological_Process_2025__Neurotransmitter Secretion (GO:0007269)
GO:0099643,-0.54713941389208,-1.074189096041405,0.9057743517626676,26.78%,LIN7C;CDK5;PIP5K1C,GO_Biological_Process_2025__Signal Release From Synapse (GO:0099643)
GO:1900120,0.4715885524678556,1.0739521725617962,0.7348226274320137,52.90%,PTPRF;B2M;ADIPOQ;MMP9;ATP2A2;ATP2A3,GO_Biological_Process_2025__Regulation of Receptor Binding (GO:1900120)
GO:1903351,-0.5804377512201362,-1.0737745869801152,0.9061431190199376,5.55%,GSK3A,GO_Biological_Process_2025__Cellular Response to Dopamine (GO:1903351)
GO:1902806,0.3660359919433338,1.0736891081960065,0.7336982654093466,3.81%,TMSB4X;PKD1;SMARCD2,GO_Biological_Process_2025__Regulation of Cell Cycle G1/S Phase Transition (GO:1902806)
GO:0051591,-0.4532243552224948,-1.073631685805413,0.905666606175252,0.17%,INPP5K,GO_Biological_Process_2025__Response to cAMP (GO:0051591)
GO:0014912,-0.5378138005173208,-1.073584461120752,0.9048811246636778,31.69%,SERPINE1;TPM1;PRKG1,GO_Biological_Process_2025__Negative Regulation of Smooth Muscle Cell Migration (GO:0014912)
GO:0050921,0.3401920831728688,1.0732875612967077,0.732961338292372,2.59%,TMSB4X;RARRES2,GO_Biological_Process_2025__Positive Regulation of Chemotaxis (GO:0050921)
GO:0050920,-0.4333717662391277,-1.0725861306859514,0.9071045614393052,1.93%,PDGFB;TREM2,GO_Biological_Process_2025__Regulation of Chemotaxis (GO:0050920)
GO:0032703,0.4569770613365548,1.0723654476758318,0.7333135924512842,6.75%,EZR;CR1,GO_Biological_Process_2025__Negative Regulation of Interleukin-2 Production (GO:0032703)
GO:0035924,-0.4293047793380695,-1.0722205277276968,0.9072916207933748,14.21%,MAPKAPK2;MAP2K3;ERN1;SPHK1,GO_Biological_Process_2025__Cellular Response to Vascular Endothelial Growth Factor Stimulus (GO:0035924)
GO:0050820,-0.4665564359366927,-1.0709767251617195,0.9101578660974668,45.46%,SERPINE1;F2R;ST3GAL4;F12;APOH;EMILIN1;SERPINF2;ENPP4;HPSE,GO_Biological_Process_2025__Positive Regulation of Coagulation (GO:0050820)
GO:0031110,-0.4428194756664458,-1.0707138821630982,0.9100317636492622,35.23%,CAMSAP1;METAP1;CLASP1;GBA2;PRUNE1;METAP2;GAS2L1;MAP1S,GO_Biological_Process_2025__Regulation of Microtubule Polymerization or Depolymerization (GO:0031110)
GO:0044042,-0.54769709480996,-1.0704674485095067,0.909824974933208,27.49%,GBE1;PHKG2;PRKAG2;PYGL,GO_Biological_Process_2025__Glucan Metabolic Process (GO:0044042)
GO:0051560,-0.4637596792122698,-1.0702294229789209,0.909633049608121,25.72%,MCUR1;PDZD8;MAIP1;MICU2;MCU;MICU1,GO_Biological_Process_2025__Mitochondrial Calcium Ion Homeostasis (GO:0051560)
GO:1900047,-0.4761334537326934,-1.069995014826498,0.9094280539636636,31.92%,SERPINE1;THBD;TFPI;APOH;PROC,GO_Biological_Process_2025__Negative Regulation of Hemostasis (GO:1900047)
GO:0030512,-0.402495067772874,-1.069824290839357,0.909042870762614,4.29%,FAM89B;RBBP4;OGT,GO_Biological_Process_2025__Negative Regulation of Transforming Growth Factor Beta Receptor Signaling Pathway (GO:0030512)
GO:0010830,-0.5434891218398321,-1.0694683965061038,0.9092141367172962,44.03%,FBXO22;PIEZO1;MAPK14;MMP14,GO_Biological_Process_2025__Regulation of Myotube Differentiation (GO:0010830)
GO:2000622,0.5137633601528748,1.0693729036355937,0.7369908610058573,4.35%,HNRNPAB;RBM8A,"GO_Biological_Process_2025__Regulation of Nuclear-Transcribed mRNA Catabolic Process, Nonsense-Mediated Decay (GO:2000622)"
GO:0071108,-0.5123978397690623,-1.0692385077518325,0.9090437510539732,17.65%,OTUD4;USP25;OTUB1,GO_Biological_Process_2025__Protein K48-linked Deubiquitination (GO:0071108)
GO:0070102,-0.5249814869142262,-1.0685129002607858,0.9105076111793587,10.67%,JAK2;FER,GO_Biological_Process_2025__Interleukin-6-Mediated Signaling Pathway (GO:0070102)
GO:0060632,-0.5427208627125674,-1.0684621284551103,0.9097641121654724,45.82%,FNTA;METAP2;PROC;HDAC6;IGBP1;LAMP1,GO_Biological_Process_2025__Regulation of Microtubule-Based Movement (GO:0060632)
GO:0006886,-0.3005865173907947,-1.0683023748695533,0.9093050390754476,41.90%,RANBP6;TSC2;MTX2;TIMM10;KIF13A;TIMM44;RANBP3;STX16;ARFGAP3;VPS13C;TECPR2;MYO6;SURF4;VPS33B;IPO13;PIK3R4;IFT27;AP4M1;EIF4ENIF1;GGA3;VPS41;XPO7;TIMM29;SCFD2;PDCD6;NDUFA13;VPS26C;MTCH2;XPO1;VPS28;STXBP3;MTX1;IPO5;SNX8;STX12;TOMM40;TNPO3;RAB21;VPS13A;APPL1;SNX27;SAMM50;VIPAS39;COPA;LMAN1;KPNA4;RAB31;STX5;KPNA6;STAM2;AP3B1;STX6;GGA1;ARFIP1;RAB38;STK4;SNX15;STX7;TBC1D13;SNX1;TMED10;PEX19;COPZ1;TOMM22;TIMM22;CLTC;RAB6A;TMED2;VPS37A;APPL2;ATP6AP1;ARHGEF2;STAT3;SEC23IP;KPNB1;C2CD5;IPO9;TMED7;NAPG;VPS37B;PTPN23;TMED4;XPO4;RAB5B;SIL1;SNF8;PHB2;RAB3GAP2;TMED9;SYNRG;STXBP2;TGFB1;TOMM70;TIMM13;HDAC6;STK24;STX4;RABL3;NUP133,GO_Biological_Process_2025__Intracellular Protein Transport (GO:0006886)
GO:1901989,-0.5488381346282127,-1.0679560686328238,0.9094159697195132,1.26%,PAF1,GO_Biological_Process_2025__Positive Regulation of Cell Cycle Phase Transition (GO:1901989)
GO:0031952,-0.5225565247795048,-1.0678367722500162,0.908857074400135,12.92%,PDGFB;MVP,GO_Biological_Process_2025__Regulation of Protein Autophosphorylation (GO:0031952)
GO:0033559,-0.4273136323403621,-1.0668853819326136,0.9109225908152698,26.39%,ACOT8;DECR2;DAGLB;ABHD12;PLA2G4A;ACAA1;GSTM2;MGST3,GO_Biological_Process_2025__Unsaturated Fatty Acid Metabolic Process (GO:0033559)
GO:0070098,-0.4545617657942555,-1.0664954831511104,0.9093735146564088,28.36%,JAK2;MPL;STK39;STAT5A,GO_Biological_Process_2025__Chemokine-Mediated Signaling Pathway (GO:0070098)
GO:0051289,-0.4304787256788721,-1.0659717583816897,0.910013262440475,32.52%,TRPM4;OSBPL2;ITPR1;GOLGA2;SOD2;DNM1;SSBP1;APPL2,GO_Biological_Process_2025__Protein Homotetramerization (GO:0051289)
GO:0055074,-0.383692207471469,-1.0658385503305443,0.909489382682556,11.25%,TPT1;PSEN2;ATP13A1;RMDN3;SLC10A7,GO_Biological_Process_2025__Calcium Ion Homeostasis (GO:0055074)
GO:0071456,-0.3998002507873357,-1.0656907743002393,0.9090565351925914,4.64%,ADO;MTOR;PDK3,GO_Biological_Process_2025__Cellular Response to Hypoxia (GO:0071456)
GO:2000378,-0.5186226925379271,-1.0653603351667276,0.9091988802075498,43.39%,ABCD1;SLC18A2;HDAC6;SIRT2,GO_Biological_Process_2025__Negative Regulation of Reactive Oxygen Species Metabolic Process (GO:2000378)
GO:0043122,0.2303800775323559,1.0651822338149373,0.7451392037298175,0.50%,LGALS9;TMSB4X;DNAJA3;PARP1,GO_Biological_Process_2025__Regulation of Canonical NF-kappaB Signal Transduction (GO:0043122)
GO:1901605,0.3712526157435498,1.0649918342824567,0.7438905588883375,14.42%,ASS1;DDAH2;DDAH1;PM20D1;MTHFD1,GO_Biological_Process_2025__Alpha-Amino Acid Metabolic Process (GO:1901605)
GO:0006515,-0.447388178206035,-1.0638698608437094,0.912802300548423,50.08%,CLPP;TMEM126A;UBR4;LONP1;ZSWIM8;AFG3L2;HDAC6;VCP;CUL3;IRGQ,GO_Biological_Process_2025__Protein Quality Control for Misfolded or Incompletely Synthesized Proteins (GO:0006515)
GO:0090150,-0.3691569171829426,-1.0638034031565686,0.9121105896282254,35.94%,TAOK2;PIKFYVE;NPC1;YIF1B;RABGEF1;RAB11A;BID;GOLGA7;BRAF;RAB3GAP1;SEC63;MICALL1;PEX19;PARD3;VPS37A;VPS37B;RAB10,GO_Biological_Process_2025__Establishment of Protein Localization to Membrane (GO:0090150)
GO:0042770,-0.4335102650988174,-1.0637637965164293,0.9113089567839108,18.93%,PPP2R5C;DTX3L;MYO6;NDRG1;BID,GO_Biological_Process_2025__Signal Transduction in Response to DNA Damage (GO:0042770)
GO:0080090,0.3057815813160609,1.0636486754612688,0.7452040830781307,13.96%,SRSF1;FUS;AHNAK;HNRNPL;SF3B3;CNDP1;ANGPTL8;SNRNP70;HNRNPH3;HNRNPF;APOE,GO_Biological_Process_2025__Regulation of Primary Metabolic Process (GO:0080090)
GO:0045912,-0.4385262812641111,-1.0634942879533975,0.9112251306277068,39.66%,FLCN;GSK3A;FBP1;GIT1;STK4;CLTC;PLEK;PGP;TGFB1,GO_Biological_Process_2025__Negative Regulation of Carbohydrate Metabolic Process (GO:0045912)
GO:0033144,-0.4865141558854463,-1.0633543256478173,0.9107441922401486,31.42%,VPS11;CNOT1;KANK2;STRN3;CNOT9,GO_Biological_Process_2025__Negative Regulation of Intracellular Steroid Hormone Receptor Signaling Pathway (GO:0033144)
GO:1905668,0.4586819301552886,1.0632151840376685,0.7412364877890153,14.54%,EZR;RDX;MSN,GO_Biological_Process_2025__Positive Regulation of Protein Localization to Endosome (GO:1905668)
GO:1902965,0.4586819301552886,1.0632151840376685,0.7412364877890153,14.54%,EZR;RDX;MSN,GO_Biological_Process_2025__Regulation of Protein Localization to Early Endosome (GO:1902965)
GO:1902966,0.4586819301552886,1.0632151840376685,0.7412364877890153,14.54%,EZR;RDX;MSN,GO_Biological_Process_2025__Positive Regulation of Protein Localization to Early Endosome (GO:1902966)
GO:0140042,-0.5735533909928205,-1.0630461671463003,0.9107890045080672,41.30%,BSCL2;CDS2;MOSPD2;RNF213,GO_Biological_Process_2025__Lipid Droplet Formation (GO:0140042)
GO:0010821,-0.4704498481342704,-1.0629719657386685,0.9101084026753716,15.02%,GOLPH3;STAT2;MTCH2,GO_Biological_Process_2025__Regulation of Mitochondrion Organization (GO:0010821)
GO:0043549,-0.5206545075448362,-1.0622048421067314,0.9115044072231344,22.74%,NLRC5;IRS2;PRDX3,GO_Biological_Process_2025__Regulation of Kinase Activity (GO:0043549)
GO:0007599,-0.5657941550623221,-1.0614273697415766,0.9129313812440192,35.50%,NFE2;FLII;P2RY12,GO_Biological_Process_2025__Hemostasis (GO:0007599)
GO:0045010,0.4261410788381742,1.0605974859388947,0.7438254955335739,57.46%,ARPC1B;ARPC2;ARPC1A;ARPC3;ARPC5L;ARPC5;IQGAP2;ACTR3,GO_Biological_Process_2025__Actin Nucleation (GO:0045010)
GO:0034314,0.4261410788381742,1.0605974859388947,0.7438254955335739,57.46%,ARPC1B;ARPC2;ARPC1A;ARPC3;ARPC5L;ARPC5;IQGAP2;ACTR3,GO_Biological_Process_2025__Arp2/3 Complex-Mediated Actin Nucleation (GO:0034314)
GO:0097192,-0.5559053277122702,-1.0605629521720668,0.9146721243527524,29.97%,GSK3A;BCL2L1;BAX,GO_Biological_Process_2025__Extrinsic Apoptotic Signaling Pathway in Absence of Ligand (GO:0097192)
GO:0046578,-0.4268865085682125,-1.0605622713902954,0.913762967933032,21.21%,FLCN;LZTR1;MFN2;FBP1;MAPKAP1;STAMBP;TGFB2,GO_Biological_Process_2025__Regulation of Ras Protein Signal Transduction (GO:0046578)
GO:2001239,-0.5652350794220597,-1.0605154986406808,0.9129846321706612,2.55%,HTRA2,GO_Biological_Process_2025__Regulation of Extrinsic Apoptotic Signaling Pathway in Absence of Ligand (GO:2001239)
GO:0071218,-0.5148380566715703,-1.0603726395873956,0.9124852227463914,21.11%,DERL1;UBR4;UFD1,GO_Biological_Process_2025__Cellular Response to Misfolded Protein (GO:0071218)
GO:0043068,-0.3195120316317126,-1.0603394105706292,0.9116845104704532,29.97%,APAF1;HTRA2;BAK1;DHCR7;FLCN;ATF6;TMC8;F2R;PPID;CIDEB;CCAR2;ATG7;PDCD6;ITPR1;SLC6A4;MTCH2;TMEM164;PTPRA;BID;DDX3X;SAV1;RIPK1;CASP6;FADD;TNFSF10;BCL2L1;UBE2Z;C1QBP;ADAMTSL4;STK4;SLC27A4;ARHGEF7;BAX,GO_Biological_Process_2025__Positive Regulation of Programmed Cell Death (GO:0043068)
GO:0010970,0.345523859161634,1.059902071471899,0.743807006391758,0.58%,BAG3,GO_Biological_Process_2025__Transport Along Microtubule (GO:0010970)
GO:0010803,-0.4079388108450579,-1.0598647000799568,0.9121875066008855,37.84%,TMC8;MAPKAPK2;SHARPIN;SPHK1;IKBKB;CYLD;UBE2K;CPNE1,GO_Biological_Process_2025__Regulation of Tumor Necrosis Factor-Mediated Signaling Pathway (GO:0010803)
GO:0000077,-0.5394946062413296,-1.0595567533481536,0.911274222328126,3.07%,DTX3L,GO_Biological_Process_2025__DNA Damage Checkpoint Signaling (GO:0000077)
GO:0031570,-0.5394946062413296,-1.0595567533481536,0.911274222328126,3.07%,DTX3L,GO_Biological_Process_2025__DNA Integrity Checkpoint Signaling (GO:0031570)
GO:0022603,-0.3466192765623497,-1.0595451668560236,0.9104183995902766,29.60%,ARHGAP35;CAMSAP1;PDZD8;KRIT1;STRIP1;STAT2;FGFR2;MTCH2;CLASP1;NEDD4;CDK5;PKN1;KIF13B;RAP2A;PIK3CG;ARHGEF7,GO_Biological_Process_2025__Regulation of Anatomical Structure Morphogenesis (GO:0022603)
GO:1902410,0.366613756460948,1.0586325678047597,0.7449941153087709,15.99%,CHMP1A;CHMP6;CHMP1B;ZFYVE19;CHMP2A;IST1,GO_Biological_Process_2025__Mitotic Cytokinetic Process (GO:1902410)
GO:0010988,-0.502339041427784,-1.0584157207541378,0.9129269282658596,1.93%,TREM2,GO_Biological_Process_2025__Regulation of Low-Density Lipoprotein Particle Clearance (GO:0010988)
GO:0010875,-0.481774300946671,-1.058395413300914,0.9120869309087046,17.81%,TREM2;CES1,GO_Biological_Process_2025__Positive Regulation of Cholesterol Efflux (GO:0010875)
GO:0030031,-0.5185134846139902,-1.058117789037704,0.9120278336449332,34.92%,MTSS2;NCKAP1L;NCKAP1;PARVB,GO_Biological_Process_2025__Cell Projection Assembly (GO:0030031)
GO:0050771,0.4160302820356433,1.0580399601692674,0.7446905850481812,9.13%,SEMA6D;PTPRS;KIAA0319;DIP2B,GO_Biological_Process_2025__Negative Regulation of Axonogenesis (GO:0050771)
GO:0046463,-0.5593111662033284,-1.057713170054074,0.912405761827044,42.13%,PLA2G15;PLA2G4A;TMEM68;LPGAT1,GO_Biological_Process_2025__Acylglycerol Biosynthetic Process (GO:0046463)
GO:0050765,0.4137498514619332,1.0573004891825433,0.7447815683269754,16.24%,TLR2;RACK1;PLSCR1;PRTN3;SNX3,GO_Biological_Process_2025__Negative Regulation of Phagocytosis (GO:0050765)
GO:1903522,-0.5655238578973516,-1.0570811534807616,0.9134062232286326,24.63%,CAMK2D;TPM1;ECE1,GO_Biological_Process_2025__Regulation of Blood Circulation (GO:1903522)
GO:0043547,-0.3431492176091421,-1.0565177893696815,0.9142273409700974,38.53%,ARHGEF10;EVI5L;RGS6;F2R;RALGAPB;DOCK8;ALS2;REPS1;RASGRP2;DOCK11;MTSS2;RAB3GAP1;SLC27A4;ARAP1;TSC1;ARHGEF7;DOCK10;MMUT;GNB5;ZC3H15;LARS1,GO_Biological_Process_2025__Positive Regulation of GTPase Activity (GO:0043547)
GO:0060340,-0.5636298781116712,-1.056380059987725,0.9137621314157186,15.04%,NLRC5;TRIM56,GO_Biological_Process_2025__Positive Regulation of Type I Interferon-Mediated Signaling Pathway (GO:0060340)
GO:0065002,-0.4834290995895643,-1.0554310020326554,0.91567388324582,1.06%,ZFAND2B,GO_Biological_Process_2025__Intracellular Protein Transmembrane Transport (GO:0065002)
GO:0010212,0.3897475004604633,1.0552948047719897,0.7477192097993571,0.79%,TNKS1BP1,GO_Biological_Process_2025__Response to Ionizing Radiation (GO:0010212)
GO:0007519,-0.4963347111512081,-1.055185811554438,0.9155517443793568,47.22%,PPP3CB;LEMD2;SVIL;MYL6;MYL6B;PPP3CA;MYH14,GO_Biological_Process_2025__Skeletal Muscle Tissue Development (GO:0007519)
GO:0019319,0.3418529278556527,1.0551771354089563,0.7463377254568145,0.29%,ENO3,GO_Biological_Process_2025__Hexose Biosynthetic Process (GO:0019319)
GO:0042110,0.277600079835221,1.054662024405683,0.7458540126897487,14.54%,ICOSLG;LFNG;CD276;LCK;FKBP1A;CD247;KIT;CLSTN1;EBI3;MSN,GO_Biological_Process_2025__T Cell Activation (GO:0042110)
GO:1901185,-0.4647940212106064,-1.0545117644136075,0.9166951403398412,49.79%,CBL;MVP;DUSP3;MMAB;TSG101;PTPN12;ITGA1,GO_Biological_Process_2025__Negative Regulation of ERBB Signaling Pathway (GO:1901185)
GO:0051443,-0.5591618940696386,-1.0542788847860345,0.9164812290785028,1.12%,PTEN,GO_Biological_Process_2025__Positive Regulation of Ubiquitin-Protein Transferase Activity (GO:0051443)
GO:0006851,-0.4475793953747039,-1.0538366360808245,0.916888585176724,25.72%,MCUR1;ITPR1;MAIP1;MICU2;MCU;MICU1,GO_Biological_Process_2025__Mitochondrial Calcium Ion Transmembrane Transport (GO:0006851)
GO:0006177,-0.5381557868164542,-1.0536913695739414,0.9155404303649975,25.04%,GMPS;GART;PFAS,GO_Biological_Process_2025__GMP Biosynthetic Process (GO:0006177)
GO:0046470,-0.3909746965849696,-1.0534024804382354,0.9155491695607016,20.26%,PLA2G15;LPCAT1;PCYT1B;MBOAT7;ABHD4;PLA2G4A,GO_Biological_Process_2025__Phosphatidylcholine Metabolic Process (GO:0046470)
GO:1900015,-0.3940714034221462,-1.0530728579583866,0.9156393123932528,33.95%,TREM2;JAK2;MYD88;APPL1;CHID1;IKBKB;APPL2;CARD9;MAPK14;STAT3,GO_Biological_Process_2025__Regulation of Cytokine Production Involved in Inflammatory Response (GO:1900015)
GO:0043029,-0.5125377109854273,-1.0528330679126108,0.915496222879262,37.32%,JAK3;NCKAP1L;FADD;PPP2R1A;FASN,GO_Biological_Process_2025__T Cell Homeostasis (GO:0043029)
GO:0045669,0.3733388704318935,1.052403830070448,0.7496679250418361,62.76%,BMP7;FERMT2;SUCO;LRP5;IL6ST;DDR2;PRMT3;NPNT;SOS1;IGF1;PPP3CA;IL6R,GO_Biological_Process_2025__Positive Regulation of Osteoblast Differentiation (GO:0045669)
GO:0032413,-0.4677041597929186,-1.0518645086763276,0.9175420180153036,20.59%,CAB39;CAMK2D;NEDD4;STK39,GO_Biological_Process_2025__Negative Regulation of Ion Transmembrane Transporter Activity (GO:0032413)
GO:0060765,0.4674505926291294,1.0518489053811313,0.7476812507924615,1.59%,DDX5,GO_Biological_Process_2025__Regulation of Androgen Receptor Signaling Pathway (GO:0060765)
GO:0060155,-0.4052816466849605,-1.0516563137117856,0.9164300862989634,50.41%,HPS1;F2R;AP1G1;F2RL3;SLC35D3;AP3B1;AP3M1;AP1B1;AP1S1;BLOC1S1;DTNBP1;AP1S2;BLOC1S2;AP3S1,GO_Biological_Process_2025__Platelet Dense Granule Organization (GO:0060155)
GO:0048662,-0.4421391703643554,-1.0509553317031457,0.9176542156592772,17.71%,PTEN;CNN1;MFN2;TPM1,GO_Biological_Process_2025__Negative Regulation of Smooth Muscle Cell Proliferation (GO:0048662)
GO:1901021,-0.5081217970699056,-1.0502146833499095,0.9190087656438796,30.57%,SLC6A4;GSTM2;VMP1;SLC9A1,GO_Biological_Process_2025__Positive Regulation of Calcium Ion Transmembrane Transporter Activity (GO:1901021)
GO:0032481,-0.3768201871446957,-1.049745543182613,0.9195801690999248,20.61%,CHUK;ISG15;RAB2B;MYD88;IRAK1;TRIM56;TBK1;DDX3X,GO_Biological_Process_2025__Positive Regulation of Type I Interferon Production (GO:0032481)
GO:1903557,0.2762219172090967,1.0497446343766883,0.7491059046566104,2.09%,LGALS9;DHX9,GO_Biological_Process_2025__Positive Regulation of Tumor Necrosis Factor Superfamily Cytokine Production (GO:1903557)
GO:0032760,0.2762219172090967,1.0497446343766883,0.7491059046566104,2.09%,LGALS9;DHX9,GO_Biological_Process_2025__Positive Regulation of Tumor Necrosis Factor Production (GO:0032760)
GO:0034612,-0.3676273980208621,-1.049456913985075,0.9195241087435118,14.21%,INPP5K;CHUK;JAK2;YTHDC2;SPHK1,GO_Biological_Process_2025__Response to Tumor Necrosis Factor (GO:0034612)
GO:0051127,-0.5139854095569742,-1.0492274133138182,0.91936567788501,33.60%,WASF1;BRK1;NCKAP1;CYFIP1,GO_Biological_Process_2025__Positive Regulation of Actin Nucleation (GO:0051127)
GO:0061763,0.4628885177455061,1.0492189931218048,0.7470499181350478,15.18%,CHMP6;CHMP1B;CHMP2A,GO_Biological_Process_2025__Multivesicular Body-Lysosome Fusion (GO:0061763)
GO:0051469,0.4628885177455061,1.0492189931218048,0.7470499181350478,15.18%,CHMP6;CHMP1B;CHMP2A,GO_Biological_Process_2025__Vesicle Fusion With Vacuole (GO:0051469)
GO:0120032,-0.3694925238456557,-1.048923184867937,0.9194612373015488,18.83%,ATG5;TBC1D22A;FER;TBC1D1;TBC1D5;TWF1;RAB11A;TBC1D9B,GO_Biological_Process_2025__Regulation of Plasma Membrane Bounded Cell Projection Assembly (GO:0120032)
GO:0071359,0.4121186968250673,1.0488904004674982,0.7462192148938271,58.86%,DHX9;NPM1;RALB;COLEC12;STING1;MAVS;RIOK3;PDE12;FLOT1,GO_Biological_Process_2025__Cellular Response to dsRNA (GO:0071359)
GO:0031663,-0.4590014365920288,-1.0487130499911903,0.9191873138420166,19.22%,JAK2;IRAK3;IRAK1;LBP;TRAF6,GO_Biological_Process_2025__Lipopolysaccharide-Mediated Signaling Pathway (GO:0031663)
GO:0032355,0.4178143533531129,1.0479002214395057,0.747020620484732,0.62%,RAMP3,GO_Biological_Process_2025__Response to Estradiol (GO:0032355)
GO:0039535,-0.557022318131498,-1.0474336664811692,0.9221991408791942,26.28%,UFD1;NPLOC4;C1QBP,GO_Biological_Process_2025__Regulation of RIG-I Signaling Pathway (GO:0039535)
GO:0006359,-0.556370559070496,-1.0471172614686095,0.9222691150763448,18.37%,MTOR;PRDX5;RPTOR,GO_Biological_Process_2025__Regulation of Transcription by RNA Polymerase III (GO:0006359)
GO:0001778,0.3633293408969842,1.0470517153940873,0.747436250221985,15.18%,CHMP1A;CHMP6;CHMP1B;ARL8B;SMPD1;CHMP2A,GO_Biological_Process_2025__Plasma Membrane Repair (GO:0001778)
GO:0032273,0.3039492763107713,1.0467447401605938,0.7466124999477913,5.41%,NUMA1;EVL;BAIAP2;BIN1;RPS3,GO_Biological_Process_2025__Positive Regulation of Protein Polymerization (GO:0032273)
GO:0090276,-0.4254098294719261,-1.0467382498815194,0.9215881414274048,20.59%,UQCC2;GCG;PPP3CB;STK39,GO_Biological_Process_2025__Regulation of Peptide Hormone Secretion (GO:0090276)
GO:0021782,-0.4785849290134462,-1.0464535630461722,0.9215413955333556,16.86%,EIF2B3;EIF2B5;EIF2B1;S100A9,GO_Biological_Process_2025__Glial Cell Development (GO:0021782)
GO:0045444,-0.4262618414572108,-1.0462713010856446,0.9211842591913146,32.39%,FAM120B;OSBPL8;CTBP1;BSCL2;AKT2;PSMB8,GO_Biological_Process_2025__Fat Cell Differentiation (GO:0045444)
GO:0048678,-0.523256089662538,-1.0460737702009193,0.9208430907380676,1.93%,TREM2,GO_Biological_Process_2025__Response to Axon Injury (GO:0048678)
GO:0016601,-0.4596449824931575,-1.045965618705026,0.9203220321338385,33.60%,WASF1;BRK1;ELMO1;DOCK7;NCKAP1;CYFIP1,GO_Biological_Process_2025__Rac Protein Signal Transduction (GO:0016601)
GO:0030949,0.476980506014102,1.0459414896804382,0.7468243247031366,52.36%,MIA3;PRKD2;VTN;ITGA5;ITGB3;PRKCB,GO_Biological_Process_2025__Positive Regulation of Vascular Endothelial Growth Factor Receptor Signaling Pathway (GO:0030949)
GO:0048259,-0.3859960136267287,-1.0457421165334142,0.920098996150454,10.00%,CBL;SERPINE1;PIK3CB;TNK2,GO_Biological_Process_2025__Regulation of Receptor-Mediated Endocytosis (GO:0048259)
GO:0007031,-0.4469776618812791,-1.045502939782673,0.9199149356150356,37.43%,ACOT8;ABCD3;MFF;ACOX1;PEX11B;DNM1L;PEX19;LONP2;PEX14,GO_Biological_Process_2025__Peroxisome Organization (GO:0007031)
GO:1902175,-0.4329304967189771,-1.0451739277719618,0.9199900695790092,11.08%,TREM2;HTRA2;BAG5,GO_Biological_Process_2025__Regulation of Oxidative Stress-Induced Intrinsic Apoptotic Signaling Pathway (GO:1902175)
GO:0051492,-0.3474697435368862,-1.044814669467064,0.9201482767843284,1.55%,INPP5K;ARHGEF18;ARHGEF10,GO_Biological_Process_2025__Regulation of Stress Fiber Assembly (GO:0051492)
GO:0008334,-0.564747619175552,-1.044496872779229,0.9193322332478954,3.60%,TUT7;XRN1,GO_Biological_Process_2025__Histone mRNA Metabolic Process (GO:0008334)
GO:0071044,-0.564747619175552,-1.044496872779229,0.9193322332478954,3.60%,TUT7;XRN1,GO_Biological_Process_2025__Histone mRNA Catabolic Process (GO:0071044)
GO:0050819,-0.4561898754100258,-1.0444342566908338,0.9186563604949246,31.92%,SERPINE1;THBD;TFPI;APOH;PROC,GO_Biological_Process_2025__Negative Regulation of Coagulation (GO:0050819)
GO:0006402,-0.4117150984535929,-1.044408938277479,0.9178614307363938,13.92%,TUT7;XRN1;NUDT16L1;NBAS;DIS3L2;ERN1,GO_Biological_Process_2025__mRNA Catabolic Process (GO:0006402)
GO:0032928,0.3969703257937332,1.0442441203074655,0.7473750294457878,60.38%,SOD1;ITGB2;TYROBP;SYK;CSRP1;ITGAM;APP;PRKCD;TGFB1,GO_Biological_Process_2025__Regulation of Superoxide Anion Generation (GO:0032928)
GO:0032930,0.3969703257937332,1.0442441203074655,0.7473750294457878,60.38%,SOD1;ITGB2;TYROBP;SYK;CSRP1;ITGAM;APP;PRKCD;TGFB1,GO_Biological_Process_2025__Positive Regulation of Superoxide Anion Generation (GO:0032930)
GO:0002862,-0.4297254251486327,-1.0441473123979088,0.917728802543069,37.95%,TREM2;YES1;FYN;MAPK14;FGR;GNAS;LYN,GO_Biological_Process_2025__Negative Regulation of Inflammatory Response to Antigenic Stimulus (GO:0002862)
GO:0061025,-0.4066467039165199,-1.0440912478866493,0.9170341253980944,35.36%,VPS33B;RABEP1;HUWE1;VTI1B;GCA;SNAP29;NAPG,GO_Biological_Process_2025__Membrane Fusion (GO:0061025)
GO:0007169,-0.3015728803671137,-1.043899635375721,0.91676208880779,36.02%,PDK2;PDGFB;TSC2;GIGYF2;GSK3A;JAK2;IRS1;PIK3CB;FER;MAPKAPK2;PIK3R1;KALRN;NCK1;MVP;FGFR2;PTK2;ANKS1A;MAPKAPK3;YES1;IDE;IRS2;PLCB1;APPL1;SHC1;PIK3C2A;PKN1;VAV1;FGFR4;AKT2;CASP3;PIK3CA;MTSS1;FYN;ARHGEF7;ANGPT1;PROC;DOK3;MAPK14;STAT3;C2CD5;IGF1R;PDGFD;FGR;SORT1,GO_Biological_Process_2025__Cell Surface Receptor Protein Tyrosine Kinase Signaling Pathway (GO:0007169)
GO:0017015,-0.3607771522295556,-1.0438353375676122,0.9160829590731908,4.58%,FAM89B;RBBP4;OGT;FLCN,GO_Biological_Process_2025__Regulation of Transforming Growth Factor Beta Receptor Signaling Pathway (GO:0017015)
GO:0045732,-0.3394964059048111,-1.0435840327886738,0.9159427520792917,23.99%,TREM2;VPS11;GSK3A;CUL4A;ATG7;NDUFA13;VPS28;NEDD4;IDE;CSNK2A2;AXIN1;NRDC;STX5,GO_Biological_Process_2025__Positive Regulation of Protein Catabolic Process (GO:0045732)
GO:0032967,-0.5174636779352589,-1.0432488189805669,0.9160642852359956,8.97%,F2R;PRDX5,GO_Biological_Process_2025__Positive Regulation of Collagen Biosynthetic Process (GO:0032967)
GO:0010569,0.3545700720339244,1.0429055048863791,0.7488485399609651,2.73%,PARP1;FUS,GO_Biological_Process_2025__Regulation of Double-Strand Break Repair via Homologous Recombination (GO:0010569)
GO:0003254,-0.5541116187270199,-1.04219390631002,0.918307301446484,22.93%,CAMK2D;GPD1L,GO_Biological_Process_2025__Regulation of Membrane Depolarization (GO:0003254)
GO:0010648,-0.5189179825290251,-1.042053544343832,0.91784602338619,36.91%,INPP5D;MPIG6B;PTPN1;CCM2,GO_Biological_Process_2025__Negative Regulation of Cell Communication (GO:0010648)
GO:0045923,-0.5268140711253296,-1.041943199253666,0.9173140208277786,1.66%,MLYCD,GO_Biological_Process_2025__Positive Regulation of Fatty Acid Metabolic Process (GO:0045923)
GO:0007200,0.3231743823280721,1.0408382297151384,0.7518983293543114,0.06%,ACTN2,GO_Biological_Process_2025__Phospholipase C-activating G Protein-Coupled Receptor Signaling Pathway (GO:0007200)
GO:0060236,0.3241970296041151,1.039848823473971,0.7525233265869398,11.10%,NUMA1;TPR;CHMP1A;CHMP6;CHMP1B;HNRNPU,GO_Biological_Process_2025__Regulation of Mitotic Spindle Organization (GO:0060236)
GO:0031398,-0.376992924039263,-1.0397253968948792,0.9228776625117464,23.09%,GSK3A;PEF1;DERL1;HSPBP1;MYCBP2;PDCD6;SPHK1;HUWE1;TRAF6;AXIN1;UBE3A;UBE2L3,GO_Biological_Process_2025__Positive Regulation of Protein Ubiquitination (GO:0031398)
GO:0006486,-0.3238727936829499,-1.0391692581677692,0.9235523083365658,26.53%,OGT;POFUT1;DOLPP1;FUT8;ALG11;NPC1;ST3GAL4;ALG5;STT3B;MOGS;GOLGA2;PLOD1;TMEM59;ALG2;DPM1;OGA;MGAT4B;PLOD2;STT3A;RPN2;ALG3;KRTCAP2;ARFGEF1,GO_Biological_Process_2025__Protein Glycosylation (GO:0006486)
GO:0010470,0.4853825419863155,1.0386666061454677,0.7504976607680651,51.51%,RACK1;DAG1;POGLUT1;CLASP2;PHLDB1,GO_Biological_Process_2025__Regulation of Gastrulation (GO:0010470)
GO:1901739,-0.4968737065115893,-1.0383132091396852,0.9251846180066884,41.65%,RIPOR2;MAPK14;FLOT1;SCGB3A1;EHD2;PLEKHO1,GO_Biological_Process_2025__Regulation of Myoblast Fusion (GO:1901739)
GO:0008544,0.3342277760038226,1.0382181955032643,0.7499968382654353,2.88%,CRABP2;YBX1,GO_Biological_Process_2025__Epidermis Development (GO:0008544)
GO:0000281,-0.3767715752225758,-1.037950420597562,0.9245147626246134,51.37%,EXOC6B;EXOC5;EXOC1;STAMBP;EXOC2;EXOC6;PROC;SPAST;EXOC3;EXOC7;EXOC8;SPTBN1;EXOC4;ROCK1;MYH14;SNX9;ARL3;ROCK2;SNX18,GO_Biological_Process_2025__Mitotic Cytokinesis (GO:0000281)
GO:0070269,-0.4507256381101493,-1.0369812581490994,0.9265010594441344,27.65%,TREM2;GSDMA;TRIM21;CASP6;DPP9;CASP3,GO_Biological_Process_2025__Pyroptotic Inflammatory Response (GO:0070269)
GO:0002011,-0.557413877150193,-1.036463637343627,0.9271586294747692,11.31%,LIN7C;PHACTR4,GO_Biological_Process_2025__Morphogenesis of an Epithelial Sheet (GO:0002011)
GO:0003073,-0.5505527378714311,-1.0360194260417792,0.9276035532365272,19.78%,GSK3A;PLCB3,GO_Biological_Process_2025__Regulation of Systemic Arterial Blood Pressure (GO:0003073)
GO:0032651,0.3088944956523943,1.035798400643433,0.7535880010099903,0.04%,LGALS9,GO_Biological_Process_2025__Regulation of Interleukin-1 Beta Production (GO:0032651)
GO:0035627,-0.5324299836544679,-1.0357804563151942,0.9274604347436494,41.43%,GLTPD2;CERT1;GLTP;OSBP;VAPA,GO_Biological_Process_2025__Ceramide Transport (GO:0035627)
GO:0046425,-0.4183765247096062,-1.0351745768242606,0.9283420575600212,32.25%,JAK2;F2R;EGF;JAK3;STK4;CRLF3,GO_Biological_Process_2025__Regulation of Receptor Signaling Pathway via JAK-STAT (GO:0046425)
GO:0032740,-0.4547750602088686,-1.035064973962342,0.9277794868541842,22.80%,JAK2;MYD88;SPHK1;IL18,GO_Biological_Process_2025__Positive Regulation of Interleukin-17 Production (GO:0032740)
GO:0034114,0.3685631229235879,1.0347419521898116,0.754439301600981,63.24%,BMP7;LCK;FGG;PRG2;FGA;APOA1;FGB;WNK1;MYADM;FLOT1;CD44;FLOT2,GO_Biological_Process_2025__Regulation of Heterotypic Cell-Cell Adhesion (GO:0034114)
GO:0032649,0.2696040704451488,1.0335656978515748,0.7538344833748795,6.75%,LGALS9;HLA-DRB3;CD276;CR1,GO_Biological_Process_2025__Regulation of Type II Interferon Production (GO:0032649)
GO:0006002,-0.5492432096205682,-1.0323820239611416,0.9339782064068284,45.15%,PFKL;PFKP;GFPT1;HOOK3;PFKM,GO_Biological_Process_2025__Fructose 6-Phosphate Metabolic Process (GO:0006002)
GO:1901673,0.3642557830382109,1.0322567250036152,0.7552519043511351,11.10%,TPR;CHMP1A;CHMP6;CHMP1B;HNRNPU,GO_Biological_Process_2025__Regulation of Mitotic Spindle Assembly (GO:1901673)
GO:0006289,0.4541683948569058,1.0319963208229748,0.7541938307057288,54.64%,RAD23A;RAD23B;RPA3;SLC30A9;USP7;DDB1,GO_Biological_Process_2025__Nucleotide-Excision Repair (GO:0006289)
GO:1900745,-0.5054894649462927,-1.0319620920409287,0.9343523814013122,20.59%,PRMT1;SPHK1;STK39,GO_Biological_Process_2025__Positive Regulation of p38MAPK Cascade (GO:1900745)
GO:0043085,0.3467582231274126,1.031534388268666,0.7536586916762195,11.10%,CHTOP;ATP7A;PLSCR1;HNRNPU,GO_Biological_Process_2025__Positive Regulation of Catalytic Activity (GO:0043085)
GO:0070374,0.242120417654954,1.031363348556943,0.7524533699027198,3.11%,LGALS9;RAMP3;FGFR3,GO_Biological_Process_2025__Positive Regulation of ERK1 and ERK2 Cascade (GO:0070374)
GO:0018149,-0.467591189583041,-1.031025723163557,0.9361953089077364,2.69%,TGM3,GO_Biological_Process_2025__Peptide Cross-Linking (GO:0018149)
GO:0007259,-0.4098324896441923,-1.030712998369382,0.9362889662510762,17.69%,STAT6;JAK2;STAT5B;STAT2;FER;STAMBP;JAK3,GO_Biological_Process_2025__Cell Surface Receptor Signaling Pathway via JAK-STAT (GO:0007259)
GO:0045725,-0.4913012512009801,-1.030684296319208,0.9355107663069848,26.55%,IRS1;IRS2;AKT2,GO_Biological_Process_2025__Positive Regulation of Glycogen Biosynthetic Process (GO:0045725)
GO:0050890,-0.5141052219831606,-1.0306494195216778,0.9347305295839672,42.75%,ST3GAL4;CHMP2B;CYFIP1;GNAS;MAGT1,GO_Biological_Process_2025__Cognition (GO:0050890)
GO:0072359,-0.3522819731300824,-1.0302806829247786,0.9349859231662156,7.33%,PTEN;PDGFB;TSC2;ZFPM1,GO_Biological_Process_2025__Circulatory System Development (GO:0072359)
GO:0002449,0.3953435280890873,1.0299826280239066,0.7539441560037813,6.75%,JAG1;CR1,GO_Biological_Process_2025__Lymphocyte Mediated Immunity (GO:0002449)
GO:0046496,0.3102125584629056,1.0299476586155756,0.7524781723243295,1.80%,ENO3;TP53I3,GO_Biological_Process_2025__Nicotinamide Nucleotide Metabolic Process (GO:0046496)
GO:0021954,-0.5021993951002895,-1.0299329246692877,0.9350786162227728,25.39%,PTEN;GBA2;METAP2,GO_Biological_Process_2025__Central Nervous System Neuron Development (GO:0021954)
GO:0048562,0.4194192669951945,1.029783194542994,0.7513330222439414,17.50%,MFAP5;PDGFRA;MEGF8;FBN1;RBP4,GO_Biological_Process_2025__Embryonic Organ Morphogenesis (GO:0048562)
GO:0071357,-0.4339564072421586,-1.0293040885600886,0.9351500522623408,19.35%,STAT2;MYD88;IRAK1;TBK1,GO_Biological_Process_2025__Cellular Response to Type I Interferon (GO:0071357)
GO:0060337,-0.4339564072421586,-1.0293040885600886,0.9351500522623408,19.35%,STAT2;MYD88;IRAK1;TBK1,GO_Biological_Process_2025__Type I Interferon-Mediated Signaling Pathway (GO:0060337)
GO:0032435,-0.3967756154044008,-1.029203958002883,0.934575317008707,25.66%,OGT;CAMLG;CCAR2;METAP1;CSNK2A2;CSNK2B;N4BP1,GO_Biological_Process_2025__Negative Regulation of Proteasomal Ubiquitin-Dependent Protein Catabolic Process (GO:0032435)
GO:0070665,-0.4999492508165738,-1.0285602833167908,0.935544489240418,14.02%,JAK2;PTK2,GO_Biological_Process_2025__Positive Regulation of Leukocyte Proliferation (GO:0070665)
GO:0010968,-0.5465269222241274,-1.0282714451460115,0.9355188004953212,38.01%,GIT1;PKN1;CKAP5;DCTN1,GO_Biological_Process_2025__Regulation of Microtubule Nucleation (GO:0010968)
GO:0072663,0.4591693782106496,1.0281868758619834,0.753376028878107,6.34%,PEX16;RAB8B,GO_Biological_Process_2025__Establishment of Protein Localization to Peroxisome (GO:0072663)
GO:0048568,-0.4054049672069811,-1.0277882197245325,0.9360634395478784,21.25%,PDGFB;ZFPM1;FGFR2;PCSK5;TBC1D23;TGFB2;RPL15,GO_Biological_Process_2025__Embryonic Organ Development (GO:0048568)
GO:0030007,-0.5507857535233709,-1.0277793963418524,0.9352374203373922,23.61%,SLC12A2;ATP1B3,GO_Biological_Process_2025__Intracellular Potassium Ion Homeostasis (GO:0030007)
GO:1902751,-0.5566238119332808,-1.0276679007487772,0.9346859071329204,32.95%,RRM2B;RAB11A;VPS4B,GO_Biological_Process_2025__Positive Regulation of Cell Cycle G2/M Phase Transition (GO:1902751)
GO:0031334,-0.341249397657295,-1.0273687456178586,0.9346972348668646,31.59%,ISG15;BAK1;ZDHHC5;MYD88;MPP7;PIEZO1;BID;BRK1;DDX3X;SH3GLB1;NEK7;PLCG2;BAX;PLEK;EIF4G1,GO_Biological_Process_2025__Positive Regulation of Protein-Containing Complex Assembly (GO:0031334)
GO:0008284,-0.2921353629364833,-1.027290916239405,0.934069861332081,16.86%,NME2;NCCRP1;SRPK2;PTEN;PDGFB;CEP131;NACC1;GRK5;PRMT1;TRPM4;JAK2;IRS1;F2R;TBRG4;FER;PIK3R1;FXN;EGF;FGFR2;PTK2;SPHK1;STAMBP;LONP1;S100A9,GO_Biological_Process_2025__Positive Regulation of Cell Population Proliferation (GO:0008284)
GO:0046503,-0.5026307291931272,-1.0267798050928465,0.9347060872286908,40.82%,PNPLA6;PRDX5;PLA2G4A;GPCPD1;MGLL,GO_Biological_Process_2025__Glycerolipid Catabolic Process (GO:0046503)
GO:0061045,-0.3892312257631916,-1.026678252927266,0.9341656541892368,24.07%,PTEN;SERPINE1;THBD;SLC12A2;CLASP1;TFPI;APOH,GO_Biological_Process_2025__Negative Regulation of Wound Healing (GO:0061045)
GO:0007173,-0.3785917583113428,-1.0265225366477029,0.9337667953653594,50.99%,VIL1;EGF;REPS2;PTK2;SHC1;BRAF;PIK3C2A;PIK3CA;ERBIN;PIGR;PDPK1;HDAC6;AKT1;PTPN11;SOS1;SRC,GO_Biological_Process_2025__Epidermal Growth Factor Receptor Signaling Pathway (GO:0007173)
GO:0008064,-0.4471593168415511,-1.024844512340478,0.9368586232512848,20.07%,ARHGAP35;GBA2;BRK1,GO_Biological_Process_2025__Regulation of Actin Polymerization or Depolymerization (GO:0008064)
GO:0022011,-0.5190871888494096,-1.0246424562297023,0.936574669774316,1.55%,ARHGEF10,GO_Biological_Process_2025__Myelination in Peripheral Nervous System (GO:0022011)
GO:1903008,-0.3690619536037164,-1.0244536298464617,0.9362673170260778,26.97%,UFSP2;TRIP4;ASCC3;GOLGA2;MTIF2;TRIM21;STX5;MCTS1;FAF2;PRKAA1,GO_Biological_Process_2025__Organelle Disassembly (GO:1903008)
GO:0030866,-0.4495035513613098,-1.0243834451347391,0.9356328358004654,50.58%,STRIP1;DLG1;NCKAP1L;NCKAP1;PLEK;FHOD1;LLGL1;ROCK1;ROCK2,GO_Biological_Process_2025__Cortical Actin Cytoskeleton Organization (GO:0030866)
GO:0038127,-0.3673958177413493,-1.024189709151246,0.935344799629798,41.03%,VIL1;MVP;EGF;REPS2;PTK2;CUL5;SHC1;BRAF;PIK3C2A;PIK3CA;ERBIN;PIGR;PDPK1;HDAC6,GO_Biological_Process_2025__ERBB Signaling Pathway (GO:0038127)
GO:0042742,-0.3152017857604003,-1.023977797494818,0.9350683591849144,23.38%,TREM2;ISG15;SERPINE1;LYST;GSDMA;MYD88;PGLYRP1;OPTN;FCER2;LBP;S100A12;SHARPIN;MAP3K7;DEFA4;RNF31;S100A9;STAB2;SHC1;NAGK;S100A8;IL18;MARCHF2,GO_Biological_Process_2025__Defense Response to Bacterium (GO:0042742)
GO:0070167,0.3969703257937332,1.0237295559513306,0.7620092922087196,60.38%,BMP2K;NOTUM;NOTCH1;ECM1;GAS6;DDR2;ROCK2;ROCK1;TGFB1,GO_Biological_Process_2025__Regulation of Biomineral Tissue Development (GO:0070167)
GO:0070507,-0.4155117509657612,-1.0234392337344185,0.9358545076421306,52.26%,GSK3A;BICD2;CLASP1;PRKAA1;GAS2L1;CYLD;ROCK1;SNCA;PHLDB1;MAPRE2;GSK3B;TAOK1,GO_Biological_Process_2025__Regulation of Microtubule Cytoskeleton Organization (GO:0070507)
GO:1903829,-0.3372854748644717,-1.0232186992748418,0.9355993628169732,31.92%,TREM2;DTX3L;PTP4A3;METAP1;PPP3CB;TM9SF4;TRAPPC12;CCDC88A;GPD1L;PARP9;LAMTOR1;PRKAA1;PIK3CA;FYN;LAMTOR5;CDK5RAP3;EIF4G1;PROC,GO_Biological_Process_2025__Positive Regulation of Protein Localization (GO:1903829)
GO:0032757,0.2944312991241819,1.0231711383024715,0.7617240383498832,0.04%,LGALS9,GO_Biological_Process_2025__Positive Regulation of Interleukin-8 Production (GO:0032757)
GO:0045663,0.4544415072163673,1.0225276801461431,0.7615853900231165,3.81%,LRRC8A;SMARCD2,GO_Biological_Process_2025__Positive Regulation of Myoblast Differentiation (GO:0045663)
GO:0045814,0.3541338617136312,1.0218695010493497,0.7599583178011431,5.01%,H1-0;CBX1;CBX3,"GO_Biological_Process_2025__Negative Regulation of Gene Expression, Epigenetic (GO:0045814)"
GO:1903232,-0.4213047665006747,-1.021581731921709,0.9394290426699672,34.90%,HPS1;AP1G1;AP3B1;AP3M1;RAB38;AP1B1;AP1S1,GO_Biological_Process_2025__Melanosome Assembly (GO:1903232)
GO:0032677,0.2776313848317314,1.0214230446320274,0.7593594217326026,0.04%,LGALS9,GO_Biological_Process_2025__Regulation of Interleukin-8 Production (GO:0032677)
GO:0072091,-0.5143380591047423,-1.0213638799720093,0.9392347842182344,1.20%,EIF2AK2,GO_Biological_Process_2025__Regulation of Stem Cell Proliferation (GO:0072091)
GO:0000338,-0.463996679809089,-1.0213576676884326,0.9384066024707144,53.71%,COPS7B;COPS3;TOR1A;COPS7A;COPS5;COPS4;COPS8;GPS1;COPS6,GO_Biological_Process_2025__Protein Deneddylation (GO:0000338)
GO:0034446,0.3245214434290839,1.0207451239985392,0.7594300240640146,7.13%,LAMA5;ITGA4;FERMT2,GO_Biological_Process_2025__Substrate Adhesion-Dependent Cell Spreading (GO:0034446)
GO:0089718,0.4944706054853499,1.0206380679774398,0.7581947299774408,14.48%,SLC7A5;SLC7A1;SLC1A5,GO_Biological_Process_2025__Amino Acid Import Across Plasma Membrane (GO:0089718)
GO:0045050,-0.4876306265938097,-1.0198747614702914,0.940952171728706,15.76%,EMC7;EMC3,GO_Biological_Process_2025__Protein Insertion Into ER Membrane by Stop-Transfer Membrane-Anchor Sequence (GO:0045050)
GO:0010507,-0.3669238168172507,-1.0193938754488616,0.9414887463572325,33.95%,TREM2;MTOR;DNPEP;MTMR9;GOLGA2;RPTOR;EIF4G2;BCL2L1;PIK3CA;TSC1;TAB2;EIF4G1;STAT3,GO_Biological_Process_2025__Negative Regulation of Autophagy (GO:0010507)
GO:0032642,0.3422014898570386,1.0191769338621908,0.7599850977233281,0.04%,LGALS9,GO_Biological_Process_2025__Regulation of Chemokine Production (GO:0032642)
GO:0007042,-0.4285956927815774,-1.0184935168758824,0.9423327707018412,28.13%,CLN6;LAMP2;ATP6V1F;ATP6AP2;ATP6V0C;ATP6V0A1;ATP6V1H;ATP6V1D,GO_Biological_Process_2025__Lysosomal Lumen Acidification (GO:0007042)
GO:0006465,-0.4916155438806496,-1.018382457682076,0.9418225408464184,23.34%,PCSK5;SEC11A;SPCS2,GO_Biological_Process_2025__Signal Peptide Processing (GO:0006465)
GO:0034453,-0.522146528880894,-1.0176391042219994,0.9430793918905952,15.82%,BICD2;CLASP1,GO_Biological_Process_2025__Microtubule Anchoring (GO:0034453)
GO:0006869,-0.3434354144058354,-1.0176328077982972,0.9422520181783386,16.09%,ABCC3;MFSD2B;GLTPD2;CERT1;ACSL1;SLC27A3;OSBPL2;NPC1;ABCC4;LBP;ABCD3;OSBPL8,GO_Biological_Process_2025__Lipid Transport (GO:0006869)
GO:1905907,-0.4629473040600397,-1.0174966532242795,0.9409496263760648,13.61%,TREM2;PFDN2,GO_Biological_Process_2025__Negative Regulation of Amyloid Fibril Formation (GO:1905907)
GO:0098815,-0.436521189920063,-1.017328301364635,0.9405654975547916,1.12%,PTEN,GO_Biological_Process_2025__Modulation of Excitatory Postsynaptic Potential (GO:0098815)
GO:0030111,-0.3685087600839705,-1.017211963610467,0.9400537068743168,24.71%,TSC2;KREMEN1;FGFR2;CCNY;CSNK2A2;MACF1;ATP6AP2;RECK;ATP6V0C,GO_Biological_Process_2025__Regulation of Wnt Signaling Pathway (GO:0030111)
GO:0002839,0.4811096196401317,1.0172067769832702,0.7613994879103367,2.71%,HLA-DRB3,GO_Biological_Process_2025__Positive Regulation of Immune Response to Tumor Cell (GO:0002839)
GO:1904996,-0.4811829985912392,-1.0169801249107822,0.9398344972101512,19.22%,IRAK1;ST3GAL4;TRAF6,GO_Biological_Process_2025__Positive Regulation of Leukocyte Adhesion to Vascular Endothelial Cell (GO:1904996)
GO:0050982,0.3896705594256135,1.0169679117418593,0.76044878679988,1.14%,PKD1,GO_Biological_Process_2025__Detection of Mechanical Stimulus (GO:0050982)
GO:0061028,0.3178658184135556,1.016965761950391,0.7589617946572526,10.00%,EZR;PDE2A;RDX;TJP1,GO_Biological_Process_2025__Establishment of Endothelial Barrier (GO:0061028)
GO:0071474,0.4490830081060538,1.0168538676560492,0.7577512843135471,6.67%,EPX;YBX3,GO_Biological_Process_2025__Cellular Hyperosmotic Response (GO:0071474)
GO:0030968,-0.4051628475587427,-1.0168516673771322,0.939330131982478,13.92%,ATF6;DERL1;ERMP1;ERN1,GO_Biological_Process_2025__Endoplasmic Reticulum Unfolded Protein Response (GO:0030968)
GO:0098773,-0.5243464159092359,-1.0164193348939945,0.9388222838398806,22.80%,FLG2;IL18,GO_Biological_Process_2025__Skin Epidermis Development (GO:0098773)
GO:0061436,-0.5243464159092359,-1.0164193348939945,0.9388222838398806,22.80%,FLG2;IL18,GO_Biological_Process_2025__Establishment of Skin Barrier (GO:0061436)
GO:0048709,-0.4787041438521701,-1.015839093500978,0.9396121345052212,14.08%,EIF2B3;EIF2B5;EIF2B1,GO_Biological_Process_2025__Oligodendrocyte Differentiation (GO:0048709)
GO:0090051,0.4211618257261411,1.0158057228441737,0.7570735644860833,57.95%,NOTCH1;HDAC5;RHOA;THBS1;TBXA2R;MMRN2;MMRN1;PDCD10,GO_Biological_Process_2025__Negative Regulation of Cell Migration Involved in Sprouting Angiogenesis (GO:0090051)
GO:0055119,-0.5125588896695529,-1.015055709537941,0.9401655585488298,27.82%,CAMK2D;GSTM2;PIK3CA,GO_Biological_Process_2025__Relaxation of Cardiac Muscle (GO:0055119)
GO:0090075,-0.5125588896695529,-1.015055709537941,0.9401655585488298,27.82%,CAMK2D;GSTM2;PIK3CA,GO_Biological_Process_2025__Relaxation of Muscle (GO:0090075)
GO:0042127,-0.2800670018057531,-1.0149908717156402,0.9394978305322796,14.02%,NCCRP1;SRPK2;PTEN;TRAPPC14;EIF2AK2;PDGFB;CEP131;PPP2R5C;TSC2;RBBP4;PRKDC;NACC1;STAT6;GRK5;BIRC6;PRMT1;TRPM4;JAK2;IRS1;F2R;STAT5B;STAT2;DIS3L2;TBRG4;TSPO;GLMN;FER;FES;KSR1;FXN;EGF;FGFR2;PTK2,GO_Biological_Process_2025__Regulation of Cell Population Proliferation (GO:0042127)
GO:1902042,-0.4311498522972946,-1.0143222883950251,0.940534772812464,24.38%,SERPINE1;DDX3X;BCL2L1,GO_Biological_Process_2025__Negative Regulation of Extrinsic Apoptotic Signaling Pathway via Death Domain Receptors (GO:1902042)
GO:0006891,-0.3679472329705101,-1.0139300738256247,0.9408282256255222,31.28%,COG2;VTI1A;GOSR1;TRAPPC10;COG5;GOSR2;COG8;VTI1B;COPA;COPE;COG4;COPB1;COG6;COPG2;COPZ1;RAB6A,GO_Biological_Process_2025__intra-Golgi Vesicle-Mediated Transport (GO:0006891)
GO:0097720,-0.5435802711691001,-1.012709394891531,0.9425788703934476,17.92%,PPP3CB;NFATC1,GO_Biological_Process_2025__Calcineurin-Mediated Signaling (GO:0097720)
GO:0033173,-0.5435802711691001,-1.012709394891531,0.9425788703934476,17.92%,PPP3CB;NFATC1,GO_Biological_Process_2025__calcineurin-NFAT Signaling Cascade (GO:0033173)
GO:0008654,-0.434026146884746,-1.0124507559843792,0.9424451663943832,17.38%,DOLPP1;LPCAT1;AGPAT3,GO_Biological_Process_2025__Phospholipid Biosynthetic Process (GO:0008654)
GO:0015936,-0.5131866890780035,-1.012321268629313,0.9419595780305609,44.76%,PPCDC;PANK4;ACOT7;DCAKD,GO_Biological_Process_2025__Coenzyme A Metabolic Process (GO:0015936)
GO:0090630,-0.4272609190080164,-1.011807940321132,0.9426155373105604,29.20%,ARHGEF10;RALGAPB;MTSS2;SLC27A4;TSC1,GO_Biological_Process_2025__Activation of GTPase Activity (GO:0090630)
GO:0021762,-0.3906876191111871,-1.0116547614093865,0.942229073949862,23.20%,MAPKAP1;ATP5PF;NDUFS3;GNB4;DYNLL1,GO_Biological_Process_2025__Substantia Nigra Development (GO:0021762)
GO:0002295,-0.4969075372641064,-1.011496495304551,0.9418375060600378,40.76%,ZFPM1;STAT3;IL6R;PPP1R9B,GO_Biological_Process_2025__T-helper Cell Lineage Commitment (GO:0002295)
GO:0006607,-0.5192866030692659,-1.0114295760515617,0.9411997701844672,48.16%,KPNA4;KPNA6;KPNB1;MMAB;KPNA1;KPNA3,GO_Biological_Process_2025__NLS-bearing Protein Import Into Nucleus (GO:0006607)
GO:1900034,-0.4879057164479803,-1.011180401900185,0.9410292118998844,10.83%,MTOR;MAPKAPK2,GO_Biological_Process_2025__Regulation of Cellular Response to Heat (GO:1900034)
GO:1902531,-0.2980866892421185,-1.0108813150538314,0.9410485090505908,33.78%,ARHGAP35;ARHGAP32;PTEN;ARHGEF10;TREM2;MTOR;FLCN;ARHGAP5;DOCK8;OPTN;VAV3;FGD3;KALRN;ARHGAP21;DLG1;MCF2L;REPS1;MYO9B;AKAP13;ARHGEF12;TRAF6;ATP6AP2;RRAS;GMIP;PKN1;VAV1;GNA13;PIP5K1C;STK4;RHOF;GRAP2;PPM1B;PLCG2;ARAP1;ARHGEF7;NLGN1;PIP4P1;ARAF;RICTOR;ARHGEF2;CYLD,GO_Biological_Process_2025__Regulation of Intracellular Signal Transduction (GO:1902531)
GO:1905897,0.4746008708272859,1.0107745701194186,0.7648510017774324,52.59%,WFS1;MANF;CLU;APP;LPCAT3,GO_Biological_Process_2025__Regulation of Response to Endoplasmic Reticulum Stress (GO:1905897)
GO:0031114,-0.4514619668579326,-1.0097543626900665,0.9432943409523288,35.23%,METAP1;CLASP1;GAS2L1;PROC;MAP1S,GO_Biological_Process_2025__Regulation of Microtubule Depolymerization (GO:0031114)
GO:0008213,-0.4812478479316985,-1.0095116756391775,0.941513002452393,4.74%,PRMT1,GO_Biological_Process_2025__Protein Alkylation (GO:0008213)
GO:0043414,-0.4812478479316985,-1.0095116756391775,0.941513002452393,4.74%,PRMT1,GO_Biological_Process_2025__Macromolecule Methylation (GO:0043414)
GO:0010642,0.4658925979680696,1.009279008180667,0.7666791703270206,53.46%,HGS;PTPRJ;APOD;SNCA;PTPN12,GO_Biological_Process_2025__Negative Regulation of Platelet-Derived Growth Factor Receptor Signaling Pathway (GO:0010642)
GO:1901606,-0.4760162198432156,-1.008992201744486,0.9421406472148628,46.27%,ALDH6A1;GOT2;HIBCH;ACADSB;HIBADH;HSD17B10,GO_Biological_Process_2025__Alpha-Amino Acid Catabolic Process (GO:1901606)
GO:0006513,-0.491519734847531,-1.0089901969398796,0.9413234540121104,35.77%,TRIM56;HUWE1;TRIM21;TRIM25;UBE2O,GO_Biological_Process_2025__Protein Monoubiquitination (GO:0006513)
GO:0042886,-0.4961754338594,-1.0089468560182604,0.9406354696539826,21.42%,GLTPD2;CERT1;GLTP,GO_Biological_Process_2025__Amide Transport (GO:0042886)
GO:0010737,-0.5336901012621473,-1.0089006001383551,0.9399519575315892,5.97%,GCG,GO_Biological_Process_2025__Protein Kinase A Signaling (GO:0010737)
GO:1901699,-0.3155059792955383,-1.0082167526519128,0.9410072516863188,10.60%,INPP5K;GOLPH3;TREM2;MTOR;PRMT1;ABCC1;UBR1,GO_Biological_Process_2025__Cellular Response to Nitrogen Compound (GO:1901699)
GO:0019220,-0.5303521611583726,-1.0080196745843848,0.940724930508132,43.39%,SMG5;IKBKB;IGBP1;SIRT2,GO_Biological_Process_2025__Regulation of Phosphate Metabolic Process (GO:0019220)
GO:0000959,-0.5086695196767215,-1.007689240001241,0.9407875704955052,40.60%,TBRG4;GRSF1;PNPT1;MYG1,GO_Biological_Process_2025__Mitochondrial RNA Metabolic Process (GO:0000959)
GO:0016266,-0.401525410828103,-1.0074113468562793,0.9407669133417272,21.60%,POFUT1;ST3GAL4;ST6GAL1;GXYLT1;GCNT1,GO_Biological_Process_2025__O-glycan Processing (GO:0016266)
GO:0061640,-0.3442150506890026,-1.007201060812578,0.94053605682047,51.37%,EXOC6B;EXOC5;EXOC1;STAMBP;EXOC2;EXOC6;SEPTIN5;VPS4A;PROC;SPAST;EXOC3;EXOC7;EXOC8;SPTBN1;EXOC4;SEPTIN2;SEPTIN7;ROCK1;MYH14;SNX9;ARL3;ROCK2;SNX18,GO_Biological_Process_2025__Cytoskeleton-Dependent Cytokinesis (GO:0061640)
GO:0003209,-0.5343220964062987,-1.0071604774009772,0.9398162908429684,21.21%,ZFPM1;TGFB2,GO_Biological_Process_2025__Cardiac Atrium Morphogenesis (GO:0003209)
GO:0006516,-0.4711395335858283,-1.006873086271971,0.939798155187084,27.92%,NCCRP1;STT3B;NGLY1;OGA;GLB1,GO_Biological_Process_2025__Glycoprotein Catabolic Process (GO:0006516)
GO:0051259,-0.3285181262188488,-1.0066504654044846,0.9395711740517684,6.69%,LRRC8C;ATL2;LRRC8D;PRMT1;EHD4,GO_Biological_Process_2025__Protein Complex Oligomerization (GO:0051259)
GO:0051049,-0.3948027041663575,-1.0066187455098727,0.9388589806045714,29.04%,MYO6;SURF4;FES;GAPVD1;RAB11A;CDK5;SAR1B;DYNC1LI1,GO_Biological_Process_2025__Regulation of Transport (GO:0051049)
GO:0050769,-0.3837824322449367,-1.0064920380277678,0.9383857417805112,25.35%,FXR2;PLXNB3;FXR1;NRDC;NAP1L1,GO_Biological_Process_2025__Positive Regulation of Neurogenesis (GO:0050769)
GO:0061387,0.4285417963078198,1.0063774298028385,0.7716180507206267,57.21%,APOE;NRCAM;CTTN;OLFM1;CLASP2;GSK3B;DNM2,GO_Biological_Process_2025__Regulation of Extent of Cell Growth (GO:0061387)
GO:0045216,-0.3530640038637284,-1.0061250388538083,0.9385610262693068,21.52%,CDH24;FLCN;F2R;SMAD3;CDH17;TGFB2;TLN2,GO_Biological_Process_2025__Cell-Cell Junction Organization (GO:0045216)
GO:1902680,-0.2993040665006987,-1.0059776945190748,0.9381795743878184,13.90%,INPP5K;NME2;PDGFB;CHD4;RBBP4;DTX3L;TRIP4;OGT;F2R;ILF2;NAA15;DYRK1A;ILF3;NFE2;EGF;MAP2K3,GO_Biological_Process_2025__Positive Regulation of RNA Biosynthetic Process (GO:1902680)
GO:0035196,-0.4327128939543768,-1.0059626863314637,0.9374103395217528,4.39%,TARBP2;TUT7;ZC3H7A,GO_Biological_Process_2025__miRNA Processing (GO:0035196)
GO:0006446,-0.3415685342276554,-1.0056307214118774,0.9375496259660882,20.61%,IMPACT;EIF2AK2;GIGYF2;MTOR;RPS6KB1;EIF2B5;LARP1;MTIF2;EIF4G2;DDX3X,GO_Biological_Process_2025__Regulation of Translational Initiation (GO:0006446)
GO:0043588,0.2954561541201165,1.0054977433553298,0.7721739859676293,11.39%,PKD1;JAG1;ATP7A;COL5A3;IVL;COL1A2;DHCR24;COL1A1,GO_Biological_Process_2025__Skin Development (GO:0043588)
GO:0007416,0.3114232927348532,1.0051614647826677,0.7714781198596349,8.14%,PCDHB2;SDK2;SDK1;PCDHB14,GO_Biological_Process_2025__Synapse Assembly (GO:0007416)
GO:0035025,-0.4309464623699754,-1.0049988608934963,0.9384044355433068,18.74%,F2R;MCF2L;FXR1;AKAP13,GO_Biological_Process_2025__Positive Regulation of Rho Protein Signal Transduction (GO:0035025)
GO:1902808,-0.4312931325516154,-1.0046439366035482,0.9385854083479164,40.66%,PAF1;RPTOR;DDX3X;PLCB1;PLCG2;EIF4G1;PHB2;ADAMTS1,GO_Biological_Process_2025__Positive Regulation of Cell Cycle G1/S Phase Transition (GO:1902808)
GO:0042590,-0.5072332068849884,-1.0031443211407227,0.941824210981163,31.65%,LNPEP;MFSD6;IKBKB,GO_Biological_Process_2025__Antigen Processing and Presentation of Exogenous Peptide Antigen via MHC Class I (GO:0042590)
GO:0120162,-0.3425133467080306,-1.0029217760758893,0.9415740712787226,35.67%,CNOT3;STAT6;OGT;JAK2;ACSL1;MFN2;CPT2;PRKAB2;IL18;BSCL2;CXCR4;HADH;PROC;APPL2;GATM;IGF1R;GNAS;LCN2,GO_Biological_Process_2025__Positive Regulation of Cold-Induced Thermogenesis (GO:0120162)
GO:1902041,-0.400822005526376,-1.0028169463355114,0.9410562654525764,46.89%,SERPINE1;TMC8;DDX3X;BCL2L1;STX4;MADD;TMBIM1;GPX1,GO_Biological_Process_2025__Regulation of Extrinsic Apoptotic Signaling Pathway via Death Domain Receptors (GO:1902041)
GO:0043117,0.4721517699081072,1.0027295644734364,0.7753428896972426,10.00%,PDE2A;TJP1,GO_Biological_Process_2025__Positive Regulation of Vascular Permeability (GO:0043117)
GO:0090205,-0.4623978747439807,-1.0026686516115573,0.9406777031210016,34.30%,CES1;GNAI1;PRKAA1;LDLRAP1;KPNB1,GO_Biological_Process_2025__Positive Regulation of Cholesterol Metabolic Process (GO:0090205)
GO:0044088,-0.460984928177658,-1.0025920839759843,0.9400843936079764,14.33%,MTOR;PIKFYVE;C9ORF72,GO_Biological_Process_2025__Regulation of Vacuole Organization (GO:0044088)
GO:0051402,-0.4779407477565619,-1.0025077057537992,0.939487280148084,38.77%,BID;CDK5;MAP3K5;FASN;NAE1,GO_Biological_Process_2025__Neuron Apoptotic Process (GO:0051402)
GO:2000772,0.4113437515305863,1.002133537491916,0.7752065337759693,2.88%,RSL1D1;YBX1,GO_Biological_Process_2025__Regulation of Cellular Senescence (GO:2000772)
GO:0002695,0.4379925342181668,1.0021117397555488,0.7737505884180088,56.26%,GRN;FN1;PTPN6;SRC;PTPN11;CD84,GO_Biological_Process_2025__Negative Regulation of Leukocyte Activation (GO:0002695)
GO:1904427,-0.4348297645792943,-1.001939435072744,0.9394136169752264,15.47%,F2R;F2RL3;PPP3CB,GO_Biological_Process_2025__Positive Regulation of Calcium Ion Transmembrane Transport (GO:1904427)
GO:0071277,-0.3694944783278369,-1.0009083604190845,0.941333652768633,40.14%,RASGRP2;CAMK2D;BRAF;MICU2;MICU1;PRKAA1;PLCG2;SLC25A24;NLGN1;CPNE1;ITPKB;ADD1,GO_Biological_Process_2025__Cellular Response to Calcium Ion (GO:0071277)
GO:0070059,-0.4392358253808146,-1.0008343680207006,0.940728706481172,50.23%,BAK1;ERN1;ITPR1;BAX;MAP3K5;BAG6;ATP2A3;DNAJC10,GO_Biological_Process_2025__Intrinsic Apoptotic Signaling Pathway in Response to Endoplasmic Reticulum Stress (GO:0070059)
GO:0006418,-0.3588220842155305,-1.0000899199051867,0.941934302941405,47.41%,AARS2;SARS2;DARS2;IARS1;CARS2;IARS2;KARS1;QARS1;LARS1;FARSB;GARS1;RARS1;LARS2;TARS1;CARS1,GO_Biological_Process_2025__tRNA Aminoacylation for Protein Translation (GO:0006418)
GO:0031109,-0.5372066816025218,-1.0000348785745037,0.941285134742126,4.31%,NCKAP5L,GO_Biological_Process_2025__Microtubule Polymerization or Depolymerization (GO:0031109)
GO:0072666,-0.3833816826913978,-0.999483659539848,0.941990102268888,44.18%,VPS13C;PIK3R4;VPS41;VPS28;VPS13A;STAM2;VPS37A;VPS37B;PTPN23;SNF8;VPS37C;TSG101,GO_Biological_Process_2025__Establishment of Protein Localization to Vacuole (GO:0072666)
GO:0046434,-0.4448643708049372,-0.9994455540932308,0.9412749928310872,0.93%,GALE,GO_Biological_Process_2025__Organophosphate Catabolic Process (GO:0046434)
GO:0051036,0.3978003735214775,0.9994187680327378,0.7781974352555303,60.29%,KXD1;BORCS7;BORCS8;RAB5A;SNAPIN;BLOC1S2;BLOC1S1;BORCS6;BORCS5,GO_Biological_Process_2025__Regulation of Endosome Size (GO:0051036)
GO:0048008,-0.4154941868138645,-0.9993900283866723,0.9406113008707356,10.67%,PDGFB;FER,GO_Biological_Process_2025__Platelet-Derived Growth Factor Receptor Signaling Pathway (GO:0048008)
GO:0032271,-0.4195399230417561,-0.9985362265021008,0.9420913615510206,29.60%,CAMSAP1;GBA2;PRUNE1;METAP2;ARHGEF7,GO_Biological_Process_2025__Regulation of Protein Polymerization (GO:0032271)
GO:1901881,-0.5274570691163372,-0.9983556037243272,0.9417733691233752,4.23%,VIL1,GO_Biological_Process_2025__Positive Regulation of Protein Depolymerization (GO:1901881)
GO:2000392,-0.5262860458845897,-0.9973888573592112,0.9434446861337782,4.23%,VIL1,GO_Biological_Process_2025__Regulation of Lamellipodium Morphogenesis (GO:2000392)
GO:0000387,-0.4202185549961166,-0.997192315438666,0.9431872407898056,0.43%,GEMIN4,GO_Biological_Process_2025__Spliceosomal snRNP Assembly (GO:0000387)
GO:0035493,0.4787476674269128,0.9971240954802904,0.7818650854972097,52.17%,STXBP1;VAMP4;VAMP3;VAMP8;SNCA,GO_Biological_Process_2025__SNARE Complex Assembly (GO:0035493)
GO:1902807,0.3744767161265767,0.9969811622675484,0.7806568336007886,0.19%,TMSB4X,GO_Biological_Process_2025__Negative Regulation of Cell Cycle G1/S Phase Transition (GO:1902807)
GO:0006023,0.3721154789655237,0.9955684326739532,0.7822319514794125,9.03%,EXT2;B3GNT9,GO_Biological_Process_2025__Aminoglycan Biosynthetic Process (GO:0006023)
GO:0051101,-0.4720449035707491,-0.9954482112284032,0.9470978496880345,43.39%,EGF;CSNK2B;NME1;CPNE1;IGF1;SIRT2,GO_Biological_Process_2025__Regulation of DNA Binding (GO:0051101)
GO:0010631,0.4183903205244416,0.9952065411488688,0.7815343339447162,12.14%,PKN2;FAT2;KIT,GO_Biological_Process_2025__Epithelial Cell Migration (GO:0010631)
GO:0038066,-0.498498434792455,-0.9948338541478038,0.9478819530512858,35.71%,MAP2K3;MAP3K7;MAPK14;MAP3K5,GO_Biological_Process_2025__p38MAPK Cascade (GO:0038066)
GO:0030834,-0.4845436806356691,-0.9944594731421882,0.9480967326273688,35.83%,VIL1;PIK3CA;PLEK;MTPN,GO_Biological_Process_2025__Regulation of Actin Filament Depolymerization (GO:0030834)
GO:0051788,-0.4863701536535711,-0.9943215063276476,0.9476708070679236,21.11%,DERL1;F12;UFD1,GO_Biological_Process_2025__Response to Misfolded Protein (GO:0051788)
GO:0033123,-0.4849721245648839,-0.99405374735534,0.9468037210330263,26.97%,MTOR;RPTOR;PRKAA1,GO_Biological_Process_2025__Positive Regulation of Purine Nucleotide Catabolic Process (GO:0033123)
GO:0045821,-0.4849721245648839,-0.99405374735534,0.9468037210330263,26.97%,MTOR;RPTOR;PRKAA1,GO_Biological_Process_2025__Positive Regulation of Glycolytic Process (GO:0045821)
GO:0043266,-0.450770599879457,-0.993956126987352,0.94628521232321,18.43%,TREM2;DLG1;KCNAB2,GO_Biological_Process_2025__Regulation of Potassium Ion Transport (GO:0043266)
GO:0019370,-0.528346943915689,-0.9938516817615974,0.945770729789151,39.19%,PLA2G4A;MGST3;GGT7;LTA4H,GO_Biological_Process_2025__Leukotriene Biosynthetic Process (GO:0019370)
GO:0060043,-0.5235956594221919,-0.9938064382993512,0.945086858360866,16.78%,FGFR2;LONP1,GO_Biological_Process_2025__Regulation of Cardiac Muscle Cell Proliferation (GO:0060043)
GO:0048661,-0.3819587553984869,-0.9932275157884726,0.9449886483742436,40.74%,PDGFB;PIK3R1;MFN2;ERN1;IL18;LDLRAP1;IL6R;TGFB1;IGF1;SERPINF2,GO_Biological_Process_2025__Positive Regulation of Smooth Muscle Cell Proliferation (GO:0048661)
GO:0006167,-0.5054939080103669,-0.9928684502963556,0.945157058008808,25.04%,GART;PFAS,GO_Biological_Process_2025__AMP Biosynthetic Process (GO:0006167)
GO:0051100,-0.4074673077828114,-0.992763950508522,0.9446731644786552,37.84%,TMC8;ZFPM1;GOLGA2;CFHR2;CAMK1;BAX;PEX19;PEX14;CPNE1,GO_Biological_Process_2025__Negative Regulation of Binding (GO:0051100)
GO:0051960,-0.4652066814038614,-0.9927537788088376,0.9439153603137368,23.59%,FXR1;PRUNE1;ZPR1;DOCK7,GO_Biological_Process_2025__Regulation of Nervous System Development (GO:0051960)
GO:0098662,-0.3192187530907389,-0.9923594908156744,0.9433383820262646,34.40%,SLC30A5;TRPM4;ATP6V0A2;CCDC51;SLC12A2;DMAC2L;ATP6V1F;SLC6A4;ATP5MF;KCNA3;ATP6AP2;ATP1B3;ATP6V0C;ATP6V0A1;ATP6V1H;P2RX1;ATP6V1D;ATP2C1;ATP5PO;SLC9A1;ATP6AP1;ANO6;TRPC6,GO_Biological_Process_2025__Inorganic Cation Transmembrane Transport (GO:0098662)
GO:0007507,-0.3260896247768529,-0.9922854642774104,0.9427495699980344,14.02%,PTEN;PDGFB;TSC2;PRMT1;ZFPM1;PCSK5;PTK2,GO_Biological_Process_2025__Heart Development (GO:0007507)
GO:0035973,-0.5278671052734574,-0.991225730476112,0.943981575659704,20.84%,ATG5;ATG4B;WDR81,GO_Biological_Process_2025__Aggrephagy (GO:0035973)
GO:0048143,-0.5298422142078643,-0.9908178024395472,0.9443316748152402,1.93%,TREM2,GO_Biological_Process_2025__Astrocyte Activation (GO:0048143)
GO:0098655,-0.3194817670228691,-0.9902176631319588,0.9451478407554994,34.40%,SLC30A5;TRPM4;ATP6V0A2;CCDC51;SLC12A2;DMAC2L;ATP6V1F;SLC6A4;ATP5MF;KCNA3;ATP6AP2;ATP1B3;ATP6V0C;ATP6V0A1;ATP6V1H;P2RX1;ATP6V1D;ATP2C1;ATP5PO;SLC9A1;ATP6AP1;ANO6;TRPC6,GO_Biological_Process_2025__Monoatomic Cation Transmembrane Transport (GO:0098655)
GO:0051225,-0.3651935415058691,-0.9895655943829132,0.9460936417996751,24.61%,ARHGEF10;TUBGCP2;TUBGCP3;GOLGA2;CLASP1;RAB11A;TUBGCP6;NEK7;TUBGCP4,GO_Biological_Process_2025__Spindle Assembly (GO:0051225)
GO:0045995,-0.4149929201854322,-0.9892855950065372,0.9460422429653932,48.53%,CLASP1;PLCB1;UCHL5;BAG6;RAB14;RUVBL2;SEPTIN7;RUVBL1;PHLDB1,GO_Biological_Process_2025__Regulation of Embryonic Development (GO:0045995)
GO:0030513,0.4007743113921969,0.988721998310896,0.794075345394531,1.57%,NUMA1,GO_Biological_Process_2025__Positive Regulation of BMP Signaling Pathway (GO:0030513)
GO:0001817,0.245206280279091,0.9883356711087288,0.7934142810028436,0.10%,LGALS9;ICOSLG,GO_Biological_Process_2025__Regulation of Cytokine Production (GO:0001817)
GO:0060271,-0.3232384008168267,-0.9878509094613096,0.9489761272223634,50.87%,TRAPPC14;CEP131;NEK1;EHD4;IFT27;OCRL;CEP41;DYNLL1;MICALL1;ATP6V1D;RILPL2;SNAP29;ABLIM3;PTGES2;PTPN23;TXNDC15;FNBP1L;DCTN1;RAB34;EHD3;HDAC6;EHD2;ARL13B;ACTR3;ABLIM1;SEPTIN2;SEPTIN7;MAPRE2;ARL3;RAB1A;ATP6V0D1;ASAP1,GO_Biological_Process_2025__Cilium Assembly (GO:0060271)
GO:0006281,-0.3116519214201048,-0.98733225044637,0.9495049729082452,8.14%,TREX1;PRKDC;DTX3L;ASCC3;OTUD4;PARP4;RRM2B;CUL4B,GO_Biological_Process_2025__DNA Repair (GO:0006281)
GO:0043506,-0.4179667395930547,-0.9869531187025452,0.949690233316514,35.71%,ERN1;MAP3K7;TRAF6;PKN1;DNAJA1;PTPN1;MAP3K5,GO_Biological_Process_2025__Regulation of JUN Kinase Activity (GO:0043506)
GO:0090330,-0.3774358325708444,-0.986648112070086,0.9496857266560624,55.03%,MFSD2B;JAK2;PRKG1;IL6R;LYN;GP6;EMILIN1;ALOX12;SERPINE2;PRKCD;MMRN1;F11R;PRKCA;CD9,GO_Biological_Process_2025__Regulation of Platelet Aggregation (GO:0090330)
GO:0043039,-0.4080823363381338,-0.9857296409555876,0.9505744144523864,42.92%,DARS2;IARS1;IARS2;QARS1;LARS1;GARS1;RARS1;LARS2,GO_Biological_Process_2025__tRNA Aminoacylation (GO:0043039)
GO:0006417,-0.287533868816741,-0.9857112135619122,0.9498349085461412,21.64%,IMPACT;EIF2AK2;UPF3B;PRKDC;GIGYF2;MTOR;OGT;PRMT1;FXR2;KDELR2;RPS6KB1;RPS6KA3;ILF3;CNOT1;EIF4ENIF1;METAP1;FXR1;LARP1;CSNK2A2;MTIF2;EIF4G2;STK39;DDX3X;RPL15;SHFL,GO_Biological_Process_2025__Regulation of Translation (GO:0006417)
GO:0043488,-0.3473642860355172,-0.9851522947275873,0.9504858082186788,17.48%,GIGYF2;FXR2;TBRG4;MAPKAPK2;FASTKD5;EIF4ENIF1;FTO;FXR1;LARP1,GO_Biological_Process_2025__Regulation of mRNA Stability (GO:0043488)
GO:1902533,-0.2697579211394117,-0.9847036204643308,0.9508951452767104,38.67%,GOLPH3;PTEN;EIF2AK2;HEXIM1;PDGFB;TREM2;CHUK;TRIM3;MTOR;TAOK2;IFIT5;FLCN;CBL;PTP4A3;JAK2;IRS1;IRAK3;F2R;TRAF7;CCDC22;TRIP6;MYD88;BECN1;IRAK1;PIK3R1;VAV3;KSR1;S100A12;TAB1;SHARPIN;EGF;FGFR2;ERN1;PTK2;MAP3K7;SPHK1;TRIM56;GOLT1B;OSBPL8;RNF31;SMAD3;S100A9;NEDD4;HUWE1;RPTOR;AKAP13;BID;TRAF6;WDFY1;TBK1;PRNP;LAMTOR3;DDX3X;CCDC88A;TGFB2;RIPK1;SHC1;S100A8;IL18;FADD;TNFSF10;CSNK2B;VAV1;C1QBP;LAMTOR1;STK4;PIK3CG;PIK3CA;PLCG2;RBCK1;ATP2C1;CD40LG;LAMTOR5;BAX;NLGN1;ANGPT1;TRIM5;CDK5RAP3;TAB2;IKBKB;SLC44A2;JCAD;CARD9;LAMTOR4;RICTOR;STAT3;IRAK4;TRIM25;S100A4;IGF1R;PDGFD;FGR;P2RY12;TMED4;F7;FLOT2;CCM2;IL6R;CPNE1;PHB2;LYN;PDPK1;CASS4;LARS1;TAB3;RTN4,GO_Biological_Process_2025__Positive Regulation of Intracellular Signal Transduction (GO:1902533)
GO:0047496,-0.4678214997512707,-0.9845499313658423,0.9504979376403307,14.87%,KIF13A;SLC6A4,GO_Biological_Process_2025__Vesicle Transport Along Microtubule (GO:0047496)
GO:0038179,-0.5065841338106827,-0.9845207060266256,0.9497879456060035,37.55%,KIDINS220;CASP3;SORT1;ZFYVE27,GO_Biological_Process_2025__Neurotrophin Signaling Pathway (GO:0038179)
GO:0017148,-0.3387119194163745,-0.9840339380669496,0.950363465240738,20.61%,EIF2AK2;GIGYF2;DNPEP;ILF3;CNOT1;EIF4ENIF1;LARP1;CSNK2A2;LIMD1;DDX3X,GO_Biological_Process_2025__Negative Regulation of Translation (GO:0017148)
GO:0032647,0.3565925519476149,0.983225190088221,0.803525808119741,6.09%,DHX9;PTPRS,GO_Biological_Process_2025__Regulation of Interferon-Alpha Production (GO:0032647)
GO:0097553,-0.3781417603126912,-0.982675797877658,0.9531570186034432,38.79%,F2R;ITPR1;PLCB4;PLCB3;PLCB1;ITPR2;PLCG2;GP5;PLCB2;GP9;SLC8A3,GO_Biological_Process_2025__Calcium Ion Transmembrane Import Into Cytosol (GO:0097553)
GO:0031396,-0.3176846996191454,-0.982427935044397,0.9530149372486308,23.09%,ISG15;OGT;GSK3A;DERL1;CAMLG;HSPBP1;BAG5;MYCBP2;SPHK1;VPS28;HUWE1;TRAF6;AXIN1;UBE3A;UBE2L3,GO_Biological_Process_2025__Regulation of Protein Ubiquitination (GO:0031396)
GO:0034620,-0.3830054365981934,-0.9820097019770112,0.9533140027266666,13.92%,BAK1;ATF6;DERL1;ERMP1;OPTN;ERN1,GO_Biological_Process_2025__Cellular Response to Unfolded Protein (GO:0034620)
GO:1990535,-0.4974969359534237,-0.9815654401049008,0.9536940772501876,38.01%,METAP1;PRNP;KIFBP;DCTN1,GO_Biological_Process_2025__Neuron Projection Maintenance (GO:1990535)
GO:0033209,0.3485698084417007,0.9815067922438984,0.8044635337591503,0.19%,TMSB4X,GO_Biological_Process_2025__Tumor Necrosis Factor-Mediated Signaling Pathway (GO:0033209)
GO:1901741,-0.4855927685662224,-0.9814366645413832,0.9532661254947647,41.57%,RIPOR2;MAPK14;FLOT1;SCGB3A1;EHD2,GO_Biological_Process_2025__Positive Regulation of Myoblast Fusion (GO:1901741)
GO:0030001,-0.3518399558923746,-0.9814322030506694,0.9524919188864036,15.87%,TPT1;CNNM4;NDUFA9;TRPM4;PANX1;COPS2;ITPR1;KCNA3,GO_Biological_Process_2025__Metal Ion Transport (GO:0030001)
GO:0090162,-0.4398576321169792,-0.9807962072031668,0.953400943695028,8.49%,GOLPH3;OPHN1,GO_Biological_Process_2025__Establishment of Epithelial Cell Polarity (GO:0090162)
GO:0051961,0.4612944330636188,0.9807109177467516,0.8047094368631107,17.42%,TLR2;NOTCH1,GO_Biological_Process_2025__Negative Regulation of Nervous System Development (GO:0051961)
GO:0016579,-0.3520127111564356,-0.9801138777612456,0.9544418296939824,35.60%,USP9Y;OTUD4;USP25;STAMBP;OTUB1;USP24;USP12;USP47;CYLD;UCHL5;YOD1;BABAM2,GO_Biological_Process_2025__Protein Deubiquitination (GO:0016579)
GO:1900016,-0.4296926583693866,-0.9799438974907824,0.9541180359531832,33.95%,TREM2;JAK2;CHID1;IKBKB;APPL2;STAT3,GO_Biological_Process_2025__Negative Regulation of Cytokine Production Involved in Inflammatory Response (GO:1900016)
GO:0006084,-0.4674067983075868,-0.9793467286155862,0.9533415408556348,16.01%,MLYCD;PMVK,GO_Biological_Process_2025__acetyl-CoA Metabolic Process (GO:0006084)
GO:2001243,-0.3563842856594974,-0.9786918294790842,0.9534503043798778,35.63%,TPT1;HTRA2;BAG5;CCAR2;DDX3X;TXNDC12;BCL2L1;FYN;SOD2;ARHGEF2;DNAJA1;PTPN1,GO_Biological_Process_2025__Negative Regulation of Intrinsic Apoptotic Signaling Pathway (GO:2001243)
GO:0045596,-0.3233037601743816,-0.9786256090922916,0.9528507623655448,5.65%,PTEN;PAF1;TRPM4,GO_Biological_Process_2025__Negative Regulation of Cell Differentiation (GO:0045596)
GO:0032496,-0.3048505043257914,-0.977963300326393,0.95378788988825,22.80%,PAF1;SERPINE1;IRAK3;F2R;CD274;MYD88;RPS6KA3;IRAK1;FER;MAPKAPK2;LBP;CASP7;DEFA4;MAPKAPK3;GIT1;TRAF6;PRDX3;S100A8;IL18,GO_Biological_Process_2025__Response to Lipopolysaccharide (GO:0032496)
GO:0051310,-0.368472866282858,-0.9778674598422802,0.9532461024968149,35.23%,SEH1L;BECN1;RAB11A;TRAPPC12;EML3;ZW10;VPS4A;DCTN2;VPS4B;CHMP2B;KPNB1;MAP1S,GO_Biological_Process_2025__Metaphase Chromosome Alignment (GO:0051310)
GO:0071569,0.4750155504872485,0.9777719781497712,0.8098324553103681,52.55%,UFL1;UFC1;DDRGK1;UFM1;UBA5,GO_Biological_Process_2025__Protein Ufmylation (GO:0071569)
GO:0060173,-0.5135574216289216,-0.977340906602322,0.9537739559461108,13.84%,KREMEN1;PCSK5,GO_Biological_Process_2025__Limb Development (GO:0060173)
GO:0090085,-0.5162637738496607,-0.9770540827283936,0.9529510613040648,20.36%,OTUD4;TRIM21,GO_Biological_Process_2025__Regulation of Protein Deubiquitination (GO:0090085)
GO:0050810,-0.5259803712264869,-0.9768610753192182,0.9526892379373708,33.80%,CES1;FGFR4;ASAH1,GO_Biological_Process_2025__Regulation of Steroid Biosynthetic Process (GO:0050810)
GO:0048585,-0.3683222406285602,-0.9767531209015744,0.9521868904522208,14.83%,WDR41;INPP5D;C9ORF72;USP25,GO_Biological_Process_2025__Negative Regulation of Response to Stimulus (GO:0048585)
GO:1903580,0.3602348921308491,0.976600675142437,0.8108272441270562,0.19%,TMSB4X,GO_Biological_Process_2025__Positive Regulation of ATP Metabolic Process (GO:1903580)
GO:0002446,-0.456210995857099,-0.975849165146089,0.9537393175806812,39.29%,STXBP3;VAMP7;CARD9;IRAK4;IL6R;STXBP2,GO_Biological_Process_2025__Neutrophil Mediated Immunity (GO:0002446)
GO:0006611,0.3421838122625581,0.9756391558450412,0.8114112917549808,5.84%,PKD1;TPR;NUTF2,GO_Biological_Process_2025__Protein Export From Nucleus (GO:0006611)
GO:0070723,-0.4831002577995226,-0.9753659679312566,0.953466278764586,39.66%,PMVK;CES1;MLC1;TGFB1,GO_Biological_Process_2025__Response to Cholesterol (GO:0070723)
GO:2000242,-0.5132658129564298,-0.9747590004959787,0.9542027878321416,6.46%,PAEP,GO_Biological_Process_2025__Negative Regulation of Reproductive Process (GO:2000242)
GO:0046823,0.4467557766019334,0.9742890464068696,0.8128745065698716,4.41%,TPR,GO_Biological_Process_2025__Negative Regulation of Nucleocytoplasmic Transport (GO:0046823)
GO:0007229,0.2307082787699331,0.9742423212204646,0.8114582725991716,7.50%,ITGAE;LAMA5;ITGAX;ITGA4;FERMT2;ITGA9;ITGA11,GO_Biological_Process_2025__Integrin-Mediated Signaling Pathway (GO:0007229)
GO:0048313,-0.4936125770410187,-0.9738333641573568,0.9558112440133564,43.29%,GOLGA2;STX5;PTGES2;PDCD10;VCPIP1,GO_Biological_Process_2025__Golgi Inheritance (GO:0048313)
GO:0038061,-0.4368515093535531,-0.9737521793296288,0.9552462242186254,50.54%,CHUK;TAB1;TRAF6;TAB2;TAB3;RELA;NFKB1;COPS8,GO_Biological_Process_2025__Non-Canonical NF-kappaB Signal Transduction (GO:0038061)
GO:0044872,-0.4465188166962836,-0.9737151182729687,0.9538260478201078,29.47%,SURF4;PREB;SAR1B;VMP1,GO_Biological_Process_2025__Lipoprotein Localization (GO:0044872)
GO:0042953,-0.4465188166962836,-0.9737151182729687,0.9538260478201078,29.47%,SURF4;PREB;SAR1B;VMP1,GO_Biological_Process_2025__Lipoprotein Transport (GO:0042953)
GO:0035337,-0.4478086024158044,-0.9736214942888642,0.95253368356542,47.93%,ACSL3;GCDH;SLC27A2;FASN;ACSL4;HSD17B4;FAR1,GO_Biological_Process_2025__fatty-acyl-CoA Metabolic Process (GO:0035337)
GO:0033539,-0.4610655975469904,-0.9734891838628484,0.952122997116254,47.18%,GCDH;IVD;ACADS;ETFA;ETFDH;ACADM;ACADVL,GO_Biological_Process_2025__Fatty Acid Beta-Oxidation Using acyl-CoA Dehydrogenase (GO:0033539)
GO:0014032,-0.3951769745438853,-0.9725810676062864,0.9528984834244812,15.49%,SEMA4C;TAPT1;PEF1;PHACTR4;PDCD6;SEMA4B,GO_Biological_Process_2025__Neural Crest Cell Development (GO:0014032)
GO:0048660,-0.3577731967397745,-0.972285154400908,0.952881836436879,12.82%,PDGFB;PRKDC;PIK3R1;MFN2,GO_Biological_Process_2025__Regulation of Smooth Muscle Cell Proliferation (GO:0048660)
GO:0009437,-0.4843721053926263,-0.9718970718999986,0.9531010366438288,51.55%,CPT2;TMLHE;ALDH9A1;ACADM;CPT1A;CRAT,GO_Biological_Process_2025__Carnitine Metabolic Process (GO:0009437)
GO:0008625,-0.4207268409650855,-0.9717538024817396,0.9527192108951472,49.69%,BID;DDX3X;FADD;TNFSF10;BAX;SORT1;FASN;TRADD;BLOC1S2,GO_Biological_Process_2025__Extrinsic Apoptotic Signaling Pathway via Death Domain Receptors (GO:0008625)
GO:0035751,-0.3975297598068522,-0.971740319654038,0.9519941675586984,28.13%,CLN6;LAMP2;ATP6V1F;ATP6AP2;ATP6V0C;ATP6V0A1;ATP6V1H;ATP6V1D,GO_Biological_Process_2025__Regulation of Lysosomal Lumen pH (GO:0035751)
GO:0044839,-0.4294404513037151,-0.971725973721209,0.9497722547538816,21.13%,UXT;CCNY;PLCB1,GO_Biological_Process_2025__Cell Cycle G2/M Phase Transition (GO:0044839)
GO:0000086,-0.4294404513037151,-0.971725973721209,0.9497722547538816,21.13%,UXT;CCNY;PLCB1,GO_Biological_Process_2025__G2/M Transition of Mitotic Cell Cycle (GO:0000086)
GO:0005977,-0.4267511185321193,-0.971690459145734,0.949111454310081,27.49%,GYS1;GBE1;PHKG2;PRKAG2;PYGL,GO_Biological_Process_2025__Glycogen Metabolic Process (GO:0005977)
GO:1902117,-0.3360407699209144,-0.9715998610441544,0.9485871972780576,22.56%,TAPT1;WIPI1;SNX4;STX18;CNOT1;SLC6A4;PIP4K2C;CCDC88A;RAB3GAP1;SH3GLB1,GO_Biological_Process_2025__Positive Regulation of Organelle Assembly (GO:1902117)
GO:0043507,-0.4305993597145831,-0.971141838831894,0.9489780174677552,35.71%,ERN1;MAP3K7;TRAF6;PKN1;PTPN1;MAP3K5,GO_Biological_Process_2025__Positive Regulation of JUN Kinase Activity (GO:0043507)
GO:0090101,-0.3339036944640828,-0.9701699897445332,0.950784961551736,4.29%,FAM89B;RBBP4;OGT,GO_Biological_Process_2025__- Reg of Transmembrane Receptor Prot Serine/Threonine Kinase Sgnlng Pway (GO:0090101)
GO:0090317,0.4224388220655329,0.9698147390103276,0.8184259188576114,57.81%,PARK7;CHORDC1;YWHAB;APOD;UFM1;RANGAP1,GO_Biological_Process_2025__Negative Regulation of Intracellular Protein Transport (GO:0090317)
GO:0042692,0.4058092767370838,0.9692181558867352,0.8182831404919392,0.06%,ACTN2,GO_Biological_Process_2025__Muscle Cell Differentiation (GO:0042692)
GO:0030330,-0.5147365864330684,-0.9684420443951712,0.9543626616692316,17.00%,PPP2R5C;MYO6;NDRG1,"GO_Biological_Process_2025__DNA Damage Response, Signal Transduction by P53 Class Mediator (GO:0030330)"
GO:0036295,-0.4944910730993438,-0.9680375699054656,0.9546210891452716,37.32%,ATP6V0A2;ATP6V1G1;ATP6AP1;FASN,GO_Biological_Process_2025__Cellular Response to Increased Oxygen Levels (GO:0036295)
GO:0044208,-0.5139854655711522,-0.9680218008274896,0.953907682706914,25.04%,GART;PFAS,GO_Biological_Process_2025__'De Novo' AMP Biosynthetic Process (GO:0044208)
GO:0032418,-0.3610225692219173,-0.9675019872731996,0.9544372533789428,49.69%,FLCN;VPS33B;LAMTOR1;PIK3CG;PIP4P1;SYTL4;RAB34;BORCS5;HDAC6;BORCS6;BLOC1S1;VPS33A;MYH9;SPAG9;FAM98A;BLOC1S2,GO_Biological_Process_2025__Lysosome Localization (GO:0032418)
GO:0050847,-0.5162223816776206,-0.9660463377283004,0.957250795433175,22.12%,NEDD4;UBE3A,GO_Biological_Process_2025__Progesterone Receptor Signaling Pathway (GO:0050847)
GO:0006612,-0.3353421664689647,-0.9659997999653652,0.9566132024429562,23.51%,TAOK2;PIKFYVE;SRPRA;YIF1B;RABGEF1;TRAM1;GOLGA7;GET4;SSR1;SEC63;MICALL1,GO_Biological_Process_2025__Protein Targeting to Membrane (GO:0006612)
GO:0032675,0.2500537168530553,0.9654252689355336,0.8236063192906538,6.42%,LGALS9;DHX9;C1QTNF3;TLR2,GO_Biological_Process_2025__Regulation of Interleukin-6 Production (GO:0032675)
GO:0006188,-0.4876869496731919,-0.965048460879028,0.958259301891994,25.04%,GART;AMPD2;PFAS,GO_Biological_Process_2025__IMP Biosynthetic Process (GO:0006188)
GO:0002637,0.3793318115791658,0.9647284589001992,0.8236081872344783,62.14%,GALNT2;CR1;RBP4;PTPRC;VAMP3;HLA-E;SASH3;STX4;PHB2,GO_Biological_Process_2025__Regulation of Immunoglobulin Production (GO:0002637)
GO:0032528,-0.4403664920853386,-0.964674483641017,0.9584543564409724,47.29%,RAP2C;RAP2B;RAP2A;STK26;MINK1;TNIK,GO_Biological_Process_2025__Microvillus Organization (GO:0032528)
GO:0019216,-0.3861143295904372,-0.9638804036040444,0.9596476881329148,28.07%,TREM2;CIDEB;MBOAT7;LACTB;IRS2;PRKAG2;FGFR4;PLCG2,GO_Biological_Process_2025__Regulation of Lipid Metabolic Process (GO:0019216)
GO:0044319,-0.3879694601175612,-0.963470250631523,0.959872320517597,30.18%,ARHGAP35;MRTFA;LRG1;ITGB5;TOR1A,"GO_Biological_Process_2025__Wound Healing, Spreading of Cells (GO:0044319)"
GO:0010874,-0.4073446367291583,-0.9632305022028348,0.9597281536841126,32.00%,TREM2;CES1;TTC39B;LAMTOR1;NAXE,GO_Biological_Process_2025__Regulation of Cholesterol Efflux (GO:0010874)
GO:0090140,-0.4289730090593517,-0.963077455150479,0.9593537458454816,29.93%,STAT2;MFF;REPS1;MCU;DNM1L,GO_Biological_Process_2025__Regulation of Mitochondrial Fission (GO:0090140)
GO:0048146,-0.3902893529409164,-0.9623137919492905,0.9605154129510396,16.86%,PDGFB;SPHK1;S100A9,GO_Biological_Process_2025__Positive Regulation of Fibroblast Proliferation (GO:0048146)
GO:0061013,-0.3672237168369142,-0.962157731807905,0.9601152442945078,16.45%,TTC5;FXR2;MAPKAPK2;CNOT1;GTPBP1;FXR1,GO_Biological_Process_2025__Regulation of mRNA Catabolic Process (GO:0061013)
GO:0071453,-0.4852611610270744,-0.9620281566778144,0.9596877870040396,38.40%,ATP6V0A2;ATP6V1G1;TSC1;NDUFS2,GO_Biological_Process_2025__Cellular Response to Oxygen Levels (GO:0071453)
GO:0001706,0.3104488791051299,0.9618942537182216,0.8283128916536723,56.01%,ITGA4;COL12A1;ITGB2;COL6A1;FN1;MMP2;VTN;LAMB1;ITGAV;ITGA7;LAMA4;MMP9;ITGA5;INHBA;MMP14,GO_Biological_Process_2025__Endoderm Formation (GO:0001706)
GO:0034599,-0.3175350657504582,-0.961832500949004,0.9594107367197005,17.71%,PDK2;PYCR2;HTRA2;PRDX5;ERMP1;FER;VKORC1L1;LONP1;TPM1,GO_Biological_Process_2025__Cellular Response to Oxidative Stress (GO:0034599)
GO:0035455,-0.4333571331439826,-0.9617996908083698,0.9587395270770928,1.20%,EIF2AK2,GO_Biological_Process_2025__Response to Interferon-Alpha (GO:0035455)
GO:0042730,-0.4659718687031365,-0.9612363193809854,0.9594090511184548,5.53%,SERPINE1,GO_Biological_Process_2025__Fibrinolysis (GO:0042730)
GO:0055075,-0.4925004712220971,-0.9608239497979107,0.9596872161658894,33.29%,SLC12A2;ATP1B3;SLC12A9,GO_Biological_Process_2025__Potassium Ion Homeostasis (GO:0055075)
GO:0071787,-0.5121293800539084,-0.9605104764755577,0.959743234179398,48.86%,RTN1;ZFYVE27;RTN4;RTN3;RTN2,GO_Biological_Process_2025__Endoplasmic Reticulum Tubular Network Formation (GO:0071787)
GO:0044773,-0.4021603811518426,-0.9603683999382538,0.9593407282333952,7.46%,PRKDC;TAOK2;DGKZ,GO_Biological_Process_2025__Mitotic DNA Damage Checkpoint Signaling (GO:0044773)
GO:0051865,-0.3963208042372825,-0.959702692664362,0.9602648701585108,22.12%,DTX3L;NFX1;TRAF6;TRIM21;UBE3A,GO_Biological_Process_2025__Protein Autoubiquitination (GO:0051865)
GO:0006940,0.4574722843716534,0.9594114261226936,0.8279081166259117,0.48%,SETD3,GO_Biological_Process_2025__Regulation of Smooth Muscle Contraction (GO:0006940)
GO:0140014,0.3483125080918404,0.9591975209515567,0.8268552512662615,3.91%,UBE2C;ZNF207,GO_Biological_Process_2025__Mitotic Nuclear Division (GO:0140014)
GO:2000010,-0.4834024057411423,-0.9590855347011032,0.9610189406749337,22.93%,METAP1;TM9SF4;GPD1L,GO_Biological_Process_2025__Positive Regulation of Protein Localization to Cell Surface (GO:2000010)
GO:0060291,-0.4561581745118491,-0.9587850334055484,0.9610321717732712,41.55%,CAMK2D;SLC8A3;CAMK2G;NPTN;STX4,GO_Biological_Process_2025__Long-Term Synaptic Potentiation (GO:0060291)
GO:0060055,0.4546962471490772,0.9586885550319878,0.8264985366805334,54.58%,MCAM;CD34;NDNF;ITGB3;HPSE,GO_Biological_Process_2025__Angiogenesis Involved in Wound Healing (GO:0060055)
GO:0010633,0.4114800457723727,0.958200000471784,0.8261193615015122,6.71%,EVL;EPPK1;TACSTD2,GO_Biological_Process_2025__Negative Regulation of Epithelial Cell Migration (GO:0010633)
GO:0042307,0.3266660516094789,0.9581225286530796,0.8247521085351162,4.41%,TRIM28;TPR,GO_Biological_Process_2025__Positive Regulation of Protein Import Into Nucleus (GO:0042307)
GO:1990776,-0.4950228121111572,-0.957858568975974,0.9625709495455546,50.58%,SMAD3;PRKCD;ROCK1;RELA;NFKB1;ROCK2,GO_Biological_Process_2025__Response to Angiotensin (GO:1990776)
GO:0007420,-0.3121133773211073,-0.9577861002754228,0.962013406735432,23.18%,ANAPC7;RBBP4;VPS51;TUBGCP2;CLASP1;GIT1;ABCB6;NDUFS4;TBC1D23;SCYL2;UBE3A;RAB3GAP1;CXCR4,GO_Biological_Process_2025__Brain Development (GO:0007420)
GO:0000425,-0.4736540094839413,-0.9576578922140708,0.9608252817585888,35.44%,WIPI1;PIK3R4;PIK3C3;ATG2B;SQSTM1,GO_Biological_Process_2025__Pexophagy (GO:0000425)
GO:0030242,-0.4736540094839413,-0.9576578922140708,0.9608252817585888,35.44%,WIPI1;PIK3R4;PIK3C3;ATG2B;SQSTM1,GO_Biological_Process_2025__Autophagy of Peroxisome (GO:0030242)
GO:0051155,-0.4681454922704683,-0.9566692571212394,0.9617311959267016,48.84%,PIEZO1;MAPK14;TGFB1;IGF1;MMP14;ATP11A,GO_Biological_Process_2025__Positive Regulation of Striated Muscle Cell Differentiation (GO:0051155)
GO:1902850,-0.3791827435389192,-0.9559782791255464,0.9627254247386694,49.09%,CLASP1;PTPRA;TACC3;DCTN6;CKAP5;DCTN2;KPNB1;MAP1S;ILK;TBCE;DYNC1H1,GO_Biological_Process_2025__Microtubule Cytoskeleton Organization Involved in Mitosis (GO:1902850)
GO:0051051,-0.385607352512008,-0.9559684017913762,0.9620094043188409,18.23%,PTEN;EGF;MTMR2,GO_Biological_Process_2025__Negative Regulation of Transport (GO:0051051)
GO:1901880,-0.4383322103536847,-0.955833721129294,0.9615777262091612,31.92%,CLASP1;PIK3CA;GAS2L1;PROC,GO_Biological_Process_2025__Negative Regulation of Protein Depolymerization (GO:1901880)
GO:0061041,-0.3635733217294765,-0.955402471513085,0.9619335232670356,14.02%,VIL1;SERPINE1;F2R;PTK2,GO_Biological_Process_2025__Regulation of Wound Healing (GO:0061041)
GO:0007158,0.4598625602654403,0.9553604220423844,0.8294319702007499,11.56%,NRXN3;NCAM2,GO_Biological_Process_2025__Neuron Cell-Cell Adhesion (GO:0007158)
GO:0051260,-0.3101932648032592,-0.954255181792218,0.9641295176877308,33.31%,ATL2;PRMT1;TRPM4;EHD4;OSBPL2;ALS2;ITPR1;GOLGA2;S100A9;ITLN1;MICU1;MOSPD2;SOD2;DNM1;SSBP1;SPAST;APPL2;CARD9;PNPT1,GO_Biological_Process_2025__Protein Homooligomerization (GO:0051260)
GO:0031032,0.251908545065398,0.9542077934624932,0.8275355101541414,0.06%,ACTN2,GO_Biological_Process_2025__Actomyosin Structure Organization (GO:0031032)
GO:0006511,-0.2704229588058909,-0.9539708831580604,0.9640730206925808,46.02%,ZFAND2B;PPP2R5C;UBE4B;DTX3L;UBE3B;TRIM3;MIB1;RMND5A;UBE2G1;ZNRF2;CBL;GSK3A;HERC4;CUL4A;UXT;UBR1;KCMF1;FBXO22;DCAF11;UBE3C;FBXW5;SHARPIN;UBR3;UBA6;ARMC8;VPS28;UBR4;NEDD4;HUWE1;PSMC4;GET4;CUL5;UBL7;WDR81;UFD1;AXIN1;UBE3A;ATE1;UBE2L3;NPLOC4;HECTD3;ZSWIM8;PPP1R11;RBCK1;PSMD7;VPS4A;RNF14;COPS3;PROC;VPS37A;PSMB8;VPS4B;CHMP2B;UBE2K;FBXO45;TRIM25;SQSTM1;VPS37B;PTPN23;UBE2I;PSMD1;TOLLIP;PSMB3;PSMD6;PSMB9;RNF213;PSMD11;BAG6;WDR26;PSMD8;PSMA2;PSMC6;SIRT2;FBXO7;VPS37C;TSG101;PSMB1;OS9;MAEA;VCP;DDB1;PSMF1;WWP1;CUL3;PSMD12,GO_Biological_Process_2025__Ubiquitin-Dependent Protein Catabolic Process (GO:0006511)
GO:0002639,0.3793318115791658,0.953697437953107,0.8257017845941803,62.14%,GALNT2;TFRC;RBP4;PTPRC;VAMP3;HLA-E;SASH3;STX4;PHB2,GO_Biological_Process_2025__Positive Regulation of Immunoglobulin Production (GO:0002639)
GO:0001954,0.2832447268854489,0.9533050285928554,0.825133623207599,12.37%,FUT1;FERMT2;MYOC;EFEMP2;CSF1,GO_Biological_Process_2025__Positive Regulation of Cell-Matrix Adhesion (GO:0001954)
GO:0033630,-0.4504975602569853,-0.952902000216762,0.9652072334594674,35.50%,PIEZO1;TGFB2;NCKAP1L;P2RY12,GO_Biological_Process_2025__Positive Regulation of Cell Adhesion Mediated by Integrin (GO:0033630)
GO:0015937,-0.5014277286242133,-0.9525929370282408,0.965230798011987,44.76%,PPCDC;PANK4;DCAKD,GO_Biological_Process_2025__Coenzyme A Biosynthetic Process (GO:0015937)
GO:0002702,0.3793318115791656,0.9523958823712004,0.825674549666163,62.14%,GALNT2;SLC7A5;RBP4;PTPRC;VAMP3;HLA-E;SASH3;STX4;PHB2,GO_Biological_Process_2025__Positive Regulation of Production of Molecular Mediator of Immune Response (GO:0002702)
GO:2000026,-0.44925927942293,-0.9522368930714968,0.9653307000303308,48.45%,UCHL5;BAG6;RAB14;HPSE;RUVBL2;RUVBL1,GO_Biological_Process_2025__Regulation of Multicellular Organismal Development (GO:2000026)
GO:0010574,0.3398380734897239,0.9508464497437212,0.8275625578039104,66.09%,MIA3;IL6ST;FLT4;BSG;SARS1;RELA;HPSE;C3;C5;TGFB1;STAT3,GO_Biological_Process_2025__Regulation of Vascular Endothelial Growth Factor Production (GO:0010574)
GO:0033120,-0.4012066627211863,-0.9503492862115508,0.9683817560378206,19.18%,PRDX5;DYRK1A;PIK3R1;ERN1;ZPR1,GO_Biological_Process_2025__Positive Regulation of RNA Splicing (GO:0033120)
GO:0001654,-0.3862966000884245,-0.9503021490510914,0.9677486643511184,22.47%,ATF6;TGFB2;RAB3GAP1,GO_Biological_Process_2025__Eye Development (GO:0001654)
GO:0033622,-0.5117968016882837,-0.950213245046286,0.9672221311403038,6.88%,KRIT1,GO_Biological_Process_2025__Integrin Activation (GO:0033622)
GO:0071616,-0.4360641265413739,-0.9501669026880132,0.9665937636447228,18.99%,MLYCD;GCDH;SLC27A2,GO_Biological_Process_2025__acyl-CoA Biosynthetic Process (GO:0071616)
GO:0044782,-0.3130773521858136,-0.9499913115223614,0.965529819016888,50.87%,TRAPPC14;CEP131;NEK1;EHD4;IFT27;OCRL;CEP41;MICALL1;ATP6V1D;RILPL2;SNAP29;ABLIM3;PTGES2;PTPN23;TXNDC15;FNBP1L;RAB34;EHD3;HDAC6;EHD2;ARL13B;ACTR3;ABLIM1;SEPTIN2;SEPTIN7;ARL3;RAB1A;ATP6V0D1;ASAP1,GO_Biological_Process_2025__Cilium Organization (GO:0044782)
GO:0048812,-0.2964561995737812,-0.949815813158644,0.9652113904314836,47.64%,IMPACT;ARHGAP35;PTEN;TAOK2;ALS2;APLP2;METAP1;FGFR2;ANKRD27;NCKAP1L;DOCK7;CDK5;NCKAP1;PKN1;METAP2;ARHGEF7;NLGN1;PARD3;AFG3L2;DOCK10;MAP1S;RAB10;CPNE1;LLGL1;ACTBL2;DTNBP1;DNM2;MINK1;PPP1R12C;ROCK1;TNIK;SRGAP2;TAOK3,GO_Biological_Process_2025__Neuron Projection Morphogenesis (GO:0048812)
GO:2000628,0.4457168136098859,0.9495673353714376,0.8289081673900148,1.59%,DDX5,GO_Biological_Process_2025__Regulation of miRNA Metabolic Process (GO:2000628)
GO:0006260,-0.4138857914973554,-0.9494182215050848,0.965456598118281,8.86%,TREX1;HELB,GO_Biological_Process_2025__DNA Replication (GO:0006260)
GO:0003281,0.3901093135766197,0.949165366731803,0.8284144353057089,10.15%,PDE2A;MATR3;TGFBR3,GO_Biological_Process_2025__Ventricular Septum Development (GO:0003281)
GO:0071383,-0.5069165802553626,-0.9490269196168406,0.9656806969312576,23.43%,UBE2L3;TFPI,GO_Biological_Process_2025__Cellular Response to Steroid Hormone Stimulus (GO:0071383)
GO:1903077,-0.3750335588546734,-0.948904147954068,0.9652442766003742,46.06%,PPP2R5A;TMEM59;BCL2L1;LYPLAL1;CLTC;CSK;TGFB1;DAB2;TMBIM1,GO_Biological_Process_2025__Negative Regulation of Protein Localization to Plasma Membrane (GO:1903077)
GO:0034139,-0.5074770196930418,-0.9481854576624368,0.9647288295563198,41.18%,TRIM3;WDFY1;FLOT2;FLOT1,GO_Biological_Process_2025__Regulation of Toll-Like Receptor 3 Signaling Pathway (GO:0034139)
GO:0050868,-0.3493169171956017,-0.9471507129727266,0.9665410862978248,17.69%,CD274;GLMN;VSIR;RIPOR2;JAK3,GO_Biological_Process_2025__Negative Regulation of T Cell Activation (GO:0050868)
GO:0007409,-0.2906190942802939,-0.9468457080201912,0.9658366248664356,15.49%,ARHGAP35;PTEN;SEMA4C;TAOK2;CYFIP2;OPHN1;APLP2;KALRN;METAP1;MYCBP2;FGFR2;PTK2;C9ORF72;PLXNA4;PPP3CB;SEMA4B,GO_Biological_Process_2025__Axonogenesis (GO:0007409)
GO:1904892,-0.4677558972267546,-0.946319908807302,0.965721594268778,27.09%,JAK2;EGF;JAK3;STK4,GO_Biological_Process_2025__Regulation of Receptor Signaling Pathway via STAT (GO:1904892)
GO:0071675,0.4052391467931422,0.9459307988531168,0.8339079643615441,14.54%,CD81;CSF1R;MSN,GO_Biological_Process_2025__Regulation of Mononuclear Cell Migration (GO:0071675)
GO:0007423,-0.4316525589094337,-0.9455226963291362,0.9661607074098076,24.63%,ATF6;TGFB2;ECE1,GO_Biological_Process_2025__Sensory Organ Development (GO:0007423)
GO:1903593,-0.5093268091656474,-0.9448135124205516,0.9671113468159708,6.92%,SNX4,GO_Biological_Process_2025__Regulation of Histamine Secretion by Mast Cell (GO:1903593)
GO:1903059,-0.4995261663431746,-0.9446791525268547,0.9667110717371558,41.86%,RAB3GAP1;PIK3C3;RAB3GAP2;RABL3,GO_Biological_Process_2025__Regulation of Protein Lipidation (GO:1903059)
GO:0051345,-0.3194882992053517,-0.944596777954557,0.9661437256449068,38.53%,EVI5L;RGS6;F2R;DOCK8;ALS2;MTMR9;REPS1;RASGRP2;DOCK11;RAB3GAP1;ARAP1;ARHGEF7;DOCK10;MMUT;GNB5;ZC3H15;LARS1,GO_Biological_Process_2025__Positive Regulation of Hydrolase Activity (GO:0051345)
GO:0007093,0.3844893380759335,0.9442964225327456,0.8346719366002473,7.04%,RAD50;MRE11,GO_Biological_Process_2025__Mitotic Cell Cycle Checkpoint Signaling (GO:0007093)
GO:1904894,-0.3916623633629976,-0.9440722844026872,0.9666864413519514,6.38%,JAK2;F2R,GO_Biological_Process_2025__Positive Regulation of Receptor Signaling Pathway via STAT (GO:1904894)
GO:1903579,0.4444968906248645,0.943851111065314,0.8341148589838498,0.50%,PARP1,GO_Biological_Process_2025__Negative Regulation of ATP Metabolic Process (GO:1903579)
GO:0000819,0.4317587775735413,0.9431056223751634,0.8342950685874001,3.91%,ZNF207,GO_Biological_Process_2025__Sister Chromatid Segregation (GO:0000819)
GO:0060538,-0.4819448568542013,-0.9421608016430814,0.9698334483752656,47.22%,FXR1;SVIL;MYL6;MYL6B;MYH14,GO_Biological_Process_2025__Skeletal Muscle Organ Development (GO:0060538)
GO:0030097,-0.3306327602140594,-0.94199839613897,0.9694389804504492,22.74%,PDGFB;OGT;FLCN;ZFPM1;FGFR2;RRAS;TGFB2;PRDX3,GO_Biological_Process_2025__Hemopoiesis (GO:0030097)
GO:0051147,-0.432830863026315,-0.941983231246034,0.9687476657714288,33.45%,FGFR2;LMNB2;MAPK14,GO_Biological_Process_2025__Regulation of Muscle Cell Differentiation (GO:0051147)
GO:0090304,-0.4491193465481244,-0.941506904462148,0.9690884863423124,0.08%,TREX1,GO_Biological_Process_2025__Nucleic Acid Metabolic Process (GO:0090304)
GO:0070509,-0.48111888059122,-0.9414846711841892,0.9684111378311182,1.59%,MCUR1,GO_Biological_Process_2025__Calcium Ion Import (GO:0070509)
GO:1902679,-0.2892651938632217,-0.9412508222015632,0.9682312964813264,2.78%,INPP5K;PDGFB;APOBEC3C;CHD4;RBBP4;NACC1,GO_Biological_Process_2025__Negative Regulation of RNA Biosynthetic Process (GO:1902679)
GO:0006303,-0.4514189726920404,-0.9412389861456488,0.967536628838502,2.67%,PRKDC,GO_Biological_Process_2025__Double-Strand Break Repair via Nonhomologous End Joining (GO:0006303)
GO:0051791,-0.4852758191621733,-0.9410182470697088,0.9672966187721268,51.55%,CES1;ACAD9;OXSM;ACOT7;ACADM;CRAT,GO_Biological_Process_2025__Medium-Chain Fatty Acid Metabolic Process (GO:0051791)
GO:0070141,-0.4808271545121875,-0.9407908091482968,0.9664124092683436,10.36%,PPID,GO_Biological_Process_2025__Response to UV-A (GO:0070141)
GO:0071492,-0.4808271545121875,-0.9407908091482968,0.9664124092683436,10.36%,PPID,GO_Biological_Process_2025__Cellular Response to UV-A (GO:0071492)
GO:0060348,-0.3703381216049128,-0.9405681463731396,0.9662130095378888,16.32%,VKORC1;SLC10A7;FGFR2;ATG9A,GO_Biological_Process_2025__Bone Development (GO:0060348)
GO:1901890,0.2929061784897026,0.9405360216245316,0.8385045088615289,70.84%,FERMT2;MYOC;CLSTN1;SLITRK1;GHRL;NRXN1;MAP4K4;NRP1;PTPRJ;IL1RAP;PPM1F;GDF2;LIMS1;CLDN5;NLGN2;CLSTN3;ROCK1;FLOT1;NLGN1;LRRC4B;TSC1,GO_Biological_Process_2025__Positive Regulation of Cell Junction Assembly (GO:1901890)
GO:0015980,-0.3610196549007458,-0.9405246502491208,0.9655847432651028,53.56%,SLC25A13;UQCR11;UQCR10;NDUFA4;NDUFS1;UQCRB;UQCRC1;UQCRQ;GFPT1;UQCRC2;CYCS;COX5A;COX4I1;COX6B1;COX7A2,GO_Biological_Process_2025__Energy Derivation by Oxidation of Organic Compounds (GO:0015980)
GO:0060333,-0.5078199915709305,-0.9405143996151174,0.9648867547625252,5.94%,JAK2,GO_Biological_Process_2025__Type II Interferon-Mediated Signaling Pathway (GO:0060333)
GO:0060429,-0.3122643575864836,-0.9399107477548412,0.9655991141484932,23.96%,ALDOC;VIL1;JAK2;KRIT1;FGFR2;CES1;KANK2;CNN3;TGFB2;DNPH1;CASP6;GSTK1,GO_Biological_Process_2025__Epithelium Development (GO:0060429)
GO:0071300,-0.4482857524869946,-0.9398277830529752,0.9651005388931492,14.64%,HTRA2;NDUFA13,GO_Biological_Process_2025__Cellular Response to Retinoic Acid (GO:0071300)
GO:0043069,-0.2658248498775138,-0.9398233699591392,0.964396787564149,22.74%,NME2;AVEN;GOLPH3;TPT1;TREM2;PRKDC;GRK5;MTOR;HIGD1A;BIRC6;CBL;ATG5;GCG;BNIP1;RPS6KB1;PRDX5;NAA15;BECN1;RPS6KA3;PIK3R1;FXN;PTK2;SPHK1;MAPKAP1;API5;FKBP8;LONP1;S100A9;HYPK;DDX3X;KANK2;RPL15;RIPK1;NCKAP1L;SHC1;BRAF;PRDX3,GO_Biological_Process_2025__Negative Regulation of Programmed Cell Death (GO:0043069)
GO:1904874,-0.457788840489525,-0.939780945982681,0.9609284302631224,54.31%,TCP1;CCT6A;CCT4;CCT3;CCT7;CCT8;CCT5,GO_Biological_Process_2025__Positive Regulation of Telomerase RNA Localization to Cajal Body (GO:1904874)
GO:0051086,-0.457788840489525,-0.939780945982681,0.9609284302631224,54.31%,TCP1;CCT6A;CCT4;CCT3;CCT7;CCT8;CCT5,GO_Biological_Process_2025__Chaperone Mediated Protein Folding Independent of Cofactor (GO:0051086)
GO:1904869,-0.457788840489525,-0.939780945982681,0.9609284302631224,54.31%,TCP1;CCT6A;CCT4;CCT3;CCT7;CCT8;CCT5,GO_Biological_Process_2025__Regulation of Protein Localization to Cajal Body (GO:1904869)
GO:1904871,-0.457788840489525,-0.939780945982681,0.9609284302631224,54.31%,TCP1;CCT6A;CCT4;CCT3;CCT7;CCT8;CCT5,GO_Biological_Process_2025__Positive Regulation of Protein Localization to Cajal Body (GO:1904871)
GO:1904872,-0.457788840489525,-0.939780945982681,0.9609284302631224,54.31%,TCP1;CCT6A;CCT4;CCT3;CCT7;CCT8;CCT5,GO_Biological_Process_2025__Regulation of Telomerase RNA Localization to Cajal Body (GO:1904872)
GO:0045621,-0.4212149172717531,-0.9394624051740368,0.9602628150012892,21.73%,PRKDC;INPP5D;NCKAP1L,GO_Biological_Process_2025__Positive Regulation of Lymphocyte Differentiation (GO:0045621)
GO:0097352,-0.331913696433368,-0.9389115411792406,0.960860222696848,34.01%,VPS16;VPS33B;PIK3R4;BECN1;LAMP2;VIPAS39;VTI1B;PIK3C3;VPS4A;VMP1;VAMP7;VPS4B;SNAP29;CHMP2B;EPG5,GO_Biological_Process_2025__Autophagosome Maturation (GO:0097352)
GO:0010556,-0.3428344768545048,-0.9388024088890146,0.9604138944599512,5.88%,MARF1;TREM2;TRIM4,GO_Biological_Process_2025__Regulation of Macromolecule Biosynthetic Process (GO:0010556)
GO:0010721,-0.4428011353245835,-0.9383336273652648,0.9600895661080678,5.55%,GSK3A,GO_Biological_Process_2025__Negative Regulation of Cell Development (GO:0010721)
GO:0001932,-0.2963523296082779,-0.93823760550264,0.9595949777820482,27.28%,INPP5K;PRKDC;STAT2;FER;PTK2;C9ORF72;FKBP8;REPS1;NDUFS4;ITLN1;RIPK1;PKN1;STK4;RAP2A,GO_Biological_Process_2025__Regulation of Protein Phosphorylation (GO:0001932)
GO:0044351,-0.4974781162124591,-0.9382284905629332,0.9589020096233114,16.40%,MAPKAPK2;MAPKAPK3,GO_Biological_Process_2025__Macropinocytosis (GO:0044351)
GO:0007193,0.364484192906283,0.9381464267240424,0.8423359377667182,4.83%,PDE2A;AKAP12,GO_Biological_Process_2025__Adenylate Cyclase-Inhibiting G Protein-Coupled Receptor Signaling Pathway (GO:0007193)
GO:0043066,-0.2604990784757047,-0.9378179087950816,0.9584759260051602,16.86%,NME2;AVEN;GOLPH3;TPT1;TREM2;HTRA2;PRKDC;GRK5;MTOR;HIGD1A;BIRC6;CBL;SERPINE1;GCG;F2R;BNIP1;KRIT1;RPS6KB1;PRDX5;NAA15;RPS6KA3;PIK3R1;FXN;PTK2;SPHK1;MAPKAP1;API5;FKBP8;LONP1;S100A9,GO_Biological_Process_2025__Negative Regulation of Apoptotic Process (GO:0043066)
GO:0006658,-0.4342002482753968,-0.9376183529189368,0.9582288622809508,16.09%,PLA2G15;OSBPL8,GO_Biological_Process_2025__Phosphatidylserine Metabolic Process (GO:0006658)
GO:0010972,-0.4189502254159394,-0.937440246895266,0.9579683747400966,0.46%,AVEN,GO_Biological_Process_2025__Negative Regulation of G2/M Transition of Mitotic Cell Cycle (GO:0010972)
GO:0006911,-0.3959550674480623,-0.9373538400451916,0.9574637409095228,2.30%,ARHGAP25,"GO_Biological_Process_2025__Phagocytosis, Engulfment (GO:0006911)"
GO:0032965,-0.4364415300075177,-0.93726424975355,0.9569681061568848,40.74%,F2R;PRDX5;IL6R;TGFB1;EMILIN1;SERPINF2,GO_Biological_Process_2025__Regulation of Collagen Biosynthetic Process (GO:0032965)
GO:0044090,-0.3790219987239994,-0.9365922253683552,0.957053262409277,22.56%,WIPI1;SNX4;PPP3CB;PIP4K2C;RAB3GAP1;SH3GLB1,GO_Biological_Process_2025__Positive Regulation of Vacuole Organization (GO:0044090)
GO:0048666,-0.286126951958863,-0.9365249564187724,0.9565397842921716,25.39%,CAMSAP1;FRYL;PRMT1;FRY;OPHN1;TBCD;GBA2;RAB11A;NEDD4;ATXN10;TBC1D23;TGFB2;SAMD14;MICALL1;DOCK7;CDK5;METAP2,GO_Biological_Process_2025__Neuron Development (GO:0048666)
GO:0048592,0.3838228954197931,0.9365099751806152,0.8444805442001776,16.71%,MFAP5;FBN1,GO_Biological_Process_2025__Eye Morphogenesis (GO:0048592)
GO:0008631,-0.4597378767262399,-0.9364295173277728,0.956067547800606,45.90%,MAP3K5;PDPK1;STK24;PDCD10;UACA;PRKCD,GO_Biological_Process_2025__Intrinsic Apoptotic Signaling Pathway in Response to Oxidative Stress (GO:0008631)
GO:0051281,-0.404469797077293,-0.9364118303425666,0.9554156365576456,25.64%,F2R;F2RL3;SLC6A4;GSTM2,GO_Biological_Process_2025__Positive Regulation of Release of Sequestered Calcium Ion Into Cytosol (GO:0051281)
GO:0070233,-0.4767256611862183,-0.9363821216579372,0.9547989410669284,23.22%,JAK3;FADD,GO_Biological_Process_2025__Negative Regulation of T Cell Apoptotic Process (GO:0070233)
GO:0090026,-0.4204258915964649,-0.9362378855653418,0.9544406276711472,34.24%,SERPINE1;MOSPD2;S100A7;ANO6,GO_Biological_Process_2025__Positive Regulation of Monocyte Chemotaxis (GO:0090026)
GO:0036010,-0.4204980599295483,-0.9359777073903264,0.954340131806366,23.51%,WASHC2A;WASHC2C;MICALL1,GO_Biological_Process_2025__Protein Localization to Endosome (GO:0036010)
GO:1905906,-0.4092881158139605,-0.9359307420672688,0.9537529175167364,13.61%,TREM2;PFDN2,GO_Biological_Process_2025__Regulation of Amyloid Fibril Formation (GO:1905906)
GO:0032376,-0.408165704420381,-0.9346257168964346,0.955396936675851,1.93%,TREM2,GO_Biological_Process_2025__Positive Regulation of Cholesterol Transport (GO:0032376)
GO:0006998,-0.4139853485170774,-0.9345464384246036,0.9548764182230024,56.92%,LEMD2;TMEM43;VPS4A;TOR1A;LMNB2;TOR1B;TOR1AIP1;LMNB1;EMD,GO_Biological_Process_2025__Nuclear Envelope Organization (GO:0006998)
GO:0045542,-0.5024523714876133,-0.93410383810358,0.9544903500841496,34.30%,GNAI1;PRKAA1;KPNB1,GO_Biological_Process_2025__Positive Regulation of Cholesterol Biosynthetic Process (GO:0045542)
GO:0106120,-0.5024523714876133,-0.93410383810358,0.9544903500841496,34.30%,GNAI1;PRKAA1;KPNB1,GO_Biological_Process_2025__Positive Regulation of Sterol Biosynthetic Process (GO:0106120)
GO:2000785,-0.3499043195318074,-0.9336951986812722,0.9547252941985126,25.41%,MTOR;WIPI1;PIKFYVE;SNX4;C9ORF72;PIP4K2C;RAB3GAP1;SH3GLB1;FEZ2,GO_Biological_Process_2025__Regulation of Autophagosome Assembly (GO:2000785)
GO:0070922,-0.4973671926413001,-0.933463495401836,0.9545714280815412,1.78%,TARBP2,GO_Biological_Process_2025__RISC Complex Assembly (GO:0070922)
GO:0038093,-0.3613601222651812,-0.933136442306074,0.954643491659596,37.95%,FER;VAV3;MAP3K7;TRAF6;VAV1;PLCG2;IKBKB;PIGR;LYN,GO_Biological_Process_2025__Fc Receptor Signaling Pathway (GO:0038093)
GO:1904994,-0.5021274722864324,-0.9325498303800268,0.9552419463926424,19.22%,IRAK1;TRAF6,GO_Biological_Process_2025__Regulation of Leukocyte Adhesion to Vascular Endothelial Cell (GO:1904994)
GO:0038203,-0.4934995936127109,-0.9322627754915238,0.9551824017593628,33.64%,MTOR;RICTOR;PRR5L,GO_Biological_Process_2025__TORC2 Signaling (GO:0038203)
GO:1901379,-0.4004742866203222,-0.9322090382426544,0.9546128104854508,20.59%,CAB39;DLG1;NEDD4;KCNAB2;STK39,GO_Biological_Process_2025__Regulation of Potassium Ion Transmembrane Transport (GO:1901379)
GO:0051129,-0.3108425155726663,-0.9320894351100184,0.9541884292339796,22.33%,TMC8;IRAK3;HSPA2;GLMN;WASHC2C;LAMP2;MTMR2;DDX3X;CARMIL1;APOM,GO_Biological_Process_2025__Negative Regulation of Cellular Component Organization (GO:0051129)
GO:1901889,-0.3891169298201657,-0.9317992212933508,0.9541480624788052,1.12%,PTEN,GO_Biological_Process_2025__Negative Regulation of Cell Junction Assembly (GO:1901889)
GO:0016137,-0.4748193674808639,-0.9317270595586848,0.9536109080849776,28.56%,GBA2;AKR1B1,GO_Biological_Process_2025__Glycoside Metabolic Process (GO:0016137)
GO:0007052,-0.3374910593639293,-0.9315469468963754,0.95335050417014,35.23%,ARHGEF10;GOLGA2;CLASP1;RAB11A;PTPRA;DCTN6;CKAP5;DCTN2;SPAST;KPNB1;MAP1S,GO_Biological_Process_2025__Mitotic Spindle Organization (GO:0007052)
GO:0140238,0.3329273816918385,0.9312633527310208,0.8545997438857086,0.12%,SNCG,GO_Biological_Process_2025__Presynaptic Endocytosis (GO:0140238)
GO:0043009,-0.4005319482728706,-0.9307216249417054,0.9545126267783138,13.84%,FLCN;FUT8;FGFR2;PCSK5,GO_Biological_Process_2025__Chordate Embryonic Development (GO:0043009)
GO:0007612,-0.3736649244782588,-0.9303719600602992,0.9546741001187796,15.47%,ATAD1;METAP1;SYNJ1;PPP3CB,GO_Biological_Process_2025__Learning (GO:0007612)
GO:0007179,-0.3178640428553753,-0.9299808319271122,0.9548805635442048,21.87%,USP9Y;LRRC32;PTK2;MAP3K7;SMAD3;FNTA;TGFB2;LRG1;APPL1,GO_Biological_Process_2025__Transforming Growth Factor Beta Receptor Signaling Pathway (GO:0007179)
GO:0080171,-0.400906271272503,-0.9295929147415218,0.9550907773716468,5.68%,CLN6;HPS1,GO_Biological_Process_2025__Lytic Vacuole Organization (GO:0080171)
GO:0046834,-0.4981538796499227,-0.9294597279942536,0.954687360387375,34.94%,DGKZ;DGKD;DGKE,GO_Biological_Process_2025__Lipid Phosphorylation (GO:0046834)
GO:0030316,-0.4340022230511515,-0.9293112026045596,0.9543417697038166,33.45%,TREM2;SLC4A2;ATP6AP1;MAPK14,GO_Biological_Process_2025__Osteoclast Differentiation (GO:0030316)
GO:0048738,-0.4180597334241827,-0.9287828236742371,0.9548285300049816,18.74%,PRMT1;ZFPM1;AKAP13,GO_Biological_Process_2025__Cardiac Muscle Tissue Development (GO:0048738)
GO:0090025,-0.4074271678460222,-0.9286818609168944,0.9543844695352112,37.95%,SERPINE1;MOSPD2;S100A7;ANO6;LYN,GO_Biological_Process_2025__Regulation of Monocyte Chemotaxis (GO:0090025)
GO:0045893,-0.2567000588151579,-0.9285997651977363,0.9538738383739248,11.35%,INPP5K;NME2;MRTFB;PTEN;PDGFB;PAF1;CHD4;RBBP4;PRKDC;CHUK;STAT6;DTX3L;NLRC5;UBP1;MTOR;TRIP4;OGT;ATF6;JAK2;F2R;MLXIP;STAT5B;ZFPM1;STAT2;ILF2;NAA15;DYRK1A;RPS6KA3;ILF3;NFE2;PIK3R1,GO_Biological_Process_2025__Positive Regulation of DNA-templated Transcription (GO:0045893)
GO:0042982,-0.4266814654906216,-0.9284719789398908,0.9534606446300652,30.70%,PSEN2;NCSTN;LDLRAP1;TMCC2,GO_Biological_Process_2025__Amyloid Precursor Protein Metabolic Process (GO:0042982)
GO:2000786,-0.3956083890153677,-0.928323257499618,0.9524294755603424,22.56%,WIPI1;SNX4;PIP4K2C;RAB3GAP1;SH3GLB1,GO_Biological_Process_2025__Positive Regulation of Autophagosome Assembly (GO:2000786)
GO:0040036,0.4141435089174617,0.9281468380595532,0.8601066550380713,58.64%,PRKD2;NRXN1;GPC1;ITGB1;THBS1;NPTN,GO_Biological_Process_2025__Regulation of Fibroblast Growth Factor Receptor Signaling Pathway (GO:0040036)
GO:0034764,-0.4596347053251081,-0.9279129262814146,0.9526240048058264,34.47%,ACSL5;BRAF;ANO6;C2CD5,GO_Biological_Process_2025__Positive Regulation of Transmembrane Transport (GO:0034764)
GO:1903305,-0.4611389867762034,-0.9274224279793072,0.9530251831174796,28.81%,RAB27A;UNC13D;SEPTIN5,GO_Biological_Process_2025__Regulation of Regulated Secretory Pathway (GO:1903305)
GO:0015919,0.4071647750616076,0.9273654832849464,0.860316401766167,6.34%,PEX16;RAB8B,GO_Biological_Process_2025__Peroxisomal Membrane Transport (GO:0015919)
GO:0060334,0.4329354430904802,0.9270236313577668,0.858074963345172,0.27%,DNAJA3,GO_Biological_Process_2025__Regulation of Type II Interferon-Mediated Signaling Pathway (GO:0060334)
GO:0062196,0.3976353453640323,0.9267575909504112,0.8572147612166553,60.29%,KXD1;BORCS7;BORCS8;SNAPIN;BLOC1S2;BORCS6;BORCS5,GO_Biological_Process_2025__Regulation of Lysosome Size (GO:0062196)
GO:0050796,-0.3413331606967742,-0.926033640589741,0.9554848803845788,30.65%,UQCC2;GCG;IRS1;PPP3CB;IRS2;MCU;HADH;PDHX,GO_Biological_Process_2025__Regulation of Insulin Secretion (GO:0050796)
GO:0000165,0.2377180352540012,0.9255468112766986,0.858451233702185,3.11%,LGALS9;FGFR3,GO_Biological_Process_2025__MAPK Cascade (GO:0000165)
GO:0050829,-0.3434070865165598,-0.9254233658028732,0.9562091138513868,15.95%,TREM2;SERPINE1;OPTN;LBP;DEFA4,GO_Biological_Process_2025__Defense Response to Gram-negative Bacterium (GO:0050829)
GO:0010575,0.3397675383976755,0.9250240658509308,0.8580454848645488,66.09%,MIA3;IL6ST;FLT4;BSG;RELA;HPSE;C3;C5;TGFB1;STAT3,GO_Biological_Process_2025__Positive Regulation of Vascular Endothelial Growth Factor Production (GO:0010575)
GO:0051480,-0.4346847570334852,-0.9245459885056072,0.9575497669551908,14.81%,ATP2B1;ITPR1,GO_Biological_Process_2025__Regulation of Cytosolic Calcium Ion Concentration (GO:0051480)
GO:0060544,0.3533313872425707,0.92301576393122,0.8609565228064149,6.67%,PARP1;YBX3,GO_Biological_Process_2025__Regulation of Necroptotic Process (GO:0060544)
GO:0009892,-0.3494240096979787,-0.9222792529299848,0.96053008231424,23.59%,IP6K1;FLCN;LNPEP;NRDC;DOCK7,GO_Biological_Process_2025__Negative Regulation of Metabolic Process (GO:0009892)
GO:0050672,-0.3701693771050141,-0.9218198145098988,0.9608783506896442,13.34%,CD274;GLMN;RIPOR2,GO_Biological_Process_2025__Negative Regulation of Lymphocyte Proliferation (GO:0050672)
GO:0043436,-0.4510822975979776,-0.9216799549176226,0.9604923390932772,29.02%,S100A9;PPA2;TPST2,GO_Biological_Process_2025__Oxoacid Metabolic Process (GO:0043436)
GO:0034250,-0.4097419951681605,-0.9216105372442498,0.9599890991228324,8.37%,GSK3A;SIRT3,GO_Biological_Process_2025__Positive Regulation of Amide Metabolic Process (GO:0034250)
GO:0010639,-0.346117886590124,-0.9214860719272376,0.9596155669644448,4.58%,MTOR;BAK1;FLCN,GO_Biological_Process_2025__Negative Regulation of Organelle Organization (GO:0010639)
GO:0046504,-0.4949762585725742,-0.9213739569711168,0.9591754531774588,20.48%,GNPAT;DHRS7B,GO_Biological_Process_2025__Glycerol Ether Biosynthetic Process (GO:0046504)
GO:0007498,-0.4759605799467394,-0.9211383171304792,0.9590281150776526,5.94%,JAK2,GO_Biological_Process_2025__Mesoderm Development (GO:0007498)
GO:0045943,0.4112840521464408,0.9210827195271548,0.8621299470781789,3.89%,SF3B1;WDR43,GO_Biological_Process_2025__Positive Regulation of Transcription by RNA Polymerase I (GO:0045943)
GO:0002230,-0.4334893934831894,-0.920954645841368,0.958772831880024,53.91%,DTX3L;PARP9;TOMM70;STAT1;MAVS;HSP90AA1;STING1,GO_Biological_Process_2025__Positive Regulation of Defense Response to Virus by Host (GO:0002230)
GO:0007249,-0.3653824294022357,-0.9201512467219712,0.9598871037889288,31.65%,CHUK;IRAK1;MAP3K7;TRAF6;TBK1;NFKB2;MYO18A;IKBKB,GO_Biological_Process_2025__Canonical NF-kappaB Signal Transduction (GO:0007249)
GO:0099504,-0.3693987735956525,-0.9200610496324696,0.9594089477517264,32.04%,ATP6V1G1;GIT1;CDK5;PIP5K1C;NLGN1;SLC18A2;GIT2,GO_Biological_Process_2025__Synaptic Vesicle Cycle (GO:0099504)
GO:0090316,0.2528897337019165,0.9199994688378316,0.8628554926799579,6.65%,BAG3;TRIM28;TPR;CD81,GO_Biological_Process_2025__Positive Regulation of Intracellular Protein Transport (GO:0090316)
GO:2000058,-0.3304235231504178,-0.9195823940348886,0.9591163035738064,22.12%,PTEN;MTOR;TRAF7;CCDC22;GLMN;PTK2;XPO1;AXIN1;UBE3A,GO_Biological_Process_2025__Regulation of Ubiquitin-Dependent Protein Catabolic Process (GO:2000058)
GO:0002886,-0.4669318229777185,-0.9193267350738966,0.9590198790408112,39.29%,FES;UNC13D;LYN;STXBP2,GO_Biological_Process_2025__Regulation of Myeloid Leukocyte Mediated Immunity (GO:0002886)
GO:0046514,-0.4992049169535776,-0.9193023774222152,0.9583950165806971,33.80%,EGFL7;GLB1;ASAH1,GO_Biological_Process_2025__Ceramide Catabolic Process (GO:0046514)
GO:0050857,0.3686108719799184,0.918373034653812,0.8632597345556917,7.27%,RPS3;CD81;LCK,GO_Biological_Process_2025__Positive Regulation of Antigen Receptor-Mediated Signaling Pathway (GO:0050857)
GO:0001558,-0.282039828567548,-0.9178443830144144,0.9609098733036892,22.78%,MTOR;TAOK2;EPHX2;RPS6KA3;CCAR2;NDRG3;FBP1;FXN;SPHK1;MAPKAP1;RASGRP2;SMAD3;S100A9;CAMK2D;RPTOR;CSNK2A2;SIPA1;EIF4G2;DDX3X;TGFB2;DNPH1;S100A8,GO_Biological_Process_2025__Regulation of Cell Growth (GO:0001558)
GO:2001237,-0.3305529942274168,-0.9174851222727496,0.9603418697906412,52.20%,BIRC6;SERPINE1;SLC6A4;DDX3X;RIPK1;BCL2L1;ARHGEF2;IGF1;TMBIM1;GPX1;PF4;AKT1;ITGA6;RELA;SRC;GSK3B,GO_Biological_Process_2025__Negative Regulation of Extrinsic Apoptotic Signaling Pathway (GO:2001237)
GO:1903371,-0.4945054945054945,-0.9174104610010422,0.9598252278030426,50.62%,TMEM33;RAB3GAP1;RAB3GAP2;ATL3;LNPK,GO_Biological_Process_2025__Regulation of Endoplasmic Reticulum Tubular Network Organization (GO:1903371)
GO:0070884,-0.3749520017192967,-0.917150963537724,0.959723444690618,40.08%,PPP3CB;PRNP;PLCG2;SLC9A1;HOMER2;PPP3CA;IGF1,GO_Biological_Process_2025__Regulation of calcineurin-NFAT Signaling Cascade (GO:0070884)
GO:0030167,-0.4972361599963204,-0.9170043400930632,0.959371786623744,28.25%,NAGLU;GLB1;GNS,GO_Biological_Process_2025__Proteoglycan Catabolic Process (GO:0030167)
GO:0040014,-0.468078866643625,-0.9166462316167304,0.959500581414944,35.58%,STAT5B;STAT5A;GNAS,GO_Biological_Process_2025__Regulation of Multicellular Organism Growth (GO:0040014)
GO:0016045,-0.4703779032092933,-0.9158102286683212,0.9606653175804852,9.73%,PGLYRP1,GO_Biological_Process_2025__Detection of Bacterium (GO:0016045)
GO:0045577,-0.490627334785755,-0.9157507554419936,0.9601108610530832,21.73%,INPP5D;NCKAP1L,GO_Biological_Process_2025__Regulation of B Cell Differentiation (GO:0045577)
GO:0006821,-0.3769701651048529,-0.9154445018078254,0.9601063371060748,16.53%,CLCN7;SLC12A2;CLCN3,GO_Biological_Process_2025__Chloride Transport (GO:0006821)
GO:0071900,-0.3480878395220407,-0.9154060480565686,0.9595091162720324,47.00%,KSR1;CAB39;LONP1;CAMK1;STK4;CDK5RAP3;SNF8;SLC8A3;PDCD10;TSG101;SYAP1;PYCARD,GO_Biological_Process_2025__Regulation of Protein Serine/Threonine Kinase Activity (GO:0071900)
GO:0043604,-0.3295148242217768,-0.9152033869900889,0.9593084618854424,35.54%,MECR;SLC25A15;SPTLC1;MYCBP2;PPCDC;PANK4;GGT7;SPTLC2;OSBP;ASAH1;CERS2;ACOT7,GO_Biological_Process_2025__Amide Biosynthetic Process (GO:0043604)
GO:0008285,-0.2692272320329475,-0.9150893502282712,0.9588926805447828,10.38%,PTEN;EIF2AK2;PPP2R5C;TREM2;TSC2;RBBP4;FLCN;JAK2;F2R;DIS3L2;GLMN,GO_Biological_Process_2025__Negative Regulation of Cell Population Proliferation (GO:0008285)
GO:0033628,-0.3612741071940534,-0.9148510146409664,0.9587084375035572,37.95%,SERPINE1;PTK2;TGFB2;NCKAP1L;ADA;PIK3CG;JAM3;TESC;P2RY12;LYN,GO_Biological_Process_2025__Regulation of Cell Adhesion Mediated by Integrin (GO:0033628)
GO:1901184,-0.4668178959036393,-0.9147592725384048,0.9582661919520686,10.67%,FER,GO_Biological_Process_2025__Regulation of ERBB Signaling Pathway (GO:1901184)
GO:0002763,-0.3825614578559015,-0.9146874357627448,0.9577598783080216,23.22%,FES;RPTOR;TRAF6;RIPK1;FADD,GO_Biological_Process_2025__Positive Regulation of Myeloid Leukocyte Differentiation (GO:0002763)
GO:0071356,-0.3261160935070691,-0.9144604159800316,0.9576068405116136,5.94%,INPP5K;CHUK;JAK2,GO_Biological_Process_2025__Cellular Response to Tumor Necrosis Factor (GO:0071356)
GO:0045579,-0.4930079571156179,-0.9143820676892448,0.9571062551696954,21.73%,INPP5D;NCKAP1L,GO_Biological_Process_2025__Positive Regulation of B Cell Differentiation (GO:0045579)
GO:0051493,-0.281805571007556,-0.913962882882395,0.9573418264554656,29.60%,ARHGAP35;MTOR;TAOK2;GSK3A;RAC2;BICD2;PFDN2;PTK2;ARHGAP17;SLC4A2;CLASP1;S100A9;CCDC88A;S100A8;PKN1;PRKAA1;RHOF;ARAP1;ARHGEF7,GO_Biological_Process_2025__Regulation of Cytoskeleton Organization (GO:0051493)
GO:0042129,0.2445649014675384,0.9134921279352556,0.872274618817617,18.64%,CD209;HLA-DRB3;CD6;CD276;CR1;LILRB2;TFRC;SLC7A1;CCL5;LEP;GPNMB;PDCD1LG2;HLA-DRB1,GO_Biological_Process_2025__Regulation of T Cell Proliferation (GO:0042129)
GO:0010646,-0.3356160272144879,-0.9134812598410568,0.9577249735516784,41.74%,GRK5;NCLN;GRK6;CAMK2D;PPP6R3;STRN4;PPP6R1;GNAS;PTPN1;HPCAL1;MGLL;DTNBP1,GO_Biological_Process_2025__Regulation of Cell Communication (GO:0010646)
GO:0001732,-0.3962228039552212,-0.9132709016450082,0.9575150872327374,52.57%,EIF3F;EIF3M;EIF3I;EIF5;EIF3L;EIF3E;EIF3B;EIF3K,GO_Biological_Process_2025__Formation of Cytoplasmic Translation Initiation Complex (GO:0001732)
GO:0045920,0.4233816655110988,0.913141338378346,0.8714961017978752,0.08%,RAB33B,GO_Biological_Process_2025__Negative Regulation of Exocytosis (GO:0045920)
GO:0022407,0.3116478600317196,0.9130718293800616,0.8701151499864995,4.70%,CELSR2;JAG1,GO_Biological_Process_2025__Regulation of Cell-Cell Adhesion (GO:0022407)
GO:0051988,-0.4930003938973887,-0.9119058790216816,0.9598605965495132,43.39%,ZW10;PROC;SIRT2,GO_Biological_Process_2025__Regulation of Attachment of Spindle Microtubules to Kinetochore (GO:0051988)
GO:1903551,0.4418411776902342,0.911528906204636,0.8718682584686196,55.86%,SDCBP;STAM;SDC1;SDC4;TSG101,GO_Biological_Process_2025__Regulation of Extracellular Exosome Assembly (GO:1903551)
GO:0040029,-0.446627539931663,-0.9113345138387844,0.9604713760079404,54.45%,GLMN;SMYD5;HDAC6;SIRT2;GPX1;APP,GO_Biological_Process_2025__Epigenetic Regulation of Gene Expression (GO:0040029)
GO:0050862,0.3753955932967538,0.9112235394807712,0.8710298502487326,7.27%,RPS3;CD81;LCK,GO_Biological_Process_2025__Positive Regulation of T Cell Receptor Signaling Pathway (GO:0050862)
GO:0009225,-0.4084061626822828,-0.9109614788809964,0.9605939976748696,49.83%,FUT8;GMDS;SLC35A3;ENTPD5;GFPT1;UGP2;GFUS,GO_Biological_Process_2025__Nucleotide-Sugar Metabolic Process (GO:0009225)
GO:1900426,0.4046038987971795,0.9083657249249556,0.8758056690992378,59.59%,GRN;EMILIN2;PGC;KLKB1;MMRN2;EMILIN1,GO_Biological_Process_2025__Positive Regulation of Defense Response to Bacterium (GO:1900426)
GO:0048169,-0.4285913984310269,-0.908131040267158,0.9641897528652404,16.45%,FXR2;FXR1,GO_Biological_Process_2025__Regulation of Long-Term Neuronal Synaptic Plasticity (GO:0048169)
GO:0050871,-0.3622222252772898,-0.9080099579888132,0.963804330233696,21.73%,INPP5D;VAV3;S100A9;SH3KBP1;IRS2;NCKAP1L,GO_Biological_Process_2025__Positive Regulation of B Cell Activation (GO:0050871)
GO:1904292,0.3238379145147172,0.907995097977456,0.8751202234588701,12.53%,UBQLN2;UBQLN1;STUB1,GO_Biological_Process_2025__Regulation of ERAD Pathway (GO:1904292)
GO:0060612,-0.4837366569575807,-0.9079823780179794,0.9631987890647408,40.04%,SPTLC2;PGRMC2;NAMPT,GO_Biological_Process_2025__Adipose Tissue Development (GO:0060612)
GO:0070486,-0.483147587177496,-0.9078165620553542,0.9629122186493414,22.78%,RAC2;S100A9;S100A8,GO_Biological_Process_2025__Leukocyte Aggregation (GO:0070486)
GO:1901186,-0.3976362891739491,-0.907749051735278,0.9624108659059236,39.66%,CBL;CCDC88A;DGKD;CNOT9;RTN4;TGFB1,GO_Biological_Process_2025__Positive Regulation of ERBB Signaling Pathway (GO:1901186)
GO:0034103,0.352751821986255,0.9074138737785944,0.8748705206479518,17.29%,THBS4;SUCO;LEP;GPNMB,GO_Biological_Process_2025__Regulation of Tissue Remodeling (GO:0034103)
GO:0034110,0.3796680497925312,0.9071937898923642,0.8739265318687865,62.10%,RDX;CCL5;JAK1;SYK;PRKCQ;CTNNB1;PRKCA;LYN,GO_Biological_Process_2025__Regulation of Homotypic Cell-Cell Adhesion (GO:0034110)
GO:0009411,-0.3367057795165322,-0.9067307279822876,0.964025619026036,11.95%,UBE4B;BAK1;CUL4A;CUL4B;CCAR2,GO_Biological_Process_2025__Response to UV (GO:0009411)
GO:0030098,0.2875637426371837,0.9064196164177372,0.8741596458535245,16.14%,LFNG;ITGA4;LCK;KIT;MS4A1;SLC39A7;CLSTN1;LEP,GO_Biological_Process_2025__Lymphocyte Differentiation (GO:0030098)
GO:0006139,-0.3502494798815307,-0.9063110884467872,0.9635631852329384,10.42%,PRPSAP2;GDA;PRPSAP1;TK2,GO_Biological_Process_2025__Nucleobase-Containing Compound Metabolic Process (GO:0006139)
GO:0034333,0.4149915257583847,0.906060892541672,0.8734196700370619,1.18%,PKN2,GO_Biological_Process_2025__Adherens Junction Assembly (GO:0034333)
GO:0098969,-0.4720592137791748,-0.905687437557048,0.9628805975819116,17.34%,LGALS12;RAB11A,GO_Biological_Process_2025__Neurotransmitter Receptor Transport to Postsynaptic Membrane (GO:0098969)
GO:0051168,-0.3496142757380496,-0.9055375860437188,0.9625565862676224,15.29%,RANBP3;NEMF;WASHC4;XPO7;XPO1,GO_Biological_Process_2025__Nuclear Export (GO:0051168)
GO:0042509,-0.4350127066061874,-0.9054321596393752,0.961473196054404,5.94%,PARP14;JAK2,GO_Biological_Process_2025__Regulation of Tyrosine Phosphorylation of STAT Protein (GO:0042509)
GO:0042531,-0.4350127066061874,-0.9054321596393752,0.961473196054404,5.94%,PARP14;JAK2,GO_Biological_Process_2025__Positive Regulation of Tyrosine Phosphorylation of STAT Protein (GO:0042531)
GO:0034097,-0.2841675833172615,-0.904770985550816,0.9622385965219604,25.08%,EIF2AK2;ISG15;JAK2;IRAK3;CD274;MYD88;YTHDC2;IRAK1;MAPKAPK2;SPHK1;TRIM56;MAPKAPK3;JAK3;TRAF6;TRIM21;RIPK1;ITIH4;SHFL;CXCR4;BCL2L1;TIMP3,GO_Biological_Process_2025__Response to Cytokine (GO:0034097)
GO:0046329,-0.4237589767525236,-0.904523833469254,0.962098044086664,34.53%,PRMT1;DUSP3;CYLD;DNAJA1,GO_Biological_Process_2025__Negative Regulation of JNK Cascade (GO:0046329)
GO:1901342,-0.398042999609098,-0.9041011708171514,0.9623691324760376,42.09%,KRIT1;CXCR4;PIK3CG;CCM2;TGFB1;PDCD10,GO_Biological_Process_2025__Regulation of Vasculature Development (GO:1901342)
GO:0006907,-0.4258171249732915,-0.9039193931780312,0.9620986714211972,38.30%,MAPKAPK2;MAPKAPK3;CARMIL1;SNX5;RAB34,GO_Biological_Process_2025__Pinocytosis (GO:0006907)
GO:0032374,-0.3948109804506273,-0.903690061569006,0.9619034603942134,45.51%,TSPO;OSBPL6;TTC39B;LAMTOR1;NAXE;APOA2;LIPG;APOC1,GO_Biological_Process_2025__Regulation of Cholesterol Transport (GO:0032374)
GO:0002244,0.3119418483904465,0.9031526211301252,0.8782032830737213,68.89%,PRRC2C;KIT;SBDS;FSTL3;PLD4;ARMC6;PTPRC;FST;UFL1;INHBA;TGFB1;LYN;PLEK,GO_Biological_Process_2025__Hematopoietic Progenitor Cell Differentiation (GO:0002244)
GO:0120031,-0.2700952095808386,-0.9030512556065976,0.9619772134333284,45.36%,INPP5K;GOLPH3;TRAPPC14;CEP131;NEK1;RAP2C;EHD4;OPHN1;IFT27;FGD3;OCRL;CEP41;CCDC88A;CARMIL1;MICALL1;RAP2B;EMP3;RAP2A;ATP6V1D;MTSS1;ARHGEF7;RILPL2;SNAP29;DNM3;CYFIP1;ABLIM3;ANO6;PTGES2;PARVB;P2RY12;PTPN23;FGD4;TXNDC15;FNBP1L;RAB34;CD2AP;STK26;EHD3;PPP1R9B;HDAC6;EHD2;ARL13B;ACTR3;MINK1;ABLIM1;SEPTIN2;MYLK,GO_Biological_Process_2025__Plasma Membrane Bounded Cell Projection Assembly (GO:0120031)
GO:0071404,-0.354793419060417,-0.9029083490451032,0.9616093932240604,17.81%,TREM2;MYD88;CES1,GO_Biological_Process_2025__Cellular Response to Low-Density Lipoprotein Particle Stimulus (GO:0071404)
GO:1903313,-0.4372581349182983,-0.9024906940331908,0.9618688579377692,33.64%,TTC5;GTPBP1;UPF1;PNPT1;PRR5L,GO_Biological_Process_2025__Positive Regulation of mRNA Metabolic Process (GO:1903313)
GO:0023035,-0.4584334429958118,-0.9024865637949426,0.9612254256459932,29.39%,RNF31;TRAF6;CD40LG,GO_Biological_Process_2025__CD40 Signaling Pathway (GO:0023035)
GO:0038094,-0.3516372211379914,-0.902286252132082,0.9610067427549268,37.95%,FCER2;VAV3;PTK2;YES1;PKN1;VAV1;FYN;FGR;LYN,GO_Biological_Process_2025__Fc-gamma Receptor Signaling Pathway (GO:0038094)
GO:0072599,-0.3810300533021227,-0.9022715690638689,0.9603826027242468,23.34%,ZFAND2B;SRPRA;RAB3GAP1;SPCS2,GO_Biological_Process_2025__Establishment of Protein Localization to Endoplasmic Reticulum (GO:0072599)
GO:0006656,-0.4195830749025446,-0.9022263183574892,0.9598344206463596,50.17%,PCYT1B;SLC44A2;APOA2;SLC44A1;LPCAT3;LCAT;CHKB,GO_Biological_Process_2025__Phosphatidylcholine Biosynthetic Process (GO:0006656)
GO:0051894,0.3459471101719737,0.9016800835469488,0.879862755794555,7.60%,FERMT2;MYOC,GO_Biological_Process_2025__Positive Regulation of Focal Adhesion Assembly (GO:0051894)
GO:0016925,0.4064287892723624,0.9013166772025408,0.8792421160845395,0.95%,TRIM28,GO_Biological_Process_2025__Protein Sumoylation (GO:0016925)
GO:2000279,0.3882935554528779,0.9012303370240756,0.8779631347260869,11.10%,NAT10;HNRNPC;HNRNPU,GO_Biological_Process_2025__Negative Regulation of DNA Biosynthetic Process (GO:2000279)
GO:0071345,-0.2654671693608169,-0.9010992982196008,0.961590983557689,11.35%,INPP5K;HTRA2;CHUK;STAT6;LRCH1;CBL;GSK3A;JAK2;IRS1;IRAK3;STAT5B;SLC12A2;DOCK8;FER;SELPLG;PIK3R1,GO_Biological_Process_2025__Cellular Response to Cytokine Stimulus (GO:0071345)
GO:0045582,0.3582536269846442,0.9010487345199146,0.8769141198209014,10.13%,SMARCD2;CR1;LILRB2,GO_Biological_Process_2025__Positive Regulation of T Cell Differentiation (GO:0045582)
GO:2000379,-0.3365573948716829,-0.90104829047839,0.96104971820346,5.43%,PDGFB;RAB27A,GO_Biological_Process_2025__Positive Regulation of Reactive Oxygen Species Metabolic Process (GO:2000379)
GO:0002888,0.4155090192826042,0.900612527281783,0.8763805360983791,58.49%,ITGB2;TYROBP;ITGAM;MAVS;STX4,GO_Biological_Process_2025__Positive Regulation of Myeloid Leukocyte Mediated Immunity (GO:0002888)
GO:0050856,-0.3514818583217819,-0.8997931655830952,0.9578721855408526,25.46%,UBASH3A;DGKZ;NCK1;NECTIN2;SLA2;PRNP;CD226;DUSP3,GO_Biological_Process_2025__Regulation of T Cell Receptor Signaling Pathway (GO:0050856)
GO:0050821,0.1935166071454027,0.8995896336429922,0.877087984569075,3.91%,DNAJA3;BAG3;RPS7;RPL23;RPL5;H1-5;USP9X;ZNF207,GO_Biological_Process_2025__Protein Stabilization (GO:0050821)
GO:0071705,-0.28700107010729,-0.8994034034460235,0.9580492884536754,16.57%,LRRC8C;LRRC8D;SNX4;ABCC1;VPS33B;CERT1;SLC12A2;SLC25A13;ABCC4;SLC25A12;SLC6A4;REPS1,GO_Biological_Process_2025__Nitrogen Compound Transport (GO:0071705)
GO:0051209,-0.3527967681855598,-0.8987674563583621,0.958773219117034,38.36%,F2R;ITPR1;PLCB4;PLCB3;PLCB1;ITPR2;PLCG2;GP5;PLCB2;GP9,GO_Biological_Process_2025__Release of Sequestered Calcium Ion Into Cytosol (GO:0051209)
GO:0010628,-0.2541560006663191,-0.8984982456138872,0.9587067126755184,20.61%,SRPK2;EIF2AK2;PDGFB;TREM2;UPF3B;PRKDC;MTOR;OGT;EPHX2;PRMT1;FXR2;RAB27A;GSK3A;RPS6KB1;SAA2;PIK3CB;MYD88;DYRK1A;GLMN;FCER2;PIK3R1;VSIR;EGF;ERN1;AGPAT1;FXR1;SMAD3;S100A9;LARP1;ZPR1;AFDN;ACTG2;STK39;DDX3X,GO_Biological_Process_2025__Positive Regulation of Gene Expression (GO:0010628)
GO:0106027,-0.4143024444212188,-0.8982340957618221,0.9586528982544044,38.01%,METAP1;PRNP;KIFBP;DCTN1,GO_Biological_Process_2025__Neuron Projection Organization (GO:0106027)
GO:0048667,-0.3159053083093802,-0.897867620376463,0.9587868119786822,40.47%,TAOK2;OPHN1;APLP2;METAP1;FGFR2;TBCD;DOCK7;CDK5;METAP2;ARHGEF7;PARD3;AFG3L2;MAP1S;RAB10;LLGL1;ACTBL2,GO_Biological_Process_2025__Cell Morphogenesis Involved in Neuron Differentiation (GO:0048667)
GO:0043331,-0.4682630701778355,-0.8978652869200917,0.9581471410784332,6.21%,IRAK3,GO_Biological_Process_2025__Response to dsRNA (GO:0043331)
GO:1902230,-0.4253486860638795,-0.897639082809694,0.9579938181151852,24.38%,TPT1;CCAR2;S100A9;BCL2L1,GO_Biological_Process_2025__Negative Regulation of Intrinsic Apoptotic Signaling Pathway in Response to DNA Damage (GO:1902230)
GO:0043536,0.2715148068965574,0.8968624128356966,0.8814988122650238,0.19%,TMSB4X,GO_Biological_Process_2025__Positive Regulation of Blood Vessel Endothelial Cell Migration (GO:0043536)
GO:0035987,-0.3510839185182501,-0.896740645681979,0.957351840698042,1.26%,PAF1,GO_Biological_Process_2025__Endodermal Cell Differentiation (GO:0035987)
GO:0007616,-0.4779468176447251,-0.8963892485094644,0.9574314673822972,22.27%,PRNP;LRRN4,GO_Biological_Process_2025__Long-Term Memory (GO:0007616)
GO:1903715,-0.4647690930138773,-0.8959667722848635,0.957619348117296,18.60%,UQCC2;IDE,GO_Biological_Process_2025__Regulation of Aerobic Respiration (GO:1903715)
GO:0070168,-0.4060286125819018,-0.8958276010773125,0.9572730496816294,13.57%,TRPM4;SRGN,GO_Biological_Process_2025__Negative Regulation of Biomineral Tissue Development (GO:0070168)
GO:0010466,-0.3718076197343009,-0.8957895965564108,0.9567076528708096,23.01%,SERPINE1;SERPINB6;CSTA,GO_Biological_Process_2025__Negative Regulation of Peptidase Activity (GO:0010466)
GO:0030948,-0.4420739388350933,-0.8957590160789947,0.9561323815573394,46.79%,PDCD6;NEDD4;PTPN1;EMILIN1;MMRN1,GO_Biological_Process_2025__Negative Regulation of Vascular Endothelial Growth Factor Receptor Signaling Pathway (GO:0030948)
GO:0051897,-0.2691011797097424,-0.8945569943447437,0.957362634302116,40.08%,PDGFB;TREM2;MTOR;CBL;JAK2;IRS1;F2R;BECN1;VAV3;EGF;PTK2;OSBPL8;NEDD4;CCDC88A;TGFB2;IL18;VAV1;C1QBP;PIK3CG;PIK3CA;ANGPT1;RICTOR;IGF1R;PDGFD;FGR;P2RY12;CCM2;CPNE1;PDPK1;CASS4;RTN4;TGFB1;IGF1,GO_Biological_Process_2025__+ Reg of Phosphatidylinositol 3-Kinase/Prot Kinase B Signal Transduction (GO:0051897)
GO:0010324,-0.4709336863418436,-0.8940700054392934,0.9577669169538422,9.24%,FCHO2,GO_Biological_Process_2025__Membrane Invagination (GO:0010324)
GO:0006909,-0.3016827127208762,-0.8934890918446184,0.9583277725205296,9.38%,TREM2;ARHGAP25;MYD88,GO_Biological_Process_2025__Phagocytosis (GO:0006909)
GO:0048524,-0.3349576458967455,-0.8929033784351308,0.9589202821599354,10.36%,SRPK2;TARBP2;ATG5;PPID,GO_Biological_Process_2025__Positive Regulation of Viral Process (GO:0048524)
GO:0002548,-0.4225523799389638,-0.8927361761176378,0.9585867873713874,12.61%,PDGFB;S100A12,GO_Biological_Process_2025__Monocyte Chemotaxis (GO:0002548)
GO:0070372,0.1991929733902516,0.8923116601075687,0.8900961955325734,3.11%,LGALS9;RAMP3;EZR;FGFR3,GO_Biological_Process_2025__Regulation of ERK1 and ERK2 Cascade (GO:0070372)
GO:0097494,0.3199002908184461,0.8915803687152906,0.8901903986297273,68.10%,KXD1;AP2M1;RAB22A;BORCS7;PICALM;BORCS8;RAB5A;SNAPIN;BLOC1S2;BLOC1S1;BORCS6;BORCS5;RIN3;DNM1,GO_Biological_Process_2025__Regulation of Vesicle Size (GO:0097494)
GO:0045664,-0.3490549667565169,-0.8912950710080686,0.960944799355472,0.64%,IMPACT,GO_Biological_Process_2025__Regulation of Neuron Differentiation (GO:0045664)
GO:0006816,0.2407928103700839,0.8911729883515417,0.8896511002650449,5.51%,RAMP3;PKD1;ANXA6;GHITM;TRPV2,GO_Biological_Process_2025__Calcium Ion Transport (GO:0006816)
GO:0045598,0.2922727489936645,0.8910689230225842,0.888412927081107,7.13%,ADIRF;RARRES2;FERMT2,GO_Biological_Process_2025__Regulation of Fat Cell Differentiation (GO:0045598)
GO:0030308,0.2525639512235622,0.8907078948304075,0.8877005130406735,9.13%,SEMA6D;RBBP7;PTPRS;KIAA0319;RACK1;DIP2B,GO_Biological_Process_2025__Negative Regulation of Cell Growth (GO:0030308)
GO:0030855,-0.3021207231611493,-0.8898495455382983,0.9632586514259656,26.55%,ALDOC;VIL1;PCK2;FGFR2;CES1;CNN3;TGFB2;DNPH1;CASP6;GSTK1;AKT2,GO_Biological_Process_2025__Epithelial Cell Differentiation (GO:0030855)
GO:0009891,-0.3074371662012942,-0.889688283600411,0.9629484259718408,9.63%,MTOR;RAB27A;F2R;PIK3CB;PRDX5;PRKAG1,GO_Biological_Process_2025__Positive Regulation of Biosynthetic Process (GO:0009891)
GO:0090110,-0.364901617447241,-0.8892759955784586,0.963158990030244,9.90%,SURF4;SEC24D;SEC24B,GO_Biological_Process_2025__COPII-coated Vesicle Cargo Loading (GO:0090110)
GO:0060392,-0.4539373140965964,-0.888042352815903,0.9650007483795008,1.88%,FAM89B,GO_Biological_Process_2025__Negative Regulation of SMAD Protein Signal Transduction (GO:0060392)
GO:0007266,-0.3265069190954207,-0.8868154206250503,0.9656750248284512,17.61%,ARHGAP35;ARHGAP5;PHACTR4;MYO9B,GO_Biological_Process_2025__Rho Protein Signal Transduction (GO:0007266)
GO:0051099,0.262253458074705,0.8865551448714272,0.8951560768844395,5.78%,CLN5;ADD2;USP9X;MARK3,GO_Biological_Process_2025__Positive Regulation of Binding (GO:0051099)
GO:0031112,0.3240157012537311,0.8865126678191659,0.8937572250024063,5.41%,NUMA1;RPS3,GO_Biological_Process_2025__Positive Regulation of Microtubule Polymerization or Depolymerization (GO:0031112)
GO:0061512,-0.4076271616506585,-0.8861507680862802,0.966375150457932,28.13%,RABEP1;RAB11A;MICALL1;ATP6V1D,GO_Biological_Process_2025__Protein Localization to Cilium (GO:0061512)
GO:0044087,-0.3412966140282013,-0.8861311508164225,0.965774833235546,11.08%,VPS11;NCLN;BAG5,GO_Biological_Process_2025__Regulation of Cellular Component Biogenesis (GO:0044087)
GO:1902036,-0.4768379598615601,-0.8858542991834384,0.965681544609168,2.67%,EIF2AK2;PRKDC,GO_Biological_Process_2025__Regulation of Hematopoietic Stem Cell Differentiation (GO:1902036)
GO:0045807,-0.2925560512705162,-0.8857503612005461,0.9652579028974336,47.87%,TREM2;CBL;RAB27A;SERPINE1;VPS28;ANKFY1;RAB21;ARAP1;TOR1A;LDLRAP1;NLGN1;APOA5;STAT3;APOA2;FCGR2A;FLOT1;C3;DAB2;PYCARD;SNCA,GO_Biological_Process_2025__Positive Regulation of Endocytosis (GO:0045807)
GO:2000641,-0.3596681822995524,-0.8856545250884778,0.9648088910315584,21.06%,VPS11;DNAJC13;MTMR2;RAB21,GO_Biological_Process_2025__Regulation of Early Endosome to Late Endosome Transport (GO:2000641)
GO:0046631,0.3948569058481959,0.8855888399396907,0.8941867241929642,60.56%,CD247;HLA-E;HLA-A;CLEC1B;BAG6;STOML2,GO_Biological_Process_2025__Alpha-Beta T Cell Activation (GO:0046631)
GO:0048522,-0.2472509674039481,-0.885578012917657,0.964323454776402,23.12%,NCCRP1;SRPK2;PTEN;PDGFB;CEP131;NACC1;GRK5;MTOR;PRMT1;TRPM4;IRS1;F2R;SAA2;TBRG4;RPS6KA3;FER;METAP1;FXN;EGF;FGFR2;PTK2;SPHK1;MAPKAP1;STAMBP;S100A9;TPM1;RPTOR;CSNK2A2;ZPR1;IRS2;EIF4G2;TRIM21;DDX3X;TGFB2;RIPK1;SHC1;SSR1;DNPH1;PRDX3;S100A8;ARG2;NRDC,GO_Biological_Process_2025__Positive Regulation of Cellular Process (GO:0048522)
GO:0032526,-0.3968121526694147,-0.8855368059333032,0.96377947198761,14.64%,HTRA2;NDUFA13,GO_Biological_Process_2025__Response to Retinoic Acid (GO:0032526)
GO:0015914,-0.3109989480469764,-0.8852750906113805,0.9637167539578148,33.66%,ATP11C;ATP9B;ABCC1;OSBPL2;OSBPL8;ATP11B;ATP8A1;VDAC2;APOA5;PITPNC1;OSBP,GO_Biological_Process_2025__Phospholipid Transport (GO:0015914)
GO:0006473,0.3916819015639893,0.8852290869073939,0.8934947749691607,8.80%,NAT10;NAA50;NAA10,GO_Biological_Process_2025__Protein Acetylation (GO:0006473)
GO:0006639,-0.3440332735251037,-0.8845086666308825,0.9646152066746264,40.82%,LMF1;DGKZ;DGKD;APOH;SEL1L;DGKA;APOA5;DGKE;APOA2;MGLL,GO_Biological_Process_2025__Acylglycerol Metabolic Process (GO:0006639)
GO:0035994,-0.4467051906100831,-0.8841701456445064,0.9646443161647332,30.57%,PTK2;PIK3CA;SLC9A1,GO_Biological_Process_2025__Response to Muscle Stretch (GO:0035994)
GO:0006563,0.4188264565623056,0.8840641206273704,0.8946519885826895,58.16%,SDSL;SBDS;SHMT1;SHMT2;SERINC3,GO_Biological_Process_2025__L-serine Metabolic Process (GO:0006563)
GO:1905332,0.3898107064681421,0.8839083877803735,0.893559085630997,2.42%,ITGAX,GO_Biological_Process_2025__Positive Regulation of Morphogenesis of an Epithelium (GO:1905332)
GO:0010604,0.2724244733344587,0.8833563480917981,0.8932308218467893,8.12%,RAMP3;WFS1;ANXA2,GO_Biological_Process_2025__Positive Regulation of Macromolecule Metabolic Process (GO:0010604)
GO:0045906,0.4092143508498215,0.8829462238474391,0.892662550665168,14.02%,ITGA4;ITGA9;SVEP1,GO_Biological_Process_2025__Negative Regulation of Vasoconstriction (GO:0045906)
GO:1904646,-0.3494787013831364,-0.8827764828359311,0.9668851175913704,40.08%,TREM2;PRNP;CDK5;FYN;IGF1R;IGF1,GO_Biological_Process_2025__Cellular Response to Amyloid-Beta (GO:1904646)
GO:0006024,0.3638189434840581,0.8824645195093896,0.8922559309840327,11.37%,EXT2;CEMIP,GO_Biological_Process_2025__Glycosaminoglycan Biosynthetic Process (GO:0006024)
GO:0016973,0.4190337963922869,0.8824601158427652,0.890822172961339,58.14%,SARNP;NUP93;GLE1;DDX19B;NUP133,GO_Biological_Process_2025__poly(A)+ mRNA Export From Nucleus (GO:0016973)
GO:0010595,0.2286814430899717,0.88227305272363,0.8897692109837178,1.64%,TMSB4X;FUT1,GO_Biological_Process_2025__Positive Regulation of Endothelial Cell Migration (GO:0010595)
GO:2000351,-0.336393610017206,-0.8821184761361766,0.9668770051696997,39.66%,SERPINE1;KRIT1;CD40LG;ANGPT1;ANO6;PDPK1;TGFB1,GO_Biological_Process_2025__Regulation of Endothelial Cell Apoptotic Process (GO:2000351)
GO:0009893,-0.2865592262400368,-0.8816687613009733,0.9671438952995786,35.67%,PDGFB;CNOT3;STAT6;OGT;JAK2;ACSL1;MFN2;CPT2;PRKAB2;RIPK1;IL18;BSCL2;CXCR4;HADH;PROC;APPL2;MAPK14;GATM;IGF1R;GNAS;LCN2,GO_Biological_Process_2025__Positive Regulation of Metabolic Process (GO:0009893)
GO:0070862,-0.4691971987355307,-0.8806724247759262,0.967888073327576,45.11%,UBE2J1;ERLEC1;YOD1;OS9,GO_Biological_Process_2025__Negative Regulation of Protein Exit From Endoplasmic Reticulum (GO:0070862)
GO:1904153,-0.4691971987355307,-0.8806724247759262,0.967888073327576,45.11%,UBE2J1;ERLEC1;YOD1;OS9,"GO_Biological_Process_2025__Negative Regulation of Retrograde Protein Transport, ER to Cytosol (GO:1904153)"
GO:0045047,-0.3445205148910415,-0.8790232274367726,0.968039655426749,23.34%,ZFAND2B;SRPRA;GET4;SEC63;SPCS2,GO_Biological_Process_2025__Protein Targeting to ER (GO:0045047)
GO:0043535,0.2595345282380069,0.8786684786716911,0.8957423274839194,0.19%,TMSB4X,GO_Biological_Process_2025__Regulation of Blood Vessel Endothelial Cell Migration (GO:0043535)
GO:0030449,0.3810993320313302,0.8785420758632136,0.8945757961037005,16.36%,CR1;CD55;MASP1,GO_Biological_Process_2025__Regulation of Complement Activation (GO:0030449)
GO:0031468,0.2901080631753947,0.8781956613221047,0.8923855286492564,71.09%,CHMP1A;CHMP6;CHMP1B;BROX;CHMP2A;UBXN2A;BANF1;NSFL1C;CHMP5;CHMP4B;SIRT2;UBE2I;CHMP2B;VPS4B;SPAST;VPS4A,GO_Biological_Process_2025__Nuclear Membrane Reassembly (GO:0031468)
GO:0002842,0.3903094006607234,0.8780803386746215,0.8911557159447852,2.71%,HLA-DRB3,GO_Biological_Process_2025__Positive Regulation of T Cell Mediated Immune Response to Tumor Cell (GO:0002842)
GO:0050996,-0.3687587767504864,-0.8779503729326763,0.9695571220576468,45.90%,IRS1;DAGLB;IRS2;ABCD1;AKT2;APOA5;APOA2;ABHD5;PRKCD,GO_Biological_Process_2025__Positive Regulation of Lipid Catabolic Process (GO:0050996)
GO:0051893,-0.3030034286311707,-0.8777299781295174,0.9687481190403048,30.86%,PTEN;PTK2;CLASP1;PTPRA;MACF1;DUSP3;TSC1;SLC9A1;SLK,GO_Biological_Process_2025__Regulation of Focal Adhesion Assembly (GO:0051893)
GO:0090385,-0.4482259654539681,-0.8776550800794866,0.9682594072511632,22.18%,PIKFYVE;VPS33B;VIPAS39,GO_Biological_Process_2025__Phagosome-Lysosome Fusion (GO:0090385)
GO:0046328,-0.2990128784605935,-0.8770985367017177,0.968737660188682,47.64%,TAOK2;PRMT1;PLCB1;RIPK1;AXIN1;DUSP3;RAP2A;CRACR2A;CARD9;CYLD;IGF1R;MAP3K5;COPS5;SERPINF2;DUSP22;MINK1;PYCARD;TNIK;TAOK3,GO_Biological_Process_2025__Regulation of JNK Cascade (GO:0046328)
GO:0016486,-0.3468896427453583,-0.8768826195399769,0.9685404560111556,24.63%,SLC30A5;YIPF5;PCSK5;ATP6AP2;ECE1,GO_Biological_Process_2025__Peptide Hormone Processing (GO:0016486)
GO:0090141,-0.4182803954046864,-0.8763479585340853,0.9683096827174498,29.93%,MFF;REPS1;MCU;DNM1L,GO_Biological_Process_2025__Positive Regulation of Mitochondrial Fission (GO:0090141)
GO:1904358,0.2971928308339002,0.8761297604041189,0.8937030089316206,8.20%,HNRNPA2B1;HNRNPD;PTGES3,GO_Biological_Process_2025__Positive Regulation of Telomere Maintenance via Telomere Lengthening (GO:1904358)
GO:0071347,-0.3294834271993313,-0.8756863442547385,0.969040530492771,38.28%,IRAK3;MYD88;IRAK1;MAP3K7;TRAF6;PLCB1;UPF1;IKBKB;IRAK4;ATL1;TOLLIP,GO_Biological_Process_2025__Cellular Response to Interleukin-1 (GO:0071347)
GO:0045937,-0.3917119860031836,-0.8752528645214714,0.969248467644328,16.86%,GLMN;EGF;S100A9,GO_Biological_Process_2025__Positive Regulation of Phosphate Metabolic Process (GO:0045937)
GO:0050852,0.2367747589201198,0.875110156638719,0.894312100788256,7.27%,ICOSLG;HLA-DRB3;CD276;LCK,GO_Biological_Process_2025__T Cell Receptor Signaling Pathway (GO:0050852)
GO:0051495,0.2491354482739816,0.8748445088001567,0.8933958409156,5.22%,NUMA1;EVL;BAIAP2;BIN1,GO_Biological_Process_2025__Positive Regulation of Cytoskeleton Organization (GO:0051495)
GO:0002833,0.283295714613308,0.8731917449471777,0.8952898938589533,15.35%,DHX9;GRN;PLSCR1;CCL5;NMI,GO_Biological_Process_2025__Positive Regulation of Response to Biotic Stimulus (GO:0002833)
GO:0016240,-0.4671411634347348,-0.8729656208581582,0.9730602315852706,52.07%,VMP1;SNAP29;ATP2A2;VAMP8,GO_Biological_Process_2025__Autophagosome Membrane Docking (GO:0016240)
GO:0072578,-0.4605255817058192,-0.872842697828728,0.9726761249001626,30.47%,GPHN;NLGN1,GO_Biological_Process_2025__Neurotransmitter-Gated Ion Channel Clustering (GO:0072578)
GO:0071355,-0.4658541410035156,-0.8723262179832602,0.9724136724991947,48.34%,JAK3;STAT5A;STAT3;STAT1,GO_Biological_Process_2025__Cellular Response to Interleukin-9 (GO:0071355)
GO:0038113,-0.4658541410035156,-0.8723262179832602,0.9724136724991947,48.34%,JAK3;STAT5A;STAT3;STAT1,GO_Biological_Process_2025__Interleukin-9-Mediated Signaling Pathway (GO:0038113)
GO:0006691,-0.3921143148123507,-0.8714953147794428,0.9728066712326944,44.22%,MAPKAPK2;PLA2G4A;MGST3;DPEP2;LTA4H;ALOX12;CPA1,GO_Biological_Process_2025__Leukotriene Metabolic Process (GO:0006691)
GO:1900181,-0.4039880442371597,-0.8714132406921083,0.9723405823263528,3.69%,MTOR,GO_Biological_Process_2025__Negative Regulation of Protein Localization to Nucleus (GO:1900181)
GO:0030705,-0.4412569972509566,-0.8702360380710396,0.9739902639630658,53.54%,CCDC88A;KIFBP;HOOK3;TUBA1C;TUBB,GO_Biological_Process_2025__Cytoskeleton-Dependent Intracellular Transport (GO:0030705)
GO:0033043,-0.2764718458368875,-0.869482933598233,0.9748521615522204,8.33%,GOLPH3;TBC1D25;RBSN;VPS11;ATG5;TMEM33;STX18;SURF4,GO_Biological_Process_2025__Regulation of Organelle Organization (GO:0033043)
GO:0007399,0.190858350899244,0.869247183939596,0.9020396427640444,15.08%,PCDHB2;PKD1;TNR;CLN5;SDK2;EVL;PCDHAC2;JAG1;ANKLE2;APLP1;PAFAH1B3;MARCKS;SDK1;BCAN;PCDHB14;ACHE;MARCKSL1;UNC119B;NPTX1;LSAMP;SMPD1;CDON;PPT1;PTPRZ1;DCHS1;L1CAM;HAPLN1;VLDLR;RELN;CBLN1,GO_Biological_Process_2025__Nervous System Development (GO:0007399)
GO:0031111,-0.347936300564003,-0.8689085027723932,0.9753686157290368,31.92%,DYRK1A;CLASP1;TBCD;TUBB4A;METAP2;GAS2L1;PROC,GO_Biological_Process_2025__Negative Regulation of Microtubule Polymerization or Depolymerization (GO:0031111)
GO:0035458,-0.4134545218544276,-0.8687504156522898,0.9750431006833088,34.05%,HTRA2;NDUFA13;PNPT1;UBE2K,GO_Biological_Process_2025__Cellular Response to Interferon-Beta (GO:0035458)
GO:0007015,-0.2695184019313198,-0.8684723072918705,0.9749396379180608,33.35%,XIRP2;ARHGAP25;VIL1;INPPL1;MYO6;RAC2;MYO1F;CNN1;DLG1;TPM1;MYO5A;SH3KBP1;CNN3;SAMD14;CARMIL1;ELMO1;SVIL;RHOF;ARAP1;GAS2L1;FLII;FYCO1;ARHGEF2,GO_Biological_Process_2025__Actin Filament Organization (GO:0007015)
GO:0097576,-0.4182538487343721,-0.8682733951985567,0.974704495319446,3.36%,VPS16,GO_Biological_Process_2025__Vacuole Fusion (GO:0097576)
GO:0016079,-0.4222972173973271,-0.8682617708317811,0.9741039431710946,51.49%,CDK5;PIP5K1C;SNAP29;STX11;SNCA;SNAP23,GO_Biological_Process_2025__Synaptic Vesicle Exocytosis (GO:0016079)
GO:0090181,-0.3812437346749452,-0.8682376365577729,0.9735294062257642,47.45%,EPHX2;CES1;TTC39B;LDLRAP1;ERLIN2;ACADVL;LPCAT3,GO_Biological_Process_2025__Regulation of Cholesterol Metabolic Process (GO:0090181)
GO:0055013,-0.4416835127353874,-0.868225365106435,0.9729363806683068,7.31%,MYH11,GO_Biological_Process_2025__Cardiac Muscle Cell Development (GO:0055013)
GO:0110020,-0.4078295518693806,-0.8675371690726488,0.9736450599653604,56.86%,AKAP13;TSC1;SLC9A1;FHOD1;ROCK1;ROCK2;WAS,GO_Biological_Process_2025__Regulation of Actomyosin Structure Organization (GO:0110020)
GO:0045785,-0.2821903258395066,-0.8662290209638045,0.9749895543638284,21.73%,PDGFB;JAK2;SAA2;TPM1;AFDN;TGFB2;NCKAP1L,GO_Biological_Process_2025__Positive Regulation of Cell Adhesion (GO:0045785)
GO:0032781,0.277832058840541,0.8661583075364444,0.9054905795444927,11.10%,CHTOP;DNAJB1;PLSCR1;HNRNPU,GO_Biological_Process_2025__Positive Regulation of ATP-dependent Activity (GO:0032781)
GO:0033365,0.2065639781654398,0.8661160755942939,0.90414093713695,2.88%,RAB33B;IPO4;SSB;DHX9;YBX1,GO_Biological_Process_2025__Protein Localization to Organelle (GO:0033365)
GO:0002718,-0.4565883156957268,-0.8654696311736187,0.9758321850570048,5.65%,TRPM4,GO_Biological_Process_2025__Regulation of Cytokine Production Involved in Immune Response (GO:0002718)
GO:0060627,-0.2877262572996626,-0.8654641423852613,0.975218024335616,30.03%,STON1;TSC2;DNAJC13;OPHN1;FES;YIPF5;SPHK1;STXBP5;RAB11A;RINT1;RAB21;RAB4A;SEPTIN5;DYNC1LI1;AP2S1,GO_Biological_Process_2025__Regulation of Vesicle-Mediated Transport (GO:0060627)
GO:0050727,0.2018621304433163,0.8654190221454849,0.9040999694219476,16.07%,TMSB4X;DHX9;PDE2A;C1QTNF3;TLR2;GRN;ARMH4;SELE;LGALS1;HCK;DNASE1;TNIP1;LPL;APOE;MIA3;CCL5;NMI;PDCD4;TYRO3,GO_Biological_Process_2025__Regulation of Inflammatory Response (GO:0050727)
GO:0031638,-0.3365589537458552,-0.8653241886142183,0.974875736037429,29.78%,THBD;C1RL;VSIR;F12;HPR;PRSS3,GO_Biological_Process_2025__Zymogen Activation (GO:0031638)
GO:2000278,-0.3858268292734368,-0.8652438536597113,0.9743957335173828,1.24%,PDGFB,GO_Biological_Process_2025__Regulation of DNA Biosynthetic Process (GO:2000278)
GO:0031579,-0.393100236711649,-0.8652239911531008,0.9738213119313256,10.19%,LRCH4;NPC1,GO_Biological_Process_2025__Membrane Raft Organization (GO:0031579)
GO:2001258,0.3493335458391381,0.8650355149429841,0.9034950857800816,6.50%,EPX;UBQLN1,GO_Biological_Process_2025__Negative Regulation of Cation Channel Activity (GO:2001258)
GO:0006401,0.2721726049904798,0.8645035078582526,0.903268166671005,8.02%,EXOSC6;XRN2;PABPC4;HNRNPD,GO_Biological_Process_2025__RNA Catabolic Process (GO:0006401)
GO:0010614,-0.4440458067036028,-0.8639309751302856,0.97569591841807,5.55%,GSK3A,GO_Biological_Process_2025__Negative Regulation of Cardiac Muscle Hypertrophy (GO:0010614)
GO:0045724,-0.3863517236752869,-0.86329026014765,0.9762943327469782,52.20%,TAPT1;SLC6A4;CCDC88A;RAB11FIP3;SEPTIN7;ASAP1;CEP135;GSK3B,GO_Biological_Process_2025__Positive Regulation of Cilium Assembly (GO:0045724)
GO:0045921,-0.3122211093124621,-0.8630589463195483,0.9760991948261684,44.18%,RAB27A;RAB2B;CLASP1;STXBP5;UNC13D;VPS4A;VPS4B;SYTL4;SNF8;RAB27B;TSG101,GO_Biological_Process_2025__Positive Regulation of Exocytosis (GO:0045921)
GO:0036294,-0.324300901771133,-0.862890498026893,0.9758035544334454,3.69%,ADO;MTOR,GO_Biological_Process_2025__Cellular Response to Decreased Oxygen Levels (GO:0036294)
GO:0002237,0.2485762192513481,0.8619195106714941,0.9071497359837208,5.14%,LGALS9;IFNAR1;CD6,GO_Biological_Process_2025__Response to Molecule of Bacterial Origin (GO:0002237)
GO:0045595,-0.2809793149753959,-0.8611219585903164,0.97857355886561,18.58%,EIF2AK2;UQCC2;CHD4;RBBP4;TRIP4;RPS6KA3;FES;FGFR2;PTK2;CLASP1;SMAD3;CAMK1,GO_Biological_Process_2025__Regulation of Cell Differentiation (GO:0045595)
GO:0051489,-0.3366673519330156,-0.8607214219330037,0.9787322053020928,37.63%,PIK3R1;RIPOR2;DOCK11;ARAP1;NLGN1;FNBP1L,GO_Biological_Process_2025__Regulation of Filopodium Assembly (GO:0051489)
GO:0006740,-0.3971444686963537,-0.8603352592858832,0.9782663425864075,21.23%,H6PD;DERA;RPIA,GO_Biological_Process_2025__NADPH Regeneration (GO:0006740)
GO:0060048,-0.3839683823560232,-0.8599631701457913,0.9783428731653152,27.82%,GRK2;CAMK2D;TPM1;PIK3CA,GO_Biological_Process_2025__Cardiac Muscle Contraction (GO:0060048)
GO:0055023,-0.4337745186589379,-0.8598047650222067,0.9780219922580484,16.78%,FGFR2;LONP1,GO_Biological_Process_2025__Positive Regulation of Cardiac Muscle Tissue Growth (GO:0055023)
GO:1903897,-0.393504386683094,-0.8596567262284921,0.9776617510329488,12.68%,TMEM33;NCK1,GO_Biological_Process_2025__Regulation of PERK-mediated Unfolded Protein Response (GO:1903897)
GO:0022607,-0.2530933007532171,-0.8592517088452531,0.9778055435819912,48.86%,VIL1;NEMF;TUBGCP2;SLC25A46;CYFIP2;OPHN1;BECN1;PPID;REPS2;WASF1;VDAC3;MTSS2;AXIN1;NCKAP1L;RANBP9;NCKAP1;CSNK2B;TUBGCP4;RTN1;ZW10;STX7;CDHR5;PPP2R1A;VMP1;NLGN1;PARD3;PROC;PKP2;CAPZA2;PARVB;NAPG;SPTBN1;FASN;PEX14;ZFYVE27;PLS3;RTN4;TGFB1;CD2AP;ADD1;LLGL1;CAPZA1;TAPBP;BAG6;PDCD10;RTN3;VCPIP1;IKBKG;MICAL1;KPNA3;SNX9;PAWR;MAPRE2;CORO1B;RTN2,GO_Biological_Process_2025__Cellular Component Assembly (GO:0022607)
GO:0031646,0.4126020620600015,0.8590548290215726,0.9116476733917244,2.42%,ITGAX,GO_Biological_Process_2025__Positive Regulation of Nervous System Process (GO:0031646)
GO:0141188,-0.3875779141187259,-0.8590518243060852,0.977570967821073,0.08%,TREX1,GO_Biological_Process_2025__Nucleic Acid Catabolic Process (GO:0141188)
GO:0031365,-0.4518574130293617,-0.858613530479064,0.9777531419994374,25.39%,NAA15;METAP1;METAP2,GO_Biological_Process_2025__N-terminal Protein Amino Acid Modification (GO:0031365)
GO:0055090,0.2680986126866167,0.8585079486823104,0.9113382986923768,15.04%,APOA4;PNPLA8;ANGPTL8;ANGPTL3;LPL;APOC3;OSBPL11;APOE;LIPC,GO_Biological_Process_2025__Acylglycerol Homeostasis (GO:0055090)
GO:1905521,0.3551130470856669,0.8579876733396428,0.9109927055160212,64.54%,CD81;CSF1;CSF1R;PTK2B;EMILIN1;RTN4;P2RY12,GO_Biological_Process_2025__Regulation of Macrophage Migration (GO:1905521)
GO:0032375,0.3774367482372459,0.8575945763004543,0.9104811179563216,62.30%,APOC3;APOE;ADIPOQ;APOC2;APOC1;APOA2,GO_Biological_Process_2025__Negative Regulation of Cholesterol Transport (GO:0032375)
GO:0060255,-0.4102873283600826,-0.857522270875268,0.9792345756631124,42.81%,MTMR9;MTMR2;SSH1;LAMTOR1;MTMR1;VPS35,GO_Biological_Process_2025__Regulation of Macromolecule Metabolic Process (GO:0060255)
GO:0070252,-0.4584345455981298,-0.8575188250201788,0.9786232540507874,27.82%,CAMK2D;PIK3CA,GO_Biological_Process_2025__Actin-Mediated Cell Contraction (GO:0070252)
GO:0007218,0.3602986932171749,0.8574202151916174,0.9093705993456016,64.02%,NTS;SORL1;RAPGEF2;CPE;GNAQ;RELA;SORT1,GO_Biological_Process_2025__Neuropeptide Signaling Pathway (GO:0007218)
GO:0010762,-0.3817918223728498,-0.8571293100684956,0.9787163217528738,39.66%,PTK2;ARHGEF7;APPL2;PRR5L;TGFB1,GO_Biological_Process_2025__Regulation of Fibroblast Migration (GO:0010762)
GO:0050731,-0.3358670192562686,-0.8570582564026396,0.9782337305959704,39.66%,PARP14;JAK2;TNK2;IL18;PARP9;ANGPT1;ARHGEF2;PTPN1;CCM2;CASS4;TGFB1,GO_Biological_Process_2025__Positive Regulation of Peptidyl-Tyrosine Phosphorylation (GO:0050731)
GO:2000209,-0.4183941903870849,-0.8568689369629927,0.9773630226821622,27.82%,PTK2;BCL2L1;PIK3CA,GO_Biological_Process_2025__Regulation of Anoikis (GO:2000209)
GO:2000811,-0.4183941903870849,-0.8568689369629927,0.9773630226821622,27.82%,PTK2;BCL2L1;PIK3CA,GO_Biological_Process_2025__Negative Regulation of Anoikis (GO:2000811)
GO:0042098,-0.3917998243149381,-0.8559241681476475,0.9785106070230284,36.00%,DOCK8;PPP3CB;PIK3CG;CTPS1,GO_Biological_Process_2025__T Cell Proliferation (GO:0042098)
GO:1903321,-0.3127938410199495,-0.8557150400622177,0.977682423331328,20.36%,ISG15;OGT;CAMLG;BAG5;VPS28;TRIM21,GO_Biological_Process_2025__Negative Regulation of Protein Modification by Small Protein Conjugation or Removal (GO:1903321)
GO:0006939,-0.4296972210700954,-0.8555655343370132,0.977348287835832,57.10%,MYH11;PIK3C2A;MYLK;ROCK1;ROCK2;SMTN,GO_Biological_Process_2025__Smooth Muscle Contraction (GO:0006939)
GO:2000401,0.4076301057433134,0.8555366911059338,0.9116223539693444,59.28%,MIA3;MSN;AKT1;STK10;PPP1R9B,GO_Biological_Process_2025__Regulation of Lymphocyte Migration (GO:2000401)
GO:2000341,0.3966410947543021,0.8551949664165079,0.910931095754794,60.38%,LPL;PRG2;HMGB1;OAS3;TGFB1,GO_Biological_Process_2025__Regulation of Chemokine (C-X-C Motif) Ligand 2 Production (GO:2000341)
GO:0006090,0.2519948837570245,0.8540944467607903,0.9103157435927272,0.29%,ENO3,GO_Biological_Process_2025__Pyruvate Metabolic Process (GO:0006090)
GO:0010572,-0.3791531508783377,-0.8537151830464323,0.9802255955058258,38.36%,JAK2;PLA2G4A;PLEK;GP5;GP9,GO_Biological_Process_2025__Positive Regulation of Platelet Activation (GO:0010572)
GO:0015909,-0.3587949517517684,-0.8537091854510459,0.9796204190084348,27.88%,RPS6KB1;ACSL3;ACSL1;CPT2;ABCD3;SLC27A2;SLC25A20;SLC27A4,GO_Biological_Process_2025__Long-Chain Fatty Acid Transport (GO:0015909)
GO:0007029,-0.3022077134023856,-0.8529336461804664,0.9804778970271398,47.45%,BNIP1;TMEM33;STX18;CAMLG;TRAM1;GET4;CCDC47;DNM1L;RAB10;RTN4;SEC31A;VAPA;RTN3;VCPIP1;ATL3;GET3;TOR1B;LPCAT3,GO_Biological_Process_2025__Endoplasmic Reticulum Organization (GO:0007029)
GO:0042552,-0.3454302003144532,-0.8523229940563058,0.980961423468472,11.12%,ARHGEF10;EIF2B5,GO_Biological_Process_2025__Myelination (GO:0042552)
GO:0032412,-0.3518702697861188,-0.8519690672683738,0.9809836722444956,50.29%,NEDD4;STK39;NLGN1;UTRN;TRPC6;PHB2;MINK1;PPIF;CFH,GO_Biological_Process_2025__Regulation of Monoatomic Ion Transmembrane Transporter Activity (GO:0032412)
GO:0036465,0.2729164326847931,0.851919805976698,0.9132381183943792,0.12%,SNCG,GO_Biological_Process_2025__Synaptic Vesicle Recycling (GO:0036465)
GO:2001242,0.258761247555465,0.8515390189807943,0.9125541426715508,8.41%,BCLAF1;NOL3;UBQLN1;LCK;RACK1,GO_Biological_Process_2025__Regulation of Intrinsic Apoptotic Signaling Pathway (GO:2001242)
GO:0046890,-0.4188039820631623,-0.8514732836038968,0.9806611796498652,18.37%,MTOR;RPTOR,GO_Biological_Process_2025__Regulation of Lipid Biosynthetic Process (GO:0046890)
GO:0030099,0.2698742646103569,0.8513325831871227,0.9116449231712296,4.08%,RPS19;EPX;RPS14,GO_Biological_Process_2025__Myeloid Cell Differentiation (GO:0030099)
GO:0042058,-0.321333986817498,-0.8512742819148765,0.980408858278057,49.79%,CBL;FER;MVP;CCDC88A;DGKD;DUSP3;CNOT9;MMAB;TGFB1;TSG101;PTPN12;ITGA1,GO_Biological_Process_2025__Regulation of Epidermal Growth Factor Receptor Signaling Pathway (GO:0042058)
GO:0007417,-0.2583878582904615,-0.8508903660447177,0.9805473016874076,24.15%,ANAPC7;PTEN;RBBP4;TUBGCP2;RPS6KA3;EIF2B5;APLP2;CLASP1;GIT1;GBA2;ABCB6;NDUFS4;TBC1D23;ATP6AP2;SCYL2;UBE3A;RAB3GAP1;CXCR4;CDK5;NCKAP1,GO_Biological_Process_2025__Central Nervous System Development (GO:0007417)
GO:0050767,-0.3537353852441131,-0.8506918101188141,0.980278984932882,32.52%,FXR1;PRUNE1;DOCK7;NAP1L1;APPL2,GO_Biological_Process_2025__Regulation of Neurogenesis (GO:0050767)
GO:0099024,-0.3541366927877877,-0.8504986439993858,0.9800209412366108,2.30%,ARHGAP25,GO_Biological_Process_2025__Plasma Membrane Invagination (GO:0099024)
GO:0050807,-0.3648762416195633,-0.8504805596114156,0.9794430271759827,61.14%,NEDD4;CAMK1;SNX27;RAP2A;AGO2;SPARC;PDLIM5;CLSTN3;ABHD17B;YWHAZ;CAMK2B,GO_Biological_Process_2025__Regulation of Synapse Organization (GO:0050807)
GO:0050728,0.2211590390100416,0.8499812648718891,0.9130414710349082,4.74%,TMSB4X;RPS19;C1QTNF3,GO_Biological_Process_2025__Negative Regulation of Inflammatory Response (GO:0050728)
GO:0038065,-0.4358305420372979,-0.8496436017827882,0.9803758681899902,5.94%,JAK2,GO_Biological_Process_2025__Collagen-Activated Signaling Pathway (GO:0038065)
GO:0051693,-0.3751270438374269,-0.8496050656987154,0.9792229182247923,40.41%,VIL1;TWF1;SVIL;FLII;CAPZA2;ADD3;CAPZA1,GO_Biological_Process_2025__Actin Filament Capping (GO:0051693)
GO:0051016,-0.3751270438374269,-0.8496050656987154,0.9792229182247923,40.41%,VIL1;TWF1;SVIL;FLII;CAPZA2;ADD3;CAPZA1,GO_Biological_Process_2025__Barbed-End Actin Filament Capping (GO:0051016)
GO:0030336,-0.2615472279552037,-0.8494308131675394,0.9789558389048286,27.28%,PTEN;RBBP4;OGT;SERPINE1;RAP2C;KRIT1;PLXNB3;CLASP1;S100A9;TPM1;AFDN;RECK;APOH;DUSP3;RAP2B;RAP2A,GO_Biological_Process_2025__Negative Regulation of Cell Migration (GO:0030336)
GO:0045742,-0.3792011634548454,-0.849382498915758,0.9784304698334368,39.66%,CBL;CCDC88A;DGKD;CNOT9;TGFB1,GO_Biological_Process_2025__Positive Regulation of Epidermal Growth Factor Receptor Signaling Pathway (GO:0045742)
GO:1903939,-0.4436836761087729,-0.8492302246567479,0.9781129860110404,21.73%,RPS6KB1;TBK1;NCKAP1L,GO_Biological_Process_2025__Regulation of TORC2 Signaling (GO:1903939)
GO:0017157,-0.3129431097631168,-0.8491968937372769,0.9775585380159606,16.11%,WDR41;RAB27A;RAB2B;C9ORF72;CLASP1;STXBP5,GO_Biological_Process_2025__Regulation of Exocytosis (GO:0017157)
GO:0045599,-0.4367317546323502,-0.8487022583450528,0.97786350134712,16.69%,FLCN;SMAD3,GO_Biological_Process_2025__Negative Regulation of Fat Cell Differentiation (GO:0045599)
GO:0016042,-0.3352467086333004,-0.8486236417299817,0.9774046027121948,43.39%,PLA2G15;ACOT8;CES1;ACOX1;ECI2;ACOT7;APOA2;LIPG;SIRT2,GO_Biological_Process_2025__Lipid Catabolic Process (GO:0016042)
GO:0000070,0.2301458320504128,0.8485206694278876,0.9144446955140674,8.70%,RAB33B;ZNF207;CHMP1A;CHMP6;CHMP1B,GO_Biological_Process_2025__Mitotic Sister Chromatid Segregation (GO:0000070)
GO:0045116,0.2980269989615784,0.8484677734749512,0.913166275971752,70.28%,NEDD8;UBE2M;DCUN1D1;COPS6;GPS1;COPS8;UBA3;NAE1;COPS4;COPS5;COPS7A;UBE2F;COPS3,GO_Biological_Process_2025__Protein Neddylation (GO:0045116)
GO:0046928,-0.3706993417947306,-0.848405836254375,0.977209319145412,54.87%,MCTP2;SEPTIN5;CASK;PNKD;DTNBP1;SLC30A1;VPS18;FMR1,GO_Biological_Process_2025__Regulation of Neurotransmitter Secretion (GO:0046928)
GO:2000146,-0.2723175777726474,-0.8483321540139986,0.9767496505049532,27.28%,PTEN;RBBP4;OGT;SERPINE1;RAP2C;PLXNB3;S100A9;TPM1;AFDN;RECK;DUSP3;RAP2B;RAP2A,GO_Biological_Process_2025__Negative Regulation of Cell Motility (GO:2000146)
GO:0072001,-0.363153237884019,-0.847748131460829,0.9772005107387892,21.21%,C1GALT1;IFT27;PCSK5;TGFB2,GO_Biological_Process_2025__Renal System Development (GO:0072001)
GO:0035268,-0.4433958849385406,-0.8476611326869062,0.9761577672320214,54.18%,DPM1;DPM3;CRPPA;POMGNT2,GO_Biological_Process_2025__Protein Mannosylation (GO:0035268)
GO:0035269,-0.4433958849385406,-0.8476611326869062,0.9761577672320214,54.18%,DPM1;DPM3;CRPPA;POMGNT2,GO_Biological_Process_2025__Protein O-linked Mannosylation (GO:0035269)
GO:0050850,0.3175560663040707,0.8470875564459905,0.9144666100902054,0.62%,RAMP3,GO_Biological_Process_2025__Positive Regulation of Calcium-Mediated Signaling (GO:0050850)
GO:1900182,0.2278534588218399,0.847034110764653,0.913148399469737,7.13%,BAG3;TRIM28;TPR;FERMT2,GO_Biological_Process_2025__Positive Regulation of Protein Localization to Nucleus (GO:1900182)
GO:0006984,-0.3906255484666017,-0.8466731146717618,0.9767432730502502,5.30%,ATF6,GO_Biological_Process_2025__ER-nucleus Signaling Pathway (GO:0006984)
GO:2001234,-0.2981714291382709,-0.8466660879479797,0.976156654720324,50.99%,BIRC6;BAK1;FXN;SLC6A4;CSNK2A2;DDX3X;RIPK1;BCL2L1;SLC25A5;QARS1;ACVR1;IGF1;GPX1;PPIF;AKT1;ITGA6;RELA;SOS1;SRC,GO_Biological_Process_2025__Negative Regulation of Apoptotic Signaling Pathway (GO:2001234)
GO:0001578,0.3202664766572688,0.846652311679545,0.9125463544752836,3.91%,NUMA1;ZNF207,GO_Biological_Process_2025__Microtubule Bundle Formation (GO:0001578)
GO:0001822,-0.3588496113588456,-0.8454231863817093,0.9778225324406394,21.21%,C1GALT1;IFT27;PCSK5;KANK2;TGFB2,GO_Biological_Process_2025__Kidney Development (GO:0001822)
GO:0035088,-0.3946036230104434,-0.844986157312328,0.9780167078107028,42.19%,DLG1;PARD3;ERBIN;LLGL1;SCRIB,GO_Biological_Process_2025__Establishment or Maintenance of Apical/Basal Cell Polarity (GO:0035088)
GO:0015012,0.3516495200704431,0.8448982228578367,0.9144892548700232,2.03%,EXT2,GO_Biological_Process_2025__Heparan Sulfate Proteoglycan Biosynthetic Process (GO:0015012)
GO:0002397,0.406800746423388,0.8438974567507301,0.913720595664353,59.36%,PDIA3;HLA-A;CALR;TAPBPL;TAPBP,GO_Biological_Process_2025__MHC Class I Protein Complex Assembly (GO:0002397)
GO:0002502,0.406800746423388,0.8438974567507301,0.913720595664353,59.36%,PDIA3;HLA-A;CALR;TAPBPL;TAPBP,GO_Biological_Process_2025__Peptide Antigen Assembly With MHC Class I Protein Complex (GO:0002502)
GO:2001046,0.3251711973438475,0.8437945048952378,0.9125543600192934,67.54%,LAMA1;LOXL3;LAMC1;LAMA2;LAMB1;NID1;LIMS1;FLNA;LMNB2,GO_Biological_Process_2025__Positive Regulation of Integrin-Mediated Signaling Pathway (GO:2001046)
GO:0032880,0.2252565226147125,0.8434706609137799,0.911824359779527,0.54%,PARP1;RSL1D1,GO_Biological_Process_2025__Regulation of Protein Localization (GO:0032880)
GO:0051336,-0.3100462860618549,-0.8434190349950084,0.979738962355042,38.34%,VAV3;FGD3;PTK2;REPS1;RAB3GAP1;VAV1;CDK5RAP3;PRKG1;TBC1D15;PDE3A;FGD4;RAB3GAP2,GO_Biological_Process_2025__Regulation of Hydrolase Activity (GO:0051336)
GO:0031047,-0.3709824243995522,-0.8431063467000709,0.9796849034600202,1.78%,TARBP2,GO_Biological_Process_2025__Regulatory ncRNA-mediated Gene Silencing (GO:0031047)
GO:1902932,-0.4255045114045128,-0.842660146831039,0.9799114477795814,54.95%,GNAI1;PRKAA1;KPNB1;SNCA;PRKCA,GO_Biological_Process_2025__Positive Regulation of Alcohol Biosynthetic Process (GO:1902932)
GO:1903076,-0.2774403529943257,-0.8422188381007459,0.9801106566554856,46.11%,TREM2;PPP2R5A;ZDHHC5;PIK3R1;DLG1;CAMK2D;TMEM59;APPL1;VTI1B;CDK5;BCL2L1;STX7;VPS4A;LDLRAP1;CLTC;SQSTM1;SPTBN1;PDPK1;TGFB1;PGRMC1;CAMK2G;STX4;MMP14;DAB2;TMBIM1;STX8,GO_Biological_Process_2025__Regulation of Protein Localization to Plasma Membrane (GO:1903076)
GO:0002762,-0.3893535260754322,-0.8419518639325142,0.9800236747550798,7.33%,ZFPM1,GO_Biological_Process_2025__Negative Regulation of Myeloid Leukocyte Differentiation (GO:0002762)
GO:0010640,-0.3981904003268593,-0.8417556284544894,0.9797752261293522,5.26%,CBL,GO_Biological_Process_2025__Regulation of Platelet-Derived Growth Factor Receptor Signaling Pathway (GO:0010640)
GO:0009101,-0.2899975321322365,-0.841686882719821,0.9792943514541768,26.53%,GOLPH3;NPC1;ST3GAL4;CHST12;GOLGA2;TMEM59;ALG2;GCNT1;MGAT4B;ALG3;ARFGEF1,GO_Biological_Process_2025__Glycoprotein Biosynthetic Process (GO:0009101)
GO:0097205,0.396433754924321,0.8415569455396547,0.9142613106973544,60.40%,JCHAIN;MCAM;MYO1E;TBC1D8B;PPP3CA,GO_Biological_Process_2025__Renal Filtration (GO:0097205)
GO:0032091,-0.321067990180242,-0.8413607793750427,0.9792976173589552,51.39%,TMC8;ZFPM1;GOLGA2;CFHR2;CAMK1;METAP2;BAX;PEX14;CFHR5;ROCK1;ATP2A3;ATP2A2;DNAJB2,GO_Biological_Process_2025__Negative Regulation of Protein Binding (GO:0032091)
GO:0097320,-0.3944814647729646,-0.8411431282778551,0.9791051657967856,54.60%,MICALL1;FNBP1L;EHD2;SNX9;SNX18;PACSIN2;CAVIN2,GO_Biological_Process_2025__Plasma Membrane Tubulation (GO:0097320)
GO:0000394,-0.4058158307137866,-0.840706530345889,0.9793138882257012,57.85%,ERN1;RTRAF;DDX1;FAM98A;ZBTB8OS;RTCB,"GO_Biological_Process_2025__RNA Splicing, via Endonucleolytic Cleavage and Ligation (GO:0000394)"
GO:0006399,0.3521903599533825,0.840499897556778,0.9149203859278648,1.82%,SSB,GO_Biological_Process_2025__tRNA Metabolic Process (GO:0006399)
GO:0072594,-0.2853429305547899,-0.8403088473419815,0.9787658228314104,34.51%,RANBP6;GOLPH3;TSC2;IPO13;EIF4ENIF1;RAB11A;IPO5;TNPO3;APPL1;KPNA4;KPNA6;STK4;PEX19;APPL2;STAT3;KPNB1;IPO9,GO_Biological_Process_2025__Establishment of Protein Localization to Organelle (GO:0072594)
GO:0001938,-0.2948083534518328,-0.8399017047527086,0.9788919245967196,14.91%,PDGFB;PLXNB3;EGF;PDCD6;EGFL7,GO_Biological_Process_2025__Positive Regulation of Endothelial Cell Proliferation (GO:0001938)
GO:0090090,-0.311477695469823,-0.8396337950317591,0.978753520002829,45.75%,GSK3A;KREMEN1;LIMD1;SCYL2;AXIN1;IGFBP1;STK4;PROC;CYLD;STK24;DAB2;PFDN5;RUVBL2,GO_Biological_Process_2025__Negative Regulation of Canonical Wnt Signaling Pathway (GO:0090090)
GO:0048013,-0.3417925414757138,-0.8395735049814815,0.9782733212531686,29.60%,KALRN;NCK1;PTK2;YES1;PKN1;FYN;ARHGEF7,GO_Biological_Process_2025__Ephrin Receptor Signaling Pathway (GO:0048013)
GO:1903038,0.3073282007247779,0.8394796624935287,0.9155254248329568,1.74%,ASS1,GO_Biological_Process_2025__Negative Regulation of Leukocyte Cell-Cell Adhesion (GO:1903038)
GO:0097435,-0.2417210387728393,-0.8394312621267751,0.977930865734608,24.61%,XIRP2;ARHGAP25;KATNAL1;NCKAP5L;LOXL1;TUBGCP2;MYH11;INPPL1;MYO6;RAC2;MYO1F;CNN1;TUBGCP3;DLG1;PLOD1;TPM1;P4HA1;MYO5A;BID;SH3KBP1;TUBGCP6;CNN3;CCDC88A;TGFB2;SAMD14;RIPK1;CARMIL1;COLGALT1;CLIP2;ELMO1;PLOD2;TUBGCP4,GO_Biological_Process_2025__Supramolecular Fiber Organization (GO:0097435)
GO:0002752,0.3122172764499314,0.8385802074743847,0.9158544559456698,20.88%,MBL2;FCN2;FCN3;FCN1;COLEC10;COLEC11,GO_Biological_Process_2025__Cell Surface Pattern Recognition Receptor Signaling Pathway (GO:0002752)
GO:0000096,-0.3995015303331751,-0.8383297738614364,0.9793479643191088,35.40%,MPST;MTHFR;MMUT,GO_Biological_Process_2025__Sulfur Amino Acid Metabolic Process (GO:0000096)
GO:0051248,-0.2620995107890866,-0.8382977507446387,0.978819190695165,24.17%,EIF2AK2;TREM2;GIGYF2;IRAK3;ILF3;CNOT1;EIF4ENIF1;PFDN2;LARP1;CSNK2A2;PRNP;DDX3X;CSTA;CDK5;CNOT10,GO_Biological_Process_2025__Negative Regulation of Protein Metabolic Process (GO:0051248)
GO:1901526,-0.4092778803613066,-0.837831094325938,0.9790617439567006,43.91%,SLC6A4;HUWE1;SLC25A5;VDAC1;FBXO7,GO_Biological_Process_2025__Positive Regulation of Mitophagy (GO:1901526)
GO:1903035,0.2977827575635454,0.8377801384675009,0.9161127121969412,6.09%,EPPK1;CRK;PTPRS,GO_Biological_Process_2025__Negative Regulation of Response to Wounding (GO:1903035)
GO:0046636,-0.4463941064766351,-0.8376999180146778,0.9787059586152804,12.39%,VSIR,GO_Biological_Process_2025__Negative Regulation of Alpha-Beta T Cell Activation (GO:0046636)
GO:0110075,-0.4256932968874251,-0.837595386502487,0.97828850060419,15.35%,DHCR7;TMEM164,GO_Biological_Process_2025__Regulation of Ferroptosis (GO:0110075)
GO:0030865,-0.3236908537654042,-0.8374604637622943,0.9779182408677168,31.15%,STRIP1;RAC2;DLG1;NCKAP1L;NCKAP1;PPFIBP1;NLGN1;PLEK,GO_Biological_Process_2025__Cortical Cytoskeleton Organization (GO:0030865)
GO:0051149,0.3251711973438472,0.8374118595447703,0.915483999732513,67.54%,LAMA1;NOTCH1;LAMC1;LAMA2;LAMB1;NID1;NOTCH2;MAPK14;LMNB2,GO_Biological_Process_2025__Positive Regulation of Muscle Cell Differentiation (GO:0051149)
GO:0048488,0.2603179449188225,0.8373908798953461,0.9141524920280958,0.12%,SNCG,GO_Biological_Process_2025__Synaptic Vesicle Endocytosis (GO:0048488)
GO:0007026,-0.4087471291873228,-0.8373011311491297,0.9776127349049256,31.92%,CLASP1;GAS2L1;PROC,GO_Biological_Process_2025__Negative Regulation of Microtubule Depolymerization (GO:0007026)
GO:0030216,-0.3458390626815295,-0.8366994133285882,0.9780753822748144,33.80%,TGM3;ST14;CSTA;CASP3;S100A7;ASAH1,GO_Biological_Process_2025__Keratinocyte Differentiation (GO:0030216)
GO:0048732,-0.3463421648010192,-0.8365988576646197,0.9776490850004462,0.87%,ARHGAP35,GO_Biological_Process_2025__Gland Development (GO:0048732)
GO:0002028,-0.3716610219074018,-0.8354067234295262,0.9792392799858493,35.87%,DLG1;NEDD4;GPD1L;PKP2;SLMAP,GO_Biological_Process_2025__Regulation of Sodium Ion Transport (GO:0002028)
GO:1904377,0.2448740783574196,0.8353552719398897,0.9167225218772658,1.57%,RAMP3;NUMA1,GO_Biological_Process_2025__Positive Regulation of Protein Localization to Cell Periphery (GO:1904377)
GO:0010558,-0.2595550892292639,-0.8349890876545938,0.9794032000847108,5.55%,INPP5K;PDGFB;CHD4;PARP14;GSK3A,GO_Biological_Process_2025__Negative Regulation of Macromolecule Biosynthetic Process (GO:0010558)
GO:0032680,0.205053407150993,0.8346947156462706,0.9166328748918144,2.09%,LGALS9;DHX9,GO_Biological_Process_2025__Regulation of Tumor Necrosis Factor Production (GO:0032680)
GO:0002768,-0.3942962776586148,-0.8345862279191826,0.9795045131892222,37.95%,VAV3;VAV1;FGR;PIGR;LYN,GO_Biological_Process_2025__Immune Response-Regulating Cell Surface Receptor Signaling Pathway (GO:0002768)
GO:0000288,-0.3541924684202972,-0.8340405955756766,0.9792925367226368,3.58%,CNOT3;PATL1,"GO_Biological_Process_2025__Nuclear-Transcribed mRNA Catabolic Process, Deadenylation-Dependent Decay (GO:0000288)"
GO:0007097,-0.375038806397545,-0.8338462208117629,0.9790335482097962,58.99%,TACC3;DOCK7;LMNB2;DCTN1;HOOK3;DYNC1H1;LMNB1;TACC1,GO_Biological_Process_2025__Nuclear Migration (GO:0007097)
GO:0051781,0.3289531053782524,0.8336101579465465,0.915968480188791,1.18%,PKN2,GO_Biological_Process_2025__Positive Regulation of Cell Division (GO:0051781)
GO:0060284,0.2929988277838588,0.8334763802682721,0.9148869774931748,8.12%,RPS19;GRN;ANXA2,GO_Biological_Process_2025__Regulation of Cell Development (GO:0060284)
GO:0032743,-0.3742517754726691,-0.8330873451248239,0.9797744058975753,39.48%,GLMN;MAP3K7;TRAF6;PLCG2;SPTBN1;STOML2,GO_Biological_Process_2025__Positive Regulation of Interleukin-2 Production (GO:0032743)
GO:1904645,0.2591295968495469,0.8330575183374239,0.9129931242385868,0.62%,RAMP3,GO_Biological_Process_2025__Response to Amyloid-Beta (GO:1904645)
GO:0030278,-0.3776655826815941,-0.832593751513235,0.980071470011785,16.69%,CHSY1;SMAD3,GO_Biological_Process_2025__Regulation of Ossification (GO:0030278)
GO:0046579,0.4007878913539291,0.8325565845342208,0.9125660419588923,59.96%,NOTCH1;SHOC2;PICALM;NOTCH2;IGF1,GO_Biological_Process_2025__Positive Regulation of Ras Protein Signal Transduction (GO:0046579)
GO:1904376,-0.3402334561586367,-0.832093034810914,0.9803998338146056,46.06%,PPP2R5A;TMEM59;BCL2L1;CLTC;TGFB1;DAB2;TMBIM1,GO_Biological_Process_2025__Negative Regulation of Protein Localization to Cell Periphery (GO:1904376)
GO:0043328,-0.3433903685857998,-0.831734246541963,0.9804357149733474,57.54%,VPS28;STAM2;VPS37A;VPS37B;PTPN23;SNF8;VPS37C;TSG101;VPS25;UBAP1;MVB12B,GO_Biological_Process_2025__Prot Transport to Vacuole Inv in Ub-dep Prot Cat Proc via Multivsiclr Bdy Sorting Pway (GO:0043328)
GO:0034379,0.3717049195936273,0.830422876527791,0.9152417830433788,2.15%,MTTP,GO_Biological_Process_2025__Very-Low-Density Lipoprotein Particle Assembly (GO:0034379)
GO:0051250,-0.3860463110221459,-0.8303112909709914,0.9817267743012696,34.73%,JAK3;DUSP3;FGL1,GO_Biological_Process_2025__Negative Regulation of Lymphocyte Activation (GO:0051250)
GO:0006913,-0.3334971546555559,-0.8300196067569446,0.9816072722663722,5.14%,SEH1L;NEMF,GO_Biological_Process_2025__Nucleocytoplasmic Transport (GO:0006913)
GO:0030149,-0.3870410890909806,-0.8300044687198596,0.9810449153876336,33.80%,M6PR;SPHK1;GBA2;GLB1;ASAH1,GO_Biological_Process_2025__Sphingolipid Catabolic Process (GO:0030149)
GO:1903140,0.3166632081344676,0.8298948174525764,0.9148267021457052,68.39%,VCL;CDH5;CLDN5;PPP1R12A;F11R;ROCK2;ROCK1;PROC;IKBKB,GO_Biological_Process_2025__Regulation of Establishment of Endothelial Barrier (GO:1903140)
GO:0055091,-0.4235610962670319,-0.8297345891608077,0.9809090672368372,7.29%,SLC25A46,GO_Biological_Process_2025__Phospholipid Homeostasis (GO:0055091)
GO:0045655,-0.4446990738046312,-0.8295810755844509,0.980578606166528,10.69%,FES,GO_Biological_Process_2025__Regulation of Monocyte Differentiation (GO:0045655)
GO:0043248,-0.3927901666698997,-0.8291230229469072,0.980785822415064,45.26%,PSMD5;PSMD11;PSMG1;PSMG2,GO_Biological_Process_2025__Proteasome Assembly (GO:0043248)
GO:0007605,0.246246372484945,0.8289002016174817,0.9153711068684712,13.77%,COL2A1;WFS1;ATP2B4;CEMIP;COL1A1;KIT;SOD1;CDH23,GO_Biological_Process_2025__Sensory Perception of Sound (GO:0007605)
GO:1903846,-0.3848133322718025,-0.8288151365994163,0.980098699210871,29.31%,FLCN;LRG1;TGFB1I1,GO_Biological_Process_2025__Positive Regulation of Cellular Response to Transforming Growth Factor Beta Stimulus (GO:1903846)
GO:0030511,-0.3848133322718025,-0.8288151365994163,0.980098699210871,29.31%,FLCN;LRG1;TGFB1I1,GO_Biological_Process_2025__Positive Regulation of Transforming Growth Factor Beta Receptor Signaling Pathway (GO:0030511)
GO:0006767,-0.3567630226922717,-0.8287913095715785,0.9795538622010648,38.46%,FLAD1;PLPBP;PANK4;MCCC1;MMAB,GO_Biological_Process_2025__Water-Soluble Vitamin Metabolic Process (GO:0006767)
GO:0006112,-0.3838781896797115,-0.8279863215381594,0.9803448997965712,27.49%,GBE1;PHKG2;PRKAG2;PYGL,GO_Biological_Process_2025__Energy Reserve Metabolic Process (GO:0006112)
GO:0010629,-0.2393942615409294,-0.8276915942757572,0.980263885521845,17.48%,EIF2AK2;PDGFB;CHD4;PARP14;GIGYF2;ATP2B1;NUDT16L1;FXR2;DIS3L2;ILF3;CNOT1;EIF4ENIF1;FTO;SRGN;ERN1;FXR1;SMAD3;S100A9;LARP1,GO_Biological_Process_2025__Negative Regulation of Gene Expression (GO:0010629)
GO:0032870,-0.320694957812516,-0.8274366081221315,0.9801156977932616,6.96%,INPP5K;STAT5B,GO_Biological_Process_2025__Cellular Response to Hormone Stimulus (GO:0032870)
GO:0043524,-0.3012143314307511,-0.827431134990118,0.9795402159410466,6.38%,HTRA2;F2R,GO_Biological_Process_2025__Negative Regulation of Neuron Apoptotic Process (GO:0043524)
GO:0034374,0.3774367482372458,0.8274157762276365,0.9167743719727356,62.30%,LIPC;PLA2G7;MPO;APOB;CETP;APOA2,GO_Biological_Process_2025__Low-Density Lipoprotein Particle Remodeling (GO:0034374)
GO:0070646,-0.2886356828313166,-0.8270236742684978,0.9796742739823447,38.65%,USP9Y;COPS2;USP25;STAMBP;OTUB1;COPS7B;USP24;COPS3;TOR1A;USP12;USP47;CYLD;UCHL5;COPS7A;COPS5;COPS4,GO_Biological_Process_2025__Protein Modification by Small Protein Removal (GO:0070646)
GO:0042554,-0.4403044158505923,-0.826344430550963,0.9803056414213676,43.02%,RAC2;SH3PXD2A;ALOX12,GO_Biological_Process_2025__Superoxide Anion Generation (GO:0042554)
GO:1990090,-0.3816857264446249,-0.8260761264607216,0.980169525909467,22.14%,WASF1;KIDINS220,GO_Biological_Process_2025__Cellular Response to Nerve Growth Factor Stimulus (GO:1990090)
GO:0045652,-0.4023256181964435,-0.825429162737509,0.9806729733913004,4.74%,PRMT1,GO_Biological_Process_2025__Regulation of Megakaryocyte Differentiation (GO:0045652)
GO:0060562,0.306273734981929,0.8250872011649578,0.9198026622554024,16.88%,PKD1;CSF1R;MEGF8;PODXL;PRKD2,GO_Biological_Process_2025__Epithelial Tube Morphogenesis (GO:0060562)
GO:0035456,-0.3558522208589163,-0.8250571396442303,0.980783137194689,34.05%,HTRA2;NDUFA13;SHFL;PNPT1;UBE2K,GO_Biological_Process_2025__Response to Interferon-Beta (GO:0035456)
GO:0042996,-0.4055381252295291,-0.8243609763128521,0.981373267499818,34.82%,ATP2C1;LYPLAL1;CNST;CSK,GO_Biological_Process_2025__Regulation of Golgi to Plasma Membrane Protein Transport (GO:0042996)
GO:0006690,-0.320953460145378,-0.824198408849153,0.9810733703782212,47.00%,MAPKAPK2;DAGLB;ABHD12;PLA2G4A;TBXAS1;MGST3;DPEP2;MGLL;ALOX12;CPA1;GPX1;PYCARD,GO_Biological_Process_2025__Icosanoid Metabolic Process (GO:0006690)
GO:0045088,-0.2816971774866454,-0.8237065503982754,0.9813537230192948,25.97%,TREX1;TREM2;ATG5;IRAK3;TRAFD1;TRIM56;LONP1;S100A9;TRIM21;APPL1;FADD;N4BP1;PARP9,GO_Biological_Process_2025__Regulation of Innate Immune Response (GO:0045088)
GO:0010758,0.3001581309410475,0.8231123240963804,0.9207675524145444,14.50%,RARRES2;CSF1;CSF1R;CCL5,GO_Biological_Process_2025__Regulation of Macrophage Chemotaxis (GO:0010758)
GO:0015031,-0.2326441971793883,-0.8221048190585392,0.9835033486374348,42.96%,TMEM167A;GOLPH3;KIF13A;TIMM44;STX16;SNX4;ARFGAP3;MYO6;SURF4;VPS33B;IFT27;OPTN;AP4M1;PREB;GGA3;LAMP2;SCFD2;PDCD6;VPS26C;RAB11A;STXBP3;SNX8;STX12;MACF1;GOLGA7;RAB21;SNX27;VIPAS39;COPA;RAB31;STX5;SCAMP2;AP3B1;SEL1L;STX6;GGA1;ARFIP1;RAB38;SNX15;SAR1B;STX7;TBC1D13;SNX1;SCAMP3;VMP1;TMED10;COPG2;COPZ1;CLTC;RAB6A;TMED2;CHMP2B;ARHGEF2;SEC23IP;TMED7;NAPG;GNAS;TANGO2;TMED4;RAB10;SPTBN1;RAB5B;SIL1;RAB34;RAB3GAP2;TMED9;SYNRG;STXBP2;HDAC6;RAB11FIP3;STX4;RABL3;COPG1;SCFD1;VPS35;DNM2;RUFY1,GO_Biological_Process_2025__Protein Transport (GO:0015031)
GO:0032727,0.3081546080877701,0.8212794846164577,0.9229787630316996,2.09%,DHX9,GO_Biological_Process_2025__Positive Regulation of Interferon-Alpha Production (GO:0032727)
GO:0032024,-0.3190047175065014,-0.82123199779493,0.9838175010260728,30.65%,TRPM4;GCG;PPP3CB;IRS2;MCU;PDHX,GO_Biological_Process_2025__Positive Regulation of Insulin Secretion (GO:0032024)
GO:0070588,-0.2960228286014508,-0.8204436670595961,0.9846045517607208,5.65%,MCUR1;ATP2B1;TRPM4,GO_Biological_Process_2025__Calcium Ion Transmembrane Transport (GO:0070588)
GO:0099558,0.3800539083557951,0.819966383385411,0.9240666451860208,62.03%,ERC1;CBLN1;SDF4;CBLN2;DCTN1,GO_Biological_Process_2025__Maintenance of Synapse Structure (GO:0099558)
GO:0035872,-0.4074400332313799,-0.8185671573282366,0.987213044095034,14.17%,MAP3K7,"GO_Biological_Process_2025__Nucleotide-Binding Domain, Leucine Rich Repeat Containing Receptor Signaling Pathway (GO:0035872)"
GO:0006692,0.3165929487484509,0.8184183957804287,0.9255613118906452,8.20%,CBR1;PTGR1;PTGES3,GO_Biological_Process_2025__Prostanoid Metabolic Process (GO:0006692)
GO:0042551,0.3256882322945255,0.8183102597330904,0.9243890253294148,1.68%,CLN5,GO_Biological_Process_2025__Neuron Maturation (GO:0042551)
GO:0002687,-0.3728023518138294,-0.8180334568656444,0.9875565558293098,38.67%,NCKAP1L;F7;IL6R;RTN4,GO_Biological_Process_2025__Positive Regulation of Leukocyte Migration (GO:0002687)
GO:1902176,-0.3523308785216992,-0.8179874328618841,0.9870578519192146,11.08%,HTRA2;BAG5,GO_Biological_Process_2025__Negative Regulation of Oxidative Stress-Induced Intrinsic Apoptotic Signaling Pathway (GO:1902176)
GO:1903541,0.2899273104880582,0.817847565315571,0.9238592835659064,71.09%,CHMP6;SDCBP;STAM;CHMP2A;SDC1;HGS;SDC4;PDCD6IP;RAB7A;TSG101;SNF8;VPS4B;VPS4A,GO_Biological_Process_2025__Regulation of Exosomal Secretion (GO:1903541)
GO:0042981,-0.2233114054083008,-0.817680785566764,0.986974288822456,23.28%,NME2;AVEN;GOLPH3;APAF1;TPT1;HTRA2;PRKDC;GRK5;MTOR;HIGD1A;BIRC6;BAK1;FLCN;CBL;ATF6;TMC8;JAK2;GCG;F2R;BNIP1;RPS6KB1;PRDX5;NAA15;RPS6KA3;PPID;UXT;PIK3R1;CIDEB;CCAR2;ATG7;SPTLC1;FXN;PDCD6;PTK2;SPHK1;MAPKAP1;ITPR1;SLC6A4;MTCH2;API5;FKBP8;LONP1;S100A9;JAK3;PTPRA;BID;HYPK;DDX3X;SAV1;RPL15;RIPK1;NCKAP1L;SHC1;BRAF;CASP6;PRDX3;FADD;TNFSF10,GO_Biological_Process_2025__Regulation of Apoptotic Process (GO:0042981)
GO:0006367,-0.4124440672075324,-0.8173896239530631,0.9862803185794744,14.83%,USP25,GO_Biological_Process_2025__Transcription Initiation at RNA Polymerase II Promoter (GO:0006367)
GO:0045109,0.3897629080405912,0.8171256571876468,0.9238430278326952,3.56%,EPPK1,GO_Biological_Process_2025__Intermediate Filament Organization (GO:0045109)
GO:0007040,-0.3232499361927673,-0.8167208827800815,0.9861942278933886,5.68%,CLN6;HPS1,GO_Biological_Process_2025__Lysosome Organization (GO:0007040)
GO:0045860,-0.2744085052077168,-0.8165048581028458,0.9859802823369784,21.21%,PRKAG1;ALS2;CAB39;MAP2K3;PTK2;LONP1;CAMK1;TRAF6;CCDC88A;TGFB2,GO_Biological_Process_2025__Positive Regulation of Protein Kinase Activity (GO:0045860)
GO:0045931,0.3317813073751078,0.8161400735257487,0.9243535656777012,1.18%,PKN2,GO_Biological_Process_2025__Positive Regulation of Mitotic Cell Cycle (GO:0045931)
GO:1901796,-0.3353602639993709,-0.815851205656876,0.9859775971015168,3.69%,HEXIM1;MTOR,GO_Biological_Process_2025__Regulation of Signal Transduction by P53 Class Mediator (GO:1901796)
GO:0007080,-0.3059114049425899,-0.8158041440307802,0.9854785936720688,34.30%,SEH1L;BECN1;RAB11A;EML3;ZW10;VPS4A;DCTN2;VPS4B;CHMP2B;KPNB1,GO_Biological_Process_2025__Mitotic Metaphase Chromosome Alignment (GO:0007080)
GO:0099518,-0.3917527306337402,-0.8156574454546682,0.9851535111606996,18.39%,SLC6A4;MYO5A,GO_Biological_Process_2025__Vesicle Cytoskeletal Trafficking (GO:0099518)
GO:0034504,-0.2658570151663028,-0.8148318458542599,0.9859162046174847,8.53%,RANBP6;PAF1;TSC2;PIKFYVE;IPO13,GO_Biological_Process_2025__Protein Localization to Nucleus (GO:0034504)
GO:0140448,-0.3812682288155092,-0.8145513340609049,0.9857847787436912,24.63%,PCSK5;ECE1,GO_Biological_Process_2025__Signaling Receptor Ligand Precursor Processing (GO:0140448)
GO:0002444,-0.4363877481246099,-0.8144334010129489,0.9853862480050922,47.91%,CARD9;IRAK4;IL6R;SERPINB9,GO_Biological_Process_2025__Myeloid Leukocyte Mediated Immunity (GO:0002444)
GO:1903898,-0.3965854858831221,-0.8137397142581366,0.9853523463523244,51.45%,NCK1;PTPN1;AKT1;ATAD3A;DDRGK1,GO_Biological_Process_2025__Negative Regulation of PERK-mediated Unfolded Protein Response (GO:1903898)
GO:0051057,-0.287814028359995,-0.8136392564902649,0.984943217074846,18.74%,F2R;PIK3CB;ALS2;MCF2L;FXR1;AKAP13,GO_Biological_Process_2025__Positive Regulation of Small GTPase Mediated Signal Transduction (GO:0051057)
GO:0051347,-0.3685714906539837,-0.8131355972975144,0.9851970271350402,37.74%,GSK3A;UBE2L3;UBE2I;APOA2,GO_Biological_Process_2025__Positive Regulation of Transferase Activity (GO:0051347)
GO:0120033,-0.358231634612067,-0.8127638298857879,0.9852582369396814,11.58%,EVI5L;PLXNB3,GO_Biological_Process_2025__Negative Regulation of Plasma Membrane Bounded Cell Projection Assembly (GO:0120033)
GO:0009205,-0.3480138569875973,-0.8127633561005945,0.9846834975136228,15.27%,GTPBP1;MFN1;EFL1,GO_Biological_Process_2025__Purine Ribonucleoside Triphosphate Metabolic Process (GO:0009205)
GO:0060193,0.3848750134072778,0.8125667262279762,0.9295688780732718,3.11%,FGFR3,GO_Biological_Process_2025__Positive Regulation of Lipase Activity (GO:0060193)
GO:0090331,-0.4145582745748651,-0.8125557812209505,0.9844502320910316,58.62%,PRKG1;ALOX12;SERPINE2;PRKCD;CD9;TMX1,GO_Biological_Process_2025__Negative Regulation of Platelet Aggregation (GO:0090331)
GO:0070328,0.2407808078414516,0.8118887402365339,0.9294789926451164,15.04%,C1QTNF3;PNPLA8;ANGPTL8;ANGPTL3;LPL;APOC3;OSBPL11;APOE;LIPC,GO_Biological_Process_2025__Triglyceride Homeostasis (GO:0070328)
GO:0032233,-0.2922455349994629,-0.8114440480200775,0.98518552772553,31.15%,ARHGEF10;VIL1;TPM1;CCDC88A;CARMIL1;PKN1;MTSS1;PLEK,GO_Biological_Process_2025__Positive Regulation of Actin Filament Bundle Assembly (GO:0032233)
GO:0009064,0.3218901868288646,0.8114387323071885,0.9289835531556744,1.26%,DGLUCY,GO_Biological_Process_2025__Glutamine Family Amino Acid Metabolic Process (GO:0009064)
GO:0032102,-0.2628144106445549,-0.811027236905529,0.9852969667326495,16.78%,TREX1;PTEN;ATG5;SERPINE1;IRAK3;SAA2;TRAFD1;SHARPIN;FXR1;LONP1,GO_Biological_Process_2025__Negative Regulation of Response to External Stimulus (GO:0032102)
GO:2000810,0.3166632081344676,0.8105068652123306,0.9293995900126892,68.39%,TJP1;MYO1E;GDF2;CLDN5;PRKCA;F11R;ROCK2;ROCK1;IKBKB,GO_Biological_Process_2025__Regulation of Bicellular Tight Junction Assembly (GO:2000810)
GO:0002183,-0.2887002763447539,-0.8104521099261802,0.9856803918947508,31.59%,EIF2B3;DHX29;EIF2B5;EIF2B1;MCTS1;EIF3F;EIF3M;EIF3I;EIF3A;EIF5;EIF4G1,GO_Biological_Process_2025__Cytoplasmic Translational Initiation (GO:0002183)
GO:0046597,0.3125778331257784,0.8104001196184232,0.9282335715863772,68.81%,LRRC15;SNX3;FCN3;FCN1;IFITM3;CD74;IFITM2;GSN;PTX3;TRIM5,GO_Biological_Process_2025__Host-Mediated Suppression of Symbiont Invasion (GO:0046597)
GO:1903779,-0.3944705677141691,-0.8097624536555816,0.986264192209826,3.87%,ATP2B1,GO_Biological_Process_2025__Regulation of Cardiac Conduction (GO:1903779)
GO:0016322,-0.4165947878872363,-0.809082478264883,0.9867866092405276,54.45%,ANKS1A;SCARF1;C1QA;C3;APP,GO_Biological_Process_2025__Neuron Remodeling (GO:0016322)
GO:1903543,0.2898671096345517,0.8090200326611474,0.9295072662904136,71.09%,SDCBP;STAM;CHMP2A;SDC1;HGS;SDC4;PDCD6IP;RAB7A;TSG101;SNF8;VPS4B;VPS4A,GO_Biological_Process_2025__Positive Regulation of Exosomal Secretion (GO:1903543)
GO:0045922,-0.3929044943523125,-0.8078126467242166,0.9883146384543012,47.18%,UBR4;APPL2;ERLIN2;APOC1;ACADVL,GO_Biological_Process_2025__Negative Regulation of Fatty Acid Metabolic Process (GO:0045922)
GO:0031345,-0.3282138011440118,-0.8075659882914108,0.988169930855334,11.66%,PTEN;BAG5;ADCY6,GO_Biological_Process_2025__Negative Regulation of Cell Projection Organization (GO:0031345)
GO:1904152,-0.4115369342549678,-0.8072076335894686,0.9881929908534444,51.74%,UBE2J1;ERLEC1;YOD1;OS9;DERL2,"GO_Biological_Process_2025__Regulation of Retrograde Protein Transport, ER to Cytosol (GO:1904152)"
GO:1903053,-0.3391788539865935,-0.8052178667597607,0.9902942390725422,32.50%,GLMN;RECK;FGFR4;LMNB2,GO_Biological_Process_2025__Regulation of Extracellular Matrix Organization (GO:1903053)
GO:0031348,-0.2737350615424699,-0.8049422968159824,0.9901481739853502,16.78%,TREX1;ATG5;IRAK3;SAA2;TRAFD1;SHARPIN;FXR1;LONP1,GO_Biological_Process_2025__Negative Regulation of Defense Response (GO:0031348)
GO:0010975,-0.2527516706026594,-0.8049142472526757,0.9896199265314746,25.54%,ARHGAP35;PTEN;GSK3A;FES;BAG5;PLXNB3;ADCY6;MYCBP2;TWF1;S100A9;CAMK1;CCDC88A;KIDINS220;CDK5;PKN1;KIF13B,GO_Biological_Process_2025__Regulation of Neuron Projection Development (GO:0010975)
GO:0006629,-0.2389460240639769,-0.8048476329464987,0.9891499917539878,27.88%,MECR;PLA2G15;PLPP6;ACSF3;NCEH1;DGKZ;DECR2;ACSL3;PCCA;ACSL1;TSPO;APOC4;MBOAT7;AGPAT1;OCRL;APOF;CES1;HMGCL;ACOX1;AGPS;BCKDK;SDR9C7;TMEM43;DGKA;MGST3;PRKAA1;SLC27A4,GO_Biological_Process_2025__Lipid Metabolic Process (GO:0006629)
GO:0045124,-0.3721481794469237,-0.803513511599218,0.9902381796287856,28.15%,INPP5D;SLC4A2;ARAP1,GO_Biological_Process_2025__Regulation of Bone Resorption (GO:0045124)
GO:0170041,0.3254548998599565,0.8034816955211946,0.9381288721547508,11.50%,ASS1;DDAH2;DDAH1;PM20D1,GO_Biological_Process_2025__Non-Proteinogenic Amino Acid Metabolic Process (GO:0170041)
GO:0032970,-0.2650988620219648,-0.8034598517480958,0.9897513138437674,14.85%,ARHGAP35;MTOR;TAOK2;RAC2;ARHGAP17;SLC4A2,GO_Biological_Process_2025__Regulation of Actin Filament-Based Process (GO:0032970)
GO:0030218,0.2394962426305368,0.8030372359387521,0.9375665312893768,4.08%,RPS19;EPX;RPS14,GO_Biological_Process_2025__Erythrocyte Differentiation (GO:0030218)
GO:0006104,-0.4199460929597017,-0.8029989117909876,0.9899118268150624,51.12%,OGDH;SUCLG1;SUCLA2,GO_Biological_Process_2025__succinyl-CoA Metabolic Process (GO:0006104)
GO:0032717,0.3727970143064484,0.8026034367133142,0.9369324966505944,62.76%,SSC5D;ANXA4;ELANE;ARRB1;IL6R,GO_Biological_Process_2025__Negative Regulation of Interleukin-8 Production (GO:0032717)
GO:0019221,-0.2405056543682958,-0.8023108777123988,0.9898303343799812,11.35%,PDGFB;CHUK;STAT6;CBL;JAK2;IRS1;IRAK3;STAT5B;MYD88;IRAK1;FER;PIK3R1,GO_Biological_Process_2025__Cytokine-Mediated Signaling Pathway (GO:0019221)
GO:0006878,-0.4305729399358552,-0.8020043059005044,0.9891698098047942,19.59%,CCDC22;PRNP,GO_Biological_Process_2025__Intracellular Copper Ion Homeostasis (GO:0006878)
GO:0055070,-0.4305729399358552,-0.8020043059005044,0.9891698098047942,19.59%,CCDC22;PRNP,GO_Biological_Process_2025__Copper Ion Homeostasis (GO:0055070)
GO:0050729,0.2096624148315128,0.8019256061219504,0.9368450217603318,7.39%,RPS19;DHX9;PDE2A;OSMR;TLR2;CD81;GRN,GO_Biological_Process_2025__Positive Regulation of Inflammatory Response (GO:0050729)
GO:0050804,0.2359777063602741,0.8014942617681773,0.9362767256100796,0.17%,LRP8,GO_Biological_Process_2025__Modulation of Chemical Synaptic Transmission (GO:0050804)
GO:0002693,-0.4035345533457187,-0.8014549120180712,0.9894899441506332,29.72%,RIPOR2;JAM3,GO_Biological_Process_2025__Positive Regulation of Cellular Extravasation (GO:0002693)
GO:1905037,-0.2758342340762557,-0.8013309238954271,0.9891218325611691,29.47%,ATG5;WIPI1;BECN1;AP4M1;ATG7;ATG4B;PACS2;ATG16L1;ATG9A;STX12;TRAF6;DNAJC16;PIK3C3;TMEM41B;ATG2B;VMP1,GO_Biological_Process_2025__Autophagosome Organization (GO:1905037)
GO:0071622,0.3022138934340383,0.8011870788319293,0.9354757995411166,14.50%,RARRES2;CSF1;CSF1R;CCL5,GO_Biological_Process_2025__Regulation of Granulocyte Chemotaxis (GO:0071622)
GO:0050832,-0.3541214702256591,-0.8011841750501904,0.9887893031761784,32.62%,S100A12;DEFA4;S100A9;S100A8;PLCG2;CARD9,GO_Biological_Process_2025__Defense Response to Fungus (GO:0050832)
GO:0001890,-0.3837889540356311,-0.8008410704342694,0.9887593443471676,14.02%,PDGFB;PTK2,GO_Biological_Process_2025__Placenta Development (GO:0001890)
GO:0009913,-0.3257071412528439,-0.8004801496306048,0.988736443557752,33.80%,TGM3;ST14;CSTA;CASP3;S100A7;ASAH1,GO_Biological_Process_2025__Epidermal Cell Differentiation (GO:0009913)
GO:2000049,-0.4180622529955626,-0.7997187023978004,0.9893906854726284,41.18%,AFDN;DENND6A;SERPINF2;FLOT1,GO_Biological_Process_2025__Positive Regulation of Cell-Cell Adhesion Mediated by Cadherin (GO:2000049)
GO:0009311,-0.3132961302786805,-0.7994135979892332,0.9893021500960576,16.18%,MAN2C1;FUT8;ST3GAL4;EGFL7;MPDU1,GO_Biological_Process_2025__Oligosaccharide Metabolic Process (GO:0009311)
GO:0010715,-0.3553281456897248,-0.7993268010495104,0.98885720913774,26.24%,GLMN;CLASP1;FGFR4,GO_Biological_Process_2025__Regulation of Extracellular Matrix Disassembly (GO:0010715)
GO:2000679,0.3815751332579302,0.7991754288042889,0.9377604606795794,2.36%,H1-0,GO_Biological_Process_2025__Positive Regulation of Transcription Regulatory Region DNA Binding (GO:2000679)
GO:0001570,-0.3529027899555277,-0.7989482986673491,0.9889070745948724,39.66%,GLMN;EGFL7;CCM2;RTN4;TGFB1,GO_Biological_Process_2025__Vasculogenesis (GO:0001570)
GO:0010647,0.3585649108253836,0.798783827049408,0.9371171185214942,64.19%,CLSTN1;GPNMB;CLSTN3;ILK;LLGL1;PTPN23,GO_Biological_Process_2025__Positive Regulation of Cell Communication (GO:0010647)
GO:1904293,-0.4036675193221486,-0.7983839535856772,0.9892483340462864,14.83%,USP25,GO_Biological_Process_2025__Negative Regulation of ERAD Pathway (GO:1904293)
GO:0007346,-0.2835259458918396,-0.7982325683868642,0.9889151029854718,25.46%,ANAPC7;RPS6KB1;CDC16;SPHK1;LONP1;TTLL12;NEK7;DUSP3,GO_Biological_Process_2025__Regulation of Mitotic Cell Cycle (GO:0007346)
GO:0097191,-0.2930723516309153,-0.7977168530218121,0.9886095746339256,39.66%,BAK1;GSK3A;JAK2;SMAD3;BID;DDX3X;TGFB2;RIPK1;FADD;BCL2L1;BAX;SORT1;IL6R;FASN;PDPK1;TGFB1,GO_Biological_Process_2025__Extrinsic Apoptotic Signaling Pathway (GO:0097191)
GO:2001135,-0.3941016354145368,-0.7968831460053315,0.9893339940673648,53.17%,RAB11A;RAB11FIP3;EHD2;EIPR1;EHD1,GO_Biological_Process_2025__Regulation of Endocytic Recycling (GO:2001135)
GO:1903828,-0.3071714472539398,-0.7967972368391005,0.9888935016168352,13.34%,MTOR;METAP1;RIPOR2,GO_Biological_Process_2025__Negative Regulation of Protein Localization (GO:1903828)
GO:0006388,-0.3980875073734427,-0.7964783385117721,0.9888427503694888,57.85%,RTRAF;DDX1;FAM98A;ZBTB8OS;RTCB,"GO_Biological_Process_2025__tRNA Splicing, via Endonucleolytic Cleavage and Ligation (GO:0006388)"
GO:2001235,0.2375221099849943,0.795706050254239,0.9412167263402464,8.41%,PKN2;BCLAF1;RPS3;LCK;RACK1,GO_Biological_Process_2025__Positive Regulation of Apoptotic Signaling Pathway (GO:2001235)
GO:0051091,-0.2526275330372746,-0.7956958533601223,0.9895142844666588,37.90%,EIF2AK2;CHUK;MYD88;IRAK1;FER;S100A12;SPHK1;RNF31;SMAD3;S100A9;TRAF6;TRIM21;RIPK1;PRDX3;S100A8;IL18;PLCG2;RBCK1;CD40LG;TRIM5;IKBKB;CARD9;ARHGEF2;TRIM25;MTPN;CRTC2;COPS5;PHB2,GO_Biological_Process_2025__Positive Regulation of DNA-binding Transcription Factor Activity (GO:0051091)
GO:0046330,-0.289251116307627,-0.7956371217131583,0.9890385135012932,47.64%,TAOK2;PLCB1;RIPK1;AXIN1;CRACR2A;CARD9;MAP3K5;SERPINF2;DUSP22;MINK1;PYCARD;TNIK;TAOK3,GO_Biological_Process_2025__Positive Regulation of JNK Cascade (GO:0046330)
GO:1901224,-0.3051368655773784,-0.7954741803591976,0.9887256814996456,15.04%,EIF2AK2;PTP4A3;TRIP6;MAP3K7;SPHK1;TRIM56,GO_Biological_Process_2025__Positive Regulation of Non-Canonical NF-kappaB Signal Transduction (GO:1901224)
GO:0006999,-0.383557687410646,-0.7952244329928263,0.9885589044590516,16.45%,SEH1L;FXR1,GO_Biological_Process_2025__Nuclear Pore Organization (GO:0006999)
GO:0042159,0.3089048232280956,0.7950176569705557,0.941107040573828,18.97%,NOTUM;PPT1;LYPLA2;CTSD,GO_Biological_Process_2025__Lipoprotein Catabolic Process (GO:0042159)
GO:0043330,0.3066798459852774,0.7947654316987177,0.9402206724066666,2.09%,DHX9,GO_Biological_Process_2025__Response to Exogenous dsRNA (GO:0043330)
GO:0050995,-0.3812655592082296,-0.7943515534161661,0.9893318569545492,48.09%,BSCL2;PRKAA1;APOA2;APOC1;AKT1,GO_Biological_Process_2025__Negative Regulation of Lipid Catabolic Process (GO:0050995)
GO:0018205,0.2468000125694008,0.7933566888155261,0.9413160990453484,7.52%,TRIM28;HINT1;LOX;IVL,GO_Biological_Process_2025__Peptidyl-Lysine Modification (GO:0018205)
GO:0051603,-0.2642748815370854,-0.7932917159303993,0.9898869214970109,22.43%,ISG15;CLPP;CUL4B;GLMN;CTSW;LONP1;IDE;TRIM21;ATE1,GO_Biological_Process_2025__Proteolysis Involved in Protein Catabolic Process (GO:0051603)
GO:0046323,-0.4290040451675011,-0.793118632252549,0.9895777032546764,55.74%,SLC27A4;SORT1;SLC2A3;RAB4B,GO_Biological_Process_2025__D-glucose Import (GO:0046323)
GO:0010586,-0.3911409094985596,-0.7927501709197007,0.9896181594036452,9.09%,TUT7;DIS3L2,GO_Biological_Process_2025__miRNA Metabolic Process (GO:0010586)
GO:1903322,-0.2827563011668346,-0.7926607200924835,0.989195205792303,23.09%,GSK3A;DERL1;HSPBP1;MYCBP2;SPHK1;HUWE1;TRAF6;AXIN1;UBE3A;UBE2L3,GO_Biological_Process_2025__Positive Regulation of Protein Modification by Small Protein Conjugation or Removal (GO:1903322)
GO:0000045,-0.2679762368201743,-0.7926363997603747,0.9886734966809836,19.22%,ATG5;WIPI1;BECN1;AP4M1;ATG7;MFN2;ATG4B;PACS2;ATG16L1;ATG9A;STX12;TRAF6,GO_Biological_Process_2025__Autophagosome Assembly (GO:0000045)
GO:0051965,0.3022000830220008,0.7923815629209476,0.9416890958090204,69.84%,SEMA4D;CLSTN1;SLITRK1;GHRL;NRXN1;IL1RAP;NLGN2;CLSTN3;NLGN1;LRRC4B,GO_Biological_Process_2025__Positive Regulation of Synapse Assembly (GO:0051965)
GO:0097696,-0.2941384543337486,-0.7922766676528425,0.988112015680836,17.69%,STAT6;JAK2;STAT5B;STAT2;STAMBP;JAK3,GO_Biological_Process_2025__Cell Surface Receptor Signaling Pathway via STAT (GO:0097696)
GO:0070925,-0.2286728244074921,-0.7916781212540915,0.987924429047686,38.30%,TRAPPC14;CEP131;ATG5;HPS1;WIPI1;NEK1;EHD4;AP1G1;BECN1;IFT27;AP4M1;ABCC4;ATG7;ATG4B;PACS2;ATG16L1;VPS28;OCRL;ATG9A;FXR1;ABCB6;RAB11A;STX12;CEP41;TRAF6;MICALL1;PIK3C3;STAM2;AP3B1;AP3M1;TMEM41B;RAB38;STX7;ATP6V1D;VPS4A;ATG2B;VMP1;RILPL2;AP1B1;VPS37A;VPS4B;SNAP29;CHMP2B;ABLIM3;ATG4A;PTGES2;AP1S1;SQSTM1;VPS37B;PTPN23;TXNDC15;FNBP1L;SNF8;RAB34,GO_Biological_Process_2025__Organelle Assembly (GO:0070925)
GO:1905606,-0.4029979586489292,-0.7911681101569812,0.9876107190138892,47.87%,LRRC4B;EIF4G1;VPS35;SNCA,GO_Biological_Process_2025__Regulation of Presynapse Assembly (GO:1905606)
GO:0099174,-0.4029979586489292,-0.7911681101569812,0.9876107190138892,47.87%,LRRC4B;EIF4G1;VPS35;SNCA,GO_Biological_Process_2025__Regulation of Presynapse Organization (GO:0099174)
GO:0090224,0.3575791585276145,0.7905226301336261,0.9436688707586134,1.57%,NUMA1,GO_Biological_Process_2025__Regulation of Spindle Organization (GO:0090224)
GO:0140694,-0.2550480811804577,-0.7903852689770451,0.9882924353146836,29.89%,PATL1;TUBGCP2;DHX29;TUBGCP3;EIF4ENIF1;C9ORF72;GOLGA2;FXR1;AUP1;LIMD1;TUBGCP6;DDX3X;BSCL2;CDS2;NEK7;TUBGCP4;PPP2R1A;MOSPD2;EIF5,GO_Biological_Process_2025__Membraneless Organelle Assembly (GO:0140694)
GO:0007254,-0.3592049944704407,-0.7898467575327371,0.9885761081099728,55.01%,MAP3K7;MAP3K5;CRKL;MINK1;GPS1;MAP2K4,GO_Biological_Process_2025__JNK Cascade (GO:0007254)
GO:0043267,-0.4232394981089443,-0.7894115975527672,0.9886837611807392,20.59%,CAB39;STK39,GO_Biological_Process_2025__Negative Regulation of Potassium Ion Transport (GO:0043267)
GO:0034067,-0.3251661386991477,-0.7893101005876016,0.9882819996812876,12.57%,GOLPH3;VPS13C;OPTN;BICD2,GO_Biological_Process_2025__Protein Localization to Golgi Apparatus (GO:0034067)
GO:0034329,-0.2560077108728416,-0.7892522363692722,0.987821307652264,17.23%,CDH24;PTEN;FLCN;OPHN1;PLXNB3;PLXNA4;CDH17,GO_Biological_Process_2025__Cell Junction Assembly (GO:0034329)
GO:0043627,0.343497199751089,0.7890905985022154,0.9434896398955138,65.70%,WBP2;GHRL;CRHBP;BCAS3;GSTM3;SERPINB9;TRIM25,GO_Biological_Process_2025__Response to Estrogen (GO:0043627)
GO:0010517,0.3771640558642911,0.7882672234316529,0.9436820073825092,3.11%,FGFR3,GO_Biological_Process_2025__Regulation of Phospholipase Activity (GO:0010517)
GO:0021953,-0.3554546559702985,-0.7881424070843561,0.9890213593146268,25.39%,OPHN1;GBA2;METAP2,GO_Biological_Process_2025__Central Nervous System Neuron Differentiation (GO:0021953)
GO:0140053,-0.2860529184697329,-0.7881023347648584,0.988542762935104,11.72%,MRPL17;MRPL23;MRPL44;TBRG4;FASTKD5,GO_Biological_Process_2025__Mitochondrial Gene Expression (GO:0140053)
GO:1902905,0.2016053033789075,0.7875429431835183,0.9436068105883784,12.32%,NUMA1;EVL;BAIAP2;BIN1;RPS3;EFEMP2;PDXP;HCK;TNXB,GO_Biological_Process_2025__Positive Regulation of Supramolecular Fiber Organization (GO:1902905)
GO:0034249,-0.3211452507004114,-0.7875325406319534,0.988287080483527,48.86%,GGA3;SPHK1;PRNP;RTN1;RTN4;IGF1;RTN3;ROCK1;RTN2,GO_Biological_Process_2025__Negative Regulation of Amide Metabolic Process (GO:0034249)
GO:0051092,-0.2625671353180076,-0.7874648397534421,0.9878324403591934,35.83%,EIF2AK2;CHUK;MYD88;IRAK1;FER;S100A12;SPHK1;RNF31;S100A9;TRAF6;RIPK1;PRDX3;S100A8;IL18;RBCK1;CD40LG;TRIM5;IKBKB;CARD9;ARHGEF2;TRIM25;MTPN,GO_Biological_Process_2025__Positive Regulation of NF-kappaB Transcription Factor Activity (GO:0051092)
GO:0033962,-0.3693934195763619,-0.7868578318351905,0.9882005407894872,18.91%,PATL1;EIF4ENIF1;LIMD1,GO_Biological_Process_2025__P-body Assembly (GO:0033962)
GO:0035296,-0.4014865157244199,-0.7867407468949275,0.9872696656998962,58.14%,ADCY6;ROCK1;ROCK2;GCLM;SCPEP1,GO_Biological_Process_2025__Regulation of Tube Diameter (GO:0035296)
GO:0003018,-0.4014865157244199,-0.7867407468949275,0.9872696656998962,58.14%,ADCY6;ROCK1;ROCK2;GCLM;SCPEP1,GO_Biological_Process_2025__Vascular Process in Circulatory System (GO:0003018)
GO:0048566,-0.3783529020073743,-0.7863606909560475,0.9873267440760304,21.21%,FGFR2;PCSK5;TGFB2,GO_Biological_Process_2025__Embryonic Digestive Tract Development (GO:0048566)
GO:0090505,-0.3861220160634037,-0.786326629496949,0.9868254125404536,42.09%,MRTFA;TOR1A;CD44;PDCD10,GO_Biological_Process_2025__Epiboly Involved in Wound Healing (GO:0090505)
GO:0009226,-0.3520898486026476,-0.7857872329931791,0.9870950341053436,59.98%,GMDS;NAGK;FCSK;GFPT1;UXS1;PMM2;FPGT;NANS,GO_Biological_Process_2025__Nucleotide-Sugar Biosynthetic Process (GO:0009226)
GO:0033700,0.3232365145228215,0.7857275064766677,0.9440378663833252,67.73%,APOA4;APOC3;APOE;APOA1;APOC2;APOC1;APOA2;APOA5,GO_Biological_Process_2025__Phospholipid Efflux (GO:0033700)
GO:0010976,0.2016493586815716,0.7854462249137855,0.9432329084398592,0.17%,LRP8,GO_Biological_Process_2025__Positive Regulation of Neuron Projection Development (GO:0010976)
GO:0030301,-0.2806195038465943,-0.7843962745119838,0.98866727978595,45.51%,RELCH;OSBPL2;NPC1;CES1;STX12;APOM;VPS4A;LDLRAP1;APOA5;OSBP;APOA2;VAPA;LIPG;APOC1,GO_Biological_Process_2025__Cholesterol Transport (GO:0030301)
GO:0007600,-0.3683158304480278,-0.7839072443334293,0.9882734841369856,3.38%,NIPSNAP1,GO_Biological_Process_2025__Sensory Perception (GO:0007600)
GO:2000300,-0.3841355072517572,-0.7838256390648823,0.9878371686807512,30.47%,RAB3GAP1;SEPTIN5;NLGN1,GO_Biological_Process_2025__Regulation of Synaptic Vesicle Exocytosis (GO:2000300)
GO:0043413,-0.2979404466392676,-0.7832856223640992,0.988105470411209,26.53%,NPC1;ST3GAL4;GOLGA2;TMEM59;ALG2;MGAT4B;ALG3;ARFGEF1,GO_Biological_Process_2025__Macromolecule Glycosylation (GO:0043413)
GO:0006054,-0.4008710078805474,-0.7828277330046248,0.987699010647983,59.98%,ST6GAL1;NAGK;RENBP;ST3GAL1;NPL;NANS,GO_Biological_Process_2025__N-acetylneuraminate Metabolic Process (GO:0006054)
GO:0030182,-0.2926866457724758,-0.7823370739977253,0.987881432042386,43.56%,OPHN1;NIF3L1;TGFB2;CDK5;RTN1;CASP3;AIFM1;MTPN;RTN4;RTN3;ACSL4,GO_Biological_Process_2025__Neuron Differentiation (GO:0030182)
GO:0030203,-0.3381794644199055,-0.7822205050762945,0.9874843021172366,1.76%,CLN6,GO_Biological_Process_2025__Glycosaminoglycan Metabolic Process (GO:0030203)
GO:0022008,0.311716173797649,0.7813313349301354,0.9489640165247852,1.68%,CLN5,GO_Biological_Process_2025__Neurogenesis (GO:0022008)
GO:0033157,-0.3319419675733279,-0.7810213966774371,0.9887455643640898,1.37%,CEP131,GO_Biological_Process_2025__Regulation of Intracellular Protein Transport (GO:0033157)
GO:0015698,0.3083627308570243,0.7807890957983508,0.947204787113846,69.22%,CLIC2;SLC4A1;DCD;CLIC4;SLC25A10;CLIC1;TTYH3;ANO6;CLCN4,GO_Biological_Process_2025__Inorganic Anion Transport (GO:0015698)
GO:1903170,0.3311684140438412,0.7805963755425318,0.9462032338810412,5.22%,EPX;BIN1,GO_Biological_Process_2025__Negative Regulation of Calcium Ion Transmembrane Transport (GO:1903170)
GO:0007265,-0.2861799473871838,-0.7801114586534588,0.9896094941867823,57.56%,KSR1;RASGRP2;RRAS;GRAP2;DOK3;CRKL;IGF1;RASGRP3;DOK1;SOS1;DOK2;GRB2;RGL2;G3BP1;USP8;RAPGEF2,GO_Biological_Process_2025__Ras Protein Signal Transduction (GO:0007265)
GO:0009890,0.259010934905558,0.7789532828014344,0.946329556224694,8.06%,KHSRP;C1QTNF3;ATP2B4,GO_Biological_Process_2025__Negative Regulation of Biosynthetic Process (GO:0009890)
GO:0050919,0.3030940670599782,0.7788937082771407,0.9451227042541472,6.59%,SEMA3F;SEMA4D,GO_Biological_Process_2025__Negative Chemotaxis (GO:0050919)
GO:1905523,-0.3314459419239999,-0.7788806586935414,0.990901142656741,14.02%,TREM2;PTK2,GO_Biological_Process_2025__Positive Regulation of Macrophage Migration (GO:1905523)
GO:2000328,-0.4081454230731996,-0.778794255918276,0.9904749668949212,28.36%,JAK3;STAT5A,GO_Biological_Process_2025__Regulation of T-helper 17 Cell Lineage Commitment (GO:2000328)
GO:0045944,-0.2203180679992341,-0.7781922458440728,0.9908183598152804,7.33%,NME2;MRTFB;PTEN;PAF1;PRKDC;CHUK;STAT6;NLRC5;UBP1;OGT;ATF6;JAK2;MLXIP;STAT5B;ZFPM1,GO_Biological_Process_2025__Positive Regulation of Transcription by RNA Polymerase II (GO:0045944)
GO:0033674,-0.293118765335342,-0.7777330665420964,0.9909774342252562,14.02%,PRKAG1;ALS2;MAP2K3;PTK2,GO_Biological_Process_2025__Positive Regulation of Kinase Activity (GO:0033674)
GO:0032436,-0.3075853443721289,-0.777708453732438,0.9904641876483266,54.74%,GSK3A;HSPBP1;FBXO22;AXIN1;BAG2;SIRT2;DAB2;VCP;HECTD1;DNAJB2;DDRGK1;GSK3B;USP5,GO_Biological_Process_2025__Positive Regulation of Proteasomal Ubiquitin-Dependent Protein Catabolic Process (GO:0032436)
GO:0043516,0.3058266537776112,0.777638113694518,0.9460919565522854,13.44%,DDX5;PLA2R1;EEF1E1,"GO_Biological_Process_2025__Regulation of DNA Damage Response, Signal Transduction by P53 Class Mediator (GO:0043516)"
GO:1900180,-0.3005851106715689,-0.7773466996582696,0.9904369400750436,3.69%,DTX3L;MTOR,GO_Biological_Process_2025__Regulation of Protein Localization to Nucleus (GO:1900180)
GO:0051224,0.2885014528850146,0.7773289253919135,0.9452925166813548,71.21%,APOE;SNX3;PKDCC;SNX12;LYPLA1;PPM1F;RHBDF2;ERP29;CSK;LYPLAL1,GO_Biological_Process_2025__Negative Regulation of Protein Transport (GO:0051224)
GO:0016052,-0.2994733198238325,-0.7771100407963878,0.9902323527310998,15.89%,ALDOC;MAN2C1;ENO2;EGFL7;DERA,GO_Biological_Process_2025__Carbohydrate Catabolic Process (GO:0016052)
GO:0048706,0.3703797753592103,0.7769179239548333,0.9446936005798152,17.50%,COL1A1;PDGFRA;MEGF8;RBP4,GO_Biological_Process_2025__Embryonic Skeletal System Development (GO:0048706)
GO:0099639,-0.4075354524864077,-0.7768346768918835,0.9901004652550588,17.34%,LGALS12;RAB11A,"GO_Biological_Process_2025__Neurotransmitter Receptor Transport, Endosome to Plasma Membrane (GO:0099639)"
GO:0035967,-0.3346375724010061,-0.7760673229708643,0.990712330750912,13.92%,BAK1;DERL1;OPTN;ERN1,GO_Biological_Process_2025__Cellular Response to Topologically Incorrect Protein (GO:0035967)
GO:0050730,-0.31518552925156,-0.7749498421682177,0.9917917252149686,41.67%,RAP2C;TNK2;RAP2B;ANGPT1;ARHGEF2;CCM2;TGFB1;PDCL3,GO_Biological_Process_2025__Regulation of Peptidyl-Tyrosine Phosphorylation (GO:0050730)
GO:0043393,-0.2668756522582664,-0.7738351128656314,0.9923544971412956,20.36%,DTX3L;TMC8;ZFPM1;GOLGA2;CFHR2;CAMK1;IDE;TRIM21,GO_Biological_Process_2025__Regulation of Protein Binding (GO:0043393)
GO:0090092,-0.3381201755314873,-0.7735956059451589,0.9921521276525712,4.74%,PRMT1,GO_Biological_Process_2025__Regulation of Transmembrane Receptor Protein Serine/Threonine Kinase Signaling Pathway (GO:0090092)
GO:0051588,-0.3912152214077252,-0.772969613364787,0.9925221241499742,41.18%,MCTP2;CASK;FLOT1,GO_Biological_Process_2025__Regulation of Neurotransmitter Transport (GO:0051588)
GO:0033619,-0.3100895414864641,-0.7729328587941835,0.9920290387988776,7.54%,PSEN2;CLPP,GO_Biological_Process_2025__Membrane Protein Proteolysis (GO:0033619)
GO:0032988,-0.4094961642131454,-0.7725844914062082,0.9914330799024372,59.11%,TRIM21;FAF2;VCP;KLC1;KIF5B,GO_Biological_Process_2025__protein-RNA Complex Disassembly (GO:0032988)
GO:0035617,-0.4094961642131454,-0.7725844914062082,0.9914330799024372,59.11%,TRIM21;FAF2;VCP;KLC1;KIF5B,GO_Biological_Process_2025__Stress Granule Disassembly (GO:0035617)
GO:1902305,-0.3657861404953442,-0.7724978061011964,0.9910186698727216,45.30%,DLG1;CAMK2D;UTRN;SLMAP;BPIFA1,GO_Biological_Process_2025__Regulation of Sodium Ion Transmembrane Transport (GO:1902305)
GO:0045591,0.3682097064088229,0.7724696638470894,0.9508921837032024,10.13%,CR1;LILRB2,GO_Biological_Process_2025__Positive Regulation of Regulatory T Cell Differentiation (GO:0045591)
GO:1901203,-0.3645159960017771,-0.7717866449908641,0.991499689239844,48.53%,CLASP1;SMAD3;TGFB1;EMILIN1;PHLDB1,GO_Biological_Process_2025__Positive Regulation of Extracellular Matrix Assembly (GO:1901203)
GO:0045672,-0.4115201819133686,-0.7716056192182202,0.9912058610013827,19.22%,RPTOR;TRAF6,GO_Biological_Process_2025__Positive Regulation of Osteoclast Differentiation (GO:0045672)
GO:0046883,0.3690648973667841,0.7714413782260059,0.9513022564877996,63.13%,GPNMB;SNX6;VAMP3;SCG5;CCM2,GO_Biological_Process_2025__Regulation of Hormone Secretion (GO:0046883)
GO:0050848,-0.3170053215613949,-0.7713615497493579,0.9910329695973944,19.59%,TREM2;ITPR1;SLC6A4;SLA2;PRNP,GO_Biological_Process_2025__Regulation of Calcium-Mediated Signaling (GO:0050848)
GO:0043537,0.2533385495727647,0.7708614314463453,0.9510713523048137,60.38%,ATP2B4;ANGPT2;APOE;NOTCH1;JUP;HDAC5;HMGB1;GDF2;RHOA;RGCC;THBS1;TBXA2R;MMRN2;MMRN1;PDCD10;TGFB1,GO_Biological_Process_2025__Negative Regulation of Blood Vessel Endothelial Cell Migration (GO:0043537)
GO:0010951,-0.3322609767847817,-0.7708551477851437,0.9912224258897486,25.08%,SERPINE1;SERPINB6;RECK;TIMP3,GO_Biological_Process_2025__Negative Regulation of Endopeptidase Activity (GO:0010951)
GO:0150105,-0.3483294143791965,-0.7706994037832081,0.9909044154020744,14.15%,ARHGEF18;MPP7,GO_Biological_Process_2025__Protein Localization to Cell-Cell Junction (GO:0150105)
GO:2000243,-0.3686586955948647,-0.7703100909937083,0.9909319760868248,50.91%,PLCB1;C1QBP;LHFPL2;SIRT2;AGO2;INHBA,GO_Biological_Process_2025__Positive Regulation of Reproductive Process (GO:2000243)
GO:0007088,-0.3135645741191302,-0.7701805209094287,0.9905772859006624,1.24%,PDGFB,GO_Biological_Process_2025__Regulation of Mitotic Nuclear Division (GO:0007088)
GO:0006123,-0.3672199170124481,-0.7694893927246154,0.9910148830429402,63.36%,NDUFA4;CYCS;COX5A;COX6B1;COX7A2;COX5B;COX6A1;COX6C,"GO_Biological_Process_2025__Mitochondrial Electron Transport, Cytochrome C to Oxygen (GO:0006123)"
GO:0031347,0.2200668689734218,0.7694559824814187,0.952021229234037,0.17%,LRP8,GO_Biological_Process_2025__Regulation of Defense Response (GO:0031347)
GO:0048523,-0.2212067405444755,-0.7687537618499511,0.991560348442132,21.21%,PTEN;EIF2AK2;PPP2R5C;TREM2;TSC2;HTRA2;RBBP4;JAK2;F2R;DIS3L2;BECN1;GLMN;PLXNB3;CCAR2;NDRG3;FBP1;RIPOR2;SMAD3;S100A9;IPO5;SIPA1;CTBP1;DDX3X;KANK2;SAV1;TGFB2,GO_Biological_Process_2025__Negative Regulation of Cellular Process (GO:0048523)
GO:0034644,-0.2941249744770454,-0.7684289263633022,0.9914817775305488,10.36%,BAK1;CUL4A;CUL4B;PPID,GO_Biological_Process_2025__Cellular Response to UV (GO:0034644)
GO:1901888,0.2730481727574749,0.7679988190595913,0.9530857096037564,72.76%,TJP1;MYO1E;RAP1A;RAPGEF2;PRKCA;F11R;CLSTN3;ROCK2;ROCK1;PDLIM5;FLOT1;RAP2A,GO_Biological_Process_2025__Regulation of Cell Junction Assembly (GO:1901888)
GO:1902992,-0.3132340293908068,-0.7677703284996145,0.9918408512473882,48.86%,GGA3;PRNP;RTN1;FLOT2;RTN4;IGF1;RTN3;ROCK1;RTN2,GO_Biological_Process_2025__Negative Regulation of Amyloid Precursor Protein Catabolic Process (GO:1902992)
GO:0071560,-0.2569088084880357,-0.767046853661389,0.9923535456638574,21.87%,USP9Y;LRRC32;PTK2;MAP3K7;SMAD3;FNTA;TGFB2;LRG1;APPL1,GO_Biological_Process_2025__Cellular Response to Transforming Growth Factor Beta Stimulus (GO:0071560)
GO:0051963,-0.289159329279175,-0.7663365234210217,0.9922833501078888,31.59%,CYFIP2;LIN7C;MYCBP2;RAP2A;LRRC4B;NLGN1;EIF4G1,GO_Biological_Process_2025__Regulation of Synapse Assembly (GO:0051963)
GO:0043648,-0.2852223320214544,-0.76617646256975,0.9919551859870284,12.05%,NIT2;L2HGDH;ACOT8;PCK2,GO_Biological_Process_2025__Dicarboxylic Acid Metabolic Process (GO:0043648)
GO:0006508,-0.218395488501349,-0.7652987661974058,0.9926907874601024,33.89%,CAPN7;HTRA2;UFSP2;PSEN2;OGT;THBD;CLPP;ERMP1;GLMN;CASP7;SRGN;ATG4B;LACTB;PCSK5;CTSW;ST14;LONP1;PSMC4;NLN;IDE;LNPEP;ZMPSTE24;F12;UBE3A;CASP6;ECE1;METAP2;DPP9;PITRM1;NCSTN;CASP3;PRSS3;PEPD;PROC;CAPN1;AFG3L2;LONP2;FBXO3;ATG4A,GO_Biological_Process_2025__Proteolysis (GO:0006508)
GO:1903320,-0.3147900765561927,-0.7652449969592166,0.9922286862629426,57.81%,COPS7B;COPS3;COPS7A;COPS5;COPS4;HSP90AB1;COPS8;DNAJB2;GPS1;HSP90AA1;COPS6;DCUN1D1;ITCH;CTNNB1,GO_Biological_Process_2025__Regulation of Protein Modification by Small Protein Conjugation or Removal (GO:1903320)
GO:0052547,-0.3617306098501918,-0.7650995404651714,0.9918974961201537,23.12%,CSTA;NRDC,GO_Biological_Process_2025__Regulation of Peptidase Activity (GO:0052547)
GO:0007597,-0.3767232083308974,-0.7650968705064347,0.9913588504296788,56.84%,F12;GP5;GP9;F8;GP1BA;FLNA,"GO_Biological_Process_2025__Blood Coagulation, Intrinsic Pathway (GO:0007597)"
GO:0006613,-0.3415616819828684,-0.7650462233355193,0.9908956687430204,23.26%,SRPRA;TRAM1;SSR1;SEC63,GO_Biological_Process_2025__Cotranslational Protein Targeting to Membrane (GO:0006613)
GO:0048145,-0.2971744931200467,-0.7649834565703681,0.9904504197926326,16.86%,PDGFB;SPHK1;S100A9,GO_Biological_Process_2025__Regulation of Fibroblast Proliferation (GO:0048145)
GO:1900273,0.3543437694381089,0.7649687922603097,0.9539953712376812,64.60%,RELN;SHANK3;LGMN;APP;SQSTM1,GO_Biological_Process_2025__Positive Regulation of Long-Term Synaptic Potentiation (GO:1900273)
GO:0046887,-0.3656404519216139,-0.76434753669312,0.9908125128127128,6.92%,SNX4,GO_Biological_Process_2025__Positive Regulation of Hormone Secretion (GO:0046887)
GO:0032088,-0.2782163323663947,-0.7643185544567903,0.9903155693812342,6.21%,CHUK;NLRC5;IRAK3,GO_Biological_Process_2025__Negative Regulation of NF-kappaB Transcription Factor Activity (GO:0032088)
GO:0010977,-0.3155367604513035,-0.7643002656643708,0.9897997214763056,11.66%,PTEN;BAG5;ADCY6,GO_Biological_Process_2025__Negative Regulation of Neuron Projection Development (GO:0010977)
GO:0070301,-0.3407358127498766,-0.7641229227140642,0.989511008946459,49.40%,FXN;RIPK1;FYN;MAP3K5;HDAC6;PRKCD;PPIF;RELA,GO_Biological_Process_2025__Cellular Response to Hydrogen Peroxide (GO:0070301)
GO:0045667,-0.2764475182129235,-0.7635341558467327,0.9898125064173036,18.91%,PTEN;TRPM4;FGFR2;PTK2;LIMD1,GO_Biological_Process_2025__Regulation of Osteoblast Differentiation (GO:0045667)
GO:0061098,0.3562098279079411,0.7631221511937369,0.9557378076887748,64.42%,CSF1R;ADAM17;GPRC5B;CASS4;PTPN1,GO_Biological_Process_2025__Positive Regulation of Protein Tyrosine Kinase Activity (GO:0061098)
GO:0071709,-0.2896834342183909,-0.7628725046600825,0.9901995066816004,6.50%,PTEN;LRCH4,GO_Biological_Process_2025__Membrane Assembly (GO:0071709)
GO:0043543,-0.4022522569433066,-0.7624552058661616,0.990275629770672,14.21%,ZDHHC5;SPHK1,GO_Biological_Process_2025__Protein Acylation (GO:0043543)
GO:0009967,-0.2238652206097119,-0.7619804556501646,0.99037004247136,42.09%,PTEN;TREM2;JAK2;IRS1;ZDHHC5;TRAF7;FGFR2;SLC6A4;AGPAT1;LANCL2;CSNK2A2;MACF1;ATP6AP2;PRNP;TGFB2;CD226;ATP6V0C;TSPAN14;NLGN1;JCAD;LMNB2;UCHL5;STAT3;F7;TXNDC15;FASN;SNX5;RAB34;TGFB1;ACVR1;IGF1;LLGL1;NPTN;PDCD10,GO_Biological_Process_2025__Positive Regulation of Signal Transduction (GO:0009967)
GO:0045947,-0.3750817896392726,-0.7612710581927343,0.9907851834595056,17.48%,GIGYF2;LARP1,GO_Biological_Process_2025__Negative Regulation of Translational Initiation (GO:0045947)
GO:1902003,-0.2881649922514913,-0.7607540949362342,0.99098984124287,50.58%,GSK3A;GGA3;PRNP;RTN1;CASP3;TMED10;RTN4;IGF1;RTN3;ROCK1;RTN2;RELA;ROCK2,GO_Biological_Process_2025__Regulation of Amyloid-Beta Formation (GO:1902003)
GO:0010608,-0.2775946739064558,-0.7603230912109463,0.9910404045373212,35.83%,GIGYF2;ZC3H7A;KDELR2;METAP1;LARP1;RPL15;ELP6;PARP9;ZC3H7B;CYFIP1;ELP2;MTPN,GO_Biological_Process_2025__Post-Transcriptional Regulation of Gene Expression (GO:0010608)
GO:1904779,-0.4114605864490858,-0.7598073671831098,0.9912268788961152,52.20%,RAB11A;PROC;RAB11FIP3;GSK3B,GO_Biological_Process_2025__Regulation of Protein Localization to Centrosome (GO:1904779)
GO:0045745,-0.3529155038836951,-0.7597029818796862,0.990836499963514,5.55%,GSK3A,GO_Biological_Process_2025__Positive Regulation of G Protein-Coupled Receptor Signaling Pathway (GO:0045745)
GO:0001818,-0.2313517608128768,-0.7596836414914891,0.990323442202804,28.09%,TREM2;ATP2B1;ATG5;JAK2;IRAK3;ZFPM1;CD274;VSIR;SRGN;JAK3;PRNP;UFD1;NCKAP1L;NPLOC4;CHID1;N4BP1;SIGIRR;C1QBP;CASP3;PPP1R11,GO_Biological_Process_2025__Negative Regulation of Cytokine Production (GO:0001818)
GO:0000289,0.3248197928222653,0.7596641563818356,0.96000572456934,0.79%,TNKS1BP1,GO_Biological_Process_2025__Nuclear-Transcribed mRNA poly(A) Tail Shortening (GO:0000289)
GO:0043123,-0.2313164430162135,-0.7596075320386143,0.9898994028319652,34.36%,CHUK;IFIT5;IRAK3;F2R;CCDC22;MYD88;IRAK1;S100A12;SHARPIN;MAP3K7;GOLT1B;RNF31;HUWE1;AKAP13;TRAF6;TBK1;RIPK1;FADD;TNFSF10;RBCK1;ATP2C1;CD40LG;LAMTOR5;TRIM5;TAB2;IKBKB;SLC44A2;CARD9;STAT3;IRAK4;TRIM25;S100A4,GO_Biological_Process_2025__Positive Regulation of Canonical NF-kappaB Signal Transduction (GO:0043123)
GO:0032092,0.2366000311669947,0.759080636546663,0.9596654149370502,5.78%,ADD2;USP9X;MARK3,GO_Biological_Process_2025__Positive Regulation of Protein Binding (GO:0032092)
GO:1900087,-0.356730106430951,-0.7586723594270004,0.9906689203947308,48.09%,RPTOR;DDX3X;PLCB1;EIF4G1;ADAMTS1;AKT1,GO_Biological_Process_2025__Positive Regulation of G1/S Transition of Mitotic Cell Cycle (GO:1900087)
GO:0048010,-0.309392850989624,-0.7567863997205163,0.992800700076722,33.45%,MAPKAPK2;PDCD6;PTK2;MAPKAPK3;VAV1;FYN;MAPK14,GO_Biological_Process_2025__Vascular Endothelial Growth Factor Receptor Signaling Pathway (GO:0048010)
GO:0050851,0.1973242360874736,0.7562332761197917,0.9629796569726712,7.27%,ICOSLG;HLA-DRB3;CD276;LCK,GO_Biological_Process_2025__Antigen Receptor-Mediated Signaling Pathway (GO:0050851)
GO:0097300,-0.3866708551167627,-0.7554954696163669,0.994059668433996,33.78%,ATG9A;RIPK1;CYLD,GO_Biological_Process_2025__Programmed Necrotic Cell Death (GO:0097300)
GO:0086091,-0.3353863410553408,-0.7550596460269936,0.9941301700999132,17.09%,TRPM4;CAMK2D,GO_Biological_Process_2025__Regulation of Heart Rate by Cardiac Conduction (GO:0086091)
GO:1904659,0.3601492846775864,0.7546638898072193,0.9629112358525682,64.02%,PPBP;SLC2A1;RAB4B;SLC2A3;SORT1,GO_Biological_Process_2025__D-glucose Transmembrane Transport (GO:1904659)
GO:0050954,0.2317347424954746,0.7543102685857308,0.962204316105011,13.77%,COL2A1;WFS1;ATP2B4;CEMIP;COL1A1;SOD1;CDH23,GO_Biological_Process_2025__Sensory Perception of Mechanical Stimulus (GO:0050954)
GO:0009150,-0.2855030966710021,-0.754160400861588,0.9948217159405364,29.02%,GTPBP1;MFN1;EFL1;ABHD14B;GMPR2;AMPD2;NADK;TPST2,GO_Biological_Process_2025__Purine Ribonucleotide Metabolic Process (GO:0009150)
GO:0001889,-0.3666870782416151,-0.7538423149808853,0.994726018868726,31.44%,PCK2;CDK5RAP3,GO_Biological_Process_2025__Liver Development (GO:0001889)
GO:1901654,-0.3368749346333596,-0.7526170051262338,0.9958323264182392,39.66%,TGFB2;UBE3A;GNAI1;GNAS;TGFB1,GO_Biological_Process_2025__Response to Ketone (GO:1901654)
GO:0030947,-0.3078235389902521,-0.7524332657021242,0.9955524310455623,56.38%,PDCD6;NEDD4;PTPN1;EMILIN1;MMRN1;PRKCB;GRB10;ITGB3;ITGA5;MMRN2,GO_Biological_Process_2025__Regulation of Vascular Endothelial Growth Factor Receptor Signaling Pathway (GO:0030947)
GO:0006520,0.2778445501449002,0.7520357187924326,0.9619102398600088,0.70%,ACCS,GO_Biological_Process_2025__Amino Acid Metabolic Process (GO:0006520)
GO:0050905,-0.3821269556123369,-0.7509082964958929,0.9965414076364184,47.49%,MYCBP2;DCTN1;UBA5,GO_Biological_Process_2025__Neuromuscular Process (GO:0050905)
GO:0001819,-0.2171180389561953,-0.7507047746745621,0.9962575393154284,23.22%,EIF2AK2;ISG15;SERPINE1;JAK2;F2R;PAEP;ZFPM1;SAA2;RAB2B;CD274;MYD88;GLMN;IRAK1;LBP;MAP3K7;SPHK1;AGPAT1;S100A9;TRAF6;TBK1;DDX3X;PLCB1;RIPK1;APPL1;IL18;FADD,GO_Biological_Process_2025__Positive Regulation of Cytokine Production (GO:0001819)
GO:0002042,-0.3424618617329358,-0.7502947305538229,0.9962497765272166,23.51%,EHD4;MICALL1,GO_Biological_Process_2025__Cell Migration Involved in Sprouting Angiogenesis (GO:0002042)
GO:0010955,-0.3410724165869166,-0.7502593457205434,0.9957654367693596,19.59%,SERPINE1;PRNP,GO_Biological_Process_2025__Negative Regulation of Protein Processing (GO:0010955)
GO:0015867,-0.3979311971453051,-0.7500539581626812,0.9955041397552072,30.74%,PANX1;SLC25A24;SLC25A5,GO_Biological_Process_2025__ATP Transport (GO:0015867)
GO:0010743,0.2691573751484469,0.7496904618608935,0.9643326211581438,52.30%,LPL;CSF1;MAPK9;CD36;CSRP1;ADIPOQ;ITGAV;APOB;CETP;ITGB3;NFKB1;PF4,GO_Biological_Process_2025__Regulation of Macrophage Derived Foam Cell Differentiation (GO:0010743)
GO:0050714,-0.2580435991795946,-0.7496626809868634,0.9955083931215262,43.56%,GOLPH3;TREM2;PPID;IRS2;TGFB2;MCU;MYO18A;TMED10;DNM1L;PDHX;PTPN23;SYTL4;TGFB1;CD2AP;IGF1;ANG;ACSL4,GO_Biological_Process_2025__Positive Regulation of Protein Secretion (GO:0050714)
GO:0072539,-0.4001062229914057,-0.7496012386279322,0.9945289843398608,37.28%,STAT3;IL6R,GO_Biological_Process_2025__T-helper 17 Cell Differentiation (GO:0072539)
GO:0072540,-0.4001062229914057,-0.7496012386279322,0.9945289843398608,37.28%,STAT3;IL6R,GO_Biological_Process_2025__T-helper 17 Cell Lineage Commitment (GO:0072540)
GO:0070527,-0.261718898937574,-0.7489544119633289,0.9948408912303788,51.26%,PIK3CB;METAP1;SLC6A4;STXBP3;RAP2B;PIK3CG;PLEK;P2RY12;GNAS;ACTN1;FIBP;MYH9;ILK;CLIC1;TLN1;ITGB3,GO_Biological_Process_2025__Platelet Aggregation (GO:0070527)
GO:0006664,-0.3981692940692655,-0.7473766495805402,0.996461377855947,33.72%,ST3GAL4;SCCPDH,GO_Biological_Process_2025__Glycolipid Metabolic Process (GO:0006664)
GO:0019377,-0.3553236541472814,-0.7471385537202325,0.9962357551482044,27.92%,M6PR;GBA2;GLB1,GO_Biological_Process_2025__Glycolipid Catabolic Process (GO:0019377)
GO:0006954,-0.2239748931496055,-0.7460995968982055,0.9970705604778916,33.95%,TREM2;CHUK;GSDMA;F2R;PARP4;PRDX5;MAPKAPK2;CCRL2;NFX1;MAP3K7;S100A9;TBK1;TRIM21;CASP6;S100A8;IL18;CXCR4;DPP9;CASP3;PIK3CG;CD40LG;TAB2;IKBKB;PF4V1;STAT3,GO_Biological_Process_2025__Inflammatory Response (GO:0006954)
GO:0007263,0.2980167653307674,0.7460278501167139,0.968822110488234,13.96%,DDAH1;ATP2B4;APOE,GO_Biological_Process_2025__Nitric Oxide Mediated Signal Transduction (GO:0007263)
GO:0048251,-0.3629408751643231,-0.7459895963962667,0.9966870910680544,7.31%,MYH11,GO_Biological_Process_2025__Elastic Fiber Assembly (GO:0048251)
GO:0050806,-0.2752397714629155,-0.7455789130550622,0.9966916983096858,41.74%,CAMK2D;NLGN1;SQSTM1;SLC8A3;LLGL1;CAMK2G;FLOT1;NPTN;STX4;DTNBP1,GO_Biological_Process_2025__Positive Regulation of Synaptic Transmission (GO:0050806)
GO:0090435,0.3565572663844321,0.7451701184459008,0.9687612839651232,5.84%,NUTF2,GO_Biological_Process_2025__Protein Localization to Nuclear Envelope (GO:0090435)
GO:1900748,0.3213026343082347,0.744488509510639,0.968485860214648,67.92%,TNXB;ADGRG1;VTN;ITGB1;ITGA5;ITGB3;JCAD,GO_Biological_Process_2025__Positive Regulation of Vascular Endothelial Growth Factor Signaling Pathway (GO:1900748)
GO:0002726,-0.3529677188133335,-0.7437808520351238,0.9985261942894998,22.80%,MAP3K7;TRAF6;IL18,GO_Biological_Process_2025__Positive Regulation of T Cell Cytokine Production (GO:0002726)
GO:0007215,-0.3838966127180516,-0.7434119692641294,0.9984916913773992,54.87%,PLCB1;FYN;HOMER2;GNAQ;FMR1,GO_Biological_Process_2025__Glutamate Receptor Signaling Pathway (GO:0007215)
GO:0030038,-0.3283859515828501,-0.7433455531327928,0.9975058054331738,62.63%,ITGB5;PDCD10;DNM2;CUL3;SRC;ITGB1;PDLIM1;LUZP1;RHOA,GO_Biological_Process_2025__Contractile Actin Filament Bundle Assembly (GO:0030038)
GO:0043149,-0.3283859515828501,-0.7433455531327928,0.9975058054331738,62.63%,ITGB5;PDCD10;DNM2;CUL3;SRC;ITGB1;PDLIM1;LUZP1;RHOA,GO_Biological_Process_2025__Stress Fiber Assembly (GO:0043149)
GO:0090314,-0.3519720041587692,-0.7433450033464055,0.9969760892031492,34.47%,PRNP;FYN;C2CD5,GO_Biological_Process_2025__Positive Regulation of Protein Targeting to Membrane (GO:0090314)
GO:0014706,-0.3413821383023361,-0.7426683781821499,0.9973469331285432,36.95%,PRMT1;SVIL;MYL6;NDUFV2;MYL6B,GO_Biological_Process_2025__Striated Muscle Tissue Development (GO:0014706)
GO:1901800,-0.2612097541556933,-0.7424297204522852,0.9971240414270373,11.60%,TREM2;GSK3A;HSPBP1;FBXO22,GO_Biological_Process_2025__Positive Regulation of Proteasomal Protein Catabolic Process (GO:1901800)
GO:0048499,-0.3912502591747875,-0.7420125232992929,0.9971508974542798,60.94%,TOR1A;SNAP29;STX11;SNAP23;SYNGR2,GO_Biological_Process_2025__Synaptic Vesicle Membrane Organization (GO:0048499)
GO:0061008,0.3180778083782196,0.7419670698936234,0.9711025875238662,16.88%,TGFBR3;PRKD2,GO_Biological_Process_2025__Hepaticobiliary System Development (GO:0061008)
GO:1990138,-0.2983351455876877,-0.7414256452700639,0.9973861227633124,15.47%,IMPACT;C9ORF72;PPP3CB,GO_Biological_Process_2025__Neuron Projection Extension (GO:1990138)
GO:0070830,0.2458992410254311,0.7413823239297603,0.9693656988773592,1.18%,PKN2,GO_Biological_Process_2025__Bicellular Tight Junction Assembly (GO:0070830)
GO:0002474,-0.310418884006201,-0.7409571878577897,0.9974462766914344,59.76%,IDE;SAR1B;MFSD6;TAPBP;ERAP1;TAPBPL;CALR;IFI30,GO_Biological_Process_2025__Antigen Processing and Presentation of Peptide Antigen via MHC Class I (GO:0002474)
GO:0097700,0.3155029348097203,0.7408779173144312,0.9688251012608567,1.18%,PKN2,GO_Biological_Process_2025__Vascular Endothelial Cell Response to Laminar Fluid Shear Stress (GO:0097700)
GO:0031623,0.2020984801921651,0.7407126311980983,0.9677818395394796,0.62%,RAMP3,GO_Biological_Process_2025__Receptor Internalization (GO:0031623)
GO:0030166,0.2259470353084274,0.740678319057195,0.9665409194284496,6.55%,EXT2;CHST1;CHST11,GO_Biological_Process_2025__Proteoglycan Biosynthetic Process (GO:0030166)
GO:0002840,0.2983811560671401,0.7403670164741761,0.9657634973711984,2.71%,HLA-DRB3,GO_Biological_Process_2025__Regulation of T Cell Mediated Immune Response to Tumor Cell (GO:0002840)
GO:0030510,0.2321224226712032,0.739583967053508,0.9656208718685172,20.22%,NUMA1;CHRDL2;TWSG1;FSTL1;VWC2;NOTCH1;CDH5;FSTL3,GO_Biological_Process_2025__Regulation of BMP Signaling Pathway (GO:0030510)
GO:0000132,0.271923613238713,0.7390233798805849,0.9652271190917762,1.57%,NUMA1,GO_Biological_Process_2025__Establishment of Mitotic Spindle Orientation (GO:0000132)
GO:0000041,-0.3204812071092013,-0.7385170074014059,1.0,9.59%,SLC30A5;SLC30A6,GO_Biological_Process_2025__Transition Metal Ion Transport (GO:0000041)
GO:0006739,-0.313560586792895,-0.7382981063566991,0.9998286722078894,31.92%,PRDX5;KCNAB2;FDXR;NADK;IDH2;PROC,GO_Biological_Process_2025__NADP Metabolic Process (GO:0006739)
GO:0099517,0.2609529081402165,0.7382034836082177,0.964042947779986,58.35%,AP3D1;BLOC1S4;BLOC1S3;SNAPIN;AP3S2;AP3S1;BLOC1S2;BLOC1S5;KIF1B;DTNBP1;BLOC1S1,GO_Biological_Process_2025__Synaptic Vesicle Transport Along Microtubule (GO:0099517)
GO:0048490,0.2609529081402165,0.7382034836082177,0.964042947779986,58.35%,AP3D1;BLOC1S4;BLOC1S3;SNAPIN;AP3S2;AP3S1;BLOC1S2;BLOC1S5;KIF1B;DTNBP1;BLOC1S1,GO_Biological_Process_2025__Anterograde Synaptic Vesicle Transport (GO:0048490)
GO:0008154,-0.2681476779593633,-0.7380717335797066,0.9995787422998336,16.36%,VIL1;JAK2;MICAL3;WASF1;TWF1,GO_Biological_Process_2025__Actin Polymerization or Depolymerization (GO:0008154)
GO:0001508,-0.3949137609175935,-0.7373959505849496,0.9998947949731928,19.30%,KCNA3;GNA14,GO_Biological_Process_2025__Action Potential (GO:0001508)
GO:0001845,-0.3397718962691557,-0.7371062594210286,0.9997636583485544,8.41%,PIKFYVE;VPS33B,GO_Biological_Process_2025__Phagolysosome Assembly (GO:0001845)
GO:0007213,-0.355702643866332,-0.7369163785090926,0.9994728344431534,21.13%,GRK2;PLCB1,GO_Biological_Process_2025__G Protein-Coupled Acetylcholine Receptor Signaling Pathway (GO:0007213)
GO:0051130,-0.2423936482632057,-0.7367490251839284,0.9991833138887932,22.68%,TREM2;BAK1;ABCB7;SURF4;MPP7;CAMK1;BID;BRK1;TGFB2;SH3GLB1;LMAN1,GO_Biological_Process_2025__Positive Regulation of Cellular Component Organization (GO:0051130)
GO:0032231,-0.2997923376413617,-0.7366911069064084,0.9987279769532056,31.15%,VIL1;MTSS1;TSC1;SLC9A1;PLEK,GO_Biological_Process_2025__Regulation of Actin Filament Bundle Assembly (GO:0032231)
GO:0001934,-0.2239548754416942,-0.7359254764092413,0.999164441581506,42.17%,PDGFB;PRKAG1;TNK2;ALS2;CAB39;EGF;MAP2K3;PTK2;SPHK1;REPS1;RPTOR;ITLN1;RIPK1;BRAF;PKN1;STK4;RAP2A;ANGPT1;CNOT9;TAB2;EIF4G1;ARAF;ARHGEF2;UBE2K;MAP3K5;CCM2;TGFB1;FLOT1;NPTN;PDCD10;AGAP2,GO_Biological_Process_2025__Positive Regulation of Protein Phosphorylation (GO:0001934)
GO:0006687,-0.309794336523924,-0.7358739706754351,0.9986946907706544,20.92%,CLN6;M6PR;GBA2;TM9SF2,GO_Biological_Process_2025__Glycosphingolipid Metabolic Process (GO:0006687)
GO:0009952,0.3485966584557983,0.7354301083409637,0.965588858649786,2.63%,CELSR2,GO_Biological_Process_2025__Anterior/Posterior Pattern Specification (GO:0009952)
GO:0051170,-0.2546004713624334,-0.7347791143504054,0.9995513194020008,34.51%,RANBP6;TSC2;IPO13;EIF4ENIF1;IPO5;TNPO3;APPL1;KPNA4;KPNA6;STK4;APPL2;STAT3;KPNB1;IPO9,GO_Biological_Process_2025__Import Into Nucleus (GO:0051170)
GO:0042113,0.2168769428099279,0.7335940484769086,0.9670263490814808,14.33%,FCRL1;ITGA4;KIT;MS4A1;SLC39A7;CLSTN1,GO_Biological_Process_2025__B Cell Activation (GO:0042113)
GO:0030100,-0.2517373908647639,-0.7334869813597048,1.0,18.23%,STON1;TSC2;OPHN1;SPHK1;MTMR2,GO_Biological_Process_2025__Regulation of Endocytosis (GO:0030100)
GO:0032101,0.1896710133235367,0.733176891156681,0.9663157045323604,11.08%,LRP8;GRN;CD55;ARMH4;NMT1;SELE;HCK,GO_Biological_Process_2025__Regulation of Response to External Stimulus (GO:0032101)
GO:0030326,-0.3894198774935382,-0.7328577325749976,1.0,24.63%,TGFB2;ECE1,GO_Biological_Process_2025__Embryonic Limb Morphogenesis (GO:0030326)
GO:0006930,-0.3931003625796854,-0.7328323871794235,1.0,8.49%,OPHN1,"GO_Biological_Process_2025__Substrate-Dependent Cell Migration, Cell Extension (GO:0006930)"
GO:2001238,-0.3017522110911466,-0.7326434684215289,1.0,33.78%,HTRA2;BID;RIPK1;FADD;TNFSF10;CD40LG;CYLD,GO_Biological_Process_2025__Positive Regulation of Extrinsic Apoptotic Signaling Pathway (GO:2001238)
GO:0032103,-0.2314012042241667,-0.7326357804058699,0.9996090842933014,24.07%,PDGFB;TREM2;SERPINE1;THBD;OPTN;S100A12;TRIM56;RNF31;S100A9;RIPK1;S100A8;IL18;FADD;APOH,GO_Biological_Process_2025__Positive Regulation of Response to External Stimulus (GO:0032103)
GO:0031116,0.2643588655693694,0.7324965325954561,0.9660274448619404,5.41%,NUMA1;RPS3,GO_Biological_Process_2025__Positive Regulation of Microtubule Polymerization (GO:0031116)
GO:1901223,0.2596835372878721,0.7324754880014521,0.9647879958242288,4.74%,BMP7;C1QTNF3,GO_Biological_Process_2025__Negative Regulation of Non-Canonical NF-kappaB Signal Transduction (GO:1901223)
GO:0060368,0.348123574538669,0.7323560626926735,0.9637009123955992,65.22%,PLSCR1;PTPRC;PTPRJ;CD47;CSK,GO_Biological_Process_2025__Regulation of Fc Receptor Mediated Stimulatory Signaling Pathway (GO:0060368)
GO:0010954,0.2552881010671033,0.7312065663854524,0.9641463503473604,10.92%,MELTF;ANXA2;ANGPTL8,GO_Biological_Process_2025__Positive Regulation of Protein Processing (GO:0010954)
GO:2000643,-0.3526363394547451,-0.731173397353976,1.0,21.06%,VPS11;MTMR2;RAB21,GO_Biological_Process_2025__Positive Regulation of Early Endosome to Late Endosome Transport (GO:2000643)
GO:0043687,-0.2744165597811764,-0.7309867403117142,1.0,5.94%,PARP14;PARP12;JAK2,GO_Biological_Process_2025__Post-Translational Protein Modification (GO:0043687)
GO:0018158,0.3474327225594064,0.7305992748074378,0.9637725522997064,17.11%,LOX;SUMF1;LOXL3,GO_Biological_Process_2025__Protein Oxidation (GO:0018158)
GO:0010718,-0.2798047390640391,-0.730590983138103,1.0,21.69%,MTOR;PTK2;SMAD3;TGFB2;LRG1,GO_Biological_Process_2025__Positive Regulation of Epithelial to Mesenchymal Transition (GO:0010718)
GO:0043171,-0.3188683700812772,-0.7304804152718849,1.0,44.70%,IDE;LNPEP;LTA4H;NPEPPS;ERAP1,GO_Biological_Process_2025__Peptide Catabolic Process (GO:0043171)
GO:0016185,0.3193695562007468,0.7303785386055508,0.9628148199667136,68.10%,AP3D1;AP3S2;AP3S1;DNM2;DNM3;DNM1,GO_Biological_Process_2025__Synaptic Vesicle Budding From Presynaptic Endocytic Zone Membrane (GO:0016185)
GO:0010518,0.3144470999679261,0.7299883270561391,0.9621516486667424,3.11%,FGFR3,GO_Biological_Process_2025__Positive Regulation of Phospholipase Activity (GO:0010518)
GO:0043534,-0.3272176115463959,-0.7299217137656852,1.0,52.94%,EHD4;MICALL1;MYH9;AKT1;CTNND1;PACSIN2,GO_Biological_Process_2025__Blood Vessel Endothelial Cell Migration (GO:0043534)
GO:0019218,-0.3582396733123504,-0.7297594846526012,0.9999938802819804,4.41%,EPHX2,GO_Biological_Process_2025__Regulation of Steroid Metabolic Process (GO:0019218)
GO:0072376,-0.3058935005663021,-0.7293424653864637,0.9994746974559738,44.93%,THBD;F12;F13B;GP5;GP9;F8,GO_Biological_Process_2025__Protein Activation Cascade (GO:0072376)
GO:0072378,-0.3058935005663021,-0.7293424653864637,0.9994746974559738,44.93%,THBD;F12;F13B;GP5;GP9;F8,"GO_Biological_Process_2025__Blood Coagulation, Fibrin Clot Formation (GO:0072378)"
GO:0001936,-0.2422883442052008,-0.7293099043057834,0.998994678492414,14.91%,PDGFB;KRIT1;PLXNB3;EGF;PDCD6;EGFL7,GO_Biological_Process_2025__Regulation of Endothelial Cell Proliferation (GO:0001936)
GO:0042476,-0.3668941901923908,-0.7291553540168131,0.998661981396714,21.21%,FGFR2;TGFB2,GO_Biological_Process_2025__Odontogenesis (GO:0042476)
GO:0032495,-0.3883540815388426,-0.7275628366456904,1.0,35.46%,NAGK;ERBIN,GO_Biological_Process_2025__Response to Muramyl Dipeptide (GO:0032495)
GO:0072350,-0.3447298636523307,-0.7269230349348925,1.0,33.99%,IDH3B;ACO1;IDH3G;IDH2;IDH3A,GO_Biological_Process_2025__Tricarboxylic Acid Metabolic Process (GO:0072350)
GO:0003229,0.2832879878534557,0.7267544105670809,0.9655692918765504,10.27%,MYH7;TGFBR3;FKBP1A,GO_Biological_Process_2025__Ventricular Cardiac Muscle Tissue Development (GO:0003229)
GO:0002275,-0.3230916061584209,-0.7266800802920442,1.0,30.43%,LBP;PLCG2;KARS1,GO_Biological_Process_2025__Myeloid Cell Activation Involved in Immune Response (GO:0002275)
GO:0042398,0.2691569213990549,0.7266668733261005,0.9644418631289567,9.57%,HAGH;PLSCR1,GO_Biological_Process_2025__Modified Amino Acid Biosynthetic Process (GO:0042398)
GO:0045861,-0.2797307311780125,-0.7265946426058072,0.9997427672154898,25.08%,UFSP2;PRNP;CSTA;CDK5;TIMP3,GO_Biological_Process_2025__Negative Regulation of Proteolysis (GO:0045861)
GO:0051293,-0.3877018632645193,-0.7265188753855617,0.9993103051320764,49.09%,KPNB1;LLGL1;DYNC1H1,GO_Biological_Process_2025__Establishment of Spindle Localization (GO:0051293)
GO:0002673,0.3003890143029116,0.7260789864495646,0.9640285377871676,11.68%,OSMR;DNASE1,GO_Biological_Process_2025__Regulation of Acute Inflammatory Response (GO:0002673)
GO:1904903,0.2896265560165976,0.7258439778181851,0.9619230347926344,71.09%,CHMP1B;CHMP2A;IST1;VTA1;CHMP5;CHMP2B;VPS4B;VPS4A,GO_Biological_Process_2025__ESCRT III Complex Disassembly (GO:1904903)
GO:1904896,0.2896265560165976,0.7258439778181851,0.9619230347926344,71.09%,CHMP1B;CHMP2A;IST1;VTA1;CHMP5;CHMP2B;VPS4B;VPS4A,GO_Biological_Process_2025__ESCRT Complex Disassembly (GO:1904896)
GO:0034111,0.3169466915577681,0.7241840271794279,0.96313843797386,68.35%,RDX;TMX1;CD9;PRKCD;SERPINE2;ALOX12;PRKG1,GO_Biological_Process_2025__Negative Regulation of Homotypic Cell-Cell Adhesion (GO:0034111)
GO:0090091,0.3497186227926054,0.7240701055990433,0.9620811189022944,5.68%,MELTF,GO_Biological_Process_2025__Positive Regulation of Extracellular Matrix Disassembly (GO:0090091)
GO:0008202,-0.2823364890136226,-0.7235093638911552,1.0,24.44%,NPC1;TSPO;GBA2;SLC27A2;FDXR;GC;ACAA1;SDR9C7,GO_Biological_Process_2025__Steroid Metabolic Process (GO:0008202)
GO:0006415,-0.3827493261455525,-0.72311177155182,1.0,61.79%,GSPT2;ETF1;MRPL58;GSPT1;APEH,GO_Biological_Process_2025__Translational Termination (GO:0006415)
GO:0030178,-0.2565425078164128,-0.7229856333444856,1.0,45.75%,TSC2;GSK3A;KREMEN1;LIMD1;SCYL2;AXIN1;IGFBP1;STK4;PROC;CYLD;STK24;RNF213;DAB2;PFDN5;RUVBL2,GO_Biological_Process_2025__Negative Regulation of Wnt Signaling Pathway (GO:0030178)
GO:0051131,-0.3158056876959845,-0.7228094420565225,1.0,53.44%,LONP1;PFDN6;PSMG1;CCT2;PSMG2;HSP90AB1;HSPD1;HSP90AA1,GO_Biological_Process_2025__Chaperone-Mediated Protein Complex Assembly (GO:0051131)
GO:0031293,-0.3837626729269696,-0.7226813307812201,1.0,54.99%,NCSTN;TGFB1;HM13,GO_Biological_Process_2025__Membrane Protein Intracellular Domain Proteolysis (GO:0031293)
GO:0019934,0.2828955534382207,0.7224577093971606,0.9630867158244112,13.96%,PDE2A;ATP2B4;APOE,GO_Biological_Process_2025__cGMP-mediated Signaling (GO:0019934)
GO:0032543,-0.2578005388531891,-0.7216923874596358,1.0,44.24%,MRPL17;MRPL23;MRPL44;MTIF2;MRPL38;MRPS35;IARS2;MRPS11;TUFM;GFM1;MRPS27;MRPL45;LARS2;MRPS22;MRPL11;PTCD3,GO_Biological_Process_2025__Mitochondrial Translation (GO:0032543)
GO:2001212,-0.3807561174431436,-0.7214327114593214,1.0,38.67%,RRAS;RTN4,GO_Biological_Process_2025__Regulation of Vasculogenesis (GO:2001212)
GO:0071482,-0.3049052024762793,-0.7211184895840161,1.0,8.14%,BAK1;CUL4A;CUL4B,GO_Biological_Process_2025__Cellular Response to Light Stimulus (GO:0071482)
GO:0030890,-0.3086461072267072,-0.7206899269271729,1.0,21.73%,VAV3;S100A9;IRS2;NCKAP1L,GO_Biological_Process_2025__Positive Regulation of B Cell Proliferation (GO:0030890)
GO:0060317,0.3164519141757749,0.7198484420198591,0.9642434942468456,21.91%,TGFBR3;PDCD4;NOTCH1;ENG,GO_Biological_Process_2025__Cardiac Epithelial to Mesenchymal Transition (GO:0060317)
GO:0061723,-0.3646625917409717,-0.7194778161291907,1.0,5.70%,WIPI1,GO_Biological_Process_2025__Glycophagy (GO:0061723)
GO:0045717,-0.3627623826109857,-0.7194443604752836,1.0,47.18%,UBR4;ERLIN2;APOC1;ACADVL,GO_Biological_Process_2025__Negative Regulation of Fatty Acid Biosynthetic Process (GO:0045717)
GO:0106070,0.3449111650405627,0.71918777863185,0.9639611152002596,8.41%,PDE2A;RACK1,GO_Biological_Process_2025__Regulation of Adenylate Cyclase-Activating G Protein-Coupled Receptor Signaling Pathway (GO:0106070)
GO:0006509,-0.3072711337814606,-0.719024353565573,1.0,2.80%,PSEN2,GO_Biological_Process_2025__Membrane Protein Ectodomain Proteolysis (GO:0006509)
GO:1903318,-0.3744467215998117,-0.7176109698650402,1.0,48.09%,PRNP;SERPINE2;AKT1,GO_Biological_Process_2025__Negative Regulation of Protein Maturation (GO:1903318)
GO:0015695,-0.3357310574683604,-0.7166836233336805,1.0,44.80%,SLC25A15;REPS1;SLC44A2;SLC44A1;SLC6A6,GO_Biological_Process_2025__Organic Cation Transport (GO:0015695)
GO:0035278,-0.3570985803260644,-0.7149812735914036,1.0,50.81%,EIF4ENIF1;LIMD1;EIF4G1;AGO2;EIF6,GO_Biological_Process_2025__miRNA-mediated Gene Silencing by Inhibition of Translation (GO:0035278)
GO:0046605,-0.3093928184255392,-0.7143044282934812,1.0,12.74%,CEP131;FBXW5,GO_Biological_Process_2025__Regulation of Centrosome Cycle (GO:0046605)
GO:0010824,-0.3093928184255392,-0.7143044282934812,1.0,12.74%,CEP131;FBXW5,GO_Biological_Process_2025__Regulation of Centrosome Duplication (GO:0010824)
GO:0045540,-0.3259025216955744,-0.7140047841602215,1.0,54.95%,GNAI1;PRKAA1;KPNB1;ERLIN2;LPCAT3;PRKCA,GO_Biological_Process_2025__Regulation of Cholesterol Biosynthetic Process (GO:0045540)
GO:0015918,-0.2954551411733539,-0.7132185547808902,1.0,41.43%,OSBPL2;NPC1;LDLRAP1;OSBP;APOA2;VAPA,GO_Biological_Process_2025__Sterol Transport (GO:0015918)
GO:2000369,-0.3510762118818055,-0.7123411438525945,1.0,21.81%,PIK3CB;TNK2;DGKD,GO_Biological_Process_2025__Regulation of Clathrin-Dependent Endocytosis (GO:2000369)
GO:0060415,-0.3662771287089202,-0.7115361060245774,1.0,7.33%,ZFPM1,GO_Biological_Process_2025__Muscle Tissue Morphogenesis (GO:0060415)
GO:0014074,-0.3485901879132297,-0.7108444781910382,1.0,48.34%,NDUFS4;ADA;P2RY1;STAT1,GO_Biological_Process_2025__Response to Purine-Containing Compound (GO:0014074)
GO:0032210,0.2301734727113156,0.7095038501865587,0.9737745369779024,11.10%,NAT10;HNRNPC;HNRNPD;PTGES3;HNRNPU,GO_Biological_Process_2025__Regulation of Telomere Maintenance via Telomerase (GO:0032210)
GO:0042311,0.29226301597179,0.7091689173148835,0.9729827463643222,70.82%,PM20D1;SOD1;KNG1;PECAM1;SRC;PTPN11;SOD2,GO_Biological_Process_2025__Vasodilation (GO:0042311)
GO:1902430,-0.2960874187419096,-0.7091300994689237,1.0,48.86%,GGA3;PRNP;RTN1;RTN4;IGF1;RTN3;ROCK1;RTN2,GO_Biological_Process_2025__Negative Regulation of Amyloid-Beta Formation (GO:1902430)
GO:0034380,-0.3601128630343676,-0.7090474475371213,1.0,37.74%,PRKACB;APOM;APOA2,GO_Biological_Process_2025__High-Density Lipoprotein Particle Assembly (GO:0034380)
GO:0048863,0.2789599897852065,0.7081031452937359,0.9732269670823868,2.53%,EPCAM,GO_Biological_Process_2025__Stem Cell Differentiation (GO:0048863)
GO:0035235,-0.3746256144788343,-0.7075974655819388,1.0,62.22%,CAPN1;LLGL1;APP;PTK2B,GO_Biological_Process_2025__Ionotropic Glutamate Receptor Signaling Pathway (GO:0035235)
GO:0019730,0.1980968195438329,0.7074389595530398,0.9728657749222956,2.59%,RPS19;RARRES2,GO_Biological_Process_2025__Antimicrobial Humoral Response (GO:0019730)
GO:0032715,-0.3234344949471585,-0.7064048418647155,1.0,21.73%,IRAK3;NCKAP1L,GO_Biological_Process_2025__Negative Regulation of Interleukin-6 Production (GO:0032715)
GO:0097746,-0.2920421200797553,-0.7062882193488702,1.0,58.14%,ADCY6;ECE1;SERPINF2;ROCK1;PTPN11;ROCK2;GCLM;SRC;PECAM1;SCPEP1,GO_Biological_Process_2025__Blood Vessel Diameter Maintenance (GO:0097746)
GO:0075509,0.3270213012292373,0.7062197927238142,0.973234859364907,11.47%,CTSL;JPT2,GO_Biological_Process_2025__Endocytosis Involved in Viral Entry Into Host Cell (GO:0075509)
GO:0045580,-0.3588153413715745,-0.706055194005411,1.0,7.08%,CLPTM1,GO_Biological_Process_2025__Regulation of T Cell Differentiation (GO:0045580)
GO:0051962,0.2537902388369678,0.7058249815040446,0.9725035683751952,74.69%,CLSTN1;SLITRK1;GHRL;TGM2;NRXN1;SERPINF1;IL1RAP;NLGN2;NUMB;CLSTN3;NLGN1;LRRC4B;NAP1L1,GO_Biological_Process_2025__Positive Regulation of Nervous System Development (GO:0051962)
GO:0110011,-0.3736882451119857,-0.7055073153909176,1.0,32.50%,LMNB2,GO_Biological_Process_2025__Regulation of Basement Membrane Organization (GO:0110011)
GO:0055092,-0.2410715944271239,-0.705034431760208,1.0,32.31%,EPHX2;NPC1;CES1;ABCD1;ACOX1;APOM;IL18;TTC39B;FGFR4;LAMTOR1;LDAH;LDLRAP1;APOA5,GO_Biological_Process_2025__Sterol Homeostasis (GO:0055092)
GO:0007095,-0.3223528359429685,-0.7047490964963845,1.0,52.26%,TAOK2;RINT1;CDK5RAP3;BABAM2;TAOK3;BABAM1;TAOK1,GO_Biological_Process_2025__Mitotic G2 DNA Damage Checkpoint Signaling (GO:0007095)
GO:0061337,-0.2919930279641868,-0.703861909956842,1.0,32.56%,TRPM4;CAMK2D;SLC9A1;PKP2,GO_Biological_Process_2025__Cardiac Conduction (GO:0061337)
GO:0010763,-0.3566945143084926,-0.7036186656708558,1.0,61.60%,PTK2;TGFB1;DMTN;THBS1;ITGB1,GO_Biological_Process_2025__Positive Regulation of Fibroblast Migration (GO:0010763)
GO:1902004,-0.3253453035894149,-0.7029534834067022,1.0,5.55%,GSK3A,GO_Biological_Process_2025__Positive Regulation of Amyloid-Beta Formation (GO:1902004)
GO:0070972,-0.3020560458746605,-0.7019092590250519,1.0,61.58%,KDELR2;PTGES2;BCAP31;VAPA;BCAP29;DDRGK1;STING1;GABARAPL2;YWHAE;SEC16A,GO_Biological_Process_2025__Protein Localization to Endoplasmic Reticulum (GO:0070972)
GO:0035194,-0.3494231714701828,-0.7012856687592851,1.0,18.91%,CNOT1;TSNAX;LIMD1,GO_Biological_Process_2025__Regulatory ncRNA-mediated Post-Transcriptional Gene Silencing (GO:0035194)
GO:0031401,-0.232150167657349,-0.7005898743697538,1.0,27.28%,ATG7;PTK2;GOLGA2;REPS1;ITLN1;RIPK1;RAB3GAP1;PIK3C3;PKN1;STK4;RAP2A,GO_Biological_Process_2025__Positive Regulation of Protein Modification Process (GO:0031401)
GO:0090084,-0.3718020651386707,-0.7005157728021146,1.0,7.79%,HSPA2,GO_Biological_Process_2025__Negative Regulation of Inclusion Body Assembly (GO:0090084)
GO:0031349,0.1858542329113114,0.6998495045966387,0.979114030934398,12.05%,DHX9;LRSAM1;PDE2A;TLR2;GRN;PLSCR1;LGALS1;TNIP1;LPL,GO_Biological_Process_2025__Positive Regulation of Defense Response (GO:0031349)
GO:0042178,-0.3723823346464856,-0.6996238914574165,1.0,62.82%,GSTM2;GSTM3;GSTO1;TPMT;CRYZ,GO_Biological_Process_2025__Xenobiotic Catabolic Process (GO:0042178)
GO:0035855,0.305474906677727,0.6994266403235241,0.978411756090446,69.49%,KIT;GP1BB;GP1BA;GP9;GP5;MPIG6B,GO_Biological_Process_2025__Megakaryocyte Development (GO:0035855)
GO:0095500,0.2888369763854732,0.6991996391382029,0.9774858893772524,6.11%,CHRNE;GNA11,GO_Biological_Process_2025__Acetylcholine Receptor Signaling Pathway (GO:0095500)
GO:0003158,-0.357237731537936,-0.6990321264935534,1.0,6.88%,KRIT1,GO_Biological_Process_2025__Endothelium Development (GO:0003158)
GO:0051496,-0.2640992723599646,-0.6989934899695079,1.0,24.88%,ARHGEF10;TPM1;CCDC88A;CARMIL1;PKN1,GO_Biological_Process_2025__Positive Regulation of Stress Fiber Assembly (GO:0051496)
GO:0046479,-0.3325436598724316,-0.6972744272509753,1.0,27.92%,M6PR;GBA2;GLB1,GO_Biological_Process_2025__Glycosphingolipid Catabolic Process (GO:0046479)
GO:0070373,-0.2960405439833493,-0.697209286717435,1.0,40.45%,FLCN;DLG1;RANBP9;DUSP3;PTPN1;LYN;EMILIN1,GO_Biological_Process_2025__Negative Regulation of ERK1 and ERK2 Cascade (GO:0070373)
GO:1905898,-0.3005764860418906,-0.696963269174315,1.0,13.92%,PIK3R1;NCK1;ERN1,GO_Biological_Process_2025__Positive Regulation of Response to Endoplasmic Reticulum Stress (GO:1905898)
GO:0030838,-0.2701438832695773,-0.6968676134121446,1.0,24.15%,FER;WASHC2C;NCK1;NCKAP1L;CARMIL1;NCKAP1,GO_Biological_Process_2025__Positive Regulation of Actin Filament Polymerization (GO:0030838)
GO:0051279,-0.2757442773213004,-0.6962206592342043,1.0,25.64%,F2R;F2RL3;CAMK2D;GSTM2,GO_Biological_Process_2025__Regulation of Release of Sequestered Calcium Ion Into Cytosol (GO:0051279)
GO:2000573,-0.2671516966281116,-0.696025416918412,1.0,1.24%,PDGFB,GO_Biological_Process_2025__Positive Regulation of DNA Biosynthetic Process (GO:2000573)
GO:0010458,0.3386145628430692,0.695992588150322,0.980454760204906,3.65%,UBE2C,GO_Biological_Process_2025__Exit From Mitosis (GO:0010458)
GO:1902931,0.3114890087100787,0.6943761738489531,0.9800223119399272,68.89%,DKK3;ERLIN1;BMP5;NFKB1;ERLIN2;PLEK,GO_Biological_Process_2025__Negative Regulation of Alcohol Biosynthetic Process (GO:1902931)
GO:0050688,-0.3302146077457121,-0.694249291647561,1.0,28.00%,ATG5;ZMPSTE24;C1QBP;PPM1B,GO_Biological_Process_2025__Regulation of Defense Response to Virus (GO:0050688)
GO:0050766,-0.2376876455041705,-0.6941019399769943,1.0,40.24%,TREM2;RAB27A;NCKAP1L;RAB31;MYO18A;PLCG2;ARAP1;APPL2;STAT3;ANO6;APOA2;FCGR2A,GO_Biological_Process_2025__Positive Regulation of Phagocytosis (GO:0050766)
GO:0036257,-0.2512563007248299,-0.693742383827119,1.0,44.18%,RAB27A;VPS28;RAB11A;STAM2;VPS4A;VPS37A;VPS4B;CHMP2B;VPS37B;SNF8;VPS37C;TSG101,GO_Biological_Process_2025__Multivesicular Body Organization (GO:0036257)
GO:2000045,-0.2465336628527898,-0.6933458201986143,1.0,32.52%,PTEN;DLG1;RPTOR;DDX3X;KANK2;PLCB1;APPL1;EIF4G1;PROC;CRLF3;APPL2,GO_Biological_Process_2025__Regulation of G1/S Transition of Mitotic Cell Cycle (GO:2000045)
GO:0101024,-0.353552563124674,-0.6930613547623699,1.0,43.39%,VPS4A;SPAST;UBE2I;SIRT2,GO_Biological_Process_2025__Mitotic Nuclear Membrane Organization (GO:0101024)
GO:0007084,-0.353552563124674,-0.6930613547623699,1.0,43.39%,VPS4A;SPAST;UBE2I;SIRT2,GO_Biological_Process_2025__Mitotic Nuclear Membrane Reassembly (GO:0007084)
GO:2000353,0.2939224227338726,0.6930313799046066,0.980513236047762,70.65%,ITGA4;PDCD4;RGCC;THBS1;TGFB1;ANO6;CD40LG,GO_Biological_Process_2025__Positive Regulation of Endothelial Cell Apoptotic Process (GO:2000353)
GO:0001952,-0.2394525457736009,-0.692966270262074,1.0,33.57%,PIK3CB;PLEKHA2;PTK2;CLASP1;PTPRA;MACF1;DUSP3;TSC1;SLC9A1;SLK;CASK;UTRN,GO_Biological_Process_2025__Regulation of Cell-Matrix Adhesion (GO:0001952)
GO:0006968,-0.2814858641183648,-0.6928354102439112,1.0,12.43%,BECN1;LBP,GO_Biological_Process_2025__Cellular Defense Response (GO:0006968)
GO:0003197,-0.3417703453025345,-0.6924741783595288,1.0,31.92%,TGFB2;CRELD1;PROC,GO_Biological_Process_2025__Endocardial Cushion Development (GO:0003197)
GO:0030888,-0.2904184972689629,-0.6916779013595677,1.0,21.73%,VAV3;S100A9;IRS2;NCKAP1L,GO_Biological_Process_2025__Regulation of B Cell Proliferation (GO:0030888)
GO:0050776,-0.2345646594619896,-0.6912311621825288,1.0,10.09%,WDR41;TREM2;INPPL1;INPP5D,GO_Biological_Process_2025__Regulation of Immune Response (GO:0050776)
GO:0030201,0.2599458176435184,0.6909034667883331,0.981948003368295,2.03%,EXT2,GO_Biological_Process_2025__Heparan Sulfate Proteoglycan Metabolic Process (GO:0030201)
GO:0050885,0.3292556500103669,0.6901176329843526,0.9817359398621264,67.11%,CDH23;SHANK3;PAFAH1B1;NRXN1;PCDH15,GO_Biological_Process_2025__Neuromuscular Process Controlling Balance (GO:0050885)
GO:0031664,0.2569530925695309,0.689187222037422,0.9817299267844044,74.36%,CD55;CARD8;CX3CL1;CD36;LY96;PRKCA;PTPN6;PTPN11;TRIM5;SIGIRR,GO_Biological_Process_2025__Regulation of Lipopolysaccharide-Mediated Signaling Pathway (GO:0031664)
GO:0045089,-0.2719580674842773,-0.6890171286837506,1.0,15.04%,NLRC5;ZDHHC5;LBP;TRIM56,GO_Biological_Process_2025__Positive Regulation of Innate Immune Response (GO:0045089)
GO:0007212,-0.3090056432710616,-0.6886108968336528,1.0,35.69%,GSK3A;GNA14;GNAS;GNB5,GO_Biological_Process_2025__G Protein-Coupled Dopamine Receptor Signaling Pathway (GO:0007212)
GO:0045723,0.3230354551109269,0.687812146569646,0.982152303083682,67.73%,APOA4;APOC2;SIRT2;LPGAT1;APOA5,GO_Biological_Process_2025__Positive Regulation of Fatty Acid Biosynthetic Process (GO:0045723)
GO:0048168,-0.2920743675903831,-0.68756539016059,1.0,45.55%,CAMK2D;RAB3GAP1;DBN1;LLGL1;CAMK2G;SYAP1,GO_Biological_Process_2025__Regulation of Neuronal Synaptic Plasticity (GO:0048168)
GO:0046822,0.3091407508758878,0.687360437053514,0.9814683726028984,16.47%,TPR;NUP214;KHDRBS1,GO_Biological_Process_2025__Regulation of Nucleocytoplasmic Transport (GO:0046822)
GO:0048549,-0.3655038286292241,-0.6869914223775914,1.0,32.52%,APPL1;APPL2,GO_Biological_Process_2025__Positive Regulation of Pinocytosis (GO:0048549)
GO:0046889,-0.2905979894485466,-0.6866512135163247,1.0,3.69%,MTOR,GO_Biological_Process_2025__Positive Regulation of Lipid Biosynthetic Process (GO:0046889)
GO:0000184,-0.3135333329764977,-0.686551935213175,1.0,2.09%,UPF3B,"GO_Biological_Process_2025__Nuclear-Transcribed mRNA Catabolic Process, Nonsense-Mediated Decay (GO:0000184)"
GO:0090199,-0.272012957250319,-0.6865216631324712,1.0,29.97%,BAK1;FXN;BID;TNFSF10;BCL2L1;BAX,GO_Biological_Process_2025__Regulation of Release of Cytochrome C From Mitochondria (GO:0090199)
GO:0038128,-0.3551108960012458,-0.6864164637636181,1.0,19.97%,EGF;CUL5,GO_Biological_Process_2025__ERBB2 Signaling Pathway (GO:0038128)
GO:0070207,-0.3489463717033096,-0.6863420712624776,1.0,33.31%,S100A9;ITLN1;PNPT1,GO_Biological_Process_2025__Protein Homotrimerization (GO:0070207)
GO:0090050,-0.3650754361887397,-0.6853482846940344,1.0,32.13%,PIK3C2A;JCAD,GO_Biological_Process_2025__Positive Regulation of Cell Migration Involved in Sprouting Angiogenesis (GO:0090050)
GO:0090049,0.247767393561786,0.6852837016574599,0.9828722322233864,75.29%,TGFBR3;NOTCH1;CIB1;HDAC5;ANXA1;RHOA;THBS1;TBXA2R;MMRN2;MMRN1;PDCD10;JCAD;PIK3C2A,GO_Biological_Process_2025__Regulation of Cell Migration Involved in Sprouting Angiogenesis (GO:0090049)
GO:0007189,0.2075521425203391,0.6848835513198239,0.9821164977872444,0.62%,RAMP3,GO_Biological_Process_2025__Adenylate Cyclase-Activating G Protein-Coupled Receptor Signaling Pathway (GO:0007189)
GO:0055008,-0.295667855137797,-0.6847733281263927,1.0,17.71%,ZFPM1;FGFR2;TPM1,GO_Biological_Process_2025__Cardiac Muscle Tissue Morphogenesis (GO:0055008)
GO:0141091,-0.2254632883499342,-0.6842290102188755,1.0,21.87%,USP9Y;LRRC32;PTK2;MAP3K7;SMAD3;FNTA;TGFB2;LRG1;APPL1,GO_Biological_Process_2025__Transforming Growth Factor Beta Receptor Superfamily Signaling Pathway (GO:0141091)
GO:0051223,-0.2821668616872936,-0.6840988719893022,1.0,35.63%,SAA2;GAPVD1;P3H1;DNAJA1;PTPN1,GO_Biological_Process_2025__Regulation of Protein Transport (GO:0051223)
GO:0035036,0.3222060957910013,0.6839370062468652,0.9820034879913664,67.81%,SPESP1;UBAP2L;FETUB;CD9;VDAC2,GO_Biological_Process_2025__Sperm-Egg Recognition (GO:0035036)
GO:0032984,-0.2316376639908124,-0.683750620419731,1.0,37.61%,VPS16;VPS33B;PIK3R4;BECN1;GSPT2;LAMP2;VIPAS39;VTI1B;PIK3C3;VPS4A;VAMP7;VPS4B;SNAP29;CHMP2B;EPG5;PEX14;ETF1,GO_Biological_Process_2025__Protein-Containing Complex Disassembly (GO:0032984)
GO:0030219,-0.3122077441878193,-0.6835327198415145,1.0,56.84%,ZFPM1;MPIG6B;GP5;GP9;UBA5;GP1BA;FLNA,GO_Biological_Process_2025__Megakaryocyte Differentiation (GO:0030219)
GO:0032663,0.2190636379183371,0.6834440554613717,0.9814133092991548,6.75%,EZR;RPS3;CR1,GO_Biological_Process_2025__Regulation of Interleukin-2 Production (GO:0032663)
GO:0031641,0.2879879564447876,0.6829622754386578,0.98081426070154,2.42%,ITGAX,GO_Biological_Process_2025__Regulation of Myelination (GO:0031641)
GO:0072657,-0.2004224098477751,-0.6828630254529054,1.0,42.25%,INPP5K;EHD4;ZDHHC5;TTC7B;RABEP1;FCHO2;NPC1;AP4M1;PACS2;DLG1;EFR3A;TM9SF4;RAB11A;MYO5A;BID;TM9SF2;BRAF;SH3GLB1;ATP1B3;LAMTOR1;PACS1;RAB38;RAP2A;TSPAN14;ABHD17A;NLGN1;RAB6A;IKBKB;TMED2;TESC;PKP2;C2CD5;SLMAP;RAB10;SPTBN1;FLOT2;PIGR;ZFYVE27;P2RY1;RAB34;EHD3;FLOT1;RAB11FIP3;EHD2;SCRIB;ANK1,GO_Biological_Process_2025__Protein Localization to Membrane (GO:0072657)
GO:0002460,0.240290599847451,0.6825881098701839,0.9800780928922554,6.75%,JAG1;CR1,GO_Biological_Process_2025__Adaptive Imm Resp Based on Som Recomb of Imm Rcptrs Built Frm IgSF Domains (GO:0002460)
GO:0032570,-0.343424424930453,-0.6825086712323473,1.0,50.99%,TGFB2;UBE3A;TGFB1;SRC,GO_Biological_Process_2025__Response to Progesterone (GO:0032570)
GO:0030072,-0.3400369156338276,-0.6814537661249838,1.0,49.73%,PDHX;CAMK2G;RAB1A,GO_Biological_Process_2025__Peptide Hormone Secretion (GO:0030072)
GO:0045198,0.3087891951809157,0.680972241503169,0.9796055209710433,2.90%,EZR,GO_Biological_Process_2025__Establishment of Epithelial Cell Apical/Basal Polarity (GO:0045198)
GO:0019682,0.3087158509575251,0.6807360850305852,0.9786767195725956,17.17%,TALDO1;TPI1;TKT,GO_Biological_Process_2025__Glyceraldehyde-3-Phosphate Metabolic Process (GO:0019682)
GO:0055002,-0.3249151279959692,-0.6805882253026411,1.0,46.83%,MYH11;FLII;IGF1;TMOD3,GO_Biological_Process_2025__Striated Muscle Cell Development (GO:0055002)
GO:0061081,0.2806471686372122,0.680495657990738,0.9777472742103116,71.98%,KIT;LILRB1;CD74;GPRC5B;MAVS;RTN4;PLCG2,GO_Biological_Process_2025__+ Reg of Myeloid Leukocyte Cytokine Production Inv in Imm Resp (GO:0061081)
GO:0043433,-0.2389580283808748,-0.6804329782009217,1.0,6.21%,CHUK;NLRC5;IRAK3,GO_Biological_Process_2025__Negative Regulation of DNA-binding Transcription Factor Activity (GO:0043433)
GO:0051968,0.30464537536292,0.6793989587243247,0.9779133285111106,69.57%,RELN;SHANK3;NRXN1;PTK2B;NLGN2;NLGN1,"GO_Biological_Process_2025__Positive Regulation of Synaptic Transmission, Glutamatergic (GO:0051968)"
GO:0010557,-0.1961884751658727,-0.6790800936546567,1.0,6.01%,SRPK2;PDGFB;TREM2;NLRC5;EPHX2;PRMT1;RAB27A;GSK3A;JAK2;IRS1,GO_Biological_Process_2025__Positive Regulation of Macromolecule Biosynthetic Process (GO:0010557)
GO:1902991,-0.2871668296746442,-0.6788231624821338,1.0,54.45%,PRNP;RANBP9;TMED10;FLOT2;LYN;ROCK1;ROCK2;APP,GO_Biological_Process_2025__Regulation of Amyloid Precursor Protein Catabolic Process (GO:1902991)
GO:0001937,-0.2767430130829578,-0.6780196291068464,1.0,60.83%,KRIT1;APOH;PDCD10;SPARC;STAT1;ATP5F1A;SYNJ2BP;MMRN2;THBS1;RGCC,GO_Biological_Process_2025__Negative Regulation of Endothelial Cell Proliferation (GO:0001937)
GO:0034331,-0.3031643442876957,-0.6776287325145978,1.0,6.38%,F2R,GO_Biological_Process_2025__Cell Junction Maintenance (GO:0034331)
GO:0006953,-0.3182338717628378,-0.6771360351801854,1.0,25.68%,LBP;ITIH4;SIGIRR,GO_Biological_Process_2025__Acute-Phase Response (GO:0006953)
GO:0120039,-0.2386905226470241,-0.6765835368034703,1.0,47.64%,ANKRD27;WASF1;MYO9B;NCKAP1L;NCKAP1;PKN1;SNX1;NLGN1;MAP1S;DTNBP1;DNM2;MINK1;PPP1R12C;TNIK;SRGAP2;TAOK3,GO_Biological_Process_2025__Plasma Membrane Bounded Cell Projection Morphogenesis (GO:0120039)
GO:0008589,-0.2919941807531327,-0.6765127298333632,1.0,38.30%,HERC4;FGFR2;UCHL5;TXNDC15;RAB34,GO_Biological_Process_2025__Regulation of Smoothened Signaling Pathway (GO:0008589)
GO:0035329,-0.3604515111460941,-0.676013002605233,1.0,41.22%,SAV1;STK4;STK24,GO_Biological_Process_2025__Hippo Signaling (GO:0035329)
GO:1990778,-0.2071357722493643,-0.6756193990577022,1.0,42.25%,INPP5K;EHD4;ZDHHC5;TTC7B;RABEP1;FCHO2;AP4M1;PACS2;DLG1;EFR3A;RAB11A;MYO5A;ATP1B3;PACS1;RAP2A;TSPAN14;IKBKB;TMED2;TESC;PKP2;C2CD5;SLMAP;RAB10;SPTBN1;FLOT2;ZFYVE27;P2RY1;RAB34;EHD3;FLOT1;RAB11FIP3;EHD2;ANK1,GO_Biological_Process_2025__Protein Localization to Cell Periphery (GO:1990778)
GO:0032878,-0.2934109591095975,-0.6755088931986235,1.0,50.58%,KRIT1;RIPOR2;FYCO1;PLEKHG3;LLGL1;ROCK1;ROCK2,GO_Biological_Process_2025__Regulation of Establishment or Maintenance of Cell Polarity (GO:0032878)
GO:0070536,-0.2925469198629575,-0.6743341573127503,1.0,35.60%,OTUD4;USP25;CYLD;YOD1;BABAM2,GO_Biological_Process_2025__Protein K63-linked Deubiquitination (GO:0070536)
GO:0035089,0.2724015805387815,0.6742827761557373,0.9827567261401262,2.90%,EZR,GO_Biological_Process_2025__Establishment of Apical/Basal Cell Polarity (GO:0035089)
GO:0060390,-0.258604661018996,-0.6740532986648547,1.0,24.32%,FAM89B;JAK2;SMAD3;TGFB2;CSNK2B,GO_Biological_Process_2025__Regulation of SMAD Protein Signal Transduction (GO:0060390)
GO:0051873,-0.345116069858533,-0.6735729221359493,1.0,47.74%,CFHR2;CFHR5;PF4,GO_Biological_Process_2025__Killing by Host of Symbiont Cells (GO:0051873)
GO:0007043,-0.235740942894974,-0.6724805309656234,1.0,4.58%,CDH24;FLCN,GO_Biological_Process_2025__Cell-Cell Junction Assembly (GO:0007043)
GO:0150063,-0.2887373455117277,-0.6724060145557017,1.0,21.21%,ATF6;TGFB2,GO_Biological_Process_2025__Visual System Development (GO:0150063)
GO:0009312,-0.3302051540890028,-0.6708789033933148,1.0,16.18%,FUT8;ST3GAL4;MPDU1,GO_Biological_Process_2025__Oligosaccharide Biosynthetic Process (GO:0009312)
GO:1902904,-0.2257802176357388,-0.6707394338068785,1.0,33.35%,TREM2;DYRK1A;PFDN2;CLASP1;TBCD;TWF1;TUBB4A;SSH1;METAP2;ARFGEF1;PIK3CA;PFDN6;GAS2L1;PROC;ARHGEF2,GO_Biological_Process_2025__Negative Regulation of Supramolecular Fiber Organization (GO:1902904)
GO:0043410,-0.1927460647457538,-0.6704543167511856,1.0,42.15%,EIF2AK2;PDGFB;TREM2;SEMA4C;TAOK2;PRMT1;F2R;TRAF7;KSR1;S100A12;EGF;FGFR2;SPHK1;S100A9;PIK3R6;STK39;PLCB1;TGFB2;RIPK1;AXIN1;SHC1;BRAF;FGFR4;LAMTOR1;PIK3CG;PLCG2;ANGPT1;TRIM5;S100A7;CRACR2A;JCAD;CARD9;IGF1R;PDGFD;MAP3K5;CCM2;CRKL;IL6R;PHB2;LYN;P2RY1;CD44;TGFB1;NAMPT;IGF1;SERPINF2;NOTCH2;PDCD10;DUSP22,GO_Biological_Process_2025__Positive Regulation of MAPK Cascade (GO:0043410)
GO:0042176,-0.2132094657082803,-0.6695925997472268,1.0,18.81%,VPS11;GSK3A;IRAK3;CUL4A;ATG7;NDUFA13;VPS28;NEDD4;IDE;CSNK2A2,GO_Biological_Process_2025__Regulation of Protein Catabolic Process (GO:0042176)
GO:0042417,-0.342190526690132,-0.669547912172332,1.0,49.42%,TGFB2;SNCA;MAOB,GO_Biological_Process_2025__Dopamine Metabolic Process (GO:0042417)
GO:1900017,-0.3349961222475301,-0.6684603948727025,1.0,33.95%,MYD88;CARD9;STAT3,GO_Biological_Process_2025__Positive Regulation of Cytokine Production Involved in Inflammatory Response (GO:1900017)
GO:0097699,-0.3055610800330939,-0.6683722011408216,1.0,16.94%,MTOR;PTK2;PRKACB,GO_Biological_Process_2025__Vascular Endothelial Cell Response to Fluid Shear Stress (GO:0097699)
GO:0060541,-0.3522727769123204,-0.6682192779469318,1.0,13.48%,FGFR2,GO_Biological_Process_2025__Respiratory System Development (GO:0060541)
GO:0006801,0.2266877914005471,0.6677375161834007,0.9892020826478616,18.52%,ATP7A;APOA4;SOD1;PRDX1;SOD3;CCS,GO_Biological_Process_2025__Superoxide Metabolic Process (GO:0006801)
GO:0003382,0.2965574450435503,0.6673474763458941,0.9884088279150964,70.38%,COL18A1;CDH5;CLDN3;LUZP1;STC1;RILPL2,GO_Biological_Process_2025__Epithelial Cell Morphogenesis (GO:0003382)
GO:1900024,0.1784607032965296,0.6671344380647676,0.9874410696683968,7.60%,CRK;MELTF;TACSTD2;FERMT2;MYOC,GO_Biological_Process_2025__Regulation of Substrate Adhesion-Dependent Cell Spreading (GO:1900024)
GO:0072659,-0.2050435973880995,-0.6664772910688395,1.0,42.25%,INPP5K;EHD4;ZDHHC5;TTC7B;FCHO2;PACS2;DLG1;EFR3A;RAB11A;MYO5A;AFDN;CCDC88A;ATP1B3;PACS1;RAP2A;TSPAN14;IKBKB;TMED2;TESC;PKP2;C2CD5;SLMAP;RAB10;SPTBN1;FLOT2;ZFYVE27;P2RY1;RAB34;EHD3;FLOT1;EHD2;ANK1,GO_Biological_Process_2025__Protein Localization to Plasma Membrane (GO:0072659)
GO:0090557,-0.3124411366311217,-0.6659850753530884,1.0,57.56%,RAP2C;RAP2B;RAB1B;RAB1A;F11R;TJP2;RAPGEF2,GO_Biological_Process_2025__Establishment of Endothelial Intestinal Barrier (GO:0090557)
GO:0042063,0.2864081423345335,0.6654206910412357,0.9881680882951503,4.23%,MIOS,GO_Biological_Process_2025__Gliogenesis (GO:0042063)
GO:0070935,-0.3104388390214919,-0.6651815235911288,1.0,10.83%,MYD88;MAPKAPK2,GO_Biological_Process_2025__3'-UTR-mediated mRNA Stabilization (GO:0070935)
GO:0008277,0.2039174376880778,0.6640311911214771,0.9885427513446536,0.62%,RAMP3,GO_Biological_Process_2025__Regulation of G Protein-Coupled Receptor Signaling Pathway (GO:0008277)
GO:0006098,-0.3171557242801008,-0.6634161142335884,1.0,21.23%,H6PD;RPIA,GO_Biological_Process_2025__Pentose-Phosphate Shunt (GO:0006098)
GO:0071676,-0.3570417108310628,-0.662591342008359,1.0,48.09%,PLCB1;EMILIN1;AKT1,GO_Biological_Process_2025__Negative Regulation of Mononuclear Cell Migration (GO:0071676)
GO:1990089,-0.3264023860083258,-0.6623466192452168,1.0,57.56%,KIDINS220;AKT1;EHD1;RAPGEF2,GO_Biological_Process_2025__Response to Nerve Growth Factor (GO:1990089)
GO:0098734,0.3020941322828115,0.6608996991165668,0.9883974179440772,69.82%,PPT1;LYPLA2;LYPLA1;ABHD17B;ABHD17A,GO_Biological_Process_2025__Macromolecule Depalmitoylation (GO:0098734)
GO:0002084,0.3020941322828115,0.6608996991165668,0.9883974179440772,69.82%,PPT1;LYPLA2;LYPLA1;ABHD17B;ABHD17A,GO_Biological_Process_2025__Protein Depalmitoylation (GO:0002084)
GO:0034308,0.2445505501349386,0.6607615041344647,0.9873354053762808,75.60%,AKR1A1;ADH1B;RBP4;AKR7A2;GDE1;RDH11;THTPA;IGF1;AKR1B1;ALDH3A2;SDR9C7,GO_Biological_Process_2025__Primary Alcohol Metabolic Process (GO:0034308)
GO:0003177,0.2806888348899333,0.660758665042166,0.9849418483941398,8.76%,JAG1;ADAMTS5,GO_Biological_Process_2025__Pulmonary Valve Development (GO:0003177)
GO:0003184,0.2806888348899333,0.660758665042166,0.9849418483941398,8.76%,JAG1;ADAMTS5,GO_Biological_Process_2025__Pulmonary Valve Morphogenesis (GO:0003184)
GO:0035335,0.2546171404855779,0.6606834742677502,0.9838157693663973,74.59%,PTPRS;PTPRZ1;PTPRF;PTPRJ;PTPN6;PTPN11;PTPN12;PTPN1;DUSP3,GO_Biological_Process_2025__Peptidyl-Tyrosine Dephosphorylation (GO:0035335)
GO:0032530,0.2841144753214435,0.660336298973947,0.9830151094603398,71.62%,PODXL;CDHR2;PRKCSH;FSCN1;TWF2;CDHR5,GO_Biological_Process_2025__Regulation of Microvillus Organization (GO:0032530)
GO:0010819,-0.3356817569641305,-0.6601014693460557,1.0,31.77%,STK39;S100A7,GO_Biological_Process_2025__Regulation of T Cell Chemotaxis (GO:0010819)
GO:0010820,-0.3356817569641305,-0.6601014693460557,1.0,31.77%,STK39;S100A7,GO_Biological_Process_2025__Positive Regulation of T Cell Chemotaxis (GO:0010820)
GO:0019724,-0.3495069125163569,-0.6598850990928476,1.0,36.83%,SLA2;IGLL1,GO_Biological_Process_2025__B Cell Mediated Immunity (GO:0019724)
GO:0051180,0.2925643912924622,0.6598796921994567,0.9823372492320132,5.99%,CD320,GO_Biological_Process_2025__Vitamin Transport (GO:0051180)
GO:0032688,0.3066569194737535,0.6594342895548594,0.9815848594113497,6.09%,PTPRS,GO_Biological_Process_2025__Negative Regulation of Interferon-Beta Production (GO:0032688)
GO:0140546,-0.3046538763817134,-0.6592188858791378,1.0,29.78%,DEFA4;PRSS3,GO_Biological_Process_2025__Defense Response to Symbiont (GO:0140546)
GO:0051094,-0.2041796034025378,-0.6590660604831834,1.0,16.57%,PDGFB;RBBP4;VIL1;OGT;TAPT1;TRPM4;RPS6KA3;LGALS12;MFF;CLASP1;REPS1,GO_Biological_Process_2025__Positive Regulation of Developmental Process (GO:0051094)
GO:0007096,0.2947980541130178,0.6585346570598776,0.9813452794929898,3.65%,UBE2C,GO_Biological_Process_2025__Regulation of Exit From Mitosis (GO:0007096)
GO:0019369,0.2345390053664554,0.6582872333325549,0.9804640020889958,10.83%,CTHRC1;EPHX1;PNPLA8,GO_Biological_Process_2025__Arachidonate Metabolic Process (GO:0019369)
GO:0061709,-0.2879334800759793,-0.6582776337914868,1.0,53.91%,ATG9A;TEX264;ATG2B;UBA5;UFM1;DDRGK1;STING1,GO_Biological_Process_2025__Reticulophagy (GO:0061709)
GO:0098930,0.2110625909752546,0.6579587119432435,0.9796292353294872,78.98%,ARL8B;AP3D1;SOD1;BLOC1S4;PAFAH1B1;BLOC1S3;SNAPIN;AP3S2;AP3S1;BLOC1S2;DYNC1H1;BLOC1S5;DTNBP1;BLOC1S1;HDAC6;DCTN1;SPAST;AP3M1;RAB21,GO_Biological_Process_2025__Axonal Transport (GO:0098930)
GO:0032480,-0.2748538501249922,-0.6575152716102989,1.0,33.78%,ATG5;UFD1;NPLOC4;PPM1B;CYLD,GO_Biological_Process_2025__Negative Regulation of Type I Interferon Production (GO:0032480)
GO:0006040,-0.3312169168612634,-0.657279422303887,1.0,50.97%,ST6GAL1;SLC35A3;GFPT1;ST3GAL1,GO_Biological_Process_2025__Amino Sugar Metabolic Process (GO:0006040)
GO:0060314,-0.3343507909279541,-0.6571531315499425,1.0,25.64%,CAMK2D;GSTM2,GO_Biological_Process_2025__Regulation of Ryanodine-Sensitive Calcium-Release Channel Activity (GO:0060314)
GO:0016525,-0.2239351223563629,-0.655370595279262,1.0,8.76%,SERPINE1;KRIT1;PIK3CB;SLC12A2,GO_Biological_Process_2025__Negative Regulation of Angiogenesis (GO:0016525)
GO:0050764,-0.2266027024315116,-0.6551486651310207,1.0,5.43%,TREM2;RAB27A,GO_Biological_Process_2025__Regulation of Phagocytosis (GO:0050764)
GO:0033623,-0.3322850408125318,-0.6550378055633378,1.0,31.15%,PIEZO1;JAM3;PLEK,GO_Biological_Process_2025__Regulation of Integrin Activation (GO:0033623)
GO:0046651,-0.2986414425228911,-0.6549518631429279,1.0,36.00%,PPP3CB;PIK3CG;CD40LG;CTPS1,GO_Biological_Process_2025__Lymphocyte Proliferation (GO:0046651)
GO:2000047,0.2352010374860488,0.6547078544510104,0.9820730698482572,10.00%,EPCAM;TJP1,GO_Biological_Process_2025__Regulation of Cell-Cell Adhesion Mediated by Cadherin (GO:2000047)
GO:0085029,-0.2933241146650732,-0.6545889513025653,1.0,7.31%,MYH11,GO_Biological_Process_2025__Extracellular Matrix Assembly (GO:0085029)
GO:0007162,-0.2310671696883697,-0.6545360951539974,1.0,19.14%,SERPINE1;PLXNB3;RIPOR2;PTK2;TBCD;SIPA1,GO_Biological_Process_2025__Negative Regulation of Cell Adhesion (GO:0007162)
GO:0042743,0.220396397375193,0.6511192640684903,0.9845553198792982,12.74%,HBD;HBB;APOA4;SOD1,GO_Biological_Process_2025__Hydrogen Peroxide Metabolic Process (GO:0042743)
GO:1904063,-0.3065067981202533,-0.6508340970441436,1.0,20.59%,CAB39;CAMK2D;STK39,GO_Biological_Process_2025__Negative Regulation of Cation Transmembrane Transport (GO:1904063)
GO:0043297,0.199857342275372,0.6504549796257069,0.9840753434867364,1.18%,PKN2,GO_Biological_Process_2025__Apical Junction Assembly (GO:0043297)
GO:0051294,-0.2746919416690118,-0.6504226461581752,1.0,15.82%,INPPL1;SLC6A4;CLASP1,GO_Biological_Process_2025__Establishment of Spindle Orientation (GO:0051294)
GO:0033632,-0.334471088898395,-0.6503723002920386,1.0,16.51%,PIEZO1,GO_Biological_Process_2025__Regulation of Cell-Cell Adhesion Mediated by Integrin (GO:0033632)
GO:0051043,0.2313603322949116,0.6494748269688145,0.9839641833411252,76.93%,TIMP2;APOE;FURIN;GPLD1;TIMP1;ADAM9;TSPAN15;ADRA2A;APP;SNX9;ROCK1;TIMP3;NRDC,GO_Biological_Process_2025__Regulation of Membrane Protein Ectodomain Proteolysis (GO:0051043)
GO:0044089,-0.2114816250484815,-0.6484213569767535,1.0,41.18%,VIL1;BAK1;STX18;MPP7;SMAD3;BID;BRK1;SH3GLB1;MTSS1;VPS4A;BAX;PLEK;VPS4B;SNF8;TGFB1;EMILIN1;FLOT1,GO_Biological_Process_2025__Positive Regulation of Cellular Component Biogenesis (GO:0044089)
GO:0006641,-0.252924300730727,-0.6484077298127469,1.0,45.51%,LMF1;APOH;SEL1L;APOA5;TMEM68;APOA2;LPGAT1;LIPG;APOC1,GO_Biological_Process_2025__Triglyceride Metabolic Process (GO:0006641)
GO:0006730,-0.3306219194775868,-0.6479110598511624,1.0,40.02%,MTHFR;SFXN1;SFXN3,GO_Biological_Process_2025__One-Carbon Metabolic Process (GO:0006730)
GO:0034109,-0.2208428593909231,-0.6477384218984718,1.0,51.26%,PIK3CB;METAP1;SLC6A4;STXBP3;RAP2B;PIK3CG;CDHR5;PLEK;P2RY12;GNAS;ACTN1;FIBP;MYH9;ILK;CLIC1;TLN1;ITGB3,GO_Biological_Process_2025__Homotypic Cell-Cell Adhesion (GO:0034109)
GO:0008033,0.2373434957862819,0.6466434878206373,0.9857420874904294,1.82%,SSB,GO_Biological_Process_2025__tRNA Processing (GO:0008033)
GO:2001236,-0.2340250325620221,-0.6462391493453314,1.0,23.28%,BIRC6;TMC8;SLC6A4;BID;RIPK1;FADD;TNFSF10,GO_Biological_Process_2025__Regulation of Extrinsic Apoptotic Signaling Pathway (GO:2001236)
GO:0051251,-0.2553517615818234,-0.6460852877776425,1.0,26.97%,PRKDC;SH3KBP1;NCKAP1L;PRKAA1,GO_Biological_Process_2025__Positive Regulation of Lymphocyte Activation (GO:0051251)
GO:0032691,-0.3233612910277796,-0.6458385295786132,1.0,43.19%,GIT1;IGF1;SERPINB1,GO_Biological_Process_2025__Negative Regulation of Interleukin-1 Beta Production (GO:0032691)
GO:0003208,-0.2740713932952304,-0.6455853049887142,1.0,21.21%,GSK3A;FGFR2;TPM1;TGFB2,GO_Biological_Process_2025__Cardiac Ventricle Morphogenesis (GO:0003208)
GO:0042632,-0.2218135338447456,-0.645419559427282,1.0,32.31%,EPHX2;NPC1;CES1;ACOX1;APOM;IL18;TTC39B;FGFR4;LAMTOR1;LDAH;LDLRAP1;APOA5,GO_Biological_Process_2025__Cholesterol Homeostasis (GO:0042632)
GO:0061136,-0.2332091644080098,-0.6452058786564072,1.0,15.29%,TREM2;OPHN1;GLMN;XPO1,GO_Biological_Process_2025__Regulation of Proteasomal Protein Catabolic Process (GO:0061136)
GO:2000114,-0.2777223711393479,-0.6445825248960855,1.0,38.94%,KRIT1;RIPOR2;ARFGEF1;FYCO1;PLEKHG3,GO_Biological_Process_2025__Regulation of Establishment of Cell Polarity (GO:2000114)
GO:1905477,-0.224911303420945,-0.6440075965598367,1.0,41.55%,TREM2;ZDHHC5;PIK3R1;DLG1;PRNP;AKT2;PIK3CA;FYN;C2CD5;SQSTM1;SPTBN1;PDPK1;PGRMC1;STX4,GO_Biological_Process_2025__Positive Regulation of Protein Localization to Membrane (GO:1905477)
GO:0009066,-0.3263235150439697,-0.6437206102434314,1.0,3.62%,NIT2,GO_Biological_Process_2025__Aspartate Family Amino Acid Metabolic Process (GO:0009066)
GO:0097305,-0.2854086815666017,-0.6434478681407069,1.0,39.66%,PMVK;GNAI1;GOT2;GNAS;TGFB1,GO_Biological_Process_2025__Response to Alcohol (GO:0097305)
GO:0045746,0.274358616228494,0.6425797169691206,0.9885492895865088,10.94%,LFNG;ARRDC1,GO_Biological_Process_2025__Negative Regulation of Notch Signaling Pathway (GO:0045746)
GO:0007009,0.173260637919427,0.6421009642918944,0.9878510038482043,9.57%,BIN1;CHMP1A;CR1;CHMP6;CHMP1B;ARL8B;PLSCR1,GO_Biological_Process_2025__Plasma Membrane Organization (GO:0007009)
GO:1900271,0.2366753734690792,0.6416743739287157,0.9871047432181004,18.08%,LILRB2;APOE;RELN;TYROBP;SHANK3,GO_Biological_Process_2025__Regulation of Long-Term Synaptic Potentiation (GO:1900271)
GO:0043457,0.2720198565579121,0.6405175251614347,0.9859189192042196,4.06%,IFNAR1,GO_Biological_Process_2025__Regulation of Cellular Respiration (GO:0043457)
GO:0010594,-0.215637394952097,-0.6393010073049996,1.0,31.09%,KRIT1;PIK3CB;EGF;PDCD6;PTK2;RRAS;APOH;PIK3CG;STC1;ANGPT1,GO_Biological_Process_2025__Regulation of Endothelial Cell Migration (GO:0010594)
GO:1903078,-0.2343009078173615,-0.6390681259454049,1.0,14.42%,TREM2;ZDHHC5;PIK3R1;DLG1,GO_Biological_Process_2025__Positive Regulation of Protein Localization to Plasma Membrane (GO:1903078)
GO:0042304,-0.2712695841863319,-0.6385809625421794,1.0,50.81%,UBR4;APOA5;ERLIN2;LPGAT1;SIRT2;APOC1;ACADVL;EIF6,GO_Biological_Process_2025__Regulation of Fatty Acid Biosynthetic Process (GO:0042304)
GO:0045721,0.3096644125578415,0.638370453907309,0.9868254231472618,4.74%,C1QTNF3,GO_Biological_Process_2025__Negative Regulation of Gluconeogenesis (GO:0045721)
GO:0034375,0.2264981580656701,0.6380079376653914,0.9859851122346296,62.30%,APOA4;LPL;APOC3;APOE;LIPC;APOA1;PLTP;CETP;LCAT;APOC1;LIPG;APOA2,GO_Biological_Process_2025__High-Density Lipoprotein Particle Remodeling (GO:0034375)
GO:0051169,-0.2679421823162866,-0.6378222090375666,1.0,15.29%,SEH1L;XPO1,GO_Biological_Process_2025__Nuclear Transport (GO:0051169)
GO:0042060,0.1767100267763725,0.6370565002811457,0.9857699543105438,16.09%,EPPK1;CHMP1A;CHMP6;CHMP1B;ARL8B;SMPD1;PDGFRA;MIA3;COL3A1;CHMP2A;TSKU,GO_Biological_Process_2025__Wound Healing (GO:0042060)
GO:0044827,-0.2927459189588079,-0.6368558747914028,1.0,25.00%,YTHDC2;PIK3C3;TMEM41B,GO_Biological_Process_2025__Modulation by Host of Viral Genome Replication (GO:0044827)
GO:0099601,0.3045822102425878,0.6367516233999343,0.9848920435841492,69.57%,RELN;CRHBP;NLGN2;MINK1;NLGN1,GO_Biological_Process_2025__Regulation of Neurotransmitter Receptor Activity (GO:0099601)
GO:0035418,0.276157471789987,0.6366672975436585,0.9838010084193658,3.46%,STAU2,GO_Biological_Process_2025__Protein Localization to Synapse (GO:0035418)
GO:2001233,-0.284510881214971,-0.6366178803391463,1.0,47.00%,TRAF7;CSNK2A2;CYLD;QARS1;FASN;MADD;PYCARD,GO_Biological_Process_2025__Regulation of Apoptotic Signaling Pathway (GO:2001233)
GO:0051292,0.3018941104160733,0.6360275930478455,0.9832435920643228,4.41%,TPR,GO_Biological_Process_2025__Nuclear Pore Complex Assembly (GO:0051292)
GO:0006787,-0.3352657689123208,-0.6358533519544584,1.0,14.58%,HMOX2,GO_Biological_Process_2025__Porphyrin-Containing Compound Catabolic Process (GO:0006787)
GO:0009895,-0.2064017948419924,-0.6338366994998631,1.0,31.59%,TREM2;MTOR;GSK3A;IRAK3;DNPEP;MTMR9;GOLGA2;MTMR2;RPTOR;EIF4G2;BSCL2;BCL2L1;PRKAA1;CDK5RAP3;TAB2;EIF4G1,GO_Biological_Process_2025__Negative Regulation of Catabolic Process (GO:0009895)
GO:0035313,-0.2971150050593167,-0.6331426823391147,1.0,62.70%,LRG1;ITGB5;ITGB3;ITGA5;ITGB1;ITGAV,"GO_Biological_Process_2025__Wound Healing, Spreading of Epidermal Cells (GO:0035313)"
GO:0051156,0.2551975135409952,0.6324203651282144,0.985601973838529,4.91%,PHGDH,GO_Biological_Process_2025__Glucose 6-Phosphate Metabolic Process (GO:0051156)
GO:0050830,-0.2284232171583962,-0.6323180693254815,1.0,43.08%,MYD88;PGLYRP1;LBP;DEFA4;STAB2;IL18;PPP1R11;PNKD;FGR;IL6R;PGLYRP2;ANG,GO_Biological_Process_2025__Defense Response to Gram-positive Bacterium (GO:0050830)
GO:1903036,-0.2721294693401106,-0.6322486695222621,1.0,28.52%,PTK2;ARFGEF1;SCARF1,GO_Biological_Process_2025__Positive Regulation of Response to Wounding (GO:1903036)
GO:0006027,-0.3346848450112606,-0.6321382363398279,1.0,42.44%,GNS;TGFB1;GUSB,GO_Biological_Process_2025__Glycosaminoglycan Catabolic Process (GO:0006027)
GO:0003180,0.2307336162569882,0.631994415581443,0.9848377192542352,18.79%,JAG1;ADAMTS5;TIE1;NOTCH1;CDH11,GO_Biological_Process_2025__Aortic Valve Morphogenesis (GO:0003180)
GO:0071318,-0.3373975615379249,-0.6310970767496066,1.0,38.24%,SSH1;P2RY12;P2RY1,GO_Biological_Process_2025__Cellular Response to ATP (GO:0071318)
GO:0043485,0.2700684505289357,0.6303964713815242,0.9840067426954308,73.03%,AP3D1;RAB32;CD63;BLOC1S3;AP1M1;BLOC1S5;RAB38,GO_Biological_Process_2025__Endosome to Pigment Granule Transport (GO:0043485)
GO:0035646,0.2700684505289357,0.6303964713815242,0.9840067426954308,73.03%,AP3D1;RAB32;CD63;BLOC1S3;AP1M1;BLOC1S5;RAB38,GO_Biological_Process_2025__Endosome to Melanosome Transport (GO:0035646)
GO:0043010,-0.3333675579114253,-0.6302489214597128,1.0,22.47%,RAB3GAP1,GO_Biological_Process_2025__Camera-Type Eye Development (GO:0043010)
GO:0045744,0.2334201585409995,0.6297409402194989,0.983519394329519,7.37%,PDE2A;APLP1,GO_Biological_Process_2025__Negative Regulation of G Protein-Coupled Receptor Signaling Pathway (GO:0045744)
GO:0006941,-0.2891278025477819,-0.629467086674347,1.0,27.82%,GRK2;TPM1;PIK3CA,GO_Biological_Process_2025__Striated Muscle Contraction (GO:0006941)
GO:0051084,-0.2301562883382424,-0.6293410471148959,1.0,59.59%,HSPA2;SDF2L1;TCP1;ENTPD5;CCT6A;SELENOF;CCT4;CCT3;CCT7;DNAJC7;CCT2;UGGT1;CCT8;HSPA1L;SDF2;CCT5;HSPA13;HSPA9;HSPE1,GO_Biological_Process_2025__'De Novo' Post-Translational Protein Folding (GO:0051084)
GO:0010881,-0.3069463541753993,-0.6289846524418669,1.0,25.64%,CAMK2D;GSTM2,GO_Biological_Process_2025__Reg of Cardiac Muscle Contraction by Reg of the Release of Sequestered Calcium Ion (GO:0010881)
GO:0030217,0.2209406341003131,0.6282323812596252,0.9836999951214852,16.14%,LFNG;LCK;KIT;CLSTN1;LEP,GO_Biological_Process_2025__T Cell Differentiation (GO:0030217)
GO:0120192,-0.2448449182609264,-0.6281296528694721,1.0,31.92%,MPP7;DLG1;TBCD;AFDN;PARD3;PROC,GO_Biological_Process_2025__Tight Junction Assembly (GO:0120192)
GO:0038084,0.2781003732890917,0.6267548878780526,0.9838620592915216,72.22%,MYO1E;VEGFC;NRP1;FLT4;RELA;PIK3CA,GO_Biological_Process_2025__Vascular Endothelial Growth Factor Signaling Pathway (GO:0038084)
GO:0006606,-0.2166271875045089,-0.6265802518158576,1.0,24.21%,RANBP6;TSC2;IPO13;EIF4ENIF1;IPO5;TNPO3;APPL1;KPNA4;KPNA6,GO_Biological_Process_2025__Protein Import Into Nucleus (GO:0006606)
GO:0005975,0.1691721925493498,0.626428666906937,0.9829604630156468,10.38%,FUT1;CHST1;ST8SIA5;GCNT4;GALK2,GO_Biological_Process_2025__Carbohydrate Metabolic Process (GO:0005975)
GO:0040001,-0.2634666031292682,-0.6260246249479663,1.0,15.82%,INPPL1;SLC6A4;CLASP1,GO_Biological_Process_2025__Establishment of Mitotic Spindle Localization (GO:0040001)
GO:0030101,0.219892026578073,0.6246789078606289,0.9833176269830558,78.07%,CD48;CLSTN1;PRDX1;CASP8;PTPRC;FCGR3B;CD2;RABL3;BAG6;FYN;VAV1;SNX27,GO_Biological_Process_2025__Natural Killer Cell Activation (GO:0030101)
GO:0045926,-0.2294836538727013,-0.6213536249045507,1.0,21.21%,CCAR2;NDRG3;FBP1;SMAD3;SIPA1;DDX3X;TGFB2,GO_Biological_Process_2025__Negative Regulation of Growth (GO:0045926)
GO:0055117,-0.2896160635129382,-0.6202067734868653,1.0,30.57%,PIK3CG;STC1;SLC9A1,GO_Biological_Process_2025__Regulation of Cardiac Muscle Contraction (GO:0055117)
GO:0007422,-0.3344339934206272,-0.6196649567069952,1.0,50.12%,ALDH3A2;ADGRG6;GSTM3,GO_Biological_Process_2025__Peripheral Nervous System Development (GO:0007422)
GO:0006898,-0.1835890855164176,-0.619623187447834,1.0,36.35%,STON1;DNAJC13;PIKFYVE;FCHO2;M6PR;GRK2;WASF1;REPS1;NEDD4;STAB2;SCYL2;RAB31;MICALL1;PIP5K1C;SCARF1;SNX1;AP2S1;LDLRAP1;CLTC;EPS15;DNM1;DNM3;AP1S1;CLTB;STON2,GO_Biological_Process_2025__Receptor-Mediated Endocytosis (GO:0006898)
GO:0003176,0.2398257149541846,0.6187994072508288,0.9850490488326612,17.42%,JAG1;ADAMTS5;TIE1;NOTCH1,GO_Biological_Process_2025__Aortic Valve Development (GO:0003176)
GO:0090201,-0.2688551274009307,-0.6177716265948856,1.0,13.30%,BAK1;FXN,GO_Biological_Process_2025__Negative Regulation of Release of Cytochrome C From Mitochondria (GO:0090201)
GO:0051258,-0.2276668326188634,-0.6172286473778813,1.0,5.94%,VIL1;JAK2,GO_Biological_Process_2025__Protein Polymerization (GO:0051258)
GO:0033344,-0.2644322503954477,-0.6169126487865951,1.0,37.74%,NPC1;STX12;APOM;APOA5;APOA2,GO_Biological_Process_2025__Cholesterol Efflux (GO:0033344)
GO:0042059,-0.272481906564985,-0.6161822841237712,1.0,53.69%,MVP;DUSP3;MMAB;TSG101;ITGA1;VPS25;RAB7A,GO_Biological_Process_2025__Negative Regulation of Epidermal Growth Factor Receptor Signaling Pathway (GO:0042059)
GO:0008543,0.2550521290820921,0.6159968161338114,0.9862419912883972,3.11%,FGFR3,GO_Biological_Process_2025__Fibroblast Growth Factor Receptor Signaling Pathway (GO:0008543)
GO:0061515,0.2174454828660436,0.6156609563597871,0.9854254535966976,78.31%,TLR2;ANXA2;KIT;GP1BB;DMTN;FLNA;APP;GP1BA;GP9;ATP6AP1;GP5;MPIG6B;NCKAP1L,GO_Biological_Process_2025__Myeloid Cell Development (GO:0061515)
GO:0042327,-0.2047256027737652,-0.6153561834507957,1.0,27.28%,GLMN;EGF;PTK2;REPS1;S100A9;ITLN1;RIPK1;PKN1;STK4;RAP2A,GO_Biological_Process_2025__Positive Regulation of Phosphorylation (GO:0042327)
GO:0006284,0.2891981001939784,0.6145340474897034,0.9852665136127928,5.41%,RPS3,GO_Biological_Process_2025__Base-Excision Repair (GO:0006284)
GO:0032924,-0.3144147012212082,-0.6145275100378012,1.0,16.69%,SMAD3,GO_Biological_Process_2025__Activin Receptor Signaling Pathway (GO:0032924)
GO:0033143,-0.2650433751343748,-0.6134420792097978,1.0,2.59%,UFSP2,GO_Biological_Process_2025__Regulation of Intracellular Steroid Hormone Receptor Signaling Pathway (GO:0033143)
GO:0044272,-0.2334585039080661,-0.6134063852493714,1.0,30.24%,MPST;MAT2B;PPCDC;PANK4;B3GAT3;GGT7;CSGALNACT2,GO_Biological_Process_2025__Sulfur Compound Biosynthetic Process (GO:0044272)
GO:1990858,-0.2691334945307436,-0.6128384693537547,1.0,37.95%,MAP3K7;TRAF6;PKN1;PLCG2;FYN;IKBKB;LYN,GO_Biological_Process_2025__Cellular Response to Lectin (GO:1990858)
GO:0002223,-0.2691334945307436,-0.6128384693537547,1.0,37.95%,MAP3K7;TRAF6;PKN1;PLCG2;FYN;IKBKB;LYN,GO_Biological_Process_2025__Stimulatory C-type Lectin Receptor Signaling Pathway (GO:0002223)
GO:0046847,0.2706990793639963,0.612469715596956,0.9859104199826092,2.90%,EZR,GO_Biological_Process_2025__Filopodium Assembly (GO:0046847)
GO:0032964,0.2954592577234085,0.6124655062931148,0.9847720744241436,70.48%,COL1A1;RCN3;PCOLCE;COL5A1;TRAPPC8,GO_Biological_Process_2025__Collagen Biosynthetic Process (GO:0032964)
GO:0032692,-0.2944138390628096,-0.6105659986725132,1.0,43.19%,GIT1;IGF1;SERPINB1,GO_Biological_Process_2025__Negative Regulation of Interleukin-1 Production (GO:0032692)
GO:0060391,-0.2435642083278418,-0.6099499733938217,1.0,24.32%,JAK2;SMAD3;TGFB2;CSNK2B,GO_Biological_Process_2025__Positive Regulation of SMAD Protein Signal Transduction (GO:0060391)
GO:1903054,-0.3011522708901427,-0.608986437381925,1.0,40.45%,GLMN;TGFB1;EMILIN1,GO_Biological_Process_2025__Negative Regulation of Extracellular Matrix Organization (GO:1903054)
GO:0032648,0.1827964612655191,0.6070045963214779,0.9879765055679413,6.42%,DHX9;PTPRS;TLR2,GO_Biological_Process_2025__Regulation of Interferon-Beta Production (GO:0032648)
GO:0045651,-0.3043584233377357,-0.606546178444904,1.0,54.95%,RIPK1;FADD;TGFB1;PF4;PRKCA,GO_Biological_Process_2025__Positive Regulation of Macrophage Differentiation (GO:0045651)
GO:0060965,-0.3211765439817923,-0.6063547335943742,1.0,67.42%,ZSWIM8;FMR1;ELAVL1;ELOC,GO_Biological_Process_2025__Negative Regulation of miRNA-mediated Gene Silencing (GO:0060965)
GO:0030335,-0.1710463473626584,-0.6063426132722131,1.0,15.82%,CAPN7;PDGFB;FAM89B;SEMA4C;MTOR;VIL1;F2R;PIK3CB;TRIP6;FER;DOCK5;VSIR;EGF;PDCD6;PTK2;SPHK1;SEMA4B;CLASP1,GO_Biological_Process_2025__Positive Regulation of Cell Migration (GO:0030335)
GO:0044818,-0.2600409755526529,-0.60628759615293,1.0,8.62%,TAOK2;SLC25A15,GO_Biological_Process_2025__Mitotic G2/M Transition Checkpoint (GO:0044818)
GO:1903050,-0.2487797448809515,-0.6061702849829286,1.0,2.59%,UFSP2,GO_Biological_Process_2025__Regulation of Proteolysis Involved in Protein Catabolic Process (GO:1903050)
GO:0043129,0.2658647863956864,0.6056825354480438,0.987892300823157,73.45%,MBL2;RCN3;CTSH;BPIFA1;TMEM63B;TMEM63A,GO_Biological_Process_2025__Surfactant Homeostasis (GO:0043129)
GO:0045834,-0.2688281692292086,-0.6050569044344515,1.0,3.69%,MTOR,GO_Biological_Process_2025__Positive Regulation of Lipid Metabolic Process (GO:0045834)
GO:0032489,-0.3260343904340977,-0.6047259549432823,1.0,16.57%,REPS1,GO_Biological_Process_2025__Regulation of Cdc42 Protein Signal Transduction (GO:0032489)
GO:0032511,-0.2326561075856303,-0.6043041089399638,1.0,57.54%,VPS28;STAM2;VPS37A;VPS37B;PTPN23;SNF8;VPS37C;TSG101;TMEM50A;VPS25;UBAP1;MVB12B,GO_Biological_Process_2025__Late Endosome to Vacuole Transport via Multivesicular Body Sorting Pathway (GO:0032511)
GO:0042542,-0.2406855718822892,-0.603493820102412,1.0,49.40%,FXN;RIPK1;PRDX3;FYN;MAP3K5;HDAC6;PRKCD;GPX1;PPIF;RELA,GO_Biological_Process_2025__Response to Hydrogen Peroxide (GO:0042542)
GO:0003007,-0.2455373355724178,-0.6034560691621333,1.0,21.21%,ZFPM1;PTK2;TGFB2,GO_Biological_Process_2025__Heart Morphogenesis (GO:0003007)
GO:0002090,-0.2313325522014896,-0.6029853289668845,1.0,41.18%,ATAD1;TBC1D5;EGF;MTMR2;ARAP1;ANGPT1;RIN3;ANKRD13A;LLGL1;FLOT1,GO_Biological_Process_2025__Regulation of Receptor Internalization (GO:0002090)
GO:1903599,-0.3092102425213984,-0.6029299312361551,1.0,43.91%,SLC6A4;SLC25A5;FBXO7,GO_Biological_Process_2025__Positive Regulation of Autophagy of Mitochondrion (GO:1903599)
GO:0035195,-0.2726279546884,-0.602273503764396,1.0,18.91%,CNOT1;EIF4ENIF1;LIMD1,GO_Biological_Process_2025__miRNA-mediated Post-Transcriptional Gene Silencing (GO:0035195)
GO:0032147,-0.231241030367863,-0.6002593630060268,1.0,21.21%,JAK2;TRAF6;CCDC88A;TGFB2,GO_Biological_Process_2025__Activation of Protein Kinase Activity (GO:0032147)
GO:0071559,0.2225107916601955,0.5999821614270722,0.9911557368997764,10.60%,PDE2A;MXRA5,GO_Biological_Process_2025__Response to Transforming Growth Factor Beta (GO:0071559)
GO:0033625,-0.3219353019288271,-0.5995158318212674,1.0,35.50%,PIEZO1;PLEK;P2RY12,GO_Biological_Process_2025__Positive Regulation of Integrin Activation (GO:0033625)
GO:0010882,-0.2666443619270603,-0.5984889728183604,1.0,30.57%,CAMK2D;GSTM2;SLC9A1,GO_Biological_Process_2025__Regulation of Cardiac Muscle Contraction by Calcium Ion Signaling (GO:0010882)
GO:0006749,-0.2418649365993923,-0.5983205363742183,1.0,50.79%,OPLAH;GSTK1;GSTM2;GGT7;ETHE1;GSTZ1;GSR;GPX1;GSTM3;GCLM,GO_Biological_Process_2025__Glutathione Metabolic Process (GO:0006749)
GO:1901020,0.2563783447417548,0.5968142392798627,0.9923539541951072,74.40%,UBQLN1;CLIC2;SRI;GSTO1;FMR1;GNB5;GSTM2,GO_Biological_Process_2025__Negative Regulation of Calcium Ion Transmembrane Transporter Activity (GO:1901020)
GO:1903900,-0.2733783022004176,-0.5967271984917145,1.0,34.34%,NECTIN2;KPNA6;CSNK2B;TRIM5;TRIM25,GO_Biological_Process_2025__Regulation of Viral Life Cycle (GO:1903900)
GO:0005980,-0.2756861623546299,-0.5963290984149835,1.0,38.59%,WIPI1;PYGL;ATG2B;PYGB,GO_Biological_Process_2025__Glycogen Catabolic Process (GO:0005980)
GO:0090277,0.1951777177302019,0.5962877891517642,0.991600888379586,80.55%,LRRC8A;TFR2;RBP4;MAP4K2;GHRL;FGG;FGA;PSMD9;FGB;NLGN2;PRKCA;AIMP1;ACSL4;SELENOT;PDHX;MCU;IRS2,GO_Biological_Process_2025__Positive Regulation of Peptide Hormone Secretion (GO:0090277)
GO:0070206,-0.2925240488447587,-0.5962420371018113,1.0,33.31%,S100A9;ITLN1;PNPT1,GO_Biological_Process_2025__Protein Trimerization (GO:0070206)
GO:0046209,-0.2945667405174983,-0.5954266102139241,1.0,34.69%,ARG2;VDAC2;CYB5B;CYB5R3,GO_Biological_Process_2025__Nitric Oxide Metabolic Process (GO:0046209)
GO:0030859,0.2407252119195398,0.5945628121181942,0.991730374559977,2.90%,EZR,GO_Biological_Process_2025__Polarized Epithelial Cell Differentiation (GO:0030859)
GO:0006865,0.266110242886278,0.5929572291498474,0.991691525256252,14.48%,SLC7A5;SLC7A1;SLC1A5,GO_Biological_Process_2025__Amino Acid Transport (GO:0006865)
GO:0072665,-0.2846786589523805,-0.5926259914631603,1.0,53.25%,SH3GLB1;LAMTOR5;LAMTOR4;RTN4;MFSD1;RRAGC,GO_Biological_Process_2025__Protein Localization to Vacuole (GO:0072665)
GO:0062014,-0.269237323075112,-0.5925779806923698,1.0,5.55%,GSK3A,GO_Biological_Process_2025__Negative Regulation of Small Molecule Metabolic Process (GO:0062014)
GO:0050772,-0.2469050510084869,-0.5924247425358378,1.0,43.74%,PLXNB3;MACF1;NRDC;FYCO1;ZFYVE27;PLXNB2,GO_Biological_Process_2025__Positive Regulation of Axonogenesis (GO:0050772)
GO:0080135,-0.2138055017654863,-0.591445801916032,1.0,52.20%,MTOR;MAPKAPK2;COPS3;EIF4G1;UCHL5;BABAM2;DNAJB6;DNAJC7;MMP14;RUVBL2;BABAM1;RUVBL1;ROCK2;GSK3B,GO_Biological_Process_2025__Regulation of Cellular Response to Stress (GO:0080135)
GO:0050867,-0.2512952394506887,-0.5903902109494173,1.0,38.36%,JAK2;PLA2G4A;PLEK;GP5;GP9,GO_Biological_Process_2025__Positive Regulation of Cell Activation (GO:0050867)
GO:0048514,-0.2457416134283822,-0.5897590309300621,1.0,40.74%,GLMN;EGFL7;CCM2;TGFB1;SERPINF2,GO_Biological_Process_2025__Blood Vessel Morphogenesis (GO:0048514)
GO:0006620,0.2279553145277751,0.5897344979592318,0.9917994662864552,4.54%,SGTB,GO_Biological_Process_2025__Post-Translational Protein Targeting to Endoplasmic Reticulum Membrane (GO:0006620)
GO:1900044,-0.2997318555286982,-0.5893344369513778,1.0,61.04%,DDX3X;PLAA;UBE2V1;PARP10,GO_Biological_Process_2025__Regulation of Protein K63-linked Ubiquitination (GO:1900044)
GO:0010959,-0.2482090016225288,-0.5889514541094722,1.0,67.07%,SLC30A6;STIM1;CAMK2G;EPB41;TMX1;WNK1;CAMK2B;ORAI1;YWHAH,GO_Biological_Process_2025__Regulation of Metal Ion Transport (GO:0010959)
GO:0045661,-0.262867277371732,-0.5887446819365688,1.0,39.66%,TRIP4;RIPOR2;PLCB1;MAPK14;FLOT2;TGFB1,GO_Biological_Process_2025__Regulation of Myoblast Differentiation (GO:0045661)
GO:0034332,-0.2226246125336388,-0.588548348857599,1.0,29.72%,CDH24;TBCD;CDH17;PIP5K1C;MTSS1;JAM3,GO_Biological_Process_2025__Adherens Junction Organization (GO:0034332)
GO:0071870,-0.3007120741070193,-0.587202150134853,1.0,11.66%,ADCY6,GO_Biological_Process_2025__Cellular Response to Catecholamine Stimulus (GO:0071870)
GO:0030518,-0.2592330970738764,-0.5871962590877621,1.0,29.54%,TRIP4;NEDD4;UBE3A;RNF14,GO_Biological_Process_2025__Nuclear Receptor-Mediated Steroid Hormone Signaling Pathway (GO:0030518)
GO:0061844,-0.2191727941240823,-0.5859454039390368,1.0,16.86%,PGLYRP1;S100A12;DEFA4;S100A9,GO_Biological_Process_2025__Antimicrobial Humoral Immune Response Mediated by Antimicrobial Peptide (GO:0061844)
GO:0006029,0.2141438173175603,0.5858078439686952,0.993443453792378,6.55%,CHST1;CHST11,GO_Biological_Process_2025__Proteoglycan Metabolic Process (GO:0006029)
GO:0001731,-0.2863370144728969,-0.5846650989996719,1.0,25.10%,DHX29;MCTS1,GO_Biological_Process_2025__Formation of Translation Preinitiation Complex (GO:0001731)
GO:0032510,-0.2580307945914716,-0.5841610936007392,1.0,33.06%,LYST;VPS4A;VPS4B;CHMP2B,GO_Biological_Process_2025__Endosome to Lysosome Transport via Multivesicular Body Sorting Pathway (GO:0032510)
GO:1902548,-0.3149065872371553,-0.5834065437161039,1.0,7.97%,PIK3CB,GO_Biological_Process_2025__Negative Regulation of Cellular Response to Vascular Endothelial Growth Factor Stimulus (GO:1902548)
GO:0014902,-0.2730274256420768,-0.5829261920405807,1.0,40.08%,DOCK5;SORT1;IGF1,GO_Biological_Process_2025__Myotube Differentiation (GO:0014902)
GO:0006044,0.2619666169232558,0.5821215725641055,0.9936828619381692,11.58%,CHST1;EXTL2,GO_Biological_Process_2025__N-acetylglucosamine Metabolic Process (GO:0006044)
GO:1901071,0.2619666169232558,0.5821215725641055,0.9936828619381692,11.58%,CHST1;EXTL2,GO_Biological_Process_2025__Glucosamine-Containing Compound Metabolic Process (GO:1901071)
GO:0044788,-0.2451011941458111,-0.5816045459879212,1.0,50.58%,EEA1;PI4KA;PROC;FASN;PAIP1;PTX3;ROCK2,GO_Biological_Process_2025__Modulation by Host of Viral Process (GO:0044788)
GO:0048638,-0.2251905550487352,-0.581378753077594,1.0,12.84%,STAT5B;LIN7C;MYCBP2,GO_Biological_Process_2025__Regulation of Developmental Growth (GO:0048638)
GO:0048699,-0.196908778242155,-0.5813463757007945,1.0,43.74%,TUBGCP2;ACSL3;OPHN1;NIF3L1;TGFB2;CDK5;RTN1;CASP3;AIFM1;MTPN;RTN4;RTN3;ACSL4;PLXNB2,GO_Biological_Process_2025__Generation of Neurons (GO:0048699)
GO:0042339,-0.2735876023647605,-0.5812525337360276,1.0,28.25%,ST3GAL4;GLB1;GNS,GO_Biological_Process_2025__Keratan Sulfate Proteoglycan Metabolic Process (GO:0042339)
GO:0033275,0.2740373040027513,0.5770609126639402,0.9947180792674628,4.00%,MYH7,GO_Biological_Process_2025__Actin-Myosin Filament Sliding (GO:0033275)
GO:0030049,0.2740373040027513,0.5770609126639402,0.9947180792674628,4.00%,MYH7,GO_Biological_Process_2025__Muscle Filament Sliding (GO:0030049)
GO:0140131,-0.2828572536005227,-0.5764733021680527,1.0,31.77%,STK39;S100A7,GO_Biological_Process_2025__Positive Regulation of Lymphocyte Chemotaxis (GO:0140131)
GO:0010898,-0.3070866934102502,-0.5762231811731356,1.0,43.23%,DAGLB;APOA5;ABHD5,GO_Biological_Process_2025__Positive Regulation of Triglyceride Catabolic Process (GO:0010898)
GO:0002429,0.2523425837824938,0.575701080691802,0.994429805686265,6.75%,CR1,GO_Biological_Process_2025__Immune Response-Activating Cell Surface Receptor Signaling Pathway (GO:0002429)
GO:0002694,0.2441164395580675,0.5752676299547248,0.9935702101648446,9.57%,LCK;PLSCR1,GO_Biological_Process_2025__Regulation of Leukocyte Activation (GO:0002694)
GO:0050994,0.1995846313603325,0.5746469863699527,0.9928084626924248,80.10%,RARRES2;ANGPTL3;APOC3;SCARB2;ADRA2A;CLSTN3;APOC1;APOA2;LONP2;APOA5;PRKAA1;BSCL2;ABCD1,GO_Biological_Process_2025__Regulation of Lipid Catabolic Process (GO:0050994)
GO:0010884,-0.2929274297776978,-0.5745916062320081,1.0,11.87%,APOC4,GO_Biological_Process_2025__Positive Regulation of Lipid Storage (GO:0010884)
GO:0045217,-0.2625421765231379,-0.5739939074060583,1.0,6.38%,F2R,GO_Biological_Process_2025__Cell-Cell Junction Maintenance (GO:0045217)
GO:0099175,-0.2579841626847429,-0.5739862105489869,1.0,24.09%,CYFIP2;CDK5,GO_Biological_Process_2025__Regulation of Postsynapse Organization (GO:0099175)
GO:0044344,0.2110216746391442,0.5734745984600353,0.9912685822720332,3.11%,FGFR3,GO_Biological_Process_2025__Cellular Response to Fibroblast Growth Factor Stimulus (GO:0044344)
GO:0071260,-0.2268666673954803,-0.5730180484895762,1.0,38.92%,BAK1;MYD88;PIEZO1;TMEM87A;FADD;SLC9A1;CNN2;FASN;TMEM150C,GO_Biological_Process_2025__Cellular Response to Mechanical Stimulus (GO:0071260)
GO:0032728,-0.2277580375419397,-0.5729446058661211,1.0,20.61%,ISG15;TRIM56;TBK1;DDX3X,GO_Biological_Process_2025__Positive Regulation of Interferon-Beta Production (GO:0032728)
GO:1902993,-0.2443173060936866,-0.5716147765097026,1.0,27.65%,GSK3A;RANBP9;CASP3,GO_Biological_Process_2025__Positive Regulation of Amyloid Precursor Protein Catabolic Process (GO:1902993)
GO:0097530,-0.3009677682417042,-0.5715185058460223,1.0,34.15%,JAM3;IRAK4,GO_Biological_Process_2025__Granulocyte Migration (GO:0097530)
GO:2001222,0.1997923156801662,0.570720467628579,0.9907386977356872,80.07%,SHTN1;COL3A1;RELN;CX3CL1;TNN;CAMK2A;CAMK2B;RAPGEF2;PLAA;SRGAP2;PLXNB2;ARHGEF2;CUL5,GO_Biological_Process_2025__Regulation of Neuron Migration (GO:2001222)
GO:0045597,-0.1712089439074715,-0.5703483619178816,1.0,22.80%,IMPACT;MTOR;TRPM4;RPS6KA3;FES;RIPOR2;PTK2;MTCH2;SMAD3;CAMK1;RRAS;PLCB1;TGFB2;LRG1;IL18,GO_Biological_Process_2025__Positive Regulation of Cell Differentiation (GO:0045597)
GO:1900026,0.164328464027487,0.570055764046084,0.990042195393472,7.60%,CRK;FERMT2;MYOC,GO_Biological_Process_2025__Positive Regulation of Substrate Adhesion-Dependent Cell Spreading (GO:1900026)
GO:0046546,-0.2888548551696234,-0.5699862003121783,1.0,56.79%,TGFB2;LHFPL2;INHBA;CSDE1;KITLG,GO_Biological_Process_2025__Development of Primary Male Sexual Characteristics (GO:0046546)
GO:0035601,-0.2648282885952494,-0.5694975729497385,1.0,43.39%,SIRT3;ABHD17A;HDAC6;SIRT2,GO_Biological_Process_2025__Protein Deacylation (GO:0035601)
GO:0051044,0.2311203319502073,0.5683362897470546,0.9899831442628532,76.93%,APOE;FURIN;GPLD1;ADAM9;ADRA2A;APP;SNX9;NRDC,GO_Biological_Process_2025__Positive Regulation of Membrane Protein Ectodomain Proteolysis (GO:0051044)
GO:0030155,0.1353405443523275,0.5677153412767636,0.9892488611730382,2.63%,TNR;FUT1;CELSR2,GO_Biological_Process_2025__Regulation of Cell Adhesion (GO:0030155)
GO:1903039,0.1876806780202259,0.5661247680518385,0.9890569850289926,7.27%,HLA-DRB3;LCK,GO_Biological_Process_2025__Positive Regulation of Leukocyte Cell-Cell Adhesion (GO:1903039)
GO:0071466,-0.2513003286246626,-0.5660621386914608,1.0,27.28%,FBP1;VAV1;RAP2A,GO_Biological_Process_2025__Cellular Response to Xenobiotic Stimulus (GO:0071466)
GO:0090208,-0.2746307732468799,-0.5643624502735783,1.0,43.23%,DAGLB;APOA5;ABHD5,GO_Biological_Process_2025__Positive Regulation of Triglyceride Metabolic Process (GO:0090208)
GO:0010744,0.2280082987551867,0.5622655782998849,0.9901731246763142,77.24%,LPL;CSF1;MAPK9;CD36;APOB;NFKB1;PF4;IL18,GO_Biological_Process_2025__Positive Regulation of Macrophage Derived Foam Cell Differentiation (GO:0010744)
GO:0010811,-0.1831047759305256,-0.5616893437521643,1.0,11.64%,PDGFB;JAK2;PLEKHA2;DOCK5,GO_Biological_Process_2025__Positive Regulation of Cell-Substrate Adhesion (GO:0010811)
GO:0033044,-0.2632209140998824,-0.5616376723255952,1.0,48.45%,SMG5;UPF1;UCHL5;RUVBL2;RUVBL1,GO_Biological_Process_2025__Regulation of Chromosome Organization (GO:0033044)
GO:0050922,0.2544587308170884,0.5615653598413064,0.9894664751609163,74.59%,ANGPT2;NOTCH1;ELANE;THBS1;CORO1B;DUSP3,GO_Biological_Process_2025__Negative Regulation of Chemotaxis (GO:0050922)
GO:0070613,-0.2743315031480211,-0.5607323025493628,1.0,43.31%,PRNP;BAG2;SERPINE2,GO_Biological_Process_2025__Regulation of Protein Processing (GO:0070613)
GO:0008015,-0.2253712770695367,-0.5607085340317906,1.0,50.85%,ADCY6;GUCY1A1;GUCY1B1;CYB5R3;ROCK1;GPX1;STAT1;ROCK2;GCLM;F5,GO_Biological_Process_2025__Blood Circulation (GO:0008015)
GO:0050853,-0.2393792548568597,-0.5597458062363908,1.0,52.42%,VAV3;NCKAP1L;PLCG2;BAX;TEC;PRKCB;BTK;RFTN1,GO_Biological_Process_2025__B Cell Receptor Signaling Pathway (GO:0050853)
GO:0090128,-0.2901159233056021,-0.5593835419569776,1.0,21.98%,SNX27,GO_Biological_Process_2025__Regulation of Synapse Maturation (GO:0090128)
GO:0002220,-0.2173121530193193,-0.5576815751152765,1.0,31.65%,LBP;MAP3K7;TRAF6;PKN1;PLCG2;FYN;IKBKB,GO_Biological_Process_2025__Innate Immune Response Activating Cell Surface Receptor Signaling Pathway (GO:0002220)
GO:0042744,0.2048862308779598,0.5575230252045752,0.9906023311973126,7.10%,HBD;HBB,GO_Biological_Process_2025__Hydrogen Peroxide Catabolic Process (GO:0042744)
GO:0045747,0.2121212121212121,0.5566881159785557,0.9899514164754322,78.83%,JAG1;BMP2K;IL6ST;POGLUT1;GDF2;SRC;PDCD10;STAT3;TSPAN14;TGFB2,GO_Biological_Process_2025__Positive Regulation of Notch Signaling Pathway (GO:0045747)
GO:0036258,-0.2027951038235844,-0.5562921515341522,1.0,44.18%,VPS28;RAB11A;STAM2;VPS4A;VPS37A;VPS4B;CHMP2B;VPS37B;SNF8;VPS37C;TSG101,GO_Biological_Process_2025__Multivesicular Body Assembly (GO:0036258)
GO:1901163,0.262699564586357,0.554973990032064,0.9898024201355382,73.76%,ARHGDIB;TIMP1;CALR;AGO2;C1QBP,GO_Biological_Process_2025__Regulation of Trophoblast Cell Migration (GO:1901163)
GO:0022409,0.171159340447401,0.5549332226694517,0.988713779524822,14.93%,BMP7;LCK;TJP1;CCL5;PODXL,GO_Biological_Process_2025__Positive Regulation of Cell-Cell Adhesion (GO:0022409)
GO:0038060,-0.2849278570228182,-0.5546017327870264,1.0,29.68%,GUCY1A1;GUCY1B1,GO_Biological_Process_2025__Nitric oxide-cGMP-mediated Signaling (GO:0038060)
GO:0090100,-0.1939412833670923,-0.5543844432015386,1.0,24.32%,FLCN;JAK2;SMAD3;NGLY1;TGFB2;LRG1;CSNK2B,GO_Biological_Process_2025__+ Reg of Transmembrane Receptor Prot Serine/Threonine Kinase Sgnlng Pway (GO:0090100)
GO:0042100,-0.2968444817946923,-0.5537825019098845,1.0,47.35%,CD40LG;CTPS1;HSPD1,GO_Biological_Process_2025__B Cell Proliferation (GO:0042100)
GO:1902476,-0.2607715791864898,-0.5530390150734912,1.0,34.24%,SLC12A2;CLCN3;SLC12A9;ANO6,GO_Biological_Process_2025__Chloride Transmembrane Transport (GO:1902476)
GO:0008090,-0.2810412478128199,-0.5526257379291152,1.0,12.80%,METAP1,GO_Biological_Process_2025__Retrograde Axonal Transport (GO:0008090)
GO:0060047,-0.2475017092988735,-0.5523642905274626,1.0,27.82%,GRK2;TPM1;PIK3CA,GO_Biological_Process_2025__Heart Contraction (GO:0060047)
GO:0033198,-0.2707920892878003,-0.551175977448723,1.0,38.24%,SSH1;P2RY12;P2RY1,GO_Biological_Process_2025__Response to ATP (GO:0033198)
GO:0043408,-0.1647515317977957,-0.5510578504218648,1.0,40.08%,EIF2AK2;PDGFB;TAOK2;F2R;PIK3CB;TRAF7;KSR1;EGF;FGFR2;ATP6AP2;RRAS;SHC1;PKN1;DUSP3;LAMTOR1;STK4;RAP2A;GRAP2;PLCG2;ARHGEF7;TRIM5;JCAD;IGF1R;CCM2;COPS5;IL6R;FASN;PHB2;LYN;PPP3CA;TGFB1;IGF1,GO_Biological_Process_2025__Regulation of MAPK Cascade (GO:0043408)
GO:0045766,0.1398019952579703,0.5501032609477821,0.990166791839301,2.42%,FUT1;ITGAX,GO_Biological_Process_2025__Positive Regulation of Angiogenesis (GO:0045766)
GO:2000147,-0.1596639136882066,-0.5494274325512979,1.0,15.49%,PDGFB;FAM89B;SEMA4C;VIL1;F2R;TRIP6;FER;VSIR;EGF;PTK2;SPHK1;SEMA4B,GO_Biological_Process_2025__Positive Regulation of Cell Motility (GO:2000147)
GO:1902774,-0.2348202991802576,-0.5476508292811086,1.0,33.06%,VPS41;C9ORF72;VPS4A;VPS4B;CHMP2B,GO_Biological_Process_2025__Late Endosome to Lysosome Transport (GO:1902774)
GO:0046464,-0.2405836835197572,-0.545789713325442,1.0,43.35%,DAGLB;APOA5;APOA2;ABHD16A;MGLL;LIPG,GO_Biological_Process_2025__Acylglycerol Catabolic Process (GO:0046464)
GO:0045197,-0.214012905404697,-0.5420307065590929,1.0,42.19%,OPHN1;DLG1;RAP2A;PARD3;ERBIN;LLGL1;SCRIB,GO_Biological_Process_2025__Establishment or Maintenance of Epithelial Cell Apical/Basal Polarity (GO:0045197)
GO:0051254,0.2449585039405001,0.5404847455719862,0.9924509176385504,3.89%,WDR43,GO_Biological_Process_2025__Positive Regulation of RNA Metabolic Process (GO:0051254)
GO:0007188,-0.1872406360503299,-0.540472905020183,1.0,22.39%,GRK5;ADGRL2;GCG;ADCY6;PRKACB;PRKAR1B;GNA14;GNAI1,GO_Biological_Process_2025__Adenylate Cyclase-Modulating G Protein-Coupled Receptor Signaling Pathway (GO:0007188)
GO:0070861,-0.2881877497906621,-0.5385190383054085,1.0,17.03%,TM9SF4,GO_Biological_Process_2025__Regulation of Protein Exit From Endoplasmic Reticulum (GO:0070861)
GO:0015748,-0.2273121726086495,-0.536810674228738,1.0,34.01%,OSBPL2;OSBPL8;PITPNC1;OSBP;EPG5,GO_Biological_Process_2025__Organophosphate Ester Transport (GO:0015748)
GO:0061154,-0.2704339500608608,-0.5334938312221882,1.0,62.63%,CSNK2B;CCM2;CTNNB1;BSG;RHOA,GO_Biological_Process_2025__Endothelial Tube Morphogenesis (GO:0061154)
GO:0030033,-0.2361097987176488,-0.5307409360721953,1.0,47.29%,RAP2C;RAP2B;RAP2A;STK26;MINK1;TNIK,GO_Biological_Process_2025__Microvillus Assembly (GO:0030033)
GO:0010883,-0.2418328995590292,-0.5295117852810376,1.0,62.70%,FTO;C3;NFKB1;ITGB3;CLSTN3;APOB;ITGAV,GO_Biological_Process_2025__Regulation of Lipid Storage (GO:0010883)
GO:0018146,-0.2686692377101859,-0.5292122175250717,1.0,10.56%,ST3GAL4,GO_Biological_Process_2025__Keratan Sulfate Proteoglycan Biosynthetic Process (GO:0018146)
GO:0055010,-0.2373219699741175,-0.5279984786751558,1.0,21.21%,FGFR2;TPM1;TGFB2,GO_Biological_Process_2025__Ventricular Cardiac Muscle Tissue Morphogenesis (GO:0055010)
GO:0043388,-0.2394965445847724,-0.5279834916538669,1.0,43.39%,EGF;TRAF6;NIBAN2;NME1;IGF1;SIRT2,GO_Biological_Process_2025__Positive Regulation of DNA Binding (GO:0043388)
GO:0034394,-0.2243442728862391,-0.5278258970403189,1.0,64.29%,GGA3;GGA1;JAM3;STX4;USP4;FLNA;CTNNB1;MESD;ARF6,GO_Biological_Process_2025__Protein Localization to Cell Surface (GO:0034394)
GO:1903055,-0.2206387768034299,-0.5272738484461812,1.0,22.02%,CLASP1;SMAD3;COLGALT1,GO_Biological_Process_2025__Positive Regulation of Extracellular Matrix Organization (GO:1903055)
GO:0032386,-0.1964308248533552,-0.5263206896733943,1.0,50.99%,DNAJC13;YIPF5;RAB11A;RINT1;METAP2;MLC1;PTPN1;GRIPAP1;RAB11FIP3;SCFD1;LAMP1;USP7;DYNC1H1;SRC,GO_Biological_Process_2025__Regulation of Intracellular Transport (GO:0032386)
GO:2001044,-0.2263090176978912,-0.5258220013261785,1.0,11.31%,PHACTR4,GO_Biological_Process_2025__Regulation of Integrin-Mediated Signaling Pathway (GO:2001044)
GO:0051085,-0.214134543531243,-0.5245526696941831,1.0,16.47%,HSPA2;SDF2L1,GO_Biological_Process_2025__Chaperone Cofactor-Dependent Protein Refolding (GO:0051085)
GO:0044829,-0.2577748290075323,-0.5232963471755422,1.0,24.25%,YTHDC2;PIK3C3,GO_Biological_Process_2025__Positive Regulation by Host of Viral Genome Replication (GO:0044829)
GO:0050680,-0.1968115314189209,-0.5226839473556241,1.0,31.46%,KRIT1;FGFR2;TGFB2;APOH;MTSS1;CASK,GO_Biological_Process_2025__Negative Regulation of Epithelial Cell Proliferation (GO:0050680)
GO:0003159,-0.2787172251841224,-0.5225912545305448,1.0,36.91%,CSNK2B;CCM2,GO_Biological_Process_2025__Morphogenesis of an Endothelium (GO:0003159)
GO:0046931,-0.2427834619137547,-0.5221606597530446,1.0,52.44%,FXR1;AFDN;ANO6;RTN4;NUP107;TSPAN33,GO_Biological_Process_2025__Pore Complex Assembly (GO:0046931)
GO:0002283,-0.2465477508320734,-0.5189087161066119,1.0,39.29%,STXBP3;VAMP7;STXBP2,GO_Biological_Process_2025__Neutrophil Activation Involved in Immune Response (GO:0002283)
GO:0051262,-0.1905485379246432,-0.5165363462432118,1.0,32.52%,TRPM4;OSBPL2;ITPR1;GOLGA2;HSD17B8;SOD2;DNM1;SSBP1;APPL2,GO_Biological_Process_2025__Protein Tetramerization (GO:0051262)
GO:0045649,-0.2451091529491872,-0.5129701191855748,1.0,23.22%,RIPK1;FADD,GO_Biological_Process_2025__Regulation of Macrophage Differentiation (GO:0045649)
GO:0008406,0.2119892138560463,0.5119305352884321,1.0,78.83%,KIT;BASP1;KITLG;CSDE1;INHBA;NUP107;TGFB2,GO_Biological_Process_2025__Gonad Development (GO:0008406)
GO:0010837,0.2166375613610267,0.5101236466797304,1.0,3.56%,EPPK1,GO_Biological_Process_2025__Regulation of Keratinocyte Proliferation (GO:0010837)
GO:0098761,-0.2700934230529024,-0.5100587979035377,1.0,28.36%,JAK3;STAT5A,GO_Biological_Process_2025__Cellular Response to Interleukin-7 (GO:0098761)
GO:0038111,-0.2700934230529024,-0.5100587979035377,1.0,28.36%,JAK3;STAT5A,GO_Biological_Process_2025__Interleukin-7-Mediated Signaling Pathway (GO:0038111)
GO:0006929,-0.2269369329126068,-0.5097655755746506,1.0,8.49%,OPHN1,GO_Biological_Process_2025__Substrate-Dependent Cell Migration (GO:0006929)
GO:0030183,-0.2030366961608001,-0.5096896046727103,1.0,30.74%,PIK3R1;JAK3;PLCG2;SLC25A5,GO_Biological_Process_2025__B Cell Differentiation (GO:0030183)
GO:0006636,-0.2492366032350944,-0.5096221602804281,1.0,21.19%,DECR2;TBXAS1,GO_Biological_Process_2025__Unsaturated Fatty Acid Biosynthetic Process (GO:0006636)
GO:0043691,0.1781931464174454,0.5092803697995413,1.0,82.23%,APOA4;APOC3;APOE;LIPC;CLU;APOA1;APOC2;CETP;LCAT;LIPG;APOA2;APOM;CES1,GO_Biological_Process_2025__Reverse Cholesterol Transport (GO:0043691)
GO:0098661,-0.2194319278238337,-0.5075516210313519,1.0,57.08%,SLC12A2;CLCN3;SLC37A1;SLC12A9;ANO6;SLC37A4;ANO10;SLC25A3;APOL1;SLC25A10,GO_Biological_Process_2025__Inorganic Anion Transmembrane Transport (GO:0098661)
GO:0046850,0.2220509409783207,0.5066253479558889,1.0,16.14%,SUCO;CSF1R;LEP,GO_Biological_Process_2025__Regulation of Bone Remodeling (GO:0046850)
GO:0030334,-0.1400513443649753,-0.5060100642411841,1.0,15.49%,PTEN;PDGFB;FAM89B;RBBP4;SEMA4C;VIL1;OGT;SERPINE1;F2R;RAP2C;TRIP6;FER;PLXNB3;VSIR;EGF;PTK2;SPHK1;PLXNA4;SEMA4B,GO_Biological_Process_2025__Regulation of Cell Migration (GO:0030334)
GO:0045833,-0.2346873999021139,-0.5049236461600116,1.0,58.70%,BSCL2;PRKAA1;APOA2;APOC1;APOD;ADRA2A;APOC2,GO_Biological_Process_2025__Negative Regulation of Lipid Metabolic Process (GO:0045833)
GO:0045765,0.1185086170236251,0.5043967073947409,1.0,8.06%,CEMIP2;ITGAX;STAB1;THBS4;GRN;ATP2B4,GO_Biological_Process_2025__Regulation of Angiogenesis (GO:0045765)
GO:0034695,0.2237660721692244,0.5027726177937454,0.9996480727253982,77.65%,TGFBR3;GNG2;GNB1;GNAQ;GNAS;GNAI1,GO_Biological_Process_2025__Response to Prostaglandin E (GO:0034695)
GO:1900102,0.1920152188570128,0.5024046975729148,0.9986460466132884,8.41%,WFS1;RACK1,GO_Biological_Process_2025__Negative Regulation of Endoplasmic Reticulum Unfolded Protein Response (GO:1900102)
GO:0019731,0.1714289013638781,0.5002611894568623,0.99816502039326,56.96%,JCHAIN;CTSG;B2M;FGA;RNASE4;HLA-E;HLA-A;FGB;APP;DMBT1;BPIFA1;ANG,GO_Biological_Process_2025__Antibacterial Humoral Response (GO:0019731)
GO:0010755,-0.218967669389427,-0.4999894931819067,1.0,28.38%,SERPINE1;F12;PLGRKT,GO_Biological_Process_2025__Regulation of Plasminogen Activation (GO:0010755)
GO:0002526,-0.2132351805875182,-0.4962620835710774,1.0,37.28%,LBP;ITIH4;SIGIRR;ANO6;IL6R,GO_Biological_Process_2025__Acute Inflammatory Response (GO:0002526)
GO:0070293,0.2293219208180553,0.4940801595188497,0.9987214867338082,7.10%,HBB,GO_Biological_Process_2025__Renal Absorption (GO:0070293)
GO:0002821,0.2320132697491189,0.4940100375790331,0.997643851603574,76.82%,CD81;IL6ST;PYCARD;SASH3;FADD,GO_Biological_Process_2025__Positive Regulation of Adaptive Immune Response (GO:0002821)
GO:0048639,-0.1904134886023906,-0.4922501787618324,1.0,21.13%,ITSN2;MACF1;PLCB1,GO_Biological_Process_2025__Positive Regulation of Developmental Growth (GO:0048639)
GO:0008089,-0.1867652573811926,-0.4906990639147058,1.0,50.41%,METAP1;RAB21;AP3M1;SPAST;BLOC1S1;DTNBP1;KIF1B;RAB27B;BLOC1S5;BLOC1S2;AP3S1,GO_Biological_Process_2025__Anterograde Axonal Transport (GO:0008089)
GO:0010001,-0.2268102683811819,-0.4906241158390985,1.0,38.79%,EIF2B5;CDK5;STAT3;SLC8A3,GO_Biological_Process_2025__Glial Cell Differentiation (GO:0010001)
GO:0010952,-0.248735432393621,-0.490573360105354,1.0,12.39%,VSIR,GO_Biological_Process_2025__Positive Regulation of Peptidase Activity (GO:0010952)
GO:0032212,-0.2066463424611879,-0.4884398736334095,1.0,57.81%,TCP1;CCT6A;CCT4;CCT3;CCT7;CCT2;CCT8;HSP90AA1;CCT5;CTNNB1,GO_Biological_Process_2025__Positive Regulation of Telomere Maintenance via Telomerase (GO:0032212)
GO:0002040,-0.1821502615104811,-0.4862098159161509,1.0,52.94%,EHD4;RECK;MICALL1;ANGPT1;NAXE;TGFB1;RNF213;AKT1;CTNND1;PACSIN2,GO_Biological_Process_2025__Sprouting Angiogenesis (GO:0002040)
GO:1903573,-0.2018825238068476,-0.4854222853070718,1.0,47.45%,USP25;TXNDC12;BCL2L1;PTPN1;SGTA;LPCAT3,GO_Biological_Process_2025__Negative Regulation of Response to Endoplasmic Reticulum Stress (GO:1903573)
GO:0010596,-0.1903762369780057,-0.4852439595278093,1.0,30.36%,KRIT1;APOH;CSNK2B;STC1,GO_Biological_Process_2025__Negative Regulation of Endothelial Cell Migration (GO:0010596)
GO:0046456,-0.2104429316603983,-0.4824265782776858,1.0,39.19%,PLA2G4A;TBXAS1;MGST3;PTGES2;LTA4H,GO_Biological_Process_2025__Icosanoid Biosynthetic Process (GO:0046456)
GO:0007517,0.1645543320174526,0.4813784542589334,0.9982299074903068,83.60%,TAGLN;ITGA11;COL6A3;LAMA2;ITGB1BP2;LMNA;MSTN;ITGA7;SMTN;EMD;CFH;IGF1;UTRN;UNC13D;FXR1,GO_Biological_Process_2025__Muscle Organ Development (GO:0007517)
GO:0048814,0.1758355823126425,0.4806915106377603,0.9972673858914004,82.46%,SEMA4D;NEDD4L;CAPRIN1;YWHAH;CUL7;RAPGEF2;CUX1;GSK3B;TNIK;RAP2A;NEDD4,GO_Biological_Process_2025__Regulation of Dendrite Morphogenesis (GO:0048814)
GO:0042177,-0.1803090965065483,-0.4790417682544823,1.0,8.49%,IRAK3;OPHN1,GO_Biological_Process_2025__Negative Regulation of Protein Catabolic Process (GO:0042177)
GO:0072132,-0.2446372037226631,-0.4783861268666538,1.0,31.92%,TGFB2;PROC,GO_Biological_Process_2025__Mesenchyme Morphogenesis (GO:0072132)
GO:0003203,-0.2446372037226631,-0.4783861268666538,1.0,31.92%,TGFB2;PROC,GO_Biological_Process_2025__Endocardial Cushion Morphogenesis (GO:0003203)
GO:0032509,-0.2002500043063362,-0.4777143610696099,1.0,6.11%,LYST,GO_Biological_Process_2025__Endosome Transport via Multivesicular Body Sorting Pathway (GO:0032509)
GO:0045687,-0.2407454103154599,-0.4756839266581081,1.0,43.31%,CXCR4;TGFB1;SERPINE2,GO_Biological_Process_2025__Positive Regulation of Glial Cell Differentiation (GO:0045687)
GO:0071875,-0.2452972934070757,-0.474593395017691,1.0,57.77%,AKAP13;GNAS;RAPGEF2;ADRA2A,GO_Biological_Process_2025__Adrenergic Receptor Signaling Pathway (GO:0071875)
GO:0071763,-0.1815408199236383,-0.471232736268089,1.0,48.05%,LEMD2;TMEM43;VPS4A;TOR1A;SPAST;VPS4B;CHMP2B;DCTN1;TOR1B;TOR1AIP1;TARDBP,GO_Biological_Process_2025__Nuclear Membrane Organization (GO:0071763)
GO:0090382,-0.2181472526845868,-0.4705519159550657,1.0,27.01%,PIKFYVE;RAB31;RAB38,GO_Biological_Process_2025__Phagosome Maturation (GO:0090382)
GO:0045214,-0.2422107585135111,-0.4702899776677501,1.0,17.71%,TPM1,GO_Biological_Process_2025__Sarcomere Organization (GO:0045214)
GO:0090288,0.1397961306428125,0.4670426391255125,0.9975773407933056,86.08%,ATP2B4;CHRDL2;VWC2;NOTCH1;FSTL3;RBPMS2;SORL1;CHRDL1;HGS;SPART;TNFAIP6;CHRD;GPC1;THBS1;MMRN2;MMRN1;EMILIN1;PTPN1;CASK;NEDD4;PDCD6,GO_Biological_Process_2025__Negative Regulation of Cellular Response to Growth Factor Stimulus (GO:0090288)
GO:0010756,-0.2400275852759812,-0.4668563347458705,1.0,28.38%,F12;PLGRKT,GO_Biological_Process_2025__Positive Regulation of Plasminogen Activation (GO:0010756)
GO:0046942,-0.2092359194690478,-0.4662677365043556,1.0,7.71%,ABCC1,GO_Biological_Process_2025__Carboxylic Acid Transport (GO:0046942)
GO:0071223,-0.249176437685611,-0.4657936869314029,1.0,12.43%,LBP,GO_Biological_Process_2025__Cellular Response to Lipoteichoic Acid (GO:0071223)
GO:0070391,-0.249176437685611,-0.4657936869314029,1.0,12.43%,LBP,GO_Biological_Process_2025__Response to Lipoteichoic Acid (GO:0070391)
GO:1904018,-0.1552574148242566,-0.4653581860405323,1.0,55.26%,SERPINE1;PDCD6;SPHK1;PIK3R6;RRAS;LRG1;CXCR4;STIM1;PDPK1;RTN4;TGFB1;EMILIN1;PDCL3;AGO2;EMC10;PRKCB;MTDH;CTSH;MYDGF;PRKCA;ANGPTL4,GO_Biological_Process_2025__Positive Regulation of Vasculature Development (GO:1904018)
GO:0008584,-0.247975625175713,-0.4649486725093401,1.0,56.79%,TGFB2;INHBA;CSDE1;KITLG,GO_Biological_Process_2025__Male Gonad Development (GO:0008584)
GO:2000434,-0.1981679750221011,-0.4641475476399501,1.0,54.68%,COPS2;COPS7B;COPS3;COPS7A;COPS5;COPS4;COPS8;GPS1;COPS6;DCUN1D1,GO_Biological_Process_2025__Regulation of Protein Neddylation (GO:2000434)
GO:0006491,-0.1930487916434701,-0.4623406313022439,1.0,49.77%,FUT8;MGAT4B;MAN2A2;MAN1A1;MAN2A1;HEXA,GO_Biological_Process_2025__N-glycan Processing (GO:0006491)
GO:0010880,-0.2127844391245151,-0.4621605655726798,1.0,25.64%,CAMK2D;GSTM2,GO_Biological_Process_2025__Regulation of Release of Sequestered Calcium Ion Into Cytosol by Sarcoplasmic Reticulum (GO:0010880)
GO:0007167,-0.1560610307515271,-0.4606851141224817,0.9998329123622388,40.31%,JAK2;PIK3CB;JAK3;YES1;MTSS1;FYN;DOK3;FGR;CRKL;LYN;CASS4;GP6,GO_Biological_Process_2025__Enzyme-Linked Receptor Protein Signaling Pathway (GO:0007167)
GO:0043162,-0.1670914623074407,-0.458686959505078,0.9997108166283026,44.18%,VPS28;NEDD4;STAM2;VPS4A;VPS37A;VPS4B;CHMP2B;VPS37B;PTPN23;SNF8;VPS37C;TSG101,GO_Biological_Process_2025__Ub-dep Prot Cat Proc via Multivsiclr Bdy Sorting Pway (GO:0043162)
GO:1904062,-0.2067607397656904,-0.4579763884283162,0.999372780798228,18.43%,DLG1;KCNAB2,GO_Biological_Process_2025__Regulation of Monoatomic Cation Transmembrane Transport (GO:1904062)
GO:0045773,-0.2123897145830121,-0.4559509450054489,0.9992372658970188,37.55%,MACF1;FYCO1;ZFYVE27,GO_Biological_Process_2025__Positive Regulation of Axon Extension (GO:0045773)
GO:0035633,-0.1825693949753838,-0.4548898508155901,0.998953391295318,8.76%,SLC12A2,GO_Biological_Process_2025__Maintenance of Blood-Brain Barrier (GO:0035633)
GO:1901201,-0.2135897343369485,-0.4379832987852587,1.0,40.45%,SMAD3;TGFB1;EMILIN1,GO_Biological_Process_2025__Regulation of Extracellular Matrix Assembly (GO:1901201)
GO:0106057,0.1957693902944836,0.4375568906377735,0.9987832640088468,80.45%,ATP2B4;FHL2;CHORDC1;GSK3B;HOMER2;PRNP,GO_Biological_Process_2025__Negative Regulation of Calcineurin-Mediated Signaling (GO:0106057)
GO:0070885,0.1957693902944836,0.4375568906377735,0.9987832640088468,80.45%,ATP2B4;FHL2;CHORDC1;GSK3B;HOMER2;PRNP,GO_Biological_Process_2025__Negative Regulation of calcineurin-NFAT Signaling Cascade (GO:0070885)
GO:0060998,0.185646131507986,0.4373121198816216,0.9977019826083342,81.46%,PTPRS;SHANK3;ARF6;CAMK2B;FMR1;NLGN1;CAMK1,GO_Biological_Process_2025__Regulation of Dendritic Spine Development (GO:0060998)
GO:0002315,-0.2206375839423145,-0.4340326016051305,1.0,40.95%,DOCK11;DOCK10;NOTCH2,GO_Biological_Process_2025__Marginal Zone B Cell Differentiation (GO:0002315)
GO:0002313,-0.2206375839423145,-0.4340326016051305,1.0,40.95%,DOCK11;DOCK10;NOTCH2,GO_Biological_Process_2025__Mature B Cell Differentiation Involved in Immune Response (GO:0002313)
GO:1900746,-0.1770775225906342,-0.4303612873892197,1.0,7.97%,PIK3CB,GO_Biological_Process_2025__Regulation of Vascular Endothelial Growth Factor Signaling Pathway (GO:1900746)
GO:0010896,-0.2040954217028471,-0.4266161282465761,1.0,43.23%,DAGLB;APOA5;ABHD5,GO_Biological_Process_2025__Regulation of Triglyceride Catabolic Process (GO:0010896)
GO:0002697,-0.1992506561294952,-0.4201220760467129,1.0,50.29%,S100A9;PHB2;CD59;CFH,GO_Biological_Process_2025__Regulation of Immune Effector Process (GO:0002697)
GO:0150117,-0.1713519907483318,-0.4133755117124655,1.0,29.20%,PIK3R1;DUSP3;TSC1,GO_Biological_Process_2025__Positive Regulation of Cell-Substrate Junction Organization (GO:0150117)
GO:0008593,-0.1528780389279543,-0.4112613754786571,0.9999219838918884,53.04%,POFUT1;EGFL7;TGFB2;TSPAN14;STAT3;LLGL1;PDCD10;RFNG;MMP14;AKT1;SRC;SYNJ2BP,GO_Biological_Process_2025__Regulation of Notch Signaling Pathway (GO:0008593)
GO:0050891,-0.2186607021647386,-0.410120770691128,0.9995502824407118,54.95%,PRKACB;GNAS;BPIFA1;PRKCA,GO_Biological_Process_2025__Multicellular Organismal-Level Water Homeostasis (GO:0050891)
GO:0051055,-0.1758540633755522,-0.3921270314902073,1.0,47.18%,UBR4;ERLIN2;APOC1;ACADVL,GO_Biological_Process_2025__Negative Regulation of Lipid Biosynthetic Process (GO:0051055)
GO:0044794,-0.1683453432230085,-0.3882556618629281,0.9997970687710566,31.92%,YTHDC2;PIK3C3;PROC,GO_Biological_Process_2025__Positive Regulation by Host of Viral Process (GO:0044794)
GO:0006936,-0.130676988259885,-0.3499318488393635,1.0,57.10%,MYH11;TPM1;MYL6;SNTB1;UTRN;SLMAP;MYL6B;MYLK;ROCK1;TMOD3;TPM4;ROCK2;TTR;EMD;SMTN,GO_Biological_Process_2025__Muscle Contraction (GO:0006936)
GO:2000181,-0.1100530960604543,-0.3129317208728892,0.999978496455637,53.04%,KRIT1;TGFB2;SHC1;APOH;NAXE;ISM1;EMILIN1;SPARC;ROCK1;PF4;STAT1;RELA;ROCK2;PTPN6;SARS1;SYNJ2BP,GO_Biological_Process_2025__Negative Regulation of Blood Vessel Morphogenesis (GO:2000181)
