term,ES,NES,fdr,Gene %,Genes,description
GO:0032375,-0.8408313601683768,-2.5667006328892765,0.0090848949470578,16.10%,SHH;ADIPOQ;APOC1;APOA2;APOC3;APOE;APOC2,GO_Biological_Process_2025__Negative Regulation of Cholesterol Transport (GO:0032375)
GO:0043691,-0.5546738666177885,-2.2265034603446168,0.0874421138654317,26.34%,APOA4;APOA1;LCAT;APOA2;APOC3;APOE;APOM;APOC2;CES1;LIPC;CETP;CLU,GO_Biological_Process_2025__Reverse Cholesterol Transport (GO:0043691)
GO:0033081,-0.7743886405469367,-2.0356339128699448,0.2528629093597767,22.69%,SHH;VNN1;IHH;SOD1;CLPTM1,GO_Biological_Process_2025__Regulation of T Cell Differentiation in Thymus (GO:0033081)
GO:0006936,0.6284103307309488,2.0250456332263687,0.2933981863029657,23.06%,ROCK2;TMOD3;ASPH;EMD;ROCK1;UTRN;SLMAP;TPM1;TPM4;MYH7;MYLK;SMTN;SNTB1;TPM3,GO_Biological_Process_2025__Muscle Contraction (GO:0006936)
GO:0035329,0.8975570215544325,2.0236146083771405,0.1516218815122709,4.28%,STK24;STK4;FAT4;DCHS1,GO_Biological_Process_2025__Hippo Signaling (GO:0035329)
GO:0001732,0.688151739304166,2.0176278421472404,0.1119113887352475,21.95%,EIF3J;EIF3D;EIF3F;EIF5;EIF3I;EIF3K;EIF3G;EIF3E;EIF3H;EIF3M,GO_Biological_Process_2025__Formation of Cytoplasmic Translation Initiation Complex (GO:0001732)
GO:0030239,0.6836273239621684,2.003395824616149,0.0832935790645332,14.08%,TMOD3;MYL9;FLII;BMP10;PDGFRA;TPM1;PDGFRB;ACTN2,GO_Biological_Process_2025__Myofibril Assembly (GO:0030239)
GO:1902991,0.7034074292600012,1.995653448555435,0.0764673125375738,9.43%,SORL1;ROCK2;FLOT2;LYN;ROCK1;APP,GO_Biological_Process_2025__Regulation of Amyloid Precursor Protein Catabolic Process (GO:1902991)
GO:0042274,-0.327706802022409,-1.989856713970875,0.2073627271665953,41.81%,RPS9;RPS16;RPS25;RPS7;RPS13;RPS27;RPS28;RPS17;RPS4X;NOP56;RIOK3;RPS8;RPS14;RPS6;RPS15A;NPM1;WDR43;RPS23;RPS5;RPS19;NOP58;RPS24;RPSA,GO_Biological_Process_2025__Ribosomal Small Subunit Biogenesis (GO:0042274)
GO:0051127,0.7874479286817515,1.9829120375351108,0.0784833115805632,8.51%,CYFIP1;NCKAP1;WASF2;BRK1;WASF1,GO_Biological_Process_2025__Positive Regulation of Actin Nucleation (GO:0051127)
GO:1903530,0.6402554565906818,1.97765386277725,0.0740879648298596,18.01%,RAB33B;SEPTIN5;NSF;RAB37;VAMP8;RAB21;STX4;STXBP5;RALA;VAMP3,GO_Biological_Process_2025__Regulation of Secretion by Cell (GO:1903530)
GO:0048705,0.7242033207028372,1.9562179512548776,0.0920014446982827,14.18%,FGFR2;RAB33B;LRP5;LAMA5;PDGFRA;FGFR3;FGFR1,GO_Biological_Process_2025__Skeletal System Morphogenesis (GO:0048705)
GO:0000338,0.7294559990371523,1.946087195598992,0.0957974615009348,19.75%,COPS4;COPS5;COPS6;COPS7A;COPS7B;GPS1;TOR1A;COPS3,GO_Biological_Process_2025__Protein Deneddylation (GO:0000338)
GO:0070646,0.5574209139193106,1.9242879569030424,0.1185944468735294,26.52%,COPS4;COPS5;USP15;COPS6;USP47;COPS7A;PSMD14;COPS2;USP5;COPS7B;GPS1;UCHL3;HINT1;TOR1A;COPS3;BRCC3;USP9X;USP4;OTUB1,GO_Biological_Process_2025__Protein Modification by Small Protein Removal (GO:0070646)
GO:0001516,0.7037878371202553,1.9191300375210312,0.1161778053145971,2.89%,TBXAS1;PTGS1;PLA2G4A;PTGES3,GO_Biological_Process_2025__Prostaglandin Biosynthetic Process (GO:0001516)
GO:1903320,0.6306303374772091,1.903854376436208,0.1326123449190741,21.80%,COPS4;COPS5;COPS6;COPS7A;COPS7B;GPS1;CTNNB1;COPS3;HSP90AA1;HSP90AB1,GO_Biological_Process_2025__Regulation of Protein Modification by Small Protein Conjugation or Removal (GO:1903320)
GO:2000601,0.7914932283143234,1.902191769433183,0.1257420798441282,8.51%,CYFIP1;NCKAP1;WASF2;BRK1;WASF1,GO_Biological_Process_2025__Positive Regulation of Arp2/3 Complex-Mediated Actin Nucleation (GO:2000601)
GO:0045833,-0.5828090656361201,-1.89816321964564,0.3196747409495979,16.10%,CEACAM1;APOC1;APOD;APOA2;APOC3;APOE;APOC2,GO_Biological_Process_2025__Negative Regulation of Lipid Metabolic Process (GO:0045833)
GO:1902003,0.5850354871219052,1.89248447193776,0.1348187639074478,23.50%,SORL1;ROCK2;ROCK1;RTN1;RTN3;RELA;RTN2;NTRK2;RTN4;PICALM;CASP3,GO_Biological_Process_2025__Regulation of Amyloid-Beta Formation (GO:1902003)
GO:0007218,0.7582729205643123,1.8924719720780523,0.1263925911632323,18.75%,SORL1;GNAQ;CPE;RELA;NTS;SORT1,GO_Biological_Process_2025__Neuropeptide Signaling Pathway (GO:0007218)
GO:0031639,-0.7252169339994742,-1.8829489194622635,0.3036950596587908,27.60%,KLKB1;PGK1;FGB;FGG;FGA,GO_Biological_Process_2025__Plasminogen Activation (GO:0031639)
GO:2000434,0.6567434903938665,1.856349047434972,0.1671157101425405,19.75%,COPS4;COPS5;COPS6;COPS7A;COPS2;COPS7B;GPS1;COPS3,GO_Biological_Process_2025__Regulation of Protein Neddylation (GO:2000434)
GO:0097320,0.7323637624694341,1.855490518135396,0.1608767236305524,16.86%,PACSIN2;SNX9;FNBP1L;CAVIN2;CHMP4B;EHD2,GO_Biological_Process_2025__Plasma Membrane Tubulation (GO:0097320)
GO:0034067,0.6543643996243776,1.8466868438988795,0.171313034955423,12.47%,SORL1;RAB33B;RAB6B;VPS13C;RAB6A;VPS13A;BICD2,GO_Biological_Process_2025__Protein Localization to Golgi Apparatus (GO:0034067)
GO:0090316,0.5273263110019347,1.843788914301981,0.1691649091252609,25.24%,SORL1;HCLS1;MAVS;ASPH;EMD;IPO5;PRKCD;CAMK1;YWHAE;ANP32B;GAS6;TGFB1;TMEM30A;PDCD10;ZPR1;FLNA,GO_Biological_Process_2025__Positive Regulation of Intracellular Protein Transport (GO:0090316)
GO:0120039,0.5452390811165567,1.84071605162716,0.1680597139517717,39.26%,PPP1R12A;NCKAP1;SNX2;DNM2;WASF1;CTTN;TNIK;DBNL;NCKAP1L;TAOK3;SNX1;NRXN1;PLXNB1;PKN1;EPB41L3;PPP1R12C;MINK1;MAP1S;MAP4K4;MYO9B,GO_Biological_Process_2025__Plasma Membrane Bounded Cell Projection Morphogenesis (GO:0120039)
GO:0051873,-0.6622830089426618,-1.8371977852414232,0.3520396791984915,33.90%,CFHR2;CFHR1;CFHR5;PF4;GAPDH;DCD,GO_Biological_Process_2025__Killing by Host of Symbiont Cells (GO:0051873)
GO:0036465,0.6135037595986299,1.835500279413624,0.1710258723010436,28.97%,AP2B1;AP3D1;AP2M1;GIT1;CANX;STON2;SNCA;AP2S1;PIP5K1C;AP3S1;RAB5A,GO_Biological_Process_2025__Synaptic Vesicle Recycling (GO:0036465)
GO:0045116,0.6620014046744922,1.825449691645704,0.1640695035102634,19.75%,COPS4;COPS5;COPS6;COPS7A;NAE1;GPS1;UBA3;COPS3,GO_Biological_Process_2025__Protein Neddylation (GO:0045116)
GO:1990776,0.8117265655590912,1.8245805689066537,0.1603131492389035,8.90%,ROCK2;ROCK1;PRKCD;RELA,GO_Biological_Process_2025__Response to Angiotensin (GO:1990776)
GO:0010875,-0.5856353591160222,-1.8194695762481696,0.3530491119703868,41.57%,ADIPOQ;APOA1;APOE;PLTP;CES1;PON1;NFKB1,GO_Biological_Process_2025__Positive Regulation of Cholesterol Efflux (GO:0010875)
GO:0007264,0.465624740882702,1.8170499043848105,0.1684906362952378,19.01%,ROCK2;ARHGAP6;CYFIP1;WAS;NUCB2;CELSR1;NCKAP1;ROCK1;GRAP2;DOK3;GNA13;BRK1;RAP2B;RAP1A;RAB18;WASF1;DOK2;DBNL;G3BP2;PRKCSH;BCR;RHOA;ARHGEF7;DOK1;VAV1;ARHGAP4;RRAS;RALA;ARHGEF1,GO_Biological_Process_2025__Small GTPase-mediated Signal Transduction (GO:0007264)
GO:0007266,0.5749271058290044,1.812452642457986,0.1719482334535892,19.01%,ROCK2;ARHGAP6;WAS;CELSR1;ROCK1;GNA13;RHOA;ARHGEF7;ARHGAP4;ARHGEF1,GO_Biological_Process_2025__Rho Protein Signal Transduction (GO:0007266)
GO:0070301,0.679608302660424,1.808566055628096,0.1738051965630719,18.36%,PPIF;PRKCD;RELA;FYN;HDAC6;MAP3K5,GO_Biological_Process_2025__Cellular Response to Hydrogen Peroxide (GO:0070301)
GO:0007193,0.6909094574403412,1.791220915078585,0.198851692197243,25.24%,GNAI2;AKAP12;APP;PRKCA;GNAI3;FLNA,GO_Biological_Process_2025__Adenylate Cyclase-Inhibiting G Protein-Coupled Receptor Signaling Pathway (GO:0007193)
GO:0019682,-0.6807783328950828,-1.7902201548564989,0.3800892923475326,32.04%,SHPK;TKT;TPI1;RPIA;TALDO1,GO_Biological_Process_2025__Glyceraldehyde-3-Phosphate Metabolic Process (GO:0019682)
GO:1902993,0.6794466354438622,1.7871559717259786,0.2021718854227627,23.50%,ROCK2;LYN;RELA;APP;PICALM;CASP3,GO_Biological_Process_2025__Positive Regulation of Amyloid Precursor Protein Catabolic Process (GO:1902993)
GO:1900120,0.7457765446810559,1.781406712065784,0.2095740400484365,1.81%,ATP2A3;ATP2A2,GO_Biological_Process_2025__Regulation of Receptor Binding (GO:1900120)
GO:0072583,0.560737456785001,1.774582621351624,0.2143226595812551,28.23%,CLTA;AP2B1;FNBP1L;AP2M1;CLTC;DNM1;CANX;STON2;AP2S1;PICALM;CLTB;PIP5K1C,GO_Biological_Process_2025__Clathrin-Dependent Endocytosis (GO:0072583)
GO:1902992,0.5790278473466098,1.7715349445191144,0.2153151893803128,22.16%,SORL1;FLOT2;ROCK1;RTN1;RTN3;RTN2;NTRK2;RTN4,GO_Biological_Process_2025__Negative Regulation of Amyloid Precursor Protein Catabolic Process (GO:1902992)
GO:0048013,0.5806605776805404,1.767614831633589,0.2086559009494006,24.76%,LYN;KALRN;EFNB1;NCK2;FYN;PTK2;ARHGEF7;PKN1;PTPN11,GO_Biological_Process_2025__Ephrin Receptor Signaling Pathway (GO:0048013)
GO:0006816,0.4973529574737513,1.767406831450674,0.2041010951072761,21.01%,ATP2A3;CDH23;STIM1;ATP2A2;ASPH;ANO6;COPS2;ITPR1;FYN;ATP2C1;GAS6;P2RX1;LETM1,GO_Biological_Process_2025__Calcium Ion Transport (GO:0006816)
GO:0051276,-0.6826189850118328,-1.7651991027561251,0.4027292635053711,31.85%,NUP133;BANF1;H1-5;TOP2B;NAA10,GO_Biological_Process_2025__Chromosome Organization (GO:0051276)
GO:0007009,0.4974205380340575,1.7635948507822878,0.2076297872716,31.46%,PACSIN2;SPTBN1;FLOT1;SYTL4;ANO6;COL5A1;SNX9;NSF;FNBP1L;CAVIN2;STX4;CHMP4B;BIN2;EHD2;MYH9;CHMP5;EPB41L3;VPS4A;VPS4B;ARL8B,GO_Biological_Process_2025__Plasma Membrane Organization (GO:0007009)
GO:0035330,0.5704851009088713,1.755951214754596,0.2194688446536204,38.66%,STK24;STK4;SLMAP;STRN3;YWHAE;STRN4;VCP;PPP2R1A;MAP2K3;MOB4;MAPK14;MAP4K4;SRC,GO_Biological_Process_2025__Regulation of Hippo Signaling (GO:0035330)
GO:0031638,-0.3622573142660966,-1.739263955460349,0.4338983680443773,42.04%,F12;KLKB1;HGFAC;MMP14;HPR;PGK1;FGB;FGG;C1RL;FGA;FURIN;THBD;C1R;PRSS3;CTSH;KLK1,GO_Biological_Process_2025__Zymogen Activation (GO:0031638)
GO:1903779,0.723337550138541,1.7382169757613215,0.2578684963946697,13.94%,ATP2A3;ATP2A2;PRKCA,GO_Biological_Process_2025__Regulation of Cardiac Conduction (GO:1903779)
GO:0034374,-0.6028406102051551,-1.7175769959837854,0.4580010019944643,39.84%,PLA2G7;APOB;APOA2;LIPC;CETP;MPO,GO_Biological_Process_2025__Low-Density Lipoprotein Particle Remodeling (GO:0034374)
GO:0002090,0.5930451272712087,1.7141037908422767,0.3230815527167386,9.82%,ARAP1;FLOT1;CD63;SDCBP;EGF;ANGPT1,GO_Biological_Process_2025__Regulation of Receptor Internalization (GO:0002090)
GO:0016601,0.6134117276665798,1.7115584127099337,0.3244527762122702,9.59%,CYFIP1;NCKAP1;BRK1;WASF1;DBNL,GO_Biological_Process_2025__Rac Protein Signal Transduction (GO:0016601)
GO:0002283,0.6310908175374421,1.7115576103305827,0.3178312909834484,15.55%,FCER1G;DNASE1;VAMP7;VAMP8;STXBP3,GO_Biological_Process_2025__Neutrophil Activation Involved in Immune Response (GO:0002283)
GO:0016079,0.7188321935823251,1.706863427874695,0.3255538398756331,28.23%,STX11;SNAP23;SNAP29;SNCA;SNAPIN;PIP5K1C,GO_Biological_Process_2025__Synaptic Vesicle Exocytosis (GO:0016079)
GO:0006754,0.5736889365945237,1.7055486722414657,0.3229542215200891,24.58%,ATP5PB;ATP5PD;ATP5MG;ATP5F1C;ATP5MK;ATP5PF;ATP5MF;TGFB1;ATP5ME;ATP5MJ,GO_Biological_Process_2025__ATP Biosynthetic Process (GO:0006754)
GO:0046824,0.5152452661815663,1.681464068607894,0.3627835927776516,25.24%,HCLS1;MAVS;EMD;IPO5;PRKCD;CAMK1;YWHAE;GAS6;TGFB1;ZPR1;FLNA,GO_Biological_Process_2025__Positive Regulation of Nucleocytoplasmic Transport (GO:0046824)
GO:0110020,0.703107511912612,1.6803796588273965,0.3606027349938615,19.85%,ROCK2;WAS;ROCK1;SLC9A1;FHOD1,GO_Biological_Process_2025__Regulation of Actomyosin Structure Organization (GO:0110020)
GO:0006891,0.5213716907506464,1.6792575910264451,0.3584624297562285,13.55%,COPB2;RAB33B;COPE;RAB6B;NSF;RAB6A;COPZ1;COPG1;NAPG,GO_Biological_Process_2025__intra-Golgi Vesicle-Mediated Transport (GO:0006891)
GO:0008064,0.6204994615617907,1.6791765607154974,0.3527834232286053,13.71%,HCLS1;WAS;ESAM;BRK1;ARHGEF7,GO_Biological_Process_2025__Regulation of Actin Polymerization or Depolymerization (GO:0008064)
GO:1902430,0.5535952778571381,1.6774369636971145,0.352762171847157,22.16%,SORL1;ROCK1;RTN1;RTN3;RTN2;NTRK2;RTN4,GO_Biological_Process_2025__Negative Regulation of Amyloid-Beta Formation (GO:1902430)
GO:0031032,0.4668945149219333,1.676805496340091,0.3493115341040451,27.76%,ROCK2;MYH14;TMOD3;MYL9;FLII;ROCK1;DNM2;BMP10;CDC42BPB;ITGB5;TPM1;RHOA;ACTN2;MYO18A;MYH9;PDCD10;EPB41;EPB41L3;F11R,GO_Biological_Process_2025__Actomyosin Structure Organization (GO:0031032)
GO:0009152,0.5114689837793731,1.674638988216138,0.3509244845761743,26.55%,GUCY1B1;ATP5F1C;AMPD2;AK2;ATP5F1A;GUCY1A1;ADSL;TGFB1;ADCY6;GMPS;PFAS;GART,GO_Biological_Process_2025__Purine Ribonucleotide Biosynthetic Process (GO:0009152)
GO:0090151,0.6175656352388228,1.6688060314557325,0.3587576686931205,34.61%,HSPA4;TOMM70;HSP90AA1;NDUFA13;SAMM50;MTCH2;TOMM22;TOMM40,GO_Biological_Process_2025__Establishment of Protein Localization to Mitochondrial Membrane (GO:0090151)
GO:0006119,0.4478725590216625,1.6660078305212525,0.3629885126759236,46.93%,UQCRC2;ATP5PB;ATP5PD;ATP5MG;UQCRC1;ATP5F1C;SDHA;NDUFS1;ATP5PF;NDUFS3;ATP5MF;NDUFA8;SDHB;NDUFS2;ATP5ME;UQCRB;NDUFA13;NDUFV2;NDUFB3;NDUFV1;NDUFA11;NDUFA7;NDUFA10;ATP5PO;NDUFA6;NDUFA5;NDUFAB1;NDUFS8;NDUFS4;NDUFS5;NIPSNAP2;NDUFA9;NDUFB1;NDUFA2,GO_Biological_Process_2025__Oxidative Phosphorylation (GO:0006119)
GO:0017157,0.5099638745912299,1.6655710175760197,0.3589961780717947,28.97%,SYTL4;RAB33B;SEPTIN5;NSF;RAB37;RAB21;STX4;STXBP5;RALA;SNCA;RAB27B;UNC13D;RAB5A,GO_Biological_Process_2025__Regulation of Exocytosis (GO:0017157)
GO:0002228,0.5695871417610028,1.6648370133002035,0.3561347803244201,35.98%,CD226;KIF5B;VAV1;TUBB;GRB2;NECTIN2;TUBB4B;PIK3R1,GO_Biological_Process_2025__Natural Killer Cell Mediated Immunity (GO:0002228)
GO:0055002,0.6524788934739855,1.6593865425361602,0.3687239826989076,2.73%,TMOD3;MYL9;FLII,GO_Biological_Process_2025__Striated Muscle Cell Development (GO:0055002)
GO:0030866,0.614199895582838,1.6581409129672506,0.3674509883588198,19.85%,ROCK2;NCKAP1;ROCK1;NCKAP1L;RAB13;FHOD1,GO_Biological_Process_2025__Cortical Actin Cytoskeleton Organization (GO:0030866)
GO:0016072,-0.3267876127375066,-1.6560740234737694,0.4860418796675947,58.35%,RPL14;RPS16;RPS25;RPS7;RPS27;RPL11;RPS28;RPS17;NOP56;RPL7;RPS6;MARS1;NOP2;RPS19;NOLC1;NOP58;RPS24;RPL27;MYG1;CAVIN1;SBDS;RPL5;RPL35A,GO_Biological_Process_2025__rRNA Metabolic Process (GO:0016072)
GO:0007095,0.6614976959811817,1.6534334192063984,0.3783752203167939,30.65%,TAOK1;TAOK3;BABAM2;BRCC3;CDK5RAP3;BABAM1,GO_Biological_Process_2025__Mitotic G2 DNA Damage Checkpoint Signaling (GO:0007095)
GO:0097494,0.6025269807844168,1.6498750141395129,0.3853449333527953,39.89%,AP2M1;DNM1;PICALM;SNAPIN;RAB5A;BLOC1S1;BORCS7;BORCS5;BORCS6,GO_Biological_Process_2025__Regulation of Vesicle Size (GO:0097494)
GO:0034250,0.6609437257695525,1.6453774605721114,0.3960349518525461,23.50%,ROCK2;PRKCD;RELA;PICALM;CASP3,GO_Biological_Process_2025__Positive Regulation of Amide Metabolic Process (GO:0034250)
GO:0090109,0.5599848690721035,1.6411093313353795,0.399612267975328,13.89%,ROCK2;ROCK1;MACF1;SLK;RHOA;PTK2;SLC9A1,GO_Biological_Process_2025__Regulation of Cell-Substrate Junction Assembly (GO:0090109)
GO:0000028,-0.5831141504471331,-1.637714160145104,0.479168439411597,41.81%,RPS27;RPS28;RPS14;RPS5;RPS19;RPSA,GO_Biological_Process_2025__Ribosomal Small Subunit Assembly (GO:0000028)
GO:0016441,0.7318128773715561,1.6371834354729742,0.4034129163191219,22.22%,ELOC;ELOB;SND1;TSNAX,GO_Biological_Process_2025__Post-Transcriptional Gene Silencing (GO:0016441)
GO:2000008,0.5610085811885844,1.6360698049554996,0.4022422992134147,22.51%,EGF;STX4;ACTN2;CTNNB1;TOR1A;HSP90AB1;PICALM,GO_Biological_Process_2025__Regulation of Protein Localization to Cell Surface (GO:2000008)
GO:0010719,-0.5762756443976854,-1.6348723428912166,0.4619669080578914,42.49%,VASN;SFRP1;GSK3B;PTEN;BMP5;DSG2,GO_Biological_Process_2025__Negative Regulation of Epithelial to Mesenchymal Transition (GO:0010719)
GO:0034976,0.407695503389863,1.6328589994982698,0.4082923278171549,44.28%,ATP2A3;ATP2A2;FLOT1;BCAP31;MAN1B1;NIBAN1;TMX1;AIFM1;ITPR1;RCN3;VAPB;PDIA4;FAF1;SGTA;CANX;PDIA6;UBA5;TOR1A;MAP3K5;UBE2J1;SEC61B;TRIM25;CALR;VCP;UFM1;CDK5RAP3;P4HB;HSP90B1;SEC16A;BAX;UFL1;EIF2B5;THBS4;UFD1;DDRGK1;THBS1;ERP44;ERO1A;OS9;PIK3R1;PDIA3;YOD1;HSPA5;UFC1;DNAJB2;STT3B;GORASP2;STUB1;NPLOC4;EIF2S1;CCDC47;PTPN1;HYOU1,GO_Biological_Process_2025__Response to Endoplasmic Reticulum Stress (GO:0034976)
GO:0033700,-0.5052631578947369,-1.6327310823399317,0.4449435453832855,49.61%,APOA4;APOC1;APOA1;APOA2;APOC3;APOE;APOC2;APOA5,GO_Biological_Process_2025__Phospholipid Efflux (GO:0033700)
GO:0034249,0.5277305228327569,1.6321854621953,0.4055393051617168,22.16%,SORL1;ROCK1;RTN1;RTN3;RTN2;NTRK2;RTN4,GO_Biological_Process_2025__Negative Regulation of Amide Metabolic Process (GO:0034249)
GO:0022613,-0.2582569332646213,-1.63181260665898,0.4269384437904286,66.28%,RPL14;RPS9;RPS16;RPS25;RPS7;RPS13;RPS27;RPL11;RPS28;RPS17;RPS4X;NOP56;RPL7;RPS8;RPS14;RPS6;RPL38;RPS15A;NPM1;NOP2;WDR43;RPS23;RPS5;RPS19;NOP58;RPS24;RPS11;RPL5;RPL35A;RPS3A;ABCF1,GO_Biological_Process_2025__Ribonucleoprotein Complex Biogenesis (GO:0022613)
GO:0045646,0.5571618862991847,1.6289217889529908,0.4068144274151697,39.18%,LYN;MIA3;STAT3;HMGB2;NCKAP1L;STAT5B;STAT1;PRMT1;MAPK14;INHBA,GO_Biological_Process_2025__Regulation of Erythrocyte Differentiation (GO:0045646)
GO:0045648,0.5871302983789104,1.6272231519748768,0.4079627404920999,39.18%,MIA3;STAT3;HMGB2;NCKAP1L;STAT5B;STAT1;PRMT1;MAPK14;INHBA,GO_Biological_Process_2025__Positive Regulation of Erythrocyte Differentiation (GO:0045648)
GO:0050994,-0.5052631578947369,-1.6266427275446296,0.4207195100210864,49.61%,APOC1;ABCD1;APOA2;APOC3;ANGPTL3;CLSTN3;PRKAA1;APOA5,GO_Biological_Process_2025__Regulation of Lipid Catabolic Process (GO:0050994)
GO:0015986,0.441967471859453,1.6258772526904133,0.4079585040133041,40.57%,ATP5PB;ATP5PD;ATP5MG;ATP5F1C;ATP5MK;SDHA;NDUFS1;ATP5PF;NDUFS3;ATP5MF;NDUFA8;SDHB;NDUFS2;ATP5ME;NDUFA13;ATP5MJ;NDUFV2;NDUFB3;NDUFV1;NDUFA11;NDUFA7;NDUFA10;ATP5PO;NDUFA6;NDUFA5;NDUFAB1;NDUFS8;NDUFS4;NDUFS5,GO_Biological_Process_2025__Proton Motive Force-Driven ATP Synthesis (GO:0015986)
GO:0048592,0.6436938600392437,1.625566840806893,0.4043172953450977,18.04%,STAT3;COL5A1;COL5A2;FBN1;MFAP2,GO_Biological_Process_2025__Eye Morphogenesis (GO:0048592)
GO:2000403,0.6546332222028015,1.6216287071953652,0.4084216826226196,27.26%,APP;RHOA;PPP1R9B;DOCK8;P4HB,GO_Biological_Process_2025__Positive Regulation of Lymphocyte Migration (GO:2000403)
GO:0002183,0.4653683910890186,1.6193682488947114,0.4118136226906485,16.73%,EIF3J;EIF4B;EIF3D;EIF3F;EIF5;EIF3I;EIF4A2;EIF2B3;EIF3K;EIF3G;EIF2S2;EIF3E;EIF3H,GO_Biological_Process_2025__Cytoplasmic Translational Initiation (GO:0002183)
GO:1903593,0.7154482373994694,1.6191833355302827,0.4077396256223027,18.01%,SNX6;VAMP7;VAMP8;VAMP3,GO_Biological_Process_2025__Regulation of Histamine Secretion by Mast Cell (GO:1903593)
GO:0061025,0.5158951826974365,1.616259285033785,0.4136892547812436,18.01%,VAPA;STX11;SNAP23;NSF;USO1;SNAP29;NAPG;VAMP3,GO_Biological_Process_2025__Membrane Fusion (GO:0061025)
GO:0045922,0.6165092060656615,1.6124222495736416,0.4184049055254981,6.25%,APPL2;ACADVL;UBR4,GO_Biological_Process_2025__Negative Regulation of Fatty Acid Metabolic Process (GO:0045922)
GO:0043485,0.6515784282318093,1.6093925856229794,0.415276062351107,10.50%,AP1M1;CD63;RAB32;AP3D1,GO_Biological_Process_2025__Endosome to Pigment Granule Transport (GO:0043485)
GO:0035646,0.6515784282318093,1.6093925856229794,0.415276062351107,10.50%,AP1M1;CD63;RAB32;AP3D1,GO_Biological_Process_2025__Endosome to Melanosome Transport (GO:0035646)
GO:0046457,0.5665826685212059,1.607987680929435,0.4157294770685479,2.89%,TBXAS1;PTGS1;PLA2G4A;PTGES3,GO_Biological_Process_2025__Prostanoid Biosynthetic Process (GO:0046457)
GO:0072657,0.3931030865981839,1.6076548757996785,0.4126210153458855,37.92%,FYB1;ROCK2;RAB10;SPTBN1;FLOT1;FLOT2;CPE;ROCK1;RAB32;RAB6B;RAP1A;LAMTOR1;RAB6A;TNIK;SLMAP;AP3D1;ATP1B3;TMED2;ARF6;CD53;PACS1;ACTN2;SH3GLB1;GAS6;RAB13;EHD4;TSPAN14;EHD2;NRXN1;ANK1;BID;TM9SF2;RAB11A;EHD3;EHD1;FLNA;MYO5A;EPB41L3;F11R;RAB11FIP3;RELN;HSP90B1;SEC16A;TESC;TSPAN15;AGRN;ITGA4;RDX;MADCAM1;TM9SF3;GAK;TSPAN33;C2CD5;ITGAL;IKBKB;HGS;RAB38,GO_Biological_Process_2025__Protein Localization to Membrane (GO:0072657)
GO:0034498,0.5712161921158714,1.6059560573445018,0.414096919704001,39.78%,SNX2;LMAN1;RAB6A;TMED9;SNX1;RUFY1;EHD3;SURF4;RAB14;RAB4B,GO_Biological_Process_2025__Early Endosome to Golgi Transport (GO:0034498)
GO:0048704,0.7207325348750862,1.5995334972526498,0.4274850956741098,12.63%,FGFR2;PDGFRA;EIF4A3,GO_Biological_Process_2025__Embryonic Skeletal System Morphogenesis (GO:0048704)
GO:0019934,0.6351383262621398,1.598295005468598,0.4275124878232064,33.01%,GUCY1B1;PDE3A;IRAG1;GUCY1A1;CD36;THBS1,GO_Biological_Process_2025__cGMP-mediated Signaling (GO:0019934)
GO:0003229,0.6114785990286811,1.5981331723808965,0.4237652051280696,19.09%,FGFR2;BMP10;TPM1;MYH7;TGFB1,GO_Biological_Process_2025__Ventricular Cardiac Muscle Tissue Development (GO:0003229)
GO:0140238,0.5983337510182356,1.5944446744819991,0.432670082257687,28.23%,AP2B1;AP2M1;CANX;STON2;SNCA;AP2S1;PIP5K1C,GO_Biological_Process_2025__Presynaptic Endocytosis (GO:0140238)
GO:0009060,0.4154075090471149,1.5917000123624905,0.4335898220784737,47.27%,NNT;UQCRC2;UQCRC1;ATP5F1C;LDLR;SUCLA2;SDHA;NDUFS1;NDUFS3;NDUFA8;SDHB;NDUFS2;UQCRB;OGDH;NDUFA13;SUCLG1;IDH3A;NDUFV2;NDUFB3;NDUFV1;NDUFA11;NDUFA7;NDUFA10;SUCLG2;MDH2;BLOC1S1;NDUFA6;NDUFA5;NDUFAB1;NDUFS8;NDUFS4;NDUFS5;NIPSNAP2;MFN2;NDUFA9;SURF1;NDUFB1;NDUFA2;IDH3B,GO_Biological_Process_2025__Aerobic Respiration (GO:0009060)
GO:0042776,0.4352663748886741,1.5901652022802673,0.4346729239776559,46.93%,ATP5PB;ATP5PD;ATP5MG;ATP5F1C;SDHA;NDUFS1;ATP5PF;NDUFS3;ATP5MF;NDUFA8;SDHB;NDUFS2;ATP5ME;NDUFA13;NDUFV2;NDUFB3;NDUFV1;NDUFA11;NDUFA7;NDUFA10;ATP5PO;NDUFA6;NDUFA5;NDUFAB1;NDUFS8;NDUFS4;NDUFS5;NDUFA9;NDUFB1;NDUFA2,GO_Biological_Process_2025__Proton Motive Force-Driven Mitochondrial ATP Synthesis (GO:0042776)
GO:0006120,0.4752116350961257,1.589985577249119,0.4311902530371724,46.93%,NDUFS1;NDUFS3;NDUFA8;NDUFS2;NDUFA4;NDUFV2;NDUFB3;NDUFV1;NDUFA7;NDUFA10;NDUFA6;NDUFA5;NDUFAB1;NDUFS8;NDUFS4;NDUFS5;NDUFA9;NDUFB1;NDUFA2,"GO_Biological_Process_2025__Mitochondrial Electron Transport, NADH to Ubiquinone (GO:0006120)"
GO:0006367,0.6561908453273793,1.5888401677449424,0.4310357023607019,5.83%,ELOC;ELOB,GO_Biological_Process_2025__Transcription Initiation at RNA Polymerase II Promoter (GO:0006367)
GO:0051480,0.6454328512705088,1.5882675165106284,0.4291948839471622,12.97%,CDH23;ASPH;ITPR1;YWHAE,GO_Biological_Process_2025__Regulation of Cytosolic Calcium Ion Concentration (GO:0051480)
GO:0044818,0.5901080449575885,1.587893133659158,0.4266893940645205,30.65%,NAE1;TAOK1;TAOK3;BABAM2;BRCC3;CDK5RAP3;BABAM1,GO_Biological_Process_2025__Mitotic G2/M Transition Checkpoint (GO:0044818)
GO:0030177,0.4478888095578063,1.5877148511318362,0.4234218882503379,32.96%,FGFR2;USP47;EGF;PPM1A;MACF1;CDH15;ATP6V0C;CCAR2;TGFB1;ATP6AP2;VCP;DDX3X;HSP90B1;PPM1B;CRBN;WNK1,GO_Biological_Process_2025__Positive Regulation of Wnt Signaling Pathway (GO:0030177)
GO:0060099,0.6703167145815982,1.5860237494880227,0.4143361139281684,19.91%,APPL2;ANO6;NCKAP1L;PLCG2,"GO_Biological_Process_2025__Regulation of Phagocytosis, Engulfment (GO:0060099)"
GO:0060100,0.6703167145815982,1.5860237494880227,0.4143361139281684,19.91%,APPL2;ANO6;NCKAP1L;PLCG2,"GO_Biological_Process_2025__Positive Regulation of Phagocytosis, Engulfment (GO:0060100)"
GO:0042307,0.5588570292553374,1.5852023102483086,0.4135990979675863,38.37%,HCLS1;MAVS;IPO5;PRKCD;TGFB1;ZPR1;FLNA;PIK3R1;RAN,GO_Biological_Process_2025__Positive Regulation of Protein Import Into Nucleus (GO:0042307)
GO:0046456,0.5880905545207435,1.5846276706113234,0.4121846486976387,2.89%,TBXAS1;PLA2G4A;PTGES3,GO_Biological_Process_2025__Icosanoid Biosynthetic Process (GO:0046456)
GO:0006693,0.5390195816473826,1.5840701599171705,0.4103936751079989,2.89%,TBXAS1;PTGS1;PLA2G4A;PTGES3,GO_Biological_Process_2025__Prostaglandin Metabolic Process (GO:0006693)
GO:0046825,0.582499286381473,1.5830932460680631,0.4065484767756784,17.70%,EMD;CAMK1;YWHAE;GAS6;RANGAP1,GO_Biological_Process_2025__Regulation of Protein Export From Nucleus (GO:0046825)
GO:0071168,-0.4993422783478032,-1.5830868639500362,0.4999058078940945,50.18%,MACROH2A1;WBP2;H1-5;PARP1;RUVBL2;LEMD2;RAD21,GO_Biological_Process_2025__Protein Localization to Chromatin (GO:0071168)
GO:0019722,0.5028800346705598,1.58243512738236,0.4052309189156443,19.91%,TREML1;ATP2A2;MCU;APP;PPP1R9B;SLC9A1;BTK;PLCG2,GO_Biological_Process_2025__Calcium-Mediated Signaling (GO:0019722)
GO:0032543,-0.436430639642011,-1.5773861805667502,0.492991824302094,56.49%,MRPL18;MRPS27;MRPL19;TUFM;GFM1;MRPL11;MRPL12;IARS2;HARS1,GO_Biological_Process_2025__Mitochondrial Translation (GO:0032543)
GO:0046827,0.6274151650217408,1.5773230083888197,0.4181868361765151,14.94%,EMD;CAMK1;YWHAE;GAS6,GO_Biological_Process_2025__Positive Regulation of Protein Export From Nucleus (GO:0046827)
GO:0001510,-0.6068892979226926,-1.5760178366679634,0.4774374358956217,39.42%,SNRPD3;SNRPE;SNRPD2;NSUN2;SNRPF,GO_Biological_Process_2025__RNA Methylation (GO:0001510)
GO:0033365,0.407149463457057,1.5695257038059864,0.4342923274194075,34.95%,SORL1;PACSIN2;GET3;VAPA;MAVS;RAB33B;ASAP1;RAB6A;TOLLIP;RAP1GDS1;ARF6;BICD2;YWHAE;YBX1;DDX1;TOR1A;TMEM30A;CALR;PKN1;RAB11A;DDX3X;EHD1;SCG3;FKBP8;MTCH2;RAB11FIP3;DNAJA1;DDRGK1;OPTN;GAK,GO_Biological_Process_2025__Protein Localization to Organelle (GO:0033365)
GO:0060627,0.4314985747102193,1.5693096176755976,0.4315566323459704,39.78%,WDR44;PACSIN2;RAB33B;SEPTIN5;NSF;RAB37;PRKCSH;RAB21;STX4;STXBP5;RALA;STON2;DYNC1LI1;RUFY1;RAB4A;AP2S1;PICALM;RAB11A;RAB11FIP3;ARFGAP1;NRP1;MAPK1;SRC;MAP2K2;RAB4B,GO_Biological_Process_2025__Regulation of Vesicle-Mediated Transport (GO:0060627)
GO:0048812,0.4106067645216691,1.5688079337222305,0.4298795864473328,33.51%,RAB10;FGFR2;PPP1R12A;NCKAP1;ROCK1;TSC22D4;APLP2;DNM2;CTTN;TNIK;APP;DBNL;NCKAP1L;ARHGEF7;TAOK3;CTNNB1;NRXN1;APLP1;PLXNB1;CPNE1;PKN1;SLITRK1;EPB41L3;PARD3;AFG3L2;NRCAM;PPP1R12C;MINK1;DOCK10,GO_Biological_Process_2025__Neuron Projection Morphogenesis (GO:0048812)
GO:0014742,0.5528897164447473,1.5678245809893918,0.4269698438256806,13.94%,ROCK2;ROCK1;BMP10;SLC9A1;PRKCA,GO_Biological_Process_2025__Positive Regulation of Muscle Hypertrophy (GO:0014742)
GO:0010613,0.5528897164447473,1.5678245809893918,0.4269698438256806,13.94%,ROCK2;ROCK1;BMP10;SLC9A1;PRKCA,GO_Biological_Process_2025__Positive Regulation of Cardiac Muscle Hypertrophy (GO:0010613)
GO:0045040,0.6549184639663335,1.5677107643137151,0.4208720998714018,34.61%,HSPA4;TOMM70;SAMM50;MTCH2;TOMM22;TOMM40,GO_Biological_Process_2025__Protein Insertion Into Mitochondrial Outer Membrane (GO:0045040)
GO:0007008,0.6549184639663335,1.5677107643137151,0.4208720998714018,34.61%,HSPA4;TOMM70;SAMM50;MTCH2;TOMM22;TOMM40,GO_Biological_Process_2025__Outer Mitochondrial Membrane Organization (GO:0007008)
GO:0031641,0.6931369971075466,1.5670486325504025,0.4200928576610647,30.78%,NRDC;ZPR1;SIRT2;PARD3;PTPRZ1,GO_Biological_Process_2025__Regulation of Myelination (GO:0031641)
GO:0048041,0.5480264373102289,1.566408499389615,0.4190366284973932,15.57%,ARHGAP6;CTTN;BCR;ARHGEF7;ACTN2;THSD1,GO_Biological_Process_2025__Focal Adhesion Assembly (GO:0048041)
GO:0010558,0.4056678595499659,1.5646295189534525,0.4221548179961735,30.15%,C1QTNF3;ROCK2;ADAM10;FLOT2;PRKAR1A;STAT3;CNPY2;MYADM;APP;NTS;STC2;CLTC;NRXN1;TGFB1;CPNE1;TARDBP;PICALM;PROC;STK39;DDX3X;PDCD10;EMILIN1;NOTCH2;CLDN5;CLDN3;NOTCH1;CRKL,GO_Biological_Process_2025__Negative Regulation of Macromolecule Biosynthetic Process (GO:0010558)
GO:0042267,0.5226454182002152,1.563357953335541,0.4231920595725129,35.98%,CD226;KIF5B;VAMP7;VAV1;TUBB;GRB2;NECTIN2;TUBB4B;PIK3R1,GO_Biological_Process_2025__Natural Killer Cell Mediated Cytotoxicity (GO:0042267)
GO:0007169,0.3838622311693395,1.5630018720792294,0.4212676139744345,42.91%,CASS4;LYN;FGFR2;KALRN;STAT3;DOK3;UBASH3B;PDGFC;LCP2;EFNB1;DOK2;RELA;ANGPT1;NCK2;PDGFRA;MVP;MTSS1;FGFR3;FYN;PTK2;ARHGEF7;PDGFRB;FGFR1;DOK1;VAV1;CSF1;CLSTN1;SORT1;NTRK2;FIBP;APPL1;PKN1;ANKS1A;PROC;CASP3;PTPN11;AXL;AKT2;AP3S1;GRB2;MUC20;PTK2B;C2CD5;PIK3R1;NRP1;PLCB1;MAPK14;FLT4;RAB14;MAPKAPK3;MAPK1;SRC;SLC39A14;AKT1;PDGFA;HCK;FGR;VEGFC;CSF1R;DDR2,GO_Biological_Process_2025__Cell Surface Receptor Protein Tyrosine Kinase Signaling Pathway (GO:0007169)
GO:0051049,0.4913294073714558,1.562873737384687,0.4186382341328238,36.27%,WDR44;ARL6IP5;PRKCSH;REEP5;GAPVD1;DYNC1LI1;SNCA;RAB11A;SURF4;RAB11FIP3;CLDN3;DNAJA1;NRP1,GO_Biological_Process_2025__Regulation of Transport (GO:0051049)
GO:1900121,0.6568137050368683,1.5614650265224572,0.4205131431495746,1.81%,ATP2A3;ATP2A2,GO_Biological_Process_2025__Negative Regulation of Receptor Binding (GO:1900121)
GO:0032212,0.5232888289020519,1.561123454521614,0.4186778377234804,40.55%,PTGES3;TCP1;CTNNB1;CCT8;HSP90AA1;CCT7;HNRNPD;CCT4;CCT3;CCT5;CCT2,GO_Biological_Process_2025__Positive Regulation of Telomere Maintenance via Telomerase (GO:0032212)
GO:0045664,0.4763841659249336,1.5608291936569794,0.4165311883158764,47.48%,ROCK1;YWHAG;APP;RHOA;FGFR1;CPNE1;YWHAH;CALR;CDK5RAP3;ARHGEF2;RELN;NRCAM;VWC2;NLGN1;IMPACT;BIN1,GO_Biological_Process_2025__Regulation of Neuron Differentiation (GO:0045664)
GO:1903232,0.5306112693433,1.5598405123781536,0.416607548893185,29.36%,AP1M1;RAB32;AP3D1;AP3M1;AP1S1;AP1G1;AP3B1;AP3S1;AP1S2,GO_Biological_Process_2025__Melanosome Assembly (GO:1903232)
GO:0071359,0.6472272421112482,1.5577517052118488,0.4209816069041775,2.68%,FLOT1;MAVS,GO_Biological_Process_2025__Cellular Response to dsRNA (GO:0071359)
GO:1905668,0.6508397313668793,1.5572519595413403,0.4137315039993592,5.17%,SORL1;ROCK2;EGF,GO_Biological_Process_2025__Positive Regulation of Protein Localization to Endosome (GO:1905668)
GO:1902966,0.6508397313668793,1.5572519595413403,0.4137315039993592,5.17%,SORL1;ROCK2;EGF,GO_Biological_Process_2025__Positive Regulation of Protein Localization to Early Endosome (GO:1902966)
GO:1902965,0.6508397313668793,1.5572519595413403,0.4137315039993592,5.17%,SORL1;ROCK2;EGF,GO_Biological_Process_2025__Regulation of Protein Localization to Early Endosome (GO:1902965)
GO:1990778,0.3981922180447247,1.5560898570061652,0.4145864460724472,37.24%,FYB1;ROCK2;RAB10;SPTBN1;FLOT1;FLOT2;ROCK1;RAP1A;TNIK;SLMAP;MYADM;ATP1B3;TMED2;ARF6;PACS1;ACTN2;GAS6;RAB13;EHD4;TSPAN14;EHD2;ANK1;RAB11A;EHD3;EHD1;FLNA;MYO5A;EPB41L3;F11R;RAB11FIP3;HSP90B1;SEC16A;TESC;TSPAN15;RDX;GAK;TSPAN33;C2CD5;IKBKB,GO_Biological_Process_2025__Protein Localization to Cell Periphery (GO:1990778)
GO:0071786,0.5651671829418589,1.555332353556996,0.4141705940876318,35.22%,RAB10;RTN1;RTN3;RAB18;RTN2;RTN4;DMTN;LNPK,GO_Biological_Process_2025__Endoplasmic Reticulum Tubular Network Organization (GO:0071786)
GO:0051402,0.6163942131085576,1.5551546854257543,0.4119442519641042,18.86%,NAE1;FAM162A;MAP3K5;BID,GO_Biological_Process_2025__Neuron Apoptotic Process (GO:0051402)
GO:0090330,0.4670879044409829,1.55483139352603,0.4102037297306836,40.18%,LYN;TMX1;PRKG1;PRKCD;PRKCA;EMILIN2;CD9;PRKCQ;MMRN1;EMILIN1;SERPINE2;F11R;GP6;CTSG;ALOX12,GO_Biological_Process_2025__Regulation of Platelet Aggregation (GO:0090330)
GO:0042542,0.5250715749036023,1.5532198108787354,0.4073477821489958,18.36%,PPIF;PRKCD;RELA;FYN;HDAC6;MAP3K5,GO_Biological_Process_2025__Response to Hydrogen Peroxide (GO:0042542)
GO:0032355,0.5449937613724453,1.5514329503302269,0.4078945716969302,19.09%,STAT3;STRN3;CTNNB1;STAT5B;TGFB1,GO_Biological_Process_2025__Response to Estradiol (GO:0032355)
GO:0048499,0.688971992823517,1.551091590983934,0.4062793114120804,18.25%,STX11;SNAP23;SNAP29;TOR1A,GO_Biological_Process_2025__Synaptic Vesicle Membrane Organization (GO:0048499)
GO:0071466,0.5792247862071349,1.5487637641286538,0.4110970069957039,14.94%,PPM1F;VAV1;GAS6,GO_Biological_Process_2025__Cellular Response to Xenobiotic Stimulus (GO:0071466)
GO:0006898,0.3896064684998264,1.5448815401630849,0.4212527201879926,37.55%,SORL1;EPS15;FCER1G;SNX9;DNM2;CLTA;WASF1;AP2B1;CTTN;FNBP1L;LDLR;AP2M1;AP1S1;CLTC;DNM1;VLDLR;CANX;M6PR;SNX1;LRP1B;RALA;STON2;CD9;SNCA;AP2S1;LDLRAP1;PICALM;CLTB;PIP5K1C;DAB2;RAB5A;PDLIM7;GRB2;CD36;AP2A1;GAK;SCARF1;HGS,GO_Biological_Process_2025__Receptor-Mediated Endocytosis (GO:0006898)
GO:0032376,-0.457752040010529,-1.5427122262483906,0.5419392194112979,54.36%,ADIPOQ;APOA1;APOE;PLTP;CES1;CETP;PON1;NFKB1;LIPG,GO_Biological_Process_2025__Positive Regulation of Cholesterol Transport (GO:0032376)
GO:0016482,0.4081979339680155,1.5420469396096632,0.4280457950370258,29.70%,SORL1;DCTN1;UBE2O;EPS15;SNX2;RAB6B;VPS26B;VPS13C;RAB6A;VPS13A;SNX6;CLTC;SNX1;SNX5;AP1G1;VAMP3;SORT1;TBC1D23;EHD3;VPS29;YKT6;SPAG9;RAB7A;VPS26A,GO_Biological_Process_2025__Cytosolic Transport (GO:0016482)
GO:0141087,0.6794635813831186,1.5408794046953105,0.4264242347823599,32.14%,MAVS;BTK;PLCG2;DDX3X;CD36,GO_Biological_Process_2025__Positive Regulation of Inflammasome-Mediated Signaling Pathway (GO:0141087)
GO:1900227,0.6794635813831186,1.5408794046953105,0.4264242347823599,32.14%,MAVS;BTK;PLCG2;DDX3X;CD36,GO_Biological_Process_2025__Positive Regulation of NLRP3 Inflammasome Complex Assembly (GO:1900227)
GO:0045639,0.5113576883166081,1.5404477285025984,0.4251087648304842,39.18%,MIA3;STAT3;HMGB2;NCKAP1L;STAT5B;PITHD1;STAT1;TESC;PRMT1;MAPK14;INHBA,GO_Biological_Process_2025__Positive Regulation of Myeloid Cell Differentiation (GO:0045639)
GO:0008016,0.5398656061756653,1.539356583286166,0.423559126654648,13.94%,ATP2A3;ATP2A2;BMP10;TPM1;PRKCA,GO_Biological_Process_2025__Regulation of Heart Contraction (GO:0008016)
GO:0055074,0.449345043410444,1.537371323285424,0.4273280467185997,21.90%,ATP2A3;STIM1;ATP2A2;ASPH;VAPB;STC2;ATP2C1;RMDN3;SNCA;CALR,GO_Biological_Process_2025__Calcium Ion Homeostasis (GO:0055074)
GO:0007188,0.4367322004271778,1.537256105980735,0.4250842667080939,13.94%,GNAI2;GNAQ;PRKAR1A;GNAZ;WASF2;AKAP12;GNA13;PRKAR2A;APP;PRKACB;PRKCA,GO_Biological_Process_2025__Adenylate Cyclase-Modulating G Protein-Coupled Receptor Signaling Pathway (GO:0007188)
GO:0048268,0.6514992109416096,1.5363427040534037,0.4254949843408823,34.95%,EPS15;CLTA;CLTC;DNM1;PICALM;GAK,GO_Biological_Process_2025__Clathrin Coat Assembly (GO:0048268)
GO:0070507,0.5377487486310378,1.5360254367388717,0.4239729367397717,25.26%,ROCK1;MAPRE1;BICD2;TAOK1;GAS2L1;SNCA;MAPRE2,GO_Biological_Process_2025__Regulation of Microtubule Cytoskeleton Organization (GO:0070507)
GO:0051492,0.4338909770829349,1.5313909299772426,0.4338403863189619,39.31%,ROCK2;ARAP1;ARHGAP6;WAS;ROCK1;WASF2;PPM1F;TPM1;RHOA;SLC9A1;FHOD1;PKN1;F11R;CARMIL1;CCN2;PIK3R1;NRP1;CD47;RGCC,GO_Biological_Process_2025__Regulation of Stress Fiber Assembly (GO:0051492)
GO:0046330,0.4812043863291463,1.5296096551843368,0.4372652282680659,37.58%,SDCBP;TNIK;APP;TAOK1;TAOK3;MAP3K5;CCN2;MINK1;PTK2B;PLCB1;FLT4,GO_Biological_Process_2025__Positive Regulation of JNK Cascade (GO:0046330)
GO:1902116,0.6365892695980723,1.528913818122294,0.4372472440876767,7.93%,WDR44;SEC22B;LIMA1,GO_Biological_Process_2025__Negative Regulation of Organelle Assembly (GO:1902116)
GO:0072659,0.392485282018423,1.5270904942207428,0.4405265923928895,37.24%,FYB1;ROCK2;RAB10;SPTBN1;FLOT1;FLOT2;ROCK1;RAP1A;TNIK;SLMAP;ATP1B3;TMED2;ARF6;PACS1;ACTN2;GAS6;RAB13;EHD4;TSPAN14;EHD2;ANK1;RAB11A;EHD3;EHD1;FLNA;MYO5A;EPB41L3;F11R;HSP90B1;SEC16A;TESC;TSPAN15;RDX;GAK;TSPAN33;C2CD5;IKBKB,GO_Biological_Process_2025__Protein Localization to Plasma Membrane (GO:0072659)
GO:1904358,0.5028669865952546,1.527090137563673,0.4379801959050693,34.06%,PTGES3;TCP1;CTNNB1;CCT8;HSP90AA1;CCT7;HNRNPD;CCT4;CCT3;CCT5,GO_Biological_Process_2025__Positive Regulation of Telomere Maintenance via Telomere Lengthening (GO:1904358)
GO:0016310,0.3763467597664531,1.5267574425861672,0.4363740671080136,24.00%,ROCK2;STK24;ADAM10;LYN;STK4;PRKCB;KALRN;STAT3;COPS2;PRKG1;CDC42BPB;PRKCD;TOLLIP;TNIK;CAMK1;CSK;PRKACB;STK26;BCR;STK10;FYN;TAOK1;PRKCA;FGFR1;TAOK3;GAS6;BTK;NADK;CLSTN1;MYLK;YWHAZ;PRKCQ;PKN1;TEC;STK39;ILF3,GO_Biological_Process_2025__Phosphorylation (GO:0016310)
GO:0030041,0.5080239120802479,1.5264546516112063,0.4348819368139339,14.47%,INF2;ARHGAP6;WAS;WASF1;DIAPH1,GO_Biological_Process_2025__Actin Filament Polymerization (GO:0030041)
GO:0032728,0.5371597646737053,1.5259408681293771,0.4341899334215031,24.76%,FLOT1;MAVS;TOMM70;HSP90AA1;ZC3HAV1;DDX3X;PTPN11,GO_Biological_Process_2025__Positive Regulation of Interferon-Beta Production (GO:0032728)
GO:0035331,0.5462921137957452,1.5256059926757235,0.4326936282587325,38.66%,SLMAP;STRN3;STRN4;VCP;PPP2R1A;MAP2K3;MOB4;MAPK14;SRC,GO_Biological_Process_2025__Negative Regulation of Hippo Signaling (GO:0035331)
GO:1900182,0.425709157427211,1.5249991997644263,0.4320825375052556,40.84%,HCLS1;MAVS;IPO5;TCP1;PRKCD;TGFB1;CCT8;LAMTOR5;CDK5RAP3;CCT7;ZPR1;FLNA;CCT4;CCT3;CCT5;PIK3R1;RAN;CCT2;PPP3CB,GO_Biological_Process_2025__Positive Regulation of Protein Localization to Nucleus (GO:1900182)
GO:0032438,0.4606209555166603,1.523652299453,0.4342669379321746,37.92%,PMEL;AP1M1;RAB32;AP3D1;AP3M1;AP1S1;AP1G1;AP3B1;PARD3;SNAPIN;AP3S1;AP1S2;BLOC1S1;RAB38,GO_Biological_Process_2025__Melanosome Organization (GO:0032438)
GO:1902004,0.6377646440130932,1.5209056811950945,0.4409724418296998,23.50%,ROCK2;RELA;PICALM;CASP3,GO_Biological_Process_2025__Positive Regulation of Amyloid-Beta Formation (GO:1902004)
GO:2000406,0.5168660108610101,1.5198467941343106,0.4421751857017647,34.27%,ADAM10;APP;RHOA;PPP1R9B;DOCK8;STK39;P4HB;WNK1;S100A7,GO_Biological_Process_2025__Positive Regulation of T Cell Migration (GO:2000406)
GO:0051147,0.5575999227444478,1.5184761237879638,0.4439922328827644,37.29%,LMNB2;FGFR2;LAMA2;LAMC1;NID1;PTBP1;LAMB1;MAPK14,GO_Biological_Process_2025__Regulation of Muscle Cell Differentiation (GO:0051147)
GO:0045937,0.5594171981361984,1.517933740289346,0.4435297810655774,38.66%,ROCK1;SDCBP;EGF;ITGA6;SNCA;THBS1;SRC,GO_Biological_Process_2025__Positive Regulation of Phosphate Metabolic Process (GO:0045937)
GO:0050691,0.6722205629584711,1.5170900875844096,0.4440997204260459,21.74%,MAVS;TOMM70;STAT1;HSP90AA1,GO_Biological_Process_2025__Regulation of Defense Response to Virus by Host (GO:0050691)
GO:0032729,-0.3476639591571262,-1.5156508761824148,0.5743454921917993,53.49%,PYCARD;SLC7A5;CD276;SCRIB;CYRIB;EBI3;HLA-DRB3;HLA-A;HSPD1;ISG15;JAK2;IL18;HLA-DPA1;NDUFA2;CRTAM,GO_Biological_Process_2025__Positive Regulation of Type II Interferon Production (GO:0032729)
GO:0007029,0.4465791112071817,1.5152407145057196,0.4478992337646273,44.07%,GET3;RAB10;VAPA;MIA3;RTN3;RAB18;VAPB;SEC31A;REEP5;LPCAT3;RTN4;SEC16A;DMTN;TOR1AIP2;GAK;LNPK;DNM1L;JAGN1;CCDC47,GO_Biological_Process_2025__Endoplasmic Reticulum Organization (GO:0007029)
GO:0050853,0.521681192248963,1.5147872147080912,0.4469891831595519,29.44%,PRKCB;PTPRC;NCKAP1L;BTK;CLSTN1;PLCG2;TEC;BAX,GO_Biological_Process_2025__B Cell Receptor Signaling Pathway (GO:0050853)
GO:0002040,0.4636024522383153,1.5133404802635977,0.446910628026135,42.57%,PACSIN2;MIA3;ANGPT1;EHD4;TGFB1;THBS1;PTK2B;NRP1;FLT4;AKT1;ESM1;VEGFC,GO_Biological_Process_2025__Sprouting Angiogenesis (GO:0002040)
GO:0110011,0.659742308703655,1.5101713792990168,0.4550635979312148,34.11%,LMNB2;LAMA2;LAMC1;NID1;LAMB1,GO_Biological_Process_2025__Regulation of Basement Membrane Organization (GO:0110011)
GO:0015031,0.3552582769654152,1.5087881829435723,0.457238946714961,39.55%,RAB10;COPB2;STX11;SPTBN1;MIA3;PRKCB;RAB32;RAB6B;SNX9;STX7;NSF;MACF1;VPS26B;DNM2;ASAP1;ARL6IP5;RAB18;RAB6A;USO1;CTTN;CMTM6;COPZ1;SNX6;AP3D1;ARF5;RCN3;COPG1;TMED2;PDIA4;ARF6;RAB21;STX4;NAPG;CLTC;TMED9;RAB3GAP2;VLDLR;STXBP3;CANX;RAB5B;SNX1;HDAC6;LRP1B;MYH9;AP3B1;TMED7;RUFY1;YWHAH;SCAMP3;STEAP3;RAB11A;LTBP3;EHD1;ARHGEF2;VPS29;SNX15;SEC23IP;STX12;SCAMP2;RAB5C;SURF4;RAB11FIP3;RAB7A;HSP90B1;TMED4;RAB5A;SIL1;VPS26A;TBC1D13;COPG2;CD36;MTTP;OPTN;AP2A1;TMED5;TIMM44;WDR11;GNAS;RAB1B;STXBP2;GRPEL1;SNX18;RAB14;RAB38;GSDMD;SCAMP1;VPS45;RAB1A,GO_Biological_Process_2025__Protein Transport (GO:0015031)
GO:0045444,0.5790098393086971,1.5083799250399703,0.4562316538725288,35.19%,C1QTNF3;PSMB8;AKT2;OSBPL8;SDF4;ADGRF5,GO_Biological_Process_2025__Fat Cell Differentiation (GO:0045444)
GO:0042147,0.4032075536308506,1.508344926498009,0.4539580054327924,31.46%,SORL1;DCTN1;UBE2O;SNX2;LMAN1;RAB6B;VPS26B;RAB6A;SNX6;CLTC;TMED9;SNX1;SNX5;VAMP3;RUFY1;TBC1D23;EHD3;VPS29;SURF4;YKT6;SPAG9;RAB7A;VPS26A;ARL8B,"GO_Biological_Process_2025__Retrograde Transport, Endosome to Golgi (GO:0042147)"
GO:0042119,0.5412418706043605,1.5070143912214349,0.4560848636230597,8.72%,FCER1G;DNASE1;PRKCD,GO_Biological_Process_2025__Neutrophil Activation (GO:0042119)
GO:0042306,0.4907933185065592,1.5069570319493482,0.4539166121414855,25.24%,HCLS1;MAVS;IPO5;PRKCD;YWHAB;TGFB1;UFM1;ZPR1;FLNA,GO_Biological_Process_2025__Regulation of Protein Import Into Nucleus (GO:0042306)
GO:0035994,0.6251108018261635,1.5041581889890367,0.4606164711449538,16.07%,PTK2;SLC9A1;CTNNB1,GO_Biological_Process_2025__Response to Muscle Stretch (GO:0035994)
GO:0008625,0.6000083740251274,1.5003461358147343,0.4668245394940806,29.44%,SORT1;BID;TNFSF10;DDX3X;BAX,GO_Biological_Process_2025__Extrinsic Apoptotic Signaling Pathway via Death Domain Receptors (GO:0008625)
GO:0007044,0.4819141606188253,1.498100900926179,0.469998295957875,19.72%,ARHGAP6;CTTN;ITGA6;BCR;ARHGEF7;ACTN2;THSD1;LAMC1,GO_Biological_Process_2025__Cell-Substrate Junction Assembly (GO:0007044)
GO:0001919,0.5450641459049616,1.4973743285075476,0.4701385341974466,34.48%,NSF;ECE1;LAMTOR1;LDLR;VAMP3;SNCA;OPTN;PCSK9,GO_Biological_Process_2025__Regulation of Receptor Recycling (GO:0001919)
GO:0031123,-0.4869771112865035,-1.4972543490877093,0.6075523495844934,51.42%,COLEC12;RPRD1B;SSB;PNPT1;NUDT21;PAF1;CPSF7,GO_Biological_Process_2025__RNA 3'-End Processing (GO:0031123)
GO:0040029,0.6325629493892317,1.4940355249673305,0.4795088306280446,35.90%,APP;SMYD5;HDAC6;SIRT2;GPX1,GO_Biological_Process_2025__Epigenetic Regulation of Gene Expression (GO:0040029)
GO:0051130,0.395741196633575,1.4931160850709564,0.4803040927657124,29.44%,DCTN1;FLOT1;ADD1;LMAN1;BRK1;ASAP1;CD151;CAMK1;FAF1;SH3GLB1;TMED9;NRXN1;BID;TGFB1;TMEM30A;SNCA;VCP;MMP3;SURF4;RELN;DAB2;BAX,GO_Biological_Process_2025__Positive Regulation of Cellular Component Organization (GO:0051130)
GO:0007417,0.3739912193453659,1.4924019874894807,0.4803145298568472,41.60%,SPTBN1;SERPINI1;CELSR1;NCKAP1;STAT3;PDGFC;APLP2;RAB3GAP1;RTN1;RTN3;RAB18;APP;HAPLN1;SH3GL1;GIT1;RTN2;VCAN;NCAN;APLP1;ABCB6;ATP6AP2;RTN4;TBC1D23;UFM1;CDK5RAP3;PTPN11;BCAN;PCDH18;RELN;QARS1;PTPRZ1;EIF2B5;NRCAM;MINK1;SLC2A1;EIF2B2;MAP1S;NDUFS4;RBBP4;UFC1;ACAN;PRG2,GO_Biological_Process_2025__Central Nervous System Development (GO:0007417)
GO:0009451,-0.4494736842105263,-1.4920797419294816,0.6018010249607512,55.17%,SYNCRIP;SARS1;NSUN2;HNRNPAB;SSB;THUMPD1;OSGEP;AARS1,GO_Biological_Process_2025__RNA Modification (GO:0009451)
GO:0090051,0.5930080472495396,1.4903326073229677,0.4853821296533465,38.55%,RHOA;MMRN1;PDCD10;NOTCH1;THBS1;TBXA2R,GO_Biological_Process_2025__Negative Regulation of Cell Migration Involved in Sprouting Angiogenesis (GO:0090051)
GO:0001654,0.5120388626260745,1.4893143708654302,0.486562666292877,17.86%,FREM2;COL5A1;RAB3GAP1;RAB18;COL5A2;FBN1,GO_Biological_Process_2025__Eye Development (GO:0001654)
GO:0006023,-0.3599531810991539,-1.4884406945028668,0.5925409801993159,42.70%,EXT1;EXT2;B3GNT9;B3GAT3;GALNT5;UGDH;B3GNT8;B3GNT7;B3GNT2;HEXA;B4GAT1,GO_Biological_Process_2025__Aminoglycan Biosynthetic Process (GO:0006023)
GO:0051149,0.5353091997920074,1.48694916898551,0.4922074913199497,37.29%,LMNB2;LAMA2;LAMC1;NID1;NOTCH2;NOTCH1;LAMB1;MAPK14,GO_Biological_Process_2025__Positive Regulation of Muscle Cell Differentiation (GO:0051149)
GO:1900016,0.5493308011672074,1.4867989768204888,0.4903665221386494,13.94%,APPL2;STAT3;RELA;PRKCA,GO_Biological_Process_2025__Negative Regulation of Cytokine Production Involved in Inflammatory Response (GO:1900016)
GO:0045721,0.653346417536887,1.4853466889589733,0.4929619024063751,2.49%,C1QTNF3;STK4,GO_Biological_Process_2025__Negative Regulation of Gluconeogenesis (GO:0045721)
GO:0071312,0.6674776515904708,1.4851444411613948,0.4913927341738598,32.56%,CASP3;TGM2;CASP6;GSTM2,GO_Biological_Process_2025__Cellular Response to Alkaloid (GO:0071312)
GO:0051493,0.3828707272664061,1.4842536620664015,0.4899056805577048,22.40%,ROCK2;NEXN;ARAP1;CELSR1;ROCK1;ESAM;PRKCD;PDGFRA;BICD2;RHOA;TAOK1;PTK2;ARHGEF7;CLIC4;PDGFRB;CAPN2;DIAPH1;ARHGAP17;RALA;PLXNB1;IQGAP2;SNCA;PKN1,GO_Biological_Process_2025__Regulation of Cytoskeleton Organization (GO:0051493)
GO:1904874,0.5853021769001209,1.4838352144900728,0.4799968194035453,34.06%,TCP1;CCT8;CCT7;CCT4;CCT3;CCT5,GO_Biological_Process_2025__Positive Regulation of Telomerase RNA Localization to Cajal Body (GO:1904874)
GO:1904872,0.5853021769001209,1.4838352144900728,0.4799968194035453,34.06%,TCP1;CCT8;CCT7;CCT4;CCT3;CCT5,GO_Biological_Process_2025__Regulation of Telomerase RNA Localization to Cajal Body (GO:1904872)
GO:1904869,0.5853021769001209,1.4838352144900728,0.4799968194035453,34.06%,TCP1;CCT8;CCT7;CCT4;CCT3;CCT5,GO_Biological_Process_2025__Regulation of Protein Localization to Cajal Body (GO:1904869)
GO:1904871,0.5853021769001209,1.4838352144900728,0.4799968194035453,34.06%,TCP1;CCT8;CCT7;CCT4;CCT3;CCT5,GO_Biological_Process_2025__Positive Regulation of Protein Localization to Cajal Body (GO:1904871)
GO:0051086,0.5853021769001209,1.4838352144900728,0.4799968194035453,34.06%,TCP1;CCT8;CCT7;CCT4;CCT3;CCT5,GO_Biological_Process_2025__Chaperone Mediated Protein Folding Independent of Cofactor (GO:0051086)
GO:0061640,0.4193905671174615,1.482895764717406,0.4808073843022865,45.90%,ROCK2;MYH14;SPTBN1;ROCK1;SEPTIN5;SNX9;SEPTIN6;SEPTIN11;DCTN3;RHOA;CHMP4B;PROC;IST1;VPS4A;PDCD6IP;EXOC7;SNX18;EXOC2;EXOC4;EXOC8;STAMBP;SEPTIN7;EXOC3,GO_Biological_Process_2025__Cytoskeleton-Dependent Cytokinesis (GO:0061640)
GO:0055008,0.5324705863603354,1.4826776573544471,0.4794301336722883,30.04%,FGFR2;BMP10;TPM1;MYH7;TGFB1;NOTCH1,GO_Biological_Process_2025__Cardiac Muscle Tissue Morphogenesis (GO:0055008)
GO:0046425,0.4732137856912584,1.4819891466618942,0.4793766553113908,5.17%,IL7R;CRLF3;STK4;PTPRC;EGF,GO_Biological_Process_2025__Regulation of Receptor Signaling Pathway via JAK-STAT (GO:0046425)
GO:0008104,0.3504263148742768,1.4818059132161157,0.4777733167098191,38.26%,LRBA;COPB2;STX11;NBEAL2;CELSR1;CPE;ERBIN;RAB32;ESAM;SEPTIN5;RAB6B;SNX9;STX7;NSF;VPS26B;MAPRE1;LAMTOR1;SEPTIN6;RAB18;RAB6A;YWHAG;USO1;CTTN;VPS13A;COPZ1;JAM3;ANGPT1;SNX6;AP3D1;HOOK3;ARF5;SEPTIN11;LAMTOR3;TMED2;ARF6;YWHAE;RAB21;STX4;NAPG;CLTC;TMED9;RAB3GAP2;STXBP3;CTNNB1;RAB5B;SNX1;HDAC6;AP3B1;TMED7;YWHAB;YWHAH;YWHAZ;YWHAQ;USP9X;TM9SF2;EHD1;CORO1B;FLNA;USP4;ARHGEF2;VPS29;SNX15;SEC23IP;STX12;RAB5C;PARD3;FBLN5;IST1;TMED4;RAB5A;SIL1;VPS26A;FCN1;TBC1D13;LAMTOR2;TM9SF3;AP2A1;ATG9A;TMED5;TIMM44;WDR11;RAB1B;STXBP2;GRPEL1;HGS;RAB14;RAB38;ATG4B,GO_Biological_Process_2025__Protein Localization (GO:0008104)
GO:0019646,0.4004625036868506,1.4795778258613754,0.4832005047503935,48.77%,COX5A;UQCRC2;UQCRC1;SDHA;NDUFS1;NDUFS3;NDUFA8;SDHB;COX6C;NDUFS2;UQCRB;NDUFA4;NDUFV2;NDUFB3;NDUFV1;NDUFA7;NDUFA10;NDUFA6;NDUFA5;UQCR11;NDUFAB1;NDUFS8;NDUFS4;NDUFS5;COX6A1;NDUFA9;NDUFB1;NDUFA2;UQCRQ;UQCR10,GO_Biological_Process_2025__Aerobic Electron Transport Chain (GO:0019646)
GO:0050766,0.4096062503629372,1.4794557256081893,0.4814796070828487,31.99%,ARAP1;APPL2;STAT3;FCER1G;PTPRC;ANO6;NCKAP1L;PRKCA;GAS6;MYO18A;PLCG2;CALR;COLEC10;FCN1;COLEC11;AZU1,GO_Biological_Process_2025__Positive Regulation of Phagocytosis (GO:0050766)
GO:0048585,0.4794753503607096,1.4761196551670404,0.4906833252082963,22.87%,APPL2;LYN;MPIG6B;UBASH3B;LPCAT3;GGT7,GO_Biological_Process_2025__Negative Regulation of Response to Stimulus (GO:0048585)
GO:0006886,0.3483495454985595,1.4761015764442231,0.4885900266671178,41.96%,RANBP3;STK24;COPB2;STX11;APPL2;STK4;STAT3;RAB32;IPO5;LMAN1;RAB6B;SNX9;STX7;NSF;VPS26B;VPS13C;RAB18;RAB6A;USO1;CTTN;VPS13A;COPZ1;SNX6;TSG101;AP3D1;ARF5;TMED2;ARF6;RAB21;STX4;NAPG;CLTC;TMED9;RAB3GAP2;STXBP3;RTN2;HSPA4;RAB5B;SNX1;HDAC6;AP3B1;TMED7;TGFB1;APPL1;TNPO1;KPNA1;KPNB1;YWHAH;XPO1;TOMM70;HSP90AA1;CALR;NDUFA13;EHD1;ARHGEF2;VPS29;SAMM50;SNX15;SEC23IP;STX12;RAB5C;SURF4;XPO7;MTCH2;RAB7A;TMED4;RAB5A;SEC16A;SIL1;VPS26A;TBC1D13;VPS28;TOMM22;TOMM40;AP2A1;TMED5;TIMM44;WDR11;C2CD5;RAB1B;KPNA3;STXBP2;VPS37B;GRPEL1;HGS;RAB14;RAB38;RAN;VPS45;RAB1A;RAB8B;AKT1;TIMM50;KPNA4;VPS25,GO_Biological_Process_2025__Intracellular Protein Transport (GO:0006886)
GO:0050865,0.6143708778957526,1.475515610277861,0.4885410020845042,25.03%,GNAQ;FCER1G;TEC;EMILIN1,GO_Biological_Process_2025__Regulation of Cell Activation (GO:0050865)
GO:0045666,0.5539473684210526,1.4710897571686972,0.4974810840408571,44.72%,APP;RHOA;FGFR1;CPNE1;ARHGEF2;NRCAM;VWC2;IMPACT,GO_Biological_Process_2025__Positive Regulation of Neuron Differentiation (GO:0045666)
GO:2001135,0.5889849751178607,1.4707505668136247,0.496465346528237,34.80%,SORL1;EHD2;RAB11A;EHD1;RAB11FIP3;EIPR1,GO_Biological_Process_2025__Regulation of Endocytic Recycling (GO:2001135)
GO:0055075,0.6410630381794467,1.4699232041676642,0.4950372950740708,13.94%,ATP1B3;YWHAE;PRKCA,GO_Biological_Process_2025__Potassium Ion Homeostasis (GO:0055075)
GO:0030007,0.6410630381794467,1.4699232041676642,0.4950372950740708,13.94%,ATP1B3;YWHAE;PRKCA,GO_Biological_Process_2025__Intracellular Potassium Ion Homeostasis (GO:0030007)
GO:0071559,0.5403490775952264,1.4695545311935123,0.4941042820632312,33.80%,ROCK2;PDE3A;ROCK1;MXRA5;TGFB1;CRKL;LIMS1,GO_Biological_Process_2025__Response to Transforming Growth Factor Beta (GO:0071559)
GO:2000353,0.6078379800105209,1.468961930893072,0.493860860372525,39.31%,ANO6;TGFB1;ITGA4;THBS1;CD40LG;RGCC,GO_Biological_Process_2025__Positive Regulation of Endothelial Cell Apoptotic Process (GO:2000353)
GO:0043330,0.617483781821242,1.4670427243082522,0.4983370079679076,2.68%,FLOT1;MAVS,GO_Biological_Process_2025__Response to Exogenous dsRNA (GO:0043330)
GO:0090200,0.6127256265358416,1.4662072480504442,0.4991457086566467,29.44%,FAM162A;BID;TNFSF10;BAX,GO_Biological_Process_2025__Positive Regulation of Release of Cytochrome C From Mitochondria (GO:0090200)
GO:0008631,0.5924283276720178,1.46426925826857,0.5018472474052745,27.49%,STK24;PRKCD;MAP3K5;PDCD10;UACA,GO_Biological_Process_2025__Intrinsic Apoptotic Signaling Pathway in Response to Oxidative Stress (GO:0008631)
GO:0045995,-0.3648577449947313,-1.4642045248566091,0.6301643859049278,63.66%,B4GALT5;POGLUT1;CDK1;DAG1;RUVBL1;RUVBL2;BAG6;CLASP2;SEPTIN7;UCHL5;RAB14;PLCB1,GO_Biological_Process_2025__Regulation of Embryonic Development (GO:0045995)
GO:0034315,0.5021708770554703,1.4635387158525333,0.5020873374068655,31.49%,CYFIP1;NCKAP1;WASF2;BRK1;WASF1;CORO1B;WASF3;CARMIL1,GO_Biological_Process_2025__Regulation of Arp2/3 Complex-Mediated Actin Nucleation (GO:0034315)
GO:0051604,0.3827924145139199,1.462677934005871,0.5031089704725353,43.22%,ADAM10;AEBP1;CPE;ECE1;RAP1GDS1;DNAJB11;TLL2;TSPAN14;PCSK5;UBAC1;CCS;CPNE1;CALR;ZMPSTE24;CASP3;CIAO2A;TESC;ATG4A;TSPAN15;AZU1;AFG3L2;TSPAN33;CTSG;DDI2;FNTA;IKBKB;NDUFAB1;ATG4B;PCSK6;AASDHPPT;F7;CIAO1;SRGN;CTSS,GO_Biological_Process_2025__Protein Maturation (GO:0051604)
GO:0022408,0.4607177221289099,1.4626484574708634,0.501119428620499,45.54%,MIA3;PPM1F;MYADM;PTK2;TGFB1;NOTCH1;RDX;PODXL;WNK1;RGCC;AKT1;PRG2;JAG1,GO_Biological_Process_2025__Negative Regulation of Cell-Cell Adhesion (GO:0022408)
GO:0010629,0.3602227515435623,1.4612969853293667,0.5038494229367199,30.15%,C1QTNF3;ROCK2;ADAM10;FLOT2;PRKAR1A;STAT3;ROCK1;CNPY2;MYADM;APP;NTS;LSM2;EIF4A3;SMYD5;EPRS1;STC2;YBX1;HDAC6;NRXN1;TGFB1;CPNE1;SERBP1;SND1;TARDBP;CALR;PICALM;PROC;CASP3;DDX3X;ILF3;PDCD10;DDX6;EMILIN1;SLFN14;FTO;PTBP1;NOTCH2;LSM6;CLDN5;CLDN3;NOTCH1;CRKL,GO_Biological_Process_2025__Negative Regulation of Gene Expression (GO:0010629)
GO:0062207,0.5585040764208415,1.4606930636404325,0.5038544791625641,37.24%,APPL2;FLOT1;APPL1;CD36;PIK3R1;IKBKB,GO_Biological_Process_2025__Regulation of Pattern Recognition Receptor Signaling Pathway (GO:0062207)
GO:0043067,0.3774423181624228,1.4574468148848965,0.5129747225562458,24.16%,PSMC5;NAE1;SLK;HS1BP3;STK26;ACTN4;XPNPEP1;ANP32B;ANP32A;ACTN2;ASAH1;LRP8;ACTN1;TOMM70;STAT1;TARDBP;HSP90AA1;CALR;VCP;MADD;RTN4;TGM2,GO_Biological_Process_2025__Regulation of Programmed Cell Death (GO:0043067)
GO:2000404,0.5511979833837855,1.4572618843170768,0.5115279432201687,27.26%,APP;RHOA;PPP1R9B;DOCK8;P4HB,GO_Biological_Process_2025__Regulation of T Cell Migration (GO:2000404)
GO:0001778,0.5274674324959508,1.4572605381417136,0.5094525636041198,41.83%,SYTL4;CHMP4B;MYH9;CHMP5;VPS4A;VPS4B;ARL8B;CHMP6;CHMP2A,GO_Biological_Process_2025__Plasma Membrane Repair (GO:0001778)
GO:0007080,0.4647718898453986,1.4571139913669482,0.5078763023587721,41.83%,MAPRE1;NUDC;CHMP4B;KPNB1;CHMP5;RAB11A;EML4;VPS4A;VPS4B;PDCD6IP;EML3;DCTN2;CHMP6;CHMP2A,GO_Biological_Process_2025__Mitotic Metaphase Chromosome Alignment (GO:0007080)
GO:0140053,-0.4363157894736842,-1.456065215703272,0.6353910633865492,56.49%,MRPL18;MRPS27;MRPL19;MRPL11;TFAM;MRPL12;IARS2;HARS1,GO_Biological_Process_2025__Mitochondrial Gene Expression (GO:0140053)
GO:0051310,0.461344942512377,1.455707283137745,0.5104494831169685,41.83%,NUDC;CHMP4B;KPNB1;CHMP5;RAB11A;EML4;VPS4A;VPS4B;PDCD6IP;EML3;DCTN2;MAP1S;CHMP6;CHMP2A,GO_Biological_Process_2025__Metaphase Chromosome Alignment (GO:0051310)
GO:0051036,0.6020515518148343,1.4549031781070672,0.5089848106599719,39.89%,SNAPIN;RAB5A;BLOC1S1;BORCS7;BORCS5;BORCS6,GO_Biological_Process_2025__Regulation of Endosome Size (GO:0051036)
GO:0043933,0.3885561678850912,1.454449113648535,0.5084593157507145,37.13%,WAS;WIPF1;ELOB;SNX9;WASF1;TAPBP;CD2AP;NCKAP1L;NAPG;AP2M1;VAMP3;LAMC1;PICALM;PROC;PPP2R1A;CSNK2B;IKBKG;WASF3;PARD3;DMTN;PTK2B;SLC2A1;KPNA3;CAPZA1,GO_Biological_Process_2025__Protein-Containing Complex Organization (GO:0043933)
GO:0048566,0.6160092281996712,1.4537953131722885,0.5088600375099004,17.78%,FGFR2;PDGFRA;PCSK5;PKDCC,GO_Biological_Process_2025__Embryonic Digestive Tract Development (GO:0048566)
GO:0002092,0.5623808772711906,1.4537044095058538,0.5071678386624973,9.82%,CD63;EGF;APP;ANGPT1,GO_Biological_Process_2025__Positive Regulation of Receptor Internalization (GO:0002092)
GO:0032886,0.4672635135350916,1.453268656901316,0.5067138469887029,23.11%,ROCK1;MACF1;BICD2;TAOK1;DIAPH1;HDAC6;SNCA;PROC,GO_Biological_Process_2025__Regulation of Microtubule-Based Process (GO:0032886)
GO:0000070,0.4116808460900082,1.4531061454530962,0.5052595533093659,38.60%,RAB33B;RHOA;KIF2A;NUDC;CHMP4B;PPP1CC;KPNB1;CHMP5;RAB11A;FLNA;EML4;ABRAXAS2;VPS4A;VPS4B;PDCD6IP;EML3;DCTN2;SMC1A;GOLGA2;RAN;CHMP6,GO_Biological_Process_2025__Mitotic Sister Chromatid Segregation (GO:0000070)
GO:0022607,0.3559752876934098,1.4523631948586608,0.5058395796414099,44.38%,SPTBN1;WAS;WIPF1;ADD1;NCKAP1;ELOB;SNX9;STX7;RTN1;LIMA1;RTN3;WASF1;TAPBP;CD2AP;NCKAP1L;RHOA;NAPG;AP2M1;GAS6;RTN2;VAMP3;TGFB1;LAMC1;YWHAZ;RTN4;PICALM;PROC;PDCD10;PPP2R1A;CORO1B;CSNK2B;MAPRE2;MICAL1;IKBKG;WASF3;PARD3;DMTN;CLDN3;VDAC3;PTK2B;CDHR2;SLC2A1;KPNA3;CALD1;CAPZA1;PAWR;ADD2;EPPK1;PDGFA;GORASP2;CAPZA2;DARS1;NLGN1;PARVB,GO_Biological_Process_2025__Cellular Component Assembly (GO:0022607)
GO:1901888,0.5112837070725078,1.4523567879793284,0.5038943180320384,13.94%,ROCK2;FLOT1;ROCK1;RAP1A;PRKCA,GO_Biological_Process_2025__Regulation of Cell Junction Assembly (GO:1901888)
GO:2001044,0.5131708145752979,1.4512860204419105,0.5055245712728289,34.11%,LMNB2;CD63;LAMA2;LAMC1;NID1;FLNA;LIMS1;LAMB1,GO_Biological_Process_2025__Regulation of Integrin-Mediated Signaling Pathway (GO:2001044)
GO:0090101,0.4172967328799145,1.450480109112472,0.506218500108925,32.85%,SORL1;DKK3;USP15;PPM1A;CHRDL2;TNFAIP6;CDH15;SNX6;FST;EMILIN1;FSTL3;LRRC32;NOTCH1;CRKL;ASPN;ADAMTSL2,GO_Biological_Process_2025__- Reg of Transmembrane Receptor Prot Serine/Threonine Kinase Sgnlng Pway (GO:0090101)
GO:0030833,0.4055826924518892,1.449300649973838,0.5081794424841469,13.71%,HCLS1;NCKAP1;ESAM;SNX9;PRKCD;CTTN;MYADM;NCK2;CRACD;NCKAP1L;ARF6;ARHGEF7,GO_Biological_Process_2025__Regulation of Actin Filament Polymerization (GO:0030833)
GO:0048488,0.4845931754378358,1.4482776006328817,0.5098386673580876,28.23%,DNM2;AP2B1;AP2M1;DNM1;CANX;STON2;SNCA;AP2S1;PIP5K1C,GO_Biological_Process_2025__Synaptic Vesicle Endocytosis (GO:0048488)
GO:0071805,0.6131199150163185,1.4475174125412194,0.5104630901840331,21.01%,SLC9A9;ATP1B3;SLC9A1;LETM1,GO_Biological_Process_2025__Potassium Ion Transmembrane Transport (GO:0071805)
GO:0002431,0.48326691654198,1.4469592683220158,0.5104688198393104,46.69%,LYN;FCER1G;PRKCD;FYN;PTK2;VAV1;PKN1;FCER2;SRC;HCK;FGR;MYO1G,GO_Biological_Process_2025__Fc Receptor Mediated Stimulatory Signaling Pathway (GO:0002431)
GO:1903541,0.4822106189979304,1.4431520909167397,0.5199058958907411,41.83%,SDCBP;SDC4;TSG101;RAB7A;VPS4A;VPS4B;PDCD6IP;SDC1;HGS;CHMP6;CHMP2A,GO_Biological_Process_2025__Regulation of Exosomal Secretion (GO:1903541)
GO:1903608,0.6493513893420544,1.4428708259675955,0.5189396214643326,23.98%,YBX1;DDX1;PKN1;DDX3X,GO_Biological_Process_2025__Protein Localization to Cytoplasmic Stress Granule (GO:1903608)
GO:1901223,0.5196487870793108,1.442750207670701,0.5174274627608798,29.60%,C1QTNF3;PPM1A;RELA;CPNE1;DDX3X;UACA;PPM1B,GO_Biological_Process_2025__Negative Regulation of Non-Canonical NF-kappaB Signal Transduction (GO:1901223)
GO:0006468,0.3485656708876871,1.4419122314879214,0.5185422793558715,43.54%,ROCK2;STK24;ADAM10;PRDX4;LYN;STK4;FGFR2;PRKCB;KALRN;ROCK1;SLK;COPS2;PRKG1;CDC42BPB;PRKCD;TNIK;CAMK1;CSK;PDGFRA;PRKACB;STK26;BCR;STK10;FYN;TAOK1;PTK2;PRKCA;PDGFRB;FGFR1;TAOK3;GAS6;BTK;CLSTN1;PKDCC;NTRK2;MYLK;YWHAZ;PRKCQ;PKN1;TEC;STK39;ILF3;CSNK2B;RELN;PRKAG1;WNK1;MINK1;PTK2B;CTSG;IKBKB;MAPK14;FLT4;MAPKAPK3;MAPK1;MAP4K4;SRC;COPS8;PPP3CB;AKT1;HCK;FGR;CSF1R;DDR2;HTATIP2;MAP3K7,GO_Biological_Process_2025__Protein Phosphorylation (GO:0006468)
GO:0000281,0.4377468314953966,1.4413824421456372,0.5184190252778709,45.90%,ROCK2;MYH14;SPTBN1;ROCK1;SNX9;SEPTIN6;CHMP4B;PROC;PDCD6IP;EXOC7;SNX18;EXOC2;EXOC4;EXOC8;STAMBP;EXOC3,GO_Biological_Process_2025__Mitotic Cytokinesis (GO:0000281)
GO:0042104,-0.4848724019994738,-1.4379210795229878,0.6732285693059324,51.63%,IGFBP2;PYCARD;IGF1;PPP3CA;RPS3;HMGB1;IL18,GO_Biological_Process_2025__Positive Regulation of Activated T Cell Proliferation (GO:0042104)
GO:0043001,0.4863068678625847,1.4362326091158186,0.532820087236022,7.35%,RAB10;SPTBN1;NSF;MACF1;ASAP1,GO_Biological_Process_2025__Golgi to Plasma Membrane Protein Transport (GO:0043001)
GO:1903844,0.6346077155600317,1.4359681378113855,0.5318638460152559,6.36%,DKK3;LTBP4,GO_Biological_Process_2025__Regulation of Cellular Response to Transforming Growth Factor Beta Stimulus (GO:1903844)
GO:0032210,0.4655195932880688,1.4350472423196845,0.5312155767193119,34.06%,PTGES3;TCP1;CTNNB1;CCT8;HSP90AA1;CCT7;HNRNPD;CCT4;CCT3;CCT5,GO_Biological_Process_2025__Regulation of Telomere Maintenance via Telomerase (GO:0032210)
GO:0090161,0.6421246384433341,1.4348570530823783,0.5299784443981456,35.87%,MYO18A;PRMT5;OPTN;TMED5;GOLGA2,GO_Biological_Process_2025__Golgi Ribbon Formation (GO:0090161)
GO:0042775,0.3864193916192924,1.434778652284786,0.5283792840579138,48.77%,COX5A;UQCRC2;UQCRC1;SDHA;NDUFS1;NDUFS3;NDUFA8;SDHB;COX6C;NDUFS2;UQCRB;NDUFA4;NDUFV2;NDUFB3;NDUFV1;NDUFA7;NDUFA10;NDUFA6;NDUFA5;UQCR11;NDUFAB1;NDUFS8;NDUFS4;NDUFS5;COX6A1;NDUFA9;NDUFB1;NDUFA2;UQCRQ;UQCR10,GO_Biological_Process_2025__Mitochondrial ATP Synthesis Coupled Electron Transport (GO:0042775)
GO:0002690,0.4353056720910593,1.4336759596370623,0.530310486230738,42.65%,ANO6;APP;PTK2;GAS6;CSF1;CALR;THBS1;S100A7;MAPK1;F7;SERPINE1;VEGFC;CSF1R,GO_Biological_Process_2025__Positive Regulation of Leukocyte Chemotaxis (GO:0002690)
GO:0060143,0.5348166192822947,1.432796610528891,0.5296990853818813,24.53%,FLOT1;CAMK1;CD53;EHD2;EHD1,GO_Biological_Process_2025__Positive Regulation of Syncytium Formation by Plasma Membrane Fusion (GO:0060143)
GO:0030522,0.5309574156649541,1.4321098090100417,0.5304656086489145,23.98%,MAVS;STAT3;IPO5;YWHAE;TRIM25;DDX3X,GO_Biological_Process_2025__Intracellular Receptor Signaling Pathway (GO:0030522)
GO:0002456,-0.3954713006845708,-1.4316561370317369,0.6741237588418193,60.58%,CD8A;HLA-A;GNL1;CD46;CTSH;MYO1G;CRTAM;JAG1;C4BPA;CADM1,GO_Biological_Process_2025__T Cell Mediated Immunity (GO:0002456)
GO:1900087,0.5549823693208983,1.4313030816166432,0.5312792326936995,41.15%,ADAMTS1;DDX3X;RDX;PLCB1;RGCC;EIF4G1;AKT1,GO_Biological_Process_2025__Positive Regulation of G1/S Transition of Mitotic Cell Cycle (GO:1900087)
GO:0051053,-0.4022704389226371,-1.4310888169800722,0.6580571932046505,42.44%,H1-5;XRCC5;TERF2IP;SUB1;NIBAN2;S100A11;GDF2;RPS3,GO_Biological_Process_2025__Negative Regulation of DNA Metabolic Process (GO:0051053)
GO:0044773,0.5298947660822534,1.4302328947581393,0.5331344881340792,41.20%,TAOK1;TAOK3;BABAM2;BRCC3;CDK5RAP3;BABAM1;MUC1,GO_Biological_Process_2025__Mitotic DNA Damage Checkpoint Signaling (GO:0044773)
GO:0060071,0.6341968022675747,1.4294053353115008,0.5323406264289892,13.13%,CELSR1;DAAM1;RHOA,"GO_Biological_Process_2025__Wnt Signaling Pathway, Planar Cell Polarity Pathway (GO:0060071)"
GO:0071763,0.465287013400404,1.4269711058552836,0.5389952339755991,43.12%,DCTN1;EMD;CHMP4B;TOR1A;TARDBP;CHMP5;TMEM43;VPS4A;VPS4B;CHMP6;CHMP2A;NSFL1C,GO_Biological_Process_2025__Nuclear Membrane Organization (GO:0071763)
GO:0030101,0.5249959247296683,1.4267092334810827,0.5379712625912069,17.62%,PTPRC;FYN;VAV1;CLSTN1,GO_Biological_Process_2025__Natural Killer Cell Activation (GO:0030101)
GO:1903140,0.5323380728372352,1.4262521332496982,0.5376233772306457,37.24%,ROCK2;PPP1R12A;ROCK1;PROC;F11R;CLDN5;IKBKB,GO_Biological_Process_2025__Regulation of Establishment of Endothelial Barrier (GO:1903140)
GO:0032008,0.4196762897863735,1.425581351772136,0.5380641864371586,52.39%,LAMTOR1;NCKAP1L;LAMTOR3;GAS6;USP9X;LAMTOR5;USP4;OTUB1;RELN;PRMT1;LAMTOR2;RHEB;SRC;F7;LAMTOR4;TBK1;CUL3;MAT2A;SEC13;LONP1;SYK,GO_Biological_Process_2025__Positive Regulation of TOR Signaling (GO:0032008)
GO:1904376,0.4730441249380837,1.4240571783810292,0.5394798888926196,36.76%,LRRC15;AP2M1;CLTC;TGFB1;PICALM;DAB2;TMBIM1;WNK1;BCL2L1;TMEM59,GO_Biological_Process_2025__Negative Regulation of Protein Localization to Cell Periphery (GO:1904376)
GO:0051726,0.3687476318422554,1.421470787972577,0.5448245441709391,28.68%,COPS5;FGFR2;RAD23A;STAT3;PTPRC;IPO5;SDCBP;PPM1A;YWHAE;PPP1R9B;PRKCA;NEK9;TTLL12;TGFB1;SND1;TARDBP;HSP90AB1;CALR;MADD;CDK5RAP3;ZPR1;SIRT2;AKT2;PRKAG1,GO_Biological_Process_2025__Regulation of Cell Cycle (GO:0051726)
GO:0090505,0.5524875060240031,1.4207967558163428,0.5453979066640146,25.24%,CD151;RHOA;TOR1A;PDCD10;FLNA,GO_Biological_Process_2025__Epiboly Involved in Wound Healing (GO:0090505)
GO:1900426,0.5993328662512374,1.4202511473665491,0.5416630514792203,26.94%,EMILIN2;EMILIN1;PGC,GO_Biological_Process_2025__Positive Regulation of Defense Response to Bacterium (GO:1900426)
GO:0010952,0.6378788580332508,1.4190752369884478,0.5438968411736369,32.64%,RCN3;VCP;VSIR;DDRGK1,GO_Biological_Process_2025__Positive Regulation of Peptidase Activity (GO:0010952)
GO:0010543,0.4112715825302943,1.418584440193869,0.5439383789038228,30.33%,GNAQ;PLA2G4A;LYN;FCER1G;PDGFRA;PRKCA;GP9;PRKCQ;PEAR1;TEC;FLNA;SVEP1;GP1BB,GO_Biological_Process_2025__Regulation of Platelet Activation (GO:0010543)
GO:1905155,0.630582519658465,1.4185487027104464,0.5422509004020919,19.91%,APPL2;NCKAP1L;PLCG2,GO_Biological_Process_2025__Positive Regulation of Membrane Invagination (GO:1905155)
GO:0062014,0.5666398456523503,1.418034439553874,0.5420515082652757,2.49%,C1QTNF3;STK4,GO_Biological_Process_2025__Negative Regulation of Small Molecule Metabolic Process (GO:0062014)
GO:0001921,0.595846039138523,1.417581421628341,0.5417553123215124,21.30%,NSF;ECE1;VAMP3;SNCA,GO_Biological_Process_2025__Positive Regulation of Receptor Recycling (GO:0001921)
GO:0050767,0.4651129989136435,1.417305806049017,0.5409720592289539,35.35%,SORL1;APPL2;PRUNE1;HMGB2;HOOK3;CTNNB1;NAP1L1;TGM2;NOTCH1;CX3CL1,GO_Biological_Process_2025__Regulation of Neurogenesis (GO:0050767)
GO:0061709,0.5499097039482362,1.4161197516510895,0.5415164357163412,39.84%,UBA5;UFM1;UFL1;DDRGK1;ATG9A;TEX264;UFC1,GO_Biological_Process_2025__Reticulophagy (GO:0061709)
GO:0051055,0.5000405519169214,1.4160732852386813,0.5398894626579901,6.25%,ACADVL;TMX1;UBR4,GO_Biological_Process_2025__Negative Regulation of Lipid Biosynthetic Process (GO:0051055)
GO:0034375,-0.3497877700477862,-1.4158696149582433,0.6709478821369314,25.55%,APOA4;APOC1;APOA1;LCAT;APOA2;APOC3;APOE;APOM;PLTP;LIPC;CETP,GO_Biological_Process_2025__High-Density Lipoprotein Particle Remodeling (GO:0034375)
GO:0072599,0.5179305190579749,1.4158575699295763,0.5387879248076844,30.96%,RAB10;RAB3GAP1;SPCS3;RAB3GAP2;SRPRA;SPCS2,GO_Biological_Process_2025__Establishment of Protein Localization to Endoplasmic Reticulum (GO:0072599)
GO:2001046,0.5190692678100743,1.415419024389616,0.5385241834159764,34.11%,LMNB2;LAMA2;LAMC1;NID1;FLNA;LIMS1;LAMB1,GO_Biological_Process_2025__Positive Regulation of Integrin-Mediated Signaling Pathway (GO:2001046)
GO:0002429,0.5855328434280794,1.4148953369719064,0.538751236850968,20.19%,LYN;FCER1G;SLA2,GO_Biological_Process_2025__Immune Response-Activating Cell Surface Receptor Signaling Pathway (GO:0002429)
GO:0070588,0.4280560359785626,1.4147118734380877,0.5376640771215618,21.01%,ATP2A3;ATP2A2;ASPH;MCU;ATP2C1;GAS6;P2RX1;LETM1,GO_Biological_Process_2025__Calcium Ion Transmembrane Transport (GO:0070588)
GO:0070925,0.3450429991927395,1.4142676158232734,0.5374795612083081,53.97%,ATP2A2;AP1M1;RAB33B;RAB32;STX7;ASAP1;TSG101;AP3D1;SNAP29;FNBP1L;AP3M1;AP1S1;EHD4;CHMP4B;VTA1;EHD2;HDAC6;AP1G1;AP3B1;ATG7;ATG3;ABCB6;ABCC4;ATG16L1;RILPL2;USP9X;CHMP5;RAB11A;EHD3;EHD1;FLNA;TXNDC15;ATP6V0D1;STX12;IST1;AP3S1;RAB7A;VPS4A;AP1S2;VPS4B;PDCD6IP;NOTCH1;ATG4A;VPS28;SRPX;WNK1;ATG9A;WDR11;RAB1B;VPS37B;HGS;RAB14;RAB38;ABLIM3;ATG4B;CHMP6;RAB1A;ACTR3;RAB8B;CHMP2A;VPS25;GORASP2;NSFL1C;SEPTIN7;SQSTM1;TMEM41B;ABLIM1;CORO1A;GABARAPL2;ACTR2;ARF4;AP1B1;TRAF6;SEPTIN2;SNF8;FXR1;RAB8A;HPS4,GO_Biological_Process_2025__Organelle Assembly (GO:0070925)
GO:1902531,0.3549238388004357,1.4134275280315425,0.5386163622761356,47.58%,STK24;ARAP1;ARHGAP6;LYN;STK4;KALRN;GRAP2;AKAP12;GNA13;PPM1A;ARHGAP45;TNIK;DEF6;BCR;RCN3;ARHGEF7;TAOK3;VAV1;ARHGAP4;DOCK8;RRAS;ARHGEF1;PLCG2;ATP6AP2;CPNE1;PKN1;PRMT5;PTPN11;ARHGEF2;PIP5K1C;PECAM1;PPM1B;UFL1;GRB2;OPTN;MINK1;ACVR1;MAP4K4;MYO9B;AKT1;CSF1R;FGD3;RPL5;NLGN1;SQSTM1;GMIP;RHOF;ARHGAP10;ARHGAP18;VWF;DLG1,GO_Biological_Process_2025__Regulation of Intracellular Signal Transduction (GO:1902531)
GO:0046488,0.4240794780641124,1.4131794165152345,0.537732581943411,42.31%,SACM1L;PLCB2;PLCB3;PLCG2;PI4KA;PIP5K1C;INPPL1;INPP4B;INPP5B;IMPA1;PITPNM2;PLCB1;MTMR12;CDIPT;MTM1;PIP4P2,GO_Biological_Process_2025__Phosphatidylinositol Metabolic Process (GO:0046488)
GO:1905897,0.6349985910873597,1.4120724735896395,0.5398553050608583,20.85%,APP;MANF;LPCAT3,GO_Biological_Process_2025__Regulation of Response to Endoplasmic Reticulum Stress (GO:1905897)
GO:0043434,0.4226650917046788,1.4109267439940607,0.542193401630002,42.52%,ROCK2;STAT3;ROCK1;EIF6;EIF2B3;STAT5B;SORT1;STAT1;EIF2B5;SLC2A1;EIF2B2;SRC;AKT1;EIF2B1,GO_Biological_Process_2025__Response to Peptide Hormone (GO:0043434)
GO:0085029,0.5240987178034533,1.4097155464480684,0.5446041693790887,27.70%,LTBP4;EFEMP2;GAS6;TGFB1;EMILIN1;FBLN5,GO_Biological_Process_2025__Extracellular Matrix Assembly (GO:0085029)
GO:0042219,0.6268049950994703,1.409587664272044,0.5433605545440671,22.87%,ABHD16A;ALDH4A1;GGT7,GO_Biological_Process_2025__Modified Amino Acid Catabolic Process (GO:0042219)
GO:0032418,0.4309894292948755,1.4094304376617948,0.5422428085456766,39.89%,SYTL4;KIF5B;LAMTOR1;HDAC6;CLSTN1;MYH9;SNAPIN;CHGA;SPAG9;BLOC1S1;BORCS7;BORCS5;BORCS6,GO_Biological_Process_2025__Lysosome Localization (GO:0032418)
GO:0050848,0.4637700482611793,1.4088102213605238,0.5428597124625714,20.19%,PTPRC;PDGFRA;ITPR1;PRKCA;PDGFRB;PLCG2;SLA2,GO_Biological_Process_2025__Regulation of Calcium-Mediated Signaling (GO:0050848)
GO:0051336,0.4158247374055114,1.4057824826491216,0.5517782179090659,23.79%,PDE3A;RAB3GAP1;PRKG1;TBC1D15;PTK2;VAV1;RAB3GAP2;NTRK2;RABGAP1;CDK5RAP3,GO_Biological_Process_2025__Regulation of Hydrolase Activity (GO:0051336)
GO:0038096,0.4776080084299262,1.405192058426271,0.5521645564877878,52.39%,LYN;PRKCD;FYN;PTK2;VAV1;PKN1;FCER2;SRC;HCK;FGR;MYO1G;SYK,GO_Biological_Process_2025__Fc-gamma Receptor Signaling Pathway Involved in Phagocytosis (GO:0038096)
GO:0001960,0.4910149244216991,1.4050588475709131,0.5509597002025377,19.17%,MAVS;PTPRC;GAS6;TTLL12;TINAGL1,GO_Biological_Process_2025__Negative Regulation of Cytokine-Mediated Signaling Pathway (GO:0001960)
GO:0009167,0.5355300214273736,1.405057436009307,0.5492608757630536,26.55%,AK3;AMPD2;GMPS;PFAS;GART,GO_Biological_Process_2025__Purine Ribonucleoside Monophosphate Metabolic Process (GO:0009167)
GO:0051489,0.4417236222634773,1.4033518269682723,0.5535225907196393,46.43%,ARAP1;PRKCD;FNBP1L;ARF6;NRXN1;RALA;RAB5A;DMTN;AGRN;PIK3R1;NRP1;DOCK11;NLGN1;CDC42,GO_Biological_Process_2025__Regulation of Filopodium Assembly (GO:0051489)
GO:0006626,0.4208633118147738,1.4016238724866754,0.5576425259803759,44.46%,BCAP31;AIFM1;FBXO7;HSPA4;TOMM70;HSP90AA1;NDUFA13;SAMM50;MTCH2;TOMM22;TOMM40;TIMM44;MFF;GRPEL1;TIMM50;MFN2,GO_Biological_Process_2025__Protein Targeting to Mitochondrion (GO:0006626)
GO:1904706,0.6151814879466114,1.4015841168811198,0.5560630261935042,13.10%,PRKG1;EFEMP2;TPM1,GO_Biological_Process_2025__Negative Regulation of Vascular Associated Smooth Muscle Cell Proliferation (GO:1904706)
GO:1903077,0.4456192606066831,1.401227696246173,0.555695222581763,48.03%,LRRC15;CSK;AP2M1;CLTC;PKDCC;TGFB1;PICALM;DAB2;TMBIM1;WNK1;BCL2L1;TMEM59;LYPLAL1;NUMB;LYPLA1,GO_Biological_Process_2025__Negative Regulation of Protein Localization to Plasma Membrane (GO:1903077)
GO:0051347,-0.4303764148460121,-1.400813665192873,0.7026667680241174,57.09%,UBE2I;APOA1;DBI;RPS2;APOA2;APOE;UBE2L3;CD74;PCNA,GO_Biological_Process_2025__Positive Regulation of Transferase Activity (GO:0051347)
GO:0008544,0.4331471365189215,1.400468494216809,0.5567477928868708,15.18%,ATP2A2;WAS;FLOT2;FGFR2;LAMA4;ATP2C1;YBX1,GO_Biological_Process_2025__Epidermis Development (GO:0008544)
GO:0032370,-0.5098606363397318,-1.3999347002131095,0.6885863679069113,49.11%,DBI;APOE;CETP;PRAP1;GPNMB,GO_Biological_Process_2025__Positive Regulation of Lipid Transport (GO:0032370)
GO:0032528,0.5383239649544107,1.3996810201820613,0.5576378566689225,10.85%,RAP2B;RAP1A;TNIK;STK26,GO_Biological_Process_2025__Microvillus Organization (GO:0032528)
GO:0042339,-0.468034727703236,-1.3994556174313864,0.6743949923490382,53.31%,GNS;GLB1;B3GNT7;CHST1;B4GAT1;ST3GAL1;ST3GAL6,GO_Biological_Process_2025__Keratan Sulfate Proteoglycan Metabolic Process (GO:0042339)
GO:1903551,0.6254471774244643,1.398577921300435,0.5598841320414534,10.08%,SDCBP;SDC4;TSG101,GO_Biological_Process_2025__Regulation of Extracellular Exosome Assembly (GO:1903551)
GO:0070168,0.5057818335754909,1.3985430222560138,0.5583008867672126,41.86%,ROCK2;ROCK1;GAS6;TGFB1;NOTCH1;ASPN;PTK2B;SRGN,GO_Biological_Process_2025__Negative Regulation of Biomineral Tissue Development (GO:0070168)
GO:1904892,0.5482965094750816,1.3980447246609318,0.5583810268593408,19.09%,IL7R;STK4;EGF;TGFB1,GO_Biological_Process_2025__Regulation of Receptor Signaling Pathway via STAT (GO:1904892)
GO:0015670,0.6156836661610361,1.396920971923754,0.558838482672231,12.71%,RHAG,GO_Biological_Process_2025__Carbon Dioxide Transport (GO:0015670)
GO:0032648,0.4646638688100902,1.3966188508831587,0.558211774561284,29.60%,FLOT1;MAVS;TOMM70;HSP90AA1;ZC3HAV1;DDX3X;PTPN11;PPM1B,GO_Biological_Process_2025__Regulation of Interferon-Beta Production (GO:0032648)
GO:0033674,0.4322007389849703,1.3964765996728892,0.5570098293005068,34.22%,PTPRC;SNX9;RAP1A;LCP2;PTK2;GAS6;MAP3K5;RELN;PRKAG1;MAP2K3;PTK2B,GO_Biological_Process_2025__Positive Regulation of Kinase Activity (GO:0033674)
GO:0051056,0.361383172521481,1.396403020547216,0.5556128525252733,48.69%,ARAP1;ARHGAP6;KALRN;GNA13;ARHGAP45;DEF6;BCR;CD2AP;ARF6;VAV1;GIT1;ARHGAP4;ARHGAP17;DOCK8;ARHGEF1;MADD;TGM2;PDCD10;ARHGEF2;RELN;RDX;ARFGAP1;WNK1;DOCK10;DENND3;DOCK11;SRC;MYO9B;FGD3;SQSTM1;GMIP;RHOF;ARHGAP10;DENND4C;ARHGAP18;ARHGDIB;ARHGAP25,GO_Biological_Process_2025__Regulation of Small GTPase Mediated Signal Transduction (GO:0051056)
GO:0141161,0.5888063008969684,1.395271807984058,0.5578527142733933,9.43%,PRKAR1A;PRKAR2A;APP,GO_Biological_Process_2025__Regulation of cAMP/PKA Signal Transduction (GO:0141161)
GO:1903522,0.6232115735079999,1.395222398995573,0.5563304297269482,13.10%,ECE1;APP;TPM1,GO_Biological_Process_2025__Regulation of Blood Circulation (GO:1903522)
GO:0071392,-0.5469366289771234,-1.3943159654797823,0.6737017409177585,45.40%,EGFR;CRHBP;SFRP1;RUVBL2;RAMP3,GO_Biological_Process_2025__Cellular Response to Estradiol Stimulus (GO:0071392)
GO:1903543,0.4746085720926645,1.393466307559025,0.5607273765431391,41.83%,SDCBP;SDC4;TSG101;RAB7A;VPS4A;VPS4B;PDCD6IP;SDC1;HGS;CHMP2A,GO_Biological_Process_2025__Positive Regulation of Exosomal Secretion (GO:1903543)
GO:0030111,0.4218387800590099,1.3932917989028015,0.559666017222271,31.41%,GNAQ;FGFR2;EMD;MACF1;APP;ATP6V0C;ATP6AP2;HSP90B1;CRBN;PPP1CA,GO_Biological_Process_2025__Regulation of Wnt Signaling Pathway (GO:0030111)
GO:2000573,0.4382399805318194,1.3930566910999036,0.5588620750161227,42.96%,PTGES3;TCP1;PDGFRB;CTNNB1;CCT8;HSP90AA1;CCT7;HNRNPD;CCT4;CCT3;CCT5;RGCC;CCT2;PCNA,GO_Biological_Process_2025__Positive Regulation of DNA Biosynthetic Process (GO:2000573)
GO:0006839,0.4478858919420623,1.3919470199880906,0.5611662060702031,35.66%,PPIF;HSPA4;TOMM70;HSP90AA1;NDUFA13;SAMM50;MTCH2;TOMM22;TOMM40;SLC25A24;BCL2L1,GO_Biological_Process_2025__Mitochondrial Transport (GO:0006839)
GO:0060828,0.3636624784482883,1.391608485175342,0.56075869725858,32.96%,DKK3;STK24;GNAQ;STK4;FGFR2;EMD;USP47;EGF;PPM1A;CDH15;APP;CCAR2;TGFB1;ATP6AP2;VCP;PROC;DDX3X;IGFBP1;DAB2;PPM1B;PPP1CA;WNK1,GO_Biological_Process_2025__Regulation of Canonical Wnt Signaling Pathway (GO:0060828)
GO:0006098,-0.4207894736842105,-1.3905727188546213,0.6701371814420031,58.04%,H6PD;PHGDH;SHPK;TKT;RPIA;TALDO1;PGLS;UBL4A,GO_Biological_Process_2025__Pentose-Phosphate Shunt (GO:0006098)
GO:0006656,0.5556933896017385,1.3900149306835714,0.5631298891995461,20.85%,SLC44A1;SLC44A2;LPCAT3,GO_Biological_Process_2025__Phosphatidylcholine Biosynthetic Process (GO:0006656)
GO:0006099,0.4437106656133451,1.3891798629233905,0.5629400011145739,34.03%,NNT;LDLR;SUCLA2;SDHA;SDHB;OGDH;SUCLG1;IDH3A;SUCLG2;MDH2,GO_Biological_Process_2025__Tricarboxylic Acid Cycle (GO:0006099)
GO:1905476,0.4470362105984437,1.3880651154731227,0.5636268248654434,46.72%,LRRC15;AP2M1;CLTC;TGFB1;PICALM;DAB2;DMTN;TMBIM1;WNK1;BCL2L1;TMEM59;GDI1;NUMB,GO_Biological_Process_2025__Negative Regulation of Protein Localization to Membrane (GO:1905476)
GO:0070830,0.452463451914273,1.3878713533698213,0.5626184491996613,49.95%,ESAM;STRN;RAB13;PROC;PARD3;PECAM1;CLDN5;CLDN3;PDCD6IP;ARL2;TBCD;DLG1;MPP7,GO_Biological_Process_2025__Bicellular Tight Junction Assembly (GO:0070830)
GO:0090160,0.6088571695439355,1.3867380371701237,0.5648640180800047,34.95%,AP1G1;SORT1;EHD3;GAK,GO_Biological_Process_2025__Golgi to Lysosome Transport (GO:0090160)
GO:0000184,0.5277214423499426,1.385699359546852,0.5669010353273605,35.40%,EIF4A3;EIF3E;GSPT1;SMG8;PYM1;UPF1,"GO_Biological_Process_2025__Nuclear-Transcribed mRNA Catabolic Process, Nonsense-Mediated Decay (GO:0000184)"
GO:0010799,0.5164400076962945,1.3853164099935775,0.5667091648017416,44.51%,EGF;SIRT2;PARD3;DMTN;CEMIP;MAPK1;EIF4G1;UBE2K,GO_Biological_Process_2025__Regulation of Peptidyl-Threonine Phosphorylation (GO:0010799)
GO:0034380,0.5837461858112445,1.3852861378659778,0.5652501345093074,13.94%,PRKACB;PRKCA,GO_Biological_Process_2025__High-Density Lipoprotein Particle Assembly (GO:0034380)
GO:0006953,-0.5240599526689456,-1.384785713134111,0.6726772215147614,47.69%,ITIH4;APCS;LBP;CSRP1;MBL2,GO_Biological_Process_2025__Acute-Phase Response (GO:0006953)
GO:0072384,0.4160761022324745,1.3826445246479215,0.571120886971692,46.43%,KIF5B;RAB6A;COPG1;BICD2;SNAPIN;COPG2;BLOC1S1;BORCS7;BORCS5;MAP1S;RAB1A;BORCS6;SLC6A4;RHOT2;PAFAH1B1;CDC42,GO_Biological_Process_2025__Organelle Transport Along Microtubule (GO:0072384)
GO:0070972,0.496151573573597,1.3821093879185344,0.5712392582399903,38.47%,VAPA;MIA3;BCAP31;YWHAE;BCAP29;SEC16A;DDRGK1;HSPA5,GO_Biological_Process_2025__Protein Localization to Endoplasmic Reticulum (GO:0070972)
GO:0032232,0.5328894234651084,1.3818154008563612,0.5691593520219607,4.23%,ARHGAP6;WAS;WASF2,GO_Biological_Process_2025__Negative Regulation of Actin Filament Bundle Assembly (GO:0032232)
GO:0051497,0.5328894234651084,1.3818154008563612,0.5691593520219607,4.23%,ARHGAP6;WAS;WASF2,GO_Biological_Process_2025__Negative Regulation of Stress Fiber Assembly (GO:0051497)
GO:0010518,0.573887743676207,1.3811683634409455,0.5682970521343388,14.18%,FGFR2;FGFR3;FGFR1,GO_Biological_Process_2025__Positive Regulation of Phospholipase Activity (GO:0010518)
GO:0032273,0.3928039165762473,1.3792570089969751,0.5733661356304779,24.32%,DCTN1;NCKAP1;SNX9;MAPRE1;CTTN;NCK2;CRACD;NCKAP1L;ARF6;VTA1;CLIP1;HSP90AA1;PKN1;SLAIN2,GO_Biological_Process_2025__Positive Regulation of Protein Polymerization (GO:0032273)
GO:0008543,0.552239762598754,1.3792163976387868,0.5719113794797582,24.76%,FGFR2;FGFR3;FGFR1;FIBP;PTPN11,GO_Biological_Process_2025__Fibroblast Growth Factor Receptor Signaling Pathway (GO:0008543)
GO:0035296,0.5756089966143727,1.379111562667659,0.5691633493103309,27.31%,ROCK2;ROCK1;ADCY6;GCLM,GO_Biological_Process_2025__Regulation of Tube Diameter (GO:0035296)
GO:0003018,0.5756089966143727,1.379111562667659,0.5691633493103309,27.31%,ROCK2;ROCK1;ADCY6;GCLM,GO_Biological_Process_2025__Vascular Process in Circulatory System (GO:0003018)
GO:0120031,0.3491919856872037,1.3788888085695474,0.568342641373688,44.38%,CYFIP1;ANO6;SDCBP;RAP2B;RAP1A;ASAP1;TNIK;SNAP29;STK26;CD2AP;MTSS1;FNBP1L;ARF6;ARHGEF7;PPP1R9B;ACTN2;EHD4;EHD2;HDAC6;MYLK;RILPL2;USP9X;EHD3;EHD1;FLNA;TXNDC15;ATP6V0D1;DMTN;NOTCH1;CARMIL1;MINK1;WDR11;NRP1;ABLIM3;MAP4K4;EMP3;RAB1A;ACTR3;ARHGEF6;RAB8B;FGD3;SEPTIN7;PARVB,GO_Biological_Process_2025__Plasma Membrane Bounded Cell Projection Assembly (GO:0120031)
GO:0031112,0.4895138376039301,1.37878973682939,0.5671266809104015,24.32%,DCTN1;MAPRE1;VTA1;CLIP1;PKN1;SLAIN2,GO_Biological_Process_2025__Positive Regulation of Microtubule Polymerization or Depolymerization (GO:0031112)
GO:0051247,0.3443951437653359,1.3778358280412786,0.5688549493736249,43.25%,SORL1;ROCK2;LYN;ASPH;EIF3D;SEC22B;NIBAN1;NSF;EIF6;PAEP;APP;PRKCSH;EIF4A3;FAF1;EIF3E;CSF1;ATG7;TGFB1;HSP90AA1;VCP;PICALM;PROC;NDUFA13;STK39;DDX3X;EIF4G3;HNRNPD;IST1;RAB7A;PYM1;PRMT1;VPS28;RDX;THBS1;DDB1;ABCF1;C4BPB;CSDE1;RAB1B;INHBA;RAB1A;EIF4G1;AKT1;STUB1;RPL5;C4BPA,GO_Biological_Process_2025__Positive Regulation of Protein Metabolic Process (GO:0051247)
GO:0007423,0.5363138507518177,1.3766336386503646,0.5716624671412217,8.40%,FREM2;ECE1;RAB18,GO_Biological_Process_2025__Sensory Organ Development (GO:0007423)
GO:2001238,0.5258910360470452,1.376454366793706,0.5707613873831702,39.18%,APP;BID;TNFSF10;THBS1;CD40LG;INHBA,GO_Biological_Process_2025__Positive Regulation of Extrinsic Apoptotic Signaling Pathway (GO:2001238)
GO:0030514,0.5413157894736843,1.3762602412865124,0.5698970107291133,45.98%,SORL1;CHRDL2;TNFAIP6;FBN1;FSTL3;NOTCH1;VWC2;RBPMS2,GO_Biological_Process_2025__Negative Regulation of BMP Signaling Pathway (GO:0030514)
GO:0006107,-0.5287930581120168,-1.376190180355378,0.686223673913271,47.22%,PCK2;FAHD1;MDH1;FAHD2A;NIT2,GO_Biological_Process_2025__Oxaloacetate Metabolic Process (GO:0006107)
GO:0030949,0.6034613789132895,1.3753844654970686,0.5712366560612687,13.08%,MIA3;PRKCB;ITGB3,GO_Biological_Process_2025__Positive Regulation of Vascular Endothelial Growth Factor Receptor Signaling Pathway (GO:0030949)
GO:0022618,0.3596806256597087,1.374947576625871,0.5713496393687565,25.68%,EIF3J;PTGES3;EIF4B;EIF3D;EIF3F;EIF5;EIF3I;EIF6;EIF3K;EIF3G;EIF2S2;EIF3E;DDX1;EIF3H;WDR77;NOL3;HSP90AA1;HSP90AB1;EIF3M;PRMT5;LSM4,GO_Biological_Process_2025__protein-RNA Complex Assembly (GO:0022618)
GO:0010762,0.5076696048716364,1.3748934635144894,0.5700194045720803,42.91%,APPL2;PTK2;ARHGEF7;TGFB1;DMTN;THBS1;CORO1C;DDR2,GO_Biological_Process_2025__Regulation of Fibroblast Migration (GO:0010762)
GO:0060271,0.3793181823759145,1.374368300700752,0.5702689311493127,53.83%,WDR44;DCTN1;ASAP1;SNAP29;FNBP1L;EHD4;EHD2;HDAC6;RILPL2;USP9X;EHD3;EHD1;FLNA;MAPRE2;TXNDC15;ATP6V0D1;NOTCH1;WDR11;ABLIM3;RAB1A;ACTR3;RAB8B;SEPTIN7;ABLIM1;ACTR2;ARF4;SEPTIN2;RAB8A,GO_Biological_Process_2025__Cilium Assembly (GO:0060271)
GO:0048168,0.4980355307997861,1.3741247625174264,0.5695744688565152,28.97%,DBN1;RAB3GAP1;APP;SYAP1;CAMK2G;RAB5A,GO_Biological_Process_2025__Regulation of Neuronal Synaptic Plasticity (GO:0048168)
GO:0010257,0.4811108785617615,1.37370596797591,0.5680168466369996,40.57%,NDUFS1;NDUFS3;NDUFS2;NDUFA13;NDUFB3;NDUFA6;NDUFS8;NDUFS4;NDUFS5,GO_Biological_Process_2025__NADH Dehydrogenase Complex Assembly (GO:0010257)
GO:0032981,0.4811108785617615,1.37370596797591,0.5680168466369996,40.57%,NDUFS1;NDUFS3;NDUFS2;NDUFA13;NDUFB3;NDUFA6;NDUFS8;NDUFS4;NDUFS5,GO_Biological_Process_2025__Mitochondrial Respiratory Chain Complex I Assembly (GO:0032981)
GO:0097435,0.3288777885536222,1.3733131617756331,0.5678351946400256,36.21%,ARAP1;DBN1;TMOD3;ARHGAP6;HCLS1;MYL9;COL14A1;FLII;EMD;COL5A1;FAT1;LTBP4;TNFAIP6;SLK;APP;SPTA1;PLOD3;COL5A2;P4HA1;CLIP2;HOOK3;CD2AP;COL12A1;EFEMP2;TPM1;RHOA;KIF2A;PPP1R9B;TPM4;TLL2;TBCB;BID;CLIP1;ACTN1;SNCA;TARDBP;HSP90AB1;DPT;USP9X;TPM3;SLAIN2;LTBP3;CORO1B;EMILIN1;COL11A2;ARHGEF2;MYO5A;FBLN5;ELMO1;BAX;INPPL1;CARMIL1;CD36;CNN2;CRTAP;CORO1C;LUM;CNN3;CKAP5,GO_Biological_Process_2025__Supramolecular Fiber Organization (GO:0097435)
GO:0042407,0.6199571847358445,1.3732548001959606,0.5665093026769998,25.97%,IMMT;CHCHD3;LETM1;SAMM50,GO_Biological_Process_2025__Cristae Formation (GO:0042407)
GO:0001961,0.5053961568833902,1.372612038064216,0.5672034165159081,49.58%,MAVS;GAS6;CSF1;CPNE1;AXL;UBE2K;CXCR4;CD74;AGPAT1,GO_Biological_Process_2025__Positive Regulation of Cytokine-Mediated Signaling Pathway (GO:0001961)
GO:0008089,0.4450507414500115,1.3721029465606156,0.567424813799815,38.52%,KIF5B;AP3D1;RAB21;AP3M1;RAB27B;SNAPIN;AP3S1;ARL8B;BLOC1S1;ARL8A,GO_Biological_Process_2025__Anterograde Axonal Transport (GO:0008089)
GO:1904263,0.4361317756075543,1.3715861798302076,0.5676039246155173,52.39%,LAMTOR1;LAMTOR3;LAMTOR5;USP4;OTUB1;PRMT1;LAMTOR2;RHEB;SRC;LAMTOR4;TBK1;CUL3;MAT2A;SEC13;LONP1;SYK,GO_Biological_Process_2025__Positive Regulation of TORC1 Signaling (GO:1904263)
GO:0038060,0.6147884538090347,1.3710390303247186,0.5680410617417835,33.01%,GUCY1B1;GUCY1A1;CD36;THBS1,GO_Biological_Process_2025__Nitric oxide-cGMP-mediated Signaling (GO:0038060)
GO:0043534,0.5075318050320311,1.3701571678500553,0.5694988450878172,17.73%,PACSIN2;MIA3;EHD4;MYH9,GO_Biological_Process_2025__Blood Vessel Endothelial Cell Migration (GO:0043534)
GO:0035567,0.5752819089381294,1.3685609862338928,0.5736170734037597,13.13%,CELSR1;DAAM1;RHOA,GO_Biological_Process_2025__Non-Canonical Wnt Signaling Pathway (GO:0035567)
GO:0034111,0.5018326110121438,1.3685604435071663,0.5721374028204739,40.18%,TMX1;PRKG1;PRKCD;CD9;SERPINE2;RDX;ALOX12,GO_Biological_Process_2025__Negative Regulation of Homotypic Cell-Cell Adhesion (GO:0034111)
GO:0045652,0.5457795456785789,1.368427538538583,0.5710891252073348,29.88%,EIF6;HMGB2;PITHD1;TESC;PRMT1,GO_Biological_Process_2025__Regulation of Megakaryocyte Differentiation (GO:0045652)
GO:0032964,0.6121299907195827,1.3679855829393397,0.5711421587182843,11.34%,COL5A1;RCN3,GO_Biological_Process_2025__Collagen Biosynthetic Process (GO:0032964)
GO:0045859,0.3875430494279478,1.3676308588373254,0.5708692588786436,34.22%,GNAQ;PTPRC;SNX9;RAP2B;RAP1A;LCP2;YWHAG;PTK2;GAS6;MAP3K5;SMG8;SNCA;RTRAF;RELN;PRKAG1;MAP2K3;PTK2B,GO_Biological_Process_2025__Regulation of Protein Kinase Activity (GO:0045859)
GO:0031098,0.5654918463966333,1.3672741060375315,0.5706103451976731,43.54%,MAP3K5;MAP2K3;IKBKB;MAPK14;MAPK1;MAP3K7,GO_Biological_Process_2025__Stress-Activated Protein Kinase Signaling Cascade (GO:0031098)
GO:0051897,0.3459292554615322,1.3665671011509606,0.5717341471979491,43.67%,CASS4;HCLS1;EGF;PDGFC;APP;ANGPT1;PDGFRA;NTS;MTDH;FGFR3;PTK2;PRKCA;PDGFRB;FGFR1;VAV1;GAS6;DCN;IL1R1;NRXN1;MYDGF;NTRK2;TGFB1;PLXNB1;CPNE1;RTN4;PTPN11;AXL;RELN;PECAM1;OSBPL8;THBS1;CCM2;PTK2B;CX3CL1;SRC;HPSE;PDGFA;FGR;CSF1R;DDR2;FN1,GO_Biological_Process_2025__+ Reg of Phosphatidylinositol 3-Kinase/Prot Kinase B Signal Transduction (GO:0051897)
GO:0030838,0.4276055224257164,1.3660250519464794,0.5722259211523218,12.42%,NCKAP1;SNX9;CTTN;NCK2;CRACD;NCKAP1L;ARF6,GO_Biological_Process_2025__Positive Regulation of Actin Filament Polymerization (GO:0030838)
GO:0016185,0.6073508619171848,1.3655490126439405,0.5707966872956034,28.52%,DNM2;AP3D1;DNM1;AP3S1,GO_Biological_Process_2025__Synaptic Vesicle Budding From Presynaptic Endocytic Zone Membrane (GO:0016185)
GO:0007167,0.3761696403723094,1.3649113398368355,0.5715929125926899,42.91%,CASS4;LYN;DOK3;LCP2;DOK2;PDGFRA;MTSS1;FYN;PDGFRB;DOK1;CSF1;NTRK2;AXL;CRKL;GP6;FLT4;JAK3;HCK;FGR;CSF1R;DDR2,GO_Biological_Process_2025__Enzyme-Linked Receptor Protein Signaling Pathway (GO:0007167)
GO:0007162,0.385426839065409,1.3647321715398824,0.5708103304025867,45.85%,ADAM10;MIA3;PTPRC;JAM3;ANGPT1;RHOA;PTK2;PPP1R9B;PLXNB1;DMTN;NOTCH1;PODXL;FBLN1;CX3CL1;MUC1;SERPINE1;PLXNB3;JAG1;TBCD,GO_Biological_Process_2025__Negative Regulation of Cell Adhesion (GO:0007162)
GO:0061097,0.6152135131277466,1.36408291456316,0.5715406762134795,11.19%,CASS4;RAP2B;MVP,GO_Biological_Process_2025__Regulation of Protein Tyrosine Kinase Activity (GO:0061097)
GO:0090263,0.3958131563247092,1.3628173590297563,0.5631500550498123,32.96%,FGFR2;USP47;EGF;PPM1A;CDH15;CCAR2;TGFB1;ATP6AP2;VCP;DDX3X;PPM1B;WNK1,GO_Biological_Process_2025__Positive Regulation of Canonical Wnt Signaling Pathway (GO:0090263)
GO:0061951,0.4261274859186977,1.3621127889139983,0.5641780905933501,33.14%,RAB10;SPTBN1;NSF;MACF1;ASAP1;RILPL2;RAB11A;RAB11FIP3;RAB7A;RDX;OPTN,GO_Biological_Process_2025__Establishment of Protein Localization to Plasma Membrane (GO:0061951)
GO:0035633,0.4377063665583999,1.3610779964151551,0.5662145435180405,29.73%,TJP2;ESAM;JAM3;LAMA2;LAMC1;F11R;PECAM1;CLDN5;CLDN3,GO_Biological_Process_2025__Maintenance of Blood-Brain Barrier (GO:0035633)
GO:0061024,0.3378001308083206,1.3609220353844875,0.5653570289546558,47.98%,VAPA;STX11;SNAP23;SPTBN1;LMNB2;EMD;DNM2;USO1;MYADM;DBNL;TSG101;AP3D1;SNAP29;VAPB;FNBP1L;NAPG;REEP5;SH3GLB1;ATP2C1;CHMP4B;VAMP3;TOR1A;LPCAT3;PICALM;CHMP5;CERT1;TMEM43;IST1;PIP5K1C;VPS4A;SH3GLB2;VPS4B;PDCD6IP;VPS28;EXOC7;TOR1AIP2;CORO1C;VPS37B;HGS;CHMP6;EXOC2;TIMM50;CHMP2A;VPS25;EXOC4;SYNGR2;EXOC8;NSFL1C;OSBPL2;MFN2;CHORDC1;EXOC3;BIN1;HSPA8;ZFYVE19,GO_Biological_Process_2025__Membrane Organization (GO:0061024)
GO:0090288,0.4476742394874464,1.360798048119275,0.5643455830597977,45.98%,SORL1;CHRDL2;TNFAIP6;MMRN1;EMILIN1;FSTL3;NOTCH1;THBS1;HGS;VWC2;PTPN1;RBPMS2,GO_Biological_Process_2025__Negative Regulation of Cellular Response to Growth Factor Stimulus (GO:0090288)
GO:0031175,0.3429592371676386,1.3600817213577336,0.5654443755167855,34.11%,CDH23;VAPA;LYN;PPP1R12A;NCKAP1;ROCK1;RAB6B;DNM2;RAB6A;CTTN;TNIK;APP;DBNL;NCKAP1L;MANF;ARHGEF7;PPP1R9B;TAOK3;RAB13;NRXN1;TOR1A;PLXNB1;PKN1;TBC1D23;RAB11A;EHD1;ZPR1;EPB41L3;SNAPIN;PRMT1;PTPRZ1;PPP1R12C;MINK1;DOCK10;LAMB1,GO_Biological_Process_2025__Neuron Projection Development (GO:0031175)
GO:1903531,0.4767399743670052,1.3595458473006048,0.5658822698024482,33.64%,VAMP8;VAMP3;SNCA;CHGA;NOTCH1;PNKD;CCM2,GO_Biological_Process_2025__Negative Regulation of Secretion by Cell (GO:1903531)
GO:0007052,0.4033002736693482,1.3592242773870524,0.5656474079235703,49.68%,RHOA;KIF2A;NUDC;KPNB1;VCP;PTPRA;RAB11A;FLNA;ABRAXAS2;DCTN2;SMC1A;GOLGA2;DCTN6;CKAP5;MAP1S;RAN;SBDS;ILK;MAP4;CLASP2,GO_Biological_Process_2025__Mitotic Spindle Organization (GO:0007052)
GO:0032527,0.4685995095358266,1.3589493664457493,0.565197786949732,42.73%,LMAN1;TMED9;SEC61B;VCP;SURF4;HSP90B1;SEC16A;UFD1;OS9;NPLOC4,GO_Biological_Process_2025__Protein Exit From Endoplasmic Reticulum (GO:0032527)
GO:0055013,0.5991734027735388,1.3582804332289071,0.5661301283913158,13.97%,BMP10;PDGFRA;PDGFRB,GO_Biological_Process_2025__Cardiac Muscle Cell Development (GO:0055013)
GO:0050672,0.46960939719684,1.3578562954682565,0.5661820487795335,29.65%,SDC4;PPP1R9B;TINAGL1;PTPN11;HLA-E;VSIG4,GO_Biological_Process_2025__Negative Regulation of Lymphocyte Proliferation (GO:0050672)
GO:0072655,0.4407901498886203,1.357655646881636,0.5655812746319518,44.46%,BCAP31;FBXO7;RALA;TOMM70;TOMM22;TOMM40;TIMM44;MFF;GRPEL1;AKT1;TIMM50;MFN2,GO_Biological_Process_2025__Establishment of Protein Localization to Mitochondrion (GO:0072655)
GO:0051044,0.5674668985208701,1.3574871329954843,0.5648376818032758,19.07%,SNX9;APP;NRDC,GO_Biological_Process_2025__Positive Regulation of Membrane Protein Ectodomain Proteolysis (GO:0051044)
GO:0007265,0.4270007731081718,1.3553373629842111,0.5707340174401604,37.76%,GRAP2;DOK3;DOK2;G3BP2;PRKCSH;DOK1;RRAS;RALA;CRKL;GRB2;RASGRP2;G3BP1,GO_Biological_Process_2025__Ras Protein Signal Transduction (GO:0007265)
GO:0030512,0.4251434827895939,1.353670641543837,0.5748109615137517,42.44%,USP15;PPM1A;CDH15;SNX6;FBN1;LTBP1;EMILIN1;LRRC32;ASPN;ADAMTSL2;RBBP4;STUB1,GO_Biological_Process_2025__Negative Regulation of Transforming Growth Factor Beta Receptor Signaling Pathway (GO:0030512)
GO:0002220,0.4136722009804258,1.3536597005619668,0.5734838463563313,52.73%,LYN;FYN;PLCG2;PKN1;COLEC10;FCN1;COLEC11;IKBKB;SRC;MAP3K7;NDUFA2;MBL2;SYK;TRAF6,GO_Biological_Process_2025__Innate Immune Response Activating Cell Surface Receptor Signaling Pathway (GO:0002220)
GO:0046323,0.6029450433867998,1.3534759339957898,0.5727704990068259,39.78%,SLC2A3;SORT1;SLC27A4;SLC2A1;RAB4B,GO_Biological_Process_2025__D-glucose Import (GO:0046323)
GO:0061028,0.435850175982814,1.35256496846356,0.5744986899838876,39.55%,TJP2;RAP2B;RAP1A;MYADM;F11R;PECAM1;CLDN3;RDX;RAB1B;RAB1A,GO_Biological_Process_2025__Establishment of Endothelial Barrier (GO:0061028)
GO:0031116,0.4612794251342455,1.3523070464802225,0.5739924896553078,24.32%,DCTN1;MAPRE1;GIT1;VTA1;CLIP1;PKN1;SLAIN2,GO_Biological_Process_2025__Positive Regulation of Microtubule Polymerization (GO:0031116)
GO:0032231,0.4621991260407363,1.3523043056633397,0.572652022949583,19.85%,ROCK2;WAS;ROCK1;MTSS1;SLC9A1;FHOD1,GO_Biological_Process_2025__Regulation of Actin Filament Bundle Assembly (GO:0032231)
GO:0010972,0.5437259959481866,1.3520237191727944,0.5722655003578351,30.65%,BABAM2;BRCC3;CDK5RAP3;VPS4A;BABAM1,GO_Biological_Process_2025__Negative Regulation of G2/M Transition of Mitotic Cell Cycle (GO:0010972)
GO:0042327,0.3783166186095799,1.351921807982294,0.5712550837435559,18.38%,ROCK2;FLOT1;STK4;SDCBP;NIBAN1;EGF;TNIK;ITGA6;PTK2;GAS6;MYDGF,GO_Biological_Process_2025__Positive Regulation of Phosphorylation (GO:0042327)
GO:0030203,0.4717100145912076,1.3517821848228355,0.5704100281322596,11.27%,IDS;TNFAIP6;XYLT2,GO_Biological_Process_2025__Glycosaminoglycan Metabolic Process (GO:0030203)
GO:0090158,0.5754582663724387,1.3513670186230329,0.5706107024094617,22.16%,VAPB;REEP5;LPCAT3;RTN4,GO_Biological_Process_2025__Endoplasmic Reticulum Membrane Organization (GO:0090158)
GO:0045580,-0.466070489216202,-1.351313790220249,0.7513255438378021,53.49%,SOD1;CLPTM1;SMARCC2;SMARCE1;ACTL6A;CRTAM,GO_Biological_Process_2025__Regulation of T Cell Differentiation (GO:0045580)
GO:0003208,0.4722312328292325,1.3499902229751697,0.5725180072909608,19.09%,FGFR2;CPE;TPM1;MYH7;TGFB1,GO_Biological_Process_2025__Cardiac Ventricle Morphogenesis (GO:0003208)
GO:0071569,0.6024191427820141,1.3498285269263088,0.5716937581521885,39.84%,UBA5;UFM1;UFL1;DDRGK1;UFC1,GO_Biological_Process_2025__Protein Ufmylation (GO:0071569)
GO:0043408,0.3362171513970428,1.3481819886706965,0.5760569808547932,22.40%,ROCK2;STK24;COPS5;LYN;STK4;FGFR2;ROCK1;GRAP2;PTPRC;EGF;LAMTOR1;PRKCD;TNIK;APP;FGFR3;ARHGEF7;FGFR1;TAOK3;RRAS;MYDGF;NTRK2;TGFB1;PLCG2;ATP6AP2;YWHAZ;MADD;PKN1,GO_Biological_Process_2025__Regulation of MAPK Cascade (GO:0043408)
GO:0035909,0.5966481386911199,1.3435847254331337,0.5907164964867981,20.09%,EFEMP2;PDGFRB;MYLK,GO_Biological_Process_2025__Aorta Morphogenesis (GO:0035909)
GO:0050850,0.477373644603666,1.3434570172582436,0.5897116569058295,19.91%,PTPRC;PDGFRA;PRKCA;PDGFRB;PLCG2,GO_Biological_Process_2025__Positive Regulation of Calcium-Mediated Signaling (GO:0050850)
GO:0007613,0.4581394050174022,1.3433795545512364,0.5872369509249793,40.84%,LRRN4;ACSS2;APP;LDLR;VLDLR;RELN;PLCB1;PPP3CB,GO_Biological_Process_2025__Memory (GO:0007613)
GO:0007263,0.5685302495634645,1.3431610928883186,0.5866573234586109,33.01%,GUCY1B1;GUCY1A1;CD36;THBS1,GO_Biological_Process_2025__Nitric Oxide Mediated Signal Transduction (GO:0007263)
GO:0045912,0.4637987973826705,1.3424794032054912,0.5877272271323352,19.09%,C1QTNF3;STK4;CLTC;GIT1;TGFB1,GO_Biological_Process_2025__Negative Regulation of Carbohydrate Metabolic Process (GO:0045912)
GO:0002639,0.5050175329662207,1.3414047703606404,0.5898326502343542,24.84%,PTPRC;STX4;VAMP3;HLA-E,GO_Biological_Process_2025__Positive Regulation of Immunoglobulin Production (GO:0002639)
GO:0042996,0.5431239239662746,1.3408732531322334,0.5902668270249848,17.78%,CNST;CSK;ATP2C1;PKDCC,GO_Biological_Process_2025__Regulation of Golgi to Plasma Membrane Protein Transport (GO:0042996)
GO:0045055,0.4327483509279342,1.3403729594646998,0.5905434702024501,50.32%,RAB10;LYN;VAMP7;MYH9;ABCC4;SNCA;SNAPIN;PIP5K1C;SDF4;PPP3CB;SYNGR2;RAB31;PLEK,GO_Biological_Process_2025__Regulated Exocytosis (GO:0045055)
GO:0042417,0.5632670935641453,1.3400385621537074,0.5903066311532863,32.80%,MAOB;SULT1A1;SNCA;COMT,GO_Biological_Process_2025__Dopamine Metabolic Process (GO:0042417)
GO:2000810,0.5130085045235488,1.339959653276631,0.589261085520052,37.24%,ROCK2;ROCK1;PRKCA;F11R;CLDN5;IKBKB,GO_Biological_Process_2025__Regulation of Bicellular Tight Junction Assembly (GO:2000810)
GO:0051209,0.4135299864624502,1.338668292199728,0.5924299851156765,36.40%,PLCB2;PTPRC;PLCB3;ITPR1;GP9;PLCG2;ITPR2;LETM1;FLNA;GP1BB;ERO1A;PLCB1,GO_Biological_Process_2025__Release of Sequestered Calcium Ion Into Cytosol (GO:0051209)
GO:0006941,0.513679111887962,1.3377092783613278,0.594505437153027,16.54%,MYH14;TPM1;MYH7,GO_Biological_Process_2025__Striated Muscle Contraction (GO:0006941)
GO:2000300,0.5628616517622305,1.3375489516021064,0.5937190437382898,43.80%,SEPTIN5;RAP1A;RAB3GAP1;RAB5A;VPS18;NLGN1,GO_Biological_Process_2025__Regulation of Synaptic Vesicle Exocytosis (GO:2000300)
GO:0006401,0.4601171028752684,1.337376245232304,0.5929822015439195,28.73%,LSM2;SND1;ZPR1;SLFN14;HNRNPD;LSM6,GO_Biological_Process_2025__RNA Catabolic Process (GO:0006401)
GO:0042060,0.3776478964248044,1.3366784558955245,0.5941149179689698,41.83%,SYTL4;MIA3;MACF1;PDGFRA;ITGB3;TPM1;CHMP4B;PPL;MYH9;PKN1;CHMP5;CORO1B;VPS4A;VPS4B;ARL8B;CHMP6;HPSE;EPPK1;PDGFA;CHMP2A,GO_Biological_Process_2025__Wound Healing (GO:0042060)
GO:0007093,0.5661087909447121,1.3362893992036005,0.5940855922674266,30.65%,BABAM2;BRCC3;CDK5RAP3;VPS4A;BABAM1,GO_Biological_Process_2025__Mitotic Cell Cycle Checkpoint Signaling (GO:0007093)
GO:0021762,0.4222660014010101,1.3362060091107717,0.5929977790055615,46.43%,MAOB;YWHAE;RHOA;ATP5PF;NDUFS3;YWHAH;YWHAQ;GNB4;SIRT2;SEC16A;HSPA5;PRG2;UBL4A;CDC42,GO_Biological_Process_2025__Substantia Nigra Development (GO:0021762)
GO:0030970,0.5070214928970196,1.336052913380116,0.5909124308917358,42.73%,SEC61B;HM13;VCP;HSP90B1;UFD1;OS9;NPLOC4,"GO_Biological_Process_2025__Retrograde Protein Transport, ER to Cytosol (GO:0030970)"
GO:0000122,0.3319899513195035,1.3358952398177748,0.5900811166638112,22.93%,ETF1;AEBP1;FGFR2;STAT3;PTPRC;TSC22D4;PURA;SDCBP;LRRFIP1;PPM1A;HMGB2;PURB;COPS2;HDGF;RELA;STRN3;APP;FST;MTDH;MAGED2;SLA2;YWHAZ;STAT1;SNCA;CALR;USP9X,GO_Biological_Process_2025__Negative Regulation of Transcription by RNA Polymerase II (GO:0000122)
GO:0032878,0.523600670575336,1.335636161684704,0.5897370909161918,4.12%,ROCK2;ROCK1,GO_Biological_Process_2025__Regulation of Establishment or Maintenance of Cell Polarity (GO:0032878)
GO:0097746,0.4458960730649538,1.3355718040578362,0.5886577682924615,28.49%,ROCK2;ROCK1;ECE1;ADCY6;PTPN11;GCLM;PECAM1,GO_Biological_Process_2025__Blood Vessel Diameter Maintenance (GO:0097746)
GO:0099504,0.4483042547679526,1.335564400895042,0.5873832377685932,28.97%,AP3D1;GIT1;NRXN1;SNCA;SNAPIN;PIP5K1C;AP3S1;RAB5A,GO_Biological_Process_2025__Synaptic Vesicle Cycle (GO:0099504)
GO:0070167,0.5069945165536602,1.335275590465926,0.5870451932812482,30.04%,ROCK2;ROCK1;GAS6;TGFB1;NOTCH1,GO_Biological_Process_2025__Regulation of Biomineral Tissue Development (GO:0070167)
GO:0090307,0.4712471900674806,1.3340098423908702,0.5900218691536305,35.87%,RHOA;KIF2A;KPNB1;RAB11A;FLNA;ABRAXAS2;SMC1A;GOLGA2,GO_Biological_Process_2025__Mitotic Spindle Assembly (GO:0090307)
GO:0015850,0.5025829430112064,1.3335866484991026,0.5901921355099026,20.27%,VAPA;SLC44A1;SLC44A2;ABCC4,GO_Biological_Process_2025__Organic Hydroxy Compound Transport (GO:0015850)
GO:0055010,0.4950087946865161,1.3330383882349457,0.5907005060591627,30.04%,FGFR2;TPM1;MYH7;TGFB1;NOTCH1,GO_Biological_Process_2025__Ventricular Cardiac Muscle Tissue Morphogenesis (GO:0055010)
GO:0060341,0.3862637859525963,1.332444632946017,0.5914342133898964,29.81%,PPM1F;YWHAG;CAMK1;ITGB3;REEP5;TRIM25;HSP90AA1;HSP90AB1;PICALM;VPS4A;INPPL1;UFL1,GO_Biological_Process_2025__Regulation of Cellular Localization (GO:0060341)
GO:0006465,0.564424932527455,1.3322846648531088,0.5907133843792137,33.98%,SPCS3;PCSK5;HM13;SPCS2;SEC11A,GO_Biological_Process_2025__Signal Peptide Processing (GO:0006465)
GO:0061462,0.4470365453534908,1.331780217582684,0.5911432476617157,28.76%,SORL1;AP3M1;M6PR;RTN4;LAMTOR5;MFSD1;RAB7A;VPS4A,GO_Biological_Process_2025__Protein Localization to Lysosome (GO:0061462)
GO:0071277,0.4087498001720065,1.3316524459839865,0.590303595214905,53.41%,ASPH;ADD1;PPIF;CLIC4;NRXN1;PLCG2;CPNE1;ITPKB;SLC25A24;RASGRP2;NLGN1;IQGAP1;MICU2;MICU1;CAMK2D;PRKAA1,GO_Biological_Process_2025__Cellular Response to Calcium Ion (GO:0071277)
GO:0051283,0.4244925145855833,1.33161959297375,0.5891470831079781,53.89%,PLCB2;PTPRC;PLCB3;ITPR1;GP9;PLCG2;ITPR2;FLNA;GP1BB;ERO1A;PLCB1;GP1BA;PLCB4;GP5;F2R,GO_Biological_Process_2025__Negative Regulation of Sequestering of Calcium Ion (GO:0051283)
GO:0090331,0.5065280195177572,1.3316040950221582,0.587942919467739,27.57%,TMX1;PRKG1;PRKCD;CD9;SERPINE2,GO_Biological_Process_2025__Negative Regulation of Platelet Aggregation (GO:0090331)
GO:0045921,0.3934028009486452,1.3313960986236075,0.5874009623918194,33.38%,SYTL4;SDCBP;SDC4;TSG101;STXBP5;SNCA;RAB27B;UNC13D;RAB7A;VPS4A;RAB5A;VPS4B;PDCD6IP;SDC1,GO_Biological_Process_2025__Positive Regulation of Exocytosis (GO:0045921)
GO:0045124,0.5127446018208213,1.3309639362600765,0.5876175356005822,13.94%,ARAP1;UBASH3B;ITGB3;PRKCA,GO_Biological_Process_2025__Regulation of Bone Resorption (GO:0045124)
GO:1902410,0.4676792593643834,1.3308358303329084,0.5868339990137847,47.98%,RHOA;CHMP4B;CHMP5;IST1;VPS4A;VPS4B;PDCD6IP;CHMP6;CHMP2A;ZFYVE19,GO_Biological_Process_2025__Mitotic Cytokinetic Process (GO:1902410)
GO:0097581,0.4305189619493675,1.3293989908968764,0.5890506558172354,44.38%,CYFIP1;SNX2;WASF1;CTTN;ARHGEF7;SNX1;DMTN;CARMIL1;ABLIM3;MYO9B;ARHGEF6;PARVB,GO_Biological_Process_2025__Lamellipodium Organization (GO:0097581)
GO:0006896,0.52007552498217,1.3292853512109577,0.5881381959312771,34.95%,AP3D1;AP1G1;SORT1;EHD3;GAK,GO_Biological_Process_2025__Golgi to Vacuole Transport (GO:0006896)
GO:0060155,0.4371582192012215,1.3292739772644635,0.5869352470565307,36.48%,AP1M1;AP3D1;AP3M1;AP1S1;AP1G1;AP3B1;AP3S1;AP1S2;F2RL3;BLOC1S1,GO_Biological_Process_2025__Platelet Dense Granule Organization (GO:0060155)
GO:0006874,0.3635666417977974,1.3289601338140626,0.5867674150273388,21.90%,ATP2A3;CDH23;STIM1;ATP2A2;ASPH;MCU;ITPR1;VAPB;YWHAE;STC2;ATP2C1;LETM1;RMDN3;CALR,GO_Biological_Process_2025__Intracellular Calcium Ion Homeostasis (GO:0006874)
GO:0036211,0.3108194834702205,1.3289279168784205,0.5856652665171634,42.28%,ROCK2;STK24;ST8SIA4;ADAM10;COPS5;LYN;STK4;PPP1R12A;CPE;PPP6C;PRKCB;PTPN12;IVL;KALRN;PTPRC;PPM1A;COPS2;PRKG1;CDC42BPB;PRKCD;PPP1CB;TNIK;CAMK1;CSK;PRKACB;FN3K;UBA7;STK26;BCR;STK10;STT3A;FYN;TAOK1;PRKCA;FGFR1;TAOK3;GAS6;PPP1CC;UBA3;UCHL3;BTK;CLSTN1;ATG7;MYLK;RABGGTA;YWHAZ;PRKCQ;PKN1;TEC;STK39;ILF3;TGM2;RABGGTB;P3H1;PTPN18;DAPP1;AKT2;PRKAG1;PPM1B;ATG4A;GMPPB;PTPRZ1;PPP1CA;OGA;UBE2M;WNK1;THBS1;DAD1;MINK1;PTK2B;ERO1A;GOLGA2;CTSG;TMEM59;IKBKB;MAPK1;ATG4B;MAP4K4;COPS8;FN3KRP;PPP3CB;PTPRB;AKT1;STT3B;TIMM50;PPP2R2A;HCK;UBL4A;ARFGEF1;MTM1;FGR,GO_Biological_Process_2025__Protein Modification Process (GO:0036211)
GO:0055117,0.4919741974273302,1.3283073151404805,0.5865924579416144,13.94%,ATP2A2;BMP10;SLC9A1;PRKCA,GO_Biological_Process_2025__Regulation of Cardiac Muscle Contraction (GO:0055117)
GO:0001952,0.376253189780722,1.326973208522226,0.5898302079380916,45.54%,ROCK2;ROCK1;MACF1;SLK;UTRN;RHOA;PTK2;SLC9A1;CSF1;PTPRA;CD36;THBS1;MINK1;PTK2B;CORO1C;CX3CL1;MAP4K4;CIB1;DUSP3;JAG1,GO_Biological_Process_2025__Regulation of Cell-Matrix Adhesion (GO:0001952)
GO:0030100,0.3844271824199234,1.3258025669155091,0.5924903978099098,44.12%,PACSIN2;FLOT1;ROCK1;PTPRC;CD151;STON2;RUFY1;RAB4A;SNCA;AP2S1;PICALM;DAB2;ARFGAP1;SRC;RAB4B;HCK;FGR;PTPN1,GO_Biological_Process_2025__Regulation of Endocytosis (GO:0030100)
GO:2000401,0.5890804533206554,1.3255033364699864,0.5923189019187823,13.87%,MIA3;STK10;PPP1R9B,GO_Biological_Process_2025__Regulation of Lymphocyte Migration (GO:2000401)
GO:0006605,0.3643384307291802,1.3252957256142928,0.5906204516803988,36.92%,SORL1;BCAP31;SDCBP;VPS13C;VPS13A;AP3D1;FBXO7;KIF13B;SPCS3;ATG3;TOMM70;CDC37;LTBP3;SRPRA;PARD3;SPCS2;TOMM22;TOMM40;TIMM44;MFF;VPS37B,GO_Biological_Process_2025__Protein Targeting (GO:0006605)
GO:0032880,0.3623862444719528,1.324648819300266,0.591550321531205,29.81%,PPM1F;EGF;YWHAG;CAMK1;ITGB3;CTNNB1;TOR1A;TRIM25;HSP90AA1;HSP90AB1;VCP;PICALM;RAB11A;RAB11FIP3;VPS4A;INPPL1;UFL1,GO_Biological_Process_2025__Regulation of Protein Localization (GO:0032880)
GO:0030947,0.4527637849564074,1.3236173917560328,0.5936111357099173,49.00%,MIA3;PRKCB;ITGB3;MMRN1;EMILIN1;NRP1;HGS;PTPN1;VTN;ITGA5,GO_Biological_Process_2025__Regulation of Vascular Endothelial Growth Factor Receptor Signaling Pathway (GO:0030947)
GO:0007007,0.4712774646865586,1.323609957061758,0.5924079461694637,25.97%,IMMT;TOMM70;CHCHD3;LETM1;NDUFA13;SAMM50,GO_Biological_Process_2025__Inner Mitochondrial Membrane Organization (GO:0007007)
GO:0034614,0.4108202524971479,1.3233344075063864,0.5908697782208623,18.36%,PPIF;PRKCD;RELA;PDGFRA;FYN;TPM1;HDAC6;MAP3K5,GO_Biological_Process_2025__Cellular Response to Reactive Oxygen Species (GO:0034614)
GO:0071870,0.552603892688059,1.3225266207815531,0.5923795595689031,44.83%,APLP1;ADCY6;TGM2;GNAS;GNB1;GNG2,GO_Biological_Process_2025__Cellular Response to Catecholamine Stimulus (GO:0071870)
GO:0051345,0.3662263011399832,1.3223553065934937,0.59176537489827,38.42%,ARAP1;ROCK1;SNX9;RAP1A;RAB3GAP1;ITGA6;RCN3;RHOA;ARHGEF7;DOCK8;PLXNB1;TGM2;MAPRE2;AGRN;DOCK10;LIMS1;RASGRP2;DOCK11;SNX18;MAP4K4,GO_Biological_Process_2025__Positive Regulation of Hydrolase Activity (GO:0051345)
GO:0044782,0.3673189281300218,1.319585094223221,0.5998041640912398,53.83%,ASAP1;SNAP29;FNBP1L;EHD4;EHD2;HDAC6;RILPL2;USP9X;EHD3;EHD1;FLNA;TXNDC15;ATP6V0D1;NOTCH1;WDR11;ABLIM3;RAB1A;ACTR3;RAB8B;SEPTIN7;ABLIM1;MAP4;ACTR2;ARF4;SEPTIN2;RAB8A,GO_Biological_Process_2025__Cilium Organization (GO:0044782)
GO:0042743,0.4243779604321437,1.3195013786333785,0.5988592052233422,5.15%,MAOB;PRDX4;LRP5,GO_Biological_Process_2025__Hydrogen Peroxide Metabolic Process (GO:0042743)
GO:0045333,0.3435769148716068,1.3183386948521534,0.6015168079030385,50.24%,COX5A;UQCRC2;UQCRC1;SDHA;NDUFS1;NDUFS3;NDUFA8;SDHB;COX6C;NDUFS2;UQCRB;NDUFA13;NDUFA4;NDUFV2;NDUFB3;NDUFV1;NDUFA11;NDUFA7;NDUFA10;MDH2;BLOC1S1;NDUFA6;NDUFA5;UQCR11;NDUFAB1;NDUFS8;NDUFS4;NDUFS5;MFN2;COX6A1;NDUFA9;SURF1;NDUFB1;NDUFA2;UQCRQ;UQCR10;SLC25A13,GO_Biological_Process_2025__Cellular Respiration (GO:0045333)
GO:0043068,0.3296058563690482,1.317827237347295,0.6020689747147245,29.44%,STK24;STK4;ANO6;DNM2;AIFM1;UBE2Z;ARL6IP5;APP;ITPR1;ITGA6;FAM162A;ARHGEF7;FAF1;CTNNB1;EMILIN2;CCAR2;MAP3K5;ATG7;BID;TNFSF10;SNCA;PROC;PTPRA;DDX3X;TGM2;EMILIN1;SLC27A4;CASP6;MTCH2;BAX,GO_Biological_Process_2025__Positive Regulation of Programmed Cell Death (GO:0043068)
GO:0010506,0.329957979432341,1.3172024164588527,0.602941129423918,54.39%,STAT3;ROCK1;UBR4;VPS26B;SNX6;ITPR1;ATP6V1E1;ATP6V0C;CISD2;MTDH;PRKCA;SH3GLB1;ATP6V1B2;DCN;HDAC6;SNX5;CASP3;EIF4G3;VPS29;ATP6V0D1;SIRT2;VPS26A;UFL1;EIF4E;ATP6V0A1;WNK1;OPTN;EXOC7;CAPNS1;PIP4K2A;RHEB;BCL2L1;GOLGA2;TMEM59;ATP6V1G1;DNPEP;CCNY;PIP4K2C;EIF4G1;AKT1;EXOC4;EXOC8;SQSTM1;EIF4G2;TBK1;ATP6V1H;CTSA;CAPN1;VDAC1;ATP6V1A;SVIP;PLEKHF1;TRIM21;PRKAA1;ATP6V1C1;RAB8A;HMGB1,GO_Biological_Process_2025__Regulation of Autophagy (GO:0010506)
GO:0030150,0.5863791743360505,1.317090385506893,0.6020828214633624,41.44%,TOMM70;TOMM40;TIMM44;GRPEL1;TIMM50,GO_Biological_Process_2025__Protein Import Into Mitochondrial Matrix (GO:0030150)
GO:0051893,0.3766260282897602,1.316550502411635,0.6026523074307796,49.68%,ROCK2;ARHGAP6;ROCK1;PPM1F;MACF1;SLK;RHOA;PTK2;SLC9A1;PTPRA;DMTN;THBS1;LIMS1;CORO1C;NRP1;MAP4K4;SRC;DUSP3;S100A10;TLN1;CLASP2,GO_Biological_Process_2025__Regulation of Focal Adhesion Assembly (GO:0051893)
GO:0031529,0.5096703590635415,1.316317565848968,0.6021954081650391,31.49%,CYFIP1;LIMA1;ARF6;TPM1;CORO1B;CARMIL1,GO_Biological_Process_2025__Ruffle Organization (GO:0031529)
GO:0010611,0.4429993859955048,1.3161874523869246,0.6013812429718415,30.04%,ROCK2;ROCK1;BMP10;SLC9A1;PRKCA;GLRX3;NOTCH1,GO_Biological_Process_2025__Regulation of Cardiac Muscle Hypertrophy (GO:0010611)
GO:0035592,0.3959365699252565,1.3160657165739815,0.6005821491314823,38.58%,MIA3;RCN3;COPG1;PDIA4;CANX;LTBP1;STEAP3;LTBP3;LRRC32;COPG2;MTTP;GNAS;GSDMD,GO_Biological_Process_2025__Establishment of Protein Localization to Extracellular Region (GO:0035592)
GO:0010721,0.5517709959382477,1.3158561564905285,0.5990131250757915,10.77%,SORL1;HOOK3,GO_Biological_Process_2025__Negative Regulation of Cell Development (GO:0010721)
GO:0031122,0.4144488618652941,1.3145616813699468,0.6022772207751056,24.32%,SLK;CLIP2;HOOK3;RHOA;TBCB;CLIP1;KPNB1;RAB11A;SLAIN2,GO_Biological_Process_2025__Cytoplasmic Microtubule Organization (GO:0031122)
GO:0006364,-0.2314364617179071,-1.314481867157629,0.8640847530767978,58.35%,RPL14;RPS16;RPS25;RPS7;RPS27;RPL11;RPS28;RPS17;PRKDC;NOP56;RIOK3;RPL7;RPS14;RPS6;RPL7A;NOP2;RPS19;NOLC1;NOP58;RPS24;RPL27;MYG1;SBDS;RPL5;RPL35A,GO_Biological_Process_2025__rRNA Processing (GO:0006364)
GO:1902475,-0.5027609781751249,-1.3144712329925288,0.8468711947273648,49.82%,SLC3A2;SLC7A5;SLC7A1;SLC25A15;SLC25A13,GO_Biological_Process_2025__L-alpha-amino Acid Transmembrane Transport (GO:1902475)
GO:0010935,0.5788850302979589,1.314317682362418,0.6019144119409072,22.16%,TGFB1;PLCG2;RTN4,GO_Biological_Process_2025__Regulation of Macrophage Cytokine Production (GO:0010935)
GO:0051495,0.3746999252339196,1.3141161190782262,0.6013970704411559,12.42%,NCKAP1;SNX9;BMP10;CTTN;NCK2;CRACD;MTSS1;NCKAP1L;ARF6,GO_Biological_Process_2025__Positive Regulation of Cytoskeleton Organization (GO:0051495)
GO:0006672,0.5940030427754479,1.3140953055064786,0.6002824777951101,23.82%,CERS2;ASAH1;TM9SF2,GO_Biological_Process_2025__Ceramide Metabolic Process (GO:0006672)
GO:0001911,0.548783603188269,1.3135416626898355,0.6009957526824926,32.01%,PTPRC;HLA-E;GRB2;NECTIN2,GO_Biological_Process_2025__Negative Regulation of Leukocyte Mediated Cytotoxicity (GO:0001911)
GO:0034389,0.5248701769296733,1.3130607267180658,0.6013321650098333,8.40%,RAB3GAP1;CDS2;RAB18,GO_Biological_Process_2025__Lipid Droplet Organization (GO:0034389)
GO:1901889,0.4550453489637253,1.3113422113485982,0.605887893675078,38.66%,ROCK2;ARHGAP6;ROCK1;DMTN;THBS1;CORO1C;IKBKB;SRC,GO_Biological_Process_2025__Negative Regulation of Cell Junction Assembly (GO:1901889)
GO:0032956,0.3539482519191275,1.3112658297538786,0.6049740099412962,49.68%,ROCK2;ARAP1;CELSR1;ROCK1;ESAM;PRKCD;PDGFRA;RHOA;TAOK1;ARHGEF7;PDGFRB;ARHGAP17;RALA;IQGAP2;PKN1;F11R;DMTN;INPPL1;PTK2B;PDGFA;HCK;CSF1R;RHOF;CDC42;ARHGAP18;CORO1A;TWF2;CLASP2,GO_Biological_Process_2025__Regulation of Actin Cytoskeleton Organization (GO:0032956)
GO:0090199,0.427528358806709,1.3105812476717769,0.6060983271258433,39.52%,PPIF;FAM162A;BID;NOL3;TNFSF10;BAX;BCL2L1;GPX1;PSMD10,GO_Biological_Process_2025__Regulation of Release of Cytochrome C From Mitochondria (GO:0090199)
GO:0043087,0.3445575710699756,1.309822461037985,0.6063531809476197,45.43%,ARAP1;SNX9;RAP1A;RAB3GAP1;PRKG1;ITGA6;TBC1D15;TMED2;PTK2;ARHGEF7;VAV1;RAB3GAP2;DOCK8;NTRK2;RABGAP1;PLXNB1;TGM2;MAPRE2;AGRN;RDX;DOCK10;LIMS1;RASGRP2;DOCK11;SNX18;MAP4K4;ARFGEF1;FGD3;TBC1D10B;GMIP;ARL2;PLXNB3,GO_Biological_Process_2025__Regulation of GTPase Activity (GO:0043087)
GO:0032970,0.3538120841949185,1.3092944335615837,0.6069376642844087,49.68%,ROCK2;ARAP1;CELSR1;ROCK1;ESAM;PRKCD;PDGFRA;RHOA;TAOK1;ARHGEF7;PDGFRB;ARHGAP17;RALA;IQGAP2;PKN1;F11R;DMTN;CNN2;PTK2B;PDGFA;HCK;CSF1R;RHOF;CDC42;ARHGAP18;CORO1A;TWF2;CLASP2,GO_Biological_Process_2025__Regulation of Actin Filament-Based Process (GO:0032970)
GO:0030033,0.4883460574281932,1.3086373022545408,0.6079213479017403,10.85%,RAP2B;RAP1A;TNIK;STK26,GO_Biological_Process_2025__Microvillus Assembly (GO:0030033)
GO:0045670,0.5097603538501388,1.3081903151714012,0.6082543872979557,25.89%,UBASH3B;TNFAIP6;CSF1;FBN1;FSTL3,GO_Biological_Process_2025__Regulation of Osteoclast Differentiation (GO:0045670)
GO:0042325,0.3997978911227679,1.3080224147289268,0.6076339549052517,43.67%,LYN;SDCBP;EGF;ITGA6;PTK2;SIRT2;THBS1;CORO1C;IKBKB;NDUFS4;INHBA;FN1,GO_Biological_Process_2025__Regulation of Phosphorylation (GO:0042325)
GO:0017015,0.3750812467037417,1.3079729972774536,0.6066300778355931,33.01%,DKK3;USP15;TGFB1I1;SDCBP;LTBP4;PPM1A;CDH15;SNX6;HSP90AB1;EMILIN1;LRRC32;ASPN;ADAMTSL2;THBS1,GO_Biological_Process_2025__Regulation of Transforming Growth Factor Beta Receptor Signaling Pathway (GO:0017015)
GO:0030038,0.4670999880014451,1.3079095485921122,0.6044786497218544,47.53%,MYL9;DNM2;ITGB5;RHOA;PDCD10;SRC;PDLIM1;ZYX;CUL3,GO_Biological_Process_2025__Contractile Actin Filament Bundle Assembly (GO:0030038)
GO:0043149,0.4670999880014451,1.3079095485921122,0.6044786497218544,47.53%,MYL9;DNM2;ITGB5;RHOA;PDCD10;SRC;PDLIM1;ZYX;CUL3,GO_Biological_Process_2025__Stress Fiber Assembly (GO:0043149)
GO:0090025,0.4831116508372686,1.3068240044285138,0.6067936649029984,9.43%,LYN;ANO6;APP,GO_Biological_Process_2025__Regulation of Monocyte Chemotaxis (GO:0090025)
GO:0065003,0.3125418905174849,1.3067189446476437,0.6059669553258739,40.55%,WAS;WIPF1;PTGES3;PPP6C;EPS15;EIF4B;ANO6;ELOB;SNX9;TCP1;DNM2;CLTA;AIFM1;MCU;WASF1;DBNL;ANGPT1;NCK2;TAPBP;CD2AP;VAMP8;NCKAP1L;TMED2;PSMB5;NAPG;AP2M1;SLC9A1;CLTC;CHMP4B;HSPA4;FMOD;BIN2;NRXN1;VAMP3;LAMC1;NOL3;SNCA;AP2S1;VBP1;HSP90AA1;HSP90AB1;PICALM;PROC;PPP2R1A;CSNK2B;IKBKG;SAMM50;WASF3;SRPRA;PARD3;TRAPPC3;DMTN;PTK2B;GAK;TSPAN33;CX3CL1;SLC2A1;KPNA3;TRAPPC5;CAPZA1;SUGT1;GSDMD;SRC;DNM1L;ADD2;CCT2,GO_Biological_Process_2025__Protein-Containing Complex Assembly (GO:0065003)
GO:0023057,0.4610638296228889,1.3065798463575002,0.6052808310818695,44.12%,MPIG6B;UBASH3B;LDLR;OPTN;CCM2;PCSK9;PPP3CB;PTPN1,GO_Biological_Process_2025__Negative Regulation of Signaling (GO:0023057)
GO:0045732,0.3576153290695332,1.3060002978522562,0.6059445161879128,34.48%,SORL1;PSMC5;SEC22B;SNX9;NSF;APP;FAF1;ATG7;NRDC;HSP90AA1;VCP;PROC;NDUFA13;RAB7A;VPS28;RDX;DDRGK1;DDB1;C4BPB;PCSK9,GO_Biological_Process_2025__Positive Regulation of Protein Catabolic Process (GO:0045732)
GO:0010656,-0.4248881873191266,-1.3056430698896488,0.8463584222914106,57.62%,APOH;IGF1;BMP7;BAG3;LRP6;NACA;STUB1,GO_Biological_Process_2025__Negative Regulation of Muscle Cell Apoptotic Process (GO:0010656)
GO:1905523,0.4758554624207014,1.3049299491872666,0.607024727668683,42.65%,PTK2;CSF1;RTN4;THBS1;CX3CL1;MAPK1;CSF1R,GO_Biological_Process_2025__Positive Regulation of Macrophage Migration (GO:1905523)
GO:0044319,0.4175126027838636,1.3048125941647104,0.6062539971894637,25.24%,COL5A1;CD151;ITGB5;ITGB3;RHOA;TOR1A;PDCD10;FLNA,"GO_Biological_Process_2025__Wound Healing, Spreading of Cells (GO:0044319)"
GO:1990138,0.431586147436987,1.3047740882206216,0.6052213998002295,55.02%,CYFIP1;TSC22D4;NRP2;CTNNB1;CPNE1;USP9X;NRP1;PPP3CB;IMPACT;TNN;IQGAP1;MAP1B;CLSTN3,GO_Biological_Process_2025__Neuron Projection Extension (GO:1990138)
GO:0034605,0.4577830447267625,1.304382992415042,0.6053912983195925,21.93%,YWHAE;PRKCA;HDAC6;HSP90AA1;HSP90AB1;VCP,GO_Biological_Process_2025__Cellular Response to Heat (GO:0034605)
GO:0002637,0.5168312018041279,1.303497781639192,0.6072027236033869,24.84%,PTPRC;STX4;VAMP3;HLA-E,GO_Biological_Process_2025__Regulation of Immunoglobulin Production (GO:0002637)
GO:0043161,0.318849250821923,1.303464065994581,0.606150069370491,23.42%,PSMB7;PSMC5;PSMD13;RAD23A;PSMD1;PSMD14;UBR4;PSMD7;HECTD3;FBXO7;PSMA7;PSMD4;PSMB5;FAF1;PSMD8;PSMA2;CTNNB1;PSMB8;PSMB9;PSMD12;PSMB1;PSMB3;PSMB10;PSMA5;PSMA1;PSMA3;VCP;PSMA4;PSMB4;PSMA6;PROC;PSMB2,GO_Biological_Process_2025__Proteasome-Mediated Ubiquitin-Dependent Protein Catabolic Process (GO:0043161)
GO:0071677,0.4106609162006646,1.3028064509361694,0.6072092882523571,41.73%,ANO6;APP;JAM3;GAS6;CSF1;CALR;RTN4;S100A7;CD47;SERPINE1,GO_Biological_Process_2025__Positive Regulation of Mononuclear Cell Migration (GO:0071677)
GO:0007346,0.4042769105025685,1.302773364587363,0.6061790436264752,33.30%,SDCBP;APP;YWHAE;PRKCA;NEK9;TTLL12;CDK5RAP3;PRMT5;EIF4E;DDB1,GO_Biological_Process_2025__Regulation of Mitotic Cell Cycle (GO:0007346)
GO:1900745,0.5703677703308603,1.3024108248953858,0.6063547767000288,33.48%,STK39;PRMT1;MINK1,GO_Biological_Process_2025__Positive Regulation of p38MAPK Cascade (GO:1900745)
GO:0000387,0.4442915422189151,1.302357860481636,0.6053796686310671,30.57%,LSM2;WDR77;PRMT5;USP4;LSM4;CLNS1A,GO_Biological_Process_2025__Spliceosomal snRNP Assembly (GO:0000387)
GO:2000145,0.3518761641832628,1.301443494493976,0.6072590078071176,48.06%,ROCK2;NEXN;WAS;ROCK1;MACF1;SLK;RHOA;KIF2A;TGFB1;PLXNB1;RTN4;PKN1;FLNA;SERPINE2;AKT2;PLXNA4;MINK1;DOCK10;FBLN1;TNR;TMSB4X;AKT1;CSF1R;TNN;ARHGAP18;CAVIN1,GO_Biological_Process_2025__Regulation of Cell Motility (GO:2000145)
GO:0002446,0.4942563724670175,1.3013428065012524,0.6064013543347607,17.04%,VAMP7;VAMP8;STXBP3;IRAK4,GO_Biological_Process_2025__Neutrophil Mediated Immunity (GO:0002446)
GO:0030510,0.406858181599966,1.3013413971759349,0.6052833644351808,50.08%,SORL1;UBE2O;CHRDL2;TNFAIP6;FST;FSTL3;PRMT1;NOTCH1;PCSK6;VWC2;RBPMS2;SMAD2;NUMA1;TWSG1,GO_Biological_Process_2025__Regulation of BMP Signaling Pathway (GO:0030510)
GO:0043277,0.4331827773448697,1.3000839228322192,0.608392709077025,33.01%,TIMD4;ITGB3;GAS6;TGM2;FCN1;THBS1,GO_Biological_Process_2025__Apoptotic Cell Clearance (GO:0043277)
GO:0090148,0.3733132623511664,1.2997468966319718,0.6084110600196878,45.90%,DNM2;TSG101;SH3GLB1;DNM1;CHMP4B;CHMP5;VPS4A;VPS4B;VPS28;EXOC7;CORO1C;VPS37B;HGS;CHMP6;DNM1L;EXOC2;CHMP2A;VPS25;EXOC4;EXOC8;EXOC3,GO_Biological_Process_2025__Membrane Fission (GO:0090148)
GO:0016579,0.3959774997806432,1.29869170069571,0.6108534296636975,43.36%,USP15;USP47;PSMD14;USP5;UCHL3;BABAM2;BRCC3;USP9X;USP4;OTUB1;USP24;YOD1;UCHL5;STAMBP,GO_Biological_Process_2025__Protein Deubiquitination (GO:0016579)
GO:0042730,-0.4177847934754012,-1.29846013070885,0.8567013081797497,58.32%,PLG;SERPINF2;FGB;FGG;FGA;GP1BA;SERPINE1,GO_Biological_Process_2025__Fibrinolysis (GO:0042730)
GO:0070059,0.5451750857643443,1.298055026114688,0.6117772528780928,35.50%,ATP2A3;ITPR1;MAP3K5;BAX;ERO1A,GO_Biological_Process_2025__Intrinsic Apoptotic Signaling Pathway in Response to Endoplasmic Reticulum Stress (GO:0070059)
GO:0046777,0.348331712903733,1.297722161710024,0.6117620716629077,43.51%,STK24;LYN;STK4;FGFR2;SLK;TNIK;PDGFRA;STK26;STK10;PTK2;PDGFRB;FGFR1;TAOK3;NTRK2;PKN1;STK39;MINK1;PTK2B;FLT4;SRC;MAP2K2;AKT1;HCK;FGR;CSF1R;DDR2;HTATIP2,GO_Biological_Process_2025__Protein Autophosphorylation (GO:0046777)
GO:0010959,0.4584090526833387,1.2976044928632862,0.6110266264935161,32.96%,STIM1;TMX1;YWHAH;EPB41;CAMK2G;WNK1,GO_Biological_Process_2025__Regulation of Metal Ion Transport (GO:0010959)
GO:1990858,0.4655559023984737,1.296542095430707,0.6121279956434225,52.73%,LYN;FYN;PLCG2;PKN1;IKBKB;SRC;MAP3K7;SYK;TRAF6,GO_Biological_Process_2025__Cellular Response to Lectin (GO:1990858)
GO:0002223,0.4655559023984737,1.296542095430707,0.6121279956434225,52.73%,LYN;FYN;PLCG2;PKN1;IKBKB;SRC;MAP3K7;SYK;TRAF6,GO_Biological_Process_2025__Stimulatory C-type Lectin Receptor Signaling Pathway (GO:0002223)
GO:0098662,0.3442730688738739,1.2965178792282872,0.6110899281838313,20.88%,ATP2A3;NNT;ATP2A2;ASPH;ANO6;ATP6V1E1;ATP6V0C;SLC9A9;ATP1B3;RHAG;SLC9A1;ATP6V1B2;ATP2C1;GAS6;ATP5MF;ATP6AP2;P2RX1,GO_Biological_Process_2025__Inorganic Cation Transmembrane Transport (GO:0098662)
GO:0050921,0.425206336313812,1.2961759277240594,0.6111138691253717,40.60%,PPM1F;PDGFRA;STX4;PDGFRB;FGFR1;TGFB1;THBS1;NRP1;TMSB4X;F7,GO_Biological_Process_2025__Positive Regulation of Chemotaxis (GO:0050921)
GO:2000649,0.545093426691779,1.2956142412211835,0.6107551360316723,34.48%,UTRN;SLMAP;YWHAH;STK39;PCSK9,GO_Biological_Process_2025__Regulation of Sodium Ion Transmembrane Transporter Activity (GO:2000649)
GO:0043547,0.3596044370504925,1.2943980477545562,0.6137189323997585,38.42%,ARAP1;SNX9;RAP1A;RAB3GAP1;ITGA6;BCR;ARHGEF7;DOCK8;RANGAP1;PLXNB1;TGM2;MAPRE2;SLC27A4;AGRN;DOCK10;LIMS1;CORO1C;RASGRP2;DOCK11;SNX18;MAP4K4,GO_Biological_Process_2025__Positive Regulation of GTPase Activity (GO:0043547)
GO:0061515,0.4414535279673483,1.2933767903759343,0.6158871980278346,30.33%,MPIG6B;APP;NCKAP1L;GP9;FLNA;DMTN;GP1BB,GO_Biological_Process_2025__Myeloid Cell Development (GO:0061515)
GO:0036258,0.3904727717244344,1.2929613150244457,0.6139506506018171,41.96%,TSG101;CHMP4B;VTA1;CHMP5;RAB11A;IST1;VPS4A;VPS4B;PDCD6IP;VPS28;VPS37B;HGS;CHMP6;CHMP2A;VPS25,GO_Biological_Process_2025__Multivesicular Body Assembly (GO:0036258)
GO:0036257,0.3904727717244344,1.2929613150244457,0.6139506506018171,41.96%,TSG101;CHMP4B;VTA1;CHMP5;RAB11A;IST1;VPS4A;VPS4B;PDCD6IP;VPS28;VPS37B;HGS;CHMP6;CHMP2A;VPS25,GO_Biological_Process_2025__Multivesicular Body Organization (GO:0036257)
GO:0046474,0.3623144598268432,1.2928976014477729,0.613076625146383,42.23%,SACM1L;PLA2G4A;SLC44A1;CDS2;SLC44A2;PRKCSH;PLCG2;LPCAT3;PI4KA;PIP5K1C;INPPL1;INPP4B;IMPA1;PITPNM2;DGKG;CDIPT;MTM1,GO_Biological_Process_2025__Glycerophospholipid Biosynthetic Process (GO:0046474)
GO:0008015,0.4147692297337919,1.2926273912011153,0.6128385416973102,46.22%,ROCK2;GUCY1B1;ROCK1;GUCY1A1;ADCY6;STAT1;GCLM;CYB5R3;GPX1;SCPEP1;F5,GO_Biological_Process_2025__Blood Circulation (GO:0008015)
GO:1903028,0.5124565881549997,1.292422854304357,0.6124707430137547,30.25%,MYO18A;COLEC10;FCN1;COLEC11,GO_Biological_Process_2025__Positive Regulation of Opsonization (GO:1903028)
GO:0051169,0.4767165965426559,1.2922229123719289,0.6120514217312766,20.43%,HCLS1;GLE1;ANP32A;XPO1,GO_Biological_Process_2025__Nuclear Transport (GO:0051169)
GO:0051403,0.5653431501446227,1.2916567760187057,0.6117069102148531,43.54%,MAP3K5;IKBKB;MAPK14;MAPK1;MAP3K7,GO_Biological_Process_2025__Stress-Activated MAPK Cascade (GO:0051403)
GO:0120033,0.4968328929115446,1.2910909881045485,0.6125034887647228,17.38%,WDR44;LIMA1;PRKCD;NRXN1,GO_Biological_Process_2025__Negative Regulation of Plasma Membrane Bounded Cell Projection Assembly (GO:0120033)
GO:0016055,0.4112177103740196,1.2909638286509766,0.6118579996036059,28.97%,CPE;LRP5;STRN;GPC4;CTNNB1;PLCG2;DDX3X;RAB5A,GO_Biological_Process_2025__Wnt Signaling Pathway (GO:0016055)
GO:0046597,0.4789851524542875,1.290885364818344,0.6110349954391023,50.11%,LRRC15;PTX3;IFITM2;FCN1;IFITM3;CD74;SNX3,GO_Biological_Process_2025__Host-Mediated Suppression of Symbiont Invasion (GO:0046597)
GO:0051051,0.4674901822541015,1.2903057656915689,0.6118128503784883,28.60%,PPM1F;EGF;ARL6IP5;ITGB3;SNCA;RAB7A,GO_Biological_Process_2025__Negative Regulation of Transport (GO:0051051)
GO:0044089,0.3447899440326983,1.2897519362530352,0.6124975026520951,39.31%,FLOT1;SDCBP;BRK1;SDC4;TSG101;MTSS1;PRKCA;FAF1;SH3GLB1;BID;TGFB1;VCP;EMILIN1;MMP3;CHGA;RAB7A;VPS4A;BAX;VPS4B;PDCD6IP;SDC1;CX3CL1;HGS;RGCC,GO_Biological_Process_2025__Positive Regulation of Cellular Component Biogenesis (GO:0044089)
GO:1990000,0.466621162115254,1.289512914716573,0.6121760814882166,32.14%,EMD;SNCA;TARDBP;USP9X;CD36,GO_Biological_Process_2025__Amyloid Fibril Formation (GO:1990000)
GO:0120192,0.4145378468240219,1.289430040825956,0.6113652466291039,49.95%,ESAM;STRN;RAB13;PROC;PARD3;PECAM1;CLDN5;CLDN3;PDCD6IP;ARL2;TBCD;DLG1;MPP7,GO_Biological_Process_2025__Tight Junction Assembly (GO:0120192)
GO:0001570,0.4736472471649035,1.2893402847577229,0.6105901380713783,36.27%,PDGFRB;TGFB1;RTN4;NOTCH1;CCM2;NRP1,GO_Biological_Process_2025__Vasculogenesis (GO:0001570)
GO:1902808,0.4440989994703301,1.2893339182086785,0.6095431094210956,41.15%,ADAMTS1;PLCG2;DDX3X;RDX;DDRGK1;PLCB1;RGCC;EIF4G1;AKT1,GO_Biological_Process_2025__Positive Regulation of Cell Cycle G1/S Phase Transition (GO:1902808)
GO:0090279,0.4763218846300047,1.289052690719926,0.6093049818044348,16.07%,EGF;FYN;PDGFRB;CTNNB1,GO_Biological_Process_2025__Regulation of Calcium Ion Import (GO:0090279)
GO:1903432,0.3730123230195098,1.2887519815206614,0.6091692408274431,53.41%,LAMTOR1;YWHAG;PRKACB;LAMTOR3;PRKCA;YWHAZ;LAMTOR5;USP4;OTUB1;PRMT1;LAMTOR2;RHEB;SRC;LAMTOR4;TBK1;CUL3;MAT2A;USP7;SAR1A;SEC13;LONP1;SYK;PRKAA1,GO_Biological_Process_2025__Regulation of TORC1 Signaling (GO:1903432)
GO:0051496,0.4043124244583483,1.288736612499621,0.6081645387681515,47.90%,ROCK2;PPM1F;TPM1;RHOA;FHOD1;PKN1;CARMIL1;CCN2;NRP1;CD47;RGCC;CDC42;S100A10,GO_Biological_Process_2025__Positive Regulation of Stress Fiber Assembly (GO:0051496)
GO:0006890,0.3792640123971449,1.2885432077018473,0.6077276570542578,12.47%,COPB2;RAB6B;UBE2Z;RAB6A;COPZ1;TAPBP;ARF5;BICD2,"GO_Biological_Process_2025__Retrograde Vesicle-Mediated Transport, Golgi to Endoplasmic Reticulum (GO:0006890)"
GO:0010812,0.4160500510640405,1.2884658897505052,0.606936141892745,45.85%,ACTN4;RHOA;DMTN;NOTCH1;THBS1;FBLN1;CORO1C;CX3CL1;MAP4K4;JAG1;TBCD,GO_Biological_Process_2025__Negative Regulation of Cell-Substrate Adhesion (GO:0010812)
GO:0032693,0.5667578017025723,1.2880021100463932,0.6073695256303915,38.34%,VSIR;THBS1;JAK3,GO_Biological_Process_2025__Negative Regulation of Interleukin-10 Production (GO:0032693)
GO:0042063,0.5307222934752838,1.2874156915533408,0.6081716827603827,28.34%,VCAN;CD9;NDUFS2;RELN,GO_Biological_Process_2025__Gliogenesis (GO:0042063)
GO:0045860,0.3564035187903301,1.287022172862902,0.6084055397841173,44.98%,CASS4;PTPRC;SNX9;RAP1A;LCP2;PRKCD;CAMK1;RHOA;PTK2;GAS6;MAP3K5;PDCD10;SYAP1;RELN;PRKAG1;MAP2K3;PTK2B;SRC;MAP2K2;CSF1R;DDR2;PTPN1;CIB1,GO_Biological_Process_2025__Positive Regulation of Protein Kinase Activity (GO:0045860)
GO:0006511,0.3055347993473134,1.2869909492801366,0.607473784166271,44.59%,PSMB7;PSMC5;PSMD13;RAD23A;PSMD1;ELOC;PSMD14;UBR4;PSMD7;UBE2H;TOLLIP;TSG101;HECTD3;FBXO7;PSMA7;PSMD4;PSMB5;FAF1;PSMD8;PSMA2;CHMP4B;CTNNB1;PSMB8;PSMB9;PSMD12;PSMB1;PSMB3;PSMB10;PSMA5;COPS3;PSMA1;PSMA3;TRIM25;VCP;PSMA4;PSMB4;PSMA6;USP9X;PROC;CHMP5;PSMB2;PSMF1;SIRT2;VPS4A;VPS4B;CRBN;VPS28;PSMD2;PSMD9;UFD1;DDB1;PSMB6;UBA6;OS9;VPS37B;PSMD3;PLAA;CHMP6;PSMC1;DNAJB2;CHMP2A;UBXN1;UBL4A;STUB1;NPLOC4;NSFL1C;RBCK1;PSMC2;SQSTM1;UBE2K;WDR26,GO_Biological_Process_2025__Ubiquitin-Dependent Protein Catabolic Process (GO:0006511)
GO:0006479,0.4657698768319678,1.2859970441403463,0.6096398081132158,29.88%,ETF1;RAB6A;GSPT1;PRMT5;PRMT1,GO_Biological_Process_2025__Protein Methylation (GO:0006479)
GO:0006658,0.5422933792276262,1.2854463885911098,0.6103579730769804,36.34%,ABHD16A;LPCAT3;OSBPL8;MBOAT2,GO_Biological_Process_2025__Phosphatidylserine Metabolic Process (GO:0006658)
GO:0031468,0.4403189598489223,1.2842211457166852,0.6133811214340359,43.12%,CHMP4B;CHMP5;SIRT2;VPS4A;VPS4B;CHMP6;CHMP2A;NSFL1C,GO_Biological_Process_2025__Nuclear Membrane Reassembly (GO:0031468)
GO:0009967,0.3168795509102077,1.283956072966429,0.6131598885922992,49.58%,SORL1;IL7R;MIA3;LMNB2;FGFR2;CD226;PRKCB;CD63;STAT3;PTPRC;MACF1;CDH15;APP;ATP6V0C;ITGB3;PRKCA;GAS6;IL1R1;TSPAN14;SNX5;NRXN1;LAMA2;TGFB1;LAMC1;ATP6AP2;NID1;PDCD10;PTPN11;FLNA;TXNDC15;AXL;RELN;PECAM1;HSP90B1;CRBN;LIMS1;LAMB1;PTK2B;ACVR1;SRC;UCHL5;F7;SLC39A14;SLC6A4;ESM1;NLGN1;JAG1;VTN;VWF;ILK;ITGA5;CD74;AGPAT1,GO_Biological_Process_2025__Positive Regulation of Signal Transduction (GO:0009967)
GO:2000047,0.4790839289953985,1.283337635216795,0.6139897206400107,39.31%,FLOT1;PPM1F;TGFB1;NOTCH1;RGCC,GO_Biological_Process_2025__Regulation of Cell-Cell Adhesion Mediated by Cadherin (GO:2000047)
GO:0016237,0.4899037246844149,1.283134778320385,0.6136015863571352,38.26%,ATG7;ATG16L1;VPS4A;ATG4A;ATG9A;ATG4B,GO_Biological_Process_2025__Microautophagy (GO:0016237)
GO:0007420,0.3516250754227214,1.2830849632950363,0.6126939356752785,39.84%,RAB3GAP1;RTN1;RTN3;RAB18;GIT1;RTN2;ABCB6;RTN4;TBC1D23;UFM1;CDK5RAP3;PTPN11;PCDH18;RELN;QARS1;NRCAM;MINK1;MAP1S;NDUFS4;RBBP4;UFC1,GO_Biological_Process_2025__Brain Development (GO:0007420)
GO:0106027,0.5371625041420276,1.2821478020593304,0.6147531141383387,9.43%,DCTN1;APP,GO_Biological_Process_2025__Neuron Projection Organization (GO:0106027)
GO:0070498,0.4736703688974906,1.2816767389680097,0.6151995219134306,43.54%,RELA;TOLLIP;IL1R1;IRAK4;PLCB1;IKBKB;MAP3K7,GO_Biological_Process_2025__Interleukin-1-Mediated Signaling Pathway (GO:0070498)
GO:1900024,0.3641373297395767,1.281639905495522,0.6142570066266533,47.90%,CASS4;MYADM;ACTN4;PTK2;ARHGEF7;CALR;FLNA;P4HB;DMTN;CRKL;CARMIL1;FBLN1;LIMS1;CORO1C;DOCK5;NRP1;CIB1;CDC42;ILK;S100A10,GO_Biological_Process_2025__Regulation of Substrate Adhesion-Dependent Cell Spreading (GO:1900024)
GO:0031124,-0.4867210097291612,-1.2815973292542795,0.901444495151932,51.42%,COLEC12;RPRD1B;NUDT21;PAF1;CPSF7,GO_Biological_Process_2025__mRNA 3'-End Processing (GO:0031124)
GO:0055001,0.5289549659794156,1.2815197758357793,0.6135896912231561,14.08%,ACTN4;EFEMP2;ACTN2,GO_Biological_Process_2025__Muscle Cell Development (GO:0055001)
GO:0010638,0.3655891495326545,1.281264534617132,0.6134027526093649,39.65%,LMAN1;RAB3GAP1;MCU;FAM162A;TMED9;RAB3GAP2;DCN;RALA;BID;TNFSF10;PGAM5;SURF4;BAX;LNPK;C2CD5;MFF;DNM1L,GO_Biological_Process_2025__Positive Regulation of Organelle Organization (GO:0010638)
GO:0061952,0.4604717918416318,1.281112734129092,0.6128638674596449,47.98%,CHMP4B;CHMP5;IST1;VPS4A;VPS4B;PDCD6IP;CHMP6;CHMP2A;ZFYVE19,GO_Biological_Process_2025__Midbody Abscission (GO:0061952)
GO:0010256,0.3200980820455709,1.280601614560064,0.6134192769449656,46.43%,VAPA;SPTBN1;MIA3;LMNB2;LMAN1;RAB6B;UBR4;LAMTOR1;AP3D1;HOOK3;VAPB;TMED2;SEC31A;ARHGEF7;REEP5;DNM1;TMED9;MYO18A;TOR1A;TMED7;RTN4;SEC23IP;SURF4;VPS4A;TMED4;SEC16A;PLEKHF2;OPTN;TOR1AIP2;GAK;LNPK;RAB30;GOLGA2;RAB1B;GOLGB1;RAB1A;DNM1L;SLC6A4;SRGN;VPS18;ARFGEF1;GORASP2;SYNGR2;NPLOC4;JAGN1;EXOC8;NSFL1C;OSBPL2;SQSTM1;TANGO2;CDC42,GO_Biological_Process_2025__Endomembrane System Organization (GO:0010256)
GO:0045834,-0.4121052631578947,-1.2794924666432368,0.8929419358532061,58.90%,EEF1A2;APOA2;APOE;ANGPTL3;MTOR;CLSTN3;APOA5;AKT1,GO_Biological_Process_2025__Positive Regulation of Lipid Metabolic Process (GO:0045834)
GO:0010882,0.4784422889379562,1.2781328705960089,0.6203077985582589,13.94%,ATP2A2;ASPH;SLC9A1;PRKCA,GO_Biological_Process_2025__Regulation of Cardiac Muscle Contraction by Calcium Ion Signaling (GO:0010882)
GO:0033539,0.4872567833601886,1.2780425590036448,0.6195382930411963,10.79%,IVD;ACADVL;ACADM,GO_Biological_Process_2025__Fatty Acid Beta-Oxidation Using acyl-CoA Dehydrogenase (GO:0033539)
GO:0045717,0.5113048569792588,1.2779210857837977,0.6189250004008867,6.25%,ACADVL;UBR4,GO_Biological_Process_2025__Negative Regulation of Fatty Acid Biosynthetic Process (GO:0045717)
GO:0048732,0.4384472465540763,1.2773454737132732,0.6197419481782808,10.58%,DKK3;FGFR2;TG;PRKCSH,GO_Biological_Process_2025__Gland Development (GO:0048732)
GO:0006892,0.3558926323271615,1.276942812483986,0.6200540063477102,43.09%,SORL1;RAB10;SNAP23;EPS15;DNM2;VPS13C;VPS13A;AP3D1;RAB13;STXBP5;SORT1;SCAMP3;MYO5A;SCAMP2;SEC16A;AP2A1;RAB14;SCAMP1;EXOC2;EXOC4;EXOC8,GO_Biological_Process_2025__post-Golgi Vesicle-Mediated Transport (GO:0006892)
GO:0019369,0.4701312710655246,1.276722880664284,0.619732210059511,6.22%,PTGS1;PLA2G4A;MGLL,GO_Biological_Process_2025__Arachidonate Metabolic Process (GO:0019369)
GO:0009890,0.4099493007320107,1.2764314938602614,0.6196970081505315,2.49%,C1QTNF3;ROCK2;STK4,GO_Biological_Process_2025__Negative Regulation of Biosynthetic Process (GO:0009890)
GO:0010646,0.3954593754436274,1.2757867380733028,0.6207857279835123,21.59%,ASPH;MGLL;STRN;YWHAG;PPP6R3;STRN4;PPP6R2;PPP6R1,GO_Biological_Process_2025__Regulation of Cell Communication (GO:0010646)
GO:0010575,0.459600173086502,1.2755972109985736,0.6193357587558965,39.81%,MIA3;STAT3;RELA;TGFB1;FLT4;HPSE,GO_Biological_Process_2025__Positive Regulation of Vascular Endothelial Growth Factor Production (GO:0010575)
GO:1902903,0.4219385479751881,1.2750705956260362,0.6189710663848209,51.76%,AEBP1;PRUNE1;APP;EFEMP2;INPPL1;GPX1;MAP1S;ARL2;HSPA8;METAP2;CLASP2;MAP1B,GO_Biological_Process_2025__Regulation of Supramolecular Fiber Organization (GO:1902903)
GO:0006620,0.4897103586402536,1.2748041163187105,0.6187392577417247,42.02%,SGTA;CHMP4B;SEC61B;SEC62;HSPA5;SGTB;UBL4A,GO_Biological_Process_2025__Post-Translational Protein Targeting to Endoplasmic Reticulum Membrane (GO:0006620)
GO:0038094,0.4082539290591959,1.2744186072539054,0.6179330089879158,46.69%,LYN;FCER1G;PRKCD;FYN;PTK2;VAV1;PKN1;FCER2;SRC;HCK;FGR;MYO1G,GO_Biological_Process_2025__Fc-gamma Receptor Signaling Pathway (GO:0038094)
GO:0010498,0.30386102374561,1.2738615537162057,0.6187371048371595,44.59%,PSMB7;PSMC5;PSMD13;RAD23A;PSMD1;MAN1B1;PSMD14;UBR4;PSMD7;HECTD3;FBXO7;RCN3;PSMA7;PSMD4;PSMB5;FAF1;PSMD8;PSMA2;SGTA;CANX;CTNNB1;PSMB8;PSMB9;PSMD12;TOR1A;PSMB1;PSMB3;PSMB10;PSMA5;UBE2J1;PSMA1;SEC61B;PSMA3;TRIM25;CALR;VCP;PSMA4;PSMB4;PSMA6;PROC;PSMB2;SIRT2;HSP90B1;CRBN;PSMD2;UFD1;DDB1;PSMB6;OS9;DDI2;PSMD3;PLAA;YOD1;HSPA5;PSMC1;DNAJB2;STT3B;UBXN1;STUB1;NPLOC4;NSFL1C;RBCK1;CCDC47;PSMC2;WDR26,GO_Biological_Process_2025__Proteasomal Protein Catabolic Process (GO:0010498)
GO:0008277,0.3959698058767077,1.2727543886518196,0.6203664053130664,18.64%,ROCK2;ROCK1;MGLL;APP;PPP1R9B;GIT1;YWHAB,GO_Biological_Process_2025__Regulation of G Protein-Coupled Receptor Signaling Pathway (GO:0008277)
GO:1902001,0.5608729950039443,1.271675847534271,0.622964388268427,43.99%,CPT1A;CPT2;CD36;SLC2A1;SLC25A20,GO_Biological_Process_2025__Fatty Acid Transmembrane Transport (GO:1902001)
GO:0003180,0.443953095985558,1.2715270685915083,0.622455670219705,50.63%,ROCK2;ROCK1;RHOA;TGFB1;EMILIN1;NOTCH1;JAG1;SMAD2;CDH11,GO_Biological_Process_2025__Aortic Valve Morphogenesis (GO:0003180)
GO:0141124,0.3124789770639231,1.27055523511575,0.6245895969953168,47.66%,GUCY1B1;TREML1;NUCB2;PDE3A;STAT3;MCU;IRAG1;RAB18;RELA;PPP1CB;TNIK;APP;PRKCSH;BCR;FGFR3;YWHAE;PPP1R9B;PRKCA;FGFR1;TAOK3;GUCY1A1;VAV1;PPP1CC;BTK;MYO18A;CLSTN1;MAP3K5;PLCG2;PKN1;IKBKG;MAP2K3;CD36;MINK1;RHEB;PIK3R1;RGS19;NUCB1;IKBKB;RAB38;MAPK1;MAP4K4;PDE5A;MAP2K2;TAB1;AKT1;PRG2;STUB1;MAP3K7;CHORDC1;TBK1;ARHGAP18;SMAD2,GO_Biological_Process_2025__Intracellular Signaling Cassette (GO:0141124)
GO:0050773,0.4701469218561256,1.2703904504589183,0.6241391242494246,18.07%,DBN1;TNIK;VLDLR;LRP8,GO_Biological_Process_2025__Regulation of Dendrite Development (GO:0050773)
GO:0014706,0.4908171299421844,1.2696201234308493,0.6245829620333093,33.09%,MYH14;NDUFV2;MYL6;PRMT1;SVIL,GO_Biological_Process_2025__Striated Muscle Tissue Development (GO:0014706)
GO:0006974,0.3273494528938153,1.2695335252774709,0.6238973096111197,37.29%,LYN;USP47;NRBP1;PRKCD;UBA7;LDLR;TAOK1;TAOK3;BABAM2;BID;VCP;BRCC3;PKN1;PROC;IKBKG;RPA3;OTUB1;UACA;BAX;UFL1;PRMT1;BABAM1;GRB2;PPP1CA;WNK1;DDB1;SMC1A;UBA6;UPF1;BCL2L1;MAPK14,GO_Biological_Process_2025__DNA Damage Response (GO:0006974)
GO:0002042,0.4830789060706499,1.2695098002776892,0.6229641543622996,15.10%,PACSIN2;MIA3;EHD4,GO_Biological_Process_2025__Cell Migration Involved in Sprouting Angiogenesis (GO:0002042)
GO:0043297,0.3900037184492985,1.2693962203522815,0.6223484325482936,49.95%,ESAM;STRN;RHOA;RAB13;PROC;PARD3;PECAM1;CLDN5;CLDN3;PDCD6IP;ARL2;CTNNA1;TBCD;DLG1;MPP7,GO_Biological_Process_2025__Apical Junction Assembly (GO:0043297)
GO:0001916,0.4689093605967354,1.2693676250498556,0.621441387504463,39.13%,STX7;HLA-C;HLA-E;PNKD;NECTIN2;HLA-B,GO_Biological_Process_2025__Positive Regulation of T Cell Mediated Cytotoxicity (GO:0001916)
GO:0046626,0.4265474483500102,1.2684617344359257,0.6232883220816894,44.12%,SORL1;PRKCB;PRKCD;SNX5;PRKCQ;PTPN11;SLC27A4;PIP4K2A;PIP4K2C;PTPN1,GO_Biological_Process_2025__Regulation of Insulin Receptor Signaling Pathway (GO:0046626)
GO:0006310,-0.499079673941625,-1.2673567298792818,0.9044650456283598,50.18%,XRCC6;XRCC5;HMGB3;HMGB1;RAD21,GO_Biological_Process_2025__DNA Recombination (GO:0006310)
GO:0018212,0.3627220978802357,1.2667993161092257,0.6275678066091321,42.91%,LYN;FGFR2;TPST2;PDGFRA;FYN;PTK2;PDGFRB;FGFR1;BTK;PKDCC;RELN;PTK2B;FLT4;SRC;HCK;FGR;CSF1R;DDR2,GO_Biological_Process_2025__Peptidyl-Tyrosine Modification (GO:0018212)
GO:0070585,0.5097681080568078,1.2667962112375752,0.6265747115045941,39.65%,MAVS;RALA;FKBP8;MTCH2;DNAJA1;DNM1L,GO_Biological_Process_2025__Protein Localization to Mitochondrion (GO:0070585)
GO:0034394,0.432991956192107,1.2667648533396327,0.6256761612563665,29.78%,JAM3;ARF6;STX4;CTNNB1;FLNA;USP4;FBLN5;FCN1,GO_Biological_Process_2025__Protein Localization to Cell Surface (GO:0034394)
GO:0048549,0.5579913850206291,1.2663799404255611,0.6259600636512933,25.76%,APPL2;APPL1;AXL,GO_Biological_Process_2025__Positive Regulation of Pinocytosis (GO:0048549)
GO:0051896,0.3117867041578238,1.2660686076403431,0.6249464146350449,43.67%,CASS4;HCLS1;EGF;PDGFC;APP;ANGPT1;PDGFRA;RCN3;NTS;MTDH;FGFR3;PTK2;PRKCA;PDGFRB;FGFR1;VAV1;GAS6;DCN;IL1R1;NRXN1;RRAS;MYDGF;NTRK2;TGFB1;PLXNB1;CPNE1;RTN4;PPP2R1A;PTPN11;AXL;BANK1;PIP5K1C;RELN;PECAM1;OSBPL8;THBS1;CCM2;PTK2B;CX3CL1;SRC;HPSE;PDGFA;FGR;CSF1R;DDR2;STAMBP;FN1,GO_Biological_Process_2025__Regulation of Phosphatidylinositol 3-Kinase/Protein Kinase B Signal Transduction (GO:0051896)
GO:0048010,0.4221779097733374,1.2660149272680463,0.6240999949316232,42.57%,FYN;PTK2;VAV1;PTK2B;NRP1;MAPK14;FLT4;MAPKAPK3;SRC;VEGFC,GO_Biological_Process_2025__Vascular Endothelial Growth Factor Receptor Signaling Pathway (GO:0048010)
GO:0150079,0.5585114824716534,1.2659228703218588,0.6233875366311667,11.71%,PTPRC;LDLR,GO_Biological_Process_2025__Negative Regulation of Neuroinflammatory Response (GO:0150079)
GO:0051291,-0.4112075769534333,-1.2648280415699775,0.8985235215849818,58.98%,FARSB;PKD1;HSD17B8;NUDT21;CPSF7;MAT2A;FARSA,GO_Biological_Process_2025__Protein Heterooligomerization (GO:0051291)
GO:1902905,0.3391516848352373,1.264358378978914,0.6263500423782125,12.50%,DCTN1;NCKAP1;SNX9;MAPRE1;BMP10;CTTN;APP;NCK2;CRACD;MTSS1;NCKAP1L;ARF6;EFEMP2,GO_Biological_Process_2025__Positive Regulation of Supramolecular Fiber Organization (GO:1902905)
GO:0035194,0.5624683587694861,1.2635843186074822,0.6277293967104682,22.22%,EIF6;SND1;TSNAX,GO_Biological_Process_2025__Regulatory ncRNA-mediated Post-Transcriptional Gene Silencing (GO:0035194)
GO:0043122,0.3155934886125074,1.2630165296810247,0.6285562154481873,37.24%,VAPA;FLOT1;FLOT2;MAVS;PRKCB;STAT3;PPM1A;SLC44A2;RELA;MTDH;RHOA;ATP2C1;DDX1;IL1R1;IRAK4;TFG;TGFB1;PLCG2;CPNE1;TNFSF10;STAT1;TRIM25;LAMTOR5;ZC3HAV1;FLNA;NLRX1;IKBKG;TMED4;GOLT1B;PPM1B;UFL1;CD36;OPTN;LIMS1;CX3CL1;TMSB4X;CD40LG;IKBKB,GO_Biological_Process_2025__Regulation of Canonical NF-kappaB Signal Transduction (GO:0043122)
GO:0007041,0.3521563988614723,1.262867426099313,0.6280857754556277,38.60%,SORL1;UBE2Z;AP3D1;AP3M1;CHMP4B;M6PR;AP1G1;SORT1;CHMP5;EHD3;RAB7A;VPS4A;ARL8B;PCSK9;GAK;HGS;CHMP6,GO_Biological_Process_2025__Lysosomal Transport (GO:0007041)
GO:0099518,0.503144248278812,1.2627439500186743,0.6275161918015819,44.62%,KIF5B;FNBP1L;MYO5A;RAB1A;SLC6A4;PAFAH1B1,GO_Biological_Process_2025__Vesicle Cytoskeletal Trafficking (GO:0099518)
GO:0071622,0.4550118308891534,1.2624383499540592,0.627518728945549,42.65%,JAM3;PTK2;CSF1;THBS1;S100A7;MAPK1;CSF1R,GO_Biological_Process_2025__Regulation of Granulocyte Chemotaxis (GO:0071622)
GO:0071347,0.3970299480829928,1.2619199725047574,0.628153967611925,43.54%,RELA;TOLLIP;ATL1;IL1R1;IRAK4;RBMX;UPF1;PLCB1;IKBKB;CD47;MAP3K7,GO_Biological_Process_2025__Cellular Response to Interleukin-1 (GO:0071347)
GO:0098930,0.4044953252271276,1.2618847968635418,0.6272757140189591,38.52%,DCTN1;AP3D1;RAB21;AP3M1;HDAC6;SNAPIN;AP3S1;ARL8B;BLOC1S1;ARL8A,GO_Biological_Process_2025__Axonal Transport (GO:0098930)
GO:0032509,0.4544768776048826,1.2614243810325458,0.6278308903358252,48.82%,CHMP4B;VTA1;SORT1;VCP;CHMP5;VPS4B;CHMP6;CHMP2A;UBXN6,GO_Biological_Process_2025__Endosome Transport via Multivesicular Body Sorting Pathway (GO:0032509)
GO:0043410,0.3061402493412559,1.261314725677789,0.6272185321350605,36.40%,ROCK2;LYN;FGFR2;ROCK1;PTPRC;SDCBP;EGF;PDGFC;RAP1A;LAMTOR1;ARL6IP5;TNIK;APP;ANGPT1;PDGFRA;FGFR3;TAOK1;PRKCA;PDGFRB;FGFR1;TAOK3;GAS6;NRXN1;MAP3K5;MYDGF;NTRK2;TGFB1;PLCG2;MADD;STK39;PDCD10;PTPN11;NOTCH2;PECAM1;PRMT1;NOTCH1;CRKL;CD36;CCN2;THBS1;MINK1;CCM2;PTK2B;S100A7;CX3CL1;NRP1;PLCB1,GO_Biological_Process_2025__Positive Regulation of MAPK Cascade (GO:0043410)
GO:0045744,0.4816990787499495,1.260006818464266,0.6302672009158684,30.17%,PDE3A;APLP1;YWHAB;SNCA;INPP5A,GO_Biological_Process_2025__Negative Regulation of G Protein-Coupled Receptor Signaling Pathway (GO:0045744)
GO:0006446,0.3573198312387928,1.2595735689884149,0.6306742647573286,45.09%,EIF4B;EIF5;BZW1;EIF4A2;EIF3E;DDX1;EIF3H;EIF5B;DDX3X;EIF4G3;EIF2B5;PPP1CA;CSDE1;EIF2B2;EIF4G1;DNAJC3;BZW2;EIF4G2;IMPACT;PAIP1,GO_Biological_Process_2025__Regulation of Translational Initiation (GO:0006446)
GO:1902533,0.2895642610999248,1.259561428831064,0.6297469366456766,43.80%,ROCK2;STK24;CASS4;VAPA;ARHGAP6;HCLS1;FLOT1;FLOT2;USP15;LYN;STK4;BCAP31;FGFR2;MAVS;PRKCB;STAT3;ROCK1;PTPRC;EGF;PDGFC;PPM1A;BMP10;LAMTOR1;SLC44A2;RELA;APP;ANGPT1;PDGFRA;NTS;LAMTOR3;ACTN4;MTDH;FGFR3;YWHAE;RHOA;PTK2;PRKCA;PDGFRB;FGFR1;ATP2C1;VAV1;GAS6;DDX1;DCN;RPS20;IL1R1;BTK;IRAK4;TFG;NRXN1;MYDGF;BID;NTRK2;TGFB1;PLXNB1;PLCG2;CPNE1;TNFSF10;TRIM25;VCP;MADD;RTN4;LAMTOR5;ZC3HAV1;CDK5RAP3;DDX3X;TGM2;PTPN11;CSNK2B;FLNA;IKBKG;AXL;RELN;DAB2;PECAM1;TMED4;BAX;GOLT1B;OSBPL8;LAMTOR2;CD36;THBS1;CCM2;LIMS1;PTK2B;ACVR1;RHEB;CX3CL1;PIK3R1;CD40LG;IKBKB;FLT4;MAP4K4;SRC;INHBA;HPSE;F7;TAB1;PDGFA;FGR;CSF1R;DDR2;RBCK1;MAP3K7;LAMTOR4;FN1;NLGN1,GO_Biological_Process_2025__Positive Regulation of Intracellular Signal Transduction (GO:1902533)
GO:0055090,-0.2716244725738396,-1.258986183618516,0.9051596497357826,72.98%,APOA4;APOA1;APOC4;APOC3;APOE;APOC2;LIPC;CETP;ANGPTL4;ANGPTL3;PLA2G12B;ANGPTL8;APOA5;IL18;OSBPL8;LPL,GO_Biological_Process_2025__Acylglycerol Homeostasis (GO:0055090)
GO:0010648,0.522621986857132,1.2587196783875427,0.6305969963522742,4.88%,MPIG6B;UBASH3B,GO_Biological_Process_2025__Negative Regulation of Cell Communication (GO:0010648)
GO:0080134,0.565711431287304,1.2584433962131338,0.6305186462325657,40.97%,BMP10;MLC1;EIF4G1,GO_Biological_Process_2025__Regulation of Response to Stress (GO:0080134)
GO:0050770,0.4055659580846031,1.2577059552530443,0.6319295294754402,25.05%,KIF13B;ARHGEF7;NTRK2;NRDC;PLXNB1;PKN1;SLITRK1,GO_Biological_Process_2025__Regulation of Axonogenesis (GO:0050770)
GO:2001236,0.3802707225156175,1.2576606952034457,0.6310938826629456,41.49%,RELA;APP;ITGA6;STX4;BID;NOL3;TNFSF10;MADD;THBS1;ACVR1;CD40LG;SRC;SLC6A4,GO_Biological_Process_2025__Regulation of Extrinsic Apoptotic Signaling Pathway (GO:2001236)
GO:0034502,-0.499079673941625,-1.2576129322969063,0.8947675179628326,50.18%,XRCC5;TERF2IP;PARP1;LEMD2;RAD21,GO_Biological_Process_2025__Protein Localization to Chromosome (GO:0034502)
GO:0015936,-0.4896134630554825,-1.2574930269434044,0.8806390790484105,51.13%,PPCDC;DCAKD;ACOT7;COASY;PPCS,GO_Biological_Process_2025__Coenzyme A Metabolic Process (GO:0015936)
GO:0043537,0.4186289931108859,1.2574764266718756,0.6307106741923827,39.31%,RHOA;TGFB1;MMRN1;PDCD10;CSNK2B;NOTCH1;THBS1;TBXA2R;RGCC,GO_Biological_Process_2025__Negative Regulation of Blood Vessel Endothelial Cell Migration (GO:0043537)
GO:0031401,0.3465769253427531,1.256770663678195,0.6320225056753648,18.78%,ROCK2;FLOT1;STK4;NIBAN1;RAB3GAP1;TNIK;TAOK1;PTK2;GAS6;RAB3GAP2;MYDGF;ATG7,GO_Biological_Process_2025__Positive Regulation of Protein Modification Process (GO:0031401)
GO:0000165,0.3388201309166919,1.2551854106734062,0.6361208999116923,43.54%,EGF;PPP1CB;TNIK;FGFR3;YWHAE;GPS1;FGFR1;TAOK3;PPP1CC;MAP3K5;PKN1;CRKL;MAP2K3;MINK1;CCM2;IKBKB;MAPK14;MAPK1;MAP4K4;MAP2K2;ARHGEF6;PRG2;STUB1;MAP3K7,GO_Biological_Process_2025__MAPK Cascade (GO:0000165)
GO:0007616,0.5644553026155351,1.2548815311197976,0.6360513956289707,28.34%,LRRN4;LDLR;RELN,GO_Biological_Process_2025__Long-Term Memory (GO:0007616)
GO:0007015,0.320348774404451,1.2546244167851586,0.6359640386191844,36.08%,ARAP1;DBN1;TMOD3;ARHGAP6;HCLS1;WAS;FLII;WIPF1;FAT1;DNM2;SPTA1;CD2AP;TPM1;PPP1R9B;TPM4;GAS2L1;ACTN1;TPM3;CORO1B;FLNA;ARHGEF2;MYO5A;ELMO1;INPPL1;CARMIL1;CNN2;SVIL;CORO1C;CNN3,GO_Biological_Process_2025__Actin Filament Organization (GO:0007015)
GO:1903894,0.5011969444293888,1.2540035987901323,0.6370328641497168,44.12%,COPS5;BAX;UFL1;DDRGK1;HSPA5;PTPN1,GO_Biological_Process_2025__Regulation of IRE1-mediated Unfolded Protein Response (GO:1903894)
GO:0097700,0.5652165829913511,1.2538866291406243,0.6364489967949407,14.15%,PRKACB;PRKCA;CAPN2,GO_Biological_Process_2025__Vascular Endothelial Cell Response to Laminar Fluid Shear Stress (GO:0097700)
GO:1904294,0.4861598311810737,1.2533796598209823,0.637094232131499,15.47%,BCAP31;TMX1;SGTA,GO_Biological_Process_2025__Positive Regulation of ERAD Pathway (GO:1904294)
GO:1901741,0.5064301217610457,1.2530700536694923,0.6371689167293142,37.29%,FLOT1;CD53;EHD2;EHD1;MAPK14,GO_Biological_Process_2025__Positive Regulation of Myoblast Fusion (GO:1901741)
GO:0006796,0.3268594477380707,1.2526896164032493,0.6374435730401391,45.27%,PLCB2;STAT3;PTPRC;PPM1A;TOLLIP;HOOK3;TAOK1;PPA2;NADK;TGFB1;PKN1;LPL;GALK1;INPP5A;PPP1CA;INPP4B;PFKM;GFPT1;INPP5B;IMPA1;PLAA;PPP3CB;PTPRB;AKT1;UBL4A;EPHX2;DUSP3;PFKP,GO_Biological_Process_2025__Phosphate-Containing Compound Metabolic Process (GO:0006796)
GO:0006104,0.5481758287654153,1.2522153904200517,0.638003813836468,33.56%,SUCLA2;OGDH;SUCLG1;SUCLG2,GO_Biological_Process_2025__succinyl-CoA Metabolic Process (GO:0006104)
GO:0006998,0.4644386973133114,1.2519962450453932,0.6377624994867436,28.76%,LMNB2;EMD;TOR1A;TMEM43;VPS4A,GO_Biological_Process_2025__Nuclear Envelope Organization (GO:0006998)
GO:0003176,0.4617637012728746,1.2515761652177992,0.6381361472930622,47.66%,ROCK2;ROCK1;TGFB1;EMILIN1;NOTCH1;JAG1;SMAD2,GO_Biological_Process_2025__Aortic Valve Development (GO:0003176)
GO:1904903,0.497408260958479,1.2513592365532642,0.6369213305988349,41.83%,VTA1;CHMP5;IST1;VPS4A;VPS4B;CHMP2A,GO_Biological_Process_2025__ESCRT III Complex Disassembly (GO:1904903)
GO:1904896,0.497408260958479,1.2513592365532642,0.6369213305988349,41.83%,VTA1;CHMP5;IST1;VPS4A;VPS4B;CHMP2A,GO_Biological_Process_2025__ESCRT Complex Disassembly (GO:1904896)
GO:0010592,0.4205170928159139,1.2509827308533,0.6371790757390492,6.07%,CYFIP1;NCKAP1;WASF2;BRK1,GO_Biological_Process_2025__Positive Regulation of Lamellipodium Assembly (GO:0010592)
GO:0033143,0.4651135294160248,1.2502283568976424,0.638765051895764,32.64%,UBA5;HDAC6;PKN1;UFM1;UFL1;DDRGK1,GO_Biological_Process_2025__Regulation of Intracellular Steroid Hormone Receptor Signaling Pathway (GO:0033143)
GO:0090068,0.3849300943628321,1.2500296358246548,0.638440629391206,53.60%,RAB33B;LRP5;EGF;RHOA;PDGFRB;DYNC1LI1;SIRT2;SVIL;RGCC;NSFL1C;CDC42;CUL3;NUMA1;RANBP1;RAD21;PDGFB,GO_Biological_Process_2025__Positive Regulation of Cell Cycle Process (GO:0090068)
GO:0039531,0.524444063002173,1.2499021788063125,0.6379255726765113,43.54%,FLOT2;BTK;SRC;TAB1;MAP3K7,GO_Biological_Process_2025__Regulation of Cytoplasmic Pattern Recognition Receptor Signaling Pathway (GO:0039531)
GO:0006397,-0.1455588245231123,-1.249411620078823,0.8821360891252319,74.37%,HNRNPM;SNRPD3;SART3;SRRM1;SNRPE;COLEC12;GEMIN5;CDC5L;SNRPA1;HNRNPA2B1;SRSF7;SNRPD2;PABPC1;RBM8A;SYNCRIP;EFTUD2;AQR;PRPF19;HNRNPC;HNRNPU;RPRD1B;U2AF2;NSUN2;HNRNPH3;SRRM2;SNRNP70;SRSF1;RALY;HNRNPA3;SNRPB2;HNRNPK;SNRPF;DDX5;NUDT21;PAF1;LSM3;MYG1;CPSF7;HSPA8;PPIE;LSM8;HNRNPF;SF3B3;SF3A1;LSM7;SFPQ;SF3A2;RBMX;SF3B2;LSM6;LSM4,GO_Biological_Process_2025__mRNA Processing (GO:0006397)
GO:0036010,0.4753419697706825,1.2490102135528507,0.639779997886975,36.27%,PACSIN2;TOLLIP;TMEM30A;ARL8B;NRP1,GO_Biological_Process_2025__Protein Localization to Endosome (GO:0036010)
GO:0009247,0.4914878756102006,1.248769081460799,0.6395760112788937,46.74%,B3GALNT1;SCCPDH;TM9SF2;DPM1;ST8SIA5;ST3GAL6,GO_Biological_Process_2025__Glycolipid Biosynthetic Process (GO:0009247)
GO:0043244,0.5251986067094875,1.2485436840529156,0.6393374175010426,17.23%,ETF1;GSPT1;HDAC6,GO_Biological_Process_2025__Regulation of Protein-Containing Complex Disassembly (GO:0043244)
GO:0009306,0.3614402381287667,1.2480936054253795,0.6398467427713403,55.02%,MIA3;RCN3;COPG1;PDIA4;AP1S1;CANX;PCSK5;AP1G1;STEAP3;LTBP3;CAMK2G;COPG2;MTTP;GNAS;GSDMD;PDHX;TANGO2;AP1B1;SCG2;CLSTN3,GO_Biological_Process_2025__Protein Secretion (GO:0009306)
GO:0006688,0.5530727180872024,1.248029461409591,0.6390891125632473,23.82%,ST8SIA4;B3GALNT1;TM9SF2,GO_Biological_Process_2025__Glycosphingolipid Biosynthetic Process (GO:0006688)
GO:0097699,0.4830090771617763,1.2477714930531625,0.6389677038538675,44.12%,PRKACB;PTK2;PRKCA;CAPN2;GNAS;AKT1;PTPN1,GO_Biological_Process_2025__Vascular Endothelial Cell Response to Fluid Shear Stress (GO:0097699)
GO:0042304,0.4288874668812829,1.247604120614519,0.638563685705999,6.80%,ACADVL;UBR4;EIF6,GO_Biological_Process_2025__Regulation of Fatty Acid Biosynthetic Process (GO:0042304)
GO:0010591,0.3867210512651997,1.2473400145547944,0.638407002296134,6.07%,CYFIP1;WAS;NCKAP1;WASF2;BRK1,GO_Biological_Process_2025__Regulation of Lamellipodium Assembly (GO:0010591)
GO:0010874,-0.3260911588647106,-1.24721555256963,0.875787421683465,41.57%,SHH;ADIPOQ;NAXE;APOA1;APOE;PLTP;CES1;CETP;PON1;NFKB1,GO_Biological_Process_2025__Regulation of Cholesterol Efflux (GO:0010874)
GO:0098911,-0.4762029976334473,-1.2469501769212497,0.8633969680550994,52.47%,DSC3;JUP;TRPM4;DSG2;DLG1,GO_Biological_Process_2025__Regulation of Ventricular Cardiac Muscle Cell Action Potential (GO:0098911)
GO:0097553,0.3859821850584579,1.2469354688343282,0.6387917794783848,53.89%,PLCB2;PTPRC;PLCB3;ITPR1;GP9;PLCG2;ITPR2;FLNA;GP1BB;ERO1A;PLCB1;GP1BA;PLCB4;GP5;F2R,GO_Biological_Process_2025__Calcium Ion Transmembrane Import Into Cytosol (GO:0097553)
GO:0032984,0.3530270512170658,1.246838177413228,0.6381836032027474,29.75%,ETF1;VAMP7;TSG101;SNAP29;VAMP8;APEH;GSPT1;CHMP4B;GSPT2;VCP;CHMP5;VPS4A;PYM1;VPS4B,GO_Biological_Process_2025__Protein-Containing Complex Disassembly (GO:0032984)
GO:0016322,0.5271863075870277,1.246023118169175,0.639953786834647,36.82%,APP;ANKS1A;CX3CL1;SCARF1,GO_Biological_Process_2025__Neuron Remodeling (GO:0016322)
GO:0032388,0.3855679731640657,1.2459434311980415,0.6392515783479873,34.80%,SORL1;ASPH;RAB21;ACTN2;EHD2;MLC1;PDCD10;EHD1;DAB2;RDX;EIPR1,GO_Biological_Process_2025__Positive Regulation of Intracellular Transport (GO:0032388)
GO:0002833,0.4283712301631748,1.2456521090228188,0.6392714170532626,25.03%,CPT1A;PRKCA;EMILIN2;PTPN11;EMILIN1,GO_Biological_Process_2025__Positive Regulation of Response to Biotic Stimulus (GO:0002833)
GO:0120034,0.3528105598418688,1.2455992653635044,0.6385087485214117,50.26%,ARAP1;CYFIP1;NCKAP1;WASF2;BRK1;ASAP1;FNBP1L;RALA;PROC;RAB11FIP3;AGRN;PIK3R1;NRP1;DOCK11;ACTR3;SLC6A4;NLGN1;CDC42;ARPC2;TWF2;ACTR2,GO_Biological_Process_2025__Positive Regulation of Plasma Membrane Bounded Cell Projection Assembly (GO:0120034)
GO:0051865,-0.4248881873191266,-1.2452094295167242,0.8436748710536405,57.62%,ITCH;UBE3A;TRAF6;TRIM21;RNF11;CUL3;STUB1,GO_Biological_Process_2025__Protein Autoubiquitination (GO:0051865)
GO:0007088,0.4402226789927578,1.245036369929459,0.6395357971938643,24.13%,LRP5;EGF;TOM1L2;PDGFRB;PRMT5,GO_Biological_Process_2025__Regulation of Mitotic Nuclear Division (GO:0007088)
GO:0043687,0.402493196480667,1.2442438848093804,0.641023333400074,23.77%,COPS5;PRKCD;FN3K;STT3A;UBA3;UCHL3;PKN1;ZC3HAV1,GO_Biological_Process_2025__Post-Translational Protein Modification (GO:0043687)
GO:1904375,0.3936309986634017,1.244183802942687,0.640313190657196,28.76%,SPTBN1;STX7;VAMP8;APPL1;SNCA;LDLRAP1;CAMK2G;VPS4A,GO_Biological_Process_2025__Regulation of Protein Localization to Cell Periphery (GO:1904375)
GO:0003143,-0.5004984996651463,-1.243492348896896,0.8250302514512006,5.75%,MEGF8;SHH;IHH;ENG,GO_Biological_Process_2025__Embryonic Heart Tube Morphogenesis (GO:0003143)
GO:0061371,-0.5004984996651463,-1.243492348896896,0.8250302514512006,5.75%,MEGF8;SHH;IHH;ENG,GO_Biological_Process_2025__Determination of Heart Left/Right Asymmetry (GO:0061371)
GO:0070536,0.5081027989347514,1.2432896572771035,0.6403316960295012,22.93%,PSMD14;BABAM2;BRCC3;USP9X,GO_Biological_Process_2025__Protein K63-linked Deubiquitination (GO:0070536)
GO:0014074,0.5554987706250012,1.2422002268257857,0.642940452343337,21.22%,ASPH;VGF;STAT1,GO_Biological_Process_2025__Response to Purine-Containing Compound (GO:0014074)
GO:1900125,0.5415021355958575,1.2418652690537646,0.6430374460089634,19.09%,EGF;CLTC;TGFB1,GO_Biological_Process_2025__Regulation of Hyaluronan Biosynthetic Process (GO:1900125)
GO:1901880,0.5219541045599838,1.2406644907967177,0.6450588533499401,23.11%,LIMA1;TAOK1;GAS2L1;PROC,GO_Biological_Process_2025__Negative Regulation of Protein Depolymerization (GO:1901880)
GO:0046328,0.3588846771559566,1.2396400629876687,0.6475576460876579,38.42%,COPS5;SDCBP;TNIK;APP;TAOK1;TAOK3;MAP3K5;PRMT1;CCN2;MINK1;PTK2B;PLCB1;FLT4;MAP4K4,GO_Biological_Process_2025__Regulation of JNK Cascade (GO:0046328)
GO:0042176,0.3306958075551524,1.2390340998843177,0.6485936812502907,40.41%,SORL1;SEC22B;PSMD14;NSF;PRKCA;FAF1;ATG7;HSP90AA1;VCP;PROC;NDUFA13;CDK5RAP3;FLNA;SIRT2;RAB7A;TSPAN15;VPS28;RDX;DDB1;C4BPB;GPX1;HGS;SF3B3;CHMP6;PSME2;UCHL5,GO_Biological_Process_2025__Regulation of Protein Catabolic Process (GO:0042176)
GO:1900077,0.4418141330888998,1.2388905259791363,0.6481081079310843,50.76%,APPL2;PRKCB;PRKCD;PRKCQ;SLC27A4;PIP4K2A;PIP4K2C;PTPN1;NCK1,GO_Biological_Process_2025__Negative Regulation of Cellular Response to Insulin Stimulus (GO:1900077)
GO:0098655,0.3300519429487629,1.2385742589561464,0.6481996698406227,20.88%,ATP2A3;NNT;ATP2A2;ASPH;ANO6;ATP6V1E1;ATP6V0C;SLC9A9;ATP1B3;SLC9A1;ATP6V1B2;ATP2C1;GAS6;ATP5MF;ATP6AP2;P2RX1,GO_Biological_Process_2025__Monoatomic Cation Transmembrane Transport (GO:0098655)
GO:0033275,0.5433737974014949,1.2384951279815697,0.6475366594104897,29.39%,TPM1;MYH7;MYL6,GO_Biological_Process_2025__Actin-Myosin Filament Sliding (GO:0033275)
GO:2000060,0.3577942581157169,1.23828684022901,0.6472987110469861,42.44%,BCAP31;RAD23A;TGFB1I1;ELOB;USP5;PTK2;SGTA;VCP;CDK5RAP3;IKBKG;SIRT2;DAB2;DDRGK1;PSMD10;DNAJB2;STUB1,GO_Biological_Process_2025__Positive Regulation of Ubiquitin-Dependent Protein Catabolic Process (GO:2000060)
GO:0010604,0.3920757373456112,1.237940003898877,0.6474854089725334,44.12%,NSF;ECE1;APP;CSF1;VAMP3;TGFB1;SNCA;INHBA;EIF4G1;AKT1;PTPN1,GO_Biological_Process_2025__Positive Regulation of Macromolecule Metabolic Process (GO:0010604)
GO:0045332,0.5460790588091932,1.2379341234235652,0.6465716819045402,20.93%,ANO6;ATP8A1;TMEM30A,GO_Biological_Process_2025__Phospholipid Translocation (GO:0045332)
GO:1903513,0.4955214527442312,1.2373021465703584,0.6457675957944669,42.73%,SEC61B;VCP;HSP90B1;UFD1;OS9;NPLOC4,GO_Biological_Process_2025__Endoplasmic Reticulum to Cytosol Transport (GO:1903513)
GO:1903053,0.4236913412027831,1.2369649098565885,0.6459285707510563,34.11%,LMNB2;EFEMP2;LAMA2;LAMC1;NID1;NOTCH1;LAMB1,GO_Biological_Process_2025__Regulation of Extracellular Matrix Organization (GO:1903053)
GO:0043484,-0.2483504882554764,-1.2366431850104642,0.8363619180368217,75.32%,RPS13;SRRM1;KHDRBS1;PTBP3;U2AF2;HNRNPH3;FUS;SNRNP70;SRSF1;HNRNPK;HNRNPL;AHNAK;SRSF3;HNRNPF;SF3B3;PIK3R1;COLEC11;PTBP1;ZPR1,GO_Biological_Process_2025__Regulation of RNA Splicing (GO:0043484)
GO:0007010,0.3408037932519997,1.2338805098942274,0.6549947972330868,34.22%,PACSIN2;DPYSL2;TIMD4;CDC42BPB;TNIK;TPM1;DIAPH1;NCKIPSD;ARHGAP4;ANK1;MICAL1;WASF3;EPB41L3;DMTN;CAPZB;CNN2;PTK2B,GO_Biological_Process_2025__Cytoskeleton Organization (GO:0007010)
GO:0046324,0.4245397120940606,1.2333360198503165,0.6548394736233186,41.15%,APPL2;RTN2;APPL1;PTPN11;AKT2;OSBPL8;PIK3R1;AKT1,GO_Biological_Process_2025__Regulation of D-glucose Import (GO:0046324)
GO:0006110,0.4264118239911948,1.2332528999177677,0.654185729657849,15.39%,MIA3;EIF6;APP;GIT1,GO_Biological_Process_2025__Regulation of Glycolytic Process (GO:0006110)
GO:0002702,0.4669658936929708,1.2328857857177054,0.6543559146484416,24.84%,PTPRC;STX4;VAMP3;HLA-E,GO_Biological_Process_2025__Positive Regulation of Production of Molecular Mediator of Immune Response (GO:0002702)
GO:0034763,0.553378852139169,1.2326240549620455,0.6542898810837553,33.01%,PRKCB;ARL6IP5;AKT2;THBS1,GO_Biological_Process_2025__Negative Regulation of Transmembrane Transport (GO:0034763)
GO:0043123,0.3150793958635921,1.2325039234036934,0.6537379858090862,37.24%,VAPA;FLOT1;FLOT2;MAVS;PRKCB;STAT3;PPM1A;SLC44A2;RELA;MTDH;RHOA;ATP2C1;DDX1;IL1R1;IRAK4;TFG;TGFB1;TNFSF10;TRIM25;LAMTOR5;ZC3HAV1;FLNA;IKBKG;TMED4;GOLT1B;CD36;LIMS1;CX3CL1;CD40LG;IKBKB,GO_Biological_Process_2025__Positive Regulation of Canonical NF-kappaB Signal Transduction (GO:0043123)
GO:0042130,0.3987686977898736,1.2322773377545135,0.6535748264034527,29.65%,PRKAR1A;SDC4;PPP1R9B;TINAGL1;PTPN11;HLA-E;VSIG4,GO_Biological_Process_2025__Negative Regulation of T Cell Proliferation (GO:0042130)
GO:0036336,-0.4917170654746253,-1.2318768177547663,0.8298483728203151,50.92%,CCL5;TRPM4;PIK3CG;HMGB1;CXCR4,GO_Biological_Process_2025__Dendritic Cell Migration (GO:0036336)
GO:0002407,-0.4917170654746253,-1.2318768177547663,0.8298483728203151,50.92%,CCL5;TRPM4;PIK3CG;HMGB1;CXCR4,GO_Biological_Process_2025__Dendritic Cell Chemotaxis (GO:0002407)
GO:0018108,0.3501642352073892,1.2307534654993786,0.6574608246606205,60.37%,LYN;FGFR2;PDGFRA;FYN;PTK2;PDGFRB;FGFR1;BTK;PKDCC;RELN;PTK2B;FLT4;JAK3;SRC;HCK;FGR;CSF1R;DDR2;SYK;PDGFB;JAK2;FER;PTPN6;FGFR4;LCK,GO_Biological_Process_2025__Peptidyl-Tyrosine Phosphorylation (GO:0018108)
GO:0090150,0.3813492886690212,1.2305701540323006,0.6571274363464448,42.25%,RAB10;SDCBP;RAB3GAP1;RAB3GAP2;ATG3;BID;RAB11A;PARD3;RDX;VPS37B;RAB8B;GORASP2,GO_Biological_Process_2025__Establishment of Protein Localization to Membrane (GO:0090150)
GO:0045637,0.4724705279675123,1.2305043669333084,0.6564190585667157,7.30%,LYN;EIF6;PURB,GO_Biological_Process_2025__Regulation of Myeloid Cell Differentiation (GO:0045637)
GO:0090090,0.3662523479933384,1.2304980232004668,0.6555215232997372,9.43%,DKK3;STK24;STK4;EMD;APP,GO_Biological_Process_2025__Negative Regulation of Canonical Wnt Signaling Pathway (GO:0090090)
GO:0050730,0.4038138245071662,1.2304174588885437,0.6548489439789563,33.64%,RAP2B;ANGPT1;CSPG4;TGFB1;ARHGEF2;BANK1;DMTN;THBS4;CCM2,GO_Biological_Process_2025__Regulation of Peptidyl-Tyrosine Phosphorylation (GO:0050730)
GO:0032365,0.5500920326058376,1.2300477413004305,0.6550448682897144,45.06%,CPT1A;CPT2;CERT1;SLC25A20;TMEM41B,GO_Biological_Process_2025__Intracellular Lipid Transport (GO:0032365)
GO:0110053,0.5101060587088643,1.229821183333292,0.65483766074479,31.51%,WAS;BRK1;INPPL1;RDX,GO_Biological_Process_2025__Regulation of Actin Filament Organization (GO:0110053)
GO:0010556,0.357826997485013,1.2287314683757506,0.6565483918761262,27.02%,PTPRC;FUBP1;TRIM58;APP;TAPBP;YBX1;SORT1;TARDBP;TRIM4;HNRNPD,GO_Biological_Process_2025__Regulation of Macromolecule Biosynthetic Process (GO:0010556)
GO:1901731,0.4941396166327549,1.2284131173543171,0.6557276655615965,34.24%,EMILIN2;MMRN1;EMILIN1;F11R;GP6,GO_Biological_Process_2025__Positive Regulation of Platelet Aggregation (GO:1901731)
GO:0070293,0.5374396227152981,1.2281184104766192,0.6557303684061264,23.66%,MAGED2;STK39,GO_Biological_Process_2025__Renal Absorption (GO:0070293)
GO:0006929,0.4875107506504133,1.2276435677301254,0.6564433033290693,43.88%,PTPRC;SDCBP;CD2AP;NRP1;VEGFC;ITGA2,GO_Biological_Process_2025__Substrate-Dependent Cell Migration (GO:0006929)
GO:0001933,0.3391475711605619,1.2265933597136356,0.6588711475400365,45.19%,GNAQ;LYN;PTPRC;NIBAN1;YWHAG;MVP;SNCA;TARDBP;CDK5RAP3;RTRAF;SIRT2;PARD3;FKBP8;DMTN;FBLN1;CORO1C;EIF4G1;DNAJC3;CIB1;CHORDC1,GO_Biological_Process_2025__Negative Regulation of Protein Phosphorylation (GO:0001933)
GO:0010574,0.4268438375977654,1.2251545280799936,0.6615105052959684,19.09%,MIA3;STAT3;RELA;TGFB1,GO_Biological_Process_2025__Regulation of Vascular Endothelial Growth Factor Production (GO:0010574)
GO:0030198,0.3037935374417888,1.2249447781678904,0.6612648574963268,22.53%,FLOT1;ADAM10;COL14A1;COL5A1;ECM2;ADAMTS8;APP;PLOD3;COL5A2;P4HA1;COL12A1;ADAMTS1;MMP19;MMP25;GAS6;TLL2;APLP1;NID2;TGFB1;LAMC1;NID1;MATN2;DPT,GO_Biological_Process_2025__Extracellular Matrix Organization (GO:0030198)
GO:0035967,0.4726575361667007,1.224479086166829,0.6609627922708161,44.12%,HDAC6;VCP;BAX;UFD1;OPTN;STUB1;PTPN1,GO_Biological_Process_2025__Cellular Response to Topologically Incorrect Protein (GO:0035967)
GO:0030148,0.4145284933559665,1.2244631670863906,0.660113638602258,23.82%,VAPA;B3GALNT1;CERS2;ASAH1;HACD4;TM9SF2,GO_Biological_Process_2025__Sphingolipid Biosynthetic Process (GO:0030148)
GO:1905475,0.3981836909168729,1.224342734617475,0.6595757353728997,28.76%,SPTBN1;STX7;VAMP8;FYN;LDLRAP1;CAMK2G;VPS4A,GO_Biological_Process_2025__Regulation of Protein Localization to Membrane (GO:1905475)
GO:0050905,0.5463689906469711,1.2242342619548037,0.6590151533538408,17.38%,DCTN1;UBA5;NRXN1,GO_Biological_Process_2025__Neuromuscular Process (GO:0050905)
GO:0034143,0.4172093842805301,1.2241327942104834,0.6584467199882963,2.23%,APPL2;FLOT1;LYN,GO_Biological_Process_2025__Regulation of Toll-Like Receptor 4 Signaling Pathway (GO:0034143)
GO:0072330,-0.2716244725738396,-1.22379555061668,0.8462797431761881,72.98%,FASN;LIPC;HSD17B10;OSBPL9;PARK7;OSBP;ACACA;ACLY;HSD17B8;LIPG;OSBPL2;SBDS;NDUFAB1;GATM;ACOT8;LPL,GO_Biological_Process_2025__Monocarboxylic Acid Biosynthetic Process (GO:0072330)
GO:2000181,0.3445511657172701,1.2233012287827922,0.6601833751800704,39.31%,ROCK2;ROCK1;RELA;THBS2;DCN;CTNNB1;STAT1;EMILIN1;SPARC;CLDN5;THBS4;CD36;THBS1;HGS;RGCC,GO_Biological_Process_2025__Negative Regulation of Blood Vessel Morphogenesis (GO:2000181)
GO:1901524,0.5141760614566123,1.2231460397663418,0.6598192918399599,42.44%,FBXO7;FKBP8;DNM1L;SLC6A4;STUB1,GO_Biological_Process_2025__Regulation of Mitophagy (GO:1901524)
GO:2000114,0.449056568732207,1.2225794590102494,0.6607342524247916,4.12%,ROCK2;ROCK1,GO_Biological_Process_2025__Regulation of Establishment of Cell Polarity (GO:2000114)
GO:0090022,0.4445010099425782,1.2224766939636826,0.6601718987142943,11.76%,TNFAIP6;MCU;JAM3;NCKAP1L,GO_Biological_Process_2025__Regulation of Neutrophil Chemotaxis (GO:0090022)
GO:0035924,0.4369658259329739,1.222338569831704,0.6597015377458614,42.57%,RELA;CLSTN1;NOTCH1;MAP2K3;NRP1;MAPK14;FLT4;VEGFC,GO_Biological_Process_2025__Cellular Response to Vascular Endothelial Growth Factor Stimulus (GO:0035924)
GO:0065004,0.4620999585468279,1.221736624847071,0.6589288044819736,22.32%,HMGB2;NAP1L4;NAP1L1;NASP,GO_Biological_Process_2025__protein-DNA Complex Assembly (GO:0065004)
GO:0006334,0.4620999585468279,1.221736624847071,0.6589288044819736,22.32%,HMGB2;NAP1L4;NAP1L1;NASP,GO_Biological_Process_2025__Nucleosome Assembly (GO:0006334)
GO:0099024,0.3984607784748885,1.2215244401262824,0.6587299558628442,48.69%,SNX9;VAMP7;RHOA;BIN2;MYH9;ELMO1;CD36;SNX18;CDC42;ARHGAP25,GO_Biological_Process_2025__Plasma Membrane Invagination (GO:0099024)
GO:0045954,0.4966101905912883,1.2211051708126253,0.6582705083879251,46.56%,CD226;HLA-E;NECTIN2;CADM1;CRTAM,GO_Biological_Process_2025__Positive Regulation of Natural Killer Cell Mediated Cytotoxicity (GO:0045954)
GO:0002717,0.4966101905912883,1.2211051708126253,0.6582705083879251,46.56%,CD226;HLA-E;NECTIN2;CADM1;CRTAM,GO_Biological_Process_2025__Positive Regulation of Natural Killer Cell Mediated Immunity (GO:0002717)
GO:0050731,0.3978491033376275,1.2210013280706904,0.6577267015012912,48.42%,CASS4;ANGPT1;FGFR3;CSPG4;TGFB1;ARHGEF2;BANK1;THBS4;CCM2;CSF1R;PTPN1;IL18,GO_Biological_Process_2025__Positive Regulation of Peptidyl-Tyrosine Phosphorylation (GO:0050731)
GO:0034110,0.4614509941585538,1.2207885708954058,0.657501565754715,31.51%,LYN;PRKCA;CTNNB1;PRKCQ;RDX,GO_Biological_Process_2025__Regulation of Homotypic Cell-Cell Adhesion (GO:0034110)
GO:0170036,0.3959042094261289,1.2202997993209388,0.6581051637931221,54.49%,MCU;ITPR1;SFXN3;TOMM70;SFXN1;TOMM40;TIMM44;GRPEL1;TIMM50;VDAC1;MICU2;MICU1;PNPT1,GO_Biological_Process_2025__Import Into the Mitochondrion (GO:0170036)
GO:0006352,0.5390848907003656,1.2201664416522278,0.6576582701300215,5.83%,ELOC;ELOB,GO_Biological_Process_2025__DNA-templated Transcription Initiation (GO:0006352)
GO:0001934,0.3103948654145775,1.219425656940218,0.6591620170072998,44.98%,ROCK2;FLOT1;STK4;PTPRC;NIBAN1;EGF;SNX9;RAP1A;LCP2;TNIK;ANGPT1;PTK2;CSPG4;GAS6;MAP3K5;MYDGF;TGFB1;PKN1;PDCD10;ARHGEF2;BANK1;RELN;PRKAG1;THBS4;MAP2K3;DDRGK1;CEMIP;CCM2;PTK2B;FLT4;MAPK1;EIF4G1;AKT1;PDGFA;CSF1R;DDR2;UBE2K;CIB1,GO_Biological_Process_2025__Positive Regulation of Protein Phosphorylation (GO:0001934)
GO:0120036,0.3168729543729158,1.2192358640944927,0.6588680890114259,31.49%,CDH23;VAPA;CYFIP1;LYN;ROCK1;RAB6B;LIMA1;RAB6A;CTTN;APP;TPM1;MANF;PPP1R9B;RAB13;NRXN1;TOR1A;TBC1D23;RAB11A;EHD1;CORO1B;SNAPIN;PRMT1;PTPRZ1;CARMIL1,GO_Biological_Process_2025__Plasma Membrane Bounded Cell Projection Organization (GO:0120036)
GO:0045595,0.3219189605120553,1.2190365899866034,0.657741979295145,36.34%,FLOT2;FGFR2;ROCK1;YWHAG;CAMK1;SMYD5;PTK2;ANP32B;PRKCA;FGFR1;CSF1;CTNNB1;TGFB1;YWHAH;HSP90AB1;CDK5RAP3;PPP2R1A;PTBP1;RELN;OCIAD1;SLC6A6;CCN2;TNR;MBOAT2,GO_Biological_Process_2025__Regulation of Cell Differentiation (GO:0045595)
GO:0007200,0.4096924877416973,1.2182571222362004,0.6593432764701326,32.59%,GNAQ;PLCB2;PLCB3;ACTN2;TGM2;PARD3;AZU1;F2RL3,GO_Biological_Process_2025__Phospholipase C-activating G Protein-Coupled Receptor Signaling Pathway (GO:0007200)
GO:0032925,0.5383708055789745,1.2181839917962896,0.6586821059230684,25.89%,FST;CSNK2B;FSTL3,GO_Biological_Process_2025__Regulation of Activin Receptor Signaling Pathway (GO:0032925)
GO:0008154,0.3465535293416512,1.2178036117836304,0.6589422096366508,8.51%,INF2;ARHGAP6;WAS;FLII;WIPF1;WASF1,GO_Biological_Process_2025__Actin Polymerization or Depolymerization (GO:0008154)
GO:0018146,-0.4677885879568761,-1.2172354681150144,0.8580468432007522,53.31%,B3GNT7;CHST1;B4GAT1;ST3GAL1;ST3GAL6,GO_Biological_Process_2025__Keratan Sulfate Proteoglycan Biosynthetic Process (GO:0018146)
GO:0048015,0.4325467186217617,1.2172073787906876,0.6598926358755111,21.72%,PLCB2;PLCB3;FGFR1;PLCG2;PI4KA,GO_Biological_Process_2025__Phosphatidylinositol-Mediated Signaling (GO:0048015)
GO:0090140,0.4382388443977009,1.2170639309523408,0.6594707383274464,39.65%,INF2;MCU;DCN;RALA;PGAM5;MFF;DNM1L,GO_Biological_Process_2025__Regulation of Mitochondrial Fission (GO:0090140)
GO:0051960,0.4438968041000179,1.2167594662612986,0.6595862758732888,35.35%,PRUNE1;HMGB2;CTNNB1;ZPR1;SIRT2;PTPRZ1;CX3CL1,GO_Biological_Process_2025__Regulation of Nervous System Development (GO:0051960)
GO:0031113,0.3768369120539432,1.2162939606222551,0.6601336283828748,49.68%,DCTN1;PRUNE1;MAPRE1;VTA1;CLIP1;SNCA;PKN1;SLAIN2;TUBB4A;ARL2;TBCD;NUMA1;METAP2;CLASP2,GO_Biological_Process_2025__Regulation of Microtubule Polymerization (GO:0031113)
GO:0001755,-0.3632534877599368,-1.2159877600358606,0.8508306947751241,63.79%,SHH;SEMA4B;SEMA4C;SEMA3F;SEMA7A;SEMA3B;SEMA6D;FN1;NRP1,GO_Biological_Process_2025__Neural Crest Cell Migration (GO:0001755)
GO:1902532,0.2988733814340238,1.2158740914653,0.660569718284649,45.14%,C1QTNF3;LYN;PRKAR1A;STAT3;PPIF;PPM1A;PRKAR2A;ARHGAP45;PRKCD;RELA;SLMAP;STRN3;ITPR1;CD2AP;STRN4;ARHGAP17;SLA2;CPNE1;NOL3;STAT1;CALR;VCP;DDX3X;PPP2R1A;EMILIN1;NLRX1;BANK1;UACA;PRKAR2B;PPM1B;CRKL;MAP2K3;WNK1;THBS1;MOB4;BCL2L1;TMSB4X;DGKG;MAPK14;SRC;PSMD10;STUB1;STAMBP;GMIP;CIB1;DUSP3,GO_Biological_Process_2025__Negative Regulation of Intracellular Signal Transduction (GO:1902532)
GO:0032446,0.3062027893533058,1.215676527355479,0.6603465728094849,42.44%,COPS4;COPS5;COPS6;ELOC;COPS7A;NAE1;COPS2;USP5;UBA7;FBXO7;GPS1;UBA3;UCHL3;UBA2;UBA5;RANGAP1;UBAC1;ATG7;ATG3;COPS3;VCP;USP9X;UFM1;CDK5RAP3;CUL2;UFL1;CRBN;DDRGK1;UBE2M;DDB1;UBA6;EIPR1;OS9;COPS8;UFC1;UBE2V2;VPS18;STUB1,GO_Biological_Process_2025__Protein Modification by Small Protein Conjugation (GO:0032446)
GO:0002053,0.53407211052824,1.2152616702982684,0.6608289238495311,21.22%,FGFR2;LRP5;STAT1,GO_Biological_Process_2025__Positive Regulation of Mesenchymal Cell Proliferation (GO:0002053)
GO:0045687,0.5366883638600316,1.214900675442425,0.6610706311914054,30.78%,TGFB1;SERPINE2;NOTCH1;PTPRZ1,GO_Biological_Process_2025__Positive Regulation of Glial Cell Differentiation (GO:0045687)
GO:0010896,0.4833042181082385,1.2129572590513475,0.6655340297799541,0.03%,SORL1,GO_Biological_Process_2025__Regulation of Triglyceride Catabolic Process (GO:0010896)
GO:0002221,0.3554508073352163,1.212342999935792,0.6666275905233773,52.73%,MAVS;IPO5;YWHAE;IRAK4;PLCG2;TRIM25;DDX3X;COLEC10;FCN1;COLEC11;MAPKAPK3;CTSS;MAP3K7;TBK1;NDUFA2;MBL2;SYK;TRAF6,GO_Biological_Process_2025__Pattern Recognition Receptor Signaling Pathway (GO:0002221)
GO:0045953,0.447316699049056,1.2122531052580043,0.6660334204240875,39.13%,SERPINB9;TGFB1;HLA-E;GRB2;NECTIN2;HLA-B,GO_Biological_Process_2025__Negative Regulation of Natural Killer Cell Mediated Cytotoxicity (GO:0045953)
GO:0006623,0.4015643485744966,1.2120721085347927,0.6657323249864219,37.55%,SORL1;VPS13C;VPS13A;AP3M1;M6PR;RAB7A;VPS4A;VPS37B;HGS,GO_Biological_Process_2025__Protein Targeting to Vacuole (GO:0006623)
GO:0006895,0.4508310123789833,1.211384442649095,0.6670614471629565,37.84%,EPS15;VPS13C;VPS13A;SORT1;AP2A1;RAB14,GO_Biological_Process_2025__Golgi to Endosome Transport (GO:0006895)
GO:0051043,0.4233814263444063,1.2110689520040951,0.6672342242876989,37.42%,ROCK1;SNX9;APP;NRDC;TSPAN15;TIMP3,GO_Biological_Process_2025__Regulation of Membrane Protein Ectodomain Proteolysis (GO:0051043)
GO:0016236,0.3071804224929861,1.2106828768853417,0.6675899648672166,46.17%,LRBA;VAMP7;TSG101;SNAP29;VAMP8;RAB3GAP2;CHMP4B;VTA1;UBA5;ATG7;ATG3;ATG16L1;VCP;CHMP5;PGAM5;UFM1;RAB7A;VPS4A;VPS4B;UFL1;PDCD6IP;ATG4A;VPS28;ARL8B;DDRGK1;VPS16;PIP4K2A;ATG9A;TEX264;VPS37B;HGS;PLAA;YOD1;ATG4B;CHMP6;SRC;UFC1;NIPSNAP2;CHMP2A;VPS25;EIF2S1;SQSTM1;TBC1D5;TBK1,GO_Biological_Process_2025__Macroautophagy (GO:0016236)
GO:1904659,0.5280982622019784,1.2102789055883183,0.6680058440605643,39.78%,SLC2A3;SORT1;SLC2A1;RAB4B,GO_Biological_Process_2025__D-glucose Transmembrane Transport (GO:1904659)
GO:0006111,0.4575960897647601,1.2097999917181343,0.6686899741805066,2.49%,C1QTNF3;STK4,GO_Biological_Process_2025__Regulation of Gluconeogenesis (GO:0006111)
GO:0030335,0.2854131626686167,1.2092431545515896,0.669489066988076,50.95%,ROCK2;CASS4;ADAM10;MIA3;LRRC15;STAT3;PTPRC;PPM1F;SDCBP;EGF;PDGFC;CD151;MYADM;ANGPT1;PDGFRA;ITGA6;NRP2;NCKAP1L;ACTN4;ITGB3;STX4;PTK2;ARHGEF7;PRKCA;PDGFRB;CSF1;HDAC6;CLSTN1;RRAS;TGFB1;PLCG2;MYLK;CALR;RTN4;PKN1;PROC;RAB11A;PDCD10;VSIR;ARHGEF2;CHGA;SPARC;AKT2;SPAG9;DAB2;PECAM1;DMTN;CLDN3;NOTCH1;CRKL;CARMIL1;RDX;PODXL;MADCAM1;DDRGK1;THBS1;CEMIP;FBLN1;LAMB1;PTK2B;ACVR1;CX3CL1;DOCK5;NRP1;FLT4;PLAA;MAP4K4;HSPA5;SRC;F7;AKT1;PDGFA;FGR;CSF1R;DDR2;FN1;CIB1;VTN;CDC42;NUMB;HSPA8;PDGFD;SOD2;CXCR4;BSG;CLASP2;ADAM17;GPNMB,GO_Biological_Process_2025__Positive Regulation of Cell Migration (GO:0030335)
GO:0009150,0.3557761449384204,1.2090340370774764,0.6693066137645088,22.09%,AK3;AMPD2;TPST2;CLPX;MYH7;SULT1A1;NADK;HINT1;GNAI3,GO_Biological_Process_2025__Purine Ribonucleotide Metabolic Process (GO:0009150)
GO:0061081,0.5051898033059018,1.208372874390104,0.6697545195700918,22.16%,MAVS;PLCG2;RTN4,GO_Biological_Process_2025__+ Reg of Myeloid Leukocyte Cytokine Production Inv in Imm Resp (GO:0061081)
GO:1901992,0.4002077938531583,1.2078290752146124,0.670594853040802,47.53%,ADAMTS1;RAB11A;DDX3X;VPS4B;RDX;PLCB1;RGCC;EIF4G1;AKT1;CUL3,GO_Biological_Process_2025__Positive Regulation of Mitotic Cell Cycle Phase Transition (GO:1901992)
GO:0051225,0.3769419255078272,1.2077586429275249,0.6699656528401515,35.87%,MAPRE1;RHOA;KIF2A;KPNB1;RAB11A;PPP2R1A;FLNA;MAPRE2;ABRAXAS2;SMC1A;GOLGA2,GO_Biological_Process_2025__Spindle Assembly (GO:0051225)
GO:0031346,0.333745575900488,1.2074210514679535,0.6701085852427767,50.11%,LYN;SERPINI1;RAP1A;CAMK1;ITGA6;ARF6;NTRK2;NRDC;PLXNB1;SLITRK1;P3H1;RELN;CARMIL1;PTK2B;CX3CL1;SCARF1;DDR2;TNN;PLXNB3;TWF2;SNX3,GO_Biological_Process_2025__Positive Regulation of Cell Projection Organization (GO:0031346)
GO:0031110,0.4375295203713343,1.207078735534056,0.6703592904359515,51.76%,PRUNE1;MAPRE1;GAS2L1;MAPRE2;MAP1S;ARL2;METAP2;CLASP2;MAP1B,GO_Biological_Process_2025__Regulation of Microtubule Polymerization or Depolymerization (GO:0031110)
GO:2000048,0.5085056641245045,1.2070100074192356,0.6697039146444174,39.31%,PPM1F;TGFB1;NOTCH1;RGCC,GO_Biological_Process_2025__Negative Regulation of Cell-Cell Adhesion Mediated by Cadherin (GO:2000048)
GO:0006739,0.4277708461814105,1.206756860858133,0.6696647732617241,23.11%,NNT;NADK;IDH2;PROC,GO_Biological_Process_2025__NADP Metabolic Process (GO:0006739)
GO:0090049,0.4362145868192524,1.205660886750064,0.6721973560313274,44.98%,RHOA;MMRN1;PDCD10;NOTCH1;THBS1;TBXA2R;CIB1,GO_Biological_Process_2025__Regulation of Cell Migration Involved in Sprouting Angiogenesis (GO:0090049)
GO:0062208,0.386871995000795,1.205635931147431,0.6714245464921392,54.73%,FLOT1;USP15;BTK;RTN4;ZC3HAV1;DDX3X;HSP90B1;TAB1;MAP3K7;GDI1;NDUFA2;IFI35;HMGB1;WDFY1,GO_Biological_Process_2025__Positive Regulation of Pattern Recognition Receptor Signaling Pathway (GO:0062208)
GO:0032481,0.3782683046001045,1.2046195167189746,0.6736723422258079,24.76%,FLOT1;MAVS;TOMM70;STAT1;HSP90AA1;ZC3HAV1;DDX3X;PTPN11,GO_Biological_Process_2025__Positive Regulation of Type I Interferon Production (GO:0032481)
GO:1902893,0.4329936415359425,1.2036355908556335,0.6750351729908717,27.23%,STAT3;RELA;APP;TGFB1;NOTCH2,GO_Biological_Process_2025__Regulation of miRNA Transcription (GO:1902893)
GO:0006470,0.3326926437119458,1.203093999354945,0.6751069691619972,45.14%,PPP1R12A;PPP6C;PTPN12;PTPRC;PPM1F;PPM1A;PPP1CB;PPP1CC;PTPN11;PTPN18;DAPP1;PPM1B;PTPRZ1;PPP1CA;PPP3CB;PTPRB;TIMM50;PPP2R2A;MTM1;PTPN1;DUSP3,GO_Biological_Process_2025__Protein Dephosphorylation (GO:0006470)
GO:0070555,0.3793580091320228,1.20239580290039,0.6764358169591558,38.79%,RELA;APP;PRKCA;ATL1;IL1R1;SNCA;RBMX;UPF1;SRC;CD47,GO_Biological_Process_2025__Response to Interleukin-1 (GO:0070555)
GO:0034332,0.3758612993079717,1.202209145546819,0.6762001612237694,28.23%,CDH19;CDH15;JAM3;CSK;MTSS1;CTNNB1;CDH6;PIP5K1C,GO_Biological_Process_2025__Adherens Junction Organization (GO:0034332)
GO:0043266,0.4888931529950308,1.201721283989512,0.6769125028854539,12.97%,CD63;KIF5B;YWHAE,GO_Biological_Process_2025__Regulation of Potassium Ion Transport (GO:0043266)
GO:0031114,0.4832938700342012,1.2015823909871777,0.676577889878424,51.76%,TAOK1;GAS2L1;PROC;MAP1S;CIB1;CLASP2;MAP1B,GO_Biological_Process_2025__Regulation of Microtubule Depolymerization (GO:0031114)
GO:0034112,0.4230882463830838,1.2008807791761409,0.6779562833452015,36.00%,CTNNB1;EMILIN2;MMRN1;EMILIN1;F11R;GP6;CTSG,GO_Biological_Process_2025__Positive Regulation of Homotypic Cell-Cell Adhesion (GO:0034112)
GO:0045807,0.324924044605638,1.2008551671295322,0.6771807409604701,31.99%,ARAP1;FLOT1;STAT3;FCER1G;PTPRC;CD151;RAB21;PRKCA;GAS6;TOR1A;SNCA;LDLRAP1;CALR;AXL;DAB2;VPS28;AZU1,GO_Biological_Process_2025__Positive Regulation of Endocytosis (GO:0045807)
GO:0032510,0.4452424748725939,1.200663256021508,0.6768692288784026,48.82%,CHMP4B;VCP;CHMP5;VPS4A;VPS4B;CHMP6;CHMP2A;UBXN6,GO_Biological_Process_2025__Endosome to Lysosome Transport via Multivesicular Body Sorting Pathway (GO:0032510)
GO:0006911,0.3988420550502241,1.2003347739495047,0.6770409288358975,33.01%,TIMD4;VAMP7;BIN2;MYH9;ELMO1;CD36;THBS1,"GO_Biological_Process_2025__Phagocytosis, Engulfment (GO:0006911)"
GO:1903027,0.4487425949810785,1.2002780175092755,0.6763677667201249,34.09%,MYO18A;COLEC10;FCN1;COLEC11;C4BPB,GO_Biological_Process_2025__Regulation of Opsonization (GO:1903027)
GO:0090557,0.480670112167607,1.199249438105655,0.6785983959524972,39.55%,TJP2;RAP2B;F11R;RAB1B;RAB1A,GO_Biological_Process_2025__Establishment of Endothelial Intestinal Barrier (GO:0090557)
GO:0002888,0.539931637526187,1.1991413897016712,0.6780843637925097,13.42%,MAVS;STX4,GO_Biological_Process_2025__Positive Regulation of Myeloid Leukocyte Mediated Immunity (GO:0002888)
GO:0071816,0.4501757644737558,1.1988683495389203,0.6780663383040043,47.37%,GET3;SGTA;EMC1;EMC7;UBL4A;EMC3;EMC2,GO_Biological_Process_2025__Tail-Anchored Membrane Protein Insertion Into ER Membrane (GO:0071816)
GO:0016311,0.3324907809653968,1.1981698034144217,0.6793961620151198,45.14%,PPP1R12A;PPP6C;PTPN12;PTPRC;PPM1A;PPP1CB;PPP1CC;PTPN18;DAPP1;PPM1B;PTPRZ1;PPP1CA;PPP3CB;PTPRB;TIMM50;PPP2R2A;MTM1;PTPN1;EPHX2;DUSP3,GO_Biological_Process_2025__Dephosphorylation (GO:0016311)
GO:0048565,0.4874355113473537,1.197884517247674,0.6794889349864072,17.78%,FGFR2;PCSK5;PKDCC,GO_Biological_Process_2025__Digestive Tract Development (GO:0048565)
GO:0050892,0.5271100926877395,1.197659918911448,0.6793643141391237,41.89%,TJP2;F11R;CD36;HEPH,GO_Biological_Process_2025__Intestinal Absorption (GO:0050892)
GO:0044344,0.4314757060026256,1.1976011279922127,0.6787477229232052,24.76%,FGFR2;FGFR3;FGFR1;FIBP;PTPN11,GO_Biological_Process_2025__Cellular Response to Fibroblast Growth Factor Stimulus (GO:0044344)
GO:0032233,0.3564353214102916,1.1973610525064915,0.6786608365430695,50.32%,ROCK2;PPM1F;MTSS1;TPM1;RHOA;FHOD1;PKN1;CARMIL1;CCN2;CX3CL1;NRP1;CD47;RGCC;CDC42;S100A10;PLEK,GO_Biological_Process_2025__Positive Regulation of Actin Filament Bundle Assembly (GO:0032233)
GO:0001817,0.3254471458107899,1.1973022082814009,0.6779968006301997,58.11%,C1QTNF3;FLOT1;LYN;PTPRC;CLSTN1;CASP3;MAPK14;CD47;HLA-B;RGCC;CADM1;UFC1;SRGN;FGR;TBK1;CRTAM;PPP1R11;NDUFA2;PLD4;AGPAT1;TWSG1;GPNMB;TRIM21;IGF2BP2;PIK3CG;ISG15;CSRP1;EIF2AK2;MAPKAPK2,GO_Biological_Process_2025__Regulation of Cytokine Production (GO:0001817)
GO:0019752,0.3868892815650748,1.1966694153828163,0.6791639071140835,10.32%,TBXAS1;PLA2G4A;SLC2A3;FN3K,GO_Biological_Process_2025__Carboxylic Acid Metabolic Process (GO:0019752)
GO:1900034,-0.4522745201156981,-1.196057904874372,0.909849240495558,54.86%,GSK3B;MTOR;MAPKAPK2;DNAJC7;CHORDC1,GO_Biological_Process_2025__Regulation of Cellular Response to Heat (GO:1900034)
GO:0003148,0.5329764502184863,1.1958006955653224,0.6809489437890721,11.06%,FGFR2;NRP2,GO_Biological_Process_2025__Outflow Tract Septum Morphogenesis (GO:0003148)
GO:0009913,0.3970725001957858,1.1954912616486992,0.6810547512710176,23.50%,IVL;BCR;CLIC4;CTNNB1;ASAH1;CASP3,GO_Biological_Process_2025__Epidermal Cell Differentiation (GO:0009913)
GO:0050769,0.3912005669456032,1.1952742213634435,0.6808990402368083,25.05%,CTNNB1;NTRK2;NRDC;PLXNB1;NAP1L1;TGM2;SLITRK1,GO_Biological_Process_2025__Positive Regulation of Neurogenesis (GO:0050769)
GO:0046475,0.4432821624567529,1.1951998897930276,0.6802894859355283,7.20%,PLA2G4A;ABHD16A,GO_Biological_Process_2025__Glycerophospholipid Catabolic Process (GO:0046475)
GO:0043065,0.2944770532374449,1.1949246955977533,0.680276262566817,36.74%,STK24;STK4;ANO6;DNM2;AIFM1;UBE2Z;ARL6IP5;APP;ITPR1;ITGA6;FAM162A;ARHGEF7;FAF1;CTNNB1;EMILIN2;CCAR2;MAP3K5;ATG7;BID;TGFB1;TNFSF10;SNCA;PROC;NDUFA13;CASP3;PTPRA;DDX3X;TGM2;EMILIN1;SLC27A4;SIRT2;CASP6;MTCH2;BAX;ITGA4;DNAJA1;THBS1;PCSK9;BCL2L1;CD40LG,GO_Biological_Process_2025__Positive Regulation of Apoptotic Process (GO:0043065)
GO:0032271,0.418532059907226,1.194566142432974,0.6805824201404058,49.68%,HCLS1;PRUNE1;ESAM;ARHGEF7;HSP90AA1;ARL2;ARHGAP18;METAP2;CLASP2,GO_Biological_Process_2025__Regulation of Protein Polymerization (GO:0032271)
GO:0043009,0.4246556729958296,1.1944802458014283,0.6800164113695091,19.09%,FGFR2;FGFR1;PCSK5;TGFB1,GO_Biological_Process_2025__Chordate Embryonic Development (GO:0043009)
GO:0007034,0.3714651403424695,1.1939403169067482,0.680835454977361,36.92%,UBE2Z;VPS13C;VPS13A;AP3D1;M6PR;AP1G1;ATP6V0D1;PCSK9;VPS37B,GO_Biological_Process_2025__Vacuolar Transport (GO:0007034)
GO:0016125,-0.2865596446595068,-1.1935644412075368,0.907117911540076,55.51%,APOA4;APOB;APOA1;LCAT;APOE;CES1;CETP;TSKU;ANGPTL3;PMVK;APOF;APOA5;NSDHL,GO_Biological_Process_2025__Sterol Metabolic Process (GO:0016125)
GO:0006996,0.2839472104536714,1.1934356665740424,0.681540837669693,55.67%,PACSIN2;MYH14;VAPA;DPYSL2;MIA3;EPS15;RAB32;LMAN1;RAB6B;STX7;RAB3GAP1;VPS13C;RAB18;WASF1;CDC42BPB;TNIK;VAPB;FNBP1L;TMED2;SEC31A;TPM1;STX4;ARHGEF7;REEP5;DIAPH1;TMED9;CHMP4B;NCKIPSD;ARHGAP4;MYO18A;ANK1;TMED7;SORT1;LETM1;RTN4;CHMP5;MICAL1;SEC23IP;WASF3;SURF4;RAB7A;VPS4A;TMED4;SEC16A;DMTN;VPS4B;PDCD6IP;CAPZB;CNN2;PITPNB;OPTN;TOR1AIP2;GAK;LNPK;RAB30;GOLGA2;MFF;RAB1B;RAB14;RAB38;CHMP6;GOLGB1;RAB1A;DNM1L;NIPSNAP2;SLC6A4;CHMP2A;VPS18;ARFGEF1;MTM1;GORASP2;NPLOC4;JAGN1;FGD3;NSFL1C;RHOT2;TANGO2;IRAG2;ARHGAP10;CDC42;RAB31;BIN1;NUMA1;TMEM11;CLASP2;SAR1A;LONP1;PLEKHF1;ATL3;BAG5;RAB8A;LIMD1;PNPT1;SEC61A1;STRIP2;PRDX3,GO_Biological_Process_2025__Organelle Organization (GO:0006996)
GO:0052372,0.5343061303790477,1.1932982396958145,0.6811532139709798,40.76%,TRIM25;NECTIN2;EXOC7;EXOC2,GO_Biological_Process_2025__Modulation by Symbiont of Entry Into Host (GO:0052372)
GO:0045840,0.4713847787144996,1.1925710319624796,0.6826218616610373,13.97%,LRP5;EGF;PDGFRB,GO_Biological_Process_2025__Positive Regulation of Mitotic Nuclear Division (GO:0045840)
GO:0006882,-0.4095213045765386,-1.1925091391629898,0.8991134172283722,59.14%,TMC8;SLC39A7;LCK;SLC30A7;SLC30A1;SLC39A14,GO_Biological_Process_2025__Intracellular Zinc Ion Homeostasis (GO:0006882)
GO:0050867,0.3949559964846474,1.1921468391625951,0.6830712787811776,55.28%,PLA2G4A;GP9;PEAR1;FLNA;SVEP1;GP1BB;GP1BA;PLEK;GP5;JAK2,GO_Biological_Process_2025__Positive Regulation of Cell Activation (GO:0050867)
GO:2000026,-0.3789473684210526,-1.191876765594189,0.890089707471237,62.21%,CDK1;RUVBL1;RUVBL2;BAG6;TNN;UCHL5;HPSE;RAB14,GO_Biological_Process_2025__Regulation of Multicellular Organismal Development (GO:2000026)
GO:0033363,0.3826663915467606,1.1917563842506589,0.6834037044833087,53.97%,AP1M1;AP3D1;AP3M1;AP1S1;AP1G1;AP3B1;AP3S1;AP1S2;F2RL3;BLOC1S1;SRGN;AP1B1;F2R;HPS4,GO_Biological_Process_2025__Secretory Granule Organization (GO:0033363)
GO:0097352,0.3574949244237011,1.1915835862125916,0.6831278820563094,41.83%,ATP2A2;VAMP7;TSG101;SNAP29;VAMP8;CHMP4B;VCP;CHMP5;VPS4A;VPS4B;VPS16;CHMP6;CHMP2A,GO_Biological_Process_2025__Autophagosome Maturation (GO:0097352)
GO:0030219,0.4517029618649821,1.1911466297909057,0.6836572994278095,30.33%,MPIG6B;GP9;UBA5;FLNA;GP1BB,GO_Biological_Process_2025__Megakaryocyte Differentiation (GO:0030219)
GO:0001676,0.3639822389630344,1.1910025777398765,0.6832770718916925,47.95%,PLA2G4A;CPT1A;MGLL;CPT2;SLC27A4;ACOT8;GSTM2;ACSL4;GPX1;ALOX12;ACSL1;ACAD9;ACSL5;ACSL3,GO_Biological_Process_2025__Long-Chain Fatty Acid Metabolic Process (GO:0001676)
GO:0010507,0.3808383452969819,1.1906642882879706,0.6835077604677604,49.19%,STAT3;SNCA;EIF4G3;SIRT2;EIF4E;WNK1;BCL2L1;GOLGA2;DNPEP;EIF4G1;EIF4G2;CTSA,GO_Biological_Process_2025__Negative Regulation of Autophagy (GO:0010507)
GO:0032715,0.4744775086921929,1.1906094484225636,0.6828424081970746,14.94%,C1QTNF3;NCKAP1L;GAS6,GO_Biological_Process_2025__Negative Regulation of Interleukin-6 Production (GO:0032715)
GO:1900225,0.4266060940592485,1.1901461398423272,0.6833969010274094,32.14%,MAVS;BTK;PLCG2;BRCC3;DDX3X;CD36,GO_Biological_Process_2025__Regulation of NLRP3 Inflammasome Complex Assembly (GO:1900225)
GO:0009168,0.4679764033549172,1.1898445414160876,0.6834536337490863,37.89%,AMPD2;GMPS;PFAS;GART;ATIC,GO_Biological_Process_2025__Purine Ribonucleoside Monophosphate Biosynthetic Process (GO:0009168)
GO:0014912,0.4923624216887571,1.1889406115281138,0.6855219464914659,41.73%,PRKG1;TPM1;CORO1B;SERPINE1,GO_Biological_Process_2025__Negative Regulation of Smooth Muscle Cell Migration (GO:0014912)
GO:1904666,-0.4324039978958442,-1.1877861724728198,0.8929458072573028,56.85%,RPS7;RPL11;PTEN;SKP1;RPL23;RPL5,GO_Biological_Process_2025__Regulation of Ubiquitin Protein Ligase Activity (GO:1904666)
GO:0045745,0.4577933101802346,1.1863700362510894,0.6927775644298881,27.44%,APP;PRKCA;NRXN1;CHGA,GO_Biological_Process_2025__Positive Regulation of G Protein-Coupled Receptor Signaling Pathway (GO:0045745)
GO:0097193,0.3332915562903145,1.1862265085059127,0.6923919537320148,35.66%,ATP2A3;STK24;AIFM1;ARL6IP5;PRKCD;ITPR1;HINT1;MAP3K5;CASP3;DDX3X;CASP6;UACA;CUL2;BAX;ERO1A;BCL2L1,GO_Biological_Process_2025__Intrinsic Apoptotic Signaling Pathway (GO:0097193)
GO:0043588,0.3491067000396113,1.1856300678974745,0.6934269162780616,23.50%,IVL;COL5A1;COL5A2;ITGA6;BCR;CLIC4;ASAH1;ABCB6;CASP3,GO_Biological_Process_2025__Skin Development (GO:0043588)
GO:0046627,0.432260564928195,1.185384543941129,0.6933994723288526,50.76%,PRKCB;PRKCD;PRKCQ;SLC27A4;PIP4K2A;PIP4K2C;PTPN1;NCK1,GO_Biological_Process_2025__Negative Regulation of Insulin Receptor Signaling Pathway (GO:0046627)
GO:0040017,0.4128408400331583,1.1852032853434886,0.6931227197313772,53.60%,PPM1F;PDGFRA;STX4;PDGFRB;TGFB1;AKT2;THBS1;CSF1R;CAVIN1;PDGFB,GO_Biological_Process_2025__Positive Regulation of Locomotion (GO:0040017)
GO:2000147,0.2875234287804871,1.1848033802833575,0.6935092655017917,48.14%,ROCK2;CASS4;ADAM10;LRRC15;STAT3;PPM1F;SDCBP;EGF;PDGFC;CD151;MYADM;PDGFRA;ITGA6;ACTN4;STX4;PTK2;PRKCA;PDGFRB;CSF1;CLSTN1;TGFB1;MYLK;PKN1;PROC;PDCD10;VSIR;CHGA;AKT2;SPAG9;DAB2;PECAM1;CLDN3;NOTCH1;CARMIL1;RDX;PODXL;DDRGK1;THBS1;CEMIP;LAMB1;PTK2B;ACVR1;CX3CL1;FLT4;MAP4K4;HSPA5;F7;AKT1;PDGFA;FGR;CSF1R;CIB1;CDC42;NUMB;HSPA8;PDGFD;CAVIN1;SOD2,GO_Biological_Process_2025__Positive Regulation of Cell Motility (GO:2000147)
GO:0061564,0.3483061926388149,1.1846396994654202,0.693208398483466,40.89%,RAB10;FGFR2;APLP2;APP;ARHGEF7;APLP1;RTN4;ZPR1;SLITRK1;PARD3;AFG3L2;NRCAM;MAP1S;RTN4RL2,GO_Biological_Process_2025__Axon Development (GO:0061564)
GO:0032103,0.3137150556378507,1.1840801330132262,0.6941694193095194,53.76%,PPM1F;CPT1A;APP;PDGFRA;STX4;PRKCA;PDGFRB;GPSM3;EMILIN2;TGFB1;SNCA;PTPN11;EMILIN1;LPL;THBS1;OPTN;CCM2;CX3CL1;SCARF1;GSDMD;CD47;SERPINE1;VTN;NMI;IL18;IFI35;PDGFB;LGALS1,GO_Biological_Process_2025__Positive Regulation of Response to External Stimulus (GO:0032103)
GO:0051290,-0.4110994213571804,-1.183419285713574,0.8976100526086908,58.98%,FARSB;PKD1;HSD17B8;NUDT21;CPSF7;FARSA,GO_Biological_Process_2025__Protein Heterotetramerization (GO:0051290)
GO:0060326,0.3690224802041845,1.1833549032327175,0.6956608226554056,54.78%,HMGB2;PRKCD;PDGFRB;RAB13;BIN2;PRKCQ;CORO1B;AZU1;CX3CL1;NRP1;PLXNB3;CXCR4;PDGFB;RHOG,GO_Biological_Process_2025__Cell Chemotaxis (GO:0060326)
GO:0006636,0.4979051879872624,1.182813186139919,0.6965207648651394,21.03%,TBXAS1;PTGES3;CBR1,GO_Biological_Process_2025__Unsaturated Fatty Acid Biosynthetic Process (GO:0006636)
GO:0031623,0.3330026633606095,1.1826810845079228,0.6960881138220221,32.14%,FCER1G;DNM2;AP2M1;CLTC;DNM1;SNX1;RALA;CD9;SNCA;LDLRAP1;PICALM;RAB5A;GRB2;CD36,GO_Biological_Process_2025__Receptor Internalization (GO:0031623)
GO:0034504,0.3161725552802427,1.182187245681326,0.6967833632687036,21.90%,STK24;APPL2;LMNB2;STK4;STAT3;IPO5;RAP1GDS1;YWHAE;TOR1A;APPL1;TNPO1;KPNA1;KPNB1;CALR,GO_Biological_Process_2025__Protein Localization to Nucleus (GO:0034504)
GO:0051093,0.3708261667723853,1.1806230663884667,0.7009619517669001,19.09%,ROCK2;ROCK1;FGFR3;ANP32B;GAS6;TGFB1,GO_Biological_Process_2025__Negative Regulation of Developmental Process (GO:0051093)
GO:0051785,0.4720931774762629,1.1797792554395232,0.7027111636960517,39.31%,LRP5;EGF;PDGFRB;SIRT2;RGCC,GO_Biological_Process_2025__Positive Regulation of Nuclear Division (GO:0051785)
GO:0019724,0.5269003636712485,1.178400335600335,0.7061707937392223,20.19%,FCER1G;SLA2,GO_Biological_Process_2025__B Cell Mediated Immunity (GO:0019724)
GO:1902895,0.4483561156130754,1.1780627918744897,0.7063690442334875,27.23%,STAT3;RELA;TGFB1;NOTCH2,GO_Biological_Process_2025__Positive Regulation of miRNA Transcription (GO:1902895)
GO:0043062,0.3235750155022934,1.17801996292015,0.7056947577778689,21.45%,COL14A1;ECM2;ADAMTS8;APP;COL5A2;ADAMTS1;MMP19;MMP25;APLP1;MATN2,GO_Biological_Process_2025__Extracellular Structure Organization (GO:0043062)
GO:0072676,-0.4659479358401262,-1.1772252775372365,0.9086972285841473,53.49%,SAA2;GNAI1;MSN;MYO1G;CRTAM,GO_Biological_Process_2025__Lymphocyte Migration (GO:0072676)
GO:0090497,-0.3631578947368421,-1.1771392956482165,0.8981868954661242,63.79%,SHH;SEMA4B;SEMA4C;SEMA3F;SEMA7A;SEMA3B;SEMA6D;NRP1,GO_Biological_Process_2025__Mesenchymal Cell Migration (GO:0090497)
GO:0010508,0.3385617386675805,1.1765961456695169,0.7092938798726368,56.30%,ROCK1;UBR4;FBXO7;MTDH;SH3GLB1;DCN;GNAI3;IKBKG;UFL1;OPTN;TMEM59;CCNY;MAP3K7;SQSTM1;TBK1;SVIP;PLEKHF1;TRIM21;LARP1;PRKAA1;HMGB1;IRGQ,GO_Biological_Process_2025__Positive Regulation of Autophagy (GO:0010508)
GO:0051258,0.3427224505882705,1.1765577599594266,0.7085760912561189,15.73%,INF2;ARHGAP6;WAS;DNM2;WASF1;DIAPH1;CHMP4B,GO_Biological_Process_2025__Protein Polymerization (GO:0051258)
GO:2000377,0.3783965262502514,1.176208043963997,0.7089000132994304,37.29%,EIF6;PDGFRB;CBR1;SNCA;MMP3;SIRT2;DHRS4;GRB2;THBS1;MAPK14,GO_Biological_Process_2025__Regulation of Reactive Oxygen Species Metabolic Process (GO:2000377)
GO:0044829,0.5249456089138942,1.176167475502866,0.7082189962819404,11.37%,VAPA;VAPB,GO_Biological_Process_2025__Positive Regulation by Host of Viral Genome Replication (GO:0044829)
GO:0046949,-0.3518421052631579,-1.176113992606514,0.8909956642571346,64.92%,PPT1;FASN;HSD17B12;GCDH;ACSL3;ACSL5;ACSL1;ACSL4,GO_Biological_Process_2025__fatty-acyl-CoA Biosynthetic Process (GO:0046949)
GO:0090141,0.4546233362292979,1.175679061408831,0.7089068872658719,39.65%,MCU;DCN;RALA;PGAM5;MFF;DNM1L,GO_Biological_Process_2025__Positive Regulation of Mitochondrial Fission (GO:0090141)
GO:0051248,0.3064181666072252,1.1753875448195754,0.7089160698367081,27.57%,SORL1;FLOT2;ROCK1;PTX3;LDLR;EIF4A3;ITGB3;EPRS1;YBX1;HDAC6;SERBP1;PFDN1;VBP1;CALR;CDK5RAP3;DDX3X;ILF3;DDX6;FLNA;SIRT2;SERPINE2,GO_Biological_Process_2025__Negative Regulation of Protein Metabolic Process (GO:0051248)
GO:0030155,0.2966735792656446,1.1744442736311975,0.7111105809261863,35.64%,ROCK2;ADAM10;LYN;MIA3;LMNB2;PPP1R12A;ROCK1;PPP1CB;MYADM;ANGPT1;TPM1;STX4;PTK2;PPP1R9B;PRKCA;LAMA2;LAMC1;PLXNB1;NID1;TGM2;PTPN11;P4HB;TESC;PODXL;AZU1;MINK1;FBLN1;LAMB1;PTK2B;TNR,GO_Biological_Process_2025__Regulation of Cell Adhesion (GO:0030155)
GO:0072665,0.4877037441570614,1.1740388091608405,0.7115353491841443,26.05%,SH3GLB1;RTN4;LAMTOR5;MFSD1,GO_Biological_Process_2025__Protein Localization to Vacuole (GO:0072665)
GO:0000394,0.4878267692244128,1.1739471446941403,0.710137723265098,25.29%,RTCB;DDX1;RTRAF,"GO_Biological_Process_2025__RNA Splicing, via Endonucleolytic Cleavage and Ligation (GO:0000394)"
GO:0006388,0.4878267692244128,1.1739471446941403,0.710137723265098,25.29%,RTCB;DDX1;RTRAF,"GO_Biological_Process_2025__tRNA Splicing, via Endonucleolytic Cleavage and Ligation (GO:0006388)"
GO:1900015,0.3873168647953642,1.173629092234904,0.7102793668810378,19.25%,APPL2;STAT3;RELA;PRKCA;APPL1,GO_Biological_Process_2025__Regulation of Cytokine Production Involved in Inflammatory Response (GO:1900015)
GO:1901673,0.4127436737716436,1.173423303149887,0.7100867780608544,41.83%,CHMP4B;VTA1;CHMP5;VPS4B;PDCD6IP;EML3;CHMP6;CHMP2A,GO_Biological_Process_2025__Regulation of Mitotic Spindle Assembly (GO:1901673)
GO:0031663,0.449892052494534,1.17218252598527,0.7130756025754731,19.91%,LYN;MTDH;IRAK4;PLCG2,GO_Biological_Process_2025__Lipopolysaccharide-Mediated Signaling Pathway (GO:0031663)
GO:1901222,0.3500869193872983,1.1719023267648248,0.7130992640623581,29.60%,C1QTNF3;PPM1A;RELA;APP;RHOA;CPNE1;VCP;DDX3X;UACA;PPM1B,GO_Biological_Process_2025__Regulation of Non-Canonical NF-kappaB Signal Transduction (GO:1901222)
GO:0000423,0.3811691900716978,1.1718746678648324,0.7123434292868249,49.11%,LRBA;HDAC6;ATG7;ATG4A;OPTN;ATG9A;ATG4B;NIPSNAP2;EIF2S1;SQSTM1;MFN2;GABARAPL2,GO_Biological_Process_2025__Mitophagy (GO:0000423)
GO:0050918,-0.3540405369834167,-1.1713259124206348,0.8970532151841942,64.71%,SCRIB;LGALS3;PTPRJ;SCG2;GPNMB;CORO1A;PLXNB3;NRP1;CX3CL1,GO_Biological_Process_2025__Positive Chemotaxis (GO:0050918)
GO:1903169,0.4221427484964786,1.171138241679477,0.7138612231623641,14.47%,UBASH3B;APP;FYN;DIAPH1,GO_Biological_Process_2025__Regulation of Calcium Ion Transmembrane Transport (GO:1903169)
GO:2000108,0.5097648725694855,1.170179854176727,0.7159928498649591,17.62%,LYN;CLSTN1,GO_Biological_Process_2025__Positive Regulation of Leukocyte Apoptotic Process (GO:2000108)
GO:0061154,0.5170203391635334,1.1699226827335285,0.7159528510867216,33.64%,RHOA;CTNNB1;CSNK2B;CCM2,GO_Biological_Process_2025__Endothelial Tube Morphogenesis (GO:0061154)
GO:0048261,0.3937693846987377,1.169912234079294,0.7151529748398331,36.11%,SDCBP;ARF6;ITGB3;PICALM;PCSK9;ANKRD13A,GO_Biological_Process_2025__Negative Regulation of Receptor-Mediated Endocytosis (GO:0048261)
GO:0016485,0.3129383472846332,1.169787330333545,0.7146914338991869,43.22%,ADAM10;AEBP1;CPE;ECE1;SPCS3;TLL2;PCSK5;CPNE1;HM13;ZMPSTE24;MEP1A;CASP3;VSIR;CASP6;F9;ATG4A;SPCS2;AFG3L2;SEC11A;PCSK9;CTSG;DDI2;ATG4B;PCSK6;F7;SRGN;CTSS,GO_Biological_Process_2025__Protein Processing (GO:0016485)
GO:0016101,0.4885905775100325,1.1696888648955126,0.7141755018734206,25.13%,RDH11;LRP8;AKR1B1,GO_Biological_Process_2025__Diterpenoid Metabolic Process (GO:0016101)
GO:0043647,0.4664459165505522,1.1696645094699287,0.7134290274151163,34.43%,INPP5A;INPP4B;ITPKB;INPP5B,GO_Biological_Process_2025__Inositol Phosphate Metabolic Process (GO:0043647)
GO:0042254,-0.1545882295907741,-1.1694801966178188,0.8922476040300853,66.28%,RPL14;RPS9;RPS16;RPS25;RPS7;RPS13;RPS27;RPL11;RPS28;RPS17;RPS4X;NOP56;RPL7;RPS8;RPS14;RPS6;EIF2A;RPS15A;NPM1;NOP2;WDR43;RPS23;RPS5;RPS19;NOLC1;NOP58;RPS24;DHX29;RPL27;MYG1;RPS11;SBDS;RPL5;RPL35A;RPS3A;ABCF1,GO_Biological_Process_2025__Ribosome Biogenesis (GO:0042254)
GO:0006417,0.2910720080621812,1.1689481958124748,0.7149356503733243,30.83%,ETF1;CYFIP1;EIF4B;EIF3D;NIBAN1;EIF5;EIF6;BZW1;APP;EIF4A2;PRKCSH;EIF4A3;EPRS1;EIF3E;GSPT1;YBX1;DDX1;EIF3H;EIF5B;SERBP1;CALR;TCOF1;STK39;DDX3X;ILF3;EIF4G3;DDX6;RPL15;HNRNPD;PYM1;PRMT1;EIF4E,GO_Biological_Process_2025__Regulation of Translation (GO:0006417)
GO:0010968,0.519410446143773,1.1676337727330195,0.7182556858904434,36.21%,DCTN1;GIT1;PKN1;CKAP5,GO_Biological_Process_2025__Regulation of Microtubule Nucleation (GO:0010968)
GO:0036503,0.3192388605434532,1.1665434962305672,0.7209553101436176,48.82%,MAN1B1;RCN3;FAF1;SGTA;CANX;TOR1A;UBE2J1;SEC61B;TRIM25;CALR;VCP;HSP90B1;UFD1;OS9;YOD1;HSPA5;DNAJB2;STT3B;STUB1;NPLOC4;CCDC47;UBXN4;UBXN6,GO_Biological_Process_2025__ERAD Pathway (GO:0036503)
GO:0050995,0.4632960871854921,1.1663103466491955,0.720886376301188,0.03%,SORL1,GO_Biological_Process_2025__Negative Regulation of Lipid Catabolic Process (GO:0050995)
GO:0046503,0.4959652516937373,1.1662139349157268,0.7203477994915474,6.22%,PLA2G4A;MGLL,GO_Biological_Process_2025__Glycerolipid Catabolic Process (GO:0046503)
GO:0030218,0.3548299612916842,1.1658665764207523,0.7205884423175104,29.81%,HCLS1;LYN;MPIG6B;NCKAP1L;UBA5;CASP3;CDK5RAP3;DMTN;UFL1,GO_Biological_Process_2025__Erythrocyte Differentiation (GO:0030218)
GO:0010758,0.4182380891344368,1.165029514530147,0.7223748980640353,42.65%,PTK2;CSF1;THBS1;PTK2B;MAPK1;CSF1R,GO_Biological_Process_2025__Regulation of Macrophage Chemotaxis (GO:0010758)
GO:0030334,0.2708166992616337,1.1647879506433791,0.7222822611431144,48.14%,SORL1;ROCK2;STK24;CASS4;NEXN;APPL2;ADAM10;MIA3;LRRC15;STAT3;ROCK1;PPM1F;SDCBP;EGF;PDGFC;RAP2B;MACF1;SLK;BMP10;CD151;MYADM;PDGFRA;ITGA6;STK26;ACTN4;TPM1;RHOA;KIF2A;STX4;PTK2;CLIC4;PRKCA;PDGFRB;CSF1;ARHGAP4;EMILIN2;CLSTN1;TGFB1;APPL1;PLXNB1;MYLK;RTN4;PKN1;PROC;PDCD10;VSIR;PODN;EMILIN1;FLNA;CHGA;SERPINE2;AKT2;RELN;SPAG9;DAB2;PECAM1;CLDN5;CLDN3;NOTCH1;PLXNA4;CARMIL1;RDX;PODXL;DDRGK1;THBS1;MINK1;DOCK10;CEMIP;LAMB1;PTK2B;CORO1C;ACVR1;CX3CL1;TNR;TMSB4X;FLT4;MAP4K4;HSPA5;SRC;RBBP4;F7;EPPK1;AKT1;PDGFA;SERPINE1;FGR;CSF1R;CIB1;DUSP3;TNN;PLXNB3;JAG1;CDC42;NUMB;HSPA8;PDGFD;SOD2,GO_Biological_Process_2025__Regulation of Cell Migration (GO:0030334)
GO:0030001,0.3487993440594902,1.1645254779637086,0.722263676586062,14.73%,ATP2A3;CDH23;COPS2;ITPR1;FYN;ATP2C1,GO_Biological_Process_2025__Metal Ion Transport (GO:0030001)
GO:1903076,0.3079435503450748,1.16401992892662,0.7230173582271652,54.78%,SPTBN1;LRRC15;KIF5B;STX7;VAMP8;ARF6;STX4;AP2M1;CLTC;NRXN1;TGFB1;APPL1;LDLRAP1;PICALM;CAMK2G;DAB2;VPS4A;TMBIM1;WNK1;BCL2L1;PIK3R1;TMEM59;AKT1;SQSTM1;CIB1;NUMB;PGRMC1;DLG1;PPP2R5A;CAMK2D;RAMP3;RHOG,GO_Biological_Process_2025__Regulation of Protein Localization to Plasma Membrane (GO:1903076)
GO:0032412,0.4028691326369061,1.1638195525972466,0.7228350057017398,33.48%,PPIF;UTRN;YWHAH;STK39;RELN;MINK1,GO_Biological_Process_2025__Regulation of Monoatomic Ion Transmembrane Transporter Activity (GO:0032412)
GO:0010595,0.3122333019951248,1.1637932438272462,0.722104479145,37.58%,ROCK2;EGF;ANGPT1;NRP2;ATP5F1A;ITGB3;PRKCA;FGFR1;CLSTN1;RRAS;TGFB1;CALR;SPARC;MAP2K3;THBS1;PTK2B;NRP1;TMSB4X;MAPK14;FLT4,GO_Biological_Process_2025__Positive Regulation of Endothelial Cell Migration (GO:0010595)
GO:0030178,0.3387617603709679,1.1634293565790492,0.7224771071028271,9.43%,DKK3;STK24;STK4;EMD;APP,GO_Biological_Process_2025__Negative Regulation of Wnt Signaling Pathway (GO:0030178)
GO:0048562,0.4347851401293151,1.1633738616955829,0.7218142730369006,18.04%,FGFR2;PDGFRA;FBN1;MFAP2,GO_Biological_Process_2025__Embryonic Organ Morphogenesis (GO:0048562)
GO:0006396,-0.1408337787279529,-1.1626489027163012,0.8952751020555187,86.19%,RPL14;RPS16;RPS25;RPS7;SNRPD3;RPS27;SRRM1;RPL11;RPS28;RPS17;DDX17;NOP56;HNRNPDL;RPL7;SNRPA1;HNRNPA2B1;SRSF7;SNRPD2;RBM8A;SYNCRIP;RPS6;HNRNPC;HNRNPU;U2AF2;NOP2;NSUN2;HNRNPH3;FUS;ACIN1;RNASEL;CELF2;SSB;RPS19;SRSF1;KHSRP;HNRNPK;SNRPF;NOLC1;KARS1;NOP58;RPS24;HNRNPL;NUDT21;RPL27;LSM3;MYG1;SBDS;RPL5;RPL35A;HNRNPF;SF3B3;SF3A1;SFPQ;SF3A2;SF3B2;PRMT1;LSM6;HNRNPD;FTO;LSM4;TARDBP;NOL3;CCAR2;LSM1;PRKCA;PPP1R9B,GO_Biological_Process_2025__RNA Processing (GO:0006396)
GO:0070373,0.4434210526315788,1.1622714580787936,0.7243610819367198,55.75%,LYN;PTPRC;EMILIN1;FBLN1;PTPN1;DUSP3;DLG1;EZR,GO_Biological_Process_2025__Negative Regulation of ERK1 and ERK2 Cascade (GO:0070373)
GO:0046839,0.4862513239196759,1.1619283700525878,0.7237873723143831,42.31%,SACM1L;INPP5B;MTMR12;MTM1;PIP4P2,GO_Biological_Process_2025__Phospholipid Dephosphorylation (GO:0046839)
GO:0046856,0.4862513239196759,1.1619283700525878,0.7237873723143831,42.31%,SACM1L;INPP5B;MTMR12;MTM1;PIP4P2,GO_Biological_Process_2025__Phosphatidylinositol Dephosphorylation (GO:0046856)
GO:0110075,-0.4443860110439127,-1.1615728068880204,0.8887119846384536,55.65%,SLC39A7;GPX4;FTH1;DHCR7;SQSTM1,GO_Biological_Process_2025__Regulation of Ferroptosis (GO:0110075)
GO:0051279,0.379618056340896,1.1611411386006594,0.7254163339032078,41.33%,ASPH;UBASH3B;DIAPH1;SNCA;GSTM2;F2RL3;CEMIP;PTK2B;CX3CL1;HRC,GO_Biological_Process_2025__Regulation of Release of Sequestered Calcium Ion Into Cytosol (GO:0051279)
GO:0000462,-0.4591112279779122,-1.1608089370218369,0.8819161769856404,54.18%,RPS16;RPS8;WDR43;RPS19;RPS21,GO_Biological_Process_2025__Maturation of SSU-rRNA Frm Tricistronic rRNA Trnscpt (GO:0000462)
GO:0006607,0.4694626758130185,1.159883049569824,0.7285549774834192,43.30%,KPNA1;KPNB1;KPNA3;KPNA4;MMAB,GO_Biological_Process_2025__NLS-bearing Protein Import Into Nucleus (GO:0006607)
GO:0071248,0.334738811961573,1.1596366097952355,0.7285218472586699,53.41%,ASPH;ADD1;PPIF;CLIC4;NRXN1;PLCG2;CPNE1;SNCA;SLFN14;ITPKB;SLC25A24;RASGRP2;NLGN1;IQGAP1;MICU2;MICU1;CAMK2D;PRKAA1,GO_Biological_Process_2025__Cellular Response to Metal Ion (GO:0071248)
GO:1902745,0.3524790683136709,1.159391745437566,0.7285042440158261,50.26%,CYFIP1;NCKAP1;WASF2;BRK1;ARHGEF7;CORO1B;CARMIL1;CORO1C;PIK3R1;SRC;ACTR3;CDC42;ARPC2;TWF2;ACTR2,GO_Biological_Process_2025__Positive Regulation of Lamellipodium Organization (GO:1902745)
GO:0002687,0.4434476200445887,1.1591955512050378,0.7283378388925172,40.60%,MIA3;NCKAP1L;RTN4;MADCAM1;F7,GO_Biological_Process_2025__Positive Regulation of Leukocyte Migration (GO:0002687)
GO:0006400,-0.4535892716276624,-1.1590488854324106,0.8776657439925526,54.73%,SARS1;NSUN2;SSB;THUMPD1;OSGEP,GO_Biological_Process_2025__tRNA Modification (GO:0006400)
GO:0038026,0.4802735402419779,1.1590465748609953,0.7280176247492357,52.05%,FYN;VLDLR;LRP8;RELN;PAFAH1B1;STAT5A,GO_Biological_Process_2025__Reelin-Mediated Signaling Pathway (GO:0038026)
GO:0051560,0.4364943731498868,1.1589884725829227,0.7273758072879031,24.16%,MCU;RAP1GDS1;LETM1;TGM2,GO_Biological_Process_2025__Mitochondrial Calcium Ion Homeostasis (GO:0051560)
GO:0031400,0.3615520648222641,1.1581721958525413,0.7290748457628944,45.19%,LYN;NIBAN1;TARDBP;CDK5RAP3;P3H1;FKBP8;CRTAP;FBLN1;CORO1C;CIB1;CHORDC1,GO_Biological_Process_2025__Negative Regulation of Protein Modification Process (GO:0031400)
GO:0045785,0.3106069328586832,1.1581558060669364,0.7283125434297354,55.28%,LMNB2;PPM1F;ECM2;YWHAG;NCKAP1L;TPM1;STX4;PRKCA;LAMA2;LAMC1;NID1;TGM2;FSTL3;P4HB;FBLN2;AZU1;LIMS1;LAMB1;CD47;PRSS2;ARL2;CIB1;RSU1;SYK;PDGFB;LAMA1;NPNT;PTPRJ;JAK2,GO_Biological_Process_2025__Positive Regulation of Cell Adhesion (GO:0045785)
GO:0007173,0.3554845691693585,1.1579970412457357,0.7280003621350827,41.15%,ERBIN;EGF;NCK2;PTK2;CTNNB1;HDAC6;PTPN11;GRB2;PTK2B;MAPK1;SRC;AKT1,GO_Biological_Process_2025__Epidermal Growth Factor Receptor Signaling Pathway (GO:0007173)
GO:0007399,0.2770583326387315,1.1577476273188692,0.7280327586731852,46.32%,DCTN1;ST8SIA4;SPTBN1;SERPINI1;CELSR1;NCKAP1;FAT4;KALRN;STAT3;DCHS1;LRP5;PDGFC;APLP2;ITM2B;APP;DBNL;HAPLN1;SDHA;SH3GL1;VLDLR;VCAN;NCAN;NRXN1;APLP1;PCDH1;TGFB1;NDUFS2;PLXNB1;PROC;SLITRK1;NDUFV2;AXL;BCAN;NOTCH2;RELN;PLXNA4;PTPRZ1;NRCAM;CBLN1;PCSK9;TNR;SLC2A1;EIF2B2;MAP1S;GDA;INHBA;MAMDC4;PRG2;FN1;NLGN1;LSAMP;PLXNB3;JAG1;L1CAM,GO_Biological_Process_2025__Nervous System Development (GO:0007399)
GO:0010975,0.3016684645358224,1.1573788722485197,0.7283199742607727,50.18%,DBN1;LYN;SERPINI1;RAP1A;CAMK1;ITGA6;FBXO7;ARF6;KIF13B;ARHGEF7;NTRK2;ADCY6;PKN1;P3H1;CAMK2G;RELN;PTK2B;GAK;CX3CL1;TNR;SCARF1;PDLIM5;RTN4RL2;AKT1;DDR2;CIB1;TNN;PLXNB3;MYCBP2;TWF2;SNX3;SEZ6,GO_Biological_Process_2025__Regulation of Neuron Projection Development (GO:0010975)
GO:1903036,0.4171692339066384,1.156999842725483,0.7287748340773691,46.27%,PTK2;MYLK;DMTN;CLDN3;SCARF1;ARFGEF1;VTN,GO_Biological_Process_2025__Positive Regulation of Response to Wounding (GO:1903036)
GO:2000272,0.5194364333281876,1.155852192865222,0.7315459979054484,10.08%,SNX6;TSG101,GO_Biological_Process_2025__Negative Regulation of Signaling Receptor Activity (GO:2000272)
GO:0051084,0.3428267278189222,1.1557728073864628,0.730988823356207,40.55%,PTGES3;TCP1;CCT8;SELENOF;CCT7;CCT4;CCT3;UGGT1;CCT5;GAK;ERO1A;ENTPD5;HSPA5;CCT2,GO_Biological_Process_2025__'De Novo' Post-Translational Protein Folding (GO:0051084)
GO:0030865,0.3750340608833205,1.155361028673014,0.7313814984546957,55.75%,ROCK2;NCKAP1;ROCK1;NCKAP1L;RAB13;FHOD1;EPB41L3;PTK2B;NLGN1;DLG1;PLEK;RHOG;EZR,GO_Biological_Process_2025__Cortical Cytoskeleton Organization (GO:0030865)
GO:1902904,0.31664888461107,1.1553455475854255,0.7306244738272223,59.43%,MAPRE1;LIMA1;PRKCD;MYADM;LDLR;TAOK1;GAS2L1;PFDN1;SNCA;VBP1;PROC;EMILIN1;ARHGEF2;TMSB4X;SSH3;ARFGEF1;TUBB4A;CIB1;TBCD;HSPA8;CORO1A;METAP2;TWF2;CLASP2;PFDN5;HSPG2;EML2;PFDN6;PFDN4,GO_Biological_Process_2025__Negative Regulation of Supramolecular Fiber Organization (GO:1902904)
GO:0035196,-0.4412306074151985,-1.1550385383350663,0.8723941325236569,55.96%,HNRNPA2B1;SRRT;DDX5;SMAD2;SRSF3,GO_Biological_Process_2025__miRNA Processing (GO:0035196)
GO:0010828,0.4095754110985017,1.1548536800456073,0.7313035752223792,41.15%,APPL1;PTPN11;AKT2;OSBPL8;C2CD5;PIK3R1;AKT1,GO_Biological_Process_2025__Positive Regulation of D-glucose Transmembrane Transport (GO:0010828)
GO:0070207,-0.4407047068104128,-1.1536083065898728,0.8678249250358421,56.01%,S100A9;ITLN1;PNPT1;SCARA5;SLC1A5,GO_Biological_Process_2025__Protein Homotrimerization (GO:0070207)
GO:0031334,0.3142837070954541,1.1536075072942291,0.7344702538385585,32.14%,MAVS;BRK1;FAF1;SH3GLB1;BTK;HDAC6;BID;TGFB1;PLCG2;SNCA;HSP90AA1;VCP;BRCC3;DDX3X;MMP3;BAX;CD36,GO_Biological_Process_2025__Positive Regulation of Protein-Containing Complex Assembly (GO:0031334)
GO:0009966,0.296106277472457,1.1529085828208872,0.7358332480714803,38.79%,FGFR2;CD63;MPIG6B;UBASH3B;MGLL;STRN;YWHAG;APP;CSK;NCK2;PPP6R3;FYN;STRN4;GIT1;PPP6R2;PPP6R1;NCAM1;IGFBP1;TSPAN15;CD36;ACVR1;CX3CL1;WDR11;GNAS;NRP1;PLCB1;SRC;CD47,GO_Biological_Process_2025__Regulation of Signal Transduction (GO:0009966)
GO:0002862,0.4248897479642131,1.1526550988485735,0.7358122631839767,42.28%,LYN;FYN;GNAS;MAPK14;SRC;HCK;FGR,GO_Biological_Process_2025__Negative Regulation of Inflammatory Response to Antigenic Stimulus (GO:0002862)
GO:0032703,0.4742457314223308,1.1521450464077456,0.7365194643218985,29.65%,PTPRC;PRKCA;VSIG4,GO_Biological_Process_2025__Negative Regulation of Interleukin-2 Production (GO:0032703)
GO:0035020,0.5138033453497187,1.1520172187627684,0.7361335615617358,22.16%,ARF6;ARHGAP17;RTN4,GO_Biological_Process_2025__Regulation of Rac Protein Signal Transduction (GO:0035020)
GO:0030490,-0.357223238334471,-1.1517584428937904,0.8551867126335936,33.61%,RPS16;RPS28;RIOK3;RPS8;RPS14;WDR43;RPS19,GO_Biological_Process_2025__Maturation of SSU-rRNA (GO:0030490)
GO:1902850,0.3639932235964548,1.1508109137534883,0.739055193840322,49.68%,KIF2A;NUDC;KPNB1;PTPRA;DCTN2;DCTN6;CKAP5;MAP1S;RAN;SBDS;ILK;MAP4;CLASP2,GO_Biological_Process_2025__Microtubule Cytoskeleton Organization Involved in Mitosis (GO:1902850)
GO:0070304,0.4538849816261533,1.1504927291530462,0.7384871946991851,24.21%,TAOK1;TAOK3;PDCD10,GO_Biological_Process_2025__Positive Regulation of Stress-Activated Protein Kinase Signaling Cascade (GO:0070304)
GO:0032874,0.4538849816261533,1.1504927291530462,0.7384871946991851,24.21%,TAOK1;TAOK3;PDCD10,GO_Biological_Process_2025__Positive Regulation of Stress-Activated MAPK Cascade (GO:0032874)
GO:1902117,0.3344649586484002,1.1498676513890562,0.7396707405995047,41.49%,SDCBP;RAB3GAP1;ASAP1;SDC4;G3BP2;SH3GLB1;RAB3GAP2;RAB11FIP3;PDCD6IP;SDC1;PIP4K2A;G3BP1;SNX18;PIP4K2C;SLC6A4,GO_Biological_Process_2025__Positive Regulation of Organelle Assembly (GO:1902117)
GO:0007004,0.4890993886921693,1.149433199188863,0.7386391897178372,21.80%,PTGES3;HSP90AA1;HSP90AB1,GO_Biological_Process_2025__Telomere Maintenance via Telomerase (GO:0007004)
GO:0010833,0.4890993886921693,1.149433199188863,0.7386391897178372,21.80%,PTGES3;HSP90AA1;HSP90AB1,GO_Biological_Process_2025__Telomere Maintenance via Telomere Lengthening (GO:0010833)
GO:0006278,0.4890993886921693,1.149433199188863,0.7386391897178372,21.80%,PTGES3;HSP90AA1;HSP90AB1,GO_Biological_Process_2025__RNA-templated DNA Biosynthetic Process (GO:0006278)
GO:0050857,0.4429247680891297,1.1493740921883626,0.7380068611409353,32.01%,CD226;PTPRC;RELA;IKBKG;NECTIN2,GO_Biological_Process_2025__Positive Regulation of Antigen Receptor-Mediated Signaling Pathway (GO:0050857)
GO:0045598,0.3894968219943887,1.1492374389967377,0.7376059940386724,27.07%,LRP5;TGFB1;FTO;SYAP1;SIRT2;LPL,GO_Biological_Process_2025__Regulation of Fat Cell Differentiation (GO:0045598)
GO:0016241,0.3026822346109655,1.1492324586028262,0.7368254300883277,49.92%,VPS26B;SNX6;ATP6V1E1;ATP6V0C;PRKCA;SH3GLB1;ATP6V1B2;DCN;HDAC6;SNX5;GNAI3;CASP3;IKBKG;ATP6V0D1;FKBP8;VPS26A;ATP6V0A1;EXOC7;CAPNS1;RHEB;ATP6V1G1;DNM1L;EXOC4;EXOC8;MAP3K7;TBK1;ATP6V1H;CAPN1;ATP6V1A,GO_Biological_Process_2025__Regulation of Macroautophagy (GO:0016241)
GO:0030182,0.33277261275999,1.1491452454698898,0.7362686721289908,39.18%,AIFM1;RTN1;RTN3;MANF;RTN2;CTNNB1;NTRK2;RTN4;CASP3;WNK1;PCSK9;ACSL4;INHBA,GO_Biological_Process_2025__Neuron Differentiation (GO:0030182)
GO:0001818,0.2958491702094598,1.1475761407457994,0.7402593662982069,58.48%,C1QTNF3;APPL2;STAT3;PTPRC;RELA;NCKAP1L;PRKCA;GAS6;CASP3;PTPN11;VSIR;AXL;VSIG4;UFD1;THBS1;FBLN1;CX3CL1;IKBKB;JAK3;ANXA4;INHBA;RGCC;SRGN;NPLOC4;FN1;PPP1R11;CUL3;TWSG1;GPNMB;ARRB1;HMGB1;JAK2;EZR;CD84;PTPN6;CD34;NFKB1,GO_Biological_Process_2025__Negative Regulation of Cytokine Production (GO:0001818)
GO:0032675,0.3176302060663035,1.147469331121595,0.7397618983006601,58.11%,C1QTNF3;MAVS;STAT3;RELA;APP;NCKAP1L;GAS6;TGFB1;PLCG2;ARHGEF2;LPL;CX3CL1;CD47;HLA-B;PRG2;BSG;CD74;GPNMB;SYK;ARRB1;F2R;HMGB1;PTPN6;MAPKAPK2,GO_Biological_Process_2025__Regulation of Interleukin-6 Production (GO:0032675)
GO:0031579,0.4281140679063446,1.14731567136944,0.7394475160306094,9.22%,FLOT1;MYADM,GO_Biological_Process_2025__Membrane Raft Organization (GO:0031579)
GO:0045229,0.3130893200393903,1.1467806228573667,0.7402629707069642,21.45%,COL14A1;ECM2;ADAMTS8;APP;COL5A2;ADAMTS1;MMP19;MMP25;APLP1;MATN2,GO_Biological_Process_2025__External Encapsulating Structure Organization (GO:0045229)
GO:0006986,0.3641491757505339,1.1466515860356583,0.7398690694150388,47.61%,HSPH1;HSPA4;HSP90AA1;HSP90AB1;BAX;DNAJA1;OPTN;ERP44;DNAJB2;STT3B;PTPN1;HSPA8,GO_Biological_Process_2025__Response to Unfolded Protein (GO:0006986)
GO:0044772,0.345016417326977,1.1456503293794476,0.7421676364602338,53.28%,PPP6C;DNM2;GSPT1;PPME1;CHMP4B;CUL2;EIF4E;PLCB1;BCAT1;CCNY;CHMP2A;CUL3;CLASP2;ENSA;CUL5,GO_Biological_Process_2025__Mitotic Cell Cycle Phase Transition (GO:0044772)
GO:1905898,0.3946171657318383,1.145569258027923,0.7416199212092552,15.47%,BCAP31;TMX1;NCK2;SGTA,GO_Biological_Process_2025__Positive Regulation of Response to Endoplasmic Reticulum Stress (GO:1905898)
GO:0042981,0.264417875669548,1.1448160533237448,0.7432415280476111,38.66%,STK24;COPS5;STK4;ANO6;PPIF;NAE1;SLK;DNM2;AIFM1;UBE2Z;HS1BP3;ARL6IP5;RELA;SERPINB9;APP;ANGPT1;PTMA;API5;ITPR1;ITGA6;STK26;NCKAP1L;ACTN4;MTDH;BNIP2;PTK2;FAM162A;ARHGEF7;ANP32B;ANP32A;FAF1;ACTN2;GAS6;CTNNB1;EMILIN2;MYO18A;LRP8;BABAM2;CCAR2;MAP3K5;MYDGF;ATG7;BID;ACTN1;NOL3;TNFSF10;YWHAZ;TOMM70;STAT1;SNCA;TARDBP;HSP90AA1;TXNDC5;CALR;VCP;MADD;RTN4;PROC;COMP;UFM1;LAMTOR5;PTPRA;DDX3X;TGM2;PDCD10;EMILIN1;FLNA;AXL;SLC27A4;RPL15;CASP6;NOTCH2;FKBP8;MTCH2;DAB2;HSP90B1;BAX;CIAPIN1;DNAJA1;AZU1;DDRGK1;THBS1;PTK2B;RPS3A;PCSK9;CX3CL1;BCL2L1;PIK3R1;CD40LG;PTMS;FLT4;PAWR;JAK3;ANXA4;MAP4K4;HSPA5;SRC,GO_Biological_Process_2025__Regulation of Apoptotic Process (GO:0042981)
GO:1903900,0.4415325449310462,1.1447399199970665,0.742664225174822,32.01%,TRIM25;CSNK2B;AXL;NECTIN2,GO_Biological_Process_2025__Regulation of Viral Life Cycle (GO:1903900)
GO:0072594,0.3205137022896818,1.1445295071803336,0.7425160000520002,23.92%,STK24;APPL2;STK4;STAT3;IPO5;RALA;APPL1;TNPO1;KPNA1;KPNB1;RAB11A,GO_Biological_Process_2025__Establishment of Protein Localization to Organelle (GO:0072594)
GO:0001936,0.307984698447523,1.1440792242598332,0.7430898905754819,41.15%,MIA3;EGF;HMGB2;ANGPT1;NRP2;ATP5F1A;ITGB3;PRKCA;CLSTN1;MYDGF;STAT1;SPARC;AIMP1;THBS4;THBS1;NRP1;FLT4;RGCC;AKT1,GO_Biological_Process_2025__Regulation of Endothelial Cell Proliferation (GO:0001936)
GO:0051155,0.5041054295061991,1.1439381238407746,0.7426959147537652,37.29%,BMP10;TGFB1;MAPK14,GO_Biological_Process_2025__Positive Regulation of Striated Muscle Cell Differentiation (GO:0051155)
GO:0071364,0.4092182918112241,1.143714318666711,0.7418452721693665,26.60%,PTPN12;STAT5B;ZPR1;PTPN11;SYAP1,GO_Biological_Process_2025__Cellular Response to Epidermal Growth Factor Stimulus (GO:0071364)
GO:0120161,0.3162447464088548,1.1435920409012104,0.7413834854424595,55.28%,APPL2;PDGFC;HADH;LAMA4;DECR1;LDLR;MFAP2;NRDC;PROC;PGAM5;CPT2;NOTCH1;CD36;ACOT13;RHEB;GNAS;GATM;LNPEP;ACSL1;MFN2;IL18;CXCR4;ADAM17;SYK;PRKAB1;JAK2,GO_Biological_Process_2025__Regulation of Cold-Induced Thermogenesis (GO:0120161)
GO:0031347,0.3318846396805252,1.1435000146118386,0.7409016906345404,22.90%,APPL2;MGLL;RELA;IL1R1;LRP8;APPL1;ZMPSTE24;PSMA6,GO_Biological_Process_2025__Regulation of Defense Response (GO:0031347)
GO:2001259,0.4813839249596381,1.143058198212673,0.7415176710286369,43.22%,ASPH;GSTM2;TMSB4X;SLC6A4;CTSS,GO_Biological_Process_2025__Positive Regulation of Cation Channel Activity (GO:2001259)
GO:0006909,0.3125299145470667,1.142542688844869,0.7423156361374561,64.13%,TIMD4;VAMP7;LDLR;ITGB3;GAS6;BIN2;MYH9;TGM2;AXL;PIP5K1C;PECAM1;ELMO1;SRPX;CD36;CORO1C;RAB14;CD93;MESD;CDC42;NDUFA2;PLD4;ARHGAP25;CORO1A;HMGB1;ANXA3;ITGAM;ITGAV;ANXA11;ITGB1;ITGB2,GO_Biological_Process_2025__Phagocytosis (GO:0006909)
GO:0050727,0.2892751587947588,1.1420312357753577,0.7431307384491247,41.78%,C1QTNF3;MIA3;STAT3;DNASE1;MGLL;TNFAIP6;PRKCD;RELA;APP;SNX6;GPSM3;IL1R1;VAMP3;TGFB1;LPCAT3;SNCA;PSMA6;PROC;MMP3;LPL;UACA;UFL1;CCM2;CX3CL1;TMSB4X;GSDMD;CD47;SERPINE1;HCK,GO_Biological_Process_2025__Regulation of Inflammatory Response (GO:0050727)
GO:2000379,0.3430656635587787,1.1415390638353624,0.7429881469400835,37.29%,PRKCD;APP;PDGFRB;TGFB1;PLCG2;CBR1;DHRS4;GRB2;CD36;THBS1;MAPK14,GO_Biological_Process_2025__Positive Regulation of Reactive Oxygen Species Metabolic Process (GO:2000379)
GO:0032727,0.4555707953646934,1.1414598252043486,0.7424649530249521,23.98%,MAVS;STAT1;ZC3HAV1;DDX3X,GO_Biological_Process_2025__Positive Regulation of Interferon-Alpha Production (GO:0032727)
GO:0070849,0.3996239281811069,1.14144592819033,0.7417115734850704,47.45%,PTPN12;STAT5B;ZPR1;PTPN11;SYAP1;MAPK1;DUSP3;IQGAP1,GO_Biological_Process_2025__Response to Epidermal Growth Factor (GO:0070849)
GO:0071499,0.4830338755657264,1.141168032690152,0.7418361054875108,14.15%,PRKACB;PRKCA;CAPN2,GO_Biological_Process_2025__Cellular Response to Laminar Fluid Shear Stress (GO:0071499)
GO:1903241,-0.3007637608638399,-1.1409610121333418,0.872265793679633,70.04%,SNRPD3;SNRPE;SNRPA1;SNRPD2;DDX42;SNRPB2;SNRPF;SF3B3;SF3A1;SF3A2;SF3B2,GO_Biological_Process_2025__U2-type Prespliceosome Assembly (GO:1903241)
GO:0002685,0.501843127712833,1.1407574459733794,0.7414986318140037,32.33%,MIA3;NCKAP1L;MADCAM1,GO_Biological_Process_2025__Regulation of Leukocyte Migration (GO:0002685)
GO:2000785,0.3578236071664813,1.1402727904952812,0.7421832275557789,42.23%,SEC22B;RAB3GAP1;EFNB1;SH3GLB1;RAB3GAP2;RAB5A;PIP4K2A;RAB1B;SNX18;PIP4K2C;MTM1,GO_Biological_Process_2025__Regulation of Autophagosome Assembly (GO:2000785)
GO:0002831,0.424176671898547,1.1399007131376564,0.7425523599647674,42.28%,APPL2;LRP8;ZMPSTE24;CD36;CX3CL1;FGR,GO_Biological_Process_2025__Regulation of Response to Biotic Stimulus (GO:0002831)
GO:0007612,0.4117591627286188,1.1377129490982003,0.747702260654924,28.81%,FYN;NRXN1;NTRK2;RELN;CLDN5,GO_Biological_Process_2025__Learning (GO:0007612)
GO:0034330,0.330182435482196,1.1370089911423384,0.7482741511508074,47.30%,TJP2;APP;RHOA;ARHGEF7;TGFB1;SNCA;CLDN3;LIMS1;CBLN1;CAPZA1;HMCN2;RAB8B;L1CAM;CDC42;CBLN2,GO_Biological_Process_2025__Cell Junction Organization (GO:0034330)
GO:0006661,0.3308925875070507,1.1369308782912038,0.7477462937178695,42.23%,SACM1L;PLCG2;PI4KA;PIP5K1C;INPPL1;INPP4B;ITPKB;PIP4K2A;IMPA1;PITPNM2;PIK3R1;DPM1;PIP4K2C;EFR3A;CDIPT;MTM1,GO_Biological_Process_2025__Phosphatidylinositol Biosynthetic Process (GO:0006661)
GO:0051881,0.4374206866400711,1.1368825833684792,0.7470949260721019,35.66%,ARL6IP5;PPA2;VCP;BAX;BCL2L1,GO_Biological_Process_2025__Regulation of Mitochondrial Membrane Potential (GO:0051881)
GO:0015909,0.4288476037143112,1.1367825553903297,0.7466198149984955,47.95%,CPT1A;CPT2;SLC27A4;CD36;ACSL1;SLC25A20;ACSL3,GO_Biological_Process_2025__Long-Chain Fatty Acid Transport (GO:0015909)
GO:0031111,0.3783576315226452,1.1366812119010676,0.7453707301931256,49.68%,MAPRE1;TAOK1;GAS2L1;SNCA;PROC;TUBB4A;CIB1;TBCD;METAP2;CLASP2,GO_Biological_Process_2025__Negative Regulation of Microtubule Polymerization or Depolymerization (GO:0031111)
GO:2000351,0.3604737309828588,1.1365368172892454,0.7450301742352861,41.73%,ANO6;ANGPT1;GAS6;TGFB1;ITGA4;THBS1;CD40LG;RGCC;SERPINE1,GO_Biological_Process_2025__Regulation of Endothelial Cell Apoptotic Process (GO:2000351)
GO:0010572,0.3984000093248167,1.1362791496902989,0.7450673480748131,55.28%,PLA2G4A;GP9;PEAR1;SVEP1;GP1BB;GP1BA;PLEK;GP5;JAK2,GO_Biological_Process_2025__Positive Regulation of Platelet Activation (GO:0010572)
GO:0007517,0.3740253267874447,1.1361776102534908,0.7446224002810086,26.71%,EMD;UTRN;LAMA2;SMTN;UNC13D,GO_Biological_Process_2025__Muscle Organ Development (GO:0007517)
GO:0120032,0.3276034600845076,1.1359327610027532,0.7445535922185326,51.39%,WAS;PRKCSH;TBC1D15;ARF6;ATG3;RABGAP1;RAB11A;RAB11FIP3;RAB5A;DMTN;TBC1D13;RDX;PODXL;TBC1D10B;TBC1D5;CDC42;TWF2;ARF4;RABEP2,GO_Biological_Process_2025__Regulation of Plasma Membrane Bounded Cell Projection Assembly (GO:0120032)
GO:0048251,0.483752966104821,1.1358139983674878,0.7441632094147652,27.70%,LTBP4;EFEMP2;EMILIN1;FBLN5,GO_Biological_Process_2025__Elastic Fiber Assembly (GO:0048251)
GO:0046928,0.4752522441289427,1.1356937302586871,0.7437736356945293,43.91%,SEPTIN5;RAB5A;PNKD;VPS18;SLC30A1,GO_Biological_Process_2025__Regulation of Neurotransmitter Secretion (GO:0046928)
GO:0097576,0.4790354853661654,1.1353975127013862,0.7438954931763546,41.83%,CHMP4B;CHMP5;VPS16;CHMP6;CHMP2A,GO_Biological_Process_2025__Vacuole Fusion (GO:0097576)
GO:0006261,0.5093534090772502,1.135310654583464,0.7433899140077016,16.83%,PURA;SSBP1,GO_Biological_Process_2025__DNA-templated DNA Replication (GO:0006261)
GO:0010977,-0.2445338565616515,-1.135287408002586,0.8815559930193051,65.10%,CORIN;APOE;SPOCK1;FKBP4;PTEN;PTPRS;TSKU;BAG5;FYCO1;GDI1;CIB1;NLGN1;RTN4RL2;TNR;GAK,GO_Biological_Process_2025__Negative Regulation of Neuron Projection Development (GO:0010977)
GO:0034260,0.4732958285046084,1.1352462708256104,0.7427968912862174,45.43%,TMED2;RDX;GMIP;ARL2;PLXNB3,GO_Biological_Process_2025__Negative Regulation of GTPase Activity (GO:0034260)
GO:0007026,0.5038127793846965,1.1343395461676535,0.744856997119712,49.68%,TAOK1;GAS2L1;PROC;CIB1;CLASP2,GO_Biological_Process_2025__Negative Regulation of Microtubule Depolymerization (GO:0007026)
GO:0043405,0.3380804042337789,1.1343317976362188,0.74410432842689,55.80%,LYN;TSG101;PDGFRB;FGFR1;CDK5RAP3;PDCD10;THBS1;HGS;PDGFA;PTPN1;STK38;KSR1;SNF8;PDGFB;PTPRJ;PIK3CG,GO_Biological_Process_2025__Regulation of MAP Kinase Activity (GO:0043405)
GO:0061157,0.4090117613119262,1.1338789025233778,0.744761604063638,35.40%,ROCK2;ROCK1;DCPS;TARDBP;FTO;UPF1,GO_Biological_Process_2025__mRNA Destabilization (GO:0061157)
GO:0033043,0.3051552152728126,1.1338409210206677,0.7440997191214247,31.51%,NEXN;MAVS;RAB33B;LMAN1;RAP1GDS1;TAOK1;PTK2;CLIC4;CAPN2;DIAPH1;TMED9;PLXNB1;EHD3;MYO5A;SURF4;F11R;SEC16A;RDX,GO_Biological_Process_2025__Regulation of Organelle Organization (GO:0033043)
GO:2000648,0.4746139412962588,1.1331909781369798,0.7453931318511752,24.37%,PTPRC;TGFB1;LTBP3,GO_Biological_Process_2025__Positive Regulation of Stem Cell Proliferation (GO:2000648)
GO:0018210,0.3652822211352939,1.132893157264174,0.7448153544803753,46.17%,GALNT15;PRKCD;PRKCA;STK39;CSNK2B;GALNT1;WNK1;MAPK1;AKT1;TBK1,GO_Biological_Process_2025__Peptidyl-Threonine Modification (GO:0018210)
GO:0015918,0.3899302878599366,1.1328813964952755,0.7440824870374289,32.14%,VAPA;VAPB;LDLR;LDLRAP1;CD36,GO_Biological_Process_2025__Sterol Transport (GO:0015918)
GO:0048259,0.3476589673352809,1.13242897000554,0.7446924159061793,22.51%,ARAP1;FLOT1;ARF6;RAB21;LDLRAP1;PICALM,GO_Biological_Process_2025__Regulation of Receptor-Mediated Endocytosis (GO:0048259)
GO:0010544,0.3764405744422188,1.1319673619505517,0.7452276079980328,41.41%,TMX1;PRKG1;PRKCD;PDGFRA;CD9;SERPINE2;ALOX12;PDGFA,GO_Biological_Process_2025__Negative Regulation of Platelet Activation (GO:0010544)
GO:0010594,0.3089276791096609,1.131824315929458,0.744892801915292,17.80%,ROCK2;EGF;BMP10;ANGPT1;NRP2;ITGB3;PTK2;PRKCA;DCN;CLSTN1;RRAS,GO_Biological_Process_2025__Regulation of Endothelial Cell Migration (GO:0010594)
GO:0071900,0.3318853004945462,1.131720148137353,0.7444662512471707,55.04%,STK4;LRP5;CAMK1;TSG101;RHOA;CDC37;CDK5RAP3;PDCD10;SYAP1;HGS;SRC;MAP2K2;CIB1;KSR1;LONP1;SNF8;LRP6,GO_Biological_Process_2025__Regulation of Protein Serine/Threonine Kinase Activity (GO:0071900)
GO:0001954,0.3346661606986738,1.131333419254941,0.7448264098131325,38.42%,ROCK1;PPM1F;UTRN;EFEMP2;CSF1;RRAS;CD36;LIMS1;PTK2B;CX3CL1;NRP1;MAP4K4,GO_Biological_Process_2025__Positive Regulation of Cell-Matrix Adhesion (GO:0001954)
GO:0019755,0.4685465191125461,1.1309616952209476,0.745182827044931,12.71%,RHAG,GO_Biological_Process_2025__One-Carbon Compound Transport (GO:0019755)
GO:0044804,0.435777856482136,1.1306616164919798,0.7453422085308429,38.26%,ATG7;ATG3;ATG4A;ATG9A;ATG4B,GO_Biological_Process_2025__Nucleophagy (GO:0044804)
GO:0009892,0.3582871820499417,1.1303499320646413,0.7455182757052253,38.81%,LAMA4;NRDC;PGAM5;MMP3;SIRT2;NOTCH1;ACOT13;RHEB;LNPEP,GO_Biological_Process_2025__Negative Regulation of Metabolic Process (GO:0009892)
GO:0002724,-0.4357086510649487,-1.1299802317285648,0.8910692086448012,56.51%,CD55;TRPM4;HLA-A;TRAF6;MAP3K7,GO_Biological_Process_2025__Regulation of T Cell Cytokine Production (GO:0002724)
GO:0150117,0.3767766648156079,1.129593639711158,0.7470273863316984,47.90%,ROCK1;PPM1F;ARF6;MAPRE2;LIMS1;PIK3R1;NRP1;MAP4K4;DUSP3;S100A10,GO_Biological_Process_2025__Positive Regulation of Cell-Substrate Junction Organization (GO:0150117)
GO:0070665,0.4480399894764535,1.129547674575771,0.7464195326445705,55.28%,LYN;PTK2;CSF1;MAPK1;CSF1R;GPNMB;JAK2,GO_Biological_Process_2025__Positive Regulation of Leukocyte Proliferation (GO:0070665)
GO:0006303,0.4438819065447194,1.129514734123955,0.745774007182529,7.25%,PSMD14;HMGB2,GO_Biological_Process_2025__Double-Strand Break Repair via Nonhomologous End Joining (GO:0006303)
GO:0032535,0.3509993110994583,1.128541683266185,0.7479001025499632,43.62%,RAP1GAP2;DNM1;VAV1;PICALM;LAMTOR5;SNAPIN;RDX;BLOC1S1;BORCS7;BORCS5;BORCS6;LAMTOR4,GO_Biological_Process_2025__Regulation of Cellular Component Size (GO:0032535)
GO:0042159,-0.4066280904786954,-1.1282607075206736,0.8875762464365674,59.43%,PPT1;CTSD;APOC2;NOTUM;LYPLA1;LYPLA2,GO_Biological_Process_2025__Lipoprotein Catabolic Process (GO:0042159)
GO:0016486,0.3653895528830342,1.128000104839418,0.7488073783514045,39.63%,ECE1;PCSK5;ATP6AP2;MEP1A;P4HB;CTSG;PCSK1;PCSK6,GO_Biological_Process_2025__Peptide Hormone Processing (GO:0016486)
GO:0048568,0.3827577823798476,1.12747027613593,0.7495964644566383,26.08%,FGFR2;PCSK5;PKDCC;TGFB1;TBC1D23;RPL15,GO_Biological_Process_2025__Embryonic Organ Development (GO:0048568)
GO:0008380,0.3364835314261751,1.1272211482800412,0.7495812107320903,37.87%,PPP1R9B;LSM1;CCAR2;NOL3;TARDBP;LSM4;LSM6;PRMT1;SF3B2;SFPQ;SF3B3,GO_Biological_Process_2025__RNA Splicing (GO:0008380)
GO:1900026,0.3349840891886996,1.126898879553919,0.7497783822588435,47.90%,CASS4;MYADM;ARHGEF7;CALR;FLNA;P4HB;CRKL;CARMIL1;LIMS1;DOCK5;NRP1;CIB1;CDC42;ILK;S100A10,GO_Biological_Process_2025__Positive Regulation of Substrate Adhesion-Dependent Cell Spreading (GO:1900026)
GO:0006888,0.2834433038389194,1.1268332019518252,0.749236490534025,51.89%,COPB2;VAPA;MIA3;BCAP31;NRBP1;COPE;LMAN1;UBE2Z;USO1;VAMP7;VAPB;COPG1;TMED2;SEC31A;TMED9;TFG;TMED7;RABGGTA;BCAP29;SEC24C;RABGGTB;SURF4;YKT6;TRAPPC3;TMED4;SEC16A;COPG2;TMED5;GOLGA2;RAB1B;TRAPPC5;BET1;RAB1A;ERGIC1;HYOU1;SEC24D;GOSR2;CUL3;SAR1A;ARF4;SEC13;ARCN1;ATL3,GO_Biological_Process_2025__Endoplasmic Reticulum to Golgi Vesicle-Mediated Transport (GO:0006888)
GO:0010763,0.4649898610394256,1.1266937336622391,0.7488858652644416,42.91%,PTK2;TGFB1;DMTN;THBS1;DDR2,GO_Biological_Process_2025__Positive Regulation of Fibroblast Migration (GO:0010763)
GO:0050728,0.3072684061706839,1.1265012084270205,0.7487011921373601,42.28%,C1QTNF3;LYN;MIA3;STAT3;TNFAIP6;PRKCD;FYN;GIT1;LPCAT3;PROC;UACA;GNAS;TMSB4X;MAPK14;SRC;HCK;FGR,GO_Biological_Process_2025__Negative Regulation of Inflammatory Response (GO:0050728)
GO:1901292,0.4966792858615672,1.12624179599139,0.7486977874844343,45.75%,SUCLA2;SUCLG1;SUCLG2;ITPA,GO_Biological_Process_2025__Nucleoside Phosphate Catabolic Process (GO:1901292)
GO:0090128,0.4935973653600004,1.1260823677183796,0.7484554097649527,28.34%,NRXN1;YWHAZ;RELN,GO_Biological_Process_2025__Regulation of Synapse Maturation (GO:0090128)
GO:0006612,0.3450384132692761,1.1256814191363087,0.7489257929620409,56.22%,SDCBP;SGTA;CHMP4B;ATG3;SSR1;SRPRA;PARD3;SIL1;SEC62;VPS37B;SGTB;UBL4A;NACA;SEC61A1;ARL6IP1;BAG6,GO_Biological_Process_2025__Protein Targeting to Membrane (GO:0006612)
GO:0043436,0.4318234964991742,1.125577344328775,0.7484806503471605,16.91%,TPST2;SULT1A1;PPA2,GO_Biological_Process_2025__Oxoacid Metabolic Process (GO:0043436)
GO:0050922,0.5015010528406618,1.125077901466341,0.7492306664738373,45.14%,CORO1B;NOTCH1;THBS1;DUSP3,GO_Biological_Process_2025__Negative Regulation of Chemotaxis (GO:0050922)
GO:0038095,0.3939821471870782,1.1249648141218336,0.7487880758340442,57.01%,LYN;FCER1G;VAV1;PLCG2;PRKCQ;IKBKB;MAP3K7;SYK;TRAF6;FER,GO_Biological_Process_2025__Fc-epsilon Receptor Signaling Pathway (GO:0038095)
GO:0045047,0.3838821392908116,1.1240068527465863,0.750952203884712,42.02%,SPCS3;SGTA;CHMP4B;SRPRA;SPCS2;SEC62;SGTB;UBL4A,GO_Biological_Process_2025__Protein Targeting to ER (GO:0045047)
GO:0032436,0.3598678877986296,1.1239433422818337,0.7504115997198193,42.44%,RAD23A;ELOB;USP5;VCP;SIRT2;DAB2;DDRGK1;PSMD10;DNAJB2;STUB1,GO_Biological_Process_2025__Positive Regulation of Proteasomal Ubiquitin-Dependent Protein Catabolic Process (GO:0032436)
GO:0045787,0.3473213868903162,1.12364542900422,0.7505320398992412,55.04%,FGFR2;RAD23A;APP;PRKCA;CALR;ZPR1;EIF4E;RGCC;PSMD10;CCNY;DUSP3;LONP1;TRIM21;LRP6,GO_Biological_Process_2025__Positive Regulation of Cell Cycle (GO:0045787)
GO:0006357,0.2585978201304793,1.123520894337687,0.7501643700278241,55.75%,ETF1;HSD17B4;HCLS1;WAS;COPS5;AEBP1;MIA3;CRLF3;PSMC5;FGFR2;MAVS;FLII;PRKAR1A;PPP1R12A;PRKCB;STAT3;PTPRC;TSC22D4;PURA;SDCBP;ELOC;LRP5;LRRFIP1;PPM1A;HMGB2;PURB;COPS2;FUBP1;HDGF;CALCOCO1;RELA;STRN3;APP;CAMK1;PTMA;NCK2;ITGA6;ACTN4;FST;MTDH;SLC9A1;YBX1;DCN;CTNNB1;STAT5B;MYDGF;YWHAB;TGFB1;MAGED2;FHOD1;SLA2;YWHAZ;STAT1;SNCA;CALR;PKN1;USP9X;CC2D1B;DDX3X;RTRAF;ARHGEF2;IKBKG;FSTL3;RPL15;SIRT2;HNRNPD;NOTCH2;CHGA;LPIN2;DAB2;NOTCH1;RBMX;AGRN;DDRGK1;PFKM;SFPQ;CCM2;ACVR1;CX3CL1;PIK3R1;PPP3R1;PTMS;IKBKB;MAPK14;ANXA4;HSPA5;SRC;RBBP4;INHBA;RGCC;PSMD10;ACTR3;PPP3CB;AKT1;MUC1;CIAO1;PDHX;HTATIP2;SQSTM1;IMPACT;JAG1;TBK1;FRK;BIN1;DLG1;SMAD2;S100A10;SOD2;IL18;NACA;RAD21;ACTR2;ARF4;NCK1;NCOA7;STAT5A;ARRB1;TRAF6;PCBP1;PAF1;CAMK2D;SNF8;CC2D1A;IGBP1;TFAM;HMGB1;RPL23;ACTL6A;LRP6;EEF1D;JAK2;DDX5;EZR,GO_Biological_Process_2025__Regulation of Transcription by RNA Polymerase II (GO:0006357)
GO:0090382,0.4545201826651319,1.1233994158920162,0.7497925376826315,47.35%,RAB32;RAB7A;SRPX;RAB14;RAB38;RAB31,GO_Biological_Process_2025__Phagosome Maturation (GO:0090382)
GO:1901739,0.4374140469036169,1.1232258620311255,0.7495847220166255,24.53%,FLOT1;CD53;EHD2;EHD1,GO_Biological_Process_2025__Regulation of Myoblast Fusion (GO:1901739)
GO:1904950,0.4996055745464107,1.1229013554302674,0.7498881556500941,50.11%,PPM1F;DMTN;DNAJA1;GDI1;SNX3,GO_Biological_Process_2025__Negative Regulation of Establishment of Protein Localization (GO:1904950)
GO:0099517,0.4258688903319879,1.122849026385604,0.7485747950946481,36.48%,AP3D1;AP3M1;SNAPIN;AP3S1;BLOC1S1,GO_Biological_Process_2025__Synaptic Vesicle Transport Along Microtubule (GO:0099517)
GO:0048490,0.4258688903319879,1.122849026385604,0.7485747950946481,36.48%,AP3D1;AP3M1;SNAPIN;AP3S1;BLOC1S1,GO_Biological_Process_2025__Anterograde Synaptic Vesicle Transport (GO:0048490)
GO:0050868,0.3507355791507812,1.122388540410065,0.7492308592952213,38.34%,SDC4;PPP1R9B;TINAGL1;PTPN11;HLA-E;VSIR;VSIG4;UFL1;CTSG;JAK3,GO_Biological_Process_2025__Negative Regulation of T Cell Activation (GO:0050868)
GO:0039535,0.4923535232095575,1.1223867263543643,0.7484963498947644,42.73%,USP15;ZC3HAV1;UFD1;NPLOC4,GO_Biological_Process_2025__Regulation of RIG-I Signaling Pathway (GO:0039535)
GO:0050851,0.3081220297388265,1.1221558026140095,0.7484446084577661,43.54%,FYB1;PRKCB;PTPRC;LCP2;CSK;EIF2B3;NCKAP1L;FYN;BTK;CLSTN1;PLCG2;SLA2;TEC;IKBKG;EIF2B5;WNK1;IKBKB;EIF2B2;EIF2B1;RBCK1;MAP3K7,GO_Biological_Process_2025__Antigen Receptor-Mediated Signaling Pathway (GO:0050851)
GO:0071363,0.2938009816982255,1.122112879143798,0.7478278679257759,49.47%,APPL2;EMD;PTPN12;PDE3A;RAP1A;FGFR1;CTNNB1;STAT5B;TGFB1;APPL1;EHD1;CORO1B;ZPR1;PTPN11;SYAP1;NOTCH1;CRKL;MAP2K3;LIMS1;ACVR1;NRP1;MAPK14;FLT4;AKT1;CIB1;DUSP3;PDCD5;IQGAP1;CD44;TWF2,GO_Biological_Process_2025__Cellular Response to Growth Factor Stimulus (GO:0071363)
GO:2001026,0.5016758979685995,1.1220390346908125,0.7473219535002071,36.66%,FGFR1;NOTCH1;THBS1;TMSB4X,GO_Biological_Process_2025__Regulation of Endothelial Cell Chemotaxis (GO:2001026)
GO:0051058,0.3569431470657042,1.1218852247061983,0.7470486385948124,48.69%,ARHGAP45;CD2AP;ARHGAP17;WNK1;STAMBP;MFN2;GMIP;HEG1;CUL3;ARHGAP25,GO_Biological_Process_2025__Negative Regulation of Small GTPase Mediated Signal Transduction (GO:0051058)
GO:0048638,0.349043820905607,1.1213843472259146,0.7478136643525088,52.05%,DNM2;CTTN;APP;FGFR3;STAT5B;NRCAM;PLCB1;EPPK1;MYCBP2;CLASP2;STAT5A,GO_Biological_Process_2025__Regulation of Developmental Growth (GO:0048638)
GO:0046467,0.4774059255200679,1.1209786919289009,0.7482715680317013,46.74%,SCCPDH;CERS2;HACD4;PPM1L;ST3GAL6,GO_Biological_Process_2025__Membrane Lipid Biosynthetic Process (GO:0046467)
GO:0120163,0.3869470020852603,1.1206927265282478,0.748393301622967,38.81%,LAMA4;NRDC;PGAM5;NOTCH1;ACOT13;RHEB;LNPEP,GO_Biological_Process_2025__Negative Regulation of Cold-Induced Thermogenesis (GO:0120163)
GO:0048008,0.3861959957850368,1.1202310785461111,0.7490794693034777,61.50%,PDGFC;PDGFRA;PDGFRB;NRP1;PDGFA;PTPN1;PDGFD;CLASP2;PDGFB;PTPRJ;FER;LOX,GO_Biological_Process_2025__Platelet-Derived Growth Factor Receptor Signaling Pathway (GO:0048008)
GO:0051444,-0.4322902971338417,-1.1202075103271167,0.90607353612305,56.85%,RPS7;RPL11;RPL23;BAG5;RPL5,GO_Biological_Process_2025__Negative Regulation of Ubiquitin-Protein Transferase Activity (GO:0051444)
GO:0006915,0.2904777928667904,1.119952435430213,0.7491722082415144,49.82%,STK24;STK4;NCKAP1;NAE1;AIFM1;PRKCD;PAEP;BNIP2;FAM162A;MAP3K5;BID;TGFB1;TNFSF10;YARS1;RTN4;CASP3;BCL2L13;IKBKG;CASP6;NOTCH2;ELMO1;BAX;PTK2B;BCL2L1;PAWR;EMP3;DNPEP;ARHGEF6;AKT1;MAP3K7;AHCYL1;CIB1;NDUFA2;CXCR4;VDAC1,GO_Biological_Process_2025__Apoptotic Process (GO:0006915)
GO:0048667,0.325566987413902,1.118552830231732,0.7519739675222493,38.31%,RAB10;FGFR2;APLP2;APP;ARHGEF7;APLP1;SLITRK1;PARD3;AFG3L2;NRCAM;MINK1;CDHR1;MAP1S,GO_Biological_Process_2025__Cell Morphogenesis Involved in Neuron Differentiation (GO:0048667)
GO:0048675,0.443344032284483,1.1185048617498905,0.7513674950641192,51.76%,CYFIP1;NRP2;USP9X;NRP1;PPP3CB;MAP1B,GO_Biological_Process_2025__Axon Extension (GO:0048675)
GO:0095500,0.5037173795533301,1.11832474188709,0.7511829242697171,7.43%,GNAQ;LY6G6F,GO_Biological_Process_2025__Acetylcholine Receptor Signaling Pathway (GO:0095500)
GO:0042269,0.4054339448575157,1.1181584779383011,0.750935379143177,46.56%,CD226;HLA-E;GRB2;NECTIN2;CADM1;CRTAM,GO_Biological_Process_2025__Regulation of Natural Killer Cell Mediated Cytotoxicity (GO:0042269)
GO:0045926,0.3324084792539574,1.1179870609853246,0.7507477538471401,23.98%,CRLF3;BMP10;FGFR3;PPP1R9B;CCAR2;TGFB1;RTN4;DDX3X,GO_Biological_Process_2025__Negative Regulation of Growth (GO:0045926)
GO:0010759,0.4418264350172672,1.117955243520233,0.7501055666409061,42.65%,PTK2;CSF1;THBS1;MAPK1;CSF1R,GO_Biological_Process_2025__Positive Regulation of Macrophage Chemotaxis (GO:0010759)
GO:0060396,0.3755884905400858,1.117783175119884,0.7498856240898341,58.09%,LYN;STAT3;PTK2;STAT5B;PIK3R1;JAK3;PTPN1;STAT5A;JAK2;JAK1,GO_Biological_Process_2025__Growth Hormone Receptor Signaling Pathway (GO:0060396)
GO:0043113,0.3818255344573179,1.1172997509390017,0.7505713281413207,47.58%,CD53;NRXN1;FLNA;ITGA4;MADCAM1;ITGAL;NLGN1;DLG1,GO_Biological_Process_2025__Receptor Clustering (GO:0043113)
GO:0051128,0.2928796276052265,1.1172534162734042,0.7499922977521017,47.61%,ROCK2;PACSIN2;ARAP1;RAB33B;ROCK1;RAP1A;LTBP4;LAMTOR1;CAMK1;STON2;RUFY1;RAB4A;PRKCQ;AP2S1;HSP90AA1;PICALM;PTPN11;SPARC;LAMTOR2;ARFGAP1;CD36;RASGRP2;RAB4B;NUBP2;PTPN1;EPHX2;SPARCL1;PAPPA2;HSPA8,GO_Biological_Process_2025__Regulation of Cellular Component Organization (GO:0051128)
GO:0090287,0.4419889502762429,1.1171562547182234,0.7495450914538364,55.88%,FST;FSTL3;PRMT1;NRP1;PCSK6;TWSG1;FSTL1,GO_Biological_Process_2025__Regulation of Cellular Response to Growth Factor Stimulus (GO:0090287)
GO:0006690,0.3739103416424438,1.1165778435109088,0.7505217370598574,6.22%,TBXAS1;PLA2G4A;MGLL,GO_Biological_Process_2025__Icosanoid Metabolic Process (GO:0006690)
GO:0010810,0.3216840386863011,1.1164184781988735,0.750244372385318,55.28%,PPM1F;ECM2;MYADM;RHOA;PTK2;DMTN;NOTCH1;FBLN2;MINK1;LIMS1;CORO1C;CX3CL1;ARL2;TBCD;RSU1;PDGFB;NPNT;JAK2,GO_Biological_Process_2025__Regulation of Cell-Substrate Adhesion (GO:0010810)
GO:0071222,0.3016469004238394,1.115686377909757,0.7516417673555579,55.28%,LYN;HMGB2;RELA;MTDH;RHOA;GIT1;ATL1;IRAK4;PLCG2;CHMP5;AXL;MMP3;UPF1;CTSG;MAPK14;PLAA;SERPINE1;HCK;VIM;PF4V1;NDUFA2;IL18;TRAF6;PAF1;HMGB1;JAK2,GO_Biological_Process_2025__Cellular Response to Lipopolysaccharide (GO:0071222)
GO:1901606,0.4277426853585104,1.1151066418973796,0.752629716887937,27.36%,ALDH4A1;ACADSB;ALDH6A1;HIBADH,GO_Biological_Process_2025__Alpha-Amino Acid Catabolic Process (GO:1901606)
GO:0051150,0.499248919231065,1.11487338859336,0.7526350010640925,45.98%,FGFR2;NOTCH2;NOTCH1;RBPMS2,GO_Biological_Process_2025__Regulation of Smooth Muscle Cell Differentiation (GO:0051150)
GO:0006469,0.328945624741141,1.1146845231202778,0.7524847187406469,25.29%,GNAQ;PTPRC;LRP5;YWHAG;MVP;SNCA;CDK5RAP3;RTRAF,GO_Biological_Process_2025__Negative Regulation of Protein Kinase Activity (GO:0006469)
GO:2001234,0.321528521043498,1.1143433723825718,0.7528075787108042,41.49%,PPIF;RELA;ITGA6;NOL3;DDX3X;QARS1;THBS1;ACVR1;CX3CL1;BCL2L1;GPX1;SRC;PSMD10;AKT1;SLC6A4,GO_Biological_Process_2025__Negative Regulation of Apoptotic Signaling Pathway (GO:2001234)
GO:0072091,0.4638951802532428,1.1133138102248274,0.755114080181829,7.25%,PTPRC;HMGB2,GO_Biological_Process_2025__Regulation of Stem Cell Proliferation (GO:0072091)
GO:0060397,0.42,1.112613651690401,0.7564779359144076,58.09%,LYN;STAT3;STAT5B;JAK3;PTPN1;STAT5A;JAK2;JAK1,GO_Biological_Process_2025__Growth Hormone Receptor Signaling Pathway via JAK-STAT (GO:0060397)
GO:0051170,0.3188041834584615,1.1124198710275648,0.7563349360562567,20.06%,STK24;APPL2;STK4;STAT3;IPO5;APPL1;TNPO1;KPNA1;KPNB1,GO_Biological_Process_2025__Import Into Nucleus (GO:0051170)
GO:0006997,0.3380370440842842,1.1120311117062478,0.7567604785934609,52.97%,LMNB2;CHMP4B;TOR1A;CHMP5;VPS4A;VPS4B;PDCD6IP;PITPNB;CHMP6;CHMP2A;IRAG2;BIN1;NUMA1;AGFG1;LMNB1,GO_Biological_Process_2025__Nucleus Organization (GO:0006997)
GO:0000079,0.422359013357952,1.1119695213222598,0.7562119649977711,40.07%,PROC;CDC37;CDK5RAP3;RGCC;PSMD10;CCNY,GO_Biological_Process_2025__Regulation of Cyclin-Dependent Protein Serine/Threonine Kinase Activity (GO:0000079)
GO:0030166,-0.2320430840960779,-1.111405386750776,0.9260308391970092,56.72%,EXT1;EXT2;IGF1;B3GAT3;FAM20B;GAL3ST4;UGDH;CANT1;B3GNT7;B3GNT2;CHST11;CHST1;B4GAT1;ST3GAL1;CHST10;ST3GAL6;GLCE,GO_Biological_Process_2025__Proteoglycan Biosynthetic Process (GO:0030166)
GO:0071230,0.3772539457397785,1.111144055407302,0.757232153497826,48.00%,IPO5;LAMTOR1;LAMTOR3;FYN;LAMTOR5;PRMT1;LAMTOR2;LAMTOR4;CUL3;MAT2A,GO_Biological_Process_2025__Cellular Response to Amino Acid Stimulus (GO:0071230)
GO:0019751,0.4962503193712648,1.1111168020614806,0.756574738868937,34.43%,INPP5A;INPP4B;INPP5B,GO_Biological_Process_2025__Polyol Metabolic Process (GO:0019751)
GO:0032091,0.338503122043472,1.1111136294217048,0.7558593926521776,9.74%,ATP2A3;ATP2A2;ROCK1;CAMK1,GO_Biological_Process_2025__Negative Regulation of Protein Binding (GO:0032091)
GO:1902600,0.3328023108406722,1.1108683946272386,0.7558596604305997,64.68%,NNT;ATP6V1E1;ATP6V0C;SLC9A1;ATP6V1B2;ATP5MF;ATP6AP2;ATP6V0D1;ATP6V0A1;ATP5PO;ATP6V1G1;ATP6V1F;ATP6V1H;DMAC2L;ATP6V1A;ATP6V1C1;ATP6AP1;ATP6V0A2;ATP5F1B;ATP6V1D,GO_Biological_Process_2025__Proton Transmembrane Transport (GO:1902600)
GO:0042059,0.3947797327419667,1.1106346996744036,0.7558392988715512,45.14%,SNX6;TSG101;MVP;RAB7A;CHMP6;VPS25;MMAB;DUSP3,GO_Biological_Process_2025__Negative Regulation of Epidermal Growth Factor Receptor Signaling Pathway (GO:0042059)
GO:0019218,0.4972451211991424,1.1103540418930966,0.755943568038968,44.17%,ACADVL;ASAH1;STUB1;EPHX2,GO_Biological_Process_2025__Regulation of Steroid Metabolic Process (GO:0019218)
GO:0023056,0.3811540848066715,1.109962610631145,0.7563096885465646,21.30%,NSF;ECE1;CLSTN1;VAMP3;SNCA,GO_Biological_Process_2025__Positive Regulation of Signaling (GO:0023056)
GO:1901201,0.4636895375703091,1.1098250578421371,0.7560028468440031,39.31%,TGFB1;EMILIN1;NOTCH1;RGCC,GO_Biological_Process_2025__Regulation of Extracellular Matrix Assembly (GO:1901201)
GO:0033146,0.370983152255243,1.1092797625677278,0.7568492858348456,32.64%,STRN3;UBA5;HDAC6;PKN1;UFM1;UFL1;DDRGK1,GO_Biological_Process_2025__Regulation of Intracellular Estrogen Receptor Signaling Pathway (GO:0033146)
GO:0033108,0.3509615702151572,1.1091643511688705,0.7564435919738651,40.57%,AIFM1;NDUFS1;NDUFS3;NDUFS2;NDUFA13;SAMM50;NDUFB3;NDUFA6;NDUFS8;NDUFS4;NDUFS5,GO_Biological_Process_2025__Mitochondrial Respiratory Chain Complex Assembly (GO:0033108)
GO:1905521,0.4600476384642112,1.1082620609644105,0.7584618344553656,42.65%,CSF1;RTN4;EMILIN1;PTK2B;CSF1R,GO_Biological_Process_2025__Regulation of Macrophage Migration (GO:1905521)
GO:0050901,0.3971488612922233,1.108108296695087,0.7582360866941961,36.45%,ROCK1;PPP1R9B;SELPLG;ITGA4;MADCAM1;PODXL2,GO_Biological_Process_2025__Leukocyte Tethering or Rolling (GO:0050901)
GO:0046883,0.4911911648698396,1.107889251095313,0.7581615202547769,50.95%,SNX6;VAMP3;CCM2;SCG5;GPNMB,GO_Biological_Process_2025__Regulation of Hormone Secretion (GO:0046883)
GO:0060999,0.4402743576393138,1.107743427615176,0.7578425822054441,28.34%,DBN1;CAMK1;LRP8;RELN,GO_Biological_Process_2025__Positive Regulation of Dendritic Spine Development (GO:0060999)
GO:0062012,0.4671301024049633,1.107688241176744,0.7572911100998726,11.71%,ACADVL;LDLR,GO_Biological_Process_2025__Regulation of Small Molecule Metabolic Process (GO:0062012)
GO:0015669,0.4642845743027604,1.1075659489402772,0.7569290518978443,12.71%,RHAG,GO_Biological_Process_2025__Gas Transport (GO:0015669)
GO:0036490,0.4930318169865895,1.107234740535301,0.7572194119255059,50.76%,NCK2;EIF4G1;DNAJC3;EIF2S1;NCK1,GO_Biological_Process_2025__Regulation of Translation in Response to Endoplasmic Reticulum Stress (GO:0036490)
GO:0034370,-0.3746780806342444,-1.10666735322815,0.9241176770849496,25.55%,APOA4;LCAT;APOE;APOC2;LIPC;CETP,GO_Biological_Process_2025__Triglyceride-Rich Lipoprotein Particle Remodeling (GO:0034370)
GO:0032367,0.4619620707713035,1.106231101621582,0.7594227685953333,44.25%,LDLR;LDLRAP1;VPS4A;RELCH;OSBPL2,GO_Biological_Process_2025__Intracellular Cholesterol Transport (GO:0032367)
GO:0002753,0.3919481923228741,1.1057940195796778,0.7599776612644431,23.98%,MAVS;IPO5;YWHAE;TRIM25;DDX3X,GO_Biological_Process_2025__Cytoplasmic Pattern Recognition Receptor Signaling Pathway (GO:0002753)
GO:0038127,0.3250840177504551,1.1046755637253436,0.7625292857121391,53.28%,ERBIN;EGF;NCK2;MVP;PTK2;CTNNB1;HDAC6;PTPN11;GRB2;PTK2B;MAPK1;SRC;AKT1;STUB1;IQGAP1;ADAM17;CUL5,GO_Biological_Process_2025__ERBB Signaling Pathway (GO:0038127)
GO:0021782,0.4306772953346108,1.1037719089237186,0.7644360680250315,42.52%,APP;EIF2B3;EIF2B5;EIF2B2;EIF2B1,GO_Biological_Process_2025__Glial Cell Development (GO:0021782)
GO:0006637,0.4248924921277373,1.103335377712482,0.7650123840800154,33.56%,SUCLA2;OGDH;ACOT9;ACOT8;SUCLG2,GO_Biological_Process_2025__acyl-CoA Metabolic Process (GO:0006637)
GO:0050772,0.3754895377582026,1.1017318446984106,0.769040025837359,52.52%,MACF1;NTRK2;NRDC;PLXNB1;SLITRK1;PLXNB3;L1CAM;TWF2;FYCO1,GO_Biological_Process_2025__Positive Regulation of Axonogenesis (GO:0050772)
GO:1903055,0.4105740455708405,1.1010191721692155,0.7704076288862568,52.86%,EFEMP2;TGFB1;EMILIN1;RGCC;DDR2;CLASP2;TNXB;COLGALT1,GO_Biological_Process_2025__Positive Regulation of Extracellular Matrix Organization (GO:1903055)
GO:0045892,0.2623707340282865,1.1009828059970883,0.7690939823742502,28.47%,DKK3;ETF1;AEBP1;FGFR2;STAT3;PTPRC;TSC22D4;PPM1F;PURA;SDCBP;LRRFIP1;PPM1A;HMGB2;PURB;COPS2;HDGF;RELA;STRN3;APP;SNX6;FST;MTDH;GAS6;CTNNB1;HDAC6;CCAR2;TGFB1;MAGED2;SLA2;YWHAZ;STAT1;SNCA;CALR;YWHAQ;USP9X;NDUFA13;ILF3;FLNA;RPL15;SIRT2;QARS1;DAB2,GO_Biological_Process_2025__Negative Regulation of DNA-templated Transcription (GO:0045892)
GO:1901021,0.4894987228249019,1.100672634201052,0.7693234459727765,41.49%,ASPH;SLC9A1;GSTM2;SLC6A4,GO_Biological_Process_2025__Positive Regulation of Calcium Ion Transmembrane Transporter Activity (GO:1901021)
GO:0032722,0.3511967147118633,1.1002645572980954,0.7690651326451121,56.78%,MAVS;APP;TGFB1;DDX3X;LPL;AZU1;PRG2;CSF1R;IL18;CD74;SYK;HMGB1;EIF2AK2,GO_Biological_Process_2025__Positive Regulation of Chemokine Production (GO:0032722)
GO:0016525,0.3017582755153477,1.09991911909315,0.7693498506407874,41.73%,ROCK2;ROCK1;RELA;THBS2;DCN;CTNNB1;STAT1;EPN1;EMILIN1;SPARC;CLDN5;THBS4;CD36;THBS1;HGS;RGCC;SERPINE1,GO_Biological_Process_2025__Negative Regulation of Angiogenesis (GO:0016525)
GO:0009968,0.279811511290768,1.099516307185159,0.769817957722069,35.35%,LYN;PRKCB;PTPN12;MPIG6B;PTPRC;UBASH3B;PRKCD;ANGPT1;YWHAE;DCN;YWHAB;APPL1;PRKCQ;SNCA;VCP;MMRN1;EMILIN1;FSTL3;SLC27A4;PTPN18;QARS1;INPPL1;TSPAN15;TMBIM1;THBS1;PIP4K2A;ACVR1;CX3CL1,GO_Biological_Process_2025__Negative Regulation of Signal Transduction (GO:0009968)
GO:0048146,0.3758656716656633,1.0994176649301517,0.7693966253683461,53.60%,PDGFC;PDGFRA;GAS6;FBLN1;PDGFA;DDR2;FN1;CD74;PDGFB,GO_Biological_Process_2025__Positive Regulation of Fibroblast Proliferation (GO:0048146)
GO:0002548,-0.3604314654038411,-1.0992833488134826,0.9414222388888692,64.05%,S100A12;CCL5;PF4;RPS19;LGALS3;PDGFB;CTSG,GO_Biological_Process_2025__Monocyte Chemotaxis (GO:0002548)
GO:0044788,0.3731917020377735,1.098971337490858,0.7699661122922915,46.43%,ROCK2;PTX3;PI4KA;PROC;RAB5A;EEA1;PAIP1;CDC42,GO_Biological_Process_2025__Modulation by Host of Viral Process (GO:0044788)
GO:0032465,0.3493362780020324,1.0987684050772952,0.769839239698135,50.74%,RHOA;SH3GLB1;GIT1;RAB11A;RAB11FIP3;VPS4A;SVIL;BCL2L1;CDC42;CUL3;ZFYVE19;ATXN10,GO_Biological_Process_2025__Regulation of Cytokinesis (GO:0032465)
GO:0051222,0.3103215763439715,1.098397656616828,0.7702422576157486,19.09%,SYTL4;ASPH;CNST;APP;CD2AP;ARF6;ATP2C1;MYO18A;TGFB1,GO_Biological_Process_2025__Positive Regulation of Protein Transport (GO:0051222)
GO:1903321,0.3235431830445566,1.098334428350226,0.7697082437823788,57.62%,CTNNB1;USP4;UFL1;VPS28;DNAJA1;WNK1;DNAJB2;AKT1;UBXN1;RPL5;SQSTM1;CHORDC1;TRIM21;ARRB1;BAG5;BAG2;ISG15;RPS3,GO_Biological_Process_2025__Negative Regulation of Protein Modification by Small Protein Conjugation or Removal (GO:1903321)
GO:0051603,0.3058612423179688,1.0976035325499516,0.7710942855481281,60.53%,MAN1B1;CTSW;CAPN2;CLPX;CHMP4B;HDAC6;PSMB1;HM13;VCP;PSMA6;VPS4A;VPS4B;PDCD6IP;CTSF;DDB1;DDI2;STUB1;CTSS;CLPP;LONP1;TRIM21;CTSC;BAG6;IRGQ;ISG15;ATE1;CTSH,GO_Biological_Process_2025__Proteolysis Involved in Protein Catabolic Process (GO:0051603)
GO:0051223,0.3871234192368615,1.0967493180367691,0.7728968637897161,50.11%,PPM1F;GAPVD1;P3H1;DNAJA1;PTPN1;CHORDC1;HSPA8;SNX3,GO_Biological_Process_2025__Regulation of Protein Transport (GO:0051223)
GO:0007409,0.2795247359293923,1.0962944736146358,0.7735090158006832,40.84%,NEXN;RAB10;CYFIP1;FGFR2;KALRN;KIF5B;APLP2;EFNB1;APP;NRP2;FYN;PTK2;ARHGEF7;NRXN1;APLP1;PRKCQ;USP9X;SLITRK1;NOTCH2;PARD3;RELN;NOTCH1;PLXNA4;AFG3L2;NRCAM;TNR;NRP1;MAP1S;LYPLA2;PPP3CB,GO_Biological_Process_2025__Axonogenesis (GO:0007409)
GO:0098659,0.4076438552293095,1.0958990296460878,0.7739684992077126,13.89%,SLC9A9;ATP1B3;SLC9A1,GO_Biological_Process_2025__Inorganic Cation Import Across Plasma Membrane (GO:0098659)
GO:2000058,0.3162749218426694,1.0953017945893482,0.7750209534328352,34.22%,BCAP31;RAD23A;TGFB1I1;USP5;PTK2;SGTA;XPO1;CDK5RAP3;IKBKG;UFL1;PTK2B,GO_Biological_Process_2025__Regulation of Ubiquitin-Dependent Protein Catabolic Process (GO:2000058)
GO:0010976,0.3008610590712097,1.0946021152273449,0.7756839429942339,50.11%,DBN1;LYN;SERPINI1;RAP1A;CAMK1;ITGA6;ARF6;VLDLR;LRP8;NTRK2;P3H1;RELN;PTK2B;CX3CL1;SCARF1;DDR2;TNN;PLXNB3;TWF2;SNX3,GO_Biological_Process_2025__Positive Regulation of Neuron Projection Development (GO:0010976)
GO:0010970,0.3769638811874663,1.09441726367366,0.7754996433960207,52.49%,APP;COPG1;SNAPIN;COPG2;BLOC1S1;BORCS7;BORCS5;BORCS6;CDC42;DYNC1I2,GO_Biological_Process_2025__Transport Along Microtubule (GO:0010970)
GO:0043536,0.3392513439557696,1.0931140135760686,0.7785602059607309,64.31%,ANGPT1;ATP5F1A;PRKCA;FGFR1;TGFB1;MAP2K3;THBS1;TMSB4X;MAPK14;AKT1;CIB1;STAT5A;PDGFB;HMGB1;HSPB1;ATP5F1B;TGFBR3,GO_Biological_Process_2025__Positive Regulation of Blood Vessel Endothelial Cell Migration (GO:0043536)
GO:0050775,0.4882501112948561,1.0928845064145916,0.777797856175737,28.34%,DBN1;LRP8;RELN,GO_Biological_Process_2025__Positive Regulation of Dendrite Morphogenesis (GO:0050775)
GO:0061003,0.4882501112948561,1.0928845064145916,0.777797856175737,28.34%,DBN1;LRP8;RELN,GO_Biological_Process_2025__Positive Regulation of Dendritic Spine Morphogenesis (GO:0061003)
GO:0051962,0.3737280786531588,1.0912152033198266,0.781906337646496,25.05%,NRXN1;CLSTN1;NAP1L1;TGM2;SLITRK1,GO_Biological_Process_2025__Positive Regulation of Nervous System Development (GO:0051962)
GO:0045944,0.2585647478425374,1.090943789551999,0.7812829280038367,55.28%,HSD17B4;HCLS1;WAS;COPS5;MIA3;CRLF3;FGFR2;MAVS;PPP1R12A;STAT3;LRP5;HMGB2;PURB;CALCOCO1;RELA;STRN3;APP;CAMK1;PTMA;NCK2;ITGA6;ACTN4;SLC9A1;YBX1;DCN;CTNNB1;STAT5B;MYDGF;YWHAB;TGFB1;FHOD1;STAT1;DDX3X;RTRAF;ARHGEF2;IKBKG;FSTL3;SIRT2;HNRNPD;NOTCH2;CHGA;LPIN2;DAB2;NOTCH1;RBMX;AGRN;DDRGK1;PFKM;SFPQ;CCM2;ACVR1;CX3CL1;PIK3R1;PPP3R1;PTMS;IKBKB;HSPA5;INHBA;RGCC;ACTR3;PPP3CB;AKT1;MUC1;PDHX;HTATIP2;SQSTM1;JAG1;TBK1;SMAD2;S100A10;IL18;NACA;ACTR2;ARF4;NCK1;NCOA7;STAT5A;ARRB1;TRAF6;PCBP1;PAF1;HMGB1;LRP6;EEF1D;JAK2,GO_Biological_Process_2025__Positive Regulation of Transcription by RNA Polymerase II (GO:0045944)
GO:0010800,0.4808635127902172,1.0898547968397445,0.7836549062138599,44.51%,EGF;CEMIP;MAPK1;UBE2K,GO_Biological_Process_2025__Positive Regulation of Peptidyl-Threonine Phosphorylation (GO:0010800)
GO:0007084,0.4853829394889489,1.0894819015066404,0.7833142633051416,28.76%,SIRT2;VPS4A,GO_Biological_Process_2025__Mitotic Nuclear Membrane Reassembly (GO:0007084)
GO:0101024,0.4853829394889489,1.0894819015066404,0.7833142633051416,28.76%,SIRT2;VPS4A,GO_Biological_Process_2025__Mitotic Nuclear Membrane Organization (GO:0101024)
GO:0043627,0.4335051312299899,1.0894252539549016,0.7827636633737087,21.48%,SERPINB9;TRIM25,GO_Biological_Process_2025__Response to Estrogen (GO:0043627)
GO:0010631,0.4539003459382592,1.088303373078094,0.7845976753242795,23.21%,ROCK1;PKN1;FAT2,GO_Biological_Process_2025__Epithelial Cell Migration (GO:0010631)
GO:0032434,0.3004053757409438,1.0871080260564316,0.7873870436018308,42.44%,RAD23A;ELOB;USP5;EIF3H;CCAR2;XPO1;HSP90AB1;VCP;USP9X;CSNK2B;SIRT2;DAB2;UFL1;DDRGK1;PSMD10;DNAJB2;UCHL5;UBXN1;STUB1,GO_Biological_Process_2025__Regulation of Proteasomal Ubiquitin-Dependent Protein Catabolic Process (GO:0032434)
GO:0098927,0.3726475269597175,1.0866635625051784,0.7879683728300255,35.74%,HOOK3;DYNC1LI1;RAB11A;RAB11FIP3;RAB7A;RAB5A;EEA1,GO_Biological_Process_2025__Vesicle-Mediated Transport Between Endosomal Compartments (GO:0098927)
GO:0010634,0.326733306588181,1.085336398060556,0.7903449840509382,38.66%,PPM1F;ARF6;PTK2;HDAC6;PLCG2;RTN4;RAB11A;MAPRE2;DOCK5;MAP4K4;SRC,GO_Biological_Process_2025__Positive Regulation of Epithelial Cell Migration (GO:0010634)
GO:0021953,0.3943560156541776,1.0851826179003534,0.790104861316046,18.88%,TAOK1;CTNNB1;NRXN1;NTRK2,GO_Biological_Process_2025__Central Nervous System Neuron Differentiation (GO:0021953)
GO:0071404,0.3475068016755505,1.084891413864821,0.7902369385381831,32.14%,MIA3;FCER1G;APP;LDLR;CD9;TGFB1;LPL;CD36,GO_Biological_Process_2025__Cellular Response to Low-Density Lipoprotein Particle Stimulus (GO:0071404)
GO:0060173,0.4849242217762025,1.0842359448611316,0.7914626315906286,35.22%,PCSK5;COMP;LNPK,GO_Biological_Process_2025__Limb Development (GO:0060173)
GO:0015711,0.3701120785958969,1.083891363594679,0.7917867842391062,44.80%,SLC2A3;CYB5R1;RHAG;ABCC4;SLC25A24;SLC2A1;SLC4A1;CA4;PANX1,GO_Biological_Process_2025__Organic Anion Transport (GO:0015711)
GO:0001867,0.4328150501566808,1.083790808499577,0.7913803609691308,52.36%,FCN1;COLEC11;MASP1;MASP2;MBL2,"GO_Biological_Process_2025__Complement Activation, Lectin Pathway (GO:0001867)"
GO:0051968,0.4763650852817005,1.0837830557120092,0.7906919745570509,43.80%,NRXN1;RELN;PTK2B;NLGN1,"GO_Biological_Process_2025__Positive Regulation of Synaptic Transmission, Glutamatergic (GO:0051968)"
GO:1902652,-0.2150395778364116,-1.0829894507226012,0.9891816165311128,78.62%,APOA4;APOB;APOA1;LCAT;APOE;CES1;IDH1;CETP;TSKU;ANGPTL3;IDH3G;APOF;APOA5;IDH3B;NSDHL;IDH3A;IDH2;LDLRAP1,GO_Biological_Process_2025__Secondary Alcohol Metabolic Process (GO:1902652)
GO:0001578,0.4326440272348338,1.0827760830036617,0.7929726655639426,48.32%,GAS2L1;CLIP1;MAPRE2;MAP1S;CHORDC1;NUMA1,GO_Biological_Process_2025__Microtubule Bundle Formation (GO:0001578)
GO:0071260,0.3985804205294881,1.0823413475276378,0.7934844851081493,32.22%,SLC9A1;PTPN11;F11R;PECAM1;CNN2,GO_Biological_Process_2025__Cellular Response to Mechanical Stimulus (GO:0071260)
GO:0006635,0.3159915767067934,1.0822881314038169,0.7929365885569043,10.79%,HSD17B4;IVD;ACADVL;HADH;DECR1;ACADM,GO_Biological_Process_2025__Fatty Acid Beta-Oxidation (GO:0006635)
GO:0034114,0.3710330062572483,1.0820254695263642,0.7929918885307842,9.22%,FLOT1;FLOT2;MYADM,GO_Biological_Process_2025__Regulation of Heterotypic Cell-Cell Adhesion (GO:0034114)
GO:0032469,0.392780556219624,1.0811575427027542,0.7947700653270439,29.44%,ATP2A2;RAP1GDS1;TGM2;DMTN;BAX,GO_Biological_Process_2025__Endoplasmic Reticulum Calcium Ion Homeostasis (GO:0032469)
GO:0051302,0.3348411114914973,1.0807610439995068,0.7952044027562989,28.26%,FGFR2;HDGF;SMYD5;SH3GLB1;GIT1;RAB11A;SIRT2;RAB11FIP3,GO_Biological_Process_2025__Regulation of Cell Division (GO:0051302)
GO:1903078,0.3227466805655746,1.0804040863050557,0.7955058669067684,17.38%,SPTBN1;KIF5B;CNST;ARF6;STX4;ATP2C1;NRXN1,GO_Biological_Process_2025__Positive Regulation of Protein Localization to Plasma Membrane (GO:1903078)
GO:0009896,0.2732552971139038,1.080165003580366,0.7954733272269888,56.30%,SORL1;BCAP31;TGFB1I1;ROCK1;SEC22B;UBR4;NSF;MTDH;PTK2;FAF1;SH3GLB1;SGTA;DCN;ATG7;SNCA;HSP90AA1;VCP;PROC;NDUFA13;ZC3HAV1;CDK5RAP3;VSIR;IKBKG;RAB7A;UFL1;VPS28;RDX;OPTN;DDB1;C4BPB;UPF1;TMEM59;CCNY;C4BPA;PTPN1;SQSTM1;TBK1;SVIP;APOA5;PLEKHF1;TRIM21;PRKAA1;SNF8;HMGB1;PNPT1;CLSTN3;EZR;IRGQ,GO_Biological_Process_2025__Positive Regulation of Catabolic Process (GO:0009896)
GO:0010811,0.2848854860639275,1.0799178651875825,0.7954355712376797,55.28%,CASS4;PPM1F;ECM2;UTRN;MYADM;ARHGEF7;CSF1;CALR;FLNA;P4HB;CRKL;FBLN2;CARMIL1;CD36;FBLN1;LIMS1;PTK2B;CX3CL1;DOCK5;NRP1;FN1;ARL2;CIB1;CDC42;ILK;S100A10;RSU1;PDGFB;NPNT;JAK2,GO_Biological_Process_2025__Positive Regulation of Cell-Substrate Adhesion (GO:0010811)
GO:0007229,0.276432500703529,1.0798394298579512,0.7949534703151561,50.32%,FYB1;ADAM10;MPIG6B;ERBIN;LAMA5;ITGA6;ADAMTS1;ITGB5;ITGB3;PTK2;MYH9;TEC;PTPRA;ITGA2B;DAB2;ITGAE;ITGA4;MADCAM1;CCM2;FBLN1;PTK2B;NRP1;CD40LG;ITGAL;SRC;CD47;HCK;FGR;ZYX;FN1;ITGA2;VTN;CDC42;ILK;CUL3;ITGA5;PLEK,GO_Biological_Process_2025__Integrin-Mediated Signaling Pathway (GO:0007229)
GO:0048762,0.32659157356781,1.079344457526095,0.7956735295129791,22.35%,ROCK2;FGFR2;ROCK1;FGFR1;CTNNB1;TGFB1;NCAM1,GO_Biological_Process_2025__Mesenchymal Cell Differentiation (GO:0048762)
GO:1903358,0.4107932834343031,1.079173090502458,0.7954331735623283,39.50%,RAB33B;EHD3;MYO5A;MAPK1;MAP2K2,GO_Biological_Process_2025__Regulation of Golgi Organization (GO:1903358)
GO:0006260,0.3752184703307798,1.0789970316251312,0.7952466776916624,38.10%,SSBP1;NAP1L1;ZPR1;RPA3;UPF1;PTMS;SET,GO_Biological_Process_2025__DNA Replication (GO:0006260)
GO:0055023,0.4551215296158022,1.0788156399067608,0.7950325081732028,7.72%,FGFR2;BMP10,GO_Biological_Process_2025__Positive Regulation of Cardiac Muscle Tissue Growth (GO:0055023)
GO:1903038,0.3876027850526145,1.078395820400755,0.7954972419341672,55.96%,MIA3;UFL1;WNK1;CTSG;JAK3;AKT1;DUSP3;GPNMB;ASS1,GO_Biological_Process_2025__Negative Regulation of Leukocyte Cell-Cell Adhesion (GO:1903038)
GO:2001242,0.343399160707198,1.0782425420360282,0.7952430441298827,38.66%,BCAP31;PPIF;BID;NOL3;DDX3X;P4HB;BCL2L1;SRC,GO_Biological_Process_2025__Regulation of Intrinsic Apoptotic Signaling Pathway (GO:2001242)
GO:0001938,0.3066901144457591,1.078066669444101,0.7950399214502378,58.61%,MIA3;EGF;HMGB2;NRP2;ITGB3;PRKCA;FGFR1;CLSTN1;MYDGF;ITGA4;THBS4;NRP1;FLT4;AKT1;PLXNB3;STAT5A;SCG2;PDGFB;HMGB1;PDCL3;GDF2,GO_Biological_Process_2025__Positive Regulation of Endothelial Cell Proliferation (GO:0001938)
GO:0090092,0.3750892103783245,1.0777379266542304,0.7952714453304636,55.88%,DKK3;LTBP4;FST;FSTL3;PRMT1;PCSK6;SMAD2;TWSG1;FSTL1,GO_Biological_Process_2025__Regulation of Transmembrane Receptor Protein Serine/Threonine Kinase Signaling Pathway (GO:0090092)
GO:0061572,0.3553816938945013,1.076887876557248,0.7970133762511856,40.10%,DNM2;LIMA1;CORO1B;MICAL1;DMTN;CALD1;PAWR;ADD2,GO_Biological_Process_2025__Actin Filament Bundle Organization (GO:0061572)
GO:0008213,0.4305199711032373,1.0768808224334052,0.796328700256675,41.36%,ETF1;GSPT1;PRMT1;PCMT1,GO_Biological_Process_2025__Protein Alkylation (GO:0008213)
GO:0051781,0.3948587725241055,1.0766239573234129,0.7963706059322778,47.53%,FGFR2;HDGF;RHOA;SIRT2;SVIL;CDC42;CUL3,GO_Biological_Process_2025__Positive Regulation of Cell Division (GO:0051781)
GO:0007097,0.3964793646654344,1.0760727029150188,0.7965427536578278,10.77%,DCTN1;LMNB2;HOOK3,GO_Biological_Process_2025__Nuclear Migration (GO:0007097)
GO:0090407,-0.325,-1.0760393949353373,1.0,67.59%,TKT;PCYT2;PPIP5K2;TPI1;UBL4A;DCK;GPHN;ITPKB,GO_Biological_Process_2025__Organophosphate Biosynthetic Process (GO:0090407)
GO:0051491,0.3768675597762308,1.0759758230161556,0.7961202733201863,46.43%,ARAP1;FNBP1L;RALA;PIK3R1;NRP1;DOCK11;NLGN1;CDC42,GO_Biological_Process_2025__Positive Regulation of Filopodium Assembly (GO:0051491)
GO:0034599,0.2934675560538662,1.075903575594792,0.7956292017386212,59.22%,STK24;MIA3;PRKCD;PDGFRA;STK26;TPM1;STX4;CCS;SNCA;HM13;MMP3;SIRT2;SLC25A24;GPX1;SRC;UBL4A;MSRA;EIF2S1;CUL3;SOD2;LONP1;PRKAA1;ERMP1;PNPT1;PRDX3;PTPRK;FER;RPS3;PEX14,GO_Biological_Process_2025__Cellular Response to Oxidative Stress (GO:0034599)
GO:1900746,0.3931211196983905,1.075405827565604,0.7963599493838857,25.03%,CD63;ANGPT1;ITGB3;DCN;EMILIN1,GO_Biological_Process_2025__Regulation of Vascular Endothelial Growth Factor Signaling Pathway (GO:1900746)
GO:0061548,0.4765039170068678,1.0753711253977165,0.7957683059389259,36.27%,NRP2;CTNNB1;NRP1,GO_Biological_Process_2025__Ganglion Development (GO:0061548)
GO:0006122,0.4263478007359516,1.0746989814031955,0.79700332543557,48.77%,UQCRC2;UQCRC1;UQCRB;UQCR11;UQCRQ;UQCR10,"GO_Biological_Process_2025__Mitochondrial Electron Transport, Ubiquinol to Cytochrome C (GO:0006122)"
GO:0071709,0.3282444385434849,1.0746968673612596,0.7963111088881505,47.90%,SPTBN1;STX4;CHMP4B;NRXN1;CHMP5;VPS4A;VPS4B;CHMP6;CHMP2A;NSFL1C;NLGN1;S100A10,GO_Biological_Process_2025__Membrane Assembly (GO:0071709)
GO:0032760,0.2970819044834047,1.074652274232477,0.7950484250931099,33.01%,MAVS;STAT3;PTPRC;APP;PPP1R9B;TGFB1;PLCG2;PTPN11;HLA-E;ARHGEF2;LPL;AZU1;THBS1,GO_Biological_Process_2025__Positive Regulation of Tumor Necrosis Factor Production (GO:0032760)
GO:1903557,0.2970819044834047,1.074652274232477,0.7950484250931099,33.01%,MAVS;STAT3;PTPRC;APP;PPP1R9B;TGFB1;PLCG2;PTPN11;HLA-E;ARHGEF2;LPL;AZU1;THBS1,GO_Biological_Process_2025__Positive Regulation of Tumor Necrosis Factor Superfamily Cytokine Production (GO:1903557)
GO:0050776,0.3041120549620804,1.0740074900928165,0.7962194557584402,20.19%,APPL2;LYN;CSK;PSMA7;PPP1R9B;LRP8;APPL1;SLA2,GO_Biological_Process_2025__Regulation of Immune Response (GO:0050776)
GO:0006687,0.4276380879590228,1.073918213118339,0.7957842298134273,23.82%,B3GALNT1;M6PR;TM9SF2,GO_Biological_Process_2025__Glycosphingolipid Metabolic Process (GO:0006687)
GO:0002768,0.4227985772261173,1.0739080741369875,0.7951107186448602,14.92%,LYN;VAV1,GO_Biological_Process_2025__Immune Response-Regulating Cell Surface Receptor Signaling Pathway (GO:0002768)
GO:0070374,0.2749103912861207,1.0730788857796254,0.7967752038904341,54.65%,FGFR2;PTPRC;PDGFC;RAP1A;APP;ANGPT1;PDGFRA;FGFR3;PRKCA;PDGFRB;GAS6;NRXN1;TGFB1;PTPN11;NOTCH2;NOTCH1;CRKL;CD36;CCN2;PTK2B;S100A7;CX3CL1;NRP1;FLT4;PDGFA;CSF1R;CIB1;PDGFD;CD44;CD74;GPNMB;ARRB1;PDGFB;F2R;NPNT;HMGB1;RAMP3,GO_Biological_Process_2025__Positive Regulation of ERK1 and ERK2 Cascade (GO:0070374)
GO:0044090,0.3696982715857242,1.0725412494878548,0.7975715434481039,40.84%,RAB3GAP1;SH3GLB1;RAB3GAP2;PIP4K2A;SNX18;PIP4K2C;PPP3CB,GO_Biological_Process_2025__Positive Regulation of Vacuole Organization (GO:0044090)
GO:0006164,0.3781196992753938,1.072465071634762,0.7971014934190598,36.13%,ADSL;PRPSAP2;NADK;PFAS;GART;PRPS2,GO_Biological_Process_2025__Purine Nucleotide Biosynthetic Process (GO:0006164)
GO:0007032,0.3095280470551016,1.0720651641300245,0.7975122796209676,65.89%,UBR4;LAMTOR1;HOOK3;ATP6V0C;DNM1;ATP6AP2;ATP6V0A1;PLEKHF2;CORO1C;EEA1;VPS18;EXOC8;SQSTM1;ATP6V1F;ATP6V1H;ATP6V1A;SNX3;PLEKHF1;DNAJC13;ATP6AP1;VPS11;ARFGEF2;ATP6V1D;VPS33B;WASHC5,GO_Biological_Process_2025__Endosome Organization (GO:0007032)
GO:0009205,0.364083822561303,1.071751423712518,0.7977237276034453,22.09%,AK3;CLPX;MYH7;NADK;GNAI3,GO_Biological_Process_2025__Purine Ribonucleoside Triphosphate Metabolic Process (GO:0009205)
GO:0009895,0.2994003501931163,1.071652122327161,0.797309515677746,56.67%,STAT3;USP5;SGTA;CDK5RAP3;EIF4G3;FLNA;SIRT2;EIF4E;WNK1;BCL2L1;GOLGA2;SF3B3;DNPEP;EIF4G1;AKT1;RPL5;EIF4G2;SNX3;PRKAA1;RPL23;PDCL3,GO_Biological_Process_2025__Negative Regulation of Catabolic Process (GO:0009895)
GO:0051917,-0.3305263157894736,-1.0716109149384057,1.0,67.04%,F12;KLKB1;PLG;SERPINF2;THBD;VTN;SERPINE1;THBS1,GO_Biological_Process_2025__Regulation of Fibrinolysis (GO:0051917)
GO:0007411,0.2816780182945135,1.0708022394161252,0.7990659811422024,51.02%,NEXN;CYFIP1;KALRN;KIF5B;EFNB1;NRP2;FYN;PTK2;NRXN1;NELL2;PRKCQ;NCAM1;NOTCH2;RELN;NOTCH1;PLXNA4;NRCAM;TNR;NRP1;LYPLA2;VASP;NEO1;L1CAM;MYCBP2;BSG;NRXN3,GO_Biological_Process_2025__Axon Guidance (GO:0007411)
GO:0046470,0.3308137579167727,1.070145296408067,0.8002293483565375,8.48%,PLA2G4A;SLC44A1;SLC44A2,GO_Biological_Process_2025__Phosphatidylcholine Metabolic Process (GO:0046470)
GO:0046823,0.4812162459659295,1.0697260313193335,0.8007354651145073,23.56%,RANGAP1;YWHAB;UFM1,GO_Biological_Process_2025__Negative Regulation of Nucleocytoplasmic Transport (GO:0046823)
GO:0006515,0.38459605459435,1.0695024421202153,0.8006815108192724,56.30%,UBR4;HDAC6;VCP;AFG3L2;STUB1;CUL3;CLPP;LONP1;IRGQ,GO_Biological_Process_2025__Protein Quality Control for Misfolded or Incompletely Synthesized Proteins (GO:0006515)
GO:0031954,-0.4144096765711281,-1.0694240646141018,1.0,58.64%,RASSF2;TOM1L1;RAP2A;PDGFB;PDGFA,GO_Biological_Process_2025__Positive Regulation of Protein Autophosphorylation (GO:0031954)
GO:0051180,0.4108939376963161,1.0691545009236902,0.8009453315416025,2.34%,SLC2A3,GO_Biological_Process_2025__Vitamin Transport (GO:0051180)
GO:0016339,0.325951132609776,1.0686415000294158,0.801727780214297,8.09%,CDH23;CDH19;DCHS1;CDH15,GO_Biological_Process_2025__Calcium-Dependent Cell-Cell Adhesion via Plasma Membrane Cell Adhesion Molecules (GO:0016339)
GO:0071300,0.4208803580020934,1.0685571580445536,0.8012820064187111,34.22%,LYN;NDUFA13;TESC;PTK2B,GO_Biological_Process_2025__Cellular Response to Retinoic Acid (GO:0071300)
GO:0000422,0.3338956014025357,1.0685087177395074,0.8007410096124584,49.11%,LRBA;FBXO7;CISD2;ATG7;ATG3;ATG4A;ATG9A;ATG4B;NIPSNAP2;EIF2S1;SQSTM1;GABARAPL2,GO_Biological_Process_2025__Autophagy of Mitochondrion (GO:0000422)
GO:0042113,0.3105227302530965,1.0683266162345866,0.8005752472260627,38.34%,PRKCB;PTPRC;BTK;CLSTN1;PLCG2;BANK1;ITGA4;CTPS1;PIK3R1;CD40LG;JAK3,GO_Biological_Process_2025__B Cell Activation (GO:0042113)
GO:0046931,0.4732229359447498,1.0679530628124478,0.8009762514630726,38.58%,ANO6;RTN4;TSPAN33;GSDMD,GO_Biological_Process_2025__Pore Complex Assembly (GO:0046931)
GO:0006044,0.4393847577265659,1.067829349055062,0.8006758519106263,32.43%,CHST3;RENBP;OGA,GO_Biological_Process_2025__N-acetylglucosamine Metabolic Process (GO:0006044)
GO:0033044,-0.3543804262036306,-1.0665586099422024,1.0,64.65%,LMNA;XRCC5;TERF2IP;RUVBL1;RUVBL2;UCHL5;UPF1,GO_Biological_Process_2025__Regulation of Chromosome Organization (GO:0033044)
GO:0007043,0.3049929807883215,1.0665031388942456,0.8030336576332056,28.81%,CDH19;CDH15;JAM3;RHOA;PRKCA;CTNNB1;CD9;CDH6;EPB41L3;PIP5K1C;CLDN5,GO_Biological_Process_2025__Cell-Cell Junction Assembly (GO:0007043)
GO:0007030,0.2774742966004317,1.0664800617588523,0.80241619303621,46.43%,LMAN1;RAB6B;TMED2;ARHGEF7;TMED9;MYO18A;TMED7;YWHAZ;PRMT5;PDCD10;SEC23IP;SURF4;TMED4;SEC16A;OPTN;GAK;TMED5;RAB30;GOLGA2;RAB1B;BET1;GOLGB1;RAB1A;SLC6A4;ARFGEF1;GORASP2;NPLOC4;NSFL1C;TANGO2;CDC42,GO_Biological_Process_2025__Golgi Organization (GO:0007030)
GO:0046890,0.4480499659952816,1.0660299595600844,0.8030401951198265,16.57%,EIF6;ASAH1,GO_Biological_Process_2025__Regulation of Lipid Biosynthetic Process (GO:0046890)
GO:0019221,0.2673984255172856,1.0653509796113605,0.8042865966169451,58.09%,APPL2;HCLS1;IL7R;LYN;STAT3;FCER1G;PLP2;RELA;TOLLIP;ACTN4;PRKCA;IL1R1;IRAK4;STAT5B;LRP8;APPL1;STAT1;PTPN11;CSNK2B;P4HB;CCM2;LIMS1;PTK2B;CX3CL1;PIK3R1;CTSG;PLCB1;TMSB4X;IKBKB;JAK3;SRC;AKT1;HCK;CSF1R;JAGN1;MAP3K7;ILK;IL18;STAT5A;SYK;TRAF6;PDGFB;IL1RL1;PTPRJ;JAK2;FER;PTPN6;JAK1,GO_Biological_Process_2025__Cytokine-Mediated Signaling Pathway (GO:0019221)
GO:0015980,0.3249474025112628,1.0653115169376297,0.8036999912074538,50.24%,COX5A;UQCRC2;UQCRC1;NDUFS1;COX6C;UQCRB;NDUFA4;GFPT1;ADGRF5;UQCR11;COX6A1;UQCRQ;UQCR10;SLC25A13,GO_Biological_Process_2025__Energy Derivation by Oxidation of Organic Compounds (GO:0015980)
GO:0030003,0.2801553369081251,1.0651560018490036,0.8034883360265827,26.23%,ATP2A3;STIM1;ATP2A2;APP;VAPB;ATP1B3;YWHAE;SLC9A1;PRKCA;STC2;ATP2C1;RMDN3;CALR;PICALM;GLRX3;ATP6V0D1,GO_Biological_Process_2025__Intracellular Monoatomic Cation Homeostasis (GO:0030003)
GO:0032479,0.3387373433407393,1.064952546842845,0.8033401553207317,52.23%,MAVS;ZC3HAV1;DDX3X;PTPN11;UFD1;G3BP1;NPLOC4;TBK1;CUL3;TRIM21,GO_Biological_Process_2025__Regulation of Type I Interferon Production (GO:0032479)
GO:0050658,0.3770581187829587,1.0645067633956462,0.8038589691455661,54.49%,FLOT1;YBX1;KPNB1;RTRAF;CKAP5;RFTN1;FXR1;NUP214;PNPT1,GO_Biological_Process_2025__RNA Transport (GO:0050658)
GO:1904646,0.3552059802026813,1.0644308684610275,0.8033688180947701,32.14%,APP;SNX6;FYN;ITGA4;CD36,GO_Biological_Process_2025__Cellular Response to Amyloid-Beta (GO:1904646)
GO:0006606,0.3037609650478559,1.064381202715712,0.8028207482588512,20.06%,STK24;APPL2;STK4;STAT3;IPO5;APPL1;TNPO1;KPNA1;KPNB1,GO_Biological_Process_2025__Protein Import Into Nucleus (GO:0006606)
GO:0030031,0.4443676566554015,1.0629424628544963,0.8063057699283882,44.38%,NCKAP1;NCKAP1L;PDGFA;PARVB,GO_Biological_Process_2025__Cell Projection Assembly (GO:0030031)
GO:0000377,-0.1611399744041297,-1.062909365554022,1.0,74.37%,HNRNPM;SNRPD3;SART3;SRRM1;SNRPE;GEMIN5;CDC5L;SNRPA1;HNRNPA2B1;SNRPD2;PABPC1;RBM8A;SYNCRIP;EFTUD2;PRPF19;HNRNPC;HNRNPU;U2AF2;HNRNPH3;SRRM2;SNRNP70;SRSF1;RALY;HNRNPA3;SNRPB2;HNRNPK;SNRPF;DDX5;LSM3;HSPA8;PPIE;LSM8;HNRNPF;SF3B3;SF3A1;LSM7;SF3A2;RBMX;SF3B2;LSM6;LSM4,"GO_Biological_Process_2025__RNA Splicing, via Transesterification Reactions With Bulged Adenosine as Nucleophile (GO:0000377)"
GO:0090317,0.4563843228976321,1.0627016620463705,0.8062890514689206,23.56%,RANGAP1;YWHAB;UFM1,GO_Biological_Process_2025__Negative Regulation of Intracellular Protein Transport (GO:0090317)
GO:0050920,0.3557535523909637,1.062574199711701,0.8059609197295858,53.60%,PPM1F;PDGFRA;STX4;PDGFRB;TGFB1;THBS1;DUSP3;MYCBP2;CXCR4;PDGFB,GO_Biological_Process_2025__Regulation of Chemotaxis (GO:0050920)
GO:0060544,0.4500608830025164,1.0624136801145,0.8057027748638856,27.00%,AIFM1;ARHGEF2;CASP6,GO_Biological_Process_2025__Regulation of Necroptotic Process (GO:0060544)
GO:0050678,0.3171105650031316,1.0623040218228554,0.805344773774987,40.94%,FGFR2;RAB33B;ANGPT1;MTSS1;TGFB1;LAMC1;LIMS1;LAMB1;GPX1;EPPK1,GO_Biological_Process_2025__Regulation of Epithelial Cell Proliferation (GO:0050678)
GO:0035313,0.4048942429799825,1.0616907393658428,0.8063677649119193,13.08%,COL5A1;ITGB5;ITGB3,"GO_Biological_Process_2025__Wound Healing, Spreading of Epidermal Cells (GO:0035313)"
GO:0034103,0.3903899734341807,1.0613307159266414,0.8066814756350688,50.95%,TGFB1;THBS4;SUCO;FLT4;DDR2;IL18;GPNMB,GO_Biological_Process_2025__Regulation of Tissue Remodeling (GO:0034103)
GO:0071676,0.473459440975449,1.0606434106653524,0.8078925116685208,41.15%,MIA3;EMILIN1;PLCB1;AKT1,GO_Biological_Process_2025__Negative Regulation of Mononuclear Cell Migration (GO:0071676)
GO:0045907,-0.3858495528669121,-1.0604565921728253,1.0,61.50%,FGB;FGG;FGA;TRPM4;F2R;TBXA2R,GO_Biological_Process_2025__Positive Regulation of Vasoconstriction (GO:0045907)
GO:0023061,0.4448404661584244,1.060264299531456,0.8082943611906469,50.50%,PCSK5;ABCC4;TGM2;KPNA4;ADAM17,GO_Biological_Process_2025__Signal Release (GO:0023061)
GO:0051281,0.38647230941171,1.0599917882794283,0.8083426552165436,41.49%,ASPH;SNCA;GSTM2;F2RL3;CEMIP;CX3CL1;SLC6A4,GO_Biological_Process_2025__Positive Regulation of Release of Sequestered Calcium Ion Into Cytosol (GO:0051281)
GO:1903131,0.3699181466965484,1.0599441270007737,0.8077971394738827,25.76%,LYN;GAS6;CSF1;MYH9;AXL,GO_Biological_Process_2025__Mononuclear Cell Differentiation (GO:1903131)
GO:0032755,0.3149730775575634,1.059848125992917,0.8073821570884723,27.07%,MAVS;STAT3;RELA;APP;TGFB1;PLCG2;ARHGEF2;LPL,GO_Biological_Process_2025__Positive Regulation of Interleukin-6 Production (GO:0032755)
GO:0140895,0.3924745840630175,1.059735642998508,0.8063792759111539,52.73%,RELA;IRAK4;MAP3K7;TBK1;NDUFA2;NMI;TRAF6,GO_Biological_Process_2025__Cell Surface Toll-Like Receptor Signaling Pathway (GO:0140895)
GO:0034142,0.3924745840630175,1.059735642998508,0.8063792759111539,52.73%,RELA;IRAK4;MAP3K7;TBK1;NDUFA2;NMI;TRAF6,GO_Biological_Process_2025__Toll-Like Receptor 4 Signaling Pathway (GO:0034142)
GO:0120162,0.3097671553184913,1.0596129602695996,0.8060510676783352,55.28%,APPL2;PDGFC;HADH;DECR1;LDLR;MFAP2;PROC;CPT2;CD36;GNAS;GATM;ACSL1;MFN2;IL18;CXCR4;SYK;PRKAB1;JAK2,GO_Biological_Process_2025__Positive Regulation of Cold-Induced Thermogenesis (GO:0120162)
GO:0007219,0.4256464263076361,1.0588600033979714,0.8075045583263213,50.50%,SUSD5;NOTCH2;NOTCH1;GMDS;JAG1;ADAM17,GO_Biological_Process_2025__Notch Signaling Pathway (GO:0007219)
GO:2001212,0.4406531526854973,1.0582163052670104,0.8086329359714186,22.16%,RAP1A;RRAS;RTN4,GO_Biological_Process_2025__Regulation of Vasculogenesis (GO:2001212)
GO:0006355,0.2455175914423804,1.0581411383940649,0.8081813158403287,24.13%,DKK3;ETF1;HSD17B4;HCLS1;AEBP1;MIA3;CRLF3;PSMC5;FLII;ASPH;PRKAR1A;PRKCB;TGFB1I1;STAT3;TSC22D4;PPM1F;PURA;ELOC;LRP5;EGF;LRRFIP1;MYCBP;PPM1A;HMGB2;DNM2;PURB;BMP10;FUBP1;CALCOCO1;RELA;STRN3;APP;SNX6;MTDH;GAS6;YBX1;CTNNB1;HDAC6;SNX5;STAT5B;HINT1;CCAR2;MAP3K5;PITHD1;TGFB1;YWHAH;PRKCQ;STAT1;CALR;YWHAQ;PKN1;PICALM;NDUFA13;CC2D1B;ILF3;PRMT5,GO_Biological_Process_2025__Regulation of DNA-templated Transcription (GO:0006355)
GO:0043489,-0.2715657797879389,-1.058025383805452,1.0,54.96%,ELAVL1;PABPC1;HNRNPU;THRAP3;NSUN2;FUS;CIRBP;IGF2BP2;LARP1;PAIP1,GO_Biological_Process_2025__RNA Stabilization (GO:0043489)
GO:0071218,0.4394912148094735,1.0575067812871688,0.8092618040686703,47.53%,UBR4;VCP;UFD1;STUB1;CUL3,GO_Biological_Process_2025__Cellular Response to Misfolded Protein (GO:0071218)
GO:0010824,0.4210062036674762,1.0568972027965582,0.8096700496738695,41.83%,CHMP4B;CHMP5;VPS4B;PDCD6IP;CHMP2A,GO_Biological_Process_2025__Regulation of Centrosome Duplication (GO:0010824)
GO:0046605,0.4210062036674762,1.0568972027965582,0.8096700496738695,41.83%,CHMP4B;CHMP5;VPS4B;PDCD6IP;CHMP2A,GO_Biological_Process_2025__Regulation of Centrosome Cycle (GO:0046605)
GO:0048662,0.3597249773671881,1.0565093649116435,0.8100075433997476,13.10%,PRKG1;EFEMP2;TPM1,GO_Biological_Process_2025__Negative Regulation of Smooth Muscle Cell Proliferation (GO:0048662)
GO:0042593,0.3234072532303139,1.056293298149764,0.8099468629257061,10.77%,APPL2;STAT3;TSC22D4;MCU;HOOK3,GO_Biological_Process_2025__Glucose Homeostasis (GO:0042593)
GO:2000036,-0.3918990005260389,-1.0561672270202362,1.0,60.90%,CNOT1;ELAVL1;WDR43;SMARCE1;DSG2;RBBP4,GO_Biological_Process_2025__Regulation of Stem Cell Population Maintenance (GO:2000036)
GO:0090110,0.3763434846882311,1.0560399097371838,0.8099718260263115,51.16%,MIA3;SEC31A;SEC23A;SEC24C;SURF4;RAB1A;SEC24D;SAR1A;SEC13,GO_Biological_Process_2025__COPII-coated Vesicle Cargo Loading (GO:0090110)
GO:0043039,0.3542130404681278,1.0558770968456737,0.8097329385935581,45.35%,GARS1;EPRS1;VARS1;QARS1;DTD1;NARS1;HARS1;DARS2;IARS2,GO_Biological_Process_2025__tRNA Aminoacylation (GO:0043039)
GO:0000018,0.4419616676202174,1.0554038853551266,0.8103977135580016,19.70%,IL7R;KPNA1,GO_Biological_Process_2025__Regulation of DNA Recombination (GO:0000018)
GO:0001819,0.2556952121411506,1.0550158306125066,0.8108070364988634,57.62%,SORL1;C1QTNF3;ROCK2;SPTBN1;FLOT1;MIA3;MAVS;STAT3;FCER1G;PTPRC;RELA;PAEP;APP;IL1R1;CLSTN1;TGFB1;APPL1;PLCG2;PRKCQ;LAMTOR5;ZC3HAV1;DDX3X;HLA-E;ARHGEF2;LPL;FCN1;CCM2;PLCB1;CD40LG;MAPK14;FLT4;G3BP1;GSDMD;RGCC;CADM1;RAB1A;HPSE;PRG2;SERPINE1;FGR;CSF1R;MAP3K7;TBK1;CRTAM;NDUFA2;HLA-DPA1;IL18;BSG;CD74;AGPAT1;SYK;TRAF6;RFTN1;F2R;HMGB1;JAK2;PIK3CG;ISG15;EIF2AK2;RPS3,GO_Biological_Process_2025__Positive Regulation of Cytokine Production (GO:0001819)
GO:0051591,0.3967961310334805,1.054943571147242,0.8103368719539348,39.10%,VGF;RAP1A;STAT1;DMTN;NDUFS4,GO_Biological_Process_2025__Response to cAMP (GO:0051591)
GO:0150104,0.3267697734216243,1.0547453066393593,0.8102409991124949,35.79%,ATP2A3;SLC2A3;SLC44A1;ATP8A1;ABCC4;SLC27A4;SLC6A6;CD36;SLC2A1,GO_Biological_Process_2025__Transport Across Blood-Brain Barrier (GO:0150104)
GO:0042590,0.4440707827179064,1.0542457776414331,0.8109571569913071,38.81%,FCER1G;MFSD6;IKBKB;LNPEP,GO_Biological_Process_2025__Antigen Processing and Presentation of Exogenous Peptide Antigen via MHC Class I (GO:0042590)
GO:0009225,-0.3077125559357725,-1.053921978519637,1.0,69.33%,EXTL2;GFUS;UGP2;GMPPA;FUT8;ENTPD5;GFPT1;GMDS;GMPPB,GO_Biological_Process_2025__Nucleotide-Sugar Metabolic Process (GO:0009225)
GO:0030216,0.3555622844748045,1.053505625977485,0.8123622968963183,23.50%,IVL;BCR;CLIC4;ASAH1;CASP3,GO_Biological_Process_2025__Keratinocyte Differentiation (GO:0030216)
GO:0046326,0.3916570053586287,1.053345434445386,0.812158764051726,41.15%,APPL1;PTPN11;AKT2;OSBPL8;PIK3R1;AKT1,GO_Biological_Process_2025__Positive Regulation of D-glucose Import (GO:0046326)
GO:0090630,0.4441131783317706,1.053229334070618,0.811816783662708,34.38%,BCR;RANGAP1;SLC27A4;CORO1C,GO_Biological_Process_2025__Activation of GTPase Activity (GO:0090630)
GO:0000381,-0.267913593256059,-1.0527854066704991,0.9991074722709294,73.32%,DDX17;RBM8A;KHDRBS1;HNRNPU;THRAP3;PUF60;CELF2;HNRNPL;DDX5;RBPMS2;RBMX;PTBP1,"GO_Biological_Process_2025__Regulation of Alternative mRNA Splicing, via Spliceosome (GO:0000381)"
GO:0002315,0.4387164650184113,1.0526405632409843,0.8120603968895603,56.20%,NOTCH2;DOCK10;PTK2B;DOCK11;LFNG;MFNG,GO_Biological_Process_2025__Marginal Zone B Cell Differentiation (GO:0002315)
GO:0002313,0.4387164650184113,1.0526405632409843,0.8120603968895603,56.20%,NOTCH2;DOCK10;PTK2B;DOCK11;LFNG;MFNG,GO_Biological_Process_2025__Mature B Cell Differentiation Involved in Immune Response (GO:0002313)
GO:0033120,0.382645654429163,1.05249958696507,0.8117796088711534,35.98%,WDR77;PRMT5;ZPR1;RBMX;CLNS1A;PIK3R1,GO_Biological_Process_2025__Positive Regulation of RNA Splicing (GO:0033120)
GO:0050852,0.2947326311237435,1.05214310128599,0.8120737458879367,43.54%,FYB1;PTPRC;LCP2;CSK;EIF2B3;FYN;BTK;CLSTN1;PLCG2;TEC;IKBKG;EIF2B5;WNK1;IKBKB;EIF2B2;EIF2B1;RBCK1;MAP3K7,GO_Biological_Process_2025__T Cell Receptor Signaling Pathway (GO:0050852)
GO:0048024,-0.1949801849405548,-1.0518454115551708,0.9936794707482062,80.65%,SRRM1;DDX17;SRSF7;RBM8A;KHDRBS1;C1QBP;HNRNPU;U2AF2;THRAP3;PUF60;CELF2;PRDX5;CIRBP;HNRNPK;HNRNPL;DDX5;RBPMS2;SRSF3;CLNS1A;RBMX;PTBP1;PRMT5;WDR77,"GO_Biological_Process_2025__Regulation of mRNA Splicing, via Spliceosome (GO:0048024)"
GO:0001501,0.2721192421368804,1.051598566882464,0.8129966685068806,32.64%,FGFR2;RAB33B;LAMA5;HAPLN1;FGFR3;FGFR1;VCAN;NCAN;PCSK5;PKDCC;FBN1;TCOF1;COMP;TGM2;COL11A2;BCAN;P3H1;PRELP;UFD1;DDRGK1,GO_Biological_Process_2025__Skeletal System Development (GO:0001501)
GO:0032647,0.404970239936143,1.0515818172735472,0.8123697456073671,23.98%,MAVS;STAT1;ZC3HAV1;DDX3X,GO_Biological_Process_2025__Regulation of Interferon-Alpha Production (GO:0032647)
GO:0042744,0.3613095958227871,1.050309970278874,0.8152064475019372,5.15%,PRDX4;LRP5,GO_Biological_Process_2025__Hydrogen Peroxide Catabolic Process (GO:0042744)
GO:0007286,0.4641072837233764,1.0502241057238508,0.8147725669009818,53.65%,EIF4G3;NECTIN2;CIB1;AGFG1;FXR1,GO_Biological_Process_2025__Spermatid Development (GO:0007286)
GO:0106058,0.4184077231059505,1.0501590420784297,0.8135960336081972,44.98%,SLC9A1;PTBP1;PPP3R1;PPP3CB;CIB1,GO_Biological_Process_2025__Positive Regulation of Calcineurin-Mediated Signaling (GO:0106058)
GO:0070886,0.4184077231059505,1.0501590420784297,0.8135960336081972,44.98%,SLC9A1;PTBP1;PPP3R1;PPP3CB;CIB1,GO_Biological_Process_2025__Positive Regulation of calcineurin-NFAT Signaling Cascade (GO:0070886)
GO:0051452,0.3489373139022071,1.0500186317166762,0.8133303916091226,49.92%,ATP6V0C;ATP6V1B2;ATP6AP2;ATP6V0D1;RAB7A;ATP6V0A1;RAB38;ATP6V1F;ATP6V1H;ATP6V1A,GO_Biological_Process_2025__Intracellular pH Reduction (GO:0051452)
GO:0140894,0.4706810412831974,1.049818007325992,0.813179161691963,52.99%,IRAK4;IKBKB;MAP3K7;TRAF6;RFTN1,GO_Biological_Process_2025__Endolysosomal Toll-Like Receptor Signaling Pathway (GO:0140894)
GO:0002244,0.3458532415980778,1.049619227347702,0.8130629099862366,50.32%,LYN;PTPRC;FST;TGFB1;FSTL3;UFL1;INHBA;SBDS;PLD4;PLEK,GO_Biological_Process_2025__Hematopoietic Progenitor Cell Differentiation (GO:0002244)
GO:0007179,0.2897650958694833,1.0492292878447826,0.8134754433449977,29.28%,APPL2;USP15;STAT3;ITGB5;PTK2;FMOD;TGFB1;APPL1;USP9X;LTBP3;DAB2;CLDN5;LRRC32,GO_Biological_Process_2025__Transforming Growth Factor Beta Receptor Signaling Pathway (GO:0007179)
GO:2001222,-0.2571127502634351,-1.049053507415041,0.9954205832304442,74.40%,SRGAP2;COL3A1;CAMK2A;PLXNB2;CAMK2B;RAPGEF2;CUL5;TNN;PLAA;CX3CL1;RELN;ARHGEF2,GO_Biological_Process_2025__Regulation of Neuron Migration (GO:2001222)
GO:1901701,0.2562203278154615,1.0488127575687578,0.813910685226097,59.22%,ROCK2;GUCY1B1;LYN;PDE3A;RAP1A;HMGB2;PRKCD;RELA;APP;SNX6;PDGFRA;FYN;TPM1;RHOA;GIT1;ATL1;ADCY6;VCP;CHMP5;NDUFA13;TGM2;ARHGEF2;AXL;MMP3;LPL;HSP90B1;DMTN;TESC;PRMT1;ITGA4;AFG3L2;CD36;PTK2B;UPF1;CTSG;GNAS;MAPK14;PLAA;SRC;SERPINE1;VIM;GNB1;GNG2;PF4V1;NDUFA2;MAT2A;IL18;TWF2;SHMT1;SYK;TRAF6;PAF1;PDGFB;HMGB1;RAMP3;RPL23;PRDX3;EZR;PTPRK;FER;RPS3;ABCC1;NFKB1;LARS1;PEX14,GO_Biological_Process_2025__Cellular Response to Oxygen-Containing Compound (GO:1901701)
GO:0031349,0.2948031588764095,1.048240475337702,0.8148358822124188,53.76%,CPT1A;APP;GPSM3;EMILIN2;TGFB1;SNCA;EMILIN1;LPL;OPTN;CCM2;CX3CL1;GSDMD;CD47;SERPINE1;NMI;IL18;IFI35;LGALS1,GO_Biological_Process_2025__Positive Regulation of Defense Response (GO:0031349)
GO:0045621,0.3780551843525739,1.0481423433075066,0.8144159629691381,25.76%,NCKAP1L;GAS6;BTK;AXL,GO_Biological_Process_2025__Positive Regulation of Lymphocyte Differentiation (GO:0045621)
GO:0040001,0.3575128296048401,1.0479704329141255,0.8142275861199716,49.68%,DCTN1;MAPRE1;KPNB1;INPPL1;SLC6A4;NSFL1C;PAFAH1B1;NUMA1;CLASP2,GO_Biological_Process_2025__Establishment of Mitotic Spindle Localization (GO:0040001)
GO:0051101,0.3910014047938953,1.0477166579875927,0.8142573250935426,26.97%,EGF;CPNE1;CSNK2B;SIRT2,GO_Biological_Process_2025__Regulation of DNA Binding (GO:0051101)
GO:0097485,0.2804847522231835,1.0474408168456704,0.8143576852720095,51.02%,NEXN;CYFIP1;KALRN;KIF5B;EFNB1;NRP2;FYN;PTK2;NRXN1;PRKCQ;NOTCH2;RELN;NOTCH1;PLXNA4;NRCAM;TNR;NRP1;LYPLA2;VASP;NEO1;L1CAM;MYCBP2;BSG;NRXN3,GO_Biological_Process_2025__Neuron Projection Guidance (GO:0097485)
GO:0006418,0.3120798768481205,1.0470637779452356,0.8147491568723478,45.35%,GARS1;EPRS1;YARS1;TARS1;VARS1;QARS1;DTD1;NARS1;FARSA;DARS1;HARS1;CARS1;DARS2;IARS2,GO_Biological_Process_2025__tRNA Aminoacylation for Protein Translation (GO:0006418)
GO:0007006,0.356581202051312,1.046712657011579,0.8150822643883247,48.66%,IMMT;PPIF;CHCHD3;LETM1;SAMM50;BCL2L1;TIMM50;MFN2;TMEM11,GO_Biological_Process_2025__Mitochondrial Membrane Organization (GO:0007006)
GO:0050806,0.3326631176020134,1.0465429975502694,0.8148965150866303,44.41%,FLOT1;APP;STX4;NRXN1;CLSTN1;CAMK2G;RELN;PTK2B;NLGN1;SQSTM1,GO_Biological_Process_2025__Positive Regulation of Synaptic Transmission (GO:0050806)
GO:0006749,0.3401888999306482,1.0459199378521953,0.8159869905231656,42.02%,GSTK1;GGT7;GCLM;ETHE1;GSTM2;GPX1;UBL4A,GO_Biological_Process_2025__Glutathione Metabolic Process (GO:0006749)
GO:0042554,-0.4020510123586642,-1.0455153404935302,0.9987565604090928,59.87%,CYBB;RAC2;SH3PXD2B;SH3PXD2A;ALOX12,GO_Biological_Process_2025__Superoxide Anion Generation (GO:0042554)
GO:0051168,0.3368266650772851,1.0453577647836445,0.8161991093726079,27.21%,RANBP3;RANGAP1;TGFB1;XPO1;CALR;XPO7,GO_Biological_Process_2025__Nuclear Export (GO:0051168)
GO:0051259,0.2855059115684941,1.0447083675494575,0.8166554832706355,54.75%,MCU;APP;G3BP2;SLC9A1;DNM1;EHD4;NOL3;LETM1;SNCA;COMP;TGM2;EHD3;EHD1;PDCD6IP;PRMT1;RBMX;GSDMD;DNM1L;CHMP2A;MAT2A;CPSF7;ATL3;MICU1;NUDT21;PNPT1;LRRC8D,GO_Biological_Process_2025__Protein Complex Oligomerization (GO:0051259)
GO:0044248,0.3429594213947188,1.0438939367573412,0.8183029517202693,19.09%,NPEPPS;SH3GLB1;TGFB1,GO_Biological_Process_2025__Cellular Catabolic Process (GO:0044248)
GO:1902017,0.3153825303987814,1.043805545066154,0.817880661192437,51.39%,WDR44;ASAP1;LIMA1;TBC1D15;ATG3;RABGAP1;RAB11A;RAB11FIP3;TBC1D13;SLC6A4;TBC1D10B;TBC1D5;ARF4;RABEP2,GO_Biological_Process_2025__Regulation of Cilium Assembly (GO:1902017)
GO:0071354,0.3609004867391129,1.043520028372733,0.8180416696113104,58.48%,STAT3;RELA;SELPLG;SRC;ST3GAL6;JAK2;FER;JAK1;NFKB1,GO_Biological_Process_2025__Cellular Response to Interleukin-6 (GO:0071354)
GO:0045893,0.2422564851018968,1.0433330852610705,0.817877148058657,55.28%,HSD17B4;HCLS1;WAS;COPS5;MIA3;CRLF3;PSMC5;FGFR2;MAVS;FLII;ASPH;PPP1R12A;TGFB1I1;STAT3;LRP5;EGF;PPM1A;HMGB2;DNM2;PURB;BMP10;CALCOCO1;RELA;STRN3;APP;CAMK1;PTMA;NCK2;ITGA6;ACTN4;SLC9A1;YBX1;DCN;CTNNB1;SNX5;STAT5B;MAP3K5;MYDGF;PITHD1;YWHAB;TGFB1;FHOD1;YWHAH;STAT1;PICALM;HMGN1;DDX3X;ILF3;RTRAF;ARHGEF2;IKBKG;FSTL3;SIRT2;HNRNPD;NOTCH2;CHGA;LPIN2;DAB2;ILF2;TESC;NOTCH1;RBMX;AGRN;MAP2K3;PSMD9;DDRGK1;PFKM;SFPQ;CCM2;ACVR1;CX3CL1;PIK3R1;PPP3R1;PLCB1;PTMS;IKBKB;SF3B3;HSPA5;RBBP4;INHBA;RGCC;MAP2K2;ACTR3;UCHL5;PPP3CB;AKT1;MUC1;PDHX;HTATIP2;SQSTM1;JAG1;TBK1;ILK;SMAD2;MRPL12;S100A10;IL18;CD74;NACA;ACTR2;ARF4;NCK1;NCOA7;STAT5A;ARRB1;TRAF6;PCBP1;PAF1;PRKAA1;PDGFB;F2R;TFAM;HMGB1;RHOG;ACTL6A;LRP6;EEF1D;JAK2,GO_Biological_Process_2025__Positive Regulation of DNA-templated Transcription (GO:0045893)
GO:0042100,0.464627473369021,1.0431709313227298,0.8176596512671582,36.74%,PTPRC;CTPS1;CD40LG,GO_Biological_Process_2025__B Cell Proliferation (GO:0042100)
GO:0061512,0.4152950497169361,1.043141419074591,0.8170812361311042,28.26%,ASAP1;RAB11A;EHD1;RAB11FIP3,GO_Biological_Process_2025__Protein Localization to Cilium (GO:0061512)
GO:0010466,-0.2483114038354574,-1.042853714961317,0.9993942939403818,58.32%,CST3;FETUB;CSTA;ECM1;TIMP2;TIMP1;SPOCK1;CSTB;SERPINB6;GAPDH;SERPINB1;VTN;UBXN1;SERPINE1,GO_Biological_Process_2025__Negative Regulation of Peptidase Activity (GO:0010466)
GO:0030326,0.4434024301354397,1.0427739779182523,0.8174184953111417,16.07%,ECE1;CTNNB1,GO_Biological_Process_2025__Embryonic Limb Morphogenesis (GO:0030326)
GO:0043414,0.4000033449830757,1.0417409214077962,0.8195800517882381,41.36%,ETF1;GSPT1;PRMT1;PCMT1,GO_Biological_Process_2025__Macromolecule Methylation (GO:0043414)
GO:0031398,-0.1987382670380251,-1.0414850859161884,0.9961624239916193,60.53%,WFS1;RPS2;PEF1;UBQLN1;FBXO4;HSPBP1;GSK3B;PDCD6;UBE2L3;UBE3A;HUWE1;TRAF6;MYCBP2;CUL3;STUB1;DNAJB2;PSMD10,GO_Biological_Process_2025__Positive Regulation of Protein Ubiquitination (GO:0031398)
GO:1990090,0.3981621898019564,1.0410835887343517,0.8207076318820428,44.98%,RAP1A;WASF1;NTRK2;EHD1;AKT1;CIB1,GO_Biological_Process_2025__Cellular Response to Nerve Growth Factor Stimulus (GO:1990090)
GO:0001523,0.4039971993219742,1.0409697730361984,0.8203597284181746,30.36%,RDH11;LRP8;AKR1B1;DHRS4,GO_Biological_Process_2025__Retinoid Metabolic Process (GO:0001523)
GO:0071705,0.2726500717857568,1.0409501898668314,0.8197609064540508,67.46%,MIA3;SLC44A1;ARL6IP5;SLC44A2;CMTM6;RCN3;RHAG;LRP1B;MYH9;RUFY1;ABCC4;TMEM30A;SCAMP3;CERT1;SCAMP2;RAB7A;HSP90B1;SLC6A6;SNX18;RAB38;SCAMP1;SLC6A4;CHMP2A;SLC1A5;SLC25A13;SLC29A1;RAMP3;LRRC8D;TOM1;TXNIP;REPS1;SLC18A2;ABCC1;GIPC1;SLC12A2;SNX4;VPS33B;ARRDC1;CHMP1B;SLC7A1,GO_Biological_Process_2025__Nitrogen Compound Transport (GO:0071705)
GO:0007597,0.4093859780960344,1.0407231001145063,0.8197296009384544,52.65%,GP9;FLNA;F8;GP1BB;GP1BA;GP5,"GO_Biological_Process_2025__Blood Coagulation, Intrinsic Pathway (GO:0007597)"
GO:0034727,0.4336397105909966,1.0406629904317293,0.8192333059618558,38.26%,ATG7;ATG4A;ATG9A;ATG4B,GO_Biological_Process_2025__Piecemeal Microautophagy of the Nucleus (GO:0034727)
GO:0043506,0.4061336019174158,1.040528249264059,0.8189374001527328,52.73%,TAOK3;MAP3K5;PKN1;DNAJA1;MAP3K7;PTPN1;TRAF6,GO_Biological_Process_2025__Regulation of JUN Kinase Activity (GO:0043506)
GO:0046578,0.3725240631055603,1.0400466935632255,0.8195587340428389,44.46%,PICALM;NOTCH2;NOTCH1;STAMBP;SQSTM1;MFN2,GO_Biological_Process_2025__Regulation of Ras Protein Signal Transduction (GO:0046578)
GO:0071391,0.4664649939059521,1.0397059124632506,0.8197852507298578,8.93%,SERPINB9,GO_Biological_Process_2025__Cellular Response to Estrogen Stimulus (GO:0071391)
GO:1904779,0.456322943350154,1.0395781264443986,0.8194825301754186,43.12%,PROC;RAB11A;RAB11FIP3;NSFL1C,GO_Biological_Process_2025__Regulation of Protein Localization to Centrosome (GO:1904779)
GO:0050679,0.2836246739246021,1.039273969778176,0.819622243209527,37.58%,MIA3;FGFR2;EGF;HMGB2;CDH15;NRP2;ITGB3;PRKCA;CLSTN1;MYDGF;LAMC1;RTN4;NOTCH2;THBS4;LAMB1;NRP1;FLT4,GO_Biological_Process_2025__Positive Regulation of Epithelial Cell Proliferation (GO:0050679)
GO:1903052,0.3149553240994979,1.038638207366247,0.8206771440026104,32.64%,PSMC5;BCAP31;TGFB1I1;PTK2;SGTA;CDK5RAP3;IKBKG;UFL1;DDRGK1,GO_Biological_Process_2025__Positive Regulation of Proteolysis Involved in Protein Catabolic Process (GO:1903052)
GO:1902680,0.2575991096073854,1.038068907664265,0.8215913936716441,40.84%,CRLF3;PSMC5;FLII;ASPH;TGFB1I1;STAT3;LRP5;EGF;PPM1A;HMGB2;DNM2;BMP10;CALCOCO1;RELA;CTNNB1;SNX5;MAP3K5;PITHD1;TGFB1;YWHAH;STAT1;PICALM;ILF3;HNRNPD;ILF2;TESC;NOTCH1;MAP2K3;PSMD9;ACVR1;PLCB1;IKBKB;SF3B3;RBBP4;INHBA;MAP2K2;UCHL5;PPP3CB,GO_Biological_Process_2025__Positive Regulation of RNA Biosynthetic Process (GO:1902680)
GO:0070372,0.2581616520284925,1.038033501058162,0.8210136209690145,55.75%,LYN;FGFR2;PTPRC;PDGFC;RAP1A;APP;ANGPT1;PDGFRA;FGFR3;PRKCA;PDGFRB;GAS6;NRXN1;RRAS;TGFB1;YWHAZ;PTPN11;EMILIN1;NOTCH2;NOTCH1;CRKL;CD36;CCN2;FBLN1;PTK2B;S100A7;CX3CL1;NRP1;FLT4;PDGFA;CSF1R;FN1;PTPN1;CIB1;DUSP3;DLG1;PDGFD;CD44;CD74;GPNMB;SYK;ARRB1;PDGFB;F2R;NPNT;HMGB1;RAMP3;EZR,GO_Biological_Process_2025__Regulation of ERK1 and ERK2 Cascade (GO:0070372)
GO:0099558,0.4613804853434501,1.0364929363693338,0.8244949331502742,47.30%,DCTN1;SDF4;CBLN1;CBLN2,GO_Biological_Process_2025__Maintenance of Synapse Structure (GO:0099558)
GO:0030279,-0.3008686496446433,-1.0361169987548855,0.9988751145340632,70.01%,AHSG;CORIN;ECM1;SFRP1;TRPM4;SMAD2;SRGN;PTK2B;NOTCH1,GO_Biological_Process_2025__Negative Regulation of Ossification (GO:0030279)
GO:0010628,0.247160494602227,1.036103081970066,0.8248956279526531,61.97%,C1QTNF3;ROCK2;FLOT1;STAT3;ROCK1;EIF3D;PPM1F;NIBAN1;EGF;EIF6;CDH15;FUBP1;CALCOCO1;RELA;APP;ANGPT1;PRKCSH;NTS;EIF4A3;EIF3E;GAS6;CSF1;NRXN1;CLSTN1;NTRK2;TGFB1;PLCG2;STK39;LAMTOR5;DDX3X;EIF4G3;PDCD10;ZPR1;VSIR;EMILIN1;HNRNPD;FCER2;CLDN5;PYM1;TESC;CLDN3;PRMT1;NOTCH1;RDX;CD36;DDRGK1;THBS1;FBLN1;LIMS1;CSDE1;PIK3R1;MAPK14;HGS;INHBA;RGCC;CADM1;MAP2K2;AKT1;FGR;RPL5;FN1;EPHX2;PDCD5;CRTAM;TOR2A;NDUFA2;CD74;AGPAT1;LARP1;SNF8;PDGFB;FXR1;RAMP3;RPL23;EZR;PIK3CG;PDCL3;CSRP1;EIF2AK2;EEF2;RPS3;CD34;FGFR4;MSN;TFR2;CTSH;BPNT1;MTOR;CD46,GO_Biological_Process_2025__Positive Regulation of Gene Expression (GO:0010628)
GO:0045649,0.4525621635695306,1.0359847227583234,0.8245709636182891,15.15%,PRKCA;CSF1,GO_Biological_Process_2025__Regulation of Macrophage Differentiation (GO:0045649)
GO:0030167,-0.3983697081251643,-1.0359405657342473,0.9914342250607184,60.24%,NAGLU;GNS;GLB1;GPC1;HPSE,GO_Biological_Process_2025__Proteoglycan Catabolic Process (GO:0030167)
GO:0007189,0.3070940676782672,1.035898940543544,0.8241482810646852,60.01%,GNAQ;PRKAR1A;GNA13;PRKAR2A;APP;ADCY6;CHGA;PRKAR2B;ADGRF5;GNAS;TBXA2R;GNB1;GNG2;ADGRG2;ADGRL4;RAMP3;ADGRL2;ADGRE5,GO_Biological_Process_2025__Adenylate Cyclase-Activating G Protein-Coupled Receptor Signaling Pathway (GO:0007189)
GO:0045214,0.4614403946462527,1.0357219569635112,0.8239888181483447,13.10%,BMP10;TPM1,GO_Biological_Process_2025__Sarcomere Organization (GO:0045214)
GO:0006508,0.2495535549534942,1.035026843504513,0.8252553038721252,40.60%,ADAM10;AEBP1;CPE;ECE1;CTSW;ADAMTS8;ADAMTS1;NPEPPS;MMP19;PSMB5;XPNPEP1;APEH;SPCS3;CAPN2;TLL2;CLPX;UBA3;PCSK5;LRP8;HABP2;PSMB1;TINAGL1;CPNE1;HM13;ZMPSTE24;PSMA6;PROC;CASP3;MMP3;PGC;CASP6;F9;CNDP2;COLEC10;FCN1;ATG4A;COLEC11;CTSF;AZU1;AFG3L2;CAPNS1;CTSG;DDI2;PCSK1;ATG4B;LNPEP;PRSS2;PCSK6;F7,GO_Biological_Process_2025__Proteolysis (GO:0006508)
GO:1902305,0.4366466104702163,1.0350013068499386,0.8246544279750052,20.38%,UTRN;SLMAP;YWHAH,GO_Biological_Process_2025__Regulation of Sodium Ion Transmembrane Transport (GO:1902305)
GO:2001198,-0.3915330002629503,-1.0349746054413005,0.9869003645785704,60.92%,LILRB2;LGALS3;HMGB1;LGALS1;HLA-B,GO_Biological_Process_2025__Regulation of Dendritic Cell Differentiation (GO:2001198)
GO:0030149,0.4106679135022638,1.0347455834451558,0.824737379688815,17.12%,ASAH1;M6PR,GO_Biological_Process_2025__Sphingolipid Catabolic Process (GO:0030149)
GO:0051050,0.3347494497124461,1.0345922027233283,0.8245234307882895,48.32%,FLOT1;CD151;CDH15;SNCA;MLC1;DAB2;C2CD5;PLAA;CHORDC1;NUMA1,GO_Biological_Process_2025__Positive Regulation of Transport (GO:0051050)
GO:1905477,0.2962405660024001,1.0345538682759918,0.8239735917560875,58.56%,SPTBN1;KIF5B;TNFAIP6;ARF6;FYN;STX4;NRXN1;AKT2;CEMIP;C2CD5;PIK3R1;AKT1;SQSTM1;CIB1;CHORDC1;PGRMC1;DLG1;RAMP3;RHOG;CNPY4;ITGAM;CD81,GO_Biological_Process_2025__Positive Regulation of Protein Localization to Membrane (GO:1905477)
GO:0060348,0.3348448147702652,1.0336784758609312,0.8257133679744575,36.03%,FGFR2;PTPRC;LRP5;FGFR3;TGM2;P3H1;ATG9A;GNAS,GO_Biological_Process_2025__Bone Development (GO:0060348)
GO:0048661,0.3160835023869801,1.0336006348859634,0.8252769110740732,53.60%,PDGFRB;TGFB1;STAT1;LDLRAP1;THBS1;CX3CL1;PIK3R1;AKT1;MFN2;RBPMS2;IL18;PDGFB,GO_Biological_Process_2025__Positive Regulation of Smooth Muscle Cell Proliferation (GO:0048661)
GO:1901071,0.4075854977685496,1.033108860981648,0.8259631345759513,32.43%,CHST3;RENBP;OGA,GO_Biological_Process_2025__Glucosamine-Containing Compound Metabolic Process (GO:1901071)
GO:0046500,0.4615037860266826,1.0327852778974895,0.8262394019389555,48.00%,AHCYL2;MAT2B;AHCYL1;MAT2A,GO_Biological_Process_2025__S-adenosylmethionine Metabolic Process (GO:0046500)
GO:0007259,0.3315109290759415,1.0324496017842002,0.826507481812631,58.09%,STAT3;FGFR3;STAT5B;STAT1;JAK3;STAMBP;NMI;STAT5A;JAK2;FER;JAK1,GO_Biological_Process_2025__Cell Surface Receptor Signaling Pathway via JAK-STAT (GO:0007259)
GO:0002886,0.4317119816282356,1.0321904242113764,0.8265381023570952,36.69%,LYN;DNASE1;UNC13D;STXBP2,GO_Biological_Process_2025__Regulation of Myeloid Leukocyte Mediated Immunity (GO:0002886)
GO:0061045,-0.2277044854881266,-1.0321101155027923,0.9886654670071144,77.36%,APOH;APOE;CRK;APCS;PF4;PTEN;THBD;TFPI;SLC12A2;CD109;KNG1;CLASP2;VTN;SERPINE1;EPPK1;SERPINE2;PROC;MMRN1,GO_Biological_Process_2025__Negative Regulation of Wound Healing (GO:0061045)
GO:0071229,0.3872071597788891,1.0319556480197023,0.8259038987716035,61.37%,IPO5;LAMTOR1;LAMTOR3;LAMTOR5;LAMTOR2;LAMTOR4;CUL3;LARS1;MTOR,GO_Biological_Process_2025__Cellular Response to Acid Chemical (GO:0071229)
GO:0043200,0.3872071597788891,1.0319556480197023,0.8259038987716035,61.37%,IPO5;LAMTOR1;LAMTOR3;LAMTOR5;LAMTOR2;LAMTOR4;CUL3;LARS1;MTOR,GO_Biological_Process_2025__Response to Amino Acid (GO:0043200)
GO:0008284,0.2442899541190142,1.031900296128612,0.8254063201588084,55.67%,GNAI2;HCLS1;IL7R;ADAM10;LYN;FGFR2;PTPRC;MVD;SDCBP;LRP5;EGF;PDGFC;BMP10;RELA;PDGFRA;CLEC11A;FGFR3;STX4;PTK2;PDGFRB;FGFR1;GAS6;CSF1;CTNNB1;DNAJA2;NTRK2;TGFB1;LAMC1;NAP1L1;STAT1;CALR;PKN1;PDCD10;SSR1;CHGA;CLDN5;UFL1;PRMT1;NOTCH1;CRKL;DDRGK1;THBS1;CAPNS1;CCM2;FBLN1;LAMB1;PTK2B;CX3CL1;PIK3R1;FLT4;CD47;HPSE;AKT1;PDGFA;HCK;ESM1;VEGFC;CSF1R;DDR2;STAMBP;FN1;CIB1;RBPMS2;CUL3;PDGFD;IL18;CAPN1;CD74;NACA;TNFSF13;ADAM17;LONP1;TNXB;PDGFB;F2R;BST2;RHOG;RPL23;ACTL6A;JAK2;PRDX3,GO_Biological_Process_2025__Positive Regulation of Cell Population Proliferation (GO:0008284)
GO:0050821,0.2522728525239099,1.03137128005195,0.8261550840420258,34.06%,STK24;GNAQ;FLOT1;FLOT2;STK4;PTGES3;TCP1;PRKCD;ATP1B3;RAB21;NAPG;COPS3;CCT8;HSP90AA1;HSP90AB1;CALR;RTN4;USP9X;CDC37;PDCD10;CCT7;FLNA;MFSD1;STX12;P3H1;CCT4;AKT2;SEC16A;TESC;UFL1;CCT3;CRTAP;CCT5,GO_Biological_Process_2025__Protein Stabilization (GO:0050821)
GO:0061763,0.4577103888700199,1.0313055340154724,0.8244168244961002,41.83%,CHMP4B;CHMP5;CHMP6;CHMP2A,GO_Biological_Process_2025__Multivesicular Body-Lysosome Fusion (GO:0061763)
GO:0051469,0.4577103888700199,1.0313055340154724,0.8244168244961002,41.83%,CHMP4B;CHMP5;CHMP6;CHMP2A,GO_Biological_Process_2025__Vesicle Fusion With Vacuole (GO:0051469)
GO:0097212,0.4577103888700199,1.0313055340154724,0.8244168244961002,41.83%,CHMP4B;CHMP5;CHMP6;CHMP2A,GO_Biological_Process_2025__Lysosomal Membrane Organization (GO:0097212)
GO:0048145,0.3242583327381161,1.031161564518473,0.8241709949806049,54.94%,EMD;PDGFC;PDGFRA;GAS6;CTNNB1;FBLN1;PDGFA;DDR2;FN1;CD74;PDGFB;FTH1,GO_Biological_Process_2025__Regulation of Fibroblast Proliferation (GO:0048145)
GO:0042149,0.3747063762150235,1.030186592048119,0.8255627525899009,41.10%,YWHAG;SH3GLB1;YWHAZ;PRKAG1;HSPA5;PLIN3,GO_Biological_Process_2025__Cellular Response to Glucose Starvation (GO:0042149)
GO:0120035,0.4289132551996486,1.0289272114253616,0.8283271084373623,27.73%,APP;FBXO7;CAMK2G,GO_Biological_Process_2025__Regulation of Plasma Membrane Bounded Cell Projection Organization (GO:0120035)
GO:0050768,0.3731788347534753,1.0286831370494982,0.8283537221648546,30.04%,SORL1;HOOK3;YWHAH;NOTCH1,GO_Biological_Process_2025__Negative Regulation of Neurogenesis (GO:0050768)
GO:0033628,0.3394109250594362,1.0284350309926544,0.8283933298588357,55.80%,LYN;JAM3;NCKAP1L;PTK2;PTPN11;TESC;MUC1;SERPINE1;CIB1;SYK;PIK3CG,GO_Biological_Process_2025__Regulation of Cell Adhesion Mediated by Integrin (GO:0033628)
GO:1901800,0.2925764007986869,1.028364149149828,0.8279455773233383,44.30%,PSMC5;BCAP31;RAD23A;ELOB;TMX1;USP5;SGTA;VCP;SIRT2;DAB2;DDRGK1;PSMD10;DNAJB2;STUB1;PSMC2,GO_Biological_Process_2025__Positive Regulation of Proteasomal Protein Catabolic Process (GO:1901800)
GO:0071378,0.4276641189297845,1.027683954038201,0.8291368986008175,13.52%,STAT3;PTK2,GO_Biological_Process_2025__Cellular Response to Growth Hormone Stimulus (GO:0071378)
GO:0044087,0.3172171998800881,1.0275613509203347,0.8288399695289909,32.14%,ROCK2;ROCK1;RAP1A;HSP90AA1;PTPN11;NOTCH1;RDX;CD36,GO_Biological_Process_2025__Regulation of Cellular Component Biogenesis (GO:0044087)
GO:0018279,0.335384603427168,1.0273104679214642,0.8288377986574156,55.72%,STT3A;UBE2J1;UGGT1;MPDU1;DAD1;MAGT1;DPM1;STT3B;FUT8;ALG5;KRTCAP2;DDOST,GO_Biological_Process_2025__Protein N-linked Glycosylation via Asparagine (GO:0018279)
GO:0044827,0.4284011212953272,1.027117017117623,0.8287286970392471,11.37%,VAPA;VAPB,GO_Biological_Process_2025__Modulation by Host of Viral Genome Replication (GO:0044827)
GO:0070884,0.3551834878755281,1.0267564052602578,0.8290273256537672,45.19%,SLC9A1;PLCG2;PTBP1;PPP3R1;PPP3CB;CIB1;CHORDC1,GO_Biological_Process_2025__Regulation of calcineurin-NFAT Signaling Cascade (GO:0070884)
GO:0010232,0.3267784225718194,1.026721333864796,0.8284919350638743,51.44%,ATP2A3;SLC2A3;SLC44A1;ATP8A1;ABCC4;SLC27A4;SLC6A6;SLC2A1;SLC1A5;SLC16A7;SLC29A1,GO_Biological_Process_2025__Vascular Transport (GO:0010232)
GO:0071560,0.2780303097355067,1.026586276506236,0.8282218016670297,47.66%,APPL2;USP15;PDE3A;STAT3;ITGB5;PTK2;TGFB1;APPL1;USP9X;LTBP3;DAB2;CLDN5;LRRC32;CRKL;LIMS1;FNTA;SRC;ZYX;MAP3K7;PDCD5;SMAD2,GO_Biological_Process_2025__Cellular Response to Transforming Growth Factor Beta Stimulus (GO:0071560)
GO:0061436,-0.4020510123586642,-1.0265181933753111,0.9628124206485464,59.87%,FLG2;REXO2;LSR;IL18;ALOX12,GO_Biological_Process_2025__Establishment of Skin Barrier (GO:0061436)
GO:0098773,-0.4020510123586642,-1.0265181933753111,0.9628124206485464,59.87%,FLG2;REXO2;LSR;IL18;ALOX12,GO_Biological_Process_2025__Skin Epidermis Development (GO:0098773)
GO:0010468,0.2368836961074704,1.0254621476028551,0.8306582871670468,33.80%,C1QTNF3;ROCK2;HCLS1;ADAM10;FLOT2;LYN;AEBP1;PRKAR1A;STAT3;ROCK1;PTPRC;PPM1F;EGF;MYCBP;DNM2;CNPY2;CDH15;FUBP1;CALCOCO1;TRIM58;RELA;MYADM;APP;ANGPT1;TAPBP;NTS;STC2;GAS6;CSF1;YBX1;HDAC6;NRXN1;CLSTN1;HINT1;SORT1;NTRK2;TGFB1;PLCG2;CPNE1;PRKCQ;TARDBP;CALR;PICALM;TRIM4;PROC;LAMTOR5;DDX3X;PRMT5;PDCD10;ZPR1;VSIR;EMILIN1;PTBP1;SIRT2;HNRNPD;NOTCH2;FCER2;CLDN5;TESC;CLDN3;PRMT1;NOTCH1;CRKL;COLEC11;MATR3;RDX;CD36;DDRGK1;SFPQ;FBLN1;LIMS1,GO_Biological_Process_2025__Regulation of Gene Expression (GO:0010468)
GO:0043406,0.3224322781064883,1.0253703971856158,0.8302545068457318,55.80%,PDGFRB;FGFR1;TAOK3;MAP3K5;PKN1;PDCD10;THBS1;PDGFA;MAP3K7;PTPN1;TRAF6;PDGFB;PIK3CG,GO_Biological_Process_2025__Positive Regulation of MAP Kinase Activity (GO:0043406)
GO:0050714,0.2898334607828388,1.025311804510434,0.8297669594657548,19.09%,C1QTNF3;SYTL4;MCU;CD2AP;ARF6;PRKCA;MYO18A;TGFB1,GO_Biological_Process_2025__Positive Regulation of Protein Secretion (GO:0050714)
GO:0062197,0.2834783551534957,1.0247048188319672,0.8307516831550137,55.67%,STK24;MIA3;STK26;STX4;ATG7;CCS;SNCA;HM13;DDX3X;SIRT2;SLC25A24;GPX1;UBL4A;MSRA;EIF2S1;CUL3;SOD2;LONP1;TRIM21;PRKAA1;ERMP1;PNPT1;LRRC8D;PRDX3,GO_Biological_Process_2025__Cellular Response to Chemical Stress (GO:0062197)
GO:0043029,0.4261820682829094,1.0246219092365263,0.8303343418076422,41.15%,NCKAP1L;PPP2R1A;JAK3;AKT1,GO_Biological_Process_2025__T Cell Homeostasis (GO:0043029)
GO:2000811,0.4113606600223835,1.0245904721319308,0.8291499049082831,49.00%,PTK2;NOTCH1;BCL2L1;SRC;CEACAM5;ITGA5,GO_Biological_Process_2025__Negative Regulation of Anoikis (GO:2000811)
GO:2000209,0.4113606600223835,1.0245904721319308,0.8291499049082831,49.00%,PTK2;NOTCH1;BCL2L1;SRC;CEACAM5;ITGA5,GO_Biological_Process_2025__Regulation of Anoikis (GO:2000209)
GO:0009893,0.2803857584151763,1.0243921231321784,0.8290687510499196,55.28%,APPL2;PDGFC;HADH;DECR1;LDLR;PDGFRB;MFAP2;CBR1;PROC;CPT2;DHRS4;GRB2;CD36;THBS1;GNAS;MAPK14;GATM;ACSL1;MFN2;IL18;CXCR4;SYK;PRKAB1;PDGFB;JAK2,GO_Biological_Process_2025__Positive Regulation of Metabolic Process (GO:0009893)
GO:0034097,0.2733118460975998,1.024023139031116,0.829424378194286,58.11%,HCLS1;RELA;APP;RHOA;PRKCA;IL1R1;STAT1;SNCA;LDLRAP1;CASP3;IFITM2;BCL2L1;TIMP3;MAPKAPK3;JAK3;SRC;CSF1R;IFITM3;CXCR4;CD74;TRIM21;TRAF6;IGBP1;BST2;JAK2;DDOST;ISG15;EIF2AK2;MAPKAPK2,GO_Biological_Process_2025__Response to Cytokine (GO:0034097)
GO:0042552,-0.2652792413066385,-1.0238353450727782,0.9643700105699562,73.58%,B4GALT5;ADGRG6;SLC8A3;EIF2B4;GPC1;CXCR4;PRG2;EIF2B2;EIF2B5;PARD3;SIRT2;EPB41L3,GO_Biological_Process_2025__Myelination (GO:0042552)
GO:0007254,0.4179074634042825,1.023780390906756,0.8294444674714831,43.54%,GPS1;MAP3K5;CRKL;MINK1;MAP3K7,GO_Biological_Process_2025__JNK Cascade (GO:0007254)
GO:0010557,0.2482658674617021,1.02338594093544,0.8298264623100072,62.61%,ROCK2;STAT3;ROCK1;PPM1F;EGF;CDH15;FUBP1;CALCOCO1;RELA;APP;ANGPT1;HSPH1;NTS;PDGFRB;GAS6;CSF1;NRXN1;CLSTN1;NTRK2;TGFB1;PLCG2;LAMTOR5;DDX3X;PDCD10;ZPR1;VSIR;EMILIN1;FCER2;AKT2;CLDN5;TESC;CLDN3;PRMT1;NOTCH1;RDX;AZU1;CD36;DDRGK1;FBLN1;LIMS1;MAPK14;HGS;INHBA;RGCC;MAP2K2;AKT1;RPL5;FN1;EPHX2;PDCD5;TOR2A;CD74;PPP1R3E;SNF8;PDGFB;RAMP3;RPL23;JAK2;EZR;PDCL3;CSRP1;RPS3;CD34;NFKB1;FGFR4;MSN;IRS2;CTSH;BPNT1;CD46;MAP2K1,GO_Biological_Process_2025__Positive Regulation of Macromolecule Biosynthetic Process (GO:0010557)
GO:0001837,0.314529065301638,1.022837368044049,0.8306510732251263,33.80%,ROCK2;ROCK1;FGFR1;CTNNB1;TGFB1;NCAM1;NOTCH1;LIMS1,GO_Biological_Process_2025__Epithelial to Mesenchymal Transition (GO:0001837)
GO:0017148,0.2923941552307088,1.0227205498946217,0.8303329370292837,24.71%,EIF6;EIF4A3;EPRS1;EIF3E;YBX1;SERBP1;CALR;DDX3X;ILF3;DDX6,GO_Biological_Process_2025__Negative Regulation of Translation (GO:0017148)
GO:0032642,0.3726158997443148,1.0226099305123808,0.8299791021382864,56.78%,APP;LPL;CSF1R;IL18;CD74;ADAM17;EIF2AK2,GO_Biological_Process_2025__Regulation of Chemokine Production (GO:0032642)
GO:0016925,0.4072723949935833,1.022290444999405,0.8301983135369768,17.70%,UBA2;RANGAP1,GO_Biological_Process_2025__Protein Sumoylation (GO:0016925)
GO:2000786,0.368938328410614,1.0222649507705035,0.8296253283806924,40.15%,RAB3GAP1;SH3GLB1;RAB3GAP2;PIP4K2A;SNX18;PIP4K2C,GO_Biological_Process_2025__Positive Regulation of Autophagosome Assembly (GO:2000786)
GO:0061387,0.4127463278478394,1.0221072311254678,0.8294059746365964,9.09%,DNM2;CTTN,GO_Biological_Process_2025__Regulation of Extent of Cell Growth (GO:0061387)
GO:0002684,0.3257126000181205,1.0219694657728722,0.8291433646806704,17.62%,MIA3;NCKAP1L;PSMA7;CLSTN1,GO_Biological_Process_2025__Positive Regulation of Immune System Process (GO:0002684)
GO:0048699,0.2795214826292333,1.021470699266598,0.8298244081619237,36.27%,CELSR1;AIFM1;RTN1;RTN3;FGFR1;RTN2;NTRK2;RTN4;USP9X;CASP3;RELN;NRCAM;PCSK9;ACSL4;NRP1,GO_Biological_Process_2025__Generation of Neurons (GO:0048699)
GO:0001914,0.3737645853178491,1.0207849632169244,0.831054475032452,24.84%,PTPRC;STX7;HLA-C;HLA-E,GO_Biological_Process_2025__Regulation of T Cell Mediated Cytotoxicity (GO:0001914)
GO:2000059,0.3097658156187849,1.020693947470673,0.8306524866760103,56.67%,USP5;SGTA;EIF3H;CCAR2;HSP90AB1;USP9X;CSNK2B;DDRGK1;UCHL5;UBXN1;RPL5;USP7;RPL23;BAG6;PDCL3,GO_Biological_Process_2025__Negative Regulation of Ubiquitin-Dependent Protein Catabolic Process (GO:2000059)
GO:0032731,0.3249191424947854,1.0205625966474816,0.8303627533194654,44.80%,STAT3;RELA;APP;LPL;AZU1;CD36;GSDMD;PANX1,GO_Biological_Process_2025__Positive Regulation of Interleukin-1 Beta Production (GO:0032731)
GO:0032673,0.4271062807710168,1.0204599634498612,0.8293701357323362,36.74%,FCER1G;PRKCQ;HLA-E;CD40LG,GO_Biological_Process_2025__Regulation of Interleukin-4 Production (GO:0032673)
GO:0032753,0.4271062807710168,1.0204599634498612,0.8293701357323362,36.74%,FCER1G;PRKCQ;HLA-E;CD40LG,GO_Biological_Process_2025__Positive Regulation of Interleukin-4 Production (GO:0032753)
GO:0060415,0.4573949176632199,1.0202919689868897,0.8291859491240396,30.04%,EFEMP2;MYLK;NOTCH1,GO_Biological_Process_2025__Muscle Tissue Morphogenesis (GO:0060415)
GO:0001822,-0.2549877302301289,-1.0190742977404452,0.9657425689752448,43.83%,SHH;CORIN;WFS1;BMP7;PKD1;ARL3;TGFB2;CTSH;KANK2;BAG6,GO_Biological_Process_2025__Kidney Development (GO:0001822)
GO:0050764,0.2909596258106652,1.0176071150143375,0.835796834563666,54.33%,ARAP1;STAT3;FCER1G;PTPRC;PRKCA;GAS6;CALR;TGM2;AZU1;CD47;HCK;FGR;PIP4P2;SNX3;MBL2;SYK;PTPRJ,GO_Biological_Process_2025__Regulation of Phagocytosis (GO:0050764)
GO:1900181,0.3950307709182732,1.0167437403038908,0.8374345996598085,45.19%,APP;YWHAB;YWHAZ;UFM1;CTNNA1;CHORDC1,GO_Biological_Process_2025__Negative Regulation of Protein Localization to Nucleus (GO:1900181)
GO:0016239,0.2901520230539441,1.0165172065186208,0.837385692972675,46.17%,RAB3GAP1;FBXO7;SH3GLB1;RAB3GAP2;DCN;GNAI3;CDK5RAP3;IKBKG;UFL1;DDRGK1;OPTN;PIP4K2A;SNX18;PIP4K2C;SLC6A4;STUB1;MAP3K7;TBK1,GO_Biological_Process_2025__Positive Regulation of Macroautophagy (GO:0016239)
GO:0006913,0.3460473877404009,1.015757038631553,0.8386873663879821,20.43%,GLE1;ANP32A;RANGAP1;XPO1,GO_Biological_Process_2025__Nucleocytoplasmic Transport (GO:0006913)
GO:0060998,0.4506435182914847,1.0146857729499066,0.8402109499824547,12.42%,CAMK1;ARF6,GO_Biological_Process_2025__Regulation of Dendritic Spine Development (GO:0060998)
GO:0050685,0.409786609095541,1.0144764711701972,0.8394948023978872,30.57%,WDR77;PRMT5;RBMX;CLNS1A,GO_Biological_Process_2025__Positive Regulation of mRNA Processing (GO:0050685)
GO:0048026,0.409786609095541,1.0144764711701972,0.8394948023978872,30.57%,WDR77;PRMT5;RBMX;CLNS1A,"GO_Biological_Process_2025__Positive Regulation of mRNA Splicing, via Spliceosome (GO:0048026)"
GO:0051131,0.3795243853307884,1.0131563961147556,0.8417493253759732,21.80%,PTGES3;HSPA4;HSP90AA1;HSP90AB1,GO_Biological_Process_2025__Chaperone-Mediated Protein Complex Assembly (GO:0051131)
GO:0048706,0.4500690167931173,1.013060410204346,0.8407307611693673,17.57%,PDGFRA;PCSK5,GO_Biological_Process_2025__Embryonic Skeletal System Development (GO:0048706)
GO:0015748,0.3621384942845447,1.0128169317354283,0.8407323029785383,46.82%,VAPA;LDLR;OSBPL8;MTTP;PITPNB;OSBPL2;PITPNC1,GO_Biological_Process_2025__Organophosphate Ester Transport (GO:0015748)
GO:0001953,0.3402064001557587,1.0127386342615028,0.8403233018938958,49.68%,ARHGAP6;DMTN;THBS1;CORO1C;MAP4K4;SRC;SERPINE1;JAG1;CLASP2,GO_Biological_Process_2025__Negative Regulation of Cell-Matrix Adhesion (GO:0001953)
GO:0002697,-0.3412259931596948,-1.0124166542281072,0.9727291790301692,65.97%,CFH;CD59;S100A9;CD55;PHB2;C4BPA;C4BPB,GO_Biological_Process_2025__Regulation of Immune Effector Process (GO:0002697)
GO:0032743,0.4054286655451189,1.012357039800229,0.8406962043089832,19.91%,SPTBN1;PTPRC;PLCG2,GO_Biological_Process_2025__Positive Regulation of Interleukin-2 Production (GO:0032743)
GO:0002861,0.3650656617144233,1.012064826625804,0.8408307170952144,42.28%,LYN;FYN;GNAS;MAPK14;SRC;HCK;FGR,GO_Biological_Process_2025__Regulation of Inflammatory Response to Antigenic Stimulus (GO:0002861)
GO:0051017,0.3275144970671317,1.011776054988787,0.8409569096715759,40.10%,LIMA1;CORO1B;MICAL1;HSP90B1;DMTN;CALD1;PAWR;ADD2,GO_Biological_Process_2025__Actin Filament Bundle Assembly (GO:0051017)
GO:0071345,0.2496195226179265,1.011444733333546,0.8412053375950727,62.97%,HCLS1;IL7R;STAT3;ERBIN;PLP2;RELA;RHOA;EPRS1;PRKCA;GAS6;ATL1;ASAH1;IRAK4;DOCK8;STAT5B;LRP8;SELPLG;STAT1;LDLRAP1;NDUFA13;STK39;PTPN11;ARHGEF2;AXL;IFITM2;RBMX;WNK1;CX3CL1;UPF1;PIK3R1;CTSG;IKBKB;JAK3;CD47;AKT1;HCK;CSF1R;UBE2K;CIB1;ST3GAL6;HLA-DPA1;IL18;CXCR4;LONP1;STAT5A;TRAF6;RO60;NPNT;PTPRJ;PNPT1;JAK2;FER;RPS3;PTPN6;JAK1;NFKB1;RIPOR2;CHUK;KHSRP;CBL;SLC12A2,GO_Biological_Process_2025__Cellular Response to Cytokine Stimulus (GO:0071345)
GO:0048522,0.2349974941982671,1.011166889271431,0.8412949505819219,55.04%,GNAI2;HCLS1;IL7R;ADAM10;LYN;LMNB2;FGFR2;RAD23A;MVD;SDCBP;LRP5;EGF;PDGFC;CDH15;HDGF;RELA;APP;PDGFRA;CLEC11A;FGFR3;TPM1;STX4;PTK2;PRKCA;PDGFRB;FGFR1;CSF1;CTNNB1;DNAJA2;LAMA2;NTRK2;NRDC;TGFB1;LAMC1;NID1;NAP1L1;HSP90AB1;CALR;PKN1;MLC1;DDX3X;TGM2;PDCD10;ZPR1;SSR1;SIRT2;LPL;P4HB;PARD3;CHGA;AKT2;CLDN5;UFL1;PRMT1;NOTCH1;CRKL;SLC6A6;AZU1;CCN2;DDRGK1;THBS1;CAPNS1;CCM2;LAMB1;PTK2B;ACSL4;CX3CL1;FLT4;CD47;PRSS2;PSMD10;EIF4G1;AKT1;PDGFA;HCK;ESM1;VEGFC;CSF1R;STAMBP;HTATIP2;FN1;EIF4G2;CIB1;CDC42;CUL3;PDGFD;CAVIN1;NUMA1;CAPN1;TNFSF13;ADAM17;TNXB;TRIM21;PRKAA1;PDGFB;F2R;LAMA1;PTPRJ;RHOG;RPL23;ACTL6A;LRP6,GO_Biological_Process_2025__Positive Regulation of Cellular Process (GO:0048522)
GO:1904996,0.4555411799282888,1.01094428299751,0.8412592426785392,13.13%,RELA;RHOA,GO_Biological_Process_2025__Positive Regulation of Leukocyte Adhesion to Vascular Endothelial Cell (GO:1904996)
GO:0045765,0.2533701715070772,1.010895170203534,0.8407563279694663,33.64%,ROCK2;STIM1;PRKCB;ROCK1;RELA;THBS2;ADAMTS1;MTDH;PRKCA;DCN;CTNNB1;EMILIN2;CLSTN1;RRAS;MYDGF;STAT1;RTN4;PDCD10;EMILIN1;SPARC;CLDN5;THBS4;CD36;WNK1;THBS1;CCM2,GO_Biological_Process_2025__Regulation of Angiogenesis (GO:0045765)
GO:0050891,0.4523800835155244,1.0104376782119835,0.8413585749131184,13.94%,PRKACB;PRKCA,GO_Biological_Process_2025__Multicellular Organismal-Level Water Homeostasis (GO:0050891)
GO:0010988,0.4077003787764669,1.0099897242012392,0.8418644061916453,34.48%,CNPY2;LDLR;LDLRAP1;PCSK9,GO_Biological_Process_2025__Regulation of Low-Density Lipoprotein Particle Clearance (GO:0010988)
GO:1901988,0.4404623405287929,1.009912909721954,0.8414201668268785,39.31%,PROC;TMSB4X;RGCC,GO_Biological_Process_2025__Negative Regulation of Cell Cycle Phase Transition (GO:1901988)
GO:0051224,0.3950519320733004,1.0098472984993023,0.8409611828776214,50.11%,PPM1F;CSK;PKDCC;LYPLAL1;LYPLA1;SNX3,GO_Biological_Process_2025__Negative Regulation of Protein Transport (GO:0051224)
GO:0051294,0.3515946971271288,1.0098215681590197,0.8403951162702049,48.61%,DCTN1;MAPRE1;INPPL1;SLC6A4;NSFL1C;PAFAH1B1;NUMA1;MAP4,GO_Biological_Process_2025__Establishment of Spindle Orientation (GO:0051294)
GO:0018209,0.2988896764453155,1.009135513641802,0.8415074493669963,38.16%,STK4;ROCK1;GALNT15;PRKCD;PRKCA;STK39;GALNT1;IKBKB;MAPK14;MAPKAPK3;MAPK1,GO_Biological_Process_2025__Peptidyl-Serine Modification (GO:0018209)
GO:0034372,-0.3674457769987984,-1.0083243932029755,0.9789379881122108,25.55%,LCAT;APOE;APOC2;LIPC;CETP,GO_Biological_Process_2025__Very-Low-Density Lipoprotein Particle Remodeling (GO:0034372)
GO:0038065,0.4478043649750198,1.008160233285533,0.8433369653395238,55.28%,UBASH3B;GP6;DDR2;ITGA2;JAK2,GO_Biological_Process_2025__Collagen-Activated Signaling Pathway (GO:0038065)
GO:0007005,0.2769314523406041,1.0079569875832763,0.8432399986153801,51.23%,MYH14;RAB32;AIFM1;VPS13C;WASF1;PRKCA;SSBP1;BID;CHCHD3;LETM1;SAMM50;BAX;BCL2L1;MFF;RAB38;DNM1L;NIPSNAP2;TIMM50;MTM1;RHOT2;MFN2;CLPP;TMEM11;LONP1;COX7A2L,GO_Biological_Process_2025__Mitochondrion Organization (GO:0007005)
GO:0045088,0.2901004287278754,1.0078699721282858,0.842867616665583,24.84%,APPL2;CPT1A;LRP8;APPL1;YWHAZ;TRAFD1;CDC37;PTPN11;HLA-E,GO_Biological_Process_2025__Regulation of Innate Immune Response (GO:0045088)
GO:0035418,0.4352770073588908,1.0073716155348822,0.8434818056514775,47.58%,NRXN1;RELN;NLGN1;DLG1,GO_Biological_Process_2025__Protein Localization to Synapse (GO:0035418)
GO:0006893,0.2956043456709391,1.006859009563018,0.8442301049349091,43.09%,RAB10;SPTBN1;NSF;MACF1;ASAP1;RAB13;STXBP5;RAB11A;RAB11FIP3;SEC16A;OPTN;EXOC2;EXOC4;EXOC8,GO_Biological_Process_2025__Golgi to Plasma Membrane Transport (GO:0006893)
GO:0008203,-0.1920132355201438,-1.0066637981519222,0.9769242042493576,63.24%,APOA4;APOB;APOA1;LCAT;APOE;CES1;HMGCS1;CETP;LBR;DHCR24;ACLY;TSKU;ANGPTL3;SNX17;PMVK;APOF;APOA5;DHCR7;NSDHL;ACAA2;UBL4A;SCARF1,GO_Biological_Process_2025__Cholesterol Metabolic Process (GO:0008203)
GO:0051592,0.284396185664347,1.0061234627663087,0.8456008488191761,53.41%,STIM1;ASPH;ADD1;PPIF;SEC31A;CLIC4;NRXN1;PLCG2;CPNE1;ITPKB;THBS1;SLC25A24;RASGRP2;NLGN1;AHCYL1;IQGAP1;SLC25A13;MICU2;MICU1;CAMK2D;PRKAA1,GO_Biological_Process_2025__Response to Calcium Ion (GO:0051592)
GO:0000045,0.2878026253201168,1.0060641335331044,0.8451294390321133,59.09%,LRBA;ATP2A2;RAB33B;ATG7;ATG3;ATG16L1;STX12;RAB7A;ATG4A;ATG9A;RAB1B;ATG4B;RAB1A;NSFL1C;MFN2;TMEM41B;GABARAPL2;TRAF6;IRGQ;TOM1;RAB35,GO_Biological_Process_2025__Autophagosome Assembly (GO:0000045)
GO:1905037,0.295711996595174,1.005976718425696,0.8447257231247937,45.06%,ATP2A2;RAB33B;ATG7;ATG3;ATG16L1;STX12;RAB7A;ATG4A;ATG9A;RAB1B;ATG4B;RAB1A;NSFL1C;TMEM41B,GO_Biological_Process_2025__Autophagosome Organization (GO:1905037)
GO:0006188,0.4216338133695472,1.0059223850274424,0.8442221834725049,37.89%,AMPD2;PFAS;GART;ATIC,GO_Biological_Process_2025__IMP Biosynthetic Process (GO:0006188)
GO:0032868,0.2884947222749824,1.005832283004006,0.8438502741453957,47.35%,RAB10;EIF6;EPRS1;RAB13;SORT1;MYO5A;SYAP1;LPIN2;AKT2;PCSK9;SLC2A1;PIK3R1;SLC39A14;AKT1;DENND4C;RAB31,GO_Biological_Process_2025__Response to Insulin (GO:0032868)
GO:0045778,0.4036304636475248,1.005811041478304,0.8432841820599957,24.76%,ANO6;PKDCC;PTPN11,GO_Biological_Process_2025__Positive Regulation of Ossification (GO:0045778)
GO:0044872,0.4009202063132526,1.005702559217524,0.8423431412549091,3.34%,MIA3;PRKCB,GO_Biological_Process_2025__Lipoprotein Localization (GO:0044872)
GO:0042953,0.4009202063132526,1.005702559217524,0.8423431412549091,3.34%,MIA3;PRKCB,GO_Biological_Process_2025__Lipoprotein Transport (GO:0042953)
GO:0045727,0.2738223252190821,1.0053151266959324,0.8427436670731292,35.32%,EIF3D;NIBAN1;EIF6;PRKCSH;EIF4A3;EIF3E;YBX1;STK39;DDX3X;EIF4G3;HNRNPD;PYM1;PRMT1;EIF2B5;THBS1;CSDE1,GO_Biological_Process_2025__Positive Regulation of Translation (GO:0045727)
GO:0045663,-0.3642819568648079,-1.0044745728151316,0.9701143065844288,63.66%,IGFBP3;SMARCC2;SMARCE1;RIPOR2;MAPK14;PLCB1,GO_Biological_Process_2025__Positive Regulation of Myoblast Differentiation (GO:0045663)
GO:1903898,0.3988424098921338,1.004180083683465,0.8445159263246215,60.19%,NCK2;DDRGK1;HSPA5;AKT1;PTPN1;NCK1;ATAD3A,GO_Biological_Process_2025__Negative Regulation of PERK-mediated Unfolded Protein Response (GO:1903898)
GO:0032663,0.3338908414547707,1.00415045946889,0.8439706493750107,58.22%,SPTBN1;PTPRC;PRKCA;PLCG2;VSIG4;MAP3K7;TRAF6;EZR;RPS3;CD34,GO_Biological_Process_2025__Regulation of Interleukin-2 Production (GO:0032663)
GO:0044351,-0.3804890875624507,-1.003299596360997,0.9671391159916084,62.03%,PYCARD;DOCK2;RAB34;MAPKAPK2;MAPKAPK3,GO_Biological_Process_2025__Macropinocytosis (GO:0044351)
GO:0008406,-0.3534981588637559,-1.003172154166163,0.9609704266370211,64.73%,KIT;BASP1;TGFB2;KITLG;INHBA;CSDE1,GO_Biological_Process_2025__Gonad Development (GO:0008406)
GO:0060632,0.4204964346853478,1.0030973806647756,0.8460661177797456,54.07%,HDAC6;PROC;FNTA;METAP2;IGBP1,GO_Biological_Process_2025__Regulation of Microtubule-Based Movement (GO:0060632)
GO:0001959,0.3322784863084129,1.002964357605539,0.8457949951058971,58.11%,PTPRC;GAS6;CDC37;PTPN11;AXL;IKBKB;PTPN1;CD74;SYK;PTPN6;MAPKAPK2,GO_Biological_Process_2025__Regulation of Cytokine-Mediated Signaling Pathway (GO:0001959)
GO:0048247,0.4391293491003647,1.0027810561181294,0.8456440915075074,17.62%,GAS6;CLSTN1,GO_Biological_Process_2025__Lymphocyte Chemotaxis (GO:0048247)
GO:0022603,0.2760165261000317,1.0023459970137147,0.8460906352056332,38.45%,INF2;FGFR2;TNIK;KIF13B;ARHGEF7;CTNNB1;TGFB1;PKN1;PDCD10;SPARC;MTCH2;CLDN3;CAPZB;CCM2;FLT4;PDLIM5,GO_Biological_Process_2025__Regulation of Anatomical Structure Morphogenesis (GO:0022603)
GO:0030968,0.3409942380510433,1.002180696157362,0.8458849583890978,44.12%,VAPB;MANF;VCP;CDK5RAP3;YOD1;HSPA5;EIF2S1;PTPN1,GO_Biological_Process_2025__Endoplasmic Reticulum Unfolded Protein Response (GO:0030968)
GO:1904377,0.2914259178405941,1.0020191254961013,0.8456731003981541,54.78%,SPTBN1;KIF5B;ARF6;STX4;NRXN1;SNCA;EPB41;EPB41L2;PIK3R1;EIF4G1;AKT1;SQSTM1;CIB1;PGRMC1;DLG1;NUMA1;RAMP3;RHOG,GO_Biological_Process_2025__Positive Regulation of Protein Localization to Cell Periphery (GO:1904377)
GO:0016050,0.279465764730277,1.0016699925828612,0.8459027318582444,65.89%,EPS15;UBR4;LAMTOR1;HOOK3;FNBP1L;DNM1;SORT1;TRAPPC3;SRPX;PLEKHF2;TRAPPC5;RAB14;SRGN;VPS18;EXOC8;SQSTM1;CORO1A;SAR1A;PLEKHF1;DNAJC13;TRAPPC4;CD34;TRAPPC1;VPS11;ARFGEF2;SAR1B;VPS33B;WASHC5,GO_Biological_Process_2025__Vesicle Organization (GO:0016050)
GO:0030953,0.4430712595319483,1.001454484525541,0.8458256570865893,55.75%,KPNB1;RAB11A;DLG1;NUMA1;EZR,GO_Biological_Process_2025__Astral Microtubule Organization (GO:0030953)
GO:0060538,0.4432956723785071,1.0014358790785278,0.8452506667548891,33.09%,MYH14;MYL6;SVIL,GO_Biological_Process_2025__Skeletal Muscle Organ Development (GO:0060538)
GO:0032816,0.4187745890342611,1.0013153080762314,0.8449185253773688,55.28%,GAS6;HLA-E;IL18;JAK2,GO_Biological_Process_2025__Positive Regulation of Natural Killer Cell Activation (GO:0032816)
GO:0034331,0.3640215980528801,1.00122112124706,0.8445502701816815,53.89%,DCTN1;MYADM;CLDN3;SDF4;CBLN1;CSF1R;CBLN2;F2R,GO_Biological_Process_2025__Cell Junction Maintenance (GO:0034331)
GO:0046007,0.4418652236328271,1.0010343436263551,0.8444062819227054,2.78%,PRKAR1A,GO_Biological_Process_2025__Negative Regulation of Activated T Cell Proliferation (GO:0046007)
GO:1902932,0.4184901146359757,1.0003807280521813,0.8454061379295819,21.30%,PRKCA;KPNB1;SNCA,GO_Biological_Process_2025__Positive Regulation of Alcohol Biosynthetic Process (GO:1902932)
GO:0051494,0.3449257837560817,0.9995532889308087,0.8462988713758668,9.22%,LIMA1;PRKCD;MYADM,GO_Biological_Process_2025__Negative Regulation of Cytoskeleton Organization (GO:0051494)
GO:1904645,0.3139617231155535,0.9989641349864192,0.8465445497030871,32.14%,APP;SNX6;FYN;MMP3;ITGA4;CD36,GO_Biological_Process_2025__Response to Amyloid-Beta (GO:1904645)
GO:0043393,0.2808169857290795,0.998910253978688,0.8460591804726921,40.34%,FLOT1;ROCK1;CAMK1;LDLRAP1;USP9X;EPB41;SNAPIN;CLDN5;BAX;GOLGA2;RAN;ADD2;DNAJB2,GO_Biological_Process_2025__Regulation of Protein Binding (GO:0043393)
GO:1901699,0.2680219447055998,0.9989018306958162,0.8454717782232174,59.14%,ROCK2;PDE3A;RAP1A;RELA;APP;SNX6;FYN;DIAPH1;CTNNB1;CHMP5;ARHGEF2;HSP90B1;DMTN;PRMT1;ITGA4;AFG3L2;CD36;DDI2;SRC;AKT1;VIM;CTNNA1;MAT2A;SHMT1;SYK;LARP1;RPL23;EZR;ABCC1;LARS1,GO_Biological_Process_2025__Cellular Response to Nitrogen Compound (GO:1901699)
GO:1901186,0.3786015661837142,0.9987575664235396,0.8451989162925322,22.16%,RALA;TGFB1;RTN4,GO_Biological_Process_2025__Positive Regulation of ERBB Signaling Pathway (GO:1901186)
GO:0032655,0.3368483592219771,0.998728252384924,0.8446678425592915,39.13%,PLCG2;THBS1;PLCB1;CD40LG;MAPK14;JAK3;CD47;HLA-B,GO_Biological_Process_2025__Regulation of Interleukin-12 Production (GO:0032655)
GO:0070527,0.2860290056099168,0.9985864235862296,0.8444308396202629,19.80%,MYL9;UBASH3B;RAP2B;PDGFRA;ITGB3;STXBP3;MYH9;FIBP;ACTN1,GO_Biological_Process_2025__Platelet Aggregation (GO:0070527)
GO:0014003,0.4369003573509227,0.9983613517726744,0.8443997696097977,42.52%,EIF2B3;EIF2B5;EIF2B2;EIF2B1,GO_Biological_Process_2025__Oligodendrocyte Development (GO:0014003)
GO:0140374,0.3250679079312547,0.9977998299896564,0.8452345865196997,63.16%,MAVS;RELA;TRIM25;TBK1;NCK1;GPNMB;TRIM21;MBL2;TRAF6;EIF2AK2;RPSA;CARD8;ATAD3A;OAS3,GO_Biological_Process_2025__Antiviral Innate Immune Response (GO:0140374)
GO:0016051,-0.3272822941331229,-0.9977049164258456,0.9588630887323344,67.36%,EXT1;EXT2;FUT1;B4GALT1;FUT8;ST3GAL6;MPDU1,GO_Biological_Process_2025__Carbohydrate Biosynthetic Process (GO:0016051)
GO:0060236,0.3183742581469518,0.9975956461665776,0.8451504148680957,41.83%,DCTN1;CLTC;CHMP4B;VTA1;CHMP5;VPS4B;PDCD6IP;EML3;CHMP6;CHMP2A,GO_Biological_Process_2025__Regulation of Mitotic Spindle Organization (GO:0060236)
GO:0045048,0.3305643619057781,0.9971070846022504,0.8457669834945903,47.37%,GET3;SGTA;WNK1;EMC1;EMC7;UBL4A;EMC3;CCDC47;EMC2,GO_Biological_Process_2025__Protein Insertion Into ER Membrane (GO:0045048)
GO:0031397,0.309898765444731,0.9970070382282714,0.8454243514349628,57.62%,USP4;UFL1;VPS28;DNAJA1;WNK1;AKT1;UBXN1;SQSTM1;CHORDC1;ARRB1;BAG5;BAG2;ISG15;RPS3,GO_Biological_Process_2025__Negative Regulation of Protein Ubiquitination (GO:0031397)
GO:0035455,0.3680065243597573,0.9969462828355204,0.8449638389814321,56.78%,GAS6;AXL;IFITM2;IFITM3;RO60;BST2;EIF2AK2,GO_Biological_Process_2025__Response to Interferon-Alpha (GO:0035455)
GO:0090303,0.3118693382341702,0.996473929460574,0.8455352955894615,62.92%,PTK2;EMILIN2;MYLK;EMILIN1;DMTN;CLDN3;THBS1;HPSE;SERPINE1;ARFGEF1;VTN;F2R;MTOR;FERMT2;ITGB1,GO_Biological_Process_2025__Positive Regulation of Wound Healing (GO:0090303)
GO:0099560,0.3938984717921112,0.9962128425519572,0.8456090509760168,25.05%,GPC4;CDH6;SLITRK1,GO_Biological_Process_2025__Synaptic Membrane Adhesion (GO:0099560)
GO:0002694,0.4136579447203202,0.9959527712779151,0.8456140925658964,17.17%,LYN;MYO18A,GO_Biological_Process_2025__Regulation of Leukocyte Activation (GO:0002694)
GO:0009057,0.3190924306540377,0.99526328703227,0.8467662461577374,36.71%,UBE2Z;SH3GLB1;UCHL3;TGFB1;CASP3;AFG3L2;DENND3,GO_Biological_Process_2025__Macromolecule Catabolic Process (GO:0009057)
GO:1904427,0.347516369848077,0.9944507965354262,0.8482776570403163,53.89%,ASPH;SNCA;F2RL3;CEMIP;CX3CL1;PPP3R1;PPP3CB;TOR2A;F2R,GO_Biological_Process_2025__Positive Regulation of Calcium Ion Transmembrane Transport (GO:1904427)
GO:1903146,0.4092265953584146,0.9943196103053832,0.8480083452307072,49.82%,FBXO7;HDAC6;FKBP8;DNM1L;VDAC1,GO_Biological_Process_2025__Regulation of Autophagy of Mitochondrion (GO:1903146)
GO:0048525,0.299318318055624,0.9940389094770172,0.8480906439829561,28.05%,MAVS;PTX3;VAPB;STAT1;ZC3HAV1;ILF3;CSNK2B;IFITM2,GO_Biological_Process_2025__Negative Regulation of Viral Process (GO:0048525)
GO:0007528,0.4446229858988877,0.9938447724564512,0.8479698523936975,0.45%,DCTN1,GO_Biological_Process_2025__Neuromuscular Junction Development (GO:0007528)
GO:0006002,0.4378321159328964,0.9936548878543644,0.8478668401499199,45.27%,HOOK3;PFKM;GFPT1;PFKP,GO_Biological_Process_2025__Fructose 6-Phosphate Metabolic Process (GO:0006002)
GO:0010608,0.3310852129491407,0.99317726987928,0.8485310715710026,30.91%,CYFIP1;APP;TCOF1;RPL15;EIF4E;MATR3,GO_Biological_Process_2025__Post-Transcriptional Regulation of Gene Expression (GO:0010608)
GO:0033344,-0.263629180932315,-0.991979719046178,0.9627793127602444,73.74%,APOA4;APOC1;APOA1;APOA2;APOC3;APOE;APOM;APOC2;TSKU;APOA5;STX12,GO_Biological_Process_2025__Cholesterol Efflux (GO:0033344)
GO:0099601,0.436096457846795,0.9913818467008592,0.8524194837218514,43.80%,RELN;MINK1;NLGN1,GO_Biological_Process_2025__Regulation of Neurotransmitter Receptor Activity (GO:0099601)
GO:0030948,0.4133795088157507,0.9911905205932948,0.8522664315361528,44.12%,MMRN1;EMILIN1;HGS;PTPN1,GO_Biological_Process_2025__Negative Regulation of Vascular Endothelial Growth Factor Receptor Signaling Pathway (GO:0030948)
GO:0045913,0.3362257339244618,0.9904177676450872,0.8536150130219551,28.28%,MIA3;EGF;APP;SNCA;AKT2,GO_Biological_Process_2025__Positive Regulation of Carbohydrate Metabolic Process (GO:0045913)
GO:0035627,0.4357817176370474,0.9892599115489048,0.8559258789543525,25.55%,VAPA;CERT1,GO_Biological_Process_2025__Ceramide Transport (GO:0035627)
GO:0043124,0.3302175022588763,0.989153744706462,0.8550081020742436,36.66%,STAT3;PPM1A;STAT1;NLRX1;PPM1B;TMSB4X,GO_Biological_Process_2025__Negative Regulation of Canonical NF-kappaB Signal Transduction (GO:0043124)
GO:0050657,0.4468333376818523,0.988968776857214,0.8548334456709658,36.21%,YBX1;RTRAF;CKAP5,GO_Biological_Process_2025__Nucleic Acid Transport (GO:0050657)
GO:0032930,0.3691012647264755,0.988953908482697,0.8536618484597865,19.09%,PRKCD;APP;TGFB1,GO_Biological_Process_2025__Positive Regulation of Superoxide Anion Generation (GO:0032930)
GO:0032928,0.3691012647264755,0.988953908482697,0.8536618484597865,19.09%,PRKCD;APP;TGFB1,GO_Biological_Process_2025__Regulation of Superoxide Anion Generation (GO:0032928)
GO:0006177,0.4102644104884375,0.9888673150253228,0.8532579274653179,37.89%,GMPS;PFAS;GART;ATIC,GO_Biological_Process_2025__GMP Biosynthetic Process (GO:0006177)
GO:0097530,0.4096781751745556,0.9886829964844964,0.853123412531679,17.04%,JAM3;IRAK4,GO_Biological_Process_2025__Granulocyte Migration (GO:0097530)
GO:0010596,0.3274043309603389,0.988412384028363,0.8531921402007792,39.31%,BMP10;DCN;TGFB1;CSNK2B;NOTCH1;THBS1;RGCC,GO_Biological_Process_2025__Negative Regulation of Endothelial Cell Migration (GO:0010596)
GO:0001937,0.3279450629146898,0.9876958718223754,0.8543338826022535,39.31%,ATP5F1A;STAT1;PDCD10;SPARC;THBS1;RGCC,GO_Biological_Process_2025__Negative Regulation of Endothelial Cell Proliferation (GO:0001937)
GO:0048523,0.2335104153467175,0.9874403740544696,0.8543870238336155,40.39%,APPL2;ADAM10;WAS;LYN;MIA3;CRLF3;PSMC5;CGREF1;TGFB1I1;IPO5;STRN;BMP10;ADAMTS8;APP;ANGPT1;NCK2;VAMP8;ADAMTS1;ITGB3;XPNPEP1;ANP32B;PPP1R9B;YBX1;CTNNB1;MYH9;VAMP3;CCAR2;TGFB1;PLXNB1;LPCAT3;RTN4;PROC;DDX3X;CSNK2B;PODN;EMILIN1;P3H1;TESC;CLDN3;NOTCH1;PODXL;THBS1;CCM2;FBLN1;PTK2B;HGS;COPS8;RBBP4;INHBA;RGCC;DNAJB2;COL18A1,GO_Biological_Process_2025__Negative Regulation of Cellular Process (GO:0048523)
GO:0050862,0.3970007892659826,0.9870816634141906,0.8547130365819668,60.37%,CD226;RELA;IKBKG;NECTIN2;RPS3;CD81;LCK,GO_Biological_Process_2025__Positive Regulation of T Cell Receptor Signaling Pathway (GO:0050862)
GO:0001667,0.3823033576574947,0.9867662785282802,0.8548618552142584,47.45%,PKN1;FAT2;ITGA4;TNS1;PDLIM1;IQGAP1,GO_Biological_Process_2025__Ameboidal-Type Cell Migration (GO:0001667)
GO:0098916,0.2920236182324901,0.98643698105078,0.8551231037234039,47.58%,SDCBP;APP;NRXN1;SNCA;NPTX2;SYPL1;MINK1;CBLN1;MAPK1;PRG2;EXOC4;PAFAH1B1;DLG1,GO_Biological_Process_2025__Anterograde Trans-Synaptic Signaling (GO:0098916)
GO:0032467,0.4095170033932311,0.9863423104560456,0.8547544780278964,47.53%,RHOA;WNK1;SVIL;CDC42;CUL3,GO_Biological_Process_2025__Positive Regulation of Cytokinesis (GO:0032467)
GO:0140694,0.2666639431125596,0.9860394688466912,0.8548994809438948,57.62%,TMOD3;MYL9;FLII;EIF5;MAPRE1;CDS2;DBNL;G3BP2;BIN2;EIF5B;DDX3X;PPP2R1A;DDX6;MAPRE2;LSM4;WNK1;CSDE1;GOLGA2;SUGT1;G3BP1;EIF2S1;SQSTM1;ATXN2L;LSM3;FXR1;LIMD1;DHX29;TUBGCP3;SH3PXD2B;RPS3,GO_Biological_Process_2025__Membraneless Organelle Assembly (GO:0140694)
GO:0035855,0.4096897979383764,0.9860336268858768,0.854317136117643,52.65%,MPIG6B;GP9;GP1BB;GP1BA;GP5,GO_Biological_Process_2025__Megakaryocyte Development (GO:0035855)
GO:0061756,0.343806311769344,0.9856527946629432,0.8546744080362882,36.45%,ROCK1;PPP1R9B;SELPLG;ITGA4;MADCAM1;PODXL2,GO_Biological_Process_2025__Leukocyte Adhesion to Vascular Endothelial Cell (GO:0061756)
GO:1904062,0.3860526315789474,0.985174438913802,0.8552632860607293,61.48%,CD63;SLMAP;YWHAE;WNK1;HRC;DLG1;GNB2;BPIFA1,GO_Biological_Process_2025__Regulation of Monoatomic Cation Transmembrane Transport (GO:1904062)
GO:0060338,0.3693077125559358,0.9848747356438886,0.8553888291477227,63.16%,MAVS;TTLL12;CDC37;PTPN11;PTPN1;UBE2K;ISG15;PTPN6;OAS3,GO_Biological_Process_2025__Regulation of Type I Interferon-Mediated Signaling Pathway (GO:0060338)
GO:0042127,0.2270963751525518,0.984506444405666,0.8557141516311179,57.01%,GNAI2;HCLS1;IL7R;ADAM10;LYN;FGFR2;CGREF1;RAB33B;TGFB1I1;STAT3;MVD;SDCBP;LRP5;EGF;PDGFC;STRN;HMGB2;ADAMTS8;RELA;APP;NCK2;PDGFRA;CLEC11A;ADAMTS1;FGFR3;RHOA;STX4;PTK2;PPP1R9B;PDGFRB;FGFR1;CSF1;CTNNB1;EMILIN2;DNAJA2;STAT5B;NTRK2;TGFB1;NAP1L1;STAT1;CALR;PKN1;PROC;PDCD10;CSNK2B;PODN;EMILIN1;SSR1;ARHGEF2;CHGA;P3H1;CLDN5;TESC;CLDN3;UFL1;PRMT1;NOTCH1;CRKL;DDRGK1;THBS1;TPD52L2;CAPNS1;CCM2;LIMS1;PTK2B;CX3CL1;HGS;FLT4;CD47;COPS8;RBBP4;INHBA;RGCC;DNAJB2;COL18A1;PDGFA;HCK;ESM1;VEGFC;CSF1R;STAMBP;FN1;CIB1;JAG1;NMI;CUL3;PDGFD;SOD2;KSR1;CAPN1;TNFSF13;ADAM17;IFI35;GPNMB;TNXB;STAT5A;PDGFB;F2R;PTPRJ;DIS3L2;RHOG;RPL23;ACTL6A;FTH1;JAK2;PRDX3;PTPRK;EIF2AK2;FER,GO_Biological_Process_2025__Regulation of Cell Population Proliferation (GO:0042127)
GO:1901379,0.3652868377065797,0.9843210510492209,0.8555578008105884,25.24%,CD63;YWHAE;STK39;FLNA,GO_Biological_Process_2025__Regulation of Potassium Ion Transmembrane Transport (GO:1901379)
GO:0032272,0.3153566532133918,0.9842120197931628,0.8552178853310045,49.47%,MAPRE1;PRKCD;MYADM;SNCA;TMSB4X;SSH3;TUBB4A;TBCD;METAP2;TWF2,GO_Biological_Process_2025__Negative Regulation of Protein Polymerization (GO:0032272)
GO:1904177,0.440656159998123,0.9839246242193816,0.8553748680262033,0.03%,SORL1,GO_Biological_Process_2025__Regulation of Adipose Tissue Development (GO:1904177)
GO:0071624,0.3662601153045806,0.9838048153290936,0.8544712660583876,60.61%,MCU;NCKAP1L;THBS4;S100A7;DNM1L;CD74;RAC2;RIPOR2,GO_Biological_Process_2025__Positive Regulation of Granulocyte Chemotaxis (GO:0071624)
GO:0022604,0.3912052232788284,0.98380268358523,0.8538829613287527,31.12%,MACF1;SPARC;CLDN3;CAPZB,GO_Biological_Process_2025__Regulation of Cell Morphogenesis (GO:0022604)
GO:0010389,0.4343359469226165,0.9837765913616204,0.853346428541215,29.75%,RAB11A;VPS4B,GO_Biological_Process_2025__Regulation of G2/M Transition of Mitotic Cell Cycle (GO:0010389)
GO:0080171,0.3645338062500028,0.9831703300373466,0.8542362245882584,53.97%,LAMTOR1;HOOK3;SNAPIN;VPS18;ACP2;HPS4,GO_Biological_Process_2025__Lytic Vacuole Organization (GO:0080171)
GO:0043525,0.3568418473557908,0.9829188132460632,0.8542722279638149,34.48%,CTNNB1;CASP3;CASP6;BAX;PCSK9,GO_Biological_Process_2025__Positive Regulation of Neuron Apoptotic Process (GO:0043525)
GO:0043129,0.3926449485488167,0.9827259493429004,0.8541412253930452,11.34%,TMEM63A;RCN3,GO_Biological_Process_2025__Surfactant Homeostasis (GO:0043129)
GO:0048260,0.3017976660158363,0.9822690863395191,0.8547443610068487,52.68%,CD63;EGF;ANGPT1;RAB21;LDLRAP1;DAB2;PCSK9;SERPINE1;TBC1D5;VTN;APOA5;ARRB1,GO_Biological_Process_2025__Positive Regulation of Receptor-Mediated Endocytosis (GO:0048260)
GO:0002009,0.4354470630603931,0.982267519318865,0.8541542091604167,2.60%,FGFR2,GO_Biological_Process_2025__Morphogenesis of an Epithelium (GO:0002009)
GO:0043162,0.2999404667390078,0.9821984839265192,0.8537424561585405,41.96%,TSG101;CHMP4B;CHMP5;VPS4A;VPS4B;VPS28;VPS37B;HGS;PLAA;CHMP6;CHMP2A;VPS25,GO_Biological_Process_2025__Ub-dep Prot Cat Proc via Multivsiclr Bdy Sorting Pway (GO:0043162)
GO:0090224,0.4142277297642709,0.9819782322453444,0.8537190699962222,14.68%,DCTN1;CLTC,GO_Biological_Process_2025__Regulation of Spindle Organization (GO:0090224)
GO:0007268,0.2808961438234558,0.9819135378795676,0.8532876521229992,47.58%,SDCBP;APP;NRXN1;SNCA;NPTX2;SYPL1;SNAPIN;MINK1;CBLN1;MAPK1;PRG2;EXOC4;PAFAH1B1;CBLN2;DLG1,GO_Biological_Process_2025__Chemical Synaptic Transmission (GO:0007268)
GO:1900048,0.3973421856536282,0.9818092281494298,0.8529485160870349,41.73%,EMILIN2;EMILIN1;THBS1;HPSE;SERPINE1,GO_Biological_Process_2025__Positive Regulation of Hemostasis (GO:1900048)
GO:0044839,0.3870460916878013,0.9815580925254158,0.8523556953751976,50.47%,DNM2;PPME1;PLCB1;CCNY;ENSA,GO_Biological_Process_2025__Cell Cycle G2/M Phase Transition (GO:0044839)
GO:0000086,0.3870460916878013,0.9815580925254158,0.8523556953751976,50.47%,DNM2;PPME1;PLCB1;CCNY;ENSA,GO_Biological_Process_2025__G2/M Transition of Mitotic Cell Cycle (GO:0000086)
GO:0051898,-0.2455216016859852,-0.9810965400153014,0.9898699982009111,75.55%,RACK1;MSTN;DAG1;PDCD6;PTEN;PIK3CB;PIK3IP1;PTPRJ;CIB1;STAMBP;BANK1;PPP2R1A,GO_Biological_Process_2025__- Reg of Phosphatidylinositol 3-Kinase/Prot Kinase B Signal Transduction (GO:0051898)
GO:0043407,0.3729466385902609,0.9805700815318348,0.8535896681878707,58.67%,LYN;CDK5RAP3;DNAJA1;PTPN1;STK38;PTPRJ;AIDA,GO_Biological_Process_2025__Negative Regulation of MAP Kinase Activity (GO:0043407)
GO:0018107,0.3279063156899268,0.9796261411874808,0.8553753872854841,46.17%,PRKCD;PRKCA;STK39;CSNK2B;WNK1;MAPK1;AKT1;TBK1,GO_Biological_Process_2025__Peptidyl-Threonine Phosphorylation (GO:0018107)
GO:0006730,0.4109774207990641,0.9795692908921644,0.8549088012816026,25.92%,SFXN3;MTHFR;SFXN1,GO_Biological_Process_2025__One-Carbon Metabolic Process (GO:0006730)
GO:0061001,0.3927293445703404,0.9795458766256055,0.8543740913822302,43.80%,DBN1;LRP8;RELN;PDLIM5;NLGN1,GO_Biological_Process_2025__Regulation of Dendritic Spine Morphogenesis (GO:0061001)
GO:0090023,0.3946329913180743,0.9795431429411467,0.8537904503907578,60.61%,MCU;NCKAP1L;THBS4;DNM1L;CD74;RAC2;RIPOR2,GO_Biological_Process_2025__Positive Regulation of Neutrophil Chemotaxis (GO:0090023)
GO:0034643,-0.383381540888772,-0.979479781739365,0.982252310052076,61.74%,LRPPRC;KIFBP;RHOT1;RHOT2;MAP1S,"GO_Biological_Process_2025__Establishment of Mitochondrion Localization, Microtubule-Mediated (GO:0034643)"
GO:0047497,-0.383381540888772,-0.979479781739365,0.982252310052076,61.74%,LRPPRC;KIFBP;RHOT1;RHOT2;MAP1S,GO_Biological_Process_2025__Mitochondrion Transport Along Microtubule (GO:0047497)
GO:0010633,-0.3440294581799053,-0.9793719341178212,0.9762427534505632,65.68%,PTEN;PTPN23;EVL;PTPRG;EPPK1;CORO1C,GO_Biological_Process_2025__Negative Regulation of Epithelial Cell Migration (GO:0010633)
GO:0048666,0.2522270849274722,0.9790867377774908,0.8543641988207792,34.11%,CDH23;VAPA;LYN;ROCK1;RAB6B;RAB6A;APP;TAOK1;MANF;PPP1R9B;RAB13;NRXN1;TOR1A;NTRK2;TBC1D23;RAB11A;EHD1;MAPRE2;SNAPIN;PRMT1;PTPRZ1;WNK1;LAMB1,GO_Biological_Process_2025__Neuron Development (GO:0048666)
GO:1904705,0.3309904175580868,0.978943107271466,0.8541469271889789,21.43%,PRKG1;EFEMP2;TPM1;LDLRAP1,GO_Biological_Process_2025__Regulation of Vascular Associated Smooth Muscle Cell Proliferation (GO:1904705)
GO:0047496,0.4078733576270192,0.9788005940533862,0.8538987209987957,52.52%,KIF5B;RAB1A;SLC6A4;PAFAH1B1;FYCO1,GO_Biological_Process_2025__Vesicle Transport Along Microtubule (GO:0047496)
GO:0010883,0.3617532663511217,0.9787112117078276,0.8535205777578377,61.32%,ITGB3;FTO;LPL;CLSTN3;CSRP1;NFKB1;ITGAV,GO_Biological_Process_2025__Regulation of Lipid Storage (GO:0010883)
GO:0030199,0.2789312746297558,0.9786644784284516,0.8530527720623928,15.13%,COL14A1;COL5A1;PLOD3;COL5A2;P4HA1;COL12A1;TLL2,GO_Biological_Process_2025__Collagen Fibril Organization (GO:0030199)
GO:1901890,0.2962527433056325,0.978411197805634,0.8524955794472199,62.16%,FLOT1;ROCK1;PPM1F;NRXN1;CLSTN1;SLITRK1;CLDN5;LIMS1;NRP1;MAP4K4;NLGN1;S100A10;PTPRJ;CLSTN3;GDF2;FERMT2,GO_Biological_Process_2025__Positive Regulation of Cell Junction Assembly (GO:1901890)
GO:0050771,-0.2713923485428785,-0.9779736329229688,0.9742670647337566,53.39%,CORIN;DIP2B;PTEN;PTPRS;SEMA6D;FYCO1;METAP2;GDI1,GO_Biological_Process_2025__Negative Regulation of Axonogenesis (GO:0050771)
GO:0006879,0.3041614851846951,0.9771042713894164,0.8551847640202755,60.03%,PICALM;GLRX3;ATP6V0D1;ATP6V1G1;SLC39A14;NUBP2;ATP6V1A;SCARA5;ATP6AP1;GDF2;TFR2;ATP6V0A2,GO_Biological_Process_2025__Intracellular Iron Ion Homeostasis (GO:0006879)
GO:0090201,0.3669697134965664,0.9768811081996576,0.8551566351953125,39.52%,PPIF;NOL3;BCL2L1;GPX1;PSMD10,GO_Biological_Process_2025__Negative Regulation of Release of Cytochrome C From Mitochondria (GO:0090201)
GO:0071375,0.2755026140370124,0.9763108095213908,0.8559597089746076,47.35%,RAB10;PRKCD;RELA;EPRS1;RAB13;MYO5A;SYAP1;LPIN2;AKT2;PCSK9;PIK3R1;GNAS;SRC;SLC39A14;AKT1;DENND4C;RAB31,GO_Biological_Process_2025__Cellular Response to Peptide Hormone Stimulus (GO:0071375)
GO:0023035,-0.3676045227452011,-0.9760444884827342,0.9737362201949508,63.31%,RNF31;ITGB1;TRAF6;ITGA5;CD40LG,GO_Biological_Process_2025__CD40 Signaling Pathway (GO:0023035)
GO:0002752,0.3581621364965863,0.975995101500498,0.8561471766981947,52.39%,COLEC10;FCN1;COLEC11;NDUFA2;MBL2;SYK,GO_Biological_Process_2025__Cell Surface Pattern Recognition Receptor Signaling Pathway (GO:0002752)
GO:1902115,0.2764692599659785,0.9757330792690688,0.8561994240860187,65.20%,EFNB1;TSG101;TBC1D15;ATG3;RABGAP1;RAB11A;RAB11FIP3;RAB5A;PDCD6IP;TBC1D13;RDX;RAB1B;HCK;TBC1D10B;TBC1D5;ARF4;RABEP2;EZR;MSN;VPS11;MTOR;TBC1D9B;TBC1D17;STAM,GO_Biological_Process_2025__Regulation of Organelle Assembly (GO:1902115)
GO:0006399,-0.3442924776433456,-0.9756851612065678,0.9686407577469732,65.65%,ANG;LAGE3;SSB;KARS1;DARS2;DTD1,GO_Biological_Process_2025__tRNA Metabolic Process (GO:0006399)
GO:0030217,0.3298202090641914,0.9755639738629523,0.8559973682291993,35.98%,FCER1G;PTPRC;CLSTN1;TGFB1;PNKD;PIK3R1,GO_Biological_Process_2025__T Cell Differentiation (GO:0030217)
GO:0032435,0.3269736764550372,0.9755630516160226,0.855411469962102,41.91%,EIF3H;CCAR2;HSP90AB1;USP9X;CSNK2B;DDRGK1;UCHL5;UBXN1,GO_Biological_Process_2025__Negative Regulation of Proteasomal Ubiquitin-Dependent Protein Catabolic Process (GO:0032435)
GO:0032660,0.3513274195831485,0.975390853373638,0.8552479416671694,55.28%,NCKAP1L;TGFB1;PRKCQ;VSIR;CCM2;IL18;RFTN1;JAK2,GO_Biological_Process_2025__Regulation of Interleukin-17 Production (GO:0032660)
GO:0018205,0.3036138082737519,0.9748796530557778,0.8558706679297693,38.21%,IVL;PLOD3;UBA2;RANGAP1;HINT1;SIRT2;BLOC1S1;NDUFAB1,GO_Biological_Process_2025__Peptidyl-Lysine Modification (GO:0018205)
GO:0061136,0.2829221305622508,0.9748669086521794,0.8553190099092816,65.65%,PSMC5;RAD23A;PSMD14;PRKCA;XPO1;HSP90AB1;PSMF1;UFL1;DDRGK1;GPX1;PSME2;UCHL5;PSMC2;GABARAPL2;BAG2;PSMC6;PSME1;PSMC3;ARAF;RAD23B;USP14,GO_Biological_Process_2025__Regulation of Proteasomal Protein Catabolic Process (GO:0061136)
GO:0034497,0.4067596619783458,0.9743279584522656,0.8560523983239707,44.46%,LRBA;ATG9A;ATG4B;MFN2,GO_Biological_Process_2025__Protein Localization to Phagophore Assembly Site (GO:0034497)
GO:0043507,0.3957075946452268,0.9740674643957664,0.856078940292366,52.73%,TAOK3;MAP3K5;PKN1;MAP3K7;PTPN1;TRAF6,GO_Biological_Process_2025__Positive Regulation of JUN Kinase Activity (GO:0043507)
GO:0008630,-0.2753356146354304,-0.9738839915369673,0.9678934952891968,72.56%,PYCARD;PRKDC;TMEM109;REXO2;CIDEB;BAG6;BCL2L1;BAX;UACA,GO_Biological_Process_2025__Intrinsic Apoptotic Signaling Pathway in Response to DNA Damage (GO:0008630)
GO:0051895,0.3620922100956698,0.9738784475265834,0.8553646582695112,38.66%,ARHGAP6;DMTN;THBS1;CORO1C;SRC,GO_Biological_Process_2025__Negative Regulation of Focal Adhesion Assembly (GO:0051895)
GO:0150118,0.3620922100956698,0.9738784475265834,0.8553646582695112,38.66%,ARHGAP6;DMTN;THBS1;CORO1C;SRC,GO_Biological_Process_2025__Negative Regulation of Cell-Substrate Junction Organization (GO:0150118)
GO:0001941,0.3867647494289236,0.9731032081131036,0.856113751735595,43.80%,NRXN1;RELN;GPHN;NLGN1,GO_Biological_Process_2025__Postsynaptic Membrane Organization (GO:0001941)
GO:0048738,0.3759879290844119,0.9729411230625334,0.85590857989174,30.04%,NDUFV2;NOTCH2;PRMT1;NOTCH1,GO_Biological_Process_2025__Cardiac Muscle Tissue Development (GO:0048738)
GO:1902624,0.3498158714596253,0.9728596646217414,0.855511724822191,60.61%,MCU;NCKAP1L;RTN4;THBS4;DNM1L;CD99;CD74;RAC2;RIPOR2,GO_Biological_Process_2025__Positive Regulation of Neutrophil Migration (GO:1902624)
GO:0022008,0.3590173481606449,0.972726298007196,0.8552477523929854,4.28%,FAT4;DCHS1,GO_Biological_Process_2025__Neurogenesis (GO:0022008)
GO:0071383,-0.3818038390744149,-0.972703058388482,0.9651201016517136,61.90%,UBE2L3;TFPI;HSPA8;SRC;MAPK1,GO_Biological_Process_2025__Cellular Response to Steroid Hormone Stimulus (GO:0071383)
GO:0030099,0.3072252160932381,0.9725621760321208,0.8550616202859164,3.91%,HCLS1;LYN;MPIG6B,GO_Biological_Process_2025__Myeloid Cell Differentiation (GO:0030099)
GO:0071901,0.3179041324726303,0.972335476964827,0.8550152473772844,55.04%,LYN;LRP5;PROC;CDK5RAP3;PTPN1;HEG1;STK38;PTPRJ;LRP6,GO_Biological_Process_2025__Negative Regulation of Protein Serine/Threonine Kinase Activity (GO:0071901)
GO:0016064,0.4316130641693131,0.9722917134924156,0.8545300220279598,4.33%,FCER1G,GO_Biological_Process_2025__Immunoglobulin Mediated Immune Response (GO:0016064)
GO:0002478,0.3353993980449999,0.9722467498610072,0.8540534528348738,47.64%,FCER1G;DNM2;HLA-E;CTSF;MFSD6;CTSS;HLA-DPA1,GO_Biological_Process_2025__Antigen Processing and Presentation of Exogenous Peptide Antigen (GO:0002478)
GO:0006611,0.3337690203088325,0.972029641124177,0.8539785459266495,27.21%,RANBP3;TGFB1;XPO1;CALR;XPO7,GO_Biological_Process_2025__Protein Export From Nucleus (GO:0006611)
GO:0043069,0.2329857541971594,0.971986452203458,0.8535056568181992,62.39%,COPS5;PSMC5;PPIF;UBE2Z;RELA;SERPINB9;ANGPT1;PTMA;API5;NCKAP1L;MTDH;BNIP2;XPNPEP1;PTK2;ANP32B;GAS6;CTNNB1;MYO18A;BABAM2;MYDGF;NOL3;YWHAZ;SNCA;TXNDC5;PROC;COMP;UFM1;LAMTOR5;DDX3X;PDCD10;FLNA;AXL;RPL15;NOTCH2;FKBP8;DAB2;HSP90B1;CIAPIN1;DNAJA1;AZU1;DDRGK1;THBS1;PTK2B;RPS3A;CX3CL1;BCL2L1;PIK3R1;CD40LG;PTMS;FLT4;ANXA4;MAP4K4;HSPA5;SRC;PSMD10;AKT1;DNAJC3;HCK;HTATIP2;SQSTM1;CIB1;ARHGAP10;CEACAM5;CD44;CD74;VDAC1;ARF4;LONP1;DDAH2;HYPK;PRKAA1;FTH1;GPX4;PRDX3;ARL6IP1;FSTL1;PA2G4;DSG2;NFKB1;KANK2;BAG3;ATAD3A;MPO;CTSH;HNRNPK;MTOR;ARHGDIA;HSPB1;CBL;ARAF,GO_Biological_Process_2025__Negative Regulation of Programmed Cell Death (GO:0043069)
GO:0032024,0.321305357332207,0.9710673825000616,0.8551096260023305,42.54%,MCU;STX4;PRKCA;PSMD9;C2CD2L;ACSL4;PPP3CB;PDHX,GO_Biological_Process_2025__Positive Regulation of Insulin Secretion (GO:0032024)
GO:0043523,0.2731553826643297,0.970676712363541,0.8554556361175395,38.10%,NAE1;APP;SNX6;CTNNB1;NTRK2;CASP3;CASP6;BAX;PTPRZ1;TMBIM1;PTK2B;PCSK9;SET,GO_Biological_Process_2025__Regulation of Neuron Apoptotic Process (GO:0043523)
GO:1903050,0.327110989319103,0.97049709802957,0.8553029213512717,40.41%,PSMD14;PRKCA;UFL1;DDRGK1;PTK2B;GPX1;PSME2;UCHL5,GO_Biological_Process_2025__Regulation of Proteolysis Involved in Protein Catabolic Process (GO:1903050)
GO:0034764,0.4084191816166888,0.9703766143321768,0.8550129860802138,55.70%,ANO6;C2CD5;ACSL5;ARL6IP1,GO_Biological_Process_2025__Positive Regulation of Transmembrane Transport (GO:0034764)
GO:0140448,0.3455937747682023,0.9701447145804992,0.8549908113296555,49.16%,ECE1;PCSK5;MEP1A;PCSK1;PCSK6;SCG5,GO_Biological_Process_2025__Signaling Receptor Ligand Precursor Processing (GO:0140448)
GO:0030324,0.3673231458046915,0.9700240681793144,0.8546875536811215,11.34%,FGFR2;RCN3,GO_Biological_Process_2025__Lung Development (GO:0030324)
GO:0010001,0.3646133840383837,0.9697511120130824,0.8547656736751095,31.04%,STAT3;RELN;PTPRZ1;EIF2B5,GO_Biological_Process_2025__Glial Cell Differentiation (GO:0010001)
GO:0050435,0.4259262509441129,0.9694009619424406,0.8550198098767678,13.31%,APEH,GO_Biological_Process_2025__Amyloid-Beta Metabolic Process (GO:0050435)
GO:0035725,0.3585049923399968,0.9688841311582904,0.8556970701629544,13.89%,SLC9A9;ATP1B3;SLC9A1,GO_Biological_Process_2025__Sodium Ion Transmembrane Transport (GO:0035725)
GO:1903054,0.4111066306097759,0.968652339890982,0.855677155332046,30.04%,TGFB1;EMILIN1;NOTCH1,GO_Biological_Process_2025__Negative Regulation of Extracellular Matrix Organization (GO:1903054)
GO:0065002,0.4084692267227775,0.96815292533181,0.8563431537181586,59.22%,RTN2;SEC61B;SEC62;HSPA5;SEC61A1;PEX14,GO_Biological_Process_2025__Intracellular Protein Transmembrane Transport (GO:0065002)
GO:0090181,0.3609203882689206,0.9678783760530024,0.8564529180338105,21.43%,ACADVL;LPCAT3;LDLRAP1,GO_Biological_Process_2025__Regulation of Cholesterol Metabolic Process (GO:0090181)
GO:0090026,0.3705276581007027,0.967767864202392,0.8561487834291717,9.43%,ANO6;APP,GO_Biological_Process_2025__Positive Regulation of Monocyte Chemotaxis (GO:0090026)
GO:0051607,0.2716191795229984,0.9676095301757408,0.855943973620268,69.28%,MAVS;PTPRC;RELA;VAPB;ATG7;STAT1;TRIM25;IFITM2;NT5C3A;AZU1;BCL2L1;G3BP1;TBK1;IFITM3;NCK1;GPNMB;TRIM21;MBL2;TRAF6;BST2;ISG15;EIF2AK2;RPSA;CARD8;ATAD3A;BPIFA1;OAS3;IFI6;RNASEL;PHB2,GO_Biological_Process_2025__Defense Response to Virus (GO:0051607)
GO:0035195,0.4054097760464591,0.9672701758174654,0.8562422609488973,54.28%,EIF6;DDX6;RAN;EIF4G1;LIMD1,GO_Biological_Process_2025__miRNA-mediated Post-Transcriptional Gene Silencing (GO:0035195)
GO:0002699,0.3186316088290606,0.9660948175020982,0.8584381393387311,32.64%,APPL2;MYO18A;COLEC10;FCN1;COLEC11;DDRGK1,GO_Biological_Process_2025__Positive Regulation of Immune Effector Process (GO:0002699)
GO:0010821,0.3873926809599644,0.9655523267388004,0.8591674080897562,9.45%,INF2;RAP1GDS1,GO_Biological_Process_2025__Regulation of Mitochondrion Organization (GO:0010821)
GO:0006163,0.2980344240762819,0.9648975949126414,0.8601324699099023,26.55%,AMPD2;PRPSAP2;IDH2;VCP;PFAS;PROC;GART,GO_Biological_Process_2025__Purine Nucleotide Metabolic Process (GO:0006163)
GO:0019941,0.251304704791716,0.9646196340549484,0.8602076438152306,63.66%,PSMD13;ELOC;PSMD14;UBR4;UBE2H;TOLLIP;FBXO7;PCYOX1L;COPS3;TRIM25;VCP;PSMF1;PSMD9;UFD1;DDB1;UBA6;OS9;PSMD3;UBL4A;STUB1;NPLOC4;NSFL1C;PSMC2;SQSTM1;UBE2K;PPP1R11;CUL3;RNF11;LONP1;ARRB1;UBA1;BAG6;ISG15;ATE1;CBL;HUWE1;ARIH2;PSMD11;CCAR1;UBE3A,GO_Biological_Process_2025__Modification-Dependent Protein Catabolic Process (GO:0019941)
GO:2000010,0.4264582906375433,0.964511539939675,0.8599103063476944,21.80%,STX4;HSP90AB1,GO_Biological_Process_2025__Positive Regulation of Protein Localization to Cell Surface (GO:2000010)
GO:0035723,0.419668682618985,0.964108969825007,0.85975957575207,58.09%,STAT3;PLCB1;JAK3;STAT5A;JAK1,GO_Biological_Process_2025__Interleukin-15-Mediated Signaling Pathway (GO:0035723)
GO:0071350,0.419668682618985,0.964108969825007,0.85975957575207,58.09%,STAT3;PLCB1;JAK3;STAT5A;JAK1,GO_Biological_Process_2025__Cellular Response to Interleukin-15 (GO:0071350)
GO:0051246,0.2668901525720796,0.963854274027872,0.8597718699383633,41.15%,CYFIP1;APP;LDLR;FAF1;CSF1;TGFB1;PICALM;TCOF1;RPL15;EIF4E;HGS;CHMP6;INHBA;EIF4G1;AKT1,GO_Biological_Process_2025__Regulation of Protein Metabolic Process (GO:0051246)
GO:0034109,0.2665280487763082,0.9634108045104764,0.8602584124056076,19.80%,TJP2;MYL9;UBASH3B;RAP2B;PDGFRA;ITGB3;STXBP3;MYH9;FIBP;ACTN1,GO_Biological_Process_2025__Homotypic Cell-Cell Adhesion (GO:0034109)
GO:0006650,0.2964060426624538,0.9631176516672676,0.8604065208011978,7.06%,PLA2G4A;PLCB2;PLCB3,GO_Biological_Process_2025__Glycerophospholipid Metabolic Process (GO:0006650)
GO:0050858,-0.2766866051374169,-0.9631125942561224,0.9866408839730142,54.91%,CEACAM1;PRNP;LGALS3;PTPN6;EZR;PTPRJ;NCK1;DUSP3,GO_Biological_Process_2025__Negative Regulation of Antigen Receptor-Mediated Signaling Pathway (GO:0050858)
GO:0031348,0.2626878172094521,0.9629177672178502,0.8603195777541995,29.60%,C1QTNF3;MIA3;STAT3;TNFAIP6;PRKCD;YWHAZ;LPCAT3;TRAFD1;PROC;UACA;PPM1B,GO_Biological_Process_2025__Negative Regulation of Defense Response (GO:0031348)
GO:0009226,0.3599449425350289,0.9628872469169968,0.8592392255748197,33.32%,UXS1;GMPPB;GMDS;GFPT1,GO_Biological_Process_2025__Nucleotide-Sugar Biosynthetic Process (GO:0009226)
GO:1901185,0.3475076992719418,0.9628098752340918,0.858855511855317,11.19%,PTPN12;TSG101;MVP,GO_Biological_Process_2025__Negative Regulation of ERBB Signaling Pathway (GO:1901185)
GO:0002762,0.3844963953165682,0.9626813435136156,0.8586073653098207,39.18%,TNFAIP6;FBN1;FSTL3;INHBA,GO_Biological_Process_2025__Negative Regulation of Myeloid Leukocyte Differentiation (GO:0002762)
GO:2000242,0.4269479537523236,0.962495745066296,0.8584873443251417,21.90%,PAEP;CALR,GO_Biological_Process_2025__Negative Regulation of Reproductive Process (GO:2000242)
GO:1902931,0.396664967927378,0.9616896972564352,0.8598524636295538,0.05%,DKK3,GO_Biological_Process_2025__Negative Regulation of Alcohol Biosynthetic Process (GO:1902931)
GO:1904385,0.3836469544875751,0.9614321351868392,0.8598906615705733,8.90%,PRKCD;RELA,GO_Biological_Process_2025__Cellular Response to Angiotensin (GO:1904385)
GO:0010755,-0.276197998946814,-0.9614215781979464,0.9857252087355078,72.48%,CLEC3B;F12;SERPINF2;CTSZ;ENO1;S100A10;SERPINE1;PLGRKT;THBS1;SERPINE2,GO_Biological_Process_2025__Regulation of Plasminogen Activation (GO:0010755)
GO:1990868,0.3859174522423981,0.9613274829283744,0.8595591931839869,32.96%,RHOA;DOCK8;STK39;WNK1,GO_Biological_Process_2025__Response to Chemokine (GO:1990868)
GO:0030163,0.25542280630977,0.9608157989982806,0.8601580949479675,60.53%,UBE2Z;CTSW;PRKCA;CAPN2;CLPX;UCHL3;PSMB1;HSP90AA1;VCP;PSMA6;CASP3;RAB7A;CTSF;AFG3L2;OGA;DDB1;PCSK9;DDI2;DENND3;STT3B;CTSS;SQSTM1;CLPP;HSPA8;LONP1;TRIM21;CTSC;BAG6;RAB12;ATE1;CTSH,GO_Biological_Process_2025__Protein Catabolic Process (GO:0030163)
GO:2001258,-0.3357046462321481,-0.9605319879587806,0.9820519079576558,36.79%,MMP9;UBQLN1;EPX;GSTO1;SRI,GO_Biological_Process_2025__Negative Regulation of Cation Channel Activity (GO:2001258)
GO:0032651,0.2838078527786585,0.960028985130012,0.8614853636456992,65.34%,STAT3;RELA;APP;GIT1;LPL;AZU1;CD36;CX3CL1;GSDMD;PANX1;F2R;JAK2;CARD8;HSPB1;SERPINB1,GO_Biological_Process_2025__Regulation of Interleukin-1 Beta Production (GO:0032651)
GO:0032680,0.2563661329633051,0.9598856657852052,0.8612450709417374,63.16%,MAVS;STAT3;PTPRC;APP;PPP1R9B;GAS6;TGFB1;PLCG2;PTPN11;HLA-E;VSIR;ARHGEF2;LPL;AZU1;THBS1;CX3CL1;CD47;NDUFA2;SYK;FXR1;PTPRJ;HMGB1;JAK2;PTPN6;MAPKAPK2;FRMD8;ARFGEF2;HSPB1;OAS3,GO_Biological_Process_2025__Regulation of Tumor Necrosis Factor Production (GO:0032680)
GO:1904894,0.3156676198258544,0.9597498859592748,0.8610018499563302,30.04%,IL7R;CRLF3;TGFB1;OCIAD1;NOTCH1,GO_Biological_Process_2025__Positive Regulation of Receptor Signaling Pathway via STAT (GO:1904894)
GO:0006613,0.3701087493926744,0.9594435983494182,0.861174694787671,31.91%,SSR1;SRPRA;SIL1;SEC62,GO_Biological_Process_2025__Cotranslational Protein Targeting to Membrane (GO:0006613)
GO:1901224,0.3209627541642176,0.9593890554475,0.8607270212635691,57.62%,RELA;APP;RHOA;VCP;DDX3X;MAP3K7;NMI;IFI35;EIF2AK2;RPS3,GO_Biological_Process_2025__Positive Regulation of Non-Canonical NF-kappaB Signal Transduction (GO:1901224)
GO:1901799,0.2896896534410649,0.9592382582334212,0.8605247807309961,56.22%,SGTA;EIF3H;CCAR2;HSP90AB1;USP9X;PSMF1;CSNK2B;DDRGK1;UCHL5;UBXN1;GABARAPL2;USP7;SVIP;BAG5;BAG6,GO_Biological_Process_2025__Negative Regulation of Proteasomal Protein Catabolic Process (GO:1901799)
GO:0046034,0.2730339091744563,0.9589757492328544,0.8605700783390077,19.09%,ATP5F1C;ENO2;HOOK3;ATP5F1A;CLPX;MYH7;NADK;TGFB1,GO_Biological_Process_2025__ATP Metabolic Process (GO:0046034)
GO:1901990,0.3151814373069647,0.9588615543639194,0.8603061058008254,64.73%,APPL2;PPP1R9B;APPL1;SIRT2;DDB1;RGCC;PSME2;CUL3;PTPN6;PSME1;ZW10;SMARCE1;SMARCC2,GO_Biological_Process_2025__Regulation of Mitotic Cell Cycle Phase Transition (GO:1901990)
GO:1901655,0.3107237224521137,0.9588459393122736,0.8597709669611133,59.53%,ROCK2;GAS6;ADCY6;GNAS;SRC;AKT1;GNB1;GNG2;LARP1;MSN;ADAM15,GO_Biological_Process_2025__Cellular Response to Ketone (GO:1901655)
GO:0014020,0.356914321805022,0.9587234950420224,0.8583639603537697,19.09%,CELSR1;MTHFR;TGFB1,GO_Biological_Process_2025__Primary Neural Tube Formation (GO:0014020)
GO:0060606,0.356914321805022,0.9587234950420224,0.8583639603537697,19.09%,CELSR1;MTHFR;TGFB1,GO_Biological_Process_2025__Tube Closure (GO:0060606)
GO:0001843,0.356914321805022,0.9587234950420224,0.8583639603537697,19.09%,CELSR1;MTHFR;TGFB1,GO_Biological_Process_2025__Neural Tube Closure (GO:0001843)
GO:2000243,0.3862868496561086,0.9577477475303892,0.8600888209318898,44.98%,LHFPL2;SIRT2;PLCB1;INHBA;CIB1,GO_Biological_Process_2025__Positive Regulation of Reproductive Process (GO:2000243)
GO:1901798,0.4154008235828988,0.9568922177604222,0.8615736608933984,55.57%,RPS20;CDK5RAP3;RPL23;DDX5,GO_Biological_Process_2025__Positive Regulation of Signal Transduction by P53 Class Mediator (GO:1901798)
GO:0150063,0.350494436864902,0.956575579393816,0.8617609863249499,8.40%,FREM2;RAB18,GO_Biological_Process_2025__Visual System Development (GO:0150063)
GO:0038093,0.3017253777977841,0.9562945300894724,0.8618431761019756,20.96%,LYN;FCER1G;VAV1;PLCG2;PRKCQ,GO_Biological_Process_2025__Fc Receptor Signaling Pathway (GO:0038093)
GO:0045862,0.2986233108474385,0.956130588065246,0.8616635243687971,62.42%,ASPH;SNX9;APP;RCN3;NRDC;IST1;UFL1;DDRGK1;STUB1;ANGPTL8;CTSC;BAG2;FGFR4;CTSH;CYFIP2,GO_Biological_Process_2025__Positive Regulation of Proteolysis (GO:0045862)
GO:0038113,0.419668682618985,0.9560382666307418,0.8607468153533824,58.09%,STAT3;STAT1;JAK3;STAT5A;JAK1,GO_Biological_Process_2025__Interleukin-9-Mediated Signaling Pathway (GO:0038113)
GO:0071355,0.419668682618985,0.9560382666307418,0.8607468153533824,58.09%,STAT3;STAT1;JAK3;STAT5A;JAK1,GO_Biological_Process_2025__Cellular Response to Interleukin-9 (GO:0071355)
GO:0006029,-0.2695446170044748,-0.955775795526318,0.9843608315464196,73.14%,IGF1;FAM20B;GAL3ST4;CANT1;CHST11;CHST1;CHST10;HPSE;CHST12,GO_Biological_Process_2025__Proteoglycan Metabolic Process (GO:0006029)
GO:0034333,0.4287984431364023,0.9556086617917428,0.8611869477870283,28.23%,JAM3;CTNNB1;PIP5K1C,GO_Biological_Process_2025__Adherens Junction Assembly (GO:0034333)
GO:0007212,0.4284941491720713,0.955160852605325,0.8616605012576491,44.83%,FLNA;GNAS;GNB1;GNG2,GO_Biological_Process_2025__G Protein-Coupled Dopamine Receptor Signaling Pathway (GO:0007212)
GO:0045814,0.3391226442439621,0.9549023237562532,0.8617219237826539,26.97%,LMNB2;SMYD5;HDAC6;SIRT2,"GO_Biological_Process_2025__Negative Regulation of Gene Expression, Epigenetic (GO:0045814)"
GO:0051918,-0.33035244608101,-0.9546594650089848,0.98155407406788,67.04%,PLG;SERPINF2;THBD;VTN;SERPINE1;THBS1,GO_Biological_Process_2025__Negative Regulation of Fibrinolysis (GO:0051918)
GO:1903846,0.3803057236196184,0.9546332522499908,0.8612203785429993,33.01%,TGFB1I1;SDCBP;HSP90AB1;THBS1,GO_Biological_Process_2025__Positive Regulation of Cellular Response to Transforming Growth Factor Beta Stimulus (GO:1903846)
GO:0030511,0.3803057236196184,0.9546332522499908,0.8612203785429993,33.01%,TGFB1I1;SDCBP;HSP90AB1;THBS1,GO_Biological_Process_2025__Positive Regulation of Transforming Growth Factor Beta Receptor Signaling Pathway (GO:0030511)
GO:0042326,0.2943043427192733,0.9543182828227046,0.8614291071886903,45.19%,LYN;NIBAN1;TARDBP;CDK5RAP3;FKBP8;FBLN1;CORO1C;INHBA;CIB1;CHORDC1,GO_Biological_Process_2025__Negative Regulation of Phosphorylation (GO:0042326)
GO:0010642,0.4237149867867815,0.9541082788101798,0.8613530659503541,37.55%,PTPN12;SNCA;HGS,GO_Biological_Process_2025__Negative Regulation of Platelet-Derived Growth Factor Receptor Signaling Pathway (GO:0010642)
GO:0001731,0.4032035607558641,0.953706442368948,0.8617556657106701,29.20%,EIF4B;EIF2S2;EIF2S3,GO_Biological_Process_2025__Formation of Translation Preinitiation Complex (GO:0001731)
GO:0002832,-0.2070693748351358,-0.952689007541608,0.9816338446861632,79.41%,LILRA2;BANF1;ITCH;TYRO3;C1QBP;ATG5;PARP1;REXO2;PCBP2;CARD8;PTPN6;TRIM21;LONP1;NMI;PPM1B;TRAFD1;YWHAZ,GO_Biological_Process_2025__Negative Regulation of Response to Biotic Stimulus (GO:0002832)
GO:0009437,0.4011046817464493,0.9522906949155688,0.8644946311522933,59.95%,CPT1A;ACADM;CPT2;CRAT;SHMT1;ALDH9A1,GO_Biological_Process_2025__Carnitine Metabolic Process (GO:0009437)
GO:0006836,0.4199316329213779,0.951820994769877,0.8650567454194178,58.06%,NRXN1;SNAPIN;SLC6A4;SLC29A1;SLC18A2,GO_Biological_Process_2025__Neurotransmitter Transport (GO:0006836)
GO:1905606,0.3925365979516236,0.9513548613882024,0.8649992335415201,40.97%,GPC4;SNCA;SLITRK1;EIF4G1,GO_Biological_Process_2025__Regulation of Presynapse Assembly (GO:1905606)
GO:0099174,0.3925365979516236,0.9513548613882024,0.8649992335415201,40.97%,GPC4;SNCA;SLITRK1;EIF4G1,GO_Biological_Process_2025__Regulation of Presynapse Organization (GO:0099174)
GO:0098761,0.419668682618985,0.9512232636077586,0.8642023383620477,58.09%,IL7R;STAT1;JAK3;STAT5A;JAK1,GO_Biological_Process_2025__Cellular Response to Interleukin-7 (GO:0098761)
GO:0038111,0.419668682618985,0.9512232636077586,0.8642023383620477,58.09%,IL7R;STAT1;JAK3;STAT5A;JAK1,GO_Biological_Process_2025__Interleukin-7-Mediated Signaling Pathway (GO:0038111)
GO:0048285,-0.3440294581799053,-0.9512044989926564,0.9740643205104038,65.68%,ACOX1;WASHC5;PEX19;DNM1L;MFF;CORO1C,GO_Biological_Process_2025__Organelle Fission (GO:0048285)
GO:1903670,-0.2276679841897233,-0.9511316350678256,0.9685089338086846,77.34%,CEACAM1;CLIC3;FUT1;TJP1;PIK3CB;PKM;JAK1;DSG2;ITGA5;TNN;THBS1;TGM2;EPN1,GO_Biological_Process_2025__Regulation of Sprouting Angiogenesis (GO:1903670)
GO:0009312,0.4230511635908081,0.951052975818756,0.8634869520849239,50.16%,MPDU1;ST3GAL6;FUT8;B4GALT1,GO_Biological_Process_2025__Oligosaccharide Biosynthetic Process (GO:0009312)
GO:0048009,-0.3599789639758086,-0.9509604375778417,0.9632326668316222,64.08%,IGF1;GHR;IRS2;PLCB1;PIK3R1,GO_Biological_Process_2025__Insulin-Like Growth Factor Receptor Signaling Pathway (GO:0048009)
GO:0006516,0.4274560259220021,0.9508663045376372,0.8633789490669437,41.18%,MAN1B1;OGA;STT3B,GO_Biological_Process_2025__Glycoprotein Catabolic Process (GO:0006516)
GO:0002763,0.3519981699212756,0.9506029880423034,0.8634266086122868,15.15%,HCLS1;PRKCA;CSF1,GO_Biological_Process_2025__Positive Regulation of Myeloid Leukocyte Differentiation (GO:0002763)
GO:0034728,0.33143052810818,0.9502068078944028,0.8632244109576321,39.15%,HMGB2;NAP1L4;NAP1L1;NASP;SET;RBBP4,GO_Biological_Process_2025__Nucleosome Organization (GO:0034728)
GO:0051016,0.3273476876261953,0.9495438113818554,0.8636210659015677,49.47%,FLII;ADD3;SVIL;CAPZA1;ADD2;CAPZA2;TWF2,GO_Biological_Process_2025__Barbed-End Actin Filament Capping (GO:0051016)
GO:0051693,0.3273476876261953,0.9495438113818554,0.8636210659015677,49.47%,FLII;ADD3;SVIL;CAPZA1;ADD2;CAPZA2;TWF2,GO_Biological_Process_2025__Actin Filament Capping (GO:0051693)
GO:1902774,0.3533665607673272,0.9491745945595326,0.8639620123012296,41.83%,CHMP4B;CHMP5;VPS4A;VPS4B;CHMP6;CHMP2A,GO_Biological_Process_2025__Late Endosome to Lysosome Transport (GO:1902774)
GO:0051260,0.2548908703858358,0.9491596437939236,0.8634374758567609,54.49%,APPL2;APP;G3BP2;ITPR1;DNM1;EHD4;SSBP1;LETM1;COMP;TGM2;EHD3;EHD1;PDCD6IP;PRMT1;RBMX;ACOT13;GOLGA2;GSDMD;CHMP2A;SLC1A5;OSBPL2;SOD2;SHMT1;ATL3;MICU1;SCARA5;PNPT1,GO_Biological_Process_2025__Protein Homooligomerization (GO:0051260)
GO:0071331,0.3943015138215462,0.9487787936457508,0.8637256516597964,14.94%,PRKCA;GAS6,GO_Biological_Process_2025__Cellular Response to Hexose Stimulus (GO:0071331)
GO:0032653,0.3043761706509317,0.9486620363762952,0.8634450793829422,61.97%,STAT3;PLCG2;VSIR;THBS1;CD40LG;JAK3;CD47;SYK;HMGB1;ISG15;CD46,GO_Biological_Process_2025__Regulation of Interleukin-10 Production (GO:0032653)
GO:0014032,-0.227991565629942,-0.9484523093272684,0.9651040629979396,77.31%,SHH;SEMA4B;SEMA4C;PEF1;SEMA3F;SEMA7A;CDH2;PDCD6;SEMA3B;NOLC1;SEMA6D;NRP1;CORO1C;TCOF1,GO_Biological_Process_2025__Neural Crest Cell Development (GO:0014032)
GO:0000132,0.3403732234871027,0.9478131834186372,0.864278909774224,48.32%,DCTN1;MAPRE1;INPPL1;SLC6A4;NSFL1C;PAFAH1B1;NUMA1,GO_Biological_Process_2025__Establishment of Mitotic Spindle Orientation (GO:0000132)
GO:0005975,0.2691999137535262,0.947777834916132,0.8637955595769355,25.13%,ST8SIA4;SLC2A3;MAN1B1;GALNT15;DERA;IDH2;IDH3A;AKR1B1,GO_Biological_Process_2025__Carbohydrate Metabolic Process (GO:0005975)
GO:0035023,0.2700648601421466,0.9472070183206563,0.8645424226083396,62.16%,BCR;DOCK8;PLXNB1;PDCD10;ARHGEF2;F11R;DOCK10;NRP1;DOCK11;MYO9B;HEG1;CUL3;ARHGDIB;ARRB1;FXR1;F2R;REPS1;KANK2;RIPOR2;ARHGDIA;FERMT2,GO_Biological_Process_2025__Regulation of Rho Protein Signal Transduction (GO:0035023)
GO:0018105,0.2869468582457296,0.9471575211491804,0.8640947747238394,39.50%,STK4;ROCK1;PRKCD;PRKCA;STK39;IKBKB;MAPK14;MAPKAPK3;MAPK1;MAP2K2,GO_Biological_Process_2025__Peptidyl-Serine Phosphorylation (GO:0018105)
GO:1904018,0.2611586803128916,0.9470373921259168,0.8638150422620633,25.03%,STIM1;PRKCB;MTDH;PRKCA;EMILIN2;CLSTN1;RRAS;MYDGF;TGFB1;RTN4;EMILIN1,GO_Biological_Process_2025__Positive Regulation of Vasculature Development (GO:1904018)
GO:0043535,0.2830748950685382,0.9468932757921156,0.863633116891033,63.94%,ANGPT1;ATP5F1A;PRKCA;FGFR1;TGFB1;CSNK2B;MAP2K3;THBS1;TMSB4X;MAPK14;RGCC;AKT1;ADAM17;STAT5A;PDGFB;HMGB1;GDF2;HSPB1;ATP5F1B,GO_Biological_Process_2025__Regulation of Blood Vessel Endothelial Cell Migration (GO:0043535)
GO:0007035,0.3083772358491173,0.946850867835258,0.8631774816959321,49.92%,ATP6V0C;ATP6V1B2;ATP6AP2;ATP6V0D1;ATP6V0A1;ATP6V1F;ATP6V1H;ATP6V1A,GO_Biological_Process_2025__Vacuolar Acidification (GO:0007035)
GO:1900744,0.3769137049595484,0.946663134293671,0.8630445437943307,55.75%,STK39;PRMT1;MINK1;DLG1;EZR,GO_Biological_Process_2025__Regulation of p38MAPK Cascade (GO:1900744)
GO:0032740,0.3714196670854833,0.9462663923702158,0.8633836602236825,55.28%,TGFB1;PRKCQ;CCM2;IL18;RFTN1;JAK2,GO_Biological_Process_2025__Positive Regulation of Interleukin-17 Production (GO:0032740)
GO:0044743,0.3825840763302182,0.94595165572257,0.8635335855115195,41.44%,TOMM70;TOMM40;TIMM44;GRPEL1;TIMM50,GO_Biological_Process_2025__Protein Transmembrane Import Into Intracellular Organelle (GO:0044743)
GO:0032386,0.2891571821777493,0.945719937827185,0.8635034548461518,54.23%,GRIPAP1;REEP5;MLC1;RAB11A;RAB11FIP3;MAPK1;SRC;MAP2K2;PTPN1;NUMA1;METAP2;USP7;DNAJC13;NUP214,GO_Biological_Process_2025__Regulation of Intracellular Transport (GO:0032386)
GO:0050820,0.3489207595704722,0.9454888144219156,0.863513446287876,41.73%,EMILIN2;EMILIN1;THBS1;HPSE;SERPINE1,GO_Biological_Process_2025__Positive Regulation of Coagulation (GO:0050820)
GO:0050818,0.3966745401760403,0.9450145018444172,0.8640980111308446,53.89%,PROC;SERPINE1;GP1BA;F2R,GO_Biological_Process_2025__Regulation of Coagulation (GO:0050818)
GO:0000380,-0.2918421052631579,-0.9445291652008868,0.97031431758678,70.90%,HNRNPM;DDX17;HNRNPU;PUF60;SRSF1;DDX5;SFPQ;HNRNPUL2,"GO_Biological_Process_2025__Alternative mRNA Splicing, via Spliceosome (GO:0000380)"
GO:0006692,0.3568756603174326,0.94413791090445,0.8655037574550896,2.89%,TBXAS1;PTGES3,GO_Biological_Process_2025__Prostanoid Metabolic Process (GO:0006692)
GO:0034314,0.3649284130434131,0.9438339467505422,0.8650982161755925,57.30%,IQGAP2;ACTR3;ARPC1A;ARPC2;ARPC1B;ARPC5;ARPC3,GO_Biological_Process_2025__Arp2/3 Complex-Mediated Actin Nucleation (GO:0034314)
GO:0045010,0.3649284130434131,0.9438339467505422,0.8650982161755925,57.30%,IQGAP2;ACTR3;ARPC1A;ARPC2;ARPC1B;ARPC5;ARPC3,GO_Biological_Process_2025__Actin Nucleation (GO:0045010)
GO:0001912,0.3103057799531822,0.943064272540422,0.8663476948564031,39.47%,CD226;STX7;HLA-C;HLA-E;NECTIN2;HLA-B;CADM1,GO_Biological_Process_2025__Positive Regulation of Leukocyte Mediated Cytotoxicity (GO:0001912)
GO:0140546,-0.3028150486714023,-0.9429830344749932,0.9689001075654474,69.80%,PF4;PRTN3;GAPDH;DCD;PRSS3;PRSS2;COLEC11,GO_Biological_Process_2025__Defense Response to Symbiont (GO:0140546)
GO:0008206,-0.3237769594950026,-0.9426262901220752,0.964310691891263,67.70%,ACAA1;HSD17B10;OSBPL9;OSBP;OSBPL2;ACOT8,GO_Biological_Process_2025__Bile Acid Metabolic Process (GO:0008206)
GO:0002495,0.3572038676568015,0.9424826925731874,0.8665940700266291,7.27%,FCER1G;DNM2,GO_Biological_Process_2025__Antigen Processing and Presentation of Peptide Antigen via MHC Class II (GO:0002495)
GO:0019886,0.3572038676568015,0.9424826925731874,0.8665940700266291,7.27%,FCER1G;DNM2,GO_Biological_Process_2025__Antigen Processing and Presentation of Exogenous Peptide Antigen via MHC Class II (GO:0019886)
GO:0043086,0.3543414251052351,0.9422353894937036,0.8666207489262334,32.51%,PPP1R12A;CCAR2;NOTCH1;TMBIM1,GO_Biological_Process_2025__Negative Regulation of Catalytic Activity (GO:0043086)
GO:0036444,0.3973905013402262,0.9415541331500488,0.8675808867712931,10.11%,MCU;ITPR1,GO_Biological_Process_2025__Calcium Import Into the Mitochondrion (GO:0036444)
GO:0051788,0.3951732235088449,0.9413236071880634,0.8675328485169591,42.44%,HDAC6;VCP;UFD1;STUB1,GO_Biological_Process_2025__Response to Misfolded Protein (GO:0051788)
GO:0043413,0.3100100469848813,0.9412115348088465,0.8672087221199026,55.72%,ST8SIA4;GMPPB;DAD1;GOLGA2;TMEM59;ARFGEF1;ST8SIA5;ST3GAL6;ST3GAL1;MGAT4B;DDOST,GO_Biological_Process_2025__Macromolecule Glycosylation (GO:0043413)
GO:0044794,0.3582499796390793,0.9411949987449508,0.8667091023084357,23.11%,VAPA;VAPB;PROC,GO_Biological_Process_2025__Positive Regulation by Host of Viral Process (GO:0044794)
GO:0009267,0.2551550609924976,0.9407737656636386,0.8671331745729618,64.08%,STK24;MCU;YWHAG;STK26;ARHGEF7;SH3GLB1;MAP3K5;ATG7;GAS2L1;YWHAZ;PKN1;PRKAG1;PCSK9;MAPK1;HSPA5;PLIN3;EIF2S1;IMPACT;HSPA8;GABARAPL2;MICU1;PRKAA1;VPS41;EIF2AK2;LARS1;MTOR;TTC5;RALB,GO_Biological_Process_2025__Cellular Response to Starvation (GO:0009267)
GO:0098815,0.353784369083851,0.9404574415326378,0.8672966050914834,43.80%,NRXN1;RELN;CBLN1;PTK2B;NLGN1,GO_Biological_Process_2025__Modulation of Excitatory Postsynaptic Potential (GO:0098815)
GO:0045906,0.4091690528641737,0.9396831551152908,0.8685318621988213,36.16%,SVEP1;ITGA4;DOCK5,GO_Biological_Process_2025__Negative Regulation of Vasoconstriction (GO:0045906)
GO:0015698,0.3585104424399904,0.9391903758558376,0.8691437050370225,19.28%,ANO6;CLIC4;TTYH3,GO_Biological_Process_2025__Inorganic Anion Transport (GO:0015698)
GO:0140888,0.3364182505877957,0.9382430161365806,0.8707535864415182,63.16%,MAVS;STAT1;IFITM2;HCK;TBK1;IFITM3;JAK2;JAK1;OAS3,GO_Biological_Process_2025__Interferon-Mediated Signaling Pathway (GO:0140888)
GO:0051348,-0.275552698034574,-0.9380939409012428,0.9665024850956974,46.38%,BANF1;XRCC1;HNRNPU;GSK3B;IRS2;PRDX3;BAG5,GO_Biological_Process_2025__Negative Regulation of Transferase Activity (GO:0051348)
GO:2000641,0.3258693361433086,0.9379997202389636,0.8707811968132119,67.52%,RAB21;RDX;MAPK1;SRC;MAP2K2;SNX3;DNAJC13;EZR;MSN;VPS11;MAP2K1;PTPN23,GO_Biological_Process_2025__Regulation of Early Endosome to Late Endosome Transport (GO:2000641)
GO:0060284,0.3191507379263527,0.9378460943714744,0.870598989289491,53.65%,PRUNE1;HMGB2;CTNNB1;RHEB;CX3CL1;AKT1;S100A10;NACA;FXR1,GO_Biological_Process_2025__Regulation of Cell Development (GO:0060284)
GO:0032496,0.2476383706068958,0.9370512523217356,0.8719284798598657,58.48%,ERBIN;HMGB2;RELA;RHOA;GIT1;ATL1;SNCA;CHMP5;AXL;MMP3;S100A7;UPF1;CTSG;MAPK14;PLAA;MAPKAPK3;SERPINE1;VIM;PF4V1;NDUFA2;IL18;ADAM17;TRAF6;PAF1;F2R;HMGB1;PRDX3;FER;MAPKAPK2;NFKB1,GO_Biological_Process_2025__Response to Lipopolysaccharide (GO:0032496)
GO:0033559,0.3208888738472214,0.9370482789022097,0.8713910187442941,41.68%,PLA2G4A;MGLL;ACOT8;GSTM2;GPX1;ALOX12;MGST3,GO_Biological_Process_2025__Unsaturated Fatty Acid Metabolic Process (GO:0033559)
GO:0031648,0.330413417108321,0.937010883341078,0.8709234104402113,61.37%,RAD23A;SNCA;SLC6A4;CUL3;TRIM21;GGA3;CTSH;MTOR,GO_Biological_Process_2025__Protein Destabilization (GO:0031648)
GO:0007422,0.4142946828760334,0.9368932567713172,0.8706514481806489,3.02%,SERPINI1,GO_Biological_Process_2025__Peripheral Nervous System Development (GO:0007422)
GO:1905906,0.3429379291547926,0.9366771610562398,0.870598206059221,21.53%,APP;LDLR;PFDN1;VBP1,GO_Biological_Process_2025__Regulation of Amyloid Fibril Formation (GO:1905906)
GO:1905039,0.3624440525367888,0.9356769808930312,0.8722656946498999,58.19%,SFXN3;SLC16A3;SFXN1;SLC16A7;SLC25A13;LRRC8D;ABCC1,GO_Biological_Process_2025__Carboxylic Acid Transmembrane Transport (GO:1905039)
GO:0051057,0.2778194970928065,0.9353739709723088,0.8724148281665107,62.16%,PLXNB1;RTN4;PICALM;TGM2;MAPRE2;NOTCH2;F11R;RELN;NOTCH1;MAP4K4;SRC;ARRB1;FXR1;F2R;PIK3CG;ITGAV;FERMT2,GO_Biological_Process_2025__Positive Regulation of Small GTPase Mediated Signal Transduction (GO:0051057)
GO:0043066,0.2206277057069328,0.934070987851956,0.8742367542952536,62.92%,HCLS1;COPS5;PPIF;UBE2Z;PRKCD;RELA;SERPINB9;ANGPT1;PTMA;SNX6;API5;NCKAP1L;MTDH;BNIP2;PTK2;ANP32B;PRKCA;GAS6;CTNNB1;MYO18A;BABAM2;MYDGF;NTRK2;NOL3;YWHAZ;SNCA;TXNDC5;PROC;COMP;UFM1;LAMTOR5;DDX3X;PDCD10;FLNA;AXL;RPL15;NOTCH2;FKBP8;QARS1;DAB2;HSP90B1;NOTCH1;PTPRZ1;CIAPIN1;DNAJA1;AZU1;TMBIM1;DDRGK1;THBS1;PTK2B;RPS3A;CX3CL1;BCL2L1;PIK3R1;CD40LG;PTMS;FLT4;SET;ANXA4;MAP4K4;HSPA5;SRC;PSMD10;ALOX12;AKT1;SERPINE1;DNAJC3;HCK;HTATIP2;CIB1;ARHGAP10;CEACAM5;SOD2;CD44;ITGA5;CD74;VDAC1;ARF4;LONP1;DDAH2;HYPK;SCG2;PRKAA1;F2R;PRDX3;ARL6IP1;FSTL1;PA2G4;HSPG2;DSG2;NFKB1;BAG3;IL27RA;ATAD3A;MPO;CTSH;HNRNPK;MTOR;ARHGDIA;HSPB1;CBL;ARAF;ITGB1,GO_Biological_Process_2025__Negative Regulation of Apoptotic Process (GO:0043066)
GO:1903829,0.2559794335891769,0.9340658875021792,0.8736986921437503,41.15%,LAMTOR1;FYN;STX4;TGFB1;SNCA;HSP90AB1;RTN4;PROC;LAMTOR5;CDK5RAP3;PECAM1;DDRGK1;PPP3CB;EIF4G1;AKT1,GO_Biological_Process_2025__Positive Regulation of Protein Localization (GO:1903829)
GO:0090313,0.3330282077506136,0.933849640213355,0.8736578826285801,46.66%,FYN;DMTN;CEMIP;C2CD5;CIB1;CHORDC1;GDI1,GO_Biological_Process_2025__Regulation of Protein Targeting to Membrane (GO:0090313)
GO:0022407,0.3025051385584656,0.9335325038506378,0.8738296361661841,38.79%,FLOT2;YWHAG;PTK2;FSTL3;PODXL;MINK1;SRC;CD47,GO_Biological_Process_2025__Regulation of Cell-Cell Adhesion (GO:0022407)
GO:0050830,0.2785994163465011,0.933317224204216,0.8737709952934801,56.75%,HMGB2;APP;HLA-E;CHGA;PNKD;CTSG;GSDMD;FGR;PPP1R11;DMBT1;IL18;MBL2;STAB2;CSRP1,GO_Biological_Process_2025__Defense Response to Gram-positive Bacterium (GO:0050830)
GO:1990869,0.3266897772837031,0.9330451424101216,0.8738289794920877,35.35%,RHOA;DOCK8;STK39;WNK1;PTK2B;CX3CL1,GO_Biological_Process_2025__Cellular Response to Chemokine (GO:1990869)
GO:2000045,0.2696392697716714,0.9329528665991472,0.8734822787392501,64.73%,APPL2;CRLF3;ADAMTS1;APPL1;PROC;DDX3X;RDX;ACVR1;PLCB1;INHBA;RGCC;PSME2;EIF4G1;AKT1;DLG1;ADAM17;GPNMB;PTPN6;KANK2;PSME1;SMARCE1;SMARCC2,GO_Biological_Process_2025__Regulation of G1/S Transition of Mitotic Cell Cycle (GO:2000045)
GO:0040013,0.4122276899581542,0.9328053005018612,0.8732579304308835,45.14%,WAS;FBLN1;DUSP3,GO_Biological_Process_2025__Negative Regulation of Locomotion (GO:0040013)
GO:0003158,0.4183539311070207,0.9325032916387456,0.8733510258854487,58.22%,PDCD10;PECAM1;JAG1;FSTL1;CD34,GO_Biological_Process_2025__Endothelium Development (GO:0003158)
GO:0006112,-0.3335086796422935,-0.9324895841225924,0.9769149216905104,66.73%,LEP;UGP2;GSK3B;PYGL;ADGRF5;GFPT1,GO_Biological_Process_2025__Energy Reserve Metabolic Process (GO:0006112)
GO:0051924,0.2809733885263519,0.9324582953278644,0.872906751652591,27.73%,STIM1;EGF;TMX1;CTNNB1;MYLK;EPB41;CAMK2G,GO_Biological_Process_2025__Regulation of Calcium Ion Transport (GO:0051924)
GO:0090169,0.3157078807685387,0.9316436375206664,0.8736076175119298,48.32%,CHMP4B;VTA1;CHMP5;VPS4B;PDCD6IP;EML3;CHMP6;CHMP2A;NUMA1,GO_Biological_Process_2025__Regulation of Spindle Assembly (GO:0090169)
GO:0030501,0.3925837671606854,0.931440432587864,0.8729883048000985,17.78%,ANO6;PKDCC,GO_Biological_Process_2025__Positive Regulation of Bone Mineralization (GO:0030501)
GO:0070169,0.3925837671606854,0.931440432587864,0.8729883048000985,17.78%,ANO6;PKDCC,GO_Biological_Process_2025__Positive Regulation of Biomineral Tissue Development (GO:0070169)
GO:0050982,0.3713251124020778,0.9308957366890626,0.8736741518719132,28.49%,PTK2;CTNNB1;PECAM1,GO_Biological_Process_2025__Detection of Mechanical Stimulus (GO:0050982)
GO:0046427,0.3195066279919751,0.9303141798297884,0.874460958347509,2.42%,IL7R;CRLF3,GO_Biological_Process_2025__Positive Regulation of Receptor Signaling Pathway via JAK-STAT (GO:0046427)
GO:0071526,0.2988319856478826,0.9298222282251192,0.8750073534505125,36.27%,NRP2;RHOA;PLXNB1;FLNA;PLXNA4;NRP1,GO_Biological_Process_2025__Semaphorin-Plexin Signaling Pathway (GO:0071526)
GO:0032101,0.2551112596427161,0.9296745290695294,0.8747645741715433,43.93%,STK24;APPL2;MGLL;RELA;IL1R1;LRP8;APPL1;ZMPSTE24;PSMA6;UFL1;CD36;CX3CL1;HCK;FGR;GP1BA;NMT1,GO_Biological_Process_2025__Regulation of Response to External Stimulus (GO:0032101)
GO:0035601,0.3943201224435607,0.9293987026792142,0.8748555545729823,48.03%,HDAC6;SIRT2;LYPLA2;LYPLA1,GO_Biological_Process_2025__Protein Deacylation (GO:0035601)
GO:0034121,0.334024659359604,0.9293928405751164,0.8743255248792537,46.98%,YWHAE;HSP90B1;CD36;IKBKB;GDI1;GPR108,GO_Biological_Process_2025__Regulation of Toll-Like Receptor Signaling Pathway (GO:0034121)
GO:0002286,0.3904684163010226,0.9292789446228352,0.8735079485370387,58.59%,FCER1G;ITGAL;CD74;SEMA6D,GO_Biological_Process_2025__T Cell Activation Involved in Immune Response (GO:0002286)
GO:0032965,0.3567182586064608,0.9287880981751612,0.8740626220382832,53.89%,TGFB1;EMILIN1;SUCO;RGCC;VIM;F2R,GO_Biological_Process_2025__Regulation of Collagen Biosynthetic Process (GO:0032965)
GO:0001764,0.2921761853483082,0.9286985937369924,0.8737109160253359,44.70%,CELSR1;FGFR1;NTRK2;USP9X;RELN;NRCAM;NRP1;PAFAH1B1;NEO1,GO_Biological_Process_2025__Neuron Migration (GO:0001764)
GO:0015695,0.3539384689272756,0.9281045554784,0.8744769706046374,8.48%,SLC44A1;SLC44A2,GO_Biological_Process_2025__Organic Cation Transport (GO:0015695)
GO:0007042,0.3204553367732999,0.9279736140957936,0.8742557070304429,49.92%,ATP6V0C;ATP6AP2;ATP6V0A1;ATP6V1F;ATP6V1H;ATP6V1A,GO_Biological_Process_2025__Lysosomal Lumen Acidification (GO:0007042)
GO:0042551,0.3707582124320845,0.927814330390872,0.8740740736996914,36.82%,APP;ANKS1A;CX3CL1;SCARF1,GO_Biological_Process_2025__Neuron Maturation (GO:0042551)
GO:0045597,0.2309351041387889,0.9277008207659188,0.87378131846051,39.68%,LMNB2;TGFB1I1;SDCBP;LRP5;RAP1A;APP;CAMK1;RHOA;PTK2;FGFR1;CSF1;CTNNB1;PKDCC;RRAS;LAMA2;TGFB1;LAMC1;CPNE1;NID1;HSP90AB1;ARHGEF2;SYAP1;LPL;MTCH2;DAB2;SLC6A6;SUCO;CD36;CCN2;NRCAM;LAMB1;ACVR1;PLCB1;MAPK14;RGCC;VWC2,GO_Biological_Process_2025__Positive Regulation of Cell Differentiation (GO:0045597)
GO:0007040,0.303705616426679,0.9271485444586658,0.8744728757785024,63.63%,LAMTOR1;HOOK3;SNAPIN;SRPX;RAB14;VPS18;CORO1A;ACP2;HPS4;TMEM165;VPS33A,GO_Biological_Process_2025__Lysosome Organization (GO:0007040)
GO:0055119,0.408894937274219,0.9269691475131566,0.8737864777163085,1.81%,ATP2A2,GO_Biological_Process_2025__Relaxation of Cardiac Muscle (GO:0055119)
GO:0090075,0.408894937274219,0.9269691475131566,0.8737864777163085,1.81%,ATP2A2,GO_Biological_Process_2025__Relaxation of Muscle (GO:0090075)
GO:0045916,-0.2968421052631579,-0.9269432569029658,0.9868530934661156,70.40%,CD59;SERPING1;CD55;CD46;C4BPA;C4BPB;MASP1;VSIG4,GO_Biological_Process_2025__Negative Regulation of Complement Activation (GO:0045916)
GO:0002695,0.3854643828942301,0.9263563442591384,0.8745999050121736,57.67%,PTPN11;SRC;FN1;CD84;PTPN6,GO_Biological_Process_2025__Negative Regulation of Leukocyte Activation (GO:0002695)
GO:0006633,-0.2252370916754478,-0.9256913500244336,0.9845945224885402,77.57%,FASN;HACD3;LIPC;ACACA;ACLY;HSD17B8;ACOT7;GPX4;LIPG;NDUFAB1;LPL;HACD4,GO_Biological_Process_2025__Fatty Acid Biosynthetic Process (GO:0006633)
GO:0051240,0.2237141023236149,0.9255619105080894,0.8752657414135585,55.80%,SORL1;C1QTNF3;APPL2;FLOT1;TGFB1I1;ROCK1;SDCBP;EGF;PDGFC;HADH;DECR1;APP;ANGPT1;VAMP7;VAMP8;LDLR;FST;PTK2;PRKCA;GAS6;CTNNB1;CLSTN1;MFAP2;TGFB1;RTN4;PROC;CPT2;PTPN11;LPL;DAB2;CD36;ACVR1;GNAS;PLCB1;GATM;TBXA2R;RBBP4;INHBA;RGCC;CADM1;ACSL1;SERPINE1;FGR;MFN2;CRTAM;NDUFA2;SMAD2;NUMA1;IL18;CXCR4;BMP1;AGPAT1;APOA5;GPNMB;TNXB;SYK;PRKAA1;PRKAB1;PDGFB;F2R;ACTL6A;JAK2;PIK3CG,GO_Biological_Process_2025__Positive Regulation of Multicellular Organismal Process (GO:0051240)
GO:1902235,0.3930235719827901,0.9243234421797272,0.8769289587522549,50.76%,NCK2;TXNDC12;BCL2L1;PTPN1;NCK1,GO_Biological_Process_2025__Reg of Endoplasmic Reticulum Stress-Induced Intrinsic Apoptotic Sgnlng Pway (GO:1902235)
GO:2000630,0.3285724670759227,0.9243114966869443,0.8764230289997216,27.23%,STAT3;RELA;TGFB1;NOTCH2,GO_Biological_Process_2025__Positive Regulation of miRNA Metabolic Process (GO:2000630)
GO:0031115,0.3685483896866829,0.9242715483766588,0.8759748541881535,57.75%,MAPRE1;SNCA;TUBB4A;TBCD;METAP2;EML2,GO_Biological_Process_2025__Negative Regulation of Microtubule Polymerization (GO:0031115)
GO:0035336,0.4116990791041175,0.9242707543173748,0.8749065411004754,47.95%,ACSL4;ACSL1;ACSL5;ACSL3,GO_Biological_Process_2025__Long-Chain fatty-acyl-CoA Metabolic Process (GO:0035336)
GO:0035338,0.4116990791041175,0.9242707543173748,0.8749065411004754,47.95%,ACSL4;ACSL1;ACSL5;ACSL3,GO_Biological_Process_2025__Long-Chain fatty-acyl-CoA Biosynthetic Process (GO:0035338)
GO:0001932,0.2422499133948162,0.9242627821233518,0.8743922723836516,64.13%,ROCK2;FLOT1;LYN;STK4;NIBAN1;TNIK;PTK2;GAS6;MYDGF;SMG8;TARDBP;PKN1;CDK5RAP3;FKBP8;FBLN1;CORO1C;FLT4;NDUFS4;PDGFA;FGR;CSF1R;FN1;CIB1;CHORDC1;CD74;GPNMB;ARRB1;PDCL3;REPS1;FER;FAM20A;HSPB1;ITLN1;RALB;ITGB2,GO_Biological_Process_2025__Regulation of Protein Phosphorylation (GO:0001932)
GO:0036230,0.4099910430010219,0.9236758580947744,0.8745792223682421,36.00%,PRKCD;CTSG,GO_Biological_Process_2025__Granulocyte Activation (GO:0036230)
GO:0034035,0.4103969372260297,0.9234487232251992,0.8739829821597376,16.62%,TPST2;SULT1A1,GO_Biological_Process_2025__Purine Ribonucleoside Bisphosphate Metabolic Process (GO:0034035)
GO:0050427,0.4103969372260297,0.9234487232251992,0.8739829821597376,16.62%,TPST2;SULT1A1,GO_Biological_Process_2025__3'-Phosphoadenosine 5'-Phosphosulfate Metabolic Process (GO:0050427)
GO:0016567,0.2337264347497286,0.9211899014749836,0.8783912323032981,67.04%,UBE2O;TPP2;ELOC;UBE2H;USP5;FBXO7;NPEPPS;CTNNB1;UCHL3;UBAC1;ATG3;UBE2J1;TRIM25;VCP;USP9X;CUL2;CRBN;DDB1;UBA6;EIPR1;OS9;LNPEP;UBE2Q1;UBE2V2;VPS18;STUB1;RBCK1;UBE2K;CUL3;MYCBP2;USP7;RNF11;TRIM21;ARRB1;TRAF6;CUL5;UBA1;ISG15;VCPIP1;CAND1;UBE2V1;VPS11;CBL;HUWE1;ARIH2;RNF31;CCAR1;UBE3A;BIRC6;ARRDC1;SKP1,GO_Biological_Process_2025__Protein Ubiquitination (GO:0016567)
GO:0033209,0.3212008234858274,0.9198856727966792,0.8806712858011876,37.24%,RELA;STAT1;LIMS1;PTK2B;TMSB4X;IKBKB,GO_Biological_Process_2025__Tumor Necrosis Factor-Mediated Signaling Pathway (GO:0033209)
GO:0032489,-0.3628714173021299,-0.919872173012898,0.9905170613755596,63.79%,APOA1;APOC3;APOE;REPS1;NRP1,GO_Biological_Process_2025__Regulation of Cdc42 Protein Signal Transduction (GO:0032489)
GO:1903008,0.2745126838018953,0.9195141400634304,0.8809017427134892,60.14%,KIF5B;KLC1;HDAC6;VCP;CDK5RAP3;UFL1;DDRGK1;GOLGA2;PELO;PLIN3;MAP4;TRIM21;PRKAA1;MCTS1;HBS1L;DENR,GO_Biological_Process_2025__Organelle Disassembly (GO:1903008)
GO:0043116,0.3837589133036103,0.9193051519364024,0.8808212585436628,9.82%,PDE3A;ANGPT1,GO_Biological_Process_2025__Negative Regulation of Vascular Permeability (GO:0043116)
GO:0140131,0.3652688208808974,0.9192178751581128,0.8804721934253033,34.27%,STK39;WNK1;PTK2B;S100A7,GO_Biological_Process_2025__Positive Regulation of Lymphocyte Chemotaxis (GO:0140131)
GO:0006085,0.3624878565753329,0.9190933346194556,0.8801981391186143,48.92%,ACSS2;PDHA1;ACSS1;PDHX;PPCS,GO_Biological_Process_2025__acetyl-CoA Biosynthetic Process (GO:0006085)
GO:0008361,0.3095468228390973,0.9190637587946964,0.8797323952529786,64.57%,RAP1GAP2;RHOA;VAV1;LAMTOR5;RDX;LAMTOR4;PLEK;EZR;MSN;LARS1;MTOR;MTPN,GO_Biological_Process_2025__Regulation of Cell Size (GO:0008361)
GO:0006509,0.3326964049101434,0.9185251829644973,0.8803870601970978,30.30%,MYH9;PRKCQ;HM13;RBMX,GO_Biological_Process_2025__Membrane Protein Ectodomain Proteolysis (GO:0006509)
GO:1901136,0.3392748163633686,0.9184220993407218,0.8800557797572865,41.18%,DERA;GALK1;OGA;NAGA;STT3B,GO_Biological_Process_2025__Carbohydrate Derivative Catabolic Process (GO:1901136)
GO:0003382,0.4031004725786591,0.9182168866737798,0.8799677653943315,40.39%,RILPL2;CLDN3;COL18A1,GO_Biological_Process_2025__Epithelial Cell Morphogenesis (GO:0003382)
GO:0010881,0.3827984729759176,0.9182001268226844,0.8794765159419523,53.36%,ASPH;PRKCA;GSTM2;HRC;CAMK2D,GO_Biological_Process_2025__Reg of Cardiac Muscle Contraction by Reg of the Release of Sequestered Calcium Ion (GO:0010881)
GO:0043516,0.3877708283266164,0.9169270885003524,0.8817219312879873,55.57%,COPS3;PSMD10;CD44;CD74;DDX5,"GO_Biological_Process_2025__Regulation of DNA Damage Response, Signal Transduction by P53 Class Mediator (GO:0043516)"
GO:0010714,0.3567329081046403,0.9167399249435604,0.8815944489967692,53.89%,TGFB1;VSIR;SUCO;RGCC;VIM;F2R,GO_Biological_Process_2025__Positive Regulation of Collagen Metabolic Process (GO:0010714)
GO:0046329,0.3857371719105857,0.9166888548388928,0.8811755536461738,45.14%,TAOK3;PRMT1;DNAJA1;DUSP3,GO_Biological_Process_2025__Negative Regulation of JNK Cascade (GO:0046329)
GO:0051094,0.2338467986878738,0.9165968907186122,0.8808592391938983,39.65%,SORL1;MCU;CAMK1;FST;ARHGEF7;FGFR1;VLDLR;DCN;CTNNB1;NRXN1;RALA;LRP8;TGFB1;HSP90AB1;RTN4;PGAM5;CORO1B;LPL;RELN;SLC6A6;CCN2;CORO1C;ACVR1;MFF;PLCB1;SRC;RBBP4;DNM1L,GO_Biological_Process_2025__Positive Regulation of Developmental Process (GO:0051094)
GO:0010640,0.3509624329965181,0.9165130564359584,0.8805160229199271,62.32%,IL1R1;SNCA;HGS;F7;MMAB;PTPRJ;CBL,GO_Biological_Process_2025__Regulation of Platelet-Derived Growth Factor Receptor Signaling Pathway (GO:0010640)
GO:0048863,0.3190696610949902,0.916488499767051,0.8800546699199574,16.07%,FGFR2;PTPRC;CTNNB1,GO_Biological_Process_2025__Stem Cell Differentiation (GO:0048863)
GO:0002028,0.3858495528669121,0.9162981001308028,0.8799119873026283,61.48%,SLMAP;YWHAH;WNK1;DLG1;GPD1L;BPIFA1,GO_Biological_Process_2025__Regulation of Sodium Ion Transport (GO:0002028)
GO:1903828,0.2931343031769528,0.9155149282701736,0.8810287391614952,49.84%,ROCK2;APP;YWHAZ;VCP;PICALM;ANKRD13A;AKT1;NSFL1C;CTNNA1;NACA,GO_Biological_Process_2025__Negative Regulation of Protein Localization (GO:1903828)
GO:0071478,0.4067841178017355,0.9151149990097238,0.8813524792000107,59.38%,BRCC3;GRB2;MAPK14;EEF1D;TNKS1BP1,GO_Biological_Process_2025__Cellular Response to Radiation (GO:0071478)
GO:0006338,0.2612486525568098,0.9150430675896164,0.8809975795207834,40.41%,USP15;HDGF;HDAC6;BRCC3;PKN1;PRMT5;SIRT2;PRMT1;BABAM1;SFPQ;GPX1;RBBP4;UCHL5,GO_Biological_Process_2025__Chromatin Remodeling (GO:0006338)
GO:0030072,0.4034521252249692,0.914959414446449,0.8806241948198569,46.80%,CAMK2G;RAB1A;PDHX;TOR2A,GO_Biological_Process_2025__Peptide Hormone Secretion (GO:0030072)
GO:2001243,0.2703842102227841,0.9149526866570972,0.8801118726016977,48.14%,PPIF;FYN;CCAR2;NOL3;DDX3X;ARHGEF2;DNAJA1;TXNDC12;BCL2L1;SRC;AKT1;PTPN1;HYOU1;SOD2,GO_Biological_Process_2025__Negative Regulation of Intrinsic Apoptotic Signaling Pathway (GO:2001243)
GO:2000378,0.371210068613869,0.9145157486746704,0.8805121200765359,26.97%,HDAC6;MMP3;SIRT2,GO_Biological_Process_2025__Negative Regulation of Reactive Oxygen Species Metabolic Process (GO:2000378)
GO:0034612,0.2734120423390259,0.9142048839987832,0.8806676657112165,25.66%,ADAM10;ERBIN;RELA;ATL1;ASAH1;CASP3;ARHGEF2,GO_Biological_Process_2025__Response to Tumor Necrosis Factor (GO:0034612)
GO:1902230,0.3610708842216827,0.9140418817738916,0.880484620211114,49.55%,CCAR2;BCL2L1;MUC1;CD44;CD74,GO_Biological_Process_2025__Negative Regulation of Intrinsic Apoptotic Signaling Pathway in Response to DNA Damage (GO:1902230)
GO:0006084,0.3673460139994293,0.9139877416013676,0.8800731831575721,24.34%,MVD;ACSS2;ACSS1,GO_Biological_Process_2025__acetyl-CoA Metabolic Process (GO:0006084)
GO:0006811,0.295566464869659,0.9137663900296268,0.8800090710699442,49.82%,PLP2;SLC9A9;SLC9A1;P2RX1;WNK1;LASP1;SLC4A1;SLC25A1;PANX1;VDAC1,GO_Biological_Process_2025__Monoatomic Ion Transport (GO:0006811)
GO:0071219,0.2521750133693725,0.9130166946046676,0.8810843683531905,54.39%,HMGB2;RELA;RHOA;GIT1;ATL1;CHMP5;AXL;MMP3;UPF1;CTSG;MAPK14;PLAA;SERPINE1;VIM;PF4V1;NDUFA2;IL18;TRAF6;PAF1;HMGB1,GO_Biological_Process_2025__Cellular Response to Molecule of Bacterial Origin (GO:0071219)
GO:2000463,0.377462780186282,0.9128421552608698,0.8809068046323042,43.80%,NRXN1;RELN;PTK2B;NLGN1,GO_Biological_Process_2025__Positive Regulation of Excitatory Postsynaptic Potential (GO:2000463)
GO:2000622,-0.3245178603406555,-0.9128153924885936,0.9995059934684194,30.20%,PABPC1;RBM8A;SYNCRIP;NBAS;HNRNPAB,"GO_Biological_Process_2025__Regulation of Nuclear-Transcribed mRNA Catabolic Process, Nonsense-Mediated Decay (GO:2000622)"
GO:0033619,0.3014825666408593,0.9127713840804244,0.8805325413933693,32.12%,MYH9;TGFB1;PRKCQ;HM13;RBMX;AFG3L2,GO_Biological_Process_2025__Membrane Protein Proteolysis (GO:0033619)
GO:0006366,0.2896645101185659,0.912145579583876,0.88133185225812,7.56%,ELOC;ELOB;COPS2,GO_Biological_Process_2025__Transcription by RNA Polymerase II (GO:0006366)
GO:0050808,0.236417974513798,0.9121175189700677,0.8808744144750026,47.30%,DCTN1;APP;DBNL;GPC4;ARHGEF7;NRXN1;APPL1;PLXNB1;SNCA;CDH6;SLITRK1;AGRN;PLXNA4;SDF4;NRCAM;CBLN1;CX3CL1;HMCN2;GPHN;NLGN1;PLXNB3;L1CAM;CBLN2,GO_Biological_Process_2025__Synapse Organization (GO:0050808)
GO:0035337,0.3844343194524039,0.9118047408843096,0.881042991801591,1.26%,HSD17B4,GO_Biological_Process_2025__fatty-acyl-CoA Metabolic Process (GO:0035337)
GO:0030032,0.3154456471106193,0.9117556373817062,0.8806196954856182,44.38%,CYFIP1;ARHGEF7;DMTN;CARMIL1;ABLIM3;ARHGEF6;PARVB,GO_Biological_Process_2025__Lamellipodium Assembly (GO:0030032)
GO:0001889,0.3777243112035782,0.9111267900667288,0.8814100187970253,34.48%,PRKCSH;CDK5RAP3;PCSK9,GO_Biological_Process_2025__Liver Development (GO:0001889)
GO:1903532,0.2598743092349067,0.9108113480219624,0.8815522059547399,28.97%,SYTL4;CD2AP;ARF6;STXBP5;MYO18A;TGFB1;SNCA;RAB27B;UNC13D;RAB5A,GO_Biological_Process_2025__Positive Regulation of Secretion by Cell (GO:1903532)
GO:0090205,0.338084836906045,0.9103021736212644,0.8820706037003749,21.43%,PRKCA;KPNB1;LDLRAP1,GO_Biological_Process_2025__Positive Regulation of Cholesterol Metabolic Process (GO:0090205)
GO:0044088,0.3819157004720036,0.9094293164594622,0.8834155776509649,42.23%,EFNB1;RAB5A;RAB1B;MTM1,GO_Biological_Process_2025__Regulation of Vacuole Organization (GO:0044088)
GO:0071453,0.4002103602419142,0.9090192914659944,0.883766211414367,60.03%,NDUFS2;ATP6V0D1;ATP6V1G1;ATP6V1A;ATP6V0A2,GO_Biological_Process_2025__Cellular Response to Oxygen Levels (GO:0071453)
GO:0098883,-0.3536681567183802,-0.9088890111540326,0.978206449779007,64.71%,C1QC;C1QB;C3;ITGAM;CX3CL1,GO_Biological_Process_2025__Synapse Pruning (GO:0098883)
GO:0140105,0.397270544276209,0.9087057726758966,0.8839025725513379,4.10%,STAT3,GO_Biological_Process_2025__Interleukin-10-Mediated Signaling Pathway (GO:0140105)
GO:0007031,-0.3237769594950026,-0.9086130637214505,0.9686471956706612,67.70%,ACOX1;PEX14;PEX19;DNM1L;MFF;ACOT8,GO_Biological_Process_2025__Peroxisome Organization (GO:0007031)
GO:0055080,0.2969613551222685,0.9084921128697868,0.883828546093854,62.97%,ASPH;SNCA;PICALM;WNK1;SLC39A14;HEPH;NEO1;TFR2;FAM20A;SLC12A2,GO_Biological_Process_2025__Monoatomic Cation Homeostasis (GO:0055080)
GO:0002224,0.3061871211683401,0.9082987142424956,0.8837201741415613,43.54%,RELA;BTK;IRAK4;PLCG2;IKBKB;MAPKAPK3;CTSS;MAP3K7,GO_Biological_Process_2025__Toll-Like Receptor Signaling Pathway (GO:0002224)
GO:0050796,0.2827148338606438,0.9067155218528294,0.8865574378458448,42.54%,HADH;MCU;PRKCA;CHGA;PSMD9;EIPR1;ACSL4;GNAS;PPP3CB;PDHX,GO_Biological_Process_2025__Regulation of Insulin Secretion (GO:0050796)
GO:1902036,-0.3365763870628451,-0.9057481790140968,0.9712379650790508,66.41%,ITCH;PRKDC;EIF2AK2;TMSB4X;CCM2,GO_Biological_Process_2025__Regulation of Hematopoietic Stem Cell Differentiation (GO:1902036)
GO:0071902,0.2570457098652046,0.9049253467013548,0.889714864356901,44.98%,CAMK1;RHOA;PDGFRB;FGFR1;PDCD10;SYAP1;THBS1;CEMIP;SRC;RGCC;MAP2K2;PSMD10;CCNY;PDGFA;CIB1,GO_Biological_Process_2025__Positive Regulation of Protein Serine/Threonine Kinase Activity (GO:0071902)
GO:0030258,0.3517555384352601,0.9042234566707256,0.8906431043823568,62.95%,LPCAT3;MBOAT2;DGKG;ALOX12;EPHX2;MBOAT7;DGKA,GO_Biological_Process_2025__Lipid Modification (GO:0030258)
GO:0007498,0.3767089893099659,0.9038310345512862,0.8909513318202587,55.28%,BTK;MESD;HCK;JAK2,GO_Biological_Process_2025__Mesoderm Development (GO:0007498)
GO:1903371,0.4057417120713134,0.9033406295110072,0.8903958317906625,15.07%,RAB3GAP1;RAB3GAP2,GO_Biological_Process_2025__Regulation of Endoplasmic Reticulum Tubular Network Organization (GO:1903371)
GO:0010907,0.3802804291514045,0.903148407522205,0.8902730604838865,41.15%,AKT2;PRKAG1;DDB1;AKT1,GO_Biological_Process_2025__Positive Regulation of Glucose Metabolic Process (GO:0010907)
GO:0009083,0.3197533733930854,0.903080556619263,0.8898932647041434,29.94%,IVD;HMGCL;ALDH6A1;HIBADH;MCCC2,GO_Biological_Process_2025__Branched-Chain Amino Acid Catabolic Process (GO:0009083)
GO:2001214,0.4003692126824889,0.9029558648687248,0.8896247300363279,17.80%,RAP1A;RRAS,GO_Biological_Process_2025__Positive Regulation of Vasculogenesis (GO:2001214)
GO:0031670,0.4027844131514879,0.90210874479931,0.8903808771909376,29.88%,PRKCSH;LPL;PRMT1,GO_Biological_Process_2025__Cellular Response to Nutrient (GO:0031670)
GO:0046596,0.3583129641955652,0.9015930039136716,0.8909123378976906,54.39%,TRIM25;P4HB;NECTIN2;CD74;LGALS1;HMGB1,GO_Biological_Process_2025__Regulation of Viral Entry Into Host Cell (GO:0046596)
GO:0030888,0.325269379001952,0.9013616066266584,0.8908770964734716,11.76%,PTPRC;NCKAP1L,GO_Biological_Process_2025__Regulation of B Cell Proliferation (GO:0030888)
GO:0030097,0.2577150498692429,0.9007297854310904,0.8916934057991142,69.46%,IL7R;LYN;FGFR2;PTPRC;FST;RRAS;TGFB1;FSTL3;NOTCH2;MFAP5;INHBA;CSF1R;SBDS;JAG1;PLD4;PLEK;PDGFB;PRDX3;CD34;LCK;ARIH2;TGFBR3;PRRC2C;KITLG;TGFB2,GO_Biological_Process_2025__Hemopoiesis (GO:0030097)
GO:0010746,0.3970549566132001,0.9006723217573257,0.8912738679102059,60.35%,AKT2;THBS1;AKT1;ACSL5;IRS2,GO_Biological_Process_2025__Regulation of Long-Chain Fatty Acid Import Across Plasma Membrane (GO:0010746)
GO:0008584,-0.3534052064159874,-0.9004287096118243,0.9752505944939256,64.73%,KIT;TGFB2;KITLG;INHBA;CSDE1,GO_Biological_Process_2025__Male Gonad Development (GO:0008584)
GO:1901203,0.4010136528850061,0.9001759060325533,0.8917521335075879,49.68%,TGFB1;EMILIN1;RGCC;CLASP2,GO_Biological_Process_2025__Positive Regulation of Extracellular Matrix Assembly (GO:1901203)
GO:0010632,0.2685712377757837,0.8992501468281069,0.8930948629534727,38.66%,PPM1F;MACF1;PTK2;HDAC6;PLCG2;RTN4;RAB11A;CORO1C;DOCK5;SRC,GO_Biological_Process_2025__Regulation of Epithelial Cell Migration (GO:0010632)
GO:0060562,0.3050316863624022,0.8987784690849209,0.8935507243290283,49.32%,MTSS1;CTNNB1;PKN1;CSNK2B;PODXL;CCM2;CSF1R;BSG,GO_Biological_Process_2025__Epithelial Tube Morphogenesis (GO:0060562)
GO:0070371,0.3359390077921477,0.8984632935341968,0.893675558599196,62.61%,EGF;MAPK1;MAP2K2;KARS1;CTSH;ITGAV;MAP2K1,GO_Biological_Process_2025__ERK1 and ERK2 Cascade (GO:0070371)
GO:0042509,0.3736643221307489,0.898255604690078,0.892529742282175,55.28%,FGFR3;CCM2;CSF1R;IL18;JAK2,GO_Biological_Process_2025__Regulation of Tyrosine Phosphorylation of STAT Protein (GO:0042509)
GO:0042531,0.3736643221307489,0.898255604690078,0.892529742282175,55.28%,FGFR3;CCM2;CSF1R;IL18;JAK2,GO_Biological_Process_2025__Positive Regulation of Tyrosine Phosphorylation of STAT Protein (GO:0042531)
GO:0033157,0.3397585763318255,0.8976045500767288,0.8933741666956289,24.21%,ASPH;TGFB1;PDCD10,GO_Biological_Process_2025__Regulation of Intracellular Protein Transport (GO:0033157)
GO:0006740,0.3315724944323311,0.8971084245321848,0.8938823259387005,14.29%,NNT;DERA,GO_Biological_Process_2025__NADPH Regeneration (GO:0006740)
GO:0030855,0.2457438775082403,0.8954620608020673,0.8967216785019458,49.82%,RAB10;FGFR2;GSTK1;CPT1A;TOLLIP;FN3K;CTNNB1;CBR1;CASP6;AKT2;DAB2;CDHR2;CNN3;ANXA4;AKT1;PCNA;JAG1;DMBT1;ANXA7;VDAC1,GO_Biological_Process_2025__Epithelial Cell Differentiation (GO:0030855)
GO:1904262,0.3072512461102098,0.8952279925124895,0.8966787196544673,64.78%,YWHAG;PRKACB;PRKCA;YWHAZ;TBK1;USP7;SAR1A;SEC13;PRKAA1;UBE3A;SAR1B,GO_Biological_Process_2025__Negative Regulation of TORC1 Signaling (GO:1904262)
GO:0046854,0.3018580539715197,0.8951552431949549,0.896309155910334,41.26%,CLSTN1;PI4KA;PIP5K1C;ITPKB;PIP4K2A;PIK3R1;PIP4K2C;EFR3A,GO_Biological_Process_2025__Phosphatidylinositol Phosphate Biosynthetic Process (GO:0046854)
GO:0006631,0.2435220897345919,0.894575941753111,0.8969624481681083,47.95%,CPT1A;ACADM;ACADSB;CPT2;SLC27A4;LPL;LPIN2;CD36;ACOT8;ACSL4;GPX1;NDUFAB1;ALOX12;PCCA;ACSL1;CRAT;ACAD9;ACSL5;LIPG;ACSL3,GO_Biological_Process_2025__Fatty Acid Metabolic Process (GO:0006631)
GO:0051503,-0.348935051275309,-0.8942337586598317,0.9860430498403804,65.18%,SLC25A5;SLC35B2;LRRC8D;PANX1;SLC25A24,GO_Biological_Process_2025__Adenine Nucleotide Transport (GO:0051503)
GO:0008654,0.3983383192119168,0.8939338882002511,0.897790445180201,1.31%,VAPA,GO_Biological_Process_2025__Phospholipid Biosynthetic Process (GO:0008654)
GO:0006402,0.3243008294199213,0.8935449360591756,0.8980558563292326,55.57%,LSM2;SND1;SLFN14;LSM6;UPF1;DIS3L2;PNPT1;DDX5,GO_Biological_Process_2025__mRNA Catabolic Process (GO:0006402)
GO:0010212,0.3345880403387335,0.893399655190946,0.8978381302240893,59.38%,BABAM2;BRCC3;BABAM1;GRB2;MAPK14;PRKAA1;EEF1D;TNKS1BP1,GO_Biological_Process_2025__Response to Ionizing Radiation (GO:0010212)
GO:0051054,0.2777350186261665,0.8925098805966915,0.899171335622484,58.69%,PDGFRB;FAF1;BABAM2;PRKCQ;BRCC3;BABAM1;MAPK1;RGCC;UCHL5;PCNA;PDGFB;ACTL6A;RPS3;FGFR4,GO_Biological_Process_2025__Positive Regulation of DNA Metabolic Process (GO:0051054)
GO:0030890,0.3307323236549112,0.8920785281295557,0.8995579078510928,11.76%,PTPRC;NCKAP1L,GO_Biological_Process_2025__Positive Regulation of B Cell Proliferation (GO:0030890)
GO:1904951,0.3103035101797795,0.8919853235307097,0.8992350580948395,45.19%,TCP1;FYN;CEMIP;C2CD5;NMT1;CIB1;CHORDC1,GO_Biological_Process_2025__Positive Regulation of Establishment of Protein Localization (GO:1904951)
GO:0032790,-0.238346062681064,-0.8917364079258385,0.9873681680535176,76.26%,RACK1;ASCC2;TRIP4;NEMF;DENR;HBS1L;MCTS1;PELO;DDRGK1;UFL1;CDK5RAP3,GO_Biological_Process_2025__Ribosome Disassembly (GO:0032790)
GO:1903037,0.3967920063108073,0.8915128404391944,0.8991547182567122,60.37%,MIA3;WNK1;AKT1;ASS1;LCK,GO_Biological_Process_2025__Regulation of Leukocyte Cell-Cell Adhesion (GO:1903037)
GO:1901342,0.3120404521552826,0.8911057107879763,0.8994502239440169,55.80%,CTNNB1;TGFB1;PDCD10;CCM2;HTATIP2;CXCR4;GPNMB;PIK3CG,GO_Biological_Process_2025__Regulation of Vasculature Development (GO:1901342)
GO:0022900,0.3436852743955438,0.8910986812972348,0.8989462184435654,18.54%,SDHA;PDIA5;SDHB,GO_Biological_Process_2025__Electron Transport Chain (GO:0022900)
GO:0061008,0.3915329730599068,0.8910555251838818,0.8985191896304735,34.48%,PRKCSH;CDK5RAP3;PCSK9,GO_Biological_Process_2025__Hepaticobiliary System Development (GO:0061008)
GO:0019395,0.2727914699485571,0.8905261534766131,0.8980406626565958,10.79%,HSD17B4;HADH;DECR1;ACADM,GO_Biological_Process_2025__Fatty Acid Oxidation (GO:0019395)
GO:1903897,0.3320539408503948,0.8904335904867574,0.8977044421771654,60.19%,NCK2;DDRGK1;HSPA5;AKT1;PTPN1;NCK1;ATAD3A,GO_Biological_Process_2025__Regulation of PERK-mediated Unfolded Protein Response (GO:1903897)
GO:0061041,0.281632414101134,0.8889044990450059,0.9002432682272153,46.27%,PTK2;MYLK;MMRN1;DMTN;CLDN3;EPPK1;SERPINE1;ARFGEF1;GP1BA;VTN,GO_Biological_Process_2025__Regulation of Wound Healing (GO:0061041)
GO:0006289,0.3894619746321866,0.8882060508708681,0.9011736478643294,33.30%,RAD23A;RPA3;DDB1,GO_Biological_Process_2025__Nucleotide-Excision Repair (GO:0006289)
GO:0045667,0.2642231417264996,0.8882055348668736,0.9006573466522005,13.94%,FGFR2;LRP5;TNFAIP6;PTK2;PRKCA,GO_Biological_Process_2025__Regulation of Osteoblast Differentiation (GO:0045667)
GO:0038202,0.3463157894736843,0.8880771084674075,0.9003998387214874,65.44%,LAMTOR1;LAMTOR3;LAMTOR5;LAMTOR2;LAMTOR4;LARP1;MTOR;RPS6KA3,GO_Biological_Process_2025__TORC1 Signaling (GO:0038202)
GO:0071356,0.2573115937174174,0.8874475877102005,0.9011583779144468,37.24%,ERBIN;RELA;ACTN4;ATL1;ASAH1;STAT1;ARHGEF2;LIMS1;PTK2B;TMSB4X;IKBKB,GO_Biological_Process_2025__Cellular Response to Tumor Necrosis Factor (GO:0071356)
GO:0003015,0.3980987343065063,0.8869711024580414,0.9016281016924136,54.65%,FYN;GPX1;PPCS;RAMP3,GO_Biological_Process_2025__Heart Process (GO:0003015)
GO:0050856,0.2817571550558583,0.885809744032957,0.9034404300694192,60.37%,CD226;PTPRC;RELA;SLA2;IKBKG;NECTIN2;DUSP3;NCK1;PTPRJ;EZR;RPS3;CD81;LCK,GO_Biological_Process_2025__Regulation of T Cell Receptor Signaling Pathway (GO:0050856)
GO:0090114,0.2555656625175526,0.8856872073998263,0.9031728554483962,28.20%,VAPA;MIA3;PPP6C;VAPB;TMED2;SEC31A;SEC23A;SEC24C;SURF4;TRAPPC3,GO_Biological_Process_2025__COPII-coated Vesicle Budding (GO:0090114)
GO:0010837,0.3579117674970524,0.8852075538071265,0.9036553233933794,8.09%,FGFR2;CDH15,GO_Biological_Process_2025__Regulation of Keratinocyte Proliferation (GO:0010837)
GO:0061795,0.353854248881873,0.8847233602278691,0.9041315819686832,64.68%,ATP6V0C;ATP6AP2;ATP6V1F;ATP6V1H;ATP6V1A;ATP6V0A2;ATP6V1D,GO_Biological_Process_2025__Golgi Lumen Acidification (GO:0061795)
GO:0032147,0.2954449529955406,0.8840829193819137,0.9044176149359396,17.86%,PRKCD;ANGPT1;GAS6;FBN1,GO_Biological_Process_2025__Activation of Protein Kinase Activity (GO:0032147)
GO:1903035,0.3130203776091263,0.8838985301685516,0.9042625905815436,22.69%,STAT3;CERS2;GIT1;MMRN1,GO_Biological_Process_2025__Negative Regulation of Response to Wounding (GO:1903035)
GO:0050819,-0.2314985514880168,-0.8832379515907345,0.9997169814658238,76.94%,APOH;PROCR;APOE;PF4;THBD;TFPI;KNG1;VTN;SERPINE1;SERPINE2;PROC,GO_Biological_Process_2025__Negative Regulation of Coagulation (GO:0050819)
GO:0007507,0.2434951952836756,0.883137565115672,0.9052683371041318,45.61%,ECE1;BMP10;PTK2;MYH7;PCSK5;FBN1;TGFB1;PTPN11;NDUFV2;PRMT1;NOTCH1;PDLIM7;CCM2;WDR11;PDLIM5;PDLIM1;FN1;HEG1,GO_Biological_Process_2025__Heart Development (GO:0007507)
GO:0048709,0.3356879161724234,0.883086633167081,0.9048513566023472,42.52%,EIF2B3;PTPRZ1;EIF2B5;EIF2B2;EIF2B1,GO_Biological_Process_2025__Oligodendrocyte Differentiation (GO:0048709)
GO:0051894,0.3273575216678313,0.8830594545530811,0.9043863864046257,54.33%,ROCK1;PPM1F;LIMS1;NRP1;MAP4K4;S100A10;PTPRJ,GO_Biological_Process_2025__Positive Regulation of Focal Adhesion Assembly (GO:0051894)
GO:0072522,0.2846539700192855,0.882565422968958,0.9048028682318756,65.52%,ADSL;PRPSAP2;GMPS;PFAS;GART;PRPS2;PPCS;SHMT1;COASY;DCAKD;PAICS;PPCDC;MTHFD1,GO_Biological_Process_2025__Purine-Containing Compound Biosynthetic Process (GO:0072522)
GO:0043409,0.2567325124237549,0.8817184861816286,0.9059613732757756,58.67%,LYN;PTPRC;PRKCD;TAOK3;CDK5RAP3;EMILIN1;QARS1;PRMT1;FBLN1;PSMD10;PTPN1;DUSP3;STK38;DLG1;IGBP1;PTPRJ;EZR;AIDA,GO_Biological_Process_2025__Negative Regulation of MAPK Cascade (GO:0043409)
GO:0045786,0.3243362012166647,0.8813676211662794,0.9061626894653422,23.11%,IPO5;TGFB1;PROC,GO_Biological_Process_2025__Negative Regulation of Cell Cycle (GO:0045786)
GO:0070741,0.390963931699075,0.8805592516561792,0.90722856708689,21.06%,RELA;SELPLG,GO_Biological_Process_2025__Response to Interleukin-6 (GO:0070741)
GO:1990928,0.3035679323780012,0.8800563406506584,0.9076947382723132,61.37%,SH3GLB1;MAP3K5;MAPK1;EIF2S1;IMPACT;LARP1;EIF2AK2;LARS1;MTOR,GO_Biological_Process_2025__Response to Amino Acid Starvation (GO:1990928)
GO:0048388,0.3352787471202919,0.8799261032812011,0.907433051769308,49.92%,ATP6V0C;ATP6AP2;ATP6V0A1;ATP6V1F;ATP6V1H;ATP6V1A,GO_Biological_Process_2025__Endosomal Lumen Acidification (GO:0048388)
GO:0007519,0.349483396737595,0.8787282200309674,0.907755449374122,40.84%,MYH14;MYL6;SVIL;PPP3CB,GO_Biological_Process_2025__Skeletal Muscle Tissue Development (GO:0007519)
GO:0006820,0.3003586608881037,0.8786034786724953,0.9074888721684384,56.12%,ANO6;CLIC4;TTYH3;SLC4A1;PANX1;VDAC1;LRRC8D;CLIC1;CLCN4,GO_Biological_Process_2025__Monoatomic Anion Transport (GO:0006820)
GO:0009416,0.3831498602658485,0.8784721137366758,0.9072270758699684,19.75%,CCAR2;COPS3,GO_Biological_Process_2025__Response to Light Stimulus (GO:0009416)
GO:0033688,0.3403773269360067,0.878219438667966,0.9072145135241728,19.88%,FGFR2;RHOA;PLXNB1,GO_Biological_Process_2025__Regulation of Osteoblast Proliferation (GO:0033688)
GO:0045668,0.3214780744138507,0.877815537914176,0.9074826286775902,6.99%,LRP5;TNFAIP6,GO_Biological_Process_2025__Negative Regulation of Osteoblast Differentiation (GO:0045668)
GO:0009395,0.3101706951204813,0.8775939551564562,0.9074056766834324,10.58%,PLA2G4A;PRKCSH,GO_Biological_Process_2025__Phospholipid Catabolic Process (GO:0009395)
GO:1901532,-0.3365763870628451,-0.8773313659712411,1.0,66.41%,ITCH;PRKDC;KITLG;EIF2AK2;CCM2,GO_Biological_Process_2025__Regulation of Hematopoietic Progenitor Cell Differentiation (GO:1901532)
GO:0050687,-0.3104886615845296,-0.8772144565526808,1.0,39.47%,ITCH;C1QBP;ATG5;NT5C2;PCBP2,GO_Biological_Process_2025__Negative Regulation of Defense Response to Virus (GO:0050687)
GO:0046785,-0.243485127665175,-0.8758153513723047,1.0,75.74%,NDE1;TUBGCP2;ZNF207;TUBGCP3;CLASP2;MAP4;CKAP5;GOLGA2;SLAIN2,GO_Biological_Process_2025__Microtubule Polymerization (GO:0046785)
GO:0048660,0.2550613270197437,0.8753078968037593,0.9102690304877672,48.90%,PDGFRB;CTNNB1;TGFB1;STAT1;THBS1;CX3CL1;PIK3R1;AKT1;MFN2;RBPMS2;IL18;OGN,GO_Biological_Process_2025__Regulation of Smooth Muscle Cell Proliferation (GO:0048660)
GO:1901796,0.3079698379889195,0.8751572049738721,0.910075828508163,61.37%,RPS20;COPS3;CDK5RAP3;PRMT5;AKT1;RPL5;USP7;RPL23;MTOR,GO_Biological_Process_2025__Regulation of Signal Transduction by P53 Class Mediator (GO:1901796)
GO:0097061,0.3595521683966862,0.8750672885450569,0.9097218168153196,46.43%,FYN;ARHGEF7;DOCK10;CDC42,GO_Biological_Process_2025__Dendritic Spine Organization (GO:0097061)
GO:2001141,0.2351830462446784,0.8749992108697938,0.9093409186391332,30.04%,HCLS1;AEBP1;STAT3;MYCBP;DNM2;RELA;YBX1;HINT1;PRKCQ;CALR;PRMT5;HNRNPD;PRMT1;NOTCH1,GO_Biological_Process_2025__Regulation of RNA Biosynthetic Process (GO:2001141)
GO:2001257,0.3233011740363419,0.8742185733852452,0.9103846925259224,9.14%,ASPH;SLMAP,GO_Biological_Process_2025__Regulation of Cation Channel Activity (GO:2001257)
GO:0061621,0.3484377446643674,0.873635535061315,0.910537948126308,10.77%,ENO2;HOOK3,GO_Biological_Process_2025__Canonical Glycolysis (GO:0061621)
GO:0061718,0.3484377446643674,0.873635535061315,0.910537948126308,10.77%,ENO2;HOOK3,GO_Biological_Process_2025__Glucose Catabolic Process to Pyruvate (GO:0061718)
GO:0050832,0.3296103843985923,0.8731579558910755,0.9109492069163848,19.91%,APP;PLCG2,GO_Biological_Process_2025__Defense Response to Fungus (GO:0050832)
GO:0007600,0.3829498197656902,0.8721804611742315,0.9123462253839414,0.21%,CDH23,GO_Biological_Process_2025__Sensory Perception (GO:0007600)
GO:0048524,0.2807889856714912,0.8720072014524718,0.912175478469444,33.30%,RAD23A;VAPB;DDX3X;AXL;RAB7A;DDB1,GO_Biological_Process_2025__Positive Regulation of Viral Process (GO:0048524)
GO:0060070,0.3503927386532338,0.8719582321622186,0.9117608645792168,28.97%,LRP5;CTNNB1;RAB5A,GO_Biological_Process_2025__Canonical Wnt Signaling Pathway (GO:0060070)
GO:0051963,0.2697590309471911,0.8718135685577204,0.9115235610072324,66.96%,APP;GPC4;NRXN1;CLSTN1;SNCA;SLITRK1;PDLIM5;EIF4G1;NLGN1;MYCBP2;RHOG;CLSTN3;CYFIP2;LRRC4B;RAP2A,GO_Biological_Process_2025__Regulation of Synapse Assembly (GO:0051963)
GO:0006103,0.3865001171205089,0.8714946361207272,0.9116217284531426,21.66%,OGDH;IDH2,GO_Biological_Process_2025__2-Oxoglutarate Metabolic Process (GO:0006103)
GO:0050866,0.3533247297568341,0.870782197469255,0.9120086667132704,25.03%,PDGFRA;LDLR;EMILIN1,GO_Biological_Process_2025__Negative Regulation of Cell Activation (GO:0050866)
GO:1904752,0.3482782337412636,0.869694521881877,0.913616420022634,13.10%,PRKG1;TPM1,GO_Biological_Process_2025__Regulation of Vascular Associated Smooth Muscle Cell Migration (GO:1904752)
GO:0031163,0.3333184756087317,0.8695011493013347,0.9129733678728515,42.33%,GLRX3;CIAPIN1;NDUFAB1;CIAO1;NUBP2,GO_Biological_Process_2025__Metallo-Sulfur Cluster Assembly (GO:0031163)
GO:0016226,0.3333184756087317,0.8695011493013347,0.9129733678728515,42.33%,GLRX3;CIAPIN1;NDUFAB1;CIAO1;NUBP2,GO_Biological_Process_2025__Iron-Sulfur Cluster Assembly (GO:0016226)
GO:0045089,0.3124137808769818,0.8691255959632774,0.9132078875615134,5.51%,MAVS;CPT1A,GO_Biological_Process_2025__Positive Regulation of Innate Immune Response (GO:0045089)
GO:0051346,0.2903908826872601,0.8689465778216664,0.9130492042782282,45.43%,TMED2;RDX;ARFGEF1;GMIP;ARL2;CHORDC1;PLXNB3,GO_Biological_Process_2025__Negative Regulation of Hydrolase Activity (GO:0051346)
GO:0043304,0.3605055162171116,0.8687047807624543,0.91299660079305,42.28%,LYN;UNC13D;STXBP2;FGR,GO_Biological_Process_2025__Regulation of Mast Cell Degranulation (GO:0043304)
GO:0031929,0.3092439271615695,0.8683366129898764,0.913241187561099,65.44%,LAMTOR1;LAMTOR3;LAMTOR5;SYAP1;LAMTOR2;LAMTOR4;LARP1;TIPRL;MTOR;RPS6KA3,GO_Biological_Process_2025__TOR Signaling (GO:0031929)
GO:0033138,0.3227055172840187,0.8681032803453149,0.9131951469834492,40.97%,STK4;PKN1;PDCD10;CCM2;EIF4G1,GO_Biological_Process_2025__Positive Regulation of Peptidyl-Serine Phosphorylation (GO:0033138)
GO:0000041,0.3647308371462505,0.8680806788998701,0.9127339697147192,61.13%,ATP2C1;SLC30A1;FTH1;TFR2;TMEM165,GO_Biological_Process_2025__Transition Metal Ion Transport (GO:0000041)
GO:0006801,-0.1934633632050606,-0.8676900782496281,1.0,80.75%,MB;APOA4;PRDX2;SOD1;CYBB;PARK7;RAC2;PRDX1;SH3PXD2B;SH3PXD2A;SOD2;ALOX12;SOD3;CCS,GO_Biological_Process_2025__Superoxide Metabolic Process (GO:0006801)
GO:0009206,0.3622823150418488,0.8674970704696905,0.9134015043422776,34.01%,ATP5F1C;TGFB1;ATP5PO,GO_Biological_Process_2025__Purine Ribonucleoside Triphosphate Biosynthetic Process (GO:0009206)
GO:0046006,-0.2296881208378346,-0.8672053369051068,1.0,53.49%,IGFBP2;PDCD1LG2;PYCARD;IGF1;PRNP;SCRIB;PPP3CA;RPS3;HMGB1;IL18;CRTAM,GO_Biological_Process_2025__Regulation of Activated T Cell Proliferation (GO:0046006)
GO:0050729,0.2379855175496625,0.8667492051447924,0.9143598101972044,50.55%,APP;VAMP7;VAMP8;GPSM3;ATL1;TGFB1;PLCG2;SNCA;CASP3;LPL;CCM2;CX3CL1;GSDMD;CD47;SERPINE1;NMI;IL18;IFI35,GO_Biological_Process_2025__Positive Regulation of Inflammatory Response (GO:0050729)
GO:0009411,0.2724439886716168,0.8666523976817253,0.9140119985058374,43.72%,IVL;PRKCD;RELA;CCAR2;SDF4;DDB1;GPX1;PCNA;EIF2S1,GO_Biological_Process_2025__Response to UV (GO:0009411)
GO:0006865,-0.3100999473961073,-0.8664073893327,1.0,69.07%,SLC3A2;SLC7A5;SLC7A1;SLC1A5;SLC6A4;SLC6A6,GO_Biological_Process_2025__Amino Acid Transport (GO:0006865)
GO:0006622,0.2986206519349095,0.8662193186577563,0.9143491502535834,37.55%,SORL1;M6PR;RAB7A;VPS4A;HGS,GO_Biological_Process_2025__Protein Targeting to Lysosome (GO:0006622)
GO:0010605,0.3617508701900125,0.8654906770263372,0.9152136224806648,34.48%,LDLR;OPTN;PCSK9,GO_Biological_Process_2025__Negative Regulation of Macromolecule Metabolic Process (GO:0010605)
GO:0009894,0.2649935185752204,0.8650526573085077,0.9155283251332692,40.15%,ITPR1;CISD2;FAF1;HDAC6;VPS29;PTK2B;PIP4K2A;HGS;CHMP6;PIP4K2C,GO_Biological_Process_2025__Regulation of Catabolic Process (GO:0009894)
GO:2001252,0.3618913093122011,0.8649790691740417,0.9151663765239928,49.87%,RAB33B;PRKCQ;MAPK1;RAD21,GO_Biological_Process_2025__Positive Regulation of Chromosome Organization (GO:2001252)
GO:1904292,0.2987818451992179,0.8647641882615018,0.9150526149776532,15.47%,BCAP31;TMX1;SGTA,GO_Biological_Process_2025__Regulation of ERAD Pathway (GO:1904292)
GO:0071333,0.3285306681480297,0.8647352424771638,0.9146009321399232,59.69%,PRKCA;GAS6;SLC39A14;PDHX;PRKAA1;SELENOT,GO_Biological_Process_2025__Cellular Response to Glucose Stimulus (GO:0071333)
GO:0030388,-0.3273731264790954,-0.8643943300058422,1.0,67.33%,FBP1;ALDOC;PFKL;PFKP;PFKM,"GO_Biological_Process_2025__Fructose 1,6-Bisphosphate Metabolic Process (GO:0030388)"
GO:0141188,0.360691576930526,0.8639573241775039,0.9156063275967504,27.02%,DNASE1;HNRNPD,GO_Biological_Process_2025__Nucleic Acid Catabolic Process (GO:0141188)
GO:0008285,0.2117234367833848,0.8639164800866711,0.9151827504256888,57.67%,APPL2;LYN;CGREF1;EMD;TGFB1I1;STRN;ADAMTS8;APP;NCK2;MTSS1;ADAMTS1;CTNNB1;TGFB1;PLXNB1;PKN1;PROC;CSNK2B;PODN;P3H1;TESC;CLDN3;NOTCH1;THBS1;CCM2;FBLN1;PTK2B;HGS;COPS8;RBBP4;INHBA;RGCC;DNAJB2;COL18A1;EPPK1;MFN2;CIB1;TNN;NMI;SOD2;OGN;IFI35;GPNMB;F2R;PTPRJ;DIS3L2;FTH1;JAK2;PTPRK;EIF2AK2;PTPN6,GO_Biological_Process_2025__Negative Regulation of Cell Population Proliferation (GO:0008285)
GO:0035987,0.2688728170832734,0.863760466543088,0.9149488977595764,64.13%,LAMA4;COL12A1;ITGB5;ITGA4;LAMB1;INHBA;FN1;VTN;ITGA5;PAF1;COL11A1;ITGAV;ITGA7;ITGB2,GO_Biological_Process_2025__Endodermal Cell Differentiation (GO:0035987)
GO:0051549,0.3834656168156469,0.8637128494154351,0.9145245159861616,38.42%,ARF6;MAPRE2;MAP4K4,GO_Biological_Process_2025__Positive Regulation of Keratinocyte Migration (GO:0051549)
GO:0006040,0.3844844489388671,0.8636343918953225,0.9141454075161124,50.60%,FN3K;GFPT1;ST3GAL1,GO_Biological_Process_2025__Amino Sugar Metabolic Process (GO:0006040)
GO:1903214,0.2921426055951708,0.8636141316749055,0.9136793489569862,14.52%,LMAN1;NPEPPS;SH3GLB1,GO_Biological_Process_2025__Regulation of Protein Targeting to Mitochondrion (GO:1903214)
GO:1903672,-0.2556033885681691,-0.8635581660491818,1.0,54.83%,CLIC3;FUT1;TJP1;PKM;JAK1;DSG2;ITGA5;TNN,GO_Biological_Process_2025__Positive Regulation of Sprouting Angiogenesis (GO:1903672)
GO:0006206,0.3808288659399164,0.8634575646759922,0.9134413905455364,2.15%,DPYSL2,GO_Biological_Process_2025__Pyrimidine Nucleobase Metabolic Process (GO:0006206)
GO:0032677,0.2454785130614248,0.8620029393023043,0.9151932399691664,58.61%,MAVS;STAT3;PTPRC;RELA;LAMTOR5;FCN1;ANXA4;RAB1A;SERPINE1;NDUFA2;CD74;SYK;ARRB1;F2R;HMGB1;CSRP1;GDF2,GO_Biological_Process_2025__Regulation of Interleukin-8 Production (GO:0032677)
GO:0045638,-0.2990531299316149,-0.8616288287746094,1.0,70.17%,HSPA9;PF4;PAF1;CIB1;PTK2B;PRMT1,GO_Biological_Process_2025__Negative Regulation of Myeloid Cell Differentiation (GO:0045638)
GO:0060337,0.328735208275934,0.8611998737113856,0.9156615064684244,63.16%,MAVS;STAT1;IFITM2;TBK1;IFITM3;JAK1;OAS3,GO_Biological_Process_2025__Type I Interferon-Mediated Signaling Pathway (GO:0060337)
GO:0071357,0.328735208275934,0.8611998737113856,0.9156615064684244,63.16%,MAVS;STAT1;IFITM2;TBK1;IFITM3;JAK1;OAS3,GO_Biological_Process_2025__Cellular Response to Type I Interferon (GO:0071357)
GO:0042058,0.2621521407521144,0.8607241983056678,0.9160544460858572,19.09%,PTPN12;TSG101;MVP;RALA;TGFB1,GO_Biological_Process_2025__Regulation of Epidermal Growth Factor Receptor Signaling Pathway (GO:0042058)
GO:0000302,0.2700459780081196,0.8603200353094403,0.9163158584777514,59.22%,PDGFRA;FYN;TPM1;MMP3;S100A7;GPX1;SRC;TXNRD2;PRDX3;PTPRK;FER;RPS3;PEX14,GO_Biological_Process_2025__Response to Reactive Oxygen Species (GO:0000302)
GO:0031396,0.2348256809009195,0.8599219485347271,0.9165508867763008,57.62%,ANGPT1;CTNNB1;HSP90AA1;HSP90AB1;CDK5RAP3;USP4;UFL1;VPS28;DNAJA1;WNK1;PSMD10;DNAJB2;AKT1;UBXN1;STUB1;SQSTM1;CHORDC1;CUL3;MYCBP2;ARRB1;TRAF6;BAG5;BAG2;ISG15;RPS3,GO_Biological_Process_2025__Regulation of Protein Ubiquitination (GO:0031396)
GO:0007157,0.2630812805089842,0.8597545447193985,0.9163661862782152,47.82%,FAT4;DCHS1;NRXN1;CBLN1;SCARF1;ITGAL;CADM1;NLGN1;CRTAM;CEACAM5,GO_Biological_Process_2025__Heterophilic Cell-Cell Adhesion via Plasma Membrane Cell Adhesion Molecules (GO:0007157)
GO:0045050,0.3796800661392454,0.8590634581973443,0.9171559291694548,47.37%,WNK1;EMC7;EMC3;EMC2,GO_Biological_Process_2025__Protein Insertion Into ER Membrane by Stop-Transfer Membrane-Anchor Sequence (GO:0045050)
GO:0010884,0.3524122002184098,0.8587072638691128,0.9172962090485608,41.10%,EHD1;LPL;PLIN3,GO_Biological_Process_2025__Positive Regulation of Lipid Storage (GO:0010884)
GO:0015718,0.2952924831857895,0.8585407396648235,0.9171027238983912,48.03%,LYN;SLC16A3;ABCC4;SLC27A4;CD36;ACSL1;LYPLA1,GO_Biological_Process_2025__Monocarboxylic Acid Transport (GO:0015718)
GO:0042098,0.3281276373975278,0.8584886670542692,0.9161880800595528,59.11%,DOCK8;CTPS1;CADM1;PPP3CB;CRTAM;PIK3CG;MSN,GO_Biological_Process_2025__T Cell Proliferation (GO:0042098)
GO:0006629,0.2144789690449595,0.8584112270640522,0.9158303476565952,42.02%,PLIN1;PLCB2;PDE3A;CPT1A;MGLL;ACSS2;ABHD11;LDLR;ATP5F1A;LRP8;CPNE1;LPCAT3;HMGCL;ACADSB;AGPS;SLC27A4;TMEM43;SIRT2;LPL;LPIN2;DHRS4;CD36;MTTP;PITPNB;ACSL4;MBOAT2;DGKG;PLAA;ALOX12;PCCA;ACSL1;MGST3;UBL4A,GO_Biological_Process_2025__Lipid Metabolic Process (GO:0006629)
GO:0051250,0.3278919022939252,0.8581095942568235,0.915910349208508,50.95%,HLA-E;UFL1;CTSG;JAK3;DUSP3;GPNMB,GO_Biological_Process_2025__Negative Regulation of Lymphocyte Activation (GO:0051250)
GO:2000146,0.2272004583378712,0.8579601261867922,0.9156856991271634,45.54%,STK24;WAS;MIA3;RAP2B;BMP10;STK26;TPM1;CLIC4;ARHGAP4;EMILIN2;PODN;EMILIN1;CLDN5;CLDN3;FBLN1;CX3CL1;RBBP4;EPPK1;SERPINE1;DUSP3;PLXNB3;JAG1,GO_Biological_Process_2025__Negative Regulation of Cell Motility (GO:2000146)
GO:0072359,0.2467101412811278,0.8575564242556916,0.9159560076236258,57.33%,ECE1;PCSK5;FBN1;TGFB1;PTPN11;NOTCH1;PDLIM7;CCM2;WDR11;FLT4;PDLIM5;PDLIM1;FN1;HEG1;PDGFB;CACYBP;SH3PXD2B;HSPG2,GO_Biological_Process_2025__Circulatory System Development (GO:0072359)
GO:0071635,-0.3376281882724165,-0.8575317924895354,1.0,66.31%,TYROBP;FURIN;TSKU;FN1;FBLN1,GO_Biological_Process_2025__Negative Regulation of Transforming Growth Factor Beta Production (GO:0071635)
GO:0010756,-0.3371022876676308,-0.8569931650263478,1.0,66.36%,CLEC3B;F12;ENO1;S100A10;PLGRKT,GO_Biological_Process_2025__Positive Regulation of Plasminogen Activation (GO:0010756)
GO:0003073,0.3811255857451485,0.8568168383094162,0.9168323167189728,7.06%,PLCB3,GO_Biological_Process_2025__Regulation of Systemic Arterial Blood Pressure (GO:0003073)
GO:0006665,0.3269310130909566,0.8567704938972628,0.9164136434771396,23.82%,CERS2;HACD4;TM9SF2,GO_Biological_Process_2025__Sphingolipid Metabolic Process (GO:0006665)
GO:0033673,0.2776200998520358,0.8564273318488622,0.9165319700558148,25.29%,GNAQ;PTPRC;YWHAG;SNCA;RTRAF,GO_Biological_Process_2025__Negative Regulation of Kinase Activity (GO:0033673)
GO:0043604,0.2660774298454056,0.8552643798697138,0.9182119721455804,64.29%,VAPA;LDLR;CERS2;ASAH1;GGT7;GCLM;MYCBP2;PPCS;COASY;SLC25A15;ASS1;ACOT7;AGK;DCAKD;PPCDC,GO_Biological_Process_2025__Amide Biosynthetic Process (GO:0043604)
GO:0014910,0.2914592676679206,0.8548637308068068,0.9184488840590824,53.60%,SORL1;PDGFRB;NRP1;PDGFA;SERPINE1;VTN;PDGFB,GO_Biological_Process_2025__Regulation of Smooth Muscle Cell Migration (GO:0014910)
GO:0045724,0.3621960853634961,0.8548297126374539,0.9180097646946902,43.64%,ASAP1;RAB11FIP3;SLC6A4;SEPTIN7,GO_Biological_Process_2025__Positive Regulation of Cilium Assembly (GO:0045724)
GO:0009311,0.2777502420248516,0.8541450777424162,0.918795898276258,50.16%,ST8SIA4;MAN1B1;MPDU1;NAGA;ST8SIA5;ST3GAL6;FUT8;B4GALT1,GO_Biological_Process_2025__Oligosaccharide Metabolic Process (GO:0009311)
GO:0034446,0.2631833832834824,0.8540575614059843,0.9184593470814786,47.51%,LAMA5;ITGB3;RHOA;VAMP3;LAMC1;ITGA4;LAMB1;PIK3R1;FN1;PARVB;ILK,GO_Biological_Process_2025__Substrate Adhesion-Dependent Cell Spreading (GO:0034446)
GO:0007601,-0.202161307327359,-0.8538134952572007,1.0,79.88%,COL2A1;WFS1;CRYZ;ATF6;REEP6;COL1A1;EFEMP1;PITPNA;EML2;COL11A1;COL18A1;LUM;RABGGTB;RABGGTA,GO_Biological_Process_2025__Visual Perception (GO:0007601)
GO:0043488,0.2573033971681521,0.8536659348963219,0.9186875358323182,26.39%,ROCK2;ROCK1;PRKCD;PRKCA;YBX1;SERBP1;FTO,GO_Biological_Process_2025__Regulation of mRNA Stability (GO:0043488)
GO:0046148,-0.2731578947368421,-0.8530802152511419,1.0,72.77%,HMBS;CPOX;ALAD;PPOX;PGRMC1;FECH;UROD;PARD3,GO_Biological_Process_2025__Pigment Biosynthetic Process (GO:0046148)
GO:0042311,0.357317177913806,0.8528146653905326,0.9197424822687268,59.64%,PTPN11;PECAM1;SRC;SOD2;KNG1,GO_Biological_Process_2025__Vasodilation (GO:0042311)
GO:0030042,-0.2670119667444667,-0.8526755657833621,1.0,50.58%,GSN;TWF1;VIL1;MICAL3;WDR1;DSTN;TWF2,GO_Biological_Process_2025__Actin Filament Depolymerization (GO:0030042)
GO:0045930,0.3642080724873469,0.8523402418700299,0.9201707174478948,16.07%,TOM1L2;CTNNB1,GO_Biological_Process_2025__Negative Regulation of Mitotic Cell Cycle (GO:0045930)
GO:0000288,0.3812663739902207,0.8513823385347421,0.9214181444095804,20.59%,LSM1;DCPS,"GO_Biological_Process_2025__Nuclear-Transcribed mRNA Catabolic Process, Deadenylation-Dependent Decay (GO:0000288)"
GO:1902751,0.3745032990237701,0.8512394272410789,0.9211616063885544,29.75%,RAB11A;VPS4B,GO_Biological_Process_2025__Positive Regulation of Cell Cycle G2/M Phase Transition (GO:1902751)
GO:0042168,-0.1939905113336847,-0.8507752765670108,1.0,80.70%,HPX;BLVRB;HMBS;HMOX2;CPOX;AMBP;ALAD;ABCC1;BLVRA;PPOX;PGRMC1;FECH;UROD;ABCB6,GO_Biological_Process_2025__Heme Metabolic Process (GO:0042168)
GO:0030323,0.3364406032439797,0.8506437988005286,0.9217214309263264,17.57%,FGFR2;PCSK5,GO_Biological_Process_2025__Respiratory Tube Development (GO:0030323)
GO:0060586,0.3761317550852748,0.8506395502215259,0.9212269115235396,59.56%,PICALM;HEPH;NEO1;TFR2,GO_Biological_Process_2025__Multicellular Organismal-Level Iron Ion Homeostasis (GO:0060586)
GO:0051984,0.377734994322226,0.8496784536535773,0.9219134493457736,26.97%,RAB33B;SIRT2,GO_Biological_Process_2025__Positive Regulation of Chromosome Segregation (GO:0051984)
GO:0051965,0.3208150724896139,0.8496512866356124,0.921466745394286,25.05%,NRXN1;CLSTN1;SLITRK1,GO_Biological_Process_2025__Positive Regulation of Synapse Assembly (GO:0051965)
GO:0042102,-0.1595955457757753,-0.8496090648094767,1.0,52.42%,IGFBP2;PDCD1LG2;TFRC;PYCARD;ANXA1;IGF1;LEP;IL6ST;CCL5;CD276;PPP3CA;LILRB2;EBI3;VCAM1;HLA-DRB3;SLC7A1;CD46;RPS3;JAK2;HMGB1;NCK1;IL18;HLA-DPA1,GO_Biological_Process_2025__Positive Regulation of T Cell Proliferation (GO:0042102)
GO:0050778,0.2462268157160569,0.8495881864402989,0.9210831320164644,13.42%,CD226;PTPRC;CPT1A;PSMA7;STX4,GO_Biological_Process_2025__Positive Regulation of Immune Response (GO:0050778)
GO:0071675,0.3348840077976003,0.8487014522006299,0.9221802480592228,12.58%,LYN;STK10,GO_Biological_Process_2025__Regulation of Mononuclear Cell Migration (GO:0071675)
GO:0030513,0.3365544243250393,0.8485244033352334,0.9220029826648668,48.32%,UBE2O;NOTCH1;SMAD2;NUMA1,GO_Biological_Process_2025__Positive Regulation of BMP Signaling Pathway (GO:0030513)
GO:0030509,0.3054195476702114,0.8479402646081915,0.9225529758286198,7.72%,USP15;BMP10,GO_Biological_Process_2025__BMP Signaling Pathway (GO:0030509)
GO:2000736,0.2680394797875911,0.846138079477749,0.9253528662818616,56.78%,PDGFRA;SMYD5;MTCH2;OCIAD1;NOTCH1;CCM2;RBBP4;JAG1;NUDT21;EIF2AK2,GO_Biological_Process_2025__Regulation of Stem Cell Differentiation (GO:2000736)
GO:0034341,0.259584770756749,0.8458242429885418,0.9254185746500032,54.60%,EPRS1;ATL1;STAT1;SNCA;IFITM2;CD47;IFITM3;HLA-DPA1;CD74;LONP1;TRIM21;BST2,GO_Biological_Process_2025__Response to Type II Interferon (GO:0034341)
GO:0006699,-0.3236918222455956,-0.8457399619506972,1.0,67.70%,HSD17B10;OSBPL9;OSBP;OSBPL2;ACOT8,GO_Biological_Process_2025__Bile Acid Biosynthetic Process (GO:0006699)
GO:1900748,0.371285826978701,0.8456776484872199,0.9251722041151396,62.92%,ITGB3;VTN;ITGA5;TNXB;ITGB1,GO_Biological_Process_2025__Positive Regulation of Vascular Endothelial Growth Factor Signaling Pathway (GO:1900748)
GO:0036295,0.3498202704977224,0.8455845831177262,0.9248376127722038,60.03%,ATP6V0D1;ATP6V1G1;ATP6V1A;ATP6AP1;ATP6V0A2,GO_Biological_Process_2025__Cellular Response to Increased Oxygen Levels (GO:0036295)
GO:0080135,0.2570630605953072,0.8452759328534761,0.9249221402133604,61.37%,ROCK2;MANF;BABAM2;COPS3;BRCC3;BABAM1;SF3B3;UCHL5;EIF4G1;UBE2V2;CHORDC1;ACTL6A;DNAJC7;MAPKAPK2;UBE2V1;MTOR,GO_Biological_Process_2025__Regulation of Cellular Response to Stress (GO:0080135)
GO:0007249,0.2869109274653689,0.8451362740928723,0.9246961397054898,61.58%,PRDX4;RELA;MYO18A;IKBKG;IKBKB;MAP3K7;TBK1;TRAF6;NFKB1;CHUK,GO_Biological_Process_2025__Canonical NF-kappaB Signal Transduction (GO:0007249)
GO:0032869,0.2305525395931477,0.8445345239487374,0.9253011373204596,41.15%,RAB10;EPRS1;RAB13;APPL1;PROC;MYO5A;SLC27A4;SYAP1;LPIN2;AKT2;AP3S1;GRB2;PCSK9;C2CD5;PIK3R1;SLC39A14;AKT1,GO_Biological_Process_2025__Cellular Response to Insulin Stimulus (GO:0032869)
GO:0032456,0.2337659652982716,0.8445116555858689,0.9243364472416524,40.52%,EPS15;CMTM6;ARF6;RAB13;EHD4;EHD2;EHD3;EHD1;VPS29;STX12;RAB11FIP3;RAB7A;VPS26A;EIPR1;HGS;RAB14;RAB8B,GO_Biological_Process_2025__Endocytic Recycling (GO:0032456)
GO:1903902,0.2900426796796647,0.8444481799855937,0.9239651344483856,54.39%,TSG101;P4HB;VPS4A;VPS37B;BSG;CD74;LGALS1;HMGB1,GO_Biological_Process_2025__Positive Regulation of Viral Life Cycle (GO:1903902)
GO:0045542,0.3766207103808314,0.8443175640007513,0.9232343250506396,53.41%,PRKCA;KPNB1;MAPK1;PRKAA1,GO_Biological_Process_2025__Positive Regulation of Cholesterol Biosynthetic Process (GO:0045542)
GO:0106120,0.3766207103808314,0.8443175640007513,0.9232343250506396,53.41%,PRKCA;KPNB1;MAPK1;PRKAA1,GO_Biological_Process_2025__Positive Regulation of Sterol Biosynthetic Process (GO:0106120)
GO:0044208,0.3728484530099499,0.844180200694084,0.922992580693382,37.89%,PFAS;GART;ATIC,GO_Biological_Process_2025__'De Novo' AMP Biosynthetic Process (GO:0044208)
GO:0071474,0.3371415909064348,0.8438055096344949,0.9232033463970098,32.96%,STK39;ARHGEF2;WNK1,GO_Biological_Process_2025__Cellular Hyperosmotic Response (GO:0071474)
GO:0042177,0.2558581340585097,0.8437609260406348,0.9227674049470104,50.11%,ROCK1;SNCA;HSP90AB1;CDK5RAP3;PSMF1;FLNA;SIRT2;TIMP3;SF3B3;GABARAPL2;CTSA;SNX3,GO_Biological_Process_2025__Negative Regulation of Protein Catabolic Process (GO:0042177)
GO:0031399,0.2886465509477292,0.8437126255429751,0.922357883727692,18.78%,LYN;PTK2;CCAR2;ATG7,GO_Biological_Process_2025__Regulation of Protein Modification Process (GO:0031399)
GO:0009891,0.2404656941510173,0.8435742495825581,0.9221038971537394,67.75%,MIA3;APP;TGFB1;PLCG2;HSP90AA1;HSP90AB1;PRKAG1;SUCO;CD36;DDB1;RGCC;AKT1;VIM;DDAH2;F2R;ASS1;MTOR;MTPN;PIK3CB;ASL;PRDX5,GO_Biological_Process_2025__Positive Regulation of Biosynthetic Process (GO:0009891)
GO:0060314,-0.3257954246647384,-0.8435396497894081,1.0,67.49%,FKBP1A;GSTO1;SRI;CAMK2D;GSTM2,GO_Biological_Process_2025__Regulation of Ryanodine-Sensitive Calcium-Release Channel Activity (GO:0060314)
GO:0010955,-0.2759800052617732,-0.8427091401063095,1.0,72.48%,SERPINF2;PRNP;CTSZ;FURIN;SERPINE1;THBS1;SERPINE2,GO_Biological_Process_2025__Negative Regulation of Protein Processing (GO:0010955)
GO:0044273,0.2979489133563079,0.8424744873653048,0.923573820772714,39.81%,SUCLA2;GGT7;SUCLG1;SUCLG2;HPSE,GO_Biological_Process_2025__Sulfur Compound Catabolic Process (GO:0044273)
GO:1900027,-0.3152774125690245,-0.8414334935523128,1.0,68.54%,FAM98A;PFN1;EVL;NLGN1;RDX,GO_Biological_Process_2025__Regulation of Ruffle Assembly (GO:1900027)
GO:0048813,0.3143714058145245,0.8414042487153978,0.9249861165933606,49.03%,ARHGEF7;MINK1;DOCK10;CDC42;METAP2,GO_Biological_Process_2025__Dendrite Morphogenesis (GO:0048813)
GO:0001706,0.2636604644112861,0.8411070826900106,0.9250149218588096,64.13%,LAMA4;COL12A1;ITGB5;ITGA4;LAMB1;INHBA;FN1;VTN;ITGA5;COL11A1;ITGAV;ITGA7;ITGB2,GO_Biological_Process_2025__Endoderm Formation (GO:0001706)
GO:0051216,0.2805879827530567,0.8408780095073087,0.9249185137235976,48.98%,FGFR3;TGFB1;COL11A2;DDRGK1;SLC39A14;OGN;CD44,GO_Biological_Process_2025__Cartilage Development (GO:0051216)
GO:0090100,0.2430519653259579,0.8407089915844815,0.9247256009032728,33.01%,UBE2O;TGFB1I1;SDCBP;BMP10;TGFB1;HSP90AB1;CSNK2B;DAB2;NOTCH1;THBS1,GO_Biological_Process_2025__+ Reg of Transmembrane Receptor Prot Serine/Threonine Kinase Sgnlng Pway (GO:0090100)
GO:0033135,0.2807207352900044,0.8406216600183983,0.9243951834062109,40.97%,STK4;PKN1;PDCD10;DMTN;CCM2;EIF4G1,GO_Biological_Process_2025__Regulation of Peptidyl-Serine Phosphorylation (GO:0033135)
GO:0050919,0.3039598688609506,0.840192620561029,0.9246652412524315,13.13%,ITGB3;RHOA,GO_Biological_Process_2025__Negative Chemotaxis (GO:0050919)
GO:0035456,0.3028350641586867,0.8398942085165733,0.9247168049916046,54.60%,STAT1;NDUFA13;IFITM2;UBE2K;IFITM3;PNPT1;BST2,GO_Biological_Process_2025__Response to Interferon-Beta (GO:0035456)
GO:0072329,-0.2801894238358327,-0.8398813820044926,1.0,72.06%,PLA2G15;FAH;ECI2;ACOX1;ACOT7;ACOT8;LPIN2,GO_Biological_Process_2025__Monocarboxylic Acid Catabolic Process (GO:0072329)
GO:0071634,-0.3376281882724165,-0.8397494594853446,1.0,66.31%,SERPINF2;TGFB2;CD46;FN1;FBLN1,GO_Biological_Process_2025__Regulation of Transforming Growth Factor Beta Production (GO:0071634)
GO:0002698,-0.3048395581273014,-0.8387753235727675,0.9990147177161456,69.59%,GRN;CD55;RPS19;LGALS3;FER;MASP1,GO_Biological_Process_2025__Negative Regulation of Immune Effector Process (GO:0002698)
GO:0070102,0.3501224066666867,0.8382868128890935,0.9271035431733652,58.09%,STAT3;SRC;JAK2;FER;JAK1,GO_Biological_Process_2025__Interleukin-6-Mediated Signaling Pathway (GO:0070102)
GO:0050954,0.2609989812317126,0.8377706852223105,0.9275086098225034,0.95%,CDH23;MYH14,GO_Biological_Process_2025__Sensory Perception of Mechanical Stimulus (GO:0050954)
GO:0000082,0.2892278759517704,0.8374754721572812,0.926527643210546,53.28%,PPP6C;GSPT1;CUL2;EIF4E;BCAT1;CUL3;CUL5,GO_Biological_Process_2025__G1/S Transition of Mitotic Cell Cycle (GO:0000082)
GO:0044843,0.2892278759517704,0.8374754721572812,0.926527643210546,53.28%,PPP6C;GSPT1;CUL2;EIF4E;BCAT1;CUL3;CUL5,GO_Biological_Process_2025__Cell Cycle G1/S Phase Transition (GO:0044843)
GO:0045069,0.2492520358250853,0.8371993857028562,0.9265360178365034,56.78%,MAVS;RAD23A;VAPB;ZC3HAV1;DDX3X;ILF3;IFITM2;DDB1;IFITM3;PPIE;LARP1;BST2;ISG15;EIF2AK2,GO_Biological_Process_2025__Regulation of Viral Genome Replication (GO:0045069)
GO:0032967,0.3352051733159903,0.8365432062008488,0.9272217592079708,53.89%,TGFB1;SUCO;RGCC;VIM;F2R,GO_Biological_Process_2025__Positive Regulation of Collagen Biosynthetic Process (GO:0032967)
GO:0045216,0.238244741059203,0.8364135738177476,0.926970495051788,9.77%,TJP2;CDH19;CDH15;MYADM;CSK,GO_Biological_Process_2025__Cell-Cell Junction Organization (GO:0045216)
GO:0022904,0.3692035105553894,0.8358766835313337,0.9274124132148556,37.05%,SDHA;SDHB;NDUFA5,GO_Biological_Process_2025__Respiratory Electron Transport Chain (GO:0022904)
GO:0033632,-0.3186957665001315,-0.8358117292587564,1.0,68.20%,DPP4;CCL5;FERMT3;WNK1;PODXL,GO_Biological_Process_2025__Regulation of Cell-Cell Adhesion Mediated by Integrin (GO:0033632)
GO:0046850,0.3368016100136003,0.8356325617314565,0.9273442813812968,42.65%,ITGB3;SUCO;SRC;CSF1R,GO_Biological_Process_2025__Regulation of Bone Remodeling (GO:0046850)
GO:0007159,-0.1721791042030241,-0.8355834966603136,0.9973065646450424,72.30%,LRG1;ICAM1;CCL5;NT5E;GFUS;SELL;SELENOP;UMOD;FERMT3;VCAM1;ITGB2;ITGB1;MSN;EZR;SYK;ITGAL;CD40LG;ITGA4;PECAM1;F11R,GO_Biological_Process_2025__Leukocyte Cell-Cell Adhesion (GO:0007159)
GO:2001140,-0.2783834304238353,-0.8354868589244118,0.9931027182919429,31.28%,APOA1;DBI;APOE;CETP;PRAP1,GO_Biological_Process_2025__Positive Regulation of Phospholipid Transport (GO:2001140)
GO:0006123,0.3203870788392178,0.8353826278524841,0.9272961332918624,23.61%,COX5A;COX6C;NDUFA4,"GO_Biological_Process_2025__Mitochondrial Electron Transport, Cytochrome C to Oxygen (GO:0006123)"
GO:0043300,0.3717358792610361,0.8348834741106235,0.9276874214700443,36.69%,LYN;UNC13D;STXBP2,GO_Biological_Process_2025__Regulation of Leukocyte Degranulation (GO:0043300)
GO:0010718,0.2623258351619248,0.8338480682591568,0.9289963766235632,30.04%,TGFB1I1;SDCBP;PTK2;CTNNB1;TGFB1;DAB2;NOTCH1,GO_Biological_Process_2025__Positive Regulation of Epithelial to Mesenchymal Transition (GO:0010718)
GO:0044331,0.2771893444844472,0.8336708136352022,0.9288218727996486,24.08%,CDH19;CDH15;CTNNB1;CDH6,GO_Biological_Process_2025__Cell-Cell Adhesion Mediated by Cadherin (GO:0044331)
GO:0097191,0.267778364681994,0.8328264819849108,0.9293200150731772,44.98%,FGFR3;SORT1;BID;TGFB1;DDX3X;BAX;BCL2L1;INHBA;CIB1,GO_Biological_Process_2025__Extrinsic Apoptotic Signaling Pathway (GO:0097191)
GO:0022411,0.2531218537917417,0.8326753864820664,0.928587186803388,43.22%,FLOT1;MMP19;LAMC1;MMP3;CTSG;PRSS2;EXOC8;CTSS,GO_Biological_Process_2025__Cellular Component Disassembly (GO:0022411)
GO:0022617,0.2531218537917417,0.8326753864820664,0.928587186803388,43.22%,FLOT1;MMP19;LAMC1;MMP3;CTSG;PRSS2;EXOC8;CTSS,GO_Biological_Process_2025__Extracellular Matrix Disassembly (GO:0022617)
GO:0032526,0.3045211127915674,0.8326634281865654,0.9281143947774564,34.22%,LYN;NDUFA13;TESC;PTK2B,GO_Biological_Process_2025__Response to Retinoic Acid (GO:0032526)
GO:0045766,0.2195583891509386,0.8322968961846792,0.928254844726544,25.03%,STIM1;PRKCB;MTDH;PRKCA;CTNNB1;EMILIN2;CLSTN1;RRAS;MYDGF;RTN4;TGM2;EMILIN1,GO_Biological_Process_2025__Positive Regulation of Angiogenesis (GO:0045766)
GO:0001558,0.2142334121872778,0.8317012676016831,0.9288068985195208,55.23%,ADAM10;CRLF3;RAB33B;SDCBP;LTBP4;BMP10;LAMTOR1;PPP1R9B;CCAR2;TGFB1;PRKCQ;RTN4;DDX3X;LAMTOR2;RASGRP2;INHBA;PRSS2;PSMD10;DNAJB2;EIF4G1;AKT1;NUBP2;EPHX2;EIF4G2;CIB1;CDC42;PAPPA2;ADAM17;CAMK2D;PTPRJ;BST2;OGFR,GO_Biological_Process_2025__Regulation of Cell Growth (GO:0001558)
GO:0001678,0.2902886208420379,0.8308268395699773,0.9298584609144472,14.94%,HOOK3;PRKCA;GAS6,GO_Biological_Process_2025__Intracellular Glucose Homeostasis (GO:0001678)
GO:0031047,0.3458350012440913,0.8303750945762879,0.930137301154468,22.22%,SND1;TSNAX,GO_Biological_Process_2025__Regulatory ncRNA-mediated Gene Silencing (GO:0031047)
GO:0050871,0.2811940937562511,0.8299446968198962,0.9299217427625628,16.52%,PTPRC;NCKAP1L;BTK,GO_Biological_Process_2025__Positive Regulation of B Cell Activation (GO:0050871)
GO:0032511,0.2749653619314088,0.8296015327021404,0.9295237558392424,68.41%,TSG101;VTA1;CHMP5;VPS28;VPS37B;HGS;CHMP6;VPS25;SNF8;VPS36;STAM;PTPN23;STAM2,GO_Biological_Process_2025__Late Endosome to Vacuole Transport via Multivesicular Body Sorting Pathway (GO:0032511)
GO:0008589,0.2896162409264664,0.8290383654230862,0.929986382196083,40.41%,FGFR2;VCP;TXNDC15;WDR11;UCHL5,GO_Biological_Process_2025__Regulation of Smoothened Signaling Pathway (GO:0008589)
GO:0000470,0.3676532151593272,0.828641129557866,0.9301635855615014,6.80%,EIF6,GO_Biological_Process_2025__Maturation of LSU-rRNA (GO:0000470)
GO:0072666,0.2757193537633824,0.8285540468928547,0.9297995623416768,68.41%,VPS13C;VPS13A;TSG101;VPS28;VPS37B;HGS;VPS25;SNF8;VPS41;VPS36;STAM;PTPN23;STAM2,GO_Biological_Process_2025__Establishment of Protein Localization to Vacuole (GO:0072666)
GO:0034058,0.3028769872829051,0.8284365377371311,0.9295168024411234,63.63%,RUFY1;VPS4A;VPS16;RAB14;RAB4B;VPS18;VPS41;VPS11;VPS33A,GO_Biological_Process_2025__Endosomal Vesicle Fusion (GO:0034058)
GO:0043248,0.3496939254262173,0.8280591410331876,0.929671691064308,46.88%,PSMB5;PSMD9;PSMD10;PSMD5,GO_Biological_Process_2025__Proteasome Assembly (GO:0043248)
GO:0006487,0.2426593064459671,0.8277470359825477,0.929738371070179,55.72%,STT3A;UBE2J1;UGGT1;DAD1;GFPT1;MAGT1;ENTPD5;DPM1;STT3B;FUT8;ALG5;B4GALT1;ST3GAL1;MGAT4B;KRTCAP2;DDOST,GO_Biological_Process_2025__Protein N-linked Glycosylation (GO:0006487)
GO:0046464,0.2976405546869346,0.8274473234120759,0.9297765105755345,50.45%,MGLL;ABHD16A;LPL;LYPLA2;LIPG;APOA5,GO_Biological_Process_2025__Acylglycerol Catabolic Process (GO:0046464)
GO:1900047,-0.2314375987361769,-0.8268132157219923,1.0,76.94%,APOH;APOE;PF4;THBD;TFPI;KNG1;VTN;SERPINE1;SERPINE2;PROC,GO_Biological_Process_2025__Negative Regulation of Hemostasis (GO:1900047)
GO:2001237,0.239854628071246,0.8264069368119424,0.9311095904773168,41.73%,RELA;ITGA6;NOL3;DDX3X;ARHGEF2;TMBIM1;THBS1;BCL2L1;GPX1;SRC;AKT1;SLC6A4;SERPINE1,GO_Biological_Process_2025__Negative Regulation of Extrinsic Apoptotic Signaling Pathway (GO:2001237)
GO:0097306,0.2720148766727,0.8262598359442942,0.9308832489368644,55.04%,CTNNB1;ADCY6;MLC1;GNAS;AKT1;GNB1;GNG2;CTNNA1;LARP1;LRP6,GO_Biological_Process_2025__Cellular Response to Alcohol (GO:0097306)
GO:0002474,0.2714106840293177,0.8261525179685183,0.9305615318130692,36.87%,FCER1G;TAPBP;CALR;MFSD6;PDIA3,GO_Biological_Process_2025__Antigen Processing and Presentation of Peptide Antigen via MHC Class I (GO:0002474)
GO:1905664,0.3622395803637094,0.8245885297138688,0.9327934936020348,40.84%,FYN;PPP3R1;PPP3CB,GO_Biological_Process_2025__Regulation of Calcium Ion Import Across Plasma Membrane (GO:1905664)
GO:1900102,0.2895149815231544,0.8245019494722855,0.932458721315917,50.76%,NCK2;UFL1;DDRGK1;HSPA5;AKT1;PTPN1;NCK1,GO_Biological_Process_2025__Negative Regulation of Endoplasmic Reticulum Unfolded Protein Response (GO:1900102)
GO:2000341,0.3689192742571653,0.8244734878230968,0.932021096833856,63.16%,TGFB1;LPL;PRG2;HMGB1;OAS3,GO_Biological_Process_2025__Regulation of Chemokine (C-X-C Motif) Ligand 2 Production (GO:2000341)
GO:0032732,0.2494144397926528,0.8237933485877139,0.9326788579918972,62.29%,STAT3;RELA;APP;LPL;AZU1;CD36;GSDMD;PANX1;HMGB1;JAK2;CARD8;HSPB1,GO_Biological_Process_2025__Positive Regulation of Interleukin-1 Production (GO:0032732)
GO:0007605,0.2536308045906894,0.8233159588406928,0.9330127274312162,0.95%,CDH23;MYH14,GO_Biological_Process_2025__Sensory Perception of Sound (GO:0007605)
GO:0035335,0.3065980111541171,0.823234856590734,0.9326574177252954,57.67%,PTPN12;PTPN11;PTPRZ1;PTPN1;DUSP3;PTPRJ;PTPN6,GO_Biological_Process_2025__Peptidyl-Tyrosine Dephosphorylation (GO:0035335)
GO:0009952,0.3604463596318669,0.8230385564576028,0.932481162481535,20.04%,PCSK5;ATP6AP2,GO_Biological_Process_2025__Anterior/Posterior Pattern Specification (GO:0009952)
GO:0050860,-0.2559300007567056,-0.8230072271209953,1.0,54.91%,CEACAM1;PRNP;LGALS3;EZR;PTPRJ;NCK1;DUSP3,GO_Biological_Process_2025__Negative Regulation of T Cell Receptor Signaling Pathway (GO:0050860)
GO:0048284,0.3151950843092646,0.8224788081627579,0.932949454397225,44.46%,STX4;CHCHD3;EEA1;VPS18;MFN2,GO_Biological_Process_2025__Organelle Fusion (GO:0048284)
GO:0043270,0.2722433693838906,0.8219118852983177,0.9334445200709052,4.57%,KIF5B;ANO6,GO_Biological_Process_2025__Positive Regulation of Monoatomic Ion Transport (GO:0043270)
GO:0050829,0.2460285854223099,0.8215854558545307,0.9334814935985972,41.73%,HMGB2;APP;CHGA;PNKD;AZU1;OPTN;CTSG;GSDMD;SERPINE1,GO_Biological_Process_2025__Defense Response to Gram-negative Bacterium (GO:0050829)
GO:2001235,0.2600068019670861,0.8214999280748183,0.9331340605052924,36.74%,BCAP31;APP;BID;TNFSF10;BAX;CD40LG,GO_Biological_Process_2025__Positive Regulation of Apoptotic Signaling Pathway (GO:2001235)
GO:0046887,0.3162619552651433,0.8198713280840514,0.9353842294017048,11.21%,VAMP7;VAMP8,GO_Biological_Process_2025__Positive Regulation of Hormone Secretion (GO:0046887)
GO:0061844,-0.1534429783639792,-0.8196318658982302,1.0,65.78%,CCL14;ANG;B2M;S100A9;RPL30;S100A12;CCL5;PPBP;PF4;GAPDH;RPS19;LGALS3;DCD;BPIFA1;KNG1;DMBT1;TOR2A;PF4V1;CX3CL1;S100A7,GO_Biological_Process_2025__Antimicrobial Humoral Immune Response Mediated by Antimicrobial Peptide (GO:0061844)
GO:0051289,0.2652957864032654,0.8196105544644517,0.935346728280266,16.83%,APPL2;ITPR1;DNM1;SSBP1,GO_Biological_Process_2025__Protein Homotetramerization (GO:0051289)
GO:0071396,0.2095054873372056,0.8194657533221866,0.9351199479619624,54.65%,ROCK2;LYN;HMGB2;PRKCD;RELA;RHOA;GIT1;ATL1;PLCG2;ADCY6;CHMP5;NDUFA13;AXL;MMP3;LPL;TESC;PTK2B;UPF1;CTSG;MAPK14;PLAA;SERPINE1;VIM;PF4V1;NDUFA2;HSPA8;IL18;TWF2;SYK;TRAF6;PAF1;HMGB1;RAMP3,GO_Biological_Process_2025__Cellular Response to Lipid (GO:0071396)
GO:0007160,0.2093341303181053,0.8190433608859433,0.9352969699606514,66.33%,THBS3;ARHGAP6;CD63;ECM2;CTTN;ITGA6;BCR;ITGB5;ITGB3;ARHGEF7;ACTN2;THSD1;NID2;EMILIN1;ITGA2B;FBLN5;ITGAE;ITGA4;MADCAM1;ITGAL;SRC;HPSE;ZYX;FN1;ITGA2;TNN;VTN;L1CAM;ILK;CD44;ITGA5;CDH11;NPNT;PTPRK;CD34;ITGAM;ADAM15;ITGAV;VCL;FERMT2;ITGB1;ITGA7;ITGB2;BCAM;ANGPTL3;CD96,GO_Biological_Process_2025__Cell-Matrix Adhesion (GO:0007160)
GO:0035751,0.2720197756903973,0.8187892307029788,0.9352170333764412,64.68%,ATP6V0C;ATP6AP2;ATP6V0A1;ATP6V1F;ATP6V1H;ATP6V1A;TMEM165;VPS33A;ATP6V1D,GO_Biological_Process_2025__Regulation of Lysosomal Lumen pH (GO:0035751)
GO:0032924,0.3642429803426708,0.8186631652939721,0.934939448827463,58.61%,BMP10;INHBA;SMAD2;GDF2,GO_Biological_Process_2025__Activin Receptor Signaling Pathway (GO:0032924)
GO:0035774,0.3646945559081837,0.8181825177230206,0.9352678377029572,40.84%,STX4;C2CD2L;PPP3CB,GO_Biological_Process_2025__+ Reg of Insulin Secretion Inv in Cellular Resp to Glucose Stimulus (GO:0035774)
GO:0006691,0.3277067096944333,0.8181055065484746,0.9349188738871752,1.47%,PLA2G4A,GO_Biological_Process_2025__Leukotriene Metabolic Process (GO:0006691)
GO:0072344,-0.2382205843643063,-0.8176012127467159,1.0,76.26%,RACK1;ASCC2;TRIP4;NEMF;HBS1L;PELO;DDRGK1;UFL1;CDK5RAP3,GO_Biological_Process_2025__Rescue of Stalled Ribosome (GO:0072344)
GO:0043524,0.2415720420414067,0.8173461926443041,0.9351948336040068,59.27%,SNX6;FBXO7;NTRK2;ZPR1;PTPRZ1;TMBIM1;PTK2B;CX3CL1;SET;NONO;SOD2;F2R;HSPG2;IL27RA,GO_Biological_Process_2025__Negative Regulation of Neuron Apoptotic Process (GO:0043524)
GO:0006787,-0.3163292137785958,-0.8171232322425744,1.0,68.43%,BLVRB;HMOX2;AMBP;BLVRA;UROD,GO_Biological_Process_2025__Porphyrin-Containing Compound Catabolic Process (GO:0006787)
GO:0098901,0.3215388152269929,0.816532909353977,0.9360788085535546,1.81%,ATP2A2,GO_Biological_Process_2025__Regulation of Cardiac Muscle Cell Action Potential (GO:0098901)
GO:0002502,0.3652279072556043,0.8157389425391751,0.9364368417331912,36.87%,TAPBP;CALR;PDIA3,GO_Biological_Process_2025__Peptide Antigen Assembly With MHC Class I Protein Complex (GO:0002502)
GO:0002397,0.3652279072556043,0.8157389425391751,0.9364368417331912,36.87%,TAPBP;CALR;PDIA3,GO_Biological_Process_2025__MHC Class I Protein Complex Assembly (GO:0002397)
GO:0061014,0.2830512489800019,0.8151327002423281,0.9369836413855444,4.12%,ROCK2;ROCK1,GO_Biological_Process_2025__Positive Regulation of mRNA Catabolic Process (GO:0061014)
GO:0006734,0.2763284369146732,0.8149299121290492,0.9368191168564928,32.72%,ENO2;HOOK3;VCP;PROC;PFKM,GO_Biological_Process_2025__NADH Metabolic Process (GO:0006734)
GO:0070141,-0.3337333467506363,-0.8145392993212928,0.9989192912979042,16.02%,EGFR;MMP2;TIMP1;MMP9,GO_Biological_Process_2025__Response to UV-A (GO:0070141)
GO:0034198,0.2752335055367619,0.813695163263623,0.9383996516020406,64.78%,SH3GLB1;MAP3K5;MAPK1;EIF2S1;IMPACT;SAR1A;EIF2AK2;LARS1;MTOR;SAR1B,GO_Biological_Process_2025__Cellular Response to Amino Acid Starvation (GO:0034198)
GO:0060048,0.3129448338943449,0.8135644882378493,0.9381220002200636,16.54%,TPM1;MYH7,GO_Biological_Process_2025__Cardiac Muscle Contraction (GO:0060048)
GO:0009165,0.3128538827145514,0.8122187222095872,0.939895712935236,36.13%,PRPSAP2;PFAS;GART;PRPS2,GO_Biological_Process_2025__Nucleotide Biosynthetic Process (GO:0009165)
GO:0050777,0.2355103078807674,0.8120882003967058,0.9396221547111296,68.93%,LYN;FYN;YWHAZ;TRAFD1;GNAS;MAPK14;SRC;HCK;FGR;NMI;LONP1;TRIM21;SYK;FER;PTPN6;IL27RA;LGALS3;FURIN;REXO2;PARP1;AMBP,GO_Biological_Process_2025__Negative Regulation of Immune Response (GO:0050777)
GO:0007368,-0.3157709889174214,-0.8117066918693451,1.0,0.50%,MEGF8;SHH,GO_Biological_Process_2025__Determination of Left/Right Symmetry (GO:0007368)
GO:0036294,0.2433190499842301,0.810975788300209,0.940502147285849,30.04%,NPEPPS;FAM162A;TGFB1;RTN4;SIRT2;P4HB;NOTCH1,GO_Biological_Process_2025__Cellular Response to Decreased Oxygen Levels (GO:0036294)
GO:0071456,0.2433190499842301,0.810975788300209,0.940502147285849,30.04%,NPEPPS;FAM162A;TGFB1;RTN4;SIRT2;P4HB;NOTCH1,GO_Biological_Process_2025__Cellular Response to Hypoxia (GO:0071456)
GO:0061620,0.3094574266029665,0.8107459269498504,0.9403841560834156,10.77%,ENO2;HOOK3,GO_Biological_Process_2025__Glycolytic Process Through Glucose-6-Phosphate (GO:0061620)
GO:0050680,0.2436490254851366,0.810390977365857,0.9404678695629068,40.94%,FGFR2;MTSS1;ATP5F1A;TGFB1;STAT1;SPARC;THBS1;RGCC;EPPK1,GO_Biological_Process_2025__Negative Regulation of Epithelial Cell Proliferation (GO:0050680)
GO:0006405,0.2629557862364921,0.8102896582777086,0.9401561511591142,66.81%,GLE1;EIF4A3;XPO1;EIF4E;UPF1;RAN;SRSF3;XPOT;NUP214;SARNP;UPF2;SSB,GO_Biological_Process_2025__RNA Export From Nucleus (GO:0006405)
GO:0071773,0.2841951985264148,0.810092257973285,0.9395179610160947,7.72%,USP15;BMP10,GO_Biological_Process_2025__Cellular Response to BMP Stimulus (GO:0071773)
GO:0045665,-0.3066862356805085,-0.8098789474130142,1.0,27.81%,CNTN4;B2M;BMP7;GSK3B,GO_Biological_Process_2025__Negative Regulation of Neuron Differentiation (GO:0045665)
GO:0051129,0.2329158610576985,0.8096719782104713,0.9397210272460268,50.05%,SORL1;DNM2;CRACD;HDAC6;DDX3X;CARMIL1;RDX;HSPA5;SRC;DNAJB2;CDC42;HSPA8;SVIP,GO_Biological_Process_2025__Negative Regulation of Cellular Component Organization (GO:0051129)
GO:0042116,0.2585078999449184,0.8096079510258046,0.9393429752751228,58.27%,APP;PLCG2;SNCA;FCER2;AZU1;CX3CL1;CD93;NMI;IFI35;SYK;JAK2;ITGAM,GO_Biological_Process_2025__Macrophage Activation (GO:0042116)
GO:0038061,0.3237877568983338,0.8092904474015331,0.9393530607236608,61.58%,RELA;COPS8;TAB1;TRAF6;NFKB1;CHUK,GO_Biological_Process_2025__Non-Canonical NF-kappaB Signal Transduction (GO:0038061)
GO:0042129,0.2312122779246241,0.8092106242204102,0.9390145437019964,29.65%,PTPRC;SDC4;NCK2;NCKAP1L;PPP1R9B;TINAGL1;PTPN11;HLA-E;VSIG4,GO_Biological_Process_2025__Regulation of T Cell Proliferation (GO:0042129)
GO:0033119,-0.2675611681136543,-0.8088718741638352,0.9981883965638912,73.32%,RPS13;SRSF7;C1QBP;PTBP3;U2AF2;RBMX;PTBP1,GO_Biological_Process_2025__Negative Regulation of RNA Splicing (GO:0033119)
GO:0070269,0.3096822085954682,0.8084443950067577,0.9392892468678355,63.18%,CASP3;CASP6;GSDMD;TRIM21;CARD8;GSDMA,GO_Biological_Process_2025__Pyroptotic Inflammatory Response (GO:0070269)
GO:0010906,-0.2830089426617569,-0.8083017416997207,0.995011619209489,71.77%,FBP1;GPLD1;BCKDK;IRS2;AKT1;AKT2,GO_Biological_Process_2025__Regulation of Glucose Metabolic Process (GO:0010906)
GO:0032733,0.3001257302383009,0.8082432072610188,0.9391432446128928,68.30%,STAT3;PLCG2;CD40LG;SYK;HMGB1;ISG15;CD46;HSPD1,GO_Biological_Process_2025__Positive Regulation of Interleukin-10 Production (GO:0032733)
GO:0090435,0.3649580756235837,0.8081691259052072,0.9387661472762384,2.47%,LMNB2,GO_Biological_Process_2025__Protein Localization to Nuclear Envelope (GO:0090435)
GO:0006275,-0.2165282740219173,-0.8081307666426425,0.9911887590032672,59.64%,EGFR;RUVBL1;SMC3;RUVBL2;NUCKS1;S100A11;GDF2;PCNA;UCHL5,GO_Biological_Process_2025__Regulation of DNA Replication (GO:0006275)
GO:0089718,-0.3100184065211675,-0.8080207292785976,0.9872838529207744,69.07%,SLC3A2;SLC7A5;SLC7A1;SLC1A5;SLC6A6,GO_Biological_Process_2025__Amino Acid Import Across Plasma Membrane (GO:0089718)
GO:1902041,0.2569227773161558,0.8077665487047548,0.9388991255129064,41.73%,STX4;MADD;DDX3X;TMBIM1;THBS1;BCL2L1;GPX1;SERPINE1,GO_Biological_Process_2025__Regulation of Extrinsic Apoptotic Signaling Pathway via Death Domain Receptors (GO:1902041)
GO:0045747,0.3000884655900492,0.8070587385433282,0.9395620751414622,45.54%,STAT3;TSPAN14;PDCD10;SRC;JAG1,GO_Biological_Process_2025__Positive Regulation of Notch Signaling Pathway (GO:0045747)
GO:0141091,0.2166810396012095,0.8067169686022847,0.939609816525462,29.28%,APPL2;USP15;STAT3;BMP10;ITGB5;PTK2;TGFB1;APPL1;USP9X;LTBP3;DAB2;CLDN5;LRRC32,GO_Biological_Process_2025__Transforming Growth Factor Beta Receptor Superfamily Signaling Pathway (GO:0141091)
GO:0052547,0.3126046715119446,0.8065991320237741,0.9393294911093892,19.07%,RCN3;NRDC,GO_Biological_Process_2025__Regulation of Peptidase Activity (GO:0052547)
GO:1903051,0.2739549135736613,0.8058864158614164,0.939981131086832,56.67%,USP5;SGTA;HSP90AB1;PSMF1;RPL5;GABARAPL2;RPL23;PDCL3,GO_Biological_Process_2025__Negative Regulation of Proteolysis Involved in Protein Catabolic Process (GO:1903051)
GO:1903039,0.2588430074458091,0.8049974189356398,0.9408933447615628,69.01%,YWHAG;RELA;RHOA;PRKCQ;CD47;HLA-DPA1;CD44;TRAF6;PRKAA1;LCK;ITGB2;HSPD1;HLA-DRB3,GO_Biological_Process_2025__Positive Regulation of Leukocyte Cell-Cell Adhesion (GO:1903039)
GO:0006869,0.2274491467373704,0.8047618858795814,0.9408090004084194,50.45%,VAPA;LYN;LDLR;ABCC4;CERT1;SLC27A4;OSBPL8;CD36;MTTP;PITPNB;ACSL1;OSBPL2;TMEM41B;PITPNC1;LYPLA1;APOA5,GO_Biological_Process_2025__Lipid Transport (GO:0006869)
GO:0042886,0.3204688518172544,0.8045011186041993,0.9407307762701752,1.31%,VAPA,GO_Biological_Process_2025__Amide Transport (GO:0042886)
GO:0045927,0.2311062405691064,0.8031636073301255,0.9423634203117678,52.99%,ADAM10;PPM1F;SDCBP;DDX3X;ZPR1;PLCB1;PRSS2;PSMD10;EIF4G1;AKT1;EIF4G2;CIB1;CDC42;ADAM17;RFTN1,GO_Biological_Process_2025__Positive Regulation of Growth (GO:0045927)
GO:0043433,0.2395387691186419,0.8031585957380003,0.9418906598538308,61.58%,ERBIN;CDK5RAP3;FLNA;UFL1;ANXA4;PSMD10;RBCK1;CHORDC1;USP7;LONP1;TRIM21;ARRB1;PEX14;PPP2CB;MTURN;CHUK,GO_Biological_Process_2025__Negative Regulation of DNA-binding Transcription Factor Activity (GO:0043433)
GO:0140014,0.2970724143088082,0.8020866509400759,0.9430932843603164,49.68%,CHMP4B;PPP1CC;SMC1A;RAN;CHMP2A;CLASP2,GO_Biological_Process_2025__Mitotic Nuclear Division (GO:0140014)
GO:0019538,0.1832956111955459,0.8018518761990558,0.9429673868016288,43.57%,ST8SIA4;COPS5;EMD;CPE;UBE2Z;ADAMTS8;APP;UBA7;ADAMTS1;NPEPPS;MMP19;DNAJB11;PSMB5;XPNPEP1;APEH;SPCS3;CAPN2;GSPT1;RRBP1;CLPX;RPS20;RPLP2;GSPT2;UBA3;TSPAN14;UCHL3;UBAC1;LRP8;HABP2;TINAGL1;CCS;RABGGTA;CPNE1;SNCA;LDLRAP1;TARDBP;CALR;ZMPSTE24;USP9X;PROC;CASP3;CIAO2A;RABGGTB;RPL15;MMP3;PGC;CASP6;F9;AKT2;CNDP2;COLEC10;TESC;FCN1;ATG4A;COLEC11;TSPAN15;RPL18A;RPLP1;CTSF;AZU1;AFG3L2;CD36;OGA;MTTP;UBE2M;CAPNS1;ABCF1;RPS3A;DTD1;TSPAN33;ERP44;ERO1A;CTSG;PCSK1;DENND3;IKBKB;ATG4B;LNPEP;RPL28;PRSS2;PCSK6;RPL34;RPL3;ACAN;EIF4G1;PCMT1;CIAO1;RPL35A;UBL4A;MSRA;RPL29;RPL5;CTSS;DARS1;HARS1,GO_Biological_Process_2025__Protein Metabolic Process (GO:0019538)
GO:0051547,0.3221472636378272,0.8010515295335547,0.9437459259612384,40.94%,ARF6;MAPRE2;MAP4K4;EPPK1,GO_Biological_Process_2025__Regulation of Keratinocyte Migration (GO:0051547)
GO:0032006,0.2410488655931628,0.8005500434117955,0.9440554559843336,72.24%,LAMTOR1;LAMTOR3;GAS6;LAMTOR5;RELN;LAMTOR2;RHEB;F7;LAMTOR4;SAR1A;SEC13;PRKAA1;ARMH4;LARS1;ARAF;SAR1B;PDCD6;UBR1;GSK3B,GO_Biological_Process_2025__Regulation of TOR Signaling (GO:0032006)
GO:1900103,0.3554760006443272,0.8004074527775119,0.9437939782473104,44.12%,BAX;PIK3R1;PTPN1,GO_Biological_Process_2025__Positive Regulation of Endoplasmic Reticulum Unfolded Protein Response (GO:1900103)
GO:1904861,-0.2835349815886375,-0.7996601563679702,0.999797420639834,71.72%,SRGAP2;LRRC4;PLXNB2;PTEN;NLGN1;RELN,GO_Biological_Process_2025__Excitatory Synapse Assembly (GO:1904861)
GO:0042982,0.3180616678085471,0.7992915675096771,0.9451307947561304,21.43%,ADAM10;LDLRAP1,GO_Biological_Process_2025__Amyloid Precursor Protein Metabolic Process (GO:0042982)
GO:0032757,0.2352528658060532,0.7992031813918,0.94477693725552,58.61%,MAVS;STAT3;RELA;LAMTOR5;FCN1;RAB1A;SERPINE1;NDUFA2;CD74;SYK;F2R;HMGB1;GDF2,GO_Biological_Process_2025__Positive Regulation of Interleukin-8 Production (GO:0032757)
GO:0150077,0.3558820237453527,0.7987264635228648,0.9450287822438896,48.42%,PLCG2;MMP3;IL18,GO_Biological_Process_2025__Regulation of Neuroinflammatory Response (GO:0150077)
GO:0030194,0.2719878896490375,0.7986872841298085,0.9446093321149344,53.89%,EMILIN2;EMILIN1;THBS1;HPSE;SERPINE1;VTN;F2R,GO_Biological_Process_2025__Positive Regulation of Blood Coagulation (GO:0030194)
GO:0031664,0.2948483697746831,0.7984538414611232,0.9445011681648318,35.35%,PRKCA;PTPN11;CD36;CX3CL1,GO_Biological_Process_2025__Regulation of Lipopolysaccharide-Mediated Signaling Pathway (GO:0031664)
GO:0048639,0.2592179840712447,0.7981577746907778,0.9445100020955948,62.87%,MACF1;AGRN;PLCB1;PLAA;L1CAM;TWF2;NACA;FYCO1;ITSN2;PPIB,GO_Biological_Process_2025__Positive Regulation of Developmental Growth (GO:0048639)
GO:1903599,0.3547489420652951,0.7979892048595556,0.9443131284052668,42.44%,FBXO7;SLC6A4;STUB1,GO_Biological_Process_2025__Positive Regulation of Autophagy of Mitochondrion (GO:1903599)
GO:0032374,0.3075715911340447,0.7978958248743964,0.9439877082719405,7.83%,LAMTOR1,GO_Biological_Process_2025__Regulation of Cholesterol Transport (GO:0032374)
GO:0006639,0.2653292933039006,0.7970717907302414,0.9448292239215133,6.22%,APOBR;MGLL,GO_Biological_Process_2025__Acylglycerol Metabolic Process (GO:0006639)
GO:0006513,0.3291620684761676,0.7969907750526191,0.9444844301150408,62.79%,UBE2O;TRIM25;STUB1;TRIM21;HUWE1,GO_Biological_Process_2025__Protein Monoubiquitination (GO:0006513)
GO:0045742,0.3132008084255003,0.7968577526035486,0.9442042605632854,19.09%,RALA;TGFB1,GO_Biological_Process_2025__Positive Regulation of Epidermal Growth Factor Receptor Signaling Pathway (GO:0045742)
GO:0032088,0.2479831393959676,0.7962744940829003,0.9446365228831988,61.58%,ERBIN;CDK5RAP3;UFL1;ANXA4;PSMD10;RBCK1;CHORDC1;USP7;TRIM21;ARRB1;PPP2CB;MTURN;CHUK,GO_Biological_Process_2025__Negative Regulation of NF-kappaB Transcription Factor Activity (GO:0032088)
GO:0045661,0.2804300284897167,0.7961786395083684,0.9443097708365762,37.29%,FLOT2;TGFB1;NOTCH1;PLCB1;MAPK14,GO_Biological_Process_2025__Regulation of Myoblast Differentiation (GO:0045661)
GO:0000956,0.2402486558259365,0.7960455462678889,0.9440515068673558,35.40%,EIF4A3;EIF3E;LSM1;GSPT1;DCPS;SMG8;PYM1;CSDE1;UPF1,GO_Biological_Process_2025__Nuclear-Transcribed mRNA Catabolic Process (GO:0000956)
GO:0006826,0.304924043623402,0.7956145696151792,0.9442753403285692,59.56%,DNM2;CLTC;SLC39A14;SCARA5;FTH1;TFR2,GO_Biological_Process_2025__Iron Ion Transport (GO:0006826)
GO:0030837,0.2804139367575674,0.7947793137846489,0.9451162222309224,9.22%,PRKCD;MYADM,GO_Biological_Process_2025__Negative Regulation of Actin Filament Polymerization (GO:0030837)
GO:0030859,0.3045981962142946,0.7942638092119464,0.945418772566636,13.13%,RAB10;RHOA,GO_Biological_Process_2025__Polarized Epithelial Cell Differentiation (GO:0030859)
GO:0045823,0.3537243468451954,0.7933400352941414,0.946280075720392,41.33%,ATP2A2;CHGA;HRC,GO_Biological_Process_2025__Positive Regulation of Heart Contraction (GO:0045823)
GO:0010948,0.3321145788087856,0.7925451064796771,0.9469995759582204,47.98%,TOM1L2;VPS4A;CHMP2A;ZFYVE19,GO_Biological_Process_2025__Negative Regulation of Cell Cycle Process (GO:0010948)
GO:0032735,0.3024462239711866,0.7925400083743314,0.9465274580744738,54.39%,PLCG2;PLCB1;CD40LG;MAPK14;SYK;HMGB1,GO_Biological_Process_2025__Positive Regulation of Interleukin-12 Production (GO:0032735)
GO:0033962,0.3499868524848804,0.7925333025252261,0.946062756123848,65.05%,DDX6;LSM4;LSM3;LIMD1;DYNC1H1,GO_Biological_Process_2025__P-body Assembly (GO:0033962)
GO:0006695,-0.2129551994547836,-0.7923157831915105,1.0,58.04%,CES1;HMGCS1;LBR;DHCR24;ACLY;PMVK;DHCR7;NSDHL;UBL4A,GO_Biological_Process_2025__Cholesterol Biosynthetic Process (GO:0006695)
GO:1902653,-0.2129551994547836,-0.7923157831915105,1.0,58.04%,CES1;HMGCS1;LBR;DHCR24;ACLY;PMVK;DHCR7;NSDHL;UBL4A,GO_Biological_Process_2025__Secondary Alcohol Biosynthetic Process (GO:1902653)
GO:0016126,-0.2129551994547836,-0.7923157831915105,1.0,58.04%,CES1;HMGCS1;LBR;DHCR24;ACLY;PMVK;DHCR7;NSDHL;UBL4A,GO_Biological_Process_2025__Sterol Biosynthetic Process (GO:0016126)
GO:0033147,0.3290305552776462,0.792283942920161,0.9459428941259403,60.92%,STRN3;VPS18;KANK2;VPS11;CNOT9,GO_Biological_Process_2025__Negative Regulation of Intracellular Estrogen Receptor Signaling Pathway (GO:0033147)
GO:0090162,0.3081578947368421,0.7922650882992094,0.9454952969897168,69.25%,RHOA;MYO18A;PARD3;CDC42;EZR;MSN;RAP2A;OPHN1,GO_Biological_Process_2025__Establishment of Epithelial Cell Polarity (GO:0090162)
GO:0043490,-0.3094925059163818,-0.7922066519259149,0.9975931390507756,69.12%,MDH1;GOT2;SLC25A13;MDH2;SLC25A11,GO_Biological_Process_2025__Malate-Aspartate Shuttle (GO:0043490)
GO:0045540,0.2942301166961633,0.7915629381265339,0.946096562771493,20.85%,PRKCA;KPNB1;LPCAT3,GO_Biological_Process_2025__Regulation of Cholesterol Biosynthetic Process (GO:0045540)
GO:0030030,0.2909379831643088,0.790895483763662,0.9461544833983068,62.92%,NCKAP1;NCKAP1L;PDGFA;PARVB;PLEK;CYFIP2;ITGB1,GO_Biological_Process_2025__Cell Projection Organization (GO:0030030)
GO:0060317,-0.300552195635025,-0.7898660450625496,0.9979618044828548,70.01%,ENG;OLFM1;TGFB2;TGFBR3;NOTCH1,GO_Biological_Process_2025__Cardiac Epithelial to Mesenchymal Transition (GO:0060317)
GO:0006406,0.271695789365674,0.789102049934241,0.948466615039822,44.09%,GLE1;EIF4A3;XPO1;EIF4E;UPF1;SRSF3,GO_Biological_Process_2025__mRNA Export From Nucleus (GO:0006406)
GO:0016071,0.2306204582652042,0.7883263986495537,0.9491674428170622,55.57%,LSM2;PRKCA;DCPS;SND1;SLFN14;LSM6;SF3B2;SF3A2;SFPQ;SF3A1;ATXN2L;MYG1;LSM3;NUDT21;DIS3L2;PNPT1;DDX5,GO_Biological_Process_2025__mRNA Metabolic Process (GO:0016071)
GO:1902806,0.2510209602482926,0.7882861921531694,0.9487566073957522,71.24%,APPL2;APPL1;PLCG2;PROC;DDRGK1;TMSB4X;PSME2;PAF1;PTPN6;PSME1;SMARCE1;SMARCC2;PHB2;PTEN,GO_Biological_Process_2025__Regulation of Cell Cycle G1/S Phase Transition (GO:1902806)
GO:0008593,0.2448577817401374,0.7880814885467138,0.9485875115095436,69.46%,STAT3;TSPAN14;PDCD10;TSPAN15;SRC;AKT1;JAG1;LFNG;ARRB1;MFNG;RFNG;GDF2;CD46;ARRDC1;TGFB2,GO_Biological_Process_2025__Regulation of Notch Signaling Pathway (GO:0008593)
GO:0045428,0.2551708385805983,0.7876743195589154,0.948739207546519,67.73%,ROCK2;APP;HSP90AA1;HSP90AB1;CD36;CD47;AKT1;DDAH2;JAK2;ASS1;KHSRP;PIK3CB;ASL,GO_Biological_Process_2025__Regulation of Nitric Oxide Biosynthetic Process (GO:0045428)
GO:0030183,0.2598315058102203,0.7874502487416367,0.9485978987515788,38.34%,PTPRC;CLSTN1;PLCG2;ITGA4;PIK3R1;JAK3,GO_Biological_Process_2025__B Cell Differentiation (GO:0030183)
GO:0051262,0.2287768313169621,0.7861922486760624,0.9500148752303882,53.94%,APPL2;APP;ITPR1;DNM1;SSBP1;SNCA;ACOT13;GOLGA2;FARSA;OSBPL2;SOD2;CPSF7;SHMT1;NUDT21,GO_Biological_Process_2025__Protein Tetramerization (GO:0051262)
GO:0090314,0.2999163921106715,0.7860562377408249,0.949752893537949,64.13%,FYN;CEMIP;C2CD5;CIB1;CHORDC1;ITGAM;ITGB2,GO_Biological_Process_2025__Positive Regulation of Protein Targeting to Membrane (GO:0090314)
GO:0034379,0.3341415372588713,0.7855711125785747,0.949535268086386,32.75%,LPCAT3;MTTP,GO_Biological_Process_2025__Very-Low-Density Lipoprotein Particle Assembly (GO:0034379)
GO:0006116,0.3144142213871949,0.7853657956505329,0.9493796527534548,55.20%,GPD2;SLC25A11;MDH2;SLC25A13;GPD1L,GO_Biological_Process_2025__NADH Oxidation (GO:0006116)
GO:0033144,0.2867481729651876,0.7847854900775202,0.9497747193094314,60.92%,STRN3;CALR;DAB2;VPS18;KANK2;VPS11;CNOT9,GO_Biological_Process_2025__Negative Regulation of Intracellular Steroid Hormone Receptor Signaling Pathway (GO:0033144)
GO:0034620,0.2564957672114598,0.7841425266484533,0.9502961460182549,44.12%,VAPB;VCP;CDK5RAP3;BAX;OPTN;YOD1;HSPA5;PTPN1,GO_Biological_Process_2025__Cellular Response to Unfolded Protein (GO:0034620)
GO:0030195,-0.1545017744451616,-0.7837125942286559,1.0,58.64%,F12;APOH;CPB2;KLKB1;PLG;SERPINF2;C1QTNF1;APOE;PF4;FGB;FGG;FGA;THBD;TFPI;KNG1;PDGFB;VTN;GP1BA;SERPINE1;PDGFA,GO_Biological_Process_2025__Negative Regulation of Blood Coagulation (GO:0030195)
GO:0016070,0.2690462083096798,0.7834971330784003,0.950774822196792,61.90%,FTO;HNRNPD;DTD1;ATXN2L;MYG1;PNPT1;PCBP2;KHSRP,GO_Biological_Process_2025__RNA Metabolic Process (GO:0016070)
GO:0035458,0.3176426616574695,0.7834575693295056,0.9503568086137556,54.49%,STAT1;NDUFA13;IFITM2;UBE2K;PNPT1,GO_Biological_Process_2025__Cellular Response to Interferon-Beta (GO:0035458)
GO:0060390,0.2470380174954611,0.7832214424382508,0.9502448316310784,69.46%,BMP10;TGFB1;CSNK2B;EMILIN1;DAB2;CRKL;INHBA;TWSG1;JAK2;GDF2;CILP;TGFBR3;BMP5;TGFB2,GO_Biological_Process_2025__Regulation of SMAD Protein Signal Transduction (GO:0060390)
GO:1902679,0.200761619572845,0.7826726872735732,0.9505987678667848,39.15%,DKK3;TSC22D4;PPM1F;HMGB2;RELA;STRN3;SNX6;GAS6;CTNNB1;HDAC6;CCAR2;TGFB1;CALR;YWHAQ;NDUFA13;ILF3;SIRT2;QARS1;NOTCH1;SFPQ;LIMS1;PLCB1;SET;RBBP4,GO_Biological_Process_2025__Negative Regulation of RNA Biosynthetic Process (GO:1902679)
GO:0045445,0.3203977243940303,0.7822926840196733,0.9506984936760856,62.92%,NOTCH1;SDC1;JAG1;DDX5;ITGB1,GO_Biological_Process_2025__Myoblast Differentiation (GO:0045445)
GO:0051152,0.350033901811274,0.7818770112520114,0.950825060888546,30.04%,NOTCH2;NOTCH1,GO_Biological_Process_2025__Positive Regulation of Smooth Muscle Cell Differentiation (GO:0051152)
GO:2000737,-0.300552195635025,-0.7812549712794593,1.0,70.01%,HNRNPU;GSK3B;JAG1;TMSB4X;NOTCH1,GO_Biological_Process_2025__Negative Regulation of Stem Cell Differentiation (GO:2000737)
GO:0002501,0.3104446198368848,0.7807719848965001,0.9520300604318556,69.01%,TAPBP;CALR;PDIA3;HLA-DPA1;TAPBPL;HLA-A;HLA-DRB3,GO_Biological_Process_2025__Peptide Antigen Assembly With MHC Protein Complex (GO:0002501)
GO:1990089,0.3269386150681098,0.7792493577815311,0.9538205841550011,44.98%,RAP1A;EHD1;AKT1;CIB1,GO_Biological_Process_2025__Response to Nerve Growth Factor (GO:1990089)
GO:0002460,0.2788309636650869,0.7787587445012496,0.9540833378907758,72.19%,STAT3;SLA2;C4BPA;JAG1;MYO1G;IL18;CD46;GNL1;EBI3;CD8A,GO_Biological_Process_2025__Adaptive Imm Resp Based on Som Recomb of Imm Rcptrs Built Frm IgSF Domains (GO:0002460)
GO:0002673,0.3172138633462138,0.7773073994170262,0.9557498275386485,5.59%,DNASE1,GO_Biological_Process_2025__Regulation of Acute Inflammatory Response (GO:0002673)
GO:0002858,0.3452563497061689,0.7771984399531543,0.9554445705297292,46.56%,TGFB1;NECTIN2;CRTAM,GO_Biological_Process_2025__Reg of Natural Killer Cell Mediated Cytotoxicity Directed Against Tumor Cell Target (GO:0002858)
GO:0060541,0.3069346273344917,0.7769355193493899,0.9553877092606284,2.60%,FGFR2,GO_Biological_Process_2025__Respiratory System Development (GO:0060541)
GO:0051028,0.2628088387502789,0.7759564300664801,0.9563437735702413,54.23%,GLE1;EIF4A3;XPO1;EIF4E;UPF1;SRSF3;FXR1;NUP214,GO_Biological_Process_2025__mRNA Transport (GO:0051028)
GO:0030449,-0.3047594004733105,-0.7749300182263387,1.0,69.59%,CFH;CD59;CD55;PHB2;MASP1,GO_Biological_Process_2025__Regulation of Complement Activation (GO:0030449)
GO:0051091,0.2082287744991257,0.774392219598773,0.9581746490259906,64.57%,COPS5;MAVS;RELA;MTDH;BTK;PLCG2;PRKCQ;TRIM25;PSMA6;ARHGEF2;IKBKG;DDRGK1;CD40LG;IKBKB;RGCC;DDR2;RBCK1;CIB1;IL18;TRIM21;TRAF6;LRP6;PRDX3;EIF2AK2;FER;ANXA3;RPS3;UBE2V1;CHUK;RNF31;MTPN,GO_Biological_Process_2025__Positive Regulation of DNA-binding Transcription Factor Activity (GO:0051091)
GO:1902414,0.2619272415693915,0.7733588244361584,0.959190316978981,47.58%,TJP2;JAM3;NRXN1;RELN;NLGN1;HEG1;DLG1,GO_Biological_Process_2025__Protein Localization to Cell Junction (GO:1902414)
GO:0045746,-0.303970549566132,-0.7730704961332278,1.0,69.67%,MMP14;ARRDC1;ARRB1;LFNG;TSPAN15,GO_Biological_Process_2025__Negative Regulation of Notch Signaling Pathway (GO:0045746)
GO:0032007,0.2501977326654362,0.7720394795879607,0.9606680138689238,75.08%,YWHAG;PRKACB;PRKCA;YWHAZ;TBK1;USP7;SAR1A;SEC13;PRKAA1;UBE3A;SAR1B;PDCD6;UBR1;GSK3B;ATXN3,GO_Biological_Process_2025__Negative Regulation of TOR Signaling (GO:0032007)
GO:0019377,0.3389476584918925,0.7704083246498982,0.962561747637273,33.19%,M6PR;NAGA,GO_Biological_Process_2025__Glycolipid Catabolic Process (GO:0019377)
GO:0006486,0.2028636614754546,0.770310928893853,0.9622142508409388,55.72%,ST8SIA4;GALNT15;B3GALNT1;PLOD3;STT3A;GALNT1;GMPPB;OGA;DAD1;GALNT10;GFPT1;MAGT1;GOLGA2;TMEM59;ENTPD5;DPM1;STT3B;ARFGEF1;ST8SIA5;ST3GAL6;FUT8;ALG5;B4GALT1;ST3GAL1;MGAT4B;PLOD1;KRTCAP2;DDOST,GO_Biological_Process_2025__Protein Glycosylation (GO:0006486)
GO:1900180,0.2367226884591897,0.7696524239113312,0.9626740163352768,23.79%,APP;TGFB1;YWHAZ;LAMTOR5;CDK5RAP3,GO_Biological_Process_2025__Regulation of Protein Localization to Nucleus (GO:1900180)
GO:0051052,0.2310914382401822,0.769582264956997,0.9623107548757576,41.41%,IL7R;BABAM2;KPNA1;BRCC3;BABAM1;UPF1;SF3B3;UCHL5;UBE2V2;PDGFA,GO_Biological_Process_2025__Regulation of DNA Metabolic Process (GO:0051052)
GO:0034116,0.3081464395490509,0.7693728152043282,0.9621413603181828,1.84%,FLOT1,GO_Biological_Process_2025__Positive Regulation of Heterotypic Cell-Cell Adhesion (GO:0034116)
GO:0006851,0.2724515241879782,0.7693283631813662,0.9617194330851854,21.01%,MCU;ITPR1;LETM1,GO_Biological_Process_2025__Mitochondrial Calcium Ion Transmembrane Transport (GO:0006851)
GO:0048844,0.3065677100106694,0.7690546781814381,0.9616092697013832,45.54%,PDGFRB;NOTCH1;NRP1;JAG1,GO_Biological_Process_2025__Artery Morphogenesis (GO:0048844)
GO:0150105,0.2917363828191996,0.7676357068494936,0.9631954893714698,0.53%,TJP2,GO_Biological_Process_2025__Protein Localization to Cell-Cell Junction (GO:0150105)
GO:0006282,0.243709605753344,0.7673884438317791,0.9630754874833356,67.67%,BABAM2;BRCC3;BABAM1;SF3B3;UCHL5;UBE2V2;PCNA;ACTL6A;PPP4C;RPS3;UBE2V1;SMARCE1;SMARCC2;RUVBL2;PARP1,GO_Biological_Process_2025__Regulation of DNA Repair (GO:0006282)
GO:0031146,-0.2900341835393111,-0.7671604169430472,1.0,71.06%,FBXO4;CUL1;SKP1;CUL5;CUL2,GO_Biological_Process_2025__SCF-dependent Proteasomal Ubiquitin-Dependent Protein Catabolic Process (GO:0031146)
GO:0010744,0.3062938645534891,0.7667311953728436,0.9635516734685304,58.48%,CSF1;LPL;CD36;IL18;NFKB1,GO_Biological_Process_2025__Positive Regulation of Macrophage Derived Foam Cell Differentiation (GO:0010744)
GO:0008209,0.3222817487762878,0.7663843012410191,0.9635668638060048,1.26%,HSD17B4,GO_Biological_Process_2025__Androgen Metabolic Process (GO:0008209)
GO:0006614,0.3406262749382291,0.7662107654586336,0.9633199104026762,26.44%,SEC61B;SRPRA,GO_Biological_Process_2025__SRP-dependent Cotranslational Protein Targeting to Membrane (GO:0006614)
GO:0038128,0.3219078439965241,0.7660902546320434,0.9630291297286344,53.28%,EGF;SRC;STUB1;CUL5,GO_Biological_Process_2025__ERBB2 Signaling Pathway (GO:0038128)
GO:0032102,0.2017234698583254,0.7657641467837603,0.9630150275168098,23.11%,C1QTNF3;MIA3;STAT3;TNFAIP6;PRKCD;CERS2;YWHAZ;LPCAT3;TRAFD1;MMRN1;PROC,GO_Biological_Process_2025__Negative Regulation of Response to External Stimulus (GO:0032102)
GO:0051125,-0.2457894736842105,-0.765705175465123,1.0,75.50%,GSN;ARFIP1;VIL1;WASHC5;WASHC3;CORO1A;CARMIL1;CORO1B,GO_Biological_Process_2025__Regulation of Actin Nucleation (GO:0051125)
GO:0009749,0.2310976392483498,0.7655620990423553,0.9628146714969474,60.35%,EIF2B3;PRKCA;GAS6;LPL;EIF2B5;THBS1;EIF2B2;SLC39A14;EIF2B1;PRKAA1;SELENOT;EIF2B4;IRS2,GO_Biological_Process_2025__Response to Glucose (GO:0009749)
GO:0010564,0.2268514827376747,0.7655152685655955,0.9624051245340572,65.28%,SH3GLB1;GIT1;CTNNB1;SND1;PROC;RAB11A;PRMT5;RAB11FIP3;BCL2L1;PPP2R2A;CDC42;BIN1;ATXN10;RPL23;ZW10;SMARCE1;SMARCC2;BIRC6,GO_Biological_Process_2025__Regulation of Cell Cycle Process (GO:0010564)
GO:0032204,0.2943113089879762,0.7654061186757469,0.9620834636941844,49.24%,PRKCQ;UPF1;MAPK1;SRC;USP7,GO_Biological_Process_2025__Regulation of Telomere Maintenance (GO:0032204)
GO:0034329,0.2031307111804891,0.7653430293142268,0.9616983493258304,50.63%,CDH19;CDH15;DBNL;ITGA6;RHOA;NRXN1;PLXNB1;CDH6;SLITRK1;CLDN5;CLDN3;PLXNA4;NRCAM;CAPZA1;FN1;NLGN1;PLXNB3;CDC42;TLN1;CDH11,GO_Biological_Process_2025__Cell Junction Assembly (GO:0034329)
GO:0032720,0.2850664254412938,0.7653244092714336,0.9607844653854762,35.35%,GAS6;VSIR;THBS1;CX3CL1,GO_Biological_Process_2025__Negative Regulation of Tumor Necrosis Factor Production (GO:0032720)
GO:1903556,0.2850664254412938,0.7653244092714336,0.9607844653854762,35.35%,GAS6;VSIR;THBS1;CX3CL1,GO_Biological_Process_2025__Negative Regulation of Tumor Necrosis Factor Superfamily Cytokine Production (GO:1903556)
GO:0002711,0.2528961667353516,0.7652287607989109,0.9604560283682794,73.87%,STX7;YWHAG;HLA-C;HLA-E;HLA-B;MAP3K7;TRAF6;PRKAA1;HSPD1;HLA-A;HLA-DRB3;CD55;CYRIB,GO_Biological_Process_2025__Positive Regulation of T Cell Mediated Immunity (GO:0002711)
GO:0071108,0.3439389955298446,0.764558924568887,0.9609094840350204,65.65%,USP5;OTUB1;YOD1;VCPIP1;USP14,GO_Biological_Process_2025__Protein K48-linked Deubiquitination (GO:0071108)
GO:1902743,0.2912918893508124,0.7645408552829612,0.9604714301338946,57.01%,WAS;DMTN;CDC42;CD44;TWF2;FER,GO_Biological_Process_2025__Regulation of Lamellipodium Organization (GO:1902743)
GO:0075294,0.3355245858532737,0.763776437035628,0.9606230510751372,66.49%,P4HB;CD74;LGALS1;HMGB1;FURIN,GO_Biological_Process_2025__Positive Regulation by Symbiont of Entry Into Host (GO:0075294)
GO:0046598,0.3355245858532737,0.763776437035628,0.9606230510751372,66.49%,P4HB;CD74;LGALS1;HMGB1;FURIN,GO_Biological_Process_2025__Positive Regulation of Viral Entry Into Host Cell (GO:0046598)
GO:0030516,0.2402532467982001,0.763082408721598,0.961109704566585,52.52%,MACF1;DNM2;CTTN;RTN4;NRCAM;L1CAM;METAP2;TWF2;CLASP2;FYCO1,GO_Biological_Process_2025__Regulation of Axon Extension (GO:0030516)
GO:0048514,0.2566973043567768,0.7625494658186499,0.9613943536752204,65.94%,LRP5;TGFB1;CCM2;NRP1;FLT4;SYK;GDF2;LOX;ANGPTL3,GO_Biological_Process_2025__Blood Vessel Morphogenesis (GO:0048514)
GO:0097106,0.3327323057353277,0.7624811026482028,0.961012898450772,43.80%,NRXN1;RELN;NLGN1,GO_Biological_Process_2025__Postsynaptic Density Organization (GO:0097106)
GO:0043254,0.1972073450047595,0.7621964607683385,0.9604657860559244,66.23%,SORL1;BRK1;FAF1;SH3GLB1;HDAC6;BID;TGFB1;HSP90AA1;VCP;DDX3X;PTPN11;MMP3;SEC16A;BAX;CD36;VPS16;GAK;HSPA5;SRC;HCK;VPS18;OSBPL2;CDC42;HSPA8;MPP7;SVIP;SAR1A;SYK;VPS41;EIF2AK2;PREB;RPS3;AIDA;VPS11;VPS33A;RALB;SAR1B;NCLN;LGALS3,GO_Biological_Process_2025__Regulation of Protein-Containing Complex Assembly (GO:0043254)
GO:1905907,0.2863063159456415,0.7610324170765946,0.961649784945008,64.63%,LDLR;PFDN1;VBP1;PFDN5;HSPG2;PFDN6;PFDN4;PFDN2,GO_Biological_Process_2025__Negative Regulation of Amyloid Fibril Formation (GO:1905907)
GO:0051085,0.2665911884639396,0.7608611336158028,0.9614037737242166,67.86%,PTGES3;GAK;ERO1A;HSPA5;HSPA8;DNAJC7;SDF2;SDF2L1;HSPA13;HSPE1,GO_Biological_Process_2025__Chaperone Cofactor-Dependent Protein Refolding (GO:0051085)
GO:0002755,0.3397843325995197,0.7606543443514399,0.9612438452339456,52.73%,IRAK4;IKBKB;MAP3K7;TRAF6,GO_Biological_Process_2025__MyD88-dependent Toll-Like Receptor Signaling Pathway (GO:0002755)
GO:0051966,0.2994930907602166,0.7604770669662468,0.9610385354769388,53.65%,NRXN1;RELN;PTK2B;NLGN1;FXR1,"GO_Biological_Process_2025__Regulation of Synaptic Transmission, Glutamatergic (GO:0051966)"
GO:0019220,0.3446602279494334,0.759629385930122,0.9617667191334976,54.07%,SIRT2;IKBKB;IGBP1,GO_Biological_Process_2025__Regulation of Phosphate Metabolic Process (GO:0019220)
GO:1900151,0.2876296357551433,0.7590152231306903,0.9621364782042516,45.09%,YBX1;HNRNPD;CSDE1;PAIP1,"GO_Biological_Process_2025__Regulation of Nuclear-Transcribed mRNA Catabolic Process, Deadenylation-Dependent Decay (GO:1900151)"
GO:2000643,0.3253550762756443,0.7587394468682961,0.9620511719824966,67.52%,RAB21;RDX;EZR;MSN;VPS11;PTPN23,GO_Biological_Process_2025__Positive Regulation of Early Endosome to Late Endosome Transport (GO:2000643)
GO:0009062,0.2225999153875941,0.7581056029579374,0.9624520082327314,46.64%,HSD17B4;HADH;DECR1;ACADM;CPT2;LPIN2;ACOT8;ECHDC2;PCCA;ACAA2;HADHA,GO_Biological_Process_2025__Fatty Acid Catabolic Process (GO:0009062)
GO:0005979,-0.2368421052631578,-0.7572536379120393,1.0,76.39%,IGF1;MAP4K2;GSK3B;IRS2;PPP1R3E;PPP1R3D;AKT2;STK39,GO_Biological_Process_2025__Regulation of Glycogen Biosynthetic Process (GO:0005979)
GO:0043171,-0.1810466145943372,-0.7559644824828363,1.0,39.52%,TRHDE;ERAP2;ACE;LTA4H;ANPEP;ENPEP;ERAP1;CPQ;ADAMTS13;IDE;CTSH,GO_Biological_Process_2025__Peptide Catabolic Process (GO:0043171)
GO:0010951,-0.1956885507064615,-0.7552041634372968,1.0,62.63%,FETUB;RECK;TIMP1;SPOCK1;SERPINB6;GAPDH;SERPINB1;BIN1;VTN;SERPINE1;TIMP3,GO_Biological_Process_2025__Negative Regulation of Endopeptidase Activity (GO:0010951)
GO:0042770,0.2557359375321808,0.7550721262323585,0.9652596729911062,62.53%,LYN;BID;UFL1;GRB2;MAPK14;MUC1;STK38;TIPRL;NDRG1;MYO6,GO_Biological_Process_2025__Signal Transduction in Response to DNA Damage (GO:0042770)
GO:0048814,0.3182852874822557,0.7548691527083138,0.9650489149466356,20.38%,TNIK;YWHAH,GO_Biological_Process_2025__Regulation of Dendrite Morphogenesis (GO:0048814)
GO:0072331,0.2913680911143866,0.7544480994155732,0.9646905004096906,68.78%,HINT1;CASP6;MUC1;DDX5;NDRG1;MYO6;PRAP1,GO_Biological_Process_2025__Signal Transduction by P53 Class Mediator (GO:0072331)
GO:1903426,0.2906686370425591,0.7541797754452082,0.9645885540060408,32.14%,PLCG2;SNCA;CD36,GO_Biological_Process_2025__Regulation of Reactive Oxygen Species Biosynthetic Process (GO:1903426)
GO:0070206,0.3146832519650387,0.754000686061788,0.9643666150367682,62.82%,APP;SLC1A5;SCARA5;PNPT1;ITLN1,GO_Biological_Process_2025__Protein Trimerization (GO:0070206)
GO:0046037,0.2986942785509584,0.7523302772679554,0.9662097468883672,26.55%,GMPS;PFAS;GART,GO_Biological_Process_2025__GMP Metabolic Process (GO:0046037)
GO:0046651,0.2785907082252377,0.7521575048288185,0.9659781928752288,70.40%,PTPRC;CTPS1;CD40LG;PPP3CB;PIK3CG;MSN;HSPD1;EBI3,GO_Biological_Process_2025__Lymphocyte Proliferation (GO:0046651)
GO:0015914,0.2251524112217012,0.7520297065250097,0.9656721524210548,33.06%,VAPA;ATP8A1;LDLR;TMEM30A;OSBPL8;MTTP;PITPNB,GO_Biological_Process_2025__Phospholipid Transport (GO:0015914)
GO:0032480,0.2631701349627336,0.7516582754170786,0.9656983986026656,47.53%,PTPN11;PPM1B;UFD1;NPLOC4;CUL3,GO_Biological_Process_2025__Negative Regulation of Type I Interferon Production (GO:0032480)
GO:1901654,0.2707372032488125,0.7501505773400392,0.9672392504101242,36.03%,GNAQ;TGFB1;THBS1;GNAS,GO_Biological_Process_2025__Response to Ketone (GO:1901654)
GO:0006779,0.2774168505357007,0.7500654762485366,0.9668917044281268,51.97%,SUCLA2;ABCB6;UROD;FECH;PGRMC1;PPOX,GO_Biological_Process_2025__Porphyrin-Containing Compound Biosynthetic Process (GO:0006779)
GO:1903313,0.3179905312993161,0.7498484176950424,0.9662270501939132,68.25%,ZC3HAV1;UPF1;PNPT1;KHSRP;TTC5;GTPBP1,GO_Biological_Process_2025__Positive Regulation of mRNA Metabolic Process (GO:1903313)
GO:0048208,0.2391453695184761,0.7498450745511585,0.9653028352165636,73.90%,PPP6C;TMED2;TRAPPC3;TRAPPC5;CUL3;SAR1A;TRAPPC4;PREB;TRAPPC1;SAR1B;TRAPPC11;TRAPPC2L;TRAPPC8;PDCD6;TMED10,GO_Biological_Process_2025__COPII Vesicle Coating (GO:0048208)
GO:0048207,0.2391453695184761,0.7498450745511585,0.9653028352165636,73.90%,PPP6C;TMED2;TRAPPC3;TRAPPC5;CUL3;SAR1A;TRAPPC4;PREB;TRAPPC1;SAR1B;TRAPPC11;TRAPPC2L;TRAPPC8;PDCD6;TMED10,"GO_Biological_Process_2025__Vesicle Targeting, Rough ER to cis-Golgi (GO:0048207)"
GO:0031333,0.2353777839239216,0.7494893360510398,0.9653277486687168,60.16%,SORL1;JAM3;HDAC6;DDX3X;HSPA5;SRC;CDC42;HSPA8;SVIP;HMGB1;AIDA;CARD8,GO_Biological_Process_2025__Negative Regulation of Protein-Containing Complex Assembly (GO:0031333)
GO:0045596,0.1998648415586285,0.7484191191794575,0.9662561759100424,30.04%,COL5A1;LRP5;TNFAIP6;COL5A2;ITGB3;ANP32B;TGFB1;CALR;RTN4;PTPN11;PTBP1;SIRT2;NOTCH1,GO_Biological_Process_2025__Negative Regulation of Cell Differentiation (GO:0045596)
GO:0006325,0.2037688713148175,0.7481409082650516,0.9657010260106118,24.13%,HMGB2;HDGF;ANP32B;NAP1L4;MTHFR;NAP1L1;NASP;PKN1;HMGN1;PRMT5,GO_Biological_Process_2025__Chromatin Organization (GO:0006325)
GO:0070098,0.2478155235520816,0.7478837009798602,0.9655809262516728,58.32%,LYN;STK39;WNK1;PTK2B;CX3CL1;CIB1;STAT5A;JAK2;MPL,GO_Biological_Process_2025__Chemokine-Mediated Signaling Pathway (GO:0070098)
GO:0061448,0.2552260407379228,0.7478218768505388,0.9651918672631756,58.61%,LRP5;PGRMC2;COL11A2;DDRGK1;CD44;SH3PXD2B;GDF2,GO_Biological_Process_2025__Connective Tissue Development (GO:0061448)
GO:0032872,0.2460534071134696,0.7478046589063628,0.9647492982138776,39.50%,TAOK1;TAOK3;PDCD10;QARS1;MAPK1;MAP2K2,GO_Biological_Process_2025__Regulation of Stress-Activated MAPK Cascade (GO:0032872)
GO:2000394,0.3241133578601087,0.7474517825127593,0.9647384884221506,38.66%,CORO1B;CORO1C;SRC,GO_Biological_Process_2025__Positive Regulation of Lamellipodium Morphogenesis (GO:2000394)
GO:0045773,0.2854232929833299,0.7470650104953487,0.9647886040785252,52.52%,MACF1;NRP1;L1CAM;TWF2;FYCO1,GO_Biological_Process_2025__Positive Regulation of Axon Extension (GO:0045773)
GO:2000425,0.3333251057630909,0.7470211418821472,0.9643808476479844,54.39%,TGM2;C4A;C4B;HMGB1,GO_Biological_Process_2025__Regulation of Apoptotic Cell Clearance (GO:2000425)
GO:0007096,0.3331766057001428,0.746150967685186,0.964592558940733,39.31%,PPP1R9B;SIRT2;RGCC,GO_Biological_Process_2025__Regulation of Exit From Mitosis (GO:0007096)
GO:0070875,-0.2829345253747042,-0.7458688861787282,1.0,71.77%,IGF1;MAP4K2;IRS2;PPP1R3E;AKT2,GO_Biological_Process_2025__Positive Regulation of Glycogen Metabolic Process (GO:0070875)
GO:0045725,-0.2829345253747042,-0.7458688861787282,1.0,71.77%,IGF1;MAP4K2;IRS2;PPP1R3E;AKT2,GO_Biological_Process_2025__Positive Regulation of Glycogen Biosynthetic Process (GO:0045725)
GO:0002281,0.2989264322196969,0.7456744806544408,0.9647321965811028,52.39%,PLCG2;NMI;IFI35;SYK,GO_Biological_Process_2025__Macrophage Activation Involved in Immune Response (GO:0002281)
GO:0045948,-0.2399368587213891,-0.7442817235780843,1.0,76.08%,SH3BGRL;CCL5;KHDRBS1;MTOR;LARP1;EIF2B5;DDX3X,GO_Biological_Process_2025__Positive Regulation of Translational Initiation (GO:0045948)
GO:0002840,0.3103629668595477,0.7431607632705856,0.9666238506206828,69.01%,YWHAG;UFL1;PRKAA1;HMGB1;HSPD1;HLA-DRB3,GO_Biological_Process_2025__Regulation of T Cell Mediated Immune Response to Tumor Cell (GO:0002840)
GO:1901293,0.2956579800223082,0.7431300596629011,0.9662076433792012,64.29%,AK3;DCK;PPCS;COASY;DCAKD;PPCDC,GO_Biological_Process_2025__Nucleoside Phosphate Biosynthetic Process (GO:1901293)
GO:0032530,0.305616620850754,0.7404785603730046,0.9687018290545364,49.47%,PRKCSH;PODXL;CDHR2;TWF2,GO_Biological_Process_2025__Regulation of Microvillus Organization (GO:0032530)
GO:0034695,0.2963045592478374,0.7403440645363529,0.9684148720806148,44.83%,GNAQ;GNAS;GNB1;GNG2,GO_Biological_Process_2025__Response to Prostaglandin E (GO:0034695)
GO:0010820,0.3070674729849427,0.7399430065141794,0.9680186988306966,50.50%,STK39;WNK1;S100A7;ADAM17,GO_Biological_Process_2025__Positive Regulation of T Cell Chemotaxis (GO:0010820)
GO:0010819,0.3070674729849427,0.7399430065141794,0.9680186988306966,50.50%,STK39;WNK1;S100A7;ADAM17,GO_Biological_Process_2025__Regulation of T Cell Chemotaxis (GO:0010819)
GO:0072332,0.3088856122196473,0.7396031115085304,0.9679885843961478,56.22%,HINT1;CASP6;DDX5;BAG6,GO_Biological_Process_2025__Intrinsic Apoptotic Signaling Pathway by P53 Class Mediator (GO:0072332)
GO:0030193,0.2319721331465594,0.738909835549954,0.9684240537698476,65.57%,EMILIN2;PROC;EMILIN1;SERPINE2;THBS1;HPSE;SERPINE1;GP1BA;VTN;F2R;KNG1;TFPI;THBD,GO_Biological_Process_2025__Regulation of Blood Coagulation (GO:0030193)
GO:0062013,-0.2145301395103974,-0.7380890266007758,1.0,78.62%,APOA1;APOE;GPLD1;CES1;PARK7;IRS2;AKT1;AKT2;LDLRAP1,GO_Biological_Process_2025__Positive Regulation of Small Molecule Metabolic Process (GO:0062013)
GO:0019730,-0.1273840438991558,-0.7378468336281105,1.0,69.80%,CCL14;ANG;RNASE4;B2M;S100A9;RPL30;S100A12;CCL5;PPBP;JCHAIN;PF4;PRTN3;GAPDH;HLA-A;RPS19;LGALS3;DCD;BPIFA1;PRSS3;KNG1;DMBT1;TOR2A;PF4V1;PRSS2;CTSG;CX3CL1;S100A7;AZU1;COLEC11,GO_Biological_Process_2025__Antimicrobial Humoral Response (GO:0019730)
GO:0072678,0.2938671515197314,0.7378133900017064,0.968929341382527,62.97%,CLSTN1;MYO1G;CD99;PIK3CG;MSN;SLC12A2,GO_Biological_Process_2025__T Cell Migration (GO:0072678)
GO:0030307,0.2098196978669877,0.737223141564504,0.9692364004604898,52.52%,ADAM10;SDCBP;MACF1;DDX3X;PLAA;PRSS2;PSMD10;EIF4G1;AKT1;EIF4G2;CIB1;L1CAM;CDC42;TWF2;ADAM17;FYCO1,GO_Biological_Process_2025__Positive Regulation of Cell Growth (GO:0030307)
GO:0031570,0.3114536508697226,0.7369861695797293,0.9686349658235126,2.23%,LYN,GO_Biological_Process_2025__DNA Integrity Checkpoint Signaling (GO:0031570)
GO:0000077,0.3114536508697226,0.7369861695797293,0.9686349658235126,2.23%,LYN,GO_Biological_Process_2025__DNA Damage Checkpoint Signaling (GO:0000077)
GO:0048025,0.3272220350565876,0.7366507502022127,0.9681519600969573,30.30%,PTBP1;RBMX,"GO_Biological_Process_2025__Negative Regulation of mRNA Splicing, via Spliceosome (GO:0048025)"
GO:0050686,0.3272220350565876,0.7366507502022127,0.9681519600969573,30.30%,PTBP1;RBMX,GO_Biological_Process_2025__Negative Regulation of mRNA Processing (GO:0050686)
GO:0045070,0.2594705701437978,0.7357269414892808,0.9688640657334252,33.30%,RAD23A;VAPB;DDX3X;DDB1,GO_Biological_Process_2025__Positive Regulation of Viral Genome Replication (GO:0045070)
GO:0043567,0.2537755669330775,0.7354689899670591,0.9682700086010472,29.62%,CDH15;IGFBP1;INPPL1,GO_Biological_Process_2025__Regulation of Insulin-Like Growth Factor Receptor Signaling Pathway (GO:0043567)
GO:0060043,0.3322038532590574,0.7348725424237244,0.9685724852056709,2.60%,FGFR2,GO_Biological_Process_2025__Regulation of Cardiac Muscle Cell Proliferation (GO:0060043)
GO:0035542,-0.2132140036851803,-0.7345920534766646,1.0,78.76%,SEPTIN8;STXBP1;VPS39;VPS33A;VPS11;VPS41;VPS18;VPS16;SNCA,GO_Biological_Process_2025__Regulation of SNARE Complex Assembly (GO:0035542)
GO:0035025,0.2814676470757564,0.734397239238612,0.968706386870494,62.16%,PLXNB1;F11R;ARRB1;FXR1;F2R;FERMT2,GO_Biological_Process_2025__Positive Regulation of Rho Protein Signal Transduction (GO:0035025)
GO:0008286,0.2318863710166601,0.7342763723570275,0.9684021664268658,40.91%,APPL1;PROC;AKT2;AP3S1;GRB2;C2CD5;PIK3R1;SLC39A14,GO_Biological_Process_2025__Insulin Receptor Signaling Pathway (GO:0008286)
GO:0000209,0.1967743355706825,0.7341042928829794,0.968155053115163,70.38%,UBE2O;TPP2;UBR4;UBE2H;FBXO7;NPEPPS;CTNNB1;UBE2J1;TRIM25;LNPEP;UBE2Q1;UBE2V2;STUB1;RBCK1;UBE2K;CUL3;MYCBP2;TRIM21;TRAF6;CUL5;UBE2V1;HUWE1;ARIH2;RNF31;NT5C2;UBE3A;SHARPIN;SKP1;KCMF1;UBE2L3;UBE4A,GO_Biological_Process_2025__Protein Polyubiquitination (GO:0000209)
GO:0045292,0.3241989098695516,0.7332457619830421,0.968767973962845,44.09%,DCPS;CLNS1A;SRSF3,"GO_Biological_Process_2025__mRNA Cis Splicing, via Spliceosome (GO:0045292)"
GO:1901605,0.275434321391154,0.7332260240015995,0.9683403880813362,67.73%,LDLR;MTHFR;ALDH6A1;DDAH2;ASS1;MTHFD1;ASL,GO_Biological_Process_2025__Alpha-Amino Acid Metabolic Process (GO:1901605)
GO:0034063,0.2521834141386599,0.7330264336802754,0.9681238838234696,70.54%,G3BP2;DDX3X;DDX6;CSDE1;G3BP1;EIF2S1;ATXN2L;CIRBP;DYNC1H1;PRRC2C;RPS23,GO_Biological_Process_2025__Stress Granule Assembly (GO:0034063)
GO:0045198,0.307995791688585,0.7326873080015791,0.9680805091513246,69.25%,RHOA;CDC42;EZR;MSN;RAP2A;OPHN1,GO_Biological_Process_2025__Establishment of Epithelial Cell Apical/Basal Polarity (GO:0045198)
GO:0030336,0.1875389783235611,0.732503333647149,0.9678401709569282,54.60%,STK24;MIA3;RAP2B;BMP10;STK26;TPM1;CLIC4;DCN;ARHGAP4;EMILIN2;CALR;PODN;EMILIN1;CLDN5;CLDN3;THBS1;CORO1C;CX3CL1;RBBP4;EPPK1;SERPINE1;DUSP3;TNN;PLXNB3;JAG1;ARHGDIB;CD74;CLASP2;CDH11;PTPRG;PTPRJ;BST2,GO_Biological_Process_2025__Negative Regulation of Cell Migration (GO:0030336)
GO:0010803,0.2478499877936078,0.7311772698414897,0.969036956401232,65.13%,GAS6;CPNE1;IKBKB;UBE2K;SYK;MAPKAPK2;PPP2CB;CARD8;SHARPIN,GO_Biological_Process_2025__Regulation of Tumor Necrosis Factor-Mediated Signaling Pathway (GO:0010803)
GO:0071320,0.3121888128229977,0.7304837310019474,0.9694829383512298,29.10%,RAP1A;DMTN,GO_Biological_Process_2025__Cellular Response to cAMP (GO:0071320)
GO:0032692,0.2869493822955096,0.7301236736443811,0.9694649876535436,15.39%,GAS6;GIT1,GO_Biological_Process_2025__Negative Regulation of Interleukin-1 Production (GO:0032692)
GO:0060047,0.2796733070303102,0.7298416274575604,0.9693607949277718,16.54%,TPM1;MYH7,GO_Biological_Process_2025__Heart Contraction (GO:0060047)
GO:0002526,0.279223706323171,0.7294672843735086,0.9693623872936682,4.57%,ANO6,GO_Biological_Process_2025__Acute Inflammatory Response (GO:0002526)
GO:1903573,0.2537924626213712,0.7294105096887601,0.9689789581958964,50.05%,SGTA;LPCAT3;TXNDC12;BCL2L1;UBXN1;PTPN1;SVIP,GO_Biological_Process_2025__Negative Regulation of Response to Endoplasmic Reticulum Stress (GO:1903573)
GO:0008637,0.2440695835529781,0.7293025967914025,0.9686537777186398,75.68%,CCAR2;ATG3;BID;BAX;BCL2L1;DNM1L;TIMM50;SOD2;REXO2;HSPD1;CLU;CAMK2A;VPS35;GGCT,GO_Biological_Process_2025__Apoptotic Mitochondrial Changes (GO:0008637)
GO:0014033,-0.2574277124554345,-0.7290938672920777,1.0,45.01%,PEF1;CDH2;PDCD6;NOLC1;LRP6,GO_Biological_Process_2025__Neural Crest Cell Differentiation (GO:0014033)
GO:0046635,-0.2244887748168191,-0.7289501558183149,1.0,31.14%,SHH;IHH;CD55;EBI3;HLA-DRB3;HLA-A,GO_Biological_Process_2025__Positive Regulation of Alpha-Beta T Cell Activation (GO:0046635)
GO:0016242,0.2933125903130167,0.7287710307677776,0.9688491864207248,17.23%,SEC22B;HDAC6,GO_Biological_Process_2025__Negative Regulation of Macroautophagy (GO:0016242)
GO:0001885,0.2429024530392536,0.7287571915858255,0.9684110188678344,40.39%,RAP1A;MYADM;PECAM1;RDX;COL18A1,GO_Biological_Process_2025__Endothelial Cell Development (GO:0001885)
GO:0048754,-0.2242105263157894,-0.7285433342992156,1.0,77.65%,SHH;TIE1;ENG;PKD1;GDF2;NPNT;NRP1;PKN1,GO_Biological_Process_2025__Branching Morphogenesis of an Epithelial Tube (GO:0048754)
GO:0060392,0.3261486495125605,0.7272861092754472,0.9697352003360932,64.31%,EMILIN1;CRKL;CILP;TGFBR3,GO_Biological_Process_2025__Negative Regulation of SMAD Protein Signal Transduction (GO:0060392)
GO:0030162,0.2408737400128525,0.7268919550828934,0.9697846847387502,62.42%,ASPH;HDAC6;SERPINE2;IST1;TSPAN15;STUB1;BAG6;FGFR4;KNG1;CYFIP2,GO_Biological_Process_2025__Regulation of Proteolysis (GO:0030162)
GO:0003184,0.3067391817450857,0.7262739603055446,0.969650305265052,47.66%,NOTCH2;NOTCH1;JAG1;SMAD2,GO_Biological_Process_2025__Pulmonary Valve Morphogenesis (GO:0003184)
GO:0003177,0.3067391817450857,0.7262739603055446,0.969650305265052,47.66%,NOTCH2;NOTCH1;JAG1;SMAD2,GO_Biological_Process_2025__Pulmonary Valve Development (GO:0003177)
GO:0010647,0.3252695240599527,0.7256876423223578,0.9698917786191772,67.52%,CLSTN1;ILK;GPNMB;CLSTN3;PTPN23,GO_Biological_Process_2025__Positive Regulation of Cell Communication (GO:0010647)
GO:0050709,0.2908262244860827,0.72565451376863,0.96947972966286,32.20%,CHGA;RAB11FIP3;PSMD9,GO_Biological_Process_2025__Negative Regulation of Protein Secretion (GO:0050709)
GO:1901526,0.3033802879896333,0.7252993793268118,0.9694462106311712,62.79%,FBXO7;SLC6A4;STUB1;VDAC1;HUWE1,GO_Biological_Process_2025__Positive Regulation of Mitophagy (GO:1901526)
GO:0071616,0.289144912522385,0.7249890881504444,0.9693578716908108,24.34%,ACSS2;ACSS1,GO_Biological_Process_2025__acyl-CoA Biosynthetic Process (GO:0071616)
GO:0051099,0.2197059415180499,0.7248673526492452,0.969031884139803,72.24%,FLOT1;EGF;USP9X;EPB41;SIRT2;CLDN5;RAN;ADD2;VTN;TRIM21;HMGB1;RALB;NME1;IDE;RAPGEF2;GSK3B,GO_Biological_Process_2025__Positive Regulation of Binding (GO:0051099)
GO:0015908,0.2646204369175248,0.724775583147001,0.9686785712916828,48.03%,LYN;SLC27A4;CD36;ACSL1;LYPLA1,GO_Biological_Process_2025__Fatty Acid Transport (GO:0015908)
GO:0006954,0.1844028515362695,0.7247194666206579,0.9682956700270152,66.36%,STAT3;MGLL;TNFAIP6;RELA;PTX3;CLSTN1;CASP3;IKBKG;CASP6;F11R;AZU1;THBS1;CX3CL1;CD40LG;ITGAL;IKBKB;TBXA2R;GSDMD;CSF1R;MAP3K7;PF4V1;TBK1;IL18;CD44;CXCR4;TRIM21;SCG2;IL1RL1;F2R;HMGB1;PIK3CG;TXNIP;CSRP1;HSPG2;MAPKAPK2;NFKB1;ADGRE5;CARD8;CHUK;GSDMA;ITGB2;CD96;LOXL3,GO_Biological_Process_2025__Inflammatory Response (GO:0006954)
GO:0002696,0.2907912809102648,0.7237165824836779,0.9690334060213353,33.01%,CD226;NECTIN2;THBS1,GO_Biological_Process_2025__Positive Regulation of Leukocyte Activation (GO:0002696)
GO:0051092,0.2038918471126614,0.723132202196091,0.969295418733391,64.57%,RELA;MTDH;BTK;PRKCQ;TRIM25;PSMA6;ARHGEF2;IKBKG;DDRGK1;CD40LG;IKBKB;RBCK1;CIB1;IL18;TRAF6;PRDX3;EIF2AK2;FER;RPS3;UBE2V1;CHUK;RNF31;MTPN,GO_Biological_Process_2025__Positive Regulation of NF-kappaB Transcription Factor Activity (GO:0051092)
GO:0070723,0.292549995351815,0.7223834874636124,0.969718981527228,56.28%,TGFB1;MLC1;SMAD2;LRP6;PMVK,GO_Biological_Process_2025__Response to Cholesterol (GO:0070723)
GO:0032092,0.2281270071610454,0.7211063558743819,0.9707881070655664,72.24%,FLOT1;ADD1;USP9X;EPB41;CLDN5;RAN;ADD2;VTN;TRIM21;PPP2CB;RALB;IDE;RAPGEF2;GSK3B,GO_Biological_Process_2025__Positive Regulation of Protein Binding (GO:0032092)
GO:0006901,0.218212479163208,0.7204841212461116,0.9711132248778652,76.50%,PPP6C;AP3D1;TMED2;TRAPPC3;AP3S1;TRAPPC5;CUL3;SAR1A;TRAPPC4;PREB;TRAPPC1;SAR1B;TRAPPC11;TRAPPC2L;TRAPPC8;PDCD6;TRAPPC6B;TMED10;TRAPPC9,GO_Biological_Process_2025__Vesicle Coating (GO:0006901)
GO:0009063,0.2524759757761997,0.7188901978571821,0.9724744643629418,70.09%,IVD;ALDH6A1;MCCC2;HIBCH;DBT;ALDH5A1;MCCC1;ETFB;BCKDK;ETFA,GO_Biological_Process_2025__Amino Acid Catabolic Process (GO:0009063)
GO:1902807,0.2590225076311497,0.7186969282284879,0.972244737019968,59.19%,CRLF3;PROC;TMSB4X;INHBA;DLG1;GPNMB;KANK2,GO_Biological_Process_2025__Negative Regulation of Cell Cycle G1/S Phase Transition (GO:1902807)
GO:0045824,0.2169344109004239,0.7182232940350574,0.9723426452767174,67.67%,USP15;MAVS;TTLL12;YWHAZ;TRAFD1;VSIG4;NMI;LONP1;TRIM21;ISG15;PTPN6;OAS3;RPS19;REXO2;PARP1,GO_Biological_Process_2025__Negative Regulation of Innate Immune Response (GO:0045824)
GO:0086004,0.2621813273676417,0.7169503635163247,0.973406227275889,1.81%,ATP2A2,GO_Biological_Process_2025__Regulation of Cardiac Muscle Cell Contraction (GO:0086004)
GO:0032413,-0.2367797947908445,-0.7167739429821751,1.0,76.39%,MMP9;EPX;GOPC;CAB39;CAMK2D;PCSK9;STK39,GO_Biological_Process_2025__Negative Regulation of Ion Transmembrane Transporter Activity (GO:0032413)
GO:0001836,0.2740211471686569,0.716504300594417,0.973439363368436,48.14%,BID;BAX;BCL2L1;TIMM50;SOD2,GO_Biological_Process_2025__Release of Cytochrome C From Mitochondria (GO:0001836)
GO:0048864,0.2838734953746228,0.7164040241065537,0.9730813931706538,22.74%,PTPRC;TCOF1,GO_Biological_Process_2025__Stem Cell Development (GO:0048864)
GO:0030308,0.2059860256725708,0.7159777686506127,0.9731219730031704,23.98%,CRLF3;BMP10;PPP1R9B;CCAR2;TGFB1;RTN4;DDX3X,GO_Biological_Process_2025__Negative Regulation of Cell Growth (GO:0030308)
GO:0006520,-0.2218125942510883,-0.715607748805592,1.0,35.24%,PEPD;PRNP;ETFA;BCKDK;ETFB;PCCB,GO_Biological_Process_2025__Amino Acid Metabolic Process (GO:0006520)
GO:0002483,0.2775386937707687,0.7154605088708952,0.9732421215509705,39.13%,HLA-C;HLA-E;HLA-B,GO_Biological_Process_2025__Antigen Processing and Presentation of Endogenous Peptide Antigen (GO:0002483)
GO:2001244,0.2315925135495444,0.714577905960788,0.973827685525227,18.86%,BCAP31;NCK2;BID,GO_Biological_Process_2025__Positive Regulation of Intrinsic Apoptotic Signaling Pathway (GO:2001244)
GO:0043328,0.2606635071090047,0.714504888805589,0.9734578585500476,74.00%,TSG101;VPS28;VPS37B;VPS25;SNF8;VPS36;STAM;PTPN23;STAM2;VPS37A,GO_Biological_Process_2025__Prot Transport to Vacuole Inv in Ub-dep Prot Cat Proc via Multivsiclr Bdy Sorting Pway (GO:0043328)
GO:0045739,0.2327146044003228,0.713403904436535,0.9742616203247756,67.67%,BABAM2;BRCC3;BABAM1;UCHL5;UBE2V2;PCNA;HMGB1;ACTL6A;RPS3;SMARCE1;SMARCC2;RUVBL2;PARP1,GO_Biological_Process_2025__Positive Regulation of DNA Repair (GO:0045739)
GO:0032206,-0.2097920505396157,-0.7128287612339509,1.0,79.10%,HNRNPA2B1;TERF2IP;RUVBL1;RUVBL2;ACTL6A;UCHL5;MAPK1;HNRNPD;PRKCQ,GO_Biological_Process_2025__Positive Regulation of Telomere Maintenance (GO:0032206)
GO:0030574,0.2436458222128841,0.7118527925917628,0.9755728984100612,43.22%,MMP19;MMP25;MMP3;PRSS2;CTSS,GO_Biological_Process_2025__Collagen Catabolic Process (GO:0030574)
GO:0051241,0.1826407630844864,0.7109994524081988,0.9760613548142832,53.89%,LAMA4;PAEP;APP;GAS6;NRDC;CALR;PROC;PGAM5;CASP3;EMILIN1;SVEP1;RAB11FIP3;NOTCH1;ITGA4;CORO1C;ACOT13;RHEB;GNAS;LNPEP;RBBP4;RGCC;SRGN;PPP1R11;SMAD2;ARHGDIB;TWSG1;ADAM17;GPNMB;PTPRG;F2R,GO_Biological_Process_2025__Negative Regulation of Multicellular Organismal Process (GO:0051241)
GO:0009081,0.2568177351458857,0.7109193030860494,0.9757071465402792,69.43%,IVD;MCCC2;BCAT1;PCCA;HIBCH;DBT;PCCB;MCCC1;BCKDK,GO_Biological_Process_2025__Branched-Chain Amino Acid Metabolic Process (GO:0009081)
GO:0050765,0.2859393715293081,0.7108487679090747,0.975339585643016,54.39%,APPL1;CD47;PIP4P2;SNX3;HMGB1,GO_Biological_Process_2025__Negative Regulation of Phagocytosis (GO:0050765)
GO:0071470,0.2351710660066066,0.7101270447760408,0.9747776718952276,32.96%,MYLK;STK39;DDX3X;ARHGEF2;WNK1,GO_Biological_Process_2025__Cellular Response to Osmotic Stress (GO:0071470)
GO:0042476,0.2964518341418695,0.7098316187718957,0.9746861500882174,39.18%,FGFR2;LAMB1;INHBA,GO_Biological_Process_2025__Odontogenesis (GO:0042476)
GO:1901991,0.2584245494624564,0.7090445238125724,0.9751029156949844,59.19%,CRLF3;PROC;INHBA;RGCC;DLG1;GPNMB;KANK2,GO_Biological_Process_2025__Negative Regulation of Mitotic Cell Cycle Phase Transition (GO:1901991)
GO:0002842,0.3102813568235603,0.7060521009614431,0.9779663655062166,69.01%,YWHAG;PNKD;PRKAA1;HSPD1;HLA-DRB3,GO_Biological_Process_2025__Positive Regulation of T Cell Mediated Immune Response to Tumor Cell (GO:0002842)
GO:0061013,0.2229824210983096,0.7058408853003452,0.977752133160584,70.22%,PRKCD;EIF4A3;PRKCA;SERBP1;ZC3HAV1;UPF1;VIM;FXR1;PNPT1;MAPKAPK2;KHSRP;TTC5;CAPRIN1;GTPBP1;APEX1,GO_Biological_Process_2025__Regulation of mRNA Catabolic Process (GO:0061013)
GO:0043549,0.2943299778543837,0.704917363554469,0.978292305152964,60.35%,SMG8;FGR;CD74;PRDX3;IRS2,GO_Biological_Process_2025__Regulation of Kinase Activity (GO:0043549)
GO:0046641,0.2791370691923178,0.7048709575092705,0.9778919260727652,72.14%,HLA-E;IL18;JAK2;CD81;HLA-A;EBI3;CD55,GO_Biological_Process_2025__Positive Regulation of Alpha-Beta T Cell Proliferation (GO:0046641)
GO:0010954,-0.1775085593889913,-0.7037670947276539,1.0,82.33%,CLEC3B;F12;KLKB1;GSN;ANXA2;ENO1;BAG2;ANGPTL8;S100A10;PLGRKT;MYH9,GO_Biological_Process_2025__Positive Regulation of Protein Processing (GO:0010954)
GO:1902042,0.2416484687247329,0.7037513250528447,0.9787066125014892,75.66%,DDX3X;TMBIM1;BCL2L1;GPX1;SERPINE1;BMP5;PARK7;GSK3B;FGA;FGG;FGB,GO_Biological_Process_2025__Negative Regulation of Extrinsic Apoptotic Signaling Pathway via Death Domain Receptors (GO:1902042)
GO:0010880,0.2711923702286382,0.7029339379291598,0.9791503180853572,13.94%,ASPH;PRKCA,GO_Biological_Process_2025__Regulation of Release of Sequestered Calcium Ion Into Cytosol by Sarcoplasmic Reticulum (GO:0010880)
GO:0048313,0.2933060507092449,0.7024303476282262,0.9792376140958434,35.87%,YWHAZ;PDCD10;GOLGA2,GO_Biological_Process_2025__Golgi Inheritance (GO:0048313)
GO:0032781,0.2385599963185799,0.7018934423473274,0.9793774119930468,16.83%,DNAJB11;TPM1;SSBP1,GO_Biological_Process_2025__Positive Regulation of ATP-dependent Activity (GO:0032781)
GO:0006821,0.2435136332499992,0.7015456046206039,0.9793050365877356,68.99%,ANO6;CLIC4;TTYH3;ANO10;SLC4A1;CLIC1;CLCN4;SLC12A2;CLCN3,GO_Biological_Process_2025__Chloride Transport (GO:0006821)
GO:0006536,-0.2757675097169925,-0.7011287273110323,1.0,36.24%,GCLC;GOT2;ALDH18A1;ALDH5A1,GO_Biological_Process_2025__Glutamate Metabolic Process (GO:0006536)
GO:0050863,0.2119129443208744,0.7010814393562487,0.9793613452347256,74.74%,YWHAG;PRKCQ;UFL1;CTSG;JAK3;CD47;DUSP3;CRTAM;HLA-DPA1;GPNMB;PRKAA1;LCK;LGALS3;HSPD1;HLA-DRB3;CYRIB;FGL1,GO_Biological_Process_2025__Regulation of T Cell Activation (GO:0050863)
GO:0045880,-0.2543398211467648,-0.7009043719103952,1.0,74.63%,SHH;IHH;SFRP1;RAB34;UCHL5;TXNDC15,GO_Biological_Process_2025__Positive Regulation of Smoothened Signaling Pathway (GO:0045880)
GO:0031952,0.2690040849056542,0.7006857866228661,0.9793524175956998,53.60%,MVP;PDGFA;CHORDC1;GPNMB;PDGFB,GO_Biological_Process_2025__Regulation of Protein Autophosphorylation (GO:0031952)
GO:0060391,0.2311919356837251,0.7001397449019664,0.9794864762065268,69.46%,BMP10;TGFB1;CSNK2B;DAB2;INHBA;TWSG1;JAK2;GDF2;TGFBR3;BMP5;TGFB2,GO_Biological_Process_2025__Positive Regulation of SMAD Protein Signal Transduction (GO:0060391)
GO:1901570,0.2759541219154699,0.6999526396332768,0.9792278549015732,22.87%,HMGCL;GGT7,GO_Biological_Process_2025__Fatty Acid Derivative Biosynthetic Process (GO:1901570)
GO:0030201,-0.1847219440358076,-0.6981936023352641,1.0,60.24%,EXT1;NAGLU;EXT2;B3GAT3;GNS;GLB1;UGDH;GPC1;GLCE;HPSE,GO_Biological_Process_2025__Heparan Sulfate Proteoglycan Metabolic Process (GO:0030201)
GO:0051791,0.3157574174776445,0.6980229244497276,0.9808450127630072,58.95%,ACADM;CRAT;ACAD9;ACOT7,GO_Biological_Process_2025__Medium-Chain Fatty Acid Metabolic Process (GO:0051791)
GO:0090136,0.3102303940107465,0.6969054159492095,0.981596769713524,31.20%,ITGB5;THBS4,GO_Biological_Process_2025__Epithelial Cell-Cell Adhesion (GO:0090136)
GO:0001845,0.2875370820382995,0.6960270261048307,0.9820940198174108,48.84%,RAB7A;SRPX;RAB14;CORO1A,GO_Biological_Process_2025__Phagolysosome Assembly (GO:0001845)
GO:0032787,0.1991279841757,0.6956132022514789,0.9820798009689408,65.94%,CPT1A;ACADSB;PROC;SLC27A4;LPL;CD36;ACSL4;GATM;AASDHPPT;PCCA;SCPEP1;ACSL3;VDAC1;VNN2;PCCB;MCCC1;ADH1B;ANGPTL3,GO_Biological_Process_2025__Monocarboxylic Acid Metabolic Process (GO:0032787)
GO:0006139,0.2261332584509806,0.6941472391493605,0.9827139379552304,38.84%,DPYSL2;PRPSAP2;MTAP;CTPS1;PRPS2;ATIC;GDA,GO_Biological_Process_2025__Nucleobase-Containing Compound Metabolic Process (GO:0006139)
GO:0160049,0.2710572518144448,0.6940303575810317,0.9823667608541758,3.23%,PPP6C,GO_Biological_Process_2025__Negative Regulation of cGAS/STING Signaling Pathway (GO:0160049)
GO:0002726,0.2791370691923178,0.6939183466625816,0.9820464868455052,72.14%,IL1R1;MAP3K7;IL18;TRAF6;CD81;HLA-A;CD55,GO_Biological_Process_2025__Positive Regulation of T Cell Cytokine Production (GO:0002726)
GO:0051100,0.2224552419492656,0.6935370032905198,0.9819908861678384,40.34%,ROCK1;CAMK1;CPNE1;BAX;GOLGA2;DNAJB2,GO_Biological_Process_2025__Negative Regulation of Binding (GO:0051100)
GO:0032689,0.2759129118231672,0.6933556175148251,0.9817282505894688,39.18%,GAS6;VSIR;INHBA,GO_Biological_Process_2025__Negative Regulation of Type II Interferon Production (GO:0032689)
GO:1902476,0.2880053688416352,0.6933340529554564,0.9812984622766904,39.94%,ANO6;ANO10;SLC4A1,GO_Biological_Process_2025__Chloride Transmembrane Transport (GO:1902476)
GO:0006907,0.2668721953627185,0.6930342987130672,0.9811816603315572,38.03%,SNX5;CARMIL1;MAPKAPK3,GO_Biological_Process_2025__Pinocytosis (GO:0006907)
GO:0051928,-0.1574481867710183,-0.6918238713731818,1.0,53.26%,LILRA2;WFS1;ATP2B1;CCL5;STC1;CAMK2A;TRPC6;LGALS3;F2R;PDGFB;TOR2A,GO_Biological_Process_2025__Positive Regulation of Calcium Ion Transport (GO:0051928)
GO:0070936,0.2105203914847799,0.6910187892006688,0.9828780797086624,77.34%,UBR4;UBE2H;FBXO7;TRIM25;UBE2K;CUL3;MYCBP2;TRIM21;HUWE1;ARIH2;NT5C2;UBE3A;SKP1;KCMF1;UBE3C;ZNRF2;CUL1,GO_Biological_Process_2025__Protein K48-linked Ubiquitination (GO:0070936)
GO:0060429,0.1851420144504035,0.6903896547919582,0.9825984383227716,38.39%,FGFR2;GSTK1;CPT1A;TOLLIP;FN3K;RCN3;TGFB1;CBR1;STAT1;PDCD10;CASP6;CLDN3;CCM2;CDHR2;CNN3;ANXA4,GO_Biological_Process_2025__Epithelium Development (GO:0060429)
GO:0006491,0.2314185850642187,0.6901382183026592,0.9824053832928868,10.58%,ST8SIA4;PRKCSH,GO_Biological_Process_2025__N-glycan Processing (GO:0006491)
GO:0071479,-0.1822491440611008,-0.6899972659950555,1.0,81.85%,XRCC6;TMEM109;XRCC5;PRAP1;NUCKS1;TNKS1BP1;EEF1D;MAPK14;GRB2;BRCC3;BABAM2,GO_Biological_Process_2025__Cellular Response to Ionizing Radiation (GO:0071479)
GO:1903580,0.2717548582279944,0.6899666607949306,0.982129485483016,69.04%,MIA3;VCP;TMSB4X;PRKAA1;MTOR;ENO1,GO_Biological_Process_2025__Positive Regulation of ATP Metabolic Process (GO:1903580)
GO:0046631,0.2914255654918464,0.6892948580839533,0.9823768432728516,70.90%,CLEC1B;HLA-E;BAG6;HLA-A;CD247;STOML2,GO_Biological_Process_2025__Alpha-Beta T Cell Activation (GO:0046631)
GO:0007413,-0.2748310279119792,-0.6892214969815487,1.0,0.60%,MEGF8;CNTN4,GO_Biological_Process_2025__Axonal Fasciculation (GO:0007413)
GO:0002449,0.2644125214428134,0.6890213759411881,0.9821935680568352,72.19%,SLA2;C4BPA;JAG1;MYO1G;CD46;GNL1;CD8A,GO_Biological_Process_2025__Lymphocyte Mediated Immunity (GO:0002449)
GO:0043457,-0.2194159431728492,-0.688390828742773,1.0,78.12%,IFNAR1;SHMT2;TRAP1;IDE;PNPT1;ARL2;VCP,GO_Biological_Process_2025__Regulation of Cellular Respiration (GO:0043457)
GO:0043542,0.2086581348312287,0.6877611992218271,0.9830882299149976,36.27%,RHOA;RAB13;MYH9;STAT1;CORO1B;S100A7;NRP1,GO_Biological_Process_2025__Endothelial Cell Migration (GO:0043542)
GO:0010586,0.3080880442060736,0.6877407206697349,0.9826566426941652,61.90%,SND1;DIS3L2;DDX5;KHSRP,GO_Biological_Process_2025__miRNA Metabolic Process (GO:0010586)
GO:1901184,0.3045920139923824,0.6872384636698678,0.9827219802722708,3.47%,PTPN12,GO_Biological_Process_2025__Regulation of ERBB Signaling Pathway (GO:1901184)
GO:1900044,0.3033540621010144,0.6870843872005612,0.9824265523235968,41.31%,DDX3X;PLAA;UBE2V2,GO_Biological_Process_2025__Regulation of Protein K63-linked Ubiquitination (GO:1900044)
GO:0043217,-0.2647909545095977,-0.6864831982650628,1.0,73.58%,SOD1;CLU;PTEN;CXCR4;EPB41L3,GO_Biological_Process_2025__Myelin Maintenance (GO:0043217)
GO:0030301,0.1987054978127021,0.6864743238778165,0.982588109490402,45.69%,VAPA;VAPB;LDLR;LDLRAP1;STX12;VPS4A;CD36;RELCH;OSBPL2;LIPG,GO_Biological_Process_2025__Cholesterol Transport (GO:0030301)
GO:0019637,0.1992494239734472,0.6855473452965293,0.9830888838047253,49.58%,PLCB2;HOOK3;LPL;INPP5A;INPP4B;PFKM;GFPT1;INPP5B;PLAA;UBL4A;PFKP;AGPAT1,GO_Biological_Process_2025__Organophosphate Metabolic Process (GO:0019637)
GO:0045197,0.2306733729548411,0.6855044449908609,0.9826797278369468,69.25%,ERBIN;RHOA;PARD3;PDCD6IP;CDC42;DLG1;EZR;MSN;WDR1;RAP2A;OPHN1,GO_Biological_Process_2025__Establishment or Maintenance of Epithelial Cell Apical/Basal Polarity (GO:0045197)
GO:0019319,0.2338999827627849,0.6849289929606955,0.9827940452566604,23.11%,ENO2;CHST15;PROC,GO_Biological_Process_2025__Hexose Biosynthetic Process (GO:0019319)
GO:0043302,0.305215256650832,0.6829832156959394,0.9842768164769744,64.13%,STX4;FGR;ITGAM;ITGB2,GO_Biological_Process_2025__Positive Regulation of Leukocyte Degranulation (GO:0043302)
GO:0045217,0.2565837853584737,0.682586781406208,0.9842269571825042,11.40%,MYADM;MTSS1,GO_Biological_Process_2025__Cell-Cell Junction Maintenance (GO:0045217)
GO:0010569,-0.1822666585503389,-0.6822941932170605,1.0,49.79%,WDR48;C1QBP;TERF2IP;RUVBL1;FUS;PARP1;RUVBL2;PPP4C;ACTL6A;ACTR2,GO_Biological_Process_2025__Regulation of Double-Strand Break Repair via Homologous Recombination (GO:0010569)
GO:0098586,0.2308609834752216,0.6816428439000249,0.9847057796098718,67.31%,TOMM70;HSP90AA1;DDX3X;BAX;MAPK14;JAK2;JAK1;CHUK;PTGES2;IFI6,GO_Biological_Process_2025__Cellular Response to Virus (GO:0098586)
GO:0002693,0.2844765830716407,0.6814386541426072,0.9844729502564666,60.61%,JAM3;CD47;CD99;RIPOR2,GO_Biological_Process_2025__Positive Regulation of Cellular Extravasation (GO:0002693)
GO:0022409,0.2120308663278833,0.6814202892575133,0.9840437767316198,38.79%,FLOT1;YWHAG;CTNNB1;FSTL3;PODXL;CX3CL1;CD47,GO_Biological_Process_2025__Positive Regulation of Cell-Cell Adhesion (GO:0022409)
GO:0033630,0.2843642418389368,0.6811171971907656,0.9839041218838228,52.39%,NCKAP1L;PODXL;CIB1;SYK,GO_Biological_Process_2025__Positive Regulation of Cell Adhesion Mediated by Integrin (GO:0033630)
GO:0008210,0.2612261720224612,0.6810760443035915,0.983503647729744,16.62%,HSD17B4;SULT1A1,GO_Biological_Process_2025__Estrogen Metabolic Process (GO:0008210)
GO:0042110,0.1908358371377692,0.6809266773033291,0.9832112494820714,60.37%,PTPRC;NCK2;KIF13B;CLSTN1;SLA2;CTPS1;GRB2;PIK3R1;PPP3CB;CRTAM;CD44;CD74;NCK1;LFNG;DDOST;PIK3CG;CD84;PTPN6;MSN;TREML2;LCK,GO_Biological_Process_2025__T Cell Activation (GO:0042110)
GO:0006814,0.2701302242606443,0.6809151923641529,0.9827789728474876,46.01%,ATP1B3;SLC6A6;SLC6A4;NDUFA9,GO_Biological_Process_2025__Sodium Ion Transport (GO:0006814)
GO:0002683,0.2339852264840126,0.680847514732274,0.9824075654074308,12.97%,LYN;YWHAE,GO_Biological_Process_2025__Negative Regulation of Immune System Process (GO:0002683)
GO:0097696,0.2071808070745724,0.6806125225020916,0.982184954842038,58.09%,STAT3;FGFR3;STAT5B;STAT1;JAK3;STAMBP;NMI;STAT5A;JAK2;JAK1,GO_Biological_Process_2025__Cell Surface Receptor Signaling Pathway via STAT (GO:0097696)
GO:0043085,0.2494543330664243,0.6802451072849734,0.982077617588116,44.98%,STX4;SSBP1;MAPK14;CIB1,GO_Biological_Process_2025__Positive Regulation of Catalytic Activity (GO:0043085)
GO:0032570,0.2824304259530295,0.6776925322849578,0.984154878378331,38.66%,TGFB1;THBS1;SRC,GO_Biological_Process_2025__Response to Progesterone (GO:0032570)
GO:0060765,0.2864356365150305,0.677174319125773,0.9842216441333368,22.40%,HDAC6;PKN1,GO_Biological_Process_2025__Regulation of Androgen Receptor Signaling Pathway (GO:0060765)
GO:1902176,0.2344597107858315,0.6760349635444941,0.9843873702899868,20.46%,FBXO7;FYN;NOL3,GO_Biological_Process_2025__Negative Regulation of Oxidative Stress-Induced Intrinsic Apoptotic Signaling Pathway (GO:1902176)
GO:0002275,0.2377923637519133,0.6760268032753912,0.9839543479829944,59.45%,FCER1G;PLCG2;NMI;IFI35;SYK;KARS1,GO_Biological_Process_2025__Myeloid Cell Activation Involved in Immune Response (GO:0002275)
GO:0030278,0.2549423880517754,0.6760083820206649,0.983530577340294,47.66%,PTPN11;NOTCH1;DDR2;SMAD2,GO_Biological_Process_2025__Regulation of Ossification (GO:0030278)
GO:0050870,0.1859183403509593,0.6749506829341303,0.9840882024623776,70.96%,FLOT2;PTPRC;YWHAG;NCK2;NCKAP1L;DOCK8;PRKCQ;CD40LG;CD47;HLA-DPA1;NCK1;PRKAA1;ACTL6A;JAK2;CD81;LCK;CD46;SMARCE1;SMARCC2;SLC7A1;HSPD1;HLA-A;HLA-DRB3;VCAM1;LILRB2,GO_Biological_Process_2025__Positive Regulation of T Cell Activation (GO:0050870)
GO:0016137,0.299418391277253,0.6734769581260721,0.9850645599879184,33.19%,AKR1B1;NAGA,GO_Biological_Process_2025__Glycoside Metabolic Process (GO:0016137)
GO:0050810,0.3031666320130116,0.6732907849701665,0.984783788548827,27.44%,ASAH1;CHGA,GO_Biological_Process_2025__Regulation of Steroid Biosynthetic Process (GO:0050810)
GO:0045911,0.2505514343092374,0.6732745321266994,0.9843559837934956,1.94%,WAS,GO_Biological_Process_2025__Positive Regulation of DNA Recombination (GO:0045911)
GO:0000819,0.28122603879578,0.6726962798440193,0.9844590837602566,38.37%,PPP1CC;SMC1A;RAN,GO_Biological_Process_2025__Sister Chromatid Segregation (GO:0000819)
GO:0070233,0.2948515507890967,0.6723167109161179,0.9843627933724052,61.08%,PRKCQ;JAK3;TSC22D3;BPNT1,GO_Biological_Process_2025__Negative Regulation of T Cell Apoptotic Process (GO:0070233)
GO:1902373,-0.1521223306090166,-0.6723080042895986,1.0,84.87%,ELAVL1;PABPC1;SYNCRIP;HNRNPU;THRAP3;FUS;NBAS;HNRNPAB;CIRBP;FXR1;LARP1;PAIP1;CSDE1;HNRNPD;YBX1,GO_Biological_Process_2025__Negative Regulation of mRNA Catabolic Process (GO:1902373)
GO:0009746,0.2263567738177673,0.6717763206644802,0.984403517546754,60.35%,EIF2B3;LPL;EIF2B5;THBS1;EIF2B2;EIF2B1;SELENOT;EIF2B4;IRS2,GO_Biological_Process_2025__Response to Hexose (GO:0009746)
GO:0002573,-0.1518987341772151,-0.6714136547445371,1.0,84.90%,OSCAR;TYROBP;MMP9;KIT;NPM1;SLC4A2;GLO1;PRTN3;PARP1;IL1RL1;CDC42;CSF1R;MAPK14;MYH9;CLSTN1;CSF1,GO_Biological_Process_2025__Myeloid Leukocyte Differentiation (GO:0002573)
GO:1903749,0.225812470295959,0.670697545944411,0.9849607668458006,63.50%,NPEPPS;SH3GLB1;NMT1;HPS4;VPS11;RAC2;HUWE1;ARIH2;RNF31,GO_Biological_Process_2025__Positive Regulation of Establishment of Protein Localization to Mitochondrion (GO:1903749)
GO:0071451,-0.1932087391418794,-0.6703636769151075,1.0,80.75%,MB;APOA4;PRDX2;SOD1;PARK7;PRDX1;SOD2;SOD3;CCS,GO_Biological_Process_2025__Cellular Response to Superoxide (GO:0071451)
GO:0045582,-0.2009616311974074,-0.6702327083060597,1.0,38.08%,SHH;VNN1;IHH;LILRB2;SMARCC2;SMARCE1;CD46,GO_Biological_Process_2025__Positive Regulation of T Cell Differentiation (GO:0045582)
GO:0045022,0.247367244346905,0.6697300364224106,0.985400570030226,35.74%,HOOK3;RAB7A;RAB5A;EEA1,GO_Biological_Process_2025__Early Endosome to Late Endosome Transport (GO:0045022)
GO:0071482,0.2570953181642115,0.6695226052060129,0.9851443485482708,67.67%,PRKCD;DDB1;PCNA;EIF2S1;PTPRK;RUVBL2;PARP1,GO_Biological_Process_2025__Cellular Response to Light Stimulus (GO:0071482)
GO:0010743,0.2292319460621936,0.6686253134964301,0.9851209061347822,61.32%,ITGB3;CSF1;LPL;CD36;IL18;CSRP1;NFKB1;ITGAV,GO_Biological_Process_2025__Regulation of Macrophage Derived Foam Cell Differentiation (GO:0010743)
GO:0030836,0.2940427492087333,0.6685517533697368,0.9847378440090184,50.32%,CRACD;CARMIL1;PLEK,GO_Biological_Process_2025__Positive Regulation of Actin Filament Depolymerization (GO:0030836)
GO:0045071,0.2216385487909432,0.6682822136326807,0.9845453431706532,68.70%,MAVS;ZC3HAV1;ILF3;IFITM2;IFITM3;BST2;ISG15;EIF2AK2;OAS3;RNASEL,GO_Biological_Process_2025__Negative Regulation of Viral Genome Replication (GO:0045071)
GO:0035089,0.2557894736842107,0.6679804179624431,0.9843882243686982,74.47%,RHOA;CDC42;EZR;MSN;RAP2A;OPHN1;FSCN1;SCRIB,GO_Biological_Process_2025__Establishment of Apical/Basal Cell Polarity (GO:0035089)
GO:0071103,0.2791215231265223,0.6674208127191837,0.9844661672443732,56.17%,HMGB2;HMGB1;TOP1;HMGB3,GO_Biological_Process_2025__DNA Conformation Change (GO:0071103)
GO:0019216,0.2284257053442711,0.6671148540330961,0.9842911951815748,65.84%,CERS2;PLCG2;ADGRF5;ANGPTL8;FGFR4;IRS2;MBOAT7;CIDEB,GO_Biological_Process_2025__Regulation of Lipid Metabolic Process (GO:0019216)
GO:0098656,0.2563637275223418,0.6670025335865032,0.9839454003552304,68.99%,ANO6;ANO10;SLC4A1;PANX1;LRRC8D;SLC12A2;CLCN3,GO_Biological_Process_2025__Monoatomic Anion Transmembrane Transport (GO:0098656)
GO:0043412,0.1908210474746064,0.6663951504990893,0.9840577048970433,46.06%,ST8SIA4;CPE;UBA7;UBA3;RABGGTA;RABGGTB;AKT2;UBE2M;ERO1A;UBL4A;MSRA;STK38,GO_Biological_Process_2025__Macromolecule Modification (GO:0043412)
GO:2000779,0.2395997893628225,0.6663607684263197,0.9836530384356388,76.10%,WAS;OTUB1;UBE2V2;ACTR2;PPP4C;SMARCE1;SMARCC2;RUVBL2;RUVBL1;TERF2IP,GO_Biological_Process_2025__Regulation of Double-Strand Break Repair (GO:2000779)
GO:0006284,0.2756131152261327,0.6656800961045471,0.9838123404913868,3.55%,USP47,GO_Biological_Process_2025__Base-Excision Repair (GO:0006284)
GO:0072350,0.2539734088305704,0.6643987292666438,0.9845129195361416,62.24%,IDH2;IDH3A;IDH3B;ACO2;ASS1;IDH3G,GO_Biological_Process_2025__Tricarboxylic Acid Metabolic Process (GO:0072350)
GO:0030098,0.2069280379816145,0.6637881557664811,0.9846221398537311,38.34%,PTPRC;CLSTN1;PLCG2;AXL;ITGA4;PIK3R1;JAK3,GO_Biological_Process_2025__Lymphocyte Differentiation (GO:0030098)
GO:0061337,0.2298149964505204,0.6633794901508925,0.984544082982253,57.56%,YWHAE;SLC9A1;SRC;BIN1;CAMK2D;DSG2,GO_Biological_Process_2025__Cardiac Conduction (GO:0061337)
GO:1900152,0.2773276566404617,0.6632539782006075,0.9842211611241288,45.09%,YBX1;HNRNPD;PAIP1,"GO_Biological_Process_2025__- Reg of Nuclear-Transcribed mRNA Cat Proc, Deadenylation-Dep Decay (GO:1900152)"
GO:0035088,0.276718119579427,0.6626631570484387,0.9842883203033432,4.49%,ERBIN,GO_Biological_Process_2025__Establishment or Maintenance of Apical/Basal Cell Polarity (GO:0035088)
GO:0006167,0.2748639734031738,0.6614127432075811,0.9849608636276154,64.18%,PFAS;GART;ATIC;APRT;PAICS,GO_Biological_Process_2025__AMP Biosynthetic Process (GO:0006167)
GO:0006376,0.2814978925347897,0.6606177116753478,0.985248612852864,36.32%,NOL3;SF3A2;SF3A1,GO_Biological_Process_2025__mRNA Splice Site Recognition (GO:0006376)
GO:0099175,0.2743694617718709,0.6605094889753977,0.9849067068188124,62.42%,APP;PDLIM5;RHOG;ABI2;CYFIP2,GO_Biological_Process_2025__Regulation of Postsynapse Organization (GO:0099175)
GO:0010985,0.2943545585528922,0.6600424693440966,0.9848637069580076,34.48%,LDLR;PCSK9,GO_Biological_Process_2025__Negative Regulation of Lipoprotein Particle Clearance (GO:0010985)
GO:0046546,0.2754746569826972,0.6589163176484644,0.9854120042699284,39.18%,LHFPL2;CSDE1;INHBA,GO_Biological_Process_2025__Development of Primary Male Sexual Characteristics (GO:0046546)
GO:0046889,0.2397737713710154,0.6576456766847532,0.9860934772930542,50.45%,LDLR;SIRT2;CHGA;CHORDC1;APOA5,GO_Biological_Process_2025__Positive Regulation of Lipid Biosynthetic Process (GO:0046889)
GO:0006006,0.1949354044220471,0.6575327750739333,0.9857583522456004,23.11%,LRP5;ENO2;HOOK3;FBN1;PROC,GO_Biological_Process_2025__Glucose Metabolic Process (GO:0006006)
GO:0038166,0.2744739266169422,0.6561714858081742,0.9864643798125928,44.01%,ACTN2;SRC;AHCYL1,GO_Biological_Process_2025__Angiotensin-Activated Signaling Pathway (GO:0038166)
GO:0050807,0.2443415828289672,0.6558144555609431,0.9863265606647365,55.02%,CAMK1;YWHAZ;SPARC;PDLIM5;SPARCL1;CLSTN3,GO_Biological_Process_2025__Regulation of Synapse Organization (GO:0050807)
GO:2000392,0.2667927306125703,0.6554307367632289,0.9862198217795098,48.98%,CORO1B;CORO1C;SRC;CD44,GO_Biological_Process_2025__Regulation of Lamellipodium Morphogenesis (GO:2000392)
GO:0016266,-0.1593817325905203,-0.6552828056865934,1.0,33.17%,B4GALT5;GALNT5;ST6GAL1;POMGNT1;GALNT12;GALNT2;B3GNT8;B3GNT7;B3GNT2,GO_Biological_Process_2025__O-glycan Processing (GO:0016266)
GO:0043648,0.1949940272269023,0.6551604757674,0.9860212156118332,34.03%,LDLR;SDHA;OGDH;IDH2;GCLM;ACOT8;MDH2,GO_Biological_Process_2025__Dicarboxylic Acid Metabolic Process (GO:0043648)
GO:1905168,0.2551888939691337,0.6542274569075471,0.9864091633552448,1.94%,WAS,GO_Biological_Process_2025__Positive Regulation of Double-Strand Break Repair via Homologous Recombination (GO:1905168)
GO:0032400,0.2724063863299146,0.6518890255363292,0.9879454911268144,65.73%,RAB11A;MYO5A;BLOC1S3;VPS33A;VPS33B,GO_Biological_Process_2025__Melanosome Localization (GO:0032400)
GO:0050708,0.1838310683910152,0.6513606570234943,0.9875191763884372,40.84%,SYTL4;HADH;CD2AP;ARF6;MYO18A;TGFB1;P3H1;EIPR1;GNAS;DNM1L;PPP3CB,GO_Biological_Process_2025__Regulation of Protein Secretion (GO:0050708)
GO:0009101,0.192484631688334,0.651200431398852,0.9872273716052076,59.51%,ST8SIA4;CHST12;GMPPB;DAD1;GOLGA2;TMEM59;ARFGEF1;ST8SIA5;ST3GAL6;CHST10;ST3GAL1;MGAT4B;DDOST;CHST11,GO_Biological_Process_2025__Glycoprotein Biosynthetic Process (GO:0009101)
GO:1902563,-0.2476991848540626,-0.6509310129462789,1.0,75.29%,GRN;IL16;PTPN6;SRC;PTPN11,GO_Biological_Process_2025__Regulation of Neutrophil Activation (GO:1902563)
GO:1904707,-0.2144172586161536,-0.6508323892661174,1.0,78.62%,MMP2;IGF1;IGFBP5;MMP9;PDGFB;MFN2;LDLRAP1,GO_Biological_Process_2025__Positive Regulation of Vascular Associated Smooth Muscle Cell Proliferation (GO:1904707)
GO:0018149,0.2363820100319319,0.6507615950687854,0.9871488193027388,43.67%,IVL;TGM2;THBS1;FN1,GO_Biological_Process_2025__Peptide Cross-Linking (GO:0018149)
GO:0039532,-0.1532657635054004,-0.6492072085388665,1.0,67.52%,SMPDL3A;PPT1;BANF1;ITCH;PRKDC;RIOK3;C1QBP;TKFC;PTPRS;PARP1;PCBP2;LYPLAL1;NPLOC4;AKT1;UFD1,GO_Biological_Process_2025__Negative Regulation of Cytoplasmic Pattern Recognition Receptor Signaling Pathway (GO:0039532)
GO:0015012,0.2695471969148059,0.6491719846795021,0.9880205691775046,11.27%,XYLT2,GO_Biological_Process_2025__Heparan Sulfate Proteoglycan Biosynthetic Process (GO:0015012)
GO:0008610,0.1954616219369435,0.6486762812273893,0.988006446958928,69.43%,MVD;ACSS2;AGPS;LPL;ACSL4;NDUFAB1;ACSL1;LIPG;PRKAA1;IDI1;HSD17B8;ACLY;ACACA;DHRS7B;BCKDK,GO_Biological_Process_2025__Lipid Biosynthetic Process (GO:0008610)
GO:0032691,0.2859412557009168,0.6486590447189181,0.9875842753720138,65.34%,GIT1;CX3CL1;CARD8;SERPINB1,GO_Biological_Process_2025__Negative Regulation of Interleukin-1 Beta Production (GO:0032691)
GO:0010669,0.2678169498770137,0.6483499470985643,0.987387678829182,30.12%,MUC13;PRRC1,GO_Biological_Process_2025__Epithelial Structure Maintenance (GO:0010669)
GO:0045600,0.2335439705107952,0.6478798452974703,0.9873296140442814,76.71%,LRP5;SYAP1;LPL;AKT1;LONP1;TRPM4;HNRNPU;SFRP1;SULT1E1;BMP7,GO_Biological_Process_2025__Positive Regulation of Fat Cell Differentiation (GO:0045600)
GO:0060291,0.2584270061071502,0.6467875434173006,0.9877948769739842,34.22%,STX4;CAMK2G;PTK2B,GO_Biological_Process_2025__Long-Term Synaptic Potentiation (GO:0060291)
GO:0042742,0.1638027013140217,0.6466510076165914,0.98746194395285,67.10%,MAVS;FCER1G;HMGB2;PRKCD;APP;PPP1R9B;ATL1;HLA-E;IKBKG;CHGA;FCER2;PNKD;AZU1;OPTN;CTSG;GSDMD;RAB1A;SERPINE1;FGR;RBCK1;MAP3K7;SLC30A1;PPP1R11;DMBT1;IL18;MBL2;SYK;STAB2;ISG15;CSRP1;ANXA3;NFKB1;MPO;BPIFA1;OAS3;GSDMA;RNF31;SHARPIN;DCD;RPS19;SHC1,GO_Biological_Process_2025__Defense Response to Bacterium (GO:0042742)
GO:0006783,0.2481478406249548,0.6460143030998443,0.9875620241215652,61.29%,ABCB6;UROD;FECH;PGRMC1;PPOX;ALAD,GO_Biological_Process_2025__Heme Biosynthetic Process (GO:0006783)
GO:0045429,0.2235271385552549,0.6455558432616437,0.987058232258582,67.73%,APP;HSP90AA1;HSP90AB1;CD36;AKT1;DDAH2;ASS1;PIK3CB;ASL,GO_Biological_Process_2025__Positive Regulation of Nitric Oxide Biosynthetic Process (GO:0045429)
GO:1904407,0.2235271385552549,0.6455558432616437,0.987058232258582,67.73%,APP;HSP90AA1;HSP90AB1;CD36;AKT1;DDAH2;ASS1;PIK3CB;ASL,GO_Biological_Process_2025__Positive Regulation of Nitric Oxide Metabolic Process (GO:1904407)
GO:1903170,0.2453684316496355,0.644310128925185,0.9872013197674284,49.82%,YWHAE;PPP3R1;PPP3CB;BIN1;VDAC1,GO_Biological_Process_2025__Negative Regulation of Calcium Ion Transmembrane Transport (GO:1903170)
GO:0006302,0.1884731591411604,0.6437470237800712,0.987226091414803,33.59%,PSMD14;HMGB2;DDX1;BABAM2;VCP;BRCC3;RPA3;BABAM1;SFPQ,GO_Biological_Process_2025__Double-Strand Break Repair (GO:0006302)
GO:0034113,0.2072920823300349,0.643414552121994,0.9870668037766868,70.96%,JAM3;ITGB3;ITGA4;MADCAM1;ITGA5;DSG2;ITGAV;ITGB1;ITGA7;ITGB2;VCAM1;LILRB2,GO_Biological_Process_2025__Heterotypic Cell-Cell Adhesion (GO:0034113)
GO:0006301,0.2851215379018567,0.6404706331633266,0.9890171138595208,59.40%,VCP;UBE2V2;PCNA;UBE2V1,GO_Biological_Process_2025__Postreplication Repair (GO:0006301)
GO:0070534,0.2307846110981815,0.6400801307312539,0.9888921430667688,0.55%,UBE2O,GO_Biological_Process_2025__Protein K63-linked Ubiquitination (GO:0070534)
GO:0014911,-0.1768059026369153,-0.6396119901159297,1.0,63.89%,IGF1;IGFBP5;CCL5;DOCK7;S100A11;PDGFB;VTN;NRP1;DOCK5,GO_Biological_Process_2025__Positive Regulation of Smooth Muscle Cell Migration (GO:0014911)
GO:0021954,0.267236992042896,0.6385989498459613,0.989586596008028,18.88%,TAOK1;NTRK2,GO_Biological_Process_2025__Central Nervous System Neuron Development (GO:0021954)
GO:0005980,-0.2185371295148617,-0.6379229520932086,1.0,44.46%,WIPI1;GAA;ATG2B;PYGL;PYGB,GO_Biological_Process_2025__Glycogen Catabolic Process (GO:0005980)
GO:0046039,0.2802730704722853,0.6376746347684898,0.9898616909091874,68.25%,GNAI3;RAN;EFL1;GTPBP1,GO_Biological_Process_2025__GTP Metabolic Process (GO:0046039)
GO:0099177,0.238580900079858,0.6371378708553631,0.989829193949554,28.34%,BCR;LRP8;RELN,GO_Biological_Process_2025__Regulation of Trans-Synaptic Signaling (GO:0099177)
GO:2000134,0.2390942849715208,0.6364950686021102,0.9899100465136392,59.19%,CRLF3;PROC;INHBA;DLG1;GPNMB;KANK2,GO_Biological_Process_2025__Negative Regulation of G1/S Transition of Mitotic Cell Cycle (GO:2000134)
GO:2001233,0.2422211600493276,0.6363370944910891,0.9895976082379132,60.53%,MADD;QARS1;CX3CL1;RPS3;CTSH,GO_Biological_Process_2025__Regulation of Apoptotic Signaling Pathway (GO:2001233)
GO:0002237,0.1926546818736954,0.6354244993833036,0.9894262409962358,58.11%,ERBIN;HMGB2;SNCA;S100A7;MAPKAPK3;NDUFA2;ADAM17;C4B;F2R;PRDX3;FER;MAPKAPK2,GO_Biological_Process_2025__Response to Molecule of Bacterial Origin (GO:0002237)
GO:0002720,-0.1992105263157894,-0.632402902852722,1.0,80.15%,KIT;SLC7A5;CD55;HLA-A;TRAF6;MAP3K7;HLA-E;PLCG2,GO_Biological_Process_2025__Positive Regulation of Cytokine Production Involved in Immune Response (GO:0002720)
GO:0032200,-0.1640340259227424,-0.6306032694548621,1.0,32.43%,XRCC6;PRKDC;FBXO4;XRCC5;TERF2IP;RUVBL1;APEX1;PARP1;RUVBL2,GO_Biological_Process_2025__Telomere Organization (GO:0032200)
GO:0001774,0.2232985675125622,0.6300700467606587,0.9929330793189196,35.35%,APP;SNCA;AZU1;CX3CL1,GO_Biological_Process_2025__Microglial Cell Activation (GO:0001774)
GO:0006412,0.1543145237124579,0.6300048080273738,0.9925553760080296,59.14%,ETF1;COPS5;GARS1;GTPBP2;APEH;EPRS1;GSPT1;RRBP1;RPS20;RPLP2;GSPT2;VTA1;EEF1B2;RPL15;VARS1;QARS1;EEF1G;RWDD1;RPL18A;RPLP1;ABCF1;RPS3A;DTD1;NARS1;RPL28;RPL34;RPL3;EIF4G1;RPL35A;RPL29;RPL5;DARS1;HARS1;IARS2;RPS21;RPL27A;MRPL12;NACA;RPS11;RPL27;RPL23;RARS1;EEF1D;HBS1L;EEF2;RPS3;RPLP0;RPSA;RPS24;LARS1,GO_Biological_Process_2025__Translation (GO:0006412)
GO:0071621,-0.1299694620775775,-0.6278587182124185,1.0,54.67%,SAA2;ANXA1;S100A9;S100A8;S100A12;CCL5;PPBP;PPIA;PF4;TGFB2;LGALS3;PTGES2;ITGB2;PPIB;PIK3CG;SCG2;SYK;BSG;PF4V1,GO_Biological_Process_2025__Granulocyte Chemotaxis (GO:0071621)
GO:0010717,0.1846061493703573,0.6268542640921732,0.9944225876374716,19.09%,TGFB1I1;SDCBP;PTK2;CTNNB1;TGFB1,GO_Biological_Process_2025__Regulation of Epithelial to Mesenchymal Transition (GO:0010717)
GO:0019430,-0.1931578947368421,-0.6268034783977495,1.0,80.75%,MB;PRDX2;SOD1;PARK7;PRDX1;SOD2;SOD3;CCS,GO_Biological_Process_2025__Removal of Superoxide Radicals (GO:0019430)
GO:0031507,0.2299188366814301,0.6263471460899674,0.9943611517361288,2.47%,LMNB2,GO_Biological_Process_2025__Heterochromatin Formation (GO:0031507)
GO:0046112,0.2794144103413725,0.6263313243884449,0.993937376626981,64.18%,GMPS;SHMT1;UMPS;PAICS,GO_Biological_Process_2025__Nucleobase Biosynthetic Process (GO:0046112)
GO:0045577,0.2778861977004641,0.6262068161018459,0.9935980918639364,52.39%,NCKAP1L;INHBA;SYK,GO_Biological_Process_2025__Regulation of B Cell Differentiation (GO:0045577)
GO:1901989,0.2605075068050513,0.6253195351904571,0.9938245263084864,52.94%,PLCG2;DDRGK1;CUL3;PAF1,GO_Biological_Process_2025__Positive Regulation of Cell Cycle Phase Transition (GO:1901989)
GO:1903955,0.2134216314987121,0.6246701626886445,0.9938342122803324,70.35%,NPEPPS;SH3GLB1;HPS4;VPS11;RAC2;HUWE1;ARIH2;RNF31;UBE2L3,GO_Biological_Process_2025__Positive Regulation of Protein Targeting to Mitochondrion (GO:1903955)
GO:0061178,0.2600738066533817,0.6235964094416186,0.9941555021075176,40.84%,STX4;C2CD2L;PPP3CB,GO_Biological_Process_2025__Regulation of Insulin Secretion Involved in Cellular Response to Glucose Stimulus (GO:0061178)
GO:0048545,0.2373768892474134,0.6230979682169784,0.9940754914295707,70.35%,TGFB1;THBS1;HSPA8;TFPI;UBE3A;TGFB2;UBE2L3,GO_Biological_Process_2025__Response to Steroid Hormone (GO:0048545)
GO:0051251,0.2013550002345046,0.6229346586314358,0.9937630080266888,24.84%,YWHAG;NCKAP1L;PRKCQ;HLA-E,GO_Biological_Process_2025__Positive Regulation of Lymphocyte Activation (GO:0051251)
GO:0001890,0.2635775076263238,0.6229190876902528,0.9933450634158864,13.52%,PTK2,GO_Biological_Process_2025__Placenta Development (GO:0001890)
GO:0010888,0.283966091133622,0.6228621881197313,0.9929570059709252,61.32%,ITGB3;CLSTN3;CSRP1;ITGAV,GO_Biological_Process_2025__Negative Regulation of Lipid Storage (GO:0010888)
GO:0072378,0.2035880936636016,0.622723676028502,0.9921994300342066,33.74%,GP9;FLNA;F8;GP1BB;FBLN1,"GO_Biological_Process_2025__Blood Coagulation, Fibrin Clot Formation (GO:0072378)"
GO:0072376,0.2035880936636016,0.622723676028502,0.9921994300342066,33.74%,GP9;FLNA;F8;GP1BB;FBLN1,GO_Biological_Process_2025__Protein Activation Cascade (GO:0072376)
GO:0046485,0.275352056078807,0.6225280322338461,0.9919038227400953,68.83%,AGPS;PAFAH1B1;NCEH1;DHRS7B,GO_Biological_Process_2025__Ether Lipid Metabolic Process (GO:0046485)
GO:0097305,0.2193685544737355,0.6220765479364138,0.9917784736534055,36.03%,GNAQ;TGFB1;SDF4;GNAS,GO_Biological_Process_2025__Response to Alcohol (GO:0097305)
GO:0006968,0.2129228947469792,0.6218708678414157,0.9914965408860966,73.82%,RELA;PPP1R9B;LSP1;PTK2B;LGALS3BP;CD5L;ITGB1;LILRB2;UMOD;LBP,GO_Biological_Process_2025__Cellular Defense Response (GO:0006968)
GO:0055091,0.2761214687294569,0.6217562075483238,0.9907026259129892,11.34%,RCN3,GO_Biological_Process_2025__Phospholipid Homeostasis (GO:0055091)
GO:0006351,0.1851326826486723,0.6215894188897786,0.9903933829852988,68.75%,COPS2;PTMA;PRMT5;RBMX;SMAD2;MRPL12;CAVIN1;RO60;TFAM;DDX5;NFKB1;DRAP1;PPP5C;POLR2H;PARP1;NFKBIB,GO_Biological_Process_2025__DNA-templated Transcription (GO:0006351)
GO:1903427,0.2774341391488718,0.6209386150871017,0.9903908567035552,12.89%,FYN,GO_Biological_Process_2025__Negative Regulation of Reactive Oxygen Species Biosynthetic Process (GO:1903427)
GO:0030593,-0.1272382480014661,-0.6185363923046643,1.0,54.67%,SAA2;S100A9;S100A8;S100A12;PPBP;PPIA;PF4;TGFB2;LGALS3;PTGES2;ITGB2;PPIB;PIK3CG;SYK;PF4V1,GO_Biological_Process_2025__Neutrophil Chemotaxis (GO:0030593)
GO:0006144,0.2478295185477505,0.6183757281239982,0.9912613516018528,75.26%,GMPS;GDA;SHMT1;PAICS;DPYD;HPRT1;TTR,GO_Biological_Process_2025__Purine Nucleobase Metabolic Process (GO:0006144)
GO:0051261,0.2130991520824925,0.6179384569809178,0.9911184103335504,78.23%,KIF2A;MICAL1;VPS4B;CKAP5;TWF2;DSTN;WDR1;MICAL3;VIL1;TWF1,GO_Biological_Process_2025__Protein Depolymerization (GO:0051261)
GO:0006641,0.2048337079614334,0.6173428262860772,0.9910977049919744,0.76%,APOBR,GO_Biological_Process_2025__Triglyceride Metabolic Process (GO:0006641)
GO:2000352,-0.1696084870486039,-0.6159439428513914,1.0,58.32%,ICAM1;NDNF;CDH5;FGB;FGG;FGA;SCG2;SERPINE1,GO_Biological_Process_2025__Negative Regulation of Endothelial Cell Apoptotic Process (GO:2000352)
GO:2000278,0.2488818731912653,0.6137146168667366,0.9927066298508628,75.16%,PDGFRB;RGCC;PDGFA;PDGFB;FGFR4;NIBAN2;TOM1L1,GO_Biological_Process_2025__Regulation of DNA Biosynthetic Process (GO:2000278)
GO:0070935,-0.2164650184113624,-0.613233480081647,1.0,78.41%,ELAVL1;HNRNPC;YBX3;MAPKAPK2;MAPK14;TARDBP,GO_Biological_Process_2025__3'-UTR-mediated mRNA Stabilization (GO:0070935)
GO:0071346,0.1979817178301222,0.6127536325702411,0.9924676883476772,58.09%,EPRS1;ATL1;STAT1;CD47;HCK;HLA-DPA1;LONP1;JAK2;JAK1,GO_Biological_Process_2025__Cellular Response to Type II Interferon (GO:0071346)
GO:0048584,0.1803399597561575,0.6096924695492969,0.9939973682691826,47.64%,MAVS;APP;PSMA7;BABAM2;BRCC3;BABAM1;UCHL5;PCNA;ILK;HLA-DPA1,GO_Biological_Process_2025__Positive Regulation of Response to Stimulus (GO:0048584)
GO:0034644,0.2018192476850526,0.6091531893713715,0.9939237013923096,67.67%,PRKCD;MMP3;DDB1;MAPK14;PCNA;EIF2S1;MFAP4;PTPRK;RUVBL2;PARP1,GO_Biological_Process_2025__Cellular Response to UV (GO:0034644)
GO:0032774,-0.1263197776765037,-0.606685793213987,1.0,75.92%,DDX17;HNRNPDL;PWP1;SYNCRIP;FUBP3;HNRNPU;HNRNPH3;NFKBIB;RNASEL;CELF2;PPP5C;HNRNPK;HNRNPL;SMAD2;HNRNPF;HNRNPD;PRMT5,GO_Biological_Process_2025__RNA Biosynthetic Process (GO:0032774)
GO:0046395,0.1981176338288921,0.6062121508879882,0.9949332648525632,69.91%,IVD;RENBP;ALDH6A1;MCCC2;ACOT8;NPL;HIBCH;DBT;PON1;MCCC1;BCKDK;PON3,GO_Biological_Process_2025__Carboxylic Acid Catabolic Process (GO:0046395)
GO:0090208,0.2570060223388583,0.6060944967530301,0.9945816814146844,11.71%,LDLR,GO_Biological_Process_2025__Positive Regulation of Triglyceride Metabolic Process (GO:0090208)
GO:0044272,0.1876754335833291,0.6043920372078909,0.995198435949162,52.28%,XYLT2;GGT7;GCLM;AKR1A1;GLCE;MAT2B;MAT2A;PPCS;COASY,GO_Biological_Process_2025__Sulfur Compound Biosynthetic Process (GO:0044272)
GO:0006753,0.2540821710709489,0.6042205436444382,0.9948838824094586,39.57%,ACOT9;ACOT8;DCK,GO_Biological_Process_2025__Nucleoside Phosphate Metabolic Process (GO:0006753)
GO:0030834,0.2500944730557594,0.6035761978833725,0.9948714005496034,7.93%,LIMA1,GO_Biological_Process_2025__Regulation of Actin Filament Depolymerization (GO:0030834)
GO:0035036,-0.2304103879381595,-0.6031773135521831,1.0,37.87%,FETUB;UBAP2L;VDAC2;SPESP1,GO_Biological_Process_2025__Sperm-Egg Recognition (GO:0035036)
GO:0040014,0.2507094617460262,0.6020167349862253,0.9949927993065796,62.87%,STAT5B;GNAS;STAT5A;PPIB,GO_Biological_Process_2025__Regulation of Multicellular Organism Growth (GO:0040014)
GO:0010467,0.1442262523782279,0.6020047648171617,0.9945736124437476,70.54%,COPS5;GLE1;PTMA;EIF4A3;DNAJB11;GSPT1;RRBP1;RPS20;RPLP2;GSPT2;TSPAN14;UBAC1;CCS;XPO1;CALR;ZMPSTE24;CASP3;CIAO2A;TGM2;RPL15;HNRNPD;TESC;TSPAN15;RPL18A;EIF4E;RPLP1;AZU1;AFG3L2;ABCF1;RPS3A;DTD1;TSPAN33;UPF1;CTSG;IKBKB;HNRNPF;RPL28;RPL34;RPL3;EIF4G1;CIAO1;RPL35A;KPNA4;RPL29;RPL5;DARS1;HARS1;SRSF3;RPS21;RPL27A;SMAD2;MRPL12;NACA;AGFG1;RPS11;RPL27;PDGFB;NUP214;RPL23;HBS1L;HNRNPL;RPS3;RPLP0;RPSA;RPS24;HNRNPK;MMS19;PPP5C;RPL19;RPS19;FURIN;SARNP;UPF2;CELF2;RPL35;HSPD1;RPL22;RNASEL;NFKBIB;NFU1;RPS5;MRPL11;RPS23,GO_Biological_Process_2025__Gene Expression (GO:0010467)
GO:0032649,0.1727791411454736,0.6007710000339976,0.9949162330053596,77.21%,GAS6;IL1R1;VSIR;AXL;CD47;INHBA;UFC1;CRTAM;NDUFA2;HLA-DPA1;IL18;HMGB1;JAK2;ISG15;HSPD1;HLA-A;HLA-DRB3;EBI3;CYRIB;SCRIB;CD276;SLC7A5,GO_Biological_Process_2025__Regulation of Type II Interferon Production (GO:0032649)
GO:0051988,0.2480984645627457,0.6003908927826386,0.9947343913995448,60.77%,PROC;SIRT2;CDC42;ZW10,GO_Biological_Process_2025__Regulation of Attachment of Spindle Microtubules to Kinetochore (GO:0051988)
GO:0045861,0.197108893511521,0.6003891239658491,0.9943095216908352,41.15%,ROCK1;HDAC6;SERPINE2;TIMP3;AKT1,GO_Biological_Process_2025__Negative Regulation of Proteolysis (GO:0045861)
GO:0000398,0.1572636496633024,0.6002439273043431,0.9939833453713368,47.61%,LSM2;EIF4A3;DDX1;WDR77;DCPS;ILF3;PRMT5;LSM4;LSM6;HNRNPUL2;SF3B2;RBMX;CLNS1A;SF3A2;SFPQ;LSM7;SF3A1;SF3B3;HNRNPF;SRSF3;LSM8;PPIE;HSPA8,"GO_Biological_Process_2025__mRNA Splicing, via Spliceosome (GO:0000398)"
GO:0010715,-0.1910023677979479,-0.5995782619990916,1.0,80.96%,CST3;DPP4;FSCN1;FGFR4;CLASP2;DDR2;TGFB1,GO_Biological_Process_2025__Regulation of Extracellular Matrix Disassembly (GO:0010715)
GO:0016042,-0.1346579571790993,-0.5988154643648318,1.0,73.08%,ENPP2;PLA2G15;APOA4;PPT1;ECI2;APOA2;CES1;PLA1A;ACOX1;HSD11B1;ANGPTL3;ACOT7;LIPG;ACOT8;LPIN2;SIRT2,GO_Biological_Process_2025__Lipid Catabolic Process (GO:0016042)
GO:0090277,0.1951552386022303,0.5980520497774463,0.9944825194754816,77.18%,MCU;PRKCA;AIMP1;PSMD9;ACSL4;PDHX;TFR2;SELENOT;IRS2;FGA;MAP4K2;FGG;FGB;RBP4,GO_Biological_Process_2025__Positive Regulation of Peptide Hormone Secretion (GO:0090277)
GO:0000725,0.222583120121988,0.5978701081095494,0.9941676462512958,33.59%,PSMD14;RPA3;SFPQ,GO_Biological_Process_2025__Recombinational Repair (GO:0000725)
GO:0006984,-0.1759225298409923,-0.5968827934960151,1.0,56.33%,WFS1;ATF6;ERLIN2;ATF6B;GSK3B;ERLIN1;EIF2S1,GO_Biological_Process_2025__ER-nucleus Signaling Pathway (GO:0006984)
GO:0042632,0.1679385666297146,0.5955228326745307,0.9946693910728508,34.48%,LRP5;LAMTOR1;LIMA1;LDLR;LDLRAP1;EHD1;LPL;MTTP;PCSK9,GO_Biological_Process_2025__Cholesterol Homeostasis (GO:0042632)
GO:0098742,0.148535898618851,0.5951013276177154,0.9944655466711756,4.96%,CDH23;CDH19;NEXN;FAT4;DCHS1;ESAM,GO_Biological_Process_2025__Cell-Cell Adhesion via Plasma-Membrane Adhesion Molecules (GO:0098742)
GO:0006281,0.1601740090046237,0.5950913856277227,0.9940460311596658,71.11%,RAD23A;USP47;DDX1;BABAM2;VCP;BRCC3;USP9X;RPA3;FTO;BABAM1;DDB1;SMC1A;UPF1;TEX264;UBE2V2;PCNA;CIB1;USP7;RAD21;HMGB1;VCPIP1;RPS3;TNKS1BP1;UBE2V1;PPP5C;HUWE1;RAD23B;NUCKS1;PARP1;APEX1;PARK7,GO_Biological_Process_2025__DNA Repair (GO:0006281)
GO:0007020,0.2474765535822591,0.5946061441868249,0.9938960397580252,56.41%,SLAIN2;GOLGA2;CLASP2;TUBGCP3,GO_Biological_Process_2025__Microtubule Nucleation (GO:0007020)
GO:1904063,0.2333165610466933,0.5936491481367925,0.9940282593644209,23.66%,PPIF;STK39,GO_Biological_Process_2025__Negative Regulation of Cation Transmembrane Transport (GO:1904063)
GO:0034308,0.2292868958907036,0.5917003310291215,0.9938616371959882,65.91%,RDH11;AKR1B1;AKR1A1;ALDH3A2;AKR7A2;ADH1B,GO_Biological_Process_2025__Primary Alcohol Metabolic Process (GO:0034308)
GO:0050688,0.2455608045903217,0.5916281820087749,0.9934698915633744,29.60%,ZMPSTE24;PPM1B,GO_Biological_Process_2025__Regulation of Defense Response to Virus (GO:0050688)
GO:0019364,0.1986373295933372,0.5906559874930574,0.9927748935976416,10.77%,ENO2;HOOK3,GO_Biological_Process_2025__Pyridine Nucleotide Catabolic Process (GO:0019364)
GO:0006096,0.1986373295933372,0.5906559874930574,0.9927748935976416,10.77%,ENO2;HOOK3,GO_Biological_Process_2025__Glycolytic Process (GO:0006096)
GO:0046032,0.1986373295933372,0.5906559874930574,0.9927748935976416,10.77%,ENO2;HOOK3,GO_Biological_Process_2025__ADP Catabolic Process (GO:0046032)
GO:0070934,0.2333947746141101,0.5866365579126404,0.9945335456604734,53.49%,YBX1;HNRNPD;PAIP1;IGF2BP2,GO_Biological_Process_2025__CRD-mediated mRNA Stabilization (GO:0070934)
GO:0033623,0.2624273256425067,0.5849430526538361,0.9950460800262496,62.16%,JAM3;SRC;PLEK;FERMT2,GO_Biological_Process_2025__Regulation of Integrin Activation (GO:0033623)
GO:0007520,-0.1896869244935543,-0.584912970180697,1.0,81.09%,DOCK2;ADAMTS5;PTGFRN;ITGB1;CD81;DOCK5;CD9,GO_Biological_Process_2025__Myoblast Fusion (GO:0007520)
GO:0098661,0.2316896317465173,0.5818597765386279,0.9953794415753628,4.57%,ANO6,GO_Biological_Process_2025__Inorganic Anion Transmembrane Transport (GO:0098661)
GO:0043388,0.2251139843640124,0.5814792386377488,0.9951444891138864,67.57%,EGF;SIRT2;TRAF6;HMGB1;NME1;NIBAN2,GO_Biological_Process_2025__Positive Regulation of DNA Binding (GO:0043388)
GO:0008202,0.1883875867331962,0.5809072541061565,0.9949916432774808,30.36%,HSD17B4;SULT1A1;CBR1;DHRS4,GO_Biological_Process_2025__Steroid Metabolic Process (GO:0008202)
GO:0043030,-0.1718421052631578,-0.5805313060032951,1.0,82.88%,S100A9;SHPK;LBP;HSPD1;KARS1;CD74;THBS1;MYO18A,GO_Biological_Process_2025__Regulation of Macrophage Activation (GO:0043030)
GO:0003203,0.2445545964593896,0.5805072335868292,0.9939341336509026,47.66%,PROC;NOTCH1;SMAD2,GO_Biological_Process_2025__Endocardial Cushion Morphogenesis (GO:0003203)
GO:0003197,0.2445545964593896,0.5805072335868292,0.9939341336509026,47.66%,PROC;NOTCH1;SMAD2,GO_Biological_Process_2025__Endocardial Cushion Development (GO:0003197)
GO:0072132,0.2445545964593896,0.5805072335868292,0.9939341336509026,47.66%,PROC;NOTCH1;SMAD2,GO_Biological_Process_2025__Mesenchyme Morphogenesis (GO:0072132)
GO:0030517,-0.2216671049171706,-0.5786919233804186,1.0,77.89%,DIP2B;PTPRS;SEMA6D;METAP2;RTN4,GO_Biological_Process_2025__Negative Regulation of Axon Extension (GO:0030517)
GO:0009066,0.2434318299375198,0.5765048091030114,0.9946833601220624,65.52%,MTHFR;MSRA;NIT2;ASS1;MTHFD1,GO_Biological_Process_2025__Aspartate Family Amino Acid Metabolic Process (GO:0009066)
GO:0006972,0.2390607317632857,0.576089466165736,0.9944594974131368,32.96%,STK39;WNK1,GO_Biological_Process_2025__Hyperosmotic Response (GO:0006972)
GO:0055092,0.1616009893926211,0.5755962908237577,0.994275806134814,34.48%,LRP5;LAMTOR1;LIMA1;LDLR;LDLRAP1;EHD1;LPL;MTTP;PCSK9,GO_Biological_Process_2025__Sterol Homeostasis (GO:0055092)
GO:0050996,0.2000926843456268,0.5752501407721381,0.9940202497001582,65.94%,PRKCD;AKT2;APOA5;CLSTN3;IRS2;DAGLB;ANGPTL3,GO_Biological_Process_2025__Positive Regulation of Lipid Catabolic Process (GO:0050996)
GO:0009064,0.2309091448961551,0.5743292678282584,0.994031647018978,64.21%,ALDH4A1;GCLM;NIT2;ALDH5A1;ALDH18A1,GO_Biological_Process_2025__Glutamine Family Amino Acid Metabolic Process (GO:0009064)
GO:0043491,0.2010621093459162,0.5731346677105098,0.9941736435411856,41.15%,STAT3;CLSTN1;PIK3R1;AKT1,GO_Biological_Process_2025__Phosphatidylinositol 3-Kinase/Protein Kinase B Signal Transduction (GO:0043491)
GO:0042273,0.2112903130085222,0.572924068528382,0.9938515140688106,6.80%,EIF6,GO_Biological_Process_2025__Ribosomal Large Subunit Biogenesis (GO:0042273)
GO:0070328,0.1805965778359393,0.5671941107769318,0.9961034706760544,0.18%,C1QTNF3,GO_Biological_Process_2025__Triglyceride Homeostasis (GO:0070328)
GO:0009953,-0.1985555767521295,-0.5633440481790298,1.0,50.55%,SHH;TLL1;SFRP1;AIDA;BMP1,GO_Biological_Process_2025__Dorsal/Ventral Pattern Formation (GO:0009953)
GO:0014902,-0.1875822152065246,-0.5628972908523102,0.9994574130387648,81.30%,IGF1;DOCK2;PLD3;ADAMTS5;ITGB1;DOCK5;SORT1,GO_Biological_Process_2025__Myotube Differentiation (GO:0014902)
GO:1901137,0.1949856509665801,0.562674002454699,0.997676799282809,48.79%,SCCPDH;MPDU1;DPM1;UBL4A;ST3GAL6;ALG5,GO_Biological_Process_2025__Carbohydrate Derivative Biosynthetic Process (GO:1901137)
GO:0016052,0.171715210646232,0.5622646979758106,0.9974345736395128,14.29%,ENO2;HOOK3;DERA,GO_Biological_Process_2025__Carbohydrate Catabolic Process (GO:0016052)
GO:0006644,0.1840928124977347,0.5608427329212825,0.9976474743284136,10.58%,PLCB2;PRKCSH,GO_Biological_Process_2025__Phospholipid Metabolic Process (GO:0006644)
GO:0032652,-0.1639058378961742,-0.5599803158587611,0.997379873074248,2.81%,CEACAM1;ORM1;ORM2,GO_Biological_Process_2025__Regulation of Interleukin-1 Production (GO:0032652)
GO:0006414,0.1742436254354583,0.5594528117141578,0.9978303227822648,32.64%,GTPBP2;EEF1B2;CDK5RAP3;EEF1G;UFL1;DDRGK1,GO_Biological_Process_2025__Translational Elongation (GO:0006414)
GO:0048640,0.2058436430639642,0.557875263216145,0.9976317689426588,79.46%,FGFR3;RTN4;GNAS;METAP2;SEMA6D;PTPRS;PTEN;MSTN;DIP2B,GO_Biological_Process_2025__Negative Regulation of Developmental Growth (GO:0048640)
GO:0050671,0.1578896425094294,0.5538926950601306,0.998891771061339,70.96%,PTPRC;NCK2;NCKAP1L;HLA-E;CD40LG;HLA-DPA1;IL18;CD74;TNFSF13;NCK1;JAK2;CD81;IRS2;CD46;SLC7A1;HLA-DRB3;VCAM1;LILRB2,GO_Biological_Process_2025__Positive Regulation of Lymphocyte Proliferation (GO:0050671)
GO:0086091,0.2013696865173061,0.5529591616100494,0.9988625454288002,57.56%,YWHAE;SRC;BIN1;CAMK2D;DSG2,GO_Biological_Process_2025__Regulation of Heart Rate by Cardiac Conduction (GO:0086091)
GO:0006259,0.146194997813898,0.5522765130277024,0.9987240410855028,57.62%,PTGES3;PURA;DNASE1;HMGB2;SSBP1;NAP1L1;VCP;ZPR1;RPA3;DDB1;SMC1A;UPF1;PTMS;SET;RAN;UCHL5;UBE2V2;RAD21;LONP1;SLC25A15;HMGB1;ACTL6A;MCM6;TOP1;HMGB3;RPS3,GO_Biological_Process_2025__DNA Metabolic Process (GO:0006259)
GO:0006094,0.1971783826678536,0.5522407650944806,0.9983178899136218,77.78%,ENO2;PROC;SLC39A14;PGM1;ENO1;TPI1;RBP4;PGK1,GO_Biological_Process_2025__Gluconeogenesis (GO:0006094)
GO:0005977,-0.1827642927530614,-0.5514781416756344,0.997206932940756,55.28%,GAA;UGP2;GSK3B;PYGL;PYGB;GYS1,GO_Biological_Process_2025__Glycogen Metabolic Process (GO:0005977)
GO:0009059,0.136146452192531,0.5499816600737042,0.9987977682704946,58.51%,COPS5;COL5A1;GTPBP2;GSPT1;RRBP1;RPS20;RPLP2;GSPT2;EEF1B2;TGM2;RPL15;EEF1G;RPL18A;RPLP1;ABCF1;RPS3A;DTD1;RPL28;INHBA;RPL34;RPL3;EIF4G1;RPL35A;KPNA4;RPL29;RPL5;DARS1;HARS1;EIF4G2;RPS21;RPL27A;MRPL12;NACA;RPS11;RPL27;PDGFB;RPL23;EEF1D;HBS1L;EEF2;RPS3;RPLP0;RPSA;RPS24,GO_Biological_Process_2025__Macromolecule Biosynthetic Process (GO:0009059)
GO:2000772,0.2267881272908849,0.5490433455986972,0.9987429938473836,15.18%,YBX1,GO_Biological_Process_2025__Regulation of Cellular Senescence (GO:2000772)
GO:0050953,0.1767670496700294,0.5488637337881254,0.998390666118182,0.21%,CDH23,GO_Biological_Process_2025__Sensory Perception of Light Stimulus (GO:0050953)
GO:0097090,0.2419269604243574,0.5484383343433251,0.9977174583250956,43.80%,NRXN1;NLGN1,GO_Biological_Process_2025__Presynaptic Membrane Organization (GO:0097090)
GO:0099054,0.2419269604243574,0.5484383343433251,0.9977174583250956,43.80%,NRXN1;NLGN1,GO_Biological_Process_2025__Presynapse Assembly (GO:0099054)
GO:2000781,0.1871625664994561,0.5475209184574084,0.9976557981030492,11.71%,WAS;LDLR,GO_Biological_Process_2025__Positive Regulation of Double-Strand Break Repair (GO:2000781)
GO:0050804,0.1680623367904619,0.5464544486462511,0.99764164310009,18.07%,APP;BCR;CLSTN1;LRP8,GO_Biological_Process_2025__Modulation of Chemical Synaptic Transmission (GO:0050804)
GO:1900271,0.2096129788448689,0.5461799556075214,0.9973239245710722,72.24%,APP;RELN;SQSTM1;FXR1;LILRB2;GSK3B,GO_Biological_Process_2025__Regulation of Long-Term Synaptic Potentiation (GO:1900271)
GO:0030500,0.1816385417706308,0.5403697052855441,0.9986307886870456,42.91%,ANO6;PKDCC;PTK2B;SRGN;DDR2,GO_Biological_Process_2025__Regulation of Bone Mineralization (GO:0030500)
GO:0002181,0.135931729558985,0.5396477035986033,0.9984691837010184,59.77%,ETF1;EIF3I;EIF4A2;EIF2B3;EIF2S2;RPS20;RPLP2;VTA1;EIF3M;RPL15;RWDD1;EIF2S3;RPL18A;EIF2B5;RPLP1;RPS3A;EIF2B2;RPL28;RPL34;RPL3;RPL35A;EIF2B1;RPL29;RPL5;RPS21;RPL27A;RPS11;RPL27;RPL23;EEF1D;RPS3;RPLP0;RPSA;RPS24;EIF2B4,GO_Biological_Process_2025__Cytoplasmic Translation (GO:0002181)
GO:1902175,0.1836854885536304,0.5386962115870295,0.998390892750854,33.59%,FYN;NOL3;P4HB;SFPQ,GO_Biological_Process_2025__Regulation of Oxidative Stress-Induced Intrinsic Apoptotic Signaling Pathway (GO:1902175)
GO:0010745,0.240459072644592,0.5386868433504277,0.9979780329020428,13.08%,ITGB3,GO_Biological_Process_2025__Negative Regulation of Macrophage Derived Foam Cell Differentiation (GO:0010745)
GO:1903322,0.1646040022461918,0.5376386607558531,0.9979082412774704,80.09%,ANGPT1;UBA2;CDK5RAP3;PSMD10;DNAJB2;STUB1;CUL3;MYCBP2;TRAF6;HUWE1;UBE3A;UBE2L3;GSK3B;HSPBP1;FBXO4;UBQLN1,GO_Biological_Process_2025__Positive Regulation of Protein Modification by Small Protein Conjugation or Removal (GO:1903322)
GO:0006767,0.1949652277686587,0.5368612017884014,0.997766948628794,2.34%,SLC2A3,GO_Biological_Process_2025__Water-Soluble Vitamin Metabolic Process (GO:0006767)
GO:0046496,0.1565803549673823,0.5365790377149716,0.9974531166744768,23.11%,ENO2;HOOK3;IDH2;VCP;PROC,GO_Biological_Process_2025__Nicotinamide Nucleotide Metabolic Process (GO:0046496)
GO:0090280,0.212131378343812,0.5364341939024939,0.9970844837751844,71.32%,PDGFRB;PPP3R1;PPP3CB;PDGFB;LGALS3;PPP3CA,GO_Biological_Process_2025__Positive Regulation of Calcium Ion Import (GO:0090280)
GO:0000038,0.2380558728757305,0.5344469488117211,0.996907342808491,41.62%,HACD4;ACSL1,GO_Biological_Process_2025__Very Long-Chain Fatty Acid Metabolic Process (GO:0000038)
GO:0072001,0.1908593551536389,0.5312007077193227,0.9975892102001296,77.18%,PCSK5;STAT1;PCSK9;BAG6;TGFB2;ARL3;PKD1;RBP4,GO_Biological_Process_2025__Renal System Development (GO:0072001)
GO:0090276,0.1785715779847989,0.52924295385864,0.9978188435368396,75.66%,HADH;STK39;EIPR1;GNAS;PPP3CB;ENSA;TFR2;FGA;MAP4K2;FGG;FGB,GO_Biological_Process_2025__Regulation of Peptide Hormone Secretion (GO:0090276)
GO:0007158,0.2216194774601722,0.5290779932708258,0.9974606674562752,51.02%,NRXN1;NLGN1;NRXN3,GO_Biological_Process_2025__Neuron Cell-Cell Adhesion (GO:0007158)
GO:0042255,0.1628678191936581,0.5277070727114319,0.997481528695126,23.98%,EIF5;EIF6;EIF5B;DDX3X,GO_Biological_Process_2025__Ribosome Assembly (GO:0042255)
GO:0046479,0.2303592606224538,0.5205425247150494,0.9992957179441956,17.12%,M6PR,GO_Biological_Process_2025__Glycosphingolipid Catabolic Process (GO:0046479)
GO:1902107,0.2177141818618929,0.5203425100605761,0.998936555398777,11.76%,NCKAP1L,GO_Biological_Process_2025__Positive Regulation of Leukocyte Differentiation (GO:1902107)
GO:0030518,0.1941849597938646,0.5194819685392138,0.9987741936881718,71.11%,CALCOCO1;MAPK1;SRC;DDX5;UBE3A;TRIP4;PARK7,GO_Biological_Process_2025__Nuclear Receptor-Mediated Steroid Hormone Signaling Pathway (GO:0030518)
GO:0031345,0.1642091332993197,0.5174035950477139,0.9989540659498628,44.98%,FYN;ADCY6;YWHAH;GAK;TNR;RTN4RL2;CIB1,GO_Biological_Process_2025__Negative Regulation of Cell Projection Organization (GO:0031345)
GO:0009100,0.1559726325922036,0.5169842042313555,0.9986666658367608,52.07%,ST8SIA4;PRKCSH;OGA;ERP44;GANAB;PCSK6;HPSE;STT3B;ST8SIA5;FUT8;MGAT4B,GO_Biological_Process_2025__Glycoprotein Metabolic Process (GO:0009100)
GO:0048255,0.1615387093984205,0.5155754653247533,0.9986497671445568,76.05%,YBX1;TARDBP;HNRNPD;CSDE1;MAPK14;PAIP1;LARP1;IGF2BP2;MAPKAPK2;CIRBP;YBX3;FUS;THRAP3;HNRNPU;HNRNPC,GO_Biological_Process_2025__mRNA Stabilization (GO:0048255)
GO:0052548,0.1778023088580634,0.5147170992201142,0.9984759417820648,24.89%,SERPINB9;NRDC;VSIR,GO_Biological_Process_2025__Regulation of Endopeptidase Activity (GO:0052548)
GO:0000245,0.1637572298806958,0.5138229908905,0.9982944986000512,37.87%,DDX1;NOL3;SF3B2;SF3A2;SF3A1;SF3B3,GO_Biological_Process_2025__Spliceosomal Complex Assembly (GO:0000245)
GO:0006493,0.1497677619945245,0.5118624651429204,0.9983974249850996,9.53%,GALNT15;B3GALNT1;PLOD3,GO_Biological_Process_2025__Protein O-linked Glycosylation (GO:0006493)
GO:0006054,0.2115008561846959,0.5116879489827738,0.9980247230364688,50.60%,RENBP;NPL;ST3GAL1,GO_Biological_Process_2025__N-acetylneuraminate Metabolic Process (GO:0006054)
GO:0010639,0.1585052173001274,0.5105749275435809,0.9978946952118162,73.71%,PPIF;NOL3;BCL2L1;GPX1;PSMD10;AKT1;CLSTN3;MTOR;HUWE1;VAT1;IFI6;LILRB2;CLU,GO_Biological_Process_2025__Negative Regulation of Organelle Organization (GO:0010639)
GO:0080090,0.1513304484908619,0.5077641934434641,0.9981938367023082,77.63%,LDLR;CERS2;PLCG2;PTBP1;COLEC11;ADGRF5;SF3B3;HNRNPF;AHNAK;ANGPTL8;HNRNPL;FGFR4;IRS2;SRSF1;SNRNP70;FUS;HNRNPH3;VPS35;PTBP3,GO_Biological_Process_2025__Regulation of Primary Metabolic Process (GO:0080090)
GO:0000724,0.1780312311737403,0.5069265514917541,0.9979929094602756,57.06%,PSMD14;RPA3;SFPQ;RAD21;MCM6;PPP4C,GO_Biological_Process_2025__Double-Strand Break Repair via Homologous Recombination (GO:0000724)
GO:0009154,-0.1791162546028406,-0.5068527428117683,1.0,82.14%,NUDT3;NT5E;HPRT1;NT5C2;PRTFDC1;HINT1,GO_Biological_Process_2025__Purine Ribonucleotide Catabolic Process (GO:0009154)
GO:0019229,0.1738539501515361,0.5022704783598438,0.9982612322109976,75.66%,ECE1;SVEP1;ITGA4;TBXA2R;F2R;ITGB1;TRPM4;FGA;FGG;FGB,GO_Biological_Process_2025__Regulation of Vasoconstriction (GO:0019229)
GO:0046942,0.1977094928530685,0.5020170353249843,0.9979029482969604,67.46%,SLC16A3;SLC6A6;SLC1A5;ABCC1;SLC7A1,GO_Biological_Process_2025__Carboxylic Acid Transport (GO:0046942)
GO:0007416,0.1490824355737164,0.5011987107218098,0.9976792739735144,32.67%,DBNL;NRXN1;PLXNB1;SLITRK1;PLXNA4;NRCAM,GO_Biological_Process_2025__Synapse Assembly (GO:0007416)
GO:1903715,0.2206195332587056,0.4978166140050034,0.9980265838495248,44.85%,VCP;ARL2,GO_Biological_Process_2025__Regulation of Aerobic Respiration (GO:1903715)
GO:0006090,0.1453807157128228,0.4958534016787526,0.9980527410518116,77.78%,ENO2;HOOK3;PDHA1;PROC;PFKM;PDHX;SBDS;VDAC1;PGM1;PKM;ENO1;GAPDH;PDHB;PFKL;MAP4K2;TPI1;ALDOC;PGK1,GO_Biological_Process_2025__Pyruvate Metabolic Process (GO:0006090)
GO:2000767,0.1830395261138026,0.4944716091654227,0.9975548086419752,45.09%,YBX1;HNRNPD;CSDE1;PAIP1,GO_Biological_Process_2025__Positive Regulation of Cytoplasmic Translation (GO:2000767)
GO:2000765,0.1830395261138026,0.4944716091654227,0.9975548086419752,45.09%,YBX1;HNRNPD;CSDE1;PAIP1,GO_Biological_Process_2025__Regulation of Cytoplasmic Translation (GO:2000765)
GO:0008033,0.1704043041010206,0.4921363459990901,0.9976213389932488,25.29%,RTCB;DDX1;RTRAF,GO_Biological_Process_2025__tRNA Processing (GO:0008033)
GO:0000096,0.2168692242496603,0.4882302507611646,0.9979992189007464,42.94%,MTHFR;MSRA,GO_Biological_Process_2025__Sulfur Amino Acid Metabolic Process (GO:0000096)
GO:0030316,-0.154910657702562,-0.4840680019430789,1.0,62.76%,OSCAR;TYROBP;SLC4A2;GLO1;ATP6AP1;CSF1R;MAPK14,GO_Biological_Process_2025__Osteoclast Differentiation (GO:0030316)
GO:0030225,0.1923477996295066,0.4836017287227498,0.9984534902510396,53.78%,CSF1;CSF1R;CDC42;IL1RL1,GO_Biological_Process_2025__Macrophage Differentiation (GO:0030225)
GO:0000723,0.1621384682981973,0.4822552319030866,0.998262779861012,78.47%,PTGES3;RPA3;PPP1CA;UCHL5;ACTL6A;RUVBL2;PARP1;APEX1;RUVBL1;TERF2IP;XRCC5;FBXO4,GO_Biological_Process_2025__Telomere Maintenance (GO:0000723)
GO:0003007,0.1635666296875051,0.4790331780498343,0.9984063598097972,35.03%,PTK2;PROC;NOTCH1;ACVR1,GO_Biological_Process_2025__Heart Morphogenesis (GO:0003007)
GO:0045669,0.1718076886098354,0.4708327747534593,0.9992980691545912,5.15%,LRP5,GO_Biological_Process_2025__Positive Regulation of Osteoblast Differentiation (GO:0045669)
GO:0032870,0.1447918119283578,0.4688119890805417,0.9987553906911932,76.55%,STAT3;SERPINB9;STAT5B;RDX;SRC;CTSS;HSPA8;RAMP3;CTSH;TFPI;CTSB;UBE2L3;MAP4K2;SFRP1,GO_Biological_Process_2025__Cellular Response to Hormone Stimulus (GO:0032870)
GO:0045806,0.1606564518491121,0.4677996982563854,0.998480337825026,50.11%,ARF6;PICALM;CD47;PIP4P2;SNX3,GO_Biological_Process_2025__Negative Regulation of Endocytosis (GO:0045806)
GO:0006024,0.1761679559564948,0.4660283100174545,0.9983305535270584,11.27%,XYLT2,GO_Biological_Process_2025__Glycosaminoglycan Biosynthetic Process (GO:0006024)
GO:0060055,-0.1657408532398413,-0.461026105203209,0.99916509532418,0.26%,PRCP,GO_Biological_Process_2025__Angiogenesis Involved in Wound Healing (GO:0060055)
GO:1990266,0.134940302210029,0.4539625547781127,0.999421904194898,77.10%,FCER1G;IRAK4;CLSTN1;PIP5K1C;PECAM1;PF4V1;SYK;PIK3CG;PPIB;ITGB2;PTGES2;LGALS3;TGFB2;PRTN3;GP2;UMOD;PF4;PPIA,GO_Biological_Process_2025__Neutrophil Migration (GO:1990266)
GO:0061384,0.1589875842868176,0.4437011546193007,0.9996813025083692,77.18%,BMP10;NOTCH1;NACA;TGFBR3;BMP5;TGFB2;BMP7;RBP4,GO_Biological_Process_2025__Heart Trabecula Morphogenesis (GO:0061384)
GO:0046847,0.1822724881641242,0.4309505484134212,0.999904737463184,81.80%,PPP1R9B;FGD3;EZR;DNM3;FGD4;SRGAP2,GO_Biological_Process_2025__Filopodium Assembly (GO:0046847)
GO:0051156,0.1639812701478629,0.4278638073923129,0.9996917646901416,45.17%,HOOK3;UBL4A;PGLS,GO_Biological_Process_2025__Glucose 6-Phosphate Metabolic Process (GO:0051156)
GO:0007156,0.1167299503569338,0.4195810156432157,0.999765456627254,4.96%,NEXN;ESAM,GO_Biological_Process_2025__Homophilic Cell Adhesion via Plasma Membrane Adhesion Molecules (GO:0007156)
GO:0046434,0.1379699000031629,0.3745006501609314,1.0,65.94%,PRKCSH;GALK1;LIPG;PGM1;PON1;ANGPTL3,GO_Biological_Process_2025__Organophosphate Catabolic Process (GO:0046434)
GO:0019318,0.1122439573938201,0.3717036659600857,1.0,17.86%,HOOK3;CHST15;FBN1,GO_Biological_Process_2025__Hexose Metabolic Process (GO:0019318)
GO:0019731,0.1173825018570546,0.3505545361544877,0.9998364441837578,75.66%,APP;HLA-E;CTSG;DMBT1;BPIFA1;HLA-A;FGA;FGB,GO_Biological_Process_2025__Antibacterial Humoral Response (GO:0019731)
