term,fdr,Odds Ratio,Combined Score,Genes,description
Infectious Disease,1.655143e-15,2.118706,88.11311,CYFIP2;CYFIP1;NCKAP1;RPL5;RPL30;RPL3;RPL31;WIPF1;RPL34;IGHV3-23;SERPINE1;ENO1;RPL8;RPL7;PSMD8;PSMD6;PSMD7;TBK1;IGKV1-16;IGKV1-17;AKT2;PSMD2;PSMD3;AP1S2;AKT1;PSMD1;AP1S1;RPL35;RPL38;IGHV3-7;PRKACA;PRKACB;VPS36;VPS39;NUP214;VPS18;IGHV3-33;RPL23;RPL22;HSPG2;DYNC1LI1;DYNC1LI2;PRKAR1A;MAP1B;TXNIP;RPL24;RPL27;RPL29;RPL28;VPS25;VPS28;RPN2;SAR1B;RPN1;LARP1;PRKAR2B;PRKAR2A;PLCG2;VPS11;SFN;NCKAP1L;ST3GAL1;VPS16;LYN;GSDMD;EIF2AK2;SNF8;HNRNPK;NMT1;RPLP1;ARPC1B;RPLP0;ARPC1A;CLTC;CLTA;IGHV1-46;IKBKB;TRIM4;RPLP2;ELOB;IKBKG;ELOC;JAK2;JAK3;JAK1;PSMA5;PSMA6;PSMA3;PSMA4;IGLV3-16;PSMA1;PSMA2;IGLV3-12;IGLV3-19;RPL12;RPL11;PSMA7;ADCY6;PSMB6;PSMB7;IGLV3-25;PSMB4;PSMB5;RPS15A;PSMB2;PSMB3;IGLV3-21;IGLV3-22;PSMB1;AP2S1;RPS3;ANO10;RPL13;RPL15;RPS2;RPL17;RPL19;CRBN;STAT1;TUBB4B;TUBB4A;PSMC5;PSMC6;PSMC3;ABI2;PSMC4;PSMC1;PSMC2;ABI1;AGRN;CTNND1;IPO5;PPP1CB;PPP1CC;TUBB6;FNTA;CDH1;FNTB;TUBB1;KPNA4;KPNA3;MAP3K7;AP2M1;KPNA1;MAP2K3;MAP2K4;MAP2K1;MAP2K2;RPS8;VPS33A;RPS5;VPS33B;RPS6;RPSA;TUBA4B;TUBA4A;NCL;SNRPE;SNRPF;FKBP4;KPNB1;IFNAR1;RAB5B;RAB5C;CUL5;CUL3;ITPR1;LY96;ITPR2;CORO1A;IGLV2-11;TKFC;IGLV1-40;IGLV1-47;IGLV2-14;G3BP1;G3BP2;PGK1;IGLV2-18;AP1M1;ARPC4;ARPC5;IGKV1D-16;EEF2;NFKB1;NFKB2;IGLV1-51;ARPC2;ARPC3;IGLV2-23;RAB5A;BCL2L1;TUBA8;ITGB1;HSP90AB1;IGHV1-2;IGHV4-34;BRK1;RPL7A;AP1G1;MBL2;NCK1;ACTR3;ACTR2;HSP90AA1;PDCD6IP;ITGA4;CHUK;IGKV3D-20;VPS37A;VPS37B;RANGAP1;DDOST;DNAJC3;DAD1;LCK;TRAF6;PIK3C3;SLC25A5;CRK;SLC25A6;IGHV2-70;SEC23A;IGHV2-5;ROCK1;ROCK2;SRC;VPS4B;VPS4A;FURIN;CDC42;GANAB;RBBP4;FYN;POLR2H;WASF1;SEC11A;WASF2;WASF3;DUT;TXNRD1;ADRM1;RPL35A;RPL23A;PTPN11;BAIAP2;FCGR2A;MYO1C;MGAT4B;VPS41;PTPN6;CD247;VPS45;SEC24D;SEC24C;APP;AHCYL1;ANTXR2;ANTXR1;IGLV8-61;IGLV2-8;RPS14;RPS17;SNRPD2;TRIM28;RPL18A;RPS19;RPS18;TRIM25;RPS11;RPS10;SKP1;ST6GAL1;IL1R1;ENTPD5;AP1B1;HLA-B;HLA-C;HLA-A;HLA-E;CSNK2B;BTK;IGKV4-1;IGLV10-54;SDC4;PCBP2;CD14;XRCC6;XRCC5;MYO5A;NMI;STAM;GNG12;GNG11;PTK2;BST2;PARP10;MSRA;RPS28;RPS27;RPL27A;SDC1;GRB2;RPS20;CALR;RPS21;RPS24;RPS23;IGHM;NRP1;SH3KBP1;AP2A1;MAGT1;AP2A2;XPO1;IGLV7-46;CTSG;RAC1;DLAT;TOMM70;SEC13;SYK;PARP1;PRMT1;TUBB;IL18;ANO6;VAV1;HCK;PACS1;CANX;RAB7A;DYNC1I2;GNAI3;WAS;CXCR4;GNAI1;RELA;GNAI2;PTPA;NT5E;IGKC;GPC1;MGAT5;MGAT1;GPC4;MGAT2;EPS15;GPC6;PAK2;BCAP31;DYNC1H1;RANBP1;NPM1;PTGES3;IGKV1-5;MYO9B;AP2B1;PPP1CA;FKBP1A;TJP1;SPCS3;ITCH;SPCS2;CTNNB1;COMT;BANF1;SH3GL1;ATP1B3;ATP1B1;TUFM;ADAM17;HGS;TBL1XR1;ELMO1;GEMIN5;CHMP4B;MASP2;CHMP4A;MASP1;UBE2V1;PPIB;PPIA;STAM2;GNAZ;DDX5;PSMD12;VCP;PSMD11;TSG101;PSMD14;PSMD13;NCKIPSD;FUT8;IGLV6-57;MAN2A1;ATP6V1H;HSPA8;TGFB1;VTA1;CBX1;ISG15;IGLV7-43;MAVS;GNB2;GNB1;GNAS;GNB4;STT3A;CHMP2A;TAB1;IGKV3-20;YWHAE;GSK3B;PRKCSH;YWHAB;CHD4;IGLV4-60;RPS4X;YWHAQ;IGKV2-29;IGLV4-3;IGLC3;YWHAG;YWHAH;RPS3A;YWHAZ;IGLV4-69;FGR;IGLV5-37;SFPQ;MYH2;CHMP3;MYH9;MAN1B1;CHMP6;DOCK2;CHMP5;TUBAL3;IGLV3-1;ATP1A1;CBL;GNG2;GNG5;IGLV5-45;MAPK1;NUP43;IGLC7;GALNT1;IGKV5-2;MAPK14;CD9;SUGT1;RAN,Infectious Disease
Vesicle-mediated Transport,2.637029e-15,2.245212,90.77228,ITSN2;TFRC;IGHV3-23;FNBP1L;RABGEF1;IGKV1-16;TFG;IGKV1-17;AKT2;AP1S2;AKT1;AP1S1;IGHV3-7;VPS36;GABARAPL2;PRKAB2;FNBP1;IGHV3-33;GAPVD1;PRKAB1;DYNC1LI1;DYNC1LI2;BIN1;VPS25;OPTN;VPS28;SAR1B;COPS7B;COPS7A;HPR;GNS;BLOC1S4;HSPH1;BLOC1S1;BLOC1S3;MYO6;SFN;PIP5K1C;IGHA1;IGHA2;SNAPIN;LNPEP;SNF8;COL1A1;COL1A2;HYOU1;ARF4;ARPC1A;CLTC;CLTB;PRKAG1;CHM;CLTA;IGHV1-46;STON2;CLINT1;AP3S1;LDLRAP1;DENND2C;EXOC8;EXOC7;COPZ2;EPS15L1;COPZ1;F5;VAMP8;F8;IGLV3-16;VAMP7;IGLV3-12;EXOC4;EXOC3;PLIN3;PAFAH1B3;ARF5;EXOC2;IGLV3-19;PAFAH1B2;ARF6;EXOC1;PAFAH1B1;VAMP3;NBAS;GPS1;USO1;GGA1;IGLV3-25;LMAN1;GGA3;IGLV3-21;IGLV3-22;LMAN2;AP2S1;STX6;STX5;STX4;APOL1;LDLR;YKT6;TUBB4B;TUBB4A;ARCN1;COL3A1;SNX18;GOLIM4;TUBB6;TUBB1;AP2M1;TUBA4B;TUBA4A;RAB32;RAB30;RAB31;MADD;RAB35;RAB38;FTL;RAB5B;RAB5C;ARL1;KLC1;HSP90B1;IGLV2-11;IGLV1-40;IGLV1-47;IGLV2-14;IGLV2-18;RAB6A;RAB6B;AP1M1;TXNDC5;ANKRD28;TRAPPC3;RAB4A;TOR1A;TRAPPC1;AMBP;SEC16A;TRAPPC4;TRAPPC5;HPS4;M6PR;ARPC4;TRAPPC8;ARPC5;IGKV1D-16;TRAPPC9;COPS4;COPS3;COPS6;DAB2;COPS5;IGLV1-51;ARPC2;ARPC3;COPS2;CPD;IGLV2-23;AAK1;SCGB3A2;COPS8;RAB5A;TUBA8;IGHV1-2;IGHV4-34;SNAP23;ARRB1;BICD2;PPP6C;CAPZB;AP1G1;PPP6R1;PPP6R3;SNAP29;ACTR3;ACTR2;HSP90AA1;IGKV3D-20;APOA1;VPS37A;VPS37B;SPTB;ARFGAP1;BET1L;ARFGAP2;SEC22B;IGHV2-70;RAB1A;SEC23A;IGHV2-5;LRP1;SRC;RAB1B;VPS4B;VPS4A;DENND3;RAB21;VPS51;VPS53;UBQLN1;UBQLN2;RAB10;NECAP2;MYO1C;RAB14;RAB12;RAB13;RAB18;VPS45;SEC24D;SEC24C;BET1;APP;SPARC;IGLV8-61;GOLGA2;IGLV2-8;RINL;FTH1;AGFG1;TBC1D10B;AP1B1;COG2;ANK1;ZW10;IGKV4-1;PREB;IGLV10-54;STXBP3;TGOLN2;SCFD1;SNX2;SNX9;APOE;APOB;SNX5;SPTBN1;SEC31A;SURF4;MYO5A;RAB27B;STAM;GOLGB1;GRB2;CALR;C2CD5;GDI1;SH3KBP1;CTSZ;GDI2;STAB2;MIA2;AP2A1;MIA3;AP2A2;JCHAIN;ACTR1A;IGLV7-46;KIF13B;TMED2;CD36;RAC1;TMED7;SPTAN1;CTSC;RAB8A;RAB8B;SEC13;TMED9;AP3B1;RAB33B;GAK;CTTN;KIF2A;RAB7A;NAPA;DYNC1I2;RABGAP1;NAPG;IGKC;CD59;EPS15;CD55;DYNC1H1;SORT1;GBF1;IGKV1-5;AP2B1;RAB11A;RAB11B;TJP1;SEC23IP;CAPZA1;CAPZA2;SAA1;TRIP10;RAB3GAP2;COPG2;COPG1;ACTR10;RAB3GAP1;KIF5B;TRAPPC11;SH3GL1;NSF;TRAPPC2L;SCARA5;HGS;CHMP4B;CHMP4A;MASP1;STAM2;COPB2;COPA;TMED10;TSG101;COPB1;SPTA1;IGLV6-57;MAN2A2;MAN2A1;PACSIN2;TBC1D13;TBC1D17;TBC1D15;HSPA8;DENND4A;VTA1;DENND4C;ASPSCR1;SSC5D;IGLV7-43;IGF2R;CHMP2A;ACBD3;IL7R;COPE;IGKV3-20;PICALM;YWHAE;YWHAB;USE1;IGLV4-60;IGKV2-29;YWHAQ;IGLV4-3;IGLC3;SCARF1;YWHAG;YWHAH;PLA2G4A;YWHAZ;DNM1;EPN1;DNM2;DNM3;IGLV4-69;IGLV5-37;RABEP1;TRAPPC6B;CHMP3;MYH9;CHMP6;CHMP5;COLEC12;DCTN6;COLEC11;DCTN5;RALA;DCTN2;TUBAL3;DCTN1;DCTN4;GOSR2;DCTN3;IGLV3-1;CBL;CYTH2;IGLV5-45;REPS2;REPS1;IGLC7;EGF;GALNT2;GALNT1;IGKV5-2,Vesicle-mediated Transport
Innate Immune System,1.765876e-14,1.943578,74.09352,CYFIP2;CYFIP1;NCKAP1;WIPF1;GMFG;IGHV3-23;C4BPA;C4BPB;PSMD8;PSMD6;PSMD7;TBK1;IGKV1-16;IGKV1-17;PSMD2;PSMD3;PSMD1;IGHV3-7;PRKACA;PRSS3;PRKACB;PRSS2;NHLRC3;IGHV3-33;PRKCD;MCEMP1;SCAMP1;UNC13D;DYNC1LI1;BIN2;TXNIP;SERPING1;PRKCQ;OPTN;NLRX1;IQGAP1;IQGAP2;GNS;PPP3R1;CYB5R3;PRDX4;C9;PLCG2;S100A12;NCKAP1L;ATG7;ELANE;HMOX2;S100A11;ATG5;LYN;GSDMD;JUP;AZU1;PA2G4;PRDX6;TCN1;TOLLIP;PIGR;GPI;PYGB;HEXB;ARPC1B;ARPC1A;IGHV1-46;PYGL;EEA1;IKBKB;PANX1;MMP25;TRIM4;TIMP2;IKBKG;IKBIP;SERPINB1;DUSP3;ANXA2;ARG1;PGAM1;F2;SERPINB6;PSMA5;VAMP8;PSMA6;PSMA3;PSMA4;IGLV3-16;PSMA1;PSMA2;IGLV3-12;PLEKHO2;PAFAH1B2;IGLV3-19;ASAH1;PSMA7;PSMB6;PSMB7;IGLV3-25;PSMB4;PSMB5;PSMB2;PSMB3;IGLV3-21;IGLV3-22;PSMB1;AGL;TUBB4B;ERP44;PSMC5;PSMC6;FABP5;PSMC3;ABI2;PSMC4;PSMC1;PSMC2;ABI1;LAMTOR2;LAMTOR1;LAMTOR3;FRK;GHDC;ATP8A1;PROS1;APEH;EPX;CLU;STK10;LAMP1;GRAP2;CFL1;TOM1;MAP3K7;GYG1;KCMF1;MAP2K3;MAP2K4;MAP2K1;IST1;ILF2;ACLY;RAB31;MAPKAPK3;RAB37;MAPKAPK2;S100A9;ARL8A;KPNB1;S100A8;FTL;S100A7;RAB5B;RAB5C;SHC1;CUL1;ITPR1;UBR4;LY96;ITPR2;HSP90B1;IGLV2-11;VTN;RAP1A;TKFC;IGLV1-40;IGLV1-47;IGLV2-14;PSAP;IGLV2-18;RAB6A;TXNDC5;AP1M1;RAB4B;TRAPPC1;ARPC4;ARPC5;IGKV1D-16;EEF2;C6ORF120;NFKB1;NFKB2;PTPRB;PTPRC;IGLV1-51;ARPC2;ARPC3;IGLV2-23;PIN1;HPSE;NIT2;LAT;BCL2L1;HSP90AB1;ITGAM;IGHV1-2;ITGB2;SNAP23;IGHV4-34;BRK1;PIK3CB;ITGAL;FCAR;ALAD;PGM2;ITGAV;LBP;SNAP29;PGM1;MBL2;NCK1;ACTR3;DSP;ACTR2;HSP90AA1;CHUK;IGKV3D-20;DDOST;MUC5AC;DNAJC3;PKM;LCK;TRAF6;TMBIM1;PECAM1;DSG1;LCP2;PIK3C3;CRK;CRP;IGHV2-70;CANT1;IGHV2-5;C1S;ROCK1;C1R;SRC;ITLN1;CDC42;TTR;FYN;POLR2H;WASF1;WASF2;WASF3;ADRM1;PTPN11;BAIAP2;CPPED1;RAB10;TSPAN14;PFKL;FCGR2A;MYO1C;RAB14;VAPA;P2RX1;RAB18;PTPN6;CD247;APP;AHCYL1;ICAM2;ICAM3;IGLV8-61;C4B;IGLV2-8;C4A;LGALS3;RPS6KA3;BPIFA1;PNP;PPP2R1A;FTH1;CPNE1;TRIM25;CPNE3;ATP6V1E1;TRIM21;SKP1;ARSA;ATP6V1G1;MUCL1;HLA-B;HLA-C;MIF;HLA-E;CSNK2B;BTK;IGKV4-1;IGLV10-54;TMEM63A;MGST1;PIK3R1;NEU1;PCBP2;ATP6V0A2;MLEC;CD14;APOB;ATP6V1C1;ATP6V0A1;CTSA;VAT1;XRCC6;XRCC5;SURF4;PRG2;MYO5A;NBEAL2;PPBP;PRG3;PTK2;DERA;BST2;BPIFB1;CYSTM1;GRB2;SLC44A2;CTSZ;GDI2;PTPRJ;MAGT1;AP2A2;C8A;CTSS;PPP3CA;PPP3CB;ACTR1B;C8G;IGLV7-46;RAC2;CTSH;MUC13;CTSG;QSOX1;CD36;RAC1;CTSD;SPTAN1;CTSC;CTSB;CAP1;CD53;TOMM70;CCT2;DBNL;FCER1G;SYK;GAA;TUBB;RHOG;ANO6;RHOF;RHOA;VAV1;APRT;LAT2;HCK;RAP2B;ALDOC;CD47;CD46;ATP6V0C;CD44;DNASE1L1;RAB7A;CD63;CSTB;CAB39;WAS;CPN2;RELA;CPN1;PPP2CB;PAK1;PGRMC1;IGKC;CD59;CCT8;CD58;PAK2;CD55;DYNC1H1;GCA;PTGES2;IGKV1-5;HUWE1;MYO9B;LILRB2;SVIP;ITCH;CFHR4;CAPZA1;QPCT;CAPZA2;SAA1;CFHR5;CTNNB1;ACTR10;FCN1;FCN3;CD81;SRP14;MPO;COTL1;CAPN1;OSTF1;ACAA1;CD93;ADAM10;CYBB;IRAG2;DOK3;ELMO1;PPIE;MASP2;PRTN3;MASP1;UBE2V1;PPIA;VCL;ATP6V1A;PSMD12;VCP;PSMD11;PSMD14;UBA7;PSMD13;COPB1;PLD4;RASGRP2;PLD3;CNN2;NCKIPSD;SDCBP;DPP7;IGLV6-57;ATP6V1H;ATP6V1D;ATP6V1F;HSPA8;IDH1;ISG15;DNAJC13;IGLV7-43;IGF2R;DIAPH1;MAVS;SELL;UBA3;MAN2B1;TAB1;MUC20;UBE2K;IGKV3-20;UBE2M;NFKBIB;DDX3X;B4GALT1;TNFAIP6;PRKCSH;SLC2A3;HMGB1;IGLV4-60;HEBP2;ADGRE5;IGKV2-29;NAPRT;IGLV4-3;IGLC3;LRRFIP1;FGB;FGA;DCD;ATP6AP2;FGG;IRAK4;MMP9;CKAP4;DNM1;DNM2;IGLV4-69;DNM3;FGR;IGLV5-37;MYH2;CAT;ATP6V1B2;MYH9;DOCK2;COLEC11;USP14;COLEC10;MVP;IGLV3-1;MUC1;CAND1;IGLV5-45;MAPK1;STOM;CHGA;TMEM30A;IGLC7;IGKV5-2;CMTM6;PDAP1;MAPK14;TEC;GLB1;KRAS;PTX3;S100P;SUGT1;GLA,Innate Immune System
Signal Transduction,5.977359e-14,1.729033,63.16458,ITSN2;CYFIP2;NCKAP1;VPS29;CYFIP1;TFRC;WIPF1;SERPINE1;ARAF;F11R;SMC3;FNBP1L;MYLK;PSMD8;PSMD6;TBK1;PSMD7;AKT2;PSMD2;WDR91;PSMD3;AKT1;ANKFY1;PSMD1;PIP4K2A;VPS35;PIP4K2B;PIP4K2C;PRKACA;PRKACB;PRKAB2;FNBP1;PRKCB;PRKCD;PRKCA;SCRIB;PRKAB1;BCR;DYNC1LI1;MYL6;DYNC1LI2;DAAM1;PRKAR1A;PARD3;PRKCQ;RBCK1;MYL9;OPTN;CRABP2;SHMT2;PDGFB;PDGFA;VPS26A;IQGAP1;IQGAP2;ADH4;RHOT2;PPP3R1;RHOT1;RDH11;PRKAR2B;PDGFD;PRKAR2A;RAD21;PDGFC;MYO6;PLCG2;SFN;NCKAP1L;ST3GAL6;PIP5K1C;HMOX2;LYN;JAG1;JUP;MCAM;FN1;COL1A1;PPP5C;COL1A2;CILP;FASN;HNRNPF;GIPC1;STRN;HNRNPC;FERMT2;CDC42SE2;ARPC1B;ARPC1A;CLTC;ARHGAP1;PRKAG1;CLTB;CLTA;ARHGAP6;ARHGAP4;IKBKB;LFNG;TIMP2;RACK1;TIMP1;IKBKG;JAK2;JAK3;EMD;JAK1;LYPLA1;NUDC;DUSP3;FGFBP2;EPS15L1;GMIP;F2;PSMA5;PSMA6;FCER2;MMP14;PSMA3;PLCB3;COL2A1;PSMA4;PLCB4;PSMA1;PSMA2;ANGPTL3;RAPGEF2;PLIN3;PLIN1;PLCB1;DLD;PLCB2;MGLL;PAFAH1B1;ARF6;VAMP3;COL11A1;GPS1;COL11A2;FSTL1;ADCY6;PSMA7;FSTL3;FGD3;PSMB6;FGD4;PSMB7;LMAN1;PSMB4;GGA3;PSMB5;GPNMB;PSMB2;PSMB3;PSMB1;SPP1;AP2S1;MFN2;STX5;FLNA;CKB;YKT6;FARP1;STAT1;USP9X;NDE1;STAT3;TUBB4B;TUBB4A;DEF6;SEPTIN7;DHRS4;WDR11;KTN1;LETM1;TMEM59;COL3A1;PSMC5;PSMC6;TAOK3;FABP5;PSMC3;ABI2;PSMC4;TAOK1;PSMC1;PSMC2;ABI1;GOPC;LAMTOR2;PKN1;LAMTOR1;NOTUM;LAMTOR4;LAMTOR3;FRK;PF4;LAMTOR5;DGKG;POGLUT1;DGKA;CTNND1;ITGA2B;IRS2;PPP1CB;PPP1CC;STK10;CDH5;TUBB6;SLK;FNTA;CDH1;GRAP2;FNTB;CFL1;RUVBL1;TUBB1;LEPR;MAP3K7;AP2M1;MAP2K1;USP7;MAP2K2;TPM4;TPM3;USP4;FST;F2R;RPS6;FAM91A1;TUBA4B;TUBA4A;ARMCX3;CLIP1;MAPKAPK3;MFNG;MAPKAPK2;MADD;ROR1;IL6ST;FKBP4;S100A9;SQSTM1;S100A8;FKBP5;NOTCH2;KHDRBS1;NOTCH3;NOTCH1;CUL5;SHC1;CUL3;CUL1;ITPR1;ARL2;ITPR2;PHB;KLC1;KNG1;SAV1;STIP1;RAP1A;DDRGK1;TBXA2R;STK38;PSAP;RAB6A;SRGAP2;PLTP;RAB4A;RAB4B;ARPC4;ARPC5;NFKB1;DRAP1;COPS4;NSFL1C;ARPC2;ARPC3;PTPRA;RHEB;COPS2;CPD;CDK1;PIN1;PLXNB1;LAT;BCL2L1;EIF4G1;TUBA8;ITGB1;BMP10;HSP90AB1;ITGB5;ITGB3;FLT4;SNAP23;PTEN;BRK1;ECE1;ARRB1;PIK3CB;PIK3CG;PTBP1;CAPZB;NCK2;EFHD2;ITGAV;LBR;PRKG1;NCK1;ACTR3;DSP;ACTR2;HSP90AA1;TRPC6;PPP1R12A;KSR1;CHUK;VWF;ITGA2;SMC1A;RANGAP1;SPTB;ARFGAP2;PPM1A;LCK;TRAF6;NUMB;DSG1;DSG2;PIK3C3;EVL;ITGA5;DAGLB;CRK;RNF31;PRKAA1;ROCK1;ROCK2;SRC;LRP5;FURIN;PDHB;HDAC6;LRP6;CDC42;PTPRZ1;RBBP4;CCL5;FYN;CSK;POLR2H;WASF1;EIF4E;WASF2;EIF4B;WASF3;NTRK2;PPP1R14A;PTPN1;PTPN18;ANGPT1;NDUFA5;PCDH7;TXNL1;ADRM1;APOC4;PTPN11;CDC42BPB;PTPN12;BAIAP2;MTOR;VAPA;VAPB;APOC2;LEP;STUB1;PTPN6;P4HB;APP;AHCYL1;SPARC;CRKL;UBE2L3;RPS6KA3;GOLGA3;OPHN1;PPP2R1A;TNFSF10;ATP6V1E1;PDK1;TMPO;SKP1;PDHX;ATP6V1G1;ACTN2;ACTN1;SRRM1;SFRP1;CDC37;ZW10;CSNK2B;BTK;TLN1;PFN1;CETP;TWF1;PIK3R1;KALRN;PIK3R6;SNX3;SCFD1;ATP6V0A2;APOD;APOE;ATP6V1C1;SPTBN1;ATP6V0A1;STAT5A;STAT5B;RCC2;GDF2;MEMO1;IGF1;PPBP;STAM;GNG12;GNG11;PTK2;CCT6A;RPS27;PDE3A;GRB2;NRP1;NRP2;PTPRS;SH3KBP1;AP2A1;PTPRJ;IDE;PTPRK;PCSK6;AP2A2;PCSK5;PTPRF;CX3CL1;AKAP12;PPP3CA;PPP3CB;XPO1;HINT2;SH3PXD2A;C1QBP;RAC2;MUC13;TMED2;RAC1;DLAT;SPTAN1;CCR4;CTSD;GIT1;TMED5;CCT2;SEC13;SYK;PARP1;PRMT1;RHOG;RHOF;VAV1;RHOA;UCHL5;GAL;CTTN;KIF2A;KIT;STRAP;ARHGEF1;ARHGEF2;ARHGEF7;MAPRE1;ATP6V0C;DBN1;ARHGEF6;RAB7A;DYNC1I2;RAMP3;CAB39;GNAI3;WAS;CXCR4;RFNG;GNAI1;RELA;GNAI2;PPP2CB;PAK1;PGRMC2;SAMM50;OS9;EMC3;CTNNA1;CCT7;EPS15;PAK2;CD55;BCAP31;DYNC1H1;GIT2;PTGES3;ERBIN;VEGFC;MYO9B;AP2B1;MPP7;PPP1CA;FKBP1A;TJP1;ITCH;KITLG;XK;AXL;TACC3;SAA1;TRIP10;CTNNB1;ESYT1;F2RL3;TJP2;STEAP3;PEBP1;DOCK10;DOCK11;BASP1;ARHGDIA;KIF5B;ARHGDIB;RGS6;SH3GL1;PDGFRB;PDGFRA;RALBP1;TMOD3;ADAM10;CYBB;ALDH3A2;DOK1;ADAM17;HGS;TBL1XR1;ELMO1;STAM2;VCL;ATP6V1A;GNAZ;DDX5;PSMD12;VCP;PSMD11;PSMD14;PSMD13;SEL1L;LTBP4;ARHGAP18;ARHGAP17;LTBP2;SLC1A5;LTBP3;RASGRP2;NTS;STK4;LTBP1;RTN4;TOR1AIP1;STK3;NCKIPSD;SPTA1;SHARPIN;GRK6;ATP6V1H;MYH14;TAC3;ATP6V1D;MYH10;ATP6V1F;SMAD2;CPSF7;TGFB2;PDHA1;TGFB1;INHBA;ARHGAP25;DIAPH1;DLG1;FER;COL5A1;FES;GNAQ;GNB2;GNB1;COL5A2;GNAS;GNB4;TAB1;FGFR4;MUC20;FGFR3;FGFR2;FBN1;UBE2M;FGFR1;PICALM;YWHAE;GSK3B;DOCK5;B4GALT1;YWHAB;DOCK8;DOCK7;ATP2A3;ATP2A2;CHD4;YBX1;LAMC1;LMNB1;HEBP1;ADGRE5;YWHAQ;CASP3;DBT;FLOT1;FLOT2;GPSM3;YWHAG;YWHAH;FGB;FGA;ARHGEF12;MMP7;ATP6AP1;MMP3;FGG;PPP2R5A;PLA2G4A;IRAK4;ARAP1;MMP9;YWHAZ;CKAP5;EPN1;DNM1;CKAP4;GIP;DNM2;DNM3;TGFBR3;ARHGAP10;SFPQ;RASA3;VGF;COL6A2;RASA1;COL6A1;RASA2;ATP6V1B2;NDUFS3;COL6A3;MYH9;COL6A6;PDE5A;DOCK2;CAMK2B;RGS18;LAMA5;RALA;CAMK2D;RALB;RGS19;LAMA2;TUBAL3;LAMA1;LAMA4;RAP1GDS1;LAMA3;CAMK2A;ADD3;CBL;THBS2;THBS1;UACA;THBS4;THBS3;GNA13;IL1RL1;GNG2;GNG5;PTK2B;MAPK1;STOM;NUP43;NCAM1;BUB3;CAMK2G;CLASP2;EGF;LAMB2;LAMB1;MAPK14;HSPE1;FMNL1;TEC;RGS10;BAX;KRAS;VIM;RBMX,Signal Transduction
Extracellular Matrix Organization,5.977359e-14,3.755651,136.6759,APP;SPARC;COL12A1;SERPINE1;ITGA2B;ICAM2;LOXL3;TNC;ICAM3;PLOD3;PLOD1;F11R;LOXL1;COMP;EFEMP2;EFEMP1;CAPNS1;IBSP;CDH1;TNN;BSG;DAG1;CAPN2;TNR;CAPN1;PRSS2;CAST;ACTN1;P3H1;ADAM10;PRKCA;HSPG2;BCAN;ADAM17;ADAM15;LOX;PPIB;CD151;SDC4;PDGFB;HTRA1;LTBP4;PDGFA;FBLN1;LTBP2;LTBP3;NID1;FBLN2;LTBP1;NID2;FBLN5;VTN;SERPINH1;ELANE;CRTAP;TGFB2;TGFB1;VCAM1;TRAPPC4;FN1;BMP7;COL1A1;COL1A2;BMP1;COL5A1;P4HA1;P4HA2;COL5A2;SDC1;FBN1;ITGB1;COL18A1;BMP10;PTPRS;ITGAM;ITGB5;COL14A1;NCAN;ITGB3;ITGB2;ITGAE;LAMC1;ITGAL;CTSS;HAPLN1;ADAMTS5;MMP25;SH3PXD2A;ADAMTS1;CASP3;TIMP2;EMILIN3;EMILIN2;CTSG;EMILIN1;ITGAV;MADCAM1;TIMP1;ADAMTS8;CTSD;COLGALT1;CTSB;FGB;FGA;MMP7;ITGA4;VWF;ITGA2;FGG;ITGA1;MMP3;BGN;MMP9;ASPN;DCN;MMP14;VCAN;COL2A1;COL6A2;COL6A1;PECAM1;MMP19;COL6A3;ITGA7;COL6A6;ITGA6;CD47;ITGA5;CD44;DDR2;ITGA9;PLEC;LAMA5;COL15A1;TNXB;LAMA2;PCOLCE2;LAMA1;COL11A1;LAMA4;NRXN1;COL11A2;LAMA3;FURIN;THBS1;ACAN;TTR;SPP1;NCAM1;JAM3;LAMB2;LUM;LAMB1;MFAP5;MFAP4;COL3A1;MFAP2;TLL2;TLL1;P4HB;AGRN;FMOD,Extracellular Matrix Organization
Disease,6.146752e-14,1.744529,62.99842,CYFIP2;NCKAP1;CYFIP1;RPL5;RPL30;RPL3;WIPF1;RPL31;RPL34;IGHV3-23;SERPINE1;ARAF;SLC4A1;ENO1;RPL8;RPL7;PSMD8;PSMD6;TBK1;PSMD7;CAPNS1;IGKV1-16;TFG;MPRIP;IGKV1-17;AKT2;PSMD2;FGFR1OP2;PSMD3;AP1S2;AKT1;AP1S1;PSMD1;RPL35;RPL38;IGHV3-7;PRKACA;PRKACB;VPS36;VPS39;NUP214;VPS18;IGHV3-33;RPL23;RPL22;HSPG2;SND1;BCR;EML4;BCAN;DYNC1LI1;RBP4;DYNC1LI2;BIN2;PRKAR1A;MAP1B;TXNIP;RPL24;SERPING1;RPL27;HPRT1;RPL29;VPS25;RPL28;VPS28;ABCB6;RPN2;SAR1B;RPN1;PDGFB;PDGFA;ZC3HAV1;IQGAP1;GNS;PRDX2;ADAMTS13;LARP1;PRKAR2B;PRKAR2A;PRDX1;VPS11;PLCG2;SFN;NCKAP1L;ATG7;ST3GAL1;VPS16;LYN;GSDMD;JAG1;PMM2;FN1;ERLIN1;EIF2AK2;ERLIN2;SNF8;GP5;CP;COL1A1;GP9;HNRNPK;COL1A2;B4GAT1;NMT1;STRN;WDR48;ARPC1B;HEXB;NCAN;RPLP1;ARPC1A;HEXA;RPLP0;CLTC;CLTA;IGHV1-46;IKBKB;LFNG;ATIC;TRIM4;ADAMTSL4;ADAMTSL3;ADAMTSL2;RPLP2;ELOB;ELOC;IKBKG;JAK2;JAK3;JAK1;BGN;F2;PSMA5;PSMA6;F8;PSMA3;F9;PSMA4;IGLV3-16;PSMA1;PSMA2;IVD;IGLV3-12;DLD;IGLV3-19;CHST3;ECHS1;RPL12;RPL11;ADCY6;PSMA7;PSMB6;PSMB7;IGLV3-25;PSMB4;RPS15A;PSMB5;PSMB2;PSMB3;IGLV3-21;IGLV3-22;PSMB1;AP2S1;RPS3;ANO10;RPL13;RPL15;RPS2;RPL17;RPL19;CRBN;F10;STAT1;AGK;STAT3;TUBB4B;TUBB4A;PSMC5;PSMC6;PSMC3;ABI2;PSMC4;PSMC1;PSMC2;ABI1;RHAG;AGRN;FMOD;CTNND1;ITGA2B;IRS2;IPO5;PPP1CB;PPP1CC;TUBB6;FNTA;CDH1;FNTB;TUBB1;KPNA4;MAP3K7;KPNA3;GYG1;AP2M1;KPNA1;MAP2K3;MAP2K4;MAP2K1;MAP2K2;TPM4;TPM3;RPS8;VPS33A;RPS5;VPS33B;RPS6;RPSA;TUBA4B;TUBA4A;TPST2;TPST1;CLIP1;NCL;SLC9A9;SNRPE;SNRPF;FKBP4;S100A9;SQSTM1;KPNB1;S100A8;SLC27A4;IFNAR1;NOTCH2;NOTCH3;RAB5B;RAB5C;NOTCH1;CUL5;SHC1;FAM114A2;CUL3;CUL1;ITPR1;LY96;ITPR2;PHB;KLC1;CORO1A;ACAT1;IGLV2-11;RAP1A;TKFC;IGLV1-40;IGLV1-47;IGLV2-14;G3BP1;G3BP2;PGK1;IGLV2-18;AP1M1;MPDU1;GFPT1;ARPC4;ARPC5;IGKV1D-16;EEF2;NFKB1;NFKB2;IGLV1-51;ARPC2;ARPC3;OGN;TBXAS1;IGLV2-23;CSPG4;RAB5A;BCL2L1;TUBA8;ITGB1;HSP90AB1;ITGB3;IGHV4-34;IGHV1-2;PTEN;BRK1;ARRB1;PIK3CB;ADAMTS5;RPL7A;KIAA1549;ADAMTS1;AP1G1;ADAMTS8;PGM1;MBL2;NCK1;ACTR3;ACTR2;HSP90AA1;PDCD6IP;ITGA4;KSR1;CHUK;VWF;IGKV3D-20;APOA1;VPS37A;VPS37B;RANGAP1;MUC5AC;DDOST;DNAJC3;PPM1B;PCCA;DAD1;LCK;TRAF6;PCCB;BIRC6;PIK3C3;SLC25A5;CRK;SLC25A6;IGHV2-70;SEC23A;IGHV2-5;ROCK1;ROCK2;SRC;VPS4B;VPS4A;LRP5;FURIN;THSD1;HDAC6;LRP6;CDC42;GANAB;TTR;RBBP4;FYN;CSK;POLR2H;WASF1;SEC11A;WASF2;WASF3;NTRK2;DUT;MMAB;TXNRD1;ADRM1;RPL35A;RPL23A;PTPN11;PTPN12;BAIAP2;MTOR;BCKDK;MYO1C;FCGR2A;VPS41;MGAT4B;PTPN6;CD247;VPS45;SEC24D;SEC24C;SPON2;APP;SPON1;AHCYL1;ANTXR2;ANTXR1;IGLV8-61;GOLGA2;IGLV2-8;RPS14;RPS17;PNP;SNRPD2;TRIM28;RPL18A;RPS19;PPP2R1A;RPS18;BSG;DAG1;TRIM25;RPS11;RPS10;SKP1;MCCC2;ST6GAL1;MUCL1;IL1R1;ENTPD5;OMD;MCCC1;AP1B1;HLA-B;TALDO1;HLA-C;ALG1;HLA-A;HLA-E;BTD;CDC37;CSNK2B;BTK;IGKV4-1;TLN1;IGLV10-54;SDC4;PIK3R1;FXR1;NEU1;PCBP2;CD14;SPTBN1;SEC31A;STAT5A;CTSA;STAT5B;XRCC6;XRCC5;MYO5A;NMI;STAM;GNG12;GNG11;PTK2;BST2;PARP10;MSRA;RPS28;RPS27;RPL27A;GOLGB1;SDC1;GRB2;RPS20;CALR;RPS21;RPS24;CD320;RPS23;IGHM;NRP1;SH3KBP1;AP2A1;MAGT1;AP2A2;GYS1;XPO1;C1QBP;IGLV7-46;RAC2;MUC13;IDS;CTSG;RAC1;CD36;DLAT;TOMM70;SFTPB;SEC13;SYK;PARP1;GP1BB;PRMT1;GAA;TUBB;IL18;RHOG;GP1BA;ANO6;AP3B1;VAV1;APRT;HCK;PACS1;CANX;KIT;ALDOB;RAB7A;DYNC1I2;AHCY;GNAI3;WAS;CXCR4;GNAI1;RELA;GNAI2;PTPA;PPP2CB;NT5E;IGKC;OS9;MGAT5;GPC1;LMNA;MGAT1;MGAT2;GPC4;EPS15;GPC6;PAK2;BCAP31;DYNC1H1;RANBP1;NPM1;PTGES3;IGKV1-5;RPA1;ERBIN;RPA2;MYO9B;AP2B1;PPP1CA;FKBP1A;TJP1;SPCS3;ITCH;KITLG;SPCS2;RPA3;CTNNB1;GALNT12;MPI;PEBP1;COMT;KIF5B;CAPN2;BANF1;CAPN1;SH3GL1;CAST;PDGFRB;PDGFRA;ADAM10;ATP1B3;ATP1B1;TUFM;DPM1;ADAM17;HGS;TBL1XR1;ELMO1;CHMP4B;GEMIN5;CHMP4A;MASP2;MASP1;UBE2V1;CARS1;PPIB;PPIA;STAM2;VCL;GNAZ;DDX5;PSMD12;VCP;TSG101;PSMD11;PSMD14;PSMD13;SEL1L;ACACA;NCKIPSD;FUT8;IGLV6-57;MAN2A1;ATP6V1H;SMAD2;HSPA8;TGFB1;IDH1;VTA1;CBX1;MSN;ISG15;IGLV7-43;MAVS;GNB2;GNB1;GNAS;GNB4;CHMP2A;STT3A;TAB1;FGFR4;GCLM;MUC20;FGFR3;FGFR2;IGKV3-20;GALK1;FGFR1;YWHAE;GSK3B;B4GALT1;PRKCSH;YWHAB;SLC2A1;CHD4;HMGB1;OPLAH;IGLV4-60;LMNB1;HK1;RPS4X;HEPH;YWHAQ;IGKV2-29;DBT;IGLV4-3;MYO18A;IGLC3;LRRFIP1;ABCD1;YWHAG;HIBCH;YWHAH;FGB;FGA;DCXR;FGG;PPP2R5A;RPS3A;IRAK4;POMGNT1;YWHAZ;DCN;EEF1G;IGLV4-69;FGR;IGLV5-37;MYH2;SFPQ;VCAN;MYH9;CHMP3;MAN1B1;CHMP6;DOCK2;CHMP5;CAMK2B;CAMK2D;TUBAL3;DCTN1;CAMK2A;IGLV3-1;SLC3A2;RRBP1;PRELP;ATP1A1;CBL;THBS2;THBS1;ACAN;MUC1;GNG2;GNG5;IGLV5-45;MAPK1;NUP43;CAMK2G;IGLC7;LUM;EGF;B3GAT3;IGKV5-2;GALNT1;MAPK14;SOD2;RPIA;GLB1;CD9;KRAS;SUGT1;RAN,Disease
Axon Guidance,6.146752e-14,2.680326,96.56584,RPL5;RPL30;RPL3;RPL31;RPL34;EIF4A3;PITPNA;RPL8;RPL7;PSMD8;RPS14;RPS6KA3;PSMD6;RPS17;ALCAM;PSMD7;RPL18A;RPS19;RPS18;DPYSL2;PSMD2;PSMD3;DAG1;PSMD1;RPL35;RPL38;PRKACA;RPS11;PRKACB;RPS10;RPL23;RPL22;PRKCA;UNC5C;ANK1;MYL6;CSNK2B;RPL24;PRKCQ;RPL27;RPL29;EZR;PFN1;TLN1;MYL9;RPL28;PIK3R1;GSPT2;KALRN;GSPT1;RRAS;PRKAR2A;ST8SIA4;PIP5K1C;SPTBN1;LYN;VASP;RDX;L1CAM;PTK2;RPS28;RPS27;RPL27A;GRB2;RPS20;RPS21;RPS24;RPS23;NRP1;NRP2;SH3KBP1;ARPC1B;NCAN;RPLP1;ARPC1A;CLTC;RPLP0;CLTB;CLTA;AP2A1;VLDLR;AP2A2;PPP3CB;CHL1;RPLP2;ELOB;ELOC;RAC1;SPTAN1;GIT1;UPF2;CAP1;LYPLA2;RHOA;PSMA5;PSMA6;PSMA3;COL2A1;PSMA4;PSMA1;PSMA2;PABPC1;ARHGEF7;RPL12;RPL11;CXCR4;PSMA7;PSMB6;PSMB7;PSMB4;PAK1;PSMB5;RPS15A;RELN;PSMB2;PSMB3;GPC1;PSMB1;AP2S1;RPS3;RPL13;RPL15;RPS2;RPL17;PAK2;RPL19;MYO9B;AP2B1;TUBB4B;TUBB4A;COL3A1;PSMC5;PSMC6;PSMC3;PSMC4;PSMC1;PSMC2;AGRN;ITGA2B;IRS2;TUBB6;CFL1;TUBB1;NRCAM;AP2M1;MAP2K1;MAP2K2;RPS8;RPS5;SEMA6D;RPS6;ADAM10;RPSA;TUBA4B;TUBA4A;DOK1;DOK2;SEMA7A;PSMD12;PSMD11;PSMD14;RBM8A;SHC1;PSMD13;CUL2;SPTA1;EFNB1;SDCBP;MYH14;SRGAP2;MYH10;PLXNA4;HSPA8;PRNP;MSN;ARPC4;ARPC5;DLG1;PTPRC;ARPC2;COL5A1;ARPC3;PTPRA;FES;COL5A2;PLXNB3;PLXNB1;EIF4G1;TUBA8;FGFR1;ITGB1;GSK3B;HSP90AB1;ITGB3;PIK3CB;LAMC1;RPS4X;RPL7A;NCK2;ITGAV;NEO1;NCK1;ACTR3;ACTR2;HSP90AA1;TRPC6;ARHGEF12;ITGA2;ITGA1;RPS3A;SPTB;MMP9;DNM1;DNM2;DNM3;COL6A2;RASA1;COL6A1;NUMB;COL6A3;MYH9;ETF1;EVL;COL6A6;ITGA5;ITGA9;ROCK1;TUBAL3;ROCK2;SRC;LAMA1;CDC42;ABLIM1;ABLIM3;MAPK1;FYN;NCAM1;PDLIM7;CLASP2;ADRM1;RPL35A;PTPN11;RPL23A;LAMB1;NELL2;KRAS,Axon Guidance
Nervous System Development,8.136494e-14,2.632732,93.76126,RPL5;RPL30;RPL3;RPL31;RPL34;EIF4A3;PITPNA;RPL8;RPL7;PSMD8;RPS14;RPS6KA3;PSMD6;RPS17;ALCAM;PSMD7;RPL18A;RPS19;RPS18;DPYSL2;PSMD2;PSMD3;DAG1;PSMD1;RPL35;RPL38;PRKACA;RPS11;PRKACB;RPS10;RPL23;RPL22;PRKCA;UNC5C;ANK1;MYL6;CSNK2B;RPL24;PRKCQ;RPL27;RPL29;EZR;PFN1;TLN1;MYL9;RPL28;PIK3R1;GSPT2;KALRN;GSPT1;RRAS;PRKAR2A;ST8SIA4;PIP5K1C;SPTBN1;LYN;VASP;RDX;L1CAM;PTK2;RPS28;RPS27;RPL27A;GRB2;RPS20;RPS21;RPS24;RPS23;NRP1;NRP2;SH3KBP1;ARPC1B;NCAN;RPLP1;ARPC1A;CLTC;RPLP0;CLTB;CLTA;AP2A1;VLDLR;AP2A2;PPP3CB;CHL1;RPLP2;ELOB;ELOC;RAC1;SPTAN1;GIT1;UPF2;CAP1;LYPLA2;RHOA;PSMA5;PSMA6;PSMA3;COL2A1;PSMA4;PSMA1;PSMA2;PABPC1;ARHGEF7;RPL12;RPL11;CXCR4;PSMA7;PSMB6;PSMB7;PSMB4;PAK1;PSMB5;RPS15A;RELN;PSMB2;PSMB3;GPC1;PSMB1;AP2S1;RPS3;RPL13;RPL15;RPS2;RPL17;PAK2;RPL19;MYO9B;AP2B1;TUBB4B;TUBB4A;COL3A1;PSMC5;PSMC6;PSMC3;PSMC4;PSMC1;PSMC2;AGRN;ITGA2B;IRS2;TUBB6;CFL1;TUBB1;NRCAM;AP2M1;MAP2K1;MAP2K2;RPS8;RPS5;SEMA6D;RPS6;ADAM10;RPSA;TUBA4B;TUBA4A;DOK1;DOK2;UTRN;SEMA7A;PSMD12;PSMD11;PSMD14;RBM8A;SHC1;PSMD13;CUL2;SPTA1;EFNB1;SDCBP;ADGRG6;MYH14;MBP;SRGAP2;MYH10;PLXNA4;HSPA8;PRNP;MSN;ARPC4;ARPC5;DLG1;PTPRC;ARPC2;COL5A1;ARPC3;PTPRA;FES;COL5A2;PLXNB3;PLXNB1;EIF4G1;TUBA8;FGFR1;ITGB1;GSK3B;HSP90AB1;ITGB3;PIK3CB;LAMC1;RPS4X;RPL7A;NCK2;ITGAV;NEO1;NCK1;ACTR3;ACTR2;HSP90AA1;TRPC6;ARHGEF12;ITGA2;ITGA1;RPS3A;SPTB;MMP9;DNM1;DNM2;DNM3;COL6A2;RASA1;COL6A1;NUMB;COL6A3;MYH9;ETF1;EVL;COL6A6;ITGA5;ITGA9;ROCK1;LAMA2;TUBAL3;ROCK2;SRC;LAMA1;CDC42;ABLIM1;ABLIM3;MAPK1;FYN;NCAM1;PDLIM7;CLASP2;ADRM1;RPL35A;PTPN11;RPL23A;LAMB1;NELL2;KRAS,Nervous System Development
Hemostasis,8.473518e-13,2.188218,72.54537,APP;SPARC;SERPINE2;IGHV3-23;SERPINE1;F11R;IGLV8-61;IGLV2-8;ISLR;IGKV1-16;IGKV1-17;PPP2R1A;BSG;AKT1;IGHV3-7;PRKACA;PRKACB;PRKCB;ACTN2;IGHV3-33;ACTN1;PRKCD;PRKCA;ACTN4;MIF;GTPBP2;SYTL4;FCAMR;PRKAR1A;CD109;IGKV4-1;SERPING1;PRKCQ;TAGLN2;NHLRC2;PFN1;TLN1;IGLV10-54;SDC4;STXBP3;TEX264;STXBP2;ENDOD1;PDGFB;PDGFA;CD99L2;PIK3R1;GLG1;PIK3R6;CYB5R1;ADAMTS13;PRKAR2B;PRKAR2A;MICAL1;PLCG2;IGHA1;APOB;IGHA2;S100A10;VTI1B;LYN;CARMIL1;APOOL;FN1;RAB27B;IGF1;PPBP;GP6;L1CAM;GNG12;GP5;GNG11;PTK2;MANF;COL1A1;EHD1;EHD2;GP9;EHD3;COL1A2;CALU;SDC1;GRB2;MAGED2;FERMT3;IGHM;ECM1;OLA1;IGHV1-46;CTSW;SERPINA5;JCHAIN;TMSB4X;C1QBP;IGLV7-46;KIF13B;RAC2;TIMP3;QSOX1;TIMP1;CD36;RAC1;JAK2;PF4V1;CAP1;FCER1G;ANXA2;SYK;GP1BB;ANXA5;RHOG;GP1BA;F2;RHOA;VAV1;F5;SERPINB6;F7;SLC7A5;F8;F9;IGLV3-16;KIF2A;CEACAM5;IGLV3-12;CD48;CD47;GAS6;IGLV3-19;MGLL;CD44;TOR4A;CD63;SELPLG;GNAI3;GNAI1;GNAI2;IGLV3-25;PPP2CB;IGKC;EPCAM;IGLV3-21;IGLV3-22;GPC1;FLNA;MFN2;SPP2;STX4;CD58;LY6G6F;JAM3;CD74;F10;SERPIND1;IGKV1-5;VEGFC;LHFPL2;TUBB4B;TUBB4A;SLC8A3;CAPZA1;CAPZA2;PCYOX1L;PF4;F2RL3;DGKG;CD84;DGKA;PROS1;ITGA2B;MPL;F13A1;CLU;DOCK10;DOCK11;TUBB6;KIF5B;CFL1;TUBB1;FAM3C;SLC16A3;APLP2;F2R;IRAG1;ATP1B3;ATP1B1;TUBA4B;TUBA4A;DOK2;TMX3;STIM1;SELENOP;PRTN3;SCG3;PPIA;VCL;SHC1;ITPR1;AK3;ITPR2;KLC1;RASGRP2;KNG1;IGLV2-11;IGLV1-40;RAP1A;IGLV1-47;IGLV6-57;IGLV2-14;TBXA2R;PSAP;IGLV2-18;CD99;TGFB2;TGFB1;HSPA5;IGKV1D-16;IGLV7-43;CYRIB;SELP;IGLV1-51;SCCPDH;PROC;SELL;GNAQ;GNB2;IGLV2-23;GNB1;GNAS;GNB4;ESAM;RAB5A;LAT;IGKV3-20;TUBA8;ITGB1;LGALS3BP;DOCK5;ITGAM;WDR1;ITGB3;DOCK8;IGHV1-2;IGHV4-34;ITGB2;DOCK7;PLEK;ATP2A3;ATP2A2;ARRB1;PIK3CB;ITGAL;PIK3CG;IGLV4-60;SPN;THBD;CAPZB;IGKV2-29;IGLV4-3;IGLC3;PHACTR2;ITGAV;CLEC1B;PRKG1;FGB;SRGN;ABCC4;FGA;TRPC6;ITGA4;VWF;ITGA2;ITGA1;FGG;IGKV3D-20;APOA1;PLA2G4A;PPP2R5A;YWHAZ;FGR;IGLV4-69;IGLV5-37;MMRN1;LCK;PECAM1;ITGA6;LCP2;PDE5A;ITGA5;DAGLB;DOCK2;CRK;IGHV2-70;ITIH3;IGHV2-5;TUBAL3;SRC;IGLV3-1;SLC3A2;SRI;TFPI;LRP8;THBS1;TTN;CDC42;GNA13;GNG2;GNG5;IGLV5-45;MAPK1;CSK;FYN;PTPN1;ANGPT1;IGLC7;EGF;PCDH7;IGKV5-2;PTPN11;ATP2B1;MAPK14;SOD1;P2RX1;CD9;PTPN6;KRAS;VPS45,Hemostasis
"Platelet Activation, Signaling and Aggregation",8.084858e-12,3.11137,95.80446,DGKG;APP;SPARC;DGKA;PROS1;SERPINE1;ITGA2B;MPL;F13A1;CLU;ISLR;CFL1;AKT1;FAM3C;ACTN2;PRKCB;ACTN1;APLP2;PRKCD;F2R;PRKCA;ACTN4;GTPBP2;SYTL4;TUBA4A;TMX3;CD109;SELENOP;SERPING1;PRKCQ;TAGLN2;SCG3;NHLRC2;PFN1;TLN1;PPIA;VCL;STXBP3;TEX264;SHC1;STXBP2;ENDOD1;PDGFB;ITPR1;PDGFA;ITPR2;PIK3R1;RASGRP2;PIK3R6;KNG1;CYB5R1;RAP1A;TBXA2R;PSAP;PLCG2;VTI1B;LYN;TGFB2;TGFB1;APOOL;HSPA5;FN1;RAB27B;IGF1;PPBP;GNG12;GP6;CYRIB;GNG11;GP5;PTK2;MANF;COL1A1;SELP;GP9;COL1A2;SCCPDH;GNAQ;GNB2;GNB1;CALU;GNB4;GRB2;MAGED2;LAT;FERMT3;LGALS3BP;ECM1;WDR1;ITGB3;PLEK;OLA1;CTSW;ARRB1;PIK3CB;PIK3CG;TMSB4X;RAC2;TIMP3;PHACTR2;QSOX1;CD36;RAC1;TIMP1;CLEC1B;CAP1;FGB;SRGN;ABCC4;FGA;FCER1G;TRPC6;SYK;VWF;GP1BB;ANXA5;FGG;RHOG;APOA1;PLA2G4A;GP1BA;F2;YWHAZ;RHOA;VAV1;F5;F8;MMRN1;LCK;PECAM1;LCP2;GAS6;DAGLB;CRK;MGLL;TOR4A;CD63;ITIH3;SRC;GNAI3;THBS1;GNAI1;GNAI2;TTN;CDC42;GNA13;GNG2;GNG5;FLNA;SPP2;MAPK1;STX4;CSK;FYN;LY6G6F;PTPN1;EGF;PCDH7;VEGFC;PTPN11;LHFPL2;MAPK14;SOD1;PCYOX1L;CD9;PTPN6;F2RL3;PF4,"Platelet Activation, Signaling and Aggregation"
Immune System,2.57588e-11,1.60284,47.34412,CYFIP2;NCKAP1;CYFIP1;WIPF1;GMFG;IGHV3-23;C4BPA;C4BPB;SLA2;PSMD8;PSMD6;TBK1;PSMD7;IGKV1-16;IGKV1-17;AKT2;PSMD2;PSMD3;AP1S2;AKT1;AP1S1;PSMD1;IGHV3-7;PRKACA;PRSS3;PRKACB;PRSS2;NUP214;NHLRC3;PRKCB;IGHV3-33;PRKCD;MCEMP1;SCAMP1;UNC13D;DYNC1LI1;MTAP;DYNC1LI2;BIN2;TXNIP;PSME2;SERPING1;PRKCQ;RBCK1;OPTN;NLRX1;SAR1B;IQGAP1;IQGAP2;GNS;PPP3R1;CYB5R3;PRDX4;C9;PLCG2;S100A12;NCKAP1L;ATG7;HMOX2;ELANE;S100A11;ATG5;LYN;GSDMD;JUP;FN1;EIF2AK2;LNPEP;AZU1;PA2G4;PRDX6;TREML1;COL1A1;COL1A2;TCN1;HNRNPF;TOLLIP;TREML2;HLA-DRB3;GPI;PYGB;PIGR;ARPC1B;HEXB;ARPC1A;RPLP0;CLTC;CLTA;IGHV1-46;PYGL;PANX1;EEA1;IKBKB;MRC2;MMP25;TRIM4;TIMP2;ELOB;ELOC;TIMP1;IKBKG;JAK2;JAK3;JAK1;HLA-DPA1;IKBIP;SERPINB1;DUSP3;ANXA2;GSTO1;ARG1;PGAM1;F2;SERPINB6;PSMA5;VAMP8;PSMA6;FCER2;PSMA3;COL2A1;PSMA4;VAMP7;IGLV3-16;PSMA1;PSMA2;TCP1;IGLV3-12;PLEKHO2;PAFAH1B2;IGLV3-19;HLA-DQB1;VAMP3;RNASEL;ASAH1;PSMA7;PSMB6;PSMB7;IGLV3-25;PSMB4;PSMB5;PSMB2;PSMB3;IGLV3-21;IGLV3-22;PSMB1;AP2S1;FLNA;STX4;FLNB;STAT1;AGL;STAT3;TUBB4B;TUBB4A;PSMB8;ERP44;COL3A1;PSMC5;PSMC6;FABP5;PSMC3;ABI2;PSMC4;PSMC1;PSMC2;ABI1;HLA-DPB1;LAMTOR2;LAMTOR1;SIGLEC7;LAMTOR3;FRK;GHDC;CSF1;ATP8A1;PROS1;F13A1;IRS2;APEH;EPX;CLU;NPEPPS;STK10;TUBB6;LAMP1;CDH1;GRAP2;CFL1;TUBB1;TOM1;KPNA4;MAP3K7;KPNA3;GYG1;AP2M1;KPNA1;KCMF1;MAP2K3;MAP2K4;MAP2K1;IST1;AIP;TAP2;TAP1;ILF2;TUBA4B;TUBA4A;ACLY;ILF3;RAB31;MAPKAPK3;STIM1;RAB37;MAPKAPK2;FSCN1;IL6ST;S100A9;SQSTM1;ARL8A;KPNB1;S100A8;FTL;IFNAR1;S100A7;CSF1R;RAB5B;RAB5C;CUL5;SHC1;CUL3;CUL2;UBR4;CUL1;ITPR1;LY96;ITPR2;UBR1;KLC1;HSP90B1;IGLV2-11;VTN;RAP1A;TKFC;IGLV1-40;HNRNPDL;IGLV1-47;IGLV2-14;PSAP;IGLV2-18;RAB6A;TXNDC5;AP1M1;RAB4B;TRAPPC1;ARPC4;ARPC5;IGKV1D-16;EEF2;C6ORF120;NFKB1;NFKB2;PTPRB;IGLV1-51;PTPRC;ARPC2;ARPC3;IGLV2-23;CDK1;TPP2;PIN1;HPSE;NIT2;EIF4G3;LAT;EIF4G2;BCL2L1;EIF4G1;TUBA8;ITGB1;ITGAM;HSP90AB1;ITGB5;ITGB2;SNAP23;IGHV4-34;IGHV1-2;PTEN;BRK1;PIK3CB;PTPN23;ITGAL;FCAR;ALAD;CAPZB;AP1G1;PGM2;ITGAV;LBP;SNAP29;PGM1;PRKG1;MBL2;NCK1;ACTR3;DSP;ACTR2;HSP90AA1;ITGA4;CHUK;IGKV3D-20;MUC5AC;DDOST;DNAJC3;PPM1B;PKM;LCK;TRAF6;TMBIM1;PECAM1;DSG1;LCP2;PIK3C3;EVL;SNRPA1;LCP1;SEC22B;CRK;CRP;IGHV2-70;SEC23A;CANT1;IGHV2-5;C1S;ROCK1;C1R;SRC;ITLN1;CDC42;ZNRF2;TTR;PTPRZ1;HECTD3;CCL5;FYN;CSK;POLR2H;WASF1;EIF4E;RILP;WASF2;WASF3;PTPN1;PTPN18;ERAP1;ADRM1;PTPN11;PTPN12;BAIAP2;CPPED1;MTOR;RAB10;TSPAN14;PFKL;MYO1C;FCGR2A;RAB14;VAPA;P2RX1;RAB18;STUB1;PTPN6;CD247;P4HB;SEC24D;SEC24C;NECTIN2;IFITM3;EIF4A2;EIF4A1;APP;IFITM2;AHCYL1;PITPNA;EIF4A3;ICAM2;ICAM3;IFI35;IFI30;IGLV8-61;CRKL;IL27RA;UBE2L3;C4B;IGLV2-8;C4A;LGALS3;RPS6KA3;BPIFA1;PNP;PPP2R1A;FTH1;CPNE1;FBXO4;TRIM25;CPNE3;ATP6V1E1;FBXO7;TRIM21;SKP1;ARSA;ATP6V1G1;MUCL1;IL1R1;AP1B1;HLA-B;TALDO1;HLA-C;HLA-A;MIF;HLA-E;CSNK2B;BTK;IGKV4-1;CD226;CD101;IGLV10-54;TMEM63A;STXBP2;EBI3;MGST1;PIK3R1;PPL;UBE2J1;NEU1;PCBP2;ATP6V0A2;MLEC;CD14;APOB;ATP6V1C1;ATP6V0A1;SEC31A;STAT5A;VASP;VAT1;CTSA;STAT5B;XRCC6;XRCC5;TNFSF13;SURF4;PRG2;MYO5A;NBEAL2;PPBP;PRG3;PTK2;UBAC1;DERA;BST2;BPIFB1;SDC1;GRB2;CYSTM1;CALR;IGHM;SLC44A2;SH3KBP1;CTSZ;GDI2;AP2A1;PTPRJ;MAGT1;C8A;AP2A2;CTSS;PPP3CA;ACTR1A;PPP3CB;ACTR1B;C8G;IGLV7-46;RAC2;ARIH2;MUC13;CTSH;CTSG;QSOX1;RAC1;SEC61B;CD36;CTSF;SPTAN1;CD34;CTSD;CTSC;CTSB;CAP1;CD53;TOMM70;CCT2;SEC13;FCER1G;DBNL;SYK;GAA;TUBB;IL18;RHOG;IL16;ANO6;RHOF;VAV1;RHOA;APRT;LAT2;HCK;RAP2B;KIF2A;CANX;ALDOC;CD47;CD46;ATP6V0C;CD44;RAB7A;DNASE1L1;DYNC1I2;CSTB;CD63;CAB39;IFI6;WAS;RELA;CPN2;CPN1;PPP2CB;PAK1;PGRMC1;IGKC;CD59;CCT8;CD58;PAK2;CD55;BCAP31;DYNC1H1;CD74;NPM1;GCA;PTGES2;IGKV1-5;HUWE1;MYO9B;AP2B1;LILRB2;SVIP;LILRB5;FKBP1A;ITCH;CD40LG;CFHR4;CAPZA1;QPCT;HNRNPA2B1;CAPZA2;SAA1;CFHR5;CTNNB1;ACTR10;SIPA1;FCN1;FCN3;UBE3C;CD81;INPPL1;UBE3A;SRP14;UBE2Z;MPO;KIF5B;COTL1;CAPN1;OSTF1;ACAA1;PDIA3;CD96;CD93;ADAM10;IRAG2;UBE4A;CYBB;ADAM17;DOK3;CD8A;UBE2V2;ELMO1;PPIE;PRTN3;MASP2;MASP1;UBE2V1;PPIA;VCL;ATP6V1A;PSMD12;VCP;PSMD11;UBA7;PSMD14;UBA6;PSMD13;UBA5;COPB1;DAPP1;PLD4;RASGRP2;PLD3;CNN2;NCKIPSD;SDCBP;DPP7;IGLV6-57;ATP6V1H;ATP6V1D;CD99;ATP6V1F;HSPA9;RAP1GAP2;HSPA8;UBE2H;VCAM1;TGFB1;HSPA5;IDH1;CRTAM;MSN;ISG15;DNAJC13;IGLV7-43;EIF2S2;EIF2S1;IGF2R;DIAPH1;MAVS;EIF2S3;SELL;UBA3;UBE2O;UBA1;BLMH;MAN2B1;TAB1;IL7R;MUC20;UBE2K;IGKV3-20;UBE2M;NFKBIB;DDX3X;B4GALT1;TNFAIP6;PRKCSH;YWHAB;SLC2A3;YBX1;HMGB1;IGLV4-60;LMNB1;GHR;UFL1;SEC61A1;HEBP2;ADGRE5;UBE2Q1;IGKV2-29;CASP3;NAPRT;IGLV4-3;IGLC3;MADCAM1;LRRFIP1;FGB;FGA;DCD;ATP6AP2;MMP3;FGG;PPP2R5A;IRAK4;MMP9;YWHAZ;DNM1;CKAP4;TAPBP;DNM2;IGLV4-69;DNM3;FGR;IGLV5-37;MYH2;OAS3;CAT;ATP6V1B2;MYH9;DOCK2;IRF9;COLEC12;DCTN6;CAMK2B;COLEC11;DCTN5;LAMA5;USP14;RALA;COLEC10;CAMK2D;DCTN2;TUBAL3;DCTN1;DCTN4;MVP;DCTN3;CAMK2A;IGLV3-1;CBL;IL1RL1;MUC1;CAND1;IGLV5-45;PTK2B;MAPK1;STOM;NUP43;NCAM1;CAMK2G;SNCA;CHGA;TMEM30A;IGLC7;IGKV5-2;CMTM6;PDAP1;MAPK14;SOD2;SOD1;TEC;GLB1;KRAS;PTX3;S100P;SUGT1;VIM;ABCE1;GLA,Immune System
Viral Infection Pathways,1.504292e-10,1.956026,54.08221,RPL5;RPL30;RPL3;RPL31;RPL34;IGHV3-23;SERPINE1;RPL8;RPL7;PSMD8;IGLV2-8;RPS14;PSMD6;RPS17;PSMD7;TBK1;SNRPD2;TRIM28;IGKV1-16;RPL18A;RPS19;IGKV1-17;RPS18;AKT2;PSMD2;PSMD3;AP1S2;AKT1;PSMD1;TRIM25;AP1S1;RPL35;RPL38;IGHV3-7;RPS11;VPS36;RPS10;VPS39;SKP1;NUP214;VPS18;ST6GAL1;IL1R1;IGHV3-33;RPL23;RPL22;AP1B1;HLA-B;HLA-C;HLA-A;HSPG2;HLA-E;DYNC1LI1;DYNC1LI2;MAP1B;CSNK2B;BTK;IGKV4-1;RPL24;RPL27;RPL29;RPL28;VPS25;VPS28;SDC4;RPN2;SAR1B;RPN1;LARP1;PCBP2;PLCG2;VPS11;SFN;CD14;ST3GAL1;VPS16;XRCC6;XRCC5;EIF2AK2;SNF8;NMI;BST2;PARP10;RPS28;HNRNPK;RPS27;RPL27A;NMT1;SDC1;GRB2;RPS20;CALR;RPS21;RPS24;RPS23;IGHM;NRP1;SH3KBP1;RPLP1;RPLP0;CLTC;CLTA;IGHV1-46;AP2A1;MAGT1;AP2A2;IKBKB;XPO1;TRIM4;RPLP2;ELOB;IKBKG;RAC1;ELOC;JAK2;JAK3;JAK1;TOMM70;SEC13;SYK;PARP1;PRMT1;TUBB;ANO6;VAV1;PSMA5;PSMA6;HCK;PSMA3;PSMA4;PSMA1;PSMA2;PACS1;CANX;IGLV3-19;DYNC1I2;RPL12;RPL11;CXCR4;PSMA7;RELA;PSMB6;PSMB7;IGLV3-25;PSMB4;PSMB5;RPS15A;PSMB2;IGKC;PSMB3;IGLV3-21;GPC1;MGAT5;PSMB1;AP2S1;RPS3;ANO10;RPL13;MGAT1;GPC4;MGAT2;RPL15;RPS2;GPC6;PAK2;RPL17;RPL19;BCAP31;DYNC1H1;RANBP1;NPM1;CRBN;STAT1;PTGES3;IGKV1-5;AP2B1;TUBB4B;TUBB4A;PPP1CA;FKBP1A;TJP1;SPCS3;PSMC5;ITCH;SPCS2;PSMC6;PSMC3;PSMC4;PSMC1;PSMC2;AGRN;COMT;IPO5;PPP1CB;PPP1CC;TUBB6;FNTA;FNTB;TUBB1;KPNA4;BANF1;KPNA3;MAP3K7;AP2M1;KPNA1;RPS8;VPS33A;RPS5;VPS33B;RPS6;RPSA;ATP1B3;ATP1B1;TUBA4B;TUBA4A;TUFM;TBL1XR1;NCL;ELMO1;GEMIN5;CHMP4B;MASP2;SNRPE;CHMP4A;MASP1;UBE2V1;SNRPF;PPIB;FKBP4;PPIA;KPNB1;IFNAR1;DDX5;PSMD12;VCP;RAB5B;PSMD11;TSG101;RAB5C;PSMD14;CUL5;PSMD13;CUL3;LY96;IGLV2-11;FUT8;TKFC;IGLV1-40;IGLV6-57;IGLV1-47;IGLV2-14;MAN2A1;G3BP1;G3BP2;ATP6V1H;AP1M1;HSPA8;TGFB1;VTA1;CBX1;ISG15;IGKV1D-16;IGLV7-43;NFKB1;MAVS;IGLV1-51;IGLV2-23;STT3A;CHMP2A;TAB1;RAB5A;IGKV3-20;BCL2L1;TUBA8;ITGB1;YWHAE;GSK3B;HSP90AB1;PRKCSH;YWHAB;IGHV1-2;IGHV4-34;CHD4;RPS4X;RPL7A;YWHAQ;IGKV2-29;AP1G1;IGLC3;YWHAG;MBL2;NCK1;YWHAH;HSP90AA1;PDCD6IP;ITGA4;CHUK;IGKV3D-20;VPS37A;RPS3A;VPS37B;RANGAP1;YWHAZ;DDOST;DNAJC3;DAD1;LCK;TRAF6;CHMP3;PIK3C3;MAN1B1;SLC25A5;CHMP6;DOCK2;SLC25A6;CHMP5;IGHV2-70;SEC23A;IGHV2-5;ROCK1;TUBAL3;ROCK2;VPS4B;VPS4A;FURIN;IGLV3-1;ATP1A1;GANAB;RBBP4;FYN;NUP43;POLR2H;SEC11A;DUT;IGLC7;GALNT1;IGKV5-2;ADRM1;RPL35A;RPL23A;PTPN11;MGAT4B;VPS41;PTPN6;CD247;VPS45;SEC24D;SEC24C;RAN,Viral Infection Pathways
Membrane Trafficking,1.504292e-10,2.039954,56.3147,ITSN2;APP;TFRC;FNBP1L;GOLGA2;RABGEF1;RINL;TFG;AKT2;FTH1;AP1S2;AKT1;AP1S1;VPS36;AGFG1;TBC1D10B;GABARAPL2;PRKAB2;FNBP1;AP1B1;COG2;GAPVD1;PRKAB1;ANK1;DYNC1LI1;DYNC1LI2;BIN1;ZW10;PREB;VPS25;OPTN;VPS28;STXBP3;SAR1B;COPS7B;COPS7A;GNS;BLOC1S4;TGOLN2;SCFD1;SNX2;BLOC1S1;BLOC1S3;MYO6;SFN;SNX9;PIP5K1C;APOB;SNX5;SPTBN1;SEC31A;SNAPIN;SURF4;MYO5A;LNPEP;RAB27B;SNF8;STAM;GOLGB1;GRB2;ARF4;C2CD5;GDI1;SH3KBP1;ARPC1A;CLTC;CTSZ;GDI2;CLTB;PRKAG1;CHM;CLTA;MIA2;AP2A1;MIA3;STON2;CLINT1;AP2A2;ACTR1A;KIF13B;TMED2;AP3S1;RAC1;LDLRAP1;TMED7;SPTAN1;CTSC;RAB8A;RAB8B;DENND2C;SEC13;TMED9;EXOC8;EXOC7;COPZ2;AP3B1;EPS15L1;COPZ1;F5;RAB33B;VAMP8;GAK;F8;VAMP7;CTTN;KIF2A;EXOC4;EXOC3;PLIN3;PAFAH1B3;ARF5;EXOC2;PAFAH1B2;ARF6;EXOC1;PAFAH1B1;VAMP3;RAB7A;NAPA;DYNC1I2;NBAS;RABGAP1;GPS1;USO1;NAPG;GGA1;LMAN1;GGA3;LMAN2;AP2S1;STX6;STX5;STX4;CD59;LDLR;YKT6;EPS15;CD55;DYNC1H1;SORT1;GBF1;AP2B1;TUBB4B;TUBB4A;RAB11A;ARCN1;RAB11B;TJP1;SNX18;SEC23IP;CAPZA1;CAPZA2;TRIP10;RAB3GAP2;COPG2;COPG1;ACTR10;RAB3GAP1;GOLIM4;TUBB6;KIF5B;TUBB1;TRAPPC11;AP2M1;SH3GL1;NSF;TRAPPC2L;TUBA4B;TUBA4A;RAB32;RAB30;RAB31;HGS;MADD;RAB35;CHMP4B;RAB38;CHMP4A;STAM2;FTL;COPB2;RAB5B;COPA;RAB5C;TMED10;TSG101;COPB1;ARL1;KLC1;SPTA1;MAN2A2;MAN2A1;PACSIN2;TBC1D13;RAB6A;TBC1D17;RAB6B;TBC1D15;AP1M1;TXNDC5;ANKRD28;TRAPPC3;HSPA8;RAB4A;TOR1A;TRAPPC1;DENND4A;SEC16A;TRAPPC4;VTA1;TRAPPC5;DENND4C;HPS4;M6PR;ASPSCR1;ARPC4;TRAPPC8;ARPC5;TRAPPC9;IGF2R;COPS4;COPS3;COPS6;DAB2;COPS5;ARPC2;ARPC3;COPS2;CPD;AAK1;CHMP2A;COPS8;ACBD3;IL7R;RAB5A;COPE;TUBA8;PICALM;YWHAE;YWHAB;SNAP23;ARRB1;USE1;BICD2;PPP6C;CAPZB;YWHAQ;AP1G1;PPP6R1;PPP6R3;SNAP29;YWHAG;YWHAH;ACTR3;ACTR2;PLA2G4A;VPS37A;VPS37B;SPTB;YWHAZ;ARFGAP1;BET1L;DNM1;EPN1;ARFGAP2;DNM2;DNM3;RABEP1;TRAPPC6B;CHMP3;MYH9;SEC22B;CHMP6;CHMP5;DCTN6;RAB1A;DCTN5;SEC23A;RALA;DCTN2;TUBAL3;SRC;DCTN1;RAB1B;VPS4B;DCTN4;GOSR2;VPS4A;DCTN3;DENND3;CBL;RAB21;CYTH2;VPS51;VPS53;UBQLN1;REPS2;UBQLN2;REPS1;EGF;GALNT2;GALNT1;RAB10;NECAP2;MYO1C;RAB14;RAB12;RAB13;RAB18;VPS45;SEC24D;SEC24C;BET1,Membrane Trafficking
Fc Epsilon Receptor (FCERI) Signaling,4.040304e-10,3.704969,98.11126,AHCYL1;IGHV3-23;IGLV8-61;IGLV2-8;PSMD8;PSMD6;PSMD7;IGKV1-16;IGKV1-17;PSMD2;GRAP2;PSMD3;PSMD1;IGHV3-7;MAP3K7;SKP1;MAP2K4;IGHV3-33;BTK;IGKV4-1;PRKCQ;UBE2V1;IGLV10-54;PSMD12;PSMD11;PSMD14;PSMD13;SHC1;CUL1;ITPR1;ITPR2;PIK3R1;RASGRP2;IGLV2-11;PPP3R1;IGLV1-40;IGLV1-47;IGLV6-57;IGLV2-14;PLCG2;IGLV2-18;LYN;IGKV1D-16;IGLV7-43;NFKB1;IGLV1-51;IGLV2-23;GRB2;TAB1;IGKV3-20;LAT;IGHV1-2;IGHV4-34;IGHV1-46;PIK3CB;IGLV4-60;IKBKB;PPP3CA;PPP3CB;IGKV2-29;IGLV7-46;IGLV4-3;IGLC3;IKBKG;RAC1;FCER1G;SYK;CHUK;IGKV3D-20;VAV1;LAT2;PSMA5;IGLV4-69;PSMA6;IGLV5-37;PSMA3;IGLV3-16;PSMA4;PSMA1;PSMA2;TRAF6;IGLV3-12;LCP2;IGLV3-19;IGHV2-70;IGHV2-5;IGLV3-1;PSMA7;RELA;PSMB6;IGLV3-25;PSMB7;PAK1;PSMB4;PSMB5;IGKC;PSMB2;IGLV5-45;IGLV3-21;PSMB3;IGLV3-22;PSMB1;MAPK1;FYN;PAK2;IGLC7;IGKV5-2;IGKV1-5;ADRM1;PSMC5;PSMC6;TEC;PSMC3;PSMC4;PSMC1;PSMC2;KRAS,Fc Epsilon Receptor (FCERI) Signaling
Neutrophil Degranulation,4.040304e-10,2.115768,56.01448,CYFIP1;GMFG;LGALS3;PSMD6;PSMD7;PNP;PSMD2;FTH1;PSMD3;CPNE1;PSMD1;CPNE3;PRSS3;PRSS2;ARSA;NHLRC3;PRKCD;HLA-B;HLA-C;MCEMP1;MIF;SCAMP1;UNC13D;DYNC1LI1;BIN2;CSNK2B;TMEM63A;MGST1;IQGAP1;IQGAP2;GNS;CYB5R3;PRDX4;NEU1;S100A12;MLEC;NCKAP1L;CD14;ATG7;ELANE;HMOX2;S100A11;ATP6V0A1;GSDMD;CTSA;VAT1;XRCC6;JUP;XRCC5;SURF4;PRG2;NBEAL2;AZU1;PA2G4;PPBP;PRG3;PRDX6;DERA;BST2;TCN1;TOLLIP;CYSTM1;GPI;PIGR;PYGB;SLC44A2;HEXB;CTSZ;GDI2;PTPRJ;PYGL;MAGT1;AP2A2;CTSS;MMP25;ACTR1B;TIMP2;CTSH;CTSG;QSOX1;CD36;RAC1;CTSD;SPTAN1;CTSC;CTSB;CAP1;CD53;CCT2;SERPINB1;DBNL;FCER1G;ANXA2;ARG1;PGAM1;GAA;TUBB;RHOG;ANO6;RHOF;RHOA;SERPINB6;APRT;PSMA5;VAMP8;RAP2B;PSMA2;ALDOC;PLEKHO2;CD47;ATP6V0C;PAFAH1B2;CD44;DNASE1L1;RAB7A;CD63;CSTB;ASAH1;CAB39;PSMB7;PGRMC1;PSMB1;CD59;CCT8;CD58;CD55;DYNC1H1;GCA;PTGES2;AGL;HUWE1;LILRB2;TUBB4B;SVIP;ERP44;FABP5;PSMC3;QPCT;PSMC2;LAMTOR2;LAMTOR1;LAMTOR3;ACTR10;FRK;FCN1;GHDC;ATP8A1;APEH;EPX;SRP14;MPO;STK10;LAMP1;TOM1;COTL1;CAPN1;OSTF1;ACAA1;GYG1;KCMF1;CD93;IST1;ADAM10;CYBB;IRAG2;ILF2;ACLY;RAB31;DOK3;RAB37;PPIE;PRTN3;S100A9;PPIA;ARL8A;KPNB1;S100A8;VCL;FTL;S100A7;RAB5B;PSMD12;VCP;RAB5C;PSMD11;PSMD14;PSMD13;COPB1;UBR4;CNN2;SDCBP;RAP1A;DPP7;PSAP;RAB6A;ATP6V1D;AP1M1;TXNDC5;HSPA8;RAB4B;TRAPPC1;IDH1;DNAJC13;ARPC5;EEF2;C6ORF120;NFKB1;IGF2R;DIAPH1;PTPRB;PTPRC;SELL;MAN2B1;HPSE;NIT2;HSP90AB1;ITGAM;B4GALT1;DDX3X;TNFAIP6;ITGB2;SNAP23;SLC2A3;HMGB1;ITGAL;FCAR;ALAD;HEBP2;ADGRE5;NAPRT;PGM2;ITGAV;SNAP29;PGM1;DSP;ACTR2;HSP90AA1;ATP6AP2;MMP9;DDOST;CKAP4;DNAJC3;FGR;PKM;TMBIM1;CAT;PECAM1;DSG1;DOCK2;CANT1;ROCK1;MVP;TTR;CAND1;MAPK1;STOM;TMEM30A;CMTM6;PDAP1;MAPK14;CPPED1;RAB10;PFKL;TSPAN14;FCGR2A;RAB14;VAPA;GLB1;P2RX1;RAB18;PTPN6;PTX3;S100P;GLA,Neutrophil Degranulation
ER-Phagosome Pathway,4.454394e-10,10.92197,287.386,SNAP23;HMGB1;IKBKB;PSMD8;SEC61A1;PSMD6;PSMD7;PSMD2;PSMD3;PSMD1;CD36;IKBKG;SEC61B;FGB;PDIA3;FGA;CHUK;FGG;HLA-B;TAP2;HLA-C;TAP1;HLA-A;HLA-E;TAPBP;PSMA5;VAMP8;PSMA6;PSMA3;PSMA4;PSMA1;PSMA2;BTK;SEC22B;S100A9;S100A8;VAMP3;PSMD12;PSMD11;PSMD14;PSMD13;LY96;PSMA7;PSMB6;PSMB7;PSMB4;PSMB5;PSMB2;PSMB3;PSMB1;STX4;CD14;ADRM1;PSMC5;PSMC6;PSMC3;PSMC4;PSMC1;PSMC2;CALR,ER-Phagosome Pathway
Signaling by Rho GTPases,7.391628e-10,2.100368,54.07518,CYFIP2;ITSN2;CYFIP1;NCKAP1;TFRC;WIPF1;FNBP1L;MYLK;GOLGA3;OPHN1;PPP2R1A;WDR91;ANKFY1;TMPO;FNBP1;PRKCB;ACTN1;PRKCD;PRKCA;SCRIB;SRRM1;BCR;DYNC1LI1;DYNC1LI2;MYL6;DAAM1;CDC37;ZW10;BTK;PFN1;MYL9;SHMT2;TWF1;IQGAP1;PIK3R1;IQGAP2;KALRN;SCFD1;MYO6;NCKAP1L;SFN;HMOX2;SPTBN1;JAG1;JUP;MCAM;RCC2;STAM;PTK2;CCT6A;RPS27;GRB2;HNRNPC;FERMT2;CDC42SE2;ARPC1B;ARPC1A;CLTC;ARHGAP1;ARHGAP6;ARHGAP4;AKAP12;HINT2;XPO1;SH3PXD2A;C1QBP;RAC2;MUC13;RAC1;EMD;SPTAN1;GIT1;CCT2;NUDC;SEC13;RHOG;RHOF;GMIP;RHOA;VAV1;CTTN;KIF2A;ARHGEF1;ARHGEF2;ARHGEF7;MAPRE1;DBN1;PAFAH1B1;VAMP3;ARHGEF6;RAB7A;DYNC1I2;GPS1;WAS;FGD3;FGD4;LMAN1;PPP2CB;PAK1;PGRMC2;SAMM50;CTNNA1;EMC3;FLNA;STX5;CKB;CCT7;YKT6;PAK2;BCAP31;FARP1;DYNC1H1;GIT2;USP9X;NDE1;ERBIN;MYO9B;TUBB4B;TUBB4A;DEF6;MPP7;KTN1;WDR11;LETM1;TMEM59;ABI2;TAOK3;TAOK1;ABI1;TRIP10;CTNNB1;GOPC;LAMTOR1;PKN1;ESYT1;TJP2;STEAP3;PPP1CB;DOCK10;PPP1CC;STK10;DOCK11;TUBB6;SLK;CDH1;BASP1;ARHGDIA;KIF5B;CFL1;TUBB1;ARHGDIB;RALBP1;TPM4;TPM3;TMOD3;CYBB;FAM91A1;TUBA4B;TUBA4A;ARMCX3;ALDH3A2;CLIP1;HGS;S100A9;STAM2;S100A8;VCP;CUL3;ARHGAP18;ARHGAP17;SLC1A5;KLC1;TOR1AIP1;NCKIPSD;STIP1;DDRGK1;STK38;MYH14;SRGAP2;MYH10;CPSF7;ARPC4;ARPC5;ARHGAP25;COPS4;NSFL1C;DIAPH1;ARPC2;ARPC3;COPS2;CPD;PIN1;PLXNB1;TUBA8;PICALM;ITGB1;YWHAE;DOCK5;HSP90AB1;YWHAB;DOCK8;SNAP23;DOCK7;BRK1;LMNB1;CAPZB;YWHAQ;DBT;EFHD2;NCK2;FLOT1;FLOT2;LBR;YWHAG;NCK1;YWHAH;ACTR3;DSP;ACTR2;HSP90AA1;PPP1R12A;ARHGEF12;ATP6AP1;PPP2R5A;ARAP1;RANGAP1;CKAP5;YWHAZ;CKAP4;ARFGAP2;ARHGAP10;LCK;NDUFS3;DSG1;MYH9;DSG2;EVL;PIK3C3;PDE5A;DOCK2;ROCK1;TUBAL3;ROCK2;SRC;ADD3;UACA;CDC42;GNA13;MAPK1;PTK2B;STOM;CSK;NUP43;BUB3;WASF1;WASF2;WASF3;CLASP2;PPP1R14A;NDUFA5;PCDH7;TXNL1;CDC42BPB;BAIAP2;HSPE1;MAPK14;FMNL1;VAPB;VIM;RBMX,Signaling by Rho GTPases
"Signaling by Rho GTPases, Miro GTPases and RHOBTB3",9.753551e-10,2.070709,52.61907,CYFIP2;ITSN2;CYFIP1;NCKAP1;TFRC;WIPF1;FNBP1L;MYLK;GOLGA3;OPHN1;PPP2R1A;WDR91;ANKFY1;TMPO;FNBP1;PRKCB;ACTN1;PRKCD;PRKCA;SCRIB;SRRM1;BCR;DYNC1LI1;DYNC1LI2;MYL6;DAAM1;CDC37;ZW10;BTK;PFN1;MYL9;SHMT2;TWF1;IQGAP1;PIK3R1;IQGAP2;KALRN;RHOT2;SCFD1;RHOT1;MYO6;NCKAP1L;SFN;HMOX2;SPTBN1;JAG1;JUP;MCAM;RCC2;STAM;PTK2;CCT6A;RPS27;GRB2;HNRNPC;FERMT2;CDC42SE2;ARPC1B;ARPC1A;CLTC;ARHGAP1;ARHGAP6;ARHGAP4;AKAP12;HINT2;XPO1;SH3PXD2A;C1QBP;RAC2;MUC13;RAC1;EMD;SPTAN1;GIT1;CCT2;NUDC;SEC13;RHOG;RHOF;GMIP;RHOA;VAV1;CTTN;KIF2A;PLIN3;ARHGEF1;ARHGEF2;ARHGEF7;MAPRE1;DBN1;PAFAH1B1;VAMP3;ARHGEF6;RAB7A;DYNC1I2;GPS1;WAS;FGD3;FGD4;LMAN1;PPP2CB;PAK1;PGRMC2;SAMM50;CTNNA1;EMC3;FLNA;MFN2;STX5;CKB;CCT7;YKT6;PAK2;BCAP31;FARP1;DYNC1H1;GIT2;USP9X;NDE1;ERBIN;MYO9B;TUBB4B;TUBB4A;DEF6;MPP7;KTN1;WDR11;LETM1;TMEM59;ABI2;TAOK3;TAOK1;ABI1;TRIP10;CTNNB1;GOPC;LAMTOR1;PKN1;ESYT1;TJP2;STEAP3;PPP1CB;DOCK10;PPP1CC;STK10;DOCK11;TUBB6;SLK;CDH1;BASP1;ARHGDIA;KIF5B;CFL1;TUBB1;ARHGDIB;RALBP1;TPM4;TPM3;TMOD3;CYBB;FAM91A1;TUBA4B;TUBA4A;ARMCX3;ALDH3A2;CLIP1;HGS;S100A9;STAM2;S100A8;VCP;CUL3;ARHGAP18;ARHGAP17;SLC1A5;KLC1;TOR1AIP1;NCKIPSD;STIP1;DDRGK1;STK38;MYH14;SRGAP2;MYH10;CPSF7;ARPC4;ARPC5;ARHGAP25;COPS4;NSFL1C;DIAPH1;ARPC2;ARPC3;COPS2;CPD;PIN1;PLXNB1;TUBA8;PICALM;ITGB1;YWHAE;DOCK5;HSP90AB1;YWHAB;DOCK8;SNAP23;DOCK7;BRK1;LMNB1;CAPZB;YWHAQ;DBT;EFHD2;NCK2;FLOT1;FLOT2;LBR;YWHAG;NCK1;YWHAH;ACTR3;DSP;ACTR2;HSP90AA1;PPP1R12A;ARHGEF12;ATP6AP1;PPP2R5A;ARAP1;RANGAP1;CKAP5;YWHAZ;CKAP4;ARFGAP2;ARHGAP10;LCK;NDUFS3;DSG1;MYH9;DSG2;EVL;PIK3C3;PDE5A;DOCK2;ROCK1;TUBAL3;ROCK2;SRC;RAP1GDS1;ADD3;UACA;CDC42;GNA13;MAPK1;PTK2B;STOM;CSK;NUP43;BUB3;WASF1;WASF2;WASF3;CLASP2;PPP1R14A;NDUFA5;PCDH7;TXNL1;CDC42BPB;BAIAP2;HSPE1;MAPK14;FMNL1;VAPB;VIM;RBMX,"Signaling by Rho GTPases, Miro GTPases and RHOBTB3"
Antigen processing-Cross Presentation,1.594917e-09,7.51471,186.8555,ITGB5;SNAP23;HMGB1;CTSS;IKBKB;MRC2;PSMD8;SEC61A1;PSMD6;PSMD7;PSMD2;PSMD3;PSMD1;ITGAV;CD36;IKBKG;SEC61B;FGB;PDIA3;FGA;CHUK;FGG;HLA-B;TAP2;CYBB;HLA-C;TAP1;HLA-A;HLA-E;TAPBP;PSMA5;VAMP8;PSMA6;PSMA3;PSMA4;PSMA1;PSMA2;BTK;SEC22B;S100A9;S100A8;VAMP3;PSMD12;PSMD11;PSMD14;PSMD13;LY96;PSMA7;PSMB6;PSMB7;PSMB4;PSMB5;PSMB2;PSMB3;PSMB1;STX4;CD14;ADRM1;LNPEP;PSMC5;PSMC6;PSMC3;PSMC4;PSMC1;PSMC2;CALR,Antigen processing-Cross Presentation
Degradation of GLI1 by the Proteasome,4.563025e-09,inf,inf,PSMD12;PSMD11;PSMD14;PSMD13;CUL1;PSMA7;PSMB6;PSMD8;PSMB7;PSMB4;PSMD6;PSMB5;PSMD7;PSMB2;PSMB3;PSMD2;PSMB1;PSMD3;PSMD1;PRKACA;PRKACB;SKP1;ADRM1;PSMA5;PSMA6;ITCH;PSMA3;PSMC5;PSMA4;PSMC6;PSMA1;PSMC3;PSMA2;PSMC4;PSMC1;PSMC2;NUMB,Degradation of GLI1 by the Proteasome
Developmental Biology,7.001079e-09,1.836978,42.67934,EIF4A2;EIF4A1;RPL5;RPL30;RPL3;RPL31;RPL34;EIF4A3;PITPNA;HNRNPU;RPL8;RPL7;PSMD8;RPS14;RPS6KA3;PSMD6;RPS17;PSMD7;ALCAM;CAPNS1;RPL18A;RPS19;RPS18;AKT2;DPYSL2;PSMD2;PSMD3;DAG1;AKT1;PSMD1;RPL35;RPL38;PRKACA;ATP6V1E1;PTGDS;RPS11;PRKACB;RPS10;ATP6V1G1;SMARCC2;RPL23;RPL22;UNC5C;PRKCA;ANK1;MYL6;LARS1;CSNK2B;RPL24;PRKCQ;RPL27;RPL29;EZR;PFN1;TLN1;MYL9;RPL28;PIK3R1;PCDH19;GSPT2;KALRN;PPL;GSPT1;RRAS;PRKAR2A;ST8SIA4;PIP5K1C;ATP6V1C1;SPTBN1;ATP6V0A1;LYN;VASP;JAG1;JUP;RDX;MYO5A;L1CAM;PTK2;AIMP1;AIMP2;RPS28;RPS27;EPRS1;RPL27A;GRB2;RPS20;RPS21;RPS24;RPS23;NRP1;NRP2;SH3KBP1;NCAN;RPLP1;ARPC1B;RPLP0;ARPC1A;CLTC;CLTB;CLTA;AP2A1;VLDLR;PCSK6;AP2A2;LFNG;CASP14;PPP3CB;HINT1;XPO1;QARS1;CHL1;RPLP2;TNKS1BP1;ELOB;CD36;RAC1;ELOC;SPTAN1;GIT1;UPF2;CAP1;LYPLA2;ACTL6A;RHOA;PSMA5;PSMA6;PSMA3;PSMA4;COL2A1;PSMA1;PSMA2;KIT;PABPC1;ANGPTL4;PLIN1;ARHGEF7;ATP6V0C;IVL;ASAH1;KARS1;RPL12;RPL11;CXCR4;PSMA7;RELA;PSMB6;PSMB7;PSMB4;PAK1;PSMB5;RELN;RPS15A;PSMB2;PSMB3;GPC1;PSMB1;AP2S1;RPS3;CTNNA1;RPL13;RPL15;RPS2;PAK2;RPL17;PAIP1;RPL19;STAT3;MYO9B;AP2B1;TUBB4B;TUBB4A;COL3A1;PSMC5;KITLG;PSMC6;KRT18;PSMC3;PSMC4;PSMC1;PSMC2;CTNNB1;AGRN;ITGA2B;IRS2;TGM1;TUBB6;CDH2;CDH1;CFL1;TUBB1;NRCAM;CAPN1;AP2M1;MAP2K1;MAP2K2;RARS1;RPS8;RPS5;SEMA6D;RPS6;ADAM10;RPSA;NPNT;TUBA4B;TUBA4A;DOK1;DOK2;TBL1XR1;UTRN;DSC2;ATP6V1A;PMEL;PSMD12;SEMA7A;PSMD11;NOTCH1;PSMD14;RBM8A;SHC1;PSMD13;CUL2;GMPR;LPL;SPTA1;EFNB1;SDCBP;ADGRG6;ATP6V1H;MYH14;MBP;SRGAP2;ATP6V1D;MYH10;PLXNA4;ATP6V1F;SMAD2;PRNP;HSPA8;TGFB1;MSN;ARPC4;ARPC5;BMP7;NFKB1;DRAP1;DIAPH1;DLG1;PTPRC;ARPC2;COL5A1;ARPC3;PTPRA;CNOT11;CNOT1;FES;COL5A2;PLXNB3;PLXNB1;EIF4G1;TUBA8;FGFR1;ITGB1;GSK3B;HSP90AB1;ITGB3;CHD4;PIK3CB;LAMC1;RPS4X;RPL7A;NCK2;ITGAV;NEO1;DIS3L2;NCK1;ACTR3;DSP;ACTR2;HSP90AA1;ARHGEF12;TRPC6;ITGA2;ITGA1;ATP6AP2;MARS1;RPS3A;SPTB;MMP9;DARS1;DNM1;DNM2;DNM3;THRAP3;COL6A2;RASA1;COL6A1;ATP6V1B2;NUMB;DSG1;COL6A3;MYH9;DSG2;ETF1;EVL;COL6A6;ITGA5;CDH15;ITGA9;ROCK1;LAMA2;TUBAL3;ROCK2;SRC;LAMA1;FURIN;CDC42;ABLIM1;ABLIM3;RBBP4;BNIP2;MAPK1;FYN;NCAM1;IARS1;POLR2H;EIF4E;EIF4B;PDLIM7;CLASP2;SMARCE1;SPAG9;EGF;ADRM1;RPL35A;RPL23A;LAMB1;PTPN11;MAPK14;NELL2;LEP;KRAS,Developmental Biology
FCERI Mediated NF-kB Activation,7.001079e-09,4.158716,96.59283,IGHV3-23;IGHV1-2;IGHV4-34;IGHV1-46;IGLV8-61;IGLV4-60;IGLV2-8;PSMD8;IKBKB;PSMD6;PSMD7;IGKV1-16;IGKV2-29;IGKV1-17;PSMD2;IGLV7-46;PSMD3;IGLV4-3;IGLC3;PSMD1;IKBKG;IGHV3-7;MAP3K7;SKP1;FCER1G;CHUK;IGHV3-33;IGKV3D-20;IGLV4-69;PSMA5;IGLV5-37;PSMA6;PSMA3;IGLV3-16;PSMA4;PSMA1;PSMA2;TRAF6;IGLV3-12;IGKV4-1;PRKCQ;UBE2V1;IGLV3-19;IGLV10-54;IGHV2-70;PSMD12;PSMD11;IGHV2-5;PSMD14;PSMD13;CUL1;IGLV3-1;RASGRP2;PSMA7;RELA;IGLV2-11;PSMB6;IGLV3-25;PSMB7;PSMB4;IGLV1-40;PSMB5;IGLV1-47;IGLV6-57;IGKC;IGLV5-45;PSMB2;IGLV2-14;IGLV3-21;PSMB3;IGLV3-22;PSMB1;IGLV2-18;LYN;IGLC7;IGKV5-2;ADRM1;IGKV1-5;IGKV1D-16;IGLV7-43;NFKB1;PSMC5;IGLV1-51;PSMC6;PSMC3;PSMC4;PSMC1;IGLV2-23;PSMC2;TAB1;IGKV3-20,FCERI Mediated NF-kB Activation
Negative Regulation of NOTCH4 Signaling,7.001079e-09,inf,inf,PSMD12;PSMD11;PSMD14;PSMD13;CUL1;PSMA7;PSMB6;PSMD8;PSMB7;PSMB4;PSMD6;PSMB5;PSMD7;PSMB2;PSMB3;PSMD2;PSMB1;PSMD3;AKT1;PSMD1;SKP1;ADRM1;YWHAZ;PSMA5;PSMA6;PSMA3;PSMC5;PSMA4;PSMC6;PSMA1;PSMC3;PSMA2;PSMC4;PSMC1;PSMC2;TACC3,Negative Regulation of NOTCH4 Signaling
Signaling by the B Cell Receptor (BCR),7.001079e-09,3.857759,89.09942,AHCYL1;IGHV3-23;IGLV2-8;PSMD8;PSMD6;PSMD7;IGKV1-16;IGKV1-17;PSMD2;PSMD3;PSMD1;IGHV3-7;MAP3K7;SKP1;PRKCB;IGHV3-33;STIM1;BTK;IGKV4-1;PPIA;PSMD12;PSMD11;PSMD14;PSMD13;CUL1;ITPR1;DAPP1;ITPR2;PIK3R1;IGLV2-11;PPP3R1;IGLV1-40;IGLV1-47;IGLV6-57;IGLV2-14;PLCG2;LYN;IGKV1D-16;IGLV7-43;NFKB1;IGLV1-51;IGLV2-23;GRB2;IGKV3-20;NFKBIB;IGHM;SH3KBP1;IGHV1-2;IGHV4-34;IGHV1-46;IKBKB;PPP3CA;PPP3CB;IGKV2-29;IGLC3;IKBKG;NCK1;CHUK;SYK;IGKV3D-20;VAV1;PSMA5;PSMA6;PSMA3;PSMA4;PSMA1;PSMA2;IGLV3-19;IGHV2-70;IGHV2-5;IGLV3-1;PSMA7;RELA;PSMB6;IGLV3-25;PSMB7;PSMB4;PSMB5;IGKC;PSMB2;IGLV3-21;PSMB3;PSMB1;FYN;IGLC7;IGKV5-2;ADRM1;IGKV1-5;FKBP1A;PSMC5;PSMC6;PSMC3;PSMC4;PSMC1;PSMC2;KRAS;PTPN6,Signaling by the B Cell Receptor (BCR)
PCP CE Pathway,7.001079e-09,14.52166,335.1382,PSMD12;PSMD11;PSMD14;PSMD13;CLTC;CLTB;CLTA;AP2A1;AP2A2;PSMA7;PSMD8;PSMB6;PSMB7;PSMD6;PSMB4;PSMD7;PSMB5;PSMB2;PSMB3;PSMD2;PSMD3;PSMB1;RAC2;AP2S1;PSMD1;RAC1;AP2M1;PRKCB;ADRM1;PRKCA;SCRIB;AP2B1;RHOA;PSMA5;PSMA6;PSMA3;PSMC5;PSMA4;PSMC6;DAAM1;PSMA1;PSMC3;PSMA2;PSMC4;PSMC1;PSMC2;ROR1;PFN1,PCP CE Pathway
Response to Elevated Platelet Cytosolic Ca2+,7.001079e-09,3.774243,87.08081,APP;SPARC;PROS1;ITGA2B;SERPINE1;F13A1;CLU;ISLR;CFL1;FAM3C;ACTN2;PRKCB;ACTN1;APLP2;PRKCA;ACTN4;GTPBP2;SYTL4;TUBA4A;TMX3;CD109;SELENOP;SERPING1;SCG3;TAGLN2;NHLRC2;PFN1;TLN1;PPIA;VCL;STXBP3;TEX264;STXBP2;ENDOD1;PDGFB;PDGFA;KNG1;CYB5R1;PSAP;VTI1B;TGFB2;TGFB1;APOOL;HSPA5;FN1;RAB27B;IGF1;PPBP;CYRIB;MANF;SELP;SCCPDH;CALU;MAGED2;FERMT3;LGALS3BP;ECM1;WDR1;ITGB3;PLEK;OLA1;CTSW;TMSB4X;PHACTR2;TIMP3;QSOX1;CD36;TIMP1;CAP1;FGB;SRGN;ABCC4;FGA;VWF;ANXA5;FGG;APOA1;F5;F8;MMRN1;PECAM1;GAS6;TOR4A;CD63;ITIH3;THBS1;TTN;FLNA;SPP2;STX4;LY6G6F;EGF;PCDH7;VEGFC;LHFPL2;SOD1;PCYOX1L;CD9;PF4,Response to Elevated Platelet Cytosolic Ca2+
ECM Proteoglycans,7.832017e-09,9.81282,224.9343,ITGB1;APP;PTPRS;SPARC;ITGB5;ITGB3;NCAN;ITGA2B;SERPINE1;TNC;LAMC1;HAPLN1;COMP;IBSP;TNN;DAG1;TNR;ITGAV;ITGA2;BGN;HSPG2;ASPN;DCN;BCAN;VCAN;COL2A1;COL6A2;COL6A1;COL6A3;ITGA7;COL6A6;ITGA9;LAMA5;TNXB;LAMA2;LAMA1;LAMA4;LAMA3;ACAN;VTN;NCAM1;TGFB2;TGFB1;LAMB2;LUM;FN1;LAMB1;COL1A1;COL3A1;COL1A2;COL5A1;COL5A2;AGRN;FMOD,ECM Proteoglycans
Oxygen-dependent Proline Hydroxylation of Hypoxia-inducible Factor Alpha,1.183114e-08,inf,inf,PSMD12;PSMD11;PSMD14;PSMD13;CUL2;LIMD1;PSMA7;PSMD8;PSMB6;PSMB7;PSMD6;PSMB4;PSMD7;PSMB5;PSMB2;PSMB3;PSMD2;PSMD3;PSMB1;PSMD1;ELOB;ELOC;ADRM1;PSMA5;PSMA6;PSMA3;PSMC5;PSMA4;PSMC6;PSMA1;PSMC3;PSMA2;PSMC4;PSMC1;PSMC2,Oxygen-dependent Proline Hydroxylation of Hypoxia-inducible Factor Alpha
Metabolism of Proteins,1.484568e-08,1.491935,33.13819,RPL5;RPL30;RPL3;WIPF1;RPL31;RPL34;DCAF8;SMC3;RPL8;DCAF7;DCAF6;RPL7;PSMD8;PSMD9;PCMT1;PSMD6;PSMD7;TFG;PSMD4;PSMD5;PSMD2;PSMD3;PSMD1;RPL35;RPL38;PRKACA;CHGB;DDX17;NUP214;RPL23;RPL22;HSPG2;CLPX;HCFC1;DYNC1LI1;DYNC1LI2;LARS1;CLPP;PSME1;PSME2;SPARCL1;RPL24;MT-CO2;RPL27;UQCRC2;RPL29;TARS1;RPL28;GPLD1;RPN2;SAR1B;SHMT2;MRPL18;MRPL19;RPN1;COPS7B;COPS7A;MRPL12;MRPL11;ADAMTS13;RHOT1;RAD21;CHST10;SSR1;ST3GAL6;PSMF1;ST3GAL1;PMM2;FN1;GP2;EIF2AK2;CP;CS;GLUD1;HNRNPK;EIF5;NPLOC4;B4GAT1;HRC;OGDH;HNRNPC;FARSA;FARSB;ACHE;ARF4;WDR48;RPLP1;SERPINA10;RPLP0;CHM;PRSS23;ASGR2;TRIM4;ADAMTSL4;ADAMTSL3;ADAMTSL2;RPLP2;ELOB;ELOC;TIMP1;IKBKG;EXOC8;SSR4;EXOC7;ACTL6A;FN3KRP;COPZ2;F2;COPZ1;SRP9;SUMF2;F5;DDB1;PSMA5;F7;PSMA6;F8;PSMA3;F9;PSMA4;BDH1;PSMA1;PSMA2;TCP1;EXOC4;EXOC3;GAS6;DLD;EXOC2;ARF5;EXOC1;APCS;FH;KARS1;GPS1;RPL12;USO1;RPL11;DLST;FSTL1;PSMA7;FSTL3;PSMB6;GGA1;PSMB7;LMAN1;PSMB4;RPS15A;GGA3;PSMB5;PSMB2;PSMB3;LMAN2;PSMB1;SPP1;RPS3;SPP2;STX5;RPL13;RPL15;RPS2;APOL1;YKT6;RPL17;RPL19;F10;SERPIND1;GOLM1;MDH2;USP9X;STAT3;TUBB4B;TUBB4A;PSMB8;ARCN1;PSMB9;KTN1;PSMC5;PSMC6;PSMC3;PSMC4;PSMC1;PSMC2;NUCB1;NOTUM;RAB3C;CSF1;PROS1;TNC;PARK7;APEH;TUBB6;CDH2;RUVBL1;TUBB1;PMPCA;MAP3K7;RAB2A;IGFBP1;USP7;RARS1;USP5;IGFBP5;USP4;IGFBP4;RPS8;IGFBP3;RPS5;RPS6;RPSA;TUBA4B;TUBA4A;TPST2;RAB32;TPST1;RAB30;RAB31;RAB37;RAB34;RAB35;FKBP8;RAB38;FKBP9;STAMBP;SQSTM1;RAB5B;RAB5C;CUL5;FECH;CUL3;CUL2;CUL1;ARL2;KNG1;HSP90B1;ACAT1;ATXN3;NAE1;IGFBP6;RAB6A;RAB6B;MPDU1;EIF2B5;ANKRD28;FN3K;EIF2B4;TRAPPC3;EIF2B3;RAB4A;EIF2B2;RAB4B;TRAPPC1;SEC16A;TRAPPC4;TMEM132A;TRAPPC5;GFPT1;TRAPPC9;EEF2;NFKB2;COPS4;COPS3;COPS6;COPS5;UQCRQ;COPS2;CDK1;CPE;ACO2;CCDC22;COPS8;RAB5A;EIF4G1;TUBA8;COX4I1;PTEN;ARRB1;ETFB;ADAMTS5;NADK2;PPP6C;RPL7A;CAPZB;OPA1;PPP6R1;ADAMTS1;PPP6R3;SUMO2;PGM3;ME2;ADAMTS8;EIF2B1;PAAF1;IDH3A;EIF5A;EIF5B;VBP1;APOA2;APOA1;RAD23A;RTN4RL2;RABGGTB;SMC1A;RANGAP1;RABGGTA;SPTB;APOA5;RAD23B;ARFGAP1;MUC5AC;DDOST;BET1L;ARFGAP2;DNAJC3;SARS1;ASPH;DAD1;TRAF6;PCCB;ETF1;TOP1;SEC22B;SLC25A5;SLC25A6;RAB1A;SEC23A;ITIH2;RAB1B;FURIN;PDHB;TSPAN33;THSD1;HSD17B10;RAB21;AP3M1;GANAB;TTR;U2AF2;EIF4H;IARS2;IARS1;DCAF11;EIF4E;SEC11A;UGGT1;EIF4B;NOP56;NOP58;NDUFA2;ADRM1;RPL35A;RPL23A;SORL1;RAB10;TSPAN15;EIF3M;TSPAN14;NAGK;EIF3K;RAB14;EIF3L;EIF3I;LEP;RAB12;EIF3J;RAB13;MGAT4B;EIF3G;DRG1;RAB18;EIF3H;DRG2;EIF3E;EIF3F;P4HB;SEC24D;EIF3D;SEC24C;EIF3A;EIF3B;BET1;EIF4A2;EIF4A1;SPON2;APP;SPON1;ECI1;UBE2L3;NFU1;GOLGA2;C4A;RPS14;RPS17;LGALS1;TRIM28;RPL18A;RPS19;RPS18;FBXO4;DAG1;LONP1;TRIM25;RPS11;FBXO7;RPS10;PDK1;SKP1;ARSA;ST6GAL1;ST6GAL2;MUCL1;ALG5;ECH1;COG2;HLA-B;YOD1;ALG1;HLA-A;ANK1;AFG3L2;PPA2;CD109;CSNK2B;VDAC3;SUCLG2;TFAM;VDAC2;PREB;VDAC1;TTLL12;CES1;AARS1;KLK1;UMOD;BRCC3;GSPT2;GSPT1;ART4;SNX3;TGOLN2;SCFD1;STC2;NEU1;ST8SIA4;MLEC;ST8SIA5;APOE;APOB;SPTBN1;SEC31A;CTSA;HARS1;MYO5A;RAB27B;IGF1;STAM;GNG12;ACADSB;GNG11;AIMP1;CCT6A;AIMP2;MSRA;RPS28;RPS27;EPRS1;VNN2;RPL27A;GOLGB1;CALU;PAF1;RPS20;CALR;ALDH18A1;RPS21;RPS24;ITM2B;RPS23;TOP2B;PCSK1;GFM1;UBXN1;CTSZ;MIA2;PCSK9;MIA3;MAGT1;IDE;MT-ATP6;BABAM1;ACTR1A;QARS1;MUC13;TMED2;CTSH;CTSG;QSOX1;SEC61B;DLAT;NANS;TMED7;SPTAN1;CTSD;RAB8A;CTSC;RAB8B;ACAD8;CCT3;TOMM70;SFTPB;CCT2;TMED9;SEC13;MRPS27;PARP1;PRMT3;UCHL3;RENBP;RHOA;UCHL5;RAB33B;B3GNT8;B3GNT7;CEACAM5;CANX;VWA1;B3GNT2;FAM20C;MICU2;PABPC1;FAM20A;MFGE8;RAB7A;NAPA;DYNC1I2;PCNA;MRPS36;NPL;COX5B;COX5A;NAPG;RELA;ATP5F1A;ATP5F1B;OS9;MGAT5;MGAT3;MGAT1;CD59;MGAT2;CCT8;CCT7;CCT5;CD55;CCT4;DYNC1H1;ATP5PF;NPM1;ATP5PD;GBF1;LSAMP;RPA1;ATP5F1C;PEX14;RAB11A;RAB11B;SPCS3;GARS1;SEC23IP;SPCS2;CAPZA1;NDUFAB1;CAPZA2;ATP5PO;SAA1;CTNNB1;COPG2;COPG1;ACTR10;GALNT12;SRP19;NDUFA13;GALNT15;MPI;SRP14;UBE2Z;YARS1;MANEA;GALNT10;EEF1B2;DMBT1;NARS1;KIF5B;HADH;RGS6;NSF;PDIA3;TRAPPC2L;APLP2;ADAM10;PDIA6;TUFM;DPM1;HGS;EEF1A2;UBE2V2;SCG3;CARS1;CARS2;SCG2;STAM2;PSMD10;COPB2;DDX5;COPA;PSMD12;VCP;PSMD11;TMED10;PSMD14;UBA6;PSMD13;COPB1;SEL1L;PROZ;LTBP1;DPP3;SPTA1;DPP4;VCPIP1;FUT8;MAN2A2;MAN2A1;ATP5MG;NDUFV1;VARS1;HSPA9;SMAD2;HSPA8;UBE2H;PDHA1;TGFB1;IDH2;TBCD;TBCB;INHBA;TBCA;EIF2S2;EIF2S1;INHBC;INHBE;MAVS;EIF2S3;PROC;GNAQ;GNB2;GNB1;TBCE;GNB4;UBA3;STT3A;SRPRA;ALPL;UBA2;SRPRB;UBA1;TAB1;TGFBI;SAE1;MUC20;UBE2K;COPE;FBN1;UBE2M;B4GALT1;PRKCSH;LAMC1;HK1;RPS4X;GMPPB;SEC61A1;DBT;GMPPA;GFUS;FGA;USP47;ATP6AP2;FGG;MARS1;DARS2;RPS3A;POMGNT1;DARS1;CKAP4;GIP;EEF1G;RCN1;VCAN;VGF;EEF1D;TRAPPC6B;ADGRF5;NDUFS3;PFDN1;PFDN2;MVD;NDUFS1;MAN1B1;PFDN4;PFDN5;PFDN6;OTUB1;PAPPA2;DCTN6;DCTN5;USP14;DCTN2;TUBAL3;DCTN1;USP10;DCTN4;GOSR2;DCTN3;MAT2B;THBS2;THBS1;PSMB10;HSPD1;MUC1;CAND1;GNG2;GNG5;GMDS;OXCT1;NUP43;SNCA;GALNT7;RWDD1;USP24;ARFGEF2;GALNT5;GALNT2;LAMB2;GALNT1;LAMB1;WARS1;GLB1;SSBP1,Metabolism of Proteins
GSK3B and BTRC CUL1-mediated-degradation of NFE2L2,1.971954e-08,inf,inf,GSK3B;PSMD12;PSMD11;PSMD14;PSMD13;CUL1;PSMA7;PSMB6;PSMD8;PSMB7;PSMB4;PSMD6;PSMB5;PSMD7;PSMB2;PSMB3;PSMD2;PSMB1;PSMD3;PSMD1;SKP1;ADRM1;PSMA5;PSMA6;PSMA3;PSMC5;PSMA4;PSMC6;PSMA1;PSMC3;PSMA2;PSMC4;PSMC1;PSMC2,GSK3B and BTRC CUL1-mediated-degradation of NFE2L2
Somitogenesis,1.971954e-08,inf,inf,PSMD12;NOTCH1;PSMD11;PSMD14;PSMD13;PSMA7;LFNG;PSMB6;PSMD8;PSMB7;PSMB4;PSMD6;PSMB5;PSMD7;PSMB2;PSMB3;PSMD2;PSMB1;PSMD3;PSMD1;ADRM1;PSMA5;PSMA6;PSMA3;PSMC5;PSMA4;PSMC6;PSMA1;PSMC3;PSMA2;PSMC4;PSMC1;PSMC2;CTNNB1,Somitogenesis
Vif-mediated Degradation of APOBEC3G,1.971954e-08,inf,inf,PSMD12;PSMD11;CUL5;PSMD14;PSMD13;PSMA7;PSMB6;PSMD8;PSMB7;PSMB4;PSMD6;PSMB5;PSMD7;PSMB2;PSMB3;PSMD2;PSMB1;PSMD3;PSMD1;ELOB;ELOC;ADRM1;PSMA5;PSMA6;PSMA3;PSMC5;PSMA4;PSMC6;PSMA1;PSMC3;PSMA2;PSMC4;PSMC1;PSMC2,Vif-mediated Degradation of APOBEC3G
Signaling by ROBO Receptors,2.25993e-08,3.06396,66.37188,RPL5;RPL30;RPL3;RPL31;RPL34;EIF4A3;RPL8;RPL7;PSMD8;RPS14;PSMD6;RPS17;PSMD7;RPL18A;RPS19;RPS18;PSMD2;PSMD3;DAG1;PSMD1;RPL35;RPL38;PRKACA;RPS11;PRKACB;RPS10;RPS8;RPL23;RPS5;RPL22;RPS6;PRKCA;RPSA;RPL24;RPL27;PFN1;RPL29;RPL28;PSMD12;PSMD11;PSMD14;RBM8A;PSMD13;CUL2;GSPT2;GSPT1;PRKAR2A;SRGAP2;VASP;RPS28;RPS27;RPL27A;RPS20;RPS21;RPS24;RPS23;EIF4G1;NRP1;RPLP1;RPLP0;RPS4X;RPL7A;PPP3CB;NCK2;RPLP2;ELOB;ELOC;RAC1;NCK1;CAP1;UPF2;RPS3A;RHOA;PSMA5;PSMA6;PSMA3;PSMA4;PSMA1;PSMA2;ETF1;EVL;PABPC1;SRC;RPL12;RPL11;CXCR4;PSMA7;PSMB6;CDC42;PSMB7;PAK1;PSMB4;PSMB5;RPS15A;PSMB2;PSMB3;GPC1;PSMB1;RPS3;RPL13;RPL15;RPS2;PAK2;RPL17;RPL19;CLASP2;ADRM1;RPL35A;MYO9B;RPL23A;NELL2;PSMC5;PSMC6;PSMC3;PSMC4;PSMC1;PSMC2,Signaling by ROBO Receptors
Dectin-1 Mediated Noncanonical NF-kB Signaling,2.685032e-08,34.41202,738.4789,PSMD12;PSMD11;PSMD14;PSMD13;CUL1;PSMA7;RELA;PSMD8;PSMB6;PSMB7;PSMD6;PSMB4;PSMD7;PSMB5;PSMB2;PSMB3;PSMD2;PSMD3;PSMB1;PSMD1;SKP1;CHUK;ADRM1;NFKB2;PSMA5;PSMA6;PSMA3;PSMC5;PSMA4;PSMC6;PSMA1;PSMC3;PSMA2;PSMC4;PSMC1;PSMC2;UBA3;UBE2M,Dectin-1 Mediated Noncanonical NF-kB Signaling
Platelet Degranulation,2.938571e-08,3.617534,77.2007,LGALS3BP;APP;ECM1;SPARC;WDR1;PROS1;ITGB3;ITGA2B;SERPINE1;PLEK;OLA1;F13A1;CTSW;CLU;ISLR;TMSB4X;CFL1;PHACTR2;TIMP3;QSOX1;FAM3C;CD36;TIMP1;CAP1;FGB;SRGN;ABCC4;FGA;VWF;ACTN2;ACTN1;APLP2;ANXA5;FGG;APOA1;ACTN4;GTPBP2;SYTL4;TUBA4A;F5;F8;TMX3;MMRN1;CD109;SELENOP;PECAM1;SERPING1;SCG3;TAGLN2;NHLRC2;PFN1;TLN1;GAS6;PPIA;VCL;TOR4A;CD63;ITIH3;TEX264;STXBP2;ENDOD1;PDGFB;PDGFA;THBS1;KNG1;TTN;CYB5R1;PSAP;FLNA;SPP2;LY6G6F;VTI1B;TGFB2;TGFB1;APOOL;HSPA5;EGF;PCDH7;FN1;VEGFC;RAB27B;IGF1;PPBP;LHFPL2;CYRIB;MANF;SOD1;SELP;SCCPDH;CALU;PCYOX1L;CD9;MAGED2;FERMT3;PF4,Platelet Degranulation
FBXL7 Down-Regulates AURKA During Mitotic Entry and in Early Mitosis,3.162759e-08,inf,inf,PSMD12;PSMD11;PSMD14;PSMD13;CUL1;PSMA7;PSMB6;PSMD8;PSMB7;PSMB4;PSMD6;PSMB5;PSMD7;PSMB2;PSMB3;PSMD2;PSMB1;PSMD3;PSMD1;SKP1;ADRM1;PSMA5;PSMA6;PSMA3;PSMC5;PSMA4;PSMC6;PSMA1;PSMC3;PSMA2;PSMC4;PSMC1;PSMC2,FBXL7 Down-Regulates AURKA During Mitotic Entry and in Early Mitosis
Regulation of RUNX3 Expression and Activity,3.162759e-08,inf,inf,PSMD12;PSMD11;PSMD14;PSMD13;SRC;PSMA7;PSMB6;PSMD8;PSMB7;PSMB4;PSMD6;PSMB5;PSMD7;PSMB2;PSMB3;PSMD2;PSMB1;PSMD3;PSMD1;TGFB1;ADRM1;PSMA5;PSMA6;PSMA3;PSMC5;PSMA4;PSMC6;PSMA1;PSMC3;PSMA2;PSMC4;PSMC1;PSMC2,Regulation of RUNX3 Expression and Activity
SCF-beta-TrCP Mediated Degradation of Emi1,3.162759e-08,inf,inf,PSMD12;PSMD11;PSMD14;PSMD13;CUL1;PSMA7;PSMB6;PSMD8;PSMB7;PSMB4;PSMD6;PSMB5;PSMD7;PSMB2;PSMB3;PSMD2;PSMB1;PSMD3;PSMD1;SKP1;ADRM1;PSMA5;PSMA6;PSMA3;PSMC5;PSMA4;PSMC6;PSMA1;PSMC3;PSMA2;PSMC4;PSMC1;PSMC2,SCF-beta-TrCP Mediated Degradation of Emi1
NIK-->noncanonical NF-kB Signaling,4.348847e-08,33.49685,698.091,PSMD12;PSMD11;PSMD14;PSMD13;CUL1;PSMA7;PSMB6;PSMD8;PSMB7;PSMB4;PSMD6;PSMB5;PSMD7;PSMB2;PSMB3;PSMD2;PSMB1;PSMD3;PSMD1;SKP1;CHUK;ADRM1;NFKB2;PSMA5;PSMA6;PSMA3;PSMC5;PSMA4;PSMC6;PSMA1;PSMC3;PSMA2;PSMC4;PSMC1;PSMC2;UBA3;UBE2M,NIK-->noncanonical NF-kB Signaling
Asymmetric Localization of PCP Proteins,5.449345e-08,inf,inf,PSMD12;PSMD11;PSMD14;PSMD13;PSMA7;PSMD8;PSMB6;PSMB7;PSMD6;PSMB4;PSMD7;PSMB5;PSMB2;PSMB3;PSMD2;PSMD3;PSMB1;PSMD1;ADRM1;SCRIB;PSMA5;PSMA6;PSMA3;PSMC5;PSMA4;PSMC6;PSMA1;PSMC3;PSMA2;PSMC4;PSMC1;PSMC2,Asymmetric Localization of PCP Proteins
Regulation of Activated PAK-2p34 by Proteasome Mediated Degradation,5.449345e-08,inf,inf,PSMD12;PSMD11;PSMD14;PSMD13;PSMA7;PSMB6;PSMD8;PSMB7;PSMB4;PSMD6;PSMB5;PSMD7;PSMB2;PSMB3;PSMD2;PSMB1;PSMD3;PSMD1;PAK2;ADRM1;PSMA5;PSMA6;PSMA3;PSMC5;PSMA4;PSMC6;PSMA1;PSMC3;PSMA2;PSMC4;PSMC1;PSMC2,Regulation of Activated PAK-2p34 by Proteasome Mediated Degradation
Ubiquitin-dependent Degradation of Cyclin D,5.449345e-08,inf,inf,GSK3B;PSMD12;PSMD11;PSMD14;PSMD13;PSMA7;PSMB6;PSMD8;PSMB7;PSMB4;PSMD6;PSMB5;PSMD7;PSMB2;PSMB3;PSMD2;PSMB1;PSMD3;PSMD1;ADRM1;PSMA5;PSMA6;PSMA3;PSMC5;PSMA4;PSMC6;PSMA1;PSMC3;PSMA2;PSMC4;PSMC1;PSMC2,Ubiquitin-dependent Degradation of Cyclin D
Cell Surface Interactions at the Vascular Wall,6.844602e-08,2.896489,58.61805,CD84;PROS1;IGHV3-23;F11R;IGLV8-61;IGLV2-8;IGKV1-16;IGKV1-17;BSG;IGHV3-7;SLC16A3;IGHV3-33;ATP1B3;MIF;ATP1B1;FCAMR;DOK2;IGKV4-1;PPIA;IGLV10-54;SDC4;SHC1;CD99L2;PIK3R1;GLG1;IGLV2-11;IGLV1-40;IGLV1-47;IGLV6-57;IGLV2-14;IGLV2-18;APOB;IGHA1;IGHA2;CD99;LYN;TGFB1;FN1;IGKV1D-16;IGLV7-43;GP6;L1CAM;COL1A1;SELP;COL1A2;IGLV1-51;PROC;SELL;IGLV2-23;SDC1;GRB2;ESAM;IGKV3-20;ITGB1;IGHM;ITGAM;ITGB3;IGHV1-2;IGHV4-34;ITGB2;IGHV1-46;PIK3CB;ITGAL;JCHAIN;IGLV4-60;SPN;THBD;IGKV2-29;IGLV7-46;IGLV4-3;IGLC3;ITGAV;PF4V1;FCER1G;ITGA4;IGKV3D-20;F2;IGLV4-69;SLC7A5;IGLV5-37;IGLV3-16;LCK;CEACAM5;IGLV3-12;PECAM1;CD48;ITGA6;CD47;ITGA5;GAS6;CD44;IGLV3-19;IGHV2-70;SELPLG;IGHV2-5;SRC;IGLV3-1;SLC3A2;IGLV3-25;IGKC;IGLV5-45;EPCAM;IGLV3-21;GPC1;IGLV3-22;FYN;CD58;JAM3;CD74;ANGPT1;IGLC7;IGKV5-2;IGKV1-5;PTPN11;KRAS;PTPN6;PF4,Cell Surface Interactions at the Vascular Wall
Degradation of GLI2 by the Proteasome,6.844602e-08,32.58221,658.8731,GSK3B;PSMD12;PSMD11;PSMD14;PSMD13;CUL1;PSMA7;PSMB6;PSMD8;PSMB7;PSMB4;PSMD6;PSMB5;PSMD7;PSMB2;PSMB3;PSMD2;PSMB1;PSMD3;PSMD1;PRKACA;PRKACB;SKP1;ADRM1;PSMA5;PSMA6;PSMA3;PSMC5;PSMA4;PSMC6;PSMA1;PSMC3;PSMA2;PSMC4;PSMC1;PSMC2,Degradation of GLI2 by the Proteasome
GLI3 Is Processed to GLI3R by the Proteasome,6.844602e-08,32.58221,658.8731,GSK3B;PSMD12;PSMD11;PSMD14;PSMD13;CUL1;PSMA7;PSMB6;PSMD8;PSMB7;PSMB4;PSMD6;PSMB5;PSMD7;PSMB2;PSMB3;PSMD2;PSMB1;PSMD3;PSMD1;PRKACA;PRKACB;SKP1;ADRM1;PSMA5;PSMA6;PSMA3;PSMC5;PSMA4;PSMC6;PSMA1;PSMC3;PSMA2;PSMC4;PSMC1;PSMC2,GLI3 Is Processed to GLI3R by the Proteasome
Regulation of RUNX2 Expression and Activity,6.844602e-08,32.58221,658.8731,GSK3B;PSMD12;PSMD11;PSMD14;PSMD13;CUL1;PSMA7;PSMD8;PSMB6;PSMB7;PSMD6;PSMB4;PSMD7;PSMB5;PSMB2;PSMB3;PSMD2;PSMD3;PSMB1;PSMD1;SKP1;STAT1;ADRM1;PSMA5;PSMA6;PSMA3;PSMC5;PSMA4;PSMC6;PSMA1;PSMC3;PSMA2;PSMC4;PSMC1;PSMC2;STUB1,Regulation of RUNX2 Expression and Activity
Leishmania Infection,8.070208e-08,2.708087,54.07349,CYFIP2;APP;CYFIP1;NCKAP1;AHCYL1;WIPF1;IGHV3-23;IGLV8-61;IGLV2-8;IGKV1-16;IGKV1-17;IGHV3-7;PRKACA;PRKACB;ENTPD5;IGHV3-33;ADAM17;PRKAR1A;BTK;IGKV4-1;ELMO1;TXNIP;IGLV10-54;GNAZ;ITPR1;ITPR2;IGLV2-11;NCKIPSD;IGLV1-40;IGLV1-47;IGLV6-57;PRKAR2B;IGLV2-14;PRKAR2A;PLCG2;IGLV2-18;NCKAP1L;GSDMD;LYN;MYO5A;ARPC4;ARPC5;IGKV1D-16;IGLV7-43;GNG12;GNG11;PTK2;NFKB1;NFKB2;IGLV1-51;ARPC2;ARPC3;GNB2;GNB1;IGLV2-23;GNAS;GNB4;GRB2;IGKV3-20;HSP90AB1;ARPC1B;ARPC1A;IGHV1-2;IGHV4-34;BRK1;IGHV1-46;IGLV4-60;IGKV2-29;IGLV7-46;IGLV4-3;IGLC3;CTSG;RAC1;NCK1;ACTR3;ACTR2;SYK;IL18;IGKV3D-20;VAV1;FGR;IGLV4-69;HCK;IGLV5-37;MYH2;IGLV3-16;IGLV3-12;MYH9;CRK;IGLV3-19;IGHV2-70;IGHV2-5;SRC;GNAI3;WAS;FURIN;IGLV3-1;ADCY6;GNAI1;RELA;GNAI2;CDC42;IGLV3-25;NT5E;GNG2;IGKC;GNG5;IGLV5-45;IGLV3-21;IGLV3-22;MAPK1;FYN;WASF1;WASF2;WASF3;IGLC7;IGKV5-2;IGKV1-5;MYO9B;BAIAP2;MAPK14;FCGR2A;MYO1C;ABI2;ABI1;CD247;SUGT1,Leishmania Infection
Parasitic Infection Pathways,8.070208e-08,2.708087,54.07349,CYFIP2;APP;CYFIP1;NCKAP1;AHCYL1;WIPF1;IGHV3-23;IGLV8-61;IGLV2-8;IGKV1-16;IGKV1-17;IGHV3-7;PRKACA;PRKACB;ENTPD5;IGHV3-33;ADAM17;PRKAR1A;BTK;IGKV4-1;ELMO1;TXNIP;IGLV10-54;GNAZ;ITPR1;ITPR2;IGLV2-11;NCKIPSD;IGLV1-40;IGLV1-47;IGLV6-57;PRKAR2B;IGLV2-14;PRKAR2A;PLCG2;IGLV2-18;NCKAP1L;GSDMD;LYN;MYO5A;ARPC4;ARPC5;IGKV1D-16;IGLV7-43;GNG12;GNG11;PTK2;NFKB1;NFKB2;IGLV1-51;ARPC2;ARPC3;GNB2;GNB1;IGLV2-23;GNAS;GNB4;GRB2;IGKV3-20;HSP90AB1;ARPC1B;ARPC1A;IGHV1-2;IGHV4-34;BRK1;IGHV1-46;IGLV4-60;IGKV2-29;IGLV7-46;IGLV4-3;IGLC3;CTSG;RAC1;NCK1;ACTR3;ACTR2;SYK;IL18;IGKV3D-20;VAV1;FGR;IGLV4-69;HCK;IGLV5-37;MYH2;IGLV3-16;IGLV3-12;MYH9;CRK;IGLV3-19;IGHV2-70;IGHV2-5;SRC;GNAI3;WAS;FURIN;IGLV3-1;ADCY6;GNAI1;RELA;GNAI2;CDC42;IGLV3-25;NT5E;GNG2;IGKC;GNG5;IGLV5-45;IGLV3-21;IGLV3-22;MAPK1;FYN;WASF1;WASF2;WASF3;IGLC7;IGKV5-2;IGKV1-5;MYO9B;BAIAP2;MAPK14;FCGR2A;MYO1C;ABI2;ABI1;CD247;SUGT1,Parasitic Infection Pathways
Autodegradation of the E3 Ubiquitin Ligase COP1,8.070208e-08,inf,inf,PSMD12;PSMD11;PSMD14;PSMD13;PSMA7;PSMB6;PSMD8;PSMB7;PSMB4;PSMD6;PSMB5;PSMD7;PSMB2;PSMB3;PSMD2;PSMB1;PSMD3;PSMD1;ADRM1;PSMA5;PSMA6;PSMA3;PSMC5;PSMA4;PSMC6;PSMA1;PSMC3;PSMA2;PSMC4;PSMC1;PSMC2,Autodegradation of the E3 Ubiquitin Ligase COP1
Regulation of Ornithine Decarboxylase (ODC),8.070208e-08,inf,inf,PSMD12;PSMD11;PSMD14;PSMD13;PSMA7;PSMB6;PSMD8;PSMB7;PSMB4;PSMD6;PSMB5;PSMD7;PSMB2;PSMB3;PSMD2;PSMB1;PSMD3;PSMD1;ADRM1;PSMA5;PSMA6;PSMA3;PSMC5;PSMA4;PSMC6;PSMA1;PSMC3;PSMA2;PSMC4;PSMC1;PSMC2,Regulation of Ornithine Decarboxylase (ODC)
Stabilization of P53,8.070208e-08,inf,inf,PSMD12;PSMD11;PSMD14;PSMD13;PSMA7;PSMB6;PSMD8;PSMB7;PSMB4;PSMD6;PSMB5;PSMD7;PSMB2;PSMB3;PSMD2;PSMB1;PSMD3;PSMD1;ADRM1;PSMA5;PSMA6;PSMA3;PSMC5;PSMA4;PSMC6;PSMA1;PSMC3;PSMA2;PSMC4;PSMC1;PSMC2,Stabilization of P53
Ubiquitin Mediated Degradation of Phosphorylated Cdc25A,8.070208e-08,inf,inf,PSMD12;PSMD11;PSMD14;PSMD13;PSMA7;PSMB6;PSMD8;PSMB7;PSMB4;PSMD6;PSMB5;PSMD7;PSMB2;PSMB3;PSMD2;PSMB1;PSMD3;PSMD1;ADRM1;PSMA5;PSMA6;PSMA3;PSMC5;PSMA4;PSMC6;PSMA1;PSMC3;PSMA2;PSMC4;PSMC1;PSMC2,Ubiquitin Mediated Degradation of Phosphorylated Cdc25A
p53-Independent DNA Damage Response,8.070208e-08,inf,inf,PSMD12;PSMD11;PSMD14;PSMD13;PSMA7;PSMB6;PSMD8;PSMB7;PSMB4;PSMD6;PSMB5;PSMD7;PSMB2;PSMB3;PSMD2;PSMB1;PSMD3;PSMD1;ADRM1;PSMA5;PSMA6;PSMA3;PSMC5;PSMA4;PSMC6;PSMA1;PSMC3;PSMA2;PSMC4;PSMC1;PSMC2,p53-Independent DNA Damage Response
p53-Independent G1 S DNA Damage Checkpoint,8.070208e-08,inf,inf,PSMD12;PSMD11;PSMD14;PSMD13;PSMA7;PSMB6;PSMD8;PSMB7;PSMB4;PSMD6;PSMB5;PSMD7;PSMB2;PSMB3;PSMD2;PSMB1;PSMD3;PSMD1;ADRM1;PSMA5;PSMA6;PSMA3;PSMC5;PSMA4;PSMC6;PSMA1;PSMC3;PSMA2;PSMC4;PSMC1;PSMC2,p53-Independent G1 S DNA Damage Checkpoint
Fcgamma Receptor (FCGR) Dependent Phagocytosis,8.500615e-08,3.139048,62.23631,CYFIP2;CYFIP1;NCKAP1;AHCYL1;WIPF1;IGHV3-23;IGLV8-61;IGLV2-8;IGKV1-16;IGKV1-17;CFL1;IGHV3-7;IGHV3-33;PRKCD;BTK;ELMO1;IGKV4-1;IGLV10-54;ITPR1;ITPR2;PLD4;PIK3R1;PLD3;IGLV2-11;NCKIPSD;IGLV1-40;IGLV1-47;IGLV6-57;IGLV2-14;PLCG2;IGLV2-18;NCKAP1L;LYN;MYO5A;ARPC4;ARPC5;IGKV1D-16;IGLV7-43;PTK2;IGLV1-51;ARPC2;ARPC3;IGLV2-23;GRB2;IGKV3-20;HSP90AB1;ARPC1B;ARPC1A;IGHV1-2;IGHV4-34;BRK1;IGHV1-46;PIK3CB;IGLV4-60;IGKV2-29;IGLV7-46;IGLV4-3;IGLC3;RAC1;NCK1;ACTR3;ACTR2;HSP90AA1;SYK;IGKV3D-20;VAV1;FGR;IGLV4-69;HCK;IGLV5-37;MYH2;IGLV3-16;IGLV3-12;MYH9;CRK;IGLV3-19;IGHV2-70;IGHV2-5;SRC;WAS;IGLV3-1;CDC42;IGLV3-25;PAK1;IGKC;IGLV5-45;IGLV3-21;IGLV3-22;MAPK1;FYN;WASF1;WASF2;WASF3;IGLC7;IGKV5-2;IGKV1-5;MYO9B;BAIAP2;FCGR2A;MYO1C;ABI2;ABI1;CD247,Fcgamma Receptor (FCGR) Dependent Phagocytosis
Beta-catenin Independent WNT Signaling,9.924603e-08,4.759774,93.54668,CLTC;CLTB;CLTA;AP2A1;AP2A2;PSMD8;PPP3CA;PSMD6;PPP3CB;PSMD7;PSMD2;PSMD3;RAC2;PSMD1;RAC1;MAP3K7;AP2M1;PRKG1;PRKCB;PRKCA;SCRIB;RHOA;PSMA5;PSMA6;PLCB3;PSMA3;PSMA4;DAAM1;PSMA1;PSMA2;ROR1;PFN1;PLCB1;PLCB2;PSMD12;PSMD11;PSMD14;PSMD13;CAMK2A;ITPR1;ITPR2;PSMA7;PSMB6;PSMB7;PPP3R1;PSMB4;GNG2;PSMB5;GNG5;PSMB2;PSMB3;PSMB1;AP2S1;ADRM1;AP2B1;GNG12;GNG11;PSMC5;PSMC6;PSMC3;PSMC4;GNB2;PSMC1;GNB1;PSMC2;GNB4;CTNNB1;KRAS,Beta-catenin Independent WNT Signaling
AUF1 (hnRNP D0) Binds and Destabilizes mRNA,1.024567e-07,31.6681,620.8233,PSMD12;PSMD11;PSMD14;PSMD13;PSMA7;PSMB6;PSMD8;PSMB7;PSMB4;PSMD6;PSMB5;PSMD7;PSMB2;PSMB3;PSMD2;PSMB1;PSMD3;PSMD1;HSPA8;ADRM1;PSMA5;PSMA6;PSMA3;PSMC5;PSMA4;PSMC6;PSMA1;PSMC3;PSMA2;PSMC4;PSMC1;PSMC2;HNRNPD;PABPC1;EIF4G1,AUF1 (hnRNP D0) Binds and Destabilizes mRNA
Nuclear Events Mediated by NFE2L2,1.274452e-07,6.87303,133.1197,GSK3B;PSMD8;PSMD6;PSMD7;PSMD2;PSMD3;ME1;PSMD1;SKP1;ABCC1;G6PD;TALDO1;PGD;PSMA5;PSMA6;PSMA3;PSMA4;PSMA1;PSMA2;TKT;SQSTM1;PSMD12;NOTCH1;PSMD11;PSMD14;PSMD13;CUL1;PDGFA;PSMA7;RELA;PSMB6;PSMB7;PSMB4;PSMB5;PSMB2;PSMB3;PRDX1;PSMB1;EGF;IDH1;TXNRD1;ADRM1;GSR;SOD3;NFKB1;PSMC5;PSMC6;PSMC3;PSMC4;PSMC1;PSMC2;GCLM;BCL2L1,Nuclear Events Mediated by NFE2L2
RHO GTPase Cycle,1.512531e-07,2.108522,40.44158,CYFIP2;ITSN2;CYFIP1;NCKAP1;STEAP3;TFRC;WIPF1;FNBP1L;DOCK10;STK10;GOLGA3;DOCK11;SLK;OPHN1;BASP1;ARHGDIA;WDR91;ARHGDIB;ANKFY1;TMPO;RALBP1;TPM4;FNBP1;TPM3;ACTN1;TMOD3;CYBB;SCRIB;FAM91A1;SRRM1;BCR;ARMCX3;ALDH3A2;DAAM1;HGS;CDC37;STAM2;VCP;SHMT2;CUL3;TWF1;ARHGAP18;ARHGAP17;IQGAP1;PIK3R1;SLC1A5;IQGAP2;KALRN;TOR1AIP1;STIP1;SCFD1;DDRGK1;MYO6;STK38;NCKAP1L;SRGAP2;HMOX2;SPTBN1;CPSF7;JAG1;JUP;MCAM;STAM;ARHGAP25;COPS4;CCT6A;NSFL1C;DIAPH1;COPS2;CPD;PLXNB1;GRB2;HNRNPC;FERMT2;CDC42SE2;PICALM;ITGB1;DOCK5;HSP90AB1;DOCK8;CLTC;SNAP23;DOCK7;ARHGAP1;BRK1;ARHGAP6;ARHGAP4;LMNB1;AKAP12;HINT2;CAPZB;SH3PXD2A;C1QBP;DBT;EFHD2;NCK2;RAC2;FLOT1;MUC13;FLOT2;RAC1;EMD;LBR;SPTAN1;GIT1;NCK1;DSP;CCT2;NUDC;HSP90AA1;ARHGEF12;ATP6AP1;RHOG;RHOF;ARAP1;GMIP;RHOA;VAV1;CKAP4;ARFGAP2;ARHGAP10;LCK;NDUFS3;DSG1;DSG2;ARHGEF1;PDE5A;ARHGEF2;ARHGEF7;DOCK2;DBN1;VAMP3;ARHGEF6;RAB7A;ROCK1;ROCK2;SRC;GPS1;WAS;ADD3;UACA;FGD3;CDC42;GNA13;FGD4;LMAN1;PAK1;PGRMC2;SAMM50;EMC3;STX5;PTK2B;STOM;CSK;CKB;WASF1;CCT7;YKT6;WASF2;PAK2;WASF3;BCAP31;FARP1;GIT2;NDUFA5;USP9X;PCDH7;TXNL1;ERBIN;MYO9B;CDC42BPB;BAIAP2;HSPE1;DEF6;MPP7;KTN1;WDR11;LETM1;TMEM59;FMNL1;ABI2;TAOK3;VAPB;ABI1;TRIP10;GOPC;LAMTOR1;PKN1;ESYT1;VIM;RBMX;TJP2,RHO GTPase Cycle
Regulation of Apoptosis,1.803842e-07,30.7545,583.9394,PSMD12;PSMD11;PSMD14;PSMD13;PSMA7;PSMB6;PSMD8;PSMB7;PSMB4;PSMD6;PSMB5;PSMD7;OPA1;PSMB2;PSMB3;PSMD2;PSMB1;PSMD3;PSMD1;PAK2;ADRM1;PSMA5;ARHGAP10;PSMA6;PSMA3;PSMC5;PSMA4;PSMC6;PSMA1;PSMC3;PSMA2;PSMC4;PSMC1;PSMC2,Regulation of Apoptosis
Regulation of Expression of SLITs and ROBOs,2.010707e-07,3.264982,61.58416,RPL5;RPL30;RPL3;RPL31;RPL34;RPLP1;EIF4A3;RPLP0;RPL8;RPL7;PSMD8;RPS4X;RPS14;RPL7A;PSMD6;RPS17;PSMD7;RPL18A;RPS19;RPS18;PSMD2;PSMD3;DAG1;PSMD1;RPL35;RPLP2;RPL38;ELOB;ELOC;RPS11;RPS10;UPF2;RPS8;RPL23;RPS5;RPL22;RPS6;RPSA;RPS3A;PSMA5;PSMA6;PSMA3;PSMA4;PSMA1;PSMA2;RPL24;RPL27;ETF1;PABPC1;RPL29;RPL28;PSMD12;PSMD11;PSMD14;RBM8A;PSMD13;RPL12;CUL2;RPL11;GSPT2;GSPT1;PSMA7;PSMB6;PSMB7;PSMB4;PSMB5;RPS15A;PSMB2;PSMB3;PSMB1;RPS3;RPL13;RPL15;RPS2;RPL17;RPL19;ADRM1;RPL35A;RPL23A;RPS28;PSMC5;RPS27;PSMC6;PSMC3;PSMC4;RPL27A;PSMC1;PSMC2;RPS20;RPS21;RPS24;EIF4G1;RPS23,Regulation of Expression of SLITs and ROBOs
Post-translational Protein Modification,3.122047e-07,1.551188,28.55079,WIPF1;DCAF8;RPL8;SMC3;DCAF7;DCAF6;PSMD8;PSMD9;PSMD6;PSMD7;PSMD4;TFG;PSMD5;PSMD2;PSMD3;PSMD1;CHGB;DDX17;NUP214;HCFC1;DYNC1LI1;DYNC1LI2;PSME1;PSME2;SPARCL1;GPLD1;RPN2;SAR1B;RPN1;COPS7B;COPS7A;ADAMTS13;RHOT1;RAD21;CHST10;ST3GAL6;PSMF1;ST3GAL1;PMM2;FN1;GP2;EIF2AK2;CP;HNRNPK;NPLOC4;B4GAT1;HRC;HNRNPC;ARF4;WDR48;SERPINA10;CHM;PRSS23;ASGR2;TRIM4;ADAMTSL4;ADAMTSL3;ADAMTSL2;ELOB;IKBKG;ELOC;TIMP1;ACTL6A;FN3KRP;COPZ2;F2;SUMF2;COPZ1;F5;DDB1;PSMA5;F7;PSMA6;F8;PSMA3;F9;PSMA4;PSMA1;PSMA2;GAS6;ARF5;GPS1;USO1;DLST;FSTL1;PSMA7;FSTL3;PSMB6;PSMB7;LMAN1;PSMB4;PSMB5;PSMB2;PSMB3;LMAN2;PSMB1;SPP1;SPP2;STX5;RPS2;APOL1;YKT6;F10;SERPIND1;GOLM1;USP9X;TUBB4B;TUBB4A;PSMB8;ARCN1;PSMB9;KTN1;PSMC5;PSMC6;PSMC3;PSMC4;PSMC1;PSMC2;NUCB1;NOTUM;RAB3C;CSF1;PROS1;TNC;PARK7;TUBB6;CDH2;RUVBL1;TUBB1;MAP3K7;IGFBP1;RAB2A;USP7;IGFBP5;USP5;IGFBP4;USP4;IGFBP3;RPS6;TUBA4B;TUBA4A;TPST2;RAB32;TPST1;RAB30;RAB31;RAB37;RAB34;RAB35;FKBP8;RAB38;STAMBP;SQSTM1;RAB5B;RAB5C;CUL5;CUL3;CUL2;CUL1;KNG1;HSP90B1;ATXN3;NAE1;RAB6A;RAB6B;MPDU1;ANKRD28;FN3K;TRAPPC3;RAB4A;RAB4B;TRAPPC1;SEC16A;TRAPPC4;GFPT1;TMEM132A;TRAPPC5;TRAPPC9;EEF2;NFKB2;COPS4;COPS3;COPS6;COPS5;COPS2;CDK1;CCDC22;COPS8;RAB5A;TUBA8;PTEN;ARRB1;ETFB;ADAMTS5;PPP6C;CAPZB;PPP6R1;ADAMTS1;PPP6R3;SUMO2;PGM3;ADAMTS8;PAAF1;EIF5A;APOA2;APOA1;RAD23A;RTN4RL2;RABGGTB;RANGAP1;SMC1A;RABGGTA;RAD23B;SPTB;APOA5;ARFGAP1;DDOST;MUC5AC;BET1L;ARFGAP2;DNAJC3;ASPH;DAD1;TRAF6;ETF1;TOP1;SEC22B;RAB1A;SEC23A;ITIH2;RAB1B;FURIN;THSD1;RAB21;GANAB;U2AF2;DCAF11;UGGT1;NOP58;ADRM1;RAB10;NAGK;RAB14;RAB12;MGAT4B;RAB13;DRG1;RAB18;DRG2;P4HB;SEC24D;SEC24C;BET1;SPON2;APP;SPON1;UBE2L3;GOLGA2;NFU1;C4A;LGALS1;TRIM28;FBXO4;DAG1;TRIM25;FBXO7;SKP1;ARSA;ST6GAL1;ST6GAL2;MUCL1;ALG5;COG2;HLA-B;YOD1;ALG1;HLA-A;ANK1;CD109;VDAC3;VDAC2;PREB;VDAC1;TTLL12;UMOD;BRCC3;ART4;SNX3;TGOLN2;SCFD1;STC2;NEU1;ST8SIA4;ST8SIA5;MLEC;APOE;APOB;SPTBN1;SEC31A;CTSA;RAB27B;STAM;VNN2;RPL27A;GOLGB1;CALU;PAF1;CALR;RPS23;TOP2B;UBXN1;CTSZ;MIA2;PCSK9;MIA3;IDE;MAGT1;BABAM1;ACTR1A;MUC13;TMED2;QSOX1;DLAT;NANS;TMED7;SPTAN1;CTSC;RAB8A;RAB8B;TOMM70;SEC13;TMED9;PARP1;PRMT3;UCHL3;RENBP;RHOA;UCHL5;RAB33B;B3GNT8;B3GNT7;CEACAM5;CANX;B3GNT2;FAM20C;VWA1;FAM20A;MFGE8;RAB7A;NAPA;DYNC1I2;PCNA;NPL;NAPG;RELA;OS9;MGAT5;MGAT3;CD59;MGAT1;MGAT2;CD55;DYNC1H1;NPM1;GBF1;RPA1;LSAMP;PEX14;RAB11A;RAB11B;SEC23IP;CAPZA1;NDUFAB1;CAPZA2;COPG2;COPG1;ACTR10;GALNT12;GALNT15;MPI;UBE2Z;MANEA;GALNT10;NSF;PDIA3;TRAPPC2L;APLP2;ADAM10;PDIA6;DPM1;HGS;UBE2V2;SCG3;SCG2;STAM2;PSMD10;COPB2;DDX5;PSMD12;VCP;COPA;PSMD11;TMED10;PSMD14;PSMD13;UBA6;COPB1;SEL1L;PROZ;LTBP1;DPP3;SPTA1;VCPIP1;FUT8;MAN2A2;MAN2A1;SMAD2;HSPA8;UBE2H;TGFB1;MAVS;PROC;STT3A;UBA3;ALPL;UBA2;UBA1;TAB1;SAE1;MUC20;UBE2K;COPE;FBN1;UBE2M;B4GALT1;PRKCSH;LAMC1;HK1;GMPPB;DBT;GMPPA;GFUS;FGA;USP47;FGG;POMGNT1;CKAP4;RCN1;VCAN;VGF;TRAPPC6B;MVD;MAN1B1;OTUB1;DCTN6;DCTN5;USP14;DCTN2;TUBAL3;DCTN1;USP10;DCTN4;GOSR2;DCTN3;MAT2B;THBS2;THBS1;PSMB10;MUC1;CAND1;GMDS;NUP43;GALNT7;RWDD1;USP24;GALNT5;GALNT2;LAMB2;GALNT1;LAMB1;GLB1,Post-translational Protein Modification
Post-translational Protein Phosphorylation,4.285847e-07,4.184353,75.62352,APP;CSF1;PRKCSH;SERPINA10;TNC;PCSK9;MIA3;LAMC1;PRSS23;C4A;LGALS1;CDH2;QSOX1;TIMP1;CHGB;IGFBP1;FGA;IGFBP5;IGFBP4;APLP2;IGFBP3;FGG;APOA2;ADAM10;APOA1;PDIA6;APOA5;CKAP4;F5;DNAJC3;RCN1;VCAN;VGF;SPARCL1;FAM20C;VWA1;SCG3;FAM20A;GAS6;MFGE8;SCG2;ITIH2;LTBP1;FSTL1;KNG1;HSP90B1;FSTL3;TGOLN2;STC2;SPP1;SPP2;APOE;APOB;APOL1;SERPIND1;GOLM1;LAMB2;TMEM132A;FN1;LAMB1;CP;KTN1;PROC;CALU;HRC;NUCB1;NOTUM;P4HB;FBN1,Post-translational Protein Phosphorylation
Programmed Cell Death,5.377747e-07,2.793904,49.81595,UBE2L3;PSMD8;PSMD6;PSMD7;FNTA;CDH1;AKT2;PSMD2;PSMD3;TNFSF10;AKT1;PSMD1;KPNA1;PRKCD;CDC37;CHMP4B;PRKCQ;CHMP4A;KPNB1;PSMD12;PSMD11;PSMD14;DIABLO;PSMD13;LY96;SDCBP;PPP3R1;SFN;CD14;ELANE;GSDMD;PTK2;H1-5;STK24;STK26;NMT1;CHMP2A;CYCS;BCL2L1;YWHAE;YWHAB;HMGB2;HMGB1;LMNB1;OPA1;YWHAQ;CASP6;C1QBP;CASP3;FLOT1;FLOT2;DNM1L;SPTAN1;YWHAG;APPL1;YWHAH;DSP;HSP90AA1;DBNL;PDCD6IP;IL18;YWHAZ;PSMA5;PSMA6;ARHGAP10;PSMA3;PSMA4;PSMA1;PSMA2;CHMP3;DSG1;DSG2;CHMP6;PLEC;ROCK1;UACA;PSMA7;ADD1;PSMB6;PSMB7;PSMB4;PSMB5;PSMB2;PSMB3;LMNA;PSMB1;MAPK1;BID;PAK2;BCAP31;CARD8;STAT3;ADRM1;TJP1;ITCH;PSMC5;PSMC6;PSMC3;PSMC4;PSMC1;PSMC2;CTNNB1;ACIN1;BAX;STUB1;VIM;TJP2,Programmed Cell Death
Cross-presentation of Soluble Exogenous Antigens (Endosomes),5.505479e-07,28.92888,513.6608,PSMD12;PSMD11;PSMD14;PSMD13;PSMA7;MRC2;PSMB6;PSMD8;PSMB7;PSMB4;PSMD6;PSMB5;PSMD7;PSMB2;PSMB3;PSMD2;PSMB1;PSMD3;PSMD1;ADRM1;PSMA5;PSMA6;PSMA3;PSMC5;PSMA4;PSMC6;PSMA1;PSMC3;PSMA2;PSMC4;PSMC1;PSMC2,Cross-presentation of Soluble Exogenous Antigens (Endosomes)
Degradation of DVL,5.505479e-07,28.92888,513.6608,PSMD12;PSMD11;PSMD14;PSMD13;CUL3;PSMA7;PSMB6;PSMD8;PSMB7;PSMB4;PSMD6;PSMB5;PSMD7;PSMB2;PSMB3;PSMD2;PSMB1;PSMD3;PSMD1;ADRM1;PSMA5;PSMA6;PSMA3;PSMC5;PSMA4;PSMC6;PSMA1;PSMC3;PSMA2;PSMC4;PSMC1;PSMC2,Degradation of DVL
Vpu Mediated Degradation of CD4,5.505479e-07,28.92888,513.6608,PSMD12;PSMD11;PSMD14;PSMD13;PSMA7;PSMB6;PSMD8;PSMB7;PSMB4;PSMD6;PSMB5;PSMD7;PSMB2;PSMB3;PSMD2;PSMB1;PSMD3;PSMD1;SKP1;ADRM1;PSMA5;PSMA6;PSMA3;PSMC5;PSMA4;PSMC6;PSMA1;PSMC3;PSMA2;PSMC4;PSMC1;PSMC2,Vpu Mediated Degradation of CD4
Cellular Response to Chemical Stress,5.505479e-07,3.063307,54.36185,ERO1A;GSK3B;WIPF1;COX4I1;COX6A1;PSMD8;PSMD6;PSMD7;AKT2;PSMD2;PSMD3;ME1;AKT1;PSMD1;TRIM21;SKP1;G6PD;ABCC1;GPX1;GPX3;PRKCD;TALDO1;CYBB;PGD;COX6B1;PSMA5;PSMA6;COX7A2L;PSMA3;PSMA4;PSMA1;PSMA2;TBL1XR1;CSNK2B;CAT;TXNIP;MT-CO2;MT-CO3;TKT;SQSTM1;BLVRA;PSMD12;VCP;NOTCH1;PSMD11;PSMD14;PSMD13;CUL3;HM13;CUL1;PDGFA;COX7A2;COX5B;COX5A;PSMA7;RELA;DPP3;PRDX3;PSMB6;PRDX2;PSMB7;PSMB4;PSMB5;PSMB2;PSMB3;PRDX1;PSMB1;HMOX2;EGF;NDUFA4;TXNRD2;IDH1;TXNRD1;GSR;STAT3;ADRM1;COX6C;SOD2;PRDX6;SOD3;NFKB1;SOD1;PSMC5;CCS;NPLOC4;PSMC6;PSMC3;PSMC4;PSMC1;PSMC2;CYCS;P4HB;GCLM;BCL2L1,Cellular Response to Chemical Stress
Formation of Paraxial Mesoderm,7.67288e-07,15.82905,275.4188,PSMD12;NOTCH1;PSMD11;PSMD14;PSMD13;PSMA7;LFNG;PSMD8;PSMB6;PSMB7;PSMD6;PSMB4;PSMD7;PSMB5;PSMB2;PSMB3;PSMD2;PSMD3;PSMB1;PSMD1;ADRM1;PSMA5;PSMA6;PSMA3;PSMC5;PSMA4;PSMC6;PSMA1;PSMC3;PSMA2;PSMC4;PSMC1;PSMC2;CTNNB1;FGFR1,Formation of Paraxial Mesoderm
KEAP1-NFE2L2 Pathway,8.255588e-07,4.403436,76.17846,GSK3B;WIPF1;PSMD8;PSMD6;PSMD7;AKT2;PSMD2;PSMD3;ME1;AKT1;PSMD1;TRIM21;SKP1;G6PD;ABCC1;PRKCD;TALDO1;PGD;PSMA5;PSMA6;PSMA3;PSMA4;PSMA1;PSMA2;CSNK2B;TKT;SQSTM1;PSMD12;VCP;NOTCH1;PSMD11;PSMD14;PSMD13;CUL3;CUL1;PDGFA;PSMA7;RELA;DPP3;PSMB6;PSMB7;PSMB4;PSMB5;PSMB2;PSMB3;PRDX1;PSMB1;EGF;IDH1;TXNRD1;ADRM1;GSR;SOD3;NFKB1;PSMC5;NPLOC4;PSMC6;PSMC3;PSMC4;PSMC1;PSMC2;GCLM;BCL2L1,KEAP1-NFE2L2 Pathway
Activation of NF-kappaB in B Cells,8.255588e-07,9.281357,160.5472,PSMD12;PSMD11;PSMD14;PSMD13;CUL1;PSMA7;RELA;IKBKB;PSMD8;PSMB6;PSMB7;PSMD6;PSMB4;PSMD7;PSMB5;PSMB2;PSMB3;PSMD2;PSMD3;PSMB1;PSMD1;IKBKG;MAP3K7;SKP1;CHUK;PRKCB;ADRM1;NFKB1;PSMA5;PSMA6;PSMA3;PSMC5;PSMA4;PSMC6;PSMA1;PSMC3;PSMA2;PSMC4;PSMC1;PSMC2;NFKBIB,Activation of NF-kappaB in B Cells
FCGR3A-mediated Phagocytosis,8.301988e-07,3.120924,53.8385,CYFIP2;CYFIP1;NCKAP1;WIPF1;ARPC1B;IGHV3-23;ARPC1A;IGHV1-2;IGHV4-34;BRK1;IGHV1-46;IGLV8-61;IGLV4-60;IGLV2-8;IGKV1-16;IGKV2-29;IGKV1-17;IGLV7-46;IGLV4-3;IGLC3;RAC1;IGHV3-7;NCK1;ACTR3;ACTR2;SYK;IGHV3-33;IGKV3D-20;VAV1;FGR;IGLV4-69;HCK;IGLV5-37;MYH2;IGLV3-16;IGLV3-12;BTK;ELMO1;IGKV4-1;MYH9;CRK;IGLV3-19;IGLV10-54;IGHV2-70;IGHV2-5;SRC;WAS;IGLV3-1;IGLV2-11;NCKIPSD;CDC42;IGLV3-25;IGLV1-40;IGLV1-47;IGLV6-57;IGKC;IGLV5-45;IGLV2-14;IGLV3-21;IGLV3-22;IGLV2-18;MAPK1;NCKAP1L;FYN;WASF1;WASF2;WASF3;LYN;IGLC7;IGKV5-2;IGKV1-5;MYO5A;ARPC4;MYO9B;ARPC5;IGKV1D-16;IGLV7-43;BAIAP2;PTK2;IGLV1-51;MYO1C;ARPC2;ABI2;ARPC3;IGLV2-23;ABI1;GRB2;CD247;IGKV3-20,FCGR3A-mediated Phagocytosis
Leishmania Phagocytosis,8.301988e-07,3.120924,53.8385,CYFIP2;CYFIP1;NCKAP1;WIPF1;ARPC1B;IGHV3-23;ARPC1A;IGHV1-2;IGHV4-34;BRK1;IGHV1-46;IGLV8-61;IGLV4-60;IGLV2-8;IGKV1-16;IGKV2-29;IGKV1-17;IGLV7-46;IGLV4-3;IGLC3;RAC1;IGHV3-7;NCK1;ACTR3;ACTR2;SYK;IGHV3-33;IGKV3D-20;VAV1;FGR;IGLV4-69;HCK;IGLV5-37;MYH2;IGLV3-16;IGLV3-12;BTK;ELMO1;IGKV4-1;MYH9;CRK;IGLV3-19;IGLV10-54;IGHV2-70;IGHV2-5;SRC;WAS;IGLV3-1;IGLV2-11;NCKIPSD;CDC42;IGLV3-25;IGLV1-40;IGLV1-47;IGLV6-57;IGKC;IGLV5-45;IGLV2-14;IGLV3-21;IGLV3-22;IGLV2-18;MAPK1;NCKAP1L;FYN;WASF1;WASF2;WASF3;LYN;IGLC7;IGKV5-2;IGKV1-5;MYO5A;ARPC4;MYO9B;ARPC5;IGKV1D-16;IGLV7-43;BAIAP2;PTK2;IGLV1-51;MYO1C;ARPC2;ABI2;ARPC3;IGLV2-23;ABI1;GRB2;CD247;IGKV3-20,Leishmania Phagocytosis
Parasite Infection,8.301988e-07,3.120924,53.8385,CYFIP2;CYFIP1;NCKAP1;WIPF1;ARPC1B;IGHV3-23;ARPC1A;IGHV1-2;IGHV4-34;BRK1;IGHV1-46;IGLV8-61;IGLV4-60;IGLV2-8;IGKV1-16;IGKV2-29;IGKV1-17;IGLV7-46;IGLV4-3;IGLC3;RAC1;IGHV3-7;NCK1;ACTR3;ACTR2;SYK;IGHV3-33;IGKV3D-20;VAV1;FGR;IGLV4-69;HCK;IGLV5-37;MYH2;IGLV3-16;IGLV3-12;BTK;ELMO1;IGKV4-1;MYH9;CRK;IGLV3-19;IGLV10-54;IGHV2-70;IGHV2-5;SRC;WAS;IGLV3-1;IGLV2-11;NCKIPSD;CDC42;IGLV3-25;IGLV1-40;IGLV1-47;IGLV6-57;IGKC;IGLV5-45;IGLV2-14;IGLV3-21;IGLV3-22;IGLV2-18;MAPK1;NCKAP1L;FYN;WASF1;WASF2;WASF3;LYN;IGLC7;IGKV5-2;IGKV1-5;MYO5A;ARPC4;MYO9B;ARPC5;IGKV1D-16;IGLV7-43;BAIAP2;PTK2;IGLV1-51;MYO1C;ARPC2;ABI2;ARPC3;IGLV2-23;ABI1;GRB2;CD247;IGKV3-20,Parasite Infection
Cap-dependent Translation Initiation,9.513166e-07,3.425359,58.53244,EIF4A2;EIF4A1;RPL5;RPL30;RPL3;RPL31;RPL34;RPLP1;RPLP0;RPL8;RPL7;RPS4X;RPS14;RPL7A;RPS17;RPL18A;RPS19;RPS18;RPL35;RPLP2;RPL38;RPS11;EIF2B1;RPS10;EIF5B;RPS8;RPL23;RPS5;RPL22;RPS6;RPSA;RPS3A;RPL24;RPL27;PABPC1;RPL29;RPL28;RPL12;RPL11;RPS15A;EIF4H;RPS3;RPL13;RPL15;RPS2;EIF4E;RPL17;EIF4B;RPL19;EIF2B5;EIF2B4;EIF2B3;EIF2B2;RPL35A;RPL23A;EIF2S2;EIF2S1;RPS28;EIF3M;EIF2S3;EIF5;RPS27;EIF3K;EIF3L;RPL27A;EIF3I;EIF3J;EIF3G;EIF3H;RPS20;EIF3E;EIF3F;RPS21;EIF3D;RPS24;EIF3A;EIF4G1;RPS23;EIF3B,Cap-dependent Translation Initiation
Eukaryotic Translation Initiation,9.513166e-07,3.425359,58.53244,EIF4A2;EIF4A1;RPL5;RPL30;RPL3;RPL31;RPL34;RPLP1;RPLP0;RPL8;RPL7;RPS4X;RPS14;RPL7A;RPS17;RPL18A;RPS19;RPS18;RPL35;RPLP2;RPL38;RPS11;EIF2B1;RPS10;EIF5B;RPS8;RPL23;RPS5;RPL22;RPS6;RPSA;RPS3A;RPL24;RPL27;PABPC1;RPL29;RPL28;RPL12;RPL11;RPS15A;EIF4H;RPS3;RPL13;RPL15;RPS2;EIF4E;RPL17;EIF4B;RPL19;EIF2B5;EIF2B4;EIF2B3;EIF2B2;RPL35A;RPL23A;EIF2S2;EIF2S1;RPS28;EIF3M;EIF2S3;EIF5;RPS27;EIF3K;EIF3L;RPL27A;EIF3I;EIF3J;EIF3G;EIF3H;RPS20;EIF3E;EIF3F;RPS21;EIF3D;RPS24;EIF3A;EIF4G1;RPS23;EIF3B,Eukaryotic Translation Initiation
Adaptive Immune System,1.07486e-06,1.67886,28.46137,AHCYL1;IGHV3-23;ICAM2;ICAM3;IFI30;IGLV8-61;UBE2L3;PSMD8;IGLV2-8;PSMD6;PSMD7;IGKV1-16;IGKV1-17;PPP2R1A;AKT2;PSMD2;PSMD3;FBXO4;AP1S2;AKT1;PSMD1;AP1S1;IGHV3-7;PRKACA;PRKACB;FBXO7;TRIM21;SKP1;PRKCB;IGHV3-33;AP1B1;HLA-B;HLA-C;HLA-A;HLA-E;DYNC1LI1;DYNC1LI2;BTK;IGKV4-1;CD226;PRKCQ;RBCK1;CD101;IGLV10-54;SAR1B;PIK3R1;PPL;UBE2J1;PPP3R1;PLCG2;CD14;ATG7;SEC31A;LYN;CTSA;VASP;LNPEP;UBAC1;COL1A1;TREML1;COL1A2;TREML2;GRB2;CALR;HLA-DRB3;IGHM;SH3KBP1;CLTC;CLTA;IGHV1-46;AP2A1;PTPRJ;AP2A2;CTSS;IKBKB;MRC2;PPP3CA;ACTR1A;PPP3CB;ACTR1B;TRIM4;IGLV7-46;ARIH2;CTSH;ELOB;IKBKG;CD36;CTSF;RAC1;ELOC;SEC61B;CD34;CTSD;CTSC;HLA-DPA1;CTSB;SEC13;SYK;VAV1;PSMA5;VAMP8;PSMA6;PSMA3;PSMA4;COL2A1;IGLV3-16;PSMA1;KIF2A;PSMA2;CANX;IGLV3-12;IGLV3-19;VAMP3;HLA-DQB1;RAB7A;DYNC1I2;WAS;PSMA7;RELA;PSMB6;PSMB7;IGLV3-25;PPP2CB;PSMB4;PAK1;PSMB5;PSMB2;IGKC;PSMB3;IGLV3-21;IGLV3-22;PSMB1;AP2S1;STX4;PAK2;BCAP31;CD74;DYNC1H1;IGKV1-5;HUWE1;AP2B1;LILRB2;TUBB4B;TUBB4A;LILRB5;FKBP1A;COL3A1;PSMC5;ITCH;PSMC6;CD40LG;PSMC3;PSMC4;PSMC1;CAPZA1;PSMC2;CAPZA2;HLA-DPB1;SIGLEC7;ACTR10;SIPA1;UBE3C;CD81;UBE3A;UBE2Z;NPEPPS;TUBB6;CDH1;KIF5B;GRAP2;TUBB1;MAP3K7;AP2M1;PDIA3;CD96;TAP2;CYBB;UBE4A;TAP1;TUBA4B;TUBA4A;STIM1;CD8A;UBE2V2;UBE2V1;S100A9;PPIA;S100A8;PSMD12;PSMD11;PSMD14;UBA7;CUL5;PSMD13;UBA6;UBA5;CUL3;CUL2;CUL1;ITPR1;UBR4;LY96;DAPP1;ITPR2;UBR1;RASGRP2;KLC1;IGLV2-11;RAP1A;IGLV1-40;IGLV6-57;IGLV1-47;IGLV2-14;IGLV2-18;CD99;AP1M1;RAP1GAP2;UBE2H;VCAM1;HSPA5;CRTAM;IGKV1D-16;IGLV7-43;NFKB1;PTPRC;IGLV1-51;SELL;IGLV2-23;UBA3;UBE2O;TPP2;UBA1;BLMH;UBE2K;IGKV3-20;LAT;UBE2M;TUBA8;NFKBIB;ITGB1;ITGB5;YWHAB;IGHV1-2;ITGB2;SNAP23;IGHV4-34;PTEN;PIK3CB;HMGB1;ITGAL;IGLV4-60;SEC61A1;UFL1;CAPZB;UBE2Q1;IGKV2-29;AP1G1;IGLV4-3;IGLC3;ITGAV;MADCAM1;PRKG1;NCK1;FGB;FGA;ITGA4;CHUK;FGG;IGKV3D-20;PPP2R5A;YWHAZ;DNM1;TAPBP;DNM2;IGLV4-69;DNM3;IGLV5-37;LCK;TRAF6;LCP2;PIK3C3;EVL;SEC22B;DCTN6;IGHV2-70;COLEC12;DCTN5;SEC23A;IGHV2-5;DCTN2;TUBAL3;SRC;DCTN1;DCTN4;DCTN3;IGLV3-1;CDC42;ZNRF2;IGLV5-45;HECTD3;FYN;CSK;RILP;IGLC7;IGKV5-2;ERAP1;ADRM1;PTPN11;MTOR;PTPN6;STUB1;KRAS;CD247;SEC24D;SEC24C;NECTIN2,Adaptive Immune System
The Role of GTSE1 in G2 M Progression After G2 Checkpoint,1.155837e-06,7.789284,131.3839,PSMD12;HSP90AB1;PSMD11;PSMD14;TUBAL3;PSMD13;PSMA7;PSMD8;PSMB6;PSMB7;PSMD6;TUBB6;PSMB4;PSMD7;PSMB5;PSMB2;PSMB3;PSMD2;PSMD3;TUBB1;PSMB1;PSMD1;HSP90AA1;ADRM1;TUBB4B;TUBA4B;TUBB4A;TUBA4A;PSMA5;PSMA6;PSMA3;PSMC5;PSMA4;PSMC6;PSMA1;PSMC3;PSMA2;PSMC4;PSMC1;PSMC2;CDK1;MAPRE1;TUBA8,The Role of GTSE1 in G2 M Progression After G2 Checkpoint
Hedgehog 'Off' State,1.260327e-06,6.2157,104.2247,GSK3B;PSMD12;PSMD11;PSMD14;PSMD13;CUL1;ADCY6;PSMA7;PSMD8;PSMB6;PSMB7;PSMD6;TUBB6;PSMB4;PSMD7;PSMB5;PSMB2;PRKAR2B;PSMB3;PSMD2;PRKAR2A;PSMD3;TUBB1;PSMB1;PSMD1;PRKACA;PRKACB;SKP1;ADRM1;TUBB4B;TUBB4A;TUBA4A;PSMA5;PSMA6;PSMA3;ITCH;PSMC5;PSMA4;PSMC6;PSMA1;PSMC3;PRKAR1A;PSMA2;PSMC4;PSMC1;PSMC2;GNAS;NUMB,Hedgehog 'Off' State
Signaling by Receptor Tyrosine Kinases,1.348066e-06,1.918196,32.01105,CYFIP2;CYFIP1;NCKAP1;AHCYL1;SPARC;CRKL;RPS6KA3;PPP2R1A;AKT2;AKT1;PRKACA;ATP6V1E1;PRKACB;ATP6V1G1;PRKCB;PRKCD;PRKCA;CDC37;PDGFB;PDGFA;PIK3R1;PDGFD;PDGFC;ATP6V0A2;NCKAP1L;APOE;ATP6V1C1;ATP6V0A1;LYN;STAT5A;STAT5B;JUP;FN1;MEMO1;IGF1;STAM;PTK2;COL1A1;COL1A2;CILP;GIPC1;HNRNPF;GRB2;NRP1;NRP2;PTPRS;SH3KBP1;CLTC;CLTA;AP2A1;PTPRJ;IDE;PTPRK;PCSK6;AP2A2;PCSK5;PTPRF;RAC1;JAK2;JAK3;CTSD;DUSP3;FGFBP2;EPS15L1;RHOA;VAV1;COL2A1;KIT;ARHGEF7;ATP6V0C;ARF6;COL11A1;COL11A2;PPP2CB;PAK1;GGA3;AP2S1;SPP1;CTNNA1;EPS15;PAK2;STAT1;STAT3;ERBIN;VEGFC;AP2B1;COL3A1;ITCH;KITLG;ABI2;AXL;ABI1;CTNNB1;CTNND1;IRS2;CDH5;GRAP2;AP2M1;SH3GL1;PDGFRB;PDGFRA;MAP2K1;MAP2K2;ADAM10;CYBB;ADAM17;MAPKAPK3;HGS;MAPKAPK2;ELMO1;STAM2;ATP6V1A;CUL5;SHC1;ITPR1;ITPR2;RAP1A;ATP6V1H;ATP6V1D;ATP6V1F;RAB4A;RAB4B;DIAPH1;FER;COL5A1;FES;COL5A2;FGFR4;FGFR3;MUC20;FGFR2;FGFR1;ITGB1;YWHAB;FLT4;ITGB3;DOCK7;BRK1;CHD4;PIK3CB;LAMC1;PTBP1;NCK2;ITGAV;NCK1;HSP90AA1;ATP6AP1;ITGA2;MMP9;DNM1;EPN1;DNM2;DNM3;TGFBR3;VGF;LCK;COL6A2;RASA1;COL6A1;ATP6V1B2;COL6A3;PIK3C3;COL6A6;CRK;LAMA5;RALA;RALB;ROCK1;LAMA2;ROCK2;SRC;LAMA1;LAMA4;LAMA3;FURIN;CBL;THBS2;THBS1;THBS4;THBS3;CDC42;PTPRZ1;MAPK1;PTK2B;CSK;FYN;POLR2H;WASF1;WASF2;WASF3;NTRK2;PTPN1;PTPN18;EGF;LAMB2;PTPN11;LAMB1;PTPN12;BAIAP2;MAPK14;MTOR;TEC;BAX;PTPN6;STUB1;KRAS,Signaling by Receptor Tyrosine Kinases
Binding and Uptake of Ligands by Scavenger Receptors,1.376366e-06,3.458143,57.59503,SPARC;IGHV3-23;IGHV1-2;IGHV4-34;STAB2;IGHV1-46;IGLV8-61;IGLV4-60;JCHAIN;IGLV2-8;IGKV1-16;IGKV2-29;IGKV1-17;FTH1;IGLV7-46;IGLV4-3;IGLC3;CD36;IGHV3-7;SCARF1;HSP90AA1;SCARA5;IGHV3-33;IGKV3D-20;APOA1;IGLV4-69;IGLV5-37;IGLV3-16;IGLV3-12;IGKV4-1;MASP1;IGLV3-19;FTL;IGLV10-54;COLEC12;IGHV2-70;COLEC11;IGHV2-5;LRP1;IGLV3-1;HPR;HSP90B1;IGLV2-11;IGLV3-25;HSPH1;IGLV1-40;IGLV1-47;IGLV6-57;IGKC;IGLV5-45;IGLV2-14;IGLV3-21;IGLV3-22;IGLV2-18;APOE;APOB;IGHA1;APOL1;IGHA2;AMBP;IGLC7;IGKV5-2;IGKV1-5;SSC5D;IGKV1D-16;IGLV7-43;COL1A1;COL3A1;COL1A2;IGLV1-51;IGLV2-23;SCGB3A2;SAA1;HYOU1;CALR;IGKV3-20,Binding and Uptake of Ligands by Scavenger Receptors
ER to Golgi Anterograde Transport,1.379611e-06,2.924429,48.6633,ARF4;CTSZ;MIA2;MIA3;GOLGA2;PPP6C;TUBB6;ACTR1A;TFG;CAPZB;PPP6R1;TUBB1;PPP6R3;TMED2;TMED7;SPTAN1;CTSC;NSF;SEC13;TMED9;TRAPPC2L;COG2;COPZ2;ANK1;TUBA4B;SPTB;TUBA4A;ARFGAP1;BET1L;COPZ1;ARFGAP2;F5;DYNC1LI1;DYNC1LI2;F8;TRAPPC6B;PREB;SEC22B;ARF5;DCTN6;NAPA;COPB2;DCTN5;DYNC1I2;RAB1A;COPA;SEC23A;TMED10;DCTN2;TUBAL3;SAR1B;DCTN1;COPB1;DCTN4;GOSR2;RAB1B;DCTN3;USO1;NAPG;SPTA1;LMAN1;SCFD1;LMAN2;STX5;CD59;YKT6;SPTBN1;CD55;SEC31A;ANKRD28;TRAPPC3;DYNC1H1;TRAPPC1;SEC16A;TRAPPC4;TRAPPC5;GBF1;TRAPPC9;TUBB4B;TUBB4A;ARCN1;SEC23IP;GOLGB1;CAPZA1;CAPZA2;COPG2;COPG1;SEC24D;ACTR10;SEC24C;COPE;TUBA8;BET1,ER to Golgi Anterograde Transport
Apoptosis,1.453055e-06,2.962958,49.11484,YWHAE;YWHAB;HMGB2;HMGB1;LMNB1;PSMD8;PSMD6;PSMD7;FNTA;OPA1;YWHAQ;CDH1;CASP6;AKT2;PSMD2;C1QBP;CASP3;PSMD3;TNFSF10;AKT1;PSMD1;DNM1L;SPTAN1;YWHAG;KPNA1;APPL1;YWHAH;DSP;DBNL;PRKCD;YWHAZ;PSMA5;ARHGAP10;PSMA6;PSMA3;PSMA4;PSMA1;PSMA2;DSG1;PRKCQ;DSG2;KPNB1;PLEC;PSMD12;PSMD11;PSMD14;ROCK1;DIABLO;PSMD13;LY96;UACA;ADD1;PSMA7;PSMB6;PSMB7;PPP3R1;PSMB4;PSMB5;PSMB2;PSMB3;LMNA;PSMB1;MAPK1;SFN;CD14;BID;PAK2;GSDMD;BCAP31;CARD8;ADRM1;STAT3;PTK2;H1-5;TJP1;PSMC5;PSMC6;STK24;PSMC3;PSMC4;STK26;PSMC1;PSMC2;NMT1;CYCS;ACIN1;BAX;CTNNB1;VIM;BCL2L1;TJP2,Apoptosis
Regulation of Actin Dynamics for Phagocytic Cup Formation,1.524744e-06,3.004377,49.62075,CYFIP2;CYFIP1;NCKAP1;HSP90AB1;WIPF1;ARPC1B;IGHV3-23;ARPC1A;IGHV1-2;IGHV4-34;BRK1;IGHV1-46;IGLV8-61;IGLV4-60;IGLV2-8;IGKV1-16;IGKV2-29;IGKV1-17;IGLV7-46;CFL1;IGLV4-3;IGLC3;RAC1;IGHV3-7;NCK1;ACTR3;ACTR2;HSP90AA1;SYK;IGHV3-33;IGKV3D-20;VAV1;IGLV4-69;IGLV5-37;MYH2;IGLV3-16;IGLV3-12;BTK;ELMO1;IGKV4-1;MYH9;CRK;IGLV3-19;IGLV10-54;IGHV2-70;IGHV2-5;WAS;IGLV3-1;IGLV2-11;NCKIPSD;CDC42;IGLV3-25;PAK1;IGLV1-40;IGLV1-47;IGLV6-57;IGKC;IGLV5-45;IGLV2-14;IGLV3-21;IGLV3-22;IGLV2-18;MAPK1;NCKAP1L;WASF1;WASF2;WASF3;IGLC7;IGKV5-2;IGKV1-5;MYO5A;ARPC4;MYO9B;ARPC5;IGKV1D-16;IGLV7-43;BAIAP2;PTK2;IGLV1-51;FCGR2A;MYO1C;ARPC2;ABI2;ARPC3;IGLV2-23;ABI1;GRB2;CD247;IGKV3-20,Regulation of Actin Dynamics for Phagocytic Cup Formation
RHO GTPase Effectors,1.823853e-06,2.502577,40.85506,CYFIP2;CYFIP1;NCKAP1;WIPF1;MYLK;PPP1CB;PPP1CC;TUBB6;PPP2R1A;CDH1;KIF5B;CFL1;TUBB1;PRKCB;PRKCD;CYBB;PRKCA;TUBA4B;TUBA4A;DYNC1LI1;DYNC1LI2;MYL6;CLIP1;DAAM1;ZW10;BTK;PFN1;MYL9;S100A9;S100A8;IQGAP1;IQGAP2;KLC1;NCKIPSD;MYH14;NCKAP1L;SFN;SRGAP2;MYH10;RCC2;ARPC4;ARPC5;PTK2;DIAPH1;RPS27;ARPC2;ARPC3;PIN1;GRB2;TUBA8;ITGB1;YWHAE;YWHAB;ARPC1B;ARPC1A;BRK1;XPO1;YWHAQ;RAC2;RAC1;YWHAG;NCK1;YWHAH;ACTR3;ACTR2;NUDC;SEC13;PPP1R12A;RHOG;PPP2R5A;RANGAP1;CKAP5;YWHAZ;RHOA;CTTN;KIF2A;MYH9;EVL;PIK3C3;MAPRE1;PAFAH1B1;DYNC1I2;ROCK1;TUBAL3;ROCK2;SRC;WAS;CDC42;PPP2CB;PAK1;CTNNA1;FLNA;MAPK1;NUP43;BUB3;WASF1;PAK2;WASF2;WASF3;CLASP2;DYNC1H1;PPP1R14A;NDE1;TUBB4B;BAIAP2;MAPK14;TUBB4A;KTN1;FMNL1;ABI2;TAOK1;ABI1;CTNNB1;GOPC;PKN1,RHO GTPase Effectors
Clathrin-mediated Endocytosis,1.874206e-06,3.268621,53.23363,ITSN2;TFRC;SH3KBP1;ARPC1A;CLTC;CLTB;CLTA;AP2A1;ARRB1;STON2;FNBP1L;AP2A2;LDLRAP1;AP2M1;AGFG1;SH3GL1;ACTR3;ACTR2;FNBP1;EPS15L1;GAPVD1;ARFGAP1;DNM1;EPN1;DNM2;DNM3;GAK;VAMP8;VAMP7;CTTN;BIN1;HGS;STAM2;ARF6;VAMP3;RAB5B;RAB5C;GPS1;COPS7B;COPS7A;CBL;TGOLN2;PACSIN2;AP2S1;REPS2;UBQLN1;SNX9;PIP5K1C;APOB;EPS15;LDLR;REPS1;UBQLN2;HSPA8;TOR1A;EGF;M6PR;ARPC4;ARPC5;STAM;AP2B1;IGF2R;COPS4;COPS3;COPS6;DAB2;NECAP2;SNX18;COPS5;ARPC2;ARPC3;COPS2;AAK1;TRIP10;GRB2;COPS8;IL7R;RAB5A;PICALM,Clathrin-mediated Endocytosis
Cellular Responses to Stimuli,2.06086e-06,1.650549,26.70549,RPL5;RPL30;RPL3;RPL31;WIPF1;RPL34;PPP2R2A;RPL8;PHB2;CCAR2;RPL7;PSMD8;RPS14;RPS6KA3;PSMD6;RPS17;PSMD7;CAPNS1;RPL18A;RPS19;PPP2R1A;RPS18;AKT2;PSMD2;PSMD3;LONP1;AKT1;PSMD1;RPL35;RPL38;PRKACA;ATP6V1E1;RPS11;PRKACB;TRIM21;RPS10;SKP1;NUP214;ATP6V1G1;RPL23;PRKCD;RPL22;TALDO1;DYNC1LI1;DYNC1LI2;COX7A2L;PRKAR1A;CSNK2B;TXNIP;RPL24;MT-CO2;PREB;RPL27;MT-CO3;RPL29;TLN1;ATF6;RPL28;MRPL18;PDGFA;PRDX3;PRDX2;HSPH1;PRKAR2B;PRKAR2A;PRDX1;SERPINH1;SSR1;APOB;ATP6V1C1;HMOX2;SEC31A;FN1;GNG12;PRDX6;GNG11;PTK2;H1-5;RPS28;NPLOC4;RPS27;RPL27A;HYOU1;RPS20;CALR;RPS21;RPS24;RPS23;RPLP1;RPLP0;LIMD1;IKBKB;PANX1;ACTR1A;XPO1;CSRP1;RPLP2;ELOB;IKBKG;ELOC;SEC13;ANXA2;MINK1;PSMA5;PSMA6;MMP14;PSMA3;PSMA4;PSMA1;PSMA2;TKT;ATP6V0C;DYNC1I2;RPL12;RPL11;COX5B;COX5A;HSPA13;PSMA7;RELA;ADCY6;PSMB6;PSMB7;PSMB4;PSMB5;PGRMC2;RPS15A;PSMB2;PSMB3;PSMB1;LMNA;RPS3;RPL13;RPL15;RPS2;RPL17;RPL19;MAP4K4;DYNC1H1;STAT1;PTGES3;STAT3;GSR;RPA1;RPA2;COX6C;TUBB4B;TUBB4A;PSMC5;PSMC6;PSMC3;PSMC4;PSMC1;RPA3;CAPZA1;PSMC2;CAPZA2;CTNNB1;HDGF;LAMTOR2;LAMTOR1;LAMTOR4;ACTR10;LAMTOR3;LAMTOR5;ERO1A;COX6A1;CDH5;TUBB6;KHSRP;TUBB1;CAPN2;MAP3K5;IGFBP1;MAP2K3;MAP2K4;G6PD;RPS8;RPS5;RPS6;CYBB;RPSA;PGD;TUBA4B;PDIA6;TUBA4A;PDIA5;COX6B1;MAPKAPK3;TBL1XR1;MAPKAPK2;DNAJB11;TNIK;FKBP4;SQSTM1;VCL;FKBP5;ATP6V1A;PSMD12;VCP;PSMD11;NOTCH1;PSMD14;SHC1;PSMD13;CUL3;CUL2;CUL1;LY96;COX7A2;HSP90B1;DPP3;STIP1;BAG5;BAG2;BAG3;ATP6V1H;ATP6V1D;ATP6V1F;HSPA9;HSPA8;HSPA5;HSPA4;IDH1;GFPT1;EIF2S2;EIF2S1;NFKB1;EIF2S3;RHEB;GNAQ;GNB2;GNB1;GNAS;GNB4;SRPRA;CYCS;SRPRB;TPP1;GCLM;BCL2L1;TUBA8;ITGB1;YWHAE;GSK3B;ACADVL;HSP90AB1;COX4I1;FLT4;ITGB3;PIK3CB;LMNB1;RPS4X;RPL7A;CAPZB;ME1;ITGAV;CLEC1B;HSP90AA1;ABCC1;GPX1;CHUK;GPX3;APOA1;WIPI1;RPS3A;ARFGAP1;DNAJC3;IMPACT;DNAJC7;CAT;ATP6V1B2;PECAM1;TERF2IP;ITGA5;BLVRA;DCTN6;CAMK2B;DCTN5;CAMK2D;STOML2;DCTN2;TUBAL3;ATF6B;DCTN1;HM13;DCTN4;GOSR2;DCTN3;CAMK2A;ADD1;HDAC6;HSPD1;GNG2;GNG5;RBBP4;MAPK1;FYN;NUP43;CAMK2G;PTPN1;NDUFA4;EGF;TXNRD2;TXNRD1;ADRM1;RPL35A;RPL23A;MAPK14;SOD2;HSPE1;SOD3;MTOR;SOD1;DNAJA1;CCS;DNAJA2;P4HB,Cellular Responses to Stimuli
Defective CFTR Causes Cystic Fibrosis,2.120528e-06,10.85387,175.1793,PSMD12;VCP;PSMD11;PSMD14;PSMD13;SEL1L;PSMA7;PSMB6;PSMD8;PSMB7;PSMB4;PSMD6;PSMB5;PSMD7;OS9;PSMB2;PSMB3;PSMD2;PSMB1;PSMD3;PSMD1;ADRM1;ERLIN1;ERLIN2;PSMA5;PSMA6;PSMA3;PSMC5;PSMA4;PSMC6;PSMA1;PSMC3;PSMA2;PSMC4;PSMC1;PSMC2,Defective CFTR Causes Cystic Fibrosis
Signaling by NOTCH4,2.963067e-06,7.422738,117.2342,NOTCH2;PSMD12;NOTCH1;PSMD11;PSMD14;PSMD13;FLT4;CUL1;PSMA7;PSMD8;PSMB6;PSMB7;PSMD6;PSMB4;PSMD7;PSMB5;PSMB2;PSMB3;PSMD2;PSMD3;PSMB1;AKT1;PSMD1;SKP1;JAG1;ADRM1;ADAM10;YWHAZ;PSMA5;PSMA6;PSMA3;PSMC5;PSMA4;PSMC6;PSMA1;PSMC3;PSMA2;PSMC4;PSMC1;PSMC2;TACC3,Signaling by NOTCH4
Integrin Cell Surface Interactions,3.143138e-06,4.806552,75.57709,ITGB1;COL18A1;ITGAM;ITGB5;ITGB3;ITGA2B;ITGB2;ICAM2;TNC;ICAM3;ITGAE;F11R;ITGAL;COMP;IBSP;CDH1;BSG;ITGAV;MADCAM1;FGB;FGA;ITGA4;VWF;ITGA2;FGG;ITGA1;HSPG2;COL2A1;COL6A2;COL6A1;PECAM1;COL6A3;ITGA7;COL6A6;ITGA6;CD47;ITGA5;CD44;ITGA9;THBS1;VTN;SPP1;JAM3;VCAM1;LUM;FN1;COL1A1;COL3A1;COL1A2;COL5A1;COL5A2;AGRN;FBN1,Integrin Cell Surface Interactions
Signaling by Interleukins,3.327182e-06,2.015384,31.55248,APP;CSF1;PITPNA;INPPL1;F13A1;IRS2;CRKL;IL27RA;PSMD8;RPS6KA3;PSMD6;PSMD7;TBK1;PPP2R1A;PSMD2;PSMD3;CFL1;AKT1;PSMD1;PRKACA;MAP3K7;SKP1;MAP2K3;MAP2K4;MAP2K1;IL1R1;AIP;TALDO1;MIF;MTAP;MAPKAPK3;MAPKAPK2;FSCN1;PSME2;PRTN3;UBE2V1;IL6ST;SQSTM1;PPIA;CSF1R;PSMD12;NLRX1;PSMD11;PSMD14;SHC1;PSMD13;EBI3;STXBP2;CUL1;PIK3R1;HSP90B1;CNN2;HNRNPDL;S100A12;GSDMD;LYN;STAT5A;HSPA9;STAT5B;HSPA8;TGFB1;VCAM1;FN1;MSN;NFKB1;NFKB2;COL1A2;HNRNPF;TOLLIP;SDC1;GRB2;TAB1;IL7R;BCL2L1;NFKBIB;ITGB1;ITGAM;RPLP0;ITGB2;PIK3CB;PTPN23;HMGB1;LMNB1;IKBKB;CASP3;CTSG;IKBKG;TIMP1;LBP;CD36;JAK2;JAK3;JAK1;IKBIP;HSP90AA1;DUSP3;ANXA2;CHUK;SYK;GSTO1;MMP3;IL18;IL16;IRAK4;MMP9;YWHAZ;VAV1;PSMA5;FCER2;PSMA6;HCK;PSMA3;PSMA4;VAMP7;PSMA1;PSMA2;LCK;TRAF6;TCP1;CANX;SNRPA1;LCP1;CRK;LAMA5;USP14;RALA;CBL;PSMA7;RELA;PSMB6;CDC42;PSMB7;PPP2CB;IL1RL1;PSMB4;MUC1;PSMB5;PSMB2;PTPRZ1;PSMB3;CCL5;PSMB1;MAPK1;PTK2B;STX4;FYN;PAK2;PTPN18;STAT1;STAT3;ADRM1;PTPN11;PTPN12;MAPK14;SOD2;SOD1;PSMC5;PSMC6;TEC;PSMC3;PSMC4;PSMC1;CAPZA1;PSMC2;HNRNPA2B1;SAA1;PTPN6;P4HB;VIM,Signaling by Interleukins
RUNX1 Regulates Transcription of Genes Involved in Differentiation of HSCs,3.364802e-06,14.45987,226.0604,PSMD12;PSMD11;PSMD14;PSMD13;PSMA7;PSMD8;PSMB6;PSMB7;PSMD6;PSMB4;PSMD7;PSMB5;PSMB2;PSMB3;PSMD2;PSMD3;PSMB1;PSMD1;ADRM1;PSMA5;PSMA6;PSMA3;ITCH;PSMC5;PSMA4;PSMC6;PSMA1;PSMC3;PSMA2;PSMC4;PSMC1;PSMC2,RUNX1 Regulates Transcription of Genes Involved in Differentiation of HSCs
GTP Hydrolysis and Joining of the 60S Ribosomal Subunit,4.17106e-06,3.318757,51.1355,EIF4A2;EIF4A1;RPL5;RPL30;RPL3;RPL31;RPL34;RPLP1;RPLP0;RPL8;RPL7;RPS4X;RPS14;RPL7A;RPS17;RPL18A;RPS19;RPS18;RPL35;RPLP2;RPL38;RPS11;RPS10;EIF5B;RPS8;RPL23;RPS5;RPL22;RPS6;RPSA;RPS3A;RPL24;RPL27;RPL29;RPL28;RPL12;RPL11;RPS15A;EIF4H;RPS3;RPL13;RPL15;RPS2;EIF4E;RPL17;EIF4B;RPL19;RPL35A;RPL23A;EIF2S2;EIF2S1;RPS28;EIF3M;EIF2S3;EIF5;RPS27;EIF3K;EIF3L;RPL27A;EIF3I;EIF3J;EIF3G;EIF3H;RPS20;EIF3E;EIF3F;RPS21;EIF3D;RPS24;EIF3A;EIF4G1;RPS23;EIF3B,GTP Hydrolysis and Joining of the 60S Ribosomal Subunit
Downstream Signaling Events of B Cell Receptor (BCR),5.936498e-06,5.322217,80.06948,PSMD12;PSMD11;PSMD14;PSMD13;CUL1;PSMA7;RELA;IKBKB;PSMD8;PSMB6;PPP3CA;PSMB7;PPP3CB;PSMD6;PPP3R1;PSMB4;PSMD7;PSMB5;PSMB2;PSMB3;PSMD2;PSMD3;PSMB1;PSMD1;IKBKG;MAP3K7;SKP1;CHUK;PRKCB;ADRM1;NFKB1;PSMA5;FKBP1A;PSMA6;PSMA3;PSMC5;PSMA4;PSMC6;PSMA1;PSMC3;PSMA2;PSMC4;PSMC1;PSMC2;KRAS;PPIA;NFKBIB,Downstream Signaling Events of B Cell Receptor (BCR)
L13a-mediated Translational Silencing of Ceruloplasmin Expression,6.152379e-06,3.272349,49.07896,EIF4A2;EIF4A1;RPL5;RPL30;RPL3;RPL31;RPL34;RPLP1;RPLP0;RPL8;RPL7;RPS4X;RPS14;RPL7A;RPS17;RPL18A;RPS19;RPS18;RPL35;RPLP2;RPL38;RPS11;RPS10;RPS8;RPL23;RPS5;RPL22;RPS6;RPSA;RPS3A;RPL24;RPL27;PABPC1;RPL29;RPL28;RPL12;RPL11;RPS15A;EIF4H;RPS3;RPL13;RPL15;RPS2;EIF4E;RPL17;EIF4B;RPL19;RPL35A;RPL23A;EIF2S2;EIF2S1;RPS28;EIF3M;EIF2S3;RPS27;EIF3K;EIF3L;RPL27A;EIF3I;EIF3J;EIF3G;EIF3H;RPS20;EIF3E;EIF3F;RPS21;EIF3D;RPS24;EIF3A;EIF4G1;RPS23;EIF3B,L13a-mediated Translational Silencing of Ceruloplasmin Expression
ABC Transporter Disorders,7.953313e-06,7.056611,103.95,PSMD12;VCP;PSMD11;ABCB6;PSMD14;PSMD13;SEL1L;PSMA7;PSMD8;PSMB6;PSMB7;PSMD6;PSMB4;PSMD7;PSMB5;OS9;PSMB2;PSMB3;PSMD2;PSMD3;PSMB1;PSMD1;ABCD1;ADRM1;ERLIN1;APOA1;ERLIN2;PSMA5;PSMA6;PSMA3;PSMC5;PSMA4;PSMC6;PSMA1;PSMC3;PSMA2;PSMC4;PSMC1;PSMC2,ABC Transporter Disorders
Regulation of IGF Transport and Uptake by Insulin-like Growth Factor Binding Proteins (IGFBPs),8.311439e-06,3.099532,45.49014,APP;CSF1;PRKCSH;SERPINA10;TNC;PCSK9;MIA3;LAMC1;PRSS23;C4A;LGALS1;CDH2;CTSG;QSOX1;TIMP1;CHGB;IGFBP1;FGA;IGFBP5;IGFBP4;APLP2;IGFBP3;FGG;APOA2;ADAM10;APOA1;F2;PDIA6;APOA5;CKAP4;F5;DNAJC3;RCN1;VCAN;VGF;SPARCL1;FAM20C;VWA1;SCG3;FAM20A;GAS6;MFGE8;SCG2;PAPPA2;ITIH2;KLK1;LTBP1;FSTL1;KNG1;HSP90B1;FSTL3;TGOLN2;STC2;SPP1;SPP2;APOE;IGFBP6;APOB;APOL1;SERPIND1;GOLM1;LAMB2;TMEM132A;FN1;LAMB1;IGF1;CP;KTN1;PROC;CALU;HRC;NUCB1;NOTUM;P4HB;FBN1,Regulation of IGF Transport and Uptake by Insulin-like Growth Factor Binding Proteins (IGFBPs)
Transport to the Golgi and Subsequent Modification,8.502021e-06,2.455906,35.96312,MANEA;GOLGA2;TUBB6;TFG;TUBB1;NSF;ST6GAL1;TRAPPC2L;COG2;ANK1;TUBA4B;TUBA4A;DYNC1LI1;DYNC1LI2;PREB;COPB2;COPA;TMED10;SAR1B;COPB1;SPTA1;FUT8;SCFD1;MAN2A2;MAN2A1;CHST10;SPTBN1;SEC31A;ANKRD28;TRAPPC3;TRAPPC1;SEC16A;TRAPPC4;TRAPPC5;TRAPPC9;GOLGB1;COPE;TUBA8;ARF4;B4GALT1;CTSZ;MIA2;MIA3;PPP6C;ACTR1A;CAPZB;PPP6R1;PPP6R3;TMED2;TMED7;SPTAN1;CTSC;SEC13;TMED9;COPZ2;SPTB;ARFGAP1;BET1L;COPZ1;ARFGAP2;F5;F8;TRAPPC6B;SEC22B;ARF5;DCTN6;NAPA;DCTN5;DYNC1I2;RAB1A;SEC23A;DCTN2;TUBAL3;DCTN1;DCTN4;GOSR2;RAB1B;DCTN3;USO1;NAPG;LMAN1;LMAN2;MGAT5;MGAT3;STX5;CD59;MGAT1;MGAT2;YKT6;CD55;DYNC1H1;GBF1;TUBB4B;TUBB4A;ARCN1;SEC23IP;CAPZA1;CAPZA2;MGAT4B;COPG2;COPG1;SEC24D;ACTR10;SEC24C;BET1,Transport to the Golgi and Subsequent Modification
CLEC7A (Dectin-1) Signaling,8.67536e-06,4.156364,60.73622,AHCYL1;IKBKB;PSMD8;PPP3CA;PPP3CB;PSMD6;PSMD7;PSMD2;PSMD3;PSMD1;IKBKG;MAP3K7;SKP1;CHUK;SYK;PRKCD;PSMA5;PSMA6;PSMA3;PSMA4;PSMA1;PSMA2;TRAF6;UBE2V1;PSMD12;PSMD11;PSMD14;PSMD13;SRC;CUL1;ITPR1;ITPR2;PSMA7;RELA;PSMB6;PSMB7;PPP3R1;PSMB4;PSMB5;PSMB2;PSMB3;PSMB1;PLCG2;ADRM1;NFKB1;NFKB2;PSMC5;PSMC6;PSMC3;PSMC4;PSMC1;PSMC2;UBA3;TAB1;UBE2M,CLEC7A (Dectin-1) Signaling
Asparagine N-linked Glycosylation,8.67536e-06,2.031734,29.6697,MPI;MANEA;GOLGA2;TUBB6;TFG;TUBB1;NSF;PDIA3;ST6GAL1;ST6GAL2;TRAPPC2L;ALG5;COG2;ALG1;ANK1;TUBA4B;TUBA4A;DPM1;DYNC1LI1;DYNC1LI2;PREB;COPB2;COPA;VCP;TMED10;RPN2;SAR1B;COPB1;RPN1;SEL1L;UMOD;SPTA1;SCFD1;FUT8;MAN2A2;MAN2A1;CHST10;NEU1;ST8SIA4;MLEC;ST8SIA5;ST3GAL6;ST3GAL1;SPTBN1;SEC31A;MPDU1;CTSA;ANKRD28;TRAPPC3;TRAPPC1;SEC16A;TRAPPC4;PMM2;GFPT1;TRAPPC5;TRAPPC9;GOLGB1;STT3A;CALR;COPE;TUBA8;ARF4;UBXN1;B4GALT1;PRKCSH;CTSZ;MIA2;MIA3;MAGT1;ASGR2;HK1;GMPPB;PPP6C;ACTR1A;CAPZB;PPP6R1;GMPPA;PPP6R3;PGM3;TMED2;NANS;TMED7;GFUS;SPTAN1;CTSC;SEC13;TMED9;COPZ2;RENBP;RAD23B;SPTB;COPZ1;ARFGAP1;BET1L;DDOST;F5;ARFGAP2;F8;DAD1;TRAPPC6B;CANX;MVD;MAN1B1;SEC22B;ARF5;NAPA;DCTN6;DYNC1I2;DCTN5;RAB1A;SEC23A;DCTN2;TUBAL3;DCTN1;DCTN4;GOSR2;RAB1B;USO1;DCTN3;NPL;NAPG;LMAN1;GANAB;OS9;GMDS;LMAN2;MGAT5;MGAT3;STX5;CD59;MGAT1;MGAT2;YKT6;UGGT1;CD55;DYNC1H1;GBF1;TUBB4B;TUBB4A;ARCN1;SEC23IP;NAGK;GLB1;CAPZA1;PSMC1;CAPZA2;MGAT4B;COPG2;COPG1;SEC24D;ACTR10;SEC24C;BET1,Asparagine N-linked Glycosylation
Orc1 Removal From Chromatin,8.971204e-06,8.137832,118.4039,PSMD12;PSMD11;MCM7;PSMD14;PSMD13;CUL1;PSMA7;PSMD8;PSMB6;PSMB7;PSMD6;PSMB4;PSMD7;PSMB5;PSMB2;PSMB3;PSMD2;PSMD3;PSMB1;PSMD1;SKP1;ADRM1;PSMA5;PSMA6;PSMA3;PSMC5;PSMA4;PSMC6;PSMA1;PSMC3;PSMA2;PSMC4;PSMC1;PSMC2;MCM6;MCM2,Orc1 Removal From Chromatin
Regulation of RAS by GAPs,8.971204e-06,8.137832,118.4039,PSMD12;PSMD11;PSMD14;PSMD13;CUL3;PSMA7;PSMD8;PSMB6;PSMB7;PSMD6;PSMB4;PSMD7;PSMB5;PSMB2;PSMB3;PSMD2;PSMD3;PSMB1;PSMD1;ADRM1;PSMA5;PSMA6;PSMA3;PSMC5;PSMA4;PSMC6;PSMA1;RASA3;PSMC3;PSMA2;PSMC4;RASA1;PSMC1;RASA2;PSMC2;KRAS,Regulation of RAS by GAPs
RAF MAP Kinase Cascade,9.090579e-06,2.403418,34.90382,ITGA2B;ARAF;PEBP1;IRS2;PSMD8;PPP1CB;PPP1CC;PSMD6;PSMD7;FNTA;PPP2R1A;PSMD2;PSMD3;FNTB;PSMD1;PDGFRB;PDGFRA;MAP2K1;MAP2K2;ACTN2;PRKCQ;TLN1;VCL;PSMD12;PSMD11;PSMD14;PSMD13;SHC1;CUL3;PDGFB;PDGFA;ARL2;IQGAP1;PIK3R1;PHB;SPTA1;RAP1A;SPTBN1;FN1;PTK2;PPP5C;DLG1;PTPRA;GRB2;FGFR4;FGFR3;FGFR2;LAT;BCL2L1;FGFR1;YWHAB;ITGB3;ARRB1;PIK3CB;JAK2;JAK3;SPTAN1;JAK1;FGB;FGA;LYPLA1;KSR1;VWF;FGG;PPP2R5A;SPTB;PSMA5;PSMA6;PSMA3;PSMA4;PSMA1;RASA3;PSMA2;RASA1;KIT;RASA2;RAPGEF2;CAMK2B;CAMK2D;SRC;CAMK2A;PSMA7;PSMB6;PPP2CB;PSMB7;PSMB4;PSMB5;PSMB2;PSMB3;PSMB1;MAPK1;CSK;FYN;NCAM1;CAMK2G;ANGPT1;EGF;ADRM1;KITLG;PSMC5;PSMC6;PSMC3;PSMC4;PSMC1;PSMC2;LAMTOR2;KRAS;LAMTOR3,RAF MAP Kinase Cascade
TCR Signaling,9.090579e-06,3.471826,50.40109,PTEN;PTPRJ;PIK3CB;PSMD8;IKBKB;PSMD6;PSMD7;GRAP2;PSMD2;PSMD3;PSMD1;IKBKG;MAP3K7;SKP1;HLA-DPA1;NCK1;CHUK;PSMA5;PSMA6;PSMA3;PSMA4;PSMA1;LCK;PSMA2;TRAF6;PRKCQ;EVL;LCP2;UBE2V1;CD101;HLA-DQB1;PSMD12;PSMD11;PSMD14;PSMD13;CUL1;WAS;PIK3R1;PSMA7;RELA;PSMB6;PSMB7;PAK1;PSMB4;PSMB5;PSMB2;PSMB3;PSMB1;PLCG2;CSK;PAK2;VASP;ADRM1;NFKB1;PSMC5;PTPRC;PSMC6;PSMC3;PSMC4;PSMC1;PSMC2;HLA-DPB1;CD247;HLA-DRB3;LAT,TCR Signaling
SCF(Skp2)-mediated Degradation of P27 P21,9.662299e-06,9.940857,143.6116,PSMD12;PSMD11;PSMD14;PSMD13;CUL1;PSMA7;PSMD8;PSMB6;PSMB7;PSMD6;PSMB4;PSMD7;PSMB5;PSMB2;PSMB3;PSMD2;PSMD3;PSMB1;PSMD1;SKP1;ADRM1;PSMA5;PSMA6;PSMA3;PSMC5;PSMA4;PSMC6;PSMA1;PSMC3;PSMA2;PSMC4;PSMC1;PSMC2,SCF(Skp2)-mediated Degradation of P27 P21
MAPK1 MAPK3 Signaling,9.884175e-06,2.355844,33.95813,ITGA2B;ARAF;PEBP1;IRS2;PSMD8;PPP1CB;PPP1CC;PSMD6;PSMD7;FNTA;PPP2R1A;PSMD2;PSMD3;FNTB;PSMD1;PDGFRB;PDGFRA;MAP2K1;MAP2K2;ACTN2;PRKCQ;TLN1;IL6ST;VCL;PSMD12;PSMD11;PSMD14;PSMD13;SHC1;CUL3;PDGFB;PDGFA;ARL2;IQGAP1;PIK3R1;PHB;SPTA1;RAP1A;SPTBN1;FN1;PTK2;PPP5C;DLG1;PTPRA;CDK1;GRB2;FGFR4;FGFR3;FGFR2;LAT;BCL2L1;FGFR1;YWHAB;ITGB3;ARRB1;PIK3CB;JAK2;JAK3;SPTAN1;JAK1;FGB;FGA;LYPLA1;KSR1;VWF;FGG;PPP2R5A;SPTB;PSMA5;PSMA6;PSMA3;PSMA4;PSMA1;RASA3;PSMA2;RASA1;KIT;RASA2;RAPGEF2;CAMK2B;CAMK2D;SRC;CAMK2A;PSMA7;PSMB6;PPP2CB;PSMB7;PSMB4;PSMB5;PSMB2;PSMB3;PSMB1;MAPK1;CSK;FYN;NCAM1;CAMK2G;ANGPT1;EGF;ADRM1;PTPN11;KITLG;PSMC5;PSMC6;PSMC3;PSMC4;PSMC1;PSMC2;LAMTOR2;KRAS;LAMTOR3,MAPK1 MAPK3 Signaling
Transport of Small Molecules,1.030033e-05,1.782388,25.60185,SLC35B2;AHCYL2;TFRC;SLC4A1;SLC4A2;LIPA;PHB2;AQP1;PSMD8;PSMD6;LIPC;PSMD7;PSMD2;FTH1;LIPG;PSMD3;BSG;PSMD1;PRKACA;ATP6V1E1;PRKACB;SKP1;ATP6V1G1;AFG3L2;PRKAR1A;TFR2;VDAC3;VDAC2;VDAC1;CETP;TTYH3;ABCB6;SAR1B;MTTP;ABCB9;CYB5R1;PRKAR2B;PRKAR2A;APOF;ATP6V0A2;APOD;APOE;APOB;HMOX2;ATP6V1C1;ATP6V0A1;TRPM4;ERLIN1;ERLIN2;GNG12;CP;GNG11;SLC6A6;NCEH1;WNK1;SLC44A1;SLC44A2;CLTC;CLTA;PCSK9;AP2A1;MAGT1;VLDLR;PCSK6;AP2A2;PCSK5;LDLRAP1;SLC18A2;TSC22D3;ANO6;SLC39A14;PSMA5;PSMA6;SLC7A5;PSMA3;PSMA4;PSMA1;PSMA2;ANGPTL8;ANGPTL3;ANGPTL4;MICU2;SLC29A1;MICU1;ATP6V0C;SLC7A1;ADCY6;PSMA7;PSMB6;PSMB7;PSMB4;PSMB5;PSMB2;OS9;PSMB3;PSMB1;AP2S1;ANO10;LDLR;DMTN;PEX19;AP2B1;RAB11A;LETM1;SLC8A3;PSMC5;PSMC6;PSMC3;PSMC4;PSMC1;PSMC2;RHAG;ESYT2;ESYT1;STEAP3;ATP8A1;HDLBP;PMPCB;SLC16A7;PMPCA;SLC39A7;SLC16A3;AP2M1;ATP1B3;SLC30A1;ATP1B1;SLC9A9;LPA;FTL;SLC27A4;ATP6V1A;PSMD12;VCP;PSMD11;PSMD14;PSMD13;SEL1L;CUL1;ARL2;LPL;PHB;SLC1A5;SLC9A1;ATP6V1H;PLTP;ATP6V1D;ATP6V1F;SLC14A1;EIF2S2;EIF2S1;BMP1;EIF2S3;PIP;GNB2;GNB1;GNAS;GNB4;ACO1;MCU;SLC25A1;ATP2A3;SLC2A1;ATP2A2;SLC2A3;ALAD;HEPH;CA4;ABCD1;ABCC4;ABCC1;TRPC6;ATP6AP1;GLRX3;APOA2;APOA1;LSR;APOA5;ASPH;ATP6V1B2;SLC25A5;SLC25A11;SLC25A6;CAMK2B;CAMK2D;STOML2;CAMK2A;LCAT;FURIN;SLC3A2;SRI;ATP1A1;ADD3;ATP2C1;CLCN3;ADD1;ADD2;CAND1;GNG2;GNG5;LRRC8D;STOM;CAMK2G;ABCF1;SLC12A2;ATP13A1;ADRM1;APOC4;APOBR;APOC3;ATP2B1;CLCN4;APOC2;P4HB,Transport of Small Molecules
C-type Lectin Receptors (CLRs),1.217736e-05,3.179613,45.10945,AHCYL1;ICAM2;ICAM3;PSMD8;IKBKB;PPP3CA;PSMD6;PPP3CB;PSMD7;PSMD2;PSMD3;PSMD1;MUC13;IKBKG;PRKACA;MAP3K7;PRKACB;SKP1;FCER1G;MUCL1;CHUK;SYK;PRKCD;MUC5AC;PSMA5;PSMA6;PSMA3;PSMA4;PSMA1;PSMA2;TRAF6;UBE2V1;PSMD12;PSMD11;PSMD14;PSMD13;SRC;CUL1;ITPR1;ITPR2;PSMA7;RELA;PSMB6;PSMB7;PPP3R1;MUC1;PAK1;PSMB4;PSMB5;PSMB2;PSMB3;PSMB1;PLCG2;FYN;PAK2;LYN;ADRM1;NFKB1;NFKB2;PSMC5;PSMC6;PSMC3;PSMC4;PSMC1;PSMC2;UBA3;KRAS;TAB1;MUC20;UBE2M,C-type Lectin Receptors (CLRs)
Cellular Response to Hypoxia,1.443629e-05,7.90952,110.7942,PSMD12;PSMD11;PSMD14;PSMD13;CUL2;LIMD1;PSMA7;PSMD8;PSMB6;PSMB7;PSMD6;PSMB4;PSMD7;PSMB5;PSMB2;PSMB3;PSMD2;PSMD3;PSMB1;PSMD1;ELOB;ELOC;ADRM1;PSMA5;PSMA6;PSMA3;PSMC5;PSMA4;PSMC6;PSMA1;PSMC3;PSMA2;PSMC4;PSMC1;PSMC2,Cellular Response to Hypoxia
Non-integrin membrane-ECM Interactions,1.519562e-05,6.03111,84.06318,ITGB1;LAMA5;ITGB5;LAMA2;SDC4;LAMA1;ITGB3;COL11A1;LAMA4;NRXN1;COL11A2;LAMA3;TNC;PDGFB;PDGFA;LAMC1;THBS1;VTN;TTR;DAG1;ITGAV;TGFB1;LAMB2;ACTN1;ITGA2;TRAPPC4;FN1;PRKCA;LAMB1;HSPG2;COL1A1;COL3A1;COL2A1;COL1A2;COL5A1;COL5A2;SDC1;ITGA6;AGRN;DDR2,Non-integrin membrane-ECM Interactions
Transcriptional Regulation by RUNX3,1.519562e-05,6.03111,84.06318,PSMD12;NOTCH1;PSMD11;PSMD14;PSMD13;SRC;ITGAL;PSMA7;PSMD8;PSMB6;PSMB7;PSMD6;PSMB4;PSMD7;PSMB5;PSMB2;PSMB3;PSMD2;PSMD3;PSMB1;SPP1;PSMD1;JAG1;TGFB1;ITGA4;ADRM1;PSMA5;PSMA6;PSMA3;PSMC5;PSMA4;PSMC6;PSMA1;PSMC3;PSMA2;PSMC4;PSMC1;PSMC2;CTNNB1;KRAS,Transcriptional Regulation by RUNX3
Metabolism of Polyamines,1.585395e-05,9.636866,133.826,PSMD12;PSMD11;PSMD14;PSMD13;PSMA7;PSMB6;PSMD8;PSMB7;PSMB4;PSMD6;PSMB5;PSMD7;PSMB2;PSMB3;PSMD2;PSMB1;PSMD3;PSMD1;ADRM1;PSMA5;PSMA6;PSMA3;PSMC5;PSMA4;PSMC6;PSMA1;PSMC3;PSMA2;PSMC4;PSMC1;PSMC2;SMS,Metabolism of Polyamines
Proteasome Assembly,1.830738e-05,5.42939,74.56781,PSMD10;PSMD12;PSMD11;PSMD14;PSMD13;PSMA7;PSMB10;PSMD8;PSMB6;PSMD9;PSMB7;PSMD6;PSMB4;PSMD7;PSMB5;PSMD4;PSMB2;PSMD5;PSMB3;PSMD2;PSMD3;PSMB1;PSMD1;PSMF1;PAAF1;ADRM1;PSMB8;PSMB9;PSMA5;PSMA6;PSMA3;PSMC5;PSMA4;PSMC6;PSMA1;PSMC3;PSMA2;PSMC4;PSMC1;PSMC2;PSME1;PSME2,Proteasome Assembly
FCERI Mediated Ca+2 Mobilization,1.900915e-05,3.363062,46.01216,AHCYL1;IGHV3-23;IGHV1-2;IGHV4-34;IGHV1-46;IGLV8-61;IGLV4-60;IGLV2-8;PPP3CA;PPP3CB;IGKV1-16;IGKV2-29;IGKV1-17;GRAP2;IGLV7-46;IGLV4-3;IGLC3;IGHV3-7;FCER1G;SYK;IGHV3-33;IGKV3D-20;VAV1;IGLV4-69;IGLV5-37;IGLV3-16;IGLV3-12;BTK;IGKV4-1;LCP2;IGLV3-19;IGLV10-54;IGHV2-70;IGHV2-5;SHC1;ITPR1;ITPR2;IGLV3-1;IGLV2-11;IGLV3-25;PPP3R1;IGLV1-40;IGLV1-47;IGLV6-57;IGKC;IGLV5-45;IGLV2-14;IGLV3-21;IGLV3-22;PLCG2;IGLV2-18;LYN;IGLC7;IGKV5-2;IGKV1-5;IGKV1D-16;IGLV7-43;IGLV1-51;TEC;IGLV2-23;GRB2;IGKV3-20;LAT,FCERI Mediated Ca+2 Mobilization
Interleukin-12 Family Signaling,1.900915e-05,6.690904,91.5245,RALA;PITPNA;RPLP0;EBI3;IL27RA;LMNB1;CDC42;CNN2;HNRNPDL;CFL1;JAK2;PAK2;JAK1;HSPA9;ANXA2;GSTO1;STAT1;STAT3;AIP;TALDO1;MSN;MIF;SOD2;SOD1;MTAP;VAMP7;CAPZA1;HNRNPF;CANX;TCP1;HNRNPA2B1;PSME2;SNRPA1;LCP1;P4HB;IL6ST;PPIA,Interleukin-12 Family Signaling
"Plasma Lipoprotein Assembly, Remodeling, and Clearance",2.08619e-05,4.978217,67.59066,CETP;SAR1B;CLTC;MTTP;HDLBP;CLTA;PCSK9;LCAT;LPL;AP2A1;FURIN;VLDLR;PCSK6;AP2A2;LIPA;PCSK5;LIPC;LIPG;AP2S1;APOF;APOE;LDLRAP1;PRKACA;APOB;PRKACB;LDLR;PLTP;AP2M1;APOA2;APOC4;APOA1;APOBR;APOC3;LSR;AP2B1;APOA5;BMP1;NCEH1;APOC2;ANGPTL8;ANGPTL3;ANGPTL4;P4HB;LPA,"Plasma Lipoprotein Assembly, Remodeling, and Clearance"
Hh Mutants Are Degraded by ERAD,2.306313e-05,7.681338,103.4552,PSMD12;VCP;PSMD11;PSMD14;PSMD13;SEL1L;PSMA7;PSMB6;PSMD8;PSMB7;PSMB4;PSMD6;PSMB5;PSMD7;OS9;PSMB2;PSMB3;PSMD2;PSMB1;PSMD3;PSMD1;ADRM1;PSMA5;PSMA6;PSMA3;PSMC5;PSMA4;PSMC6;PSMA1;PSMC3;PSMA2;PSMC4;PSMC1;PSMC2,Hh Mutants Are Degraded by ERAD
TNFR2 Non-Canonical NF-kB Pathway,2.377825e-05,5.878649,78.94639,PSMD12;PSMD11;PSMD14;PSMD13;CUL1;PSMA7;PSMD8;PSMB6;PSMB7;PSMD6;PSMB4;PSMD7;PSMB5;PSMB2;PSMB3;PSMD2;PSMD3;PSMB1;PSMD1;SKP1;CHUK;ADRM1;TNFSF13;NFKB2;PSMA5;PSMA6;PSMA3;PSMC5;PSMA4;CD40LG;PSMC6;PSMA1;PSMC3;PSMA2;PSMC4;PSMC1;PSMC2;UBA3;UBE2M,TNFR2 Non-Canonical NF-kB Pathway
Cytokine Signaling in Immune System,2.479856e-05,1.641312,21.94404,EIF4A2;IFITM3;EIF4A1;APP;IFITM2;EIF4A3;PITPNA;IFI35;SLA2;IFI30;CRKL;IL27RA;PSMD8;RPS6KA3;PSMD6;PSMD7;TBK1;PPP2R1A;AKT2;PSMD2;PSMD3;AKT1;PSMD1;TRIM25;PRKACA;TRIM21;SKP1;NUP214;IL1R1;PRKCD;HLA-B;TALDO1;HLA-C;MIF;HLA-A;HLA-E;MTAP;PSME2;NLRX1;EBI3;STXBP2;PIK3R1;PLCG2;S100A12;LYN;STAT5A;GSDMD;STAT5B;TNFSF13;FN1;EIF2AK2;BST2;COL1A2;HNRNPF;TOLLIP;SDC1;GRB2;HLA-DRB3;RPLP0;PTPRJ;IKBKB;CTSG;ELOB;IKBKG;CD36;ELOC;TIMP1;JAK2;JAK3;HLA-DPA1;JAK1;IKBIP;SEC13;DUSP3;SYK;ANXA2;GSTO1;IL18;IL16;VAV1;PSMA5;PSMA6;FCER2;HCK;PSMA3;PSMA4;VAMP7;PSMA1;PSMA2;CANX;TCP1;CD44;HLA-DQB1;RNASEL;IFI6;PSMA7;RELA;PSMB6;PSMB7;PPP2CB;PSMB4;PSMB5;PSMB2;PSMB3;PSMB1;FLNA;FLNB;STX4;PAK2;NPM1;STAT1;STAT3;TUBB4B;TUBB4A;PSMB8;PSMC5;PSMC6;CD40LG;PSMC3;PSMC4;PSMC1;CAPZA1;PSMC2;HNRNPA2B1;HLA-DPB1;SAA1;CSF1;INPPL1;F13A1;IRS2;TUBB6;GRAP2;CFL1;TUBB1;KPNA4;KPNA3;MAP3K7;KPNA1;MAP2K3;MAP2K4;MAP2K1;AIP;TUBA4B;ILF2;TUBA4A;ADAM17;ILF3;MAPKAPK3;MAPKAPK2;FSCN1;PRTN3;UBE2V1;IL6ST;SQSTM1;PPIA;KPNB1;IFNAR1;CSF1R;PSMD12;PSMD11;PSMD14;UBA7;CUL5;SHC1;PSMD13;CUL1;HSP90B1;CNN2;HNRNPDL;HSPA9;HSPA8;VCAM1;TGFB1;MSN;ISG15;EIF2S2;EIF2S1;NFKB1;NFKB2;MAVS;EIF2S3;UBA3;CDK1;PIN1;TAB1;IL7R;EIF4G3;EIF4G2;UBE2M;BCL2L1;EIF4G1;TUBA8;NFKBIB;ITGB1;ITGAM;ITGB2;PIK3CB;HMGB1;PTPN23;YBX1;LMNB1;GHR;CASP3;LBP;NCK1;HSP90AA1;CHUK;MMP3;PPP2R5A;IRAK4;MMP9;YWHAZ;DNAJC3;PPM1B;LCK;TRAF6;OAS3;SNRPA1;LCP1;CRK;IRF9;CAMK2B;LAMA5;USP14;RALA;CAMK2D;TUBAL3;SRC;CAMK2A;CBL;CDC42;IL1RL1;MUC1;PTPRZ1;CCL5;PTK2B;MAPK1;FYN;NUP43;CSK;NCAM1;EIF4E;CAMK2G;SNCA;PTPN1;PTPN18;ADRM1;PTPN11;PTPN12;MAPK14;SOD2;SOD1;TEC;PTPN6;KRAS;P4HB;VIM;ABCE1,Cytokine Signaling in Immune System
Degradation of AXIN,2.479856e-05,9.333048,124.4067,PSMD12;PSMD11;PSMD14;PSMD13;PSMA7;PSMB6;PSMD8;PSMB7;PSMB4;PSMD6;PSMB5;PSMD7;PSMB2;PSMB3;PSMD2;PSMB1;PSMD3;PSMD1;ADRM1;PSMA5;PSMA6;PSMA3;PSMC5;PSMA4;PSMC6;PSMA1;PSMC3;PSMA2;PSMC4;PSMC1;PSMC2,Degradation of AXIN
Elastic Fibre Formation,2.479856e-05,9.333048,124.4067,ITGB1;BMP10;ITGB5;ITGB3;LOXL3;LTBP4;FBLN1;FURIN;LTBP2;LTBP3;FBLN2;LTBP1;FBLN5;LOXL1;VTN;EFEMP2;EFEMP1;EMILIN3;EMILIN2;EMILIN1;ITGAV;TGFB2;TGFB1;FN1;BMP7;MFAP5;MFAP4;LOX;MFAP2;ITGA5;FBN1,Elastic Fibre Formation
G1 S DNA Damage Checkpoints,2.479856e-05,9.333048,124.4067,PSMD12;PSMD11;PSMD14;PSMD13;PSMA7;PSMD8;PSMB6;PSMB7;PSMD6;PSMB4;PSMD7;PSMB5;PSMB2;PSMB3;PSMD2;PSMD3;PSMB1;PSMD1;ADRM1;PSMA5;PSMA6;PSMA3;PSMC5;PSMA4;PSMC6;PSMA1;PSMC3;PSMA2;PSMC4;PSMC1;PSMC2,G1 S DNA Damage Checkpoints
Interleukin-12 Signaling,2.479856e-05,9.333048,124.4067,RALA;PITPNA;RPLP0;LMNB1;CDC42;CNN2;HNRNPDL;CFL1;JAK2;PAK2;JAK1;HSPA9;ANXA2;GSTO1;AIP;MSN;TALDO1;MIF;SOD2;SOD1;MTAP;VAMP7;CAPZA1;HNRNPF;HNRNPA2B1;TCP1;PSME2;SNRPA1;LCP1;P4HB;PPIA,Interleukin-12 Signaling
p53-Dependent G1 DNA Damage Response,2.479856e-05,9.333048,124.4067,PSMD12;PSMD11;PSMD14;PSMD13;PSMA7;PSMD8;PSMB6;PSMB7;PSMD6;PSMB4;PSMD7;PSMB5;PSMB2;PSMB3;PSMD2;PSMD3;PSMB1;PSMD1;ADRM1;PSMA5;PSMA6;PSMA3;PSMC5;PSMA4;PSMC6;PSMA1;PSMC3;PSMA2;PSMC4;PSMC1;PSMC2,p53-Dependent G1 DNA Damage Response
p53-Dependent G1 S DNA Damage Checkpoint,2.479856e-05,9.333048,124.4067,PSMD12;PSMD11;PSMD14;PSMD13;PSMA7;PSMD8;PSMB6;PSMB7;PSMD6;PSMB4;PSMD7;PSMB5;PSMB2;PSMB3;PSMD2;PSMD3;PSMB1;PSMD1;ADRM1;PSMA5;PSMA6;PSMA3;PSMC5;PSMA4;PSMC6;PSMA1;PSMC3;PSMA2;PSMC4;PSMC1;PSMC2,p53-Dependent G1 S DNA Damage Checkpoint
Cellular Responses to Stress,2.493862e-05,1.60891,21.4244,RPL5;RPL30;RPL3;RPL31;WIPF1;RPL34;RPL8;PHB2;CCAR2;RPL7;PSMD8;RPS14;RPS6KA3;PSMD6;RPS17;PSMD7;RPL18A;RPS19;RPS18;AKT2;PSMD2;PSMD3;LONP1;AKT1;PSMD1;RPL35;RPL38;ATP6V1E1;RPS11;TRIM21;RPS10;SKP1;NUP214;ATP6V1G1;RPL23;PRKCD;RPL22;TALDO1;DYNC1LI1;DYNC1LI2;COX7A2L;CSNK2B;TXNIP;RPL24;MT-CO2;PREB;RPL27;MT-CO3;RPL29;TLN1;ATF6;RPL28;MRPL18;PDGFA;PRDX3;PRDX2;HSPH1;PRDX1;SERPINH1;SSR1;APOB;ATP6V1C1;HMOX2;SEC31A;PRDX6;H1-5;RPS28;NPLOC4;RPS27;RPL27A;HYOU1;RPS20;CALR;RPS21;RPS24;RPS23;RPLP1;RPLP0;LIMD1;ACTR1A;XPO1;RPLP2;ELOB;ELOC;SEC13;MINK1;PSMA5;PSMA6;PSMA3;PSMA4;PSMA1;PSMA2;TKT;ATP6V0C;DYNC1I2;RPL12;RPL11;COX5B;COX5A;HSPA13;PSMA7;RELA;PSMB6;PSMB7;PSMB4;PSMB5;PGRMC2;RPS15A;PSMB2;PSMB3;PSMB1;LMNA;RPS3;RPL13;RPL15;RPS2;RPL17;RPL19;MAP4K4;DYNC1H1;PTGES3;STAT3;GSR;RPA1;RPA2;COX6C;TUBB4B;TUBB4A;PSMC5;PSMC6;PSMC3;PSMC4;PSMC1;RPA3;CAPZA1;PSMC2;CAPZA2;HDGF;LAMTOR2;LAMTOR1;LAMTOR4;ACTR10;LAMTOR3;LAMTOR5;ERO1A;COX6A1;TUBB6;KHSRP;TUBB1;MAP3K5;IGFBP1;MAP2K3;MAP2K4;G6PD;RPS8;RPS5;RPS6;CYBB;RPSA;PGD;TUBA4B;PDIA6;TUBA4A;PDIA5;COX6B1;MAPKAPK3;TBL1XR1;MAPKAPK2;DNAJB11;TNIK;FKBP4;SQSTM1;FKBP5;ATP6V1A;PSMD12;VCP;PSMD11;NOTCH1;PSMD14;SHC1;PSMD13;CUL3;CUL2;CUL1;LY96;COX7A2;HSP90B1;DPP3;STIP1;BAG5;BAG2;BAG3;ATP6V1H;ATP6V1D;ATP6V1F;HSPA9;HSPA8;HSPA5;HSPA4;IDH1;GFPT1;EIF2S2;EIF2S1;NFKB1;EIF2S3;RHEB;SRPRA;CYCS;SRPRB;TPP1;GCLM;BCL2L1;TUBA8;YWHAE;GSK3B;ACADVL;HSP90AB1;COX4I1;LMNB1;RPS4X;RPL7A;CAPZB;ME1;CLEC1B;HSP90AA1;ABCC1;GPX1;GPX3;APOA1;WIPI1;RPS3A;ARFGAP1;DNAJC3;IMPACT;DNAJC7;CAT;ATP6V1B2;TERF2IP;BLVRA;DCTN6;CAMK2B;DCTN5;CAMK2D;STOML2;DCTN2;TUBAL3;ATF6B;DCTN1;HM13;DCTN4;GOSR2;DCTN3;CAMK2A;ADD1;HDAC6;HSPD1;RBBP4;MAPK1;NUP43;CAMK2G;NDUFA4;EGF;TXNRD2;TXNRD1;ADRM1;RPL35A;RPL23A;MAPK14;SOD2;HSPE1;SOD3;MTOR;SOD1;DNAJA1;CCS;DNAJA2;P4HB,Cellular Responses to Stress
Regulation of mRNA Stability by Proteins That Bind AU-rich Elements,2.500283e-05,4.117401,54.78458,YWHAB;ELAVL1;PSMD8;PSMD6;PSMD7;XPO1;KHSRP;PSMD2;PSMD3;AKT1;PSMD1;TNPO1;NUP214;PRKCD;PRKCA;YWHAZ;PSMA5;PSMA6;PSMA3;PSMA4;PSMA1;PSMA2;MAPKAPK2;PABPC1;PSMD12;PSMD11;SET;ANP32A;PSMD14;PSMD13;PSMA7;PSMB6;PSMB7;PSMB4;PSMB5;PSMB2;PSMB3;PSMB1;HSPA8;ADRM1;TNFSF13;MAPK14;PSMC5;PSMC6;PSMC3;PSMC4;PSMC1;PSMC2;HNRNPD;EIF4G1,Regulation of mRNA Stability by Proteins That Bind AU-rich Elements
L1CAM Interactions,2.636464e-05,3.401238,45.04853,ITGB1;NRP1;NRP2;ITGB3;NCAN;ITGA2B;CLTC;CLTA;AP2A1;LAMC1;AP2A2;RPS6KA3;TUBB6;ALCAM;CHL1;DPYSL2;TUBB1;NRCAM;ITGAV;RAC1;SPTAN1;AP2M1;LYPLA2;MAP2K1;MAP2K2;ITGA2;ITGA1;ANK1;TUBA4B;SPTB;TUBA4A;DNM1;DNM2;DNM3;CSNK2B;NUMB;ITGA5;EZR;ITGA9;TUBAL3;LAMA1;SRC;SPTA1;SDCBP;PAK1;AP2S1;MAPK1;NCAM1;SPTBN1;HSPA8;RDX;MSN;LAMB1;AP2B1;L1CAM;TUBB4B;TUBB4A;DLG1;FGFR1;TUBA8,L1CAM Interactions
Host Interactions of HIV Factors,4.352717e-05,2.88872,36.77651,AP2A1;AP2A2;PSMD8;PSMD6;PSMD7;XPO1;AP1G1;PSMD2;PSMD3;AP1S2;AP1S1;PSMD1;BANF1;ELOB;ELOC;RAC1;AP2M1;KPNA1;SKP1;NUP214;SEC13;AP1B1;HLA-A;RANGAP1;PSMA5;HCK;PSMA6;PSMA3;PSMA4;PSMA1;LCK;PACS1;PSMA2;ELMO1;DOCK2;SLC25A5;PPIA;KPNB1;SLC25A6;PSMD12;PSMD11;CUL5;PSMD14;PSMD13;PSMA7;PSMB6;PSMB7;PSMB4;PSMB5;PSMB2;PSMB3;PSMB1;AP2S1;ATP6V1H;FYN;NUP43;PAK2;AP1M1;RANBP1;NPM1;ADRM1;AP2B1;PSMC5;PSMC6;PSMC3;PSMC4;PSMC1;PSMC2;CD247;RAN,Host Interactions of HIV Factors
Gene and Protein Expression by JAK-STAT Signaling After Interleukin-12 Stimulation,4.352717e-05,12.18311,155.0652,RALA;PITPNA;RPLP0;LMNB1;CDC42;CNN2;HNRNPDL;CFL1;PAK2;HSPA9;ANXA2;GSTO1;AIP;MSN;TALDO1;MIF;SOD2;SOD1;MTAP;CAPZA1;HNRNPF;HNRNPA2B1;TCP1;PSME2;SNRPA1;LCP1;PPIA,Gene and Protein Expression by JAK-STAT Signaling After Interleukin-12 Stimulation
MHC Class II Antigen Presentation,5.179403e-05,3.055757,38.33852,CLTC;CLTA;AP2A1;IFI30;AP2A2;CTSS;TUBB6;ACTR1A;ACTR1B;CAPZB;AP1G1;KIF5B;TUBB1;AP1S2;AP1S1;CTSH;CTSF;CTSD;AP2M1;CTSC;CTSB;HLA-DPA1;SEC13;AP1B1;TUBA4B;TUBA4A;DNM1;DNM2;DNM3;DYNC1LI1;DYNC1LI2;KIF2A;CANX;HLA-DQB1;RAB7A;DCTN6;DCTN5;DYNC1I2;SEC23A;DCTN2;TUBAL3;SAR1B;DCTN1;DCTN4;DCTN3;KLC1;AP2S1;RILP;AP1M1;SEC31A;CTSA;CD74;DYNC1H1;AP2B1;TUBB4B;TUBB4A;CAPZA1;CAPZA2;HLA-DPB1;HLA-DRB3;SEC24D;ACTR10;SEC24C;TUBA8,MHC Class II Antigen Presentation
Hedgehog Ligand Biogenesis,5.780629e-05,5.573989,69.23647,PSMD12;VCP;PSMD11;PSMD14;PSMD13;SEL1L;PSMA7;PSMD8;PSMB6;PSMB7;PSMD6;PSMB4;PSMD7;PSMB5;OS9;PSMB2;PSMB3;PSMD2;PSMD3;PSMB1;PSMD1;ADRM1;PSMA5;PSMA6;ADAM17;PSMA3;PSMC5;PSMA4;PSMC6;PSMA1;PSMC3;PSMA2;PSMC4;PSMC1;PSMC2;NOTUM;P4HB,Hedgehog Ligand Biogenesis
UCH Proteinases,5.780629e-05,5.573989,69.23647,PSMD12;PSMD11;PSMD14;PSMD13;PSMA7;PSMD8;PSMB6;PSMB7;PSMD6;PSMB4;PSMD7;PSMB5;PSMB2;PSMB3;PSMD2;PSMD3;RUVBL1;PSMB1;PSMD1;TGFB1;ACTL6A;ADRM1;UCHL3;UCHL5;HCFC1;PSMA5;PSMA6;PSMA3;PSMC5;PSMA4;PSMC6;PSMA1;PSMC3;PSMA2;PSMC4;PSMC1;PSMC2,UCH Proteinases
Molecules Associated With Elastic Fibres,7.500618e-05,11.72854,142.5415,ITGB1;BMP10;ITGB5;ITGB3;LTBP4;FBLN1;LTBP2;LTBP3;FBLN2;LTBP1;FBLN5;VTN;EFEMP2;EFEMP1;EMILIN3;EMILIN2;EMILIN1;ITGAV;TGFB2;TGFB1;FN1;BMP7;MFAP5;MFAP4;MFAP2;FBN1,Molecules Associated With Elastic Fibres
Hh Mutants Abrogate Ligand Secretion,7.664689e-05,6.143127,74.48119,PSMD12;VCP;PSMD11;PSMD14;PSMD13;SEL1L;PSMA7;PSMB6;PSMD8;PSMB7;PSMB4;PSMD6;PSMB5;PSMD7;OS9;PSMB2;PSMB3;PSMD2;PSMB1;PSMD3;PSMD1;ADRM1;PSMA5;PSMA6;PSMA3;PSMC5;PSMA4;PSMC6;PSMA1;PSMC3;PSMA2;PSMC4;PSMC1;PSMC2,Hh Mutants Abrogate Ligand Secretion
FCERI Mediated MAPK Activation,7.805264e-05,3.072645,37.17519,IGHV3-23;IGHV1-2;IGHV4-34;IGHV1-46;IGLV8-61;IGLV4-60;IGLV2-8;IGKV1-16;IGKV2-29;IGKV1-17;GRAP2;IGLV7-46;IGLV4-3;IGLC3;RAC1;IGHV3-7;MAP2K4;FCER1G;SYK;IGHV3-33;IGKV3D-20;VAV1;IGLV4-69;IGLV5-37;IGLV3-16;IGLV3-12;IGKV4-1;LCP2;IGLV3-19;IGLV10-54;IGHV2-70;IGHV2-5;SHC1;IGLV3-1;IGLV2-11;IGLV3-25;PAK1;IGLV1-40;IGLV1-47;IGLV6-57;IGKC;IGLV5-45;IGLV2-14;IGLV3-21;IGLV3-22;PLCG2;IGLV2-18;MAPK1;PAK2;LYN;IGLC7;IGKV5-2;IGKV1-5;IGKV1D-16;IGLV7-43;IGLV1-51;IGLV2-23;GRB2;KRAS;IGKV3-20;LAT,FCERI Mediated MAPK Activation
Ribosomal Scanning and Start Codon Recognition,8.037494e-05,4.321904,52.09986,EIF4A2;EIF4A1;RPS4X;RPS14;RPS17;RPS15A;RPS19;RPS18;EIF4H;RPS3;RPS2;RPS11;RPS10;EIF4E;EIF4B;RPS8;RPS5;RPS6;RPS3A;RPSA;EIF2S2;EIF2S1;EIF3M;RPS28;EIF2S3;EIF5;RPS27;EIF3K;EIF3L;EIF3I;EIF3J;EIF3G;EIF3H;EIF3E;RPS20;EIF3F;EIF3D;RPS21;EIF3A;RPS24;EIF3B;EIF4G1;RPS23,Ribosomal Scanning and Start Codon Recognition
Translation Initiation Complex Formation,8.037494e-05,4.321904,52.09986,EIF4A2;EIF4A1;RPS4X;RPS14;RPS17;RPS15A;RPS19;RPS18;EIF4H;RPS3;RPS2;RPS11;RPS10;EIF4E;EIF4B;RPS8;RPS5;RPS6;RPS3A;RPSA;EIF2S2;EIF2S1;EIF3M;RPS28;EIF2S3;RPS27;EIF3K;EIF3L;EIF3I;EIF3J;EIF3G;EIF3H;EIF3E;RPS20;PABPC1;EIF3F;EIF3D;RPS21;EIF3A;RPS24;EIF3B;EIF4G1;RPS23,Translation Initiation Complex Formation
MAPK Family Signaling Cascades,0.0001039578,2.02624,23.89005,ITGA2B;ARAF;PEBP1;IRS2;PSMD8;PPP1CB;PPP1CC;PSMD6;PSMD7;FNTA;PPP2R1A;PSMD2;PSMD3;FNTB;PSMD1;PRKACA;PRKACB;PDGFRB;PDGFRA;MAP2K1;MAP2K2;ACTN2;PRKCQ;TLN1;IL6ST;VCL;PSMD12;PSMD11;PSMD14;PSMD13;SHC1;CUL3;PDGFB;PDGFA;ARL2;IQGAP1;PIK3R1;PHB;KALRN;SPTA1;RAP1A;SPTBN1;FN1;PTK2;PPP5C;DLG1;PTPRA;CDK1;GRB2;FGFR4;FGFR3;FGFR2;LAT;BCL2L1;FGFR1;YWHAB;ITGB3;ARRB1;PIK3CB;XPO1;RAC1;JAK2;JAK3;SPTAN1;JAK1;FGB;FGA;LYPLA1;KSR1;VWF;FGG;PPP2R5A;SPTB;PSMA5;PSMA6;PSMA3;PSMA4;PSMA1;RASA3;PSMA2;RASA1;KIT;RASA2;RAPGEF2;CAMK2B;CAMK2D;SRC;CAMK2A;PSMA7;PSMB6;CDC42;PPP2CB;PSMB7;PAK1;PSMB4;PSMB5;PSMB2;PSMB3;PSMB1;MAPK1;CSK;FYN;NCAM1;PAK2;CAMK2G;ANGPT1;EGF;ADRM1;PTPN11;SEPTIN7;KITLG;PSMC5;PSMC6;PSMC3;PSMC4;PSMC1;PSMC2;LAMTOR2;KRAS;LAMTOR3,MAPK Family Signaling Cascades
Golgi-to-ER Retrograde Transport,0.000124514,2.762524,32.05284,ARF4;USE1;BICD2;TUBB6;ACTR1A;CAPZB;KIF5B;TUBB1;KIF13B;TMED2;TMED7;NSF;TMED9;COPZ2;PLA2G4A;TUBA4B;TUBA4A;ARFGAP1;COPZ1;ARFGAP2;DYNC1LI1;DYNC1LI2;KIF2A;ZW10;SEC22B;PAFAH1B3;ARF5;PAFAH1B2;PAFAH1B1;DCTN6;NAPA;COPB2;DCTN5;DYNC1I2;RAB1A;COPA;NBAS;TMED10;DCTN2;TUBAL3;DCTN1;COPB1;DCTN4;RAB1B;DCTN3;KLC1;NAPG;RAB6A;RAB6B;DYNC1H1;GALNT2;GALNT1;SURF4;GBF1;TUBB4B;TUBB4A;ARCN1;CAPZA1;CAPZA2;RAB18;RAB3GAP2;COPG2;COPG1;ACTR10;COPE;RAB3GAP1;TUBA8,Golgi-to-ER Retrograde Transport
Degradation of the Extracellular Matrix,0.0001545476,2.910002,33.11447,COL18A1;COL14A1;COL12A1;LAMC1;CTSS;ADAMTS5;MMP25;CAPNS1;CDH1;ADAMTS1;CASP3;BSG;CAPN2;TIMP2;CTSG;CAPN1;TIMP1;ADAMTS8;PRSS2;CTSD;CTSB;CAST;MMP7;MMP3;ADAM10;HSPG2;MMP9;DCN;BCAN;ADAM17;MMP14;COL2A1;ADAM15;COL6A2;COL6A1;COL6A3;MMP19;COL6A6;CD44;LAMA5;COL15A1;COL11A1;COL11A2;LAMA3;HTRA1;FURIN;NID1;ACAN;SPP1;ELANE;FN1;LAMB1;COL1A1;COL3A1;BMP1;COL1A2;COL5A1;COL5A2;TLL2;TLL1;FBN1,Degradation of the Extracellular Matrix
Platelet Aggregation (Plug Formation),0.0001970633,8.119509,90.36563,SHC1;SRC;ITGB3;ITGA2B;MPL;RASGRP2;RAP1A;AKT1;CSK;FGB;FGA;PTPN1;SYK;VWF;GP1BB;FGG;FN1;GP1BA;F2;GP5;PTK2;COL1A1;GP9;COL1A2;GRB2;TLN1;CRK,Platelet Aggregation (Plug Formation)
"mRNA Activation Upon Binding of the Cap-Binding Complex and eIFs, and Subsequent Binding to 43S",0.000201414,3.888481,43.16444,EIF4A2;EIF4A1;RPS4X;RPS14;RPS17;RPS15A;RPS19;RPS18;EIF4H;RPS3;RPS2;RPS11;RPS10;EIF4E;EIF4B;RPS8;RPS5;RPS6;RPS3A;RPSA;EIF2S2;EIF2S1;EIF3M;RPS28;EIF2S3;RPS27;EIF3K;EIF3L;EIF3I;EIF3J;EIF3G;EIF3H;EIF3E;RPS20;PABPC1;EIF3F;EIF3D;RPS21;EIF3A;RPS24;EIF3B;EIF4G1;RPS23,"mRNA Activation Upon Binding of the Cap-Binding Complex and eIFs, and Subsequent Binding to 43S"
SARS-CoV Infections,0.0002017715,1.647025,18.26855,IGHV3-23;SERPINE1;IGLV2-8;RPS14;RPS17;TBK1;IGKV1-16;RPS19;SNRPD2;IGKV1-17;RPS18;AKT2;AKT1;TRIM25;IGHV3-7;RPS11;RPS10;VPS39;NUP214;VPS18;ST6GAL1;IL1R1;IGHV3-33;HLA-B;HLA-C;HLA-A;HSPG2;HLA-E;BTK;IGKV4-1;RPN2;SDC4;SAR1B;RPN1;LARP1;PCBP2;PLCG2;VPS11;SFN;ST3GAL1;VPS16;NMI;BST2;PARP10;RPS28;RPS27;SDC1;GRB2;RPS20;RPS21;RPS24;RPS23;IGHM;NRP1;SH3KBP1;IGHV1-46;AP2A1;MAGT1;AP2A2;IKBKB;TRIM4;IKBKG;JAK2;JAK3;JAK1;TOMM70;SEC13;SYK;PRMT1;TUBB;ANO6;VAV1;CANX;IGLV3-19;RELA;IGLV3-25;RPS15A;IGKC;IGLV3-21;GPC1;MGAT5;AP2S1;RPS3;ANO10;MGAT1;RPS2;GPC4;MGAT2;GPC6;NPM1;CRBN;STAT1;PTGES3;IGKV1-5;AP2B1;FKBP1A;TJP1;ITCH;PSMC6;AGRN;COMT;FNTA;FNTB;MAP3K7;AP2M1;RPS8;RPS5;VPS33A;RPS6;VPS33B;RPSA;ATP1B3;ATP1B1;TUFM;CHMP4B;GEMIN5;SNRPE;CHMP4A;MASP2;SNRPF;MASP1;UBE2V1;FKBP4;PPIB;PPIA;KPNB1;IFNAR1;DDX5;VCP;CUL3;IGLV2-11;FUT8;IGLV1-40;TKFC;IGLV1-47;IGLV6-57;IGLV2-14;MAN2A1;G3BP1;G3BP2;ISG15;IGKV1D-16;IGLV7-43;NFKB1;MAVS;IGLV1-51;IGLV2-23;CHMP2A;STT3A;TAB1;IGKV3-20;BCL2L1;ITGB1;YWHAE;GSK3B;HSP90AB1;PRKCSH;YWHAB;IGHV1-2;IGHV4-34;CHD4;RPS4X;IGKV2-29;YWHAQ;IGLC3;YWHAG;MBL2;NCK1;YWHAH;HSP90AA1;CHUK;ITGA4;IGKV3D-20;RPS3A;YWHAZ;DDOST;DAD1;TRAF6;CHMP3;PIK3C3;MAN1B1;CHMP6;IGHV2-70;SEC23A;IGHV2-5;ROCK1;ROCK2;FURIN;IGLV3-1;ATP1A1;GANAB;RBBP4;NUP43;IGLC7;GALNT1;IGKV5-2;PTPN11;MGAT4B;VPS41;PTPN6;VPS45;SEC24D;SEC24C,SARS-CoV Infections
COPI-mediated Anterograde Transport,0.0002029405,2.809738,31.1102,ARF4;GOLGA2;TUBB6;ACTR1A;CAPZB;TUBB1;TMED2;TMED7;SPTAN1;NSF;TMED9;COG2;COPZ2;ANK1;TUBA4B;SPTB;TUBA4A;ARFGAP1;BET1L;COPZ1;ARFGAP2;DYNC1LI1;DYNC1LI2;ARF5;DCTN6;NAPA;COPB2;DCTN5;DYNC1I2;RAB1A;COPA;TMED10;DCTN2;TUBAL3;DCTN1;COPB1;DCTN4;GOSR2;RAB1B;DCTN3;USO1;NAPG;SPTA1;STX5;CD59;YKT6;SPTBN1;CD55;DYNC1H1;GBF1;TUBB4B;TUBB4A;ARCN1;GOLGB1;CAPZA1;CAPZA2;COPG2;COPG1;ACTR10;COPE;TUBA8;BET1,COPI-mediated Anterograde Transport
Formation of a Pool of Free 40S Subunits,0.0002029405,2.809738,31.1102,RPL5;RPL30;RPL3;RPL31;RPL34;RPLP1;RPLP0;RPL8;RPL7;RPS4X;RPS14;RPL7A;RPS17;RPL18A;RPS19;RPS18;RPL35;RPLP2;RPL38;RPS11;RPS10;RPS8;RPL23;RPS5;RPL22;RPS6;RPSA;RPS3A;RPL24;RPL27;RPL29;RPL28;RPL12;RPL11;RPS15A;RPS3;RPL13;RPL15;RPS2;RPL17;RPL19;RPL35A;RPL23A;RPS28;EIF3M;RPS27;EIF3K;EIF3L;RPL27A;EIF3I;EIF3J;EIF3G;EIF3H;RPS20;EIF3E;EIF3F;RPS21;EIF3D;RPS24;EIF3A;RPS23;EIF3B,Formation of a Pool of Free 40S Subunits
Metabolism of Amino Acids and Derivatives,0.0002506937,1.81335,19.68234,RPL5;RPL30;RPL3;RPL31;RPL34;RPL8;GLS;RPL7;PSMD8;RPS14;PSMD6;RPS17;PSMD7;RPL18A;RPS19;RPS18;PSMD2;PSMD3;PSMD1;RPL35;RPL38;RPS11;RPS10;MCCC2;RARS1;RPS8;RPL23;RPS5;MCCC1;RPL22;RPS6;RPSA;MTAP;ETHE1;LARS1;SMS;RPL24;RPL27;RPL29;ALDH7A1;RPL28;GCDH;PSMD12;PSMD11;PSMD14;PSMD13;SHMT1;MRI1;ACAT1;ASL;MPST;GOT2;ACADSB;AIMP1;QDPR;AIMP2;GLUD1;GRHPR;ALDH6A1;BHMT;HAL;RPS28;RPS27;EPRS1;CPS1;RPL27A;OGDH;RPS20;ALDH18A1;RPS21;RPS24;RPS23;HIBADH;SLC44A1;RPLP1;RPLP0;RPS4X;RPL7A;QARS1;DBT;RPLP2;PHGDH;ENOPH1;HIBCH;ACAD8;ARG1;MARS1;RPS3A;DARS1;PSMA5;PSMA6;SLC7A5;SLC25A15;PSMA3;SARS1;PSMA4;PSMA1;TST;PSMA2;IVD;BCAT1;DLD;ALDH9A1;SLC25A13;AHCY;ECHS1;KARS1;MRPS36;RPL12;RPL11;DLST;SLC3A2;HSD17B10;PSMA7;PSMB6;PSMB7;PSMB4;PSMB5;RPS15A;PSMB2;PSMB3;PSMB1;RPS3;RPL13;CKB;RPL15;RPS2;IARS1;RPL17;RPL19;TXNRD1;GSR;ADRM1;RPL35A;RPL23A;ASS1;ALDH4A1;BCKDK;GATM;PSMC5;PSMC6;PSMC3;PSMC4;PSMC1;PSMC2,Metabolism of Amino Acids and Derivatives
RHO GTPases Activate WASPs and WAVEs,0.0002548713,6.54238,70.78138,CYFIP2;CYFIP1;NCKAP1;WIPF1;ARPC1B;ARPC1A;WAS;BRK1;CDC42;NCKIPSD;MAPK1;NCKAP1L;RAC1;WASF1;WASF2;WASF3;NCK1;ACTR3;ACTR2;ARPC4;ARPC5;BAIAP2;PTK2;ABI2;ARPC2;ARPC3;ABI1;BTK;GRB2,RHO GTPases Activate WASPs and WAVEs
Cyclin A Cdk2-associated Events at S Phase Entry,0.0002548713,4.645778,50.25525,PSMD12;PSMD11;PSMD14;PSMD13;CUL1;PSMA7;PSMD8;PSMB6;PSMB7;PSMD6;PSMB4;PSMD7;PSMB5;PSMB2;RBBP4;PSMB3;AKT2;PSMD2;PSMD3;PSMB1;AKT1;PSMD1;SKP1;ADRM1;PSMA5;PSMA6;PSMA3;PSMC5;PSMA4;PSMC6;PSMA1;PSMC3;PSMA2;PSMC4;PSMC1;PSMC2,Cyclin A Cdk2-associated Events at S Phase Entry
Cyclin E Associated Events During G1 S Transition,0.0002548713,4.645778,50.25525,PSMD12;PSMD11;PSMD14;PSMD13;CUL1;PSMA7;PSMD8;PSMB6;PSMB7;PSMD6;PSMB4;PSMD7;PSMB5;PSMB2;RBBP4;PSMB3;AKT2;PSMD2;PSMD3;PSMB1;AKT1;PSMD1;SKP1;ADRM1;PSMA5;PSMA6;PSMA3;PSMC5;PSMA4;PSMC6;PSMA1;PSMC3;PSMA2;PSMC4;PSMC1;PSMC2,Cyclin E Associated Events During G1 S Transition
FCGR3A-mediated IL10 Synthesis,0.0002624172,2.71902,29.31534,AHCYL1;IGHV3-23;IGHV1-2;IGHV4-34;IGHV1-46;IGLV8-61;IGLV4-60;IGLV2-8;IGKV1-16;IGKV2-29;IGKV1-17;IGLV7-46;IGLV4-3;IGLC3;IGHV3-7;PRKACA;PRKACB;SYK;IGHV3-33;IGKV3D-20;FGR;IGLV4-69;HCK;IGLV5-37;IGLV3-16;PRKAR1A;IGLV3-12;IGKV4-1;IGLV3-19;IGLV10-54;IGHV2-70;IGHV2-5;SRC;ITPR1;ITPR2;IGLV3-1;ADCY6;IGLV2-11;IGLV3-25;IGLV1-40;IGLV1-47;IGLV6-57;IGKC;IGLV5-45;IGLV2-14;PRKAR2B;IGLV3-21;PRKAR2A;IGLV3-22;PLCG2;IGLV2-18;FYN;LYN;IGLC7;IGKV5-2;IGKV1-5;IGKV1D-16;IGLV7-43;IGLV1-51;FCGR2A;IGLV2-23;CD247;IGKV3-20,FCGR3A-mediated IL10 Synthesis
Gastrulation,0.0002726771,4.291989,46.08149,PSMD12;NOTCH1;PSMD11;PSMD14;PSMD13;CXCR4;PSMA7;PSMD8;LFNG;PSMB6;PSMB7;PSMD6;PSMB4;PSMD7;PSMB5;PSMB2;CDH1;PSMB3;PSMD2;PSMD3;PSMB1;PSMD1;SMAD2;ADRM1;PSMA5;PSMA6;PSMA3;PSMC5;PSMA4;PSMC6;PSMA1;PSMC3;PSMA2;PSMC4;PSMC1;PSMC2;CTNNB1;FGFR1,Gastrulation
G2 M Checkpoints,0.0002865344,3.340558,35.67884,YWHAE;PSMD12;PSMD11;PSMD14;MCM7;PSMD13;YWHAB;BRCC3;PSMA7;PSMD8;BABAM1;PSMB6;PSMB7;PSMD6;PSMB4;PSMD7;PSMB5;YWHAQ;PSMB2;PSMB3;PSMD2;PSMD3;PSMB1;PSMD1;SFN;YWHAG;YWHAH;ADRM1;RPA1;RPA2;YWHAZ;PSMA5;PSMA6;PSMA3;PSMC5;PSMA4;PSMC6;PSMA1;PSMC3;PSMA2;PSMC4;PSMC1;RPA3;PSMC2;UBE2V2;CDK1;MCM6;MCM2,G2 M Checkpoints
Signaling by VEGF,0.0003024348,2.812972,29.8737,CYFIP2;CYFIP1;NCKAP1;NRP1;NRP2;AHCYL1;FLT4;ITGB3;CTNND1;BRK1;PIK3CB;CDH5;AKT2;NCK2;AKT1;ITGAV;RAC1;PRKACA;PRKACB;NCK1;HSP90AA1;PRKCB;PRKCD;CYBB;PRKCA;RHOA;VAV1;MAPKAPK3;RASA1;MAPKAPK2;ELMO1;CRK;ROCK1;ROCK2;SRC;ITPR1;ITPR2;PIK3R1;CDC42;PAK1;CTNNA1;PTK2B;NCKAP1L;FYN;WASF1;PAK2;WASF2;WASF3;JUP;VEGFC;BAIAP2;MAPK14;PTK2;MTOR;ABI2;AXL;ABI1;CTNNB1;KRAS,Signaling by VEGF
VEGFA-VEGFR2 Pathway,0.0003468204,2.929253,30.68851,CYFIP2;CYFIP1;NCKAP1;AHCYL1;ITGB3;CTNND1;BRK1;PIK3CB;CDH5;AKT2;NCK2;AKT1;ITGAV;RAC1;PRKACA;PRKACB;NCK1;HSP90AA1;PRKCB;PRKCD;CYBB;PRKCA;RHOA;VAV1;MAPKAPK3;RASA1;MAPKAPK2;ELMO1;CRK;ROCK1;ROCK2;SRC;ITPR1;ITPR2;PIK3R1;CDC42;PAK1;CTNNA1;PTK2B;NCKAP1L;FYN;WASF1;PAK2;WASF2;WASF3;JUP;BAIAP2;MAPK14;PTK2;MTOR;ABI2;AXL;ABI1;CTNNB1;KRAS,VEGFA-VEGFR2 Pathway
Anti-inflammatory Response Favouring Leishmania Parasite Infection,0.0003582412,2.313027,24.12798,AHCYL1;IGHV3-23;IGHV1-2;IGHV4-34;IGHV1-46;IGLV8-61;IGLV4-60;IGLV2-8;IGKV1-16;IGKV2-29;IGKV1-17;IGLV7-46;IGLV4-3;IGLC3;IGHV3-7;PRKACA;PRKACB;SYK;IGHV3-33;IGKV3D-20;FGR;IGLV4-69;HCK;IGLV5-37;ADAM17;IGLV3-16;PRKAR1A;IGLV3-12;IGKV4-1;MYH9;IGLV3-19;IGLV10-54;IGHV2-70;GNAZ;IGHV2-5;SRC;ITPR1;GNAI3;ITPR2;FURIN;IGLV3-1;ADCY6;GNAI1;GNAI2;IGLV2-11;IGLV3-25;IGLV1-40;GNG2;IGLV1-47;IGLV6-57;GNG5;IGKC;IGLV5-45;IGLV2-14;PRKAR2B;IGLV3-21;PRKAR2A;IGLV3-22;PLCG2;IGLV2-18;FYN;LYN;IGLC7;IGKV5-2;IGKV1-5;IGKV1D-16;IGLV7-43;GNG12;MAPK14;GNG11;IGLV1-51;FCGR2A;GNB2;GNB1;IGLV2-23;GNAS;GNB4;CD247;IGKV3-20,Anti-inflammatory Response Favouring Leishmania Parasite Infection
Leishmania Parasite Growth and Survival,0.0003582412,2.313027,24.12798,AHCYL1;IGHV3-23;IGHV1-2;IGHV4-34;IGHV1-46;IGLV8-61;IGLV4-60;IGLV2-8;IGKV1-16;IGKV2-29;IGKV1-17;IGLV7-46;IGLV4-3;IGLC3;IGHV3-7;PRKACA;PRKACB;SYK;IGHV3-33;IGKV3D-20;FGR;IGLV4-69;HCK;IGLV5-37;ADAM17;IGLV3-16;PRKAR1A;IGLV3-12;IGKV4-1;MYH9;IGLV3-19;IGLV10-54;IGHV2-70;GNAZ;IGHV2-5;SRC;ITPR1;GNAI3;ITPR2;FURIN;IGLV3-1;ADCY6;GNAI1;GNAI2;IGLV2-11;IGLV3-25;IGLV1-40;GNG2;IGLV1-47;IGLV6-57;GNG5;IGKC;IGLV5-45;IGLV2-14;PRKAR2B;IGLV3-21;PRKAR2A;IGLV3-22;PLCG2;IGLV2-18;FYN;LYN;IGLC7;IGKV5-2;IGKV1-5;IGKV1D-16;IGLV7-43;GNG12;MAPK14;GNG11;IGLV1-51;FCGR2A;GNB2;GNB1;IGLV2-23;GNAS;GNB4;CD247;IGKV3-20,Leishmania Parasite Growth and Survival
Scavenging of Heme From Plasma,0.0003624667,2.998384,31.22298,IGHV1-2;IGHV3-23;IGHV4-34;IGHV1-46;IGLV8-61;IGLV4-60;JCHAIN;IGLV2-8;IGKV1-16;IGKV2-29;IGKV1-17;IGLV7-46;IGLV4-3;IGLC3;IGHV3-7;IGHV3-33;IGKV3D-20;APOA1;IGLV4-69;IGLV5-37;IGLV3-16;IGLV3-12;IGKV4-1;IGLV3-19;IGLV10-54;IGHV2-70;IGHV2-5;LRP1;IGLV3-1;HPR;IGLV2-11;IGLV3-25;IGLV1-40;IGKC;IGLV1-47;IGLV5-45;IGLV6-57;IGLV2-14;IGLV3-21;IGLV3-22;IGLV2-18;APOL1;IGHA1;IGHA2;AMBP;IGLC7;IGKV5-2;IGKV1-5;IGKV1D-16;IGLV7-43;IGLV1-51;IGLV2-23;IGKV3-20,Scavenging of Heme From Plasma
Downstream TCR Signaling,0.0003811562,3.076795,31.86539,PTEN;PIK3CB;IKBKB;PSMD8;PSMD6;PSMD7;PSMD2;PSMD3;PSMD1;IKBKG;MAP3K7;HLA-DPA1;SKP1;CHUK;PSMA5;PSMA6;PSMA3;PSMA4;PSMA1;LCK;PSMA2;TRAF6;PRKCQ;UBE2V1;HLA-DQB1;PSMD12;PSMD11;PSMD14;PSMD13;CUL1;PIK3R1;PSMA7;RELA;PSMB6;PSMB7;PSMB4;PSMB5;PSMB2;PSMB3;PSMB1;ADRM1;NFKB1;PSMC5;PSMC6;PSMC3;PSMC4;PSMC1;PSMC2;HLA-DPB1;CD247;HLA-DRB3,Downstream TCR Signaling
COPI-independent Golgi-to-ER Retrograde Traffic,0.0003832702,4.515437,46.71167,DCTN6;DCTN5;DYNC1I2;DCTN2;TUBAL3;DCTN1;DCTN4;DCTN3;BICD2;ACTR1A;TUBB6;CAPZB;TUBB1;RAB6A;RAB6B;DYNC1H1;GALNT2;GALNT1;PLA2G4A;TUBB4B;TUBA4B;TUBB4A;TUBA4A;DYNC1LI1;DYNC1LI2;CAPZA1;CAPZA2;RAB18;RAB3GAP2;PAFAH1B3;ACTR10;PAFAH1B2;RAB3GAP1;PAFAH1B1;TUBA8,COPI-independent Golgi-to-ER Retrograde Traffic
Regulation of PTEN Stability and Activity,0.0004076339,4.177846,42.93582,PSMD12;PSMD11;PSMD14;PSMD13;PTEN;PSMA7;PSMD8;PSMB6;PSMB7;PSMD6;PSMB4;PSMD7;PSMB5;PSMB2;PSMB3;AKT2;PSMD2;PSMD3;PSMB1;AKT1;PSMD1;ADRM1;PSMA5;PSMA6;PSMA3;PSMC5;PSMA4;PSMC6;PSMA1;PSMC3;PSMA2;PSMC4;PSMC1;CSNK2B;PSMC2;STUB1;FRK,Regulation of PTEN Stability and Activity
ABC-family Proteins Mediated Transport,0.0004087698,3.270025,33.57678,PSMD12;VCP;PSMD11;ABCB6;PSMD14;PSMD13;SEL1L;ABCB9;PSMA7;PSMD8;PSMB6;PSMB7;PSMD6;PSMB4;PSMD7;PSMB5;OS9;PSMB2;PSMB3;PSMD2;PSMD3;PSMB1;PSMD1;ABCD1;ABCF1;ABCC4;ABCC1;PEX19;ADRM1;ERLIN1;APOA1;ERLIN2;EIF2S2;EIF2S1;PSMA5;PSMA6;PSMA3;PSMC5;PSMA4;EIF2S3;PSMC6;PSMA1;PSMC3;PSMA2;PSMC4;PSMC1;PSMC2,ABC-family Proteins Mediated Transport
Mitochondrial Protein Degradation,0.0004159419,2.561243,26.23866,APP;NDUFA13;ECI1;COX4I1;MT-ATP6;NADK2;OPA1;DBT;LONP1;PMPCA;ME2;HADH;PRKACA;PDK1;IDH3A;ACAD8;ECH1;CLPX;AFG3L2;BDH1;CLPP;PCCB;NDUFS3;SUCLG2;TFAM;MT-CO2;NDUFS1;UQCRC2;MICU2;SLC25A5;DLD;SLC25A6;FH;FECH;SHMT2;PDHB;MRPL12;COX5B;COX5A;HSD17B10;ACAT1;HSPD1;ATP5F1A;ATP5F1B;OXCT1;IARS2;ATP5MG;NDUFV1;HSPA9;ATP5PF;PDHA1;ATP5PD;MDH2;IDH2;NDUFA2;ATP5F1C;ACADSB;CS;GLUD1;UQCRQ;OGDH;ATP5PO;ACO2;ALDH18A1;SSBP1,Mitochondrial Protein Degradation
COPII-mediated Vesicle Transport,0.00042271,3.533863,36.12401,NAPA;RAB1A;SEC23A;TMED10;SAR1B;GOSR2;RAB1B;CTSZ;USO1;NAPG;GOLGA2;PPP6C;LMAN1;SCFD1;TFG;PPP6R1;LMAN2;PPP6R3;TMED2;STX5;CD59;YKT6;CTSC;SEC31A;NSF;ANKRD28;TRAPPC3;SEC13;TRAPPC2L;TRAPPC1;SEC16A;TRAPPC4;TRAPPC5;TRAPPC9;F5;F8;SEC23IP;TRAPPC6B;PREB;SEC22B;SEC24D;SEC24C;BET1,COPII-mediated Vesicle Transport
Role of LAT2 NTAL LAB on Calcium Mobilization,0.0004768759,2.875167,29.01888,IGHV1-2;IGHV3-23;IGHV4-34;IGHV1-46;PIK3CB;IGLV8-61;IGLV4-60;IGLV2-8;IGKV1-16;IGKV2-29;IGKV1-17;IGLV7-46;IGLV4-3;IGLC3;IGHV3-7;FCER1G;SYK;IGHV3-33;IGKV3D-20;IGLV4-69;LAT2;IGLV5-37;IGLV3-16;IGLV3-12;IGKV4-1;IGLV3-19;IGLV10-54;IGHV2-70;IGHV2-5;SHC1;IGLV3-1;PIK3R1;IGLV2-11;IGLV3-25;IGLV1-40;IGKC;IGLV1-47;IGLV5-45;IGLV6-57;IGLV2-14;IGLV3-21;IGLV3-22;IGLV2-18;FYN;LYN;IGLC7;IGKV5-2;IGKV1-5;IGKV1D-16;IGLV7-43;IGLV1-51;IGLV2-23;GRB2;IGKV3-20,Role of LAT2 NTAL LAB on Calcium Mobilization
Potential Therapeutics for SARS,0.0004768759,2.364513,23.85688,ITGB1;IGHM;HSP90AB1;SH3KBP1;IGHV3-23;IGHV1-2;IGHV4-34;AP2A1;CHD4;IGHV1-46;COMT;AP2A2;IGLV2-8;TBK1;FNTA;IGKV1-16;IGKV2-29;IGKV1-17;FNTB;IGLC3;IGHV3-7;JAK2;JAK3;AP2M1;JAK1;NCK1;HSP90AA1;ITGA4;SYK;IL1R1;IGHV3-33;TUBB;IGKV3D-20;ATP1B3;ATP1B1;VAV1;BTK;IGKV4-1;FKBP4;IGLV3-19;IFNAR1;IGHV2-70;IGHV2-5;ROCK1;ROCK2;CUL3;FURIN;IGLV3-1;ATP1A1;IGLV2-11;IGLV3-25;IGLV1-40;IGLV1-47;IGLV6-57;IGKC;RBBP4;IGLV2-14;IGLV3-21;PLCG2;AP2S1;CRBN;IGLC7;IGKV5-2;PTGES3;IGKV1-5;IGKV1D-16;IGLV7-43;AP2B1;FKBP1A;IGLV1-51;IGLV2-23;GRB2;IGKV3-20,Potential Therapeutics for SARS
Signaling by WNT,0.0005029988,2.127208,21.33598,VPS29;GSK3B;CLTC;CLTB;CLTA;AP2A1;AP2A2;PSMD8;PPP3CA;PSMD6;PPP3CB;PSMD7;XPO1;PPP2R1A;AKT2;PSMD2;PSMD3;RUVBL1;RAC2;AKT1;PSMD1;VPS35;RAC1;MAP3K7;TMED5;AP2M1;PRKG1;SKP1;PRKCB;PPP2R5A;PRKCA;SCRIB;YWHAZ;RHOA;PSMA5;PSMA6;SFRP1;PLCB3;PSMA3;PSMA4;DAAM1;PSMA1;PSMA2;CSNK2B;ROR1;PFN1;PLCB1;PLCB2;PSMD12;PSMD11;PSMD14;PSMD13;CUL3;CAMK2A;CUL1;ITPR1;LRP5;ITPR2;VPS26A;PSMA7;LRP6;SNX3;PSMB6;PPP2CB;PSMB7;PPP3R1;PSMB4;PSMB5;GNG2;PSMB2;GNG5;PSMB3;PSMB1;AP2S1;ADRM1;AP2B1;GNG12;GNG11;PSMC5;PSMC6;PSMC3;PSMC4;PSMC1;GNB2;PSMC2;GNB1;GNB4;CTNNB1;KRAS,Signaling by WNT
Cargo Recognition for Clathrin-Mediated Endocytosis,0.0005029988,2.940965,29.48096,ITSN2;TFRC;SH3KBP1;CLTC;CLTB;CLTA;AP2A1;ARRB1;STON2;AP2A2;LDLRAP1;AP2M1;AGFG1;SH3GL1;EPS15L1;EPN1;VAMP8;VAMP7;HGS;STAM2;VAMP3;GPS1;COPS7B;COPS7A;CBL;TGOLN2;AP2S1;REPS2;UBQLN1;APOB;EPS15;LDLR;REPS1;UBQLN2;TOR1A;EGF;M6PR;STAM;AP2B1;IGF2R;COPS4;COPS3;COPS6;DAB2;NECAP2;COPS5;COPS2;AAK1;GRB2;COPS8;IL7R;PICALM,Cargo Recognition for Clathrin-Mediated Endocytosis
Antigen Activates B Cell Receptor (BCR) Leading to Generation of Second Messengers,0.0005322358,3.0156,30.04084,IGHM;AHCYL1;SH3KBP1;IGHV1-2;IGHV3-23;IGHV4-34;IGHV1-46;IGLV2-8;IGKV1-16;IGKV2-29;IGKV1-17;IGLC3;IGHV3-7;NCK1;SYK;IGHV3-33;IGKV3D-20;VAV1;STIM1;BTK;IGKV4-1;IGLV3-19;IGHV2-70;IGHV2-5;ITPR1;DAPP1;ITPR2;IGLV3-1;PIK3R1;IGLV2-11;IGLV3-25;IGLV1-40;IGKC;IGLV1-47;IGLV6-57;IGLV2-14;IGLV3-21;PLCG2;FYN;LYN;IGLC7;IGKV5-2;IGKV1-5;IGKV1D-16;IGLV7-43;IGLV1-51;IGLV2-23;GRB2;PTPN6;IGKV3-20,Antigen Activates B Cell Receptor (BCR) Leading to Generation of Second Messengers
Cytosolic tRNA Aminoacylation,0.0005725456,9.912845,97.96772,AARS1;HARS1;RARS1;KARS1;MARS1;YARS1;DARS1;WARS1;AIMP1;AIMP2;GARS1;SARS1;EPRS1;NARS1;QARS1;LARS1;IARS1;CARS1;FARSA;TARS1;FARSB;VARS1,Cytosolic tRNA Aminoacylation
Platelet Adhesion to Exposed Collagen,0.00074684,inf,inf,ITGB1;LYN;FCER1G;VWF;GP1BB;ITGA2;ITGA1;GP1BA;GP6;GP5;COL1A1;GP9;ADAMTS13;COL1A2;FYN,Platelet Adhesion to Exposed Collagen
Transcriptional Regulation by RUNX2,0.0008218438,3.035489,28.86675,GSK3B;PSMD12;PSMD11;PSMD14;PSMD13;SRC;CUL1;HDAC6;PSMA7;PSMD8;PSMB6;LGALS3;PSMB7;PSMD6;PSMB4;PSMD7;PSMB5;PSMB2;PSMB3;AKT2;PSMD2;PSMD3;PSMB1;AKT1;PSMD1;MAPK1;SKP1;RBM14;STAT1;ADRM1;COL1A1;PSMA5;PSMA6;PSMA3;PSMC5;PSMA4;PSMC6;PSMA1;PSMC3;PSMA2;PSMC4;PSMC1;PSMC2;CDK1;BAX;STUB1;ITGA5,Transcriptional Regulation by RUNX2
MAPK6 MAPK4 Signaling,0.0009316806,3.367567,31.58278,PSMD12;PSMD11;PSMD14;PSMD13;KALRN;PSMA7;PSMD8;CDC42;PSMB6;PSMB7;PSMD6;PAK1;PSMB4;PSMD7;XPO1;PSMB5;PSMB2;PSMB3;PSMD2;PSMD3;PSMB1;PSMD1;RAC1;PRKACA;PRKACB;PAK2;ADRM1;SEPTIN7;PSMA5;PSMA6;PSMA3;PSMC5;PSMA4;PSMC6;PSMA1;PSMC3;PSMA2;PSMC4;PSMC1;PSMC2;CDK1,MAPK6 MAPK4 Signaling
Syndecan Interactions,0.0009790007,9.459567,88.19353,ITGB1;TGFB1;ITGB5;SDC4;ITGB3;ACTN1;ITGA2;TRAPPC4;TNC;FN1;PRKCA;THBS1;COL1A1;VTN;COL3A1;COL1A2;COL5A1;COL5A2;SDC1;ITGAV;ITGA6,Syndecan Interactions
RHOBTB1 GTPase Cycle,0.00101362,16.20768,150.4515,CCT2;CPSF7;ROCK1;ROCK2;CUL3;GPS1;TXNL1;SRRM1;COPS4;COPS2;MYO6;STK38;PDE5A;HNRNPC;VIM;CCT7;RBMX;DBN1,RHOBTB1 GTPase Cycle
Role of Phospholipids in Phagocytosis,0.001047724,2.57943,23.84409,AHCYL1;IGHV3-23;IGHV1-2;IGHV4-34;IGHV1-46;PIK3CB;IGLV8-61;IGLV4-60;IGLV2-8;IGKV1-16;IGKV2-29;IGKV1-17;IGLV7-46;IGLV4-3;IGLC3;IGHV3-7;SYK;IGHV3-33;PRKCD;IGKV3D-20;IGLV4-69;IGLV5-37;IGLV3-16;IGLV3-12;IGKV4-1;IGLV3-19;IGLV10-54;IGHV2-70;IGHV2-5;ITPR1;ITPR2;PLD4;IGLV3-1;PIK3R1;PLD3;IGLV2-11;IGLV3-25;IGLV1-40;IGLV1-47;IGLV6-57;IGKC;IGLV5-45;IGLV2-14;IGLV3-21;IGLV3-22;PLCG2;IGLV2-18;IGLC7;IGKV5-2;IGKV1-5;IGKV1D-16;IGLV7-43;IGLV1-51;FCGR2A;IGLV2-23;CD247;IGKV3-20,Role of Phospholipids in Phagocytosis
Eukaryotic Translation Elongation,0.001146297,2.619246,23.96179,RPL5;RPL30;RPL3;RPL31;RPL34;RPLP1;RPLP0;RPL8;RPL7;EEF1B2;RPS4X;RPS14;RPL7A;RPS17;RPL18A;RPS19;RPS18;RPL35;RPLP2;RPL38;RPS11;RPS10;RPS8;RPL23;RPS5;RPL22;RPS6;RPSA;RPS3A;EEF1G;EEF1D;EEF1A2;RPL24;RPL27;RPL29;RPL28;RPL12;RPL11;RPS15A;RPS3;RPL13;RPL15;RPS2;RPL17;RPL19;RPL35A;RPL23A;EEF2;RPS28;RPS27;RPL27A;RPS20;RPS21;RPS24;RPS23,Eukaryotic Translation Elongation
G1 S Transition,0.001175705,2.970052,27.07912,PSMD12;PSMD11;PCNA;PSMD14;MCM7;PSMD13;CUL1;PSMA7;PSMD8;PSMB6;PPP2CB;PSMB7;PSMD6;PSMB4;PSMD7;PSMB5;PSMB2;RBBP4;PPP2R1A;PSMB3;AKT2;PSMD2;PSMD3;PSMB1;AKT1;PSMD1;SKP1;ADRM1;RPA1;RPA2;PSMA5;PSMA6;PSMA3;PSMC5;PSMA4;PSMC6;PSMA1;PSMC3;PSMA2;PSMC4;PSMC1;RPA3;PSMC2;CDK1;MCM6;MCM2,G1 S Transition
Plasma Lipoprotein Remodeling,0.001336009,6.908737,62.06788,CETP;MTTP;APOA2;LCAT;LPL;APOA1;APOC3;FURIN;PCSK6;PCSK5;APOA5;LIPC;APOC2;LIPG;ANGPTL8;APOF;ANGPTL3;APOE;ANGPTL4;P4HB;APOB;LPA;PLTP,Plasma Lipoprotein Remodeling
Bacterial Infection Pathways,0.001354592,3.284491,29.44103,HSP90AB1;SH3KBP1;SRC;CTNND1;FURIN;ENO1;ANTXR2;CBL;ANTXR1;CORO1A;PTPA;CDH1;PGK1;ATP6V1H;MAPK1;CTSG;DLAT;EPS15;KPNA1;SH3GL1;MAP2K3;MAP2K4;MAP2K1;HSP90AA1;MAP2K2;PDCD6IP;TXNRD1;VPS33B;STAM;EEF2;MSRA;SFPQ;HGS;CD9;CTNNB1;GRB2;STAM2;RAB5A;KPNB1;RAB7A,Bacterial Infection Pathways
HIV Infection,0.001354592,1.992378,17.8498,AP2A1;AP2A2;PSMD8;PSMD6;PSMD7;XPO1;AP1G1;PSMD2;PSMD3;AP1S2;AP1S1;PSMD1;ELOB;BANF1;ELOC;RAC1;AP2M1;SKP1;KPNA1;NUP214;SEC13;PDCD6IP;AP1B1;VPS37A;HLA-A;VPS37B;RANGAP1;PSMA5;HCK;PSMA6;PSMA3;PSMA4;PSMA1;PACS1;PSMA2;LCK;ELMO1;CHMP4B;CHMP3;CHMP4A;CHMP6;DOCK2;SLC25A5;PPIA;VPS28;KPNB1;CHMP5;SLC25A6;PSMD12;PSMD11;TSG101;CUL5;PSMD14;PSMD13;VPS4B;VPS4A;CXCR4;FURIN;PSMA7;PSMB6;PSMB7;PSMB4;PSMB5;PSMB2;PSMB3;PSMB1;AP2S1;ATP6V1H;FYN;NUP43;POLR2H;PAK2;AP1M1;RANBP1;XRCC6;NPM1;XRCC5;VTA1;ADRM1;AP2B1;PSMC5;PSMC6;PSMC3;PSMC4;PSMC1;PSMC2;NMT1;CHMP2A;CD247;RAN,HIV Infection
"Formation of the Ternary Complex, and Subsequently, the 43S Complex",0.001392327,3.611095,32.21306,RPS4X;RPS14;RPS17;RPS15A;RPS19;RPS18;RPS3;RPS2;RPS11;RPS10;RPS8;RPS5;RPS6;RPS3A;RPSA;EIF2S2;EIF2S1;EIF3M;RPS28;EIF2S3;RPS27;EIF3K;EIF3L;EIF3I;EIF3J;EIF3G;EIF3H;EIF3E;RPS20;EIF3F;EIF3D;RPS21;EIF3A;RPS24;EIF3B;RPS23,"Formation of the Ternary Complex, and Subsequently, the 43S Complex"
Signaling by PDGF,0.001392327,3.611095,32.21306,SRC;PDGFB;PDGFA;FURIN;PIK3CB;PIK3R1;THBS2;THBS1;THBS4;CRKL;THBS3;PDGFD;PDGFC;NCK2;SPP1;NCK1;PDGFRB;STAT5A;PDGFRA;STAT5B;STAT1;STAT3;PTPN11;PTPN12;COL3A1;COL2A1;COL5A1;COL6A2;RASA1;COL6A1;COL5A2;COL6A3;COL6A6;GRB2;KRAS;CRK,Signaling by PDGF
Signaling by Hedgehog,0.001426984,2.533448,22.52373,GSK3B;ARRB1;PSMD8;PSMD6;TUBB6;PSMD7;PSMD2;PSMD3;TUBB1;PSMD1;PRKACA;PRKACB;SKP1;TUBA4A;PSMA5;PSMA6;ADAM17;PSMA3;PSMA4;PSMA1;PRKAR1A;PSMA2;NUMB;PSMD12;VCP;PSMD11;PSMD14;PSMD13;CUL3;SEL1L;CUL1;ADCY6;PSMA7;PSMB6;PSMB7;PSMB4;PSMB5;OS9;PSMB2;PRKAR2B;PSMB3;PRKAR2A;PSMB1;ADRM1;TUBB4B;TUBB4A;ITCH;PSMC5;PSMC6;PSMC3;PSMC4;PSMC1;PSMC2;GNAS;NOTUM;P4HB,Signaling by Hedgehog
RHOBTB GTPase Cycle,0.001605218,5.633552,49.39175,HSP90AB1;ROCK1;ROCK2;CUL3;GPS1;TWF1;MYO6;STK38;CCT7;CCT2;CPSF7;HSP90AA1;ACTN1;TMOD3;TXNL1;SRRM1;CCT6A;COPS4;CDC37;COPS2;PDE5A;HNRNPC;VIM;RBMX;DBN1,RHOBTB GTPase Cycle
Selenoamino Acid Metabolism,0.001609789,2.317948,20.30335,RPL5;RPL30;RPL3;RPL31;RPL34;RPLP1;RPLP0;RPL8;RPL7;RPS4X;RPS14;RPL7A;RPS17;RPL18A;RPS19;QARS1;RPS18;RPL35;RPLP2;RPL38;RPS11;RPS10;RARS1;RPS8;RPL23;RPS5;RPL22;RPS6;MARS1;RPSA;RPS3A;DARS1;SARS1;LARS1;RPL24;RPL27;RPL29;RPL28;AHCY;KARS1;RPL12;RPL11;RPS15A;RPS3;RPL13;IARS1;RPL15;RPS2;RPL17;RPL19;TXNRD1;GSR;RPL35A;RPL23A;AIMP1;AIMP2;RPS28;RPS27;EPRS1;RPL27A;RPS20;RPS21;RPS24;RPS23,Selenoamino Acid Metabolism
MET Promotes Cell Motility,0.001813162,4.868625,42.01394,ITGB1;LAMA5;LAMA2;LAMA1;SRC;COL11A1;LAMA4;COL11A2;DOCK7;LAMA3;LAMC1;CRKL;RAP1A;RAC1;LAMB2;ITGA2;FN1;LAMB1;PTK2;COL1A1;COL3A1;COL1A2;COL2A1;COL5A1;COL5A2;GRB2;CRK,MET Promotes Cell Motility
Recycling Pathway of L1,0.001813162,4.868625,42.01394,TUBAL3;SRC;CLTC;CLTA;AP2A1;AP2A2;RPS6KA3;TUBB6;DPYSL2;TUBB1;AP2S1;MAPK1;AP2M1;RDX;MSN;AP2B1;L1CAM;TUBB4B;TUBA4B;TUBB4A;DNM1;TUBA4A;DNM2;DNM3;NUMB;EZR;TUBA8,Recycling Pathway of L1
Creation of C4 and C2 Activators,0.001969535,2.487493,21.24691,FCN1;FCN3;IGHV1-2;IGHV3-23;IGHV4-34;IGHV1-46;IGLV8-61;IGLV4-60;IGLV2-8;IGKV1-16;IGKV2-29;IGKV1-17;IGLV7-46;IGLV4-3;IGLC3;IGHV3-7;MBL2;IGHV3-33;IGKV3D-20;IGLV4-69;IGLV5-37;IGLV3-16;IGLV3-12;IGKV4-1;MASP2;MASP1;IGLV3-19;IGLV10-54;CRP;IGHV2-70;COLEC11;COLEC10;IGHV2-5;C1S;C1R;IGLV3-1;IGLV2-11;IGLV3-25;IGLV1-40;IGKC;IGLV1-47;IGLV5-45;IGLV6-57;IGLV2-14;IGLV3-21;IGLV3-22;IGLV2-18;IGLC7;IGKV5-2;IGKV1-5;IGKV1D-16;IGLV7-43;IGLV1-51;IGLV2-23;IGKV3-20,Creation of C4 and C2 Activators
Interleukin-1 Family Signaling,0.002086487,2.199382,18.64754,APP;HMGB1;PTPN23;PSMD8;IKBKB;PSMD6;PSMD7;TBK1;PSMD2;PSMD3;PSMD1;CTSG;IKBKG;MAP3K7;SKP1;IKBIP;MAP2K4;MAP2K1;CHUK;IL1R1;IL18;IRAK4;PSMA5;PSMA6;PSMA3;PSMA4;PSMA1;PSMA2;TRAF6;UBE2V1;SQSTM1;USP14;PSMD12;NLRX1;PSMD11;PSMD14;PSMD13;CUL1;PSMA7;RELA;PSMB6;IL1RL1;PSMB7;PSMB4;PSMB5;PSMB2;PSMB3;PSMB1;S100A12;GSDMD;PTPN18;ADRM1;STAT3;PTPN11;PTPN12;NFKB1;NFKB2;PSMC5;PSMC6;PSMC3;PSMC4;TOLLIP;PSMC1;PSMC2;SAA1;PTPN6;TAB1;NFKBIB,Interleukin-1 Family Signaling
Cooperation of Prefoldin and TriC CCT in Actin and Tubulin Folding,0.002118624,6.606475,55.87757,CCT3;CCT2;TUBAL3;VBP1;TUBB4B;TUBA4B;TUBB4A;TUBA4A;CCT6A;TUBB6;TUBB1;TCP1;PFDN1;PFDN2;CCT8;CCT7;PFDN4;PFDN5;CCT5;PFDN6;CCT4;TUBA8,Cooperation of Prefoldin and TriC CCT in Actin and Tubulin Folding
FCGR Activation,0.00215006,2.52255,21.2854,IGHV1-2;IGHV3-23;IGHV4-34;IGHV1-46;IGLV8-61;IGLV4-60;IGLV2-8;IGKV1-16;IGKV2-29;IGKV1-17;IGLV7-46;IGLV4-3;IGLC3;IGHV3-7;SYK;IGHV3-33;IGKV3D-20;FGR;IGLV4-69;HCK;IGLV5-37;IGLV3-16;IGLV3-12;IGKV4-1;IGLV3-19;IGLV10-54;IGHV2-70;IGHV2-5;SRC;IGLV3-1;IGLV2-11;IGLV3-25;IGLV1-40;IGKC;IGLV1-47;IGLV5-45;IGLV6-57;IGLV2-14;IGLV3-21;IGLV3-22;IGLV2-18;FYN;LYN;IGLC7;IGKV5-2;IGKV1-5;IGKV1D-16;IGLV7-43;FCGR2A;IGLV1-51;IGLV2-23;CD247;IGKV3-20,FCGR Activation
Nonsense Mediated Decay (NMD) Independent of the Exon Junction Complex (EJC),0.002440451,2.412041,20.03482,RPL5;RPL30;RPL3;RPL31;RPL34;RPLP1;RPLP0;RPL8;RPL7;RPS4X;RPS14;RPL7A;RPS17;RPL18A;RPS19;RPS18;RPL35;RPLP2;RPL38;RPS11;RPS10;UPF1;RPS8;RPL23;RPS5;RPL22;RPS6;RPSA;RPS3A;RPL24;RPL27;ETF1;PABPC1;RPL29;RPL28;RPL12;RPL11;GSPT2;GSPT1;RPS15A;RPS3;RPL13;RPL15;RPS2;RPL17;RPL19;RPL35A;RPL23A;RPS28;RPS27;RPL27A;RPS20;RPS21;RPS24;EIF4G1;RPS23,Nonsense Mediated Decay (NMD) Independent of the Exon Junction Complex (EJC)
Collagen Formation,0.0025095,2.917965,24.14062,COL18A1;COL15A1;CD151;PCOLCE2;COL14A1;COL11A1;COL12A1;COL11A2;LAMA3;LOXL3;PLOD3;PLOD1;CTSS;LOXL1;SERPINH1;COLGALT1;CTSB;CRTAP;MMP7;MMP3;P3H1;MMP9;COL1A1;COL3A1;COL2A1;BMP1;COL1A2;LOX;COL5A1;P4HA1;P4HA2;COL6A2;COL6A1;COL5A2;COL6A3;TLL2;COL6A6;ITGA6;TLL1;P4HB;PPIB;PLEC,Collagen Formation
GPVI-mediated Activation Cascade,0.002514238,5.406669,44.69192,LYN;FCER1G;SYK;RHOG;PTPN11;PIK3CB;PIK3R1;GP6;PIK3CG;PIK3R6;RHOA;VAV1;CDC42;COL1A1;COL1A2;LCK;PLCG2;RAC2;FYN;LCP2;PTPN6;RAC1;CLEC1B;LAT,GPVI-mediated Activation Cascade
Integrin Signaling,0.002631999,8.553785,70.27091,FGB;FGA;PTPN1;SYK;VWF;SHC1;SRC;ITGB3;ITGA2B;FGG;FN1;RASGRP2;PTK2;RAP1A;AKT1;CSK;GRB2;TLN1;CRK,Integrin Signaling
Eukaryotic Translation Termination,0.002666907,2.441564,20.0133,RPL5;RPL30;RPL3;RPL31;RPL34;RPLP1;RPLP0;APEH;RPL8;RPL7;RPS4X;RPS14;RPL7A;RPS17;RPL18A;RPS19;RPS18;RPL35;RPLP2;RPL38;RPS11;RPS10;RPS8;RPL23;RPS5;RPL22;RPS6;RPSA;RPS3A;RPL24;RPL27;ETF1;RPL29;RPL28;RPL12;RPL11;GSPT2;GSPT1;RPS15A;RPS3;RPL13;RPL15;RPS2;RPL17;RPL19;RPL35A;RPL23A;RPS28;RPS27;RPL27A;RPS20;RPS21;RPS24;RPS23,Eukaryotic Translation Termination
Degradation of Beta-Catenin by the Destruction Complex,0.002784071,3.118481,25.41207,GSK3B;PSMD12;PSMD11;PSMD14;PSMD13;CUL1;PSMA7;PSMD8;PSMB6;PPP2CB;PSMB7;PSMD6;PSMB4;PSMD7;PSMB5;PSMB2;PPP2R1A;PSMB3;PSMD2;PSMD3;PSMB1;PSMD1;SKP1;ADRM1;PPP2R5A;PSMA5;PSMA6;PSMA3;PSMC5;PSMA4;PSMC6;PSMA1;PSMC3;PSMA2;PSMC4;PSMC1;PSMC2;CTNNB1,Degradation of Beta-Catenin by the Destruction Complex
Signaling by CSF3 (G-CSF),0.0028981,14.39864,116.682,LYN;STAT5A;STAT5B;CUL5;SYK;SHC1;STAT1;STAT3;PTPN11;HCK;ELOB;GRB2;KRAS;ELOC;JAK2;JAK1,Signaling by CSF3 (G-CSF)
Collagen Biosynthesis and Modifying Enzymes,0.003035616,3.864851,31.12098,COL18A1;COL15A1;PCOLCE2;COL14A1;COL11A1;COL12A1;COL11A2;PLOD3;PLOD1;SERPINH1;COLGALT1;CRTAP;P3H1;COL1A1;COL3A1;COL2A1;BMP1;COL1A2;COL5A1;P4HA1;P4HA2;COL6A2;COL6A1;COL5A2;COL6A3;TLL2;COL6A6;TLL1;P4HB;PPIB,Collagen Biosynthesis and Modifying Enzymes
SRP-dependent Cotranslational Protein Targeting to Membrane,0.003047326,2.179023,17.52691,RPL5;SRP19;RPL30;RPL3;RPL31;RPL34;RPLP1;RPLP0;RPL8;SRP14;RPL7;RPS4X;RPS14;RPL7A;SEC61A1;RPS17;RPL18A;RPS19;RPS18;RPL35;RPLP2;RPL38;SEC61B;RPS11;RPS10;SSR4;RPS8;RPL23;RPS5;RPL22;RPS6;RPSA;RPS3A;DDOST;SRP9;RPL24;RPL27;RPL29;RPL28;RPN2;RPL12;RPN1;RPL11;RPS15A;RPS3;SSR1;RPL13;RPL15;RPS2;RPL17;SEC11A;RPL19;RPL35A;RPL23A;SPCS3;RPS28;SPCS2;RPS27;RPL27A;SRPRA;SRPRB;RPS20;RPS21;RPS24;RPS23,SRP-dependent Cotranslational Protein Targeting to Membrane
Mitotic G1 Phase and G1 S Transition,0.003215515,2.510607,20.04666,MCM7;PPP2R2A;PSMD8;PSMD6;PSMD7;PPP2R1A;AKT2;PSMD2;PSMD3;AKT1;PSMD1;JAK2;SKP1;PSMA5;PSMA6;PSMA3;PSMA4;PSMA1;PSMA2;MCM6;MCM2;PSMD12;PSMD11;PCNA;PSMD14;PSMD13;SRC;CUL1;PSMA7;PSMB6;PPP2CB;PSMB7;PSMB4;PSMB5;PSMB2;RBBP4;PSMB3;PSMB1;LYN;ADRM1;RPA1;RPA2;PSMC5;PSMC6;PSMC3;PSMC4;PSMC1;RPA3;PSMC2;CDK1,Mitotic G1 Phase and G1 S Transition
The Role of Nef in HIV-1 Replication and Disease Pathogenesis,0.003356865,6.304385,50.03682,AP1B1;AP2A1;AP2B1;HLA-A;AP2A2;HCK;AP1G1;LCK;PACS1;AP1S2;AP2S1;ELMO1;AP1S1;ATP6V1H;FYN;RAC1;CD247;DOCK2;PAK2;AP2M1;AP1M1,The Role of Nef in HIV-1 Replication and Disease Pathogenesis
Signaling by MET,0.00389463,2.597147,20.21443,ITGB1;LAMA5;LAMA2;SH3KBP1;LAMA1;SHC1;SRC;COL11A1;LAMA4;DOCK7;COL11A2;LAMA3;PTPRJ;LAMC1;PIK3R1;CBL;CRKL;GGA3;RAP1A;RAC1;EPS15;SH3GL1;PTPN1;RAB4A;RAB4B;LAMB2;ITGA2;STAT3;FN1;LAMB1;PTPN11;STAM;PTK2;COL1A1;COL3A1;COL2A1;COL1A2;COL5A1;HGS;COL5A2;GRB2;KRAS;CRK;STAM2;MUC20;ARF6,Signaling by MET
Peptide Chain Elongation,0.004022816,2.425965,18.79165,RPL5;RPL30;RPL3;RPL31;RPL34;RPLP1;RPLP0;RPL8;RPL7;RPS4X;RPL7A;RPS14;RPS17;RPL18A;RPS19;RPS18;RPL35;RPLP2;RPL38;RPS11;RPS10;RPS8;RPL23;RPS5;RPL22;RPS6;RPS3A;RPSA;RPL24;RPL27;RPL29;RPL28;RPL12;RPL11;RPS15A;RPS3;RPL13;RPL15;RPS2;RPL17;RPL19;RPL35A;RPL23A;EEF2;RPS28;RPS27;RPL27A;RPS20;RPS21;RPS24;RPS23,Peptide Chain Elongation
p130Cas Linkage to MAPK Signaling for Integrins,0.004248489,inf,inf,FGB;FGA;RAP1A;VWF;SRC;ITGB3;FGG;ITGA2B;FN1;TLN1;CRK;PTK2,p130Cas Linkage to MAPK Signaling for Integrins
Apoptotic Cleavage of Cellular Proteins,0.004284142,4.505416,34.57187,ROCK1;ADD1;LMNB1;FNTA;CASP6;CDH1;CASP3;LMNA;SPTAN1;BCAP31;DSP;DBNL;PRKCD;PTK2;TJP1;STK24;STK26;ACIN1;CTNNB1;DSG1;DSG2;PRKCQ;VIM;PLEC;TJP2,Apoptotic Cleavage of Cellular Proteins
Response of EIF2AK4 (GCN2) to Amino Acid Deficiency,0.004419071,2.32456,17.754,RPL5;RPL30;RPL3;RPL31;RPL34;RPLP1;RPLP0;RPL8;RPL7;RPS4X;RPS14;RPL7A;RPS17;RPL18A;RPS19;RPS18;RPL35;RPLP2;RPL38;RPS11;RPS10;RPS8;RPL23;RPS5;RPL22;RPS6;RPSA;RPS3A;IMPACT;RPL24;RPL27;RPL29;RPL28;RPL12;RPL11;RPS15A;RPS3;RPL13;RPL15;RPS2;RPL17;RPL19;RPL35A;RPL23A;EIF2S2;EIF2S1;RPS28;EIF2S3;RPS27;RPL27A;RPS20;RPS21;RPS24;RPS23,Response of EIF2AK4 (GCN2) to Amino Acid Deficiency
Interleukin-1 Signaling,0.00479308,2.240844,16.92181,APP;HMGB1;PSMD8;IKBKB;PSMD6;PSMD7;PSMD2;PSMD3;PSMD1;IKBKG;MAP3K7;SKP1;IKBIP;MAP2K4;MAP2K1;CHUK;IL1R1;IRAK4;PSMA5;PSMA6;PSMA3;PSMA4;PSMA1;PSMA2;TRAF6;UBE2V1;SQSTM1;USP14;PSMD12;NLRX1;PSMD11;PSMD14;PSMD13;CUL1;PSMA7;RELA;PSMB6;PSMB7;PSMB4;PSMB5;PSMB2;PSMB3;PSMB1;S100A12;ADRM1;NFKB1;NFKB2;PSMC5;PSMC6;PSMC3;PSMC4;TOLLIP;PSMC1;PSMC2;SAA1;TAB1;NFKBIB,Interleukin-1 Signaling
Formation of ATP by Chemiosmotic Coupling,0.004929075,13.49488,101.4651,DMAC2L;ATP5PF;ATP5PD;ATP5PB;ATP5F1C;ATP5F1D;MT-ATP6;ATP5F1A;ATP5F1B;ATP5PO;ATP5MK;ATP5MJ;ATP5MG;ATP5MF;ATP5ME,Formation of ATP by Chemiosmotic Coupling
Deubiquitination,0.005218997,1.907114,14.22111,WDR48;PTEN;ARRB1;IDE;PSMD8;BABAM1;PSMD6;PSMD7;TRIM4;PSMD2;PSMD3;RUVBL1;PSMD1;TRIM25;IKBKG;MAP3K7;TOMM70;USP47;USP7;USP5;USP4;ACTL6A;YOD1;RAD23A;UCHL3;RAD23B;RHOA;UCHL5;HCFC1;PSMA5;PSMA6;PSMA3;PSMA4;PSMA1;PSMA2;HGS;TRAF6;VDAC3;FKBP8;VDAC2;VDAC1;STAMBP;STAM2;OTUB1;USP14;PSMD12;VCP;PSMD11;PSMD14;PSMD13;USP10;BRCC3;MAT2B;PSMA7;SNX3;PSMB6;PSMB7;ATXN3;VCPIP1;PSMB4;RHOT1;PSMB5;PSMB2;PSMB3;PSMB1;SMAD2;USP24;TGFB1;USP9X;ADRM1;STAM;PSMC5;MAVS;PSMC6;PSMC3;PSMC4;PSMC1;PSMC2;CDK1;TAB1,Deubiquitination
CD22 Mediated BCR Regulation,0.005749327,2.952661,21.71792,IGHV2-70;IGHM;IGHV2-5;IGHV1-2;IGHV3-23;IGHV4-34;IGHV1-46;IGLV3-1;IGLV2-8;IGLV2-11;IGLV3-25;IGLV1-40;IGKV1-16;IGKV2-29;IGKC;IGLV1-47;IGLV6-57;IGKV1-17;IGLV2-14;IGLV3-21;IGLC3;IGHV3-7;LYN;IGLC7;IGHV3-33;IGKV5-2;IGKV1-5;IGKV3D-20;IGKV1D-16;IGLV7-43;IGLV1-51;IGLV2-23;IGKV4-1;PTPN6;IGLV3-19;IGKV3-20,CD22 Mediated BCR Regulation
EPH-Ephrin Signaling,0.005865706,2.588214,18.96111,ROCK1;ROCK2;SRC;ARPC1B;ARPC1A;CLTC;CLTB;CLTA;AP2A1;AP2A2;KALRN;CDC42;EFNB1;SDCBP;PAK1;CFL1;NCK2;AP2S1;MYH14;FYN;RAC1;MYH10;PAK2;AP2M1;GIT1;ACTR3;LYN;ACTR2;ADAM10;ARPC4;AP2B1;ARPC5;MMP9;DNM1;RHOA;PTK2;MYL6;ARPC2;ARPC3;RASA1;MYH9;ARHGEF7;MYL9,EPH-Ephrin Signaling
Translocation of SLC2A4 (GLUT4) to the Plasma Membrane,0.005865706,2.588214,18.96111,YWHAE;C2CD5;RALA;STXBP3;TUBAL3;YWHAB;SNAP23;PRKAG1;TUBB6;YWHAQ;AKT2;TUBB1;AKT1;SFN;STX4;RAC1;RAB8A;YWHAG;YWHAH;PRKAB2;RAB4A;EXOC8;EXOC7;ASPSCR1;MYO5A;LNPEP;TUBB4B;PRKAB1;TUBA4B;YWHAZ;TUBB4A;TUBA4A;RAB11A;RAB10;MYO1C;RAB14;RAB13;EXOC4;EXOC3;MYH9;EXOC2;EXOC1;TUBA8,Translocation of SLC2A4 (GLUT4) to the Plasma Membrane
Apoptotic Execution Phase,0.006385842,3.206195,23.20106,ROCK1;HMGB2;HMGB1;ADD1;LMNB1;FNTA;CASP6;CDH1;CASP3;LMNA;DNM1L;SPTAN1;PAK2;KPNA1;DSP;BCAP31;DBNL;PRKCD;PTK2;H1-5;TJP1;STK24;STK26;DSG1;ACIN1;CTNNB1;DSG2;PRKCQ;VIM;KPNB1;PLEC;TJP2,Apoptotic Execution Phase
Separation of Sister Chromatids,0.00639572,2.020696,14.60991,SMC3;PSMD8;PPP1CC;PSMD6;TUBB6;PSMD7;XPO1;PPP2R1A;PSMD2;PSMD3;TUBB1;PSMD1;NUDC;SEC13;PPP2R5A;RANGAP1;SMC1A;TUBA4B;CKAP5;TUBA4A;PSMA5;DYNC1LI1;PSMA6;CLIP1;DYNC1LI2;PSMA3;PSMA4;KIF2A;PSMA1;PSMA2;ZW10;MAPRE1;PAFAH1B1;DYNC1I2;PSMD12;PSMD11;PSMD14;TUBAL3;PSMD13;PSMA7;PSMB6;PPP2CB;PSMB7;PSMB4;PSMB5;PSMB2;PSMB3;RAD21;PSMB1;NUP43;BUB3;CLASP2;DYNC1H1;RCC2;NDE1;ADRM1;TUBB4B;TUBB4A;PSMC5;RPS27;PSMC6;PSMC3;PSMC4;PSMC1;TAOK1;PSMC2;TUBA8,Separation of Sister Chromatids
Mitotic Anaphase,0.006415649,1.812482,13.08214,PPP2R2A;SMC3;LMNB1;PSMD8;PPP1CC;PSMD6;TUBB6;PSMD7;XPO1;PPP2R1A;PSMD2;PSMD3;TUBB1;PSMD1;BANF1;TNPO1;EMD;LBR;TMPO;NUDC;SEC13;IST1;PPP2R5A;RANGAP1;SMC1A;LEMD2;TUBA4B;CKAP5;SIRT2;TUBA4A;PSMA5;DYNC1LI1;PSMA6;DYNC1LI2;PSMA3;CLIP1;PSMA4;KIF2A;PSMA1;PSMA2;ZW10;CHMP4B;CHMP3;CHMP4A;MAPRE1;CHMP6;KPNB1;PAFAH1B1;DYNC1I2;PSMD12;PSMD11;PSMD14;TUBAL3;PSMD13;VPS4A;PSMA7;PSMB6;PPP2CB;PSMB7;PSMB4;PSMB5;PSMB2;PSMB3;RAD21;LMNA;PSMB1;NUP43;BUB3;CLASP2;DYNC1H1;RCC2;NDE1;ADRM1;TUBB4B;TUBB4A;PSMC5;RPS27;PSMC6;PSMC3;PSMC4;PSMC1;TAOK1;PSMC2;CDK1;CHMP2A;RAN;CC2D1B;TUBA8,Mitotic Anaphase
Mitotic Metaphase and Anaphase,0.006415649,1.812482,13.08214,PPP2R2A;SMC3;LMNB1;PSMD8;PPP1CC;PSMD6;TUBB6;PSMD7;XPO1;PPP2R1A;PSMD2;PSMD3;TUBB1;PSMD1;BANF1;TNPO1;EMD;LBR;TMPO;NUDC;SEC13;IST1;PPP2R5A;RANGAP1;SMC1A;LEMD2;TUBA4B;CKAP5;SIRT2;TUBA4A;PSMA5;DYNC1LI1;PSMA6;DYNC1LI2;PSMA3;CLIP1;PSMA4;KIF2A;PSMA1;PSMA2;ZW10;CHMP4B;CHMP3;CHMP4A;MAPRE1;CHMP6;KPNB1;PAFAH1B1;DYNC1I2;PSMD12;PSMD11;PSMD14;TUBAL3;PSMD13;VPS4A;PSMA7;PSMB6;PPP2CB;PSMB7;PSMB4;PSMB5;PSMB2;PSMB3;RAD21;LMNA;PSMB1;NUP43;BUB3;CLASP2;DYNC1H1;RCC2;NDE1;ADRM1;TUBB4B;TUBB4A;PSMC5;RPS27;PSMC6;PSMC3;PSMC4;PSMC1;TAOK1;PSMC2;CDK1;CHMP2A;RAN;CC2D1B;TUBA8,Mitotic Metaphase and Anaphase
Viral mRNA Translation,0.006558238,2.303935,16.56816,RPL5;RPL30;RPL3;RPL31;RPL34;RPLP1;RPLP0;RPL8;RPL7;RPS4X;RPS14;RPL7A;RPS17;RPL18A;RPS19;RPS18;RPL35;RPLP2;RPL38;RPS11;RPS10;RPS8;RPL23;RPS5;RPL22;RPS6;RPSA;RPS3A;DNAJC3;RPL24;RPL27;RPL29;RPL28;RPL12;RPL11;RPS15A;RPS3;RPL13;RPL15;RPS2;RPL17;RPL19;RPL35A;RPL23A;RPS28;RPS27;RPL27A;RPS20;RPS21;RPS24;RPS23,Viral mRNA Translation
trans-Golgi Network Vesicle Budding,0.006577165,2.443597,17.55434,NAPA;APP;RAB5C;TFRC;CLTC;CTSZ;SNAP23;CLTB;CLTA;ARRB1;CLINT1;GNS;BLOC1S4;TGOLN2;SNX2;AP1G1;BLOC1S1;FTH1;BLOC1S3;AP1S2;AP1S1;SNX9;STX4;AP3S1;SNX5;AP1M1;TXNDC5;HSPA8;SNAPIN;SORT1;GBF1;AP1B1;M6PR;AP3B1;IGF2R;DNM2;GAK;VAMP8;VAMP7;HGS;CPD;GOLGB1;CHMP2A;ACBD3;FTL;PICALM,trans-Golgi Network Vesicle Budding
Visual Phototransduction,0.006591241,3.605136,25.85842,SDC4;LRP1;LPL;LRP8;APOM;TTR;FNTA;RDH11;GPC1;FNTB;APOE;GPC4;APOB;GPC6;LDLR;APOA2;APOA1;APOC3;PRKCA;HSPG2;RBP4;APOC2;GNB1;NMT1;SDC1;PRKCQ;AGRN;METAP2,Visual Phototransduction
Signaling by RAF1 Mutants,0.006591241,3.904572,28.00602,CAMK2B;CAMK2D;SRC;YWHAB;ITGB3;CAMK2A;ITGA2B;ARAF;ARRB1;IQGAP1;RAP1A;MAPK1;CSK;JAK2;CAMK2G;FGB;FGA;MAP2K1;MAP2K2;KSR1;VWF;FGG;FN1;KRAS;TLN1;VCL,Signaling by RAF1 Mutants
Signaling by BRAF and RAF1 Fusions,0.007429086,2.781703,19.60674,CAMK2B;CAMK2D;YWHAB;FAM114A2;SRC;ITGB3;ITGA2B;CAMK2A;ARAF;PEBP1;ARRB1;IQGAP1;ZC3HAV1;FXR1;KIAA1549;RAP1A;MPRIP;LMNA;MAPK1;CSK;JAK2;ATG7;CAMK2G;FGB;FGA;MAP2K1;MAP2K2;KSR1;VWF;AGK;FGG;FN1;AP3B1;SND1;KRAS;TLN1;VCL,Signaling by BRAF and RAF1 Fusions
Hedgehog 'On' State,0.008022175,2.869822,19.99458,PSMD12;PSMD11;PSMD14;PSMD13;CUL3;ARRB1;PSMA7;PSMD8;PSMB6;PSMB7;PSMD6;PSMB4;PSMD7;PSMB5;PSMB2;PSMB3;PSMD2;PSMD3;PSMB1;PSMD1;ADRM1;PSMA5;PSMA6;PSMA3;ITCH;PSMC5;PSMA4;PSMC6;PSMA1;PSMC3;PSMA2;PSMC4;PSMC1;PSMC2;NUMB,Hedgehog 'On' State
Pre-NOTCH Processing in Golgi,0.008227673,12.59165,87.35376,NOTCH2;NOTCH3;B4GALT1;NOTCH1;SEL1L;ATP2A3;ATP2A2;FURIN;RFNG;LFNG;MFNG;TMED2;ST3GAL6;RAB6A,Pre-NOTCH Processing in Golgi
Prefoldin Mediated Transfer of Substrate to CCT TriC,0.008415284,5.700721,39.39459,CCT3;CCT2;VBP1;TUBB4B;TUBB4A;TUBA4A;CCT6A;TUBB6;TUBB1;TCP1;PFDN1;PFDN2;CCT8;CCT7;PFDN4;PFDN5;CCT5;PFDN6;CCT4,Prefoldin Mediated Transfer of Substrate to CCT TriC
Assembly of Collagen Fibrils and Other Multimeric Structures,0.009082795,3.105115,21.20703,COL18A1;COL15A1;CD151;COL14A1;COL11A1;COL12A1;COL11A2;LAMA3;LOXL3;CTSS;LOXL1;CTSB;MMP7;MMP3;MMP9;COL1A1;COL3A1;COL2A1;BMP1;COL1A2;LOX;COL5A1;COL6A2;COL6A1;COL5A2;COL6A3;TLL2;COL6A6;ITGA6;TLL1;PLEC,Assembly of Collagen Fibrils and Other Multimeric Structures
MET Activates PTK2 Signaling,0.009280781,4.726794,32.11864,ITGB1;LAMA5;LAMA2;LAMA1;SRC;LAMB2;COL11A1;LAMA4;ITGA2;COL11A2;LAMA3;FN1;LAMB1;LAMC1;PTK2;COL1A1;COL3A1;COL1A2;COL2A1;COL5A1;COL5A2,MET Activates PTK2 Signaling
Plasma Lipoprotein Clearance,0.009280781,4.726794,32.11864,CLTC;HDLBP;APOC4;CLTA;PCSK9;APOA1;APOBR;AP2A1;LSR;VLDLR;AP2B1;AP2A2;LIPA;LIPC;NCEH1;AP2S1;APOE;APOB;LDLRAP1;LDLR;AP2M1,Plasma Lipoprotein Clearance
Retinoid Metabolism and Transport,0.009280781,4.726794,32.11864,LRP1;SDC4;APOA2;LPL;APOA1;APOC3;LRP8;HSPG2;RBP4;APOM;TTR;RDH11;GPC1;APOC2;SDC1;APOE;GPC4;APOB;AGRN;GPC6;LDLR,Retinoid Metabolism and Transport
Complement Cascade,0.009289919,1.859166,12.62317,FCN1;FCN3;CD81;PROS1;IGHV3-23;IGHV1-2;IGHV4-34;C4BPA;IGHV1-46;C4BPB;CLU;C8A;IGLV8-61;IGLV4-60;C4B;IGLV2-8;C4A;C8G;IGKV1-16;IGKV2-29;IGKV1-17;IGLV7-46;IGLV4-3;IGLC3;IGHV3-7;MBL2;IGHV3-33;IGKV3D-20;F2;IGLV4-69;IGLV5-37;IGLV3-16;IGLV3-12;IGKV4-1;SERPING1;MASP2;MASP1;CD46;IGLV3-19;IGLV10-54;CRP;IGHV2-70;COLEC11;COLEC10;IGHV2-5;C1S;C1R;IGLV3-1;CPN2;CPN1;IGLV2-11;VTN;IGLV3-25;IGLV1-40;IGLV1-47;IGLV6-57;IGKC;IGLV5-45;IGLV2-14;IGLV3-21;C9;IGLV3-22;IGLV2-18;CD59;ELANE;CD55;IGLC7;IGKV5-2;IGKV1-5;IGKV1D-16;IGLV7-43;IGLV1-51;CFHR4;IGLV2-23;CFHR5;IGKV3-20,Complement Cascade
Formation of Fibrin Clot (Clotting Cascade),0.009358811,3.267052,22.14403,SERPINE2;PROS1;F13A1;TFPI;KNG1;SERPINA5;THBD;C1QBP;PF4V1;FGB;FGA;F10;SERPIND1;VWF;GP1BB;F2R;FGG;GP1BA;F2;GP5;F5;F7;GP9;F8;F9;PROC;SERPING1;PRTN3;PF4,Formation of Fibrin Clot (Clotting Cascade)
Classical Antibody-Mediated Complement Activation,0.009631691,2.281296,15.38677,CRP;IGHV2-70;IGHV2-5;C1S;C1R;IGHV1-2;IGHV3-23;IGHV4-34;IGHV1-46;IGLV3-1;IGLV8-61;IGLV4-60;IGLV2-8;IGLV2-11;IGLV3-25;IGLV1-40;IGKV1-16;IGKV2-29;IGKC;IGLV1-47;IGLV5-45;IGLV6-57;IGKV1-17;IGLV2-14;IGLV3-21;IGLV7-46;IGLV3-22;IGLV4-3;IGLC3;IGLV2-18;IGHV3-7;IGLC7;IGHV3-33;IGKV5-2;IGKV1-5;IGKV3D-20;IGKV1D-16;IGLV7-43;IGLV4-69;IGLV5-37;IGLV3-16;IGLV1-51;IGLV3-12;IGLV2-23;IGKV4-1;IGLV3-19;IGKV3-20;IGLV10-54,Classical Antibody-Mediated Complement Activation
"Interleukin-3, Interleukin-5 and GM-CSF Signaling",0.009631691,4.142621,27.92401,LYN;STAT5A;STAT5B;SYK;SHC1;INPPL1;PTPN11;PIK3CB;PIK3R1;CBL;YWHAZ;VAV1;CRKL;HCK;TEC;FYN;GRB2;PTPN6;JAK2;PRKACA;JAK3;CRK;JAK1,"Interleukin-3, Interleukin-5 and GM-CSF Signaling"
RHOU GTPase Cycle,0.009722251,3.753326,25.24877,ITSN2;SRC;CLTC;IQGAP1;PIK3R1;CDC42;PAK1;MYO6;NCK2;PTK2B;SRGAP2;PAK2;SPTAN1;GIT1;SPTBN1;NCK1;GIT2;USP9X;TXNL1;STAM;HGS;GRB2;ARHGEF7;STAM2;ARHGEF6,RHOU GTPase Cycle
Initial Triggering of Complement,0.01128278,2.060265,13.54404,FCN1;FCN3;IGHV3-23;IGHV1-2;IGHV4-34;IGHV1-46;IGLV8-61;IGLV4-60;C4B;IGLV2-8;C4A;IGKV1-16;IGKV2-29;IGKV1-17;IGLV7-46;IGLV4-3;IGLC3;IGHV3-7;MBL2;IGHV3-33;IGKV3D-20;IGLV4-69;IGLV5-37;IGLV3-16;IGLV3-12;IGKV4-1;MASP2;MASP1;IGLV3-19;IGLV10-54;CRP;IGHV2-70;COLEC11;COLEC10;IGHV2-5;C1S;C1R;IGLV3-1;IGLV2-11;IGLV3-25;IGLV1-40;IGLV1-47;IGLV6-57;IGKC;IGLV5-45;IGLV2-14;IGLV3-21;IGLV3-22;IGLV2-18;IGLC7;IGKV5-2;IGKV1-5;IGKV1D-16;IGLV7-43;IGLV1-51;IGLV2-23;IGKV3-20,Initial Triggering of Complement
HSP90 Chaperone Cycle for Steroid Hormone Receptors (SHR) in the Presence of Ligand,0.01206101,2.884662,18.75896,DCTN6;DCTN5;DYNC1I2;HSP90AB1;DCTN2;TUBAL3;DCTN1;DCTN4;DCTN3;STIP1;ACTR1A;TUBB6;CAPZB;TUBB1;DYNC1H1;HSPA8;HSP90AA1;PTGES3;TUBB4B;TUBA4B;TUBB4A;TUBA4A;DNAJA1;DYNC1LI1;DYNC1LI2;CAPZA1;CAPZA2;DNAJA2;FKBP4;ACTR10;FKBP5;TUBA8,HSP90 Chaperone Cycle for Steroid Hormone Receptors (SHR) in the Presence of Ligand
Metabolism,0.01222151,1.20919,7.84229,RPL5;RPL30;RPL3;RPL31;UXS1;RPL34;XYLT2;ENO1;ENO2;RPL8;GLS;RPL7;PSMD8;NSDHL;PSMD6;PSMD7;SCP2;PSMD2;NAMPT;PSMD3;AKT1;PSMD1;PIP4K2A;RPL35;PIP4K2B;RPL38;PIP4K2C;PRKACA;PRSS3;PRKACB;NUP214;GSTK1;ACOT9;PRKAB2;ACOT8;ACOT7;GLCE;RPL23;RPL22;PRKCA;PHKA2;HSPG2;RUFY1;BCAN;MTAP;RBP4;MTHFD1;PRKAR1A;LARS1;ETHE1;HMBS;UQCRC1;RPL24;MT-CO2;RPL27;MT-CO3;UQCRC2;HPRT1;RPL29;RPL28;SAR1B;SHMT2;SHMT1;IQGAP1;HACD3;GNS;ADH5;CIAO1;HACD4;SULT1A1;HSD11B1;ADH4;LDHB;LDHA;CYB5R3;CHST11;RDH11;PRKAR2B;CHST12;PRKAR2A;CHST15;PLCG2;ST3GAL6;PIP5K1C;ST3GAL1;HMOX2;GSTM3;B3GALNT1;GSTM2;CHKB;STARD10;MTHFR;CS;GLUD1;BHMT;B4GAT1;TCN1;FASN;PRXL2B;NMT1;OGDH;MMS19;ITPA;ACHE;GPI;PYGB;MTMR12;MTMR14;HEXB;NCAN;RPLP1;HEXA;RPLP0;ADK;PYGL;PFAS;ATIC;IMPA1;RPLP2;TK2;LDLRAP1;ENOPH1;LYPLA1;TPI1;GSTO1;ARG1;PGAM1;BGN;PTGR1;PGM2L1;SUMF2;HADHB;PSMA5;ITPKB;SLC7A5;HADHA;PSMA6;PSMA3;PLCB3;PSMA4;PLCB4;BDH1;PSMA1;PSMA2;IVD;AGPS;DPYD;CHST1;PLIN3;PGAM5;ANGPTL4;PLIN1;TKT;PLCB1;GART;DLD;PLCB2;MGLL;CHST3;FH;ASAH1;ECHS1;WDR26;KARS1;RPL12;RPL11;DLST;ADCY6;PSMA7;PTGS1;PSMB6;PSMB7;PSMB4;RPS15A;PSMB5;SULT1E1;PSMB2;PSMB3;PSMB1;RPS3;RPL13;CKB;RPL15;RPS2;LDLR;RPL17;RPL19;MDH1;MDH2;AGK;AGL;GSR;LETM1;GATM;PSMC5;PSMC6;FABP5;PSMC3;PSMC4;PSMC1;LPCAT3;GID8;PSMC2;CIAPIN1;AGRN;FMOD;CRAT;VKORC1L1;ALDH1L1;CHPF;PPP1CB;PPP1CC;ABHD10;UROD;OSBP;CHP1;GYG1;PCYT2;RARS1;RPS8;RPS5;RPS6;AIP;RPSA;PGD;TPST2;ACLY;TPST1;MAPKAPK2;SMS;PGP;KPNB1;CEMIP;UQCRB;FECH;GLO1;AK1;GMPS;AK2;ITPR1;GMPR;ITPR2;MRI1;ACAT2;MTM1;ACAT1;SLC9A1;RAP1A;TKFC;PMVK;ESD;PSAP;PGK1;CERT1;NADK;OSBPL9;OSBPL8;RAB4A;OSBPL2;GOT2;M6PR;PHKB;DHCR24;GGCT;UQCRQ;OGN;TBXAS1;UST;ACO1;CSPG4;ACO2;HPSE;DHCR7;RAB5A;HSP90AB1;ADPGK;COX4I1;PTEN;ETFA;ETFB;PIK3CB;PIK3CG;ALAD;NADK2;RPL7A;SUMO2;IDH3B;ME1;PGM2;PGLS;ME2;LBR;PGM1;IDH3A;ADSL;HSP90AA1;GPX1;GGPS1;HMGCS1;GPX4;APOA2;SORD;APOA1;APOA5;COASY;SLC25A15;DUSP23;SARS1;PKM;PCCA;TST;PCCB;PIK3C3;BCAT1;DCTPP1;GAPDH;SLC25A11;UGT2B7;CERS2;ALDH9A1;SLC25A13;PRPS2;SEC23A;ACSS2;LRP1;PPM1L;NDUFB3;NDUFB1;GLRX;PDHB;HSD17B12;HSD17B11;HSD17B10;LRP8;NFS1;TTR;IARS1;SLC25A20;ACSS1;CYB5B;NDUFA9;CYB5A;NDUFA8;DUT;NDUFA7;NDUFA6;NDUFA5;IDH3G;MMAB;NDUFA4;MBOAT7;TXNRD1;NDUFA2;ADRM1;DDHD2;APOC3;MBOAT2;RPL35A;RPL23A;ASS1;BCKDK;MARCKS;PFKL;SUCLA2;RAB14;VAPA;VAPB;APOC2;SEC24D;SEC24C;PFKM;PFKP;SLC35B2;AHCYL1;ECI1;PITPNB;ECI2;NUDT5;HS6ST1;NUDT3;HS6ST3;NUBP2;RPS14;RPS17;PNP;RPL18A;RPS19;PPP2R1A;RPS18;PPAT;CPNE1;CPNE3;RPS11;PTGDS;RPS10;PDK1;MCCC2;PDHX;ARSA;CPT1A;ACSL1;ENTPD5;SACM1L;OMD;ENTPD6;MCCC1;TALDO1;ACSL5;ACSL4;ACSL3;INPP4B;POR;COX7A2L;BTD;PPA2;CSNK2B;SUCLG2;SUCLG1;VDAC1;ALDH7A1;CES2;CES1;PLA1A;GCDH;SDC4;MAOB;STXBP1;MGST3;MGST1;PIK3R1;PIK3R6;INPP5B;APOM;INPP5A;PPCS;NEU1;ST8SIA5;ASL;APOE;APOB;DECR1;DMAC2L;CTSA;SURF1;GNG12;PAICS;ACADSB;GNG11;DERA;AIMP1;PARP10;AIMP2;ALDH6A1;HAL;RPS28;RPS27;EPRS1;VNN2;RPL27A;NDUFAF2;SDC1;RPS20;ALDH18A1;RPS21;RPS24;CD320;RPS23;CDS2;HIBADH;SLC44A1;SLC44A2;STAB2;AKR1B1;PPCDC;MT-ATP6;GYS1;QARS1;NNT;IDS;PHGDH;ACADM;CD36;DLAT;ACADS;ACAD8;CBR1;SEC13;GAA;ACAD9;AKR1A1;NME3;AMPD2;APRT;NME1;UGDH;B3GNT7;PITPNM2;B3GNT2;ALDOC;ALDOB;UMPS;CD44;DTYMK;AHCY;MRPS36;ADH1B;HSD17B4;UQCR11;UQCR10;COX5B;COX5A;HSD17B8;GNAI1;GNAI2;TYMP;NT5C;PPP2CB;NT5E;ATP5F1A;PDPR;ATP5F1B;GPC1;GPC4;GPC6;AASDHPPT;ATP5PF;NQO2;ATP5PD;ATP5PB;PTGES2;PTGES3;COX6C;ATP5F1C;ATP5F1D;LYVE1;PPP1CA;PDP1;ALDH4A1;NDUFAB1;ATP5PO;PNPLA6;NDUFA13;ACAA2;NDUFA11;GDA;NDUFA12;NDUFA10;INPPL1;CPOX;COX6A1;COMT;CNDP2;AKR7A2;PPIP5K2;HADH;ACAA1;G6PD;ACOT13;SDHA;SDHB;COX6B1;ALDH3A2;TBL1XR1;SHPK;GPD2;CMPK1;IDI1;ISYNA1;PSMD12;PSMD11;NDUFB10;PSMD14;NDUFB11;PSMD13;PLD4;LPL;ALOX12;COX7A2;FUT1;PLD3;ACACA;EBP;DHRS7B;ATP5MK;ATP5MJ;CYC1;NDUFV2;ATP5MG;NDUFV1;ATP5MF;ATP5ME;MPST;HSPA9;FDPS;GGT7;PDHA1;IDH1;EPHX2;IDH2;EPHX1;QDPR;GRHPR;CPS1;GNAQ;GNB2;GNB1;GNAS;GNB4;PI4KA;CRYL1;CYCS;MAN2B1;GCLM;GALK1;ACADVL;B4GALT1;PODXL2;SLC2A1;DBI;SLC2A3;OPLAH;GPHN;HK1;RPS4X;CPT2;NAPRT;CA4;DBT;MAN2C1;A4GALT;ABCD1;HIBCH;ABCC1;DCAKD;DCXR;CAD;MARS1;ABHD14B;PLA2G4A;CTPS2;RPS3A;CTPS1;GPCPD1;DCK;LSS;DCN;DARS1;DNM2;VCAN;NDUFS8;NDUFS7;ACOX1;THRAP3;NDUFS5;EHHADH;NDUFS4;NDUFS3;NDUFS2;MVD;NDUFS1;HAGH;BLVRA;VAC14;PON3;PON2;PON1;ETFDH;SLC3A2;PRELP;MAT2B;AGPAT1;NT5C2;PPOX;HMGCL;ACAN;GNG2;UGP2;GNG5;MAT2A;OXCT1;BPNT2;NUP43;BPNT1;CDIPT;FAHD1;LUM;B3GAT3;GALC;RPIA;PNKD;GLB1;GPD1L;NAXD;GLA;LPIN2;RAN,Metabolism
Common Pathway of Fibrin Clot Formation,0.01303904,5.399147,34.58794,FGB;FGA;F10;SERPIND1;SERPINE2;PROS1;F2R;FGG;F13A1;F2;F5;SERPINA5;THBD;F8;PROC;PRTN3;PF4V1;PF4,Common Pathway of Fibrin Clot Formation
Gap Junction Trafficking and Regulation,0.01303904,5.399147,34.58794,TUBAL3;SRC;CLTC;CLTB;CLTA;TUBB4B;TUBA4B;TUBB4A;DNM1;TUBA4A;DNM2;TJP1;TUBB6;DAB2;TUBB1;MYO6;AP2M1;TUBA8,Gap Junction Trafficking and Regulation
Laminin Interactions,0.01303904,5.399147,34.58794,ITGB1;COL18A1;LAMA5;LAMA2;LAMA1;LAMB2;LAMA4;ITGA2;LAMA3;ITGA1;LAMB1;LAMC1;NID1;NID2;HSPG2;ITGA7;ITGAV;ITGA6,Laminin Interactions
Retrograde Neurotrophin Signalling,0.01303904,inf,inf,DNM3;CLTC;AP2S1;CLTA;AP2A1;AP2B1;AP2A2;DNM1;AP2M1;DNM2,Retrograde Neurotrophin Signalling
Signaling by NOTCH,0.01326203,1.928548,12.31007,POGLUT1;B4GALT1;FLT4;ATP2A3;ATP2A2;ARRB1;YBX1;PSMD8;LFNG;PSMD6;PSMD7;PSMD2;PSMD3;AKT1;PSMD1;TMED2;SKP1;ADAM10;YWHAZ;PSMA5;FCER2;PSMA6;PSMA3;ADAM17;PSMA4;PSMA1;PSMA2;TBL1XR1;MFNG;NUMB;NOTCH2;NOTCH3;PSMD12;NOTCH1;PSMD11;PSMD14;PSMD13;SEL1L;CUL1;FURIN;RFNG;PSMA7;HDAC6;PSMB6;PSMB7;PSMB4;PSMB5;PSMB2;PSMB3;PSMB1;ST3GAL6;RAB6A;JAG1;STAT1;EGF;ADRM1;ITCH;PSMC5;PSMC6;PSMC3;PSMC4;PSMC1;PSMC2;TACC3,Signaling by NOTCH
Paradoxical Activation of RAF Signaling by Kinase Inactive BRAF,0.0132624,3.153495,20.07742,CAMK2B;CAMK2D;SRC;YWHAB;ITGB3;CAMK2A;ITGA2B;ARAF;PEBP1;ARRB1;IQGAP1;PHB;RAP1A;MAPK1;CSK;JAK2;CAMK2G;FGB;FGA;MAP2K1;MAP2K2;KSR1;VWF;FGG;FN1;KRAS;TLN1;VCL,Paradoxical Activation of RAF Signaling by Kinase Inactive BRAF
Signaling by RAS Mutants,0.0132624,3.153495,20.07742,CAMK2B;CAMK2D;SRC;YWHAB;ITGB3;CAMK2A;ITGA2B;ARAF;PEBP1;ARRB1;IQGAP1;PHB;RAP1A;MAPK1;CSK;JAK2;CAMK2G;FGB;FGA;MAP2K1;MAP2K2;KSR1;VWF;FGG;FN1;KRAS;TLN1;VCL,Signaling by RAS Mutants
Signaling by Moderate Kinase Activity BRAF Mutants,0.0132624,3.153495,20.07742,CAMK2B;CAMK2D;SRC;YWHAB;ITGB3;CAMK2A;ITGA2B;ARAF;PEBP1;ARRB1;IQGAP1;PHB;RAP1A;MAPK1;CSK;JAK2;CAMK2G;FGB;FGA;MAP2K1;MAP2K2;KSR1;VWF;FGG;FN1;KRAS;TLN1;VCL,Signaling by Moderate Kinase Activity BRAF Mutants
Signaling Downstream of RAS Mutants,0.0132624,3.153495,20.07742,CAMK2B;CAMK2D;SRC;YWHAB;ITGB3;CAMK2A;ITGA2B;ARAF;PEBP1;ARRB1;IQGAP1;PHB;RAP1A;MAPK1;CSK;JAK2;CAMK2G;FGB;FGA;MAP2K1;MAP2K2;KSR1;VWF;FGG;FN1;KRAS;TLN1;VCL,Signaling Downstream of RAS Mutants
APC C-mediated Degradation of Cell Cycle Proteins,0.0139325,2.629836,16.58205,PSMD12;PSMD11;PSMD14;PSMD13;CUL1;PSMA7;PSMD8;PSMB6;PSMB7;PSMD6;PSMB4;PSMD7;PSMB5;PSMB2;PSMB3;PSMD2;PSMD3;PSMB1;PSMD1;BUB3;SKP1;ADRM1;PSMA5;PSMA6;PSMA3;PSMC5;PSMA4;PSMC6;PSMA1;PSMC3;PSMA2;PSMC4;PSMC1;PSMC2;CDK1,APC C-mediated Degradation of Cell Cycle Proteins
Regulation of APC C Activators Between G1 S and Early Anaphase,0.0139325,2.629836,16.58205,PSMD12;PSMD11;PSMD14;PSMD13;CUL1;PSMA7;PSMD8;PSMB6;PSMB7;PSMD6;PSMB4;PSMD7;PSMB5;PSMB2;PSMB3;PSMD2;PSMD3;PSMB1;PSMD1;BUB3;SKP1;ADRM1;PSMA5;PSMA6;PSMA3;PSMC5;PSMA4;PSMC6;PSMA1;PSMC3;PSMA2;PSMC4;PSMC1;PSMC2;CDK1,Regulation of APC C Activators Between G1 S and Early Anaphase
Regulation of Mitotic Cell Cycle,0.0139325,2.629836,16.58205,PSMD12;PSMD11;PSMD14;PSMD13;CUL1;PSMA7;PSMD8;PSMB6;PSMB7;PSMD6;PSMB4;PSMD7;PSMB5;PSMB2;PSMB3;PSMD2;PSMD3;PSMB1;PSMD1;BUB3;SKP1;ADRM1;PSMA5;PSMA6;PSMA3;PSMC5;PSMA4;PSMC6;PSMA1;PSMC3;PSMA2;PSMC4;PSMC1;PSMC2;CDK1,Regulation of Mitotic Cell Cycle
MAP2K and MAPK Activation,0.01411797,3.602166,22.65092,FGB;FGA;MAP2K1;MAP2K2;KSR1;VWF;SRC;YWHAB;ITGB3;ITGA2B;FGG;ARAF;FN1;PEBP1;ARRB1;IQGAP1;RAP1A;MAPK1;CSK;KRAS;LAMTOR2;TLN1;LAMTOR3;VCL,MAP2K and MAPK Activation
Neurotransmitter Receptors and Postsynaptic Signal Transmission,0.01417486,2.023538,12.7081,PRKAG1;AP2A1;AP2A2;NRGN;RPS6KA3;TUBB6;TUBB1;RAC1;PRKACA;PRKACB;GIT1;AP2M1;NSF;PRKAB2;ACTN2;PRKCB;PRKCA;PRKAB1;TUBA4B;TUBA4A;PLCB3;PRKAR1A;ARHGEF7;PLCB1;PLCB2;CAMK2B;CAMK2D;PRKAA1;TUBAL3;SRC;CAMK2A;GNAI3;ADCY6;GNAI1;PPM1F;GNAI2;GNG2;GNG5;PRKAR2B;PRKAR2A;MYO6;AP2S1;MAPK1;CAMK2G;AP2B1;GNG12;TUBB4B;GNG11;TUBB4A;DLG1;GNB2;GNB1;GNB4;KRAS;CAMK1;TUBA8,Neurotransmitter Receptors and Postsynaptic Signal Transmission
DNA Replication Pre-Initiation,0.014207,2.405573,15.09237,PSMD12;PSMD11;PSMD14;MCM7;PSMD13;PSMA7;PSMD8;PSMB6;PSMB7;PSMD6;PSMB4;PSMD7;PSMB5;PSMB2;PSMB3;PSMD2;PSMD3;PSMB1;KPNA6;PSMD1;KPNA1;ADRM1;RPA1;RPA2;PSMA5;PSMA6;PSMA3;PSMC5;PSMA4;PSMC6;PSMA1;PSMC3;PSMA2;PSMC4;PSMC1;RPA3;PSMC2;MCM6;KPNB1;MCM2,DNA Replication Pre-Initiation
Cell-Cell Communication,0.01429671,1.974466,12.35914,ITGB1;CTNND1;ILK;PIK3CB;F11R;CDH8;CDH6;CDH5;CDH3;CDH2;CDH1;NCK2;SPTAN1;NCK1;ACTN2;ACTN1;ACTN4;CD2AP;CLDN5;ILF3;CLDN3;PARD3;CDH10;CDH11;CDH13;ITGA6;ANGPTL4;CD47;CDH15;CDH17;SKAP2;ARHGEF6;CDH19;PLEC;CD151;SRC;LAMA3;IQGAP1;PIK3R1;CTNNA1;FLNA;PTK2B;FYN;RSU1;SPTBN1;VASP;CADM1;JUP;PTPN11;PARVB;PTK2;SDK1;CTNNB1;GRB2;PTPN6;FERMT2;SDK2;NECTIN2;LIMS1,Cell-Cell Communication
Cellular Response to Starvation,0.01429671,1.834621,11.48089,RPL5;RPL30;RPL3;RPL31;RPL34;RPLP1;RPLP0;RPL8;RPL7;RPS4X;RPS14;RPL7A;RPS17;RPL18A;RPS19;RPS18;RPL35;RPLP2;RPL38;ATP6V1E1;RPS11;RPS10;ATP6V1G1;SEC13;RPS8;RPL23;RPS5;RPL22;RPS6;RPSA;RPS3A;IMPACT;ATP6V1B2;RPL24;RPL27;RPL29;RPL28;ATP6V0C;ATP6V1A;RPL12;RPL11;RPS15A;RPS3;ATP6V1H;RPL13;RPL15;RPS2;ATP6V1D;RPL17;ATP6V1C1;ATP6V1F;RPL19;RPL35A;RPL23A;EIF2S2;EIF2S1;MTOR;RPS28;EIF2S3;RPS27;RHEB;RPL27A;RPS20;LAMTOR2;LAMTOR1;LAMTOR4;RPS21;LAMTOR3;RPS24;RPS23;LAMTOR5,Cellular Response to Starvation
Nonsense Mediated Decay (NMD) Enhanced by the Exon Junction Complex (EJC),0.01429671,1.932207,12.07301,RPL5;RPL30;RPL3;RPL31;RPL34;RPLP1;EIF4A3;RPLP0;PPP2R2A;RPL8;SMG8;RPL7;RPS4X;RPS14;RPL7A;RPS17;RPL18A;RPS19;PPP2R1A;RPS18;RPL35;RPLP2;RPL38;RPS11;RPS10;UPF2;UPF1;RPS8;RPL23;RPS5;RPL22;RPS6;RPSA;RPS3A;RPL24;RPL27;ETF1;PABPC1;RPL29;RPL28;RBM8A;RPL12;RPL11;GSPT2;GSPT1;RPS15A;RPS3;RPL13;RPL15;RPS2;RPL17;RPL19;RPL35A;RPL23A;RPS28;RPS27;RPL27A;RPS20;RPS21;RPS24;EIF4G1;RPS23,Nonsense Mediated Decay (NMD) Enhanced by the Exon Junction Complex (EJC)
Nonsense-Mediated Decay (NMD),0.01429671,1.932207,12.07301,RPL5;RPL30;RPL3;RPL31;RPL34;RPLP1;EIF4A3;RPLP0;PPP2R2A;RPL8;SMG8;RPL7;RPS4X;RPS14;RPL7A;RPS17;RPL18A;RPS19;PPP2R1A;RPS18;RPL35;RPLP2;RPL38;RPS11;RPS10;UPF2;UPF1;RPS8;RPL23;RPS5;RPL22;RPS6;RPSA;RPS3A;RPL24;RPL27;ETF1;PABPC1;RPL29;RPL28;RBM8A;RPL12;RPL11;GSPT2;GSPT1;RPS15A;RPS3;RPL13;RPL15;RPS2;RPL17;RPL19;RPL35A;RPL23A;RPS28;RPS27;RPL27A;RPS20;RPS21;RPS24;EIF4G1;RPS23,Nonsense-Mediated Decay (NMD)
Diseases of Signal Transduction by Growth Factor Receptors and Second Messengers,0.01429671,1.451566,9.069462,ITGA2B;ARAF;PEBP1;IRS2;PSMD8;PPP1CB;PPP1CC;PSMD6;PSMD7;MPRIP;TFG;PPP2R1A;AKT2;PSMD2;KIF5B;FGFR1OP2;PSMD3;AKT1;PSMD1;SKP1;PDGFRB;PDGFRA;MAP2K1;MAP2K2;TPM4;TPM3;RPS6;ADAM10;SND1;BCR;EML4;CLIP1;ADAM17;BIN2;PRKAR1A;TBL1XR1;CDC37;TLN1;CARS1;SQSTM1;VCL;PSMD12;VCP;NOTCH1;PSMD11;PSMD14;FAM114A2;SHC1;PSMD13;SEL1L;PDGFB;CUL1;PDGFA;IQGAP1;ZC3HAV1;PHB;PIK3R1;KLC1;FXR1;RAP1A;ATG7;SPTBN1;SEC31A;LYN;STAT5A;SMAD2;STAT5B;JAG1;TGFB1;FN1;MSN;ERLIN2;GOLGB1;STRN;GRB2;FGFR4;FGFR3;FGFR2;BCL2L1;FGFR1;GSK3B;WDR48;YWHAB;ITGB3;CLTC;PTEN;ARRB1;PIK3CB;KIAA1549;ATIC;RAC2;MYO18A;RAC1;LRRFIP1;JAK2;FGB;FGA;HSP90AA1;CHUK;KSR1;VWF;FGG;RHOG;PPP2R5A;AP3B1;VAV1;PSMA5;EEF1G;PSMA6;PSMA3;PPM1B;PSMA4;PSMA1;PSMA2;LCK;KIT;MYH9;BIRC6;CAMK2B;CAMK2D;SRC;DCTN1;CAMK2A;LRP5;RRBP1;CBL;PSMA7;HDAC6;LRP6;PSMB6;PSMB7;PPP2CB;PSMB4;PSMB5;PSMB2;OS9;PSMB3;PSMB1;LMNA;MAPK1;CSK;FYN;POLR2H;CAMK2G;NTRK2;NPM1;AGK;STAT1;EGF;STAT3;ADRM1;ERBIN;PTPN11;PTPN12;MTOR;FKBP1A;PSMC5;KITLG;PSMC6;PSMC3;PSMC4;PSMC1;PSMC2;CTNNB1;PTPN6;KRAS,Diseases of Signal Transduction by Growth Factor Receptors and Second Messengers
APC C Cdc20 Mediated Degradation of Mitotic Proteins,0.01463627,2.704286,16.79144,PSMD12;PSMD11;PSMD14;PSMD13;PSMA7;PSMD8;PSMB6;PSMB7;PSMD6;PSMB4;PSMD7;PSMB5;PSMB2;PSMB3;PSMD2;PSMD3;PSMB1;PSMD1;BUB3;ADRM1;PSMA5;PSMA6;PSMA3;PSMC5;PSMA4;PSMC6;PSMA1;PSMC3;PSMA2;PSMC4;PSMC1;PSMC2;CDK1,APC C Cdc20 Mediated Degradation of Mitotic Proteins
APC Cdc20 Mediated Degradation of Cell Cycle Proteins Prior to Satisfation of the Checkpoint,0.01463627,2.704286,16.79144,PSMD12;PSMD11;PSMD14;PSMD13;PSMA7;PSMD8;PSMB6;PSMB7;PSMD6;PSMB4;PSMD7;PSMB5;PSMB2;PSMB3;PSMD2;PSMD3;PSMB1;PSMD1;BUB3;ADRM1;PSMA5;PSMA6;PSMA3;PSMC5;PSMA4;PSMC6;PSMA1;PSMC3;PSMA2;PSMC4;PSMC1;PSMC2;CDK1,APC Cdc20 Mediated Degradation of Cell Cycle Proteins Prior to Satisfation of the Checkpoint
Activation of APC C and APC C Cdc20 Mediated Degradation of Mitotic Proteins,0.01463627,2.704286,16.79144,PSMD12;PSMD11;PSMD14;PSMD13;PSMA7;PSMD8;PSMB6;PSMB7;PSMD6;PSMB4;PSMD7;PSMB5;PSMB2;PSMB3;PSMD2;PSMD3;PSMB1;PSMD1;BUB3;ADRM1;PSMA5;PSMA6;PSMA3;PSMC5;PSMA4;PSMC6;PSMA1;PSMC3;PSMA2;PSMC4;PSMC1;PSMC2;CDK1,Activation of APC C and APC C Cdc20 Mediated Degradation of Mitotic Proteins
Cdc20 Phospho-APC C Mediated Degradation of Cyclin A,0.01463627,2.704286,16.79144,PSMD12;PSMD11;PSMD14;PSMD13;PSMA7;PSMD8;PSMB6;PSMB7;PSMD6;PSMB4;PSMD7;PSMB5;PSMB2;PSMB3;PSMD2;PSMD3;PSMB1;PSMD1;BUB3;ADRM1;PSMA5;PSMA6;PSMA3;PSMC5;PSMA4;PSMC6;PSMA1;PSMC3;PSMA2;PSMC4;PSMC1;PSMC2;CDK1,Cdc20 Phospho-APC C Mediated Degradation of Cyclin A
Selenocysteine Synthesis,0.01498877,2.093154,12.93902,RPL5;RPL30;RPL3;RPL31;RPL34;RPLP1;RPLP0;RPL8;RPL7;RPS4X;RPS14;RPL7A;RPS17;RPL18A;RPS19;RPS18;RPL35;RPLP2;RPL38;RPS11;RPS10;RPS8;RPL23;RPS5;RPL22;RPS6;RPSA;RPS3A;SARS1;RPL24;RPL27;RPL29;RPL28;RPL12;RPL11;RPS15A;RPS3;RPL13;RPL15;RPS2;RPL17;RPL19;RPL35A;RPL23A;RPS28;RPS27;RPL27A;RPS20;RPS21;RPS24;RPS23,Selenocysteine Synthesis
Ub-specific Processing Proteases,0.01598617,1.936161,11.83646,WDR48;PTEN;ARRB1;IDE;PSMD8;PSMD6;PSMD7;PSMD2;PSMD3;RUVBL1;PSMD1;IKBKG;MAP3K7;TOMM70;USP47;USP7;USP5;USP4;PSMA5;PSMA6;PSMA3;PSMA4;PSMA1;HGS;PSMA2;TRAF6;FKBP8;VDAC3;VDAC2;VDAC1;STAM2;OTUB1;USP14;PSMD12;PSMD11;PSMD14;PSMD13;USP10;MAT2B;PSMA7;SNX3;PSMB6;PSMB7;PSMB4;RHOT1;PSMB5;PSMB2;PSMB3;PSMB1;SMAD2;USP24;USP9X;ADRM1;PSMC5;PSMC6;PSMC3;PSMC4;PSMC1;PSMC2;TAB1,Ub-specific Processing Proteases
Scavenging by Class A Receptors,0.01687926,6.74531,40.84438,COLEC12;COLEC11;SCARA5;APOA1;HSP90B1;COL1A1;COL3A1;COL1A2;FTH1;SCGB3A2;APOE;CALR;MASP1;APOB;FTL,Scavenging by Class A Receptors
Golgi Associated Vesicle Biogenesis,0.01689609,2.496821,15.10693,NAPA;RAB5C;TFRC;CLTC;CLTA;ARRB1;CLINT1;BLOC1S4;TGOLN2;SNX2;AP1G1;BLOC1S1;FTH1;BLOC1S3;AP1S2;AP1S1;SNX9;AP3S1;SNX5;AP1M1;TXNDC5;HSPA8;SNAPIN;SORT1;AP1B1;AP3B1;IGF2R;DNM2;GAK;VAMP8;VAMP7;CPD;GOLGB1;ACBD3;FTL;PICALM,Golgi Associated Vesicle Biogenesis
Diseases Associated With the TLR Signaling Cascade,0.01932637,5.097744,30.12045,FGB;FGA;CHUK;FGG;LY96;HMGB1;IRAK4;RELA;NFKB1;NFKB2;IKBKB;BTK;CD14;CD36;IKBKG;S100A9;S100A8,Diseases Associated With the TLR Signaling Cascade
Diseases of Immune System,0.01932637,5.097744,30.12045,FGB;FGA;CHUK;FGG;LY96;HMGB1;IRAK4;RELA;NFKB1;NFKB2;IKBKB;BTK;CD14;CD36;IKBKG;S100A9;S100A8,Diseases of Immune System
NCAM Signaling for Neurite Out-Growth,0.0193999,3.216118,18.97852,SRC;NCAN;SPTA1;ST8SIA4;MAPK1;FYN;NCAM1;SPTAN1;SPTBN1;PRNP;SPTB;PTK2;COL3A1;COL2A1;COL5A1;PTPRA;COL6A2;COL6A1;COL5A2;COL6A3;COL6A6;GRB2;KRAS;AGRN;FGFR1,NCAM Signaling for Neurite Out-Growth
RAC1 GTPase Cycle,0.01966773,1.783089,10.49106,CYFIP2;ITGB1;CYFIP1;NCKAP1;DOCK5;TFRC;WIPF1;DOCK8;DOCK7;SNAP23;ARHGAP1;BRK1;ARHGAP4;DOCK10;DOCK11;OPHN1;ARHGDIA;ARHGDIB;RAC1;EMD;LBR;GIT1;TMPO;RALBP1;CYBB;ARAP1;GMIP;VAV1;BCR;ARHGAP10;ARHGEF7;DOCK2;ARHGEF6;RAB7A;VAMP3;WAS;ARHGAP17;IQGAP1;PIK3R1;SLC1A5;IQGAP2;KALRN;CDC42;GNA13;PAK1;NCKAP1L;SRGAP2;WASF1;PAK2;WASF2;YKT6;WASF3;FARP1;GIT2;JAG1;MCAM;ERBIN;MYO9B;BAIAP2;ARHGAP25;DEF6;MPP7;KTN1;FMNL1;ABI2;TAOK3;ABI1;ESYT1;LAMTOR1;PKN1;FERMT2,RAC1 GTPase Cycle
GPER1 Signaling,0.02006293,3.451092,20.21086,ITGB1;GNAZ;SHC1;SRC;GNAI3;FN1;GNG12;GNG11;ADCY6;GNAI1;GNAI2;GNG2;GNG5;PRKAR2B;PRKAR1A;PRKAR2A;GNB2;GNB1;GNAS;GNB4;ITGA5;PRKACA;PRKACB,GPER1 Signaling
RHOH GTPase Cycle,0.02006293,3.451092,20.21086,VCP;ROCK1;TFRC;JUP;ROCK2;SLC1A5;FAM91A1;UACA;WDR11;NSFL1C;TMEM59;PAK1;LCK;ARHGDIA;ARHGDIB;DBT;STOM;CSK;LAMTOR1;PAK2;DBN1;RAB7A;VAMP3,RHOH GTPase Cycle
Assembly of the Pre-Replicative Complex,0.02079179,2.382805,13.8608,PSMD12;PSMD11;PSMD14;MCM7;PSMD13;PSMA7;PSMD8;PSMB6;PSMB7;PSMD6;PSMB4;PSMD7;PSMB5;PSMB2;PSMB3;PSMD2;PSMD3;PSMB1;KPNA6;PSMD1;KPNA1;ADRM1;PSMA5;PSMA6;PSMA3;PSMC5;PSMA4;PSMC6;PSMA1;PSMC3;PSMA2;PSMC4;PSMC1;PSMC2;MCM6;KPNB1;MCM2,Assembly of the Pre-Replicative Complex
GRB2 SOS Provides Linkage to MAPK Signaling for Integrins,0.0211105,10.78671,62.42542,FGB;FGA;RAP1A;VWF;SRC;ITGB3;FGG;ITGA2B;FN1;GRB2;TLN1;PTK2,GRB2 SOS Provides Linkage to MAPK Signaling for Integrins
Inactivation of CSF3 (G-CSF) Signaling,0.0211105,10.78671,62.42542,LYN;STAT5A;STAT5B;HCK;CUL5;SYK;STAT1;STAT3;ELOB;ELOC;JAK2;JAK1,Inactivation of CSF3 (G-CSF) Signaling
Listeria Monocytogenes Entry Into Host Cells,0.0211105,10.78671,62.42542,SH3KBP1;SRC;CDH1;HGS;CTNND1;CTNNB1;GRB2;STAM;CBL;EPS15;STAM2;SH3GL1,Listeria Monocytogenes Entry Into Host Cells
Regulation of MITF-M-dependent Genes Involved in Lysosome Biogenesis and Autophagy,0.0211105,10.78671,62.42542,ATP6V1A;ASAH1;ATP6V1G1;ATP6AP2;ATP6V1B2;ATP6V1H;ATP6V1E1;ATP6V0C;ATP6V1D;ATP6V1C1;ATP6V0A1;ATP6V1F,Regulation of MITF-M-dependent Genes Involved in Lysosome Biogenesis and Autophagy
Suppression of Phagosomal Maturation,0.021318,inf,inf,PTPA;HGS;VPS33B;ATP6V1H;CORO1A;RAB5A;KPNB1;KPNA1;RAB7A,Suppression of Phagosomal Maturation
VLDLR Internalisation and Degradation,0.021318,inf,inf,CLTC;AP2S1;CLTA;PCSK9;AP2A1;AP2B1;VLDLR;AP2A2;AP2M1,VLDLR Internalisation and Degradation
"WNT5A-dependent Internalization of FZD2, FZD5 and ROR2",0.021318,inf,inf,CLTC;CLTB;AP2S1;CLTA;AP2A1;ROR1;AP2B1;AP2A2;AP2M1,"WNT5A-dependent Internalization of FZD2, FZD5 and ROR2"
Z-decay Degradation of Maternal mRNAs by Zygotically Expressed Factors,0.021318,inf,inf,EIF4A2;EIF4A1;EIF4A3;PABPC1;EIF4E;EIF4B;DIS3L2;EIF4G1;PAIP1,Z-decay Degradation of Maternal mRNAs by Zygotically Expressed Factors
Immunoregulatory Interactions Between a Lymphoid and a non-Lymphoid Cell,0.0220239,1.701244,9.743033,ITGB1;CD81;IGHV3-23;IGHV1-2;IGHV4-34;ITGB2;ICAM2;ICAM3;IGHV1-46;ITGAL;IGLV8-61;IGLV4-60;IGLV2-8;IGKV1-16;IGKV2-29;IGKV1-17;CDH1;IGLV7-46;IGLV4-3;IGLC3;MADCAM1;IGHV3-7;CD34;CD96;ITGA4;IGHV3-33;HLA-B;IGKV3D-20;HLA-C;HLA-A;HLA-E;IGLV4-69;IGLV5-37;COL2A1;IGLV3-16;CD8A;IGLV3-12;IGKV4-1;CD226;IGLV3-19;IGLV10-54;COLEC12;IGHV2-70;IGHV2-5;IGLV3-1;IGLV2-11;IGLV3-25;IGLV1-40;IGKC;IGLV1-47;IGLV6-57;IGLV5-45;IGLV3-21;IGLV2-14;IGLV3-22;IGLV2-18;CD99;VCAM1;IGLC7;IGKV5-2;IGKV1-5;CRTAM;LILRB2;IGKV1D-16;IGLV7-43;LILRB5;COL1A1;TREML1;COL3A1;COL1A2;CD40LG;IGLV1-51;SELL;TREML2;IGLV2-23;CD247;SIGLEC7;IGKV3-20;NECTIN2,Immunoregulatory Interactions Between a Lymphoid and a non-Lymphoid Cell
RHOA GTPase Cycle,0.02250301,1.906438,10.87041,TFRC;SNAP23;ARHGAP1;ARHGAP6;ARHGAP4;STK10;SLK;OPHN1;ARHGDIA;C1QBP;ARHGDIB;FLOT1;FLOT2;LBR;TMPO;ARHGEF12;ATP6AP1;ARAP1;GMIP;RHOA;VAV1;BCR;ARHGAP10;DAAM1;ARHGEF1;ARHGEF2;ARHGEF7;DOCK2;VAMP3;ROCK1;ROCK2;ARHGAP18;IQGAP1;PIK3R1;KALRN;LMAN1;SCFD1;PGRMC2;DDRGK1;EMC3;STOM;STX5;YKT6;HMOX2;BCAP31;FARP1;JUP;MCAM;PCDH7;ERBIN;MYO9B;DEF6;KTN1;DIAPH1;VAPB;PKN1;TJP2,RHOA GTPase Cycle
Collagen Degradation,0.02363471,2.802219,15.83072,COL18A1;COL15A1;COL14A1;COL11A1;COL12A1;COL11A2;FURIN;CTSD;PRSS2;ELANE;CTSB;MMP7;MMP3;ADAM10;MMP9;COL1A1;ADAM17;MMP14;COL3A1;COL2A1;COL1A2;COL5A1;COL6A2;COL6A1;COL5A2;COL6A3;MMP19;COL6A6,Collagen Degradation
Sensory Perception,0.02503717,2.009915,11.23179,TRIOBP;FNTA;CAPZB;FNTB;SPTAN1;PLS1;APOA2;APOA1;PRKCA;HSPG2;RBP4;MYH9;PRKCQ;EZR;PLCB2;LRP1;SDC4;PCDH15;TWF2;TWF1;LPL;LRP8;TTR;APOM;RDH11;GPC1;EPB41L3;CDH23;APOE;GPC4;APOB;LDLR;GPC6;SPTBN1;TRPM4;MPP1;RDX;APOC3;MSN;ATP2B1;MYO1C;APOC2;CAPZA1;CAPZA2;GNB1;NMT1;SDC1;AGRN;METAP2,Sensory Perception
CDC42 GTPase Cycle,0.02544198,1.870545,10.4145,STEAP3;TFRC;WIPF1;DOCK8;DOCK7;SNAP23;ARHGAP1;FNBP1L;ARHGAP4;DOCK10;DOCK11;OPHN1;SH3PXD2A;ARHGDIA;ARHGDIB;WDR91;LBR;GIT1;TMPO;RALBP1;ARHGEF12;FNBP1;SCRIB;ARAP1;GMIP;ARFGAP2;BCR;ARHGAP10;DAAM1;ARHGEF7;ARHGEF6;RAB7A;VAMP3;WAS;ARHGAP17;IQGAP1;PIK3R1;IQGAP2;CDC42;FGD3;GNA13;FGD4;PAK1;STOM;SRGAP2;PAK2;YKT6;FARP1;GIT2;JUP;MYO9B;CDC42BPB;BAIAP2;DEF6;KTN1;FMNL1;LAMTOR1;CDC42SE2,CDC42 GTPase Cycle
Iron Uptake and Transport,0.02544198,2.926575,16.28686,ATP6V1A;STEAP3;TFRC;CUL1;ALAD;CAND1;HEPH;FTH1;ATP6V0A2;ATP6V1H;ATP6V1E1;ATP6V1D;ATP6V1C1;HMOX2;SKP1;ATP6V0A1;ATP6V1F;ATP6V1G1;ATP6AP1;GLRX3;CP;TFR2;ATP6V1B2;ACO1;ATP6V0C;FTL,Iron Uptake and Transport
Defective B3GAT3 Causes JDSSDHD,0.02617336,6.293833,34.8041,SDC4;B3GAT3;NCAN;BGN;HSPG2;DCN;BCAN;VCAN;GPC1;SDC1;CSPG4;GPC4;AGRN;GPC6,Defective B3GAT3 Causes JDSSDHD
LDL Clearance,0.02617336,6.293833,34.8041,CLTC;CLTA;PCSK9;AP2A1;LSR;AP2B1;AP2A2;LIPA;NCEH1;AP2S1;APOB;LDLRAP1;LDLR;AP2M1,LDL Clearance
Regulation of Complement Cascade,0.02690578,1.75558,9.65362,CD81;PROS1;IGHV3-23;IGHV1-2;IGHV4-34;C4BPA;IGHV1-46;C4BPB;CLU;C8A;IGLV8-61;IGLV4-60;C4B;IGLV2-8;C4A;C8G;IGKV1-16;IGKV2-29;IGKV1-17;IGLV7-46;IGLV4-3;IGLC3;IGHV3-7;IGHV3-33;IGKV3D-20;F2;IGLV4-69;IGLV5-37;IGLV3-16;IGLV3-12;IGKV4-1;SERPING1;CD46;IGLV3-19;IGLV10-54;IGHV2-70;IGHV2-5;C1S;C1R;IGLV3-1;CPN2;CPN1;IGLV2-11;VTN;IGLV3-25;IGLV1-40;IGLV1-47;IGLV6-57;IGKC;IGLV5-45;IGLV2-14;IGLV3-21;C9;IGLV3-22;IGLV2-18;CD59;ELANE;CD55;IGLC7;IGKV5-2;IGKV1-5;IGKV1D-16;IGLV7-43;IGLV1-51;CFHR4;IGLV2-23;CFHR5;IGKV3-20,Regulation of Complement Cascade
TGF-beta Receptor Signaling Activates SMADs,0.02692575,3.086594,16.95011,ITGB1;SMAD2;TGFB2;TGFB1;ITGB5;ITGB3;LTBP4;FURIN;LTBP2;LTBP3;CBL;LTBP1;UCHL5;PPP1CA;PPP1CB;FKBP1A;TGFBR3;PPP1CC;XPO1;STRAP;ITGAV;STUB1;FBN1;UBE2M,TGF-beta Receptor Signaling Activates SMADs
RAC2 GTPase Cycle,0.02692575,2.08879,11.45617,ITGB1;CYFIP1;NCKAP1;TFRC;ARHGAP1;BRK1;ARHGAP17;IQGAP1;PIK3R1;DOCK10;CDC42;LMAN1;PAK1;PGRMC2;SAMM50;OPHN1;ARHGDIA;RAC2;NCKAP1L;EMD;LBR;PAK2;WASF2;GIT1;TMPO;GIT2;MCAM;ERBIN;CYBB;VAV1;DEF6;MPP7;ARMCX3;BCR;ABI2;TAOK3;VAPB;ABI1;DSG2;ESYT1;LAMTOR1;DOCK2;RAB7A;VAMP3,RAC2 GTPase Cycle
APC C Cdc20 Mediated Degradation of Securin,0.02692575,2.538939,13.90729,PSMD12;PSMD11;PSMD14;PSMD13;PSMA7;PSMD8;PSMB6;PSMB7;PSMD6;PSMB4;PSMD7;PSMB5;PSMB2;PSMB3;PSMD2;PSMD3;PSMB1;PSMD1;ADRM1;PSMA5;PSMA6;PSMA3;PSMC5;PSMA4;PSMC6;PSMA1;PSMC3;PSMA2;PSMC4;PSMC1;PSMC2,APC C Cdc20 Mediated Degradation of Securin
APC C Cdh1 Mediated Degradation of Cdc20 and Other APC C Cdh1 Targets in Late Mitosis Early G1,0.02692575,2.538939,13.90729,PSMD12;PSMD11;PSMD14;PSMD13;PSMA7;PSMD8;PSMB6;PSMB7;PSMD6;PSMB4;PSMD7;PSMB5;PSMB2;PSMB3;PSMD2;PSMD3;PSMB1;PSMD1;ADRM1;PSMA5;PSMA6;PSMA3;PSMC5;PSMA4;PSMC6;PSMA1;PSMC3;PSMA2;PSMC4;PSMC1;PSMC2,APC C Cdh1 Mediated Degradation of Cdc20 and Other APC C Cdh1 Targets in Late Mitosis Early G1
Autodegradation of Cdh1 by Cdh1 APC C,0.02692575,2.538939,13.90729,PSMD12;PSMD11;PSMD14;PSMD13;PSMA7;PSMD8;PSMB6;PSMB7;PSMD6;PSMB4;PSMD7;PSMB5;PSMB2;PSMB3;PSMD2;PSMD3;PSMB1;PSMD1;ADRM1;PSMA5;PSMA6;PSMA3;PSMC5;PSMA4;PSMC6;PSMA1;PSMC3;PSMA2;PSMC4;PSMC1;PSMC2,Autodegradation of Cdh1 by Cdh1 APC C
Semaphorin Interactions,0.02692575,2.538939,13.90729,ITGB1;GSK3B;NRP1;SEMA7A;HSP90AB1;ROCK1;ROCK2;PAK1;RRAS;DPYSL2;CFL1;MYH14;FYN;RAC1;PIP5K1C;MYH10;PAK2;PLXNA4;HSP90AA1;ARHGEF12;SEMA6D;ITGA1;RHOA;MYL6;PTPRC;FES;PLXNB3;MYH9;PLXNB1;TLN1;MYL9,Semaphorin Interactions
Metabolism of Fat-Soluble Vitamins,0.02798721,3.300104,17.92683,VKORC1L1;LRP1;SDC4;APOA2;LPL;APOA1;APOC3;LRP8;HSPG2;RBP4;APOM;TTR;RDH11;GPC1;APOC2;SDC1;APOE;GPC4;APOB;AGRN;GPC6;LDLR,Metabolism of Fat-Soluble Vitamins
Signaling by High-Kinase Activity BRAF Mutants,0.02798721,3.300104,17.92683,FGB;FGA;MAP2K1;MAP2K2;KSR1;VWF;SRC;YWHAB;ITGB3;ITGA2B;FGG;ARAF;FN1;PEBP1;ARRB1;IQGAP1;RAP1A;MAPK1;CSK;KRAS;TLN1;VCL,Signaling by High-Kinase Activity BRAF Mutants
Formation of Tubulin Folding Intermediates by CCT TriC,0.02800325,4.796512,25.98891,CCT3;CCT2;TUBAL3;TUBB4B;TUBA4B;TUBB4A;TUBA4A;CCT6A;TUBB6;TUBB1;TCP1;CCT8;CCT7;CCT5;CCT4;TUBA8,Formation of Tubulin Folding Intermediates by CCT TriC
Gap Junction Trafficking,0.02800325,4.796512,25.98891,TUBAL3;CLTC;CLTB;CLTA;TUBB4B;TUBA4B;TUBB4A;DNM1;TUBA4A;DNM2;TUBB6;DAB2;MYO6;TUBB1;AP2M1;TUBA8,Gap Junction Trafficking
Insulin Receptor Recycling,0.02800325,4.796512,25.98891,ATP6V1A;PTPN1;ATP6V1G1;ATP6AP1;IDE;PTPRF;ATP6V0A2;ATP6V1B2;ATP6V1H;ATP6V1E1;ATP6V1D;CTSD;ATP6V0C;ATP6V1C1;ATP6V0A1;ATP6V1F,Insulin Receptor Recycling
RHO GTPases Activate IQGAPs,0.02800325,4.796512,25.98891,TUBAL3;IQGAP1;IQGAP2;TUBB4B;TUBA4B;TUBB4A;TUBA4A;CDC42;TUBB6;CLIP1;CDH1;TUBB1;CTNNA1;CTNNB1;RAC1;TUBA8,RHO GTPases Activate IQGAPs
Oncogenic MAPK Signaling,0.03393432,2.121217,11.07292,CAMK2B;CAMK2D;YWHAB;FAM114A2;SRC;ITGB3;ITGA2B;CAMK2A;ARAF;PEBP1;ARRB1;IQGAP1;PHB;ZC3HAV1;PPP1CB;FXR1;PPP1CC;KIAA1549;RAP1A;MPRIP;LMNA;MAPK1;CSK;JAK2;ATG7;CAMK2G;FGB;FGA;MAP2K1;MAP2K2;KSR1;VWF;AGK;FGG;FN1;AP3B1;SND1;KRAS;TLN1;VCL,Oncogenic MAPK Signaling
GP1b-IX-V Activation Signalling,0.03393432,9.885009,51.59566,COL1A1;GP9;COL1A2;VWF;GP1BB;SRC;FLNA;GP1BA;PIK3R1;GP5;YWHAZ,GP1b-IX-V Activation Signalling
G2 M Transition,0.03483152,1.688163,8.756391,YWHAE;HSP90AB1;PPP2R2A;PPP1CB;PSMD8;PSMD6;TUBB6;ACTR1A;PSMD7;XPO1;PPME1;PPP2R1A;PSMD2;PSMD3;TUBB1;PSMD1;PRKACA;RAB8A;YWHAG;SKP1;HSP90AA1;PPP1R12A;TUBB;TUBA4B;CKAP5;TUBA4A;PSMA5;PSMA6;PSMA3;PSMA4;PSMA1;PSMA2;MAPRE1;OPTN;PAFAH1B1;DYNC1I2;PSMD12;PSMD11;PSMD14;DCTN2;TUBAL3;PSMD13;TUBGCP2;DCTN1;DCTN3;CUL1;PSMA7;PSMB6;PPP2CB;PSMB7;PSMB4;PSMB5;PSMB2;RBBP4;PRKAR2B;PSMB3;PSMB1;DYNC1H1;NDE1;ADRM1;TUBB4B;TUBB4A;PSMC5;PSMC6;PSMC3;PSMC4;PSMC1;PSMC2;CDK1;TUBGCP3;TUBA8,G2 M Transition
Mitotic G2-G2 M Phases,0.03483152,1.688163,8.756391,YWHAE;HSP90AB1;PPP2R2A;PPP1CB;PSMD8;PSMD6;TUBB6;ACTR1A;PSMD7;XPO1;PPME1;PPP2R1A;PSMD2;PSMD3;TUBB1;PSMD1;PRKACA;RAB8A;YWHAG;SKP1;HSP90AA1;PPP1R12A;TUBB;TUBA4B;CKAP5;TUBA4A;PSMA5;PSMA6;PSMA3;PSMA4;PSMA1;PSMA2;MAPRE1;OPTN;PAFAH1B1;DYNC1I2;PSMD12;PSMD11;PSMD14;DCTN2;TUBAL3;PSMD13;TUBGCP2;DCTN1;DCTN3;CUL1;PSMA7;PSMB6;PPP2CB;PSMB7;PSMB4;PSMB5;PSMB2;RBBP4;PRKAR2B;PSMB3;PSMB1;DYNC1H1;NDE1;ADRM1;TUBB4B;TUBB4A;PSMC5;PSMC6;PSMC3;PSMC4;PSMC1;PSMC2;CDK1;TUBGCP3;TUBA8,Mitotic G2-G2 M Phases
G-protein Mediated Events,0.03499715,2.813213,14.56028,CAMK2B;CAMK2D;AHCYL1;CAMK2A;GNAI3;ITPR1;ITPR2;ADCY6;GNAI1;GNAI2;PRKAR2B;PRKAR2A;MAPK1;PRKACA;PRKACB;CAMK2G;PRKCD;PLA2G4A;PRKCA;PLCB3;PLCB4;PRKAR1A;GNAQ;PLCB1;PLCB2,G-protein Mediated Events
Signaling by SCF-KIT,0.03499715,2.813213,14.56028,SRC;PIK3R1;CBL;GRAP2;FYN;RAC1;JAK2;LYN;STAT5A;STAT5B;STAT1;STAT3;PRKCA;PTPN11;MMP9;VAV1;FER;KITLG;TEC;FES;LCK;KIT;GRB2;KRAS;PTPN6,Signaling by SCF-KIT
Signaling by NTRKs,0.03531639,1.975637,10.20091,RALA;PTPRS;RALB;SHC1;YWHAB;SRC;CLTC;CLTA;IRS2;AP2A1;CHD4;FURIN;PIK3R1;PIK3CB;PCSK6;AP2A2;PCSK5;CRKL;RPS6KA3;PPP2CB;RAP1A;PPP2R1A;AP2S1;MAPK1;FYN;RAC1;AP2M1;NTRK2;MAP2K1;MAP2K2;DUSP3;STAT3;PTPN11;AP2B1;MAPK14;DNM1;RHOA;DNM2;DNM3;MAPKAPK3;VGF;MAPKAPK2;BAX;GRB2;KRAS;CRK,Signaling by NTRKs
CD28 Dependent Vav1 Pathway,0.03575683,inf,inf,CDC42;PAK1;LCK;FYN;GRB2;RAC1;PAK2;VAV1,CD28 Dependent Vav1 Pathway
Chk1 Chk2(Cds1) Mediated Inactivation of Cyclin B Cdk1 Complex,0.03575683,inf,inf,YWHAE;YWHAQ;YWHAB;CDK1;SFN;YWHAZ;YWHAG;YWHAH,Chk1 Chk2(Cds1) Mediated Inactivation of Cyclin B Cdk1 Complex
Defects of Platelet Adhesion to Exposed Collagen,0.03575683,inf,inf,COL1A1;GP9;ADAMTS13;COL1A2;VWF;GP1BB;GP1BA;GP5,Defects of Platelet Adhesion to Exposed Collagen
Folding of Actin by CCT TriC,0.03575683,inf,inf,CCT3;CCT6A;CCT2;TCP1;CCT8;CCT7;CCT5;CCT4,Folding of Actin by CCT TriC
Gap Junction Degradation,0.03575683,inf,inf,DAB2;CLTC;MYO6;CLTB;CLTA;AP2M1;DNM1;DNM2,Gap Junction Degradation
HDL Remodeling,0.03575683,inf,inf,CETP;APOC2;LIPG;APOA1;APOC3;LCAT;APOE;PLTP,HDL Remodeling
Interleukin-2 Signaling,0.03575683,inf,inf,STAT5A;STAT5B;SYK;LCK;SHC1;PTK2B;JAK3;JAK1,Interleukin-2 Signaling
Nef and Signal Transduction,0.03575683,inf,inf,HCK;LCK;ELMO1;FYN;CD247;RAC1;DOCK2;PAK2,Nef and Signal Transduction
Recycling of eIF2 GDP,0.03575683,inf,inf,EIF2B5;EIF2B4;EIF2B3;EIF2B2;EIF2S3;EIF2B1;EIF2S2;EIF2S1,Recycling of eIF2 GDP
TP53 Regulates Metabolic Genes,0.03834857,2.053392,10.36785,YWHAE;GPI;PRKAA1;YWHAB;COX4I1;PRKAG1;PTEN;COX7A2;COX6A1;COX5B;COX5A;GLS;PRDX2;YWHAQ;AKT2;PRDX1;AKT1;SFN;YWHAG;YWHAH;G6PD;PRKAB2;NDUFA4;TXNRD1;GSR;COX6C;PRKAB1;YWHAZ;PRDX6;MTOR;COX6B1;COX7A2L;RHEB;CYCS;MT-CO2;LAMTOR2;MT-CO3;LAMTOR1;LAMTOR4;LAMTOR3;LAMTOR5,TP53 Regulates Metabolic Genes
Cristae Formation,0.03950954,3.149203,15.79696,DMAC2L;HSPA9;ATP5PF;ATP5PD;APOOL;ATP5PB;IMMT;ATP5F1C;ATP5F1D;MT-ATP6;ATP5F1A;ATP5F1B;CHCHD3;SAMM50;TMEM11;ATP5PO;ATP5MK;ATP5MJ;ATP5MG;ATP5MF;ATP5ME,Cristae Formation
Defective Intrinsic Pathway for Apoptosis,0.03956142,5.842614,29.2817,YWHAE;CAST;APP;SOD2;LMNB1;GOLGA2;PRDX2;CAPNS1;C1QBP;PRDX1;LMNA;CAPN2;CAPN1,Defective Intrinsic Pathway for Apoptosis
Cargo Concentration in the ER,0.04129568,3.41827,16.95283,SEC23A;TMED10;SAR1B;GOSR2;CTSZ;MIA2;MIA3;F5;LMAN1;F8;LMAN2;STX5;TMED2;CD59;PREB;SEC22B;SEC24D;SEC24C;CTSC,Cargo Concentration in the ER
Downstream Signal Transduction,0.04129568,3.41827,16.95283,PDGFRB;STAT5A;PDGFRA;STAT5B;SRC;STAT1;STAT3;PDGFB;PDGFA;PTPN11;PIK3CB;PIK3R1;CRKL;RASA1;NCK2;GRB2;KRAS;CRK;NCK1,Downstream Signal Transduction
Endosomal Sorting Complex Required For Transport (ESCRT),0.04129568,3.41827,16.95283,TSG101;VPS4B;VTA1;VPS4A;VPS37A;SNF8;STAM;VPS37B;HGS;CHMP2A;CHMP3;CHMP4B;CHMP4A;CHMP6;VPS36;STAM2;VPS25;VPS28;CHMP5,Endosomal Sorting Complex Required For Transport (ESCRT)
Switching of Origins to a Post-Replicative State,0.04129568,2.162539,10.71854,PSMD12;PSMD11;MCM7;PSMD14;PSMD13;CUL1;PSMA7;PSMD8;PSMB6;PSMB7;PSMD6;PSMB4;PSMD7;PSMB5;PSMB2;PSMB3;PSMD2;PSMD3;PSMB1;PSMD1;SKP1;ADRM1;PSMA5;PSMA6;PSMA3;PSMC5;PSMA4;PSMC6;PSMA1;PSMC3;PSMA2;PSMC4;PSMC1;PSMC2;MCM6;MCM2,Switching of Origins to a Post-Replicative State
DNA Damage Recognition in GG-NER,0.04163442,4.495452,22.18981,PARP1;GPS1;ACTL6A;COPS7B;COPS7A;RAD23A;RAD23B;COPS4;DDB1;COPS3;COPS6;COPS5;COPS2;RUVBL1;COPS8,DNA Damage Recognition in GG-NER
Diseases of Hemostasis,0.04163442,4.495452,22.18981,F10;VWF;GP1BB;GP1BA;F2;GP5;COL1A1;TPST2;GP9;TPST1;F8;ADAMTS13;COL1A2;F9;SERPING1,Diseases of Hemostasis
EGFR Downregulation,0.04163442,4.495452,22.18981,SH3KBP1;EGF;PTPRK;EPS15L1;PTPN12;STAM;CBL;EPN1;CDC42;HGS;GRB2;ARHGEF7;EPS15;STAM2;SH3GL1,EGFR Downregulation
Transferrin Endocytosis and Recycling,0.04163442,4.495452,22.18981,ATP6V1A;STEAP3;ATP6V1G1;TFRC;ATP6AP1;TFR2;ATP6V0A2;ATP6V1B2;ATP6V1H;ATP6V1E1;ATP6V1D;ATP6V0C;ATP6V1C1;ATP6V0A1;ATP6V1F,Transferrin Endocytosis and Recycling
RHOBTB2 GTPase Cycle,0.04184477,3.822099,18.83524,CCT2;HSP90AA1;HSP90AB1;ACTN1;CUL3;TMOD3;TXNL1;TWF1;SRRM1;CCT6A;CDC37;MYO6;STK38;HNRNPC;CCT7;RBMX;DBN1,RHOBTB2 GTPase Cycle
CDK-mediated Phosphorylation and Removal of Cdc6,0.04298586,2.326623,11.39592,PSMD12;PSMD11;PSMD14;PSMD13;PSMA7;PSMD8;PSMB6;PSMB7;PSMD6;PSMB4;PSMD7;PSMB5;PSMB2;PSMB3;PSMD2;PSMD3;PSMB1;PSMD1;ADRM1;PSMA5;PSMA6;PSMA3;PSMC5;PSMA4;PSMC6;PSMA1;PSMC3;PSMA2;PSMC4;PSMC1;PSMC2,CDK-mediated Phosphorylation and Removal of Cdc6
Cellular Responses to Mechanical Stimuli,0.04341774,1.932135,9.426948,ITGB1;FLT4;ITGB3;PPP2R2A;PIK3CB;ADCY6;RELA;IKBKB;PANX1;CDH5;GNG2;CAPNS1;GNG5;PPP2R1A;PRKAR2B;PRKAR2A;CAPN2;AKT1;ITGAV;FYN;IKBKG;PRKACA;PRKACB;PTPN1;ANXA2;CHUK;STAT1;FN1;GNG12;GNG11;MTOR;NFKB1;PTK2;MMP14;PRKAR1A;GNAQ;GNB2;GNB1;PECAM1;GNAS;GNB4;CTNNB1;ITGA5;TLN1;VCL,Cellular Responses to Mechanical Stimuli
RAC3 GTPase Cycle,0.04341774,1.932135,9.426948,ITGB1;CYFIP1;NCKAP1;TFRC;SNAP23;ARHGAP1;BRK1;ARHGAP17;PIK3R1;SLC1A5;ARHGAP6;DOCK10;CDC42;LMAN1;PAK1;PGRMC2;OPHN1;ARHGDIB;NCKAP1L;SRGAP2;WASF1;EMD;LBR;PAK2;WASF2;YKT6;GIT1;TMPO;GIT2;JAG1;MCAM;ERBIN;CYBB;BAIAP2;MPP7;BCR;ABI2;TAOK3;ABI1;DSG2;ESYT1;LAMTOR1;FERMT2;RAB7A;VAMP3,RAC3 GTPase Cycle
Response of Endothelial Cells to Shear Stress,0.04341774,1.932135,9.426948,ITGB1;FLT4;ITGB3;PPP2R2A;PIK3CB;ADCY6;RELA;IKBKB;PANX1;CDH5;GNG2;CAPNS1;GNG5;PPP2R1A;PRKAR2B;PRKAR2A;CAPN2;AKT1;ITGAV;FYN;IKBKG;PRKACA;PRKACB;PTPN1;ANXA2;CHUK;STAT1;FN1;GNG12;GNG11;MTOR;NFKB1;PTK2;MMP14;PRKAR1A;GNAQ;GNB2;GNB1;PECAM1;GNAS;GNB4;CTNNB1;ITGA5;TLN1;VCL,Response of Endothelial Cells to Shear Stress
COPI-dependent Golgi-to-ER Retrograde Traffic,0.04913104,2.002736,9.517841,NAPA;COPB2;ARF4;RAB1A;COPA;NBAS;TMED10;TUBAL3;COPB1;RAB1B;KLC1;USE1;NAPG;TUBB6;KIF5B;TUBB1;KIF13B;TMED2;TMED7;NSF;TMED9;SURF4;GBF1;COPZ2;TUBB4B;TUBA4B;TUBB4A;TUBA4A;ARFGAP1;COPZ1;ARFGAP2;ARCN1;KIF2A;ZW10;COPG2;COPG1;SEC22B;COPE;ARF5;TUBA8,COPI-dependent Golgi-to-ER Retrograde Traffic
Diseases of Glycosylation,0.04942021,1.695835,8.041488,GALNT12;SPON2;SPON1;B4GALT1;HEXB;NCAN;MPI;HEXA;LFNG;ADAMTS5;ADAMTS1;ADAMTSL4;ADAMTSL3;ADAMTSL2;DAG1;MUC13;ADAMTS8;PGM1;MUCL1;OMD;BGN;ALG1;HSPG2;POMGNT1;DCN;MUC5AC;DPM1;BCAN;VCAN;MAN1B1;CHST3;NOTCH2;NOTCH3;NOTCH1;SDC4;PRELP;THBS2;THBS1;THSD1;ACAN;MUC1;ADAMTS13;GPC1;NEU1;GPC4;MGAT2;GPC6;MPDU1;CTSA;B3GAT3;LUM;GFPT1;PMM2;B4GAT1;GLB1;OGN;SDC1;CSPG4;AGRN;FMOD;MUC20;GALK1,Diseases of Glycosylation
DNA Replication,0.04942021,1.93808,9.187662,PSMD12;PSMD11;PCNA;PSMD14;MCM7;PSMD13;CUL1;PSMA7;PSMD8;PSMB6;PSMB7;PSMD6;PSMB4;PSMD7;PSMB5;PSMB2;PSMB3;PSMD2;PSMD3;PSMB1;KPNA6;PSMD1;KPNA1;SKP1;ADRM1;RPA1;RPA2;PSMA5;PSMA6;PSMA3;PSMC5;PSMA4;PSMC6;PSMA1;PSMC3;PSMA2;PSMC4;PSMC1;RPA3;PSMC2;MCM6;KPNB1;MCM2,DNA Replication
Post NMDA Receptor Activation Events,0.05144895,2.216861,10.40695,CAMK2B;CAMK2D;PRKAA1;TUBAL3;SRC;CAMK2A;PRKAG1;NRGN;RPS6KA3;TUBB6;PRKAR2B;PRKAR2A;TUBB1;MAPK1;RAC1;PRKACA;PRKACB;CAMK2G;GIT1;PRKAB2;ACTN2;TUBB4B;PRKAB1;TUBA4B;TUBB4A;TUBA4A;DLG1;PRKAR1A;KRAS;CAMK1;ARHGEF7;TUBA8,Post NMDA Receptor Activation Events
Regulation of Insulin Secretion,0.05144895,2.216861,10.40695,AHCYL1;STXBP1;SLC2A1;ITPR1;ITPR2;IQGAP1;ADCY6;GNAI1;GNAI2;GNG2;RAP1A;GNG5;PRKAR2B;PRKAR2A;CD36;PRKACA;PRKACB;ACSL4;PRKCA;ACSL3;GNG12;GNG11;PLCB3;MARCKS;PRKAR1A;GNAQ;GNB2;GNB1;GNAS;GNB4;PLCB1;PLCB2,Regulation of Insulin Secretion
Cell-extracellular Matrix Interactions,0.05305211,8.983821,41.8456,ITGB1;VASP;ACTN1;ILK;FLNA;PARVB;RSU1;FERMT2;ARHGEF6;LIMS1,Cell-extracellular Matrix Interactions
WNT5A-dependent Internalization of FZD4,0.05305211,8.983821,41.8456,PRKCB;CLTC;CLTB;AP2S1;CLTA;AP2A1;PRKCA;AP2B1;AP2A2;AP2M1,WNT5A-dependent Internalization of FZD4
Signaling by TGF-beta Receptor Complex,0.05364269,2.101868,9.760834,ITGB1;ITGB5;ITGB3;SERPINE1;LTBP4;FURIN;LTBP2;YBX1;LTBP3;F11R;CBL;LTBP1;PPP1CB;PPP1CC;XPO1;MAPK1;ITGAV;SMAD2;TGFB2;TGFB1;PARP1;STAT1;USP9X;RHOA;UCHL5;PPP1CA;TGFBR3;FKBP1A;PPM1A;COL1A2;PARD3;STRAP;STUB1;FBN1;UBE2M,Signaling by TGF-beta Receptor Complex
Class I MHC Mediated Antigen Processing & Presentation,0.05466393,1.422668,6.575724,UBE3C;UBE3A;UBE2Z;UBE2L3;PSMD8;NPEPPS;PSMD6;PSMD7;PSMD2;PSMD3;FBXO4;PSMD1;FBXO7;TRIM21;SKP1;PDIA3;HLA-B;TAP2;HLA-C;CYBB;TAP1;UBE4A;HLA-A;HLA-E;BTK;UBE2V2;RBCK1;UBE2V1;S100A9;S100A8;PSMD12;PSMD11;CUL5;PSMD14;UBA7;SAR1B;PSMD13;UBA6;CUL3;UBA5;CUL2;CUL1;UBR4;LY96;UBR1;UBE2J1;CD14;ATG7;SEC31A;UBE2H;HSPA5;LNPEP;UBAC1;UBA3;TPP2;UBE2O;BLMH;UBA1;CALR;UBE2K;UBE2M;ITGB5;SNAP23;HMGB1;CTSS;IKBKB;MRC2;SEC61A1;UFL1;TRIM4;UBE2Q1;ARIH2;ELOB;ITGAV;CD36;ELOC;IKBKG;SEC61B;FGB;FGA;SEC13;CHUK;FGG;TAPBP;PSMA5;VAMP8;PSMA6;PSMA3;PSMA4;PSMA1;PSMA2;CANX;PIK3C3;SEC22B;VAMP3;SEC23A;PSMA7;PSMB6;PSMB7;PSMB4;ZNRF2;PSMB5;PSMB2;PSMB3;HECTD3;PSMB1;STX4;BCAP31;ADRM1;ERAP1;HUWE1;ITCH;PSMC5;PSMC6;PSMC3;PSMC4;PSMC1;PSMC2;STUB1;SEC24D;SEC24C,Class I MHC Mediated Antigen Processing & Presentation
Signaling by NTRK1 (TRKA),0.05490402,2.014003,9.29425,RALA;RALB;SHC1;YWHAB;SRC;CLTC;CLTA;IRS2;AP2A1;CHD4;PIK3R1;PIK3CB;AP2A2;CRKL;RPS6KA3;PPP2CB;RAP1A;PPP2R1A;AP2S1;MAPK1;AP2M1;NTRK2;MAP2K1;MAP2K2;DUSP3;STAT3;AP2B1;MAPK14;DNM1;RHOA;DNM2;DNM3;MAPKAPK3;VGF;MAPKAPK2;GRB2;KRAS;CRK,Signaling by NTRK1 (TRKA)
Constitutive Signaling by Aberrant PI3K in Cancer,0.05895091,2.499842,11.33898,SRC;PDGFB;PDGFA;IRS2;PIK3CB;PIK3R1;RAC2;FYN;RAC1;PDGFRB;PDGFRA;NTRK2;EGF;RHOG;PTPN11;VAV1;KITLG;LCK;KIT;GRB2;STRN;FGFR4;FGFR3;FGFR2;FGFR1,Constitutive Signaling by Aberrant PI3K in Cancer
Diseases Associated With O-glycosylation of Proteins,0.05895091,2.499842,11.33898,GALNT12;NOTCH2;SPON2;NOTCH3;SPON1;NOTCH1;THBS2;THBS1;THSD1;LFNG;ADAMTS5;MUC1;ADAMTS13;ADAMTS1;ADAMTSL4;ADAMTSL3;ADAMTSL2;DAG1;MUC13;ADAMTS8;MUCL1;POMGNT1;MUC5AC;B4GAT1;MUC20,Diseases Associated With O-glycosylation of Proteins
Signaling by CSF1 (M-CSF) in Myeloid Cells,0.05895091,3.23744,14.68183,LYN;CSF1R;CSF1;SHC1;SRC;STAT1;STAT3;INPPL1;PTPN11;PIK3CB;PIK3R1;CBL;HCK;GRAP2;PLCG2;FYN;GRB2;KRAS,Signaling by CSF1 (M-CSF) in Myeloid Cells
SARS-CoV-2 Infection,0.05927022,1.409484,6.370107,RPS14;RPS17;TBK1;RPS19;SNRPD2;RPS18;AKT2;AKT1;TRIM25;RPS11;RPS10;MAP3K7;VPS39;NUP214;VPS18;ST6GAL1;RPS8;RPS5;VPS33A;RPS6;VPS33B;HLA-B;HLA-C;RPSA;HLA-A;HSPG2;HLA-E;TUFM;CHMP4B;GEMIN5;CHMP4A;MASP2;SNRPE;MASP1;SNRPF;UBE2V1;IFNAR1;DDX5;VCP;RPN2;SDC4;SAR1B;RPN1;FUT8;LARP1;TKFC;MAN2A1;G3BP1;VPS11;G3BP2;SFN;ST3GAL1;VPS16;ISG15;PARP10;RPS28;MAVS;RPS27;CHMP2A;STT3A;SDC1;RPS20;TAB1;RPS21;RPS24;RPS23;YWHAE;NRP1;GSK3B;HSP90AB1;PRKCSH;YWHAB;MAGT1;IKBKB;RPS4X;TRIM4;YWHAQ;IKBKG;YWHAG;JAK1;MBL2;YWHAH;TOMM70;SEC13;HSP90AA1;CHUK;PRMT1;ANO6;RPS3A;YWHAZ;DDOST;DAD1;TRAF6;CANX;CHMP3;PIK3C3;MAN1B1;CHMP6;SEC23A;FURIN;GANAB;RPS15A;GPC1;MGAT5;RPS3;ANO10;MGAT1;NUP43;GPC4;MGAT2;RPS2;GPC6;STAT1;GALNT1;PTPN11;TJP1;MGAT4B;VPS41;PTPN6;VPS45;AGRN;SEC24D;SEC24C,SARS-CoV-2 Infection
Deregulated CDK5 Triggers Multiple Neurodegenerative Pathways in Alzheimer's Disease Models,0.05927022,5.39165,24.27192,CAST;YWHAE;GOLGA2;APP;PRDX2;CAPNS1;PRDX1;LMNA;CAPN2;CAPN1;SOD2;LMNB1,Deregulated CDK5 Triggers Multiple Neurodegenerative Pathways in Alzheimer's Disease Models
Growth Hormone Receptor Signaling,0.05927022,5.39165,24.27192,LYN;STAT5A;GHR;PTPN1;STAT5B;ADAM17;STAT1;STAT3;MAPK1;IRS2;PTPN6;JAK2,Growth Hormone Receptor Signaling
Neurodegenerative Diseases,0.05927022,5.39165,24.27192,CAST;YWHAE;GOLGA2;APP;PRDX2;CAPNS1;PRDX1;LMNA;CAPN2;CAPN1;SOD2;LMNB1,Neurodegenerative Diseases
RHO GTPases Activate NADPH Oxidases,0.05927022,5.39165,24.27192,PRKCB;PRKCD;RAC2;CYBB;MAPK1;PIN1;PRKCA;PIK3C3;RAC1;MAPK14;S100A9;S100A8,RHO GTPases Activate NADPH Oxidases
Regulation of TLR by Endogenous Ligand,0.05927022,5.39165,24.27192,FGB;GSDMD;FGA;FGG;LY96;HMGB1;CD14;CD36;LBP;APOB;S100A9;S100A8,Regulation of TLR by Endogenous Ligand
Collagen Chain Trimerization,0.05927022,3.596247,16.1188,COL18A1;COL15A1;COL14A1;COL11A1;COL11A2;COL12A1;COL1A1;COL3A1;COL1A2;COL2A1;COL5A1;COL6A2;COL5A2;COL6A1;COL6A3;COL6A6,Collagen Chain Trimerization
Signal Transduction by L1,0.05927022,3.596247,16.1188,ITGB1;NRP1;MAP2K1;MAP2K2;ITGB3;ITGA2B;L1CAM;PAK1;CSNK2B;MAPK1;ITGAV;NCAM1;ITGA5;RAC1;FGFR1;ITGA9,Signal Transduction by L1
CHL1 Interactions,0.05927022,inf,inf,ITGB1;HSPA8;NRP1;CHL1;ITGA2;ITGA1;ANK1,CHL1 Interactions
Defective Binding of VWF Variant to GPIb IX V,0.05927022,inf,inf,COL1A1;GP9;COL1A2;VWF;GP1BB;GP1BA;GP5,Defective Binding of VWF Variant to GPIb IX V
Defective Factor VIII Causes Hemophilia A,0.05927022,inf,inf,TPST2;TPST1;F8;F9;F10;VWF;F2,Defective Factor VIII Causes Hemophilia A
Enhanced Binding of GP1BA Variant to VWF Multimer Collagen,0.05927022,inf,inf,COL1A1;GP9;COL1A2;VWF;GP1BB;GP1BA;GP5,Enhanced Binding of GP1BA Variant to VWF Multimer Collagen
Formation of Annular Gap Junctions,0.05927022,inf,inf,DAB2;CLTC;CLTB;CLTA;AP2M1;DNM1;DNM2,Formation of Annular Gap Junctions
Prolactin Receptor Signaling,0.05927022,inf,inf,STAT5A;GHR;STAT5B;CUL1;PTPN11;JAK2;SKP1,Prolactin Receptor Signaling
Alpha-Linolenic (Omega3) and Linoleic (Omega6) Acid Metabolism,0.05927022,inf,inf,ACOT8;SCP2;ACSL1;ACOX1;HSD17B4;ACAA1;ABCD1,Alpha-Linolenic (Omega3) and Linoleic (Omega6) Acid Metabolism
Alpha-Linolenic Acid (ALA) Metabolism,0.05927022,inf,inf,ACOT8;SCP2;ACSL1;ACOX1;HSD17B4;ACAA1;ABCD1,Alpha-Linolenic Acid (ALA) Metabolism
Influenza Infection,0.05927022,1.585613,7.092028,RPL5;RPL30;RPL3;RPL31;RPL34;RPLP1;CLTC;RPLP0;CLTA;RPL8;IPO5;RPL7;RPS4X;RPS14;RPL7A;RPS17;XPO1;RPL18A;RPS19;RPS18;RPL35;RPLP2;KPNA4;RPL38;RPS11;KPNA3;RPS10;KPNA1;NUP214;HSP90AA1;SEC13;PARP1;RPS8;RPL23;RPS5;RPL22;RPS6;RPSA;RPS3A;DNAJC3;CANX;RPL24;RPL27;RPL29;RPL28;KPNB1;SLC25A6;RPL12;RPL11;RPS15A;RPS3;RPL13;NUP43;POLR2H;RPL15;RPS2;RPL17;RPL19;TGFB1;EIF2AK2;RPL35A;ISG15;RPL23A;RPS28;RPS27;RPL27A;RPS20;CALR;RPS21;RPS24;RAN;RPS23,Influenza Infection
"Glutamate Binding, Activation of AMPA Receptors and Synaptic Plasticity",0.05927022,4.194563,18.71921,CAMK2B;NSF;CAMK2D;PRKCB;CAMK2A;AP2A1;PRKCA;AP2B1;AP2A2;DLG1;MYO6;AP2S1;CAMK2G;AP2M1,"Glutamate Binding, Activation of AMPA Receptors and Synaptic Plasticity"
Nef-mediates Down Modulation of Cell Surface Receptors by Recruiting Them to Clathrin Adapters,0.05927022,4.194563,18.71921,AP1B1;AP2A1;AP2B1;HLA-A;AP2A2;AP1G1;LCK;PACS1;AP1S2;AP2S1;AP1S1;ATP6V1H;AP2M1;AP1M1,Nef-mediates Down Modulation of Cell Surface Receptors by Recruiting Them to Clathrin Adapters
RHO GTPases Activate PAKs,0.05927022,4.194563,18.71921,PPP1R12A;MYLK;CDC42;PPP1CB;MYL6;PAK1;CTTN;FLNA;MYH14;MYH9;RAC1;MYH10;MYL9;PAK2,RHO GTPases Activate PAKs
ROS and RNS Production in Phagocytes,0.05927022,4.194563,18.71921,ATP6V1A;ATP6V1G1;CYBB;MPO;ATP6V0A2;RAC2;ATP6V1B2;ATP6V1H;ATP6V1E1;ATP6V1D;ATP6V0C;ATP6V1C1;ATP6V0A1;ATP6V1F,ROS and RNS Production in Phagocytes
Respiratory Syncytial Virus (RSV) Attachment and Entry,0.05927022,4.194563,18.71921,RAB5B;RAB5C;SDC4;LY96;FURIN;HSPG2;GPC1;NCL;SDC1;CD14;GPC4;AGRN;GPC6;RAB5A,Respiratory Syncytial Virus (RSV) Attachment and Entry
Response of Mtb to Phagocytosis,0.05927022,4.194563,18.71921,VPS33B;ENO1;CORO1A;PTPA;SFPQ;HGS;PGK1;ATP6V1H;MAPK1;CTSG;RAB5A;KPNB1;KPNA1;RAB7A,Response of Mtb to Phagocytosis
Trafficking of AMPA Receptors,0.05927022,4.194563,18.71921,CAMK2B;NSF;CAMK2D;PRKCB;CAMK2A;AP2A1;PRKCA;AP2B1;AP2A2;DLG1;MYO6;AP2S1;CAMK2G;AP2M1,Trafficking of AMPA Receptors
Rab Regulation of Trafficking,0.06207203,1.645432,7.262694,YWHAE;GDI1;GDI2;CHM;RABGEF1;RINL;AKT2;AKT1;TRAPPC11;RAB8A;TBC1D10B;RAB8B;GABARAPL2;DENND2C;TRAPPC2L;GAPVD1;RAB33B;RAB32;RAB31;RABEP1;TRAPPC6B;MADD;RAB35;RAB38;OPTN;ARF6;RAB7A;RAB1A;RAB5B;RAB5C;RABGAP1;RAB1B;DENND3;RAB21;GGA1;GGA3;TBC1D13;RAB6A;TBC1D17;RAB6B;TBC1D15;TRAPPC3;RAB4A;TRAPPC1;DENND4A;TRAPPC4;DENND4C;TRAPPC5;HPS4;RAB27B;TRAPPC8;TRAPPC9;RAB11A;RAB11B;RAB10;RAB14;RAB12;RAB13;RAB18;RAB3GAP2;RAB5A;RAB3GAP1,Rab Regulation of Trafficking
Cell Cycle Checkpoints,0.06318964,1.569309,6.894482,YWHAE;MCM7;YWHAB;PSMD8;BABAM1;PPP1CC;PSMD6;PSMD7;XPO1;YWHAQ;PPP2R1A;PSMD2;PSMD3;PSMD1;YWHAG;YWHAH;NUDC;SEC13;PPP2R5A;RANGAP1;CKAP5;YWHAZ;PSMA5;DYNC1LI1;PSMA6;DYNC1LI2;PSMA3;CLIP1;PSMA4;KIF2A;PSMA1;PSMA2;ZW10;UBE2V2;MCM6;MAPRE1;PAFAH1B1;MCM2;DYNC1I2;PSMD12;PSMD11;PSMD14;PSMD13;BRCC3;PSMA7;PSMB6;PPP2CB;PSMB7;PSMB4;PSMB5;PSMB2;PSMB3;PSMB1;SFN;NUP43;BUB3;CLASP2;DYNC1H1;RCC2;NDE1;ADRM1;RPA1;RPA2;PSMC5;RPS27;PSMC6;PSMC3;PSMC4;PSMC1;RPA3;TAOK1;PSMC2;CDK1,Cell Cycle Checkpoints
RAB GEFs Exchange GTP for GDP on RABs,0.07427722,1.765084,7.464509,YWHAE;RAB1A;RAB5B;RAB5C;GDI1;RAB1B;GDI2;CHM;DENND3;RAB21;RABGEF1;RINL;AKT2;AKT1;TRAPPC11;RAB6A;RAB6B;RAB8A;RAB8B;DENND2C;TRAPPC3;TRAPPC2L;TRAPPC1;DENND4A;TRAPPC4;DENND4C;TRAPPC5;HPS4;RAB27B;TRAPPC8;TRAPPC9;GAPVD1;RAB32;RAB10;RAB31;RAB14;TRAPPC6B;RAB12;MADD;RAB35;RAB13;RAB18;RAB3GAP2;RAB38;RAB5A;RAB3GAP1;RAB7A,RAB GEFs Exchange GTP for GDP on RABs
G-protein Beta Gamma Signalling,0.07522308,2.847657,11.99147,GNG12;GNG11;PIK3CG;PIK3R6;RHOA;CDC42;PAK1;PLCB3;GNG2;GNG5;AKT2;GNB2;GNB1;BTK;GNB4;AKT1;PLCB1;PLCB2;ARHGEF6,G-protein Beta Gamma Signalling
RHO GTPases Activate PKNs,0.07522308,2.847657,11.99147,YWHAE;PPP1R14A;PPP1R12A;YWHAB;YWHAZ;RHOA;PPP1CB;MYL6;PAK1;YWHAQ;MYH9;MYH14;SFN;RAC1;PKN1;MYL9;MYH10;YWHAG;YWHAH,RHO GTPases Activate PKNs
Opioid Signalling,0.07745505,1.90151,7.946599,CAMK2B;CAMK2D;AHCYL1;CAMK2A;GNAI3;ITPR1;ITPR2;ADCY6;GNAI1;GNAI2;PPP3CA;PPP2CB;PPP3CB;PPP3R1;GNG2;GNG5;PPP2R1A;PRKAR2B;PRKAR2A;MAPK1;PRKACA;PRKACB;CAMK2G;PRKCD;PLA2G4A;PRKCA;GNG12;GNG11;PPP1CA;PLCB3;PLCB4;PRKAR1A;GNAQ;GNB2;GNB1;GNB4;PLCB1;PLCB2,Opioid Signalling
Transmission Across Chemical Synapses,0.07912678,1.585032,6.585962,ACHE;PRKAG1;AP2A1;COMT;AP2A2;GLS;SLC6A4;NRGN;RPS6KA3;TUBB6;TUBB1;ARL6IP5;RAC1;PRKACA;PRKACB;GIT1;SLC18A2;AP2M1;NSF;PRKAB2;ACTN2;PRKCB;PRKCA;PRKAB1;TUBA4B;TUBA4A;PLCB3;ALDH5A1;PRKAR1A;ARHGEF7;PLCB1;PLCB2;CAMK2B;CAMK2D;PRKAA1;TUBAL3;SRC;STXBP1;CAMK2A;GNAI3;ADCY6;GNAI1;PPM1F;GNAI2;GNG2;GNG5;PRKAR2B;PRKAR2A;MYO6;AP2S1;MAPK1;CAMK2G;HSPA8;AP2B1;GNG12;TUBB4B;GNG11;TUBB4A;DLG1;GNB2;GNB1;GNB4;KRAS;CAMK1;TUBA8,Transmission Across Chemical Synapses
G Alpha (I) Signalling Events,0.07999069,1.63464,6.770019,APP;AHCYL1;CX3CL1;HEBP1;PPP3CA;PPP3CB;PPP2R1A;PRKACA;PRKACB;CCR4;RGS6;GPSM3;PRKCD;PLA2G4A;PRKCA;PLCB3;GAL;PLCB4;PRKAR1A;PLCB1;PLCB2;CAMK2B;RGS18;GNAZ;CAMK2D;RGS19;SRC;CAMK2A;GNAI3;ITPR1;CXCR4;ITPR2;ADCY6;GNAI1;KNG1;GNAI2;PPP2CB;PPP3R1;GNG2;GNG5;PRKAR2B;PRKAR2A;CCL5;PSAP;MAPK1;CAMK2G;PPBP;GNG12;GNG11;PPP1CA;GNAQ;GNB2;GNB1;SAA1;GNAS;GNB4;RGS10;PF4,G Alpha (I) Signalling Events
Nucleotide Excision Repair,0.08183024,2.208811,9.065193,PCNA;GPS1;COPS7B;COPS7A;PRPF19;RUVBL1;SUMO2;POLR2H;AQR;USP7;PARP1;ACTL6A;RPA1;XRCC1;RPA2;RAD23A;RAD23B;COPS4;DDB1;COPS3;COPS6;COPS5;COPS2;RPA3;UBE2V2;PPIE;COPS8,Nucleotide Excision Repair
Chylomicron Assembly,0.08183024,8.083144,33.16637,SAR1B;APOC2;MTTP;APOA2;APOA1;APOC3;APOE;P4HB;APOB,Chylomicron Assembly
"Gamma-carboxylation, Transport, and Amino-Terminal Cleavage of Proteins",0.08183024,8.083144,33.16637,F7;F9;PROC;F10;PROS1;PROZ;FURIN;F2;GAS6,"Gamma-carboxylation, Transport, and Amino-Terminal Cleavage of Proteins"
Rap1 Signalling,0.08183024,8.083144,33.16637,RAP1GAP2;RAP1A;YWHAB;RASGRP2;PRKACA;YWHAZ;PRKACB;PRKG1;SIPA1,Rap1 Signalling
Removal of Aminoterminal Propeptides From Gamma-Carboxylated Proteins,0.08183024,8.083144,33.16637,F7;F9;PROC;F10;PROS1;PROZ;FURIN;F2;GAS6,Removal of Aminoterminal Propeptides From Gamma-Carboxylated Proteins
SARS-CoV-2 Modulates Autophagy,0.08183024,8.083144,33.16637,VPS18;VPS33A;VPS33B;VPS41;VPS11;VPS45;VPS39;TUFM;VPS16,SARS-CoV-2 Modulates Autophagy
Global Genome Nucleotide Excision Repair (GG-NER),0.08494297,2.473512,10.03765,PCNA;PARP1;GPS1;ACTL6A;RPA1;COPS7B;RPA2;XRCC1;RAD23A;COPS7A;RAD23B;DDB1;COPS4;COPS3;COPS6;COPS5;COPS2;RPA3;RUVBL1;SUMO2;UBE2V2;COPS8,Global Genome Nucleotide Excision Repair (GG-NER)
PLC Beta Mediated Events,0.08494297,2.473512,10.03765,CAMK2B;CAMK2D;AHCYL1;PRKCD;CAMK2A;ITPR1;PLA2G4A;ITPR2;PRKCA;ADCY6;PLCB3;PLCB4;PRKAR1A;PRKAR2B;PRKAR2A;GNAQ;MAPK1;PRKACA;PLCB1;PRKACB;PLCB2;CAMK2G,PLC Beta Mediated Events
XBP1(S) Activates Chaperone Genes,0.08494297,2.473512,10.03765,ACADVL;DCTN1;SHC1;GOSR2;GFPT1;WIPI1;PDIA6;ARFGAP1;PDIA5;ADD1;DNAJC3;DNAJB11;LMNA;SRPRA;SSR1;SRPRB;PREB;HDGF;HYOU1;TPP1;TLN1;SEC31A,XBP1(S) Activates Chaperone Genes
A Tetrasaccharide Linker Sequence Is Required for GAG Synthesis,0.08533981,3.370523,13.63785,SDC4;B3GAT3;NCAN;XYLT2;BGN;HSPG2;DCN;BCAN;VCAN;GPC1;SDC1;CSPG4;GPC4;AGRN;GPC6,A Tetrasaccharide Linker Sequence Is Required for GAG Synthesis
Branched-chain Amino Acid Catabolism,0.08533981,3.370523,13.63785,ACAD8;MCCC2;ECHS1;HIBADH;MCCC1;ACADSB;HSD17B10;ACAT1;BCKDK;ALDH6A1;IVD;DBT;BCAT1;DLD;HIBCH,Branched-chain Amino Acid Catabolism
Selective Autophagy,0.08533981,1.848778,7.47959,DYNC1I2;VCP;TOMM40;TUBAL3;SRC;PRKAG1;PARK7;HDAC6;TOMM22;UBE2L3;TUBB6;TBK1;TUBB1;MFN2;ATG5;TOMM70;DYNC1H1;HSPA8;HSP90AA1;PRKAB2;ATG9A;TUBB4B;PRKAB1;TUBA4B;TUBB4A;TUBA4A;DYNC1LI1;DYNC1LI2;CSNK2B;VDAC3;PLIN3;VDAC2;PGAM5;VDAC1;UBE2V1;VIM;SQSTM1;OPTN;TUBA8,Selective Autophagy
EPHA-mediated Growth Cone Collapse,0.08803889,4.940943,19.76879,LYN;MYL6;ROCK1;ROCK2;SRC;MYH14;MYH9;FYN;MYH10;MYL9;RHOA,EPHA-mediated Growth Cone Collapse
IRAK4 Deficiency (TLR2 4),0.08803889,4.940943,19.76879,FGB;FGA;FGG;BTK;LY96;HMGB1;IRAK4;CD14;CD36;S100A9;S100A8,IRAK4 Deficiency (TLR2 4)
Defective B3GALT6 Causes EDSP2 and SEMDJL1,0.08803889,3.893845,15.57276,SDC4;NCAN;BGN;HSPG2;DCN;BCAN;VCAN;GPC1;SDC1;CSPG4;GPC4;AGRN;GPC6,Defective B3GALT6 Causes EDSP2 and SEMDJL1
"Defective B4GALT7 Causes EDS, Progeroid Type",0.08803889,3.893845,15.57276,SDC4;NCAN;BGN;HSPG2;DCN;BCAN;VCAN;GPC1;SDC1;CSPG4;GPC4;AGRN;GPC6,"Defective B4GALT7 Causes EDS, Progeroid Type"
NCAM1 Interactions,0.08803889,3.893845,15.57276,PRNP;NCAN;COL3A1;COL2A1;COL5A1;COL6A2;COL5A2;COL6A1;ST8SIA4;COL6A3;NCAM1;COL6A6;AGRN,NCAM1 Interactions
Plasma Lipoprotein Assembly,0.08803889,3.893845,15.57276,SAR1B;MTTP;APOA2;APOC4;APOA1;APOC3;BMP1;APOC2;APOE;P4HB;APOB;PRKACA;PRKACB,Plasma Lipoprotein Assembly
TBC RABGAPs,0.09043718,2.249145,8.928957,RAB5B;RAB5C;RABGAP1;GGA1;RABGEF1;GGA3;TBC1D13;RAB6A;TBC1D17;RAB6B;RAB8A;TBC1D15;RAB8B;TBC1D10B;GABARAPL2;RAB4A;RAB11A;RAB11B;RAB33B;RABEP1;RAB35;RAB5A;OPTN;ARF6;RAB7A,TBC RABGAPs
Transcription-Coupled Nucleotide Excision Repair (TC-NER),0.09289881,2.569233,10.11781,AQR;USP7;PCNA;GPS1;RPA1;COPS7B;RPA2;XRCC1;COPS7A;PRPF19;DDB1;COPS4;COPS3;COPS6;COPS5;COPS2;RPA3;PPIE;POLR2H;COPS8,Transcription-Coupled Nucleotide Excision Repair (TC-NER)
Turbulent Flow Shear Stress Activates Signaling by PIEZO1 and Integrins in Endothelial Cells,0.09289881,2.569233,10.11781,ITGB1;PTPN1;ANXA2;CHUK;STAT1;ITGB3;FN1;PPP2R2A;RELA;NFKB1;PTK2;IKBKB;CAPNS1;PPP2R1A;GNAQ;CAPN2;ITGAV;IKBKG;ITGA5;VCL,Turbulent Flow Shear Stress Activates Signaling by PIEZO1 and Integrins in Endothelial Cells
"Gamma Carboxylation, Hypusinylation, Hydroxylation, and Arylsulfatase Activation",0.09377998,2.099667,8.233659,PROS1;PROZ;FURIN;RPL8;U2AF2;EIF5A;FN3K;RWDD1;ARSA;F10;RPS6;FN3KRP;F2;EEF2;SUMF2;TPST2;F7;TPST1;F8;F9;PROC;ASPH;RPL27A;DRG1;DRG2;ETF1;GAS6;RPS23,"Gamma Carboxylation, Hypusinylation, Hydroxylation, and Arylsulfatase Activation"
Cell Junction Organization,0.09377998,1.801317,7.063241,ITGB1;CD151;CTNND1;LAMA3;ILK;F11R;CDH8;CDH6;CDH5;CDH3;CDH2;CDH1;CTNNA1;FLNA;RSU1;VASP;CADM1;JUP;ACTN1;PARVB;CLDN5;SDK1;ILF3;CLDN3;PARD3;CDH10;CDH11;CDH13;CTNNB1;ITGA6;ANGPTL4;CDH15;CDH17;FERMT2;SDK2;NECTIN2;ARHGEF6;CDH19;PLEC;LIMS1,Cell Junction Organization
Synthesis of DNA,0.09377998,1.801317,7.063241,PSMD12;PSMD11;PCNA;PSMD14;MCM7;PSMD13;CUL1;PSMA7;PSMD8;PSMB6;PSMB7;PSMD6;PSMB4;PSMD7;PSMB5;PSMB2;PSMB3;PSMD2;PSMD3;PSMB1;PSMD1;SKP1;ADRM1;RPA1;RPA2;PSMA5;PSMA6;PSMA3;PSMC5;PSMA4;PSMC6;PSMA1;PSMC3;PSMA2;PSMC4;PSMC1;RPA3;PSMC2;MCM6;MCM2,Synthesis of DNA
Neuronal System,0.09479874,1.458483,5.699563,ACHE;PTPRS;PRKAG1;AP2A1;COMT;AP2A2;PTPRF;GLS;SLC6A4;NRGN;PANX1;RPS6KA3;TUBB6;TUBB1;ARL6IP5;FLOT1;FLOT2;RAC1;PRKACA;PRKACB;SLC18A2;AP2M1;GIT1;DLGAP4;NSF;PRKAB2;DBNL;PRKCB;ACTN2;PRKCA;PRKAB1;TUBA4B;TUBA4A;PLCB3;ALDH5A1;PRKAR1A;PLCB1;ARHGEF7;PLCB2;CAMK2B;RTN3;NLGN1;PRKAA1;CAMK2D;NLGN2;TUBAL3;SRC;EPB41;STXBP1;NRXN1;CAMK2A;GNAI3;NRXN3;ADCY6;PPM1F;GNAI1;GNAI2;SHARPIN;GNG2;GNG5;PRKAR2B;SLITRK1;EPB41L2;PRKAR2A;EPB41L3;MYO6;AP2S1;MAPK1;PDLIM5;CAMK2G;LRRC4B;HSPA8;AP2B1;TUBB4B;GNG12;TUBB4A;GNG11;DLG1;GNB2;GNB1;GNB4;KRAS;CAMK1;TUBA8,Neuronal System
Respiratory Syncytial Virus Infection Pathway,0.09503088,1.850941,7.224135,RAB5B;RAB5C;HSP90AB1;CUL5;SDC4;LY96;FURIN;PPP1CB;PPP1CC;XPO1;GPC1;TRIM25;ELOB;CD14;ELOC;GPC4;GPC6;SEC11A;JAK1;BCAP31;HSPA8;HSP90AA1;EIF2AK2;ISG15;HSPG2;PPP1CA;SPCS3;MAVS;SPCS2;MAP1B;NCL;CSNK2B;SDC1;AGRN;RAB5A;KPNB1;IFNAR1,Respiratory Syncytial Virus Infection Pathway
Mitochondrial Biogenesis,0.09537324,1.913047,7.450227,ACSS2;PRKAG1;MT-ATP6;ATP5F1A;CHCHD3;ATP5F1B;SAMM50;ATP5MK;ATP5MJ;ATP5MG;ATP5MF;ATP5ME;DMAC2L;HSPA9;ATP5PF;PRKAB2;ATP5PD;APOOL;ATP5PB;IDH2;IMMT;ATP5F1C;MAPK14;SOD2;PRKAB1;ATP5F1D;HCFC1;GLUD1;TBL1XR1;TMEM11;ATP5PO;TFAM;CYCS;SSBP1,Mitochondrial Biogenesis
RAB Geranylgeranylation,0.09537324,1.913047,7.450227,RAB3C;RAB1A;RAB5B;RAB5C;RAB1B;CHM;RAB21;RAB6A;RAB6B;RAB8A;RAB8B;RAB2A;RAB4A;RAB4B;RAB27B;RABGGTB;RABGGTA;RAB11A;RAB33B;RAB11B;RAB32;RAB10;RAB30;RAB31;RAB14;RAB37;RAB34;RAB12;RAB35;RAB13;RAB18;RAB38;RAB5A;RAB7A,RAB Geranylgeranylation
Interleukin-9 Signaling,0.09900709,inf,inf,STAT5A;STAT5B;STAT1;STAT3;JAK3;JAK1,Interleukin-9 Signaling
LDL Remodeling,0.09900709,inf,inf,CETP;MTTP;APOF;P4HB;APOB;LPA,LDL Remodeling
Nef Mediated CD8 Down-regulation,0.09900709,inf,inf,AP2S1;ATP6V1H;AP2A1;AP2B1;AP2A2;AP2M1,Nef Mediated CD8 Down-regulation
Prevention of Phagosomal-Lysosomal Fusion,0.09900709,inf,inf,PTPA;HGS;VPS33B;CORO1A;RAB5A;RAB7A,Prevention of Phagosomal-Lysosomal Fusion
Protein Methylation,0.09900709,inf,inf,HSPA8;VCP;PRMT3;ETFB;RPS2;EEF2,Protein Methylation
Scavenging by Class F Receptors,0.09900709,inf,inf,HSP90AA1;HSPH1;HYOU1;CALR;APOB;SCARF1,Scavenging by Class F Receptors
IRE1alpha Activates Chaperones,0.09900709,2.298544,8.818403,ACADVL;HSPA5;DCTN1;SHC1;GOSR2;GFPT1;WIPI1;PDIA6;ARFGAP1;PDIA5;ADD1;DNAJC3;DNAJB11;LMNA;SRPRA;SSR1;SRPRB;PREB;HDGF;HYOU1;TPP1;TLN1;SEC31A,IRE1alpha Activates Chaperones
Signaling by EGFR,0.09900709,2.298544,8.818403,SH3KBP1;SHC1;SRC;EGF;ADAM10;PTPN11;PTPRK;EPS15L1;PIK3R1;PTPN12;STAM;CBL;EPN1;CDC42;ADAM17;HGS;CSK;GRB2;KRAS;ARHGEF7;STAM2;EPS15;SH3GL1,Signaling by EGFR
ADORA2B Mediated Anti-Inflammatory Cytokines Production,0.09900709,2.697013,10.31127,GNAZ;GNAI3;GNG12;GNG11;ADCY6;GNAI1;GNAI2;GNG2;GNG5;PRKAR2B;PRKAR1A;PRKAR2A;GNB2;GNB1;GNAS;GNB4;PRKACA;PRKACB,ADORA2B Mediated Anti-Inflammatory Cytokines Production
Detoxification of Reactive Oxygen Species,0.09900709,2.697013,10.31127,ERO1A;GPX1;GPX3;TXNRD2;TXNRD1;GSR;CYBB;SOD2;PRDX6;SOD3;SOD1;PRDX3;PRDX2;CCS;PRDX1;CAT;CYCS;P4HB,Detoxification of Reactive Oxygen Species
G Alpha (Z) Signalling Events,0.09900709,2.697013,10.31127,GNAZ;RGS19;PRKCB;PRKCD;GNAI3;PRKCA;GNG12;GNG11;ADCY6;GNAI1;GNAI2;GNG2;GNG5;GNB2;GNB1;GNAS;GNB4;PRKCQ,G Alpha (Z) Signalling Events
Glucagon-like Peptide-1 (GLP1) Regulates Insulin Secretion,0.09900709,2.697013,10.31127,ITPR1;ITPR2;IQGAP1;GNG12;GNG11;ADCY6;GNG2;RAP1A;GNG5;PRKAR2B;PRKAR1A;PRKAR2A;GNB2;GNB1;GNAS;GNB4;PRKACA;PRKACB,Glucagon-like Peptide-1 (GLP1) Regulates Insulin Secretion
Ion Homeostasis,0.09900709,2.697013,10.31127,CAMK2B;CAMK2D;AHCYL1;CAMK2A;ATP2A3;ITPR1;ATP2A2;ITPR2;ATP1B3;ATP1A1;SRI;ATP2B1;ATP1B1;SLC8A3;ASPH;STIM1;PRKACA;CAMK2G,Ion Homeostasis
Transcriptional and Post-Translational Regulation of MITF-M Expression and Activity,0.09900709,2.697013,10.31127,GSK3B;RARS1;KARS1;MARS1;DARS1;AIMP1;AIMP2;HINT1;KITLG;XPO1;QARS1;EPRS1;CDH1;LARS1;KIT;MAPK1;CTNNB1;IARS1,Transcriptional and Post-Translational Regulation of MITF-M Expression and Activity
Smooth Muscle Contraction,0.1099377,2.876088,10.6879,ITGB5;ANXA2;TPM4;TPM3;ITGA1;TPM1;MYLK;PAK1;MYL6;CALD1;ANXA6;PDE5A;TLN1;PAK2;MYL9;VCL,Smooth Muscle Contraction
SARS-CoV-1 Modulates Host Translation Machinery,0.1107227,2.360407,8.743608,RPS8;RPS5;RPS6;RPS3A;RPSA;RPS4X;RPS14;RPS17;RPS28;RPS15A;RPS27;RPS19;RPS18;RPS3;RPS20;RPS2;RPS11;RPS10;RPS21;RPS24;RPS23,SARS-CoV-1 Modulates Host Translation Machinery
Signaling by ERBB2,0.1107227,2.360407,8.743608,PTPN18;HSP90AA1;CUL5;SHC1;SRC;EGF;PRKCD;ERBIN;PRKCA;MEMO1;PIK3R1;PTPN12;RHOA;DIAPH1;AKT2;CDC37;AKT1;FYN;GRB2;KRAS;STUB1,Signaling by ERBB2
PTEN Regulation,0.1127167,1.635104,6.020771,PTEN;CHD4;PSMD8;PSMD6;PSMD7;AKT2;PSMD2;PSMD3;AKT1;PSMD1;USP7;PSMA5;PSMA6;PSMA3;PSMA4;PSMA1;PSMA2;CSNK2B;PSMD12;PSMD11;PSMD14;PSMD13;PSMA7;PSMB6;PSMB7;PSMB4;PSMB5;PSMB2;RBBP4;PSMB3;PSMB1;MAPK1;ADRM1;MTOR;PSMC5;PSMC6;PSMC3;VAPA;RHEB;PSMC4;PSMC1;PSMC2;LAMTOR2;STUB1;LAMTOR1;LAMTOR4;LAMTOR3;FRK;LAMTOR5,PTEN Regulation
Intracellular Signaling by Second Messengers,0.1127167,1.382267,5.089125,AHCYL1;IRS2;PSMD8;PSMD6;PSMD7;PPP2R1A;AKT2;PSMD2;PSMD3;AKT1;PIP4K2A;PSMD1;PIP4K2B;PIP4K2C;PRKACA;PRKACB;PDGFRB;PDGFRA;USP7;PRKCD;PRKCA;PRKAR1A;CSNK2B;PSMD12;PSMD11;PSMD14;PSMD13;PDGFB;ITPR1;PDGFA;ITPR2;PIK3R1;PRKAR2B;PRKAR2A;PIP5K1C;RHEB;GRB2;STRN;FGFR4;FGFR3;FGFR2;FGFR1;GSK3B;PTEN;CHD4;PIK3CB;RAC2;RAC1;CHUK;RHOG;PPP2R5A;IRAK4;VAV1;PSMA5;PSMA6;PSMA3;PSMA4;PSMA1;PSMA2;LCK;TRAF6;KIT;CAMK2B;CAMK2D;SRC;CAMK2A;ADCY6;PSMA7;PSMB6;PPP2CB;PSMB7;IL1RL1;PSMB4;PSMB5;PSMB2;RBBP4;PSMB3;PSMB1;MAPK1;FYN;CAMK2G;NTRK2;EGF;ADRM1;PTPN11;MTOR;KITLG;PSMC5;PSMC6;PSMC3;VAPA;PSMC4;PSMC1;PSMC2;LAMTOR2;STUB1;LAMTOR1;LAMTOR4;LAMTOR3;FRK;LAMTOR5,Intracellular Signaling by Second Messengers
TCF Dependent Signaling in Response to WNT,0.117741,1.657425,6.026016,GSK3B;PSMD12;PSMD11;PSMD14;PSMD13;CUL3;LRP5;PSMA7;LRP6;PSMD8;PSMB6;PPP2CB;PSMB7;PSMD6;PSMB4;PSMD7;XPO1;PSMB5;PSMB2;PPP2R1A;PSMB3;AKT2;PSMD2;PSMD3;RUVBL1;PSMB1;AKT1;PSMD1;ADRM1;PPP2R5A;YWHAZ;PSMA5;PSMA6;SFRP1;PSMA3;PSMC5;PSMA4;PSMC6;PSMA1;PSMC3;PSMA2;PSMC4;PSMC1;CSNK2B;PSMC2;CTNNB1,TCF Dependent Signaling in Response to WNT
Intra-Golgi and Retrograde Golgi-to-ER Traffic,0.1181744,1.409525,5.116232,ARF4;GOLIM4;USE1;BICD2;ACTR1A;TUBB6;CAPZB;KIF5B;TUBB1;KIF13B;TMED2;TMED7;SNAP29;NSF;TMED9;COG2;COPZ2;PLA2G4A;TUBA4B;COPZ1;TUBA4A;ARFGAP1;BET1L;RAB33B;ARFGAP2;DYNC1LI1;DYNC1LI2;RAB30;KIF2A;ZW10;PLIN3;SEC22B;PAFAH1B3;ARF5;PAFAH1B2;PAFAH1B1;VAMP3;NAPA;DCTN6;DYNC1I2;COPB2;DCTN5;RAB1A;NBAS;COPA;TMED10;DCTN2;TUBAL3;DCTN1;COPB1;DCTN4;GOSR2;RAB1B;DCTN3;ARL1;KLC1;NAPG;TGOLN2;CYTH2;MAN2A2;VPS51;MAN2A1;VPS53;STX6;STX5;RAB6A;YKT6;RAB6B;DYNC1H1;GALNT2;GALNT1;SURF4;GBF1;M6PR;TUBB4B;TUBB4A;IGF2R;ARCN1;CAPZA1;CAPZA2;RAB18;RAB3GAP2;COPG2;COPG1;VPS45;ACTR10;RAB3GAP1;COPE;TUBA8,Intra-Golgi and Retrograde Golgi-to-ER Traffic
Mitochondrial Calcium Ion Transport,0.1186271,3.144928,11.38864,STOML2;PHB;PHB2;LETM1;SLC8A3;AFG3L2;VDAC3;PMPCB;VDAC2;PMPCA;VDAC1;MICU2;MICU1;MCU,Mitochondrial Calcium Ion Transport
Signaling by Erythropoietin,0.1186271,3.144928,11.38864,LYN;STAT5A;STAT5B;SHC1;IRS2;PIK3CB;PIK3R1;PIK3CG;VAV1;CRKL;PLCG2;GRB2;KRAS;JAK2,Signaling by Erythropoietin
Activation of NMDA Receptors and Postsynaptic Events,0.1188547,1.85625,6.709813,CAMK2B;CAMK2D;PRKAA1;TUBAL3;SRC;CAMK2A;PRKAG1;PPM1F;NRGN;RPS6KA3;TUBB6;PRKAR2B;PRKAR2A;TUBB1;MAPK1;RAC1;PRKACA;PRKACB;CAMK2G;GIT1;PRKAB2;ACTN2;TUBB4B;PRKAB1;TUBA4B;TUBB4A;TUBA4A;DLG1;PRKAR1A;KRAS;CAMK1;ARHGEF7;TUBA8,Activation of NMDA Receptors and Postsynaptic Events
RHOC GTPase Cycle,0.1188547,1.85625,6.709813,TFRC;ROCK1;ROCK2;ARHGAP1;ARHGAP18;IQGAP1;PIK3R1;STK10;LMAN1;SLK;OPHN1;ARHGDIA;C1QBP;FLOT1;FLOT2;STOM;STX5;LBR;TMPO;ARHGEF12;JUP;MCAM;ERBIN;MYO9B;RHOA;BCR;DIAPH1;DAAM1;VAPB;ARHGEF1;PKN1;VAMP3;TJP2,RHOC GTPase Cycle
Signaling by Insulin Receptor,0.1195982,1.928143,6.953206,ATP6V1A;SHC1;IRS2;IDE;PIK3CB;PIK3R1;PTPRF;AKT2;ATP6V0A2;ATP6V1H;MAPK1;ATP6V1E1;CTSD;ATP6V1D;ATP6V1C1;ATP6V0A1;ATP6V1F;PTPN1;ATP6V1G1;ATP6AP1;PTPN11;ATP6V1B2;PIK3C3;GRB2;KRAS;FGFR4;ATP6V0C;FGFR3;FGFR2;FGFR1,Signaling by Insulin Receptor
Apoptotic Cleavage of Cell Adhesion Proteins,0.1226366,7.182979,25.54754,DSP;TJP1;CDH1;CASP3;CTNNB1;DSG1;DSG2;TJP2,Apoptotic Cleavage of Cell Adhesion Proteins
Chylomicron Remodeling,0.1226366,7.182979,25.54754,APOC2;APOA2;APOA1;APOC3;LPL;APOE;APOB;APOA5,Chylomicron Remodeling
Gamma-carboxylation of Protein Precursors,0.1226366,7.182979,25.54754,F7;F9;PROC;F10;PROS1;PROZ;F2;GAS6,Gamma-carboxylation of Protein Precursors
HuR (ELAVL1) Binds and Stabilizes mRNA,0.1226366,7.182979,25.54754,NUP214;SET;XPO1;ANP32A;PRKCD;TNFSF13;PRKCA;ELAVL1,HuR (ELAVL1) Binds and Stabilizes mRNA
InlB-mediated Entry of Listeria Monocytogenes Into Host Cell,0.1226366,7.182979,25.54754,SH3KBP1;HGS;GRB2;STAM;CBL;EPS15;STAM2;SH3GL1,InlB-mediated Entry of Listeria Monocytogenes Into Host Cell
Interleukin-35 Signalling,0.1226366,7.182979,25.54754,STAT1;CANX;EBI3;STAT3;IL6ST;JAK2;IL27RA;JAK1,Interleukin-35 Signalling
SEMA3A-Plexin Repulsion Signaling by Inhibiting Integrin Adhesion,0.1226366,7.182979,25.54754,NRP1;RRAS;FES;FYN;PIP5K1C;RAC1;TLN1;PLXNA4,SEMA3A-Plexin Repulsion Signaling by Inhibiting Integrin Adhesion
Signaling by Leptin,0.1226366,7.182979,25.54754,STAT5A;STAT5B;LEP;STAT3;LEPR;IRS2;PTPN11;JAK2,Signaling by Leptin
Gamma-carboxylated Protein Precursors Transport From the Endoplasmic Reticulum to Golgi Apparatus,0.1226366,7.182979,25.54754,F7;F9;PROC;F10;PROS1;PROZ;F2;GAS6,Gamma-carboxylated Protein Precursors Transport From the Endoplasmic Reticulum to Golgi Apparatus
Uptake and Function of Anthrax Toxins,0.1226366,7.182979,25.54754,MAP2K3;MAP2K4;MAP2K1;MAP2K2;PDCD6IP;FURIN;ANTXR2;ANTXR1,Uptake and Function of Anthrax Toxins
Diseases of Metabolism,0.1226366,1.3834,4.907526,GALNT12;SPON2;SPON1;B4GALT1;HEXB;NCAN;HEXA;MPI;OPLAH;LFNG;GYS1;ADAMTS5;PNP;ADAMTSL4;ADAMTS1;ADAMTSL3;ADAMTSL2;DBT;DAG1;IDS;MUC13;ADAMTS8;GYG1;HIBCH;PGM1;MCCC2;SFTPB;MUCL1;GAA;DCXR;MCCC1;OMD;BGN;TALDO1;ALG1;HSPG2;POMGNT1;DCN;MUC5AC;APRT;DPM1;BCAN;VCAN;BTD;PCCA;IVD;PCCB;HPRT1;ALDOB;MAN1B1;DLD;CHST3;NOTCH2;NOTCH3;AHCY;ECHS1;NOTCH1;SDC4;PRELP;THBS2;GNS;THBS1;THSD1;ACACA;ACAT1;ACAN;MUC1;ADAMTS13;GPC1;NEU1;GPC4;MGAT2;GPC6;MPDU1;CTSA;B3GAT3;LUM;MMAB;IDH1;PMM2;GFPT1;BCKDK;RPIA;B4GAT1;GLB1;OGN;TBXAS1;SDC1;CSPG4;AGRN;FMOD;GCLM;MUC20;CD320;GALK1,Diseases of Metabolism
Defective B3GALTL Causes PpS,0.1226366,3.593297,12.74551,SPON2;ADAMTS5;SPON1;ADAMTS13;ADAMTS1;ADAMTSL4;ADAMTSL3;ADAMTSL2;THBS2;ADAMTS8;THBS1;THSD1,Defective B3GALTL Causes PpS
Defects of Contact Activation System (CAS) and Kallikrein Kinin System (KKS),0.1226366,3.593297,12.74551,TPST2;GP9;TPST1;F8;F9;F10;VWF;GP1BB;SERPING1;GP1BA;F2;GP5,Defects of Contact Activation System (CAS) and Kallikrein Kinin System (KKS)
O-glycosylation of TSR Domain-Containing Proteins,0.1226366,3.593297,12.74551,SPON2;ADAMTS5;SPON1;ADAMTS13;ADAMTS1;ADAMTSL4;ADAMTSL3;ADAMTSL2;THBS2;ADAMTS8;THBS1;THSD1,O-glycosylation of TSR Domain-Containing Proteins
RHO GTPases Activate ROCKs,0.1226366,3.593297,12.74551,PPP1CB;MYL6;PAK1;PPP1R12A;ROCK1;ROCK2;CFL1;MYH14;MYH9;MYH10;MYL9;RHOA,RHO GTPases Activate ROCKs
S Phase,0.1228254,1.628271,5.769381,GSK3B;PSMD12;PSMD11;PCNA;PSMD14;MCM7;PSMD13;CUL1;SMC3;PSMA7;PSMD8;PSMB6;PSMB7;PSMD6;PSMB4;PSMD7;PSMB5;PSMB2;RBBP4;PSMB3;AKT2;PSMD2;RAD21;PSMD3;PSMB1;AKT1;PSMD1;SKP1;ADRM1;RPA1;RPA2;SMC1A;PSMA5;PSMA6;PSMA3;PSMC5;PSMA4;PSMC6;PSMA1;PSMC3;PSMA2;PSMC4;PSMC1;RPA3;PSMC2;MCM6;MCM2,S Phase
Resolution of Sister Chromatid Cohesion,0.1251968,1.752966,6.166515,DYNC1I2;TUBAL3;SMC3;PPP1CC;PPP2CB;TUBB6;XPO1;PPP2R1A;RAD21;TUBB1;NUP43;BUB3;CLASP2;DYNC1H1;NUDC;SEC13;RCC2;NDE1;PPP2R5A;RANGAP1;SMC1A;TUBB4B;TUBA4B;CKAP5;TUBB4A;TUBA4A;DYNC1LI1;CLIP1;DYNC1LI2;RPS27;KIF2A;ZW10;TAOK1;CDK1;MAPRE1;TUBA8;PAFAH1B1,Resolution of Sister Chromatid Cohesion
Advanced Glycosylation Endproduct Receptor Signaling,0.1251968,4.490491,15.76548,APP;LGALS3;PRKCSH;CAPZA1;CAPZA2;SAA1;MAPK1;S100A12;HMGB1;DDOST,Advanced Glycosylation Endproduct Receptor Signaling
Keratan Sulfate Degradation,0.1251968,4.490491,15.76548,ACAN;LUM;GLB1;HEXB;HEXA;OMD;OGN;PRELP;FMOD;GNS,Keratan Sulfate Degradation
MyD88 Deficiency (TLR2 4),0.1251968,4.490491,15.76548,FGB;FGA;FGG;BTK;LY96;HMGB1;CD14;CD36;S100A9;S100A8,MyD88 Deficiency (TLR2 4)
Pentose Phosphate Pathway,0.1251968,4.490491,15.76548,PRPS2;RPIA;G6PD;SHPK;TALDO1;PGM2;PGLS;PGD;TKT;DERA,Pentose Phosphate Pathway
Sema3A PAK Dependent Axon Repulsion,0.1251968,4.490491,15.76548,NRP1;HSP90AA1;PAK1;HSP90AB1;FES;CFL1;FYN;RAC1;PAK2;PLXNA4,Sema3A PAK Dependent Axon Repulsion
EPHB-mediated Forward Signaling,0.1261254,2.197981,7.695731,ACTR3;LYN;ACTR2;ROCK1;ROCK2;SRC;ARPC1B;ARPC1A;ARPC4;ARPC5;KALRN;PTK2;RHOA;CDC42;EFNB1;PAK1;ARPC2;ARPC3;RASA1;CFL1;FYN;RAC1,EPHB-mediated Forward Signaling
Protein Folding,0.1263174,1.650998,5.770859,TUBAL3;ARL2;DCAF7;AP3M1;TUBB6;GNG2;GNG5;TUBB1;FBXO4;CCT8;CCT7;RGS6;CCT5;CCT4;CCT3;NOP56;CCT2;ARFGEF2;VBP1;STAT3;TBCD;TBCB;TBCA;GNG12;TUBB4B;TUBA4B;GNG11;TUBB4A;TUBA4A;CCT6A;GNAQ;GNB2;CSNK2B;GNB1;TBCE;TCP1;GNB4;PFDN1;PFDN2;FKBP9;PFDN4;PFDN5;PFDN6;TUBA8,Protein Folding
RHO GTPases Activate Formins,0.1263174,1.650998,5.770859,ITGB1;DYNC1I2;TUBAL3;SRC;CDC42;PPP1CC;PPP2CB;TUBB6;XPO1;PPP2R1A;TUBB1;NUP43;RAC1;BUB3;SRGAP2;CLASP2;DYNC1H1;NUDC;SEC13;RCC2;NDE1;PPP2R5A;RANGAP1;TUBB4B;TUBA4B;CKAP5;TUBB4A;TUBA4A;RHOA;DYNC1LI1;DIAPH1;CLIP1;DYNC1LI2;FMNL1;RPS27;DAAM1;KIF2A;ZW10;TAOK1;EVL;PFN1;MAPRE1;TUBA8;PAFAH1B1,RHO GTPases Activate Formins
Generation of Second Messenger Molecules,0.131798,2.546454,8.776032,VASP;WAS;PAK1;LCK;GRAP2;PLCG2;HLA-DPB1;EVL;LCP2;CD247;HLA-DRB3;PAK2;CD101;LAT;HLA-DPA1;NCK1;HLA-DQB1,Generation of Second Messenger Molecules
Intrinsic Pathway of Fibrin Clot Formation,0.131798,2.546454,8.776032,F10;SERPIND1;SERPINE2;VWF;GP1BB;PROS1;GP1BA;F2;GP5;KNG1;SERPINA5;GP9;F8;F9;PROC;C1QBP;SERPING1,Intrinsic Pathway of Fibrin Clot Formation
Sealing of the Nuclear Envelope (NE) by ESCRT-III,0.131798,2.546454,8.776032,TUBAL3;IST1;VPS4A;TUBB4B;LEMD2;TUBA4B;TUBB4A;TUBA4A;TUBB6;TUBB1;CHMP2A;CHMP3;CHMP4B;CHMP4A;CHMP6;CC2D1B;TUBA8,Sealing of the Nuclear Envelope (NE) by ESCRT-III
GPCR Downstream Signalling,0.1354862,1.342098,4.585422,DGKG;APP;AHCYL1;DGKA;RPS6KA3;PPP2R1A;AKT2;AKT1;PRKACA;PRKACB;RGS6;PRKCB;PRKCD;F2R;PRKCA;PRKAR1A;BTK;PRKCQ;GNAZ;SHC1;ITPR1;ITPR2;PIK3R1;NTS;RASGRP2;KALRN;KNG1;PIK3R6;PPP3R1;PRKAR2B;TBXA2R;PRKAR2A;PSAP;GRK6;TAC3;FN1;PPBP;GNG12;GNG11;GNAQ;GNB2;GNB1;PDE3A;GNAS;GNB4;PLXNB1;GRB2;ITGB1;ARRB1;PIK3CG;CX3CL1;HEBP1;PPP3CA;PPP3CB;CCR4;GPSM3;TRPC6;ARHGEF12;MMP3;PLA2G4A;F2;RHOA;VAV1;GIP;PLCB3;PLCB4;GAL;ARHGEF1;ITGA5;ARHGEF2;PLCB1;DAGLB;ARHGEF7;PLCB2;MGLL;ARHGEF6;CAMK2B;RGS18;CAMK2D;RAMP3;RGS19;ROCK1;ROCK2;SRC;CAMK2A;GNAI3;CXCR4;ADCY6;GNAI1;GNAI2;FGD3;CDC42;GNA13;FGD4;PPP2CB;PAK1;GNG2;GNG5;CCL5;MAPK1;CAMK2G;PPP1CA;SAA1;RGS10;KRAS;PF4;F2RL3,GPCR Downstream Signalling
RHOG GTPase Cycle,0.1361929,1.710272,5.830731,ITGB1;CYFIP1;DOCK5;TFRC;SHMT2;ARHGAP1;PIK3R1;IQGAP2;KALRN;CDC42;LMAN1;PGRMC2;OPHN1;ARHGDIA;ARHGDIB;STX5;EMD;LBR;PAK2;YKT6;TMPO;NDUFA5;MCAM;RHOG;ERBIN;HSPE1;VAV1;MPP7;KTN1;LETM1;VAPB;NDUFS3;DSG2;ESYT1;LAMTOR1;DOCK2;RAB7A;VAMP3,RHOG GTPase Cycle
"Antigen Presentation Folding, Assembly and Peptide Loading of Class I MHC",0.1426276,2.247367,7.553221,BCAP31;PDIA3;SEC23A;SEC13;HSPA5;SAR1B;ERAP1;HLA-B;TAP2;HLA-C;TAP1;HLA-A;HLA-E;TAPBP;CANX;PIK3C3;CALR;SEC24D;SEC24C;SEC31A,"Antigen Presentation Folding, Assembly and Peptide Loading of Class I MHC"
Muscle Contraction,0.1432581,1.644054,5.514742,CAMK2B;CAMK2D;AHCYL1;ITGB5;CAMK2A;ITPR1;ATP2A3;ITPR2;ATP2A2;ATP1A1;SRI;MYLK;TTN;PAK1;CALD1;ANXA6;PRKACA;PAK2;CAMK2G;TMOD1;ANXA2;TPM4;ACTN2;TPM3;TNNC1;TMOD3;TPM1;ITGA1;ATP1B3;ATP2B1;ATP1B1;MYL4;SLC8A3;MYL6;STIM1;ASPH;PDE5A;VIM;TLN1;MYL9;VCL;CES1,Muscle Contraction
Neddylation,0.1455194,1.464749,4.887204,WIPF1;DCAF8;DCAF7;DCAF6;PSMD8;PSMD6;PSMD7;PSMD2;PSMD3;FBXO4;PSMD1;ELOB;ELOC;FBXO7;SKP1;UCHL3;DDB1;PSMA5;PSMA6;PSMA3;PSMA4;PSMA1;PSMA2;SQSTM1;PSMD12;VCP;PSMD11;CUL5;PSMD14;PSMD13;GPS1;CUL3;CUL2;CUL1;COPS7B;COPS7A;PSMA7;DPP3;PSMB6;PSMB7;PSMB4;PSMB5;CAND1;PSMB2;PSMB3;PSMB1;NAE1;DCAF11;ADRM1;COPS4;COPS3;PSMC5;COPS6;NPLOC4;PSMC6;COPS5;PSMC3;PSMC4;PSMC1;COPS2;PSMC2;UBA3;CCDC22;COPS8;UBE2M,Neddylation
DAG and IP3 Signaling,0.1461723,2.695566,8.958774,CAMK2B;CAMK2D;AHCYL1;CAMK2A;PRKCD;ITPR1;ITPR2;PRKCA;ADCY6;PRKAR2B;PRKAR1A;PRKAR2A;PRKACA;CAMK2G;PRKACB,DAG and IP3 Signaling
Formation of TC-NER Pre-Incision Complex,0.1461723,2.695566,8.958774,AQR;USP7;GPS1;COPS7B;COPS7A;PRPF19;DDB1;COPS4;COPS3;COPS6;COPS5;COPS2;PPIE;POLR2H;COPS8,Formation of TC-NER Pre-Incision Complex
Netrin-1 Signaling,0.1461723,2.695566,8.958774,TRPC6;SRC;PITPNA;PTPN11;UNC5C;PTK2;CDC42;ABLIM1;ABLIM3;FYN;PRKCQ;RAC1;EZR;NEO1;NCK1,Netrin-1 Signaling
TRAF6 Mediated NF-kB Activation,0.1461723,2.695566,8.958774,APP;CHUK;HMGB1;RELA;NFKB1;NFKB2;IKBKB;MAVS;TRIM4;TRAF6;SAA1;S100A12;TRIM25;IKBKG;NFKBIB,TRAF6 Mediated NF-kB Activation
Signaling by TGFB Family Members,0.1582538,1.567466,5.070926,ITGB1;BMP10;ITGB5;ITGB3;SERPINE1;LTBP4;LTBP2;ARRB1;FURIN;LTBP3;YBX1;F11R;CBL;LTBP1;FSTL1;FSTL3;PPP1CB;PPP1CC;XPO1;TIMP2;MAPK1;ITGAV;TIMP1;SMAD2;TGFB2;TGFB1;PARP1;STAT1;USP9X;FST;GDF2;INHBA;RHOA;UCHL5;PPP1CA;DRAP1;TGFBR3;FKBP1A;PPM1A;MMP14;COL1A2;PARD3;GIPC1;STRAP;STUB1;FBN1;UBE2M,Signaling by TGFB Family Members
Aggrephagy,0.1582538,2.310994,7.44322,DYNC1I2;DYNC1H1;VCP;HSP90AA1;TUBAL3;PARK7;TUBB4B;TUBA4B;TUBB4A;HDAC6;TUBA4A;DYNC1LI1;TUBB6;DYNC1LI2;TUBB1;UBE2V1;VIM;TUBA8,Aggrephagy
HSF1 Activation,0.1582538,2.91946,9.366974,YWHAE;VCP;HSP90AA1;HSP90AB1;MRPL18;PTGES3;RPA1;RPA2;HDAC6;HSPH1;RPA3;SERPINH1;FKBP4,HSF1 Activation
Post-chaperonin Tubulin Folding Pathway,0.1582538,2.91946,9.366974,TUBAL3;TBCD;ARL2;TBCB;TBCA;TUBB4B;TUBA4B;TUBB4A;TUBA4A;TUBB6;TBCE;TUBB1;TUBA8,Post-chaperonin Tubulin Folding Pathway
"Respiratory Syncytial Virus (RSV) Genome Replication, Transcription and Translation",0.1582538,2.91946,9.366974,HSPA8;HSP90AA1;HSP90AB1;FURIN;PPP1CA;PPP1CB;PPP1CC;SPCS3;SPCS2;XPO1;CSNK2B;SEC11A;KPNB1,"Respiratory Syncytial Virus (RSV) Genome Replication, Transcription and Translation"
Uptake and Actions of Bacterial Toxins,0.1582538,2.91946,9.366974,MAP2K3;MAP2K4;HSP90AA1;MAP2K1;HSP90AB1;MAP2K2;PDCD6IP;TXNRD1;FURIN;ANTXR2;EEF2;ANTXR1;CD9,Uptake and Actions of Bacterial Toxins
VxPx Cargo-Targeting to Cilium,0.1582538,2.91946,9.366974,ARF4;EXOC8;EXOC7;GBF1;ASAP1;PKD1;RAB11A;EXOC4;EXOC3;RAB11FIP3;EXOC2;RAB8A;EXOC1,VxPx Cargo-Targeting to Cilium
Beta Oxidation of hexanoyl-CoA to butanoyl-CoA,0.1582538,inf,inf,HADHB;HADHA;ECHS1;HADH;ACADS,Beta Oxidation of hexanoyl-CoA to butanoyl-CoA
Beta Oxidation of octanoyl-CoA to hexanoyl-CoA,0.1582538,inf,inf,HADHB;HADHA;ECHS1;ACADM;HADH,Beta Oxidation of octanoyl-CoA to hexanoyl-CoA
Chylomicron Clearance,0.1582538,inf,inf,LIPC;APOE;APOB;LDLRAP1;LDLR,Chylomicron Clearance
Erythropoietin Activates STAT5,0.1582538,inf,inf,LYN;STAT5A;STAT5B;IRS2;JAK2,Erythropoietin Activates STAT5
PDH Complex Synthesizes acetyl-CoA From PYR,0.1582538,inf,inf,PDHX;PDHA1;DLAT;PDHB;DLD,PDH Complex Synthesizes acetyl-CoA From PYR
ROBO Receptors Bind AKAP5,0.1582538,inf,inf,PPP3CB;PRKAR2A;PRKCA;PRKACA;PRKACB,ROBO Receptors Bind AKAP5
Regulation of CDH19 Expression and Function,0.1582538,inf,inf,JUP;CTNND1;CTNNA1;CTNNB1;CDH19,Regulation of CDH19 Expression and Function
Regulation of Cytoskeletal Remodeling and Cell Spreading by IPP Complex Components,0.1582538,inf,inf,ACTN1;PARVB;RSU1;ARHGEF6;LIMS1,Regulation of Cytoskeletal Remodeling and Cell Spreading by IPP Complex Components
Synthesis of GDP-mannose,0.1582538,inf,inf,GMPPB;GMPPA;MPI;PMM2;HK1,Synthesis of GDP-mannose
TYSND1 Cleaves Peroxisomal Proteins,0.1582538,inf,inf,SCP2;ACOX1;AGPS;HSD17B4;ACAA1,TYSND1 Cleaves Peroxisomal Proteins
Uptake and Function of Diphtheria Toxin,0.1582538,inf,inf,HSP90AA1;HSP90AB1;TXNRD1;CD9;EEF2,Uptake and Function of Diphtheria Toxin
Vitamin C (Ascorbate) Metabolism,0.1582538,inf,inf,CYB5A;CYB5R3;GSTO1;SLC2A1;SLC2A3,Vitamin C (Ascorbate) Metabolism
WNT Ligand Biogenesis and Trafficking,0.1582538,inf,inf,SNX3;VPS29;VPS26A;VPS35;TMED5,WNT Ligand Biogenesis and Trafficking
Mitochondrial Fatty Acid Beta-Oxidation of Unsaturated Fatty Acids,0.1582538,inf,inf,HADHB;HADHA;ECI1;ACADM;DECR1,Mitochondrial Fatty Acid Beta-Oxidation of Unsaturated Fatty Acids
Amyloid Fiber Formation,0.1607806,2.097475,6.662512,APP;FGA;APCS;USP9X;ADAM10;APOA1;FURIN;HSPG2;TSPAN33;SORL1;GGA1;TSPAN15;TSPAN14;GGA3;TTR;SAA1;APOE;TGFBI;MFGE8;ITM2B;SNCA,Amyloid Fiber Formation
Cargo Trafficking to the Periciliary Membrane,0.1607806,2.097475,6.662512,CCT3;ARF4;CCT2;EXOC8;EXOC7;ARL3;GBF1;ASAP1;PKD1;RAB11A;RP2;TCP1;EXOC4;EXOC3;CCT8;RAB11FIP3;RAB8A;EXOC2;CCT5;EXOC1;CCT4,Cargo Trafficking to the Periciliary Membrane
Lysosome Vesicle Biogenesis,0.1607806,2.097475,6.662512,APP;HSPA8;CLTC;CTSZ;CLTB;AP1B1;M6PR;CLTA;ARRB1;GNS;DNM2;VAMP8;VAMP7;AP1G1;BLOC1S1;HGS;AP1S2;CHMP2A;AP1S1;AP1M1;TXNDC5,Lysosome Vesicle Biogenesis
RHOF GTPase Cycle,0.1607806,2.097475,6.662512,FARP1;STEAP3;ACTN1;MCAM;SNAP23;ARHGAP1;MYO9B;PIK3R1;RHOF;ADD3;TOR1AIP1;LMNB1;AKAP12;DIAPH1;CAPZB;BASP1;ESYT1;SRGAP2;TMPO;RAB7A;VAMP3,RHOF GTPase Cycle
Diseases Associated With Glycosaminoglycan Metabolism,0.1623196,1.961709,6.208609,B4GALT1;SDC4;B3GAT3;LUM;HEXB;NCAN;HEXA;OMD;BGN;PRELP;HSPG2;DCN;ACAN;BCAN;VCAN;GPC1;OGN;SDC1;CSPG4;GPC4;AGRN;FMOD;GPC6;CHST3,Diseases Associated With Glycosaminoglycan Metabolism
SARS-CoV-1-host Interactions,0.1632472,1.543595,4.873417,YWHAE;YWHAB;SERPINE1;RELA;RPS4X;RPS14;RPS17;TBK1;TKFC;RPS15A;RPS19;YWHAQ;RPS18;PCBP2;RPS3;TRIM25;SFN;RPS2;RPS11;RPS10;YWHAG;YWHAH;TOMM70;NPM1;RPS8;RPS5;RPS6;RPSA;RPS3A;NMI;YWHAZ;NFKB1;BST2;FKBP1A;MAVS;RPS28;ITCH;RPS27;PSMC6;TRAF6;RPS20;PPIB;PPIA;RPS21;KPNB1;RPS24;BCL2L1;RPS23,SARS-CoV-1-host Interactions
Integration of Energy Metabolism,0.1685392,1.60445,5.011136,AHCYL1;STXBP1;ITPR1;SLC2A1;ITPR2;IQGAP1;AGPAT1;ACACA;ADCY6;GNAI1;GNAI2;PPP2CB;RAP1A;GNG2;GNG5;PPP2R1A;PRKAR2B;PRKAR2A;CD36;PRKACA;PRKACB;PRKAB2;TALDO1;ACSL4;PRKCA;ACSL3;GNG12;GNG11;ACLY;PLCB3;MARCKS;PRKAR1A;FASN;GNAQ;GNB2;GNB1;GNAS;GNB4;PLCB1;TKT;PLCB2,Integration of Energy Metabolism
Activation of BAD and Translocation to Mitochondria,0.1702401,3.292921,10.23185,YWHAE;PPP3R1;YWHAQ;YWHAB;AKT2;AKT1;SFN;BID;YWHAZ;YWHAG;YWHAH,Activation of BAD and Translocation to Mitochondria
CD209 (DC-SIGN) Signaling,0.1702401,3.292921,10.23185,LYN;PAK1;ICAM2;ICAM3;FYN;KRAS;PRKACA;PAK2;PRKACB;NFKB1;RELA,CD209 (DC-SIGN) Signaling
Regulation of Signaling by CBL,0.1702401,3.292921,10.23185,LYN;HCK;SYK;FYN;GRB2;PIK3CB;PIK3R1;CBL;CRK;VAV1;CRKL,Regulation of Signaling by CBL
Transcriptional Regulation by RUNX1,0.1729728,1.521369,4.690535,ITGA2B;PSMD8;LGALS3;PSMD6;PSMD7;PSMD2;PSMD3;PSMD1;SMARCC2;PRKCB;PRMT1;ACTL6A;GP1BA;PSMA5;CLDN5;PSMA6;PSMA3;PSMA4;PSMA1;PSMA2;CSNK2B;PRKCQ;MYL9;PSMD12;PSMD11;PSMD14;PSMD13;SRC;THBS1;PSMA7;PSMB6;PSMB7;PSMB4;PSMB5;PSMB2;PSMB3;PSMB1;SMARCE1;ADRM1;PTPN11;TJP1;ITCH;PSMC5;PSMC6;PSMC3;PSMC4;PSMC1;PSMC2;PF4,Transcriptional Regulation by RUNX1
Aquaporin-mediated Transport,0.1729728,2.395981,7.382907,GNG12;GNG11;ADCY6;RAB11A;AQP1;GNG2;GNG5;PRKAR1A;PRKAR2B;PRKAR2A;GNB2;GNB1;GNAS;GNB4;PRKACA;PRKACB,Aquaporin-mediated Transport
Infection With Mycobacterium Tuberculosis,0.1729728,2.395981,7.382907,VPS33B;ENO1;CORO1A;PTPA;MSRA;SFPQ;HGS;PGK1;ATP6V1H;MAPK1;CTSG;DLAT;RAB5A;KPNB1;KPNA1;RAB7A,Infection With Mycobacterium Tuberculosis
Signalling to ERKs,0.1729728,2.395981,7.382907,RALA;MAP2K1;RALB;MAP2K2;SHC1;SRC;YWHAB;MAPK14;CRKL;RAP1A;MAPKAPK3;MAPKAPK2;MAPK1;GRB2;KRAS;CRK,Signalling to ERKs
Vasopressin Regulates Renal Water Homeostasis via Aquaporins,0.1729728,2.395981,7.382907,GNG12;GNG11;ADCY6;RAB11A;AQP1;GNG2;GNG5;PRKAR2B;PRKAR1A;PRKAR2A;GNB2;GNB1;GNAS;GNB4;PRKACA;PRKACB,Vasopressin Regulates Renal Water Homeostasis via Aquaporins
G Alpha (S) Signalling Events,0.178701,1.798573,5.479923,ITGB1;GNAZ;RAMP3;SHC1;SRC;GNAI3;ARRB1;ADCY6;GNAI1;GNAI2;GNG2;GNG5;PRKAR2B;PRKAR2A;GRK6;PRKACA;PRKACB;FN1;GNG12;GNG11;GIP;PRKAR1A;GNB2;GNB1;GNAS;GNB4;PDE3A;ITGA5,G Alpha (S) Signalling Events
PECAM1 Interactions,0.1796317,4.040295,12.25398,LYN;LCK;SRC;ITGB3;PECAM1;FYN;ITGAV;PTPN11;PTPN6,PECAM1 Interactions
Signalling to RAS,0.1796317,4.040295,12.25398,RALA;RALB;MAPKAPK3;SHC1;SRC;MAPKAPK2;GRB2;KRAS;MAPK14,Signalling to RAS
SARS-CoV-2 Modulates Host Translation Machinery,0.1796317,1.8731,5.663436,RPS4X;RPS14;RPS17;RPS15A;RPS19;SNRPD2;RPS18;RPS3;RPS2;RPS11;RPS10;RPS8;RPS5;RPS6;RPS3A;RPSA;RPS28;RPS27;GEMIN5;SNRPE;RPS20;SNRPF;RPS21;RPS24;RPS23,SARS-CoV-2 Modulates Host Translation Machinery
Defective B4GALT1 Causes B4GALT1-CDG (CDG-2d),0.1796317,6.283324,18.97663,ACAN;B4GALT1;LUM;OGN;OMD;PRELP;FMOD,Defective B4GALT1 Causes B4GALT1-CDG (CDG-2d)
Defective CHST3 Causes SEDCJD,0.1796317,6.283324,18.97663,BCAN;VCAN;NCAN;BGN;CSPG4;DCN;CHST3,Defective CHST3 Causes SEDCJD
Defective Factor IX Causes Hemophilia B,0.1796317,6.283324,18.97663,GP9;F8;F9;F10;GP1BB;GP1BA;GP5,Defective Factor IX Causes Hemophilia B
Lectin Pathway of Complement Activation,0.1796317,6.283324,18.97663,FCN1;COLEC11;COLEC10;FCN3;MASP2;MASP1;MBL2,Lectin Pathway of Complement Activation
Nef Mediated CD4 Down-regulation,0.1796317,6.283324,18.97663,LCK;AP2S1;ATP6V1H;AP2A1;AP2B1;AP2A2;AP2M1,Nef Mediated CD4 Down-regulation
Synthesis of Prostaglandins (PG) and Thromboxanes (TX),0.1796317,6.283324,18.97663,CBR1;PTGES2;PTGES3;PRXL2B;TBXAS1;PTGDS;PTGS1,Synthesis of Prostaglandins (PG) and Thromboxanes (TX)
Mitochondrial Fatty Acid Beta-Oxidation of Saturated Fatty Acids,0.1796317,6.283324,18.97663,HADHB;HADHA;ACADVL;ECHS1;ACADM;HADH;ACADS,Mitochondrial Fatty Acid Beta-Oxidation of Saturated Fatty Acids
p38MAPK Events,0.1796317,6.283324,18.97663,RALA;RALB;MAPKAPK3;SRC;MAPKAPK2;KRAS;MAPK14,p38MAPK Events
Platelet Homeostasis,0.1879375,1.693096,5.033623,ATP2A3;ITPR1;ATP2A2;ITPR2;SRI;LRP8;PPP2CB;GNG2;GNG5;PPP2R1A;APOB;PRKG1;TRPC6;IRAG1;PLA2G4A;PPP2R5A;PTPN11;ATP2B1;GNG12;MAPK14;GNG11;FGR;SLC8A3;STIM1;GNB2;P2RX1;GNB1;PECAM1;GNAS;GNB4;PDE5A;PTPN6,Platelet Homeostasis
Ca-dependent Events,0.1931831,2.515146,7.403522,CAMK2B;CAMK2D;CAMK2A;PRKCD;PLA2G4A;PRKCA;ADCY6;PRKAR2B;PRKAR1A;PRKAR2A;MAPK1;PRKACA;CAMK2G;PRKACB,Ca-dependent Events
RHOD GTPase Cycle,0.2021469,1.798118,5.207885,STEAP3;ARHGAP1;ARHGAP17;PIK3R1;ADD3;TOR1AIP1;LMNB1;AKAP12;LMAN1;HINT2;PGRMC2;CAPZB;EFHD2;ANKFY1;EMD;LBR;TMPO;ACTN1;MCAM;DIAPH1;VAPB;PLXNB1;ESYT1;DBN1;RAB7A;VAMP3,RHOD GTPase Cycle
RHOV GTPase Cycle,0.2051504,2.181984,6.28331,GIT2;TPM4;TPM3;USP9X;CLTC;TXNL1;IQGAP1;PIK3R1;CDC42;PAK1;NCK2;ARHGEF7;PAK2;SPTAN1;GIT1;SPTBN1;NCK1,RHOV GTPase Cycle
SARS-CoV-2-host Interactions,0.2072658,1.336077,3.831144,YWHAE;HSP90AB1;YWHAB;IKBKB;RPS4X;RPS14;RPS17;TBK1;RPS19;SNRPD2;TRIM4;YWHAQ;RPS18;AKT2;AKT1;TRIM25;IKBKG;RPS11;RPS10;MAP3K7;VPS39;YWHAG;JAK1;MBL2;YWHAH;NUP214;TOMM70;VPS18;SEC13;HSP90AA1;CHUK;RPS8;RPS5;VPS33A;RPS6;VPS33B;HLA-B;HLA-C;RPSA;RPS3A;HLA-A;YWHAZ;HLA-E;TUFM;TRAF6;GEMIN5;MASP2;SNRPE;PIK3C3;MASP1;SNRPF;UBE2V1;IFNAR1;SEC23A;SAR1B;LARP1;RPS15A;TKFC;G3BP1;VPS11;RPS3;G3BP2;SFN;NUP43;RPS2;VPS16;STAT1;ISG15;PTPN11;TJP1;RPS28;MAVS;RPS27;VPS41;RPS20;PTPN6;TAB1;VPS45;SEC24D;RPS21;SEC24C;RPS24;RPS23,SARS-CoV-2-host Interactions
Citric Acid Cycle (TCA Cycle),0.2078602,1.997027,5.716858,FH;MRPS36;IDH3G;MDH2;IDH2;DLST;SDHA;SDHB;ACAT1;CS;NFS1;SUCLA2;NNT;IDH3B;OGDH;SUCLG2;SUCLG1;ACO2;DLD;IDH3A,Citric Acid Cycle (TCA Cycle)
Activation of AMPK Downstream of NMDARs,0.2172222,2.694121,7.568143,PRKAA1;TUBB6;PRKAB2;TUBAL3;TUBB1;PRKAG1;TUBB4B;PRKAB1;TUBA4B;TUBB4A;TUBA4A;TUBA8,Activation of AMPK Downstream of NMDARs
Cell Recruitment (Pro-Inflammatory Response),0.2172222,2.694121,7.568143,GSDMD;APP;NT5E;HSP90AB1;ENTPD5;IL18;TXNIP;CTSG;SUGT1;RELA;NFKB1;NFKB2,Cell Recruitment (Pro-Inflammatory Response)
Initiation of Nuclear Envelope (NE) Reformation,0.2172222,2.694121,7.568143,PPP2R1A;LMNA;CDK1;PPP2R2A;BANF1;LEMD2;EMD;LBR;SIRT2;KPNB1;LMNB1;TMPO,Initiation of Nuclear Envelope (NE) Reformation
Nephrin Family Interactions,0.2172222,2.694121,7.568143,ACTN2;ACTN1;NCK2;FYN;ACTN4;IQGAP1;PIK3CB;PIK3R1;SPTAN1;SPTBN1;CD2AP;NCK1,Nephrin Family Interactions
Purinergic Signaling in Leishmaniasis Infection,0.2172222,2.694121,7.568143,GSDMD;APP;NT5E;HSP90AB1;ENTPD5;IL18;TXNIP;CTSG;SUGT1;RELA;NFKB1;NFKB2,Purinergic Signaling in Leishmaniasis Infection
Signaling by GPCR,0.2310834,1.267513,3.479813,DGKG;APP;AHCYL1;DGKA;RPS6KA3;PPP2R1A;AKT2;AKT1;PRKACA;PRKACB;RGS6;PRKCB;PRKCD;F2R;PRKCA;PRKAR1A;BTK;PRKCQ;GNAZ;SHC1;ITPR1;ITPR2;PIK3R1;NTS;RASGRP2;KALRN;KNG1;PIK3R6;PPP3R1;PRKAR2B;TBXA2R;PRKAR2A;PSAP;GRK6;TAC3;FN1;PPBP;GNG12;GNG11;GNAQ;GNB2;GNB1;PDE3A;GNAS;GNB4;PLXNB1;GRB2;ITGB1;ARRB1;ECE1;PIK3CG;CX3CL1;HEBP1;PPP3CA;PPP3CB;ADGRE5;CCR4;GPSM3;TRPC6;ARHGEF12;MMP3;PLA2G4A;F2;RHOA;VAV1;GIP;PLCB3;PLCB4;GAL;ARHGEF1;ITGA5;ARHGEF2;PLCB1;DAGLB;ARHGEF7;PLCB2;MGLL;ARHGEF6;CAMK2B;RGS18;CAMK2D;RAMP3;RGS19;ROCK1;ROCK2;SRC;CAMK2A;GNAI3;CXCR4;ADCY6;GNAI1;GNAI2;FGD3;CDC42;GNA13;FGD4;PPP2CB;PAK1;GNG2;GNG5;CCL5;MAPK1;CAMK2G;CD55;PPP1CA;XK;SAA1;RGS10;KRAS;PF4;F2RL3,Signaling by GPCR
Budding and Maturation of HIV Virion,0.2343354,2.245594,6.128737,TSG101;PDCD6IP;VPS4B;VTA1;VPS4A;VPS37A;VPS37B;CHMP2A;CHMP3;CHMP4B;CHMP4A;CHMP6;PPIA;VPS28;CHMP5,Budding and Maturation of HIV Virion
PKR-mediated Signaling,0.2343354,1.639718,4.47257,TUBAL3;IKBKB;PPP2CB;TUBB6;PPP2R1A;TUBB1;TRIM25;IKBKG;NCK1;SNCA;HSPA8;NPM1;CHUK;STAT1;STAT3;PPP2R5A;EIF2AK2;ISG15;EIF2S2;TUBB4B;ILF2;TUBA4B;EIF2S1;TUBB4A;TUBA4A;DNAJC3;ILF3;MAVS;EIF2S3;CDK1;TUBA8,PKR-mediated Signaling
Ca2+ Pathway,0.2362855,1.88713,5.128237,CAMK2A;ITPR1;ITPR2;PRKCA;GNG12;GNG11;PPP3CA;PPP3CB;PLCB3;PPP3R1;GNG2;GNG5;GNB2;GNB1;GNB4;CTNNB1;KRAS;PLCB1;MAP3K7;PLCB2;PRKG1,Ca2+ Pathway
Maturation of Spike Protein 9694548,0.238005,2.021479,5.474883,ST6GAL1;RPN2;PRKCSH;RPN1;MAGT1;DDOST;FUT8;GANAB;MAN2A1;DAD1;MGAT5;CANX;MGAT4B;STT3A;MGAT1;MGAT2;MAN1B1;ST3GAL1,Maturation of Spike Protein 9694548
EML4 and NUDC in Mitotic Spindle Formation,0.2401685,1.573899,4.24549,DYNC1I2;TUBAL3;PPP1CC;PPP2CB;TUBB6;XPO1;PPP2R1A;TUBB1;NUP43;BUB3;CLASP2;NEK9;DYNC1H1;NUDC;SEC13;RCC2;NDE1;PPP2R5A;RANGAP1;TUBB4B;TUBA4B;CKAP5;TUBB4A;TUBA4A;EML4;DYNC1LI1;CLIP1;DYNC1LI2;RPS27;KIF2A;ZW10;TAOK1;MAPRE1;TUBA8;PAFAH1B1,EML4 and NUDC in Mitotic Spindle Formation
Chaperonin-mediated Protein Folding,0.2417375,1.52531,4.091716,TUBAL3;DCAF7;AP3M1;TUBB6;GNG2;GNG5;TUBB1;FBXO4;CCT8;CCT7;RGS6;CCT5;CCT4;CCT3;NOP56;CCT2;ARFGEF2;VBP1;STAT3;GNG12;TUBB4B;TUBA4B;GNG11;TUBB4A;TUBA4A;CCT6A;GNAQ;GNB2;CSNK2B;TCP1;GNB1;GNB4;PFDN1;PFDN2;FKBP9;PFDN4;PFDN5;PFDN6;TUBA8,Chaperonin-mediated Protein Folding
Assembly of Active LPL and LIPC Lipase Complexes,0.2417375,2.992715,8.025324,LIPC;APOC2;ANGPTL8;ANGPTL3;LPL;FURIN;ANGPTL4;PCSK6;APOA5;PCSK5,Assembly of Active LPL and LIPC Lipase Complexes
Downregulation of ERBB2 Signaling,0.2417375,2.992715,8.025324,PTPN18;HSP90AA1;CUL5;EGF;AKT2;CDC37;ERBIN;AKT1;STUB1;PTPN12,Downregulation of ERBB2 Signaling
Negative Regulation of MET Activity,0.2417375,2.992715,8.025324,PTPN1;SH3KBP1;HGS;PTPRJ;GRB2;STAM;CBL;EPS15;STAM2;SH3GL1,Negative Regulation of MET Activity
Synthesis of IP3 and IP4 in the Cytosol,0.2417375,2.992715,8.025324,INPP5B;ITPKB;PLCB3;PLCB4;INPPL1;PTEN;PLCG2;PLD4;PLCB1;PLCB2,Synthesis of IP3 and IP4 in the Cytosol
Organelle Biogenesis and Maintenance,0.2422851,1.312215,3.513464,YWHAE;ARF4;PRKAG1;PKD1;MT-ATP6;ACTR1A;TUBB6;CHCHD3;PPP2R1A;TUBB1;PRKACA;TNPO1;RAB8A;YWHAG;CCT3;CCT2;PRKAB2;HSP90AA1;EXOC8;EXOC7;TUBB;PRKAB1;CKAP5;TUBA4A;HCFC1;TBL1XR1;RP2;TCP1;EXOC4;TFAM;EXOC3;MAPRE1;EXOC2;EXOC1;PAFAH1B1;DYNC1I2;ACSS2;DCTN2;TUBAL3;DCTN1;ARL3;DCTN3;ASAP1;HDAC6;ATP5F1A;ATP5F1B;SAMM50;PRKAR2B;ATP5MK;ATP5MJ;CCT8;RAB11FIP3;ATP5MG;CCT5;ATP5MF;CCT4;ATP5ME;DMAC2L;HSPA9;ATP5PF;DYNC1H1;ATP5PD;APOOL;ATP5PB;SEPTIN2;NDE1;GBF1;IDH2;IMMT;ATP5F1C;TUBB4B;MAPK14;SOD2;ATP5F1D;TUBB4A;RAB11A;GLUD1;TMEM11;ATP5PO;CDK1;CYCS;SSBP1;TUBA8,Organelle Biogenesis and Maintenance
SARS-CoV-1 Infection,0.2496576,1.36125,3.601439,YWHAE;GSK3B;PRKCSH;YWHAB;SERPINE1;RPS4X;RPS14;RPS17;TBK1;RPS19;YWHAQ;RPS18;TRIM25;RPS11;RPS10;YWHAG;YWHAH;TOMM70;ST6GAL1;RPS8;RPS5;RPS6;RPSA;RPS3A;YWHAZ;TRAF6;CANX;CHMP4B;CHMP3;CHMP4A;PIK3C3;PPIB;CHMP6;PPIA;KPNB1;DDX5;VCP;RELA;GANAB;TKFC;RPS15A;PCBP2;RPS3;SFN;MGAT1;RPS2;ST3GAL1;NPM1;GALNT1;NMI;NFKB1;BST2;PARP10;FKBP1A;MAVS;RPS28;ITCH;RPS27;PSMC6;CHMP2A;RPS20;RPS21;RPS24;BCL2L1;RPS23,SARS-CoV-1 Infection
Unfolded Protein Response (UPR),0.2512482,1.598527,4.216102,ACADVL;ATF6B;DCTN1;SHC1;GOSR2;ADD1;HSP90B1;KHSRP;LMNA;SSR1;SEC31A;IGFBP1;HSPA5;GFPT1;WIPI1;EIF2S2;PDIA6;EIF2S1;ARFGAP1;PDIA5;DNAJC3;EIF2S3;DNAJB11;SRPRA;SRPRB;PREB;HDGF;HYOU1;TPP1;CALR;TLN1;ATF6,Unfolded Protein Response (UPR)
Disorders of Transmembrane Transporters,0.2516702,1.418227,3.735572,SLC2A1;SLC4A1;HK1;PSMD8;PSMD6;PSMD7;HEPH;PSMD2;BSG;PSMD3;PSMD1;ABCD1;NUP214;SEC13;APOA1;PSMA5;PSMA6;PSMA3;PSMA4;PSMA1;PSMA2;SLC9A9;SLC27A4;PSMD12;VCP;PSMD11;ABCB6;PSMD14;PSMD13;SEL1L;SLC3A2;PSMA7;PSMB6;PSMB7;PSMB4;PSMB5;OS9;PSMB2;PSMB3;PSMB1;NUP43;ADRM1;ERLIN1;ERLIN2;CP;PSMC5;PSMC6;PSMC3;PSMC4;PSMC1;PSMC2;RHAG,Disorders of Transmembrane Transporters
Macroautophagy,0.2543875,1.373027,3.599249,MTMR14;PRKAG1;PARK7;TOMM22;UBE2L3;TUBB6;TBK1;TUBB1;TOMM70;ATG3;GABARAPL2;PRKAB2;HSP90AA1;ATG9A;WIPI1;PRKAB1;TUBA4B;TUBA4A;DYNC1LI1;DYNC1LI2;CSNK2B;VDAC3;CHMP4B;VDAC2;ATG4B;CHMP3;PLIN3;CHMP4A;VDAC1;ATG4A;PGAM5;PIK3C3;UBE2V1;CHMP6;SQSTM1;OPTN;DYNC1I2;VCP;PRKAA1;TOMM40;TUBAL3;SRC;HDAC6;MFN2;ATG7;ATG5;HSPA8;DYNC1H1;TUBB4B;TUBB4A;MTOR;ATG16L1;RHEB;CHMP2A;LAMTOR2;LAMTOR1;VIM;LAMTOR4;LAMTOR3;TUBA8;LAMTOR5,Macroautophagy
High Laminar Flow Shear Stress Activates Signaling by PIEZO1 and PECAM1 CDH5 KDR in Endothelial Cell,0.258166,1.629388,4.203264,FLT4;PIK3CB;ADCY6;PANX1;CDH5;GNG2;CAPNS1;GNG5;PRKAR2B;PRKAR2A;CAPN2;AKT1;FYN;PRKACA;PRKACB;GNG12;GNG11;MTOR;MMP14;PRKAR1A;GNAQ;GNB2;GNB1;PECAM1;GNAS;GNB4;CTNNB1;TLN1;VCL,High Laminar Flow Shear Stress Activates Signaling by PIEZO1 and PECAM1 CDH5 KDR in Endothelial Cell
Cholesterol Biosynthesis,0.258166,2.33483,6.018101,IDI1;FDPS;GGPS1;HMGCS1;DHCR24;LSS;ACAT2;EBP;NSDHL;PMVK;MVD;DHCR7;LBR,Cholesterol Biosynthesis
Signaling by KIT in Disease,0.258166,2.33483,6.018101,LYN;STAT5A;STAT5B;SRC;STAT1;STAT3;PIK3R1;LCK;KIT;FYN;GRB2;KRAS;JAK2,Signaling by KIT in Disease
"Signaling by Phosphorylated Juxtamembrane, Extracellular and Kinase Domain KIT Mutants",0.258166,2.33483,6.018101,LYN;STAT5A;STAT5B;SRC;STAT1;STAT3;PIK3R1;LCK;KIT;FYN;GRB2;KRAS;JAK2,"Signaling by Phosphorylated Juxtamembrane, Extracellular and Kinase Domain KIT Mutants"
ALK Mutants Bind TKIs,0.258166,3.590355,9.224882,EML4;NPM1;PPM1B;PRKAR1A;CLTC;FN1;BIRC6;STRN,ALK Mutants Bind TKIs
Erythropoietin Activates RAS,0.258166,3.590355,9.224882,LYN;SHC1;IRS2;GRB2;KRAS;JAK2;VAV1;CRKL,Erythropoietin Activates RAS
Golgi Cisternae Pericentriolar Stack Reorganization,0.258166,3.590355,9.224882,RAB2A;GOLGA2;RAB1A;GORASP2;RAB1B;USO1;CDK1;MAPK1,Golgi Cisternae Pericentriolar Stack Reorganization
Trafficking of GluR2-containing AMPA Receptors,0.258166,3.590355,9.224882,NSF;PRKCB;AP2S1;AP2A1;PRKCA;AP2B1;AP2A2;AP2M1,Trafficking of GluR2-containing AMPA Receptors
Activation of RAC1 Downstream of NMDARs,0.258166,inf,inf,CAMK1;RAC1;ARHGEF7;GIT1,Activation of RAC1 Downstream of NMDARs
Beta Oxidation of lauroyl-CoA to decanoyl-CoA-CoA,0.258166,inf,inf,HADHB;HADHA;ECHS1;HADH,Beta Oxidation of lauroyl-CoA to decanoyl-CoA-CoA
Cross-presentation of Particulate Exogenous Antigens (Phagosomes),0.258166,inf,inf,ITGB5;CYBB;ITGAV;CD36,Cross-presentation of Particulate Exogenous Antigens (Phagosomes)
Defective LFNG Causes SCDO3,0.258166,inf,inf,LFNG;NOTCH2;NOTCH3;NOTCH1,Defective LFNG Causes SCDO3
Disinhibition of SNARE Formation,0.258166,inf,inf,STXBP3;PRKCB;PRKCA;STX4,Disinhibition of SNARE Formation
Erythropoietin Activates Phospholipase C Gamma (PLCG),0.258166,inf,inf,LYN;PLCG2;IRS2;JAK2,Erythropoietin Activates Phospholipase C Gamma (PLCG)
Extrinsic Pathway of Fibrin Clot Formation,0.258166,inf,inf,F7;F9;F10;TFPI,Extrinsic Pathway of Fibrin Clot Formation
FLT3 Signaling Through SRC Family Kinases,0.258166,inf,inf,HCK;SYK;LCK;FYN,FLT3 Signaling Through SRC Family Kinases
Formation of Xylulose-5-Phosphate,0.258166,inf,inf,DCXR;AKR1A1;SORD;CRYL1,Formation of Xylulose-5-Phosphate
InlA-mediated Entry of Listeria Monocytogenes Into Host Cells,0.258166,inf,inf,CDH1;SRC;CTNND1;CTNNB1,InlA-mediated Entry of Listeria Monocytogenes Into Host Cells
Mismatch Repair,0.258166,inf,inf,PCNA;RPA3;RPA1;RPA2,Mismatch Repair
Mismatch Repair (MMR) Directed by MSH2 MSH3 (MutSbeta),0.258166,inf,inf,PCNA;RPA3;RPA1;RPA2,Mismatch Repair (MMR) Directed by MSH2 MSH3 (MutSbeta)
Mismatch Repair (MMR) Directed by MSH2 MSH6 (MutSalpha),0.258166,inf,inf,PCNA;RPA3;RPA1;RPA2,Mismatch Repair (MMR) Directed by MSH2 MSH6 (MutSalpha)
NFE2L2 Regulating Tumorigenic Genes,0.258166,inf,inf,NOTCH1;EGF;PDGFA;BCL2L1,NFE2L2 Regulating Tumorigenic Genes
PTK6 Regulates RTKs and Their Effectors AKT1 and DOK1,0.258166,inf,inf,DOK1;AKT1;ARAP1;CBL,PTK6 Regulates RTKs and Their Effectors AKT1 and DOK1
Peptide Hormone Biosynthesis,0.258166,inf,inf,PCSK1;INHBA;INHBC;INHBE,Peptide Hormone Biosynthesis
Reelin Signalling Pathway,0.258166,inf,inf,RELN;SH3KBP1;FYN;VLDLR,Reelin Signalling Pathway
STAT5 Activation,0.258166,inf,inf,STAT5A;STAT5B;GRB2;PTPN11,STAT5 Activation
Interleukin-2 Family Signaling,0.2590632,2.053048,5.238026,STAT5A;STAT5B;SYK;SHC1;STAT1;STAT3;INPPL1;PIK3CB;PIK3R1;LCK;PTK2B;GRB2;PTPN6;JAK2;JAK3;JAK1,Interleukin-2 Family Signaling
Signaling by Non-Receptor Tyrosine Kinases,0.2590632,2.053048,5.238026,KHDRBS1;PTPN1;EGF;STAT3;ARAP1;CBL;RHOA;DOK1;SFPQ;GPNMB;RASA1;ELMO1;AKT1;KRAS;RAC1;CRK,Signaling by Non-Receptor Tyrosine Kinases
Signaling by PTK6,0.2590632,2.053048,5.238026,KHDRBS1;PTPN1;EGF;STAT3;ARAP1;CBL;RHOA;DOK1;SFPQ;GPNMB;RASA1;ELMO1;AKT1;KRAS;RAC1;CRK,Signaling by PTK6
"PI5P, PP2A and IER3 Regulate PI3K AKT Signaling",0.2607096,1.512482,3.846641,SRC;PDGFB;PDGFA;IRS2;PIK3R1;PIK3CB;IL1RL1;PPP2CB;PPP2R1A;RAC2;AKT1;PIP4K2A;MAPK1;PIP4K2B;FYN;PIP4K2C;PIP5K1C;RAC1;PDGFRB;PDGFRA;NTRK2;EGF;RHOG;PPP2R5A;PTPN11;IRAK4;VAV1;KITLG;LCK;TRAF6;KIT;GRB2;STRN;FGFR4;FGFR3;FGFR2;FGFR1,"PI5P, PP2A and IER3 Regulate PI3K AKT Signaling"
RHOB GTPase Cycle,0.2650811,1.669151,4.214438,TFRC;ROCK1;ROCK2;SNAP23;ARHGAP1;PIK3R1;STK10;SLK;OPHN1;FLOT1;FLOT2;STOM;ARHGEF12;JUP;MCAM;PCDH7;ERBIN;MYO9B;BCR;DIAPH1;DAAM1;ARHGEF1;ARHGEF2;PKN1;VAMP3;TJP2,RHOB GTPase Cycle
CDH11 Homotypic and Heterotypic Interactions,0.2696103,5.384179,13.43825,JUP;CDH11;CTNND1;CTNNA1;CTNNB1;CDH8,CDH11 Homotypic and Heterotypic Interactions
Defective CHST6 Causes MCDC1,0.2696103,5.384179,13.43825,ACAN;LUM;OGN;OMD;PRELP;FMOD,Defective CHST6 Causes MCDC1
Defective ST3GAL3 Causes MCT12 and EIEE15,0.2696103,5.384179,13.43825,ACAN;LUM;OGN;OMD;PRELP;FMOD,Defective ST3GAL3 Causes MCT12 and EIEE15
Defects in Biotin (Btn) Metabolism,0.2696103,5.384179,13.43825,MCCC2;BTD;PCCA;MCCC1;PCCB;ACACA,Defects in Biotin (Btn) Metabolism
IkBA Variant Leads to EDA-ID,0.2696103,5.384179,13.43825,IKBKB;CHUK;IKBKG;NFKB1;RELA;NFKB2,IkBA Variant Leads to EDA-ID
Interleukin-1 Processing,0.2696103,5.384179,13.43825,GSDMD;IL18;CTSG;NFKB1;RELA;NFKB2,Interleukin-1 Processing
Interleukin-21 Signaling,0.2696103,5.384179,13.43825,STAT5A;STAT5B;STAT1;STAT3;JAK3;JAK1,Interleukin-21 Signaling
Activation of BH3-only Proteins,0.2889559,2.46891,5.986777,YWHAE;PPP3R1;YWHAQ;YWHAB;AKT2;AKT1;SFN;BID;YWHAZ;YWHAG;YWHAH,Activation of BH3-only Proteins
Interleukin-4 and Interleukin-13 Signaling,0.2929658,1.548131,3.730028,ITGB1;LAMA5;ITGAM;ITGB2;F13A1;PIK3R1;HSP90B1;MUC1;AKT1;CD36;LBP;TIMP1;JAK2;JAK3;JAK1;HSPA8;HSP90AA1;TGFB1;VCAM1;STAT1;MMP3;STAT3;FN1;IL18;MMP9;FCER2;COL1A2;FSCN1;SAA1;VIM;BCL2L1,Interleukin-4 and Interleukin-13 Signaling
Negative Regulation of the PI3K AKT Network,0.293023,1.461291,3.518015,SRC;PDGFB;PTEN;PDGFA;IRS2;PIK3R1;PIK3CB;IL1RL1;PPP2CB;PPP2R1A;AKT2;RAC2;AKT1;PIP4K2A;MAPK1;PIP4K2B;FYN;PIP4K2C;PIP5K1C;RAC1;PDGFRB;PDGFRA;NTRK2;EGF;RHOG;PPP2R5A;PTPN11;IRAK4;VAV1;KITLG;LCK;TRAF6;KIT;GRB2;STRN;FGFR4;FGFR3;FGFR2;FGFR1,Negative Regulation of the PI3K AKT Network
PIP3 Activates AKT Signaling,0.2958446,1.269957,3.041713,GSK3B;PTEN;IRS2;CHD4;PIK3CB;PSMD8;PSMD6;PSMD7;PPP2R1A;AKT2;PSMD2;PSMD3;RAC2;AKT1;PIP4K2A;PSMD1;PIP4K2B;PIP4K2C;RAC1;PDGFRB;PDGFRA;USP7;CHUK;RHOG;PPP2R5A;IRAK4;VAV1;PSMA5;PSMA6;PSMA3;PSMA4;PSMA1;PSMA2;LCK;TRAF6;CSNK2B;KIT;PSMD12;PSMD11;PSMD14;PSMD13;SRC;PDGFB;PDGFA;PIK3R1;PSMA7;PSMB6;PPP2CB;PSMB7;IL1RL1;PSMB4;PSMB5;PSMB2;RBBP4;PSMB3;PSMB1;MAPK1;FYN;PIP5K1C;NTRK2;EGF;ADRM1;PTPN11;MTOR;KITLG;PSMC5;PSMC6;PSMC3;VAPA;PSMC4;RHEB;PSMC1;PSMC2;GRB2;STRN;LAMTOR2;STUB1;LAMTOR1;LAMTOR4;FGFR4;LAMTOR3;FGFR3;FRK;FGFR2;LAMTOR5;FGFR1,PIP3 Activates AKT Signaling
Glucagon Signaling in Metabolic Regulation,0.2958446,2.095292,5.010022,GNG12;GNG11;ADCY6;GNG2;GNG5;PRKAR2B;PRKAR1A;PRKAR2A;GNB2;GNB1;GNAS;GNB4;PRKACA;PRKACB,Glucagon Signaling in Metabolic Regulation
N-glycan Trimming in the ER and Calnexin Calreticulin Cycle,0.2958446,2.095292,5.010022,PDIA3;VCP;UBXN1;PRKCSH;SEL1L;RAD23B;GANAB;OS9;PSMC1;CANX;MLEC;CALR;MAN1B1;UGGT1,N-glycan Trimming in the ER and Calnexin Calreticulin Cycle
PINK1-PRKN Mediated Mitophagy,0.2958446,2.095292,5.010022,TOMM70;TOMM40;ATG9A;TOMM22;UBE2L3;TBK1;VDAC3;MFN2;VDAC2;VDAC1;UBE2V1;SQSTM1;OPTN;ATG5,PINK1-PRKN Mediated Mitophagy
Metabolism of Nucleotides,0.3091468,1.438763,3.374489,DTYMK;GDA;AK1;AK2;GMPS;ADK;GMPR;GLRX;NUDT5;NT5C2;PFAS;TYMP;NT5C;NT5E;PNP;ATIC;PPAT;TK2;ADSL;DUT;ENTPD5;TXNRD1;ENTPD6;CAD;GSR;CTPS2;NME3;AMPD2;CTPS1;PAICS;DCK;APRT;NME1;DPYD;CMPK1;HPRT1;UMPS;DCTPP1;GART;ITPA,Metabolism of Nucleotides
Signaling by ALK Fusions and Activated Point Mutants,0.3111746,1.471183,3.435938,NOTCH1;DCTN1;SHC1;CLTC;CUL1;RRBP1;PIK3CB;PIK3R1;KLC1;ATIC;TFG;KIF5B;MAPK1;SKP1;SEC31A;STAT5A;NPM1;TPM4;TPM3;STAT1;RPS6;STAT3;FN1;MSN;EEF1G;EML4;PPM1B;PRKAR1A;MYH9;BIRC6;GRB2;PTPN6;STRN;CARS1;SQSTM1;VCL,Signaling by ALK Fusions and Activated Point Mutants
Signaling by ALK in Cancer,0.3111746,1.471183,3.435938,NOTCH1;DCTN1;SHC1;CLTC;CUL1;RRBP1;PIK3CB;PIK3R1;KLC1;ATIC;TFG;KIF5B;MAPK1;SKP1;SEC31A;STAT5A;NPM1;TPM4;TPM3;STAT1;RPS6;STAT3;FN1;MSN;EEF1G;EML4;PPM1B;PRKAR1A;MYH9;BIRC6;GRB2;PTPN6;STRN;CARS1;SQSTM1;VCL,Signaling by ALK in Cancer
Calnexin Calreticulin Cycle,0.3267064,2.692679,6.118417,PDIA3;GANAB;OS9;PRKCSH;SEL1L;CANX;CALR;MAN1B1;UGGT1,Calnexin Calreticulin Cycle
Depolymerization of the Nuclear Lamina,0.3267064,2.692679,6.118417,PRKCB;LMNA;CDK1;PRKCA;LEMD2;EMD;LPIN2;LMNB1;TMPO,Depolymerization of the Nuclear Lamina
Diseases of Branched-Chain Amino Acid Catabolism,0.3267064,2.692679,6.118417,MCCC2;BCKDK;ECHS1;IVD;MCCC1;DBT;DLD;HIBCH;ACAT1,Diseases of Branched-Chain Amino Acid Catabolism
"Incretin Synthesis, Secretion, and Inactivation",0.3267064,2.692679,6.118417,DPP4;PCSK1;SPCS3;SPCS2;LEP;GNB1;CTNNB1;SEC11A;GIP,"Incretin Synthesis, Secretion, and Inactivation"
Inflammasomes,0.3267064,2.692679,6.118417,PANX1;APP;HSP90AB1;TXNIP;SUGT1;RELA;NFKB1;NFKB2;BCL2L1,Inflammasomes
Nucleotide Biosynthesis,0.3267064,2.692679,6.118417,ADSL;ATIC;PPAT;CAD;GMPS;UMPS;PAICS;PFAS;GART,Nucleotide Biosynthesis
Processing of SMDT1,0.3267064,2.692679,6.118417,AFG3L2;STOML2;PMPCB;PMPCA;PHB;MICU2;MICU1;PHB2;MCU,Processing of SMDT1
SARS-CoV-2 Targets Host Intracellular Signalling and Regulatory Pathways,0.3267064,2.692679,6.118417,YWHAE;YWHAQ;YWHAB;AKT2;AKT1;SFN;YWHAZ;YWHAG;YWHAH,SARS-CoV-2 Targets Host Intracellular Signalling and Regulatory Pathways
Ion Channel Transport,0.3267064,1.446262,3.285505,ATP6V1A;CAMK2B;CAMK2D;TTYH3;ATP8A1;CAMK2A;ATP2A3;ATP2A2;ATP1A1;SRI;ATP2C1;CLCN3;ATP6V0A2;ATP6V1H;ANO10;STOM;ATP6V1E1;ATP6V1D;CAMK2G;ATP6V1C1;ATP6V0A1;ATP6V1F;TRPM4;ATP6V1G1;TRPC6;ATP6AP1;ATP13A1;TSC22D3;ATP1B3;ANO6;ATP2B1;ATP1B1;CLCN4;ASPH;WNK1;ATP6V1B2;ATP6V0C,Ion Channel Transport
Activation of Matrix Metalloproteinases,0.3388918,2.154615,4.797967,COL18A1;MMP25;MMP14;MMP7;MMP3;TIMP2;FURIN;CTSG;TIMP1;PRSS2;MMP9;ELANE,Activation of Matrix Metalloproteinases
CaM Pathway,0.3388918,2.154615,4.797967,CAMK2B;CAMK2D;PRKAR2B;PRKAR1A;PRKAR2A;CAMK2A;PRKCD;PRKCA;PRKACA;CAMK2G;PRKACB;ADCY6,CaM Pathway
Calmodulin Induced Events,0.3388918,2.154615,4.797967,CAMK2B;CAMK2D;PRKAR2B;PRKAR1A;PRKAR2A;CAMK2A;PRKCD;PRKCA;PRKACA;CAMK2G;PRKACB;ADCY6,Calmodulin Induced Events
FGFR1 Mutant Receptor Activation,0.3388918,2.154615,4.797967,STAT5A;BCR;STAT5B;STAT1;FGFR1OP2;STAT3;MYO18A;GRB2;PIK3R1;LRRFIP1;ERLIN2;FGFR1,FGFR1 Mutant Receptor Activation
Pyroptosis,0.3388918,2.154615,4.797967,GSDMD;CASP3;IL18;CHMP2A;BAX;CHMP3;CHMP4B;CYCS;CHMP4A;HMGB1;CHMP6;ELANE,Pyroptosis
Autophagy,0.3435629,1.29118,2.855441,HSP90AB1;MTMR14;PRKAG1;PARK7;TOMM22;UBE2L3;TUBB6;TBK1;TUBB1;TOMM70;ATG3;GABARAPL2;PRKAB2;HSP90AA1;ATG9A;VPS37A;WIPI1;VPS37B;PRKAB1;TUBA4B;TUBA4A;DYNC1LI1;DYNC1LI2;CSNK2B;VDAC3;CHMP4B;VDAC2;ATG4B;CHMP3;PLIN3;CHMP4A;VDAC1;ATG4A;PGAM5;PIK3C3;UBE2V1;CHMP6;SQSTM1;OPTN;VPS28;DYNC1I2;VCP;PRKAA1;TSG101;TOMM40;TUBAL3;SRC;HDAC6;MFN2;ATG7;ATG5;HSPA8;DYNC1H1;TUBB4B;TUBB4A;MTOR;ATG16L1;RHEB;CHMP2A;LAMTOR2;LAMTOR1;VIM;LAMTOR4;LAMTOR3;TUBA8;LAMTOR5,Autophagy
RHOJ GTPase Cycle,0.3488955,1.55738,3.417595,STEAP3;TFRC;DOCK8;SNAP23;ARHGAP1;WAS;PIK3R1;SLC1A5;FNBP1L;CDC42;PAK1;OPHN1;STOM;PAK2;GIT1;TMPO;GIT2;JUP;FNBP1;SCRIB;CDC42BPB;MPP7;LAMTOR1;ARHGEF7;RAB7A;VAMP3,RHOJ GTPase Cycle
Generic Transcription Pathway,0.3580478,1.154804,2.502364,STEAP3;SERPINE1;ITGA2B;COX6A1;GLS;PSMD8;LGALS3;PSMD6;PSMD7;TRIM28;PPP2R1A;AKT2;PSMD2;PSMD3;NAMPT;AKT1;PSMD1;PIP4K2A;PIP4K2B;PIP4K2C;PRKACA;SKP1;IGFBP1;PRKAB2;G6PD;USP7;SMARCC2;PRKCB;IGFBP3;PRKAB1;NRBP1;COX6B1;CLDN5;COX7A2L;TBL1XR1;CSNK2B;TXNIP;MT-CO2;PRKCQ;MT-CO3;MYL9;FKBP5;NOTCH2;CSF1R;NOTCH3;PSMD12;PSMD11;NOTCH1;PSMD14;PSMD13;NOP2;CUL1;COX7A2;NDRG1;ATXN3;PRDX2;PRDX1;SFN;APOE;PLXNA4;SMAD2;JAG1;TGFB1;CBX3;PRDX6;NFKB1;COL1A1;COL1A2;RGCC;TP53I3;CNOT11;CNOT1;RHEB;CDK1;PIN1;CYCS;YWHAE;GSK3B;GPI;MSTN;YWHAB;COX4I1;PRKAG1;PTEN;CHM;CHD4;SLC2A3;YBX1;ITGAL;XPO1;YWHAQ;CASP6;TNKS1BP1;ELOB;ELOC;LBR;YWHAG;YWHAH;PRMT5;RBM14;ITGA4;PARP1;PRMT1;ACTL6A;GP1BA;RABGGTB;RABGGTA;YWHAZ;PSMA5;PSMA6;PPM1A;PSMA3;PSMA4;PSMA1;PSMA2;KIT;CAT;ITGA5;CAMK2B;PRKAA1;CAMK2D;PCNA;SRC;CAMK2A;HTT;FURIN;COX5B;COX5A;THBS1;PSMA7;RELA;HDAC6;HSPD1;PSMB6;PSMB7;PPP2CB;PSMB4;PSMB5;PSMB2;RBBP4;PSMB3;PSMB1;SPP1;MAPK1;POLR2H;BID;CAMK2G;SMARCE1;PTPN1;NPM1;STAT1;USP9X;NDUFA4;TXNRD1;GSR;ADRM1;RPA1;RPA2;PTPN11;COX6C;MAPK14;SOD2;MTOR;TJP1;PSMC5;ITCH;PSMC6;PSMC3;PSMC4;TTC5;PSMC1;RPA3;PSMC2;CTNNB1;BAX;STUB1;KRAS;LAMTOR2;LAMTOR1;LAMTOR4;LAMTOR3;LAMTOR5;PF4,Generic Transcription Pathway
MITF-M-regulated Melanocyte Development,0.3616728,1.402393,3.022444,ATP6V1A;PMEL;GSK3B;ASAH1;KARS1;GMPR;HINT1;XPO1;QARS1;CDH1;AKT2;ATP6V1H;MAPK1;IARS1;ATP6V1E1;ATP6V1D;ATP6V1C1;ATP6V0A1;ATP6V1F;SMARCE1;ATP6V1G1;RARS1;SMARCC2;ACTL6A;ATP6AP2;MARS1;MYO5A;MAPK14;DARS1;AIMP1;AIMP2;DIAPH1;KITLG;EPRS1;LARS1;KIT;ATP6V1B2;CTNNB1;ATP6V0C,MITF-M-regulated Melanocyte Development
Influenza Viral RNA Transcription and Replication,0.3652401,1.304374,2.790782,RPL5;RPL30;RPL3;RPL31;RPL34;RPLP1;RPLP0;RPL8;IPO5;RPL7;RPS4X;RPS14;RPL7A;RPS17;RPL18A;RPS19;RPS18;RPL35;RPLP2;RPL38;RPS11;RPS10;NUP214;HSP90AA1;SEC13;PARP1;RPS8;RPL23;RPS5;RPL22;RPS6;RPSA;RPS3A;DNAJC3;RPL24;RPL27;RPL29;RPL28;RPL12;RPL11;RPS15A;RPS3;RPL13;NUP43;POLR2H;RPL15;RPS2;RPL17;RPL19;RPL35A;RPL23A;RPS28;RPS27;RPL27A;RPS20;RPS21;RPS24;RPS23,Influenza Viral RNA Transcription and Replication
Intrinsic Pathway for Apoptosis,0.3652401,1.589283,3.378673,YWHAE;GSDMD;YWHAB;DIABLO;CARD8;STAT3;YWHAZ;UACA;PPP3R1;YWHAQ;AKT2;C1QBP;CASP3;NMT1;AKT1;MAPK1;BAX;CYCS;SFN;BID;YWHAG;YWHAH;BCL2L1,Intrinsic Pathway for Apoptosis
Constitutive Signaling by Overexpressed ERBB2,0.3652401,3.140669,6.666809,HSP90AA1;SHC1;CDC37;ERBIN;GRB2;KRAS;PTPN12,Constitutive Signaling by Overexpressed ERBB2
"Inactivation, Recovery and Regulation of the Phototransduction Cascade",0.3652401,3.140669,6.666809,FNTA;FNTB;GNB1;NMT1;PRKCA;PRKCQ;METAP2,"Inactivation, Recovery and Regulation of the Phototransduction Cascade"
Interaction Between L1 and Ankyrins,0.3652401,3.140669,6.666809,SPTA1;NRCAM;L1CAM;SPTAN1;ANK1;SPTB;SPTBN1,Interaction Between L1 and Ankyrins
Interleukin-15 Signaling,0.3652401,3.140669,6.666809,STAT5A;STAT5B;SHC1;STAT3;GRB2;JAK3;JAK1,Interleukin-15 Signaling
Interleukin-6 Signaling,0.3652401,3.140669,6.666809,STAT1;STAT3;PTPN11;CBL;IL6ST;JAK2;JAK1,Interleukin-6 Signaling
MET Receptor Recycling,0.3652401,3.140669,6.666809,RAB4A;GGA3;RAB4B;GRB2;CRK;ARF6;CRKL,MET Receptor Recycling
Nef Mediated Downregulation of MHC Class I Complex Cell Surface Expression,0.3652401,3.140669,6.666809,AP1G1;PACS1;AP1B1;AP1S2;AP1S1;HLA-A;AP1M1,Nef Mediated Downregulation of MHC Class I Complex Cell Surface Expression
PKA Activation in Glucagon Signalling,0.3652401,3.140669,6.666809,PRKAR1A;PRKAR2B;PRKAR2A;GNAS;PRKACA;PRKACB;ADCY6,PKA Activation in Glucagon Signalling
Purine Ribonucleoside Monophosphate Biosynthesis,0.3652401,3.140669,6.666809,ADSL;ATIC;PPAT;GMPS;GART;PAICS;PFAS,Purine Ribonucleoside Monophosphate Biosynthesis
RHO GTPases Activate KTN1,0.3652401,3.140669,6.666809,CDC42;KIF5B;RHOG;RAC1;KLC1;RHOA;KTN1,RHO GTPases Activate KTN1
Regulation of CDH11 Function,0.3652401,3.140669,6.666809,JUP;CDH11;CTNND1;CTNNA1;CTNNB1;ANGPTL4;CDH8,Regulation of CDH11 Function
The Phototransduction Cascade,0.3652401,3.140669,6.666809,FNTA;FNTB;GNB1;NMT1;PRKCA;PRKCQ;METAP2,The Phototransduction Cascade
Inositol Phosphate Metabolism,0.3704948,1.795849,3.783587,ISYNA1;INPPL1;PTEN;PLD4;NUDT3;INPP5B;ITPKB;INPP4B;PLCB3;INPP5A;PLCB4;IMPA1;PPIP5K2;PLCG2;PLCB1;PLCB2,Inositol Phosphate Metabolism
Interconversion of Nucleotide Di- and Triphosphates,0.3813118,1.945076,4.022854,DTYMK;DUT;TXNRD1;AK1;GSR;AK2;CTPS2;NME3;GLRX;CTPS1;NME1;CMPK1;DCTPP1,Interconversion of Nucleotide Di- and Triphosphates
Major Pathway of rRNA Processing in the Nucleolus and Cytosol,0.3813118,1.301716,2.687499,RPL5;RPL30;RPL3;RPL31;RPL34;RPLP1;RPLP0;RPL8;WDR43;RPL7;RPS4X;RPS14;RPL7A;RPS17;RPL18A;RPS19;RPS18;RPL35;RPLP2;RPL38;RPS11;RPS10;RPS8;RPL23;RPS5;RPL22;RPS6;RPSA;RPS3A;NCL;RPL24;RPL27;RPL29;RPL28;RPL12;RPL11;RPS15A;RPS3;RPL13;RPL15;RPS2;RPL17;RPL19;NOP56;NOP58;RIOK3;RPL35A;RPL23A;RPS28;RPS27;RPL27A;RPS20;RPS21;RPS24;RPS23,Major Pathway of rRNA Processing in the Nucleolus and Cytosol
Attachment and Entry 9694614,0.3813118,2.243826,4.616718,NRP1;VCP;SDC4;GPC1;SDC1;FURIN;GPC4;AGRN;GPC6;HSPG2,Attachment and Entry 9694614
Ephrin Signaling,0.3813118,2.243826,4.616718,EFNB1;SDCBP;PAK1;SRC;NCK2;FYN;RAC1;ARHGEF7;PAK2;GIT1,Ephrin Signaling
G Beta Gamma Signalling Through CDC42,0.3813118,2.243826,4.616718,CDC42;PAK1;GNG2;GNG5;GNB2;GNB1;GNB4;GNG12;GNG11;ARHGEF6,G Beta Gamma Signalling Through CDC42
G Beta Gamma Signalling Through PLC Beta,0.3813118,2.243826,4.616718,PLCB3;GNG2;GNG5;GNB2;GNB1;GNB4;GNG12;PLCB1;GNG11;PLCB2,G Beta Gamma Signalling Through PLC Beta
Glycogen Metabolism,0.3813118,2.243826,4.616718,PYGB;GYS1;UGP2;AGL;GAA;PHKB;PYGL;GYG1;PHKA2;PGM1,Glycogen Metabolism
Maturation of hRSV A Proteins,0.3813118,2.243826,4.616718,PPP1CB;PPP1CC;SPCS3;SPCS2;XPO1;CSNK2B;FURIN;SEC11A;KPNB1;PPP1CA,Maturation of hRSV A Proteins
Platelet Calcium Homeostasis,0.3813118,2.243826,4.616718,SLC8A3;TRPC6;STIM1;P2RX1;ATP2A3;ITPR1;ATP2A2;ITPR2;SRI;ATP2B1,Platelet Calcium Homeostasis
Presynaptic Function of Kainate Receptors,0.3813118,2.243826,4.616718,PLCB3;GNG2;GNG5;GNB2;GNB1;GNB4;GNG12;PLCB1;GNG11;PLCB2,Presynaptic Function of Kainate Receptors
Regulation of KIT Signaling,0.3813118,2.243826,4.616718,LYN;KITLG;SRC;LCK;KIT;PRKCA;FYN;GRB2;PTPN6;CBL,Regulation of KIT Signaling
Sema4D Induced Cell Migration and Growth-Cone Collapse,0.3813118,2.243826,4.616718,MYL6;ARHGEF12;ROCK1;ROCK2;MYH14;MYH9;PLXNB1;MYH10;MYL9;RHOA,Sema4D Induced Cell Migration and Growth-Cone Collapse
Translesion Synthesis by Y Family DNA Polymerases Bypasses Lesions on DNA Template,0.3813118,2.243826,4.616718,VCP;PCNA;NPLOC4;UBA7;USP10;RPA3;RPA1;TRIM25;RPA2;ISG15,Translesion Synthesis by Y Family DNA Polymerases Bypasses Lesions on DNA Template
Interferon Alpha Beta Signaling,0.3859846,1.539877,3.147164,IFITM3;PTPN1;RNASEL;IFITM2;STAT1;HLA-B;IFI6;HLA-C;EIF2AK2;ISG15;PTPN11;IFI35;HLA-A;PSMB8;HLA-E;BST2;OAS3;PTPN6;ABCE1;IRF9;KPNB1;JAK1;KPNA1;IFNAR1,Interferon Alpha Beta Signaling
M Phase,0.3944917,1.184147,2.392467,PPP2R2A;SMC3;GOLGA2;PSMD8;PPP1CC;PSMD6;TUBB6;PSMD7;PPP2R1A;PSMD2;PSMD3;TUBB1;PSMD1;BANF1;PRKACA;TMPO;NUP214;RAB2A;PRKCB;IST1;PRKCA;LEMD2;TUBA4B;TUBA4A;EML4;DYNC1LI1;DYNC1LI2;CLIP1;ZW10;CSNK2B;CHMP4B;CHMP4A;KPNB1;PSMD12;SET;PSMD11;PSMD14;PSMD13;TUBGCP2;PRKAR2B;RAD21;NEK9;RCC2;RPS27;CDK1;CHMP2A;TUBGCP3;CC2D1B;TUBA8;YWHAE;NUMA1;LMNB1;ACTR1A;XPO1;ENSA;TNPO1;EMD;LBR;YWHAG;NUDC;SEC13;HSP90AA1;TUBB;PPP2R5A;RANGAP1;SMC1A;CKAP5;SIRT2;PSMA5;PSMA6;PSMA3;PSMA4;KIF2A;PSMA1;PSMA2;GORASP2;CHMP3;MAPRE1;CHMP6;PAFAH1B1;DYNC1I2;RAB1A;DCTN2;TUBAL3;DCTN1;RAB1B;USO1;DCTN3;VPS4A;PSMA7;PSMB6;PPP2CB;PSMB7;PSMB4;PSMB5;PSMB2;PSMB3;LMNA;PSMB1;MAPK1;NUP43;BUB3;CLASP2;DYNC1H1;NDE1;ADRM1;TUBB4B;TUBB4A;PSMC5;PSMC6;PSMC3;PSMC4;PSMC1;TAOK1;PSMC2;LPIN2;RAN,M Phase
DAP12 Interactions,0.3967444,1.696025,3.383924,SYK;SHC1;HLA-B;HLA-C;PIK3CB;PIK3R1;HLA-E;LCK;GRAP2;PLCG2;BTK;FYN;GRB2;KRAS;LCP2;RAC1;LAT,DAP12 Interactions
Mitophagy,0.3967444,1.696025,3.383924,TOMM70;TOMM40;SRC;ATG9A;TOMM22;UBE2L3;TBK1;CSNK2B;VDAC3;MFN2;VDAC2;PGAM5;VDAC1;UBE2V1;SQSTM1;OPTN;ATG5,Mitophagy
Beta Oxidation of decanoyl-CoA to octanoyl-CoA-CoA,0.3967444,4.485544,8.912894,HADHB;HADHA;ECHS1;ACADM;HADH,Beta Oxidation of decanoyl-CoA to octanoyl-CoA-CoA
CREB1 Phosphorylation Through the Activation of Adenylate Cyclase,0.3967444,4.485544,8.912894,PRKAR1A;PRKAR2B;PRKAR2A;PRKACA;PRKACB,CREB1 Phosphorylation Through the Activation of Adenylate Cyclase
Carnitine Shuttle,0.3967444,4.485544,8.912894,CPT1A;PRKAB2;CPT2;SLC25A20;ACACA,Carnitine Shuttle
Defective F9 Activation,0.3967444,4.485544,8.912894,GP9;F9;GP1BB;GP1BA;GP5,Defective F9 Activation
Defective HLCS Causes Multiple Carboxylase Deficiency,0.3967444,4.485544,8.912894,MCCC2;PCCA;MCCC1;PCCB;ACACA,Defective HLCS Causes Multiple Carboxylase Deficiency
Metalloprotease DUBs,0.3967444,4.485544,8.912894,BABAM1;PSMD14;BRCC3;STAM;STAMBP,Metalloprotease DUBs
Processive Synthesis on the C-strand of the Telomere,0.3967444,4.485544,8.912894,PCNA;RPA3;RPA1;RPA2;TERF2IP,Processive Synthesis on the C-strand of the Telomere
Reactions Specific to the Complex N-glycan Synthesis Pathway,0.3967444,4.485544,8.912894,FUT8;MAN2A2;MAN2A1;CHST10;MGAT2,Reactions Specific to the Complex N-glycan Synthesis Pathway
Removal of the Flap Intermediate From the C-strand,0.3967444,4.485544,8.912894,PCNA;RPA3;RPA1;RPA2;TERF2IP,Removal of the Flap Intermediate From the C-strand
STAT5 Activation Downstream of FLT3 ITD Mutants,0.3967444,4.485544,8.912894,STAT5A;STAT5B;GRB2;PTPN11;BCL2L1,STAT5 Activation Downstream of FLT3 ITD Mutants
Scavenging by Class B Receptors,0.3967444,4.485544,8.912894,SAA1;APOA1;SSC5D;CD36;APOB,Scavenging by Class B Receptors
Synthesis of 5-Eicosatetraenoic Acids,0.3967444,4.485544,8.912894,PON3;GPX1;GPX4;PON2;PON1,Synthesis of 5-Eicosatetraenoic Acids
TGFBR3 Regulates TGF-beta Signaling,0.3967444,4.485544,8.912894,TGFBR3;TGFB2;TGFB1;GIPC1;ARRB1,TGFBR3 Regulates TGF-beta Signaling
TP53 Regulates Transcription of Genes Involved in G2 Cell Cycle Arrest,0.3967444,4.485544,8.912894,PCNA;PRMT1;CDK1;BAX;SFN,TP53 Regulates Transcription of Genes Involved in G2 Cell Cycle Arrest
TP53 Regulates Transcription of Cell Death Genes With Uncertain Role in P53-Dependent Apoptosis,0.3967444,4.485544,8.912894,TP53I3;CHM;RABGGTB;NDRG1;RABGGTA,TP53 Regulates Transcription of Cell Death Genes With Uncertain Role in P53-Dependent Apoptosis
VLDL Clearance,0.3967444,4.485544,8.912894,APOC4;APOBR;LSR;VLDLR;APOB,VLDL Clearance
MTOR Signalling,0.4027194,1.571612,3.096958,PRKAA1;PRKAB2;CAB39;YWHAB;RPS6;PRKAG1;PRKAB1;MTOR;FKBP1A;PPM1A;RHEB;AKT2;AKT1;LAMTOR2;LAMTOR1;LAMTOR4;EIF4E;LAMTOR3;EIF4B;EIF4G1;LAMTOR5,MTOR Signalling
Assembly of the ORC Complex at the Origin of Replication,0.4091975,inf,inf,KPNA6;KPNB1;KPNA1,Assembly of the ORC Complex at the Origin of Replication
Axonal Growth Inhibition (RHOA Activation),0.4091975,inf,inf,ARHGDIA;RHOA;RTN4,Axonal Growth Inhibition (RHOA Activation)
Beta Oxidation of butanoyl-CoA to acetyl-CoA,0.4091975,inf,inf,ECHS1;HADH;ACADS,Beta Oxidation of butanoyl-CoA to acetyl-CoA
Bicarbonate Transporters,0.4091975,inf,inf,AHCYL2;SLC4A1;SLC4A2,Bicarbonate Transporters
Choline Catabolism,0.4091975,inf,inf,BHMT;SLC44A1;ALDH7A1,Choline Catabolism
Cohesin Loading Onto Chromatin,0.4091975,inf,inf,RAD21;SMC1A;SMC3,Cohesin Loading Onto Chromatin
Establishment of Sister Chromatid Cohesion,0.4091975,inf,inf,RAD21;SMC1A;SMC3,Establishment of Sister Chromatid Cohesion
FBXW7 Mutants and NOTCH1 in Cancer,0.4091975,inf,inf,NOTCH1;CUL1;SKP1,FBXW7 Mutants and NOTCH1 in Cancer
FGFR1 Ligand Binding and Activation,0.4091975,inf,inf,TGFBR3;GIPC1;FGFR1,FGFR1 Ligand Binding and Activation
FGFR1b Ligand Binding and Activation,0.4091975,inf,inf,TGFBR3;GIPC1;FGFR1,FGFR1b Ligand Binding and Activation
FGFR1c Ligand Binding and Activation,0.4091975,inf,inf,TGFBR3;GIPC1;FGFR1,FGFR1c Ligand Binding and Activation
Glycoprotein Hormones,0.4091975,inf,inf,INHBA;INHBC;INHBE,Glycoprotein Hormones
Loss of Function of FBXW7 in Cancer and NOTCH1 Signaling,0.4091975,inf,inf,NOTCH1;CUL1;SKP1,Loss of Function of FBXW7 in Cancer and NOTCH1 Signaling
Mitotic Telophase Cytokinesis,0.4091975,inf,inf,RAD21;SMC1A;SMC3,Mitotic Telophase Cytokinesis
Netrin Mediated Repulsion Signals,0.4091975,inf,inf,SRC;PTPN11;UNC5C,Netrin Mediated Repulsion Signals
RUNX3 Regulates Immune Response and Cell Migration,0.4091975,inf,inf,ITGA4;SPP1;ITGAL,RUNX3 Regulates Immune Response and Cell Migration
Regulation of NFE2L2 Gene Expression,0.4091975,inf,inf,NOTCH1;NFKB1;RELA,Regulation of NFE2L2 Gene Expression
"Sensory Perception of Sweet, Bitter, and Umami (Glutamate) Taste",0.4091975,inf,inf,GNB1;PLCB2;TRPM4,"Sensory Perception of Sweet, Bitter, and Umami (Glutamate) Taste"
Sensory Perception of Taste,0.4091975,inf,inf,GNB1;PLCB2;TRPM4,Sensory Perception of Taste
TFAP2A Acts as a Transcriptional Repressor During Retinoic Acid Induced Cell Differentiation,0.4091975,inf,inf,NPM1;NOP2;HSPD1,TFAP2A Acts as a Transcriptional Repressor During Retinoic Acid Induced Cell Differentiation
TP53 Regulates Transcription of Genes Involved in Cytochrome C Release,0.4091975,inf,inf,STEAP3;BAX;BID,TP53 Regulates Transcription of Genes Involved in Cytochrome C Release
p75NTR Regulates Axonogenesis,0.4091975,inf,inf,ARHGDIA;RHOA;RTN4,p75NTR Regulates Axonogenesis
RHOQ GTPase Cycle,0.4091975,1.459581,2.774429,STEAP3;TFRC;SNAP23;ARHGAP1;ARHGAP17;IQGAP1;SLC1A5;CDC42;PAK1;OPHN1;STOM;SRGAP2;PAK2;GIT1;GIT2;JUP;FNBP1;SCRIB;CDC42BPB;MPP7;TRIP10;GOPC;LAMTOR1;ARHGEF7;RAB7A;VAMP3,RHOQ GTPase Cycle
tRNA Aminoacylation,0.4091975,1.459581,2.774429,AARS1;KARS1;YARS1;NARS1;QARS1;IARS2;IARS1;VARS1;HARS1;RARS1;MARS1;DARS2;DARS1;WARS1;AIMP1;AIMP2;GARS1;SARS1;EPRS1;PPA2;LARS1;CARS1;FARSA;CARS2;TARS1;FARSB,tRNA Aminoacylation
Arachidonate Metabolism,0.4091975,1.616159,3.067598,CBR1;PON3;ABCC1;GPX1;GPX4;PTGES2;PON2;EPHX2;PTGES3;PON1;PLA2G4A;ALOX12;PTGR1;PTGS1;PRXL2B;MAPKAPK2;TBXAS1;PTGDS,Arachidonate Metabolism
Cooperation of PDCL (PhLP1) and TRiC CCT in G-protein Beta Folding,0.4091975,1.616159,3.067598,CCT3;CCT2;GNG12;GNG11;CCT6A;GNG2;GNG5;GNAQ;GNB2;CSNK2B;GNB1;TCP1;GNB4;CCT8;CCT7;CCT5;RGS6;CCT4,Cooperation of PDCL (PhLP1) and TRiC CCT in G-protein Beta Folding
Activation of GABAB Receptors,0.4091975,1.974503,3.737964,GNG2;GNG5;GNB2;GNB1;GNAI3;GNB4;GNG12;GNG11;ADCY6;GNAI1;GNAI2,Activation of GABAB Receptors
Basigin Interactions,0.4091975,1.974503,3.737964,ITGB1;SPN;SLC7A5;BSG;SLC3A2;ATP1B3;ITGA6;ATP1B1;L1CAM;SLC16A3;PPIA,Basigin Interactions
FLT3 Signaling in Disease,0.4091975,1.974503,3.737964,STAT5A;STAT5B;GOLGB1;MYO18A;PTPN11;GRB2;KRAS;PIK3R1;CBL;SPTBN1;BCL2L1,FLT3 Signaling in Disease
GABA B Receptor Activation,0.4091975,1.974503,3.737964,GNG2;GNG5;GNB2;GNB1;GNAI3;GNB4;GNG12;GNG11;ADCY6;GNAI1;GNAI2,GABA B Receptor Activation
Protein Hydroxylation,0.4091975,1.974503,3.737964,RWDD1;F9;ASPH;U2AF2;RPL27A;RPS6;DRG1;DRG2;ETF1;RPL8;RPS23,Protein Hydroxylation
Fatty Acid Metabolism,0.4091975,1.254729,2.368164,ACADVL;ACAA2;ECI1;ECI2;DBI;SCP2;CPT2;ACADM;ACAA1;HADH;PTGDS;ABCD1;ACADS;ACOT9;CBR1;ACOT8;CPT1A;PRKAB2;ABCC1;ACOT7;GPX1;GPX4;ACSL1;ACOT13;ACSL5;PLA2G4A;ACSL4;ACSL3;PTGR1;ALDH3A2;HADHB;ACLY;HADHA;PCCA;ACOX1;EHHADH;MAPKAPK2;PCCB;PON3;ECHS1;PON2;PON1;HSD17B4;ALOX12;HSD17B12;HACD3;HSD17B8;ACACA;HACD4;PTGS1;SLC25A20;DECR1;PTGES2;EPHX2;PTGES3;FASN;PRXL2B;TBXAS1;NDUFAB1;CRAT,Fatty Acid Metabolism
DCC Mediated Attractive Signaling,0.4091975,2.392813,4.502267,CDC42;ABLIM1;ABLIM3;SRC;FYN;RAC1;PTK2;NCK1,DCC Mediated Attractive Signaling
Gap Junction Assembly,0.4091975,2.392813,4.502267,TUBB6;TUBAL3;TUBB1;TUBB4B;TUBA4B;TUBB4A;TUBA4A;TUBA8,Gap Junction Assembly
Glycogen Breakdown (Glycogenolysis),0.4091975,2.392813,4.502267,PYGB;AGL;GAA;PHKB;PYGL;PHKA2;GYG1;PGM1,Glycogen Breakdown (Glycogenolysis)
Hyaluronan Metabolism,0.4091975,2.392813,4.502267,CEMIP;HEXB;HEXA;STAB2;CHP1;LYVE1;CD44;SLC9A1,Hyaluronan Metabolism
Interleukin-20 Family Signaling,0.4091975,2.392813,4.502267,STAT5A;STAT5B;STAT1;STAT3;PTPN11;JAK2;JAK3;JAK1,Interleukin-20 Family Signaling
Interleukin-27 Signaling,0.4091975,2.392813,4.502267,STAT1;CANX;EBI3;STAT3;IL6ST;JAK2;IL27RA;JAK1,Interleukin-27 Signaling
Interleukin-7 Signaling,0.4091975,2.392813,4.502267,STAT5A;STAT5B;STAT3;IRS2;PIK3R1;IL7R;JAK3;JAK1,Interleukin-7 Signaling
Long-term Potentiation,0.4091975,2.392813,4.502267,CAMK2B;CAMK2D;DLG1;ACTN2;SRC;CAMK2A;CAMK2G;NRGN,Long-term Potentiation
MAP3K8 (TPL2)-dependent MAPK1 3 Activation,0.4091975,2.392813,4.502267,IKBKB;MAP2K4;MAP2K1;CHUK;CUL1;IKBKG;NFKB1;SKP1,MAP3K8 (TPL2)-dependent MAPK1 3 Activation
Microtubule-dependent Trafficking of Connexons From Golgi to the Plasma Membrane,0.4091975,2.392813,4.502267,TUBB6;TUBAL3;TUBB1;TUBB4B;TUBA4B;TUBB4A;TUBA4A;TUBA8,Microtubule-dependent Trafficking of Connexons From Golgi to the Plasma Membrane
Mitochondrial Unfolded Protein Response (UPRmt),0.4091975,2.392813,4.502267,HSPA9;DNAJA1;CAT;LONP1;AKT1;HSPE1;SOD2;HSPD1,Mitochondrial Unfolded Protein Response (UPRmt)
Negative Regulation of NMDA Receptor-Mediated Neuronal Transmission,0.4091975,2.392813,4.502267,CAMK2B;CAMK2D;DLG1;ACTN2;CAMK2A;CAMK1;CAMK2G;PPM1F,Negative Regulation of NMDA Receptor-Mediated Neuronal Transmission
Regulation of Pyruvate Dehydrogenase (PDH) Complex,0.4091975,2.392813,4.502267,PDP1;PDHX;PDHA1;PDPR;PDHB;DLAT;DLD;PDK1,Regulation of Pyruvate Dehydrogenase (PDH) Complex
Signal Regulatory Protein Family Interactions,0.4091975,2.392813,4.502267,SRC;PTK2B;PTPN11;GRB2;PTPN6;CD47;PTK2;SKAP2,Signal Regulatory Protein Family Interactions
"Synthesis, Secretion, and Inactivation of Glucagon-like Peptide-1 (GLP-1)",0.4091975,2.392813,4.502267,DPP4;PCSK1;SPCS3;SPCS2;LEP;GNB1;CTNNB1;SEC11A,"Synthesis, Secretion, and Inactivation of Glucagon-like Peptide-1 (GLP-1)"
Termination of Translesion DNA Synthesis,0.4091975,2.392813,4.502267,PCNA;UBA7;USP10;RPA3;RPA1;TRIM25;RPA2;ISG15,Termination of Translesion DNA Synthesis
The NLRP3 Inflammasome,0.4091975,2.392813,4.502267,PANX1;APP;HSP90AB1;TXNIP;SUGT1;NFKB1;RELA;NFKB2,The NLRP3 Inflammasome
Transport of Connexons to the Plasma Membrane,0.4091975,2.392813,4.502267,TUBB6;TUBAL3;TUBB1;TUBB4B;TUBA4B;TUBB4A;TUBA4A;TUBA8,Transport of Connexons to the Plasma Membrane
Glycosaminoglycan Metabolism,0.4268782,1.273454,2.340444,SLC35B2;B4GALT1;CHPF;UXS1;HEXB;NCAN;HEXA;XYLT2;STAB2;HS6ST1;HS6ST3;CHP1;IDS;GLCE;OMD;BGN;HSPG2;DCN;BCAN;VCAN;B3GNT7;B3GNT2;CHST1;CD44;CHST3;CEMIP;SDC4;PRELP;GNS;SLC9A1;ACAN;CHST11;CHST12;GPC1;CHST15;ST3GAL6;GPC4;ST3GAL1;GPC6;B3GAT3;LUM;LYVE1;B4GAT1;GLB1;OGN;UST;SDC1;CSPG4;HPSE;AGRN;FMOD,Glycosaminoglycan Metabolism
DAP12 Signaling,0.430071,1.68313,3.076105,SYK;SHC1;PIK3CB;PIK3R1;HLA-E;LCK;GRAP2;PLCG2;BTK;FYN;GRB2;KRAS;LCP2;RAC1;LAT,DAP12 Signaling
Sensory Processing of Sound by Outer Hair Cells of the Cochlea,0.430071,1.68313,3.076105,MPP1;RDX;PCDH15;TWF2;TWF1;MSN;TRIOBP;MYO1C;EPB41L3;CDH23;MYH9;EZR;SPTAN1;SPTBN1;PLS1,Sensory Processing of Sound by Outer Hair Cells of the Cochlea
Cytoprotection by HMOX1,0.4359641,1.55081,2.810996,ABCC1;NDUFA4;COX4I1;HM13;STAT3;COX7A2;COX6A1;COX5B;COX6C;COX5A;COX6B1;COX7A2L;TBL1XR1;TXNIP;CYCS;MT-CO2;MT-CO3;BLVRA;HMOX2,Cytoprotection by HMOX1
O-linked Glycosylation,0.4362404,1.368861,2.478412,GALNT12;SPON2;SPON1;GALNT15;THBS2;THBS1;THSD1;GALNT10;ADAMTS5;MUC1;ADAMTS13;ADAMTS1;ADAMTSL4;ADAMTSL3;ADAMTSL2;DAG1;MUC13;ADAMTS8;ST3GAL1;GALNT7;ST6GAL1;GALNT5;MUCL1;GALNT2;GALNT1;POMGNT1;MUC5AC;B3GNT8;B4GAT1;B3GNT7;B3GNT2;MUC20,O-linked Glycosylation
Metabolism of Vitamins and Cofactors,0.4550888,1.224315,2.162864,VKORC1L1;ALDH1L1;SLC2A1;SLC2A3;PPCDC;GPHN;NADK2;NAPRT;NAMPT;AKT1;PRSS3;LDLRAP1;MCCC2;ABCC1;HSP90AA1;GSTO1;DCAKD;MCCC1;APOA2;APOA1;HSPG2;COASY;RBP4;BTD;MTHFD1;PCCA;PCCB;SDC4;LRP1;SHMT2;SHMT1;LPL;LRP8;ACACA;NT5E;NFS1;APOM;CYB5R3;TTR;PPCS;RDH11;GPC1;APOE;GPC4;APOB;GPC6;LDLR;AASDHPPT;NADK;CYB5A;MMAB;IDH1;MTHFR;APOC3;PARP10;VNN2;TCN1;FASN;APOC2;SDC1;ACO1;NAXD;AGRN;CD320,Metabolism of Vitamins and Cofactors
DNA Damage Bypass,0.4550888,1.794945,3.162846,DDB1;VCP;PCNA;WDR48;NPLOC4;UBA7;USP10;RPA3;RPA1;TRIM25;RPA2;ISG15,DNA Damage Bypass
G Beta Gamma Signalling Through PI3Kgamma,0.4550888,1.794945,3.162846,GNG2;GNG5;AKT2;GNB2;GNB1;GNB4;AKT1;GNG12;GNG11;PIK3CG;PIK3R6;RHOA,G Beta Gamma Signalling Through PI3Kgamma
Sema4D in Semaphorin Signaling,0.4550888,1.794945,3.162846,MYL6;ARHGEF12;ROCK1;RRAS;ROCK2;MYH14;MYH9;PLXNB1;RAC1;MYH10;MYL9;RHOA,Sema4D in Semaphorin Signaling
Nuclear Envelope (NE) Reassembly,0.4550888,1.347429,2.373223,TUBAL3;VPS4A;PPP2R2A;LMNB1;TUBB6;PPP2R1A;TUBB1;LMNA;BANF1;NUP43;TNPO1;EMD;LBR;TMPO;SEC13;IST1;RANGAP1;TUBB4B;LEMD2;TUBA4B;TUBB4A;SIRT2;TUBA4A;CDK1;CHMP2A;CHMP3;CHMP4B;CHMP4A;CHMP6;KPNB1;RAN;CC2D1B;TUBA8,Nuclear Envelope (NE) Reassembly
Chondroitin Sulfate Dermatan Sulfate Metabolism,0.4575335,1.436763,2.520876,CHPF;SDC4;B3GAT3;HEXB;NCAN;HEXA;XYLT2;BGN;HSPG2;DCN;BCAN;VCAN;CHST11;CHST12;GPC1;UST;CHST15;IDS;SDC1;CSPG4;GPC4;AGRN;GPC6;CHST3,Chondroitin Sulfate Dermatan Sulfate Metabolism
Metabolism of Carbohydrates,0.4580171,1.163301,2.038232,SLC35B2;CHPF;UXS1;XYLT2;ENO1;ENO2;HS6ST1;HS6ST3;PPP2R1A;CHP1;PRKACA;PRKACB;GYG1;NUP214;G6PD;GLCE;OMD;TALDO1;PGD;HSPG2;PHKA2;BCAN;SHPK;PGP;CEMIP;SDC4;GNS;FUT1;SLC9A1;TKFC;CHST11;CHST12;CHST15;PGK1;ST3GAL6;ST3GAL1;PHKB;DERA;B4GAT1;OGN;UST;SDC1;CRYL1;CSPG4;MAN2B1;HPSE;GALK1;GPI;PYGB;B4GALT1;ADPGK;HEXB;NCAN;HEXA;STAB2;SLC2A1;AKR1B1;PYGL;HK1;GYS1;IDS;PGM2;MAN2C1;PGLS;PGM1;SEC13;TPI1;GAA;PGAM1;DCXR;AKR1A1;BGN;SORD;PGM2L1;DCN;VCAN;PKM;B3GNT7;B3GNT2;CHST1;ALDOC;ALDOB;TKT;GAPDH;CD44;CHST3;PRPS2;PRELP;PPP2CB;ACAN;UGP2;GPC1;NUP43;GPC4;GPC6;B3GAT3;LUM;AGL;LYVE1;RPIA;PFKL;GLB1;AGRN;FMOD;PFKM;PFKP,Metabolism of Carbohydrates
RSV-host Interactions,0.4645179,1.496347,2.598605,BCAP31;CUL5;SDC4;LY96;EIF2AK2;ISG15;HSPG2;MAVS;MAP1B;GPC1;TRIM25;SDC1;ELOB;CD14;ELOC;GPC4;AGRN;GPC6;IFNAR1;JAK1,RSV-host Interactions
Interferon Gamma Signaling,0.4685031,1.370809,2.366987,CAMK2B;CAMK2D;CAMK2A;YBX1;IFI30;TRIM25;MAPK1;NCAM1;JAK2;TRIM21;CAMK2G;HLA-DPA1;JAK1;PTPN1;VCAM1;STAT1;PRKCD;HLA-B;HLA-C;PTPN11;HLA-A;HLA-E;OAS3;HLA-DPB1;PTPN6;HLA-DRB3;CD44;IRF9;HLA-DQB1,Interferon Gamma Signaling
Base Excision Repair,0.4686731,2.018871,3.450823,PCNA;PARP1;APEX1;RPA3;RPA1;TERF2IP;RPA2;XRCC1;ADPRS,Base Excision Repair
CS DS Degradation,0.4686731,2.018871,3.450823,BCAN;VCAN;HEXB;NCAN;HEXA;BGN;IDS;CSPG4;DCN,CS DS Degradation
Cytosolic Sulfonation of Small Molecules,0.4686731,2.018871,3.450823,SULT1A1;TPST2;SLC35B2;TPST1;PODXL2;SULT1E1;ABHD14B;BPNT2;BPNT1,Cytosolic Sulfonation of Small Molecules
Downregulation of TGF-beta Receptor Signaling,0.4686731,2.018871,3.450823,PPP1CB;SMAD2;PPP1CC;XPO1;TGFB1;STRAP;STUB1;UCHL5;PPP1CA,Downregulation of TGF-beta Receptor Signaling
Interleukin Receptor SHC Signaling,0.4686731,2.018871,3.450823,SHC1;INPPL1;GRB2;PTPN6;PIK3CB;PIK3R1;JAK2;JAK3;JAK1,Interleukin Receptor SHC Signaling
RHO GTPases Activate CIT,0.4686731,2.018871,3.450823,PPP1CB;MYL6;PPP1R12A;MYH14;MYH9;RAC1;MYH10;MYL9;RHOA,RHO GTPases Activate CIT
Anchoring Fibril Formation,0.4686731,2.691239,4.565805,COL1A1;BMP1;COL1A2;LAMA3;TLL2;TLL1,Anchoring Fibril Formation
Biotin Transport and Metabolism,0.4686731,2.691239,4.565805,MCCC2;BTD;PCCA;MCCC1;PCCB;ACACA,Biotin Transport and Metabolism
CLEC7A (Dectin-1) Induces NFAT Activation,0.4686731,2.691239,4.565805,PPP3CA;PPP3CB;PPP3R1;AHCYL1;ITPR1;ITPR2,CLEC7A (Dectin-1) Induces NFAT Activation
CRMPs in Sema3A Signaling,0.4686731,2.691239,4.565805,GSK3B;NRP1;FES;DPYSL2;FYN;PLXNA4,CRMPs in Sema3A Signaling
"Defective CHST14 Causes EDS, Musculocontractural Type",0.4686731,2.691239,4.565805,BCAN;VCAN;NCAN;BGN;CSPG4;DCN,"Defective CHST14 Causes EDS, Musculocontractural Type"
Defective CHSY1 Causes TPBS,0.4686731,2.691239,4.565805,BCAN;VCAN;NCAN;BGN;CSPG4;DCN,Defective CHSY1 Causes TPBS
Erythropoietin Activates Phosphoinositide-3-kinase (PI3K),0.4686731,2.691239,4.565805,LYN;IRS2;PIK3CB;PIK3R1;JAK2;PIK3CG,Erythropoietin Activates Phosphoinositide-3-kinase (PI3K)
Frs2-mediated Activation,0.4686731,2.691239,4.565805,MAP2K1;MAP2K2;RAP1A;YWHAB;MAPK1;CRKL,Frs2-mediated Activation
Heme Biosynthesis,0.4686731,2.691239,4.565805,ALAD;FECH;UROD;HMBS;CPOX;PPOX,Heme Biosynthesis
Kidney Development,0.4686731,2.691239,4.565805,ITGB1;LFNG;JAG1;CTNNB1;PCDH19;NPNT,Kidney Development
MAPK1 (ERK2) Activation,0.4686731,2.691239,4.565805,MAP2K2;MAPK1;PTPN11;IL6ST;JAK2;JAK1,MAPK1 (ERK2) Activation
MET Activates RAP1 and RAC1,0.4686731,2.691239,4.565805,RAP1A;DOCK7;GRB2;RAC1;CRK;CRKL,MET Activates RAP1 and RAC1
Regulation of IFNA IFNB Signaling,0.4686731,2.691239,4.565805,PTPN1;STAT1;PTPN11;PTPN6;JAK1;IFNAR1,Regulation of IFNA IFNB Signaling
Regulation of IFNG Signaling,0.4686731,2.691239,4.565805,PTPN1;STAT1;PTPN11;PTPN6;JAK2;JAK1,Regulation of IFNG Signaling
"Synthesis, Secretion, and Inactivation of Glucose-dependent Insulinotropic Polypeptide (GIP)",0.4686731,2.691239,4.565805,DPP4;PCSK1;SPCS3;SPCS2;SEC11A;GIP,"Synthesis, Secretion, and Inactivation of Glucose-dependent Insulinotropic Polypeptide (GIP)"
Amplification of Signal From Unattached Kinetochores via a MAD2 Inhibitory Signal,0.4686731,1.403043,2.378258,DYNC1I2;PPP1CC;PPP2CB;XPO1;PPP2R1A;NUP43;BUB3;CLASP2;DYNC1H1;NUDC;SEC13;NDE1;RCC2;PPP2R5A;RANGAP1;CKAP5;DYNC1LI1;CLIP1;DYNC1LI2;RPS27;KIF2A;ZW10;TAOK1;MAPRE1;PAFAH1B1,Amplification of Signal From Unattached Kinetochores via a MAD2 Inhibitory Signal
Amplification of Signal From the Kinetochores,0.4686731,1.403043,2.378258,DYNC1I2;PPP1CC;PPP2CB;XPO1;PPP2R1A;NUP43;BUB3;CLASP2;DYNC1H1;NUDC;SEC13;NDE1;RCC2;PPP2R5A;RANGAP1;CKAP5;DYNC1LI1;CLIP1;DYNC1LI2;RPS27;KIF2A;ZW10;TAOK1;MAPRE1;PAFAH1B1,Amplification of Signal From the Kinetochores
Heparan Sulfate Heparin (HS-GAG) Metabolism,0.4806259,1.450258,2.419828,SDC4;B3GAT3;NCAN;GLCE;XYLT2;BGN;HS6ST1;HSPG2;DCN;HS6ST3;BCAN;VCAN;GLB1;GPC1;IDS;SDC1;CSPG4;GPC4;HPSE;AGRN;GPC6,Heparan Sulfate Heparin (HS-GAG) Metabolism
Toll Like Receptor 4 (TLR4) Cascade,0.4834358,1.23864,2.057858,APP;ITGAM;ITGB2;HMGB1;IKBKB;RPS6KA3;TBK1;PPP2R1A;CD36;IKBKG;LBP;MAP3K7;SKP1;MAP2K3;FGB;IKBIP;MAP2K4;FGA;MAP2K1;DUSP3;CHUK;FGG;IRAK4;DNM1;DNM2;DNM3;MAPKAPK3;TRAF6;MAPKAPK2;BTK;UBE2V1;S100A9;OPTN;S100A8;USP14;NLRX1;CUL1;LY96;RELA;PPP2CB;PLCG2;S100A12;MAPK1;CD14;PTPN11;MAPK14;NFKB1;NFKB2;SAA1;TAB1;NFKBIB,Toll Like Receptor 4 (TLR4) Cascade
Interferon Signaling,0.4840376,1.171858,1.943885,EIF4A2;IFITM3;EIF4A1;IFITM2;EIF4A3;IFI35;YBX1;IFI30;IKBKB;TUBB6;PPP2R1A;TUBB1;TRIM25;KPNA4;IKBKG;JAK2;TRIM21;KPNA3;HLA-DPA1;JAK1;KPNA1;NCK1;NUP214;SEC13;CHUK;PRKCD;HLA-B;HLA-C;PPP2R5A;HLA-A;ILF2;TUBA4B;TUBA4A;HLA-E;DNAJC3;ILF3;PPM1B;OAS3;CD44;KPNB1;IRF9;HLA-DQB1;IFNAR1;CAMK2B;RNASEL;CAMK2D;UBA7;TUBAL3;CAMK2A;IFI6;PPP2CB;FLNA;MAPK1;FLNB;NCAM1;NUP43;CAMK2G;EIF4E;SNCA;HSPA8;PTPN1;NPM1;VCAM1;STAT1;STAT3;EIF2AK2;ISG15;PTPN11;TUBB4B;EIF2S2;TUBB4A;EIF2S1;PSMB8;BST2;MAVS;EIF2S3;HLA-DPB1;CDK1;PIN1;PTPN6;HLA-DRB3;ABCE1;EIF4G3;EIF4G2;EIF4G1;TUBA8,Interferon Signaling
mTORC1-mediated Signalling,0.484976,1.66668,2.757532,YWHAB;RPS6;MTOR;FKBP1A;RHEB;LAMTOR2;LAMTOR1;LAMTOR4;EIF4E;LAMTOR3;EIF4B;EIF4G1;LAMTOR5,mTORC1-mediated Signalling
Early SARS-CoV-2 Infection Events,0.484976,1.525939,2.520164,NRP1;DDX5;VCP;SDC4;FURIN;HSPG2;GPC1;CHMP2A;CHMP3;CHMP4B;SDC1;CHMP4A;PIK3C3;GPC4;AGRN;CHMP6;GPC6,Early SARS-CoV-2 Infection Events
FLT3 Signaling,0.484976,1.525939,2.520164,STAT5A;STAT5B;SYK;PTPRJ;PTPN11;PIK3R1;CBL;SLA2;HCK;LCK;AKT2;GRAP2;AKT1;CSK;FYN;GRB2;KRAS,FLT3 Signaling
Keratan Sulfate Keratin Metabolism,0.484976,1.525939,2.520164,B4GALT1;LUM;HEXB;HEXA;OMD;PRELP;GNS;ACAN;B3GNT7;B4GAT1;GLB1;OGN;B3GNT2;CHST1;ST3GAL6;FMOD;ST3GAL1,Keratan Sulfate Keratin Metabolism
DNA Repair,0.4861092,1.252427,2.063863,FTO;VCP;UBXN1;WDR48;PCNA;UBA7;USP10;GPS1;COPS7B;COPS7A;BRCC3;PRPF19;BABAM1;PPP4C;RUVBL1;SUMO2;TRIM25;ASCC2;POLR2H;AQR;XRCC6;USP7;PARP1;XRCC5;ACTL6A;RPA1;XRCC1;RPA2;ISG15;RAD23A;RAD23B;DDB1;COPS4;COPS3;PPP5C;COPS6;NPLOC4;COPS5;APEX1;RPA3;COPS2;UBE2V2;PPIE;TERF2IP;ADPRS;COPS8,DNA Repair
Cell-cell Junction Organization,0.4890959,1.373287,2.252798,CTNND1;F11R;CDH8;CDH6;CDH5;CDH3;CDH2;CDH1;CTNNA1;CADM1;JUP;CLDN5;SDK1;ILF3;CLDN3;CDH10;PARD3;CDH11;CDH13;CTNNB1;ANGPTL4;CDH15;CDH17;NECTIN2;SDK2;CDH19,Cell-cell Junction Organization
ADP Signalling Through P2Y Purinoceptor 12,0.5170489,1.794493,2.832197,GNG2;GNG5;GNB2;GNB1;GNAI3;GNB4;GNG12;GNG11;GNAI1;GNAI2,ADP Signalling Through P2Y Purinoceptor 12
Dectin-2 Family,0.5170489,1.794493,2.832197,LYN;MUC1;FCER1G;MUCL1;SYK;PLCG2;MUC13;FYN;MUC20;MUC5AC,Dectin-2 Family
HS-GAG Degradation,0.5170489,1.794493,2.832197,SDC4;GLB1;GPC1;IDS;SDC1;GPC4;HPSE;AGRN;HSPG2;GPC6,HS-GAG Degradation
Signaling by Cytosolic FGFR1 Fusion Mutants,0.5170489,1.794493,2.832197,STAT5A;BCR;STAT5B;STAT1;STAT3;FGFR1OP2;MYO18A;GRB2;PIK3R1;LRRFIP1,Signaling by Cytosolic FGFR1 Fusion Mutants
Triglyceride Catabolism,0.5170489,1.794493,2.832197,PPP1CB;PPP1CC;FABP5;GPD2;PLIN3;PLIN1;PRKACA;PRKACB;MGLL;PPP1CA,Triglyceride Catabolism
Ion Transport by P-type ATPases,0.5237235,1.570475,2.456429,CAMK2B;CAMK2D;ATP8A1;ATP13A1;CAMK2A;ATP2A3;ATP2A2;ATP1B3;ATP1A1;SRI;ATP2B1;ATP1B1;ATP2C1;CAMK2G,Ion Transport by P-type ATPases
DDX58 IFIH1-mediated Induction of Interferon-Alpha Beta,0.5268895,1.323162,2.04212,APP;HSP90AB1;NLRX1;UBA7;HMGB1;RELA;IKBKB;TBK1;TKFC;TRIM4;PCBP2;TRIM25;S100A12;IKBKG;ATG5;TOMM70;HSP90AA1;CHUK;ISG15;NFKB1;NFKB2;ITCH;MAVS;TRAF6;SAA1;PIN1;UBE2K;NFKBIB,DDX58 IFIH1-mediated Induction of Interferon-Alpha Beta
Cardiac Conduction,0.5268895,1.421125,2.15389,CAMK2B;CAMK2D;AHCYL1;CAMK2A;ITPR1;ATP2A3;ITPR2;ATP2A2;ATP1B3;ATP1A1;SRI;ATP2B1;ATP1B1;SLC8A3;STIM1;ASPH;PRKACA;CAMK2G;CES1,Cardiac Conduction
Peptide Ligand-Binding Receptors,0.5268895,1.421125,2.15389,APP;F2R;CXCR4;ECE1;PPBP;F2;NTS;CX3CL1;KNG1;HEBP1;GAL;XK;CCL5;PSAP;SAA1;TAC3;CCR4;F2RL3;PF4,Peptide Ligand-Binding Receptors
Beta-oxidation of Very Long Chain Fatty Acids,0.5268895,2.093118,3.166265,ACOT8;ACOX1;EHHADH;ECI2;HSD17B4;ACAA1;ABCD1,Beta-oxidation of Very Long Chain Fatty Acids
Caspase-mediated Cleavage of Cytoskeletal Proteins,0.5268895,2.093118,3.166265,DBNL;CASP6;CASP3;VIM;SPTAN1;ADD1;PLEC,Caspase-mediated Cleavage of Cytoskeletal Proteins
"Defective EXT1 Causes Exostoses 1, TRPS2 and CHDS",0.5268895,2.093118,3.166265,SDC4;GPC1;SDC1;GPC4;AGRN;HSPG2;GPC6,"Defective EXT1 Causes Exostoses 1, TRPS2 and CHDS"
Defective EXT2 Causes Exostoses 2,0.5268895,2.093118,3.166265,SDC4;GPC1;SDC1;GPC4;AGRN;HSPG2;GPC6,Defective EXT2 Causes Exostoses 2
Dermatan Sulfate Biosynthesis,0.5268895,2.093118,3.166265,BCAN;VCAN;NCAN;UST;BGN;CSPG4;DCN,Dermatan Sulfate Biosynthesis
EGR2 and SOX10-mediated Initiation of Schwann Cell Myelination,0.5268895,2.093118,3.166265,LAMA2;ADGRG6;DAG1;MBP;LAMB1;LAMC1;UTRN,EGR2 and SOX10-mediated Initiation of Schwann Cell Myelination
Free Fatty Acids Regulate Insulin Secretion,0.5268895,2.093118,3.166265,PLCB3;GNAQ;ACSL4;ACSL3;CD36;PLCB1;PLCB2,Free Fatty Acids Regulate Insulin Secretion
Glyoxylate Metabolism and Glycine Degradation,0.5268895,2.093118,3.166265,ALDH4A1;GRHPR;MRPS36;GOT2;OGDH;DLST;DLD,Glyoxylate Metabolism and Glycine Degradation
Hyaluronan Uptake and Degradation,0.5268895,2.093118,3.166265,HEXB;HEXA;STAB2;CHP1;LYVE1;CD44;SLC9A1,Hyaluronan Uptake and Degradation
Prolonged ERK Activation Events,0.5268895,2.093118,3.166265,MAP2K1;MAP2K2;RAP1A;YWHAB;MAPK1;CRK;CRKL,Prolonged ERK Activation Events
Purine Salvage,0.5268895,2.093118,3.166265,PNP;ADK;GMPR;AMPD2;HPRT1;DCK;APRT,Purine Salvage
Regulation of Localization of FOXO Transcription Factors,0.5268895,2.093118,3.166265,YWHAQ;YWHAB;AKT2;AKT1;SFN;YWHAZ;YWHAG,Regulation of Localization of FOXO Transcription Factors
Resolution of AP Sites via the Multiple-Nucleotide Patch Replacement Pathway,0.5268895,2.093118,3.166265,PCNA;PARP1;APEX1;RPA3;RPA1;RPA2;ADPRS,Resolution of AP Sites via the Multiple-Nucleotide Patch Replacement Pathway
SHC1 Events in ERBB2 Signaling,0.5268895,2.093118,3.166265,EGF;SHC1;PRKCD;PRKCA;GRB2;KRAS;PTPN12,SHC1 Events in ERBB2 Signaling
Signaling by Activin,0.5268895,2.093118,3.166265,SMAD2;DRAP1;TGFBR3;FST;MAPK1;INHBA;FSTL3,Signaling by Activin
Signaling by ERBB2 TMD JMD Mutants,0.5268895,2.093118,3.166265,HSP90AA1;EGF;SHC1;CDC37;ERBIN;GRB2;KRAS,Signaling by ERBB2 TMD JMD Mutants
ATF6 (ATF6-alpha) Activates Chaperone Genes,0.5268895,3.587419,5.374858,HSPA5;CALR;ATF6;HSP90B1,ATF6 (ATF6-alpha) Activates Chaperone Genes
ATF6 (ATF6-alpha) Activates Chaperones,0.5268895,3.587419,5.374858,HSPA5;CALR;ATF6;HSP90B1,ATF6 (ATF6-alpha) Activates Chaperones
Activated NTRK2 Signals Through FYN,0.5268895,3.587419,5.374858,NTRK2;SRC;FYN;RAC1,Activated NTRK2 Signals Through FYN
Activation of PPARGC1A (PGC-1alpha) by Phosphorylation,0.5268895,3.587419,5.374858,PRKAB2;PRKAG1;MAPK14;PRKAB1,Activation of PPARGC1A (PGC-1alpha) by Phosphorylation
Adenylate Cyclase Inhibitory Pathway,0.5268895,3.587419,5.374858,GNAI3;ADCY6;GNAI1;GNAI2,Adenylate Cyclase Inhibitory Pathway
"BMAL1 CLOCK,NPAS2 Activates Circadian Gene Expression",0.5268895,3.587419,5.374858,F7;TBL1XR1;SERPINE1;NAMPT,"BMAL1 CLOCK,NPAS2 Activates Circadian Gene Expression"
CaMK IV-mediated Phosphorylation of CREB,0.5268895,3.587419,5.374858,CAMK2B;CAMK2D;CAMK2A;CAMK2G,CaMK IV-mediated Phosphorylation of CREB
Coenzyme A Biosynthesis,0.5268895,3.587419,5.374858,PPCS;DCAKD;COASY;PPCDC,Coenzyme A Biosynthesis
Constitutive Signaling by NOTCH1 t(7;9)(NOTCH1 M1580 K2555) Translocation Mutant,0.5268895,3.587419,5.374858,ADAM17;JAG1;NOTCH1;ADAM10,Constitutive Signaling by NOTCH1 t(7;9)(NOTCH1 M1580 K2555) Translocation Mutant
ERBB2 Regulates Cell Motility,0.5268895,3.587419,5.374858,DIAPH1;EGF;MEMO1;RHOA,ERBB2 Regulates Cell Motility
Fanconi Anemia Pathway,0.5268895,3.587419,5.374858,WDR48;RPA3;RPA1;RPA2,Fanconi Anemia Pathway
Ficolins Bind to Repetitive Carbohydrate Structures on the Target Cell Surface,0.5268895,3.587419,5.374858,FCN1;FCN3;MASP2;MASP1,Ficolins Bind to Repetitive Carbohydrate Structures on the Target Cell Surface
Glycogen Synthesis,0.5268895,3.587419,5.374858,GYS1;UGP2;GYG1;PGM1,Glycogen Synthesis
HDL Assembly,0.5268895,3.587419,5.374858,BMP1;APOA1;PRKACA;PRKACB,HDL Assembly
Josephin Domain DUBs,0.5268895,3.587419,5.374858,ATXN3;VCP;RAD23A;RAD23B,Josephin Domain DUBs
Maturation of Spike Protein 9683686,0.5268895,3.587419,5.374858,GANAB;PRKCSH;CANX;MGAT1,Maturation of Spike Protein 9683686
NFE2L2 Regulates Pentose Phosphate Pathway Genes,0.5268895,3.587419,5.374858,G6PD;TALDO1;PGD;TKT,NFE2L2 Regulates Pentose Phosphate Pathway Genes
PI5P Regulates TP53 Acetylation,0.5268895,3.587419,5.374858,PIN1;PIP4K2A;PIP4K2B;PIP4K2C,PI5P Regulates TP53 Acetylation
Phase 0 - Rapid Depolarisation,0.5268895,3.587419,5.374858,CAMK2B;CAMK2D;CAMK2A;CAMK2G,Phase 0 - Rapid Depolarisation
Pre-NOTCH Processing in the Endoplasmic Reticulum,0.5268895,3.587419,5.374858,NOTCH2;NOTCH3;NOTCH1;POGLUT1,Pre-NOTCH Processing in the Endoplasmic Reticulum
Processive Synthesis on the Lagging Strand,0.5268895,3.587419,5.374858,PCNA;RPA3;RPA1;RPA2,Processive Synthesis on the Lagging Strand
"Regulation of TBK1, IKK? (IKBKE)-mediated Activation of IRF3, IRF7",0.5268895,3.587419,5.374858,TBK1;LY96;CD14;OPTN,"Regulation of TBK1, IKK? (IKBKE)-mediated Activation of IRF3, IRF7"
Release of Apoptotic Factors From the Mitochondria,0.5268895,3.587419,5.374858,GSDMD;DIABLO;BAX;CYCS,Release of Apoptotic Factors From the Mitochondria
Removal of the Flap Intermediate,0.5268895,3.587419,5.374858,PCNA;RPA3;RPA1;RPA2,Removal of the Flap Intermediate
Signaling by NOTCH1 t(7;9)(NOTCH1 M1580 K2555) Translocation Mutant,0.5268895,3.587419,5.374858,ADAM17;JAG1;NOTCH1;ADAM10,Signaling by NOTCH1 t(7;9)(NOTCH1 M1580 K2555) Translocation Mutant
Synthesis of PG,0.5268895,3.587419,5.374858,DUSP23;PLD4;PLD3;CDS2,Synthesis of PG
Transport of RCbl Within the Body,0.5268895,3.587419,5.374858,ABCC1;TCN1;LDLRAP1;CD320,Transport of RCbl Within the Body
VLDL Assembly,0.5268895,3.587419,5.374858,MTTP;APOC4;P4HB;APOB,VLDL Assembly
rRNA Processing in the Nucleus and Cytosol,0.5279376,1.190964,1.780526,RPL5;RPL30;RPL3;RPL31;RPL34;RPLP1;RPLP0;THUMPD1;RPL8;WDR43;RPL7;RPS4X;RPS14;RPL7A;RPS17;RPL18A;RPS19;RPS18;RPL35;RPLP2;RPL38;RPS11;RPS10;RPS8;RPL23;RPS5;RPL22;RPS6;RPSA;RPS3A;NCL;RPL24;RPL27;RPL29;RPL28;RPL12;RPL11;NOP2;RPS15A;RPS3;RPL13;RPL15;RPS2;RPL17;RPL19;NOP56;NOP58;RIOK3;RPL35A;RPL23A;RPS28;RPS27;RPL27A;RPS20;RPS21;RPS24;RPS23,rRNA Processing in the Nucleus and Cytosol
Pre-NOTCH Expression and Processing,0.5316383,1.495641,2.223735,NOTCH2;NOTCH3;B4GALT1;POGLUT1;NOTCH1;SEL1L;ATP2A3;ATP2A2;FURIN;RFNG;LFNG;MFNG;TMED2;ST3GAL6;RAB6A,Pre-NOTCH Expression and Processing
Activation of Kainate Receptors Upon Glutamate Binding,0.5357012,1.644899,2.425037,DLG1;PLCB3;GNG2;GNG5;GNB2;GNB1;GNB4;GNG12;PLCB1;GNG11;PLCB2,Activation of Kainate Receptors Upon Glutamate Binding
GABA Receptor Activation,0.5357012,1.644899,2.425037,GNG2;GNG5;GNB2;GNB1;GNAI3;GNB4;GNG12;GNG11;ADCY6;GNAI1;GNAI2,GABA Receptor Activation
Platelet Sensitization by LDL,0.5357012,1.644899,2.425037,FGR;PPP2CB;PPP2R1A;PECAM1;PLA2G4A;PPP2R5A;PTPN11;PTPN6;MAPK14;APOB;LRP8,Platelet Sensitization by LDL
Signaling by Retinoic Acid,0.5357012,1.644899,2.425037,ADH4;PDHX;PDHA1;CRABP2;FABP5;RDH11;PDHB;DLAT;DLD;PDK1;DHRS4,Signaling by Retinoic Acid
Aerobic Respiration and Respiratory Electron Transport,0.5417975,1.124014,1.643011,NDUFA13;NDUFA11;NDUFA12;NDUFA10;COX6A1;PDK1;PDHX;SDHA;SDHB;COX6B1;COX7A2L;UQCRC1;SUCLG2;MT-CO2;SUCLG1;VDAC1;MT-CO3;UQCRC2;NDUFB10;UQCRB;NDUFB11;GLO1;COX7A2;ACAT1;LDHB;LDHA;ATP5MK;ATP5MJ;CYC1;NDUFV2;ATP5MG;NDUFV1;ATP5MF;ATP5ME;DMAC2L;HSPA9;SURF1;PDHA1;GOT2;IDH2;CS;UQCRQ;NDUFAF2;OGDH;CYCS;ACO2;COX4I1;ETFA;ETFB;MT-ATP6;NNT;IDH3B;ME1;DLAT;ME2;IDH3A;ACAD9;NDUFS8;PKM;NDUFS7;NDUFS5;NDUFS4;NDUFS3;NDUFS2;PGAM5;NDUFS1;HAGH;DLD;SLC25A11;SLC25A13;FH;WDR26;MRPS36;NDUFB3;ETFDH;DLST;NDUFB1;UQCR11;UQCR10;PDHB;COX5B;COX5A;ATP5F1A;NFS1;ATP5F1B;PDPR;NDUFA9;ATP5PF;NDUFA8;NDUFA7;ATP5PD;FAHD1;NDUFA6;MDH1;NDUFA5;ATP5PB;MDH2;IDH3G;NDUFA4;NDUFA2;ATP5F1C;COX6C;ATP5F1D;LETM1;PDP1;PNKD;SUCLA2;GID8;NDUFAB1;ATP5PO,Aerobic Respiration and Respiratory Electron Transport
MyD88 MAL(TIRAP) Cascade Initiated on Plasma Membrane,0.5433963,1.227339,1.787423,APP;USP14;NLRX1;CUL1;LY96;HMGB1;RELA;IKBKB;RPS6KA3;PPP2CB;PPP2R1A;S100A12;MAPK1;CD14;CD36;IKBKG;MAP3K7;SKP1;MAP2K3;FGB;IKBIP;MAP2K4;FGA;MAP2K1;DUSP3;CHUK;FGG;IRAK4;MAPK14;NFKB1;NFKB2;MAPKAPK3;TRAF6;MAPKAPK2;BTK;SAA1;UBE2V1;TAB1;S100A9;S100A8;NFKBIB,MyD88 MAL(TIRAP) Cascade Initiated on Plasma Membrane
Toll Like Receptor TLR6 TLR2 Cascade,0.5433963,1.227339,1.787423,APP;USP14;NLRX1;CUL1;LY96;HMGB1;RELA;IKBKB;RPS6KA3;PPP2CB;PPP2R1A;S100A12;MAPK1;CD14;CD36;IKBKG;MAP3K7;SKP1;MAP2K3;FGB;IKBIP;MAP2K4;FGA;MAP2K1;DUSP3;CHUK;FGG;IRAK4;MAPK14;NFKB1;NFKB2;MAPKAPK3;TRAF6;MAPKAPK2;BTK;SAA1;UBE2V1;TAB1;S100A9;S100A8;NFKBIB,Toll Like Receptor TLR6 TLR2 Cascade
Synthesis of Substrates in N-glycan Biosythesis,0.5443834,1.320092,1.918495,MPI;NPL;HK1;GMPPB;GMDS;GMPPA;NEU1;PGM3;ST8SIA4;ST8SIA5;ST3GAL6;GFUS;NANS;ST3GAL1;CTSA;ST6GAL1;ST6GAL2;ALG5;GFPT1;PMM2;RENBP;DPM1;NAGK;GLB1;MVD,Synthesis of Substrates in N-glycan Biosythesis
"Cell Cycle, Mitotic",0.5488053,1.1065,1.597779,PPP2R2A;SMC3;PSMD8;PPP1CB;GOLGA2;PPP1CC;PSMD6;TUBB6;PSMD7;PPP2R1A;PPME1;AKT2;PSMD2;PSMD3;TUBB1;AKT1;PSMD1;BANF1;PRKACA;SKP1;TMPO;NUP214;RAB2A;PRKCB;IST1;PRKCA;LEMD2;TUBA4B;TUBA4A;EML4;DYNC1LI1;DYNC1LI2;CLIP1;ZW10;CSNK2B;CHMP4B;CHMP4A;OPTN;KPNB1;PSMD12;SET;PSMD11;PSMD14;TUBGCP2;PSMD13;CUL1;PRKAR2B;RAD21;LYN;NEK9;RCC2;RPS27;CDK1;CHMP2A;TUBGCP3;TUBA8;CC2D1B;YWHAE;GSK3B;HSP90AB1;MCM7;NUMA1;LMNB1;ACTR1A;XPO1;ENSA;JAK2;TNPO1;EMD;LBR;RAB8A;YWHAG;NUDC;HSP90AA1;SEC13;PPP1R12A;TUBB;PPP2R5A;RANGAP1;SMC1A;CKAP5;SIRT2;PSMA5;PSMA6;PSMA3;PSMA4;PSMA1;KIF2A;PSMA2;GORASP2;CHMP3;MCM6;MAPRE1;CHMP6;PAFAH1B1;MCM2;RAB1A;DYNC1I2;PCNA;DCTN2;TUBAL3;SRC;DCTN1;RAB1B;USO1;VPS4A;DCTN3;PSMA7;PSMB6;PSMB7;PPP2CB;PSMB4;PSMB5;PSMB2;RBBP4;PSMB3;PSMB1;LMNA;MAPK1;NUP43;BUB3;CLASP2;DYNC1H1;NDE1;ADRM1;RPA1;RPA2;TUBB4B;TUBB4A;PSMC5;PSMC6;PSMC3;PSMC4;PSMC1;TAOK1;RPA3;PSMC2;LPIN2;RAN,"Cell Cycle, Mitotic"
RNA Polymerase II Transcription,0.5532445,1.086766,1.559204,EIF4A3;SERPINE1;GLS;PSMD8;LGALS3;PSMD6;PSMD7;TRIM28;PPP2R1A;AKT2;PSMD2;PSMD3;NAMPT;AKT1;PSMD1;PIP4K2A;PIP4K2B;PIP4K2C;PRKACA;SKP1;PRKAB2;SMARCC2;PRKCB;PRKAB1;SRRM1;CLDN5;COX7A2L;SARNP;CSNK2B;TXNIP;MT-CO2;PRKCQ;MT-CO3;MYL9;PRDX2;PRDX1;SFN;APOE;JAG1;PRDX6;COL1A1;COL1A2;PAF1;GPI;MSTN;PRKAG1;CHM;XPO1;TNKS1BP1;ELOB;ELOC;PRMT5;PARP1;PRMT1;ACTL6A;GP1BA;PSMA5;PSMA6;PSMA3;PSMA4;PSMA1;PSMA2;KIT;PCNA;SRRT;HTT;COX5B;COX5A;PSMA7;RELA;PSMB6;PSMB7;PPP2CB;PSMB4;PSMB5;PSMB2;PSMB3;PSMB1;SPP1;BID;NPM1;STAT1;USP9X;GSR;RPA1;RPA2;COX6C;TJP1;NUDT21;PSMC5;ITCH;PSMC6;PSMC3;PSMC4;TTC5;PSMC1;RPA3;PSMC2;CTNNB1;LAMTOR2;LAMTOR1;LAMTOR4;LAMTOR3;LAMTOR5;PF4;STEAP3;ITGA2B;COX6A1;IGFBP1;G6PD;USP7;IGFBP3;NRBP1;COX6B1;TBL1XR1;SRSF3;SNRPE;SNRPF;SRSF7;FKBP5;NOTCH2;CSF1R;NOTCH3;PSMD12;PSMD11;NOTCH1;PSMD14;RBM8A;PSMD13;NOP2;CUL1;COX7A2;NDRG1;ATXN3;RPRD1B;PLXNA4;SMAD2;CPSF7;TGFB1;CBX3;NFKB1;RGCC;TP53I3;CNOT11;CNOT1;RHEB;CDK1;PIN1;CYCS;YWHAE;GSK3B;YWHAB;COX4I1;PTEN;CHD4;SLC2A3;YBX1;ITGAL;YWHAQ;CASP6;LBR;YWHAG;YWHAH;RBM14;ITGA4;RABGGTB;RABGGTA;YWHAZ;PPM1A;CAT;ITGA5;CAMK2B;PRKAA1;CAMK2D;SRC;SRSF1;CAMK2A;FURIN;THBS1;HDAC6;HSPD1;RBBP4;U2AF2;MAPK1;POLR2H;CAMK2G;SMARCE1;PTPN1;NDUFA4;TXNRD1;ADRM1;PTPN11;MAPK14;SOD2;MTOR;BAX;STUB1;KRAS,RNA Polymerase II Transcription
Phase II - Conjugation of Compounds,0.5595923,1.265043,1.798392,SLC35B2;AHCY;PODXL2;UXS1;MGST3;MGST1;MAT2B;COMT;OPLAH;CNDP2;SULT1A1;ABHD10;UGP2;MAT2A;SULT1E1;ESD;BPNT2;BPNT1;GSTK1;GSTM3;GGT7;GSTM2;GSTO1;AKR1A1;ABHD14B;TPST2;GGCT;TPST1;UGDH;GCLM;UGT2B7,Phase II - Conjugation of Compounds
EPH-ephrin Mediated Repulsion of Cells,0.5595923,1.435769,2.038308,LYN;SRC;CLTC;CLTB;CLTA;ADAM10;AP2A1;AP2B1;AP2A2;MMP9;DNM1;EFNB1;AP2S1;FYN;RAC1;AP2M1,EPH-ephrin Mediated Repulsion of Cells
Signal Amplification,0.5595923,1.435769,2.038308,SRC;GNAI3;PLA2G4A;GNG12;MAPK14;GNG11;GNAI1;GNAI2;GNA13;GNG2;GNG5;TBXA2R;GNAQ;GNB2;GNB1;GNB4,Signal Amplification
Insertion of Tail-Anchored Proteins Into the Endoplasmic Reticulum Membrane,0.5757406,1.538037,2.136464,UBL4A;ALDH3A2;BAG6;APP;CYB5A;PRNP;VAPA;SGTA;STX5;SEC61B;GET3;EMD,Insertion of Tail-Anchored Proteins Into the Endoplasmic Reticulum Membrane
Crosslinking of Collagen Fibrils,0.5757406,1.794043,2.480721,COL1A1;BMP1;COL1A2;LOX;LOXL3;TLL2;TLL1;LOXL1,Crosslinking of Collagen Fibrils
Evasion by RSV of Host Interferon Responses,0.5757406,1.794043,2.480721,MAVS;CUL5;TRIM25;EIF2AK2;ELOB;ELOC;JAK1;IFNAR1,Evasion by RSV of Host Interferon Responses
G Beta Gamma Signalling Through BTK,0.5757406,1.794043,2.480721,GNG2;GNG5;GNB2;GNB1;BTK;GNB4;GNG12;GNG11,G Beta Gamma Signalling Through BTK
Prostacyclin Signalling Through Prostacyclin Receptor,0.5757406,1.794043,2.480721,GNG2;GNG5;GNB2;GNB1;GNAS;GNB4;GNG12;GNG11,Prostacyclin Signalling Through Prostacyclin Receptor
Resolution of Abasic Sites (AP Sites),0.5757406,1.794043,2.480721,PCNA;PARP1;APEX1;RPA3;RPA1;RPA2;XRCC1;ADPRS,Resolution of Abasic Sites (AP Sites)
Signaling by Hippo,0.5757406,1.794043,2.480721,YWHAE;TJP1;YWHAB;CASP3;STK4;SAV1;STK3;TJP2,Signaling by Hippo
Translation,0.5768039,1.100028,1.517717,EIF4A2;EIF4A1;RPL5;SRP19;RPL30;RPL3;RPL31;RPL34;RPL8;APEH;SRP14;YARS1;RPL7;EEF1B2;RPS14;RPS17;RPL18A;RPS19;NARS1;RPS18;RPL35;RPL38;RPS11;RPS10;RARS1;RPS8;RPL23;RPS5;RPL22;RPS6;RPSA;TUFM;PPA2;LARS1;EEF1A2;RPL24;RPL27;RPL29;CARS1;RPL28;TARS1;CARS2;AARS1;RPN2;MRPL18;MRPL19;RPN1;MRPL12;GSPT2;GSPT1;MRPL11;SSR1;VARS1;EIF2B5;EIF2B4;HARS1;EIF2B3;EIF2B2;EEF2;EIF2S2;EIF2S1;AIMP1;AIMP2;RPS28;EIF5;RPS27;EIF2S3;EPRS1;RPL27A;SRPRA;SRPRB;RPS20;FARSA;RPS21;RPS24;FARSB;RPS23;EIF4G1;GFM1;RPLP1;RPLP0;RPS4X;RPL7A;SEC61A1;QARS1;RPLP2;SEC61B;EIF2B1;EIF5B;MRPS27;SSR4;MARS1;DARS2;RPS3A;SRP9;DARS1;DDOST;EEF1G;SARS1;EEF1D;ETF1;PABPC1;KARS1;MRPS36;RPL12;RPL11;RPS15A;RPS3;EIF4H;RPL13;IARS2;RPL15;RPS2;IARS1;RPL17;EIF4E;SEC11A;EIF4B;RPL19;RPL35A;RPL23A;WARS1;GARS1;SPCS3;SPCS2;EIF3M;EIF3K;EIF3L;EIF3I;EIF3J;EIF3G;EIF3H;EIF3E;EIF3F;EIF3D;EIF3A;EIF3B,Translation
Regulation of Cholesterol Biosynthesis by SREBP (SREBF),0.5872122,1.386777,1.88688,IDI1;FDPS;SEC23A;GGPS1;HMGCS1;SAR1B;LSS;ACACA;TBL1XR1;FASN;PMVK;MVD;DHCR7;SEC24D;SEC24C;KPNB1;RAN,Regulation of Cholesterol Biosynthesis by SREBP (SREBF)
Toll-like Receptor Cascades,0.6006187,1.157589,1.541382,APP;ITGAM;ITGB2;HMGB1;CTSS;EEA1;IKBKB;RPS6KA3;TBK1;PPP2R1A;CD36;IKBKG;LBP;MAP3K7;SKP1;CTSB;MAP2K3;FGB;IKBIP;MAP2K4;FGA;MAP2K1;DUSP3;CHUK;FGG;IRAK4;DNM1;DNM2;DNM3;MAPKAPK3;TRAF6;MAPKAPK2;BTK;PIK3C3;UBE2V1;S100A9;OPTN;S100A8;USP14;NLRX1;CUL1;LY96;RELA;HSP90B1;PPP2CB;PLCG2;S100A12;MAPK1;CD14;APOB;GSDMD;PTPN11;MAPK14;NFKB1;NFKB2;SAA1;TAB1;NFKBIB,Toll-like Receptor Cascades
HSF1-dependent Transactivation,0.6006187,1.457884,1.920888,CAMK2B;HSPA8;CAMK2D;HSP90AA1;HSP90AB1;MRPL18;PTGES3;CAMK2A;MTOR;HSPH1;SERPINH1;FKBP4;CAMK2G,HSF1-dependent Transactivation
RET Signaling,0.6006187,1.457884,1.920888,SHC1;SRC;IRS2;PRKCA;PTPN11;PIK3CB;PIK3R1;DOK1;DOK2;GRB2;PRKACA;PRKACB;PDLIM7,RET Signaling
Signaling by FGFR1 in Disease,0.6006187,1.457884,1.920888,STAT5A;STAT5B;STAT1;STAT3;PIK3R1;ERLIN2;BCR;FGFR1OP2;MYO18A;GRB2;KRAS;LRRFIP1;FGFR1,Signaling by FGFR1 in Disease
VEGFR2 Mediated Vascular Permeability,0.6006187,1.457884,1.920888,HSP90AA1;JUP;CTNND1;MTOR;VAV1;CDH5;PAK1;AKT2;CTNNA1;AKT1;CTNNB1;RAC1;PAK2,VEGFR2 Mediated Vascular Permeability
Peptide Hormone Metabolism,0.6006187,1.239468,1.608686,ACHE;PCSK1;CTSZ;DPP4;KIF5B;CTSG;CTSD;SEC11A;EXOC8;EXOC7;ATP6AP2;MYO5A;IGF1;INHBA;INHBC;GIP;INHBE;SPCS3;SPCS2;LEP;GNB1;EXOC4;EXOC3;CPE;CTNNB1;P4HB;EXOC2;CES1;EXOC1,Peptide Hormone Metabolism
"Activation of IRF3, IRF7 Mediated by TBK1, IKK? (IKBKE)",0.6006187,2.242063,2.904286,TBK1;LY96;PTPN11;CD14;OPTN,"Activation of IRF3, IRF7 Mediated by TBK1, IKK? (IKBKE)"
Calcineurin Activates NFAT,0.6006187,2.242063,2.904286,FKBP1A;PPP3CA;PPP3CB;PPP3R1;PPIA,Calcineurin Activates NFAT
Cellular Response to Mitochondrial Stress,0.6006187,2.242063,2.904286,STOML2;EIF2S3;EIF2S2;EIF2S1;PHB2,Cellular Response to Mitochondrial Stress
Elevation of Cytosolic Ca2+ Levels,0.6006187,2.242063,2.904286,TRPC6;STIM1;P2RX1;ITPR1;ITPR2,Elevation of Cytosolic Ca2+ Levels
Gap-filling DNA Repair Synthesis and Ligation in GG-NER,0.6006187,2.242063,2.904286,PCNA;RPA3;RPA1;RPA2;XRCC1,Gap-filling DNA Repair Synthesis and Ligation in GG-NER
Glucuronidation,0.6006187,2.242063,2.904286,UGDH;ABHD10;UGP2;UXS1;UGT2B7,Glucuronidation
Integration of Provirus,0.6006187,2.242063,2.904286,XRCC6;XRCC5;BANF1;PPIA;KPNA1,Integration of Provirus
Lipophagy,0.6006187,2.242063,2.904286,HSPA8;PRKAB2;PRKAG1;PLIN3;PRKAB1,Lipophagy
NF-kB Is Activated and Signals Survival,0.6006187,2.242063,2.904286,IKBKB;TRAF6;SQSTM1;NFKB1;RELA,NF-kB Is Activated and Signals Survival
Reduction of Cytosolic Ca++ Levels,0.6006187,2.242063,2.904286,SLC8A3;ATP2A3;ATP2A2;ATP2B1;SRI,Reduction of Cytosolic Ca++ Levels
TGF-beta Receptor Signaling in EMT (Epithelial to Mesenchymal Transition),0.6006187,2.242063,2.904286,FKBP1A;TGFB1;PARD3;F11R;RHOA,TGF-beta Receptor Signaling in EMT (Epithelial to Mesenchymal Transition)
Urea Cycle,0.6006187,2.242063,2.904286,SLC25A15;CPS1;ARG1;ASL;ASS1,Urea Cycle
Toll Like Receptor 2 (TLR2) Cascade,0.6006187,1.187368,1.533381,APP;USP14;NLRX1;CUL1;LY96;HMGB1;RELA;IKBKB;RPS6KA3;PPP2CB;PPP2R1A;S100A12;MAPK1;CD14;CD36;IKBKG;MAP3K7;SKP1;MAP2K3;FGB;IKBIP;MAP2K4;FGA;MAP2K1;DUSP3;CHUK;FGG;IRAK4;MAPK14;NFKB1;NFKB2;MAPKAPK3;TRAF6;MAPKAPK2;BTK;SAA1;UBE2V1;TAB1;S100A9;S100A8;NFKBIB,Toll Like Receptor 2 (TLR2) Cascade
Toll Like Receptor TLR1 TLR2 Cascade,0.6006187,1.187368,1.533381,APP;USP14;NLRX1;CUL1;LY96;HMGB1;RELA;IKBKB;RPS6KA3;PPP2CB;PPP2R1A;S100A12;MAPK1;CD14;CD36;IKBKG;MAP3K7;SKP1;MAP2K3;FGB;IKBIP;MAP2K4;FGA;MAP2K1;DUSP3;CHUK;FGG;IRAK4;MAPK14;NFKB1;NFKB2;MAPKAPK3;TRAF6;MAPKAPK2;BTK;SAA1;UBE2V1;TAB1;S100A9;S100A8;NFKBIB,Toll Like Receptor TLR1 TLR2 Cascade
Carboxyterminal Post-Translational Modifications of Tubulin,0.6006187,1.614586,2.073869,TUBB6;TUBAL3;TUBB1;TTLL12;TUBB4B;TUBA4B;TUBB4A;TUBA4A;TUBA8,Carboxyterminal Post-Translational Modifications of Tubulin
Glucagon-type Ligand Receptors,0.6006187,1.614586,2.073869,GNG2;GNG5;GNB2;GNB1;GNAS;GNB4;GNG12;GNG11;GIP,Glucagon-type Ligand Receptors
SARS-CoV-1 Targets Host Intracellular Signalling and Regulatory Pathways,0.6006187,1.614586,2.073869,YWHAE;PSMC6;YWHAQ;YWHAB;SERPINE1;SFN;YWHAZ;YWHAG;YWHAH,SARS-CoV-1 Targets Host Intracellular Signalling and Regulatory Pathways
Signaling by ERBB2 in Cancer,0.6006187,1.614586,2.073869,HSP90AA1;SHC1;EGF;CDC37;ERBIN;GRB2;KRAS;PIK3R1;PTPN12,Signaling by ERBB2 in Cancer
VEGFR2 Mediated Cell Proliferation,0.6006187,1.614586,2.073869,AHCYL1;PRKCB;SRC;RASA1;PRKCD;ITPR1;ITPR2;PRKCA;KRAS,VEGFR2 Mediated Cell Proliferation
Assembly and Release of Respiratory Syncytial Virus (RSV) Virions,0.6006187,inf,inf,HSP90AA1;HSP90AB1,Assembly and Release of Respiratory Syncytial Virus (RSV) Virions
Assembly of Viral Components at the Budding Site,0.6006187,inf,inf,CANX;CALR,Assembly of Viral Components at the Budding Site
Biosynthesis of Lipoxins (LX),0.6006187,inf,inf,ALOX12;PTGR1,Biosynthesis of Lipoxins (LX)
Entry of Influenza Virion Into Host Cell via Endocytosis,0.6006187,inf,inf,CLTC;CLTA,Entry of Influenza Virion Into Host Cell via Endocytosis
Epithelial-Mesenchymal Transition (EMT) During Gastrulation,0.6006187,inf,inf,CDH1;FGFR1,Epithelial-Mesenchymal Transition (EMT) During Gastrulation
FGFR2 Ligand Binding and Activation,0.6006187,inf,inf,FGFBP2;FGFR2,FGFR2 Ligand Binding and Activation
FGFR2b Ligand Binding and Activation,0.6006187,inf,inf,FGFBP2;FGFR2,FGFR2b Ligand Binding and Activation
Latent Infection - Other Responses of Mtb to Phagocytosis,0.6006187,inf,inf,MSRA;DLAT,Latent Infection - Other Responses of Mtb to Phagocytosis
Linoleic Acid (LA) Metabolism,0.6006187,inf,inf,ACSL1;ABCD1,Linoleic Acid (LA) Metabolism
Myoclonic Epilepsy of Lafora,0.6006187,inf,inf,GYS1;GYG1,Myoclonic Epilepsy of Lafora
NOTCH2 Intracellular Domain Regulates Transcription,0.6006187,inf,inf,NOTCH2;FCER2,NOTCH2 Intracellular Domain Regulates Transcription
Na+ Cl- Dependent Neurotransmitter Transporters,0.6006187,inf,inf,SLC6A6;SLC18A2,Na+ Cl- Dependent Neurotransmitter Transporters
Nephron Development,0.6006187,inf,inf,LFNG;JAG1,Nephron Development
PKA-mediated Phosphorylation of Key Metabolic Factors,0.6006187,inf,inf,PRKACA;PRKACB,PKA-mediated Phosphorylation of Key Metabolic Factors
PTK6 Regulates Proteins Involved in RNA Processing,0.6006187,inf,inf,KHDRBS1;SFPQ,PTK6 Regulates Proteins Involved in RNA Processing
RUNX1 Regulates Expression of Components of Tight Junctions,0.6006187,inf,inf,TJP1;CLDN5,RUNX1 Regulates Expression of Components of Tight Junctions
RUNX1 Regulates Transcription of Genes Involved in Differentiation of Myeloid Cells,0.6006187,inf,inf,LGALS3;PRKCB,RUNX1 Regulates Transcription of Genes Involved in Differentiation of Myeloid Cells
RUNX3 Regulates p14-ARF,0.6006187,inf,inf,TGFB1;KRAS,RUNX3 Regulates p14-ARF
Regulation of CDH11 Gene Transcription,0.6006187,inf,inf,ILF3;CDH11,Regulation of CDH11 Gene Transcription
Respiratory Syncytial Virus Genome Replication,0.6006187,inf,inf,HSP90AA1;HSP90AB1,Respiratory Syncytial Virus Genome Replication
Role of Second Messengers in Netrin-1 Signaling,0.6006187,inf,inf,TRPC6;PITPNA,Role of Second Messengers in Netrin-1 Signaling
Signaling by RNF43 Mutants,0.6006187,inf,inf,LRP5;LRP6,Signaling by RNF43 Mutants
Uptake of Dietary Cobalamins Into Enterocytes,0.6006187,inf,inf,TCN1;PRSS3,Uptake of Dietary Cobalamins Into Enterocytes
Virus Assembly and Release,0.6006187,inf,inf,CANX;CALR,Virus Assembly and Release
vRNP Assembly,0.6006187,inf,inf,HSP90AA1;IPO5,vRNP Assembly
Cell Cycle,0.6113375,1.080257,1.361849,PPP2R2A;SMC3;PSMD8;PPP1CB;GOLGA2;PPP1CC;PSMD6;TUBB6;PSMD7;PPP2R1A;PPME1;AKT2;PSMD2;RUVBL2;PSMD3;RUVBL1;TUBB1;AKT1;PSMD1;BANF1;PRKACA;SKP1;TMPO;NUP214;RAB2A;PRKCB;IST1;PRKCA;LEMD2;TUBA4B;TUBA4A;EML4;DYNC1LI1;DYNC1LI2;CLIP1;ZW10;CSNK2B;UBE2V2;CHMP4B;CHMP4A;OPTN;KPNB1;PSMD12;SET;PSMD11;PSMD14;TUBGCP2;PSMD13;CUL1;BRCC3;PRKAR2B;RAD21;SFN;LYN;ANKRD28;NEK9;RCC2;RPS27;CDK1;CHMP2A;TUBGCP3;TUBA8;CC2D1B;YWHAE;GSK3B;HSP90AB1;MCM7;NUMA1;YWHAB;LMNB1;BABAM1;PPP6C;ACTR1A;XPO1;YWHAQ;ENSA;PPP6R3;JAK2;TNPO1;EMD;LBR;RAB8A;YWHAG;YWHAH;NUDC;HSP90AA1;SEC13;PPP1R12A;TUBB;PPP2R5A;RANGAP1;SMC1A;CKAP5;YWHAZ;SIRT2;PSMA5;PSMA6;PSMA3;PSMA4;PSMA1;KIF2A;PSMA2;GORASP2;CHMP3;TERF2IP;MCM6;MAPRE1;CHMP6;PAFAH1B1;MCM2;RAB1A;DYNC1I2;PCNA;DCTN2;TUBAL3;SRC;DCTN1;RAB1B;USO1;VPS4A;DCTN3;PSMA7;PSMB6;PSMB7;PPP2CB;PSMB4;PSMB5;PSMB2;RBBP4;PSMB3;PSMB1;LMNA;MAPK1;NUP43;POLR2H;BUB3;CLASP2;DYNC1H1;NPM1;NDE1;ADRM1;RPA1;RPA2;TUBB4B;TUBB4A;PSMC5;PSMC6;PSMC3;PSMC4;PSMC1;TAOK1;RPA3;PSMC2;LPIN2;RAN,Cell Cycle
Assembly and Cell Surface Presentation of NMDA Receptors,0.6113375,1.395535,1.75338,CAMK2B;CAMK2D;TUBAL3;ACTN2;CAMK2A;TUBB4B;TUBA4B;TUBB4A;TUBA4A;TUBB6;DLG1;TUBB1;CAMK2G;TUBA8,Assembly and Cell Surface Presentation of NMDA Receptors
G2 M DNA Damage Checkpoint,0.6113375,1.395535,1.75338,YWHAE;YWHAB;RPA1;RPA2;BRCC3;YWHAZ;BABAM1;YWHAQ;RPA3;UBE2V2;CDK1;SFN;YWHAG;YWHAH,G2 M DNA Damage Checkpoint
Late Endosomal Microautophagy,0.6113375,1.395535,1.75338,HSPA8;TSG101;VPS37A;PARK7;VPS37B;HDAC6;CHMP2A;CHMP3;CHMP4B;PLIN3;CHMP4A;VIM;CHMP6;VPS28,Late Endosomal Microautophagy
"Transport of Bile Salts and Organic Acids, Metal Ions and Amine Compounds",0.6113375,1.395535,1.75338,SLC14A1;SLC44A1;SLC44A2;SLC30A1;SLC39A14;CP;SLC6A6;HEPH;BSG;SLC16A7;RHAG;SLC39A7;SLC16A3;SLC18A2,"Transport of Bile Salts and Organic Acids, Metal Ions and Amine Compounds"
Late SARS-CoV-2 Infection Events,0.6203999,1.246358,1.546207,GSK3B;RPN2;PRKCSH;RPN1;FURIN;MAGT1;FUT8;GANAB;MAN2A1;MGAT5;ANO10;MGAT1;MGAT2;ST3GAL1;ST6GAL1;PRMT1;GALNT1;ANO6;DDOST;PARP10;DAD1;CANX;MGAT4B;STT3A;MAN1B1,Late SARS-CoV-2 Infection Events
PI3K AKT Signaling in Cancer,0.6233324,1.209657,1.493612,GSK3B;SRC;PDGFB;PTEN;PDGFA;IRS2;PIK3R1;PIK3CB;AKT2;RAC2;AKT1;FYN;RAC1;PDGFRB;PDGFRA;NTRK2;CHUK;EGF;RHOG;PTPN11;VAV1;MTOR;KITLG;LCK;KIT;GRB2;STRN;FGFR4;FGFR3;FGFR2;FGFR1,PI3K AKT Signaling in Cancer
"Adrenaline,noradrenaline Inhibits Insulin Secretion",0.6375271,1.494938,1.803785,GNG2;GNG5;GNB2;GNB1;GNB4;GNG12;GNG11;ADCY6;GNAI1;GNAI2,"Adrenaline,noradrenaline Inhibits Insulin Secretion"
Effects of PIP2 Hydrolysis,0.6375271,1.494938,1.803785,DGKG;TRPC6;DGKA;PRKCD;ITPR1;ITPR2;PRKCQ;RASGRP2;DAGLB;MGLL,Effects of PIP2 Hydrolysis
HS-GAG Biosynthesis,0.6375271,1.494938,1.803785,SDC4;GPC1;GLCE;SDC1;GPC4;AGRN;HS6ST1;GPC6;HSPG2;HS6ST3,HS-GAG Biosynthesis
Other Interleukin Signaling,0.6375271,1.494938,1.803785,CSF1R;CSF1;PTPRZ1;CASP3;STXBP2;SDC1;IL16;PRTN3;STX4;JAK1,Other Interleukin Signaling
Striated Muscle Contraction,0.6375271,1.494938,1.803785,TMOD1;MYL4;TPM4;ACTN2;TPM3;TMOD3;TNNC1;TPM1;VIM;TTN,Striated Muscle Contraction
Association of TriC CCT With Target Proteins During Biosynthesis,0.6375271,1.345651,1.619188,CCT3;NOP56;ARFGEF2;CCT2;STAT3;DCAF7;CCT6A;AP3M1;TCP1;FBXO4;CCT8;FKBP9;CCT7;CCT5;CCT4,Association of TriC CCT With Target Proteins During Biosynthesis
CD28 Co-Stimulation,0.6375271,1.345651,1.619188,LYN;SRC;PIK3R1;MTOR;VAV1;CDC42;PAK1;LCK;AKT2;GRAP2;AKT1;FYN;GRB2;RAC1;PAK2,CD28 Co-Stimulation
Thrombin Signalling Through Proteinase Activated Receptors (PARs),0.6375271,1.345651,1.619188,SRC;F2R;ARRB1;F2;GNG12;GNG11;GNA13;GNG2;GNG5;GNAQ;GNB2;GNB1;GNB4;MAPK1;F2RL3,Thrombin Signalling Through Proteinase Activated Receptors (PARs)
Acetylcholine Regulates Insulin Secretion,0.6507699,1.793592,2.097501,MARCKS;PLCB3;GNAQ;PRKCA;PLCB1;PLCB2,Acetylcholine Regulates Insulin Secretion
Assembly Of The HIV Virion,0.6507699,1.793592,2.097501,TSG101;FURIN;VPS37A;VPS37B;PPIA;VPS28,Assembly Of The HIV Virion
BBSome-mediated Cargo-Targeting to Cilium,0.6507699,1.793592,2.097501,CCT3;CCT2;TCP1;CCT8;CCT5;CCT4,BBSome-mediated Cargo-Targeting to Cilium
Chemokine Receptors Bind Chemokines,0.6507699,1.793592,2.097501,CCL5;CXCR4;PPBP;CCR4;CX3CL1;PF4,Chemokine Receptors Bind Chemokines
MAPK3 (ERK1) Activation,0.6507699,1.793592,2.097501,MAP2K1;CDK1;PTPN11;IL6ST;JAK2;JAK1,MAPK3 (ERK1) Activation
Meiotic Synapsis,0.6507699,1.793592,2.097501,RAD21;LMNA;TERF2IP;SMC3;SMC1A;LMNB1,Meiotic Synapsis
PKA Activation,0.6507699,1.793592,2.097501,PRKAR1A;PRKAR2B;PRKAR2A;PRKACA;PRKACB;ADCY6,PKA Activation
PKA-mediated Phosphorylation of CREB,0.6507699,1.793592,2.097501,PRKAR1A;PRKAR2B;PRKAR2A;PRKACA;PRKACB;ADCY6,PKA-mediated Phosphorylation of CREB
Ribavirin ADME,0.6507699,1.793592,2.097501,PNP;ADK;NT5C2;SLC29A1;ITPA;NME1,Ribavirin ADME
Synaptic Adhesion-Like Molecules,0.6507699,1.793592,2.097501,RTN3;DLG1;PTPRS;FLOT1;FLOT2;PTPRF,Synaptic Adhesion-Like Molecules
Translesion Synthesis by POLH,0.6507699,1.793592,2.097501,VCP;PCNA;NPLOC4;RPA3;RPA1;RPA2,Translesion Synthesis by POLH
"Unblocking of NMDA Receptors, Glutamate Binding and Activation",0.6507699,1.793592,2.097501,CAMK2B;CAMK2D;DLG1;ACTN2;CAMK2A;CAMK2G,"Unblocking of NMDA Receptors, Glutamate Binding and Activation"
Glycosphingolipid Metabolism,0.658523,1.304831,1.509037,CTSA;ARSA;B3GALNT1;ASAH1;HEXB;HEXA;M6PR;FUT1;SUMF2;GALC;GLB1;NEU1;PSAP;ST8SIA5;A4GALT;GLA,Glycosphingolipid Metabolism
Regulated Necrosis,0.6610667,1.233623,1.411993,GSDMD;HSP90AA1;PDCD6IP;IL18;HMGB1;UBE2L3;SDCBP;ITCH;CASP3;CDC37;FLOT1;TNFSF10;CHMP2A;FLOT2;CHMP3;CHMP4B;BAX;CYCS;CHMP4A;STUB1;CHMP6;ELANE,Regulated Necrosis
Translation of Structural Proteins 9694635,0.6610667,1.233623,1.411993,GSK3B;ST6GAL1;RPN2;PRKCSH;PRMT1;GALNT1;RPN1;MAGT1;DDOST;PARP10;FUT8;GANAB;DAD1;MAN2A1;MGAT5;CANX;MGAT4B;STT3A;MGAT1;MAN1B1;MGAT2;ST3GAL1,Translation of Structural Proteins 9694635
Chondroitin Sulfate Biosynthesis,0.6610667,1.409467,1.610758,BCAN;VCAN;CHPF;CHST11;CHST12;NCAN;BGN;CHST15;CSPG4;DCN;CHST3,Chondroitin Sulfate Biosynthesis
DARPP-32 Events,0.6610667,1.409467,1.610758,PPP2CB;PPP3CA;PPP3CB;PPP3R1;PPP2R1A;PRKAR1A;PRKAR2B;PRKAR2A;PRKACA;PRKACB;PPP1CA,DARPP-32 Events
Deadenylation of mRNA,0.6610667,1.409467,1.610758,EIF4A2;EIF4A1;CNOT1;CNOT11;EIF4A3;TNKS1BP1;PABPC1;EIF4E;EIF4B;PAIP1;EIF4G1,Deadenylation of mRNA
Gap-filling DNA Repair Synthesis and Ligation in TC-NER,0.6610667,1.409467,1.610758,DDB1;AQR;USP7;PCNA;RPA3;RPA1;PPIE;RPA2;XRCC1;POLR2H;PRPF19,Gap-filling DNA Repair Synthesis and Ligation in TC-NER
Insulin Processing,0.6610667,1.409467,1.610758,PCSK1;EXOC8;EXOC7;KIF5B;EXOC4;MYO5A;CPE;EXOC3;P4HB;EXOC2;EXOC1,Insulin Processing
PI3K Cascade,0.6610667,1.409467,1.610758,AKT2;IRS2;PTPN11;GRB2;PIK3C3;PIK3CB;PIK3R1;FGFR4;FGFR3;FGFR2;FGFR1,PI3K Cascade
Triglyceride Metabolism,0.6610667,1.409467,1.610758,PPP1CB;PPP1CC;FABP5;GPD2;PLIN3;PLIN1;PRKACA;PRKACB;LPIN2;MGLL;PPP1CA,Triglyceride Metabolism
G Alpha (Q) Signalling Events,0.6753932,1.14221,1.279603,DGKG;RGS18;APP;RGS19;DGKA;ITPR1;ITPR2;PIK3R1;NTS;RASGRP2;KALRN;KNG1;RPS6KA3;GNG2;GNG5;TBXA2R;MAPK1;TAC3;TRPC6;PRKCD;F2R;MMP3;PRKCA;GNG12;F2;GNG11;PLCB3;PLCB4;GNAQ;GNB2;GNB1;BTK;SAA1;GNB4;PRKCQ;GRB2;KRAS;PLCB1;DAGLB;PLCB2;MGLL;F2RL3,G Alpha (Q) Signalling Events
G Alpha (12 13) Signalling Events,0.6802481,1.213793,1.349785,ARHGEF12;ROCK1;ROCK2;GNG12;KALRN;GNG11;RHOA;VAV1;FGD3;GNA13;FGD4;GNG2;GNG5;TBXA2R;GNB2;GNB1;BTK;GNB4;ARHGEF1;PLXNB1;ARHGEF2;ARHGEF7;ARHGEF6,G Alpha (12 13) Signalling Events
Biological Oxidations,0.6887551,1.121878,1.232413,SLC35B2;HSP90AB1;PODXL2;UXS1;COMT;OPLAH;CNDP2;ABHD10;AKR7A2;GSTK1;GSTO1;AKR1A1;AIP;ABHD14B;TPST2;UGDH;TPST1;POR;CES2;UGT2B7;CES1;AHCY;ACSS2;MAOB;ADH1B;MGST3;MGST1;MAT2B;ADH5;PTGS1;SULT1A1;ADH4;CYB5R3;UGP2;SULT1E1;MAT2A;ESD;BPNT2;BPNT1;ACSS1;CYB5B;GSTM3;GSTM2;NQO2;GGT7;PTGES3;EPHX1;GGCT;TBXAS1;GCLM,Biological Oxidations
Ovarian Tumor Domain Proteases,0.6911883,1.345356,1.465391,VCPIP1;VCP;MAVS;TRIM4;TRAF6;PTEN;CDK1;TRIM25;YOD1;IKBKG;RHOA;OTUB1,Ovarian Tumor Domain Proteases
Reproduction,0.6911883,1.345356,1.465391,B4GALT1;RAD21;RPA3;LMNA;RPA1;TERF2IP;CXCR4;RPA2;CD9;SMC3;SMC1A;LMNB1,Reproduction
Metabolism of RNA,0.6911883,1.050995,1.14055,EIF4A2;RPL5;EIF4A1;RPL30;RPL3;RPL31;RPL34;EIF4A3;RTCB;HNRNPU;PPP2R2A;THUMPD1;RPL8;RPL7;CCAR1;GLE1;PSMD8;RPS14;PSMD6;RPS17;PSMD7;RPL18A;RPS19;SNRPD2;PPP2R1A;RPS18;PSMD2;PSMD3;AKT1;PSMD1;RPL35;RPL38;RPS11;RPS10;NUP214;SRRM2;AQR;RPL23;PRKCD;RPL22;PRKCA;WDR77;SRRM1;CLNS1A;SARNP;RPL24;MT-CO2;RPL27;MT-CO3;RPL29;RPL28;SET;ANP32A;GSPT2;GSPT1;OSGEP;PCBP1;PCBP2;TNFSF13;HNRNPL;RPS28;HNRNPK;RPS27;EPRS1;HNRNPF;RPL27A;HNRNPD;RPS20;HNRNPC;RPS21;RPS24;RPS23;HBS1L;RPLP1;RPLP0;ZBTB8OS;PRPF19;SMG8;WDR43;MT-ATP6;XPO1;RPLP2;TNKS1BP1;UPF2;UPF1;PRMT5;SEC13;NSUN2;PSMA5;PSMA6;PSMA3;PSMA4;PSMA1;PSMA2;PABPC1;CD44;SF3B2;SF3B3;RPL12;RPL11;SRRT;PSMA7;PSMB6;PSMB7;PSMB4;PSMB5;RPS15A;PSMB2;PSMB3;PSMB1;RPS3;RPL13;RPL15;RPS2;RPL17;DCPS;PAIP1;RPL19;RTRAF;SF3A1;SF3A2;RIOK3;LRPPRC;NUDT21;PSMC5;PSMC6;PSMC3;XPOT;PSMC4;PSMC1;PSMC2;HNRNPA2B1;EDC4;EFTUD2;KHSRP;RPS8;RPS5;RPS6;RPSA;NCL;MAPKAPK2;SRSF3;GEMIN5;PPIE;SNRPE;SNRPF;SRSF7;DDX6;DDX5;PSMD12;PSMD11;PSMD14;RBM8A;PSMD13;DDX1;NOP2;HSPA8;CPSF7;PNPT1;FUS;LSM1;LSM4;LSM3;LSM2;LSM8;LSM7;LSM6;CNOT1;CNOT11;EIF4G1;YWHAB;DDX42;YBX1;ELAVL1;RPS4X;PTBP1;RPL7A;SNRNP70;TNPO1;RPS3A;REXO2;YWHAZ;ETF1;SNRPA1;SRSF1;HSD17B10;LAGE3;PUF60;U2AF2;SNRPB2;NUP43;IGF2BP2;POLR2H;EIF4E;EIF4B;NOP56;HNRNPA3;NOP58;ADRM1;CDC5L;RPL35A;RPL23A;MAPK14;ACIN1;SLIRP;RBMX;RAN,Metabolism of RNA
Activation of G Protein Gated Potassium Channels,0.6911883,1.569342,1.696481,GNG2;GNG5;GNB2;GNB1;GNB4;GNG12;GNG11,Activation of G Protein Gated Potassium Channels
G Protein Gated Potassium Channels,0.6911883,1.569342,1.696481,GNG2;GNG5;GNB2;GNB1;GNB4;GNG12;GNG11,G Protein Gated Potassium Channels
IKK Complex Recruitment Mediated by RIP1,0.6911883,1.569342,1.696481,IKBKB;CHUK;TRAF6;LY96;CD14;IKBKG;UBE2V1,IKK Complex Recruitment Mediated by RIP1
Inhibition of Voltage Gated Ca2+ Channels via Gbeta Gamma Subunits,0.6911883,1.569342,1.696481,GNG2;GNG5;GNB2;GNB1;GNB4;GNG12;GNG11,Inhibition of Voltage Gated Ca2+ Channels via Gbeta Gamma Subunits
Inwardly Rectifying K+ Channels,0.6911883,1.569342,1.696481,GNG2;GNG5;GNB2;GNB1;GNB4;GNG12;GNG11,Inwardly Rectifying K+ Channels
Other Semaphorin Interactions,0.6911883,1.569342,1.696481,ITGB1;SEMA7A;PTPRC;SEMA6D;ITGA1;PLXNB3;PLXNA4,Other Semaphorin Interactions
Ras Activation Upon Ca2+ Influx Through NMDA Receptor,0.6911883,1.569342,1.696481,CAMK2B;CAMK2D;DLG1;ACTN2;CAMK2A;KRAS;CAMK2G,Ras Activation Upon Ca2+ Influx Through NMDA Receptor
Signaling by FLT3 ITD and TKD Mutants,0.6911883,1.569342,1.696481,STAT5A;STAT5B;PTPN11;GRB2;KRAS;PIK3R1;BCL2L1,Signaling by FLT3 ITD and TKD Mutants
Signaling by PDGFRA Extracellular Domain Mutants,0.6911883,1.569342,1.696481,PDGFRA;STAT1;STAT3;GRB2;KRAS;PIK3CB;PIK3R1,Signaling by PDGFRA Extracellular Domain Mutants
"Signaling by PDGFRA Transmembrane, Juxtamembrane and Kinase Domain Mutants",0.6911883,1.569342,1.696481,PDGFRA;STAT1;STAT3;GRB2;KRAS;PIK3CB;PIK3R1,"Signaling by PDGFRA Transmembrane, Juxtamembrane and Kinase Domain Mutants"
RAF Activation,0.6921325,1.242018,1.338292,CAMK2B;CAMK2D;MAP2K1;MAP2K2;KSR1;SRC;YWHAB;CAMK2A;ARAF;PPP2R5A;PHB;PPP1CB;PPP1CC;PPP2CB;PPP2R1A;KRAS;JAK2;CAMK2G,RAF Activation
Sensory Processing of Sound by Inner Hair Cells of the Cochlea,0.6921325,1.242018,1.338292,RDX;PCDH15;TWF2;TWF1;MSN;ATP2B1;TRIOBP;MYO1C;CAPZB;CAPZA1;EPB41L3;CAPZA2;CDH23;MYH9;EZR;SPTAN1;SPTBN1;PLS1,Sensory Processing of Sound by Inner Hair Cells of the Cochlea
Sensory Processing of Sound,0.7037073,1.217335,1.270522,MPP1;RDX;PCDH15;TWF2;TWF1;MSN;ATP2B1;TRIOBP;MYO1C;CAPZB;CAPZA1;EPB41L3;CAPZA2;CDH23;MYH9;EZR;SPTAN1;SPTBN1;PLS1,Sensory Processing of Sound
Energy Dependent Regulation of mTOR by LKB1-AMPK,0.7037073,1.295486,1.351557,PRKAA1;PRKAB2;CAB39;PRKAG1;PRKAB1;MTOR;PPM1A;RHEB;LAMTOR2;LAMTOR1;LAMTOR4;LAMTOR3;LAMTOR5,Energy Dependent Regulation of mTOR by LKB1-AMPK
Keratan Sulfate Biosynthesis,0.7037073,1.295486,1.351557,B4GALT1;LUM;OMD;PRELP;ACAN;B3GNT7;B4GAT1;OGN;B3GNT2;CHST1;ST3GAL6;FMOD;ST3GAL1,Keratan Sulfate Biosynthesis
Signaling by FGFR1,0.7037073,1.295486,1.351557,SHC1;SRC;PTPN11;PIK3R1;CBL;TGFBR3;PPP2CB;PPP2R1A;GIPC1;MAPK1;GRB2;KRAS;FGFR1,Signaling by FGFR1
Antigen Processing Ubiquitination & Proteasome Degradation,0.7037073,1.082818,1.124908,UBE3C;UBE3A;UBE2Z;UBE2L3;PSMD8;NPEPPS;UFL1;PSMD6;PSMD7;TRIM4;UBE2Q1;PSMD2;PSMD3;FBXO4;ARIH2;PSMD1;ELOB;ELOC;FBXO7;TRIM21;SKP1;UBE4A;PSMA5;PSMA6;PSMA3;PSMA4;PSMA1;PSMA2;UBE2V2;RBCK1;UBE2V1;PSMD12;PSMD11;CUL5;PSMD14;UBA7;PSMD13;UBA6;CUL3;UBA5;CUL2;CUL1;UBR4;UBR1;PSMA7;UBE2J1;PSMB6;PSMB7;PSMB4;ZNRF2;PSMB5;PSMB2;PSMB3;HECTD3;PSMB1;ATG7;UBE2H;ADRM1;HUWE1;LNPEP;UBAC1;ITCH;PSMC5;PSMC6;PSMC3;PSMC4;PSMC1;PSMC2;UBA3;TPP2;UBE2O;BLMH;UBA1;STUB1;UBE2K;UBE2M,Antigen Processing Ubiquitination & Proteasome Degradation
Acyl Chain Remodeling of CL,0.7037073,2.689802,2.788531,HADHB;HADHA;PLA2G4A,Acyl Chain Remodeling of CL
Aryl Hydrocarbon Receptor Signalling,0.7037073,2.689802,2.788531,HSP90AB1;PTGES3;AIP,Aryl Hydrocarbon Receptor Signalling
BH3-only Proteins Associate With and Inactivate Anti-Apoptotic BCL-2 Members,0.7037073,2.689802,2.788531,STAT3;BID;BCL2L1,BH3-only Proteins Associate With and Inactivate Anti-Apoptotic BCL-2 Members
Formyl Peptide Receptors Bind Formyl Peptides and Many Other Ligands,0.7037073,2.689802,2.788531,HEBP1;APP;SAA1,Formyl Peptide Receptors Bind Formyl Peptides and Many Other Ligands
Inactivation of CDC42 and RAC1,0.7037073,2.689802,2.788531,CDC42;RAC1;SRGAP2,Inactivation of CDC42 and RAC1
Interleukin-23 Signaling,0.7037073,2.689802,2.788531,STAT3;P4HB;JAK2,Interleukin-23 Signaling
Loss of Function of TGFBR1 in Cancer,0.7037073,2.689802,2.788531,FKBP1A;SMAD2;TGFB1,Loss of Function of TGFBR1 in Cancer
Metal Sequestration by Antimicrobial Proteins,0.7037073,2.689802,2.788531,S100A9;S100A8;S100A7,Metal Sequestration by Antimicrobial Proteins
NGF-stimulated Transcription,0.7037073,2.689802,2.788531,VGF;CHD4;DNM2,NGF-stimulated Transcription
NTRK2 Activates RAC1,0.7037073,2.689802,2.788531,NTRK2;FYN;RAC1,NTRK2 Activates RAC1
Negative Regulation of TCF-dependent Signaling by WNT Ligand Antagonists,0.7037073,2.689802,2.788531,SFRP1;LRP5;LRP6,Negative Regulation of TCF-dependent Signaling by WNT Ligand Antagonists
Neurofascin Interactions,0.7037073,2.689802,2.788531,SDCBP;NRCAM;ANK1,Neurofascin Interactions
POLB-Dependent Long Patch Base Excision Repair,0.7037073,2.689802,2.788531,PARP1;APEX1;ADPRS,POLB-Dependent Long Patch Base Excision Repair
RNA Polymerase III Abortive And Retractive Initiation,0.7037073,2.689802,2.788531,SSB;GTF3C5;POLR2H,RNA Polymerase III Abortive And Retractive Initiation
RNA Polymerase III Transcription,0.7037073,2.689802,2.788531,SSB;GTF3C5;POLR2H,RNA Polymerase III Transcription
Response of EIF2AK1 (HRI) to Heme Deficiency,0.7037073,2.689802,2.788531,EIF2S3;EIF2S2;EIF2S1,Response of EIF2AK1 (HRI) to Heme Deficiency
SUMO Is Conjugated to E1 (UBA2 SAE1),0.7037073,2.689802,2.788531,SUMO2;UBA2;SAE1,SUMO Is Conjugated to E1 (UBA2 SAE1)
The Canonical Retinoid Cycle in Rods (Twilight Vision),0.7037073,2.689802,2.788531,RBP4;TTR;RDH11,The Canonical Retinoid Cycle in Rods (Twilight Vision)
Extra-nuclear Estrogen Signaling,0.7058082,1.166182,1.198811,SHC1;SRC;GNAI3;PIK3R1;GNAI1;GNAI2;XPO1;GNG2;GNG5;AKT2;AKT1;MAPK1;HSP90AA1;MMP7;PRMT1;EGF;MMP3;GNG12;MMP9;GNG11;PTK2;GNB2;GNB1;GNB4;KRAS;STRN,Extra-nuclear Estrogen Signaling
Attenuation Phase,0.7058082,1.43478,1.455076,HSPA8;HSP90AA1;HSP90AB1;HSPH1;MRPL18;PTGES3;SERPINH1;FKBP4,Attenuation Phase
Constitutive Signaling by EGFRvIII,0.7058082,1.43478,1.455076,HSP90AA1;EGF;SHC1;CDC37;GRB2;KRAS;PIK3R1;CBL,Constitutive Signaling by EGFRvIII
Constitutive Signaling by Ligand-Responsive EGFR Cancer Variants,0.7058082,1.43478,1.455076,HSP90AA1;EGF;SHC1;CDC37;GRB2;KRAS;PIK3R1;CBL,Constitutive Signaling by Ligand-Responsive EGFR Cancer Variants
Defects in Vitamin and Cofactor Metabolism,0.7058082,1.43478,1.455076,MCCC2;BTD;PCCA;MMAB;MCCC1;PCCB;ACACA;CD320,Defects in Vitamin and Cofactor Metabolism
Interleukin-10 Signaling,0.7058082,1.43478,1.455076,FCER2;CSF1;IL1R1;CCL5;STAT3;IL18;TIMP1;JAK1,Interleukin-10 Signaling
Negative Regulation of FGFR1 Signaling,0.7058082,1.43478,1.455076,PPP2CB;SRC;PPP2R1A;MAPK1;PTPN11;GRB2;CBL;FGFR1,Negative Regulation of FGFR1 Signaling
Negative Regulation of FGFR2 Signaling,0.7058082,1.43478,1.455076,PPP2CB;SRC;PPP2R1A;MAPK1;PTPN11;GRB2;CBL;FGFR2,Negative Regulation of FGFR2 Signaling
Negative Regulation of FGFR3 Signaling,0.7058082,1.43478,1.455076,PPP2CB;SRC;PPP2R1A;MAPK1;PTPN11;GRB2;CBL;FGFR3,Negative Regulation of FGFR3 Signaling
Negative Regulation of FGFR4 Signaling,0.7058082,1.43478,1.455076,PPP2CB;SRC;PPP2R1A;MAPK1;PTPN11;GRB2;CBL;FGFR4,Negative Regulation of FGFR4 Signaling
RAF-independent MAPK1 3 Activation,0.7058082,1.43478,1.455076,MAP2K1;MAP2K2;CDK1;MAPK1;PTPN11;IL6ST;JAK2;JAK1,RAF-independent MAPK1 3 Activation
Signaling by EGFR in Cancer,0.7058082,1.43478,1.455076,HSP90AA1;SHC1;EGF;CDC37;GRB2;KRAS;PIK3R1;CBL,Signaling by EGFR in Cancer
Signaling by EGFRvIII in Cancer,0.7058082,1.43478,1.455076,HSP90AA1;EGF;SHC1;CDC37;GRB2;KRAS;PIK3R1;CBL,Signaling by EGFRvIII in Cancer
Signaling by ERBB2 ECD Mutants,0.7058082,1.43478,1.455076,HSP90AA1;EGF;SHC1;CDC37;ERBIN;GRB2;KRAS;PIK3R1,Signaling by ERBB2 ECD Mutants
Signaling by ERBB2 KD Mutants,0.7058082,1.43478,1.455076,HSP90AA1;SHC1;EGF;CDC37;ERBIN;GRB2;KRAS;PIK3R1,Signaling by ERBB2 KD Mutants
Signaling by FLT3 Fusion Proteins,0.7058082,1.43478,1.455076,STAT5A;STAT5B;GOLGB1;MYO18A;GRB2;KRAS;PIK3R1;SPTBN1,Signaling by FLT3 Fusion Proteins
Signaling by Ligand-Responsive EGFR Variants in Cancer,0.7058082,1.43478,1.455076,HSP90AA1;EGF;SHC1;CDC37;GRB2;KRAS;PIK3R1;CBL,Signaling by Ligand-Responsive EGFR Variants in Cancer
Tie2 Signaling,0.7058082,1.43478,1.455076,DOK2;ANGPT1;SHC1;PTPN11;GRB2;KRAS;PIK3CB;PIK3R1,Tie2 Signaling
mRNA Decay by 5' to 3' Exoribonuclease,0.7058082,1.43478,1.455076,EDC4;DDX6;LSM7;LSM6;LSM1;LSM4;LSM3;LSM2,mRNA Decay by 5' to 3' Exoribonuclease
Adherens Junctions Interactions,0.7059912,1.195939,1.211327,CADM1;JUP;CTNND1;CDH8;CDH6;CDH5;ILF3;CDH3;CDH2;CDH1;CDH10;CDH11;CTNNA1;CDH13;CTNNB1;ANGPTL4;CDH15;CDH17;NECTIN2;CDH19,Adherens Junctions Interactions
Antimicrobial Peptides,0.7097067,1.255584,1.259682,CHGA;DCD;ITLN1;CLU;BPIFA1;BPIFB1;CTSG;PRTN3;PRSS3;PRSS2;S100A9;S100A8;ELANE;S100A7,Antimicrobial Peptides
M-decay Degradation of Maternal mRNAs by Maternally Stored Factors,0.7097067,1.255584,1.259682,EIF4A2;EIF4A1;EIF4A3;TUBB4B;CNOT1;CNOT11;TNKS1BP1;ELOC;RPS2;PABPC1;EIF4E;EIF4B;PAIP1;EIF4G1,M-decay Degradation of Maternal mRNAs by Maternally Stored Factors
Regulation of Pyruvate Metabolism,0.7097067,1.255584,1.259682,PDHX;WDR26;PDHA1;PDHB;PDP1;LDHA;PDPR;PKM;GID8;ME1;PGAM5;DLAT;DLD;PDK1,Regulation of Pyruvate Metabolism
MyD88 Dependent Cascade Initiated on Endosome,0.7097067,1.129698,1.132561,APP;USP14;NLRX1;CUL1;LY96;HMGB1;RELA;IKBKB;RPS6KA3;PPP2CB;PPP2R1A;S100A12;MAPK1;CD14;IKBKG;MAP3K7;SKP1;MAP2K3;IKBIP;MAP2K4;MAP2K1;DUSP3;CHUK;IRAK4;MAPK14;NFKB1;NFKB2;MAPKAPK3;TRAF6;MAPKAPK2;SAA1;UBE2V1;TAB1;NFKBIB,MyD88 Dependent Cascade Initiated on Endosome
TRAF6 Mediated Induction of NFkB and MAP Kinases Upon TLR7 8 or 9 Activation,0.7097067,1.129698,1.132561,APP;USP14;NLRX1;CUL1;LY96;HMGB1;RELA;IKBKB;RPS6KA3;PPP2CB;PPP2R1A;S100A12;MAPK1;CD14;IKBKG;MAP3K7;SKP1;MAP2K3;IKBIP;MAP2K4;MAP2K1;DUSP3;CHUK;IRAK4;MAPK14;NFKB1;NFKB2;MAPKAPK3;TRAF6;MAPKAPK2;SAA1;UBE2V1;TAB1;NFKBIB,TRAF6 Mediated Induction of NFkB and MAP Kinases Upon TLR7 8 or 9 Activation
Signaling by Type 1 Insulin-like Growth Factor 1 Receptor (IGF1R),0.7338368,1.222931,1.183724,SHC1;IRS2;PTPN11;PIK3CB;PIK3R1;IGF1;CILP;AKT2;PIK3C3;GRB2;KRAS;FGFR4;FGFR3;FGFR2;FGFR1,Signaling by Type 1 Insulin-like Growth Factor 1 Receptor (IGF1R)
Formation of Incision Complex in GG-NER,0.7338368,1.345062,1.292629,DDB1;PARP1;RPA3;SUMO2;RPA1;UBE2V2;RPA2;RAD23A;RAD23B,Formation of Incision Complex in GG-NER
Gluconeogenesis,0.7338368,1.345062,1.292629,GPI;TPI1;PGAM1;PGK1;ALDOC;ENO1;ALDOB;ENO2;GAPDH,Gluconeogenesis
Meiosis,0.7338368,1.345062,1.292629,RAD21;RPA3;LMNA;RPA1;TERF2IP;RPA2;SMC3;SMC1A;LMNB1,Meiosis
Metabolism of Porphyrins,0.7338368,1.345062,1.292629,ALAD;ABCC1;FECH;UROD;HMBS;CPOX;PPOX;HMOX2;BLVRA,Metabolism of Porphyrins
Myogenesis,0.7338368,1.345062,1.292629,CDC42;SPAG9;CDH2;CTNNA1;BNIP2;CTNNB1;CDH15;MAPK14;NEO1,Myogenesis
Phosphorylation of CD3 and TCR Zeta Chains,0.7338368,1.345062,1.292629,PTPRC;LCK;HLA-DPB1;PTPRJ;CSK;CD247;HLA-DRB3;HLA-DPA1;HLA-DQB1,Phosphorylation of CD3 and TCR Zeta Chains
Signaling by NTRK2 (TRKB),0.7338368,1.345062,1.292629,NTRK2;SHC1;SRC;FYN;PTPN11;GRB2;KRAS;PIK3R1;RAC1,Signaling by NTRK2 (TRKB)
Acyl Chain Remodelling of PS,0.7352641,1.793143,1.659449,OSBPL8;LPCAT3;PLA2G4A;PLA1A,Acyl Chain Remodelling of PS
Biosynthesis of Specialized Proresolving Mediators (SPMs),0.7352641,1.793143,1.659449,GPX4;EPHX2;ALOX12;PTGR1,Biosynthesis of Specialized Proresolving Mediators (SPMs)
CD163 Mediating an Anti-Inflammatory Response,0.7352641,1.793143,1.659449,ADAM17;MYH9;FURIN;MAPK14,CD163 Mediating an Anti-Inflammatory Response
ChREBP Activates Metabolic Gene Expression,0.7352641,1.793143,1.659449,ACLY;FASN;AGPAT1;ACACA,ChREBP Activates Metabolic Gene Expression
FRS-mediated FGFR1 Signaling,0.7352641,1.793143,1.659449,PTPN11;GRB2;KRAS;FGFR1,FRS-mediated FGFR1 Signaling
FRS-mediated FGFR2 Signaling,0.7352641,1.793143,1.659449,PTPN11;GRB2;KRAS;FGFR2,FRS-mediated FGFR2 Signaling
FRS-mediated FGFR3 Signaling,0.7352641,1.793143,1.659449,PTPN11;GRB2;KRAS;FGFR3,FRS-mediated FGFR3 Signaling
FRS-mediated FGFR4 Signaling,0.7352641,1.793143,1.659449,PTPN11;GRB2;KRAS;FGFR4,FRS-mediated FGFR4 Signaling
Formation of Definitive Endoderm,0.7352641,1.793143,1.659449,SMAD2;CDH1;CXCR4;CTNNB1,Formation of Definitive Endoderm
Fructose Metabolism,0.7352641,1.793143,1.659449,TKFC;SORD;AKR1B1;ALDOB,Fructose Metabolism
Glycine Degradation,0.7352641,1.793143,1.659449,MRPS36;OGDH;DLST;DLD,Glycine Degradation
Glycosphingolipid Biosynthesis,0.7352641,1.793143,1.659449,B3GALNT1;ST8SIA5;A4GALT;FUT1,Glycosphingolipid Biosynthesis
Ketone Body Metabolism,0.7352641,1.793143,1.659449,HMGCL;BDH1;OXCT1;ACAT1,Ketone Body Metabolism
Miro GTPase Cycle,0.7352641,1.793143,1.659449,RHOT2;RHOT1;RAP1GDS1;MFN2,Miro GTPase Cycle
Nitric Oxide Stimulates Guanylate Cyclase,0.7352641,1.793143,1.659449,IRAG1;ITPR1;PDE5A;PRKG1,Nitric Oxide Stimulates Guanylate Cyclase
NrCAM Interactions,0.7352641,1.793143,1.659449,DLG1;NRP2;NRCAM;ANK1,NrCAM Interactions
OAS Antiviral Response,0.7352641,1.793143,1.659449,RNASEL;OAS3;FLNA;ABCE1,OAS Antiviral Response
PI-3K Cascade FGFR1,0.7352641,1.793143,1.659449,PTPN11;GRB2;PIK3R1;FGFR1,PI-3K Cascade FGFR1
PI-3K Cascade FGFR2,0.7352641,1.793143,1.659449,PTPN11;GRB2;PIK3R1;FGFR2,PI-3K Cascade FGFR2
PI-3K Cascade FGFR3,0.7352641,1.793143,1.659449,PTPN11;GRB2;PIK3R1;FGFR3,PI-3K Cascade FGFR3
PI-3K Cascade FGFR4,0.7352641,1.793143,1.659449,PTPN11;GRB2;PIK3R1;FGFR4,PI-3K Cascade FGFR4
Pyrimidine Catabolism,0.7352641,1.793143,1.659449,NT5C;NT5E;DPYD;TYMP,Pyrimidine Catabolism
SHC-mediated Cascade FGFR1,0.7352641,1.793143,1.659449,SHC1;GRB2;KRAS;FGFR1,SHC-mediated Cascade FGFR1
SHC-mediated Cascade FGFR2,0.7352641,1.793143,1.659449,SHC1;GRB2;KRAS;FGFR2,SHC-mediated Cascade FGFR2
SHC-mediated Cascade FGFR3,0.7352641,1.793143,1.659449,SHC1;GRB2;KRAS;FGFR3,SHC-mediated Cascade FGFR3
SHC-mediated Cascade FGFR4,0.7352641,1.793143,1.659449,SHC1;GRB2;KRAS;FGFR4,SHC-mediated Cascade FGFR4
Synthesis of UDP-N-acetyl-glucosamine,0.7352641,1.793143,1.659449,NAGK;GFPT1;PGM3;RENBP,Synthesis of UDP-N-acetyl-glucosamine
Tight Junction Interactions,0.7352641,1.793143,1.659449,CLDN5;CLDN3;PARD3;F11R,Tight Junction Interactions
Translesion Synthesis by POLI,0.7352641,1.793143,1.659449,PCNA;RPA3;RPA1;RPA2,Translesion Synthesis by POLI
Translesion Synthesis by POLK,0.7352641,1.793143,1.659449,PCNA;RPA3;RPA1;RPA2,Translesion Synthesis by POLK
Translesion Synthesis by REV1,0.7352641,1.793143,1.659449,PCNA;RPA3;RPA1;RPA2,Translesion Synthesis by REV1
Transport of Nucleosides and Free Purine and Pyrimidine Bases Across the Plasma Membrane,0.7352641,1.793143,1.659449,ARL2;SLC25A5;SLC29A1;SLC25A6,Transport of Nucleosides and Free Purine and Pyrimidine Bases Across the Plasma Membrane
Type I Hemidesmosome Assembly,0.7352641,1.793143,1.659449,CD151;LAMA3;ITGA6;PLEC,Type I Hemidesmosome Assembly
cGMP Effects,0.7352641,1.793143,1.659449,IRAG1;ITPR1;PDE5A;PRKG1,cGMP Effects
Antiviral Mechanism by IFN-stimulated Genes,0.7362686,1.076516,0.9926879,EIF4A2;EIF4A1;EIF4A3;IKBKB;TUBB6;PPP2R1A;TUBB1;TRIM25;KPNA4;IKBKG;KPNA3;KPNA1;JAK1;NCK1;NUP214;SEC13;CHUK;PPP2R5A;ILF2;TUBA4B;TUBA4A;DNAJC3;ILF3;PPM1B;OAS3;KPNB1;RNASEL;UBA7;TUBAL3;PPP2CB;FLNA;FLNB;NUP43;EIF4E;SNCA;HSPA8;NPM1;STAT1;STAT3;EIF2AK2;ISG15;EIF2S2;TUBB4B;EIF2S1;TUBB4A;MAVS;EIF2S3;CDK1;PIN1;ABCE1;EIF4G3;EIF4G2;EIF4G1;TUBA8,Antiviral Mechanism by IFN-stimulated Genes
Dual Incision in TC-NER,0.7362686,1.28097,1.175021,DDB1;AQR;USP7;PCNA;RPA3;RPA1;PPIE;RPA2;POLR2H;PRPF19,Dual Incision in TC-NER
Extension of Telomeres,0.7362686,1.28097,1.175021,ANKRD28;PPP6C;PCNA;RUVBL2;RPA3;PPP6R3;RUVBL1;RPA1;TERF2IP;RPA2,Extension of Telomeres
N-glycan Antennae Elongation in the Medial trans-Golgi,0.7362686,1.28097,1.175021,FUT8;ST6GAL1;B4GALT1;MAN2A2;MAN2A1;MGAT5;CHST10;MGAT4B;MGAT3;MGAT2,N-glycan Antennae Elongation in the Medial trans-Golgi
Nuclear Events (Kinase and Transcription Factor Activation),0.7362686,1.28097,1.175021,RPS6KA3;PPP2CB;DUSP3;VGF;PPP2R1A;MAPKAPK2;MAPK1;CHD4;MAPK14;DNM2,Nuclear Events (Kinase and Transcription Factor Activation)
Signaling by PDGFR in Disease,0.7362686,1.28097,1.175021,PDGFRA;WDR48;BIN2;STAT1;STAT3;GRB2;KRAS;STRN;PIK3CB;PIK3R1,Signaling by PDGFR in Disease
Synthesis of Active Ubiquitin Roles of E1 and E2 Enzymes,0.7362686,1.28097,1.175021,UBE2H;USP7;USP5;UBA6;USP9X;UBA1;UBE2Z;UCHL3;UBE2K;UBE2L3,Synthesis of Active Ubiquitin Roles of E1 and E2 Enzymes
Mitochondrial Fatty Acid Beta-Oxidation,0.741698,1.172683,1.064811,ACOT9;ACADVL;ACAA2;ECHS1;ACOT7;ECI1;ACOT13;DBI;HADHB;HADHA;PCCA;NDUFAB1;PCCB;ACADM;HADH;ACADS;DECR1,Mitochondrial Fatty Acid Beta-Oxidation
Signaling by FGFR in Disease,0.741698,1.172683,1.064811,STAT5A;STAT5B;STAT1;STAT3;PIK3R1;ERLIN2;BCR;FGFR1OP2;MYO18A;GRB2;KRAS;LRRFIP1;POLR2H;FGFR4;FGFR3;FGFR2;FGFR1,Signaling by FGFR in Disease
Cilium Assembly,0.7581268,1.071974,0.9460521,YWHAE;ARF4;PKD1;ACTR1A;TUBB6;PPP2R1A;TUBB1;PRKACA;TNPO1;RAB8A;YWHAG;CCT3;CCT2;HSP90AA1;EXOC8;EXOC7;TUBB;CKAP5;TUBA4A;RP2;TCP1;EXOC4;EXOC3;MAPRE1;EXOC2;EXOC1;PAFAH1B1;DYNC1I2;DCTN2;TUBAL3;DCTN1;ARL3;DCTN3;ASAP1;HDAC6;PRKAR2B;CCT8;RAB11FIP3;CCT5;CCT4;DYNC1H1;SEPTIN2;NDE1;GBF1;TUBB4B;TUBB4A;RAB11A;CDK1;TUBA8,Cilium Assembly
Phase I - Functionalization of Compounds,0.7581268,1.152936,1.017143,CYB5B;NQO2;HSP90AB1;ACSS2;MAOB;ADH1B;PTGES3;EPHX1;AIP;ADH5;PTGS1;ADH4;POR;CYB5R3;TBXAS1;ACSS1;CES2;CES1,Phase I - Functionalization of Compounds
TAK1-dependent IKK and NF-kappa-B Activation,0.7581268,1.152936,1.017143,IKBIP;APP;USP14;NLRX1;CHUK;HMGB1;RELA;NFKB1;NFKB2;IKBKB;TRAF6;SAA1;S100A12;IKBKG;TAB1;UBE2V1;MAP3K7;NFKBIB,TAK1-dependent IKK and NF-kappa-B Activation
ADP Signalling Through P2Y Purinoceptor 1,0.7581268,1.232893,1.085359,GNG2;GNG5;SRC;GNAQ;GNB2;GNB1;GNB4;PLA2G4A;GNG12;MAPK14;GNG11,ADP Signalling Through P2Y Purinoceptor 1
Activation of Gene Expression by SREBF (SREBP),0.7581268,1.232893,1.085359,IDI1;FDPS;GGPS1;HMGCS1;TBL1XR1;FASN;PMVK;MVD;DHCR7;LSS;ACACA,Activation of Gene Expression by SREBF (SREBP)
Nucleotide Catabolism,0.7581268,1.232893,1.085359,NT5C;NT5E;PNP;GDA;ENTPD5;ENTPD6;DPYD;NT5C2;NUDT5;ITPA;TYMP,Nucleotide Catabolism
IRAK1 Recruits IKK Complex,0.7696931,1.494237,1.279965,IKBKB;CHUK;TRAF6;IKBKG;UBE2V1,IRAK1 Recruits IKK Complex
IRAK1 Recruits IKK Complex Upon TLR7 8 or 9 Stimulation,0.7696931,1.494237,1.279965,IKBKB;CHUK;TRAF6;IKBKG;UBE2V1,IRAK1 Recruits IKK Complex Upon TLR7 8 or 9 Stimulation
IRAK2 Mediated Activation of TAK1 Complex Upon TLR7 8 or 9 Stimulation,0.7696931,1.494237,1.279965,TRAF6;LY96;CD14;TAB1;MAP3K7,IRAK2 Mediated Activation of TAK1 Complex Upon TLR7 8 or 9 Stimulation
Malate-aspartate Shuttle,0.7696931,1.494237,1.279965,MDH1;MDH2;GOT2;SLC25A11;SLC25A13,Malate-aspartate Shuttle
Methylation,0.7696931,1.494237,1.279965,AHCY;MAT2A;GSTO1;MAT2B;COMT,Methylation
PCNA-Dependent Long Patch Base Excision Repair,0.7696931,1.494237,1.279965,PCNA;APEX1;RPA3;RPA1;RPA2,PCNA-Dependent Long Patch Base Excision Repair
Protein Lipoylation,0.7696931,1.494237,1.279965,NFU1;DBT;NDUFAB1;DLST;DLAT,Protein Lipoylation
TRAF6-mediated Induction of TAK1 Complex Within TLR4 Complex,0.7696931,1.494237,1.279965,TRAF6;LY96;CD14;TAB1;MAP3K7,TRAF6-mediated Induction of TAK1 Complex Within TLR4 Complex
Telomere C-strand (Lagging Strand) Synthesis,0.7696931,1.494237,1.279965,PCNA;RPA3;RPA1;RPA2;TERF2IP,Telomere C-strand (Lagging Strand) Synthesis
Regulation of PLK1 Activity at G2 M Transition,0.7718347,1.100555,0.9386335,YWHAE;DYNC1I2;DCTN2;DCTN1;DCTN3;CUL1;PPP1CB;ACTR1A;PPP2R1A;PRKAR2B;PRKACA;RAB8A;YWHAG;SKP1;DYNC1H1;HSP90AA1;PPP1R12A;TUBB;NDE1;TUBB4B;CKAP5;TUBB4A;TUBA4A;CDK1;MAPRE1;OPTN;PAFAH1B1,Regulation of PLK1 Activity at G2 M Transition
Class B 2 (Secretin Family Receptors),0.7723177,1.195494,1.014324,RAMP3;GNG2;ADGRE5;GNG5;GNB2;GNB1;GNAS;GNB4;GNG12;GNG11;CD55;GIP,Class B 2 (Secretin Family Receptors)
Glycosphingolipid Catabolism,0.7723177,1.195494,1.014324,CTSA;GALC;ARSA;ASAH1;GLB1;HEXB;HEXA;NEU1;PSAP;M6PR;GLA;SUMF2,Glycosphingolipid Catabolism
IRS-mediated Signalling,0.7723177,1.195494,1.014324,AKT2;IRS2;PTPN11;GRB2;KRAS;PIK3C3;PIK3CB;PIK3R1;FGFR4;FGFR3;FGFR2;FGFR1,IRS-mediated Signalling
Negative Regulators of DDX58 IFIH1 Signaling,0.7723177,1.195494,1.014324,ITCH;MAVS;NLRX1;TBK1;UBA7;TRIM4;PCBP2;TRIM25;PIN1;ISG15;UBE2K;ATG5,Negative Regulators of DDX58 IFIH1 Signaling
Protein-protein Interactions at Synapses,0.7805312,1.120837,0.9380638,RTN3;NLGN1;PTPRS;DBNL;NLGN2;EPB41;NRXN1;STXBP1;NRXN3;PTPRF;DLG1;SHARPIN;SLITRK1;EPB41L2;EPB41L3;FLOT1;FLOT2;PDLIM5;DLGAP4;LRRC4B,Protein-protein Interactions at Synapses
MAP Kinase Activation,0.7895024,1.107614,0.9047638,MAP2K3;MAP2K4;MAP2K1;DUSP3;CHUK;CUL1;MAPK14;NFKB1;IKBKB;RPS6KA3;PPP2CB;MAPKAPK3;PPP2R1A;TRAF6;MAPKAPK2;MAPK1;IKBKG;UBE2V1;TAB1;MAP3K7;SKP1,MAP Kinase Activation
Metabolism of Water-Soluble Vitamins and Cofactors,0.7895024,1.064843,0.8618169,ALDH1L1;SHMT2;SHMT1;SLC2A1;SLC2A3;ACACA;GPHN;PPCDC;NADK2;NFS1;NT5E;CYB5R3;PPCS;NAPRT;NAMPT;PRSS3;LDLRAP1;NADK;AASDHPPT;MCCC2;CYB5A;ABCC1;GSTO1;MMAB;DCAKD;MCCC1;MTHFR;COASY;PARP10;BTD;MTHFD1;VNN2;PCCA;TCN1;FASN;PCCB;NAXD;CD320,Metabolism of Water-Soluble Vitamins and Cofactors
Activation of the Pre-Replicative Complex,0.7895024,1.344769,1.086176,MCM7;RPA3;RPA1;RPA2;MCM6;MCM2,Activation of the Pre-Replicative Complex
Apoptosis Induced DNA Fragmentation,0.7895024,1.344769,1.086176,H1-5;CASP3;HMGB2;HMGB1;KPNB1;KPNA1,Apoptosis Induced DNA Fragmentation
"Cobalamin (Cbl, Vitamin B12) Transport and Metabolism",0.7895024,1.344769,1.086176,ABCC1;MMAB;TCN1;LDLRAP1;PRSS3;CD320,"Cobalamin (Cbl, Vitamin B12) Transport and Metabolism"
Cyclin A B1 B2 Associated Events During G2 M Transition,0.7895024,1.344769,1.086176,PPP2CB;XPO1;PPME1;PPP2R1A;CDK1;PPP2R2A,Cyclin A B1 B2 Associated Events During G2 M Transition
Defective GALNT12 Causes CRCS1,0.7895024,1.344769,1.086176,GALNT12;MUC1;MUCL1;MUC13;MUC20;MUC5AC,Defective GALNT12 Causes CRCS1
Diseases Associated With Glycosylation Precursor Biosynthesis,0.7895024,1.344769,1.086176,DPM1;GFPT1;MPI;PMM2;PGM1;GALK1,Diseases Associated With Glycosylation Precursor Biosynthesis
Downstream Signaling of Activated FGFR1,0.7895024,1.344769,1.086176,SHC1;PTPN11;GRB2;KRAS;PIK3R1;FGFR1,Downstream Signaling of Activated FGFR1
Downstream Signaling of Activated FGFR2,0.7895024,1.344769,1.086176,SHC1;PTPN11;GRB2;KRAS;PIK3R1;FGFR2,Downstream Signaling of Activated FGFR2
Downstream Signaling of Activated FGFR3,0.7895024,1.344769,1.086176,SHC1;PTPN11;GRB2;KRAS;PIK3R1;FGFR3,Downstream Signaling of Activated FGFR3
Downstream Signaling of Activated FGFR4,0.7895024,1.344769,1.086176,SHC1;PTPN11;GRB2;KRAS;PIK3R1;FGFR4,Downstream Signaling of Activated FGFR4
Dual Incision in GG-NER,0.7895024,1.344769,1.086176,DDB1;PCNA;PARP1;RPA3;RPA1;RPA2,Dual Incision in GG-NER
Early Phase of HIV Life Cycle,0.7895024,1.344769,1.086176,XRCC6;XRCC5;CXCR4;BANF1;PPIA;KPNA1,Early Phase of HIV Life Cycle
Endosomal Vacuolar Pathway,0.7895024,1.344769,1.086176,HLA-B;HLA-C;LNPEP;HLA-A;CTSS;HLA-E,Endosomal Vacuolar Pathway
GAB1 Signalosome,0.7895024,1.344769,1.086176,EGF;SRC;PTPN11;CSK;GRB2;PIK3R1,GAB1 Signalosome
"PTK6 Regulates RHO GTPases, RAS GTPase and MAP Kinases",0.7895024,1.344769,1.086176,RASA1;ELMO1;KRAS;RAC1;CRK;RHOA,"PTK6 Regulates RHO GTPases, RAS GTPase and MAP Kinases"
Recognition of DNA Damage by PCNA-containing Replication Complex,0.7895024,1.344769,1.086176,DDB1;PCNA;WDR48;RPA3;RPA1;RPA2,Recognition of DNA Damage by PCNA-containing Replication Complex
Telomere Extension By Telomerase,0.7895024,1.344769,1.086176,ANKRD28;PPP6C;RUVBL2;PPP6R3;RUVBL1;TERF2IP,Telomere Extension By Telomerase
Diseases of Programmed Cell Death,0.797583,1.141078,0.9079172,YWHAE;CAST;APP;SOD2;LMNB1;GOLGA2;PRDX2;CAPNS1;RBBP4;C1QBP;PRDX1;LMNA;CAPN2;CAPN1,Diseases of Programmed Cell Death
IGF1R Signaling Cascade,0.797583,1.141078,0.9079172,SHC1;IRS2;PTPN11;PIK3CB;PIK3R1;IGF1;AKT2;PIK3C3;GRB2;KRAS;FGFR4;FGFR3;FGFR2;FGFR1,IGF1R Signaling Cascade
Signaling by Nuclear Receptors,0.8099713,1.040161,0.8104435,HSP90AB1;SMC3;XPO1;AKT2;AKT1;DLAT;CTSD;PDK1;PDHX;HSP90AA1;MMP7;PRMT1;MMP3;SMC1A;MMP9;TBL1XR1;ANGPTL3;PLIN1;FKBP4;DLD;FKBP5;CETP;DDX5;CRABP2;SHC1;SRC;GNAI3;PIK3R1;PDHB;GNAI1;GNAI2;ADH4;GNG2;GNG5;RDH11;RAD21;MAPK1;APOD;APOE;POLR2H;PLTP;PDHA1;EGF;PTGES3;APOC4;GNG12;GNG11;PTK2;DHRS4;PPP5C;FABP5;FASN;GNB2;APOC2;GNB1;GNB4;STRN;KRAS,Signaling by Nuclear Receptors
MyD88 Cascade Initiated on Plasma Membrane,0.8099713,1.062638,0.8229967,APP;USP14;NLRX1;CUL1;HMGB1;RELA;IKBKB;RPS6KA3;PPP2CB;PPP2R1A;S100A12;MAPK1;IKBKG;MAP3K7;SKP1;MAP2K3;IKBIP;MAP2K4;MAP2K1;DUSP3;CHUK;IRAK4;MAPK14;NFKB1;NFKB2;MAPKAPK3;TRAF6;MAPKAPK2;SAA1;UBE2V1;TAB1;NFKBIB,MyD88 Cascade Initiated on Plasma Membrane
Toll Like Receptor 10 (TLR10) Cascade,0.8099713,1.062638,0.8229967,APP;USP14;NLRX1;CUL1;HMGB1;RELA;IKBKB;RPS6KA3;PPP2CB;PPP2R1A;S100A12;MAPK1;IKBKG;MAP3K7;SKP1;MAP2K3;IKBIP;MAP2K4;MAP2K1;DUSP3;CHUK;IRAK4;MAPK14;NFKB1;NFKB2;MAPKAPK3;TRAF6;MAPKAPK2;SAA1;UBE2V1;TAB1;NFKBIB,Toll Like Receptor 10 (TLR10) Cascade
Toll Like Receptor 5 (TLR5) Cascade,0.8099713,1.062638,0.8229967,APP;USP14;NLRX1;CUL1;HMGB1;RELA;IKBKB;RPS6KA3;PPP2CB;PPP2R1A;S100A12;MAPK1;IKBKG;MAP3K7;SKP1;MAP2K3;IKBIP;MAP2K4;MAP2K1;DUSP3;CHUK;IRAK4;MAPK14;NFKB1;NFKB2;MAPKAPK3;TRAF6;MAPKAPK2;SAA1;UBE2V1;TAB1;NFKBIB,Toll Like Receptor 5 (TLR5) Cascade
Maternal to Zygotic Transition (MZT),0.8099713,1.120665,0.8666685,EIF4A2;EIF4A1;EIF4A3;TUBB4B;CNOT1;CNOT11;TNKS1BP1;ELOC;PABPC1;RPS2;EIF4E;EIF4B;EIF4G1;DIS3L2;PAIP1,Maternal to Zygotic Transition (MZT)
Chaperone Mediated Autophagy,0.8099713,1.255077,0.9665472,HSPA8;HSP90AA1;HSP90AB1;PLIN3;PARK7;VIM;HDAC6,Chaperone Mediated Autophagy
Interleukin-37 Signaling,0.8099713,1.255077,0.9665472,PTPN18;TBK1;STAT3;PTPN11;PTPN6;PTPN12;PTPN23,Interleukin-37 Signaling
Interleukin-6 Family Signaling,0.8099713,1.255077,0.9665472,STAT1;STAT3;PTPN11;CBL;IL6ST;JAK2;JAK1,Interleukin-6 Family Signaling
Purine Catabolism,0.8099713,1.255077,0.9665472,NT5C;NT5E;PNP;GDA;NT5C2;NUDT5;ITPA,Purine Catabolism
Regulation of NF-kappa B Signaling,0.8099713,1.255077,0.9665472,IKBIP;IKBKB;USP14;NLRX1;CHUK;TRAF6;IKBKG,Regulation of NF-kappa B Signaling
Spry Regulation of FGF Signaling,0.8099713,1.255077,0.9665472,PPP2CB;SRC;PPP2R1A;MAPK1;PTPN11;GRB2;CBL,Spry Regulation of FGF Signaling
SARS-CoV-1 Activates Modulates Innate Immune Responses,0.8230966,1.103388,0.8309817,TOMM70;NMI;RELA;NFKB1;BST2;FKBP1A;ITCH;MAVS;TBK1;TKFC;TRAF6;PCBP2;TRIM25;PPIB;PPIA;KPNB1,SARS-CoV-1 Activates Modulates Innate Immune Responses
Metabolism of Steroids,0.8256419,1.051118,0.7864457,IDI1;SEC23A;SAR1B;AKR1B1;HSD17B4;HSD17B12;HSD17B11;ACACA;ACAT2;HSD11B1;NSDHL;EBP;SCP2;OSBP;PMVK;SUMO2;LDLRAP1;LBR;OSBPL9;FDPS;ACOT8;GGPS1;HMGCS1;OSBPL2;DHCR24;LSS;TBL1XR1;FASN;MVD;DHCR7;SEC24D;SEC24C;KPNB1;RAN,Metabolism of Steroids
Toll Like Receptor 7 8 (TLR7 8) Cascade,0.8256419,1.051118,0.7864457,APP;USP14;NLRX1;CUL1;LY96;HMGB1;RELA;IKBKB;RPS6KA3;PPP2CB;PPP2R1A;S100A12;MAPK1;CD14;IKBKG;MAP3K7;SKP1;MAP2K3;IKBIP;MAP2K4;MAP2K1;DUSP3;CHUK;IRAK4;MAPK14;NFKB1;NFKB2;MAPKAPK3;TRAF6;MAPKAPK2;SAA1;UBE2V1;TAB1;NFKBIB,Toll Like Receptor 7 8 (TLR7 8) Cascade
Regulation of TP53 Activity Through Acetylation,0.8319354,1.195272,0.884132,RBBP4;AKT2;AKT1;PIP4K2A;PIN1;CHD4;PIP4K2B;PIP4K2C,Regulation of TP53 Activity Through Acetylation
Amino Acids Regulate mTORC1,0.8320148,1.088575,0.7996957,ATP6V1A;ATP6V1G1;SEC13;MTOR;RHEB;ATP6V1B2;ATP6V1H;LAMTOR2;LAMTOR1;ATP6V1E1;LAMTOR4;ATP6V0C;ATP6V1D;LAMTOR3;ATP6V1C1;ATP6V1F;LAMTOR5,Amino Acids Regulate mTORC1
MyD88-independent TLR4 Cascade,0.8320148,1.041077,0.7538834,APP;USP14;NLRX1;CUL1;LY96;HMGB1;RELA;IKBKB;RPS6KA3;PPP2CB;TBK1;PPP2R1A;S100A12;MAPK1;CD14;IKBKG;MAP3K7;SKP1;MAP2K3;IKBIP;MAP2K4;MAP2K1;DUSP3;CHUK;PTPN11;MAPK14;NFKB1;NFKB2;MAPKAPK3;TRAF6;MAPKAPK2;SAA1;UBE2V1;TAB1;OPTN;NFKBIB,MyD88-independent TLR4 Cascade
TRIF (TICAM1)-mediated TLR4 Signaling,0.8320148,1.041077,0.7538834,APP;USP14;NLRX1;CUL1;LY96;HMGB1;RELA;IKBKB;RPS6KA3;PPP2CB;TBK1;PPP2R1A;S100A12;MAPK1;CD14;IKBKG;MAP3K7;SKP1;MAP2K3;IKBIP;MAP2K4;MAP2K1;DUSP3;CHUK;PTPN11;MAPK14;NFKB1;NFKB2;MAPKAPK3;TRAF6;MAPKAPK2;SAA1;UBE2V1;TAB1;OPTN;NFKBIB,TRIF (TICAM1)-mediated TLR4 Signaling
Toll Like Receptor 9 (TLR9) Cascade,0.8320148,1.041077,0.7538834,APP;USP14;NLRX1;CUL1;LY96;HMGB1;RELA;EEA1;IKBKB;RPS6KA3;PPP2CB;PPP2R1A;S100A12;MAPK1;CD14;IKBKG;MAP3K7;SKP1;MAP2K3;IKBIP;MAP2K4;MAP2K1;DUSP3;CHUK;IRAK4;MAPK14;NFKB1;NFKB2;MAPKAPK3;TRAF6;MAPKAPK2;SAA1;PIK3C3;UBE2V1;TAB1;NFKBIB,Toll Like Receptor 9 (TLR9) Cascade
CREB1 Phosphorylation Through NMDA Receptor-Mediated Activation of RAS Signaling,0.8320148,1.152546,0.8231356,CAMK2B;RPS6KA3;CAMK2D;DLG1;ACTN2;CAMK2A;MAPK1;KRAS;CAMK2G,CREB1 Phosphorylation Through NMDA Receptor-Mediated Activation of RAS Signaling
PD-1 Signaling,0.8320148,1.152546,0.8231356,LCK;HLA-DPB1;CSK;PTPN11;PTPN6;CD247;HLA-DRB3;HLA-DPA1;HLA-DQB1,PD-1 Signaling
Regulation of Expression and Function of Type II Classical Cadherins,0.8320148,1.152546,0.8231356,ILF3;JUP;CTNND1;CDH11;CTNNA1;CTNNB1;ANGPTL4;CDH8;CDH19,Regulation of Expression and Function of Type II Classical Cadherins
Regulation of Homotypic Cell-Cell Adhesion,0.8320148,1.152546,0.8231356,ILF3;JUP;CTNND1;CDH11;CTNNA1;CTNNB1;ANGPTL4;CDH8;CDH19,Regulation of Homotypic Cell-Cell Adhesion
Activated TAK1 Mediates P38 MAPK Activation,0.8320148,1.152546,0.8231356,MAP2K3;MAPKAPK3;TRAF6;MAPKAPK2;IKBKG;TAB1;UBE2V1;MAPK14;MAP3K7,Activated TAK1 Mediates P38 MAPK Activation
CTLA4 Inhibitory Signaling,0.8320148,1.120494,0.7756585,LYN;PPP2CB;SRC;LCK;PPP2R1A;AKT2;PPP2R5A;AKT1;PTPN11;FYN,CTLA4 Inhibitory Signaling
Circadian Clock,0.8320148,1.120494,0.7756585,PPP1CB;PPP1CC;F7;CPT1A;TBL1XR1;SERPINE1;NAMPT;CUL1;SKP1;PPP1CA,Circadian Clock
Thromboxane Signalling Through TP Receptor,0.8320148,1.120494,0.7756585,GNA13;GNG2;GNG5;TBXA2R;GNAQ;GNB2;GNB1;GNB4;GNG12;GNG11,Thromboxane Signalling Through TP Receptor
Transcriptional Regulation of White Adipocyte Differentiation,0.8320148,1.120494,0.7756585,TGFB1;TBL1XR1;THRAP3;LEP;LPL;CD36;ANGPTL4;PLIN1;RELA;NFKB1,Transcriptional Regulation of White Adipocyte Differentiation
Pyruvate Metabolism,0.8320148,1.05457,0.7247108,PDHX;WDR26;FAHD1;PDHA1;GLO1;PDHB;PDP1;LDHB;LDHA;PKM;PDPR;GID8;ME1;PGAM5;VDAC1;DLAT;ME2;HAGH;DLD;PDK1,Pyruvate Metabolism
Deadenylation-dependent mRNA Decay,0.8320148,1.045748,0.7043272,EIF4A2;EIF4A1;HBS1L;DDX6;EIF4A3;LSM1;LSM4;LSM3;LSM2;EDC4;LSM7;LSM6;CNOT1;CNOT11;TNKS1BP1;PABPC1;DCPS;EIF4E;EIF4B;PAIP1;EIF4G1,Deadenylation-dependent mRNA Decay
Interleukin-17 Signaling,0.8320148,1.045748,0.7043272,MAP2K3;MAP2K4;MAP2K1;DUSP3;CHUK;CUL1;MAPK14;NFKB1;IKBKB;RPS6KA3;PPP2CB;MAPKAPK3;PPP2R1A;TRAF6;MAPKAPK2;MAPK1;IKBKG;UBE2V1;TAB1;MAP3K7;SKP1,Interleukin-17 Signaling
Sialic Acid Metabolism,0.8320148,1.095558,0.7373019,CTSA;ST6GAL1;ST6GAL2;GLB1;NEU1;ST8SIA4;ST8SIA5;ST3GAL6;NPL;NANS;ST3GAL1,Sialic Acid Metabolism
Signaling by FGFR3,0.8320148,1.095558,0.7373019,PPP2CB;SHC1;SRC;PPP2R1A;MAPK1;PTPN11;GRB2;KRAS;PIK3R1;CBL;FGFR3,Signaling by FGFR3
Signaling by FGFR4,0.8320148,1.095558,0.7373019,PPP2CB;SHC1;SRC;PPP2R1A;MAPK1;PTPN11;GRB2;KRAS;PIK3R1;CBL;FGFR4,Signaling by FGFR4
Telomere Maintenance,0.8320148,1.095558,0.7373019,ANKRD28;PPP6C;PCNA;RUVBL2;RPA3;PPP6R3;RUVBL1;RPA1;TERF2IP;RPA2;POLR2H,Telomere Maintenance
Neurexins and Neuroligins,0.8320148,1.075604,0.7054156,NLGN1;DBNL;NLGN2;SHARPIN;EPB41;NRXN1;STXBP1;EPB41L2;EPB41L3;NRXN3;PDLIM5;DLGAP4,Neurexins and Neuroligins
Drug ADME,0.8320148,1.030741,0.6684994,ABCC4;PON3;GGT7;ABCC1;PON1;GMPS;ADK;NT5C2;VAV1;CNDP2;NME1;HSD11B1;SULT1A1;PNP;SULT1E1;BSG;HPRT1;RAC1;SLC29A1;CES2;ITPA;UGT2B7;CES1,Drug ADME
Chromosome Maintenance,0.8320148,1.059272,0.6783043,ANKRD28;NPM1;PCNA;RPA1;RPA2;PPP6C;RBBP4;RUVBL2;RPA3;RUVBL1;PPP6R3;TERF2IP;POLR2H,Chromosome Maintenance
IRS-related Events Triggered by IGF1R,0.8320148,1.059272,0.6783043,IRS2;PTPN11;PIK3CB;PIK3R1;IGF1;AKT2;PIK3C3;GRB2;KRAS;FGFR4;FGFR3;FGFR2;FGFR1,IRS-related Events Triggered by IGF1R
Acrosome Reaction and Sperm Oocyte Membrane Binding,0.8320148,inf,inf,CD9,Acrosome Reaction and Sperm Oocyte Membrane Binding
Activated Point Mutants of FGFR2,0.8320148,inf,inf,FGFR2,Activated Point Mutants of FGFR2
Activation of the Phototransduction Cascade,0.8320148,inf,inf,GNB1,Activation of the Phototransduction Cascade
Androgen Biosynthesis,0.8320148,inf,inf,HSD17B12,Androgen Biosynthesis
"Base-Excision Repair, AP Site Formation",0.8320148,inf,inf,TERF2IP,"Base-Excision Repair, AP Site Formation"
Binding of TCF LEF CTNNB1 to Target Gene Promoters,0.8320148,inf,inf,CTNNB1,Binding of TCF LEF CTNNB1 to Target Gene Promoters
Biosynthesis of Maresins,0.8320148,inf,inf,EPHX2,Biosynthesis of Maresins
Calcitonin-like Ligand Receptors,0.8320148,inf,inf,RAMP3,Calcitonin-like Ligand Receptors
Cell Redox Homeostasis,0.8320148,inf,inf,DLAT,Cell Redox Homeostasis
Cleavage of the Damaged Purine,0.8320148,inf,inf,TERF2IP,Cleavage of the Damaged Purine
Cleavage of the Damaged Pyrimidine,0.8320148,inf,inf,TERF2IP,Cleavage of the Damaged Pyrimidine
Depurination,0.8320148,inf,inf,TERF2IP,Depurination
Depyrimidination,0.8320148,inf,inf,TERF2IP,Depyrimidination
Displacement of DNA Glycosylase by APEX1,0.8320148,inf,inf,APEX1,Displacement of DNA Glycosylase by APEX1
E2F-enabled Inhibition of Pre-Replication Complex Formation,0.8320148,inf,inf,CDK1,E2F-enabled Inhibition of Pre-Replication Complex Formation
Eicosanoids,0.8320148,inf,inf,TBXAS1,Eicosanoids
Electric Transmission Across Gap Junctions,0.8320148,inf,inf,PANX1,Electric Transmission Across Gap Junctions
Estrogen Biosynthesis,0.8320148,inf,inf,HSD17B11,Estrogen Biosynthesis
FGFR2c Ligand Binding and Activation,0.8320148,inf,inf,FGFR2,FGFR2c Ligand Binding and Activation
FGFR3 Ligand Binding and Activation,0.8320148,inf,inf,FGFR3,FGFR3 Ligand Binding and Activation
FGFR3 Mutant Receptor Activation,0.8320148,inf,inf,FGFR3,FGFR3 Mutant Receptor Activation
FGFR3b Ligand Binding and Activation,0.8320148,inf,inf,FGFR3,FGFR3b Ligand Binding and Activation
FGFR3c Ligand Binding and Activation,0.8320148,inf,inf,FGFR3,FGFR3c Ligand Binding and Activation
FGFR4 Ligand Binding and Activation,0.8320148,inf,inf,FGFR4,FGFR4 Ligand Binding and Activation
FLT3 Signaling by CBL Mutants,0.8320148,inf,inf,CBL,FLT3 Signaling by CBL Mutants
G2 M DNA Replication Checkpoint,0.8320148,inf,inf,CDK1,G2 M DNA Replication Checkpoint
Hyaluronan Biosynthesis and Export,0.8320148,inf,inf,CEMIP,Hyaluronan Biosynthesis and Export
Interaction With Cumulus Cells And The Zona Pellucida,0.8320148,inf,inf,B4GALT1,Interaction With Cumulus Cells And The Zona Pellucida
Interleukin-18 Signaling,0.8320148,inf,inf,IL18,Interleukin-18 Signaling
"Metabolism of Ingested SeMet, Sec, MeSec Into H2Se",0.8320148,inf,inf,AHCY,"Metabolism of Ingested SeMet, Sec, MeSec Into H2Se"
Minus-strand DNA Synthesis,0.8320148,inf,inf,PPIA,Minus-strand DNA Synthesis
NR1H2 & NR1H3 Regulate Gene Expression Linked to Triglyceride Lipolysis in Adipose,0.8320148,inf,inf,PLIN1,NR1H2 & NR1H3 Regulate Gene Expression Linked to Triglyceride Lipolysis in Adipose
"POU5F1 (OCT4), SOX2, NANOG Activate Genes Related to Proliferation",0.8320148,inf,inf,STAT3,"POU5F1 (OCT4), SOX2, NANOG Activate Genes Related to Proliferation"
Packaging Of Telomere Ends,0.8320148,inf,inf,TERF2IP,Packaging Of Telomere Ends
Passive Transport by Aquaporins,0.8320148,inf,inf,AQP1,Passive Transport by Aquaporins
Phospholipase C-mediated Cascade FGFR1,0.8320148,inf,inf,FGFR1,Phospholipase C-mediated Cascade FGFR1
Phospholipase C-mediated Cascade; FGFR2,0.8320148,inf,inf,FGFR2,Phospholipase C-mediated Cascade; FGFR2
Phospholipase C-mediated Cascade; FGFR3,0.8320148,inf,inf,FGFR3,Phospholipase C-mediated Cascade; FGFR3
Phospholipase C-mediated Cascade; FGFR4,0.8320148,inf,inf,FGFR4,Phospholipase C-mediated Cascade; FGFR4
Phosphorylation of Emi1,0.8320148,inf,inf,CDK1,Phosphorylation of Emi1
Plus-strand DNA Synthesis,0.8320148,inf,inf,PPIA,Plus-strand DNA Synthesis
RUNX3 Regulates WNT Signaling,0.8320148,inf,inf,CTNNB1,RUNX3 Regulates WNT Signaling
Recognition and Association of DNA Glycosylase With Site Containing an Affected Purine,0.8320148,inf,inf,TERF2IP,Recognition and Association of DNA Glycosylase With Site Containing an Affected Purine
Recognition and Association of DNA Glycosylase With Site Containing an Affected Pyrimidine,0.8320148,inf,inf,TERF2IP,Recognition and Association of DNA Glycosylase With Site Containing an Affected Pyrimidine
Replication of the SARS-CoV-1 Genome,0.8320148,inf,inf,DDX5,Replication of the SARS-CoV-1 Genome
Replication of the SARS-CoV-2 Genome,0.8320148,inf,inf,DDX5,Replication of the SARS-CoV-2 Genome
Respiratory Syncytial Virus Genome Transcription,0.8320148,inf,inf,HSPA8,Respiratory Syncytial Virus Genome Transcription
Response to Metal Ions,0.8320148,inf,inf,CSRP1,Response to Metal Ions
Reverse Transcription of HIV RNA,0.8320148,inf,inf,PPIA,Reverse Transcription of HIV RNA
SARS-CoV-1 Genome Replication and Transcription,0.8320148,inf,inf,DDX5,SARS-CoV-1 Genome Replication and Transcription
SARS-CoV-2 Genome Replication and Transcription,0.8320148,inf,inf,DDX5,SARS-CoV-2 Genome Replication and Transcription
SARS-CoV-2 Targets PDZ Proteins in Cell-Cell Junction,0.8320148,inf,inf,TJP1,SARS-CoV-2 Targets PDZ Proteins in Cell-Cell Junction
Signaling by Activated Point Mutants of FGFR1,0.8320148,inf,inf,FGFR1,Signaling by Activated Point Mutants of FGFR1
Signaling by Activated Point Mutants of FGFR3,0.8320148,inf,inf,FGFR3,Signaling by Activated Point Mutants of FGFR3
Synthesis of Epoxy (EET) and Dihydroxyeicosatrienoic Acids (DHET),0.8320148,inf,inf,EPHX2,Synthesis of Epoxy (EET) and Dihydroxyeicosatrienoic Acids (DHET)
Tachykinin Receptors Bind Tachykinins,0.8320148,inf,inf,TAC3,Tachykinin Receptors Bind Tachykinins
Telomere C-strand Synthesis Initiation,0.8320148,inf,inf,TERF2IP,Telomere C-strand Synthesis Initiation
Tolerance by Mtb to Nitric Oxide Produced by Macrophages,0.8320148,inf,inf,MSRA,Tolerance by Mtb to Nitric Oxide Produced by Macrophages
Transcriptional Regulation of Testis Differentiation,0.8320148,inf,inf,PTGDS,Transcriptional Regulation of Testis Differentiation
Transmission Across Electrical Synapses,0.8320148,inf,inf,PANX1,Transmission Across Electrical Synapses
Uncoating of the HIV Virion,0.8320148,inf,inf,PPIA,Uncoating of the HIV Virion
vRNA Synthesis,0.8320148,inf,inf,PARP1,vRNA Synthesis
Insulin Receptor Signalling Cascade,0.8320148,1.045657,0.6548303,SHC1;IRS2;PTPN11;PIK3CB;PIK3R1;AKT2;MAPK1;PIK3C3;GRB2;KRAS;FGFR4;FGFR3;FGFR2;FGFR1,Insulin Receptor Signalling Cascade
RND2 GTPase Cycle,0.8320148,1.045657,0.6548303,NUDC;TFRC;FNBP1;TXNL1;ARHGAP1;SCRIB;PIK3R1;CKAP4;KTN1;ALDH3A2;GOLGA3;MUC13;DSG1;RBMX,RND2 GTPase Cycle
Transcriptional Regulation by TP53,0.8320148,0.9985032,0.6202693,YWHAE;GPI;STEAP3;YWHAB;COX4I1;PRKAG1;PTEN;CHM;CHD4;COX6A1;GLS;YWHAQ;PPP2R1A;CASP6;AKT2;AKT1;PIP4K2A;TNKS1BP1;PIP4K2B;ELOB;PIP4K2C;ELOC;YWHAG;YWHAH;PRMT5;PRKAB2;G6PD;USP7;PRMT1;IGFBP3;RABGGTB;PRKAB1;RABGGTA;YWHAZ;COX6B1;COX7A2L;CSNK2B;MT-CO2;MT-CO3;PRKAA1;PCNA;COX7A2;COX5B;COX5A;NDRG1;PRDX2;PPP2CB;RBBP4;PRDX1;SFN;POLR2H;BID;NPM1;NDUFA4;TXNRD1;GSR;RPA1;RPA2;COX6C;MAPK14;PRDX6;MTOR;RGCC;TP53I3;TTC5;CNOT1;CNOT11;RHEB;RPA3;CDK1;CYCS;PIN1;BAX;LAMTOR2;LAMTOR1;LAMTOR4;LAMTOR3;LAMTOR5,Transcriptional Regulation by TP53
APOBEC3G Mediated Resistance to HIV-1 Infection,0.8320148,1.792693,1.101141,BANF1;PPIA,APOBEC3G Mediated Resistance to HIV-1 Infection
"Activation of NIMA Kinases NEK9, NEK6, NEK7",0.8320148,1.792693,1.101141,NEK9;CDK1,"Activation of NIMA Kinases NEK9, NEK6, NEK7"
Arachidonate Production From DAG,0.8320148,1.792693,1.101141,DAGLB;MGLL,Arachidonate Production From DAG
Atorvastatin ADME,0.8320148,1.792693,1.101141,PON3;PON1,Atorvastatin ADME
Binding and Entry of HIV Virion,0.8320148,1.792693,1.101141,CXCR4;PPIA,Binding and Entry of HIV Virion
CREB Phosphorylation,0.8320148,1.792693,1.101141,RPS6KA3;MAPKAPK2,CREB Phosphorylation
CREB1 Phosphorylation Through the Activation of CaMKII CaMKK CaMKIV Cascasde,0.8320148,1.792693,1.101141,CAMK2B;CAMK2G,CREB1 Phosphorylation Through the Activation of CaMKII CaMKK CaMKIV Cascasde
Cellular Hexose Transport,0.8320148,1.792693,1.101141,SLC2A1;SLC2A3,Cellular Hexose Transport
Diseases Associated With Visual Transduction,0.8320148,1.792693,1.101141,RBP4;TTR,Diseases Associated With Visual Transduction
Diseases of the Neuronal System,0.8320148,1.792693,1.101141,RBP4;TTR,Diseases of the Neuronal System
Fertilization,0.8320148,1.792693,1.101141,B4GALT1;CD9,Fertilization
Glycosphingolipid Transport,0.8320148,1.792693,1.101141,ESYT2;ESYT1,Glycosphingolipid Transport
HDL Clearance,0.8320148,1.792693,1.101141,HDLBP;APOA1,HDL Clearance
LRR FLII-interacting Protein 1 (LRRFIP1) Activates Type I IFN Production,0.8320148,1.792693,1.101141,CTNNB1;LRRFIP1,LRR FLII-interacting Protein 1 (LRRFIP1) Activates Type I IFN Production
NADE Modulates Death Signalling,0.8320148,1.792693,1.101141,YWHAE;CASP3,NADE Modulates Death Signalling
NR1H2 & NR1H3 Regulate Gene Expression Linked to Lipogenesis,0.8320148,1.792693,1.101141,FASN;ANGPTL3,NR1H2 & NR1H3 Regulate Gene Expression Linked to Lipogenesis
Phosphate Bond Hydrolysis by NTPDase Proteins,0.8320148,1.792693,1.101141,ENTPD5;ENTPD6,Phosphate Bond Hydrolysis by NTPDase Proteins
RHOT1 GTPase Cycle,0.8320148,1.792693,1.101141,RHOT1;RAP1GDS1,RHOT1 GTPase Cycle
RNA Polymerase I Promoter Escape,0.8320148,1.792693,1.101141,CBX3;POLR2H,RNA Polymerase I Promoter Escape
RNA Polymerase III Transcription Initiation,0.8320148,1.792693,1.101141,GTF3C5;POLR2H,RNA Polymerase III Transcription Initiation
RNA Polymerase III Transcription Initiation From Type 1 Promoter,0.8320148,1.792693,1.101141,GTF3C5;POLR2H,RNA Polymerase III Transcription Initiation From Type 1 Promoter
RNA Polymerase III Transcription Initiation From Type 2 Promoter,0.8320148,1.792693,1.101141,GTF3C5;POLR2H,RNA Polymerase III Transcription Initiation From Type 2 Promoter
RNA Polymerase III Transcription Termination,0.8320148,1.792693,1.101141,SSB;POLR2H,RNA Polymerase III Transcription Termination
RORA Activates Gene Expression,0.8320148,1.792693,1.101141,CPT1A;TBL1XR1,RORA Activates Gene Expression
RUNX3 Regulates NOTCH Signaling,0.8320148,1.792693,1.101141,JAG1;NOTCH1,RUNX3 Regulates NOTCH Signaling
Regulation of BACH1 Activity,0.8320148,1.792693,1.101141,CUL1;SKP1,Regulation of BACH1 Activity
Regulation of FZD by Ubiquitination,0.8320148,1.792693,1.101141,LRP5;LRP6,Regulation of FZD by Ubiquitination
"Regulation of TBK1, IKK?-mediated Activation of IRF3, IRF7 Upon TLR3 Ligation",0.8320148,1.792693,1.101141,TBK1;OPTN,"Regulation of TBK1, IKK?-mediated Activation of IRF3, IRF7 Upon TLR3 Ligation"
Regulation of TP53 Activity Through Association With Co-factors,0.8320148,1.792693,1.101141,AKT2;AKT1,Regulation of TP53 Activity Through Association With Co-factors
Regulation of Commissural Axon Pathfinding by SLIT and ROBO,0.8320148,1.792693,1.101141,NELL2;SRC,Regulation of Commissural Axon Pathfinding by SLIT and ROBO
Retinoid Cycle Disease Events,0.8320148,1.792693,1.101141,RBP4;TTR,Retinoid Cycle Disease Events
SMAD2 3 Phosphorylation Motif Mutants in Cancer,0.8320148,1.792693,1.101141,SMAD2;TGFB1,SMAD2 3 Phosphorylation Motif Mutants in Cancer
Sodium Calcium Exchangers,0.8320148,1.792693,1.101141,SLC8A3;SRI,Sodium Calcium Exchangers
Sodium Proton Exchangers,0.8320148,1.792693,1.101141,SLC9A9;SLC9A1,Sodium Proton Exchangers
Synthesis of 15-Eicosatetraenoic Acid Derivatives,0.8320148,1.792693,1.101141,GPX1;GPX4,Synthesis of 15-Eicosatetraenoic Acid Derivatives
Synthesis of PI,0.8320148,1.792693,1.101141,PITPNM2;CDIPT,Synthesis of PI
Synthesis of Pyrophosphates in the Cytosol,0.8320148,1.792693,1.101141,PPIP5K2;NUDT3,Synthesis of Pyrophosphates in the Cytosol
TGFBR1 KD Mutants in Cancer,0.8320148,1.792693,1.101141,SMAD2;TGFB1,TGFBR1 KD Mutants in Cancer
"Tetrahydrobiopterin (BH4) Synthesis, Recycling, Salvage and Regulation",0.8320148,1.792693,1.101141,HSP90AA1;AKT1,"Tetrahydrobiopterin (BH4) Synthesis, Recycling, Salvage and Regulation"
Trafficking of Myristoylated Proteins to the Cilium,0.8320148,1.792693,1.101141,RP2;ARL3,Trafficking of Myristoylated Proteins to the Cilium
Transport of Fatty Acids,0.8320148,1.792693,1.101141,APOD;SLC27A4,Transport of Fatty Acids
RND3 GTPase Cycle,0.8320148,1.034132,0.6342,DSP;ROCK1;TMOD3;TXNL1;SCRIB;PIK3R1;CKAP4;KTN1;CPD;FLOT2;MUC13;DSG1;CKB;RBMX;PICALM,RND3 GTPase Cycle
2-LTR Circle Formation,0.8320148,1.344476,0.8006711,XRCC6;XRCC5;BANF1,2-LTR Circle Formation
ARMS-mediated Activation,0.8320148,1.344476,0.8006711,RAP1A;YWHAB;CRK,ARMS-mediated Activation
Alpha-protein Kinase 1 Signaling Pathway,0.8320148,1.344476,0.8006711,TRAF6;TAB1;MAP3K7,Alpha-protein Kinase 1 Signaling Pathway
Biosynthesis of DHA-derived SPMs,0.8320148,1.344476,0.8006711,GPX4;EPHX2;ALOX12,Biosynthesis of DHA-derived SPMs
Branched-chain Ketoacid Dehydrogenase Kinase Deficiency,0.8320148,1.344476,0.8006711,BCKDK;DBT;DLD,Branched-chain Ketoacid Dehydrogenase Kinase Deficiency
Deposition of New CENPA-containing Nucleosomes at the Centromere,0.8320148,1.344476,0.8006711,NPM1;RBBP4;RUVBL1,Deposition of New CENPA-containing Nucleosomes at the Centromere
E2F Mediated Regulation of DNA Replication,0.8320148,1.344476,0.8006711,PPP2CB;PPP2R1A;CDK1,E2F Mediated Regulation of DNA Replication
Fibronectin Matrix Formation,0.8320148,1.344476,0.8006711,ITGB1;FN1;ITGA5,Fibronectin Matrix Formation
"Formation of the Active Cofactor, UDP-glucuronate",0.8320148,1.344476,0.8006711,UGDH;UGP2;UXS1,"Formation of the Active Cofactor, UDP-glucuronate"
Formation of the Nephric Duct,0.8320148,1.344476,0.8006711,CTNNB1;NPNT;PCDH19,Formation of the Nephric Duct
Glycogen Storage Diseases,0.8320148,1.344476,0.8006711,GYS1;GAA;GYG1,Glycogen Storage Diseases
Induction of Cell-Cell Fusion,0.8320148,1.344476,0.8006711,ANO10;ANO6;FURIN,Induction of Cell-Cell Fusion
Maturation of Protein 3A 9683673,0.8320148,1.344476,0.8006711,ST6GAL1;GALNT1;ST3GAL1,Maturation of Protein 3A 9683673
Maturation of Protein 3A 9694719,0.8320148,1.344476,0.8006711,ST6GAL1;GALNT1;ST3GAL1,Maturation of Protein 3A 9694719
Methionine Salvage Pathway,0.8320148,1.344476,0.8006711,MTAP;MRI1;ENOPH1,Methionine Salvage Pathway
NOTCH3 Intracellular Domain Regulates Transcription,0.8320148,1.344476,0.8006711,NOTCH3;NOTCH1;STAT1,NOTCH3 Intracellular Domain Regulates Transcription
NOTCH4 Intracellular Domain Regulates Transcription,0.8320148,1.344476,0.8006711,NOTCH2;NOTCH1;FLT4,NOTCH4 Intracellular Domain Regulates Transcription
Neurotransmitter Clearance,0.8320148,1.344476,0.8006711,ACHE;COMT;SLC6A4,Neurotransmitter Clearance
Nucleosome Assembly,0.8320148,1.344476,0.8006711,NPM1;RBBP4;RUVBL1,Nucleosome Assembly
Processing and Activation of SUMO,0.8320148,1.344476,0.8006711,SUMO2;UBA2;SAE1,Processing and Activation of SUMO
Proton-coupled Monocarboxylate Transport,0.8320148,1.344476,0.8006711,BSG;SLC16A7;SLC16A3,Proton-coupled Monocarboxylate Transport
RHOBTB3 ATPase Cycle,0.8320148,1.344476,0.8006711,HGS;CUL3;PLIN3,RHOBTB3 ATPase Cycle
RHOT2 GTPase Cycle,0.8320148,1.344476,0.8006711,RHOT2;RAP1GDS1;MFN2,RHOT2 GTPase Cycle
RUNX2 Regulates Genes Involved in Cell Migration,0.8320148,1.344476,0.8006711,AKT2;AKT1;ITGA5,RUNX2 Regulates Genes Involved in Cell Migration
SHC1 Events in ERBB4 Signaling,0.8320148,1.344476,0.8006711,SHC1;GRB2;KRAS,SHC1 Events in ERBB4 Signaling
SLC15A4 TASL-dependent IRF5 Activation,0.8320148,1.344476,0.8006711,IKBKB;CHUK;IKBKG,SLC15A4 TASL-dependent IRF5 Activation
"SUMO Is Transferred From E1 to E2 (UBE2I, UBC9)",0.8320148,1.344476,0.8006711,SUMO2;UBA2;SAE1,"SUMO Is Transferred From E1 to E2 (UBE2I, UBC9)"
Signaling by TGF-beta Receptor Complex in Cancer,0.8320148,1.344476,0.8006711,FKBP1A;SMAD2;TGFB1,Signaling by TGF-beta Receptor Complex in Cancer
Synthesis of Ketone Bodies,0.8320148,1.344476,0.8006711,HMGCL;BDH1;ACAT1,Synthesis of Ketone Bodies
Synthesis of Bile Acids and Bile Salts via 7Alpha-Hydroxycholesterol,0.8320148,1.344476,0.8006711,ACOT8;SCP2;HSD17B4,Synthesis of Bile Acids and Bile Salts via 7Alpha-Hydroxycholesterol
"TICAM1,TRAF6-dependent Induction of TAK1 Complex",0.8320148,1.344476,0.8006711,TRAF6;TAB1;MAP3K7,"TICAM1,TRAF6-dependent Induction of TAK1 Complex"
Activated NTRK2 Signals Through FRS2 and FRS3,0.8320148,1.195051,0.6934106,NTRK2;GRB2;KRAS;PTPN11,Activated NTRK2 Signals Through FRS2 and FRS3
Activated NTRK2 Signals Through RAS,0.8320148,1.195051,0.6934106,NTRK2;SHC1;GRB2;KRAS,Activated NTRK2 Signals Through RAS
Aspirin ADME,0.8320148,1.195051,0.6934106,BSG;CES2;UGT2B7;CES1,Aspirin ADME
Beta-oxidation of pristanoyl-CoA,0.8320148,1.195051,0.6934106,ACOT8;SCP2;HSD17B4;CRAT,Beta-oxidation of pristanoyl-CoA
Constitutive Signaling by NOTCH1 HD Domain Mutants,0.8320148,1.195051,0.6934106,ADAM17;JAG1;NOTCH1;ADAM10,Constitutive Signaling by NOTCH1 HD Domain Mutants
EGFR Transactivation by Gastrin,0.8320148,1.195051,0.6934106,MMP3;GRB2;KRAS;PRKCA,EGFR Transactivation by Gastrin
ER Quality Control Compartment (ERQC),0.8320148,1.195051,0.6934106,OS9;SEL1L;MAN1B1;UGGT1,ER Quality Control Compartment (ERQC)
Erythrocytes Take up Oxygen and Release Carbon Dioxide,0.8320148,1.195051,0.6934106,CA4;RHAG;SLC4A1;AQP1,Erythrocytes Take up Oxygen and Release Carbon Dioxide
Fatty Acids Bound to GPR40 (FFAR1) Regulate Insulin Secretion,0.8320148,1.195051,0.6934106,PLCB3;GNAQ;PLCB1;PLCB2,Fatty Acids Bound to GPR40 (FFAR1) Regulate Insulin Secretion
Gain-of-function MRAS Complexes Activate RAF Signaling,0.8320148,1.195051,0.6934106,PPP1CB;PPP1CC;YWHAB;ARAF,Gain-of-function MRAS Complexes Activate RAF Signaling
Lagging Strand Synthesis,0.8320148,1.195051,0.6934106,PCNA;RPA3;RPA1;RPA2,Lagging Strand Synthesis
MECP2 Regulates Neuronal Receptors and Channels,0.8320148,1.195051,0.6934106,PTPN1;NOTCH1;SLC2A3;FKBP5,MECP2 Regulates Neuronal Receptors and Channels
Membrane Binding and Targetting of GAG Proteins,0.8320148,1.195051,0.6934106,TSG101;VPS37A;VPS37B;VPS28,Membrane Binding and Targetting of GAG Proteins
Negative Regulation of FLT3,0.8320148,1.195051,0.6934106,PTPRJ;CSK;CBL;SLA2,Negative Regulation of FLT3
PI3K AKT Activation,0.8320148,1.195051,0.6934106,IRS2;PIK3CB;PIK3R1;RHOA,PI3K AKT Activation
Regulated Proteolysis of p75NTR,0.8320148,1.195051,0.6934106,ADAM17;TRAF6;NFKB1;RELA,Regulated Proteolysis of p75NTR
SHC1 Events in EGFR Signaling,0.8320148,1.195051,0.6934106,EGF;SHC1;GRB2;KRAS,SHC1 Events in EGFR Signaling
SHOC2 M1731 Mutant Abolishes MRAS Complex Function,0.8320148,1.195051,0.6934106,PPP1CB;PPP1CC;YWHAB;ARAF,SHOC2 M1731 Mutant Abolishes MRAS Complex Function
SUMOylation of Immune Response Proteins,0.8320148,1.195051,0.6934106,EIF2AK2;IKBKG;RELA;NFKB2,SUMOylation of Immune Response Proteins
Sema4D Mediated Inhibition of Cell Attachment and Migration,0.8320148,1.195051,0.6934106,RRAS;PLXNB1;RAC1;RHOA,Sema4D Mediated Inhibition of Cell Attachment and Migration
Signaling by LTK in Cancer,0.8320148,1.195051,0.6934106,CLIP1;MAPK1;PIK3CB;PIK3R1,Signaling by LTK in Cancer
Signaling by MRAS-complex Mutants,0.8320148,1.195051,0.6934106,PPP1CB;PPP1CC;YWHAB;ARAF,Signaling by MRAS-complex Mutants
Signaling by NOTCH1 HD Domain Mutants in Cancer,0.8320148,1.195051,0.6934106,ADAM17;JAG1;NOTCH1;ADAM10,Signaling by NOTCH1 HD Domain Mutants in Cancer
Suppression of Apoptosis,0.8320148,1.195051,0.6934106,PTPA;SFPQ;MAPK1;CTSG,Suppression of Apoptosis
"Synthesis And Processing Of GAG, GAGPOL Polyproteins",0.8320148,1.195051,0.6934106,TSG101;VPS37A;VPS37B;VPS28,"Synthesis And Processing Of GAG, GAGPOL Polyproteins"
TGFBR3 PTM Regulation,0.8320148,1.195051,0.6934106,TGFBR3;MMP14;TIMP2;TIMP1,TGFBR3 PTM Regulation
TRAF3-dependent IRF Activation Pathway,0.8320148,1.195051,0.6934106,MAVS;TBK1;TRIM4;TRIM25,TRAF3-dependent IRF Activation Pathway
Activation of RAC1,0.836514,1.120323,0.6353108,PAK1;NCK2;RAC1;PAK2;NCK1,Activation of RAC1
Deactivation of the Beta-Catenin Transactivating Complex,0.836514,1.120323,0.6353108,XPO1;AKT2;AKT1;CTNNB1;YWHAZ,Deactivation of the Beta-Catenin Transactivating Complex
Defective GALNT3 Causes HFTC,0.836514,1.120323,0.6353108,MUC1;MUCL1;MUC13;MUC20;MUC5AC,Defective GALNT3 Causes HFTC
Erythrocytes Take up Carbon Dioxide and Release Oxygen,0.836514,1.120323,0.6353108,CYB5R1;CA4;RHAG;SLC4A1;AQP1,Erythrocytes Take up Carbon Dioxide and Release Oxygen
Metabolism of Folate and Pterines,0.836514,1.120323,0.6353108,ALDH1L1;MTHFD1;SHMT2;SHMT1;MTHFR,Metabolism of Folate and Pterines
NFE2L2 Regulating Anti-Oxidant Detoxification Enzymes,0.836514,1.120323,0.6353108,TXNRD1;PRDX1;GSR;GCLM;SOD3,NFE2L2 Regulating Anti-Oxidant Detoxification Enzymes
O2 CO2 Exchange in Erythrocytes,0.836514,1.120323,0.6353108,CYB5R1;CA4;RHAG;SLC4A1;AQP1,O2 CO2 Exchange in Erythrocytes
Signaling by NODAL,0.836514,1.120323,0.6353108,SMAD2;DRAP1;MAPK1;FURIN;PCSK6,Signaling by NODAL
"TICAM1, RIP1-mediated IKK Complex Recruitment",0.836514,1.120323,0.6353108,IKBKB;CHUK;TRAF6;IKBKG;UBE2V1,"TICAM1, RIP1-mediated IKK Complex Recruitment"
eNOS Activation,0.836514,1.120323,0.6353108,CYB5B;HSP90AA1;LYPLA1;NMT1;AKT1,eNOS Activation
Estrogen-dependent Nuclear Events Downstream of ESR-membrane Signaling,0.8424203,1.075475,0.5973325,XPO1;EGF;AKT2;AKT1;MAPK1;PTK2,Estrogen-dependent Nuclear Events Downstream of ESR-membrane Signaling
Metabolism of Nitric Oxide NOS3 Activation and Regulation,0.8424203,1.075475,0.5973325,CYB5B;HSP90AA1;LYPLA1;NMT1;AKT1;DNM2,Metabolism of Nitric Oxide NOS3 Activation and Regulation
NF-kB Activation Through FADD RIP-1 Pathway Mediated by Caspase-8 and -10,0.8424203,1.075475,0.5973325,IKBKB;MAVS;CHUK;TRIM4;TRIM25;IKBKG,NF-kB Activation Through FADD RIP-1 Pathway Mediated by Caspase-8 and -10
SMAD2 SMAD3 SMAD4 Heterotrimer Regulates Transcription,0.8424203,1.075475,0.5973325,SMAD2;COL1A2;SERPINE1;MAPK1;FURIN;YBX1,SMAD2 SMAD3 SMAD4 Heterotrimer Regulates Transcription
Translation of Replicase and Assembly of the Replication Transcription Complex 9679504,0.8424203,1.075475,0.5973325,CHMP2A;CHMP3;CHMP4B;CHMP4A;PIK3C3;CHMP6,Translation of Replicase and Assembly of the Replication Transcription Complex 9679504
Translocation of ZAP-70 to Immunological Synapse,0.8424203,1.075475,0.5973325,LCK;HLA-DPB1;CD247;HLA-DRB3;HLA-DPA1;HLA-DQB1,Translocation of ZAP-70 to Immunological Synapse
Cellular Response to Heat Stress,0.8461423,0.9826771,0.5386897,YWHAE;CAMK2B;GSK3B;VCP;CAMK2D;HSP90AB1;MRPL18;CAMK2A;HSPA13;CCAR2;HDAC6;BAG5;HSPH1;BAG2;BAG3;SERPINH1;MAPK1;NUP43;CAMK2G;NUP214;HSPA9;HSPA8;HSP90AA1;SEC13;HSPA5;HSPA4;PTGES3;RPA1;RPA2;MTOR;DNAJC7;RPA3;MAPKAPK2;FKBP4,Cellular Response to Heat Stress
RAS Processing,0.8461423,1.045566,0.5696921,LYPLA1;FNTA;FNTB;ARL2;KRAS;PRKCQ;BCL2L1,RAS Processing
RIP-mediated NFkB Activation via ZBP1,0.8461423,1.045566,0.5696921,IKBKB;CHUK;IKBKG;NFKB1;RELA;NFKB2;NFKBIB,RIP-mediated NFkB Activation via ZBP1
Signaling by NTRK3 (TRKC),0.8461423,1.045566,0.5696921,PTPRS;SHC1;SRC;BAX;GRB2;KRAS;PIK3R1,Signaling by NTRK3 (TRKC)
Synthesis of Very Long-Chain Fatty acyl-CoAs,0.8461423,1.045566,0.5696921,ACSL1;ACSL5;ACSL4;ACSL3;HSD17B12;HACD3;HACD4,Synthesis of Very Long-Chain Fatty acyl-CoAs
"Synthesis, Secretion, and Deacylation of Ghrelin",0.8461423,1.045566,0.5696921,ACHE;PCSK1;SPCS3;SPCS2;LEP;IGF1;SEC11A,"Synthesis, Secretion, and Deacylation of Ghrelin"
Termination of O-glycan Biosynthesis,0.8461423,1.045566,0.5696921,MUC1;ST6GAL1;MUCL1;MUC13;ST3GAL1;MUC20;MUC5AC,Termination of O-glycan Biosynthesis
Vitamin B5 (Pantothenate) Metabolism,0.8461423,1.045566,0.5696921,VNN2;PPCS;DCAKD;FASN;COASY;PPCDC;AASDHPPT,Vitamin B5 (Pantothenate) Metabolism
MITF-M-dependent Gene Expression,0.8517585,0.9813458,0.5253601,ATP6V1A;SMARCE1;PMEL;ATP6V1G1;ASAH1;SMARCC2;ACTL6A;ATP6AP2;GMPR;MYO5A;MAPK14;DIAPH1;HINT1;AKT2;ATP6V1B2;ATP6V1H;CTNNB1;ATP6V1E1;ATP6V0C;ATP6V1D;ATP6V1C1;ATP6V0A1;ATP6V1F,MITF-M-dependent Gene Expression
G-protein Activation,0.8517585,1.024195,0.5481421,GNG2;GNG5;GNAQ;GNB2;GNB1;GNB4;GNG12;GNG11,G-protein Activation
Regulation of CDH11 Expression and Function,0.8517585,1.024195,0.5481421,ILF3;JUP;CTNND1;CDH11;CTNNA1;CTNNB1;ANGPTL4;CDH8,Regulation of CDH11 Expression and Function
ZBP1(DAI) Mediated Induction of Type I IFNs,0.8517585,1.024195,0.5481421,IKBKB;TBK1;CHUK;IKBKG;NFKB1;RELA;NFKB2;NFKBIB,ZBP1(DAI) Mediated Induction of Type I IFNs
rRNA Processing,0.8542118,0.9757139,0.5154875,RPL5;RPL30;RPL3;RPL31;RPL34;RPLP1;RPLP0;THUMPD1;RPL8;WDR43;RPL7;MT-ATP6;RPS4X;RPS14;RPL7A;RPS17;RPL18A;RPS19;RPS18;RPL35;RPLP2;RPL38;RPS11;RPS10;RPS8;RPL23;RPS5;RPL22;RPS6;RPSA;RPS3A;NCL;RPL24;MT-CO2;RPL27;MT-CO3;RPL29;RPL28;RPL12;RPL11;NOP2;HSD17B10;RPS15A;RPS3;RPL13;RPL15;RPS2;RPL17;RPL19;NOP56;NOP58;RIOK3;RPL35A;RPL23A;RPS28;RPS27;RPL27A;RPS20;RPS21;RPS24;RPS23,rRNA Processing
Anchoring of the Basal Body to the Plasma Membrane,0.8542118,0.9774346,0.5158239,YWHAE;DYNC1I2;DYNC1H1;HSP90AA1;DCTN2;DCTN1;SEPTIN2;TUBB;NDE1;DCTN3;TUBB4B;CKAP5;TUBB4A;TUBA4A;RAB11A;ACTR1A;PPP2R1A;PRKAR2B;CDK1;PRKACA;MAPRE1;RAB8A;YWHAG;PAFAH1B1,Anchoring of the Basal Body to the Plasma Membrane
Mitochondrial Protein Import,0.8542118,0.9774346,0.5158239,TOMM70;HSPA9;TOMM40;IDH3G;TIMM13;TIMM44;TOMM22;HSPD1;TIMM50;CS;ATP5F1A;CHCHD3;ATP5F1B;SAMM50;GRPEL1;PITRM1;PMPCB;PMPCA;VDAC1;CYC1;ACO2;DLD;SLC25A13;SLC25A6,Mitochondrial Protein Import
Apoptotic Factor-Mediated Response,0.8542118,1.008158,0.5305268,GSDMD;DIABLO;CARD8;C1QBP;CASP3;BAX;CYCS;MAPK1;UACA,Apoptotic Factor-Mediated Response
Nuclear Events Stimulated by ALK Signaling in Cancer,0.8542118,1.008158,0.5305268,STAT5A;NPM1;NOTCH1;RPS6;STAT3;CUL1;MAPK1;PTPN6;SKP1,Nuclear Events Stimulated by ALK Signaling in Cancer
Nucleotide Salvage,0.8542118,1.008158,0.5305268,PNP;ADK;GMPR;AMPD2;TK2;HPRT1;DCK;APRT;TYMP,Nucleotide Salvage
Sulfur Amino Acid Metabolism,0.8542118,1.008158,0.5305268,MPST;BHMT;MTAP;AHCY;TST;ETHE1;GOT2;MRI1;ENOPH1,Sulfur Amino Acid Metabolism
Translation of Structural Proteins 9683701,0.8542118,1.008158,0.5305268,PARP10;GSK3B;GANAB;ST6GAL1;PRKCSH;GALNT1;CANX;MGAT1;ST3GAL1,Translation of Structural Proteins 9683701
Diseases of Carbohydrate Metabolism,0.858785,0.9956792,0.5156286,RPIA;GYS1;GLB1;DCXR;GAA;IDS;TALDO1;ALDOB;GNS;GYG1,Diseases of Carbohydrate Metabolism
TP53 Regulates Transcription of Cell Cycle Genes,0.858785,0.9956792,0.5156286,NPM1;PCNA;RGCC;PRMT1;CNOT1;CNOT11;CDK1;TNKS1BP1;BAX;SFN,TP53 Regulates Transcription of Cell Cycle Genes
TP53 Regulates Transcription of Cell Death Genes,0.858785,0.9956792,0.5156286,STEAP3;TP53I3;CASP6;IGFBP3;CHM;BAX;BID;RABGGTB;NDRG1;RABGGTA,TP53 Regulates Transcription of Cell Death Genes
Transcriptional Activation of Mitochondrial Biogenesis,0.858785,0.9956792,0.5156286,GLUD1;ACSS2;ATP5F1B;TBL1XR1;IDH2;TFAM;CYCS;SSBP1;SOD2;HCFC1,Transcriptional Activation of Mitochondrial Biogenesis
Costimulation by the CD28 Family,0.8619359,0.9705826,0.4983439,SRC;PIK3R1;CDC42;PPP2CB;PAK1;PPP2R1A;AKT2;GRAP2;AKT1;CSK;FYN;RAC1;PAK2;HLA-DPA1;LYN;PPP2R5A;PTPN11;VAV1;MTOR;LCK;HLA-DPB1;GRB2;PTPN6;CD247;HLA-DRB3;HLA-DQB1,Costimulation by the CD28 Family
Fatty acyl-CoA Biosynthesis,0.8629565,0.9856899,0.5027035,ACLY;ACSL1;FASN;ACSL5;ACSL4;HSD17B12;ACSL3;HACD3;HSD17B8;ACACA;HACD4,Fatty acyl-CoA Biosynthesis
Oxidative Stress Induced Senescence,0.8629565,0.9856899,0.5027035,MAP2K3;MAP2K4;MAPKAPK3;RBBP4;MINK1;MAPKAPK2;MAPK1;TNIK;MAPK14;MAP3K5;MAP4K4,Oxidative Stress Induced Senescence
TNFR1-induced NF-kappa-B Signaling Pathway,0.8629565,0.9856899,0.5027035,RNF31;IKBKB;SHARPIN;CHUK;USP4;RACK1;IKBKG;RBCK1;TAB1;MAP3K7;OPTN,TNFR1-induced NF-kappa-B Signaling Pathway
Biosynthesis of the N-glycan Precursor (Dolichol LLO) and Transfer to a Nascent Protein,0.8651361,0.9675642,0.4902896,MPI;NPL;HK1;GMPPB;GMDS;GMPPA;NEU1;PGM3;ST8SIA4;ST8SIA5;ST3GAL6;GFUS;NANS;ST3GAL1;MPDU1;CTSA;ST6GAL1;ST6GAL2;ALG5;GFPT1;PMM2;ALG1;RENBP;DPM1;NAGK;GLB1;MVD,Biosynthesis of the N-glycan Precursor (Dolichol LLO) and Transfer to a Nascent Protein
Kinesins,0.8680844,0.9775116,0.4912688,TUBB6;KIF2A;TUBAL3;KIF5B;TUBB1;KIF13B;KLC1;TUBB4B;TUBA4B;TUBB4A;TUBA4A;TUBA8,Kinesins
Glutathione Conjugation,0.8735701,0.9706913,0.4809963,GSTK1;GSTM3;GGT7;GSTM2;GSTO1;MGST3;MGST1;AKR1A1;OPLAH;CNDP2;GGCT;ESD;GCLM,Glutathione Conjugation
FOXO-mediated Transcription,0.8824653,0.959961,0.463071,IGFBP1;SMAD2;MSTN;YWHAB;SOD2;YWHAZ;ATXN3;YWHAQ;AKT2;CAT;AKT1;TXNIP;SFN;YWHAG;PLXNA4,FOXO-mediated Transcription
PPARA Activates Gene Expression,0.8824653,0.959961,0.463071,CPT1A;HMGCS1;ACSL1;TXNRD1;APOA2;APOA1;APOA5;CPT2;TBL1XR1;ACOX1;THRAP3;ME1;ACADM;CD36;ANGPTL4,PPARA Activates Gene Expression
Regulation of Lipid Metabolism by PPARalpha,0.8824653,0.959961,0.463071,CPT1A;HMGCS1;ACSL1;TXNRD1;APOA2;APOA1;APOA5;CPT2;TBL1XR1;ACOX1;THRAP3;ME1;ACADM;CD36;ANGPTL4,Regulation of Lipid Metabolism by PPARalpha
Transport of Inorganic Cations Anions and Amino Acids Oligopeptides,0.8824653,0.959961,0.463071,SLC25A1;SLC12A2;AHCYL2;SLC4A1;SLC3A2;SLC4A2;SLC1A5;SRI;SLC7A1;SLC9A1;SLC8A3;SLC6A6;SLC7A5;SLC9A9;SLC25A11,Transport of Inorganic Cations Anions and Amino Acids Oligopeptides
Toll Like Receptor 3 (TLR3) Cascade,0.8918305,0.9535023,0.4491439,APP;USP14;NLRX1;CUL1;HMGB1;RELA;IKBKB;RPS6KA3;PPP2CB;TBK1;PPP2R1A;S100A12;MAPK1;IKBKG;MAP3K7;SKP1;MAP2K3;IKBIP;MAP2K4;MAP2K1;DUSP3;CHUK;MAPK14;NFKB1;NFKB2;MAPKAPK3;TRAF6;MAPKAPK2;SAA1;UBE2V1;TAB1;OPTN;NFKBIB,Toll Like Receptor 3 (TLR3) Cascade
O-linked Glycosylation of Mucins,0.8918305,0.9518985,0.4477069,GALNT12;GALNT7;ST6GAL1;GALNT5;MUCL1;GALNT15;GALNT2;GALNT1;GALNT10;MUC5AC;MUC1;B3GNT8;B3GNT7;MUC13;B3GNT2;ST3GAL1;MUC20,O-linked Glycosylation of Mucins
Signaling by FGFR,0.9059536,0.9429637,0.4279831,FGFBP2;SHC1;SRC;PTPN11;PIK3R1;CBL;TGFBR3;PTBP1;PPP2CB;PPP2R1A;GIPC1;HNRNPF;MAPK1;GRB2;KRAS;POLR2H;FGFR4;FGFR3;FGFR2;FGFR1,Signaling by FGFR
Factors Involved in Megakaryocyte Development and Platelet Production,0.9124649,0.9453187,0.4215753,DOCK5;TUBAL3;DOCK8;DOCK7;AK3;KLC1;DOCK10;CDC42;DOCK11;TUBB6;CAPZB;PRKAR2B;KIF5B;MICAL1;PRKAR2A;TUBB1;KIF13B;MFN2;RAC1;PRKACA;JAK2;PRKACB;CARMIL1;TUBB4B;TUBA4B;TUBB4A;TUBA4A;EHD1;EHD2;EHD3;KIF2A;PRKAR1A;CAPZA1;CAPZA2;VPS45;DOCK2;RAB5A;TUBA8,Factors Involved in Megakaryocyte Development and Platelet Production
Sphingolipid Metabolism,0.9266811,0.9329865,0.4009547,ASAH1;PPM1L;HEXB;HEXA;FUT1;OSBP;NEU1;PSAP;ST8SIA5;A4GALT;CERT1;CTSA;CYB5B;ARSA;B3GALNT1;ABCC1;M6PR;SUMF2;ALDH3A2;GALC;VAPA;GLB1;VAPB;GLA;CERS2,Sphingolipid Metabolism
HCMV Infection,0.960447,0.92092,0.3559704,ITGB1;DYNC1I2;TSG101;TUBAL3;VPS4A;TUBB6;TRIM28;RBBP4;TUBB1;NUP43;VPS36;NUP214;DYNC1H1;SEC13;DUT;CBX1;VPS37A;SNF8;VPS37B;TUBB4B;TUBB4A;TUBA4B;TUBA4A;NFKB1;DYNC1LI1;DYNC1LI2;HNRNPK;TBL1XR1;CHMP2A;CHMP4B;CHMP3;CHMP4A;CHMP6;VPS25;VPS28;TUBA8,HCMV Infection
Complex III Assembly,0.960447,0.8958274,0.3436431,HSPA9;LETM1;NFS1;UQCRB;UQCRQ;UQCRC1;UQCR11;UQCR10;CYC1;UQCRC2,Complex III Assembly
Peroxisomal Lipid Metabolism,0.960447,0.8958274,0.3436431,ALDH3A2;ACOT8;SCP2;ACOX1;EHHADH;ECI2;HSD17B4;ACAA1;ABCD1;CRAT,Peroxisomal Lipid Metabolism
Transcriptional Activity of SMAD2 SMAD3 SMAD4 Heterotrimer,0.960447,0.8958274,0.3436431,SMAD2;PPM1A;COL1A2;PARP1;STAT1;USP9X;SERPINE1;MAPK1;FURIN;YBX1,Transcriptional Activity of SMAD2 SMAD3 SMAD4 Heterotrimer
Cyclin D Associated Events in G1,0.960447,0.8958865,0.3435055,LYN;PPP2CB;SRC;PPP2R1A;CUL1;PPP2R2A;JAK2;SKP1,Cyclin D Associated Events in G1
G1 Phase,0.960447,0.8958865,0.3435055,LYN;PPP2CB;SRC;PPP2R1A;CUL1;PPP2R2A;JAK2;SKP1,G1 Phase
Signaling by ALK,0.960447,0.8958865,0.3435055,PTPRZ1;SHC1;SRC;STAT3;PTPN6;PIK3CB;PIK3R1;JAK3,Signaling by ALK
SLC-mediated Transmembrane Transport,0.960447,0.9201786,0.3525221,SLC25A1;SLC35B2;AHCYL2;SLC44A1;SLC44A2;SLC2A1;ARL2;SLC4A1;SLC2A3;SLC3A2;SLC4A2;SLC1A5;SRI;SLC7A1;SLC9A1;HEPH;BSG;SLC16A7;APOD;SLC39A7;SLC16A3;SLC18A2;SLC12A2;SLC14A1;SLC30A1;CP;SLC39A14;SLC8A3;SLC6A6;SLC7A5;SLC9A9;RHAG;SLC29A1;SLC25A5;SLC25A11;SLC27A4;SLC25A6,SLC-mediated Transmembrane Transport
Azathioprine ADME,0.960447,0.8959161,0.3421295,ABCC4;GMPS;HPRT1;RAC1;SLC29A1;VAV1;NME1,Azathioprine ADME
MAPK Targets Nuclear Events Mediated by MAP Kinases,0.960447,0.8959161,0.3421295,PPP2CB;RPS6KA3;DUSP3;PPP2R1A;MAPKAPK2;MAPK1;MAPK14,MAPK Targets Nuclear Events Mediated by MAP Kinases
ERK MAPK Targets,0.960447,0.8959456,0.3393502,PPP2CB;RPS6KA3;DUSP3;PPP2R1A;MAPK1;MAPK14,ERK MAPK Targets
Gastrin-CREB Signalling Pathway via PKC and MAPK,0.960447,0.8959456,0.3393502,RPS6KA3;MMP3;MAPK1;PRKCA;GRB2;KRAS,Gastrin-CREB Signalling Pathway via PKC and MAPK
SUMOylation of Transcription Cofactors,0.960447,0.8959456,0.3393502,DDX17;DDX5;NPM1;TRIM28;SUMO2;PARK7,SUMOylation of Transcription Cofactors
Synthesis of Bile Acids and Bile Salts,0.960447,0.8959456,0.3393502,OSBPL9;ACOT8;SCP2;OSBP;OSBPL2;HSD17B4,Synthesis of Bile Acids and Bile Salts
Translation of Replicase and Assembly of the Replication Transcription Complex 9694676,0.960447,0.8959456,0.3393502,CHMP2A;CHMP3;CHMP4B;CHMP4A;PIK3C3;CHMP6,Translation of Replicase and Assembly of the Replication Transcription Complex 9694676
Adipogenesis,0.960447,0.895709,0.3386934,TGFB1;HNRNPU;LPL;CHD4;BMP7;NFKB1;RELA;RBBP4;TBL1XR1;THRAP3;LEP;CD36;ANGPTL4;PLIN1,Adipogenesis
Regulation of TNFR1 Signaling,0.960447,0.895709,0.3386934,RNF31;CHUK;USP4;UBE2L3;IKBKB;TBK1;SHARPIN;MADD;MAPKAPK2;RACK1;STUB1;IKBKG;RBCK1;OPTN,Regulation of TNFR1 Signaling
Amino Acid Transport Across the Plasma Membrane,0.960447,0.8959751,0.33444,SLC6A6;SLC7A5;SLC3A2;SLC1A5;SLC7A1,Amino Acid Transport Across the Plasma Membrane
Dissolution of Fibrin Clot,0.960447,0.8959751,0.33444,ANXA2;SERPINE2;SERPINE1;SERPINB6;S100A10,Dissolution of Fibrin Clot
Ethanol Oxidation,0.960447,0.8959751,0.33444,ADH4;ACSS2;ADH1B;ACSS1;ADH5,Ethanol Oxidation
Glutathione Synthesis and Recycling,0.960447,0.8959751,0.33444,GGCT;GGT7;OPLAH;GCLM;CNDP2,Glutathione Synthesis and Recycling
Metal Ion SLC Transporters,0.960447,0.8959751,0.33444,HEPH;SLC30A1;SLC39A7;CP;SLC39A14,Metal Ion SLC Transporters
Signaling by BMP,0.960447,0.8959751,0.33444,TGFBR3;BMP10;GDF2;INHBA;FSTL1,Signaling by BMP
"Synthesis of IP2, IP, and Ins in the Cytosol",0.960447,0.8959751,0.33444,INPP5B;INPP4B;ISYNA1;INPP5A;IMPA1,"Synthesis of IP2, IP, and Ins in the Cytosol"
TP53 Regulates Transcription of Additional Cell Cycle Genes With Uncertain Roles in the P53 Pathway,0.960447,0.8959751,0.33444,NPM1;RGCC;CNOT1;CNOT11;TNKS1BP1,TP53 Regulates Transcription of Additional Cell Cycle Genes With Uncertain Roles in the P53 Pathway
TRAF6 Mediated IRF7 Activation,0.960447,0.8959751,0.33444,MAVS;TBK1;TRIM4;TRAF6;TRIM25,TRAF6 Mediated IRF7 Activation
Transcriptional Regulation by the AP-2 (TFAP2) Family of Transcription Factors,0.960447,0.8959751,0.33444,NPM1;NOP2;KIT;APOE;HSPD1,Transcriptional Regulation by the AP-2 (TFAP2) Family of Transcription Factors
p75NTR Signals via NF-kB,0.960447,0.8959751,0.33444,IKBKB;TRAF6;SQSTM1;NFKB1;RELA,p75NTR Signals via NF-kB
Protein Ubiquitination,0.9611359,0.89562,0.3330103,USP7;VCP;UBE2H;PCNA;USP5;UBA6;USP9X;HLA-B;HLA-A;UBE2Z;UCHL3;PEX14;UBE2L3;UBE2V2;PAF1;UBA1;UBE2K,Protein Ubiquitination
Protein Localization,0.9618462,0.926927,0.3432888,APP;ECI2;IDE;TOMM22;CHCHD3;SCP2;PMPCB;PMPCA;SEC61B;ACAA1;GET3;ABCD1;EMD;TOMM70;GSTK1;ACOT8;ECH1;ALDH3A2;ACOX1;EHHADH;AGPS;CAT;VDAC1;DLD;SLC25A13;SLC25A6;TOMM40;TIMM13;HSD17B4;TIMM50;HSPD1;BAG6;HMGCL;ATP5F1A;ATP5F1B;SAMM50;GRPEL1;PITRM1;STX5;CYC1;HSPA9;ATAD1;UBL4A;PRNP;CYB5A;PEX19;IDH3G;USP9X;EPHX2;IDH1;SGTA;TIMM44;PEX14;DHRS4;CS;VAPA;ACO2;CRAT,Protein Localization
Peroxisomal Protein Import,0.9625378,0.8955606,0.328827,GSTK1;ACOT8;USP9X;EPHX2;IDH1;ECI2;ECH1;HSD17B4;IDE;PEX14;DHRS4;HMGCL;SCP2;ACOX1;EHHADH;AGPS;CAT;ACAA1;CRAT,Peroxisomal Protein Import
Glutamate and Glutamine Metabolism,0.9625378,0.8960045,0.326095,GLUD1;GOT2;ALDH18A1;GLS,Glutamate and Glutamine Metabolism
MASTL Facilitates Mitotic Progression,0.9625378,0.8960045,0.326095,PPP2CB;PPP2R1A;ENSA;CDK1,MASTL Facilitates Mitotic Progression
SHC-related Events Triggered by IGF1R,0.9625378,0.8960045,0.326095,SHC1;GRB2;KRAS;IGF1,SHC-related Events Triggered by IGF1R
Signaling by FGFR3 in Disease,0.9625378,0.8960045,0.326095,GRB2;KRAS;PIK3R1;FGFR3,Signaling by FGFR3 in Disease
Signaling by FGFR4 in Disease,0.9625378,0.8960045,0.326095,GRB2;KRAS;PIK3R1;FGFR4,Signaling by FGFR4 in Disease
Terminal Pathway of Complement,0.9625378,0.8960045,0.326095,C8G;C9;C8A;CLU,Terminal Pathway of Complement
AURKA Activation by TPX2,0.9625378,0.8955011,0.324489,YWHAE;DYNC1I2;DYNC1H1;HSP90AA1;DCTN2;DCTN1;TUBB;NDE1;DCTN3;TUBB4B;CKAP5;TUBB4A;TUBA4A;ACTR1A;PPP2R1A;PRKAR2B;CDK1;PRKACA;MAPRE1;YWHAG;PAFAH1B1,AURKA Activation by TPX2
Loss of Nlp From Mitotic Centrosomes,0.9625378,0.8955011,0.324489,YWHAE;DYNC1I2;DYNC1H1;HSP90AA1;DCTN2;DCTN1;TUBB;NDE1;DCTN3;TUBB4B;CKAP5;TUBB4A;TUBA4A;ACTR1A;PPP2R1A;PRKAR2B;CDK1;PRKACA;MAPRE1;YWHAG;PAFAH1B1,Loss of Nlp From Mitotic Centrosomes
Loss of Proteins Required for Interphase Microtubule Organization From the Centrosome,0.9625378,0.8955011,0.324489,YWHAE;DYNC1I2;DYNC1H1;HSP90AA1;DCTN2;DCTN1;TUBB;NDE1;DCTN3;TUBB4B;CKAP5;TUBB4A;TUBA4A;ACTR1A;PPP2R1A;PRKAR2B;CDK1;PRKACA;MAPRE1;YWHAG;PAFAH1B1,Loss of Proteins Required for Interphase Microtubule Organization From the Centrosome
Metabolism of Lipids,0.9646851,0.9505244,0.3405207,ACAA2;ECI1;PITPNB;ECI2;INPPL1;PPP1CB;PPP1CC;NSDHL;SCP2;OSBP;CPNE1;PIP4K2A;PIP4K2B;CPNE3;PIP4K2C;PRKACA;PTGDS;ACAA1;HADH;PRKACB;ACOT9;ARSA;ACOT8;PRKAB2;CPT1A;ACOT7;PCYT2;ACSL1;SACM1L;ACSL5;ACOT13;ACSL4;ACSL3;RUFY1;ALDH3A2;ACLY;INPP4B;TBL1XR1;GPD2;MAPKAPK2;CSNK2B;KPNB1;PLA1A;IDI1;SAR1B;PLD4;ALOX12;PIK3R1;HACD3;FUT1;ACAT2;PIK3R6;ACACA;PLD3;HACD4;ACAT1;MTM1;HSD11B1;EBP;DHRS7B;PMVK;PSAP;NEU1;ST8SIA5;PIP5K1C;CERT1;DECR1;OSBPL9;CTSA;B3GALNT1;OSBPL8;FDPS;RAB4A;CHKB;EPHX2;STARD10;OSBPL2;M6PR;DHCR24;FASN;PRXL2B;TBXAS1;PI4KA;DHCR7;RAB5A;CDS2;ACHE;ACADVL;MTMR12;SLC44A1;SLC44A2;HEXB;MTMR14;HEXA;PTEN;AKR1B1;DBI;PIK3CB;PIK3CG;CPT2;SUMO2;ME1;ACADM;CD36;LDLRAP1;A4GALT;LBR;ACADS;ABCD1;CBR1;ABCC1;GPX1;GGPS1;GPX4;HMGCS1;APOA2;APOA1;PLA2G4A;PTGR1;GPCPD1;APOA5;LSS;SUMF2;HADHB;HADHA;DUSP23;BDH1;PCCA;ACOX1;THRAP3;EHHADH;AGPS;PCCB;PITPNM2;PLIN3;PIK3C3;MVD;ANGPTL4;PLIN1;MGLL;CERS2;PON3;VAC14;ASAH1;SEC23A;ECHS1;PPM1L;PON2;PON1;HSD17B4;HSD17B12;HSD17B11;AGPAT1;HSD17B8;PTGS1;HMGCL;OXCT1;SLC25A20;CDIPT;CYB5B;AGK;PTGES2;MBOAT7;TXNRD1;PTGES3;DDHD2;MBOAT2;PPP1CA;GALC;FABP5;RAB14;VAPA;VAPB;GLB1;LPCAT3;NDUFAB1;PNPLA6;GPD1L;SEC24D;CRAT;SEC24C;GLA;LPIN2;RAN,Metabolism of Lipids
Activated NTRK2 Signals Through PI3K,0.9646851,0.896034,0.3117068,NTRK2;GRB2;PIK3R1,Activated NTRK2 Signals Through PI3K
Activated NTRK3 Signals Through RAS,0.9646851,0.896034,0.3117068,SHC1;GRB2;KRAS,Activated NTRK3 Signals Through RAS
DEx H-box Helicases Activate Type I IFN and Inflammatory Cytokines Production,0.9646851,0.896034,0.3117068,NFKB1;RELA;NFKB2,DEx H-box Helicases Activate Type I IFN and Inflammatory Cytokines Production
G1 S-Specific Transcription,0.9646851,0.896034,0.3117068,PCNA;RBBP4;CDK1,G1 S-Specific Transcription
GRB2 Events in EGFR Signaling,0.9646851,0.896034,0.3117068,EGF;GRB2;KRAS,GRB2 Events in EGFR Signaling
GRB2 Events in ERBB2 Signaling,0.9646851,0.896034,0.3117068,EGF;GRB2;KRAS,GRB2 Events in ERBB2 Signaling
IFNG Signaling Activates MAPKs,0.9646851,0.896034,0.3117068,MAPK1;JAK2;JAK1,IFNG Signaling Activates MAPKs
IRAK2 Mediated Activation of TAK1 Complex,0.9646851,0.896034,0.3117068,TRAF6;TAB1;MAP3K7,IRAK2 Mediated Activation of TAK1 Complex
Meiotic Recombination,0.9646851,0.896034,0.3117068,RPA3;RPA1;RPA2,Meiotic Recombination
NOTCH4 Activation and Transmission of Signal to the Nucleus,0.9646851,0.896034,0.3117068,JAG1;ADAM10;YWHAZ,NOTCH4 Activation and Transmission of Signal to the Nucleus
Negative Feedback Regulation of MAPK Pathway,0.9646851,0.896034,0.3117068,MAP2K1;MAP2K2;MAPK1,Negative Feedback Regulation of MAPK Pathway
PI3K Events in ERBB2 Signaling,0.9646851,0.896034,0.3117068,EGF;GRB2;PIK3R1,PI3K Events in ERBB2 Signaling
SOS-mediated Signalling,0.9646851,0.896034,0.3117068,GRB2;IRS2;KRAS,SOS-mediated Signalling
Synthesis of 12-Eicosatetraenoic Acid Derivatives,0.9646851,0.896034,0.3117068,GPX1;GPX4;ALOX12,Synthesis of 12-Eicosatetraenoic Acid Derivatives
Synthesis of PE,0.9646851,0.896034,0.3117068,CHKB;PCYT2;LPIN2,Synthesis of PE
TRAF6 Mediated IRF7 Activation in TLR7 8 or 9 Signaling,0.9646851,0.896034,0.3117068,TRAF6;IRAK4;UBE2V1,TRAF6 Mediated IRF7 Activation in TLR7 8 or 9 Signaling
Mitotic Prometaphase,0.9694705,0.9120358,0.3061784,YWHAE;NUMA1;SMC3;PPP1CC;ACTR1A;TUBB6;XPO1;PPP2R1A;TUBB1;PRKACA;YWHAG;NUDC;SEC13;HSP90AA1;TUBB;PPP2R5A;RANGAP1;SMC1A;TUBA4B;CKAP5;TUBA4A;EML4;DYNC1LI1;DYNC1LI2;CLIP1;KIF2A;ZW10;CSNK2B;MAPRE1;PAFAH1B1;DYNC1I2;DCTN2;TUBAL3;TUBGCP2;DCTN1;DCTN3;PPP2CB;PRKAR2B;RAD21;NUP43;BUB3;CLASP2;DYNC1H1;NEK9;RCC2;NDE1;TUBB4B;TUBB4A;RPS27;TAOK1;CDK1;TUBGCP3;TUBA8,Mitotic Prometaphase
GPCR Ligand Binding,0.9694705,0.8951728,0.300385,APP;RAMP3;CXCR4;ECE1;NTS;KNG1;CX3CL1;HEBP1;GNG2;ADGRE5;GNG5;TBXA2R;CCL5;PSAP;TAC3;CCR4;CD55;F2R;PPBP;F2;GNG12;GNG11;GIP;GAL;XK;GNB2;GNB1;SAA1;GNAS;GNB4;PF4;F2RL3,GPCR Ligand Binding
Activated NTRK2 Signals Through CDK5,0.9694705,0.8960634,0.2850943,NTRK2;RAC1,Activated NTRK2 Signals Through CDK5
Activation of the AP-1 Family of Transcription Factors,0.9694705,0.8960634,0.2850943,MAPK1;MAPK14,Activation of the AP-1 Family of Transcription Factors
Acyl Chain Remodelling of PI,0.9694705,0.8960634,0.2850943,MBOAT7;PLA2G4A,Acyl Chain Remodelling of PI
Alpha-defensins,0.9694705,0.8960634,0.2850943,PRSS3;PRSS2,Alpha-defensins
Blood Group Systems Biosynthesis,0.9694705,0.8960634,0.2850943,ST3GAL6;FUT1,Blood Group Systems Biosynthesis
CLEC7A Inflammasome Pathway,0.9694705,0.8960634,0.2850943,NFKB1;RELA,CLEC7A Inflammasome Pathway
Condensation of Prophase Chromosomes,0.9694705,0.8960634,0.2850943,SET;CDK1,Condensation of Prophase Chromosomes
Creatine Metabolism,0.9694705,0.8960634,0.2850943,GATM;CKB,Creatine Metabolism
Downregulation of ERBB2 ERBB3 Signaling,0.9694705,0.8960634,0.2850943,AKT2;AKT1,Downregulation of ERBB2 ERBB3 Signaling
Downregulation of ERBB4 Signaling,0.9694705,0.8960634,0.2850943,ITCH;SRC,Downregulation of ERBB4 Signaling
Estrogen-stimulated Signaling Through PRKCZ,0.9694705,0.8960634,0.2850943,MAPK1;KRAS,Estrogen-stimulated Signaling Through PRKCZ
Formation of the Ureteric Bud,0.9694705,0.8960634,0.2850943,ITGB1;NPNT,Formation of the Ureteric Bud
Fructose Catabolism,0.9694705,0.8960634,0.2850943,TKFC;ALDOB,Fructose Catabolism
H139Hfs13* PPM1K Causes a Mild Variant of MSUD,0.9694705,0.8960634,0.2850943,DBT;DLD,H139Hfs13* PPM1K Causes a Mild Variant of MSUD
Hydrolysis of LPC,0.9694705,0.8960634,0.2850943,PLA2G4A;GPCPD1,Hydrolysis of LPC
Inhibition of DNA Recombination at Telomere,0.9694705,0.8960634,0.2850943,TERF2IP;POLR2H,Inhibition of DNA Recombination at Telomere
Inhibition of Replication Initiation of Damaged DNA by RB1 E2F1,0.9694705,0.8960634,0.2850943,PPP2CB;PPP2R1A,Inhibition of Replication Initiation of Damaged DNA by RB1 E2F1
Insulin-like Growth Factor-2 mRNA Binding Proteins (IGF2BPs IMPs VICKZs) Bind RNA,0.9694705,0.8960634,0.2850943,IGF2BP2;CD44,Insulin-like Growth Factor-2 mRNA Binding Proteins (IGF2BPs IMPs VICKZs) Bind RNA
Loss of Function of SMAD2 3 in Cancer,0.9694705,0.8960634,0.2850943,SMAD2;TGFB1,Loss of Function of SMAD2 3 in Cancer
MET Activates PTPN11,0.9694705,0.8960634,0.2850943,GRB2;PTPN11,MET Activates PTPN11
Maple Syrup Urine Disease,0.9694705,0.8960634,0.2850943,DBT;DLD,Maple Syrup Urine Disease
Molybdenum Cofactor Biosynthesis,0.9694705,0.8960634,0.2850943,NFS1;GPHN,Molybdenum Cofactor Biosynthesis
Polymerase Switching on the C-strand of the Telomere,0.9694705,0.8960634,0.2850943,PCNA;TERF2IP,Polymerase Switching on the C-strand of the Telomere
Prednisone ADME,0.9694705,0.8960634,0.2850943,HSD11B1;UGT2B7,Prednisone ADME
Protein Repair,0.9694705,0.8960634,0.2850943,MSRA;PCMT1,Protein Repair
Regulation of PTEN Localization,0.9694705,0.8960634,0.2850943,USP7;PTEN,Regulation of PTEN Localization
Regulation of TP53 Activity Through Methylation,0.9694705,0.8960634,0.2850943,PRMT5;TTC5,Regulation of TP53 Activity Through Methylation
Reversal of Alkylation Damage by DNA Dioxygenases,0.9694705,0.8960634,0.2850943,FTO;ASCC2,Reversal of Alkylation Damage by DNA Dioxygenases
TICAM1-dependent Activation of IRF3 IRF7,0.9694705,0.8960634,0.2850943,TBK1;OPTN,TICAM1-dependent Activation of IRF3 IRF7
Transcription of E2F Targets Under Neg Control by P107 (RBL1) and P130 (RBL2) in Complex With HDAC1,0.9694705,0.8960634,0.2850943,RBBP4;CDK1,Transcription of E2F Targets Under Neg Control by P107 (RBL1) and P130 (RBL2) in Complex With HDAC1
Transcriptional Regulation of Pluripotent Stem Cells,0.9694705,0.8960634,0.2850943,SMAD2;STAT3,Transcriptional Regulation of Pluripotent Stem Cells
Tryptophan Catabolism,0.9694705,0.8960634,0.2850943,SLC7A5;SLC3A2,Tryptophan Catabolism
Wax and Plasmalogen Biosynthesis,0.9694705,0.8960634,0.2850943,DHRS7B;AGPS,Wax and Plasmalogen Biosynthesis
"Nucleotide-binding Domain, Leucine Rich Repeat Containing Receptor (NLR) Signaling Pathways",0.9900577,0.8481845,0.2471879,APP;HSP90AB1;CHUK;MAPK14;RELA;NFKB1;NFKB2;IKBKB;PANX1;ITCH;TRAF6;TXNIP;IKBKG;UBE2V1;SUGT1;TAB1;MAP3K7;BCL2L1,"Nucleotide-binding Domain, Leucine Rich Repeat Containing Receptor (NLR) Signaling Pathways"
TNF Signaling,0.9900577,0.8455947,0.2464226,RNF31;CHUK;USP4;UBE2L3;IKBKB;ADAM17;TBK1;SHARPIN;MADD;MAPKAPK2;RACK1;STUB1;IKBKG;RBCK1;TAB1;MAP3K7;OPTN,TNF Signaling
"Cell Death Signalling via NRAGE, NRIF and NADE",0.9900577,0.8394329,0.2439619,YWHAE;ARHGEF12;KALRN;VAV1;FGD3;GNA13;FGD4;CASP3;TRAF6;ARHGEF1;RAC1;ARHGEF2;ARHGEF7;SQSTM1;ARHGEF6,"Cell Death Signalling via NRAGE, NRIF and NADE"
Cytosolic Sensors of Pathogen-Associated DNA,0.9900577,0.8357298,0.2421501,XRCC6;CHUK;XRCC5;RELA;NFKB1;NFKB2;IKBKB;TBK1;CTNNB1;IKBKG;LRRFIP1;POLR2H;TRIM21;NFKBIB,Cytosolic Sensors of Pathogen-Associated DNA
Stimuli-sensing Channels,0.9900577,0.8266008,0.2369585,TTYH3;TRPC6;CLCN4;ASPH;WNK1;TSC22D3;ANO10;STOM;ANO6;SRI;CLCN3;TRPM4,Stimuli-sensing Channels
NRAGE Signals Death Through JNK,0.9900577,0.8208878,0.2333488,FGD3;GNA13;FGD4;ARHGEF12;ARHGEF1;RAC1;ARHGEF2;ARHGEF7;KALRN;VAV1;ARHGEF6,NRAGE Signals Death Through JNK
Recruitment of NuMA to Mitotic Centrosomes,0.9900577,0.8651446,0.2447078,YWHAE;DYNC1I2;NUMA1;DCTN2;TUBAL3;DCTN1;TUBGCP2;DCTN3;ACTR1A;TUBB6;PPP2R1A;PRKAR2B;TUBB1;PRKACA;YWHAG;DYNC1H1;HSP90AA1;TUBB;NDE1;TUBB4B;CKAP5;TUBA4B;TUBB4A;TUBA4A;CDK1;TUBGCP3;MAPRE1;PAFAH1B1;TUBA8,Recruitment of NuMA to Mitotic Centrosomes
NR1H2 and NR1H3-mediated Signaling,0.9900577,0.8141305,0.2288525,CETP;TBL1XR1;APOC2;FASN;ANGPTL3;APOC4;APOD;PLIN1;APOE;PLTP,NR1H2 and NR1H3-mediated Signaling
RIPK1-mediated Regulated Necrosis,0.9900577,0.8141305,0.2288525,SDCBP;HSP90AA1;ITCH;PDCD6IP;CDC37;FLOT1;TNFSF10;FLOT2;STUB1;UBE2L3,RIPK1-mediated Regulated Necrosis
Regulation of Necroptotic Cell Death,0.9900577,0.8141305,0.2288525,SDCBP;HSP90AA1;ITCH;PDCD6IP;CDC37;FLOT1;TNFSF10;FLOT2;STUB1;UBE2L3,Regulation of Necroptotic Cell Death
Diseases Associated With N-glycosylation of Proteins,0.9900577,0.7960914,0.2162357,CTSA;B4GALT1;GLB1;NEU1;ALG1;MAN1B1;MGAT2;MPDU1,Diseases Associated With N-glycosylation of Proteins
Signaling by NOTCH3,0.9900577,0.7960914,0.2162357,NOTCH3;NOTCH1;JAG1;EGF;STAT1;TACC3;ADAM10;YBX1,Signaling by NOTCH3
SARS-CoV-2 Activates Modulates Innate and Adaptive Immune Responses,0.9900577,0.8723097,0.2352911,SEC23A;HSP90AB1;SAR1B;IKBKB;TBK1;LARP1;TKFC;TRIM4;G3BP1;G3BP2;TRIM25;NUP43;IKBKG;MAP3K7;JAK1;MBL2;NUP214;TOMM70;HSP90AA1;SEC13;CHUK;STAT1;HLA-B;HLA-C;ISG15;PTPN11;HLA-A;HLA-E;MAVS;TRAF6;MASP2;PIK3C3;PTPN6;MASP1;UBE2V1;TAB1;SEC24D;SEC24C;IFNAR1,SARS-CoV-2 Activates Modulates Innate and Adaptive Immune Responses
DNA Strand Elongation,0.9900577,0.7836784,0.2074007,PCNA;MCM7;RPA3;RPA1;RPA2;MCM6;MCM2,DNA Strand Elongation
Maturation of TCA Enzymes and Regulation of TCA Cycle,0.9900577,0.7836784,0.2074007,CS;NFS1;IDH2;ACO2;SDHA;SDHB;ACAT1,Maturation of TCA Enzymes and Regulation of TCA Cycle
Miscellaneous Transport and Binding Events,0.9900577,0.7836784,0.2074007,DMTN;PIP;LRRC8D;MAGT1;ADD3;ADD1;ADD2,Miscellaneous Transport and Binding Events
Synthesis of PC,0.9900577,0.7836784,0.2074007,ACHE;CHKB;SLC44A1;SLC44A2;STARD10;CSNK2B;LPIN2,Synthesis of PC
Activation of ATR in Response to Replication Stress,0.9900577,0.7677103,0.1961522,MCM7;RPA3;RPA1;RPA2;MCM6;MCM2,Activation of ATR in Response to Replication Stress
Bile Acid and Bile Salt Metabolism,0.9900577,0.7677103,0.1961522,OSBPL9;ACOT8;SCP2;OSBP;OSBPL2;HSD17B4,Bile Acid and Bile Salt Metabolism
Cytochrome C-Mediated Apoptotic Response,0.9900577,0.7677103,0.1961522,DIABLO;CARD8;CASP3;CYCS;MAPK1;UACA,Cytochrome C-Mediated Apoptotic Response
JNK (c-Jun Kinases) Phosphorylation and Activation Mediated by Activated Human TAK1,0.9900577,0.7677103,0.1961522,MAP2K4;TRAF6;IKBKG;TAB1;UBE2V1;MAP3K7,JNK (c-Jun Kinases) Phosphorylation and Activation Mediated by Activated Human TAK1
NOTCH3 Activation and Transmission of Signal to the Nucleus,0.9900577,0.7677103,0.1961522,NOTCH3;JAG1;EGF;TACC3;ADAM10;YBX1,NOTCH3 Activation and Transmission of Signal to the Nucleus
Paracetamol ADME,0.9900577,0.7677103,0.1961522,SULT1A1;ABCC4;ABCC1;GGT7;SULT1E1;CNDP2,Paracetamol ADME
APEX1-Independent Resolution of AP Sites via the Single Nucleotide Replacement Pathway,0.9900577,0.8960929,0.2264682,XRCC1,APEX1-Independent Resolution of AP Sites via the Single Nucleotide Replacement Pathway
Activated PKN1 Stimulates Transcription of AR (Androgen Receptor) Regulated Genes KLK2 and KLK3,0.9900577,0.8960929,0.2264682,PKN1,Activated PKN1 Stimulates Transcription of AR (Androgen Receptor) Regulated Genes KLK2 and KLK3
Activation of TRKA Receptors,0.9900577,0.8960929,0.2264682,NTRK2,Activation of TRKA Receptors
Acyl Chain Remodeling of DAG and TAG,0.9900577,0.8960929,0.2264682,MGLL,Acyl Chain Remodeling of DAG and TAG
Adenylate Cyclase Activating Pathway,0.9900577,0.8960929,0.2264682,ADCY6,Adenylate Cyclase Activating Pathway
Autointegration Results in Viral DNA Circles,0.9900577,0.8960929,0.2264682,BANF1,Autointegration Results in Viral DNA Circles
Biosynthesis of E-series 18(S)-resolvins,0.9900577,0.8960929,0.2264682,GPX4,Biosynthesis of E-series 18(S)-resolvins
Biosynthesis of EPA-derived SPMs,0.9900577,0.8960929,0.2264682,GPX4,Biosynthesis of EPA-derived SPMs
Cation-coupled Chloride Cotransporters,0.9900577,0.8960929,0.2264682,SLC12A2,Cation-coupled Chloride Cotransporters
Defective CSF2RA Causes SMDP4,0.9900577,0.8960929,0.2264682,SFTPB,Defective CSF2RA Causes SMDP4
Defective CSF2RB Causes SMDP5,0.9900577,0.8960929,0.2264682,SFTPB,Defective CSF2RB Causes SMDP5
EGFR Interacts With Phospholipase C-gamma,0.9900577,0.8960929,0.2264682,EGF,EGFR Interacts With Phospholipase C-gamma
ERBB2 Activates PTK6 Signaling,0.9900577,0.8960929,0.2264682,EGF,ERBB2 Activates PTK6 Signaling
Glucocorticoid Biosynthesis,0.9900577,0.8960929,0.2264682,HSD11B1,Glucocorticoid Biosynthesis
Histidine Catabolism,0.9900577,0.8960929,0.2264682,HAL,Histidine Catabolism
IRAK4 Deficiency (TLR5),0.9900577,0.8960929,0.2264682,IRAK4,IRAK4 Deficiency (TLR5)
IRF3 Mediated Activation of Type 1 IFN,0.9900577,0.8960929,0.2264682,TBK1,IRF3 Mediated Activation of Type 1 IFN
Inhibition of Signaling by Overexpressed EGFR,0.9900577,0.8960929,0.2264682,EGF,Inhibition of Signaling by Overexpressed EGFR
Integration of Viral DNA Into Host Genomic DNA,0.9900577,0.8960929,0.2264682,BANF1,Integration of Viral DNA Into Host Genomic DNA
Killing Mechanisms,0.9900577,0.8960929,0.2264682,RAC1,Killing Mechanisms
MET Interacts With TNS Proteins,0.9900577,0.8960929,0.2264682,ITGB1,MET Interacts With TNS Proteins
NGF-independant TRKA Activation,0.9900577,0.8960929,0.2264682,NTRK2,NGF-independant TRKA Activation
Olfactory Signaling Pathway,0.9900577,0.8960929,0.2264682,GNB1,Olfactory Signaling Pathway
PI3K Events in ERBB4 Signaling,0.9900577,0.8960929,0.2264682,PIK3R1,PI3K Events in ERBB4 Signaling
PTK6 Promotes HIF1A Stabilization,0.9900577,0.8960929,0.2264682,GPNMB,PTK6 Promotes HIF1A Stabilization
Phenylalanine Metabolism,0.9900577,0.8960929,0.2264682,QDPR,Phenylalanine Metabolism
Polo-like Kinase Mediated Events,0.9900577,0.8960929,0.2264682,RBBP4,Polo-like Kinase Mediated Events
RNA Polymerase I Transcription Termination,0.9900577,0.8960929,0.2264682,POLR2H,RNA Polymerase I Transcription Termination
RNA Polymerase III Chain Elongation,0.9900577,0.8960929,0.2264682,POLR2H,RNA Polymerase III Chain Elongation
RNA Polymerase III Transcription Initiation From Type 3 Promoter,0.9900577,0.8960929,0.2264682,POLR2H,RNA Polymerase III Transcription Initiation From Type 3 Promoter
Regulation of Gene Expression in Late Stage (Branching Morphogenesis) Pancreatic Bud Precursor Cells,0.9900577,0.8960929,0.2264682,NOTCH1,Regulation of Gene Expression in Late Stage (Branching Morphogenesis) Pancreatic Bud Precursor Cells
SUMO Is Proteolytically Processed,0.9900577,0.8960929,0.2264682,SUMO2,SUMO Is Proteolytically Processed
Signaling by LRP5 Mutants,0.9900577,0.8960929,0.2264682,LRP5,Signaling by LRP5 Mutants
Signaling by MAPK Mutants,0.9900577,0.8960929,0.2264682,MAPK1,Signaling by MAPK Mutants
Signaling by Overexpressed Wild-Type EGFR in Cancer,0.9900577,0.8960929,0.2264682,EGF,Signaling by Overexpressed Wild-Type EGFR in Cancer
Specification of Primordial Germ Cells,0.9900577,0.8960929,0.2264682,CXCR4,Specification of Primordial Germ Cells
Specification of the Neural Plate Border,0.9900577,0.8960929,0.2264682,CTNNB1,Specification of the Neural Plate Border
Synthesis of Dolichyl-phosphate,0.9900577,0.8960929,0.2264682,MVD,Synthesis of Dolichyl-phosphate
Synthesis of diphthamide-EEF2,0.9900577,0.8960929,0.2264682,EEF2,Synthesis of diphthamide-EEF2
TNFs Bind Their Physiological Receptors,0.9900577,0.8960929,0.2264682,TNFSF13,TNFs Bind Their Physiological Receptors
WNT5 FZD7-mediated Leishmania Damping,0.9900577,0.8960929,0.2264682,RAC1,WNT5 FZD7-mediated Leishmania Damping
Zinc Efflux and Compartmentalization by the SLC30 Family,0.9900577,0.8960929,0.2264682,SLC30A1,Zinc Efflux and Compartmentalization by the SLC30 Family
Defective C1GALT1C1 Causes TNPS,0.9967466,0.7464097,0.1816201,MUC1;MUCL1;MUC13;MUC20;MUC5AC,Defective C1GALT1C1 Causes TNPS
Formation of Apoptosome,0.9967466,0.7464097,0.1816201,DIABLO;CARD8;CYCS;MAPK1;UACA,Formation of Apoptosome
Regulation of the Apoptosome Activity,0.9967466,0.7464097,0.1816201,DIABLO;CARD8;CYCS;MAPK1;UACA,Regulation of the Apoptosome Activity
Surfactant Metabolism,0.9967466,0.7464097,0.1816201,SFTPB;DMBT1;ADGRF5;CTSH;CKAP4,Surfactant Metabolism
Mitotic Spindle Checkpoint,0.9999959,0.8285295,0.1924662,DYNC1I2;PPP1CC;PPP2CB;XPO1;PPP2R1A;NUP43;BUB3;CLASP2;DYNC1H1;NUDC;SEC13;RCC2;NDE1;PPP2R5A;RANGAP1;CKAP5;DYNC1LI1;CLIP1;DYNC1LI2;RPS27;KIF2A;ZW10;TAOK1;MAPRE1;PAFAH1B1,Mitotic Spindle Checkpoint
ESR-mediated Signaling,0.9999959,0.8485815,0.1934267,DDX5;HSP90AB1;SHC1;SRC;GNAI3;PIK3R1;SMC3;GNAI1;GNAI2;XPO1;GNG2;GNG5;AKT2;RAD21;AKT1;MAPK1;POLR2H;CTSD;HSP90AA1;MMP7;PRMT1;EGF;PTGES3;MMP3;GNG12;SMC1A;GNG11;MMP9;PTK2;PPP5C;GNB2;GNB1;GNB4;STRN;KRAS;FKBP4;FKBP5,ESR-mediated Signaling
Cytosolic Iron-Sulfur Cluster Assembly,0.9999959,0.7165769,0.1624744,MMS19;CIAPIN1;CIAO1;NUBP2,Cytosolic Iron-Sulfur Cluster Assembly
Degradation of Cysteine and Homocysteine,0.9999959,0.7165769,0.1624744,MPST;TST;ETHE1;GOT2,Degradation of Cysteine and Homocysteine
ERKs Are Inactivated,0.9999959,0.7165769,0.1624744,PPP2CB;DUSP3;PPP2R1A;MAPK1,ERKs Are Inactivated
Lysine Catabolism,0.9999959,0.7165769,0.1624744,GCDH;DLST;ALDH7A1;DLD,Lysine Catabolism
MET Activates RAS Signaling,0.9999959,0.7165769,0.1624744,SHC1;GRB2;KRAS;MUC20,MET Activates RAS Signaling
Nicotinamide Salvaging,0.9999959,0.7165769,0.1624744,PARP10;NAPRT;NAMPT;NAXD,Nicotinamide Salvaging
Receptor Mediated Mitophagy,0.9999959,0.7165769,0.1624744,SRC;CSNK2B;PGAM5;ATG5,Receptor Mediated Mitophagy
"Regulation of Glycolysis by Fructose 2,6-Bisphosphate Metabolism",0.9999959,0.7165769,0.1624744,PPP2CB;PPP2R1A;PRKACA;PRKACB,"Regulation of Glycolysis by Fructose 2,6-Bisphosphate Metabolism"
Signal Attenuation,0.9999959,0.7165769,0.1624744,SHC1;MAPK1;GRB2;IRS2,Signal Attenuation
Transcriptional Regulation by MECP2,0.9999959,0.7758144,0.1681619,CAMK2B;PTPN1;CAMK2D;NOTCH1;CAMK2A;PTEN;HTT;SLC2A3;TBL1XR1;PRKACA;LBR;CAMK2G;FKBP5,Transcriptional Regulation by MECP2
mRNA Splicing,0.9999959,0.8602896,0.1861641,EIF4A3;DDX42;HNRNPU;YBX1;PRPF19;CCAR1;EFTUD2;PTBP1;SNRPD2;SNRNP70;SRRM2;AQR;SRRM1;PPIE;SRSF3;SNRPE;SNRPA1;SNRPF;SRSF7;SF3B2;DDX5;SF3B3;RBM8A;SRRT;SRSF1;PUF60;U2AF2;PCBP1;PCBP2;SNRPB2;POLR2H;HSPA8;SF3A1;HNRNPA3;SF3A2;FUS;CDC5L;LSM4;LSM3;LSM2;HNRNPL;LSM8;LSM7;HNRNPK;LSM6;HNRNPF;HNRNPA2B1;HNRNPD;ACIN1;HNRNPC;RBMX,mRNA Splicing
mRNA Splicing - Major Pathway,0.9999959,0.8602896,0.1861641,EIF4A3;DDX42;HNRNPU;YBX1;PRPF19;CCAR1;EFTUD2;PTBP1;SNRPD2;SNRNP70;SRRM2;AQR;SRRM1;PPIE;SRSF3;SNRPE;SNRPA1;SNRPF;SRSF7;SF3B2;DDX5;SF3B3;RBM8A;SRRT;SRSF1;PUF60;U2AF2;PCBP1;PCBP2;SNRPB2;POLR2H;HSPA8;SF3A1;HNRNPA3;SF3A2;FUS;CDC5L;LSM4;LSM3;LSM2;HNRNPL;LSM8;LSM7;HNRNPK;LSM6;HNRNPF;HNRNPA2B1;HNRNPD;ACIN1;HNRNPC;RBMX,mRNA Splicing - Major Pathway
Negative Regulation of MAPK Pathway,0.9999959,0.7673145,0.163525,PPP2CB;MAP2K1;PPP5C;MAP2K2;KSR1;YWHAB;PPP2R1A;ARAF;PEBP1;MAPK1;PPP2R5A;KRAS,Negative Regulation of MAPK Pathway
Gene Expression (Transcription),0.9999959,0.92115,0.1961408,EIF4A3;SERPINE1;GLS;PSMD8;LGALS3;PSMD6;PSMD7;TRIM28;PPP2R1A;AKT2;PSMD2;NAMPT;PSMD3;AKT1;PSMD1;PIP4K2A;PIP4K2B;PIP4K2C;PRKACA;SKP1;NUP214;PRKAB2;SMARCC2;PRKCB;ACSL1;PRKAB1;HCFC1;SRRM1;CLDN5;COX7A2L;SARNP;CSNK2B;TXNIP;TFAM;MT-CO2;PRKCQ;MT-CO3;MYL9;PRDX2;PRDX1;SFN;APOE;JAG1;PRDX6;COL1A1;COL1A2;PAF1;GPI;MSTN;PRKAG1;CHM;XPO1;TNKS1BP1;ELOB;ELOC;CD36;PRMT5;SEC13;PARP1;PRMT1;ACTL6A;GP1BA;PSMA5;PSMA6;PSMA3;PSMA4;PSMA1;PSMA2;KIT;ANGPTL4;PLIN1;MGLL;PCNA;SRRT;HTT;COX5B;COX5A;RELA;PSMA7;PSMB6;PPP2CB;PSMB7;PSMB4;PSMB5;PSMB2;PSMB3;PSMB1;SPP1;BID;TSNAX;NPM1;STAT1;USP9X;GSR;RPA1;RPA2;COX6C;TJP1;NUDT21;ITCH;PSMC5;PSMC6;PSMC3;TTC5;PSMC4;PSMC1;RPA3;PSMC2;CTNNB1;LAMTOR2;LAMTOR1;LAMTOR4;LAMTOR3;PF4;LAMTOR5;STEAP3;ITGA2B;COX6A1;IGFBP1;USP7;G6PD;IGFBP3;NRBP1;COX6B1;TBL1XR1;SRSF3;SNRPE;SNRPF;SRSF7;FKBP5;NOTCH2;CSF1R;NOTCH3;PSMD12;PSMD11;NOTCH1;PSMD14;RBM8A;PSMD13;NOP2;CUL1;LPL;COX7A2;NDRG1;ATXN3;RPRD1B;PLXNA4;SMAD2;CPSF7;TGFB1;CBX3;NFKB1;RGCC;TP53I3;CNOT11;CNOT1;RHEB;CDK1;PIN1;CYCS;YWHAE;GSK3B;YWHAB;COX4I1;PTEN;CHD4;SLC2A3;YBX1;ITGAL;YWHAQ;CASP6;SUMO2;LBR;YWHAG;YWHAH;HSP90AA1;RBM14;ITGA4;RABGGTB;RABGGTA;YWHAZ;TSN;PPM1A;CAT;ITGA5;CAMK2B;PRKAA1;CAMK2D;GTF3C5;SRC;SRSF1;CAMK2A;FURIN;THBS1;HDAC6;HSPD1;RBBP4;U2AF2;MAPK1;NUP43;POLR2H;CAMK2G;SMARCE1;PTPN1;SSB;NDUFA4;TXNRD1;ADRM1;PTPN11;MAPK14;SOD2;MTOR;MYO1C;BAX;STUB1;KRAS;RAN,Gene Expression (Transcription)
Regulation of PTEN Gene Transcription,0.9999959,0.7575023,0.1581551,RBBP4;RHEB;PTEN;MAPK1;CHD4;LAMTOR2;LAMTOR1;LAMTOR4;LAMTOR3;MTOR;LAMTOR5,Regulation of PTEN Gene Transcription
ABC Transporters in Lipid Homeostasis,0.9999959,0.671813,0.136604,PEX19;APOA1;ABCD1,ABC Transporters in Lipid Homeostasis
ERCC6 (CSB) and EHMT2 (G9a) Positively Regulate rRNA Expression,0.9999959,0.671813,0.136604,RBBP4;CBX3;CHD4,ERCC6 (CSB) and EHMT2 (G9a) Positively Regulate rRNA Expression
Heme Degradation,0.9999959,0.671813,0.136604,ABCC1;BLVRA;HMOX2,Heme Degradation
IL-6-type Cytokine Receptor Ligand Interactions,0.9999959,0.671813,0.136604,IL6ST;JAK2;JAK1,IL-6-type Cytokine Receptor Ligand Interactions
NPAS4 Regulates Expression of Target Genes,0.9999959,0.671813,0.136604,XPO1;NAMPT;MAPK1,NPAS4 Regulates Expression of Target Genes
RA Biosynthesis Pathway,0.9999959,0.671813,0.136604,ADH4;RDH11;DHRS4,RA Biosynthesis Pathway
Regulation of Beta-Cell Development,0.9999959,0.671813,0.136604,NOTCH1;AKT2;AKT1,Regulation of Beta-Cell Development
SMAC (DIABLO) Binds to IAPs,0.9999959,0.671813,0.136604,DIABLO;CASP3;CYCS,SMAC (DIABLO) Binds to IAPs
SMAC(DIABLO)-mediated Dissociation of IAP Caspase Complexes,0.9999959,0.671813,0.136604,DIABLO;CASP3;CYCS,SMAC(DIABLO)-mediated Dissociation of IAP Caspase Complexes
"SMAC, XIAP-regulated Apoptotic Response",0.9999959,0.671813,0.136604,DIABLO;CASP3;CYCS,"SMAC, XIAP-regulated Apoptotic Response"
Trafficking and Processing of Endosomal TLR,0.9999959,0.671813,0.136604,CTSS;HSP90B1;CTSB,Trafficking and Processing of Endosomal TLR
Zinc Transporters,0.9999959,0.671813,0.136604,SLC30A1;SLC39A7;SLC39A14,Zinc Transporters
p75NTR Recruits Signalling Complexes,0.9999959,0.671813,0.136604,IKBKB;TRAF6;SQSTM1,p75NTR Recruits Signalling Complexes
RMTs Methylate Histone Arginines,0.9999959,0.7325095,0.144651,SMARCE1;PRMT5;SMARCC2;PRMT1;ACTL6A;PRMT3;RPS2;JAK2;WDR77,RMTs Methylate Histone Arginines
Signaling by TGFBR3,0.9999959,0.7325095,0.144651,TGFBR3;MMP14;TGFB2;TGFB1;GIPC1;TIMP2;ARRB1;TIMP1;INHBA,Signaling by TGFBR3
Regulation of MECP2 Expression and Activity,0.9999959,0.7162553,0.136144,CAMK2B;CAMK2D;TBL1XR1;CAMK2A;HTT;PRKACA;CAMK2G;LBR,Regulation of MECP2 Expression and Activity
Regulation of MITF-M-dependent Genes Involved in Pigmentation,0.9999959,0.7162553,0.136144,SMARCE1;PMEL;SMARCC2;AKT2;ACTL6A;MYO5A;CTNNB1;MAPK14,Regulation of MITF-M-dependent Genes Involved in Pigmentation
Glycerophospholipid Biosynthesis,0.9999959,0.8176603,0.1550712,ACHE;SLC44A1;SLC44A2;PITPNB;PLD4;AGPAT1;PLD3;CPNE1;CPNE3;CDIPT;OSBPL8;PCYT2;CHKB;AGK;MBOAT7;STARD10;DDHD2;PLA2G4A;MBOAT2;GPCPD1;HADHB;DUSP23;HADHA;GPD2;LPCAT3;CSNK2B;PITPNM2;GPD1L;LPIN2;MGLL;PLA1A;CDS2,Glycerophospholipid Biosynthesis
Complex I Biogenesis,0.9999959,0.80502,0.1512791,NDUFA13;NDUFA11;NDUFB10;NDUFA12;NDUFB11;NDUFA10;NDUFB3;NDUFB1;NDUFV2;NDUFV1;HSPA9;NDUFA9;NDUFA8;NDUFA7;NDUFA6;NDUFA5;ACAD9;NDUFA2;NDUFS8;NDUFS7;NDUFS5;NDUFS4;NDUFAB1;NDUFS3;NDUFAF2;NDUFS2;NDUFS1,Complex I Biogenesis
P75 NTR Receptor-Mediated Signalling,0.9999959,0.7872629,0.1443671,YWHAE;ARHGEF12;KALRN;RTN4;NFKB1;RHOA;VAV1;RELA;IKBKB;FGD3;GNA13;FGD4;ADAM17;ARHGDIA;CASP3;TRAF6;ARHGEF1;RAC1;ARHGEF2;ARHGEF7;SQSTM1;ARHGEF6,P75 NTR Receptor-Mediated Signalling
Activated NOTCH1 Transmits Signal to the Nucleus,0.9999959,0.6963824,0.1261372,ADAM17;ITCH;NOTCH1;JAG1;NUMB;ADAM10;ARRB1,Activated NOTCH1 Transmits Signal to the Nucleus
Heme Signaling,0.9999959,0.6963824,0.1261372,PGRMC2;XPO1;TBL1XR1;LY96;APOA1;APOB;CLEC1B,Heme Signaling
PERK Regulates Gene Expression,0.9999959,0.6963824,0.1261372,IGFBP1;EIF2S3;HSPA5;KHSRP;EIF2S2;EIF2S1;ATF6,PERK Regulates Gene Expression
Potassium Channels,0.9999959,0.6963824,0.1261372,GNG2;GNG5;GNB2;GNB1;GNB4;GNG12;GNG11,Potassium Channels
Class A 1 (Rhodopsin-like Receptors),0.9999959,0.7779799,0.1403535,APP;F2R;CXCR4;ECE1;PPBP;F2;NTS;CX3CL1;KNG1;HEBP1;GAL;XK;TBXA2R;CCL5;PSAP;SAA1;TAC3;CCR4;F2RL3;PF4,Class A 1 (Rhodopsin-like Receptors)
Respiratory Electron Transport,0.9999959,0.850918,0.1522678,NDUFA13;NDUFA11;NDUFA12;COX4I1;NDUFA10;ETFA;ETFB;COX6A1;ACAD9;SDHA;SDHB;COX6B1;COX7A2L;NDUFS8;NDUFS7;NDUFS5;NDUFS4;UQCRC1;NDUFS3;NDUFS2;MT-CO2;NDUFS1;MT-CO3;UQCRC2;SLC25A11;SLC25A13;NDUFB10;UQCRB;NDUFB11;NDUFB3;ETFDH;NDUFB1;COX7A2;UQCR11;UQCR10;COX5B;COX5A;NFS1;CYC1;NDUFV2;NDUFV1;HSPA9;NDUFA9;NDUFA8;SURF1;NDUFA7;NDUFA6;MDH1;NDUFA5;MDH2;NDUFA4;GOT2;NDUFA2;COX6C;LETM1;PNKD;UQCRQ;NDUFAB1;NDUFAF2;CYCS,Respiratory Electron Transport
Intra-Golgi Traffic,0.9999959,0.7605518,0.1324795,NAPA;NSF;GOSR2;GOLIM4;COG2;NAPG;BET1L;RAB33B;CYTH2;RAB30;MAN2A2;MAN2A1;STX6;STX5;VPS45;SNAP29;YKT6,Intra-Golgi Traffic
"FOXO-mediated Transcription of Oxidative Stress, Metabolic and Neuronal Genes",0.9999959,0.6715339,0.1143018,IGFBP1;SMAD2;ATXN3;CAT;SOD2;PLXNA4,"FOXO-mediated Transcription of Oxidative Stress, Metabolic and Neuronal Genes"
AKT Phosphorylates Targets in the Nucleus,0.9999959,0.5971868,0.1006067,AKT2;AKT1,AKT Phosphorylates Targets in the Nucleus
Activated NTRK3 Signals Through PI3K,0.9999959,0.5971868,0.1006067,SRC;PIK3R1,Activated NTRK3 Signals Through PI3K
Aspartate and Asparagine Metabolism,0.9999959,0.5971868,0.1006067,GOT2;SLC25A13,Aspartate and Asparagine Metabolism
Caspase Activation via Dependence Receptors in the Absence of Ligand,0.9999959,0.5971868,0.1006067,CASP3;APPL1,Caspase Activation via Dependence Receptors in the Absence of Ligand
DNA Damage Reversal,0.9999959,0.5971868,0.1006067,FTO;ASCC2,DNA Damage Reversal
Defensins,0.9999959,0.5971868,0.1006067,PRSS3;PRSS2,Defensins
Formation of Axial Mesoderm,0.9999959,0.5971868,0.1006067,SMAD2;CTNNB1,Formation of Axial Mesoderm
GDP-fucose Biosynthesis,0.9999959,0.5971868,0.1006067,GMDS;GFUS,GDP-fucose Biosynthesis
HDR Through MMEJ (alt-NHEJ),0.9999959,0.5971868,0.1006067,PARP1;XRCC1,HDR Through MMEJ (alt-NHEJ)
MET Activates PI3K AKT Signaling,0.9999959,0.5971868,0.1006067,GRB2;PIK3R1,MET Activates PI3K AKT Signaling
N-glycan Trimming and Elongation in the cis-Golgi,0.9999959,0.5971868,0.1006067,MGAT1;MANEA,N-glycan Trimming and Elongation in the cis-Golgi
NRIF Signals Cell Death From the Nucleus,0.9999959,0.5971868,0.1006067,TRAF6;SQSTM1,NRIF Signals Cell Death From the Nucleus
Noncanonical Activation of NOTCH3,0.9999959,0.5971868,0.1006067,NOTCH3;YBX1,Noncanonical Activation of NOTCH3
Organic Anion Transporters,0.9999959,0.5971868,0.1006067,SLC25A1;SLC25A11,Organic Anion Transporters
PIWI-interacting RNA (piRNA) Biogenesis,0.9999959,0.5971868,0.1006067,HSP90AA1;POLR2H,PIWI-interacting RNA (piRNA) Biogenesis
PP2A-mediated Dephosphorylation of Key Metabolic Factors,0.9999959,0.5971868,0.1006067,PPP2CB;PPP2R1A,PP2A-mediated Dephosphorylation of Key Metabolic Factors
Propionyl-CoA Catabolism,0.9999959,0.5971868,0.1006067,PCCA;PCCB,Propionyl-CoA Catabolism
RSK Activation,0.9999959,0.5971868,0.1006067,RPS6KA3;MAPK1,RSK Activation
Regulation of Gene Expression in Beta Cells,0.9999959,0.5971868,0.1006067,AKT2;AKT1,Regulation of Gene Expression in Beta Cells
Release of Hh-Np From the Secreting Cell,0.9999959,0.5971868,0.1006067,ADAM17;NOTUM,Release of Hh-Np From the Secreting Cell
SLBP Dependent Processing of Replication-Dependent Histone Pre-mRNAs,0.9999959,0.5971868,0.1006067,SNRPE;SNRPF,SLBP Dependent Processing of Replication-Dependent Histone Pre-mRNAs
SLBP Independent Processing of Histone Pre-mRNAs,0.9999959,0.5971868,0.1006067,SNRPE;SNRPF,SLBP Independent Processing of Histone Pre-mRNAs
Sulfide Oxidation to Sulfate,0.9999959,0.5971868,0.1006067,TST;ETHE1,Sulfide Oxidation to Sulfate
Synthesis of PIPs at the ER Membrane,0.9999959,0.5971868,0.1006067,SACM1L;PI4KA,Synthesis of PIPs at the ER Membrane
Transcription of E2F Targets Under Negative Control by DREAM Complex,0.9999959,0.5971868,0.1006067,PCNA;RBBP4,Transcription of E2F Targets Under Negative Control by DREAM Complex
VEGF Binds to VEGFR Leading to Receptor Dimerization,0.9999959,0.5971868,0.1006067,FLT4;VEGFC,VEGF Binds to VEGFR Leading to Receptor Dimerization
VEGF Ligand-Receptor Interactions,0.9999959,0.5971868,0.1006067,FLT4;VEGFC,VEGF Ligand-Receptor Interactions
Vitamin D (Calciferol) Metabolism,0.9999959,0.5971868,0.1006067,SUMO2;LDLRAP1,Vitamin D (Calciferol) Metabolism
Zinc Influx Into Cells by the SLC39 Gene Family,0.9999959,0.5971868,0.1006067,SLC39A7;SLC39A14,Zinc Influx Into Cells by the SLC39 Gene Family
Homology Directed Repair,0.9999959,0.7031719,0.1065886,BABAM1;PPP4C;PCNA;PARP1;RPA3;SUMO2;UBE2V2;RPA1;XRCC1;RPA2;BRCC3,Homology Directed Repair
mRNA Splicing - Minor Pathway,0.9999959,0.7031719,0.1065886,EFTUD2;SF3B2;SF3B3;SNRPD2;SRSF1;DDX42;SNRPE;YBX1;SNRPF;POLR2H;SRSF7,mRNA Splicing - Minor Pathway
Mitotic Prophase,0.9999959,0.7749834,0.1161276,RAB1A;SET;NUMA1;RAB1B;USO1;LMNB1;GOLGA2;PPP2CB;PPP2R1A;ENSA;LMNA;MAPK1;BANF1;NUP43;EMD;TMPO;NUP214;RAB2A;NEK9;SEC13;PRKCB;PRKCA;LEMD2;GORASP2;CDK1;LPIN2,Mitotic Prophase
Glycolysis,0.9999959,0.7665187,0.1128937,NUP214;GPI;SEC13;TPI1;ADPGK;PGAM1;ENO1;ENO2;PGM2L1;HK1;PPP2CB;PFKL;PKM;PPP2R1A;PGP;PGK1;ALDOC;NUP43;ALDOB;PRKACA;PRKACB;GAPDH;PFKM;PFKP,Glycolysis
Regulation of HSF1-mediated Heat Shock Response,0.9999959,0.7665187,0.1128937,YWHAE;NUP214;HSPA9;GSK3B;HSPA8;SEC13;HSPA5;HSPA4;MRPL18;RPA1;RPA2;HSPA13;CCAR2;BAG5;HSPH1;DNAJC7;BAG2;BAG3;RPA3;MAPKAPK2;SERPINH1;MAPK1;NUP43;FKBP4,Regulation of HSF1-mediated Heat Shock Response
Centrosome Maturation,0.9999959,0.7618128,0.1110594,YWHAE;DYNC1I2;DYNC1H1;HSP90AA1;DCTN2;DCTN1;TUBGCP2;TUBB;NDE1;DCTN3;TUBB4B;CKAP5;TUBB4A;TUBA4A;ACTR1A;PPP2R1A;PRKAR2B;CDK1;TUBGCP3;PRKACA;MAPRE1;YWHAG;PAFAH1B1,Centrosome Maturation
Recruitment of Mitotic Centrosome Proteins and Complexes,0.9999959,0.7618128,0.1110594,YWHAE;DYNC1I2;DYNC1H1;HSP90AA1;DCTN2;DCTN1;TUBGCP2;TUBB;NDE1;DCTN3;TUBB4B;CKAP5;TUBB4A;TUBA4A;ACTR1A;PPP2R1A;PRKAR2B;CDK1;TUBGCP3;PRKACA;MAPRE1;YWHAG;PAFAH1B1,Recruitment of Mitotic Centrosome Proteins and Complexes
HDR Through Homologous Recombination (HRR),0.9999959,0.5969585,0.08343277,PCNA;RPA3;RPA1;RPA2,HDR Through Homologous Recombination (HRR)
N-Glycan Antennae Elongation,0.9999959,0.5969585,0.08343277,ST6GAL1;B4GALT1;MGAT5;MGAT4B,N-Glycan Antennae Elongation
PKMTs Methylate Histone Lysines,0.9999959,0.5969585,0.08343277,RBBP4;RELA;NFKB1;NFKB2,PKMTs Methylate Histone Lysines
RNA Polymerase I Promoter Clearance,0.9999959,0.5969585,0.08343277,RBBP4;CBX3;CHD4;POLR2H,RNA Polymerase I Promoter Clearance
RNA Polymerase I Transcription,0.9999959,0.5969585,0.08343277,RBBP4;CBX3;CHD4;POLR2H,RNA Polymerase I Transcription
Receptor-type Tyrosine-Protein Phosphatases,0.9999959,0.5969585,0.08343277,PTPRS;SLITRK1;PTPRF;LRRC4B,Receptor-type Tyrosine-Protein Phosphatases
Regulation of Endogenous Retroelements by KRAB-ZFP Proteins,0.9999959,0.5969585,0.08343277,TRIM28;RBBP4;SUMO2;CHD4,Regulation of Endogenous Retroelements by KRAB-ZFP Proteins
STING Mediated Induction of Host Immune Responses,0.9999959,0.5969585,0.08343277,XRCC6;TBK1;XRCC5;TRIM21,STING Mediated Induction of Host Immune Responses
Signaling by LTK,0.9999959,0.5969585,0.08343277,SHC1;GRB2;PIK3CB;PIK3R1,Signaling by LTK
Transcriptional Regulation of Brown and Beige Adipocyte Differentiation,0.9999959,0.5969585,0.08343277,RBBP4;HNRNPU;CHD4;BMP7,Transcriptional Regulation of Brown and Beige Adipocyte Differentiation
Transcriptional Regulation of Brown and Beige Adipocyte Differentiation by EBF2,0.9999959,0.5969585,0.08343277,RBBP4;HNRNPU;CHD4;BMP7,Transcriptional Regulation of Brown and Beige Adipocyte Differentiation by EBF2
Synthesis of PIPs at the Plasma Membrane,0.9999959,0.7241048,0.09613673,RAB4A;MTMR14;INPPL1;PTEN;PIK3CB;PIK3R1;PIK3CG;PIK3R6;MTM1;RUFY1;INPP4B;RAB14;PIP4K2A;PIP4K2B;PIP4K2C;PIP5K1C;RAB5A,Synthesis of PIPs at the Plasma Membrane
E3 Ubiquitin Ligases Ubiquitinate Target Proteins,0.9999959,0.6509349,0.08547254,VCP;PCNA;HLA-B;UBE2V2;PAF1;HLA-A;PEX14;UBE2L3,E3 Ubiquitin Ligases Ubiquitinate Target Proteins
Processing of DNA Double-Strand Break Ends,0.9999959,0.6509349,0.08547254,BABAM1;PPP4C;RPA3;SUMO2;UBE2V2;RPA1;RPA2;BRCC3,Processing of DNA Double-Strand Break Ends
Sphingolipid De Novo Biosynthesis,0.9999959,0.6509349,0.08547254,CYB5B;ABCC1;PPM1L;VAPA;VAPB;OSBP;CERT1;CERS2,Sphingolipid De Novo Biosynthesis
Signaling by FGFR2,0.9999959,0.7062176,0.08923377,FGFBP2;SHC1;SRC;PTPN11;PIK3R1;CBL;PTBP1;PPP2CB;PPP2R1A;HNRNPF;MAPK1;GRB2;KRAS;POLR2H;FGFR2,Signaling by FGFR2
Formation of the Cornified Envelope,0.9999959,0.6957785,0.08531684,DSP;JUP;FURIN;PCSK6;PPL;TGM1;CASP14;KRT18;CAPNS1;DSG1;DSG2;CAPN1;DSC2;IVL,Formation of the Cornified Envelope
Downregulation of SMAD2 3 SMAD4 Transcriptional Activity,0.9999959,0.6265457,0.07664782,SMAD2;PPM1A;PARP1;STAT1;USP9X;SERPINE1;MAPK1,Downregulation of SMAD2 3 SMAD4 Transcriptional Activity
NR1H3 & NR1H2 Regulate Gene Expression Linked to Cholesterol Transport and Efflux,0.9999959,0.6265457,0.07664782,CETP;TBL1XR1;APOC2;APOC4;APOD;APOE;PLTP,NR1H3 & NR1H2 Regulate Gene Expression Linked to Cholesterol Transport and Efflux
RUNX1 Regulates Genes Involved in Megakaryocyte Differentiation and Platelet Function,0.9999959,0.6265457,0.07664782,PRMT1;ITGA2B;GP1BA;PRKCQ;MYL9;THBS1;PF4,RUNX1 Regulates Genes Involved in Megakaryocyte Differentiation and Platelet Function
Regulation of TP53 Degradation,0.9999959,0.6265457,0.07664782,PPP2CB;USP7;PPP2R1A;AKT2;CDK1;AKT1;MTOR,Regulation of TP53 Degradation
Regulation of TP53 Expression and Degradation,0.9999959,0.6265457,0.07664782,PPP2CB;USP7;PPP2R1A;AKT2;CDK1;AKT1;MTOR,Regulation of TP53 Expression and Degradation
Complex IV Assembly,0.9999959,0.6841076,0.08105154,SURF1;NDUFA4;COX4I1;COX7A2;COX5B;COX6A1;COX6C;COX5A;COX6B1;COX7A2L;PNKD;MT-CO2;MT-CO3,Complex IV Assembly
Acyl Chain Remodelling of PC,0.9999959,0.5372805,0.06342845,LPCAT3;MBOAT2;PLA2G4A,Acyl Chain Remodelling of PC
Acyl Chain Remodelling of PE,0.9999959,0.5372805,0.06342845,LPCAT3;MBOAT2;PLA2G4A,Acyl Chain Remodelling of PE
Defective Homologous Recombination Repair (HRR) Due to BRCA2 Loss of Function,0.9999959,0.5372805,0.06342845,RPA3;RPA1;RPA2,Defective Homologous Recombination Repair (HRR) Due to BRCA2 Loss of Function
Diseases of DNA Double-Strand Break Repair,0.9999959,0.5372805,0.06342845,RPA3;RPA1;RPA2,Diseases of DNA Double-Strand Break Repair
Diseases of DNA Repair,0.9999959,0.5372805,0.06342845,RPA3;RPA1;RPA2,Diseases of DNA Repair
G0 and Early G1,0.9999959,0.5372805,0.06342845,PCNA;RBBP4;CDK1,G0 and Early G1
"GABA Synthesis, Release, Reuptake and Degradation",0.9999959,0.5372805,0.06342845,HSPA8;ALDH5A1;STXBP1,"GABA Synthesis, Release, Reuptake and Degradation"
Glutamate Neurotransmitter Release Cycle,0.9999959,0.5372805,0.06342845,STXBP1;ARL6IP5;GLS,Glutamate Neurotransmitter Release Cycle
Homologous DNA Pairing and Strand Exchange,0.9999959,0.5372805,0.06342845,RPA3;RPA1;RPA2,Homologous DNA Pairing and Strand Exchange
IRF3-mediated Induction of Type I IFN,0.9999959,0.5372805,0.06342845,XRCC6;TBK1;XRCC5,IRF3-mediated Induction of Type I IFN
Impaired BRCA2 Binding to RAD51,0.9999959,0.5372805,0.06342845,RPA3;RPA1;RPA2,Impaired BRCA2 Binding to RAD51
Presynaptic Phase of Homologous DNA Pairing and Strand Exchange,0.9999959,0.5372805,0.06342845,RPA3;RPA1;RPA2,Presynaptic Phase of Homologous DNA Pairing and Strand Exchange
Pyrimidine Salvage,0.9999959,0.5372805,0.06342845,TK2;DCK;TYMP,Pyrimidine Salvage
RNA Polymerase I Transcription Initiation,0.9999959,0.5372805,0.06342845,RBBP4;CHD4;POLR2H,RNA Polymerase I Transcription Initiation
Synthesis of Leukotrienes (LT) and Eoxins (EX),0.9999959,0.5372805,0.06342845,ABCC1;MAPKAPK2;PTGR1,Synthesis of Leukotrienes (LT) and Eoxins (EX)
Unwinding of DNA,0.9999959,0.5372805,0.06342845,MCM7;MCM6;MCM2,Unwinding of DNA
ISG15 Antiviral Mechanism,0.9999959,0.7343712,0.08386805,EIF4A2;NUP214;EIF4A1;SEC13;UBA7;STAT1;EIF4A3;EIF2AK2;ISG15;PPM1B;TRIM25;PIN1;KPNA4;FLNB;NUP43;KPNA3;EIF4E;EIF4G3;KPNB1;EIF4G2;JAK1;KPNA1;EIF4G1,ISG15 Antiviral Mechanism
CD28 Dependent PI3K Akt Signaling,0.9999959,0.59673,0.0667545,LCK;AKT2;AKT1;FYN;PIK3R1;MTOR,CD28 Dependent PI3K Akt Signaling
Neurotransmitter Release Cycle,0.9999959,0.59673,0.0667545,HSPA8;ALDH5A1;STXBP1;ARL6IP5;SLC18A2;GLS,Neurotransmitter Release Cycle
Abacavir ADME,0.9999959,0.4479049,0.04994143,NT5C2,Abacavir ADME
Activation of Ca-permeable Kainate Receptor,0.9999959,0.4479049,0.04994143,DLG1,Activation of Ca-permeable Kainate Receptor
Activation of RAS in B Cells,0.9999959,0.4479049,0.04994143,KRAS,Activation of RAS in B Cells
Defective Pyroptosis,0.9999959,0.4479049,0.04994143,RBBP4,Defective Pyroptosis
Diseases Associated With Surfactant Metabolism,0.9999959,0.4479049,0.04994143,SFTPB,Diseases Associated With Surfactant Metabolism
Glycerophospholipid Catabolism,0.9999959,0.4479049,0.04994143,PNPLA6,Glycerophospholipid Catabolism
Ionotropic Activity of Kainate Receptors,0.9999959,0.4479049,0.04994143,DLG1,Ionotropic Activity of Kainate Receptors
Leading Strand Synthesis,0.9999959,0.4479049,0.04994143,PCNA,Leading Strand Synthesis
Lewis Blood Group Biosynthesis,0.9999959,0.4479049,0.04994143,ST3GAL6,Lewis Blood Group Biosynthesis
NFE2L2 Regulating MDR Associated Enzymes,0.9999959,0.4479049,0.04994143,ABCC1,NFE2L2 Regulating MDR Associated Enzymes
NOSTRIN Mediated eNOS Trafficking,0.9999959,0.4479049,0.04994143,DNM2,NOSTRIN Mediated eNOS Trafficking
PRC2 Methylates Histones and DNA,0.9999959,0.4479049,0.04994143,RBBP4,PRC2 Methylates Histones and DNA
Pexophagy,0.9999959,0.4479049,0.04994143,SQSTM1,Pexophagy
Physiological Factors,0.9999959,0.4479049,0.04994143,CES1,Physiological Factors
Polymerase Switching,0.9999959,0.4479049,0.04994143,PCNA,Polymerase Switching
Prostanoid Ligand Receptors,0.9999959,0.4479049,0.04994143,TBXA2R,Prostanoid Ligand Receptors
RAS Signaling Downstream of NF1 Loss-Of-Function Variants,0.9999959,0.4479049,0.04994143,KRAS,RAS Signaling Downstream of NF1 Loss-Of-Function Variants
RHO GTPases Activate Rhotekin and Rhophilins,0.9999959,0.4479049,0.04994143,RHOA,RHO GTPases Activate Rhotekin and Rhophilins
Regulation of HMOX1 Expression and Activity,0.9999959,0.4479049,0.04994143,HM13,Regulation of HMOX1 Expression and Activity
SARS-CoV-1-mediated Effects on Programmed Cell Death,0.9999959,0.4479049,0.04994143,BCL2L1,SARS-CoV-1-mediated Effects on Programmed Cell Death
Signaling by Membrane-Tethered Fusions of PDGFRA or PDGFRB,0.9999959,0.4479049,0.04994143,BIN2,Signaling by Membrane-Tethered Fusions of PDGFRA or PDGFRB
Sphingolipid Catabolism,0.9999959,0.4479049,0.04994143,ALDH3A2,Sphingolipid Catabolism
TFAP2 (AP-2) Family Regulates Transcription of Growth Factors and Their Receptors,0.9999959,0.4479049,0.04994143,KIT,TFAP2 (AP-2) Family Regulates Transcription of Growth Factors and Their Receptors
TNFR1-mediated Ceramide Production,0.9999959,0.4479049,0.04994143,RACK1,TNFR1-mediated Ceramide Production
Triglyceride Biosynthesis,0.9999959,0.4479049,0.04994143,LPIN2,Triglyceride Biosynthesis
RND1 GTPase Cycle,0.9999959,0.6560856,0.07134977,DSP;ALDH3A2;STIP1;TMEM59;TFRC;CPD;TXNL1;FLOT2;MUC13;PIK3R1;RBMX,RND1 GTPase Cycle
Death Receptor Signaling,0.9999959,0.7714657,0.0817587,YWHAE;RNF31;KALRN;RTN4;RELA;UBE2L3;IKBKB;FGD3;GNA13;FGD4;TBK1;SHARPIN;ARHGDIA;CASP3;TNFSF10;RACK1;IKBKG;RAC1;MAP3K7;ARHGEF12;CHUK;USP4;NFKB1;RHOA;VAV1;ADAM17;TRAF6;MADD;MAPKAPK2;ARHGEF1;STUB1;RBCK1;TAB1;ARHGEF2;ARHGEF7;SQSTM1;OPTN;ARHGEF6,Death Receptor Signaling
Regulation of TP53 Activity Through Phosphorylation,0.9999959,0.6390657,0.06584792,PRKAB2;PRKAA1;RPA3;CSNK2B;PRKAG1;RPA1;RPA2;PIN1;MAPK14;PRKAB1,Regulation of TP53 Activity Through Phosphorylation
Beta-catenin Phosphorylation Cascade,0.9999959,0.5594529,0.05571123,GSK3B;PPP2CB;PPP2R1A;PPP2R5A;CTNNB1,Beta-catenin Phosphorylation Cascade
CTNNB1 S33 Mutants Aren'T Phosphorylated,0.9999959,0.5594529,0.05571123,GSK3B;PPP2CB;PPP2R1A;PPP2R5A;CTNNB1,CTNNB1 S33 Mutants Aren'T Phosphorylated
CTNNB1 S37 Mutants Aren'T Phosphorylated,0.9999959,0.5594529,0.05571123,GSK3B;PPP2CB;PPP2R1A;PPP2R5A;CTNNB1,CTNNB1 S37 Mutants Aren'T Phosphorylated
CTNNB1 S45 Mutants Aren'T Phosphorylated,0.9999959,0.5594529,0.05571123,GSK3B;PPP2CB;PPP2R1A;PPP2R5A;CTNNB1,CTNNB1 S45 Mutants Aren'T Phosphorylated
CTNNB1 T41 Mutants Aren'T Phosphorylated,0.9999959,0.5594529,0.05571123,GSK3B;PPP2CB;PPP2R1A;PPP2R5A;CTNNB1,CTNNB1 T41 Mutants Aren'T Phosphorylated
Metabolism of Angiotensinogen to Angiotensins,0.9999959,0.5594529,0.05571123,ATP6AP2;CTSZ;CTSG;CTSD;CES1,Metabolism of Angiotensinogen to Angiotensins
Signaling by CTNNB1 Phospho-Site Mutants,0.9999959,0.5594529,0.05571123,GSK3B;PPP2CB;PPP2R1A;PPP2R5A;CTNNB1,Signaling by CTNNB1 Phospho-Site Mutants
Signaling by GSK3beta Mutants,0.9999959,0.5594529,0.05571123,GSK3B;PPP2CB;PPP2R1A;PPP2R5A;CTNNB1,Signaling by GSK3beta Mutants
HDR Through Homologous Recombination (HRR) or Single Strand Annealing (SSA),0.9999959,0.6194229,0.05987047,BABAM1;PPP4C;PCNA;RPA3;SUMO2;UBE2V2;RPA1;RPA2;BRCC3,HDR Through Homologous Recombination (HRR) or Single Strand Annealing (SSA)
DNA Double-Strand Break Repair,0.9999959,0.6706936,0.0628899,XRCC6;UBXN1;PCNA;PARP1;XRCC5;RPA1;XRCC1;RPA2;BRCC3;BABAM1;PPP5C;PPP4C;RPA3;SUMO2;UBE2V2,DNA Double-Strand Break Repair
PI Metabolism,0.9999959,0.7149615,0.06472232,VAC14;RAB4A;MTMR12;MTMR14;PITPNB;SACM1L;INPPL1;PTEN;PIK3CB;PIK3R1;PIK3CG;PIK3R6;MTM1;RUFY1;INPP4B;RAB14;PI4KA;PIP4K2A;PIP4K2B;PIK3C3;PIP4K2C;PIP5K1C;PNPLA6;RAB5A,PI Metabolism
Regulation of TP53 Activity,0.9999959,0.7149615,0.06472232,PRMT5;PRKAB2;USP7;PRKAA1;PRKAG1;RPA1;RPA2;CHD4;MAPK14;PRKAB1;MTOR;PPP2CB;RBBP4;PPP2R1A;TTC5;AKT2;RPA3;CSNK2B;CDK1;AKT1;PIP4K2A;PIN1;PIP4K2B;PIP4K2C,Regulation of TP53 Activity
Keratinization,0.9999959,0.6589492,0.05938205,DSP;JUP;FURIN;PCSK6;PPL;TGM1;CASP14;KRT18;CAPNS1;DSG1;DSG2;CAPN1;IVL;DSC2,Keratinization
Activation of Caspases Through Apoptosome-Mediated Cleavage,0.9999959,0.4477485,0.04009538,CASP3;CYCS,Activation of Caspases Through Apoptosome-Mediated Cleavage
Defects in Cobalamin (B12) Metabolism,0.9999959,0.4477485,0.04009538,MMAB;CD320,Defects in Cobalamin (B12) Metabolism
Formation of the Beta-Catenin TCF Transactivating Complex,0.9999959,0.4477485,0.04009538,RUVBL1;CTNNB1,Formation of the Beta-Catenin TCF Transactivating Complex
Germ Layer Formation at Gastrulation,0.9999959,0.4477485,0.04009538,SMAD2;CTNNB1,Germ Layer Formation at Gastrulation
Nectin Necl Trans Heterodimerization,0.9999959,0.4477485,0.04009538,CADM1;NECTIN2,Nectin Necl Trans Heterodimerization
Regulation of Innate Immune Responses to Cytosolic DNA,0.9999959,0.4477485,0.04009538,TBK1;TRIM21,Regulation of Innate Immune Responses to Cytosolic DNA
Role of ABL in ROBO-SLIT Signaling,0.9999959,0.4477485,0.04009538,CAP1;CLASP2,Role of ABL in ROBO-SLIT Signaling
TRIF-mediated Programmed Cell Death,0.9999959,0.4477485,0.04009538,LY96;CD14,TRIF-mediated Programmed Cell Death
TRP Channels,0.9999959,0.4477485,0.04009538,TRPC6;TRPM4,TRP Channels
The Activation of Arylsulfatases,0.9999959,0.4477485,0.04009538,ARSA;SUMF2,The Activation of Arylsulfatases
rRNA Modification in the Nucleus and Cytosol,0.9999959,0.5965012,0.05339304,NOP56;RPS14;NOP58;RPS6;NOP2;THUMPD1;RPS2;WDR43,rRNA Modification in the Nucleus and Cytosol
Aflatoxin Activation and Detoxification,0.9999959,0.5115168,0.04351454,GGT7;AKR7A2;MGST3;MGST1,Aflatoxin Activation and Detoxification
KSRP (KHSRP) Binds and Destabilizes mRNA,0.9999959,0.5115168,0.04351454,KHSRP;AKT1;MAPK14;YWHAZ,KSRP (KHSRP) Binds and Destabilizes mRNA
Metabolism of Steroid Hormones,0.9999959,0.5115168,0.04351454,HSD11B1;AKR1B1;HSD17B12;HSD17B11,Metabolism of Steroid Hormones
RUNX2 Regulates Osteoblast Differentiation,0.9999959,0.5115168,0.04351454,COL1A1;SRC;MAPK1;HDAC6,RUNX2 Regulates Osteoblast Differentiation
Signaling by NOTCH2,0.9999959,0.5115168,0.04351454,NOTCH2;FCER2;JAG1;ADAM10,Signaling by NOTCH2
RNA Polymerase II Transcription Termination,0.9999959,0.6313046,0.05164545,NUDT21;CPSF7;RBM8A;U2AF2;SARNP;EIF4A3;SRSF1;SRSF3;SNRPE;SNRPF;SRSF7;SRRM1,RNA Polymerase II Transcription Termination
Disassembly of the Destruction Complex and Recruitment of AXIN to the Membrane,0.9999959,0.5694065,0.04640526,GSK3B;PPP2CB;PPP2R1A;LRP5;PPP2R5A;CTNNB1;LRP6,Disassembly of the Destruction Complex and Recruitment of AXIN to the Membrane
Nicotinate Metabolism,0.9999959,0.5694065,0.04640526,PARP10;NADK2;NT5E;NAPRT;NAMPT;NAXD;NADK,Nicotinate Metabolism
HIV Life Cycle,0.9999959,0.7328602,0.05934081,TSG101;VPS4B;VPS4A;CXCR4;FURIN;XPO1;BANF1;ELOB;NUP43;ELOC;POLR2H;KPNA1;NUP214;RANBP1;XRCC6;SEC13;PDCD6IP;XRCC5;VTA1;VPS37A;VPS37B;RANGAP1;CHMP2A;NMT1;CHMP4B;CHMP3;CHMP4A;CHMP6;PPIA;VPS28;RAN;CHMP5,HIV Life Cycle
Positive Epigenetic Regulation of rRNA Expression,0.9999959,0.5368869,0.03892436,GSK3B;MYO1C;RBBP4;CBX3;CHD4;POLR2H,Positive Epigenetic Regulation of rRNA Expression
B-WICH Complex Positively Regulates rRNA Expression,0.9999959,0.4475921,0.03036664,GSK3B;MYO1C;POLR2H,B-WICH Complex Positively Regulates rRNA Expression
Caspase Activation via Death Receptors in the Presence of Ligand,0.9999959,0.4475921,0.03036664,TNFSF10;LY96;CD14,Caspase Activation via Death Receptors in the Presence of Ligand
HDR Through Single Strand Annealing (SSA),0.9999959,0.4475921,0.03036664,RPA3;RPA1;RPA2,HDR Through Single Strand Annealing (SSA)
Mucopolysaccharidoses,0.9999959,0.4475921,0.03036664,GLB1;IDS;GNS,Mucopolysaccharidoses
Synthesis of PIPs at the Late Endosome Membrane,0.9999959,0.4475921,0.03036664,VAC14;PIK3C3;MTM1,Synthesis of PIPs at the Late Endosome Membrane
HCMV Early Events,0.9999959,0.6778106,0.04507429,NUP214;ITGB1;DYNC1I2;DYNC1H1;SEC13;DUT;TUBAL3;CBX1;TUBB4B;TUBB4A;TUBA4B;TUBA4A;NFKB1;DYNC1LI1;DYNC1LI2;TUBB6;TRIM28;RBBP4;TBL1XR1;TUBB1;NUP43;TUBA8,HCMV Early Events
Caspase Activation via Extrinsic Apoptotic Signalling Pathway,0.9999959,0.497134,0.03101982,CASP3;TNFSF10;LY96;CD14;APPL1,Caspase Activation via Extrinsic Apoptotic Signalling Pathway
Class I Peroxisomal Membrane Protein Import,0.9999959,0.497134,0.03101982,ATAD1;ALDH3A2;PEX19;ABCD1;PEX14,Class I Peroxisomal Membrane Protein Import
Notch-HLH Transcription Pathway,0.9999959,0.497134,0.03101982,NOTCH2;NOTCH3;NOTCH1;TBL1XR1;HDAC6,Notch-HLH Transcription Pathway
Recruitment and ATM-med Phosphorylation of Repair and Signaling Proteins at DNA Double Strand Breaks,0.9999959,0.497134,0.03101982,BABAM1;PPP5C;UBXN1;UBE2V2;BRCC3,Recruitment and ATM-med Phosphorylation of Repair and Signaling Proteins at DNA Double Strand Breaks
Signaling by FGFR2 in Disease,0.9999959,0.497134,0.03101982,GRB2;KRAS;PIK3R1;POLR2H;FGFR2,Signaling by FGFR2 in Disease
Synthesis of PIPs at the Early Endosome Membrane,0.9999959,0.497134,0.03101982,VAC14;INPP4B;MTMR12;PIK3C3;MTM1,Synthesis of PIPs at the Early Endosome Membrane
Late Phase of HIV Life Cycle,0.9999959,0.688917,0.04015988,TSG101;VPS4B;VPS4A;FURIN;XPO1;ELOB;NUP43;ELOC;POLR2H;NUP214;RANBP1;SEC13;PDCD6IP;VTA1;VPS37A;VPS37B;RANGAP1;CHMP2A;NMT1;CHMP4B;CHMP3;CHMP4A;CHMP6;PPIA;VPS28;RAN;CHMP5,Late Phase of HIV Life Cycle
Phospholipid Metabolism,0.9999959,0.7544345,0.04074635,ACHE;MTMR12;SLC44A1;SLC44A2;PITPNB;MTMR14;INPPL1;PTEN;PIK3CB;PIK3CG;CPNE1;PIP4K2A;CPNE3;PIP4K2B;PIP4K2C;PCYT2;SACM1L;PLA2G4A;GPCPD1;RUFY1;HADHB;INPP4B;HADHA;DUSP23;GPD2;CSNK2B;PITPNM2;PIK3C3;MGLL;PLA1A;VAC14;PLD4;PIK3R1;AGPAT1;PIK3R6;PLD3;MTM1;PIP5K1C;CDIPT;OSBPL8;RAB4A;CHKB;AGK;MBOAT7;STARD10;DDHD2;MBOAT2;RAB14;LPCAT3;PI4KA;PNPLA6;GPD1L;RAB5A;LPIN2;CDS2,Phospholipid Metabolism
Signaling by ERBB4,0.9999959,0.5785316,0.03123044,STAT5A;ADAM17;ITCH;SPARC;SHC1;SRC;EGF;GRB2;KRAS;PIK3R1;APOE,Signaling by ERBB4
Signaling by WNT in Cancer,0.9999959,0.5217905,0.02794085,GSK3B;PPP2CB;PPP2R1A;LRP5;PPP2R5A;CTNNB1;LRP6,Signaling by WNT in Cancer
"Transport of Vitamins, Nucleosides, and Related Molecules",0.9999959,0.5217905,0.02794085,SLC35B2;ARL2;APOD;SLC25A5;SLC29A1;SLC25A6;SLC27A4,"Transport of Vitamins, Nucleosides, and Related Molecules"
Alpha-oxidation of Phytanate,0.9999959,0.2985089,0.0152612,ALDH3A2,Alpha-oxidation of Phytanate
Attachment and Entry 9678110,0.9999959,0.2985089,0.0152612,VCP,Attachment and Entry 9678110
Cardiogenesis,0.9999959,0.2985089,0.0152612,CTNNB1,Cardiogenesis
Cobalamin (Cbl) Metabolism,0.9999959,0.2985089,0.0152612,MMAB,Cobalamin (Cbl) Metabolism
IRS Activation,0.9999959,0.2985089,0.0152612,IRS2,IRS Activation
Loss of MECP2 Binding Ability to the NCoR SMRT Complex,0.9999959,0.2985089,0.0152612,TBL1XR1,Loss of MECP2 Binding Ability to the NCoR SMRT Complex
Modulation by Mtb of Host Immune System,0.9999959,0.2985089,0.0152612,PTPA,Modulation by Mtb of Host Immune System
RUNX3 Regulates CDKN1A Transcription,0.9999959,0.2985089,0.0152612,TGFB1,RUNX3 Regulates CDKN1A Transcription
Regulation of FOXO Transcriptional Activity by Acetylation,0.9999959,0.2985089,0.0152612,TXNIP,Regulation of FOXO Transcriptional Activity by Acetylation
SUMOylation of Intracellular Receptors,0.9999959,0.2985089,0.0152612,SUMO2,SUMOylation of Intracellular Receptors
Serine Biosynthesis,0.9999959,0.2985089,0.0152612,PHGDH,Serine Biosynthesis
TP53 Regulates Transcription of Death Receptors and Ligands,0.9999959,0.2985089,0.0152612,IGFBP3,TP53 Regulates Transcription of Death Receptors and Ligands
TRAIL Signaling,0.9999959,0.2985089,0.0152612,TNFSF10,TRAIL Signaling
tRNA Modification in the Mitochondrion,0.9999959,0.2985089,0.0152612,HSD17B10,tRNA Modification in the Mitochondrion
APC Truncation Mutants Have Impaired AXIN Binding,0.9999959,0.4474355,0.02285774,GSK3B;PPP2CB;PPP2R1A;PPP2R5A,APC Truncation Mutants Have Impaired AXIN Binding
AXIN Missense Mutants Destabilize the Destruction Complex,0.9999959,0.4474355,0.02285774,GSK3B;PPP2CB;PPP2R1A;PPP2R5A,AXIN Missense Mutants Destabilize the Destruction Complex
Processing of Capped Intronless Pre-mRNA,0.9999959,0.4474355,0.02285774,NUDT21;CPSF7;SNRPE;SNRPF,Processing of Capped Intronless Pre-mRNA
Signaling by AMER1 Mutants,0.9999959,0.4474355,0.02285774,GSK3B;PPP2CB;PPP2R1A;PPP2R5A,Signaling by AMER1 Mutants
Signaling by APC Mutants,0.9999959,0.4474355,0.02285774,GSK3B;PPP2CB;PPP2R1A;PPP2R5A,Signaling by APC Mutants
Signaling by AXIN Mutants,0.9999959,0.4474355,0.02285774,GSK3B;PPP2CB;PPP2R1A;PPP2R5A,Signaling by AXIN Mutants
Synthesis of PIPs at the Golgi Membrane,0.9999959,0.4474355,0.02285774,VAC14;SACM1L;PI4KA;PIK3C3,Synthesis of PIPs at the Golgi Membrane
Truncations of AMER1 Destabilize the Destruction Complex,0.9999959,0.4474355,0.02285774,GSK3B;PPP2CB;PPP2R1A;PPP2R5A,Truncations of AMER1 Destabilize the Destruction Complex
tRNA Modification in the Nucleus and Cytosol,0.9999959,0.4474355,0.02285774,EPRS1;NSUN2;LAGE3;OSGEP,tRNA Modification in the Nucleus and Cytosol
mRNA 3'-End Processing,0.9999959,0.5588277,0.02771635,NUDT21;CPSF7;RBM8A;U2AF2;SARNP;EIF4A3;SRSF1;SRSF3;SRSF7;SRRM1,mRNA 3'-End Processing
Activation of C3 and C5,0.9999959,0.3580855,0.01698321,C4B;C4A,Activation of C3 and C5
Cytochrome P450 - Arranged by Substrate Type,0.9999959,0.3580855,0.01698321,POR;TBXAS1,Cytochrome P450 - Arranged by Substrate Type
Disorders of Developmental Biology,0.9999959,0.3580855,0.01698321,TBL1XR1;PRKACA,Disorders of Developmental Biology
Disorders of Nervous System Development,0.9999959,0.3580855,0.01698321,TBL1XR1;PRKACA,Disorders of Nervous System Development
FGFR2 Mutant Receptor Activation,0.9999959,0.3580855,0.01698321,POLR2H;FGFR2,FGFR2 Mutant Receptor Activation
Loss of Function of MECP2 in Rett Syndrome,0.9999959,0.3580855,0.01698321,TBL1XR1;PRKACA,Loss of Function of MECP2 in Rett Syndrome
Maturation of Nucleoprotein 9683610,0.9999959,0.3580855,0.01698321,PARP10;GSK3B,Maturation of Nucleoprotein 9683610
Norepinephrine Neurotransmitter Release Cycle,0.9999959,0.3580855,0.01698321,STXBP1;SLC18A2,Norepinephrine Neurotransmitter Release Cycle
Pervasive Developmental Disorders,0.9999959,0.3580855,0.01698321,TBL1XR1;PRKACA,Pervasive Developmental Disorders
Regulation of MITF-M-dependent Genes Involved in Cell Cycle and Proliferation,0.9999959,0.3580855,0.01698321,HINT1;CTNNB1,Regulation of MITF-M-dependent Genes Involved in Cell Cycle and Proliferation
Serotonin Neurotransmitter Release Cycle,0.9999959,0.3580855,0.01698321,STXBP1;SLC18A2,Serotonin Neurotransmitter Release Cycle
Signaling by FGFR2 IIIa TM,0.9999959,0.3580855,0.01698321,POLR2H;FGFR2,Signaling by FGFR2 IIIa TM
Transcriptional Regulation by E2F6,0.9999959,0.3580855,0.01698321,RBBP4;CBX3,Transcriptional Regulation by E2F6
TNFR1-induced Proapoptotic Signaling,0.9999959,0.4879243,0.02260541,RNF31;SHARPIN;TBK1;USP4;RBCK1;OPTN,TNFR1-induced Proapoptotic Signaling
Glucose Metabolism,0.9999959,0.6493432,0.02664148,NUP214;GPI;SEC13;TPI1;ADPGK;PGAM1;ENO1;ENO2;PGM2L1;HK1;PPP2CB;PFKL;PKM;PPP2R1A;PGP;PGK1;ALDOC;NUP43;ALDOB;PRKACA;PRKACB;GAPDH;PFKM;PFKP,Glucose Metabolism
HCMV Late Events,0.9999959,0.6074744,0.02466538,NUP214;SEC13;TSG101;VPS4A;VPS37A;SNF8;VPS37B;HNRNPK;CHMP2A;CHMP4B;CHMP3;CHMP4A;NUP43;CHMP6;VPS36;VPS25;VPS28,HCMV Late Events
DNA Double Strand Break Response,0.9999959,0.4472789,0.01724301,BABAM1;PPP5C;UBXN1;UBE2V2;BRCC3,DNA Double Strand Break Response
NOTCH1 Intracellular Domain Regulates Transcription,0.9999959,0.4472789,0.01724301,NOTCH1;TBL1XR1;CUL1;HDAC6;SKP1,NOTCH1 Intracellular Domain Regulates Transcription
Nonhomologous End-Joining (NHEJ),0.9999959,0.4472789,0.01724301,BABAM1;XRCC6;XRCC5;UBE2V2;BRCC3,Nonhomologous End-Joining (NHEJ)
Nuclear Signaling by ERBB4,0.9999959,0.4472789,0.01724301,STAT5A;ADAM17;SPARC;SRC;APOE,Nuclear Signaling by ERBB4
RUNX2 Regulates Bone Development,0.9999959,0.4472789,0.01724301,COL1A1;RBM14;SRC;MAPK1;HDAC6,RUNX2 Regulates Bone Development
NOTCH2 Activation and Transmission of Signal to the Nucleus,0.9999959,0.3835289,0.01478054,NOTCH2;JAG1;ADAM10,NOTCH2 Activation and Transmission of Signal to the Nucleus
Pre-NOTCH Transcription and Translation,0.9999959,0.3835289,0.01478054,NOTCH2;NOTCH3;NOTCH1,Pre-NOTCH Transcription and Translation
Estrogen-dependent Gene Expression,0.9999959,0.5462174,0.02040203,DDX5;HSP90AA1;HSP90AB1;PRMT1;RAD21;PTGES3;POLR2H;SMC3;FKBP4;SMC1A;CTSD,Estrogen-dependent Gene Expression
Mitochondrial RNA Degradation,0.9999959,0.4815001,0.01671116,MT-ATP6;PNPT1;MT-CO2;MT-CO3;SLIRP;REXO2;LRPPRC,Mitochondrial RNA Degradation
SUMOylation,0.9999959,0.6512619,0.02253607,TOP2B;DDX5;PCNA;PARK7;SMC3;RELA;TRIM28;RAD21;SUMO2;NUP43;IKBKG;DDX17;NUP214;SEC13;NOP58;NPM1;PARP1;RPA1;EIF2AK2;RANGAP1;SMC1A;NFKB2;HNRNPK;UBA2;HNRNPC;TOP1;SAE1,SUMOylation
Nuclear Envelope Breakdown,0.9999959,0.5685499,0.01904862,NUP214;NEK9;SEC13;PRKCB;PRKCA;LEMD2;LMNB1;LMNA;CDK1;BANF1;NUP43;EMD;LPIN2;TMPO,Nuclear Envelope Breakdown
AKT Phosphorylates Targets in the Cytosol,0.9999959,0.3975945,0.01203329,GSK3B;CHUK;AKT2;AKT1,AKT Phosphorylates Targets in the Cytosol
Metabolic Disorders of Biological Oxidation Enzymes,0.9999959,0.3975945,0.01203329,AHCY;TBXAS1;OPLAH;GCLM,Metabolic Disorders of Biological Oxidation Enzymes
Metabolism of Cofactors,0.9999959,0.3975945,0.01203329,HSP90AA1;IDH1;AKT1;ACO1,Metabolism of Cofactors
RUNX1 Interacts With Co-Factors Whose Precise Effect on RUNX1 Targets Is Not Known,0.9999959,0.3975945,0.01203329,SMARCE1;SMARCC2;ACTL6A;CSNK2B,RUNX1 Interacts With Co-Factors Whose Precise Effect on RUNX1 Targets Is Not Known
Intraflagellar Transport,0.9999959,0.4471222,0.01305557,TUBB6;TUBB1;TNPO1;TUBB4B;TUBB4A;TUBA4A,Intraflagellar Transport
Postmitotic Nuclear Pore Complex (NPC) Reformation,0.9999959,0.4471222,0.01305557,SEC13;NUP43;TNPO1;RANGAP1;KPNB1;RAN,Postmitotic Nuclear Pore Complex (NPC) Reformation
Constitutive Signaling by NOTCH1 HD+PEST Domain Mutants,0.9999959,0.476747,0.01247856,ADAM17;NOTCH1;JAG1;TBL1XR1;CUL1;ADAM10;HDAC6;SKP1,Constitutive Signaling by NOTCH1 HD+PEST Domain Mutants
Constitutive Signaling by NOTCH1 PEST Domain Mutants,0.9999959,0.476747,0.01247856,ADAM17;NOTCH1;JAG1;TBL1XR1;CUL1;ADAM10;HDAC6;SKP1,Constitutive Signaling by NOTCH1 PEST Domain Mutants
Signaling by NOTCH1 HD+PEST Domain Mutants in Cancer,0.9999959,0.476747,0.01247856,ADAM17;NOTCH1;JAG1;TBL1XR1;CUL1;ADAM10;HDAC6;SKP1,Signaling by NOTCH1 HD+PEST Domain Mutants in Cancer
Signaling by NOTCH1 PEST Domain Mutants in Cancer,0.9999959,0.476747,0.01247856,ADAM17;NOTCH1;JAG1;TBL1XR1;CUL1;ADAM10;HDAC6;SKP1,Signaling by NOTCH1 PEST Domain Mutants in Cancer
Signaling by NOTCH1 in Cancer,0.9999959,0.476747,0.01247856,ADAM17;NOTCH1;JAG1;TBL1XR1;CUL1;ADAM10;HDAC6;SKP1,Signaling by NOTCH1 in Cancer
Signaling by NOTCH1,0.9999959,0.5173048,0.01321215,ADAM17;ITCH;NOTCH1;JAG1;TBL1XR1;NUMB;CUL1;ADAM10;ARRB1;HDAC6;SKP1,Signaling by NOTCH1
Formation of Senescence-Associated Heterochromatin Foci (SAHF),0.9999959,0.2983102,0.007443528,H1-5;LMNB1,Formation of Senescence-Associated Heterochromatin Foci (SAHF)
Regulation of PTEN mRNA Translation,0.9999959,0.2983102,0.007443528,VAPA;PTEN,Regulation of PTEN mRNA Translation
Regulation of RUNX1 Expression and Activity,0.9999959,0.2983102,0.007443528,SRC;PTPN11,Regulation of RUNX1 Expression and Activity
Small Interfering RNA (siRNA) Biogenesis,0.9999959,0.2983102,0.007443528,TSNAX;TSN,Small Interfering RNA (siRNA) Biogenesis
mRNA Decay by 3' to 5' Exoribonuclease,0.9999959,0.2983102,0.007443528,HBS1L;DCPS,mRNA Decay by 3' to 5' Exoribonuclease
AMPK Inhibits chREBP Transcriptional Activation Activity,0.9999959,0.2238109,0.005331444,PRKAB2,AMPK Inhibits chREBP Transcriptional Activation Activity
Acyl Chain Remodelling of PG,0.9999959,0.2238109,0.005331444,PLA2G4A,Acyl Chain Remodelling of PG
Eicosanoid Ligand-Binding Receptors,0.9999959,0.2238109,0.005331444,TBXA2R,Eicosanoid Ligand-Binding Receptors
HIV Transcription Initiation,0.9999959,0.2238109,0.005331444,POLR2H,HIV Transcription Initiation
Nuclear Receptor Transcription Pathway,0.9999959,0.2238109,0.005331444,NRBP1,Nuclear Receptor Transcription Pathway
Phosphate Bond Hydrolysis by NUDT Proteins,0.9999959,0.2238109,0.005331444,NUDT5,Phosphate Bond Hydrolysis by NUDT Proteins
RNA Pol II CTD Phosphorylation and Interaction With CE,0.9999959,0.2238109,0.005331444,POLR2H,RNA Pol II CTD Phosphorylation and Interaction With CE
RNA Pol II CTD Phosphorylation and Interaction With CE During HIV Infection,0.9999959,0.2238109,0.005331444,POLR2H,RNA Pol II CTD Phosphorylation and Interaction With CE During HIV Infection
RNA Polymerase II HIV Promoter Escape,0.9999959,0.2238109,0.005331444,POLR2H,RNA Polymerase II HIV Promoter Escape
RNA Polymerase II Promoter Escape,0.9999959,0.2238109,0.005331444,POLR2H,RNA Polymerase II Promoter Escape
RNA Polymerase II Transcription Initiation,0.9999959,0.2238109,0.005331444,POLR2H,RNA Polymerase II Transcription Initiation
RNA Polymerase II Transcription Initiation And Promoter Clearance,0.9999959,0.2238109,0.005331444,POLR2H,RNA Polymerase II Transcription Initiation And Promoter Clearance
RNA Polymerase II Transcription Pre-Initiation And Promoter Opening,0.9999959,0.2238109,0.005331444,POLR2H,RNA Polymerase II Transcription Pre-Initiation And Promoter Opening
SUMOylation of Transcription Factors,0.9999959,0.2238109,0.005331444,SUMO2,SUMOylation of Transcription Factors
Transport and Synthesis of PAPS,0.9999959,0.2238109,0.005331444,SLC35B2,Transport and Synthesis of PAPS
WNT Mediated Activation of DVL,0.9999959,0.2238109,0.005331444,CSNK2B,WNT Mediated Activation of DVL
Mitochondrial tRNA Aminoacylation,0.9999959,0.4469654,0.00992145,GARS1;PPA2;QARS1;KARS1;DARS2;IARS2;CARS2,Mitochondrial tRNA Aminoacylation
Regulation of Endogenous Retroelements,0.9999959,0.4469654,0.00992145,SMARCE1;SMARCC2;TRIM28;RBBP4;SUMO2;ACTL6A;CHD4,Regulation of Endogenous Retroelements
ATF4 Activates Genes in Response to Endoplasmic Reticulum Stress,0.9999959,0.3354816,0.007257339,IGFBP1;KHSRP;ATF6,ATF4 Activates Genes in Response to Endoplasmic Reticulum Stress
HIV Elongation Arrest and Recovery,0.9999959,0.3354816,0.007257339,ELOB;ELOC;POLR2H,HIV Elongation Arrest and Recovery
Maturation of Nucleoprotein 9694631,0.9999959,0.3354816,0.007257339,PARP10;GSK3B;PRMT1,Maturation of Nucleoprotein 9694631
Pausing and Recovery of HIV Elongation,0.9999959,0.3354816,0.007257339,ELOB;ELOC;POLR2H,Pausing and Recovery of HIV Elongation
Pausing and Recovery of Tat-mediated HIV Elongation,0.9999959,0.3354816,0.007257339,ELOB;ELOC;POLR2H,Pausing and Recovery of Tat-mediated HIV Elongation
Tat-mediated HIV Elongation Arrest and Recovery,0.9999959,0.3354816,0.007257339,ELOB;ELOC;POLR2H,Tat-mediated HIV Elongation Arrest and Recovery
NOD1 2 Signaling Pathway,0.9999959,0.4730754,0.009387368,IKBKB;ITCH;CHUK;TRAF6;IKBKG;TAB1;UBE2V1;MAPK14;MAP3K7,NOD1 2 Signaling Pathway
SUMO E3 Ligases SUMOylate Target Proteins,0.9999959,0.6026765,0.01095187,TOP2B;DDX5;PCNA;PARK7;SMC3;RELA;TRIM28;RAD21;SUMO2;NUP43;IKBKG;DDX17;NUP214;SEC13;NOP58;NPM1;PARP1;RPA1;EIF2AK2;RANGAP1;SMC1A;NFKB2;HNRNPK;HNRNPC;TOP1,SUMO E3 Ligases SUMOylate Target Proteins
Regulation of Endogenous Retroelements by Piwi-interacting RNAs (piRNAs),0.9999959,0.3724962,0.005262977,SMARCE1;SMARCC2;RBBP4;ACTL6A;CHD4,Regulation of Endogenous Retroelements by Piwi-interacting RNAs (piRNAs)
Condensation of Prometaphase Chromosomes,0.9999959,0.2556135,0.003330143,CSNK2B;CDK1,Condensation of Prometaphase Chromosomes
Dopamine Neurotransmitter Release Cycle,0.9999959,0.2556135,0.003330143,STXBP1;SLC18A2,Dopamine Neurotransmitter Release Cycle
FOXO-mediated Transcription of Cell Cycle Genes,0.9999959,0.2556135,0.003330143,SMAD2;MSTN,FOXO-mediated Transcription of Cell Cycle Genes
Processing of Intronless Pre-mRNAs,0.9999959,0.2556135,0.003330143,NUDT21;CPSF7,Processing of Intronless Pre-mRNAs
Interactions of Rev With Host Cellular Proteins,0.9999959,0.4466515,0.005784172,NUP214;RANBP1;NPM1;SEC13;XPO1;NUP43;RANGAP1;KPNB1;RAN,Interactions of Rev With Host Cellular Proteins
NS1 Mediated Effects on Host Pathways,0.9999959,0.4466515,0.005784172,NUP214;SEC13;EIF2AK2;KPNA4;NUP43;ISG15;KPNA3;KPNB1;KPNA1,NS1 Mediated Effects on Host Pathways
Butyrate Response Factor 1 (BRF1) Binds and Destabilizes mRNA,0.9999959,0.2981114,0.003578697,YWHAB;MAPKAPK2;AKT1,Butyrate Response Factor 1 (BRF1) Binds and Destabilizes mRNA
RNA Polymerase II Transcribes snRNA Genes,0.9999959,0.2981114,0.003578697,SRRT;RPRD1B;POLR2H,RNA Polymerase II Transcribes snRNA Genes
TP53 Regulates Transcription of DNA Repair Genes,0.9999959,0.2981114,0.003578697,ELOB;ELOC;POLR2H,TP53 Regulates Transcription of DNA Repair Genes
Transcriptional Regulation by NPAS4,0.9999959,0.2981114,0.003578697,XPO1;NAMPT;MAPK1,Transcriptional Regulation by NPAS4
"Tristetraprolin (TTP, ZFP36) Binds and Destabilizes mRNA",0.9999959,0.2981114,0.003578697,YWHAB;MAPKAPK2;TNPO1,"Tristetraprolin (TTP, ZFP36) Binds and Destabilizes mRNA"
Acetylcholine Neurotransmitter Release Cycle,0.9999959,0.1789921,0.002000922,STXBP1,Acetylcholine Neurotransmitter Release Cycle
Butyrophilin (BTN) Family Interactions,0.9999959,0.1789921,0.002000922,PPL,Butyrophilin (BTN) Family Interactions
Phenylalanine and Tyrosine Metabolism,0.9999959,0.1789921,0.002000922,QDPR,Phenylalanine and Tyrosine Metabolism
Pregnenolone Biosynthesis,0.9999959,0.1789921,0.002000922,AKR1B1,Pregnenolone Biosynthesis
Regulation of CDH11 mRNA Translation by microRNAs,0.9999959,0.1789921,0.002000922,CDH11,Regulation of CDH11 mRNA Translation by microRNAs
Reversible Hydration of Carbon Dioxide,0.9999959,0.1789921,0.002000922,CA4,Reversible Hydration of Carbon Dioxide
STAT3 Nuclear Events Downstream of ALK Signaling,0.9999959,0.1789921,0.002000922,STAT3,STAT3 Nuclear Events Downstream of ALK Signaling
TNF Receptor Superfamily (TNFSF) Members Mediating Non-Canonical NF-kB Pathway,0.9999959,0.1789921,0.002000922,CD40LG,TNF Receptor Superfamily (TNFSF) Members Mediating Non-Canonical NF-kB Pathway
TP53 Regulates Transcription of Caspase Activators and Caspases,0.9999959,0.1789921,0.002000922,CASP6,TP53 Regulates Transcription of Caspase Activators and Caspases
Transcriptional Regulation of Granulopoiesis,0.9999959,0.1789921,0.002000922,STAT3,Transcriptional Regulation of Granulopoiesis
Processing of Capped Intron-Containing Pre-mRNA,0.9999959,0.6813172,0.007462739,EIF4A3;DDX42;HNRNPU;YBX1;PRPF19;CCAR1;GLE1;EFTUD2;PTBP1;SNRPD2;SNRNP70;NUP214;SRRM2;AQR;SEC13;SRRM1;SARNP;PPIE;SRSF3;SNRPE;SNRPA1;SNRPF;SRSF7;SF3B2;DDX5;SF3B3;RBM8A;SRRT;SRSF1;PUF60;U2AF2;PCBP1;PCBP2;NUP43;SNRPB2;POLR2H;EIF4E;HSPA8;SF3A1;CPSF7;HNRNPA3;SF3A2;FUS;CDC5L;LSM4;LSM3;LSM2;HNRNPL;NUDT21;LSM8;LSM7;HNRNPK;LSM6;HNRNPF;HNRNPA2B1;HNRNPD;ACIN1;HNRNPC;RBMX,Processing of Capped Intron-Containing Pre-mRNA
Epigenetic Regulation of Adipogenesis Genes by MLL3 and MLL4 Complexes,0.9999959,0.3908466,0.003417392,ACSL1;TBL1XR1;LPL;CD36;ANGPTL4;PLIN1;MGLL,Epigenetic Regulation of Adipogenesis Genes by MLL3 and MLL4 Complexes
Epigenetic Regulation of Gene Expression by MLL3 and MLL4 Complexes,0.9999959,0.3908466,0.003417392,ACSL1;TBL1XR1;LPL;CD36;ANGPTL4;PLIN1;MGLL,Epigenetic Regulation of Gene Expression by MLL3 and MLL4 Complexes
MLL4 and MLL3 Complexes Regulate Expression of PPARG Targets in Adipogenesis and Hepatic Steatosis,0.9999959,0.3908466,0.003417392,ACSL1;TBL1XR1;LPL;CD36;ANGPTL4;PLIN1;MGLL,MLL4 and MLL3 Complexes Regulate Expression of PPARG Targets in Adipogenesis and Hepatic Steatosis
Activation of HOX Genes During Differentiation,0.9999959,0.2235911,0.001509468,RBBP4;POLR2H,Activation of HOX Genes During Differentiation
Activation of Anterior HOX Genes in Hindbrain Development During Early Embryogenesis,0.9999959,0.2235911,0.001509468,RBBP4;POLR2H,Activation of Anterior HOX Genes in Hindbrain Development During Early Embryogenesis
DNA Damage Telomere Stress Induced Senescence,0.9999959,0.2682153,0.001767771,H1-5;TERF2IP;LMNB1,DNA Damage Telomere Stress Induced Senescence
FGFR2 Alternative Splicing,0.9999959,0.2682153,0.001767771,PTBP1;HNRNPF;POLR2H,FGFR2 Alternative Splicing
Formation of HIV Elongation Complex in the Absence of HIV Tat,0.9999959,0.2682153,0.001767771,ELOB;ELOC;POLR2H,Formation of HIV Elongation Complex in the Absence of HIV Tat
Formation of HIV-1 Elongation Complex Containing HIV-1 Tat,0.9999959,0.2682153,0.001767771,ELOB;ELOC;POLR2H,Formation of HIV-1 Elongation Complex Containing HIV-1 Tat
HIV Transcription Elongation,0.9999959,0.2682153,0.001767771,ELOB;ELOC;POLR2H,HIV Transcription Elongation
Tat-mediated Elongation of the HIV-1 Transcript,0.9999959,0.2682153,0.001767771,ELOB;ELOC;POLR2H,Tat-mediated Elongation of the HIV-1 Transcript
Retrograde Transport at the Trans-Golgi-Network,0.9999959,0.4778486,0.002836772,NSF;NAPA;COG2;ARL1;M6PR;NAPG;IGF2R;TGOLN2;VPS51;VPS53;STX6;PLIN3;RAB6A;RAB6B;VAMP3,Retrograde Transport at the Trans-Golgi-Network
Formation of RNA Pol II Elongation Complex,0.9999959,0.2979125,0.001737963,PAF1;ELOB;ELOC;POLR2H,Formation of RNA Pol II Elongation Complex
RNA Polymerase II Transcription Elongation,0.9999959,0.2979125,0.001737963,PAF1;ELOB;ELOC;POLR2H,RNA Polymerase II Transcription Elongation
tRNA Processing in the Mitochondrion,0.9999959,0.2979125,0.001737963,MT-ATP6;MT-CO2;MT-CO3;HSD17B10,tRNA Processing in the Mitochondrion
CASP8 Activity Is Inhibited,0.9999959,0.1491129,0.0007848141,TNFSF10,CASP8 Activity Is Inhibited
Competing Endogenous RNAs (ceRNAs) Regulate PTEN Translation,0.9999959,0.1491129,0.0007848141,VAPA,Competing Endogenous RNAs (ceRNAs) Regulate PTEN Translation
Dimerization of Procaspase-8,0.9999959,0.1491129,0.0007848141,TNFSF10,Dimerization of Procaspase-8
Negative Epigenetic Regulation of rRNA Expression,0.9999959,0.1491129,0.0007848141,POLR2H,Negative Epigenetic Regulation of rRNA Expression
NoRC Negatively Regulates rRNA Expression,0.9999959,0.1491129,0.0007848141,POLR2H,NoRC Negatively Regulates rRNA Expression
Regulation by c-FLIP,0.9999959,0.1491129,0.0007848141,TNFSF10,Regulation by c-FLIP
Transport of Nucleotide Sugars,0.9999959,0.1491129,0.0007848141,SLC35B2,Transport of Nucleotide Sugars
mRNA Capping,0.9999959,0.1491129,0.0007848141,POLR2H,mRNA Capping
Constitutive Signaling by AKT1 E17K in Cancer,0.9999959,0.31908,0.001572486,GSK3B;CHUK;AKT2;AKT1;MTOR,Constitutive Signaling by AKT1 E17K in Cancer
HATs Acetylate Histones,0.9999959,0.31908,0.001572486,RUVBL2;CFL1;RUVBL1;ACTL6A;HCFC1,HATs Acetylate Histones
SUMOylation of DNA Replication Proteins,0.9999959,0.3759015,0.00160508,NUP214;TOP2B;SEC13;PCNA;SUMO2;NUP43;TOP1;RANGAP1,SUMOylation of DNA Replication Proteins
Cellular Senescence,0.9999959,0.4861761,0.001925162,MAP2K3;MAP2K4;MINK1;STAT3;MAPK14;NFKB1;RELA;LMNB1;H1-5;RPS6KA3;MAPKAPK3;RBBP4;MAPKAPK2;TERF2IP;MAPK1;TNIK;MAP3K5;MAP4K4,Cellular Senescence
FASTK Family Proteins Regulate Processing and Stability of Mitochondrial RNAs,0.9999959,0.2437548,0.0008735039,MT-ATP6;MT-CO2;MT-CO3,FASTK Family Proteins Regulate Processing and Stability of Mitochondrial RNAs
HDACs Deacetylate Histones,0.9999959,0.2437548,0.0008735039,RBBP4;TBL1XR1;CHD4,HDACs Deacetylate Histones
Transcription of the HIV Genome,0.9999959,0.2437548,0.0008735039,ELOB;ELOC;POLR2H,Transcription of the HIV Genome
MicroRNA (miRNA) Biogenesis,0.9999959,0.1986847,0.000690227,POLR2H;RAN,MicroRNA (miRNA) Biogenesis
RNA Polymerase II Pre-transcription Events,0.9999959,0.274909,0.0009059135,PAF1;ELOB;ELOC;POLR2H,RNA Polymerase II Pre-transcription Events
rRNA Processing in the Mitochondrion,0.9999959,0.274909,0.0009059135,MT-ATP6;MT-CO2;MT-CO3;HSD17B10,rRNA Processing in the Mitochondrion
Interactions of Vpr With Host Cellular Proteins,0.9999959,0.3471986,0.001142144,NUP214;SEC13;BANF1;NUP43;SLC25A5;KPNA1;SLC25A6,Interactions of Vpr With Host Cellular Proteins
Rev-mediated Nuclear Export of HIV RNA,0.9999959,0.3471986,0.001142144,NUP214;RANBP1;SEC13;XPO1;NUP43;RANGAP1;RAN,Rev-mediated Nuclear Export of HIV RNA
SUMOylation of RNA Binding Proteins,0.9999959,0.3471986,0.001142144,NUP214;NOP58;SEC13;HNRNPK;SUMO2;NUP43;HNRNPC,SUMOylation of RNA Binding Proteins
Oncogene Induced Senescence,0.9999959,0.1277706,0.0003171292,MAPK1,Oncogene Induced Senescence
TGFBR3 Expression,0.9999959,0.1277706,0.0003171292,TGFBR3,TGFBR3 Expression
tRNA Processing in the Nucleus,0.9999959,0.3649778,0.0007686143,NUP214;SEC13;XPOT;DDX1;RTCB;ZBTB8OS;NUP43;RAN;RTRAF,tRNA Processing in the Nucleus
SLC Transporter Disorders,0.9999959,0.4139002,0.0008126324,NUP214;SEC13;SLC2A1;SLC4A1;SLC3A2;CP;HK1;HEPH;BSG;SLC9A9;NUP43;RHAG;SLC27A4,SLC Transporter Disorders
Synthesis of PA,0.9999959,0.2790179,0.0004596726,GPD2;DDHD2;PLA2G4A;GPD1L;AGPAT1,Synthesis of PA
Chromatin Modifying Enzymes,0.9999959,0.4572521,0.0006579784,SMARCE1;PRMT5;SMARCC2;PRMT1;ACTL6A;PRMT3;CHD4;RELA;NFKB1;HCFC1;WDR77;NFKB2;RBBP4;TBL1XR1;RUVBL2;CFL1;RUVBL1;RPS2;JAK2,Chromatin Modifying Enzymes
Chromatin Organization,0.9999959,0.4572521,0.0006579784,SMARCE1;PRMT5;SMARCC2;PRMT1;ACTL6A;PRMT3;CHD4;RELA;NFKB1;HCFC1;WDR77;NFKB2;RBBP4;TBL1XR1;RUVBL2;CFL1;RUVBL1;RPS2;JAK2,Chromatin Organization
Nuclear Import of Rev Protein,0.9999959,0.2975144,0.0004215043,NUP214;NPM1;SEC13;NUP43;KPNB1;RAN,Nuclear Import of Rev Protein
Abortive Elongation of HIV-1 Transcript in the Absence of Tat,0.9999959,0.1117639,0.0001309515,POLR2H,Abortive Elongation of HIV-1 Transcript in the Absence of Tat
Formation of the Early Elongation Complex,0.9999959,0.1117639,0.0001309515,POLR2H,Formation of the Early Elongation Complex
Formation of the HIV-1 Early Elongation Complex,0.9999959,0.1117639,0.0001309515,POLR2H,Formation of the HIV-1 Early Elongation Complex
Regulation of MITF-M-dependent Genes Involved in Apoptosis,0.9999959,0.1117639,0.0001309515,HINT1,Regulation of MITF-M-dependent Genes Involved in Apoptosis
Metabolism of Non-Coding RNA,0.9999959,0.3566279,0.0003732478,NUP214;PRMT5;SEC13;SNRPD2;CLNS1A;GEMIN5;SNRPE;NUP43;SNRPF;WDR77,Metabolism of Non-Coding RNA
snRNP Assembly,0.9999959,0.3566279,0.0003732478,NUP214;PRMT5;SEC13;SNRPD2;CLNS1A;GEMIN5;SNRPE;NUP43;SNRPF;WDR77,snRNP Assembly
Transport of Mature mRNA Derived From an Intron-Containing Transcript,0.9999959,0.3819532,0.0003989535,GLE1;NUP214;SEC13;RBM8A;U2AF2;SARNP;EIF4A3;SRSF1;SRSF3;NUP43;SRSF7;SRRM1,Transport of Mature mRNA Derived From an Intron-Containing Transcript
Transcriptional Regulation by VENTX,0.9999959,0.2381033,0.0002435599,CSF1R;CTNNB1;RELA;NFKB1,Transcriptional Regulation by VENTX
Epigenetic Regulation by WDR5-containing Histone Modifying Complexes,0.9999959,0.3243327,0.0003186083,ACSL1;TBL1XR1;LPL;CD36;ANGPTL4;PLIN1;MGLL;HCFC1,Epigenetic Regulation by WDR5-containing Histone Modifying Complexes
Export of Viral Ribonucleoproteins From Nucleus,0.9999959,0.2625217,0.000246711,NUP214;SEC13;XPO1;NUP43;RAN,Export of Viral Ribonucleoproteins From Nucleus
NEP NS2 Interacts With the Cellular Export Machinery,0.9999959,0.2625217,0.000246711,NUP214;SEC13;XPO1;NUP43;RAN,NEP NS2 Interacts With the Cellular Export Machinery
Transport of Ribonucleoproteins Into the Host Nucleus,0.9999959,0.2625217,0.000246711,NUP214;SEC13;NUP43;KPNB1;KPNA1,Transport of Ribonucleoproteins Into the Host Nucleus
Transport of Mature Transcript to Cytoplasm,0.9999959,0.3860606,0.0003178674,NUP214;SEC13;RBM8A;EIF4A3;SRSF1;SRRM1;GLE1;U2AF2;SARNP;SRSF3;NUP43;SRSF7;EIF4E,Transport of Mature Transcript to Cytoplasm
SUMOylation of DNA Damage Response and Repair Proteins,0.9999959,0.3343502,0.0002682751,NUP214;SEC13;PARP1;RAD21;SUMO2;RPA1;NUP43;SMC3;SMC1A,SUMOylation of DNA Damage Response and Repair Proteins
Post-translational Modification Synthesis of GPI-anchored Proteins,0.9999959,0.3428022,0.0002228672,DPM1;VNN2;CD109;CEACAM5;GP2;LSAMP;ALPL;RTN4RL2;GPLD1;ART4,Post-translational Modification Synthesis of GPI-anchored Proteins
Activation of SMO,0.9999959,0.09931421,5.499838e-05,ARRB1,Activation of SMO
Formation of WDR5-containing Histone-Modifying Complexes,0.9999959,0.09931421,5.499838e-05,HCFC1,Formation of WDR5-containing Histone-Modifying Complexes
Nuclear Pore Complex (NPC) Disassembly,0.9999959,0.2478584,0.0001318834,NUP214;NEK9;SEC13;CDK1;NUP43,Nuclear Pore Complex (NPC) Disassembly
Vpr-mediated Nuclear Import of PICs,0.9999959,0.2478584,0.0001318834,NUP214;SEC13;BANF1;NUP43;KPNA1,Vpr-mediated Nuclear Import of PICs
Senescence-Associated Secretory Phenotype (SASP),0.9999959,0.2347386,7.029877e-05,RPS6KA3;STAT3;MAPK1;RELA;NFKB1,Senescence-Associated Secretory Phenotype (SASP)
Mitochondrial Iron-Sulfur Cluster Biogenesis,0.9999959,0.08935447,2.344041e-05,NFS1,Mitochondrial Iron-Sulfur Cluster Biogenesis
SUMOylation of SUMOylation Proteins,0.9999959,0.1982305,3.339671e-05,NUP214;SEC13;SUMO2;NUP43,SUMOylation of SUMOylation Proteins
APC-Cdc20 Mediated Degradation of Nek2A,0.9999959,0.0812056,1.014006e-05,BUB3,APC-Cdc20 Mediated Degradation of Nek2A
APC C Cdc20 Mediated Degradation of Cyclin B,0.9999959,0.0812056,1.014006e-05,CDK1,APC C Cdc20 Mediated Degradation of Cyclin B
Inactivation of APC C via Direct Inhibition of the APC C Complex,0.9999959,0.0812056,1.014006e-05,BUB3,Inactivation of APC C via Direct Inhibition of the APC C Complex
Inhib of Proteolytic Activity of APC C Required for Onset of Anaphase by Mitotic Spindle Checkpoint,0.9999959,0.0812056,1.014006e-05,BUB3,Inhib of Proteolytic Activity of APC C Required for Onset of Anaphase by Mitotic Spindle Checkpoint
Phosphorylation of the APC C,0.9999959,0.0812056,1.014006e-05,CDK1,Phosphorylation of the APC C
tRNA Processing,0.9999959,0.3685244,3.253031e-05,NUP214;SEC13;DDX1;NSUN2;RTCB;ZBTB8OS;HSD17B10;LAGE3;OSGEP;MT-ATP6;EPRS1;XPOT;MT-CO2;NUP43;MT-CO3;RAN;RTRAF,tRNA Processing
Epigenetic Regulation of Gene Expression,0.9999959,0.3836472,3.290532e-05,SMARCE1;GSK3B;SMARCC2;ACSL1;CBX3;ACTL6A;LPL;CHD4;HCFC1;MYO1C;TRIM28;RBBP4;TBL1XR1;SUMO2;CD36;ANGPTL4;PLIN1;POLR2H;MGLL,Epigenetic Regulation of Gene Expression
Defective TPR May Confer Susceptibility Towards Thyroid Papillary Carcinoma (TPC),0.9999959,0.1574238,1.279042e-05,NUP214;SEC13;NUP43,Defective TPR May Confer Susceptibility Towards Thyroid Papillary Carcinoma (TPC)
Regulation of Glucokinase by Glucokinase Regulatory Protein,0.9999959,0.1574238,1.279042e-05,NUP214;SEC13;NUP43,Regulation of Glucokinase by Glucokinase Regulatory Protein
Transcriptional Regulation by Small RNAs,0.9999959,0.2025356,1.074077e-05,NUP214;SEC13;NUP43;POLR2H;RAN,Transcriptional Regulation by Small RNAs
Transport of the SLBP Dependant Mature mRNA,0.9999959,0.1782941,9.01557e-06,NUP214;SEC13;NUP43;EIF4E,Transport of the SLBP Dependant Mature mRNA
Transport of the SLBP Independent Mature mRNA,0.9999959,0.1782941,9.01557e-06,NUP214;SEC13;NUP43;EIF4E,Transport of the SLBP Independent Mature mRNA
Viral Messenger RNA Synthesis,0.9999959,0.1782941,9.01557e-06,NUP214;SEC13;NUP43;POLR2H,Viral Messenger RNA Synthesis
SUMOylation of Ubiquitinylation Proteins,0.9999959,0.1486308,6.45362e-06,NUP214;SEC13;NUP43,SUMOylation of Ubiquitinylation Proteins
Transport of Mature mRNA Derived From an Intronless Transcript,0.9999959,0.1619825,2.648269e-06,NUP214;SEC13;NUP43;EIF4E,Transport of Mature mRNA Derived From an Intronless Transcript
Transport of Mature mRNAs Derived From Intronless Transcripts,0.9999959,0.1619825,2.648269e-06,NUP214;SEC13;NUP43;EIF4E,Transport of Mature mRNAs Derived From Intronless Transcripts
Gene Silencing by RNA,0.9999959,0.2295127,2.549632e-06,NUP214;TSNAX;HSP90AA1;SEC13;NUP43;POLR2H;TSN;RAN,Gene Silencing by RNA
SUMOylation of Chromatin Organization Proteins,0.9999959,0.1548905,1.551989e-06,NUP214;SEC13;SUMO2;NUP43,SUMOylation of Chromatin Organization Proteins
Mitochondrial Translation,0.9999959,0.104973,4.391397e-07,GFM1;MRPS27;MRPS36;MRPL18;MRPL19;MRPL12;TUFM;MRPL11,Mitochondrial Translation
Mitochondrial Translation Elongation,0.9999959,0.1136216,4.647146e-07,GFM1;MRPS27;MRPS36;MRPL18;MRPL19;MRPL12;TUFM;MRPL11,Mitochondrial Translation Elongation
Mitochondrial Translation Termination,0.9999959,0.08245322,3.372353e-07,MRPS27;MRPS36;MRPL18;MRPL19;MRPL12;MRPL11,Mitochondrial Translation Termination
Mitochondrial Translation Initiation,0.9999959,0.083789,3.410775e-07,MRPS27;MRPS36;MRPL18;MRPL19;MRPL12;MRPL11,Mitochondrial Translation Initiation
