term,fdr,Odds Ratio,Combined Score,Genes,description
GO:0006888,2.300631e-07,6.882022,163.7166,ARF4;PDCD6;MIA3;UBE2Z;IER3IP1;GOLGA2;TFG;TRAPPC12;TMED3;BCAP29;TRAPPC11;TMED2;TMED1;TRAPPC13;TMED7;TMED5;TMED4;RAB2A;SEC13;TMED9;TRAPPC2L;COG3;RABGGTB;RABGGTA;NRBP1;VAMP7;TBC1D20;TRAPPC6B;ZW10;PREB;ERGIC3;ERGIC1;COPB2;RAB1A;COPA;TMED10;LMAN2L;SAR1A;ATL3;STX17;PEF1;SAR1B;COPB1;CUL3;GOSR2;RAB1B;GOSR1;USO1;LMAN1;SCFD1;SPAST;LMAN2;STX5;YKT6;SEC31A;BCAP31;TRAPPC3;SEC24B;TRAPPC1;PTGES2;SEC16A;TRAPPC4;TRAPPC10;SURF4;TRAPPC5;YIPF5;TRAPPC8;TRAPPC9;ARCN1;YIF1B;VAPA;VAPB;TRIP11;HYOU1;COPG2;GOPC;COPG1;SEC24D;SEC24C;COPE,Endoplasmic Reticulum to Golgi Vesicle-Mediated Transport (GO:0006888)
GO:0015031,0.0005824156,2.181849,33.29346,VPS29;STEAP3;TFRC;CLSTN3;PDCD6;GCC2;HIKESHI;CLU;SCAMP4;ARL6IP5;TOM1;ARFIP1;VPS35;GOLGA7;SIL1;NSF;ARRDC1;PRKCB;TANGO2;STX8;VPS33A;STX7;VPS33B;LMTK2;SCAMP1;FAM91A1;SCAMP3;SCAMP2;PDIA4;RUFY1;RAB32;RAB31;TFR2;RAB34;RAB35;RABL3;ERP29;SCG5;PREB;RAB38;SCG2;GPLD1;OPTN;MACF1;COPB2;COPA;RAB5B;RAB5C;TMED10;LMAN2L;SAR1A;STXBP3;SAR1B;STXBP1;MTTP;STXBP2;SEL1L;VPS26C;VPS26A;VPS26B;LTBP3;HSP90B1;TIMM50;SCFD1;SNX1;GRPEL1;SCFD2;MYO6;TBC1D13;SNX9;APOE;APOB;RAB6A;RAB11FIP3;SNX8;RAB6B;SPTBN1;SNX6;CTSA;GSDMD;HSPA9;SYNRG;SURF4;ASPSCR1;TIMM44;LRP1B;EHD1;CHMP2B;CHMP2A;GNAS;RAB5A;ARF4;CLTC;ARHGAP1;AP2A1;MIA3;VLDLR;RAB22A;AP4M1;CHMP1B;CHMP1A;TMED3;TMED2;TMED1;CD36;TMED7;TMED5;TMED4;YWHAH;SEC13;TMED9;FGG;AP3B1;ARFGAP3;COPZ1;DNM2;RCN3;CTTN;CANX;MYH9;ARHGEF2;ARF5;ARF6;RAB7A;STX12;RAB1A;RAMP3;STX17;STX16;RAB1B;USO1;ASAP1;SNX30;NAPG;STX11;HDAC6;RAB21;GGA1;GGA3;RAB20;SNX27;STX6;STX5;STX4;CD74;NPM1;CMTM6;AP3D1;RAB11A;ARCN1;WDR11;RAB10;SEC23IP;SNX18;KRT18;RAB14;SNX17;SNX15;RAB18;RAB3GAP2;COPG2;VIPAS39;COPG1;VPS45,Protein Transport (GO:0015031)
GO:0030335,0.002679686,2.127404,28.35308,SPARC;CSF1;PDCD6;CLSTN1;EMC10;CIB1;CRKL;MYLK;IGF1R;CDH5;CAPN7;AKT2;BSG;AKT1;CPNE3;ACVR1;PDGFRB;PDGFRA;SEMA6D;F2R;ADAM10;PRKCA;ACTN4;SHTN1;ADAM17;CLDN3;MYADM;PLAA;PRKD2;PFN1;GPLD1;IGSF8;CSF1R;CEMIP;CD151;NOTCH1;PDGFA;FBLN1;FUT1;RTN4;SDCBP;VTN;RRAS;PDCD10;DDRGK1;PODXL;PDGFD;PDGFC;PLCG2;NCKAP1L;S100A11;CARMIL1;HSPA8;TGFB2;TGFB1;HSPA5;RDX;FN1;IGF1;PTK2;COL1A1;VIL1;DAB2;FER;PROC;PTPRC;AGO2;CASS4;CALR;FERMT2;FERMT3;ITGB1;NRP1;DOCK5;NRP2;FLT4;ITGB3;TRADD;MIA3;PIK3CB;CX3CL1;VSIR;PIK3CG;PPP3CA;FYCO1;CASP8;GLIPR2;C1QBP;RACK1;ITGAX;CTSH;MADCAM1;GFUS;BCAS3;MMP7;ANXA3;SPHK1;ADRA2A;FGR;PTP4A1;F7;MMP14;KIT;ANGPTL3;NUMB;PECAM1;RAPGEF2;CDH13;ITGA6;ARHGEF2;ARHGEF7;SOS1;DOCK1;DDR2;LRRC15;ROCK2;SRC;SEMA3B;CXCR4;SEMA3F;THBS1;HDAC6;PPM1F;CDC42;MIEN1;GPNMB;MGAT5;CCL5;PTK2B;RICTOR;STX4;CLASP1;MAP4K4;CLASP2;CHGA;SPAG9;DMTN;ANGPT1;SEMA4D;EGF;STAT3;LAMB1;SOD2;RAB11A;MTOR;TJP1;MYO1E;PKN1,Positive Regulation of Cell Migration (GO:0030335)
GO:0002181,0.002869376,3.424605,44.42218,EIF4A2;RPL4;EIF4A1;RPL5;RPL3;RPL31;RPL34;RPLP1;RPLP0;RPL10A;RPL8;RPL6;RPL7;RPS4X;RPS14;RPL7A;RPS17;RPS16;RPS19;RPS18;RACK1;RPL35;RPLP2;RPS11;EIF2B1;RPS10;RPS13;RPS12;RPS9;RPS7;RPS8;RPL23;RPS5;RPL22;RPSA;RPS3A;GTPBP1;SARS1;EEF1D;RPL27;ETF1;RPL29;RPL28;RPL12;RPL11;RPS15A;RPL14;RPS3;RPL15;RPS2;RPL18;RPL19;EIF2B5;RWDD1;EIF2B4;EIF2B3;EIF2B2;VTA1;RPL35A;RPL23A;EIF2S2;RPS25;RPS28;EIF3M;EIF2S3;RPL27A;EIF3I;RPS20;RPS21;RPS23,Cytoplasmic Translation (GO:0002181)
GO:0097435,0.005551787,2.230776,26.9663,APP;COL12A1;INPPL1;LOXL3;PLOD3;CIB1;PLOD2;PLOD1;SAMD14;EFEMP2;SLK;BASP1;CHORDC1;STMN1;ZNF207;AGFG1;TMOD1;TPM4;TPM3;ACTN1;TMOD3;TPM1;CD2AP;CLIP2;CLIP1;LOX;ELMO1;TAGLN2;MYL9;TUBGCP2;FLII;LTBP4;DPT;SLAIN2;LTBP3;CORO1A;CORO1B;FBLN5;CNN3;CORO1C;MTM1;CNN2;SPTA1;CNN1;MYO6;SERPINH1;RIPK1;MAP4;CARMIL1;CRTAP;TGFB2;FUS;MYO5A;TBCB;HOOK3;ARHGAP25;COL1A1;CCDC88A;DLG1;BMP1;COL5A1;P4HA1;COL5A3;COL5A2;FAT1;TUBGCP3;HSP90AB1;TNFAIP6;SH3KBP1;COL14A1;ARHGAP6;PPP1R9B;FYCO1;ADAMTS2;RAC2;EMILIN1;CD36;ATP7A;EMD;COLGALT1;CAP1;RHOG;RHOF;ARAP1;CKAP5;RHOA;SHROOM4;COL2A1;KIF2A;HCLS1;EVL;ARHGEF2;DBN1;DDR2;TNXB;COL11A1;COL11A2;KATNB1;FURIN;CDC42;BID;SNCA;DYNC1H1;MARCKSL1;USP9X;LUM;FKBP1A;MYO1D;MFAP4;MYO1E;COL3A1;MARCKS;BAX;TLL2;EPPK1;TLL1;VIM;TARDBP;MYO1F;MYO1G,Supramolecular Fiber Organization (GO:0097435)
GO:0006886,0.008906326,1.847651,21.12483,VPS29;MTCH2;NDUFA13;CSE1L;PDCD6;HIKESHI;PHB2;IPO7;IPO4;IPO5;TOMM22;EIF4ENIF1;IPO9;CHORDC1;KPNA6;AKT1;ARFIP1;VPS35;KPNA4;SIL1;VPS36;KPNA3;KPNA1;NUP214;NSF;STX8;VPS33A;STX7;VPS33B;FAM91A1;RAB32;RAB31;HGS;RAB35;RABL3;ERP29;SCG5;RAB38;VPS25;STAM2;VPS28;KPNB1;RTN2;COPB2;COPA;RAB5B;RAB5C;TMED10;TSG101;STXBP3;STXBP1;STXBP2;PIK3R4;VPS26C;VPS26A;VPS26B;STK4;TIMM50;SCFD1;SNX1;GRPEL1;SCFD2;BAG3;MYO6;VPS8;TPR;TBC1D13;SNX9;RAB6A;SNX8;RAB6B;SNX6;CTSA;HSPA9;TGFB1;HSPA4;SYNRG;SEC16A;SURF4;ASPSCR1;TIMM44;SNF8;STAM;EHD1;STK24;CALR;RAB5A;ARF4;C2CD5;CLTC;AP2A1;PTPN23;PKD1;RAB22A;AP4M1;XPO1;XPO4;TMED3;TMED2;TMED1;TMED7;TNPO1;TNPO2;APPL2;TMED5;TNPO3;APPL1;RAB8B;TMED4;YWHAH;TOMM70;SEC13;TMED9;HSP90AA1;SYK;ATP6AP1;VPS13C;VPS13A;AP3B1;NUTF2;VPS37A;VPS37B;ARFGAP3;COPZ1;CTTN;ARHGEF2;ARF5;ARF6;RAB7A;STX12;RAB1A;TOMM40;STX17;STX16;RAB1B;USO1;TIMM13;NAPG;STX11;HDAC6;RAB21;GGA1;LMAN1;GGA3;SAMM50;RAB20;SNX27;MVB12B;STX6;STX5;STX4;MAP4K5;PEX16;CD74;NPM1;PEX19;RANBP3;MTX1;AGK;STAT3;AP3D1;XPO7;ARCN1;WDR11;SEC23IP;RAB14;SNX17;SNX15;VPS41;RAB18;RAB3GAP2;VIPAS39;VPS45;RAN,Intracellular Protein Transport (GO:0006886)
GO:0090148,0.009208112,7.723372,86.85602,TSG101;VPS4B;VPS4A;CORO1C;SPAST;CHMP1B;MVB12B;DNM1L;VPS36;SH3GLB1;EXOC8;EXOC7;EXOC6B;VPS37A;SNF8;STAM;VPS37B;DNM1;DNM2;HGS;CHMP2B;CHMP2A;EXOC4;CHMP4B;EXOC3;EXOC6;EXOC5;CHMP6;STAM2;VPS25;EXOC2;VPS28;CHMP5;EXOC1,Membrane Fission (GO:0090148)
GO:0006996,0.01239997,1.814371,19.58971,PITPNB;AUP1;PARK7;FNBP1L;PHB2;GOLGA2;DPYSL2;LONP1;TRAPPC12;TRAPPC11;BANF1;RAB2A;VPS18;RAB2B;COG8;COG6;COG5;COG4;TANGO2;STX7;TPM1;COG3;COG2;COG1;IRAG2;BCS1L;ATAD3B;ANK1;ATAD3A;BSCL2;RAB32;RAB30;RAB31;TBC1D20;BIN1;RAB34;ZW10;CHMP4B;PRKD2;RAB38;TNIK;PPIA;OPTN;PI4K2A;PPID;TMED10;SAR1A;SAR1B;PEX11B;TOR1AIP2;RTN4;MTM1;PRDX3;CNN2;NCKIPSD;ARHGAP21;RHOT2;STRIP2;RHOT1;BAG5;MICAL1;VPS11;PACSIN2;MYH14;APOE;RAB6B;PDZD8;SEC31A;FIS1;PNPT1;SEC16A;SURF4;MICAL3;TRAPPC8;TOR1B;TJAP1;NSFL1C;DIAPH1;NPLOC4;REEP5;TMEM11;GOLGB1;CHMP2B;CHMP2A;REEP6;GSK3B;PLEKHF1;ABCD3;NUMA1;SH3KBP1;FAF2;MIA3;LIMD1;ARHGAP4;SEC61A1;CAPZB;CHMP1B;CHMP1A;TMED3;MLST8;MYO18A;TMED2;SH3BGRL3;TMED1;ATP7A;DNM1L;TMED7;ABCD1;RAB8A;TMED4;TMED9;JAGN1;PDCD6IP;PARP1;VPS13C;NIPSNAP2;GAK;ARHGAP10;GORASP2;ARHGEF7;CHMP6;RAB7A;CHMP5;RAB1A;STOML2;ATL3;STX17;RAB1B;VPS4B;VPS4A;MFF;HSD17B10;FGD3;CDC42;FGD4;LMAN1;VPS51;BNIP1;RICTOR;STX4;WASF1;EPS15;WASF3;LNPK;CLASP1;PAK4;CLASP2;PEX16;ARFGEF1;DMTN;PEX19;MTX1;NAA10;PTGES2;SORT1;HUWE1;RANBP9;CDC42BPB;MTOR;PEX14;LETM1;SEC23IP;ABI2;RAB14;VAPA;VAPB;DNAJA3;RAB18;TRIP11;RAB3GAP1;SIPA1,Organelle Organization (GO:0006996)
GO:0030155,0.01239997,2.907268,30.98669,RIPOR2;ADAMDEC1;MIA3;PTPRJ;LAMC1;CELSR2;LMNB2;PIK3CG;PPP1R9B;PPP1CB;PPP3CA;TNN;C1QBP;RAC2;TNR;ITGAV;PRSS2;TGM2;PPP1R12A;TESC;TPM1;MINK1;IL18;ADAM10;PRKCA;REXO2;MYADM;PKP2;CDH13;PRKD2;DSG2;ENG;TNXB;LAMA2;ROCK1;LAMA1;ROCK2;SRC;CHRD;CXCR4;FBLN1;NID1;FUT1;KNG1;ATXN3;VTN;ADGRG1;PODXL;CCL5;PTK2B;STX4;RSU1;CYTH1;LYN;ANGPT1;SEMA4D;LAMB1;PTPN11;AZU1;PTK2;FES;PLXNB3;PLXNB2;SAA2;PLXNB1;TGFBI;P4HB;SIPA1,Regulation of Cell Adhesion (GO:0030155)
GO:0070527,0.01239997,9.872574,104.5662,STXBP3;ITGB3;STXBP1;PLEK;HSPB1;ILK;PIK3CB;PIK3CG;CSRP1;UBASH3B;FLNA;CLIC1;FGB;P2RY12;FGA;PDGFRA;ACTN1;FGG;FIBP;RAP2B;GNAS;TYRO3;MYH9;TLN1;MYL9;PPIA;METAP1;VCL;FERMT3,Platelet Aggregation (GO:0070527)
GO:0009060,0.01303077,3.415377,35.67926,NDUFA13;NDUFA11;NDUFA12;NDUFA10;NNT;IDH3B;DLAT;IDH3A;SDHD;SDHA;SDHB;NIPSNAP2;SIRT3;NDUFS8;NDUFS7;NDUFS5;NDUFS4;NDUFS3;UQCRC1;NDUFS2;SUCLG2;NDUFS1;SUCLG1;UQCRC2;NDUFB10;NDUFB6;UQCRB;NDUFB11;NDUFB5;NDUFB4;NDUFB3;DLST;NDUFB1;BLOC1S1;MFN2;NDUFV2;LDLR;NDUFV1;NDUFA9;NDUFA8;NDUFA7;SURF1;NDUFA6;MDH1;NDUFA5;IDH3G;MDH2;NDUFA3;NDUFA2;ATP5F1C;ATP5F1D;CS;SUCLA2;NDUFAB1;OGDH,Aerobic Respiration (GO:0009060)
GO:0032456,0.01345419,4.288028,44.28532,VPS29;STX12;STX16;SNX12;VPS26C;VPS26A;PTPN23;SNX30;SNX3;SNX27;VPS51;VPS50;VPS53;MICALL1;VPS52;MICALL2;STX6;VPS35;CCDC93;EPS15;RAB11FIP3;RAB8A;VPS39;RAB8B;ANKRD27;ATP6AP1;EIPR1;CMTM6;LMTK2;SNF8;EHD1;EHD2;EHD3;EHD4;RAB14;HGS;SNX17;RAB12;RAB35;RAB13;CCDC22;VAMP4;ARF6;RAB7A,Endocytic Recycling (GO:0032456)
GO:0120039,0.01504764,9.529738,96.59049,NCKAP1;NLGN1;NRXN1;SNX1;SNX2;EPB41L3;NCKAP1L;ATP7A;SRGAP2;WASF1;MAP4K4;DBNL;PPP1R12A;ANKRD27;MAP1S;MINK1;DTNBP1;MYO9B;DICER1;BMP7;DNM2;SHTN1;CTTN;TAOK3;PLXNB1;TNIK;PKN1;PPP1R12C,Plasma Membrane Bounded Cell Projection Morphogenesis (GO:0120039)
GO:0051493,0.0166801,2.977473,29.65143,GSK3B;CLIC4;GSK3A;SLC4A2;CELSR1;F11R;ARHGAP35;BICD2;CAPN2;MLST8;RAC2;PDGFRB;PDGFRA;BCAS3;PRKCD;RHOG;ARAP1;RHOF;RHOA;HCK;FSCN1;PFDN2;EZR;ARHGEF7;S100A9;CRK;S100A8;CSF1R;PRKAA1;RALA;ROCK1;ROCK2;TWF2;ARHGAP18;PDGFA;NEXN;ARHGAP17;IQGAP2;CORO1A;CDC42;MAPK1;PTK2B;RICTOR;MARK2;CLASP1;CLASP2;SNCA;DMTN;BAIAP2;PTK2;MTOR;BST2;TJP1;CCDC88A;CYLD;DIAPH1;TAOK1;ESAM;PLXNB1;PKN2;PKN1,Regulation of Cytoskeleton Organization (GO:0051493)
GO:1990778,0.01983383,2.776886,26.9814,C2CD5;PLEKHF1;CD81;ZDHHC5;F11R;AP4M1;IKBKB;EFR3A;ZFYVE27;BSG;FLOT1;FLOT2;TMED2;RAB8A;ACTN2;TESC;TTC7B;ATP1B3;ATP1B1;ANK1;GAK;RAP2A;RABEP1;PACS2;PACS1;RAB34;MYADM;PKP2;RAPGEF2;TNIK;EZR;GAS6;ARF6;RAMP3;ROCK1;ROCK2;ARL3;STXBP1;TSPAN33;HSP90B1;LRP6;RAP1A;EPB41L3;P2RY1;FLNA;RAB11FIP3;SPTBN1;CLASP2;FYB1;JUP;SEC16A;DENND4C;RDX;MYO5A;RAB11A;EHD1;RAB10;EHD2;TSPAN15;DLG1;EHD3;TSPAN14;EHD4;SLMAP;RAB13,Protein Localization to Cell Periphery (GO:1990778)
GO:0090114,0.02244004,6.807867,64.70792,RAB1A;SEC23A;TMED10;SAR1A;PEF1;SAR1B;CUL3;PDCD6;MIA3;PPP6C;TRAPPC12;TMED2;TRAPPC11;SEC23B;SEC31A;TRAPPC3;SEC13;SEC24B;TRAPPC1;TRAPPC2L;TRAPPC4;SURF4;TRAPPC5;TRAPPC8;TBC1D20;VAPA;VAPB;PREB;SEC24D;SEC24C,COPII-coated Vesicle Budding (GO:0090114)
GO:1903076,0.02244004,3.56259,33.67652,ITGB1;CAMK2B;LRRC15;CAMK2D;RAMP3;NRXN1;CLTC;CAMK2A;VPS4A;ZDHHC5;CIB1;PIK3R1;LGALS3;PGRMC1;CNPY4;KIF5B;PPFIA1;AGR2;AKT1;STX4;LDLRAP1;CAMK2G;AP2M1;SPTBN1;APPL1;PLS1;VTI1B;TGFB1;STX8;STX7;RHOG;ATP2B4;PPP2R5A;REXO2;VAMP8;TMEM59;MMP14;DAB2;DLG1;CDK5;WNK1;TMBIM1;NUMB;SQSTM1;ARF6;BCL2L1;PICALM,Regulation of Protein Localization to Plasma Membrane (GO:1903076)
GO:0008104,0.02244004,1.726664,16.24903,FCN1;VPS29;PDCD6;ITSN1;CELSR1;ARFIP1;VPS35;SIL1;NSF;IST1;USP4;STX8;VPS33A;COG3;ATG9A;STX7;VPS33B;FAM91A1;RAB32;RAB31;RRAGC;HGS;PARD3;RAB35;RABL3;ERP29;SCG5;RAB38;SQSTM1;VCL;CUTA;COPB2;COPA;RAB5B;RAB5C;TMED10;STXBP3;STXBP1;STXBP2;VPS26C;VPS26A;VPS26B;CORO1B;FBLN5;TIMM50;ATXN3;SCFD1;SNX1;GRPEL1;SCFD2;MYO6;TBC1D13;SNX9;AP4S1;RAB6A;SNX8;RAB6B;SNX6;CTSA;HSPA9;LRBA;SYNRG;RAB3IP;ASPSCR1;NBEAL2;TIMM44;HOOK3;EHD1;NMT1;CPE;ESAM;RAB5A;FERMT2;YWHAE;ARF4;YWHAB;CLTC;AP4E1;AP2A1;PTPRK;RAB22A;SEPTIN11;AP4M1;YWHAQ;CRTAC1;SH3PXD2B;TMED3;TMED2;TMED1;TMED7;TMED5;YWHAG;TMED4;YWHAH;SEC13;TMED9;EXOC8;HEG1;VPS13A;AP3B1;WIPI1;WIPI2;ARFGAP3;REXO2;YWHAZ;COPZ1;RAP2A;CTTN;HEATR5A;PACS2;HEATR5B;ATG4B;ARHGEF2;MAPRE1;ARF5;ARF6;STX12;RAB1A;STX17;STX16;RAB1B;USO1;MESD;NAPG;STX11;TM9SF4;HDAC6;TM9SF3;RAB21;GGA1;GGA3;RAB20;SNX27;LMNA;STX6;FLNA;MFN2;STX5;STX4;JAM3;CD74;NPM1;ANGPT1;SEPTIN2;USP9X;AP3D1;ERBIN;SEPTIN5;SEPTIN6;SEPTIN9;PEX14;SEPTIN7;ARCN1;WDR11;TM9SF2;SEC23IP;RAB14;SNX17;SNX15;RAB18;CTNNB1;RAB3GAP2;GOPC;LAMTOR2;VIPAS39;LAMTOR1;VPS45;LAMTOR3,Protein Localization (GO:0008104)
GO:0051247,0.03127533,2.20585,19.9069,APP;RPL5;GSK3B;NDUFA13;GSK3A;DDX3X;CSF1;PRKCSH;FAF1;FMR1;EIF4A3;NAT10;C4BPA;C4BPB;IDE;CLU;ELAVL1;RPS4X;CASP8;OTUD6B;AKT1;VPS35;NSF;USP8;HSP90AA1;PRMT1;IST1;CSNK2A2;CIRBP;IL18;DDB1;ASPH;TFR2;CSDE1;EZR;SEC22B;VPS28;RAB7A;MTPN;RAB1A;VCP;PRKDC;ROCK2;RAB1B;STK39;THBS1;FXR1;FXR2;LARP1;VPS11;STX5;APOE;ATG7;ABCF1;LYN;NIBAN1;NPM1;TGFB1;SSB;RDX;CARD9;ASPSCR1;PYM1;RANBP9;MSN;SNF8;INHBA;EEF2;SORL1;MTOR;CUL4A;ABCB10;PROC;EIF6;NEDD4;AGO2;HNRNPD;PAEP;PLXNB2;EIF3E;STUB1;FGFR4;EIF4G3;OGT;EIF3D;EIF4G1;PICALM,Positive Regulation of Protein Metabolic Process (GO:0051247)
GO:1902904,0.03391055,3.894265,34.39547,TWF2;KATNB1;TWF1;CIB1;CLU;CORO1A;CDH5;LIMA1;TMSB4X;STMN1;EMILIN1;GAS2L1;LDLR;CLASP1;CLASP2;SNCA;ARFGEF1;HSPA8;VBP1;PRKCD;TBCD;CYRIB;HSPG2;SSH3;TUBB4A;EML2;SSH1;PROC;TAOK1;MYADM;PFDN1;PFDN2;ARHGEF2;MAPRE1;PFDN4;PFN1;PFDN5;SHANK3;PFDN6;METAP2,Negative Regulation of Supramolecular Fiber Organization (GO:1902904)
GO:0048208,0.03391055,inf,inf,TRAPPC3;TMED10;TRAPPC1;TRAPPC2L;SAR1A;PEF1;SAR1B;CUL3;PDCD6;TRAPPC4;TRAPPC5;TRAPPC8;PPP6C;TRAPPC12;TMED2;TRAPPC11;PREB,COPII Vesicle Coating (GO:0048208)
GO:0048207,0.03391055,inf,inf,TRAPPC3;TMED10;TRAPPC1;TRAPPC2L;SAR1A;PEF1;SAR1B;CUL3;PDCD6;TRAPPC4;TRAPPC5;TRAPPC8;PPP6C;TRAPPC12;TMED2;TRAPPC11;PREB,"Vesicle Targeting, Rough ER to cis-Golgi (GO:0048207)"
GO:0072657,0.03710859,2.054615,17.79767,C2CD5;PLEKHF1;CD81;ITGB2;ZDHHC5;LRRC4;F11R;ITGAL;IKBKB;AP4M1;EFR3A;ZFYVE27;BSG;SH3PXD2B;FLOT1;TMED2;FLOT2;MADCAM1;RAB8A;CD53;SH3GLB1;ITGA4;ACTN2;TESC;TTC7B;SCRIB;ATP1B3;ATP1B1;ANK1;GAK;RAB32;RAP2A;RABEP1;RRAGC;PACS2;LRRC7;PACS1;HGS;RAB34;PKP2;RAPGEF2;RAB38;TNIK;EZR;GAS6;SHANK3;ARF6;NLGN1;RAMP3;NLGN2;ROCK1;ROCK2;STXBP1;ARL3;NRXN1;TSPAN33;TM9SF4;TM9SF3;HSP90B1;LRP6;RELN;RAP1A;EPB41L3;P2RY1;FLNA;BID;RAB6A;RAB11FIP3;RAB6B;SPTBN1;CLASP2;FYB1;JUP;SEC16A;RDX;RFTN1;DENND4C;AP3D1;MYO5A;RAB11A;EHD1;TM9SF2;RAB10;EHD2;TSPAN15;EHD3;DLG1;TSPAN14;EHD4;SLMAP;RAB13;NMT1;CPE;LAMTOR1;AGRN;FERMT2,Protein Localization to Membrane (GO:0072657)
GO:1902003,0.03710859,14.27472,123.0475,RTN2;RTN3;NTRK2;PRNP;GSK3A;RTN1;TMED10;ROCK1;ROCK2;IFNGR1;IGF1;CLU;SORL1;RELA;RTN4;GGA3;BIN1;CASP3;GSAP;APOE;PICALM,Regulation of Amyloid-Beta Formation (GO:1902003)
GO:0010256,0.04394903,2.01287,16.92815,WASHC4;WASHC5;GOLGA2;TRAPPC12;TRAPPC11;RAB2A;VPS18;RAB2B;USP8;COG8;COG6;COG5;COG4;TANGO2;COG3;VPS33B;COG2;COG1;LEMD2;RAB30;TBC1D20;ZW10;SQSTM1;OPTN;PI4K2A;TMED10;UBR4;TOR1AIP2;RTN4;ARHGAP21;SYNGR2;BAG5;VPS11;RAB6B;SPTBN1;SEC31A;TOR1A;SEC16A;SURF4;OSBPL2;DNAJC13;TRAPPC8;HOOK3;TOR1B;TJAP1;NSFL1C;NPLOC4;REEP5;GOLGB1;CHMP2B;REEP6;PLEKHF2;PLEKHF1;MIA3;RAB22A;LMNB2;LMNB1;SEC61A1;TMED3;MYO18A;TMED2;TMED1;TMED7;DNM1L;RAB8A;TMED4;SRGN;TMED9;JAGN1;EXOC8;DNM1;GAK;GORASP2;ARHGEF7;RAB1A;ATL3;STX17;RAB1B;VPS4A;CDC42;LMAN1;VPS51;LMNA;BNIP1;LNPK;CLASP1;CLASP2;ARFGEF1;ARFGEF2;PTGES2;AP3D1;HUWE1;SEC23IP;VAPA;VAPB;TRIP11;LAMTOR1,Endomembrane System Organization (GO:0010256)
GO:0002431,0.04540275,inf,inf,LYN;VAV3;FCER1G;YES1;SYK;SRC;LIMK1;PRKCD;PTK2;VAV1;FGR;FCER2;HCK;FYN;PKN1;MYO1G,Fc Receptor Mediated Stimulatory Signaling Pathway (GO:0002431)
GO:0007032,0.04540275,4.493263,37.13271,PLEKHF2;WASHC4;ATP6V1A;WASHC5;PLEKHF1;UBR4;CLCN3;RAB22A;CORO1C;EEA1;SNX3;VPS11;ATP6V1H;ATP6V1D;ATP6V0A1;ATP6V1F;USP8;VPS18;ARFGEF2;ATP6AP1;EXOC8;ATP6AP2;VPS33B;RAB27A;DNAJC13;HOOK3;DNM1;CHMP2B;TMEM9;LAMTOR1;ATP6V0C;SQSTM1;PI4K2A,Endosome Organization (GO:0007032)
GO:0034109,0.04540275,4.493263,37.13271,STXBP3;ITGB3;STXBP1;PLEK;HSPB1;ILK;PIK3CB;PIK3CG;CSRP1;UBASH3B;FLNA;CLIC1;CD99;FGB;P2RY12;FGA;PDGFRA;ACTN1;FGG;FIBP;RAP2B;CDHR2;GNAS;TYRO3;MYH9;CDHR5;TLN1;MYL9;PPIA;METAP1;VCL;FERMT3;TJP2,Homotypic Cell-Cell Adhesion (GO:0034109)
GO:0061024,0.04669201,2.052995,16.8366,SNAP23;FNBP1L;LMNB2;LMNB1;TMEM43;CHMP1B;CHORDC1;CHMP1A;VPS36;EMD;SNAP29;SH3GLB1;SH3GLB2;DBNL;PDCD6IP;EXOC8;IST1;EXOC7;VPS33B;OCRL;VPS37A;VPS37B;LEMD2;DNM2;MTSS2;RABEP1;BIN1;HGS;TMEM33;ZFYVE19;MYADM;EXOC4;CHMP4B;EXOC3;EXOC6;EXOC5;CHMP6;STAM2;VPS25;VPS28;EXOC2;CHMP5;EXOC1;VAMP3;TSG101;SAR1A;SAR1B;VPS4B;USO1;VPS4A;TOR1AIP2;ATP2C1;TOR1AIP1;NAPG;STX11;CORO1C;TIMM50;SNX3;SPAST;SYNGR2;LMNA;MVB12B;MFN2;PIP5K1C;CERT1;SPTBN1;VTI1B;HSPA8;TOR1A;GCA;OSBPL2;EXOC6B;AP3D1;HUWE1;SNF8;STAM;TOR1B;SPART;CCDC88A;NSFL1C;REEP5;SYNJ1;VAPA;VAPB;LPCAT3;CHMP2B;AAK1;CHMP2A;ESYT1;PICALM,Membrane Organization (GO:0061024)
GO:0072659,0.04840021,2.490086,20.2473,C2CD5;PLEKHF1;CD81;ZDHHC5;F11R;IKBKB;EFR3A;ZFYVE27;BSG;FLOT1;FLOT2;TMED2;RAB8A;ACTN2;TESC;TTC7B;ATP1B3;ATP1B1;ANK1;GAK;RAP2A;PACS2;GORASP2;PACS1;RAB34;PKP2;RAPGEF2;TNIK;EZR;GAS6;ARF6;RAMP3;ROCK1;ROCK2;STXBP1;TSPAN33;HSP90B1;LRP6;RAP1A;EPB41L3;P2RY1;FLNA;SPTBN1;CLASP2;FYB1;JUP;SEC16A;DENND4C;RDX;MYO5A;RAB11A;EHD1;RAB10;CCDC88A;EHD2;TSPAN15;DLG1;EHD3;TSPAN14;EHD4;SLMAP;RAB13,Protein Localization to Plasma Membrane (GO:0072659)
GO:0031032,0.05455226,3.971851,31.69027,ITGB1;BMP10;ITGB5;WDR1;LUZP1;ROCK1;EPB41;ROCK2;SRC;CUL3;FLII;ARRB1;F11R;PDLIM1;TTR;CSRP1;PDCD10;EPB41L2;EPB41L3;MYO18A;MYH14;FLNC;MYH10;TMOD1;ACTN2;TMOD3;TPM1;CDC42BPB;CDC42BPA;RHOA;DNM2;TJP1;ZYX;MYH9;MYL9,Actomyosin Structure Organization (GO:0031032)
GO:0006119,0.0559048,3.067198,24.25614,NDUFA13;NDUFA11;NDUFB10;NDUFB6;UQCRB;NDUFA12;NDUFB11;NDUFB5;NDUFB4;NDUFA10;NDUFB3;NDUFB1;ATP5F1B;NDUFV2;ATP5MG;NDUFV1;ATP5MF;ATP5ME;NDUFA9;ATP5PF;NDUFA8;NDUFA7;ATP5PD;NDUFA6;NDUFA5;ATP5PB;NDUFA3;NDUFA2;SDHD;SDHA;ATP5F1C;SDHB;ATP5F1D;NIPSNAP2;NDUFS8;NDUFS7;NDUFS5;NDUFS4;NDUFAB1;NDUFS3;UQCRC1;ATP5PO;NDUFS2;NDUFS1;UQCRC2,Oxidative Phosphorylation (GO:0006119)
GO:0006901,0.0559048,7.818147,61.69852,TRAPPC3;TMED10;TRAPPC1;TRAPPC2L;SAR1A;PEF1;SAR1B;CUL3;PDCD6;TRAPPC10;TRAPPC4;TRAPPC5;AP3D1;TRAPPC8;TRAPPC9;PPP6C;TRAPPC6B;TRAPPC12;TMED2;TRAPPC11;PREB;AP3S1;TRAPPC13,Vesicle Coating (GO:0006901)
GO:0051130,0.05684497,2.912682,22.64437,CAMK2B;GSK3B;VCP;CD151;TFRC;AHNAK;ABCB7;DCTN1;FAF1;NRXN1;BRK1;ASAP1;PARK7;PTPN23;CLU;ADD1;IGF1R;CDH5;LGALS3;LMAN1;RELN;FLOT1;RACK1;RPS3;APOE;BID;SNCA;SH3GLB1;TGFB2;TMED9;TGFB1;GPX1;TMEM30A;ANXA2;SYK;SURF4;MMP3;BMP7;APOA5;MPP7;WARS1;DAB2;TFR2;APOC2;BAX;CAMK1;SHANK3,Positive Regulation of Cellular Component Organization (GO:0051130)
GO:0045333,0.05684497,2.631115,20.45192,NDUFA13;NDUFA11;NDUFA12;COX4I1;NDUFA10;ETFA;ETFB;COX6A1;SDHA;SDHB;COX6B1;SIRT3;NDUFS8;NDUFS7;NDUFS5;NDUFS4;NDUFS3;UQCRC1;NDUFS2;NDUFS1;UQCRC2;SLC25A13;NDUFB10;NDUFB6;UQCRB;NDUFB11;NDUFB5;NDUFB4;NDUFB3;ETFDH;NDUFB1;COX7A2;UQCR11;UQCR10;COX5B;COX5A;BLOC1S1;MFN2;NDUFV2;NDUFV1;NDUFA9;NDUFA8;NDUFA7;SURF1;NDUFA6;NDUFA5;MDH2;NDUFA4;NDUFA3;NDUFA2;COX6C;UQCRQ;NDUFAB1;CYCS,Cellular Respiration (GO:0045333)
GO:0038096,0.05684497,inf,inf,LYN;VAV3;YES1;SYK;SRC;LIMK1;PRKCD;PTK2;VAV1;FGR;FCER2;HCK;FYN;PKN1;MYO1G,Fc-gamma Receptor Signaling Pathway Involved in Phagocytosis (GO:0038096)
GO:0034249,0.05684497,inf,inf,RTN2;NTRK2;PRNP;RTN3;RTN1;ROCK1;SPHK1;IGF1;CLU;SORL1;RTN4;GGA3;BIN1;PGK1;APOE,Negative Regulation of Amide Metabolic Process (GO:0034249)
GO:0038094,0.05984411,12.90873,99.03574,LYN;VAV3;FCER1G;YES1;SYK;SRC;LIMK1;PRKCD;PTK2;VAV1;FGR;FCER2;HCK;FCGR3B;LCK;FYN;CD247;PKN1;MYO1G,Fc-gamma Receptor Signaling Pathway (GO:0038094)
GO:0010628,0.05984411,1.680252,12.86494,RPL5;APP;TOR2A;TFRC;CSF1;FMR1;CLSTN1;PDCD5;EIF4A3;PARK7;CLU;CDH5;NAMPT;AKT1;VPS35;LGALS9;MAP2K1;MAP2K2;RPS7;RPL23;CIRBP;CLDN5;CLDN3;TFR2;HGS;ERP29;PLA2R1;EZR;S100A9;NOTCH1;PRKDC;HPN;STK39;FBLN1;PIK3R1;NTS;FXR1;LARP1;FXR2;DDRGK1;PDCD10;PLCG2;RIPK1;NIBAN1;TGFB1;CADM1;EPHX2;RDX;PDE2A;CRTAM;FN1;PYM1;EIF2AK2;RAB27A;MSN;SNF8;IGF1;INHBA;EEF2;BMP7;RGCC;EIF6;FUBP3;FUBP1;AGO2;HNRNPD;PLXNB2;FGFR4;EIF4G3;OGT;GSK3B;CALCOCO1;GSK3A;DDX3X;PRKCSH;NAT10;PIK3CB;ELAVL1;VSIR;PIK3CG;RPS4X;C1QTNF3;CSRP1;OTUD6B;ITGAX;FLOT1;CTSH;EMILIN1;CD36;CD34;BTN3A1;IFNGR1;PRMT1;TESC;ADRA2A;FGR;TGFBR3;FCER2;PLSCR1;CSDE1;CDH15;GAS6;CD46;GAPDH;RAMP3;ROCK1;ROCK2;NRXN1;RPL11;AGPAT1;AGPAT2;THBS1;PPM1F;RELA;MAPK9;TTR;AGR2;RPS3;BPNT1;NTRK2;CD74;NPM1;SSB;ANGPT1;EGF;CARD9;STAT3;NDUFA2;DTNBP1;MAPK14;MTOR;WARS1;SOD1;PDCL3;SAA2;EIF3E;FAM98A;EIF3D;LAMTOR5;LIMS1;PF4;ZPR1,Positive Regulation of Gene Expression (GO:0010628)
GO:0031175,0.06617244,2.076579,15.61942,APP;NCKAP1;GSK3B;DOCK7;PTPRK;FRY;TSKU;ARHGAP35;PTPRG;PPP1R9B;DOCK10;SAMD14;ZFYVE27;OPHN1;STMN1;ATP7A;DBNL;PPP1R12A;MAP1S;PRMT1;MINK1;DICER1;DNM2;SHTN1;CTTN;MAP1B;RAB35;TBC1D24;RAPGEF2;TBC1D23;TNIK;ARHGEF7;PPP1R12C;SHANK3;NLGN1;TNXB;ROCK1;NRXN1;BLOC1S4;CDC42;BLOC1S5;PTPRZ1;BLOC1S1;BLOC1S2;BLOC1S3;EPB41L3;MICALL1;MICALL2;CDH23;NCKAP1L;APOE;MAP4;RAB6A;SRGAP2;RAB6B;MARK2;MAP4K4;LYN;SNAPIN;ANKRD27;TOR1A;DTNBP1;LAMB1;L1CAM;BMP7;RAB11A;MANF;EHD1;TAOK3;CDK5;VAPA;NEDD4;RAB13;PLXNB1;PKN1;ATXN10;FRYL;METAP2;ZPR1,Neuron Projection Development (GO:0031175)
GO:0007015,0.06617244,2.350873,17.64571,WIPF1;SH3KBP1;INPPL1;ARHGAP6;PPP1R9B;FYCO1;SAMD14;RAC2;PLS3;PLS1;TMOD1;CAP1;TPM4;TPM3;ACTN1;TMOD3;TPM1;RHOG;ARAP1;RHOF;SHROOM4;CD2AP;DNM2;ENAH;ELMO1;HCLS1;TAGLN2;EVL;ARHGEF2;DBN1;FLII;WAS;CORO1A;CORO1B;CNN3;CORO1C;CNN2;SPTA1;CDC42;CNN1;TTR;MYO6;FLNA;GAS2L1;VASP;CARMIL1;SVIL;MARCKSL1;DSTN;MYO5A;BAIAP2;ARHGAP25;VIL1;MYO1D;MYO1E;DLG1;MARCKS;ABI2;FAT1;GHRL;MYO1F;MYO1G,Actin Filament Organization (GO:0007015)
GO:0002183,0.07051883,4.761341,35.32112,EIF4A2;EIF4A1;EIF4H;EIF2B1;EIF4B;EIF2B5;MCTS1;EIF2B4;EIF2B3;EIF2B2;EIF2S2;MIF4GD;EIF3M;EIF2S3;EIF5;EIF3K;EIF3L;EIF3I;EIF3J;EIF3G;EIF3H;EIF3E;DHX29;EIF3F;EIF3D;EIF3A;EIF3B;EIF4G1,Cytoplasmic Translational Initiation (GO:0002183)
GO:0042776,0.07073471,3.103076,22.93709,NDUFA13;NDUFA11;NDUFB10;NDUFB6;NDUFA12;NDUFB11;NDUFB5;NDUFB4;NDUFA10;NDUFB3;NDUFB1;ATP5F1B;NDUFV2;ATP5MG;NDUFV1;ATP5MF;ATP5ME;NDUFA9;ATP5PF;NDUFA8;NDUFA7;ATP5PD;NDUFA6;NDUFA5;ATP5PB;NDUFA3;NDUFA2;SDHD;SDHA;ATP5F1C;SDHB;ATP5F1D;NDUFS8;NDUFS7;NDUFS5;NDUFS4;NDUFAB1;NDUFS3;ATP5PO;NDUFS2;NDUFS1,Proton Motive Force-Driven Mitochondrial ATP Synthesis (GO:0042776)
GO:0006898,0.07075947,2.172811,15.97936,SCARB2;ITGB1;ITGAM;TFRC;CD81;CLTC;ITGB2;CLTB;STAB2;STON1;CLTA;AP2A1;ARRB2;STON2;VLDLR;FNBP1L;AP2A2;CTSL;STAB1;AP1S1;CD36;LDLRAP1;SCARF1;AP2M1;SCYL2;FCER1G;SYK;HSPG2;DNM1;DNM2;DNM3;GAK;RAB31;CTTN;HGS;TFR2;CANX;PLA2R1;RALA;RALB;RAMP3;SNX1;GRK2;MICALL1;AP2S1;SNX9;APOE;PIP5K1C;WASF1;EPS15;LDLR;PDLIM7;REPS1;SNCA;M6PR;DNAJC13;AP2B1;SORL1;IGF2R;LRP1B;MARCO;DAB2;ITCH;NEDD4;PLXNB2;CD9;GPR107;GRB2;RAB5A;PICALM,Receptor-Mediated Endocytosis (GO:0006898)
GO:0034976,0.07075947,2.024742,14.70777,ERO1A;GSK3B;FAF1;CCDC47;FAF2;ATP2A3;ATP2A2;AUP1;UFL1;AIFM1;FLOT1;TRIM25;UFD1;SEC61B;UBXN4;CDK5RAP3;UBXN6;MAP3K5;GET4;NCK1;PDIA3;UBE4A;YOD1;UBE4B;PDIA6;PDIA4;RCN3;TMEM33;TMX1;GORASP2;CANX;UFC1;MAN1B1;VCP;ATF6B;UBA5;SEL1L;ITPR1;PIK3R1;TANK;THBS1;THBS4;UBE2J1;ECPAS;HSP90B1;BAG6;DNAJB2;ERLEC1;ERMP1;OS9;DDRGK1;MAN1C1;UBQLN1;UBQLN2;BCAP31;EIF2B5;NIBAN1;PTPN1;TOR1A;HSPA5;SEC16A;SGTA;ERLIN1;TMUB1;ERLIN2;EIF2S1;TMCO1;ERP44;UFM1;NPLOC4;TBL2;PSMC6;VAPB;DNAJC10;BAX;HYOU1;STUB1;CALR;STT3B;P4HB,Response to Endoplasmic Reticulum Stress (GO:0034976)
GO:0015986,0.07075947,2.929395,21.25502,NDUFA13;NDUFA11;NDUFB10;NDUFB6;NDUFA12;NDUFB11;NDUFB5;NDUFB4;NDUFA10;NDUFB3;NDUFB1;ATP5F1B;ATP5MK;ATP5MJ;NDUFV2;ATP5MG;NDUFV1;ATP5MF;ATP5ME;NDUFA9;ATP5PF;NDUFA8;NDUFA7;ATP5PD;NDUFA6;NDUFA5;ATP5PB;NDUFA3;NDUFA2;SDHD;SDHA;ATP5F1C;SDHB;ATP5F1D;NDUFS8;NDUFS7;NDUFS5;NDUFS4;NDUFAB1;NDUFS3;ATP5PO;NDUFS2;NDUFS1,Proton Motive Force-Driven ATP Synthesis (GO:0015986)
GO:0038095,0.07075947,inf,inf,LYN;VAV3;MAP2K4;FCER1G;SYK;VAV1;IKBKB;MAPK9;FER;TRAF6;PLCG2;PRKCQ;SOS1;MAP3K7,Fc-epsilon Receptor Signaling Pathway (GO:0038095)
GO:1902992,0.07075947,inf,inf,RTN2;NTRK2;PRNP;RTN3;RTN1;ROCK1;IGF1;CLU;SORL1;RTN4;GGA3;BIN1;FLOT2;APOE,Negative Regulation of Amyloid Precursor Protein Catabolic Process (GO:1902992)
GO:0097494,0.07075947,inf,inf,SNAPIN;DNM1;RAB22A;BLOC1S1;BLOC1S2;KXD1;RIN3;BORCS8;BORCS7;RAB5A;AP2M1;BORCS6;BORCS5;PICALM,Regulation of Vesicle Size (GO:0097494)
GO:0048666,0.07075947,2.312368,16.71969,APP;GSK3B;DOCK7;PTPRK;FRY;GBA2;HS6ST1;PPP1R9B;PTPRG;SAMD14;ZFYVE27;OPHN1;STMN1;ATP7A;PRMT1;MAP1B;RAB35;TBC1D24;RAPGEF2;TBC1D23;MAPRE2;NLGN1;TNXB;ROCK1;ARL3;NRXN1;CLN5;BLOC1S4;BLOC1S5;PTPRZ1;BLOC1S1;BLOC1S2;BLOC1S3;MICALL1;CDH23;MICALL2;APOE;MAP4;RAB6A;RAB6B;LYN;NTRK2;TGFB2;SNAPIN;TOR1A;TBCD;DTNBP1;LAMB1;L1CAM;RAB11A;MANF;EHD1;CDK5;VAPA;WNK1;NEDD4;TAOK1;RAB13;ATXN10;FRYL;METAP2,Neuron Development (GO:0048666)
GO:1903077,0.07075947,12.22624,88.04526,LRRC15;LYPLA1;PKDCC;TGFB1;CLTC;PPP2R5A;REXO2;TMEM59;DAB2;WNK1;TMBIM1;PPFIA1;NUMB;CSK;AP2M1;LYPLAL1;BCL2L1;PICALM,Negative Regulation of Protein Localization to Plasma Membrane (GO:1903077)
GO:0032024,0.07075947,12.22624,88.04526,MAP4K2;PDHX;NLGN2;IRS2;ACSL4;GCG;PRKCA;PSMD9;PPP3CB;RBP4;LRRC8A;STX4;GHRL;C2CD2L;GPLD1;HLA-DRB1;MCU;TRPM4,Positive Regulation of Insulin Secretion (GO:0032024)
GO:0044089,0.073651,2.787327,19.90276,GSK3B;VCP;TSG101;TFRC;SDC4;FAF1;VPS4B;PLEK;VPS4A;BRK1;PARK7;CLU;CX3CL1;CDH5;LGALS3;SDCBP;TPR;FLOT1;RACK1;RPS3;EMILIN1;BID;SH3GLB1;CHGA;PDCD6IP;TGFB1;SYK;MMP3;LIMK1;PRKCA;SNF8;STAM;BMP7;MTSS1;MPP7;WARS1;VIL1;RGCC;HGS;CDK2;CHMP2A;BAX;SDC1;PFN1;RAB7A,Positive Regulation of Cellular Component Biogenesis (GO:0044089)
GO:0048522,0.073651,1.53579,10.94026,CNTFR;APP;CSF1;MLC1;IRS2;CIB1;EPX;CRKL;IGF1R;RPS6KA3;CAPNS1;AKT2;NAMPT;RPS6KA1;AKT1;CCN2;CAPN1;PRSS2;TRIM21;TGM2;TPD52;PDGFRB;PDGFRA;RPS9;RPL23;CLEC11A;CSNK2A2;CEP131;F2R;TPM1;ADAM10;PRKCA;ACSL4;DICER1;CLDN5;ADAM17;PARD3;PRKD2;PRTN3;STAMBP;IL6ST;S100A9;S100A8;PSMD10;CSF1R;NOTCH1;SHC1;CCDC25;CUL3;HPN;COX17;NOP2;CHRD;PDGFA;LPL;NID1;PRDX3;SDCBP;ADGRG1;GRK5;DDRGK1;PDCD10;BLOC1S2;PDGFD;PDGFC;SSR1;RIPK1;RPRD1B;APOB;TRPM4;LYN;TGFB2;TGFB1;NRDC;TNFSF13;FN1;AZU1;PA2G4;IGF1;NFKB1;PTK2;BMP5;SLC6A6;FER;CDK2;CALR;FGFR4;IL7R;FGFR3;EIF4G2;FGFR2;LGMN;EIF4G1;FGFR1;GSK3B;HSP90AB1;DDX3X;NUMA1;FLT4;PTPRJ;LAMC1;DNPH1;CX3CL1;LMNB2;RPTOR;RPS4X;PPP3CA;UFL1;ESM1;C1QBP;ITGAX;MLST8;CTSH;ITGAV;HTATIP2;ARG2;TSC22D1;PRMT1;SPHK1;ACTL6A;RHOG;RAD23A;REXO2;OSMR;SIRT2;ADRA2A;HCK;MMP14;KIT;HCLS1;DSG2;MVD;CD47;CDH15;SLC25A5;EEF1E1;CRK;FXN;MTPN;PRKAA1;TNXB;LAMA2;LAMA1;LRP5;THBS1;RELA;LRP6;GNAI2;TBRG4;CDC42;RPS15A;EPCAM;CCL5;PTK2B;RICTOR;STX4;EXOSC2;CHGA;NTRK2;DYNC1H1;NPM1;CAVIN1;EGF;VEGFC;LAMB1;NAP1L1;MTOR;TJP1;KITLG;GID8;DNAJA2;CTNNB1;SAA2;CCM2;PTPN6;HDGF;PKN1;P4HB;FAM98A;METAP1;ZPR1,Positive Regulation of Cellular Process (GO:0048522)
GO:0006891,0.0800381,5.438066,37.95402,NSF;COPB2;GABARAPL2;TRAPPC3;COPA;COG8;COG6;COG5;COPB1;GOSR2;COG4;TRAPPC10;GOSR1;COG3;COG2;NAPG;COPZ1;RAB33B;COPG2;COPG1;RAB6A;RAB6B;COPE;VTI1B,intra-Golgi Vesicle-Mediated Transport (GO:0006891)
GO:0036257,0.0800381,5.438066,37.95402,TSG101;PDCD6IP;IST1;VPS4B;VTA1;VPS4A;RAB27A;VPS37A;SNF8;STAM;VPS37B;RAB11A;HGS;CHMP1B;MVB12B;CHMP2B;CHMP2A;CHMP4B;CHMP6;VPS36;STAM2;VPS25;VPS28;CHMP5,Multivesicular Body Organization (GO:0036257)
GO:2000059,0.0800381,5.438066,37.95402,RPL5;USP14;USP7;HSP90AB1;UBXN1;CAMLG;RPS7;USP5;USP9X;RPL23;RPL11;CSNK2A2;SGTA;PARK7;CCAR2;UCHL5;BAG6;PDCL3;DDRGK1;GIPC1;CSNK2B;EIF3H;OGT;METAP1,Negative Regulation of Ubiquitin-Dependent Protein Catabolic Process (GO:2000059)
GO:0043069,0.0800381,1.623015,11.31066,ANKLE2;FCMR;MRE11;ARL6IP1;TFRC;ARAF;CIB1;UBE2Z;PHB2;MPO;IGF1R;COMP;RPS6KA3;FTH1;ARHGDIA;RPS6KA1;LONP1;AKT1;PRAP1;ATAD3A;FKBP8;PPIF;VDAC1;IL6ST;S100A9;SQSTM1;NOTCH2;PSMD10;PRKDC;SHC1;GLO1;HPN;PIK3R1;MTDH;HSP90B1;PRDX3;PRDX2;PRDX5;GRK5;PDCD10;BAG3;DDRGK1;DPP9;NCKAP1L;RIPK1;ATG5;TXNDC5;HSPA9;HSPA5;API5;AZU1;IGF1;PA2G4;PTK2;NFKB1;DAB2;GCLC;HNRNPK;COPS5;PROC;ARMC10;FASN;ANP32B;BCL2L1;ARF4;GSK3B;DDX3X;FLT4;FHL2;HSPB1;CX3CL1;PTMS;BABAM2;MYDGF;MLST8;MYO18A;CTSH;TMEM109;HTATIP2;ANXA1;TSC22D1;GPX4;ANXA4;SPHK1;ANXA5;SERPINB9;RPS3A;MMP9;YWHAZ;DNAJC3;HCK;ARHGAP10;DDAH2;BIRC6;DSG2;GAS6;SOS1;PTMA;FXN;CD44;KANK2;BECN1;PRKAA1;SRC;NOL3;CBL;FSTL1;THBS1;RELA;HSPD1;MIEN1;BNIP1;FLNA;BNIP2;PTK2B;RICTOR;RPL15;MAP4K4;SNCA;CD74;NPM1;ANGPT1;SEMA4D;GCG;HYPK;MTOR;TJP1;DNAJA1;ITCH;PSMC5;UFM1;CD40LG;KRT18;XPNPEP1;AXL;DNAJA3;CTNNB1;GHRL;PKN2;CIAPIN1;NAA15;LAMTOR5,Negative Regulation of Programmed Cell Death (GO:0043069)
GO:1902905,0.0904769,2.724696,18.60758,APP;NCKAP1;BMP10;TNXB;NUMA1;CRACD;DCTN1;PLEK;ARL2;KATNB1;PDXP;SLAIN2;CLU;CX3CL1;EFEMP2;NCK2;RPS3;PTK2B;NCKAP1L;SNX9;APOE;COLGALT1;CLASP1;NCK1;VASP;USP8;CARMIL1;GPX1;VTA1;LIMK1;BAIAP2;MTSS1;VIL1;HCK;CLIP1;FER;CTTN;BIN1;FES;EVL;PKN1;PFN1;MAPRE1;ARF6,Positive Regulation of Supramolecular Fiber Organization (GO:1902905)
GO:0030198,0.09065641,2.048165,13.94891,ITGB1;APP;COL18A1;ECM2;COL14A1;COL12A1;LOXL3;PLOD3;PLOD2;PLOD1;LAMC1;CTSS;ADAMTS5;ADAMTS2;MMP25;ADAMTS1;SH3PXD2B;FLOT1;CTSG;QSOX1;ADAMTS8;ATP7A;PRSS2;COLGALT1;POSTN;MMP7;EXOC8;ITGA2;APLP1;MMP3;ADAM10;NPNT;MMP9;MMP14;CCDC80;COL2A1;ADAM15;LOX;SPINT1;MMP23B;MMP19;COL6A6;GAS6;DDR2;ENG;MATN2;COL15A1;COL11A1;COL11A2;DPT;FURIN;NDNF;NID1;NID2;ADAMTS13;SERPINH1;ELANE;COL28A1;CRTAP;TGFB2;TGFB1;LUM;COL1A1;COL3A1;BMP1;COL5A1;P4HA1;COL5A3;COL5A2;TLL2;TLL1;TGFBI,Extracellular Matrix Organization (GO:0030198)
GO:1904375,0.09118843,11.54411,77.72826,CAMK2B;CAMK2D;STX8;CAMK2A;VPS4A;STX7;VAMP8;MMP14;CDK5;VPS35;LDLRAP1;CAMK2G;SPTBN1;APPL1;SNCA;VTI1B;EIF4G1,Regulation of Protein Localization to Cell Periphery (GO:1904375)
GO:0000723,0.09118843,11.54411,77.72826,XRCC6;MRE11;PARP1;PRKDC;XRCC5;PTGES3;ACTL6A;UCHL5;PPP1CA;RAD50;RUVBL2;APEX1;RPA3;RUVBL1;CDK2;FBXO4;TERF2IP,Telomere Maintenance (GO:0000723)
GO:0006099,0.09118843,11.54411,77.72826,MDH1;IDH3G;MDH2;DLST;SDHD;SDHA;SDHB;CS;SUCLA2;NNT;IDH3B;OGDH;SUCLG2;SUCLG1;DLAT;LDLR;IDH3A,Tricarboxylic Acid Cycle (GO:0006099)
GO:1902430,0.09118843,inf,inf,RTN2;NTRK2;PRNP;RTN3;RTN1;ROCK1;IGF1;CLU;SORL1;RTN4;GGA3;BIN1;APOE,Negative Regulation of Amyloid-Beta Formation (GO:1902430)
GO:1903541,0.09118843,inf,inf,PDCD6IP;TSG101;SDC4;VPS4B;VPS4A;SNF8;STAM;SDCBP;HGS;CHMP2A;SDC1;CHMP6;RAB7A,Regulation of Exosomal Secretion (GO:1903541)
GO:0000281,0.09810723,4.419018,29.32525,ROCK1;ROCK2;ARL3;SPAST;STMN1;MYH14;SNX9;MYH10;SPTBN1;USP8;PDCD6IP;EXOC8;EXOC7;EXOC6B;SEPTIN6;SNX18;PROC;RAB35;EXOC4;CHMP4B;EXOC3;EXOC6;EXOC5;STAMBP;EXOC2;EXOC1,Mitotic Cytokinesis (GO:0000281)
GO:0036258,0.1016425,5.210169,34.23546,TSG101;PDCD6IP;IST1;VPS4B;VTA1;VPS4A;VPS37A;SNF8;STAM;VPS37B;RAB11A;HGS;CHMP1B;MVB12B;CHMP2B;CHMP2A;CHMP4B;CHMP6;VPS36;STAM2;VPS25;VPS28;CHMP5,Multivesicular Body Assembly (GO:0036258)
GO:0043162,0.1016425,5.210169,34.23546,TSG101;VPS4B;VPS4A;VPS37A;PTPN23;SNF8;STAM;VPS37B;TOM1L1;HGS;CHMP1B;NEDD4;MVB12B;CHMP2B;CHMP2A;CHMP4B;PLAA;CHMP6;VPS36;STAM2;VPS25;VPS28;CHMP5,Ub-dep Prot Cat Proc via Multivsiclr Bdy Sorting Pway (GO:0043162)
GO:0042176,0.1022221,2.362677,15.4598,GSK3B;NDUFA13;GSK3A;FAF1;SNX12;C4BPA;C4BPB;IDE;PKD1;WDR91;VPS35;CDK5RAP3;NSF;HSP90AA1;GPX1;CSNK2A2;PRKCA;IRAK3;SIRT2;UCHL5;DDB1;HGS;EEF1A2;PSME1;PSME2;TMEM9;EZR;CHMP6;SEC22B;VPS28;RAB7A;USP14;VCP;SF3B3;PSMD14;AGAP2;FURIN;SNX3;VPS11;FLNA;STX5;APOE;ATG7;CTSA;RDX;MSN;SNF8;SORL1;CUL4A;TSPAN15;PROC;NEDD4,Regulation of Protein Catabolic Process (GO:0042176)
GO:0042775,0.1022221,2.662098,17.3623,NDUFB10;NDUFB6;UQCRB;NDUFA12;NDUFB5;COX4I1;NDUFB4;NDUFA10;NDUFB3;NDUFB1;COX7A2;UQCR11;UQCR10;COX6A1;COX5B;COX5A;NDUFV2;NDUFV1;NDUFA9;NDUFA8;NDUFA7;NDUFA6;NDUFA5;NDUFA4;NDUFA3;NDUFA2;SDHD;SDHA;COX6C;SDHB;COX6B1;NDUFS8;NDUFS7;UQCRQ;NDUFS5;NDUFS4;NDUFAB1;NDUFS3;UQCRC1;NDUFS2;CYCS;NDUFS1;UQCRC2,Mitochondrial ATP Synthesis Coupled Electron Transport (GO:0042775)
GO:0045732,0.1022221,2.662098,17.3623,APP;GSK3B;NDUFA13;VCP;GSK3A;CD81;FMR1;FAF1;PCSK9;C4BPA;FURIN;C4BPB;IDE;BAG2;DDRGK1;VPS11;STX5;VPS35;SNX9;APOE;ATG7;NSF;HSP90AA1;CSNK2A2;NRDC;RDX;MSN;SNF8;SORL1;ADRA2A;DDB1;CUL4A;PSMC5;PROC;PSMC6;PSMC3;NEDD4;PSMC2;EZR;SEC22B;GPLD1;VPS28;RAB7A,Positive Regulation of Protein Catabolic Process (GO:0045732)
GO:0070925,0.1099862,1.674497,10.77232,TMEM41B;FMR1;FNBP1L;TXNDC15;AP1S2;AP1S1;VPS36;ATG3;GABARAPL2;IST1;ATG9A;CEP131;STX7;AP1B1;OCRL;RAB32;HGS;RAB34;RAB35;CHMP4B;RAB38;ATP6V0D1;VPS25;SQSTM1;STAM2;VPS28;NOTCH1;TSG101;ABCB6;ARL3;CORO1A;FXR1;ATG7;ATP6V1D;ATG5;AP1M1;FUS;VTA1;RAB3IP;HPS1;HPS4;SNF8;STAM;EHD1;EHD2;NSFL1C;EHD3;EHD4;DNMBP;WNK1;CAPRIN1;CHMP2B;ATG2A;CHMP2A;ATG2B;ARF4;SRPX;ATP2A2;PTPN23;AP4M1;MAP1LC3A;AP1G1;CHMP1B;CHMP1A;AP3S1;CD34;SNAP29;RAB8A;RAB8B;ACTR3;ABCC4;ACTR2;PDCD6IP;AP3B1;VPS37A;WIPI1;VPS37B;WIPI2;RAB33A;RAB33B;PACS2;RILPL2;GORASP2;TRAF6;ATG4B;ATG4A;PIK3C3;CHMP6;RAB7A;CHMP5;STX12;BECN1;RAB1A;RAB1B;VPS4B;VPS4A;ASAP1;HDAC6;AP3M1;ABLIM1;ABLIM3;MICALL1;MVB12B;UBQLN1;FLNA;UBQLN2;PTGES2;SEPTIN2;USP9X;AP3D1;RAB11A;SEPTIN7;WDR11;STING1;RAB14,Organelle Assembly (GO:0070925)
GO:0006417,0.1099862,1.773638,11.38862,EIF4A2;APP;CYFIP1;RPL5;DDX3X;PRKCSH;FMR1;EIF4A3;NAT10;HSPB1;GTDC1;YBX1;BZW2;BZW1;ELAVL1;RPS4X;RPS6KA3;SYNCRIP;EIF4ENIF1;OTUD6B;RPS6KA1;RACK1;EIF2A;UPF1;EIF5B;TSFM;IGFBP5;PRMT1;CSNK2A2;CIRBP;MIF4GD;ILF3;IMPACT;CSDE1;GEMIN5;ETF1;EIF4E2;GAPDH;DDX6;MTPN;DHX9;PRKDC;SHMT2;SHMT1;DDX1;STK39;NOLC1;THBS1;GSPT1;FXR1;CTIF;ATXN2;FXR2;LARP1;TCOF1;RPS3;EIF4H;RPL15;IGF2BP2;EIF4E;GCN1;EIF4B;PAIP1;NIBAN1;TRAP1;EIF2B4;NPM1;EIF2B2;SSB;PYM1;EIF2AK2;CNOT10;EEF2;LRPPRC;MTOR;EIF5;EIF6;EPRS1;CNOT1;CAPRIN1;AGO2;SERBP1;HNRNPD;PLXNB2;EIF3H;EIF3E;CALR;CNOT9;EIF4G3;OGT;EIF3D;SHFL;EIF4G2;METAP1;EIF4G1;EIF3B,Regulation of Translation (GO:0006417)
GO:0051897,0.1176613,1.965505,12.42537,ITGB1;APP;PTPRJ;PARK7;CX3CL1;PIK3CG;IGF1R;MYDGF;C1QBP;CPNE1;JAK2;PDGFRB;VAV3;PDGFRA;IL1R1;F2R;IL18;PRKCA;DCN;VAV1;FGR;SELENOP;KIT;TYRO3;PECAM1;HCLS1;GAS6;SOS1;DDR2;ENG;CSF1R;BECN1;RAMP3;SRC;NRXN1;PDGFA;NTS;CBL;THBS1;RTN4;MTDH;RELN;PDGFD;CCL5;PDGFC;PTK2B;RICTOR;P2RY12;OSBPL8;NTRK2;TGFB2;TGFB1;ANGPT1;SEMA4D;EGF;FN1;PTPN11;IGF1;PTK2;MTOR;CCDC88A;AXL;LEP;NEDD4;CASS4;PLXNB1;CCM2;PTPN6;HPSE;FGFR3;FERMT2;FGFR1,+ Reg of Phosphatidylinositol 3-Kinase/Prot Kinase B Signal Transduction (GO:0051897)
GO:0043254,0.1176613,2.257339,14.05156,GSK3B;DDX3X;TFRC;FAF1;BRK1;PARK7;CLU;CDH5;LGALS3;RACK1;CD36;VPS39;SH3GLB1;VPS18;HSP90AA1;SYK;VPS33A;MMP3;GAK;HCK;SELENOP;PREB;AIDA;VCP;RALB;SAR1A;SAR1B;SRC;STXBP1;TANK;HDAC6;CDC42;NCLN;VPS8;VPS11;RPS3;APOE;BID;LCMT1;VPS16;HSPA8;TGFB1;HSPA5;SEC16A;OSBPL2;EIF2AK2;PTPN11;SORL1;SVIP;MPP7;WARS1;VPS41;BAX,Regulation of Protein-Containing Complex Assembly (GO:0043254)
GO:0019646,0.1176613,2.599531,16.1665,NDUFB10;NDUFB6;UQCRB;NDUFB5;COX4I1;NDUFB4;NDUFA10;NDUFB3;NDUFB1;COX7A2;UQCR11;UQCR10;COX6A1;COX5B;COX5A;NDUFV2;NDUFV1;NDUFA9;NDUFA8;NDUFA7;NDUFA6;NDUFA5;NDUFA4;NDUFA3;NDUFA2;SDHD;SDHA;COX6C;SDHB;COX6B1;NDUFS8;NDUFS7;UQCRQ;NDUFS5;NDUFS4;NDUFAB1;NDUFS3;UQCRC1;NDUFS2;CYCS;NDUFS1;UQCRC2,Aerobic Electron Transport Chain (GO:0019646)
GO:0006892,0.1176613,2.599531,16.1665,ARL3;SNAP23;AP2A1;AP4M1;GGA1;SCFD1;GGA3;AP1G2;VPS52;STXBP5;CCDC93;GOLGA7;EPS15;VTI1B;ARFGEF2;MON2;EXOC8;PTGES2;SORT1;VPS13C;SEC16A;RAB3IP;VPS13A;AP3D1;EXOC6B;MYO5A;SCAMP1;SORL1;SCAMP3;DNM2;SCAMP2;RAB10;RABEP1;RAB14;RAB13;EXOC4;EXOC6;GOPC;EXOC5;CCDC22;EXOC2;EXOC1,post-Golgi Vesicle-Mediated Transport (GO:0006892)
GO:0032970,0.1176613,2.599531,16.1665,CSF1R;RALA;ROCK1;ROCK2;TWF2;ARHGAP18;PDGFA;ARHGAP17;SLC4A2;CELSR1;F11R;IQGAP2;CORO1A;ARHGAP35;CDC42;CNN2;MLST8;RAC2;PTK2B;RICTOR;CLASP2;PDGFRB;BCAS3;PDGFRA;DMTN;PRKCD;RHOG;ARAP1;RHOF;BAIAP2;RHOA;MTOR;BST2;HCK;CCDC88A;TAOK1;FSCN1;ESAM;PKN1;ARHGEF7;EZR;CRK,Regulation of Actin Filament-Based Process (GO:0032970)
GO:0001732,0.1176613,inf,inf,EIF3M;EIF5;EIF3K;EIF3L;EIF3I;EIF3J;EIF3G;EIF3H;EIF3E;EIF3F;EIF3D;EIF3B,Formation of Cytoplasmic Translation Initiation Complex (GO:0001732)
GO:1902993,0.1176613,inf,inf,LYN;APP;GSK3A;IFNGR1;ROCK2;CASP3;RANBP9;GSAP;APOE;CLU;RELA;PICALM,Positive Regulation of Amyloid Precursor Protein Catabolic Process (GO:1902993)
GO:0010613,0.1176613,inf,inf,MTPN;BMP10;CAMK2D;PARP1;ROCK1;ROCK2;ARRB1;PRKCA;ARRB2;IGF1;IL6ST;SLC9A1,Positive Regulation of Cardiac Muscle Hypertrophy (GO:0010613)
GO:1903543,0.1176613,inf,inf,SDCBP;PDCD6IP;TSG101;SDC4;HGS;VPS4B;VPS4A;CHMP2A;SDC1;SNF8;STAM;RAB7A,Positive Regulation of Exosomal Secretion (GO:1903543)
GO:0014742,0.1176613,inf,inf,MTPN;BMP10;CAMK2D;PARP1;ROCK1;ROCK2;ARRB1;PRKCA;ARRB2;IGF1;IL6ST;SLC9A1,Positive Regulation of Muscle Hypertrophy (GO:0014742)
GO:1901888,0.1176613,inf,inf,TJP1;MYO1E;RAP2A;RAP1A;ROCK1;CLSTN3;ROCK2;FLOT1;RAPGEF2;PRKCA;F11R;PDLIM5,Regulation of Cell Junction Assembly (GO:1901888)
GO:0051128,0.1176613,2.205024,13.65147,OGFR;SPARC;TFRC;SNX12;STON1;HNRNPU;PARK7;STON2;NUBP2;RPTOR;OPHN1;CD36;HSP90AA1;SPHK1;IRAK3;ARAP1;ATAD3A;ARFGAP1;RAB33B;RUFY1;SPARCL1;CDH13;RAPGEF2;PRKCQ;PAPPA2;CAMK2D;ROCK1;ROCK2;LTBP4;RASGRP2;TANK;BAG5;RAP1A;NCLN;PACSIN2;AP2S1;APOE;PAK4;HSPA8;PTPN1;RAB4A;RAB4B;SEMA4D;EPHX2;PTPN11;MTOR;TJP1;ITCH;SNX17;NEDD4;LAMTOR2;MELTF;CAMK1;LAMTOR1;PICALM,Regulation of Cellular Component Organization (GO:0051128)
GO:0120032,0.1176613,3.400151,20.9927,ARF4;RABGAP1;TBC1D9B;PRKCSH;FMR1;TWF2;WAS;TWF1;CDC42;PODXL;TBC1D13;TBC1D17;TBC1D22A;RAB11FIP3;TBC1D15;TBC1D10B;ATG5;ATG3;DMTN;RDX;RAB11A;CYLD;FER;RABEP2;TBC1D20;TBC1D5;FSCN1;TBC1D24;RAB5A;ARF6,Regulation of Plasma Membrane Bounded Cell Projection Assembly (GO:0120032)
GO:0010634,0.1176613,4.982386,30.72496,DOCK5;TGFB2;SRC;MMP9;HDAC6;PPM1F;RTN4;MTOR;PTK2;RAB11A;VIL1;CAPN7;GLIPR2;PLCG2;CTSH;PFN1;DOCK1;MAPRE2;CLASP1;CLASP2;MAP4K4;ARF6,Positive Regulation of Epithelial Cell Migration (GO:0010634)
GO:0010543,0.1176613,4.982386,30.72496,LYN;PDGFRA;FCER1G;SYK;GP1BB;PLEK;PDGFA;PLA2G4A;GP1BA;PRKCA;PEAR1;GP5;FUNDC2;THBD;GP9;TEC;GNAQ;SELENOP;FLNA;SVEP1;PRKCQ;JAK2,Regulation of Platelet Activation (GO:0010543)
GO:0071763,0.1182627,6.451974,39.68169,TOR1A;DCTN1;VPS4B;VPS4A;TOR1B;LEMD2;TOR1AIP1;NSFL1C;SPAST;TMEM43;CHMP1B;CHMP1A;CHMP2B;CHMP2A;CHMP4B;CHMP6;TARDBP;EMD;CHMP5,Nuclear Membrane Organization (GO:0071763)
GO:0033043,0.1247897,2.409737,14.66256,SCARB2;CLIC4;ARL6IP1;SAR1A;SAR1B;RAP1GDS1;NEXN;F11R;MTM1;LMAN1;RHOT1;RUVBL2;RUVBL1;CAPN2;TOM1;VPS11;MAPK1;STX5;VPS35;ARMH3;MARK2;ATG5;SLC30A9;TMED9;SEC16A;PDE2A;RDX;SURF4;MSN;MYO5A;PTK2;UCHL5;RAB33B;TJP1;DIAPH1;EHD3;MAVS;TMEM33;TAOK1;PREB;PLXNB1;PKN2;EZR;S100A9;SQSTM1;S100A8,Regulation of Organelle Organization (GO:0033043)
GO:2000147,0.1247897,1.708804,10.37991,CSF1;CLSTN1;CIB1;MYLK;IGF1R;CDH5;AKT2;AKT1;CPNE3;ACVR1;PDGFRB;PDGFRA;SEMA6D;F2R;ADAM10;PRKCA;ACTN4;ADAM17;CLDN3;MYADM;IGSF8;CSF1R;CEMIP;CD151;NOTCH1;CCDC25;PDGFA;SDCBP;PDCD10;DDRGK1;PODXL;PDGFD;PDGFC;CARMIL1;HSPA8;TGFB1;HSPA5;RDX;IGF1;PTK2;COL1A1;VIL1;DAB2;FER;PROC;CASS4;FERMT2;FERMT3;ITGB1;FLT4;TRADD;CX3CL1;VSIR;PPP3CA;FYCO1;CASP8;RACK1;ITGAX;CTSH;MMP7;SPHK1;ADRA2A;FGR;PTP4A1;F7;MMP14;KIT;ANGPTL3;NUMB;PECAM1;CDH13;ITGA6;SOS1;LRRC15;ROCK2;SEMA3B;CXCR4;SEMA3F;THBS1;PPM1F;CDC42;MIEN1;GPNMB;MGAT5;CCL5;PTK2B;RICTOR;STX4;MAP4K4;CHGA;SPAG9;CAVIN1;SEMA4D;EGF;STAT3;LAMB1;SOD2;TJP1;MYO1E;PKN1,Positive Regulation of Cell Motility (GO:2000147)
GO:0008284,0.1437386,1.552021,9.191189,CNTFR;CSF1;HNRNPU;IRS2;CIB1;EPX;CRKL;IGF1R;CAPNS1;NAMPT;LONP1;AKT1;CAPN1;TPD52;PDGFRB;PDGFRA;RPS9;RPL23;CLEC11A;CSNK2A2;CEP131;F2R;ADAM10;CLDN5;ADAM17;S100A6;PRTN3;STAMBP;IL6ST;S100A9;CSF1R;NOTCH1;SHC1;DHX9;CUL3;COX17;NOP2;CHRD;PDGFA;FBLN1;PIK3R1;PRDX3;SDCBP;GRK5;DDRGK1;PDCD10;BLOC1S2;PDGFD;PDGFC;SSR1;RPRD1B;ELANE;TRPM4;LYN;TGFB2;TGFB1;TNFSF13;FN1;IGF1;PTK2;BMP5;BST2;FER;PTPRC;NACA;CDK2;HPSE;CALR;FGFR4;IL7R;FGFR3;FGFR2;LGMN;FGFR1;BMP10;FLT4;LAMC1;CX3CL1;RPS4X;PPP3CA;UFL1;ESM1;RBPMS2;ITGAX;CTSH;ITGAV;JAK2;TSC22D1;PRMT1;SPHK1;ACTL6A;IL18;RHOG;OSMR;ADRA2A;NME1;TGFBR3;HCK;KIT;HCLS1;CDH13;MVD;CD47;GAS6;SLC25A5;FXN;DDR2;TNXB;LRP5;THBS1;RELA;GNAI2;TBRG4;RPS15A;EPCAM;CCL5;PTK2B;STX4;CHGA;NTRK2;CD74;NPM1;STAT1;EGF;VEGFC;LAMB1;NAP1L1;TJP1;KITLG;GID8;DNAJA2;CTNNB1;CCM2;PTPN6;PKN1;FAM98A,Positive Regulation of Cell Population Proliferation (GO:0008284)
GO:0042981,0.1472321,1.393279,8.202585,APP;ANKLE2;TFRC;ARL6IP1;ARAF;PHB2;CCAR2;LGALS3;RPS6KA3;LGALS1;RPS6KA1;ARL6IP5;LONP1;TNFSF10;AKT1;ACTN2;ACTN1;SCRIB;ACTN4;PRAP1;BIN1;VDAC1;GPLD1;ANP32A;PRKDC;HPN;PIK3R1;MTDH;PRDX3;PRDX2;PRDX5;PDCD10;NCKAP1L;ATG7;AZU1;PA2G4;IGF1;PTK2;HNRNPK;ARMC10;FASN;ANP32B;CALR;ARF4;FAF1;PCSK9;IER3IP1;CX3CL1;PTMS;BABAM2;MYDGF;SPTLC1;AIFM1;ADAMTSL4;C1QBP;RACK1;CTSH;JAK2;JAK3;CTSD;CTSB;HTATIP2;TOMM70;ANXA1;PRMT2;TSC22D1;ANXA4;SPHK1;ACTL6A;ANXA5;PAWR;SERPINB9;ANO6;NME1;HCK;GAS1;GAS6;ARHGEF7;EEF1E1;PTMA;CD44;NOL3;FSTL1;TANK;RELA;BCLAF1;PNMA1;RPS3;FLNA;HS1BP3;RICTOR;RPL15;BID;LCMT1;MAP4K4;CD74;NPM1;STAT1;GCG;HYPK;TJP1;RSL1D1;ITCH;CD40LG;KRT18;AXL;APEX1;CTNNB1;PKN2;GHRL;CIAPIN1;TARDBP;LAMTOR5;MTCH2;FCMR;MRE11;PDCD6;PDCD5;CIB1;PARK7;UBE2Z;CLU;MPO;IGF1R;COMP;SLK;FAM162A;RUVBL2;ARHGDIA;RUVBL1;MAP3K5;TGM2;F2R;ATAD3A;MADD;FKBP8;PPIF;IL6ST;S100A9;SQSTM1;PPIA;PPID;SLC27A4;NOTCH2;PSMD10;KHDRBS1;VCP;SHC1;DIABLO;GLO1;ITPR1;HTRA1;STK4;KNG1;RTN4;HSP90B1;SAV1;GRK5;BAG3;DDRGK1;RIPK1;NAE1;TXNDC5;HSPA9;HSPA5;API5;NFKB1;DAB2;GCLC;COPS5;PROC;CDK5;STK24;PTPRA;STK26;BCL2L1;ITGB1;GSK3B;DDX3X;FLT4;TRADD;FHL2;HSPB1;CASP8;CASP6;MLST8;MYO18A;EMILIN2;EMILIN1;HSP90AA1;RPS3A;MMP9;YWHAZ;DNM2;DNAJC3;ARHGAP10;DDAH2;BIRC6;DSG2;ITGA6;SOS1;FXN;PRKAA1;SRC;CBL;LRP8;THBS1;HSPD1;MIEN1;BNIP1;SAP18;BNIP2;PTK2B;SNCA;ANGPT1;SEMA4D;MTOR;SOD1;DNAJA1;UFM1;DNAJA3;ACIN1;BAX;PTPN6;NAA15,Regulation of Apoptotic Process (GO:0042981)
GO:0022607,0.1532142,1.716891,9.976168,NCKAP1;ARL6IP1;WIPF1;SLC2A1;LAMC1;JCHAIN;LIMD2;ZFYVE27;OPHN1;PPP2R1A;PLS3;ELOB;QSOX1;IKBKG;KPNA3;AP2M1;PLS1;FGB;FGA;STX7;FGG;PAWR;YWHAZ;RHOA;DARS1;CD2AP;MTSS2;TAPBP;CLDN3;NEMF;GORASP2;PARD3;ZW10;CSNK2B;CDHR2;VDAC3;FSCN1;PKP2;GEMIN5;CDHR5;EZR;GAS6;MAPRE2;PPID;VAMP3;RTN2;RTN3;BECN1;NLGN1;RTN1;NLGN2;DHX9;TUBGCP2;WAS;PDGFA;TANK;NAPG;CORO1B;RTN4;ADD1;ADD2;BAG6;CDC42;LIMA1;VCPIP1;PDCD10;CALD1;MICAL1;TSPAN4;REPS2;PTK2B;NCKAP1L;SNX9;WASF1;SPTBN1;WASF3;CD74;DMTN;TGFB1;RANBP9;PARVB;BAIAP2;PEX14;VIL1;PROC;PARVG;FASN;CAPZA1;CAPZA2;EPPK1;TRIP13;CD247;PICALM,Cellular Component Assembly (GO:0022607)
GO:1902533,0.1532142,1.393217,8.094882,APP;SLC35B2;TFRC;IFI35;PHB2;TBK1;LGALS1;TFG;NAMPT;CPNE1;TNFSF10;TRIM25;LGALS9;CDK5RAP3;ACVR1;PRKCB;IL1R1;RPL23;PRKCA;ACTN4;TWSG1;LARS1;CSNK2B;TYRO3;BTK;RBCK1;PDGFA;IQGAP1;ZC3HAV1;PIK3R1;MTDH;PDGFD;PDGFC;PLCG2;S100A12;LYN;FIS1;FN1;GDF2;EIF2AK2;IGF1;NMI;PTK2;BST2;CCDC88A;PPP5C;RPS20;FERMT2;HLA-DRB1;CC2D1A;ECM1;SLC44A2;PTPRJ;ARHGAP6;CX3CL1;IKBKB;RPTOR;AKAP13;MYDGF;TRIM5;C1QBP;RACK1;IKBKG;CD36;JAK2;TMED4;VAV3;SEC13;PARP1;RIPK2;SPHK1;IL18;RHOA;VAV1;F7;KIT;HCLS1;GAS6;ENG;DDR2;RAMP3;TANK;RELA;BCLAF1;RELN;RPS3;FLNA;RICTOR;BID;MAP4K4;P2RY12;BCAP31;CD74;CARD9;STAT3;HUWE1;FKBP1A;CD40LG;SLCO3A1;AXL;NEDD4;LAMTOR2;GHRL;LAMTOR1;LAMTOR4;LAMTOR3;LAMTOR5;LIMS1;TOR2A;GOLT1B;CD81;PARK7;CLU;IGF1R;CDH5;MAP3K7;TGM2;PDGFRB;PDGFRA;F2R;MADD;SELENOP;ERP29;WDFY1;S100A4;UBE2V1;S100A9;PPIA;S100A8;JCAD;CSF1R;VCP;SHC1;DDX1;NTS;STK4;RTN4;SHARPIN;RIPK1;KIAA0319;OSBPL8;PRNP;TGFB2;TGFB1;INHBA;BMP7;BMP5;DAB2;MAVS;PTPRC;STK24;RHEB;CASS4;TAB3;PLXNB1;TAB2;CCDC22;HPSE;TAB1;FGFR3;FGFR2;FGFR1;ITGB1;YWHAE;BMP10;DDX3X;FLT4;TRADD;ILK;PIK3CG;CASP8;FLOT1;MLST8;FLOT2;ITGAV;CHUK;KSR1;VWF;IRAK3;IRAK4;ADRA2A;DCN;FGR;TGFBR3;PPM1A;TRAF7;LCK;TRAF6;PECAM1;CDH13;TERF2IP;SOS1;GAPDH;TRIM56;RNF31;BECN1;NLGN1;USP15;CANT1;ROCK1;ROCK2;SRC;NRXN1;ATP2C1;CBL;THBS1;CCL5;PTK2B;NTRK2;ANGPT1;SEMA4D;EGF;PTPN11;MTOR;SOD1;VAPA;LEP;PDCD4;BAX;CCM2;PTPN6,Positive Regulation of Intracellular Signal Transduction (GO:1902533)
GO:1903320,0.1532142,10.18086,59.1031,HSP90AA1;HSP90AB1;GPS1;DCUN1D1;COPS7B;COPS7A;DNAJB2;COPS4;COPS3;COPS6;ITCH;COPS5;UBQLN1;CTNNB1;COPS8,Regulation of Protein Modification by Small Protein Conjugation or Removal (GO:1903320)
GO:0032200,0.1532142,10.18086,59.1031,XRCC6;MRE11;PARP1;PRKDC;XRCC5;PTGES3;ACTL6A;UCHL5;RAD50;RUVBL2;APEX1;RPA3;RUVBL1;FBXO4;TERF2IP,Telomere Organization (GO:0032200)
GO:2000379,0.1551878,4.754717,27.42098,PDGFRB;APP;CBR1;ITGAM;TGFB1;SYK;DCXR;ITGB2;PRKCD;RAB27A;PARK7;MAPK14;THBS1;DHRS4;SOD1;CSRP1;FASN;PLCG2;RIPK1;GRB2;CD36,Positive Regulation of Reactive Oxygen Species Metabolic Process (GO:2000379)
GO:1902600,0.1551878,4.754717,27.42098,ATP6V1A;DMAC2L;ATP6V1G1;ATP6AP1;ATP6AP2;ATP1B1;SLC9A1;ATP5F1B;NNT;ATP6V1B2;ATP6V0A2;ATP5PO;ATP6V1H;ATP6V1E1;ATP6V0D1;ATP6V0C;ATP6V1D;ATP5MF;ATP6V1C1;ATP6V0A1;ATP6V1F,Proton Transmembrane Transport (GO:1902600)
GO:0001819,0.1551878,1.653003,9.524699,FCN1;APP;SERPINE1;CLSTN1;PARK7;TBK1;BSG;LGALS9;MAP3K7;RAB2B;IL1R1;F2R;SCRIB;HLA-A;HLA-E;PRKCQ;PRKD2;IL6ST;PLA2R1;ZFPM1;S100A9;CSF1R;TMED10;DHX9;EBI3;LPL;ZC3HAV1;G3BP1;PLCG2;SLAMF6;RIPK1;ELANE;SPTBN1;CD276;GSDMD;TGFB1;CADM1;CRTAM;GDF2;PRG2;EIF2AK2;CYRIB;MAVS;PTPRC;RGCC;PAEP;HPSE;HLA-DRB3;DDX3X;FLT4;MIA3;PIK3CG;C1QTNF3;FLOT1;LBP;JAK2;APPL1;HLA-DPA1;ANXA1;FCER1G;BTN3A1;SYK;RIPK2;SPHK1;IL18;IL16;BTN3A2;TYK2;ADRA2A;IL17RA;FGR;SLC7A5;TRAF6;ARHGEF2;CD46;PLCB1;GAPDH;RAB1A;STOML2;ROCK2;AGPAT1;TANK;AGPAT2;RELA;HSPD1;MAPK9;RPS3;CD58;CD74;CARD9;RFTN1;STAT3;NDUFA2;LILRB2;MAPK14;SORL1;SOD1;CD2;CD40LG;STING1;LEP;SAA2;CCM2;LAMTOR5,Positive Regulation of Cytokine Production (GO:0001819)
GO:0016050,0.1618346,2.585498,14.72585,PLEKHF2;WASHC4;SRPX;WASHC5;PLEKHF1;SAR1A;SAR1B;UBR4;FNBP1L;CORO1A;RAB22A;VPS11;TRAPPC13;CD34;EPS15;SRGN;USP8;VPS18;ARFGEF2;TRAPPC3;TRAPPC2L;TRAPPC1;EXOC8;SORT1;TRAPPC10;TRAPPC4;VPS33B;TRAPPC5;DNAJC13;HOOK3;TRAPPC9;DNM1;RAB14;TRAPPC6B;CHMP2B;LAMTOR1;SQSTM1;PI4K2A,Vesicle Organization (GO:0016050)
GO:0030038,0.1618346,inf,inf,ITGB1;PDLIM1;ITGB5;LUZP1;SRC;PDCD10;CUL3;ZYX;MYL9;RHOA;DNM2,Contractile Actin Filament Bundle Assembly (GO:0030038)
GO:0043149,0.1618346,inf,inf,ITGB1;PDLIM1;ITGB5;LUZP1;SRC;PDCD10;CUL3;ZYX;MYL9;RHOA;DNM2,Stress Fiber Assembly (GO:0043149)
GO:0007029,0.1618346,3.011205,17.10635,RTN3;TRAM1;RETREG3;ATL3;CCDC47;TOR1AIP2;MIA3;RTN4;SEC61A1;VCPIP1;BNIP1;DNM1L;GET3;LNPK;GET4;SEC31A;JAGN1;DMTN;CAMLG;SEC16A;TOR1B;GAK;RAB10;SHTN1;REEP5;VAPA;TMEM33;VAPB;LPCAT3;RAB18;REEP6,Endoplasmic Reticulum Organization (GO:0007029)
GO:0070374,0.1654528,2.044174,11.52606,APP;NRP1;FLT4;CIB1;ARRB1;ARRB2;PHB2;CX3CL1;CRKL;GLIPR2;NAMPT;CCN2;LGALS9;CD36;PDGFRB;FGB;PDGFRA;FGA;MAP2K1;F2R;FGG;PRKCA;NPNT;MTURN;RAPGEF2;PRKD2;GAS6;S100A9;CD44;S100A7;NOTCH2;CSF1R;NOTCH1;RAMP3;SHC1;NRXN1;PDGFA;RAP1A;GPNMB;PDGFD;PDGFC;P2RY1;PTK2B;APOE;CD74;TGFB1;ANGPT1;CARD9;PTPN11;IGF1;MARCO;PTPRC;FGFR4;FGFR3;FERMT2;FGFR2;HLA-DRB1,Positive Regulation of ERK1 and ERK2 Cascade (GO:0070374)
GO:0071345,0.1654528,1.689484,9.521989,RIPOR2;GSK3B;NDUFA13;GSK3A;IFITM2;DOCK8;TRADD;HNRNPU;PTPRJ;CIB1;YBX3;CX3CL1;IKBKB;CRHBP;SYNCRIP;RO60;KHSRP;LONP1;AKT1;CTSG;LGALS9;JAK2;LDLRAP1;JAK3;HLA-DPA1;JAK1;UPF1;CHUK;IFNGR1;IL18;PRKCA;IL16;IRAK3;TYK2;IRAK4;OXSR1;OSMR;NPNT;RHOA;HCK;PDE12;SHPK;TRAF6;KIT;HCLS1;ARHGEF2;CD47;GAS6;IL6ST;SOS1;GAPDH;IFNAR1;LILRA6;CSF1R;ASAH1;SELPLG;ATL1;CAMK2A;STK39;CXCR4;PIK3R1;CBL;TANK;LRP8;RELA;CCL5;TPR;RPS3;ST3GAL6;STAT6;RIPK1;CD58;STAT5A;SLC12A2;STAT5B;PNPT1;STAT1;PDE2A;STAT3;ERBIN;PTPN11;LILRB5;NFKB1;FER;LRCH1;EPRS1;WNK1;AXL;PTPN6;PLP2;IL7R;UBE2K;RBMX;PF4,Cellular Response to Cytokine Stimulus (GO:0071345)
GO:0120036,0.1654528,2.010376,11.31691,APP;CYFIP1;GSK3B;DOCK7;PLEK;PTPRK;FRY;PPP1R9B;PTPRG;SAMD14;ZFYVE27;OPHN1;STMN1;PRMT1;TPM1;CTTN;MAP1B;RAB35;TBC1D24;RAPGEF2;PRKD2;TBC1D23;CSF1R;NLGN1;TNXB;ROCK1;NRXN1;CORO1B;BLOC1S4;BLOC1S5;LIMA1;PTPRZ1;BLOC1S1;BLOC1S2;BLOC1S3;MICALL1;CDH23;MICALL2;APOE;MAP4;RAB6A;RAB6B;LYN;CARMIL1;SNAPIN;TOR1A;DTNBP1;LAMB1;L1CAM;RAB11A;MANF;EHD1;CDK5;VAPA;NEDD4;RAB13;ATXN10;FRYL;METAP2,Plasma Membrane Bounded Cell Projection Organization (GO:0120036)
GO:0033365,0.1654528,1.952049,10.97256,YWHAE;MTCH2;TRAM1;DDX3X;CCDC47;GCC2;AUP1;YBX1;IPO4;BICD2;SEC61A1;LAMP1;CRTAC1;VPS35;DNM1L;GET3;RAB8A;GET4;GABARAPL2;CAMLG;COG3;RAB33B;GAK;RAB35;FKBP8;SCG3;OPTN;ARF6;PRKAA1;DHX9;ARL3;DDX1;RAP1GDS1;RPL11;ASAP1;TOR1AIP1;DDRGK1;LMNA;MICALL1;PACSIN2;RAB6A;MAP4K5;ATP6V1D;RAB11FIP3;TOR1A;SSB;TMEM30A;PTGES2;RAB3IP;TOR1B;SORL1;RAB11A;COL1A1;EHD1;DNAJA1;MAVS;STING1;VAPA;TOLLIP;CALR;PKN1;DCP1A;CD68,Protein Localization to Organelle (GO:0033365)
GO:0043066,0.1716416,1.459561,8.13721,CNTFR;ANKLE2;FCMR;MRE11;TFRC;ARL6IP1;SERPINE1;ARAF;CIB1;PARK7;UBE2Z;PHB2;CLU;MPO;IL27RA;IGF1R;COMP;CDH5;RPS6KA3;ARHGDIA;RPS6KA1;LONP1;AKT1;CSNK2A2;PRKCD;F2R;PRKCA;HSPG2;PRAP1;ATAD3A;TYRO3;FKBP8;PPIF;VDAC1;IL6ST;S100A9;SCG2;NOTCH2;PSMD10;NOTCH1;PRKDC;SHC1;GLO1;HPN;AGAP2;ALOX12;PIK3R1;MTDH;HSP90B1;PRDX3;PRDX2;PRDX5;GRK5;BAG3;DDRGK1;PDCD10;NCKAP1L;RIPK1;TXNDC5;SNX6;HSPA9;HSPA5;API5;AZU1;PA2G4;IGF1;NFKB1;PTK2;DAB2;GCLC;HNRNPK;COPS5;PROC;ARMC10;FASN;ANP32B;LGMN;BCL2L1;ITGB1;ARF4;GSK3B;DDX3X;FLT4;FHL2;HSPB1;CX3CL1;PTMS;BABAM2;MYDGF;QARS1;MLST8;MYO18A;CTSH;HTATIP2;FGB;FGA;ANXA1;TSC22D1;ANXA4;SPHK1;ANXA5;FGG;SERPINB9;RPS3A;MMP9;YWHAZ;DNAJC3;HCK;ARHGAP10;DDAH2;TMBIM1;HCLS1;BIRC6;DSG2;ITGA5;GAS6;SOS1;FXN;PTMA;CD44;PRKAA1;SRC;NDNF;NOL3;CBL;FSTL1;THBS1;RELA;HSPD1;MIEN1;PTPRZ1;BNIP1;FLNA;BNIP2;PTK2B;RICTOR;RPL15;MAP4K4;PAK4;SNCA;NTRK2;CD74;NPM1;ANGPT1;SEMA4D;GCG;SOD2;MTOR;HYPK;SOD1;DNAJA1;TJP1;ITCH;UFM1;CD40LG;KRT18;AXL;DNAJA3;CTNNB1;PKN2;GHRL;CIAPIN1;NAA15;LAMTOR5,Negative Regulation of Apoptotic Process (GO:0043066)
GO:0010811,0.1791597,2.303799,12.72413,DOCK5;GSK3B;NRP1;ECM2;CSF1;ILK;ARL2;CIB1;FBLN1;NDNF;FBLN2;FUT1;CX3CL1;TRIOBP;PPM1F;CRKL;CDC42;C1QBP;AGR2;FLNA;PTK2B;CD36;RSU1;JAK2;FGB;FGA;CARMIL1;JUP;PLEKHA2;FGG;FN1;NPNT;CCDC80;MYADM;CASS4;CDH13;CALR;P4HB;ARHGEF7;UTRN;CRK;DOCK1;FERMT2;LIMS1,Positive Regulation of Cell-Substrate Adhesion (GO:0010811)
GO:0043648,0.1806923,3.906179,21.47058,ACOT8;FAHD1;MDH1;MDH2;SHMT1;IDH1;GOT2;IDH2;DLST;SDHA;FAHD2A;ASS1;ACLY;GCLC;ALDH5A1;DGLUCY;OGDH;L2HGDH;ALDH18A1;GCLM;LDLR;NIT2;PCK2,Dicarboxylic Acid Metabolic Process (GO:0043648)
GO:0006090,0.1806923,3.906179,21.47058,MAP4K2;PDHX;PDHA1;TPI1;ENO1;PDHB;HOOK3;ENO2;ENO3;LDHB;LDHA;PFKL;PKM;PROC;PGK1;SBDS;VDAC1;DLAT;GAPDH;PFKM;PGM1;PCK2;LDHAL6B,Pyruvate Metabolic Process (GO:0006090)
GO:0030199,0.1813774,3.171875,17.39423,COL14A1;COL11A1;COL11A2;COL12A1;LOXL3;DPT;PLOD3;PLOD2;PLOD1;ADAMTS2;SERPINH1;ATP7A;COLGALT1;CRTAP;TGFB2;LUM;COL1A1;COL3A1;BMP1;COL2A1;COL5A1;LOX;P4HA1;COL5A3;COL5A2;TLL2;TLL1;DDR2,Collagen Fibril Organization (GO:0030199)
GO:1901699,0.191797,2.043379,11.038,APP;GSK3B;CRTC2;IGF1R;RPTOR;CRHBP;DDI2;AKT1;CD36;ABCC1;IGFBP5;ITGA4;SYK;PRMT1;RIPK2;RPL23;PDE12;LARS1;RAPGEF2;PRKD2;ARHGEF2;EZR;CHMP5;ROCK2;SRC;SHMT1;PDXP;UBR1;RELA;HSP90B1;LARP1;RAP1A;MAT2A;P2RY1;CTNNA1;FYN;SNX6;P2RY12;PRNP;VCAM1;DMTN;JUP;PDE2A;ATP2B4;IGF1;MTOR;SSH1;PM20D1;DIAPH1;CDK5;PDE3A;CTNNB1;VIM;LGMN,Cellular Response to Nitrogen Compound (GO:1901699)
GO:0007229,0.191797,2.043379,11.038,ITGB1;NRP1;ITGAM;ITGB5;ITGB3;ITGA2B;ITGB2;PLEK;ILK;ITGAE;ITGAL;PPP3CA;ADAMTS1;ITGAX;ITGAV;MADCAM1;ITGA4;SYK;ITGA2;ADAM10;FGR;HCK;ADAM15;ANGPTL3;ITGA7;MYH9;ITGA6;CD47;ITGA5;CDH17;DOCK1;ITGA9;LAMA5;SRC;CUL3;FBLN1;CDC42;VTN;ADAMTS13;PTK2B;FYB1;MPIG6B;ERBIN;FN1;PTK2;COL3A1;DAB2;CD40LG;TEC;PTPRA;ZYX;CCM2;FERMT2;FERMT3,Integrin-Mediated Signaling Pathway (GO:0007229)
GO:0042147,0.191797,2.043379,11.038,VPS29;CLTC;SNX12;GCC2;ANKFY1;VPS35;ERC1;TBC1D10B;TMED9;BET1L;RUFY1;HEATR5A;HEATR5B;TBC1D5;TBC1D23;ARL8B;RAB7A;VAMP3;TMEM87A;TMEM87B;DCTN1;STX16;GOSR1;VPS26A;VPS26B;CLN5;SNX3;GGA1;LMAN1;SNX1;SNX2;VPS51;VPS50;VPS53;VPS52;STX6;STX5;RAB6A;TBC1D17;RAB6B;SNX8;YKT6;SNX5;SNX6;VTI1B;SPAG9;RAB4B;PTGES2;TRAPPC10;SURF4;SORL1;EHD3;RAB14;UBE2O,"Retrograde Transport, Endosome to Golgi (GO:0042147)"
GO:0015980,0.1958314,4.527163,24.32189,UQCRB;NDUFA4;COX4I1;GFPT1;COX7A2;UQCR11;UQCR10;COX5B;COX6A1;COX6C;COX5A;COX6B1;UQCRQ;LEP;ADGRF5;UQCRC1;CYCS;NDUFS1;UQCRC2;SLC25A13,Energy Derivation by Oxidation of Organic Compounds (GO:0015980)
GO:0007259,0.204125,5.769917,30.6,STAT5A;STAT5B;STAT1;STAT2;STAT3;NMI;TYK2;PKD1;FER;STAT6;PRKD2;STAMBP;JAK2;JAK3;FGFR3;JAK1;IFNAR1,Cell Surface Receptor Signaling Pathway via JAK-STAT (GO:0007259)
GO:0051452,0.204125,5.769917,30.6,ATP6V1A;ATP6AP2;CLCN3;RAB20;DMXL1;ATP6V0A2;ATP6V1B2;ATP6V1H;RAB38;TMEM9;ATP6V0D1;ATP6V1D;ATP6V0C;ATP6V0D2;ATP6V0A1;ATP6V1F;RAB7A,Intracellular pH Reduction (GO:0051452)
GO:0090277,0.204125,5.769917,30.6,FGB;FGA;MAP4K2;PDHX;NLGN2;FGG;IRS2;ACSL4;PRKCA;AIMP1;PSMD9;RBP4;TFR2;LRRC8A;GHRL;SELENOT;MCU,Positive Regulation of Peptide Hormone Secretion (GO:0090277)
GO:0045921,0.204125,3.397129,17.99575,TSG101;SDC4;VPS4B;VPS4A;SDCBP;STXBP5;CLASP1;CLASP2;SNCA;FGB;FGA;RAB2B;PDCD6IP;FGG;RAB27A;RAB27B;SNF8;STAM;SYTL4;UNC13D;HGS;CHMP2A;SDC1;RAB5A;RAB7A,Positive Regulation of Exocytosis (GO:0045921)
GO:0010498,0.2114559,1.529019,8.0332,UBE3A;AUP1;PSMD8;PSMD6;PSMD7;PSMD4;TRIM28;PSMD2;PSMD3;PSMD1;TRIM25;FBXO7;TRIM21;SKP1;KCMF1;NHLRC3;UBE4A;YOD1;UBE4B;ARMC8;KCTD10;TBL1XR1;PSME4;PLAA;RBCK1;PSMD12;VCP;PSMD11;CUL5;PSMD14;PSMD13;CUL3;SEL1L;UBR4;UBR1;UBE2J1;HSP90B1;BAG6;ATXN3;SHARPIN;PCBP2;TOR1A;HSPA5;UBE2C;ERLIN1;ERLIN2;NSFL1C;NPLOC4;PROC;DNAJC10;CALR;STT3B;GSK3B;GSK3A;UBXN1;FAF1;CCDC47;FAF2;ARRB1;ARRB2;DDI2;ARIH2;UFD1;SEC61B;UBXN4;UBXN6;GET4;RAD23A;RAD23B;SIRT2;DDB1;PSMA5;RCN3;PSMA6;PSMA3;PSMA4;PSMA1;GAN;PSMA2;CANX;MAN1B1;WDR26;PSMA7;PSMB10;ECPAS;PCNP;PSMB6;DNAJB2;PSMB7;ERLEC1;PSMB4;SH3BGRL;ZNRF2;PSMB5;RMND5A;OS9;PSMB2;PSMB3;HECTD3;PSMB1;ZSWIM8;MAN1C1;UBQLN1;DCAF11;UBQLN2;ATE1;CRBN;SGTA;HUWE1;TMUB1;PSMB8;PSMB9;CUL4A;ITCH;PSMC5;PSMC6;PSMC3;PSMC4;PSMC1;GID8;PSMC2;CTNNB1;STUB1,Proteasomal Protein Catabolic Process (GO:0010498)
GO:0065003,0.2147128,1.506923,7.881774,SRP19;WIPF1;PDCD6;CLU;CHCHD4;PPP2R1A;LONP1;TRAPPC12;TRAPPC11;KPNA3;AP2M1;TRAPPC2L;CD2AP;BIN2;PARD3;ZW10;CSNK2B;CHMP4B;GEMIN5;PREB;PPID;PSMD11;TMED10;SAR1A;DHX9;SAR1B;PEF1;TUBGCP2;STXBP1;CUL3;SLC9A1;TSPAN4;NCKAP1L;SNX9;RIPK1;GSDMD;TRAPPC3;TRAPPC1;HSPA4;TRAPPC4;TRAPPC5;FN1;TBCD;TRAPPC8;TBCA;VIL1;PROC;FASN;TBCE;CHMP2A;SRPRA;SRPRB;FERMT2;MCU;FERMT3;PICALM;HSP90AB1;CLTC;SLC2A1;CLTA;LAMC1;CX3CL1;JCHAIN;PPP6C;AIFM1;OTUD6B;SH3PXD2B;NCK2;TMED2;ELOB;IKBKG;DNM1L;NCK1;FGB;CCT2;FGA;HSP90AA1;DBNL;GPX4;VBP1;FGG;ANO6;DARS1;DNM2;TAPBP;GAK;VAMP8;NEMF;TCP1;VAMP4;PFDN5;PFDN6;VAMP3;APCS;BECN1;STOML2;SRC;NRXN1;WAS;NOL3;TANK;TSPAN33;NAPG;ADD2;HSPD1;PSMB5;SAMM50;CAND1;AP2S1;EIF4H;REPS2;PTK2B;WASF1;EPS15;EIF4B;WASF3;SNCA;CD74;DMTN;ANGPT1;PTGES3;ADRM1;RANBP9;PEX14;STING1;CAPZA1;CAPZA2;CD247;SUGT1;FMOD,Protein-Containing Complex Assembly (GO:0065003)
GO:0045727,0.2155685,2.187602,11.41557,RPL5;KHDRBS1;DDX3X;DHX9;PRKDC;PRKCSH;FMR1;EIF4A3;STK39;HNRNPU;NAT10;YBX1;ELAVL1;YBX3;THBS1;FXR1;RPS4X;SYNCRIP;FXR2;LARP1;C1QBP;OTUD6B;CCL5;PAIP1;EIF2B5;NIBAN1;COA3;NPM1;SSB;PRMT1;CIRBP;PYM1;EEF2;MTOR;PKM;EIF6;CSDE1;AGO2;HNRNPD;PLXNB2;EIF3E;PABPC1;EIF4G3;OGT;EIF3D,Positive Regulation of Translation (GO:0045727)
GO:0007212,0.2159175,inf,inf,GSK3B;GNA14;GSK3A;GNG2;GNA11;GNB1;GNAS;FLNA;ARRB2;GNB5,G Protein-Coupled Dopamine Receptor Signaling Pathway (GO:0007212)
GO:0060397,0.2159175,inf,inf,LYN;STAT5A;PTPN1;STAT5B;STAT3;STAT6;TYK2;JAK2;JAK3;JAK1,Growth Hormone Receptor Signaling Pathway via JAK-STAT (GO:0060397)
GO:0061384,0.2159175,inf,inf,FKBP1A;TGFBR3;BMP10;TGFB2;RBP4;NOTCH1;NACA;BMP7;BMP5;ENG,Heart Trabecula Morphogenesis (GO:0061384)
GO:0046641,0.2159175,inf,inf,CD81;EBI3;IL18;HLA-A;TYK2;LGALS9;RASAL3;JAK2;CD55;HLA-E,Positive Regulation of Alpha-Beta T Cell Proliferation (GO:0046641)
GO:0010572,0.2159175,inf,inf,GP9;GP1BB;PLEK;SELENOP;PLA2G4A;GP1BA;SVEP1;JAK2;PEAR1;GP5,Positive Regulation of Platelet Activation (GO:0010572)
GO:0007009,0.2159175,2.568736,13.27595,VPS4B;VPS4A;CXCR4;FNBP1L;CHMP1B;CHMP1A;EPB41L3;MICALL1;FLOT1;PACSIN2;SNX9;STX4;ABCD1;SPTBN1;NSF;CAVIN2;OSBPL2;ANO6;SYTL4;EHD2;PLSCR1;SNX18;BIN2;COL5A1;BIN1;PLSCR4;CHMP2B;CHMP2A;CHMP4B;MYH9;CHMP6;SERINC3;ARL8B;CHMP5,Plasma Membrane Organization (GO:0007009)
GO:0051056,0.2159175,1.91393,9.861858,DOCK8;ITSN1;DOCK7;ARHGAP1;ARHGAP6;ARHGAP35;ARHGAP4;DOCK10;DOCK11;AKAP13;OPHN1;ARHGDIA;ARHGDIB;ITGAV;GIT1;TGM2;VAV3;ARHGEF12;ARAP1;RHOF;GMIP;ARFGAP1;VAV1;ARHGAP45;CD2AP;BCR;ARHGAP10;MADD;RABL3;ARHGEF1;ARHGEF2;DOCK2;SQSTM1;ARF6;KANK2;SRC;ARHGAP18;ARHGAP17;DENND3;KALRN;FGD3;GNA13;ARHGAP21;FGD4;RELN;PDCD10;SRGAP2;REPS1;GIT2;DENND4A;DENND4C;RDX;MYO9B;CYRIB;ARHGAP25;DEF6;DNMBP;WNK1;OGT,Regulation of Small GTPase Mediated Signal Transduction (GO:0051056)
GO:0016482,0.2159175,1.971447,10.15609,VPS29;CLTC;GCC2;AP2A1;AP4M1;CCDC91;LAMP1;AP1G1;ANKFY1;VPS35;ERC1;TBC1D10B;VPS13C;VPS13A;BET1L;GAK;HEATR5A;HEATR5B;TBC1D5;TBC1D23;RAB7A;VAMP3;TMEM87A;TMEM87B;DCTN1;STX16;GOSR1;VPS26A;VPS26B;CLN5;GGA1;SNX1;SNX2;VPS51;VPS50;VPS53;VPS52;STX6;STX5;RAB6A;TBC1D17;RAB6B;EPS15;YKT6;SNX5;SNX6;VTI1B;SPAG9;MON2;PTGES2;SORT1;SORL1;EHD3;RAB14;UBE2O,Cytosolic Transport (GO:0016482)
GO:0032535,0.2159175,3.057823,15.73745,MTPN;PEX11B;ARHGAP35;RAB22A;RPTOR;BLOC1S1;BLOC1S2;BORCS8;BORCS7;BORCS6;BORCS5;RAP1GAP2;VAV3;SNAPIN;RDX;MSN;DNAJC16;DNM1;MTOR;VAV1;LARS1;KXD1;RIN3;EZR;LAMTOR4;LAMTOR5;PICALM,Regulation of Cellular Component Size (GO:0032535)
GO:1990266,0.2185673,3.735405,19.15116,TGFB2;FCER1G;SYK;PTGES2;CLSTN1;ITGB2;UMOD;IRAK4;PPBP;PIK3CG;LGALS3;PECAM1;S100A12;SAA2;PRTN3;PIP5K1C;PPIB;PPIA;S100A9;PF4V1;S100A8;PF4,Neutrophil Migration (GO:1990266)
GO:0061640,0.220507,2.448182,12.49375,LUZP1;ROCK1;ROCK2;ARL3;DCTN3;VPS4A;SEPTIN11;SPAST;STMN1;MYH14;SNX9;MYH10;SPTBN1;USP8;PDCD6IP;EXOC8;EXOC7;IST1;SEPTIN2;EXOC6B;SEPTIN5;SEPTIN6;SEPTIN9;RHOA;SEPTIN7;SNX18;PROC;RAB35;EXOC4;CHMP4B;EXOC3;EXOC6;EXOC5;STAMBP;EXOC2;EXOC1,Cytoskeleton-Dependent Cytokinesis (GO:0061640)
GO:0032984,0.220507,2.448182,12.49375,BECN1;VCP;TSG101;STX17;VPS4B;VPS4A;PIK3R4;APEH;GSPT2;TANK;GSPT1;MAP1LC3A;CHMP1B;CHMP1A;UBQLN1;SNAP29;VPS16;VTI1B;GABARAPL2;HSPA8;RPL23;VPS33A;VPS33B;PYM1;WIPI2;PEX14;VAMP8;VAMP7;CHMP2B;CHMP2A;CHMP4B;ETF1;PIK3C3;VIPAS39;CHMP6;CHMP5,Protein-Containing Complex Disassembly (GO:0032984)
GO:0030334,0.2321358,1.411502,7.120405,SERPINE2;CSF1;SERPINE1;CLSTN1;CIB1;MYLK;IGF1R;DOCK10;CDH5;SLK;TNN;AKT2;DAG1;AKT1;TNR;CPNE3;ACVR1;PDGFRB;PDGFRA;IGFBP5;SEMA6D;F2R;TPM1;ADAM10;PRKCA;ACTN4;CLDN5;ADAM17;CLDN3;ADAM15;MYADM;S100A9;VCL;CSF1R;IGSF8;MACF1;CEMIP;CD151;NOTCH1;CUL5;CHRD;PDGFA;STC1;RTN4;CORO1C;SDCBP;DDRGK1;PDCD10;PODXL;PDGFD;PDGFC;SRGAP2;PLXNA4;CARMIL1;HSPA8;JAG1;TGFB1;HSPA5;RDX;IGF1;CYRIB;PTK2;COL1A1;BST2;VIL1;DAB2;FER;PROC;STK24;STK26;PLXNB3;CASS4;PLXNB2;PLXNB1;OGT;FERMT2;FERMT3;ITGB1;GSK3B;BMP10;CLIC4;MCTP1;FLT4;TRADD;MIA3;PTPRJ;PTPRK;VSIR;CX3CL1;ARHGAP4;PPP3CA;FYCO1;CASP8;TMSB4X;RACK1;ITGAX;EMILIN2;CTSH;EMILIN1;APPL2;APPL1;SERPINB1;ANXA1;DUSP3;MMP7;SPHK1;MINK1;ADRA2A;RHOA;DUSP22;PTP4A1;FGR;TGFBR3;F7;MMP14;RAP2A;RAP2B;KIF2A;KIT;CDH11;MMRN2;ANGPTL3;NUMB;PECAM1;CDH13;ITGA6;SOS1;ENG;CAMK2B;LRRC15;TNXB;ROCK1;ROCK2;SRC;SEMA3B;CAMK2A;CXCR4;NEXN;SEMA3F;THBS1;PPM1F;CDC42;MIEN1;RELN;GPNMB;CCL5;MGAT5;LMNA;FLNA;PTK2B;RICTOR;STX4;RBBP7;MAP4K4;SPAG9;CHGA;CD74;SEMA4D;EGF;STAT3;MEAK7;LAMB1;PODN;SOD2;SORL1;TJP1;MYO1E;EPPK1;PKN1,Regulation of Cell Migration (GO:0030334)
GO:1902745,0.2433004,4.299723,21.42592,ACTR3;CYFIP1;NCKAP1;ACTR2;CARMIL1;MSTN;SRC;TWF2;BRK1;PIK3R1;CORO1B;CORO1C;CDC42;VIL1;ARPC2;RAC2;FSCN1;ARHGEF7;WASF2,Positive Regulation of Lamellipodium Organization (GO:1902745)
GO:0051209,0.2433004,4.299723,21.42592,ERO1A;GP1BB;F2R;ITPR1;ITPR2;GP1BA;GHITM;GP5;LETM1;GP9;PLCB3;PLCB4;PTPRC;LCK;PLCG2;FLNA;PRKD2;PLCB1;PLCB2,Release of Sequestered Calcium Ion Into Cytosol (GO:0051209)
GO:0007160,0.2465156,1.857677,9.160578,ITGB1;ECM2;ITGAM;ITGB5;ITGB3;ITGA2B;ITGB2;ILK;ITGAE;PTPRK;ITGAL;ARHGAP6;PKD1;TNN;PPFIA1;ITGAX;EMILIN1;ITGAV;MADCAM1;CD34;FGB;CD96;FGA;ITGA4;ACTN2;ITGA2;FGG;TSC1;NPNT;BCR;BCAM;ADAM15;CTTN;CDH11;ANGPTL3;ITGA7;ITGA6;ITGA5;ARHGEF7;VCL;CD44;ITGA9;CD63;SRC;NID2;THSD1;FBLN5;THBS3;VTN;ADAMTS13;VCAM1;FN1;L1CAM;LYVE1;COL3A1;PARVG;ZYX;HPSE;FERMT2;FERMT3,Cell-Matrix Adhesion (GO:0007160)
GO:0010975,0.2465156,1.881013,9.260234,SCARB2;GSK3B;GSK3A;RETREG3;PTPRS;CIB1;ARHGAP35;TSKU;CX3CL1;FYCO1;TNN;KIF13B;AKT1;TNR;FBXO7;SCARF1;P3H1;RTN4RL2;GAK;LRRC7;RAPGEF2;ITGA6;FKBP4;ARHGEF7;S100A9;SHANK3;DBN1;ARF6;DDR2;CAMK2B;MYCBP2;TWF2;SEZ6;TWF1;NDNF;ADCY6;SNX3;BAG5;RAP1A;RELN;PTK2B;APOE;PDLIM5;CAMK2G;MARK2;LYN;NTRK2;KIDINS220;CCDC88A;CDK5;FES;PTK7;PLXNB3;PLXNB2;PKN2;SERPINI1;CAMK1;PKN1,Regulation of Neuron Projection Development (GO:0010975)
GO:0051091,0.2465156,1.935112,9.509471,CRTC2;CIB1;CLU;PHB2;IKBKB;TRIM5;TRIM25;LGALS9;ERC1;IKBKG;TRIM21;CHUK;ANXA3;SPHK1;IL18;PSMA6;TRAF6;KIT;BTK;TERF2IP;PRKCQ;PRKD2;RBCK1;UBE2V1;ARHGEF2;PPIA;S100A9;S100A8;DDR2;RNF31;HDAC5;MTPN;DHX9;CAMK2A;TANK;RELA;MTDH;LRP6;PRDX3;DDRGK1;PLCG2;RPS3;S100A12;RIPK1;NPM1;JUP;CARD9;EIF2AK2;FER;MAVS;COPS5;RGCC;CD40LG;STING1,Positive Regulation of DNA-binding Transcription Factor Activity (GO:0051091)
GO:0034394,0.2465156,8.818981,43.13417,FCN1;USP4;PTPRK;MESD;FBLN5;GGA1;GGA3;CTNNB1;FLNA;STX4;VCL;ARF6;JAM3,Protein Localization to Cell Surface (GO:0034394)
GO:0090109,0.2465156,8.818981,43.13417,MACF1;DUSP3;ROCK1;ROCK2;PTK2;RHOA;CORO1C;SLC9A1;SLK;PTPRA;TLN1;CLASP1;VCL,Regulation of Cell-Substrate Junction Assembly (GO:0090109)
GO:0032660,0.2465156,8.818981,43.13417,PRNP;TGFB1;SPHK1;RFTN1;IL18;TYK2;VSIR;SLC7A5;NCKAP1L;SLAMF6;CCM2;PRKCQ;JAK2,Regulation of Interleukin-17 Production (GO:0032660)
GO:0070830,0.2465156,5.429146,26.53309,PDCD6IP;TBCD;ARL2;MPP7;CDH5;CLDN5;DLG1;CLDN3;PROC;PARD3;RAB13;MICALL2;PECAM1;ESAM;PKN2;STRN,Bicellular Tight Junction Assembly (GO:0070830)
GO:0001706,0.2465156,5.429146,26.53309,ITGB5;ITGA4;COL11A1;LAMA4;COL12A1;ITGB2;FN1;LAMB1;INHBA;MMP9;VTN;MMP14;COL6A1;ITGA7;ITGAV;ITGA5,Endoderm Formation (GO:0001706)
GO:0035633,0.2465156,5.429146,26.53309,ITGB1;SLC12A2;LAMA2;PRG2;LSR;LAMC1;F11R;TJP1;CDH5;CLDN5;CLDN3;PECAM1;ESAM;VCL;JAM3;TJP2,Maintenance of Blood-Brain Barrier (GO:0035633)
GO:0031111,0.2465156,5.429146,26.53309,TBCD;KATNB1;CIB1;TUBB4A;EML2;CDH5;PROC;TAOK1;STMN1;GAS2L1;FKBP4;MAPRE1;CLASP1;CLASP2;SNCA;METAP2,Negative Regulation of Microtubule Polymerization or Depolymerization (GO:0031111)
GO:0072522,0.2465156,5.429146,26.53309,PANK4;PRPS2;ADSL;DCAKD;SHMT1;GMPS;PAICS;PFAS;COASY;PPCDC;PRPSAP1;PRPSAP2;MTHFD1;PPCS;HPRT1;GART,Purine-Containing Compound Biosynthetic Process (GO:0072522)
GO:0090169,0.2465156,5.429146,26.53309,RIPOR2;DYNC1H1;PDCD6IP;NUMA1;VPS4B;VTA1;HNRNPU;EML3;CHMP1B;CHMP1A;TPR;CHMP2B;CHMP2A;CHMP4B;CHMP6;CHMP5,Regulation of Spindle Assembly (GO:0090169)
GO:0030833,0.2491813,2.492556,12.13825,NCKAP1;MTPN;CRACD;TWF2;ARHGAP18;TWF1;GBA2;TMSB4X;COTL1;NCK2;PTK2B;NCKAP1L;SNX9;NCK1;ARFGEF1;VASP;CARMIL1;PRKCD;BAIAP2;CYRIB;SSH3;SSH1;HCK;FER;CTTN;BIN1;MYADM;HCLS1;EVL;ESAM;ARHGEF7;PFN1;ARF6,Regulation of Actin Filament Polymerization (GO:0030833)
GO:0033363,0.2754511,3.564717,16.9788,SRGN;SLC35D3;F2R;HPS1;VPS33B;AP1B1;AP3D1;DTNBP1;HPS4;AP3B1;LYST;AP3M1;AP1G1;BLOC1S1;BLOC1S2;BLOC1S3;AP1S2;AP1S1;AP3S1;AP1M1;F2RL3,Secretory Granule Organization (GO:0033363)
GO:0007030,0.280683,1.788043,8.471186,GCC2;GOLGA2;TRAPPC12;MYO18A;TMED3;TRAPPC11;TMED2;TMED1;TMED7;RAB8A;TMED5;TMED4;RAB2A;RAB2B;PRMT5;COG8;TMED9;COG6;COG5;COG4;TANGO2;COG3;COG2;COG1;YWHAZ;GAK;RAB30;TBC1D20;GORASP2;ZW10;ARHGEF7;OPTN;PI4K2A;RAB1A;TMED10;ATL3;STX17;RAB1B;CDC42;ARHGAP21;VCPIP1;LMAN1;BAG5;VPS51;PDCD10;STX5;RAB6B;CLASP1;VTI1B;CLASP2;ARFGEF1;PTGES2;SEC16A;SURF4;YIPF5;HUWE1;TRAPPC8;TJAP1;NSFL1C;SEC23IP;NPLOC4;GOLGB1;TRIP11,Golgi Organization (GO:0007030)
GO:0006486,0.2819817,1.848112,8.681149,ST6GALNAC1;POGLUT1;B4GALT1;GALNT15;PLOD3;PLOD2;PLOD1;MAGT1;GALNT10;GOLGA2;GMPPB;KRTCAP2;POFUT1;ALG8;ENTPD5;ALG5;COG3;ALG2;ALG3;MOGS;ALG1;ALG11;POMGNT1;DDOST;DPM1;DPM3;B3GNT8;B3GNT7;DAD1;RFT1;B3GNT2;RPN2;RPN1;FUT1;TMEM165;FUT8;MGAT5;ST8SIA4;MAN1C1;ST8SIA5;ST3GAL6;GCNT4;ST3GAL1;ARFGEF1;B3GALNT1;GALNT2;GALNT1;GFPT1;PMM2;ST8SIA3;OGA;TMEM59;DOLPP1;MGAT4B;STT3A;STT3B;OGT,Protein Glycosylation (GO:0006486)
GO:0045785,0.2819817,2.089317,9.813708,ECM2;LAMA2;LAMA1;CHRD;ARL2;CIB1;PTPRJ;NDNF;LAMC1;NID1;FBLN2;LMNB2;PPM1F;FSTL3;PPP3CA;ADGRG1;C1QBP;CCL5;AGR2;ITGAV;NCKAP1L;STX4;RSU1;JAK2;PRSS2;YWHAG;TGM2;P2RY12;TGFB2;SYK;TPM1;PRKCA;LAMB1;AZU1;NPNT;REXO2;CCDC80;SAA2;DSG2;PRKD2;CD47;P4HB;LIMS1,Positive Regulation of Cell Adhesion (GO:0045785)
GO:0019934,0.2819817,inf,inf,GUCY1A1;GUCY1B1;PDE2A;ATP2B4;IRAG1;PDE3A;APOE;CD36;THBS1,cGMP-mediated Signaling (GO:0019934)
GO:0045217,0.2819817,inf,inf,TJP1;CSF1R;NLGN2;CLDN3;F2R;MYADM;PRTN3;MTSS1;FERMT2,Cell-Cell Junction Maintenance (GO:0045217)
GO:0048388,0.2819817,inf,inf,ATP6V1A;ATP6AP2;ATP6V1H;TMEM9;CLCN3;ATP6V0C;ATP6V1D;ATP6V0A1;ATP6V1F,Endosomal Lumen Acidification (GO:0048388)
GO:1902004,0.2819817,inf,inf,GSK3A;IFNGR1;ROCK2;CASP3;GSAP;APOE;CLU;RELA;PICALM,Positive Regulation of Amyloid-Beta Formation (GO:1902004)
GO:2001046,0.2819817,inf,inf,LAMA2;LAMA1;LOXL3;FLNA;LAMB1;LAMC1;NID1;LMNB2;LIMS1,Positive Regulation of Integrin-Mediated Signaling Pathway (GO:2001046)
GO:0000338,0.2819817,inf,inf,COPS4;COPS3;COPS6;COPS5;TOR1A;GPS1;COPS7B;COPS7A;COPS8,Protein Deneddylation (GO:0000338)
GO:0009167,0.2819817,inf,inf,GMPR2;GMPS;AK3;AMPD2;ADSS2;HPRT1;NT5C2;GART;PFAS,Purine Ribonucleoside Monophosphate Metabolic Process (GO:0009167)
GO:1903897,0.2819817,inf,inf,PTPN1;HSPA5;DDRGK1;TMEM33;AGR2;NCK2;AKT1;ATAD3A;NCK1,Regulation of PERK-mediated Unfolded Protein Response (GO:1903897)
GO:0051036,0.2819817,inf,inf,SNAPIN;BLOC1S1;BLOC1S2;KXD1;BORCS8;BORCS7;RAB5A;BORCS6;BORCS5,Regulation of Endosome Size (GO:0051036)
GO:0032673,0.2819817,inf,inf,SLC7A5;FCER1G;CD40LG;SYK;PRKCQ;LGALS9;ZFPM1;HLA-DRB1;HLA-E,Regulation of Interleukin-4 Production (GO:0032673)
GO:0006487,0.2819817,2.548222,11.814,B4GALT1;RPN2;RPN1;MAGT1;TMEM165;UBE2J1;KRTCAP2;FUT8;MGAT5;MAN1C1;ST3GAL1;UGGT1;ALG8;ST6GAL1;ENTPD5;ALG5;GFPT1;PMM2;ALG2;ALG3;MOGS;ALG11;DDOST;DPM1;DAD1;DOLPP1;RFT1;MGAT4B;STT3A;STT3B,Protein N-linked Glycosylation (GO:0006487)
GO:0031623,0.2819817,2.548222,11.814,ITGB1;RALA;RALB;RAMP3;TFRC;CD81;CLTC;ITGB2;ARRB1;ARRB2;SNX1;GRK2;CD36;LDLRAP1;AP2M1;SCYL2;SNCA;FCER1G;SYK;DNM1;DNM2;DNM3;ITCH;RAB31;HGS;NEDD4;CD9;GRB2;RAB5A;PICALM,Receptor Internalization (GO:0031623)
GO:0070588,0.2819817,3.123786,14.38574,TRPC6;ATP2A3;ATP2B4;TRPV2;ATP2A2;GHITM;ATP2B1;ATP2C1;PKD1;TMEM165;TMCO1;LETM1;ASPH;P2RX1;PMPCB;ORAI1;ITGAV;PRKD2;MICU2;GAS6;MICU1;MCU;TRPM4,Calcium Ion Transmembrane Transport (GO:0070588)
GO:0071621,0.2819817,3.123786,14.38574,TGFB2;ANXA1;FCER1G;SYK;PTGES2;CLSTN1;ITGB2;PPBP;CX3CL1;PIK3CG;LGALS3;CCL5;BSG;S100A12;SAA2;PIP5K1C;PPIB;PPIA;S100A9;SCG2;PF4V1;S100A8;PF4,Granulocyte Chemotaxis (GO:0071621)
GO:0080135,0.2819817,3.123786,14.38574,GSK3B;NPM1;SF3B3;ROCK2;ACTL6A;BRCC3;UCHL5;MTOR;MANF;BABAM1;CRHBP;COPS3;BABAM2;DNAJB1;MMP14;DNAJC7;RUVBL2;CHORDC1;RUVBL1;MAPKAPK2;UBE2V2;UBE2V1;EIF4G1,Regulation of Cellular Response to Stress (GO:0080135)
GO:0038093,0.2819817,4.072398,18.73115,LYN;VAV3;MAP2K4;FCER1G;SYK;VAV1;IKBKB;MAPK9;FER;FCGR3B;LCK;TRAF6;KIT;PLCG2;PRKCQ;CD247;SOS1;MAP3K7,Fc Receptor Signaling Pathway (GO:0038093)
GO:0030593,0.2819817,4.072398,18.73115,TGFB2;FCER1G;SYK;PTGES2;CLSTN1;ITGB2;PPBP;PIK3CG;LGALS3;S100A12;SAA2;PIP5K1C;PPIB;PPIA;S100A9;PF4V1;S100A8;PF4,Neutrophil Chemotaxis (GO:0030593)
GO:0051489,0.2819817,4.072398,18.73115,NRP1;RIPOR2;NLGN1;RALA;DMTN;FMR1;NRXN1;PRKCD;PIK3R1;ARAP1;FNBP1L;CDC42;DOCK11;MIEN1;FSCN1;AGRN;RAB5A;ARF6,Regulation of Filopodium Assembly (GO:0051489)
GO:0010591,0.2819817,4.072398,18.73115,ACTR3;CYFIP1;NCKAP1;ACTR2;DMTN;MSTN;TWF2;WAS;BRK1;TWF1;PIK3R1;CDC42;FER;ARPC2;RAC2;FSCN1;PLXNB3;WASF2,Regulation of Lamellipodium Assembly (GO:0010591)
GO:0021762,0.2819817,4.072398,18.73115,YWHAE;UBL4A;ATP5PF;MAOB;HSPA5;SEC16A;PRG2;DYNLL1;RHOA;SIRT2;COX6B1;CDC42;LDHA;YWHAQ;BASP1;GNB4;NDUFS3;YWHAH,Substantia Nigra Development (GO:0021762)
GO:1900182,0.2868492,2.416414,11.05934,TFRC;PARK7;PIK3R1;IPO7;IPO5;PPP3CB;TRIM28;BAG3;TPR;FLNA;CCT8;CCT7;CDK5RAP3;CCT5;JAK1;CCT4;CCT3;CCT2;TGFB1;DTX3L;JUP;PRKCD;TYK2;PARP9;CCT6A;MAVS;TCP1;HCLS1;FERMT2;RAN;LAMTOR5;ZPR1,Positive Regulation of Protein Localization to Nucleus (GO:1900182)
GO:0007188,0.3050497,2.224793,10.00577,APP;GNAZ;RAMP3;GNAI3;ADCY6;GNAI1;GNAI2;AKAP12;GNA13;GNA14;ADGRG1;ADGRG2;GRK5;ADGRE5;PRKAR2B;TBXA2R;PRKAR2A;GNA11;ADGRG6;PRKACB;WASF2;P2RY12;PDE2A;PRKCA;GCG;ADRA2A;MARCO;ADGRD1;PRKAR1B;PRKAR1A;GNAQ;ADGRF5;GNAS;RAPGEF2;ADGRL4;PF4,Adenylate Cyclase-Modulating G Protein-Coupled Receptor Signaling Pathway (GO:0007188)
GO:0051592,0.3050497,2.224793,10.00577,CLIC4;CAMK2D;NLGN1;PRKAA1;AHCYL1;PEF1;PDCD6;NRXN1;IQGAP1;RASGRP2;THBS1;ADD1;CRHBP;PPP3CA;TTR;CPNE1;PLCG2;CPNE3;CPNE2;SEC31A;SLC25A24;FGB;FGA;FGG;ANXA11;ITPKB;ASPH;STIM1;NEDD4;PPIF;PRKD2;MICU2;MICU1;SLC25A12;SLC25A13;LGMN,Response to Calcium Ion (GO:0051592)
GO:0043434,0.3050497,2.829892,12.70392,ROCK1;ROCK2;SRC;SLC2A1;GNAI1;AKT1;STAT6;EIF2B1;EIF2B5;STAT5A;EIF2B4;STAT5B;EIF2B3;EIF2B2;IGFBP5;SORT1;STAT1;STAT2;STAT3;MEAK7;TSC1;TGFBR3;EIF6;LEP;OGT,Response to Peptide Hormone (GO:0043434)
GO:0002478,0.3050497,5.088546,22.77863,FCER1G;HLA-A;IFI30;HLA-F;CTSS;DNM2;HLA-E;MFSD6;CTSL;CTSF;HLA-DRB3;CTSD;HLA-DRB1;HLA-DPA1;LGMN,Antigen Processing and Presentation of Exogenous Peptide Antigen (GO:0002478)
GO:0019752,0.3050497,5.088546,22.77863,FN3K;PON3;ST6GAL1;CLSTN3;GSTO1;PON1;SLC2A1;PLA2G4A;SLC2A3;GRHPR;PCCA;PCCB;TBXAS1;ST3GAL1;S100A9,Carboxylic Acid Metabolic Process (GO:0019752)
GO:0019319,0.3050497,5.088546,22.77863,CRTC2;TPI1;SORD;ENO1;ENO2;ENO3;SLC39A14;RBP4;PROC;CHST15;PGK1;SLC25A10;SLC37A4;PGM1;PCK2,Hexose Biosynthetic Process (GO:0019319)
GO:0070507,0.3050497,5.088546,22.77863,GSK3B;GSK3A;PRKAA1;ROCK1;BICD2;CYLD;TAOK1;STMN1;GAS2L1;MAPRE1;MAPRE2;CLASP1;MARK2;CLASP2;SNCA,Regulation of Microtubule Cytoskeleton Organization (GO:0070507)
GO:0051092,0.3053392,2.092245,9.320824,RNF31;MTPN;DHX9;CAMK2A;CIB1;CLU;TANK;RELA;MTDH;PRDX3;IKBKB;DDRGK1;TRIM5;RPS3;TRIM25;S100A12;RIPK1;LGALS9;ERC1;IKBKG;NPM1;CHUK;SPHK1;CARD9;IL18;EIF2AK2;PSMA6;FER;CD40LG;TRAF6;BTK;TERF2IP;PRKCQ;PRKD2;RBCK1;UBE2V1;ARHGEF2;PPIA;S100A9;S100A8,Positive Regulation of NF-kappaB Transcription Factor Activity (GO:0051092)
GO:0016241,0.3053392,1.862496,8.291679,GSK3A;TBK1;CAPNS1;CASP3;VPS35;QSOX1;CAPN1;IKBKG;ATP6V1E1;DNM1L;MAP3K7;SH3GLB1;ATP6V1G1;EXOC8;EXOC7;CSNK2A2;PRKCA;TSC1;DCN;FKBP8;ATP6V1B2;EXOC4;PIK3C3;ATP6V0D1;ATP6V0D2;ATP6V0C;GAPDH;PAFAH1B2;EXOC1;ATP6V1A;BECN1;PIK3R4;GNAI3;VPS26A;VPS26B;HDAC6;LARP1;ATP6V0A2;UBQLN1;ATP6V1H;ATP6V1D;ATP6V1C1;SNX5;ATG5;ATP6V0A1;SNX6;UBQLN2;MTOR;CDK5;STING1;RHEB;NEDD4,Regulation of Macroautophagy (GO:0016241)
GO:0034058,0.3053392,8.138554,36.1361,RUFY1;VPS18;RAB4B;SAMD9;RAB14;VPS33A;VPS4A;VPS41;VPS8;VPS11;VPS39;VPS16,Endosomal Vesicle Fusion (GO:0034058)
GO:0046457,0.3053392,8.138554,36.1361,CBR1;CD74;PNPLA8;PTGES2;PTGES3;PRXL2B;TBXAS1;PLA2G4A;DAGLB;PTGDS;S100A9;PTGS1,Prostanoid Biosynthetic Process (GO:0046457)
GO:1902991,0.3053392,8.138554,36.1361,LYN;FKBP1A;APP;PRNP;TMED10;ROCK1;ROCK2;RANBP9;FLOT2;APOE;SORL1;PICALM,Regulation of Amyloid Precursor Protein Catabolic Process (GO:1902991)
GO:2000434,0.3053392,8.138554,36.1361,COPS4;RPL5;COPS3;COPS6;COPS5;GPS1;COPS2;RPL11;DCUN1D1;COPS7B;COPS7A;COPS8,Regulation of Protein Neddylation (GO:2000434)
GO:0098662,0.3053392,1.920973,8.525596,ATP6V1A;HPN;KCNA3;ATP2A3;ATP2A2;ATP2C1;PKD1;TMEM165;SLC9A1;ATP5F1B;NNT;ATP6V0A2;ATP6V1H;ITGAV;SLC39A7;ATP6V1E1;ATP6V1D;ATP6V1C1;ATP5MF;ATP6V0A1;TRPM4;ATP6V1F;DMAC2L;SLC12A2;TRPC6;SCARA5;ATP6AP1;ATP6AP2;TRPV2;ATP2B4;ANO6;ATP1B3;SLC30A1;ATP1B1;SLC39A14;TMCO1;SLC6A6;ASPH;P2RX1;SLC9A9;ATP5PO;ATP6V1B2;ORAI1;PRKD2;RHAG;ATP6V0D1;GAS6;ATP6V0C,Inorganic Cation Transmembrane Transport (GO:0098662)
GO:0043297,0.3122849,3.394115,14.95195,PDCD6IP;WDR1;TBCD;ARL2;RHOA;MPP7;CDH5;CLDN5;DLG1;CLDN3;PROC;PARD3;RAB13;PECAM1;CTNNA1;MICALL2;ESAM;PKN2;STRN;VCL,Apical Junction Assembly (GO:0043297)
GO:0060236,0.3122849,3.394115,14.95195,RIPOR2;DYNC1H1;PDCD6IP;NUMA1;DCTN1;VPS4B;VTA1;CLTC;HNRNPU;GNAI1;EML3;CHMP1B;CHMP1A;TPR;CHMP2B;CHMP2A;TACC3;CHMP4B;CHMP6;CHMP5,Regulation of Mitotic Spindle Organization (GO:0060236)
GO:0009896,0.3345639,1.618272,7.009021,GSK3B;NDUFA13;GSK3A;PLEKHF1;CLSTN3;FAF1;TGFB1I1;C4BPA;C4BPB;IDE;PIK3CB;CLU;VSIR;UFL1;TBK1;KHSRP;VPS35;IKBKG;TRIM21;TRIM65;CDK5RAP3;NSF;SH3GLB1;UPF1;HSP90AA1;DTX3L;CSNK2A2;PHKA1;GTPBP1;APOA5;DCN;DDB1;TRAF7;CCNY;ANGPTL3;EZR;SEC22B;SQSTM1;OPTN;VPS28;RAB7A;BECN1;VCP;PRKAA1;ROCK1;SLC35D3;UBR4;ZC3HAV1;MTDH;ATXN3;VPS11;ZSWIM8;STX5;ATG7;SNCA;BCAP31;PTPN1;PNPT1;RDX;SGTA;MSN;SNF8;SORL1;SVIP;PTK2;MTOR;CUL4A;IRGQ;TMEM59;ITCH;PROC;CNOT1;TTC5;NEDD4;ATG2A;CCDC22,Positive Regulation of Catabolic Process (GO:0009896)
GO:0050671,0.3470496,2.340311,10.03852,TFRC;CD81;IRS2;SLC7A1;TNFSF13B;FCGR3B;CCL5;NCK2;NCKAP1L;JAK2;HLA-DPA1;NCK1;CD276;VAV3;CD74;ANXA1;VCAM1;TNFSF13;IL18;TYK2;LILRB2;HLA-E;CD40LG;PTPRC;CD209;LEP;CD46;IL6ST;HLA-DRB3;S100A9;CD320,Positive Regulation of Lymphocyte Proliferation (GO:0050671)
GO:0010632,0.3526031,2.987217,12.75065,DOCK5;MACF1;TGFB2;SRC;PTPN23;HDAC6;PPM1F;RTN4;PTK2;RAB11A;CORO1C;PTPRG;VIL1;CAPN7;GLIPR2;PLCG2;CTSH;EVL;PFN1;DOCK1;CLASP1;CLASP2,Regulation of Epithelial Cell Migration (GO:0010632)
GO:0072666,0.358279,3.845187,16.23547,TSG101;VPS13C;PIK3R4;VPS13A;VPS37A;PTPN23;SNF8;STAM;VPS37B;HGS;MVB12B;VPS41;VPS8;STAM2;VPS25;VPS36;VPS28,Establishment of Protein Localization to Vacuole (GO:0072666)
GO:0002220,0.358279,3.845187,16.23547,FCN1;LYN;COLEC11;COLEC10;FCN3;SYK;SRC;NDUFA2;IKBKB;TRAF6;PLCG2;FYN;PKN2;LBP;PKN1;MAP3K7;MBL2,Innate Immune Response Activating Cell Surface Receptor Signaling Pathway (GO:0002220)
GO:0032435,0.358279,3.845187,16.23547,USP7;HSP90AB1;UBXN1;CAMLG;USP9X;RPL11;CSNK2A2;PARK7;CCAR2;UCHL5;BAG6;DDRGK1;GIPC1;CSNK2B;EIF3H;OGT;METAP1,Negative Regulation of Proteasomal Ubiquitin-Dependent Protein Catabolic Process (GO:0032435)
GO:0051283,0.358279,3.845187,16.23547,ERO1A;GP1BB;F2R;ITPR1;ITPR2;GP1BA;GP5;GP9;PLCB3;PLCB4;PTPRC;LCK;PLCG2;FLNA;PRKD2;PLCB1;PLCB2,Negative Regulation of Sequestering of Calcium Ion (GO:0051283)
GO:0061045,0.358279,3.845187,16.23547,SLC12A2;APCS;SERPINE2;SERPINE1;TFPI;KNG1;THBD;VTN;PROC;MMRN1;CD109;EPPK1;APOE;CRK;CLASP1;CLASP2;PF4,Negative Regulation of Wound Healing (GO:0061045)
GO:0120192,0.358279,3.845187,16.23547,PDCD6IP;TBCD;ARL2;LSR;MPP7;CDH5;CLDN5;DLG1;CLDN3;PROC;PARD3;RAB13;PECAM1;MICALL2;ESAM;PKN2;STRN,Tight Junction Assembly (GO:0120192)
GO:0098655,0.3626489,1.880476,7.907811,ATP6V1A;HPN;KCNA3;ATP2A3;ATP2A2;ATP2C1;PKD1;TMEM165;SLC9A1;ATP5F1B;NNT;ATP6V0A2;ATP6V1H;ITGAV;SLC39A7;ATP6V1E1;ATP6V1D;ATP6V1C1;ATP5MF;ATP6V0A1;TRPM4;ATP6V1F;DMAC2L;SLC12A2;TRPC6;SCARA5;ATP6AP1;ATP6AP2;TRPV2;ATP2B4;ANO6;ATP1B3;SLC30A1;ATP1B1;SLC39A14;TMCO1;SLC6A6;ASPH;P2RX1;SLC9A9;ATP5PO;ATP6V1B2;ORAI1;PRKD2;ATP6V0D1;GAS6;ATP6V0C,Monoatomic Cation Transmembrane Transport (GO:0098655)
GO:0060429,0.3626489,2.039424,8.566208,KANK2;TAGLN;LOXL3;DNPH1;PKD1;CNN3;LGALS3;PDCD10;CASP6;DAG1;PGK1;ANXA7;JAK2;CD34;CTSB;FN3K;GSTK1;CBR1;CPT1A;TGFB2;TGFB1;TSTD1;STAT1;ANXA4;VIL1;RCN3;CLDN3;MTHFD1;SPINT1;TOLLIP;CDHR2;PRKD2;TAGLN2;VDAC1;CCM2;HNRNPH3;VCL;FGFR2;CES1,Epithelium Development (GO:0060429)
GO:1901799,0.3645142,2.716012,11.32503,USP14;GABARAPL2;USP7;HSP90AB1;UBXN1;CAMLG;USP9X;RPL11;CSNK2A2;SGTA;PARK7;SVIP;CCAR2;UCHL5;BAG6;BAG5;OPHN1;DDRGK1;GIPC1;CSNK2B;EIF3H;PSMF1;OGT;METAP1,Negative Regulation of Proteasomal Protein Catabolic Process (GO:1901799)
GO:0009967,0.3645142,1.542536,6.428695,ITGB1;APP;POGLUT1;ITGB3;ZDHHC5;LOXL3;ILK;MIA3;PTPRJ;LAMC1;TXNDC15;LMNB2;CDH5;ESM1;CTSH;ITGAV;JAK2;ACVR1;VWF;IL1R1;PRKCB;CSNK2A2;ATP6AP2;PRKCA;SLC39A14;UCHL5;F7;TRAF7;RAB34;BMP2K;LANCL2;PECAM1;CD226;PRKD2;UBE2V1;CDH15;ITGA5;GAS6;IL6ST;ATP6V0C;SHANK3;JCAD;MACF1;CD63;NLGN1;TNXB;NLGN2;LAMA2;LAMA1;SRC;NRXN1;LY96;NID1;AGPAT1;AGPAT2;HSP90B1;VTN;ADGRG1;RELN;PDCD10;MGAT5;CCL5;RPS3;FLNA;PTK2B;SNX5;CD74;PRNP;TGFB2;JAG1;TGFB1;CRBN;STAT3;GDF2;LAMB1;PTPN11;IGF1;SORL1;TSPAN14;PTPRC;AXL;FASN;GHRL;IL7R;FGFR2;LIMS1,Positive Regulation of Signal Transduction (GO:0009967)
GO:0046037,0.3645142,inf,inf,GMPR2;GMPS;HPRT1;NT5C2;GART;PAICS;PFAS;PRTFDC1,GMP Metabolic Process (GO:0046037)
GO:0035089,0.3645142,inf,inf,CDC42;RAP2A;OPHN1;FSCN1;MSN;SCRIB;EZR;RHOA,Establishment of Apical/Basal Cell Polarity (GO:0035089)
GO:0007520,0.3645142,inf,inf,ITGB1;DOCK5;ADAMTS5;CD81;CD9;PTGFRN;DOCK2;DOCK1,Myoblast Fusion (GO:0007520)
GO:0014902,0.3645142,inf,inf,ITGB1;DOCK5;ADAMTS5;SORT1;IGF1;DOCK2;DOCK1;PLD3,Myotube Differentiation (GO:0014902)
GO:0051402,0.3645142,inf,inf,CDK5;DIABLO;FAM162A;FASN;NAE1;BID;GAPDH;MAP3K5,Neuron Apoptotic Process (GO:0051402)
GO:0002501,0.3645142,inf,inf,PDIA3;HLA-A;TAPBPL;CALR;HLA-DRB3;HLA-DRB1;TAPBP;HLA-DPA1,Peptide Antigen Assembly With MHC Protein Complex (GO:0002501)
GO:0097320,0.3645142,inf,inf,EHD2;SNX18;CAVIN2;MICALL1;PACSIN2;CHMP4B;SNX9;FNBP1L,Plasma Membrane Tubulation (GO:0097320)
GO:0010744,0.3645142,inf,inf,MAPK9;CSF1;IL18;LPL;CD36;APOB;NFKB1;PF4,Positive Regulation of Macrophage Derived Foam Cell Differentiation (GO:0010744)
GO:1901739,0.3645142,inf,inf,CD53;EHD1;EHD2;RIPOR2;FLOT1;SCGB3A1;PLEKHO1;MAPK14,Regulation of Myoblast Fusion (GO:1901739)
GO:0072350,0.3645142,inf,inf,IDH3G;IDH1;IDH2;IDH3B;ACO1;ACO2;ASS1;IDH3A,Tricarboxylic Acid Metabolic Process (GO:0072350)
GO:0016236,0.3645142,1.547173,6.395085,RETREG3;MTMR14;AUP1;PHB2;UFL1;TBK1;MAP1LC3A;CHMP1B;STBD1;CHMP1A;TOM1;PIP4K2A;PIP4K2B;VPS36;SNAP29;VPS39;UBXN6;RAB2A;ATG3;GABARAPL2;PDCD6IP;VPS33A;ATG9A;VPS33B;YOD1;VPS37A;WIPI1;VPS37B;WIPI2;NIPSNAP1;NIPSNAP2;VAMP8;VAMP7;HGS;TBC1D5;UFC1;CHMP4B;PLAA;ATG4B;ATG4A;PGAM5;PIK3C3;CHMP6;SQSTM1;STAM2;VPS25;VPS28;ARL8B;CHMP5;RAB7A;BECN1;VCP;TSG101;STX17;TEX264;SRC;UBA5;VPS4B;VPS4A;PIK3R4;SNX30;RNF213;DDRGK1;UBQLN1;ATG7;ATG5;VPS16;VTI1B;LRBA;VTA1;SNF8;STAM;EIF2S1;SPART;UFM1;STING1;CHMP2B;VPS41;ATG2A;CHMP2A;RAB3GAP2;VIPAS39;OGT;ATG2B,Macroautophagy (GO:0016236)
GO:0120031,0.3693802,1.603907,6.600948,ITGB1;CYFIP1;ARF4;NRP1;PTPN23;FNBP1L;TXNDC15;MYLK;PPP1R9B;OPHN1;SNAP29;RAB8A;RAB8B;ACTR3;ACTR2;ACTN2;MINK1;CEP131;ANO6;OCRL;EMP3;MTSS1;CD2AP;DNM3;SHTN1;RAP2A;RAP2B;RILPL2;RAB34;KIT;FSCN1;RAPGEF2;CDH13;TNIK;ATP6V0D1;EZR;ARHGEF7;VCL;ARF6;ARHGEF6;RAB1A;NOTCH1;ARL3;ASAP1;HDAC6;FGD3;FGD4;SDCBP;ABLIM1;RAP1A;ABLIM3;MICALL1;FLNA;SRGAP2;ATP6V1D;MAP4K4;P2RY12;CARMIL1;DMTN;PTGES2;SEPTIN2;USP9X;RAB3IP;PARVB;SEPTIN7;WDR11;EHD1;CCDC88A;EHD2;EHD3;EHD4;DNMBP;STK26,Plasma Membrane Bounded Cell Projection Assembly (GO:0120031)
GO:1904377,0.3739066,2.522346,10.33617,ITGB1;RAMP3;NUMA1;EPB41;NRXN1;ZDHHC5;CIB1;PIK3R1;GNAI1;LGALS3;PGRMC1;CNPY4;KIF5B;EPB41L2;AKT1;VPS35;STX4;SPTBN1;PLS1;SNCA;RHOG;ATP2B4;DLG1;SQSTM1;ARF6;EIF4G1,Positive Regulation of Protein Localization to Cell Periphery (GO:1904377)
GO:1904376,0.3739066,4.748117,19.33363,LRRC15;TGFB1;CLTC;PPP2R5A;REXO2;TMEM59;DAB2;WNK1;TMBIM1;NUMB;PPFIA1;AP2M1;BCL2L1;PICALM,Negative Regulation of Protein Localization to Cell Periphery (GO:1904376)
GO:1904894,0.3739066,4.748117,19.33363,NOTCH1;WDR48;TGFB1;CAMK2A;F2R;TYK2;CCL5;MGAT5;LEP;KIT;OCIAD1;JAK2;CRLF3;IL7R,Positive Regulation of Receptor Signaling Pathway via STAT (GO:1904894)
GO:0010611,0.3739066,4.748117,19.33363,MTPN;BMP10;CAMK2D;NOTCH1;ROCK1;GLRX3;PARP1;ROCK2;ARRB1;PRKCA;ARRB2;IGF1;SLC9A1;IL6ST,Regulation of Cardiac Muscle Hypertrophy (GO:0010611)
GO:0031110,0.3739066,4.748117,19.33363,MAP1S;PRUNE1;ARL2;GBA2;MAP1B;STMN1;GAS2L1;FKBP4;MAPRE1;MAPRE2;CLASP1;METAP1;CLASP2;METAP2,Regulation of Microtubule Polymerization or Depolymerization (GO:0031110)
GO:1901673,0.3739066,4.748117,19.33363,RIPOR2;PDCD6IP;VPS4B;VTA1;HNRNPU;EML3;CHMP1B;CHMP1A;CHMP2B;TPR;CHMP2A;CHMP4B;CHMP6;CHMP5,Regulation of Mitotic Spindle Assembly (GO:1901673)
GO:0034332,0.3739066,3.223598,13.0689,TBCD;CDH8;MTSS1;CDH6;TJP1;CDH5;CDH2;CDH11;CDH13;CTNNB1;CSK;PKN2;PIP5K1C;CDH15;CDH17;FERMT2;VCL;JAM3;CDH19,Adherens Junction Organization (GO:0034332)
GO:0072583,0.3739066,3.223598,13.0689,ITSN2;CLTC;ITSN1;CLTB;STON1;CLTA;STON2;AP2B1;FNBP1L;AP2A2;DNM1;GAK;CANX;AP2S1;GPR107;PIP5K1C;AP2M1;SCYL2;PICALM,Clathrin-Dependent Endocytosis (GO:0072583)
GO:0010639,0.3739066,3.223598,13.0689,PSMD10;VAT1;GPX1;TFRC;CLSTN3;HUWE1;GHITM;IGF1;LILRB2;NOL3;CLU;MTOR;PPIF;AKT1;SLC25A5;SOS1;FXN;BCL2L1;SLC25A6,Negative Regulation of Organelle Organization (GO:0010639)
GO:0030516,0.3739066,3.223598,13.0689,GSK3B;MACF1;PTPRS;SEMA6D;LIMK1;TWF2;L1CAM;RTN4;DNM2;FYCO1;SHTN1;ZFYVE27;CTTN;NRCAM;APOE;DIP2B;KIAA0319;CLASP2;METAP2,Regulation of Axon Extension (GO:0030516)
GO:0070328,0.3739066,3.223598,13.0689,CETP;OSBPL8;PLA2G12B;PNPLA8;APOC4;IL18;LPL;APOC3;OSBPL11;APOA5;C1QTNF3;FUNDC2;LIPC;APOC2;ANGPTL8;ANGPTL3;APOE;MAP4K5;LDAH,Triglyceride Homeostasis (GO:0070328)
GO:1902017,0.3740709,2.377142,9.616801,ARF4;GSK3B;RABGAP1;TBC1D9B;LUZP1;GDI2;ASAP1;ARHGAP35;WDR44;LIMA1;TBC1D13;EVI5L;TBC1D17;TBC1D22A;RAB11FIP3;TAPT1;TBC1D15;TBC1D10B;ATG5;ATG3;RAB3IP;RAB11A;CCDC88A;CYLD;RABEP2;TBC1D20;TBC1D5;TBC1D24,Regulation of Cilium Assembly (GO:1902017)
GO:0043087,0.3740709,1.749511,7.076771,ITGB1;DOCK8;DOCK10;DOCK11;RACK1;TMED2;MMUT;EVI5L;RGS6;PRKG1;TBC1D10B;TGM2;VAV3;F2R;ARAP1;GMIP;VAV1;TBC1D20;LARS1;RAPGEF2;PRTN3;ITGA6;ARHGEF7;CRK;MAPRE2;RABGAP1;ARL2;RASGRP2;FGD3;FGD4;RAP1A;SNX9;RSU1;SRGAP2;TBC1D15;MAP4K4;REPS1;ARFGEF1;NTRK2;SEMA4D;RDX;PTK2;SOD1;SNX18;LRCH1;PLXNB3;RGS10;PLXNB2;RAB3GAP2;PLXNB1;GNB5;AGRN;RAB3GAP1;LIMS1,Regulation of GTPase Activity (GO:0043087)
GO:1902117,0.3820472,2.264246,9.075066,GSK3B;RALB;NUMA1;SDC4;ASAP1;SNX30;SDCBP;G3BP1;G3BP2;PIP4K2A;PIP4K2B;UBAP2L;PIP4K2C;RAB11FIP3;TAPT1;SH3GLB1;DYNC1H1;PDCD6IP;RAB3IP;WIPI1;CCDC88A;SNX18;CNOT1;CAPRIN1;CNOT2;FSCN1;ATG2A;RAB3GAP2;SDC1;RAB3GAP1,Positive Regulation of Organelle Assembly (GO:1902117)
GO:0038202,0.3820472,7.458469,29.78949,RPTOR;RPS6KA3;LARP1;RPS6KA1;MLST8;LAMTOR2;LAMTOR1;LAMTOR4;LAMTOR3;MTOR;LAMTOR5,TORC1 Signaling (GO:0038202)
GO:0032510,0.3820472,7.458469,29.78949,VCP;VPS4B;CHMP1B;VPS4A;CHMP2B;CHMP2A;CHMP4B;CHMP6;LYST;UBXN6;CHMP5,Endosome to Lysosome Transport via Multivesicular Body Sorting Pathway (GO:0032510)
GO:0034250,0.3820472,7.458469,29.78949,GSK3A;IFNGR1;ROCK2;CASP3;PRKCD;GSAP;APOE;CLU;RELA;SIRT3;PICALM,Positive Regulation of Amide Metabolic Process (GO:0034250)
GO:1905906,0.3820472,7.458469,29.78949,APP;USP8;VBP1;PFDN1;PFDN2;PFDN4;CLU;HSPG2;LDLR;PFDN5;PFDN6,Regulation of Amyloid Fibril Formation (GO:1905906)
GO:0046605,0.3820472,7.458469,29.78949,NPM1;PDCD6IP;VPS4B;CHMP1B;CHMP1A;CEP131;CHMP2B;CHMP2A;NAT10;CHMP4B;CHMP5,Regulation of Centrosome Cycle (GO:0046605)
GO:0010824,0.3820472,7.458469,29.78949,NPM1;PDCD6IP;VPS4B;CHMP1B;CHMP1A;CEP131;CHMP2B;CHMP2A;NAT10;CHMP4B;CHMP5,Regulation of Centrosome Duplication (GO:0010824)
GO:0055092,0.3851127,2.173966,8.656435,CETP;MTTP;LRP5;PCSK9;LCAT;LPL;TSKU;LIMA1;LIPC;APOM;LIPG;RALY;APOE;LDLRAP1;APOB;ABCD1;LDLR;HSDL2;PLA2G12B;EPHX2;IL18;APOC3;APOA5;TTC39B;EHD1;ACOX1;APOC2;ANGPTL3;LAMTOR1;LDAH;FGFR4;CES1,Sterol Homeostasis (GO:0055092)
GO:0042127,0.3852252,1.306631,5.196988,CNTFR;APP;TES;TFRC;CSF1;IRS2;CIB1;IFI35;EPX;CLU;CRKL;IGF1R;CAPNS1;FTH1;NAMPT;CAPN1;PDGFRB;TPD52;PDGFRA;MAP2K1;RPS9;RPL23;CSNK2A2;CLEC11A;CEP131;F2R;ADAM10;P3H1;TSC1;CLDN5;ADAM17;CLDN3;HGS;CSNK2B;PRKD2;PRTN3;STAMBP;IL6ST;S100A9;GPLD1;CSF1R;NOTCH1;SHC1;CTBP1;PRKDC;CUL3;COX17;NOP2;PDGFA;UMOD;SAV1;PRDX3;SDCBP;ADGRG1;GRK5;DDRGK1;PDCD10;PDGFD;BLOC1S2;PDGFC;SSR1;RPRD1B;S100A11;TRPM4;LYN;STAT5A;STAT5B;XRCC6;TGFB2;JAG1;TGFB1;JUP;XRCC5;TNFSF13;FN1;EIF2AK2;IGF1;INHBA;NMI;PTK2;BMP5;CCDC88A;FER;RGCC;PROC;FES;CDK2;SCGB3A1;STRN;CALR;MELTF;IL7R;COPS8;FGFR4;FGFR3;FGFR2;LGMN;FGFR1;COL18A1;FLT4;TGFB1I1;HMGB2;PTPRJ;PTPRK;CX3CL1;PPP1R9B;RPS4X;PPP3CA;UFL1;ESM1;ADAMTS1;ITGAX;NCK2;CTSH;EMILIN2;WDR6;ITGAV;EMILIN1;JAK2;ADAMTS8;DIS3L2;KSR1;TSC22D1;PRMT1;TESC;ACTL6A;RHOG;OSMR;ADRA2A;RHOA;NME1;RAB33B;HCK;DDAH1;KIT;MMRN2;RAPGEF2;HCLS1;CDH13;BIRC6;MVD;ARHGEF2;CD47;SLC25A5;EEF1E1;SOS1;FXN;ENG;KANK2;TNXB;LRP5;THBS1;RELA;GNAI2;TBRG4;DNAJB2;RPS15A;GPNMB;EPCAM;LMNA;PTK2B;STAT6;STX4;CHGA;NTRK2;CGREF1;NPM1;STAT1;EGF;STAT2;STAT3;MEAK7;VEGFC;NAP1L1;SOD2;PODN;TPD52L2;WARS1;TJP1;KITLG;DNAJA3;GID8;DNAJA2;CTNNB1;CCM2;PTPN6;GHRL;PKN1;FAM98A;LIMS1;PF4,Regulation of Cell Population Proliferation (GO:0042127)
GO:0032956,0.3874578,1.90349,7.532172,CSF1R;RALA;ROCK1;ROCK2;INPPL1;TWF2;ARHGAP18;PDGFA;ARHGAP17;SLC4A2;CELSR1;F11R;IQGAP2;CORO1A;ARHGAP35;CDC42;MLST8;RAC2;PTK2B;RICTOR;CLASP2;PDGFRB;PDGFRA;BCAS3;DMTN;PRKCD;RHOG;ARAP1;RHOF;BAIAP2;RHOA;MTOR;BST2;CCDC88A;HCK;TAOK1;FSCN1;ESAM;PKN1;EZR;ARHGEF7;CRK,Regulation of Actin Cytoskeleton Organization (GO:0032956)
GO:0045927,0.3874578,2.038636,8.062646,PSMD10;MTPN;DDX3X;HPN;CIB1;DNPH1;PPM1F;RPTOR;CDC42;RPS6KA3;SDCBP;RPS6KA1;MLST8;AGR2;AKT1;RICTOR;PRSS2;EXOSC2;TGFB2;SPHK1;CSNK2A2;RFTN1;ADAM10;MTOR;ADAM17;MMP14;ARMC10;LEP;PLCB1;CRK;FXN;S100A9;S100A8;EIF4G2;EIF4G1;ZPR1,Positive Regulation of Growth (GO:0045927)
GO:0060627,0.3874578,1.942077,7.675029,NRP1;RALA;PRKCSH;SRC;SNX12;STON1;STON2;WDR44;RAB21;SCFD1;OPHN1;AP2S1;PACSIN2;MAPK1;STX4;STXBP5;RAB11FIP3;NSF;PTPN1;MAP2K1;USP7;RAB4A;MAP2K2;RAB4B;SPHK1;YIPF5;SEPTIN5;DNAJC13;ARFGAP1;BET1L;RAB11A;RAB33B;RUFY1;DYNC1LI1;RAB37;FES;SNX17;CDH13;GAS1;PICALM,Regulation of Vesicle-Mediated Transport (GO:0060627)
GO:0010976,0.3874578,1.986629,7.849166,SCARB2;CAMK2B;RETREG3;TWF2;TWF1;NDNF;VLDLR;LRP8;ARHGAP35;CX3CL1;SNX3;RAP1A;RELN;TNN;PTK2B;APOE;SCARF1;MARK2;LYN;NTRK2;KIDINS220;P3H1;BMP7;BMP5;FES;PTK7;LRRC7;CAPRIN1;PLXNB3;PLXNB2;RAPGEF2;ITGA6;SERPINI1;CAMK1;S100A9;DBN1;ARF6;DDR2,Positive Regulation of Neuron Projection Development (GO:0010976)
GO:0045860,0.3874578,1.986629,7.849166,CSF1R;RALB;CAB39;SRC;SYAP1;PRKAG1;AGAP2;CIB1;IQGAP1;RAP1A;RELN;PDCD10;LONP1;PTK2B;SNX9;MAP3K5;MAP2K3;PTPN1;MAP2K1;TGFB2;XRCC6;MAP2K2;XRCC5;PRKCD;ADRA2A;RHOA;PTK2;TOM1L1;CCDC88A;PTPRC;TRAF6;CASS4;RAPGEF2;LCP2;TAB2;CAMK1;GAS6;DDR2,Positive Regulation of Protein Kinase Activity (GO:0045860)
GO:0097696,0.3892278,2.850717,11.22701,STAT5A;STAT5B;STAT1;STAT2;STAT3;TYK2;IGF1;NMI;EPX;PKD1;CCL5;LEP;PRKD2;STAT6;STAMBP;JAK2;IL6ST;JAK3;FGFR3;JAK1;IFNAR1,Cell Surface Receptor Signaling Pathway via STAT (GO:0097696)
GO:0007159,0.3892278,2.850717,11.22701,ITGB1;VCAM1;ROCK1;ITGA4;SEMA4D;SYK;ITGB2;MSN;UMOD;F11R;ITGAL;NT5E;CD40LG;SELL;CD209;CCL5;SELENOP;PECAM1;GFUS;EZR;FERMT3,Leukocyte Cell-Cell Adhesion (GO:0007159)
GO:0051896,0.4142858,1.50242,5.809937,ITGB1;APP;MSTN;PDCD6;PTPRJ;CIB1;PARK7;ARRB2;PIK3CB;CX3CL1;PIK3CG;IGF1R;MYDGF;PPP2R1A;C1QBP;CPNE1;DAG1;RACK1;JAK2;VAV3;PDGFRB;PDGFRA;IL1R1;F2R;IL18;PRKCA;VAV1;DCN;FGR;RCN3;BANK1;KIT;SELENOP;TYRO3;PECAM1;HCLS1;STAMBP;GAS6;SOS1;DDR2;ENG;CSF1R;BECN1;RAMP3;SRC;NRXN1;PDGFA;NTS;CBL;THBS1;RTN4;MTDH;RELN;RRAS;PDGFD;CCL5;PDGFC;PTK2B;RICTOR;PIP5K1C;P2RY12;OSBPL8;NTRK2;TGFB2;TGFB1;ANGPT1;SEMA4D;EGF;FN1;PTPN11;IGF1;PTK2;MTOR;CCDC88A;PIK3IP1;AXL;NEDD4;LEP;CASS4;PLXNB1;CCM2;PTPN6;HPSE;FGFR3;FERMT2;FGFR1,Regulation of Phosphatidylinositol 3-Kinase/Protein Kinase B Signal Transduction (GO:0051896)
GO:0051084,0.4142858,2.60219,10.03652,ERO1A;CCT3;HSPA9;CCT2;HSPA8;SDF2L1;HSPA5;ENTPD5;PTGES3;SELENOF;HSPE1;HSPA13;CCT6A;GAK;DNAJB1;DNAJC7;TCP1;CCT8;SDF2;CCT7;UGGT1;CCT5;CCT4,'De Novo' Post-Translational Protein Folding (GO:0051084)
GO:0032418,0.4142858,2.60219,10.03652,CHGA;SPAG9;SNAPIN;VPS33A;CLSTN1;VPS33B;SYTL4;HDAC6;PIK3CG;PIP4P1;BLOC1S1;BLOC1S2;KIF5B;RAB34;KIT;KXD1;MYH9;FAM98A;LAMTOR1;BORCS8;BORCS7;BORCS6;BORCS5,Lysosome Localization (GO:0032418)
GO:0071404,0.4142858,3.61809,13.93659,ITGB1;APP;FCER1G;TGFB1;SYK;CD81;ITGB2;LPL;MIA3;AKT1;CD9;CDH13;CD36;CD68;LDLR;CES1,Cellular Response to Low-Density Lipoprotein Particle Stimulus (GO:0071404)
GO:0043537,0.4142858,3.61809,13.93659,HDAC5;NOTCH1;ANGPT2;TGFB1;JUP;ATP2B4;GDF2;THBS1;RHOA;RGCC;MMRN1;PDCD10;TBXA2R;CSNK2B;MMRN2;APOE,Negative Regulation of Blood Vessel Endothelial Cell Migration (GO:0043537)
GO:2001244,0.4142858,3.61809,13.93659,BCAP31;BECN1;FIS1;RPS7;CLU;SOD1;BCLAF1;SFPQ;LCK;NCK2;RACK1;RPS3;BID;S100A9;S100A8;NCK1,Positive Regulation of Intrinsic Apoptotic Signaling Pathway (GO:2001244)
GO:0006120,0.4314245,2.424722,9.212958,NDUFB10;NDUFB6;NDUFB5;NDUFB4;NDUFA10;NDUFB3;NDUFB1;NDUFV2;NDUFV1;NDUFA9;NDUFA8;NDUFA7;NDUFA6;NDUFA5;NDUFA4;NDUFA3;NDUFA2;NDUFS8;NDUFS7;NDUFS5;NDUFAB1;NDUFS4;NDUFS3;NDUFS2;NDUFS1,"Mitochondrial Electron Transport, NADH to Ubiquinone (GO:0006120)"
GO:0051057,0.4314245,2.424722,9.212958,NOTCH2;NOTCH1;SRC;ARRB1;PIK3CB;EPX;F11R;PIK3CG;RTN4;FXR1;AKAP13;ADGRG1;RELN;ITGAV;SHOC2;TGM2;MAP4K4;SEMA4D;F2R;IGF1;COL3A1;PLXNB1;MAPRE2;FERMT2;PICALM,Positive Regulation of Small GTPase Mediated Signal Transduction (GO:0051057)
GO:0009306,0.4314245,2.424722,9.212958,STEAP3;CLSTN3;MTTP;SEL1L;MIA3;PARK7;LTBP3;PCSK5;AP1G1;AP1S1;CAMK2G;GSDMD;PDHX;TANGO2;FGG;AP1B1;ARFGAP3;PDIA4;RCN3;CANX;GNAS;COPG2;COPG1;SCG2;GPLD1,Protein Secretion (GO:0009306)
GO:0046034,0.4344787,2.188219,8.168207,OLA1;PRKAG2;ENO1;ENO2;NUDT5;ENO3;ATP5F1A;LDHA;NT5E;ATP5F1B;PGK1;PGM1;NADK;MAP4K2;HSPA8;TPI1;TGFB1;PARP1;HOOK3;ATP1B1;ATP5F1C;CLPX;PFKL;PKM;ATP5PO;GAPDH;PFKM;MYH7;SLC25A13,ATP Metabolic Process (GO:0046034)
GO:2001234,0.4344787,2.188219,8.168207,PSMD10;DDX3X;SRC;GHITM;PARK7;NOL3;CLU;THBS1;CX3CL1;RELA;LGALS3;QARS1;AKT1;ITGAV;RIPK1;ACVR1;GPX1;CSNK2A2;IGF1;MMP9;PPIF;BIRC6;ITGA6;SLC25A5;SOS1;FXN;SCG2;SLC25A6;BCL2L1,Negative Regulation of Apoptotic Signaling Pathway (GO:2001234)
GO:0032273,0.4344787,2.188219,8.168207,NCKAP1;NUMA1;CRACD;DCTN1;ARL2;SLAIN2;NCK2;RPS3;PTK2B;NCKAP1L;SNX9;CLASP1;NCK1;VASP;CARMIL1;HSP90AA1;VTA1;BAIAP2;HCK;CLIP1;FER;CTTN;BIN1;FES;EVL;PKN1;MAPRE1;PFN1;ARF6,Positive Regulation of Protein Polymerization (GO:0032273)
GO:0042632,0.4344787,2.105498,7.824065,CETP;MTTP;LRP5;PCSK9;LCAT;LPL;TSKU;LIMA1;LIPC;APOM;LIPG;RALY;APOE;LDLRAP1;APOB;LDLR;HSDL2;PLA2G12B;EPHX2;IL18;APOC3;APOA5;TTC39B;EHD1;ACOX1;APOC2;ANGPTL3;LAMTOR1;LDAH;FGFR4;CES1,Cholesterol Homeostasis (GO:0042632)
GO:0001952,0.4344787,2.105498,7.824065,GSK3B;MACF1;CSF1;ROCK1;ROCK2;CIB1;PIK3CB;FUT1;THBS1;CX3CL1;CORO1C;SLC9A1;SLK;PTK2B;CD36;CLASP1;MAP4K4;DUSP3;JAG1;JUP;PLEKHA2;MINK1;TSC1;RHOA;PTK2;ADAM15;PTPRA;CDH13;TLN1;UTRN;VCL,Regulation of Cell-Matrix Adhesion (GO:0001952)
GO:0030100,0.4344787,2.105498,7.824065,MTMR2;MCTP1;CD151;ROCK1;SRC;SNX12;STON1;STON2;LGALS3;OPHN1;FLOT1;AP2S1;PACSIN2;ITGAV;APOE;SNCA;PTPN1;RAB4A;RAB4B;SYK;SPHK1;ARFGAP1;FGR;RUFY1;HCK;DAB2;PTPRC;TFR2;SNX17;CDH13;PICALM,Regulation of Endocytosis (GO:0030100)
GO:0007041,0.4344787,1.893047,7.03087,SCARB2;BECN1;VPS4A;PIK3R4;PCSK9;GCC2;UBE2Z;AP4M1;AP3M1;CCDC91;GGA3;LAMP1;VPS51;AP1G1;CHMP1B;VPS53;CHMP1A;VPS52;ANKFY1;VPS35;VPS39;SORT1;AP3D1;M6PR;SORL1;IGF2R;GAK;EHD3;HGS;NEDD4;CHMP2B;VPS41;CHMP2A;CHMP4B;PIK3C3;CHMP6;ARL8B;CHMP5;RAB7A,Lysosomal Transport (GO:0007041)
GO:0031346,0.4344787,1.893047,7.03087,SCARB2;CAMK2B;RETREG3;TWF2;TWF1;NDNF;ARHGAP35;CX3CL1;SNX3;RAP1A;RELN;CUX1;TNN;SLITRK1;PTK2B;APOE;SCARF1;MARK2;LYN;CARMIL1;NTRK2;KIDINS220;NRDC;P3H1;FES;PTK7;LRRC7;CAPRIN1;LGALS12;PLXNB3;PLXNB2;RAPGEF2;PLXNB1;ITGA6;SERPINI1;CAMK1;S100A9;ARF6;DDR2,Positive Regulation of Cell Projection Organization (GO:0031346)
GO:0050729,0.4344787,1.893047,7.03087,APP;CD81;DHX9;KARS1;TRADD;ATL1;SERPINE1;ZDHHC5;LPL;MGST2;IFI35;PLA2G7;CX3CL1;LGALS3;LGALS1;RPS19;CASP3;PLCG2;S100A12;RIPK1;LBP;GPSM3;SNCA;GSDMD;TGFB1;PDE2A;IL18;IL16;NMI;OSMR;IL17RA;VAMP8;VAMP7;PDCD4;CCM2;CD47;IL6ST;S100A9;S100A8,Positive Regulation of Inflammatory Response (GO:0050729)
GO:0097581,0.4344787,3.053167,11.32782,ITGB1;P2RY12;CYFIP1;CARMIL1;DMTN;MYO9B;PARVB;CCDC88A;SNX1;SNX2;ABLIM3;CTTN;KIT;CDH13;WASF1;ARHGEF7;VCL;ARHGEF6,Lamellipodium Organization (GO:0097581)
GO:0060155,0.4344787,3.053167,11.32782,SLC35D3;F2R;HPS1;AP1B1;AP3D1;DTNBP1;HPS4;AP3B1;AP3M1;AP1G1;BLOC1S1;BLOC1S2;BLOC1S3;AP1S2;AP1S1;AP3S1;AP1M1;F2RL3,Platelet Dense Granule Organization (GO:0060155)
GO:0044087,0.4344787,3.053167,11.32782,HSPA8;HSP90AA1;NOTCH1;ROCK1;ROCK2;RDX;MSN;PTPN11;TANK;TJP1;BAG5;NCLN;RAP1A;VPS11;RAPGEF2;APOE;CD36;EZR,Regulation of Cellular Component Biogenesis (GO:0044087)
GO:0010557,0.4344787,1.416967,5.253823,APP;RPL5;TOR2A;TFRC;CSF1;CLSTN1;PDCD5;IRS2;PARK7;CLU;CDH5;AKT2;NAMPT;AKT1;VPS35;LGALS9;PDGFRB;MAP2K1;MAP2K2;RPS7;RPL23;CLDN5;CLDN3;HGS;PPP1R3E;ERP29;PRKD2;EZR;NOTCH1;HPN;FBLN1;NTS;HSPH1;PDCD10;DDRGK1;PLCG2;RIPK1;TGFB2;TGFB1;EPHX2;PDE2A;RDX;FN1;RAB27A;MSN;AZU1;IGF1;SNF8;INHBA;BMP7;NFKB1;RGCC;FUBP3;FUBP1;FGFR4;GSK3B;CALCOCO1;GSK3A;DDX3X;PIK3CB;VSIR;CSRP1;ITGAX;CTSH;EMILIN1;CD36;JAK2;CD34;MAP4K2;IFNGR1;PRMT1;TESC;TGFBR3;FCER2;PLSCR1;CDH15;CD46;GAS6;SOS1;MTPN;RAMP3;ROCK1;ROCK2;NRXN1;RPL11;RELA;PPM1F;MAPK9;TTR;AGR2;RPS3;BPNT1;CD74;NTRK2;ANGPT1;EGF;STAT3;DTNBP1;MAPK14;WARS1;PDCL3;FAM98A;LAMTOR5;LIMS1;PF4;ZPR1,Positive Regulation of Macromolecule Biosynthetic Process (GO:0010557)
GO:0006909,0.4344787,1.981507,7.340676,ITGB1;SRPX;ITGAM;ITGB3;ITGB2;PLD4;CORO1A;MESD;TM9SF4;CORO1C;CDC42;ITGAV;CD36;PIP5K1C;LDLR;ELANE;TGM2;ANXA1;CD93;ANXA3;NDUFA2;ANXA11;TIMD4;ARHGAP25;MARCO;VAMP7;BIN2;RAB14;AXL;ELMO1;PECAM1;TYRO3;MYH9;GAS6;DOCK1,Phagocytosis (GO:0006909)
GO:0090110,0.4344787,4.407858,16.19473,RAB1A;SEC13;SEC23A;SEC24B;SAR1A;SAR1B;SURF4;MIA3;TBC1D20;SEC24D;SEC23B;SEC24C;SEC31A,COPII-coated Vesicle Cargo Loading (GO:0090110)
GO:0006491,0.4344787,4.407858,16.19473,PRKCSH;HEXB;HEXA;ST8SIA3;GNPTG;FUT8;GANAB;MAN2A2;MAN2A1;MGAT4B;MAN1C1;ST8SIA4;ST8SIA5,N-glycan Processing (GO:0006491)
GO:1901605,0.4344787,4.407858,16.19473,MTHFR;ASS1;ART4;PM20D1;ALDH6A1;GCLC;DDAH1;MTHFD1;DDAH2;KYAT3;ASL;MMUT;LDLR,Alpha-Amino Acid Metabolic Process (GO:1901605)
GO:0034498,0.4344787,4.407858,16.19473,TMED9;RAB4B;TRAPPC10;SURF4;RUFY1;LMAN1;EHD3;SNX1;SNX2;RAB14;STX5;RAB6A;SNX8,Early Endosome to Golgi Transport (GO:0034498)
GO:0006094,0.4344787,4.407858,16.19473,CRTC2;TPI1;ENO1;ENO2;ENO3;SLC39A14;RBP4;PROC;PGK1;SLC25A10;SLC37A4;PGM1;PCK2,Gluconeogenesis (GO:0006094)
GO:0060396,0.4344787,4.407858,16.19473,LYN;STAT5A;PTPN1;STAT5B;STAT3;IGF1;PIK3R1;TYK2;PTK2;STAT6;JAK2;JAK3;JAK1,Growth Hormone Receptor Signaling Pathway (GO:0060396)
GO:0048146,0.4344787,4.407858,16.19473,CD74;PDGFRA;DHX9;SPHK1;FN1;PDGFA;FBLN1;IGF1;PDGFC;S100A6;GAS6;S100A9;DDR2,Positive Regulation of Fibroblast Proliferation (GO:0048146)
GO:0010592,0.4344787,4.407858,16.19473,ACTR3;ACTR2;CYFIP1;NCKAP1;MSTN;TWF2;BRK1;PIK3R1;CDC42;ARPC2;FSCN1;RAC2;WASF2,Positive Regulation of Lamellipodium Assembly (GO:0010592)
GO:0032212,0.4344787,4.407858,16.19473,CCT3;CCT2;HSP90AA1;PTGES3;CCT6A;TCP1;FBXO4;HNRNPD;CTNNB1;CCT8;CCT7;CCT5;CCT4,Positive Regulation of Telomere Maintenance via Telomerase (GO:0032212)
GO:0045116,0.4344787,4.407858,16.19473,UBE2F;GPS1;DCUN1D1;COPS7A;NEDD8;COPS4;COPS3;COPS6;COPS5;UBA3;NAE1;COPS8;UBE2M,Protein Neddylation (GO:0045116)
GO:0006164,0.4344787,4.407858,16.19473,PRPS2;ADSL;NMNAT3;NADSYN1;PFAS;COASY;PRPSAP1;PRPSAP2;MTHFD1;NAMPT;HPRT1;GART;NADK,Purine Nucleotide Biosynthetic Process (GO:0006164)
GO:0002861,0.4344787,4.407858,16.19473,LYN;YES1;SYK;KARS1;SRC;RHBDF2;FURIN;MAPK14;FGR;HCK;GNAS;FYN;HLA-DRB1,Regulation of Inflammatory Response to Antigenic Stimulus (GO:0002861)
GO:2001222,0.4344787,4.407858,16.19473,CAMK2B;CUL5;CAMK2A;CX3CL1;SHTN1;COL3A1;RELN;TNN;PLAA;PLXNB2;RAPGEF2;ARHGEF2;SRGAP2,Regulation of Neuron Migration (GO:2001222)
GO:0061795,0.4344787,inf,inf,ATP6V1A;ATP6AP2;ATP6V0A2;ATP6V1H;ATP6V0C;ATP6V1D;ATP6V1F,Golgi Lumen Acidification (GO:0061795)
GO:0051086,0.4344787,inf,inf,CCT3;CCT6A;TCP1;CCT8;CCT7;CCT5;CCT4,Chaperone Mediated Protein Folding Independent of Cofactor (GO:0051086)
GO:1903898,0.4344787,inf,inf,PTPN1;HSPA5;DDRGK1;NCK2;AKT1;ATAD3A;NCK1,Negative Regulation of PERK-mediated Unfolded Protein Response (GO:1903898)
GO:0033147,0.4344787,inf,inf,KANK2;VPS18;CNOT1;CNOT2;VPS11;CNOT9;STRN3,Negative Regulation of Intracellular Estrogen Receptor Signaling Pathway (GO:0033147)
GO:0010605,0.4344787,inf,inf,MTMR2;SUB1;PCSK9;APOE;LILRB2;LDLR;OPTN,Negative Regulation of Macromolecule Metabolic Process (GO:0010605)
GO:1900152,0.4344787,inf,inf,SYNCRIP;DHX9;HNRNPD;HNRNPU;PABPC1;YBX1;PAIP1,"- Reg of Nuclear-Transcribed mRNA Cat Proc, Deadenylation-Dep Decay (GO:1900152)"
GO:0030948,0.4344787,inf,inf,PTPN1;MMRN1;HGS;NEDD4;PDCD6;MMRN2;EMILIN1,Negative Regulation of Vascular Endothelial Growth Factor Receptor Signaling Pathway (GO:0030948)
GO:0035774,0.4344787,inf,inf,PPP3CB;GCG;STX4;C2CD2L;GPLD1;HLA-DRB1;TRPM4,+ Reg of Insulin Secretion Inv in Cellular Resp to Glucose Stimulus (GO:0035774)
GO:0032753,0.4344787,inf,inf,SLC7A5;FCER1G;CD40LG;SYK;PRKCQ;LGALS9;HLA-E,Positive Regulation of Interleukin-4 Production (GO:0032753)
GO:1901741,0.4344787,inf,inf,CD53;EHD1;EHD2;RIPOR2;FLOT1;SCGB3A1;MAPK14,Positive Regulation of Myoblast Fusion (GO:1901741)
GO:1904871,0.4344787,inf,inf,CCT3;CCT6A;TCP1;CCT8;CCT7;CCT5;CCT4,Positive Regulation of Protein Localization to Cajal Body (GO:1904871)
GO:0042996,0.4344787,inf,inf,LYPLA1;CNST;PKDCC;RACK1;CSK;ATP2C1;LYPLAL1,Regulation of Golgi to Plasma Membrane Protein Transport (GO:0042996)
GO:0141161,0.4344787,inf,inf,APP;RAMP3;PRKAR1B;PRKAR1A;PRKAR2B;PRKAR2A;S100A9,Regulation of cAMP/PKA Signal Transduction (GO:0141161)
GO:0060998,0.4344787,inf,inf,CAMK2B;NLGN1;PTPRS;FMR1;CAMK1;SHANK3;ARF6,Regulation of Dendritic Spine Development (GO:0060998)
GO:0002694,0.4344787,inf,inf,LYN;CD74;PLSCR1;LCK;SHPK;MYO18A;S100A9,Regulation of Leukocyte Activation (GO:0002694)
GO:1905521,0.4344787,inf,inf,P2RY12;CSF1R;CSF1;CD81;PTK2B;EMILIN1;RTN4,Regulation of Macrophage Migration (GO:1905521)
GO:1904869,0.4344787,inf,inf,CCT3;CCT6A;TCP1;CCT8;CCT7;CCT5;CCT4,Regulation of Protein Localization to Cajal Body (GO:1904869)
GO:0042311,0.4344787,inf,inf,PM20D1;SRC;PECAM1;PTPN11;SOD2;KNG1;SOD1,Vasodilation (GO:0042311)
GO:0035592,0.4344787,2.714286,9.813288,GSDMD;STEAP3;CLSTN3;TANGO2;MTTP;SEL1L;FGG;MIA3;LTBP3;LRRC32;ARFGAP3;LTBP1;PDIA4;RCN3;CANX;GNAS;COPG2;COPG1;SCG2;GPLD1,Establishment of Protein Localization to Extracellular Region (GO:0035592)
GO:1903052,0.4344787,2.714286,9.813288,BCAP31;FMR1;TGFB1I1;SGTA;CLU;MTOR;PTK2;ATXN3;UFL1;TRAF7;PSMC5;PSMC6;BAG2;PSMC3;DDRGK1;PSMC2;IKBKG;CCDC22;CDK5RAP3;CTSC,Positive Regulation of Proteolysis Involved in Protein Catabolic Process (GO:1903052)
GO:0018279,0.4344787,2.714286,9.813288,ALG8;ST6GAL1;RPN1;ALG5;ALG2;ALG3;MAGT1;ALG11;DDOST;UBE2J1;DPM1;FUT8;KRTCAP2;DAD1;MGAT5;RFT1;STT3A;STT3B;UGGT1;MPDU1,Protein N-linked Glycosylation via Asparagine (GO:0018279)
GO:0009152,0.4344787,2.714286,9.813288,ADSL;GUCY1A1;GUCY1B1;TGFB1;AK2;GMPS;PRKAG2;AMPD2;ATP5F1C;PFAS;PAICS;ADCY6;ATP5F1A;ATIC;ATP5F1B;IMPDH2;ATP5PO;ADSS2;GART;SLC25A13,Purine Ribonucleotide Biosynthetic Process (GO:0009152)
GO:0007264,0.4344787,1.531537,5.535174,CYFIP1;NCKAP1;GDI1;PRKCSH;DOCK7;ARHGAP1;BRK1;PARK7;CELSR1;ARHGAP6;ARHGAP35;CRKL;ARHGAP4;ARHGDIA;GRAP2;ARHGDIB;CHORDC1;VAV3;USP8;DBNL;KSR1;RHOG;ADRA2A;RHOA;VAV1;BCR;DOK1;SHTN1;DOK2;RAP2A;DOK3;RALGAPB;RAP2B;RRAGC;ELMO1;CDH13;RAPGEF2;RAB38;ARHGEF1;TAX1BP3;ARHGEF7;SOS1;RALA;RALB;RGS19;ROCK1;ROCK2;ARL3;WAS;ARHGAP18;HACD3;RASGRP2;GNA13;ADGRG1;RAP1A;RRAS;G3BP1;G3BP2;WASF1;REPS1;LIMK1;MYO9B;IGF1;CCDC88A;RHEB;CDK2;GNB1;RAB18;NUCB1;GRB2;RGL2;NUCB2,Small GTPase-mediated Signal Transduction (GO:0007264)
GO:0034331,0.4410423,6.778726,24.08891,CSF1R;NLGN2;CLDN3;DCTN1;F2R;MYADM;SDF4;PRTN3;CBLN2;CBLN1,Cell Junction Maintenance (GO:0034331)
GO:1990858,0.4410423,6.778726,24.08891,LYN;IKBKB;SYK;SRC;TRAF6;PLCG2;FYN;PKN2;PKN1;MAP3K7,Cellular Response to Lectin (GO:1990858)
GO:0006826,0.4410423,6.778726,24.08891,SCARA5;TFRC;TFR2;FTH1;CLTC;ARHGAP1;LMTK2;MELTF;SLC39A14;DNM2,Iron Ion Transport (GO:0006826)
GO:0070168,0.4410423,6.778726,24.08891,SRGN;ECM1;NOTCH1;TGFB1;ROCK1;ROCK2;PTK2B;GAS6;ASPN;TRPM4,Negative Regulation of Biomineral Tissue Development (GO:0070168)
GO:1903038,0.4410423,6.778726,24.08891,UFL1;DUSP3;GPNMB;WNK1;FGL1;AKT1;MIA3;CTSG;JAK3;ASS1,Negative Regulation of Leukocyte Cell-Cell Adhesion (GO:1903038)
GO:0051224,0.4410423,6.778726,24.08891,SNX3;LYPLA1;PKDCC;RHBDF2;SNX12;ERP29;CSK;APOE;PPM1F;LYPLAL1,Negative Regulation of Protein Transport (GO:0051224)
GO:0009165,0.4410423,6.778726,24.08891,PRPS2;PRPSAP1;PRPSAP2;MTHFD1;RRM2B;NMNAT3;HPRT1;PFAS;GART;COASY,Nucleotide Biosynthetic Process (GO:0009165)
GO:2000767,0.4410423,6.778726,24.08891,SYNCRIP;PKM;DHX9;CSDE1;HNRNPD;HNRNPU;YBX1;PABPC1;YBX3;PAIP1,Positive Regulation of Cytoplasmic Translation (GO:2000767)
GO:0032740,0.4410423,6.778726,24.08891,SLC7A5;TGFB1;SPHK1;RFTN1;IL18;SLAMF6;CCM2;PRKCQ;TYK2;JAK2,Positive Regulation of Interleukin-17 Production (GO:0032740)
GO:0006620,0.4410423,6.778726,24.08891,UBL4A;SEC61A1;HSPA5;SGTB;SGTA;CHMP4B;SEC61B;SEC62;GET4;SEC63,Post-Translational Protein Targeting to Endoplasmic Reticulum Membrane (GO:0006620)
GO:0001516,0.4410423,6.778726,24.08891,PNPLA8;PTGES3;PRXL2B;TBXAS1;PLA2G4A;DAGLB;PTGDS;S100A9;PTGS1;CTHRC1,Prostaglandin Biosynthetic Process (GO:0001516)
GO:0031114,0.4410423,6.778726,24.08891,PROC;MAP1S;MAP1B;TAOK1;KATNB1;CIB1;GAS2L1;CLASP1;METAP1;CLASP2,Regulation of Microtubule Depolymerization (GO:0031114)
GO:0002223,0.4410423,6.778726,24.08891,LYN;IKBKB;SYK;SRC;TRAF6;PLCG2;FYN;PKN2;PKN1;MAP3K7,Stimulatory C-type Lectin Receptor Signaling Pathway (GO:0002223)
GO:0046824,0.4410423,2.488425,8.837096,YWHAE;GSK3B;KHDRBS1;TGFB1;JUP;DHX9;PRKCD;PIK3R1;IPO5;MAVS;TRIM28;XPO4;BAG3;NEDD4;TPR;FLNA;HCLS1;CAMK1;GAS6;EMD;RAN;ZPR1,Positive Regulation of Nucleocytoplasmic Transport (GO:0046824)
GO:1900026,0.4410423,2.488425,8.837096,FGB;DOCK5;NRP1;CARMIL1;FGA;FGG;ILK;CIB1;TRIOBP;CRKL;CDC42;C1QBP;CASS4;MYADM;FLNA;CALR;P4HB;ARHGEF7;CRK;DOCK1;FERMT2;LIMS1,Positive Regulation of Substrate Adhesion-Dependent Cell Spreading (GO:1900026)
GO:0000165,0.4558123,1.783858,6.270672,YWHAE;KARS1;GPS1;ARAF;CRKL;PPP1CB;IKBKB;PPP1CC;MAPK9;CTSH;MAPK1;ITGAV;LGALS9;MAP3K7;MAP3K4;MAP3K5;MAP4K4;MAP2K3;MAP2K4;MAP4K2;MAP2K1;MAP2K2;RIPK2;EGF;MINK1;PRG2;MAPK14;PPP5C;TAOK3;MAPKAPK2;RAPGEF2;CCM2;PTPN6;STUB1;TNIK;PKN1;PTPN7;SCG2;FGFR3;SHANK3;FGFR1;ARHGEF6,MAPK Cascade (GO:0000165)
GO:0001934,0.4577583,1.548513,5.431981,FLT4;ARAF;PRKAG1;CIB1;ARRB1;PARK7;RPTOR;MYDGF;FLOT1;RACK1;AKT1;MAP3K5;MAP2K3;RIPK2;SPHK1;MMP9;TOM1L1;RAP2A;BANK1;RAPGEF2;LCP2;TNIK;ARHGEF2;FAM20A;GAS6;PPIA;DDR2;CSF1R;CEMIP;RALB;CAB39;ROCK2;AGAP2;ITLN1;PDGFA;IQGAP1;STK4;THBS4;RAP1A;RELN;GPNMB;DDRGK1;PDCD10;MAPK1;PTK2B;RIPK1;SNX9;REPS1;NIBAN1;CD74;XRCC6;TGFB1;ANGPT1;SEMA4D;XRCC5;EGF;PTK2;PTPRC;CSPG4;TAB2;CCM2;PKN1;CNOT9;UBE2K;HLA-DRB1;EIF4G1,Positive Regulation of Protein Phosphorylation (GO:0001934)
GO:0030307,0.4607208,1.811931,6.336669,ITSN2;PSMD10;MACF1;MTPN;DDX3X;HPN;TWF2;CIB1;DNPH1;RPTOR;CDC42;RPS6KA3;SDCBP;FYCO1;ZFYVE27;RPS6KA1;MLST8;AKT1;RICTOR;PRSS2;EXOSC2;TGFB2;SEMA4D;SPHK1;CSNK2A2;LIMK1;ADAM10;IGF1;L1CAM;MTOR;SHTN1;ADAM17;MMP14;PLAA;S100A9;CRK;FXN;S100A8;EIF4G2;EIF4G1,Positive Regulation of Cell Growth (GO:0030307)
GO:0006754,0.4607208,3.391108,11.83195,ATP5PF;ATP5PD;TGFB1;ATP5PB;PRKAG2;ATP5F1C;ATP5F1D;ATP5F1B;ATP5PO;ATP5MK;ATP5MJ;ATP5MG;ATP5MF;ATP5ME;SLC25A13,ATP Biosynthetic Process (GO:0006754)
GO:0071230,0.4607208,3.391108,11.83195,PRMT1;CUL3;UBR1;MTOR;IPO5;RPTOR;MAT2A;RRAGC;LARS1;FYN;LAMTOR2;LAMTOR1;LAMTOR4;LAMTOR3;LAMTOR5,Cellular Response to Amino Acid Stimulus (GO:0071230)
GO:0010970,0.4607208,3.391108,11.83195,APP;DYNC1I2;SNAPIN;CDC42;ARHGAP21;BAG3;BLOC1S1;BLOC1S2;KXD1;COPG2;COPG1;BORCS8;BORCS7;BORCS6;BORCS5,Transport Along Microtubule (GO:0010970)
GO:0031334,0.4627525,1.844041,6.420319,GSK3B;VCP;DDX3X;TFRC;SRC;FAF1;PLEK;ZDHHC5;BRK1;PARK7;BRCC3;CLU;HDAC6;CDH5;LGALS3;PLCG2;RACK1;RPS3;PIEZO1;CD36;BID;SNCA;SH3GLB1;HSP90AA1;TGFB1;SYK;NEK7;MMP3;MPP7;WARS1;MAVS;PSMC6;BTK;FSCN1;BAX;STUB1;FERMT2;EIF4G1,Positive Regulation of Protein-Containing Complex Assembly (GO:0031334)
GO:0097352,0.4664279,2.112231,7.317129,BECN1;VCP;TSG101;STX17;VPS4B;VPS4A;PIK3R4;ATP2A2;MAP1LC3A;CHMP1B;CHMP1A;UBQLN1;SNAP29;VPS16;VTI1B;GABARAPL2;VPS33A;VPS33B;WIPI2;VAMP8;VAMP7;CHMP2B;CHMP2A;CHMP4B;PIK3C3;VIPAS39;CHMP6;CHMP5,Autophagosome Maturation (GO:0097352)
GO:0071363,0.4664279,1.638035,5.670562,NRP1;FLT4;PDCD5;SYAP1;HSPB1;CIB1;CRKL;RACK1;AKT1;CPNE3;EMD;APPL2;APPL1;ACVR1;MAP2K3;ANXA1;DUSP3;SPHK1;MARS1;MTSS2;DUSP22;MAPKAPK2;RAB35;GAS1;RAPGEF2;PRKD2;SOS1;CD44;NOTCH1;SHC1;TWF2;NDNF;IQGAP1;CORO1B;RAP1A;CCL5;STAT5B;TGFB1;KIDINS220;PDE2A;GDF2;PTPN11;PTPN12;MAPK14;BMP7;EHD1;VIL1;PDE3A;CTNNB1;FGFR1;LGMN;LIMS1;ZPR1,Cellular Response to Growth Factor Stimulus (GO:0071363)
GO:0090316,0.4664279,2.037065,7.041098,YWHAE;GSK3B;CD81;PIK3R1;TM9SF4;IPO5;FYCO1;TRIM28;XPO4;BAG3;PDCD10;TPR;FLNA;EMD;TGFB1;TMEM30A;JUP;B3GAT3;CEP131;PRKCD;SORL1;MAVS;ASPH;HCLS1;ANP32B;CAMK1;ERGIC3;GAS6;RAN;ZPR1,Positive Regulation of Intracellular Protein Transport (GO:0090316)
GO:0006816,0.4664279,1.975599,6.826916,RAMP3;CAMK2A;ITPR1;ATP2A3;ATP2A2;SLC3A2;GHITM;ATP2C1;PKD1;TMEM165;PANX1;CCL5;CDH23;ANXA6;ITGAV;FYN;TRPM4;TRPC6;TRPV2;ATP2B4;ANO6;TMCO1;LETM1;STIM1;ASPH;COPS2;P2RX1;ORAI1;PRKD2;GAS6;MICU1;MS4A1,Calcium Ion Transport (GO:0006816)
GO:0050714,0.4664279,1.975599,6.826916,ACHE;NLGN2;TMED10;IRS2;PTPN23;IER3IP1;C1QTNF3;PSMD9;TTR;BSG;MYO18A;LRRC8A;DNM1L;MYH10;FGB;FGA;MAP4K2;PDHX;TGFB2;TGFB1;FGG;ACSL4;PRKCA;IGF1;SYTL4;CD2AP;RBP4;GHRL;PPIA;PPID;MCU;ARF6,Positive Regulation of Protein Secretion (GO:0050714)
GO:1902115,0.4664279,1.975599,6.826916,ARF4;RABGAP1;TBC1D9B;TSG101;RAB1B;EFNB1;TRAPPC12;TBC1D13;VPS11;TBC1D17;TBC1D22A;RAB11FIP3;TBC1D15;TBC1D10B;ATG5;UBQLN2;ATG3;NPM1;PDCD6IP;RDX;MSN;STAM;MTOR;RAB11A;HCK;CYLD;RABEP2;TBC1D20;TBC1D5;TBC1D24;EZR;RAB5A,Regulation of Organelle Assembly (GO:1902115)
GO:0051248,0.4732532,1.561995,5.370299,CD84;DDX3X;SERPINE2;FMR1;ITGB3;EIF4A3;SNX12;YBX1;CLU;EIF4ENIF1;SYNCRIP;OTUD6B;RACK1;AKT1;FLOT2;ITGAV;CDK5RAP3;IGFBP5;VBP1;CSNK2A2;IRAK3;HSPG2;SIRT2;ILF3;DNAJC1;PFDN1;PFDN2;EIF4E2;PFDN4;GAPDH;PFDN5;PFDN6;DDX6;APCS;CSTB;SF3B3;ROCK1;SHMT1;AGAP2;KNG1;HDAC6;BAG6;SNX3;LARP1;RPS3;FLNA;APOE;IGF2BP2;LDLR;PRNP;EIF2AK2;CNOT10;LILRB2;SORL1;CDK5;EPRS1;CNOT1;CAPRIN1;SERBP1;PTX3;CALR;CNOT9,Negative Regulation of Protein Metabolic Process (GO:0051248)
GO:0043410,0.4863948,1.375625,4.683674,APP;CD81;CIB1;PHB2;CRKL;IGF1R;NAMPT;ARL6IP5;CCN2;LGALS9;MAP3K4;MAP3K5;PDGFRB;PDGFRA;MAP2K1;F2R;PRKCA;NPNT;MTURN;MADD;ERP29;PRKD2;TNIK;PPIA;S100A9;JCAD;S100A7;NOTCH2;CSF1R;NOTCH1;SHC1;STK39;PDGFA;IQGAP1;PIK3R6;SDCBP;RAP1A;PDCD10;PDGFD;PDGFC;PLCG2;S100A12;RIPK1;APOE;ELANE;LYN;TGFB2;TGFB1;EIF2AK2;IGF1;MARCO;PTPRC;FGFR4;FGFR3;FERMT2;HLA-DRB1;FGFR2;FGFR1;NRP1;FLT4;PTPRJ;ARRB1;ARRB2;CX3CL1;PIK3CG;MYDGF;GLIPR2;TRIM5;CD36;FGB;MAP4K2;FGA;KSR1;PRMT1;SPHK1;MINK1;FGG;ADRA2A;DUSP22;TRAF7;KIT;PECAM1;RAPGEF2;GAS6;PLCB1;SOS1;CD44;RAMP3;ROCK1;ROCK2;NRXN1;THBS1;GPNMB;P2RY1;PTK2B;CD74;NTRK2;ANGPT1;EGF;CARD9;PTPN11;SOD1;SLCO3A1;TAOK3;TAOK1;LEP;GHRL;CCM2;LAMTOR1,Positive Regulation of MAPK Cascade (GO:0043410)
GO:0051240,0.4863948,1.375625,4.683674,APP;SERPINE1;CLSTN1;ENO1;TSKU;IGF1R;RPS19;HADH;ACVR1;PRKAB2;ACSL1;FST;F2R;PRKCA;PRKAB1;BSCL2;PLA2R1;PPIB;S100A9;LPL;RTN4;SDCBP;TBXA2R;PDGFC;APOE;DECR1;TRPM4;SMAD2;TGFB2;TGFB1;CADM1;CRTAM;TRPV2;EIF2AK2;INHBA;PTK2;COL1A1;DAB2;RGCC;BMP1;PROC;AGO2;CNOT3;GNAS;OGT;FERMT2;ACHE;NUMA1;TGFB1I1;PIK3CG;C1QTNF3;CPT2;GLIPR2;C1QBP;ITGAX;FLOT1;LBP;CD36;JAK2;APPL2;TAPT1;FGB;FGA;BTN3A1;SYK;ACTL6A;FGG;IL18;APOA5;ADRA2A;VAMP8;FGR;VAMP7;MMRN2;DSG2;GAS6;PLCB1;GAPDH;PRKAA1;TNXB;ROCK1;CXCR4;AGPAT1;AGPAT2;GPNMB;MFN2;STAT6;RBBP7;LDLR;DYNC1H1;ANGPT2;ANGPT1;EGF;CARD9;NDUFA2;PTPN11;LILRB2;SORL1;MTOR;SOD1;GATM;FABP4;FABP5;APOC2;LEP;MFAP2;CTNNB1;SAA2;GHRL,Positive Regulation of Multicellular Organismal Process (GO:0051240)
GO:0006511,0.4882739,1.32527,4.50319,UBE3C;UBE3A;UBE2L3;PSMD8;PSMD9;HERC4;PSMD6;PSMD7;PSMD4;TRIM28;PSMD2;PSMD3;WDR91;FBXO4;PSMD1;TRIM25;FBXO7;SKP1;KCMF1;NHLRC3;ARRDC1;UBE4B;ARMC8;TOM1L1;KCTD10;TBL1XR1;CHMP4B;PLAA;RBCK1;SQSTM1;VPS28;PSMD12;VCP;PSMD11;TSG101;CUL5;PSMD14;PSMD13;UBA6;CUL3;UBR4;UBR1;BAG6;ATXN3;RNF213;SHARPIN;PCBP2;PSMF1;UBE2H;UBE2C;COPS3;NSFL1C;NPLOC4;PROC;TOLLIP;CHMP2B;CHMP2A;UBA1;UBE2K;GSK3B;RNF11;GSK3A;UBXN1;PPP1R11;RNF14;FAF1;ARRB1;ARRB2;PTPN23;CHMP1B;CHMP1A;ARIH2;UFD1;ELOC;GET4;DTX3L;RAD23A;VPS37A;VPS37B;RAD23B;SIRT2;DDB1;PSMA5;PSMA6;PSMA3;PSMA4;PSMA1;PSMA2;GAN;CHMP6;CHMP5;WDR26;VPS4B;VPS4A;NEDD8;CBL;PSMA7;PSMB10;PSMB6;DNAJB2;PCNP;PSMB7;PSMB4;ZNRF2;SH3BGRL;PSMB5;RMND5A;PSMB2;OS9;PSMB3;HECTD3;PSMB1;MVB12B;ZSWIM8;UBQLN1;DCAF11;UBQLN2;UBL4A;ATE1;CRBN;USP9X;HUWE1;PSMB8;PSMB9;CUL4A;PSMC5;ITCH;PSMC6;PSMC3;PSMC4;PSMC1;NEDD4;GID8;PSMC2;CTNNB1;STUB1,Ubiquitin-Dependent Protein Catabolic Process (GO:0006511)
GO:0034113,0.48995,2.882822,9.726687,ITGB1;VCAM1;ITGA4;JUP;ITGB3;ITGB2;LILRB2;CD2;ITGAX;PKP2;ITGA7;ITGAV;MADCAM1;DSG2;CD58;ITGA5;JAM3,Heterotypic Cell-Cell Adhesion (GO:0034113)
GO:0032272,0.48995,2.882822,9.726687,PRKCD;TWF2;TBCD;TWF1;CYRIB;SSH3;TUBB4A;EML2;SSH1;CDH5;TMSB4X;STMN1;MYADM;MAPRE1;PFN1;SNCA;METAP2,Negative Regulation of Protein Polymerization (GO:0032272)
GO:0010604,0.48995,2.882822,9.726687,NSF;APP;MTPN;PTPN1;RAMP3;TGFB1;CSF1;ANXA2;DTX3L;ECE1;SCRIB;INHBA;ITCH;AKT1;SNCA;EIF4G1;VAMP3,Positive Regulation of Macromolecule Metabolic Process (GO:0010604)
GO:0071677,0.48995,2.882822,9.726687,APP;CSF1;SERPINE1;MOSPD2;ANO6;PLA2G7;RTN4;LGALS3;C1QBP;CCL5;LGALS9;CALR;CD47;GAS6;JAM3;LGMN;S100A7,Positive Regulation of Mononuclear Cell Migration (GO:0071677)
GO:0032886,0.48995,2.882822,9.726687,IGBP1;GSK3B;MACF1;GSK3A;PRKAA1;ROCK1;BICD2;HDAC6;CYLD;DIAPH1;PROC;FNTA;TAOK1;CLASP1;MARK2;CLASP2;SNCA,Regulation of Microtubule-Based Process (GO:0032886)
GO:0045664,0.48995,2.882822,9.726687,APP;NLGN1;ROCK1;BMP7;RHOA;IMPACT;RELN;BIN1;CPNE1;VWC2;NRCAM;ARHGEF2;CALR;CDK5RAP3;YWHAG;YWHAH;FGFR1,Regulation of Neuron Differentiation (GO:0045664)
GO:0098927,0.48995,2.882822,9.726687,BECN1;ANKRD27;STX8;PIK3R4;LMTK2;PTPN23;HOOK3;SNF8;RAB11A;EEA1;MYO1D;DYNC1LI1;WDR91;PIK3C3;RAB11FIP3;RAB5A;RAB7A,Vesicle-Mediated Transport Between Endosomal Compartments (GO:0098927)
GO:0007169,0.510306,1.390617,4.59325,CSF1;CLSTN1;IRS2;IGF1R;ZFYVE27;UBASH3B;AKT2;NAMPT;STMN1;AKT1;ANKS1A;PDGFRB;PDGFRA;DOK1;DOK2;DOK3;MAPKAPK3;CD8A;MAPKAPK2;TYRO3;PRKD2;GPLD1;CSF1R;SHC1;PDGFA;PIK3R1;KALRN;EFNB1;PDGFD;PDGFC;LYN;YES1;IGF1;PTK2;FIBP;FER;PROC;CASS4;GRB2;FGFR4;FGFR3;MUC20;FGFR2;FGFR1;NRP1;GSK3B;C2CD5;GSK3A;FLT4;HSPB1;PTPRJ;IDE;PIK3CB;PTPRG;CASP3;NCK2;AP3S1;JAK2;APPL1;NCK1;SLC39A14;MMP9;MTSS1;VAV1;FGR;HCK;LCK;KIT;RAPGEF2;LCP2;ARHGEF7;PLCB1;SOS1;CRK;ANGPTL1;DDR2;SRC;MVP;RELA;MAPK1;PTK2B;SHOC2;FYN;NTRK2;ANGPT2;ANGPT1;SORT1;STAT3;VEGFC;PTPN11;BAIAP2;MAPK14;MYO1E;RAB14;AXL;PKN2;PKN1;FRK,Cell Surface Receptor Protein Tyrosine Kinase Signaling Pathway (GO:0007169)
GO:0016339,0.510306,2.577923,8.507852,NLGN1;NRXN1;PCDHGC3;PCDHB14;CDH8;CDH6;CDH5;CDH2;PCDHB2;SELL;CDH10;CDH11;SELENOP;CDH23;CDH13;DCHS1;CDH15;CDH17;CDH19,Calcium-Dependent Cell-Cell Adhesion via Plasma Membrane Cell Adhesion Molecules (GO:0016339)
GO:0045048,0.510306,2.577923,8.507852,UBL4A;TRAM1;CAMLG;MMGT1;CCDC47;SGTA;EMC10;TMCO1;SEC61A1;NCLN;WNK1;EMC1;EMC2;EMC3;EMC7;GET3;EMC8;NOMO1;GET4,Protein Insertion Into ER Membrane (GO:0045048)
GO:0034446,0.510306,2.577923,8.507852,LAMA5;ITGA4;ITGB3;FN1;ILK;LAMB1;LAMC1;PIK3R1;PARVB;RHOA;FER;PARVG;MICALL2;TYRO3;ITGAV;SRGAP2;FERMT2;FERMT3;VAMP3,Substrate Adhesion-Dependent Cell Spreading (GO:0034446)
GO:0072378,0.510306,4.067771,13.35818,FGB;FGA;GP9;THBD;F8;GP1BB;FGG;F13A1;FLNA;FBLN1;GP1BA;GP5,"Blood Coagulation, Fibrin Clot Formation (GO:0072378)"
GO:0030101,0.510306,4.067771,13.35818,BAG6;CD2;CASP8;FCGR3B;PTPRC;SNX27;PRDX1;CLSTN1;RABL3;FYN;CD48;VAV1,Natural Killer Cell Activation (GO:0030101)
GO:0050867,0.510306,4.067771,13.35818,GP9;GP1BB;PLEK;RPS6KA1;SELENOP;PLA2G4A;FLNA;GP1BA;SVEP1;PEAR1;JAK2;GP5,Positive Regulation of Cell Activation (GO:0050867)
GO:1903055,0.510306,4.067771,13.35818,EFEMP2;TGFB1;TNXB;RGCC;FSCN1;EMILIN1;MELTF;IER3IP1;COLGALT1;CLASP1;CLASP2;DDR2,Positive Regulation of Extracellular Matrix Organization (GO:1903055)
GO:0046427,0.510306,4.067771,13.35818,NOTCH1;WDR48;LEP;CAMK2A;F2R;KIT;OCIAD1;PTK2B;TYK2;JAK2;CRLF3;IL7R,Positive Regulation of Receptor Signaling Pathway via JAK-STAT (GO:0046427)
GO:0072376,0.510306,4.067771,13.35818,FGB;FGA;GP9;THBD;F8;GP1BB;FGG;F13A1;FLNA;FBLN1;GP1BA;GP5,Protein Activation Cascade (GO:0072376)
GO:0010743,0.510306,4.067771,13.35818,CETP;MAPK9;CSF1;CSRP1;ITGB3;IL18;LPL;ITGAV;CD36;APOB;NFKB1;PF4,Regulation of Macrophage Derived Foam Cell Differentiation (GO:0010743)
GO:0050728,0.510306,1.766187,5.785087,APCS;TNFAIP6;SRC;MIA3;FURIN;UACA;FXR1;CDH5;C1QTNF3;SHARPIN;RPS19;TMSB4X;VPS35;FYN;APOE;TRIM65;ELANE;GIT1;LYN;YES1;SYK;PRKCD;RHBDF2;STAT3;IGF1;MAPK14;NFKB1;FGR;CYLD;HCK;PROC;LPCAT3;OTULIN;TYRO3;GNAS;SAA2;GHRL;PTPN6;HLA-DRB1,Negative Regulation of Inflammatory Response (GO:0050728)
GO:0050852,0.510306,1.79506,5.842887,RNF31;KHDRBS1;STOML2;CLSTN1;PTPRJ;IKBKB;PLCG2;CSK;FYN;IKBKG;EIF2B1;MAP3K7;ICOSLG;CD276;EIF2B5;EIF2B4;EIF2B3;EIF2B2;FYB1;BTN3A1;RIPK2;RFTN1;BTN3A2;HLA-A;PTPRC;TEC;CD8A;LCK;WNK1;TRAF6;BTK;LCP2;PRKD2;RBCK1;CD247;HLA-DRB3;HLA-DRB1,T Cell Receptor Signaling Pathway (GO:0050852)
GO:0031348,0.510306,1.79506,5.842887,TNFAIP6;MIA3;UACA;FXR1;CDH5;C1QTNF3;SHARPIN;C1QBP;TMSB4X;PCBP2;LONP1;BANF1;VPS35;APOE;TRIM21;TRIM65;ELANE;ATG5;PARP1;PRKCD;STAT3;TRAFD1;IRAK3;NMI;REXO2;YWHAZ;NFKB1;CYLD;PPM1B;ITCH;PROC;LPCAT3;OTULIN;TYRO3;SAA2;GHRL;PTPN6,Negative Regulation of Defense Response (GO:0031348)
GO:0030218,0.510306,2.374717,7.725408,HSPA9;LYN;DMTN;MPIG6B;UBA5;SLC1A5;INHBA;EPX;TGFBR3;RPS14;UFL1;RPS19;CASP3;KIT;ACIN1;HCLS1;NCKAP1L;JAK2;SLC25A5;ZFPM1;CDK5RAP3,Erythrocyte Differentiation (GO:0030218)
GO:0032729,0.510306,2.374717,7.725408,BTN3A1;IL1R1;EBI3;CRTAM;NDUFA2;IL18;SCRIB;BTN3A2;HLA-A;TYK2;CYRIB;HSPD1;CD2;SLC7A5;SLAMF6;LGALS9;JAK2;HLA-DRB3;ZFPM1;HLA-DPA1;CD276,Positive Regulation of Type II Interferon Production (GO:0032729)
GO:0006623,0.510306,2.374717,7.725408,SCARB2;BECN1;VPS13C;VPS4A;PIK3R4;M6PR;VPS13A;GCC2;VPS37A;VPS37B;SORL1;AP4M1;AP3M1;GGA3;HGS;NEDD4;VPS8;VPS41;PIK3C3;SQSTM1;RAB7A,Protein Targeting to Vacuole (GO:0006623)
GO:0007265,0.510306,2.229621,7.189072,USP8;RALA;RALB;KSR1;PRKCSH;PARK7;IGF1;RASGRP2;CRKL;DOK1;SHTN1;DOK2;DOK3;RRAS;GRAP2;G3BP1;CDK2;GNB1;G3BP2;RAPGEF2;GRB2;SOS1;RGL2,Ras Protein Signal Transduction (GO:0007265)
GO:1903008,0.510306,2.229621,7.189072,MCTS1;HBS1L;PRKAA1;VCP;PTGES2;FAF2;TRIP4;KLC1;HDAC6;GOLGA2;UFL1;DDRGK1;KIF5B;STX5;PLIN3;ASCC2;DENR;ASCC3;MAP4;PELO;TRIM21;MRRF;CDK5RAP3,Organelle Disassembly (GO:1903008)
GO:0051258,0.510306,2.229621,7.189072,FGB;WASHC5;FGA;GPX4;UBE2C;FGG;WAS;ARHGAP6;CKAP5;DNM2;VIL1;DIAPH1;INF2;ZNF207;MICALL2;CHMP2A;CHMP4B;MAP4;JAK2;WASF1;UBE2K;WASF3;WASHC3,Protein Polymerization (GO:0051258)
GO:0009150,0.510306,2.229621,7.189072,HSPA8;GMPR2;EFL1;OLA1;GNAI3;ABHD14B;AK3;AMPD2;ATP1B1;NT5C2;GTPBP1;CLPX;TPST2;SULT1A1;TPST1;HINT1;NT5E;BPNT1;HPRT1;ADSS2;NADK;RAN;MYH7,Purine Ribonucleotide Metabolic Process (GO:0009150)
GO:0051336,0.510306,2.229621,7.189072,VAV3;NTRK2;NPM1;RABGAP1;CAMK2A;RDX;VAV1;PTK2;SERPINA5;SOD1;FGD3;FGD4;OAS3;PDE3A;PLXNB2;RAB3GAP2;CRK;CDK5RAP3;PRKG1;TBC1D15;RAB3GAP1;TBC1D10B;REPS1,Regulation of Hydrolase Activity (GO:0051336)
GO:0009891,0.510306,1.913378,6.142847,APP;MTPN;HSP90AB1;PRKAG1;PRKAG2;MIA3;PARK7;PIK3CB;CLU;RPTOR;PRDX5;MLST8;PLCG2;AKT1;ASL;CD36;APOE;HSP90AA1;TGFB1;F2R;RAB27A;SUCO;ASS1;MTOR;DDB1;RGCC;DDAH1;DDAH2;FASN;PRKD2;VIM,Positive Regulation of Biosynthetic Process (GO:0009891)
GO:0008154,0.510306,2.120845,6.804822,WASHC5;WDR1;WIPF1;FLII;TWF2;WAS;TWF1;ARHGAP6;MICAL1;MICALL2;JAK2;WASF1;WASF3;WASHC3;VASP;SVIL;MICAL3;DSTN;ENAH;VIL1;DIAPH1;INF2;ABI2;EVL;GHRL,Actin Polymerization or Depolymerization (GO:0008154)
GO:0006006,0.510306,2.120845,6.804822,CRTC2;ADPGK;LRP5;IRS2;ENO1;ENO2;ENO3;HECTD4;PGK1;SLC37A4;PGM1;PCK2;UBL4A;MAP4K2;TPI1;DCXR;GAA;SORD;HOOK3;SLC39A14;RBP4;PROC;SLC25A10;GHRL;FBN1,Glucose Metabolic Process (GO:0006006)
GO:0002221,0.510306,2.120845,6.804822,FCN1;YWHAE;BECN1;COLEC11;FCN3;COLEC10;DDX3X;LY96;CTSS;IPO5;RPS6KA3;TBK1;PLCG2;TRIM25;LBP;MAP3K7;MBL2;SYK;NDUFA2;IRAK4;MAVS;MAPKAPK3;STING1;TRAF6;MAPKAPK2,Pattern Recognition Receptor Signaling Pathway (GO:0002221)
GO:0032388,0.510306,2.120845,6.804822,MTMR2;NUMA1;MLC1;PTPN23;RAB21;FYCO1;PDCD10;TPR;VPS11;DYNC1H1;ACTN2;EIPR1;B3GAT3;CEP131;RDX;MSN;SORL1;EHD1;EHD2;DAB2;ASPH;TBC1D20;NEDD4;ERGIC3;EZR,Positive Regulation of Intracellular Transport (GO:0032388)
GO:0002237,0.510306,2.120845,6.804822,HMGB2;LY96;C4B;PRDX3;RPS6KA3;FBXO3;LBP;LGALS9;HNRNPA0;SNCA;F2R;NDUFA2;ERBIN;IRAK3;CYRIB;PM20D1;ADAM17;FER;MAPKAPK3;MAPKAPK2;SELENOP;TAB2;S100A8;IFNAR1;S100A7,Response to Molecule of Bacterial Origin (GO:0002237)
GO:1900024,0.510306,1.968666,6.306774,DOCK5;NRP1;ILK;CIB1;FBLN1;TRIOBP;CRKL;CORO1C;CDC42;C1QBP;FLNA;FGB;FGA;CARMIL1;DMTN;FGG;ACTN4;PTK2;MYADM;PKP2;CASS4;CALR;MELTF;P4HB;ARHGEF7;CRK;DOCK1;FERMT2;LIMS1,Regulation of Substrate Adhesion-Dependent Cell Spreading (GO:1900024)
GO:0006629,0.510306,1.432719,4.577683,DGKG;B4GALT1;PITPNB;DGKA;PITPNA;DBI;CLU;PIP4P1;ABHD11;TMEM43;LIPG;CPNE1;CD36;CPT1A;GGPS1;GPX4;HMGCS1;ACSL1;ACSL4;OCRL;ACSL3;HSPG2;DGKZ;SIRT2;ACLY;BDH1;PCCA;ACOX1;AGPS;ANGPTL8;PCCB;ANGPTL3;PLAA;PLIN1;LPA;PAFAH1B3;PLCB2;MGLL;PAFAH1B2;UGT2B7;CES1;PLA1A;SLC27A4;PRKAA1;ACSS2;MGST3;MTTP;MGST2;LPL;LCAT;ALOX12;AGPAT1;AGPAT2;HSD17B10;LRP8;HMGCL;ATP5F1A;APOF;RICTOR;LDLR;PLTP;UBL4A;PNPLA8;PTGES2;MBOAT7;APOC4;MBOAT2;DHCR24;ACADSB;ACSF2;DHRS4;PM20D1;BCKDK;NCEH1;FABP5;FASN;LPCAT3;LEP;PDE3A;LPIN2,Lipid Metabolic Process (GO:0006629)
GO:0051260,0.510306,1.64509,5.221557,APP;ATL3;SHMT2;SHMT1;ITPR1;ITLN1;MOSPD2;SLC1A5;ELAVL1;HSD17B10;CRYZ;COMP;GOLGA2;ALAD;SPAST;BASP1;G3BP2;APPL2;TGM2;TRPM4;GSDMD;PNPT1;PDCD6IP;SCARA5;MLKL;FUS;PRMT1;RIPK2;CARD8;OSBPL2;CARD9;ACOT13;SOD2;DNM1;EHD1;LETM1;EHD3;EHD4;CHMP2A;PRKD2;HPRT1;SSBP1;MICU1;S100A9;RBMX;ALDH9A1,Protein Homooligomerization (GO:0051260)
GO:0044331,0.510306,3.164239,9.918734,CTNND1;CDH8;CDH6;CDH5;FER;CDH2;CDH10;CDH11;CDHR2;CDH13;CTNNB1;CDH15;CDH17;CDH19,Cell-Cell Adhesion Mediated by Cadherin (GO:0044331)
GO:0030032,0.510306,3.164239,9.918734,ITGB1;P2RY12;CYFIP1;CARMIL1;DMTN;PARVB;CCDC88A;ABLIM3;KIT;CDH13;SRGAP2;ARHGEF7;VCL;ARHGEF6,Lamellipodium Assembly (GO:0030032)
GO:1902410,0.510306,3.164239,9.918734,PDCD6IP;IST1;VPS4B;VPS4A;RHOA;SPART;CHMP1B;ZFYVE19;CHMP1A;CHMP2B;CHMP2A;CHMP4B;CHMP6;CHMP5,Mitotic Cytokinetic Process (GO:1902410)
GO:0042267,0.510306,3.164239,9.918734,TUBB;PIK3CB;PIK3R1;TUBB4B;CORO1A;LYST;VAV1;CD2;FCGR3B;VAMP7;KIF5B;CD226;GRB2;NECTIN2,Natural Killer Cell Mediated Cytotoxicity (GO:0042267)
GO:0099024,0.510306,3.164239,9.918734,ITGAM;ITGB2;ARHGAP25;RHOA;CDC42;MARCO;SNX18;VAMP7;BIN2;ELMO1;MYH9;SNX9;CD36;DOCK1,Plasma Membrane Invagination (GO:0099024)
GO:0045639,0.510306,3.164239,9.918734,STAT5B;PRKDC;PRMT1;STAT1;TESC;STAT3;HMGB2;MIA3;INHBA;MAPK14;MTURN;FES;PITHD1;NCKAP1L,Positive Regulation of Myeloid Cell Differentiation (GO:0045639)
GO:1904358,0.510306,3.164239,9.918734,CCT3;CCT2;HSP90AA1;PTGES3;CCT6A;HNRNPA2B1;TCP1;FBXO4;HNRNPD;CTNNB1;CCT8;CCT7;CCT5;CCT4,Positive Regulation of Telomere Maintenance via Telomere Lengthening (GO:1904358)
GO:2000641,0.510306,3.164239,9.918734,MAP2K1;MTMR2;MAP2K2;SRC;RDX;SNX12;MSN;DNAJC13;PTPN23;RAB21;SNX3;VPS11;MAPK1;EZR,Regulation of Early Endosome to Late Endosome Transport (GO:2000641)
GO:0030947,0.510306,3.164239,9.918734,NRP1;PTPN1;PRKCB;ITGB3;PDCD6;MIA3;VTN;MMRN1;HGS;NEDD4;MMRN2;EMILIN1;PRKD2;ITGA5,Regulation of Vascular Endothelial Growth Factor Receptor Signaling Pathway (GO:0030947)
GO:0050982,0.510306,6.099323,19.02808,TTR;JUP;CDH2;PECAM1;CTNNB1;PIEZO1;PRKD2;PKD1;PTK2,Detection of Mechanical Stimulus (GO:0050982)
GO:0090162,0.510306,6.099323,19.02808,CDC42;RAP2A;OPHN1;PARD3;MYO18A;MSN;EZR;RHOA;CYTH1,Establishment of Epithelial Cell Polarity (GO:0090162)
GO:0009064,0.510306,6.099323,19.02808,ALDH4A1;PM20D1;GCLC;ALDH5A1;DGLUCY;GOT2;ALDH18A1;GCLM;NIT2,Glutamine Family Amino Acid Metabolic Process (GO:0009064)
GO:0061620,0.510306,6.099323,19.02808,MAP4K2;PFKL;PGK1;ENO1;HOOK3;ENO2;ENO3;PFKM;PFKP,Glycolytic Process Through Glucose-6-Phosphate (GO:0061620)
GO:0030219,0.510306,6.099323,19.02808,GP9;MPIG6B;GP1BB;UBA5;KIT;FLNA;GP1BA;GP5;ZFPM1,Megakaryocyte Differentiation (GO:0030219)
GO:1905907,0.510306,6.099323,19.02808,VBP1;PFDN1;PFDN2;PFDN4;CLU;HSPG2;LDLR;PFDN5;PFDN6,Negative Regulation of Amyloid Fibril Formation (GO:1905907)
GO:1900047,0.510306,6.099323,19.02808,THBD;VTN;PROC;SERPINE2;SERPINE1;APOE;TFPI;KNG1;PF4,Negative Regulation of Hemostasis (GO:1900047)
GO:0032413,0.510306,6.099323,19.02808,CAMK2D;CAB39;NEDD4;STK39;PCSK9;GOPC;EPX;MMP9;ADRA2A,Negative Regulation of Ion Transmembrane Transporter Activity (GO:0032413)
GO:0045834,0.510306,6.099323,19.02808,RPTOR;CLSTN3;EEF1A2;MLST8;ANGPTL3;AKT1;APOE;APOA5;MTOR,Positive Regulation of Lipid Metabolic Process (GO:0045834)
GO:2000810,0.510306,6.099323,19.02808,IKBKB;TJP1;CLDN5;MYO1E;ROCK1;ROCK2;GDF2;PRKCA;F11R,Regulation of Bicellular Tight Junction Assembly (GO:2000810)
GO:0055117,0.510306,6.099323,19.02808,CHGA;BMP10;ATP2A2;STC1;PRKCA;SRI;ATP1B1;PIK3CG;SLC9A1,Regulation of Cardiac Muscle Contraction (GO:0055117)
GO:0010882,0.510306,6.099323,19.02808,CAMK2D;GSTM2;ASPH;GSTO1;HRC;ATP2A2;PRKCA;ATP1B1;SLC9A1,Regulation of Cardiac Muscle Contraction by Calcium Ion Signaling (GO:0010882)
GO:0061178,0.510306,6.099323,19.02808,PPP3CB;STX4;GCG;SRI;ADRA2A;C2CD2L;GPLD1;HLA-DRB1;TRPM4,Regulation of Insulin Secretion Involved in Cellular Response to Glucose Stimulus (GO:0061178)
GO:0043030,0.510306,6.099323,19.02808,CD74;KARS1;SPHK1;SHPK;MYO18A;LBP;THBS1;S100A9;HSPD1,Regulation of Macrophage Activation (GO:0043030)
GO:0051966,0.510306,6.099323,19.02808,FXR1;NLGN1;NLGN2;RELN;OPHN1;CDK5;NRXN1;PTK2B;SHANK3,"Regulation of Synaptic Transmission, Glutamatergic (GO:0051966)"
GO:0014706,0.510306,6.099323,19.02808,IGSF8;SVIL;MYL6;RBP4;PRMT1;MYH14;MYL6B;NDUFV2;BMP7,Striated Muscle Tissue Development (GO:0014706)
GO:0006177,0.510306,inf,inf,ATIC;GMPS;HPRT1;GART;PAICS;PFAS,GMP Biosynthetic Process (GO:0006177)
GO:0006188,0.510306,inf,inf,ATIC;AMPD2;HPRT1;GART;PAICS;PFAS,IMP Biosynthetic Process (GO:0006188)
GO:0042590,0.510306,inf,inf,IKBKB;MFSD6;FCER1G;LNPEP;HLA-A;IFI30,Antigen Processing and Presentation of Exogenous Peptide Antigen via MHC Class I (GO:0042590)
GO:0009066,0.510306,inf,inf,MSRA;MTHFD1;GOT2;MTHFR;NIT2;ASS1,Aspartate Family Amino Acid Metabolic Process (GO:0009066)
GO:0071870,0.510306,inf,inf,GNG2;APLP1;GNB1;GNAS;ADCY6;TGM2,Cellular Response to Catecholamine Stimulus (GO:0071870)
GO:0034312,0.510306,inf,inf,QDPR;ASAH1;SPTLC1;SPTLC2;AGK;SPHK1,Diol Biosynthetic Process (GO:0034312)
GO:0061154,0.510306,inf,inf,BSG;CSNK2B;CTNNB1;CCM2;PRKD2;RHOA,Endothelial Tube Morphogenesis (GO:0061154)
GO:0045198,0.510306,inf,inf,CDC42;RAP2A;OPHN1;MSN;EZR;RHOA,Establishment of Epithelial Cell Apical/Basal Polarity (GO:0045198)
GO:0046847,0.510306,inf,inf,DNM3;FGD3;FGD4;EZR;SRGAP2;PPP1R9B,Filopodium Assembly (GO:0046847)
GO:0002315,0.510306,inf,inf,DOCK10;LFNG;NOTCH2;DOCK11;MFNG;PTK2B,Marginal Zone B Cell Differentiation (GO:0002315)
GO:0002313,0.510306,inf,inf,NOTCH2;DOCK10;LFNG;DOCK11;MFNG;PTK2B,Mature B Cell Differentiation Involved in Immune Response (GO:0002313)
GO:0072132,0.510306,inf,inf,SMAD2;ADAMTS5;TGFB2;NOTCH1;PROC;ENG,Mesenchyme Morphogenesis (GO:0072132)
GO:0045445,0.510306,inf,inf,ITGB1;DDX5;JAG1;NOTCH1;SDC1;IGF1,Myoblast Differentiation (GO:0045445)
GO:0030517,0.510306,inf,inf,PTPRS;SEMA6D;DIP2B;KIAA0319;RTN4;METAP2,Negative Regulation of Axon Extension (GO:0030517)
GO:0051444,0.510306,inf,inf,RPL5;BAG5;DTX3L;RPS7;RPL23;RPL11,Negative Regulation of Ubiquitin-Protein Transferase Activity (GO:0051444)
GO:0038060,0.510306,inf,inf,GUCY1A1;GUCY1B1;ATP2B4;APOE;CD36;THBS1,Nitric oxide-cGMP-mediated Signaling (GO:0038060)
GO:0016559,0.510306,inf,inf,FIS1;PEX19;ACOX1;PEX11B;DNM1L;MFF,Peroxisome Fission (GO:0016559)
GO:2000601,0.510306,inf,inf,CYFIP1;NCKAP1;BRK1;WASF1;WASF2;WASF3,Positive Regulation of Arp2/3 Complex-Mediated Actin Nucleation (GO:2000601)
GO:2000516,0.510306,inf,inf,CD81;NCKAP1L;PRKCQ;LGALS9;HLA-DRB3;HLA-DRB1,"Positive Regulation of CD4-positive, Alpha-Beta T Cell Activation (GO:2000516)"
GO:0002842,0.510306,inf,inf,PNKD;PRKAA1;HLA-DRB3;HLA-DRB1;YWHAG;HSPD1,Positive Regulation of T Cell Mediated Immune Response to Tumor Cell (GO:0002842)
GO:0055023,0.510306,inf,inf,TGFBR3;BMP10;NOTCH1;LONP1;IGF1;FGFR2,Positive Regulation of Cardiac Muscle Tissue Growth (GO:0055023)
GO:0010763,0.510306,inf,inf,ITGB1;DMTN;TGFB1;THBS1;PTK2;DDR2,Positive Regulation of Fibroblast Migration (GO:0010763)
GO:0045687,0.510306,inf,inf,NOTCH1;TGFB1;SERPINE2;PTPRZ1;CXCR4;DICER1,Positive Regulation of Glial Cell Differentiation (GO:0045687)
GO:0045823,0.510306,inf,inf,CHGA;GSK3A;TGFB2;HRC;ATP2A2;TRPM4,Positive Regulation of Heart Contraction (GO:0045823)
GO:0043302,0.510306,inf,inf,FGR;ITGAM;LAMP1;ITGB2;STX4;HLA-F,Positive Regulation of Leukocyte Degranulation (GO:0043302)
GO:0051968,0.510306,inf,inf,NLGN1;NLGN2;RELN;NRXN1;PTK2B;SHANK3,"Positive Regulation of Synaptic Transmission, Glutamatergic (GO:0051968)"
GO:0038026,0.510306,inf,inf,STAT5A;RELN;FYN;VLDLR;LRP8;PAFAH1B1,Reelin-Mediated Signaling Pathway (GO:0038026)
GO:0043470,0.510306,inf,inf,SCARB2;MAP4K2;EIF6;PRKAG1;PRKAG2;OGT,Regulation of Carbohydrate Catabolic Process (GO:0043470)
GO:0060632,0.510306,inf,inf,IGBP1;PROC;FNTA;LAMP1;HDAC6;METAP2,Regulation of Microtubule-Based Movement (GO:0060632)
GO:0002886,0.510306,inf,inf,LYN;SYK;FES;STXBP2;DNASE1;UNC13D,Regulation of Myeloid Leukocyte Mediated Immunity (GO:0002886)
GO:2000622,0.510306,inf,inf,SYNCRIP;NBAS;RBM8A;EIF4A3;PABPC1;HNRNPAB,"Regulation of Nuclear-Transcribed mRNA Catabolic Process, Nonsense-Mediated Decay (GO:2000622)"
GO:0097066,0.510306,inf,inf,CTSL;HPN;RDX;CTSH;CTSS;CTSB,Response to Thyroid Hormone (GO:0097066)
GO:0023061,0.510306,inf,inf,ABCC4;ADAM17;LEP;KPNA4;PCSK5;TGM2,Signal Release (GO:0023061)
GO:0034372,0.510306,inf,inf,CETP;LIPC;APOC2;LCAT;LPL;APOE,Very-Low-Density Lipoprotein Particle Remodeling (GO:0034372)
GO:0042110,0.5310052,1.720465,5.263675,CD84;CLSTN1;EBI3;PIK3R1;SLA2;TANK;PIK3CG;HSPD1;LFNG;PPP3CA;PPP3CB;CASP8;KIF13B;NCK2;SLAMF6;ICOSLG;CD276;NCK1;CD74;CRTAM;MSN;SCRIB;CTPS1;DDOST;CD2;CUL4A;FKBP1A;PTPRC;CD8A;LCK;LEP;TREML2;KIT;GRB2;PTPN6;CD247;SOS1;CD44,T Cell Activation (GO:0042110)
GO:0055090,0.5331414,2.712563,8.263285,CETP;OSBPL8;PLA2G12B;PNPLA8;APOC4;IL18;LPL;APOC3;OSBPL11;APOA5;LIPC;APOC2;ANGPTL8;ANGPTL3;APOE;MAP4K5,Acylglycerol Homeostasis (GO:0055090)
GO:0035987,0.5331414,2.712563,8.263285,ITGB5;ITGA4;COL11A1;LAMA4;COL12A1;ITGB2;FN1;LAMB1;INHBA;MMP9;VTN;MMP14;COL6A1;ITGA7;ITGAV;ITGA5,Endodermal Cell Differentiation (GO:0035987)
GO:1905476,0.5331414,2.712563,8.263285,LRRC15;DMTN;TGFB1;GDI1;CLTC;PPP2R5A;REXO2;TMEM59;DAB2;WNK1;TMBIM1;PPFIA1;NUMB;AP2M1;BCL2L1;PICALM,Negative Regulation of Protein Localization to Membrane (GO:1905476)
GO:0002711,0.5331414,2.712563,8.263285,PRKAA1;STX7;HLA-B;HLA-C;HLA-A;CYRIB;HLA-F;TANK;HSPD1;HLA-E;TRAF6;HLA-DRB3;MAP3K7;CD55;YWHAG;HLA-DRB1,Positive Regulation of T Cell Mediated Immunity (GO:0002711)
GO:0048812,0.5485983,1.522518,4.584301,APP;NCKAP1;DOCK7;CELSR2;ARHGAP35;DOCK10;ALCAM;TNN;CPNE1;NRCAM;ATP7A;RAB8A;TSC22D4;DBNL;PPP1R12A;MAP1S;RIPK2;APLP2;APLP1;MINK1;DICER1;DNM2;SHTN1;IMPACT;ACTBL2;CTTN;MAP1B;PARD3;S100A6;TNIK;ARHGEF7;PPP1R12C;SHANK3;NLGN1;ROCK1;NRXN1;IQGAP1;CDC42;SLITRK1;EPB41L3;NCKAP1L;SRGAP2;MAP4K4;ANKRD27;DTNBP1;BAIAP2;BMP7;RAB10;CDK5;TAOK3;CTNNB1;PLXNB1;PKN1;FGFR2;METAP1;METAP2,Neuron Projection Morphogenesis (GO:0048812)
GO:0120034,0.5485983,1.775715,5.34655,CYFIP1;GSK3B;NCKAP1;NRP1;RIPOR2;NLGN1;RALA;MSTN;FMR1;TWF2;BRK1;ASAP1;PIK3R1;FNBP1L;ARHGAP35;CDC42;DOCK11;MIEN1;RAC2;RAB11FIP3;WASF2;TAPT1;ACTR3;P2RY12;ACTR2;RAB3IP;ARAP1;CCDC88A;PROC;ARPC2;FSCN1;FAM98A;PFN1;AGRN,Positive Regulation of Plasma Membrane Bounded Cell Projection Assembly (GO:0120034)
GO:0051603,0.5485983,1.775715,5.34655,VCP;HM13;VPS4B;VPS4A;CTSW;NEDD8;IDE;CTSS;HDAC6;BAG6;ATXN3;CASP8;CTSL;DDI2;PSMB1;CAPN2;LONP1;ZSWIM8;CTSH;CTSF;TRIM21;CTSC;CTSB;ATE1;PDCD6IP;CLPX;DDB1;PSMA6;IRGQ;CLPP;CHMP4B;STUB1;MAN1B1;LGMN,Proteolysis Involved in Protein Catabolic Process (GO:0051603)
GO:0043413,0.5545113,2.441629,7.308911,ARFGEF1;ST6GALNAC1;COG3;PMM2;ST8SIA3;ALG2;ALG3;FUT1;DDOST;GMPPB;GOLGA2;TMEM59;DAD1;MGAT4B;ST8SIA4;ST8SIA5;ST3GAL6;ST3GAL1,Macromolecule Glycosylation (GO:0043413)
GO:0031400,0.5545113,2.441629,7.308911,LYN;NIBAN1;PRKAA1;CRTAP;PRKDC;P3H1;CIB1;DBI;FBLN1;PARK7;CORO1C;CHORDC1;DNAJC10;FKBP8;TERF2IP;TARDBP;PPIA;CDK5RAP3,Negative Regulation of Protein Modification Process (GO:0031400)
GO:0048488,0.5545113,2.441629,7.308911,ITSN2;ITSN1;STON1;STON2;AP2B1;DNM1;DNM2;DNM3;GAK;OPHN1;CDK5;SYNJ1;CANX;AP2S1;SNCG;PIP5K1C;AP2M1;SNCA,Synaptic Vesicle Endocytosis (GO:0048488)
GO:0032680,0.5617734,1.60892,4.791695,APP;DHX9;LPL;LY96;HSPB1;PTPRJ;CLU;THBS1;CX3CL1;VSIR;PPP1R9B;FXR1;FCGR3B;PLCG2;RIPK1;LGALS9;LBP;JAK2;ARFGEF2;ARG2;TGFB1;SYK;IFNGR1;NDUFA2;STAT3;IRAK3;PTPN11;DICER1;AZU1;IGF1;HLA-E;CD2;MAVS;PTPRC;FCGR2A;FRMD8;OAS3;MAPKAPK2;GHRL;PTPN6;ARHGEF2;CD47;GAS6;S100A9;PF4,Regulation of Tumor Necrosis Factor Production (GO:0032680)
GO:0042129,0.5640285,1.85119,5.501671,RIPOR2;TINAGL1;TFRC;SDC4;SLC7A1;PPP1R9B;LGALS3;GPNMB;CCL5;NCK2;NCKAP1L;VSIG4;JAK2;HLA-DPA1;NCK1;CD276;ANXA1;VCAM1;PTPN11;TYK2;LILRB2;HLA-E;CD40LG;PTPRC;CD209;LEP;CD46;IL6ST;HLA-DRB3;HLA-DRB1,Regulation of T Cell Proliferation (GO:0042129)
GO:0032465,0.5677316,2.261066,6.699973,SH3GLB1;BECN1;SVIL;CUL3;VPS4A;PIK3R4;PDXP;RHOA;RAB11A;CDC42;SPAST;ZFYVE19;GIPC1;BIRC6;PIK3C3;PKN2;ATXN10;RAB11FIP3;GIT1;BCL2L1,Regulation of Cytokinesis (GO:0032465)
GO:0060341,0.5735994,1.960369,5.778803,CAMK2D;HSP90AB1;ITGB3;VPS4A;INPPL1;PPM1F;DNAJB2;UFL1;TRIM5;TPR;RACK1;STX6;TRIM25;YWHAG;USP8;HSP90AA1;PARP1;REXO2;FKBP1A;RSL1D1;RAB14;REEP5;CAMK1;REEP6;METAP2;PICALM,Regulation of Cellular Localization (GO:0060341)
GO:0007189,0.5735994,2.035498,5.992589,CHGA;APP;RAMP3;ADRA2A;ADCY6;GNA13;ADGRD1;ADGRG1;ADGRG2;GNG2;PRKAR1B;ADGRE5;PRKAR1A;PRKAR2B;TBXA2R;PRKAR2A;GNAQ;ADGRG6;GNB1;ADGRF5;GNAS;RAPGEF2;ADGRL4;PF4,Adenylate Cyclase-Activating G Protein-Coupled Receptor Signaling Pathway (GO:0007189)
GO:0032438,0.5735994,2.035498,5.992589,PMEL;SNAPIN;HPS1;AP1B1;AP3D1;DTNBP1;HPS4;AP3B1;LYST;BLOC1S4;RAB32;AP3M1;BLOC1S5;AP1G1;BLOC1S1;BLOC1S2;PARD3;BLOC1S3;AP1S2;AP1S1;RAB38;AP3S1;APOE;AP1M1,Melanosome Organization (GO:0032438)
GO:2001243,0.5735994,2.035498,5.992589,PTPN1;DDX3X;SRC;HSPB1;TXNDC12;ENO1;PARK7;EPX;NOL3;SOD2;CLU;YBX3;MMP9;CCAR2;DNAJA1;BAG5;ARMC10;PPIF;AKT1;FYN;HYOU1;ARHGEF2;PPIA;BCL2L1,Negative Regulation of Intrinsic Apoptotic Signaling Pathway (GO:2001243)
GO:0045766,0.5800692,1.637927,4.769846,ITGB1;ECM1;PDCD6;CLSTN1;SERPINE1;HSPB1;EMC10;FUT1;THBS1;PIK3R6;RTN4;MTDH;CDH5;MYDGF;RRAS;TNN;ITGAX;CTSH;EMILIN2;EMILIN1;CD34;TGM2;JAK1;PAK4;JUP;PRKCB;ANXA3;SPHK1;GDF2;PRKCA;TJP1;PDCL3;PKM;STIM1;WNK1;AGO2;ANGPTL3;CTNNB1;PRKD2;DSG2;ITGA5,Positive Regulation of Angiogenesis (GO:0045766)
GO:0009063,0.5800692,3.727854,10.81967,MCCC2;BCKDK;ALDH6A1;ECHS1;ALDH5A1;IVD;MCCC1;DBT;ETFA;ETFB;HIBCH,Amino Acid Catabolic Process (GO:0009063)
GO:0019886,0.5800692,3.727854,10.81967,FCER1G;CTSL;CTSF;IFI30;HLA-DRB3;CTSD;CTSS;HLA-DRB1;HLA-DPA1;DNM2;LGMN,Antigen Processing and Presentation of Exogenous Peptide Antigen via MHC Class II (GO:0019886)
GO:0002495,0.5800692,3.727854,10.81967,FCER1G;CTSL;CTSF;IFI30;HLA-DRB3;CTSD;CTSS;HLA-DRB1;HLA-DPA1;DNM2;LGMN,Antigen Processing and Presentation of Peptide Antigen via MHC Class II (GO:0002495)
GO:0009083,0.5800692,3.727854,10.81967,MCCC2;BCKDK;HMGCL;ALDH6A1;ECHS1;HIBADH;IVD;MCCC1;DBT;HSD17B10;HIBCH,Branched-Chain Amino Acid Catabolic Process (GO:0009083)
GO:0044344,0.5800692,3.727854,10.81967,FIBP;RAB14;CCL5;NDNF;SHOC2;PTPN11;FGFR4;FGFR3;CD44;FGFR2;FGFR1,Cellular Response to Fibroblast Growth Factor Stimulus (GO:0044344)
GO:0030522,0.5800692,3.727854,10.81967,YWHAE;BECN1;MAVS;DDX3X;TBK1;STING1;TRAF6;STAT3;TRIM25;MAP3K7;IPO5,Intracellular Receptor Signaling Pathway (GO:0030522)
GO:1902774,0.5800692,3.727854,10.81967,VPS4B;CHMP1B;VPS4A;CHMP1A;CHMP2B;VPS41;CHMP2A;CHMP4B;CHMP6;VPS39;CHMP5,Late Endosome to Lysosome Transport (GO:1902774)
GO:1902176,0.5800692,3.727854,10.81967,TRAP1;BAG5;NONO;RACK1;HSPB1;FYN;PARK7;NOL3;SOD2;FBXO7;PPIA,Negative Regulation of Oxidative Stress-Induced Intrinsic Apoptotic Signaling Pathway (GO:1902176)
GO:1903035,0.5800692,3.727854,10.81967,APCS;PTPRS;MMRN1;CD109;SERPINE1;STAT3;EPPK1;PTPN6;CRK;GIT1;CERS2,Negative Regulation of Response to Wounding (GO:1903035)
GO:0044794,0.5800692,3.727854,10.81967,PROC;TBC1D20;VAPA;ZDHHC20;VAPB;YTHDC2;NUCKS1;PIK3C3;PPIB;IGF2R;PAIP1,Positive Regulation by Host of Viral Process (GO:0044794)
GO:1905898,0.5800692,3.727854,10.81967,BAG6;BCAP31;ATXN3;TMX1;SGTA;NCK2;UBQLN1;STUB1;PIK3R1;NCK1;UBQLN2,Positive Regulation of Response to Endoplasmic Reticulum Stress (GO:1905898)
GO:0070972,0.5800692,3.727854,10.81967,BCAP31;YWHAE;GABARAPL2;HSPA5;STING1;VAPA;PTGES2;DDRGK1;SEC16A;BCAP29;MIA3,Protein Localization to Endoplasmic Reticulum (GO:0070972)
GO:0043328,0.5800692,3.727854,10.81967,TSG101;MVB12B;VPS37A;PTPN23;SNF8;STAM;VPS37B;STAM2;VPS25;VPS36;VPS28,Prot Transport to Vacuole Inv in Ub-dep Prot Cat Proc via Multivsiclr Bdy Sorting Pway (GO:0043328)
GO:0071705,0.5811332,1.544141,4.475563,SCARB2;SLC44A1;SLC44A2;HIKESHI;MIA3;SCAMP4;CHMP1B;CHMP1A;ARL6IP5;TOM1;SLC18A2;ABCC4;ABCC1;ARRDC1;VPS33B;ATP11B;SCAMP1;SCAMP3;SCAMP2;RUFY1;RCN3;SLC7A5;MYH9;RAB38;SLC25A12;SLC29A1;RAB7A;SLC25A13;RAMP3;LMAN2L;SLC3A2;SLC1A5;SNX30;SLC7A1;HSP90B1;LRRC8D;LRRC8A;CERT1;REPS1;SLC12A2;TMEM30A;CMTM6;LRP1B;SLC6A6;SNX18;GIPC1;CHMP2B;CHMP2A;RHAG;CD320,Nitrogen Compound Transport (GO:0071705)
GO:0007010,0.5905321,1.655184,4.767321,SH3KBP1;LIMD1;ARHGAP4;CNN2;NCKIPSD;FGD3;FGD4;STRIP2;CAPZB;DPYSL2;MICAL1;EPB41L3;PACSIN2;MLST8;RAC2;PTK2B;SH3BGRL3;RICTOR;APOE;PDZD8;CLASP1;WASF3;CLASP2;PAK4;DMTN;TPM1;MICAL3;RHOG;RANBP9;TIMD4;CDC42BPB;ANK1;MTOR;DIAPH1;ARHGAP10;BIN1;TNIK;LRCH3;SIPA1,Cytoskeleton Organization (GO:0007010)
GO:0032102,0.5993032,1.552757,4.442807,APCS;PTPRS;TNFAIP6;SERPINE1;MIA3;UACA;FXR1;CDH5;C1QTNF3;SHARPIN;C1QBP;TMSB4X;PCBP2;LONP1;BANF1;VPS35;APOE;TRIM21;TRIM65;ELANE;ATG5;DUSP3;PARP1;CARD8;PRKCD;STAT3;TRAFD1;IRAK3;NMI;REXO2;YWHAZ;NFKB1;SIGIRR;CYLD;PPM1B;ITCH;PROC;MMRN1;CD109;LPCAT3;OTULIN;TYRO3;SAA2;EPPK1;GHRL;PTPN6;CRK;CERS2,Negative Regulation of Response to External Stimulus (GO:0032102)
GO:0001817,0.5993032,1.552757,4.442807,PPP1R11;CLSTN1;PLD4;AGPAT1;AGPAT2;PLD3;PIK3CG;C1QTNF3;TBK1;CASP8;CSRP1;GPNMB;CASP3;FLOT1;LGALS9;IGF2BP2;TRIM21;ICOSLG;CD276;LYN;SRGN;ANXA1;CADM1;BTN3A1;CRTAM;CARD9;NDUFA2;HLA-B;EIF2AK2;BTN3A2;ATP2B1;MAPK14;ADRA2A;SOD1;FGR;TWSG1;PTPRC;RGCC;LEP;MAPKAPK2;UFC1;SAA2;CD47;PLA2R1;S100A9;GAPDH;HLA-DRB1;TRIM56,Regulation of Cytokine Production (GO:0001817)
GO:0006446,0.6014975,1.697172,4.785317,EIF4A2;KHDRBS1;DDX3X;FMR1;DDX1;HSPB1;BZW2;BZW1;CTIF;LARP1;CCL5;TPR;EIF4H;EIF4B;PAIP1;EIF2B5;EIF5B;NPM1;EIF2B2;EIF2AK2;SCRIB;MIF4GD;MTOR;PPP1CA;DNAJC3;IMPACT;EIF5;CSDE1;EIF3H;EIF3E;EIF4E2;EIF4G3;EIF4G2;EIF3B;EIF4G1,Regulation of Translational Initiation (GO:0006446)
GO:0070372,0.6014975,1.397799,3.934463,APP;NRP1;FLT4;CIB1;ARRB1;ARRB2;PHB2;CX3CL1;CRKL;PPP3CA;GLIPR2;NAMPT;EMILIN1;CCN2;LGALS9;CD36;PDGFRB;FGB;PDGFRA;FGA;MAP2K1;DUSP3;SYK;F2R;FGG;PRKCA;NPNT;YWHAZ;MTURN;TGFBR3;TRAF7;RAPGEF2;PRKD2;EZR;GAS6;S100A9;CD44;S100A7;NOTCH2;CSF1R;RAMP3;NOTCH1;SHC1;NRXN1;PDGFA;FBLN1;RAP1A;RRAS;GPNMB;PDGFD;PDGFC;P2RY1;PTK2B;APOE;LYN;CD74;PTPN1;TGFB1;ANGPT1;CARD9;FN1;RANBP9;PTPN11;IGF1;SYNJ2BP;MARCO;DLG1;PTPRC;PTPN6;FGFR4;FGFR3;FERMT2;HLA-DRB1;FGFR2,Regulation of ERK1 and ERK2 Cascade (GO:0070372)
GO:0016525,0.6014975,1.723054,4.809517,SPARC;NAXE;ROCK1;ROCK2;SHC1;CTNND1;SERPINE1;PIK3CB;THBS2;THBS1;RELA;THBS4;STAB1;PGK1;EMILIN1;CD36;SLC12A2;TGFB2;STAT1;ATP2B4;GDF2;SYNJ2BP;HSPG2;DCN;EPN1;CLDN5;SARS1;RGCC;HGS;CTNNB1;GHRL;PTPN6;PF4,Negative Regulation of Angiogenesis (GO:0016525)
GO:0032760,0.6014975,1.723054,4.809517,APP;DHX9;HSPB1;LPL;LY96;PTPRJ;CLU;THBS1;PPP1R9B;FCGR3B;PLCG2;RIPK1;LBP;LGALS9;JAK2;ARFGEF2;TGFB1;SYK;IFNGR1;NDUFA2;STAT3;PTPN11;AZU1;HLA-E;CD2;MAVS;FCGR2A;PTPRC;FRMD8;OAS3;ARHGEF2;S100A9;PF4,Positive Regulation of Tumor Necrosis Factor Production (GO:0032760)
GO:0006734,0.6014975,2.937484,8.19377,MAP4K2;VCP;MDH1;ENO1;HOOK3;ENO2;ENO3;PFKL;PROC;PGK1;GPD1L;PFKM;PFKP,NADH Metabolic Process (GO:0006734)
GO:0097746,0.6014975,2.937484,8.19377,ROCK1;ROCK2;SRC;ECE1;PTPN11;ADCY6;KNG1;PM20D1;SCPEP1;GCLC;CSRP1;PECAM1;GCLM,Blood Vessel Diameter Maintenance (GO:0097746)
GO:0002244,0.6014975,2.937484,8.19377,LYN;TGFB1;FST;PLEK;PLD4;PRRC2C;INHBA;FSTL3;UFL1;PTPRC;ARMC6;KIT;SBDS,Hematopoietic Progenitor Cell Differentiation (GO:0002244)
GO:0061952,0.6014975,2.937484,8.19377,PDCD6IP;IST1;VPS4B;VPS4A;SPART;CHMP1B;ZFYVE19;CHMP1A;CHMP2B;CHMP2A;CHMP4B;CHMP6;CHMP5,Midbody Abscission (GO:0061952)
GO:0044788,0.6014975,2.937484,8.19377,ROCK2;ZDHHC20;NUCKS1;IGF2R;CDC42;EEA1;PROC;FASN;PI4KA;PTX3;PPIB;RAB5A;PAIP1,Modulation by Host of Viral Process (GO:0044788)
GO:0006911,0.6014975,2.937484,8.19377,ITGAM;ITGB2;TIMD4;THBS1;ARHGAP25;CDC42;MARCO;VAMP7;BIN2;ELMO1;MYH9;CD36;DOCK1,"Phagocytosis, Engulfment (GO:0006911)"
GO:0045429,0.6014975,2.937484,8.19377,APP;HSP90AA1;HSP90AB1;PIK3CB;CLU;ASS1;DDAH1;DDAH2;AKT1;ASL;PRKD2;APOE;CD36,Positive Regulation of Nitric Oxide Biosynthetic Process (GO:0045429)
GO:0006693,0.6014975,2.937484,8.19377,CD74;PNPLA8;PTGES3;PLA2G4A;PTGR1;PTGS1;PRXL2B;TBXAS1;PLAA;PTGDS;DAGLB;S100A9;CES2,Prostaglandin Metabolic Process (GO:0006693)
GO:0006611,0.6014975,2.937484,8.19377,NUP214;RANBP3;TGFB1;CSE1L;XPO7;NUTF2;PKD1;XPO1;XPO4;CHORDC1;TPR;CALR;RAN,Protein Export From Nucleus (GO:0006611)
GO:0007043,0.6014975,1.789032,4.902638,WDR1;CDH8;CDH6;CDH5;CDH2;EPB41L3;CTNNA1;PIP5K1C;JAM3;JUP;TBCD;PRKCA;RHOA;TJP1;CLDN5;CDH10;CDH11;FSCN1;PKP2;CDH13;CD9;CTNNB1;PKN2;CDH15;TLN2;TLN1;CDH17;VCL;CDH19,Cell-Cell Junction Assembly (GO:0007043)
GO:0051017,0.6014975,2.542389,6.935167,DMTN;PDXP;PAWR;BAIAP2;CORO1B;ADD2;HSP90B1;LIMD2;LIMA1;CALD1;MICAL1;FSCN1;PLS3;EZR;PLS1,Actin Filament Bundle Assembly (GO:0051017)
GO:1990138,0.6014975,2.542389,6.935167,CYFIP1;NRP1;TSC22D4;NRP2;CLSTN3;USP9X;IQGAP1;SEMA3F;PPP3CB;IMPACT;CDK5;TNN;MAP1B;CPNE1;CTNNB1,Neuron Projection Extension (GO:1990138)
GO:0032231,0.6014975,2.542389,6.935167,ROCK1;ROCK2;FHOD1;PLEK;LIMK1;RDX;WAS;TSC1;CX3CL1;MTSS1;SLC9A1;CDC42;VIL1;PFN1;SHANK3,Regulation of Actin Filament Bundle Assembly (GO:0032231)
GO:0008361,0.6014975,2.542389,6.935167,RAP1GAP2;VAV3;MTPN;PLEK;RDX;MSN;ARHGAP35;MTOR;RHOA;VAV1;RPTOR;LARS1;EZR;LAMTOR4;LAMTOR5,Regulation of Cell Size (GO:0008361)
GO:0032655,0.6014975,2.542389,6.935167,SYK;RIPK2;HLA-B;IL16;IRAK3;MAPK14;THBS1;HSPD1;CD40LG;C1QBP;PLCG2;LGALS9;CD47;PLCB1;JAK3,Regulation of Interleukin-12 Production (GO:0032655)
GO:0033146,0.6014975,2.542389,6.935167,KANK2;VPS18;WBP2;UBA5;HDAC6;STRN3;UFL1;UFM1;DDRGK1;CNOT1;CARM1;CNOT2;VPS11;PKN1;CNOT9,Regulation of Intracellular Estrogen Receptor Signaling Pathway (GO:0033146)
GO:0090199,0.6014975,2.542389,6.935167,PSMD10;GPX1;GHITM;IGF1;NOL3;CLU;MMP9;FAM162A;TNFSF10;PPIF;BAX;BID;SOS1;FXN;BCL2L1,Regulation of Release of Cytochrome C From Mitochondria (GO:0090199)
GO:0048010,0.6014975,2.542389,6.935167,NRP1;SRC;FLT4;PDCD6;HSPB1;VEGFC;MAPK14;PTK2;VAV1;MAPKAPK3;MAPKAPK2;PTK2B;FYN;PKN2;PRKD2,Vascular Endothelial Growth Factor Receptor Signaling Pathway (GO:0048010)
GO:0007162,0.6014975,1.831973,4.980794,RIPOR2;ADAMDEC1;NOTCH1;SERPINE1;MIA3;FBLN1;CX3CL1;KNG1;PPP1R9B;MUC1;PODXL;JAM3;DMTN;JAG1;ANGPT1;SEMA4D;TBCD;ADAM10;RHOA;PTK2;PTPRC;PLXNB3;CDH13;PLXNB2;PLXNB1;TGFBI;SIPA1,Negative Regulation of Cell Adhesion (GO:0007162)
GO:0051495,0.6014975,1.831973,4.980794,NCKAP1;BMP10;NUMA1;CRACD;PLEK;PDXP;CX3CL1;NCK2;PTK2B;NCKAP1L;SNX9;NCK1;VASP;CARMIL1;DYNC1H1;LIMK1;BAIAP2;MTSS1;VIL1;HCK;FER;CTTN;BIN1;EVL;PFDN2;PFN1;ARF6,Positive Regulation of Cytoskeleton Organization (GO:0051495)
GO:0018212,0.6014975,1.884496,5.089657,CSF1R;PKDCC;SRC;FLT4;EFEMP1;RELN;PTK2B;FYN;LYN;PDGFRB;PDGFRA;SYK;PTK2;FGR;TPST2;HCK;FER;FES;LCK;BTK;PTPN6;FGFR4;FGFR2;DDR2;FGFR1,Peptidyl-Tyrosine Modification (GO:0018212)
GO:0010810,0.6014975,1.884496,5.089657,ECM2;NOTCH1;ARL2;NDNF;PIK3CB;FBLN2;CX3CL1;PPM1F;CORO1C;ATXN3;AGR2;RAC2;RSU1;JAK2;DMTN;MINK1;TBCD;TSC1;NPNT;PTK2;RHOA;CCDC80;MYADM;PKP2;LIMS1,Regulation of Cell-Substrate Adhesion (GO:0010810)
GO:0042116,0.6014975,2.305403,6.214509,APP;ITGAM;CD93;SYK;IFNGR1;ITGB2;IFI35;AZU1;NMI;CLU;CX3CL1;FCER2;FCGR3B;PLCG2;LBP;JAK2;SNCA,Macrophage Activation (GO:0042116)
GO:0018210,0.6014975,2.305403,6.214509,CAMK2D;GALNT15;PRKDC;GALNT2;GALNT1;PRKCD;STK39;LMTK2;PRKCA;OXSR1;TBK1;CDK5;WNK1;CSNK2B;AKT1;MAPK1;PRKD2,Peptidyl-Threonine Modification (GO:0018210)
GO:0051050,0.6014975,2.305403,6.214509,GSK3B;DYNC1H1;C2CD5;GSK3A;ANXA1;CD151;NUMA1;ANXA2;MLC1;DAB2;TFR2;CHORDC1;FLOT1;PLAA;CDH15;APOE;SNCA,Positive Regulation of Transport (GO:0051050)
GO:1902903,0.6014975,2.305403,6.214509,APP;HSPA8;GPX1;MAP1S;INPPL1;PRUNE1;ARL2;AEBP1;PARK7;GBA2;AKAP13;EFEMP2;MAP1B;APOE;METAP1;CLASP2;METAP2,Regulation of Supramolecular Fiber Organization (GO:1902903)
GO:0032210,0.6014975,2.305403,6.214509,CCT3;CCT2;HSP90AA1;PTGES3;HNRNPU;NAT10;CCT6A;XRN1;TCP1;FBXO4;HNRNPD;CTNNB1;CCT8;HNRNPC;CCT7;CCT5;CCT4,Regulation of Telomere Maintenance via Telomerase (GO:0032210)
GO:0034314,0.6014975,5.420261,14.59959,ACTR3;ARPC2;ARPC3;ARPC1B;ARPC1A;ARPC5L;ARPC5;IQGAP2,Arp2/3 Complex-Mediated Actin Nucleation (GO:0034314)
GO:0070934,0.6014975,5.420261,14.59959,SYNCRIP;DHX9;HNRNPD;HNRNPU;IGF2BP2;PABPC1;YBX1;PAIP1,CRD-mediated mRNA Stabilization (GO:0070934)
GO:1904903,0.6014975,5.420261,14.59959,IST1;CHMP1B;VPS4B;VTA1;CHMP2B;VPS4A;CHMP2A;CHMP5,ESCRT III Complex Disassembly (GO:1904903)
GO:1904896,0.6014975,5.420261,14.59959,IST1;CHMP1B;VPS4B;VTA1;CHMP2B;VPS4A;CHMP2A;CHMP5,ESCRT Complex Disassembly (GO:1904896)
GO:0042098,0.6014975,5.420261,14.59959,PPP3CB;CADM1;DOCK8;CRTAM;EBI3;MSN;CTPS1;PIK3CG,T Cell Proliferation (GO:0042098)
GO:0006085,0.6014975,5.420261,14.59959,PDHX;ACSS2;PDHA1;PPCS;DLAT;MLYCD;PDHB;ACSS1,acetyl-CoA Biosynthetic Process (GO:0006085)
GO:0095500,0.6014975,5.420261,14.59959,GRK2;CHRNE;GNA11;GNAQ;GNB1;RGS10;PLCB1;LY6G6F,Acetylcholine Receptor Signaling Pathway (GO:0095500)
GO:0045010,0.6014975,5.420261,14.59959,ACTR3;ARPC2;ARPC3;ARPC1B;ARPC1A;ARPC5L;ARPC5;IQGAP2,Actin Nucleation (GO:0045010)
GO:0061621,0.6014975,5.420261,14.59959,MAP4K2;PFKL;PGK1;HOOK3;ENO2;ENO3;PFKM;PFKP,Canonical Glycolysis (GO:0061621)
GO:0002752,0.6014975,5.420261,14.59959,FCN1;COLEC11;COLEC10;FCN3;SYK;NDUFA2;LBP;MBL2,Cell Surface Pattern Recognition Receptor Signaling Pathway (GO:0002752)
GO:0048562,0.6014975,5.420261,14.59959,MFAP5;PDGFRA;RBP4;EFEMP1;MFAP2;RBPMS2;FGFR2;FBN1,Embryonic Organ Morphogenesis (GO:0048562)
GO:0033539,0.6014975,5.420261,14.59959,GCDH;ACADVL;IVD;ETFDH;ETFA;ACADM;ETFB;ACADS,Fatty Acid Beta-Oxidation Using acyl-CoA Dehydrogenase (GO:0033539)
GO:0008543,0.6014975,5.420261,14.59959,FIBP;RAB14;SHOC2;PTPN11;FGFR4;FGFR3;FGFR2;FGFR1,Fibroblast Growth Factor Receptor Signaling Pathway (GO:0008543)
GO:0061718,0.6014975,5.420261,14.59959,MAP4K2;PFKL;PGK1;HOOK3;ENO2;ENO3;PFKM;PFKP,Glucose Catabolic Process to Pyruvate (GO:0061718)
GO:0006123,0.6014975,5.420261,14.59959,NDUFA4;CYCS;COX7A2;COX5B;COX6A1;COX6C;COX5A;COX6B1,"Mitochondrial Electron Transport, Cytochrome C to Oxygen (GO:0006123)"
GO:0007093,0.6014975,5.420261,14.59959,BABAM1;BABAM2;RAD50;MRE11;ZFYVE19;VPS4A;BRCC3;CDK5RAP3,Mitotic Cell Cycle Checkpoint Signaling (GO:0007093)
GO:0007263,0.6014975,5.420261,14.59959,GUCY1A1;GUCY1B1;DDAH1;ATP2B4;NDNF;APOE;CD36;THBS1,Nitric Oxide Mediated Signal Transduction (GO:0007263)
GO:0001845,0.6014975,5.420261,14.59959,SRPX;RAB20;RAB14;RAB34;VPS33B;VIPAS39;CORO1A;RAB7A,Phagolysosome Assembly (GO:0001845)
GO:0030859,0.6014975,5.420261,14.59959,CDC42;RAB10;RAP2A;OPHN1;MSN;SCRIB;EZR;RHOA,Polarized Epithelial Cell Differentiation (GO:0030859)
GO:0032467,0.6014975,5.420261,14.59959,CDC42;SVIL;SPAST;WNK1;CUL3;GIPC1;PKN2;RHOA,Positive Regulation of Cytokinesis (GO:0032467)
GO:0045954,0.6014975,5.420261,14.59959,CADM1;LAMP1;CRTAM;CD226;SLAMF6;HLA-F;NECTIN2;HLA-E,Positive Regulation of Natural Killer Cell Mediated Cytotoxicity (GO:0045954)
GO:0002717,0.6014975,5.420261,14.59959,LAMP1;CADM1;CRTAM;SLAMF6;CD226;HLA-F;NECTIN2;HLA-E,Positive Regulation of Natural Killer Cell Mediated Immunity (GO:0002717)
GO:0045666,0.6014975,5.420261,14.59959,APP;IMPACT;CPNE1;VWC2;NRCAM;ARHGEF2;RHOA;FGFR1,Positive Regulation of Neuron Differentiation (GO:0045666)
GO:0046827,0.6014975,5.420261,14.59959,YWHAE;GSK3B;XPO4;BAG3;TPR;CAMK1;GAS6;EMD,Positive Regulation of Protein Export From Nucleus (GO:0046827)
GO:0032930,0.6014975,5.420261,14.59959,APP;ITGAM;TGFB1;SYK;CSRP1;ITGB2;PRKCD;SOD1,Positive Regulation of Superoxide Anion Generation (GO:0032930)
GO:0050688,0.6014975,5.420261,14.59959,ITCH;PPM1B;DHX9;ELMOD2;C1QBP;PCBP2;ZMPSTE24;ATG5,Regulation of Defense Response to Virus (GO:0050688)
GO:1902743,0.6014975,5.420261,14.59959,CDC42;VIL1;FER;DMTN;TWF2;WAS;TWF1;CD44,Regulation of Lamellipodium Organization (GO:1902743)
GO:0010880,0.6014975,5.420261,14.59959,FKBP1A;CAMK2D;GSTM2;ASPH;GSTO1;HRC;PRKCA;SRI,Regulation of Release of Sequestered Calcium Ion Into Cytosol by Sarcoplasmic Reticulum (GO:0010880)
GO:0032928,0.6014975,5.420261,14.59959,APP;ITGAM;TGFB1;SYK;CSRP1;ITGB2;PRKCD;SOD1,Regulation of Superoxide Anion Generation (GO:0032928)
GO:0019430,0.6014975,5.420261,14.59959,PRDX2;CCS;PRDX1;PARK7;SOD2;ATP7A;SOD3;SOD1,Removal of Superoxide Radicals (GO:0019430)
GO:0046496,0.6014975,1.950195,5.241066,UBL4A;MAP4K2;VCP;TPI1;NAXE;MDH1;IDH1;IDH2;ENO1;HOOK3;ENO2;ENO3;NADK2;LDHA;PFKL;PKM;PROC;TP53I3;PGK1;GPD1L;GAPDH;PFKM;PGM1,Nicotinamide Nucleotide Metabolic Process (GO:0046496)
GO:1903078,0.6014975,1.950195,5.241066,ITGB1;RAMP3;NRXN1;ZDHHC5;RHOG;ATP2B4;CIB1;PIK3R1;ATP2C1;LGALS3;PGRMC1;DLG1;CNST;CNPY4;KIF5B;RACK1;AGR2;AKT1;STX4;SQSTM1;SPTBN1;PLS1;ARF6,Positive Regulation of Protein Localization to Plasma Membrane (GO:1903078)
GO:0001837,0.6014975,2.147473,5.759188,GSK3B;DDX5;TGFB2;NOTCH1;TGFB1;ROCK1;ROCK2;LOXL3;IGF1;BMP7;HNRNPAB;TGFBR3;TRIM28;CTNNB1;S100A4;NCAM1;SOS1;FGFR1;LIMS1,Epithelial to Mesenchymal Transition (GO:0001837)
GO:1902850,0.6014975,2.147473,5.759188,DCTN6;DYNC1H1;NUDC;DCTN2;MAP1S;ILK;RMDN1;CKAP5;KIF2A;PTPRA;STMN1;TBCE;SBDS;TACC3;MAP4;KPNB1;CLASP1;RAN;CLASP2,Microtubule Cytoskeleton Organization Involved in Mitosis (GO:1902850)
GO:0043687,0.6014975,2.147473,5.759188,FN3K;UBE2F;PARP1;PRKCD;FN3KRP;ZC3HAV1;PARP9;UCHL3;SUMF1;TPST1;COPS5;CDK2;STT3A;UBA3;FAM20C;PKN1;STT3B;JAK2;UBE2M,Post-Translational Protein Modification (GO:0043687)
GO:0006163,0.6014975,2.147473,5.759188,PRPS2;UBL4A;VCP;MDH1;IDH1;IDH2;AMPD2;DNPH1;PFAS;COASY;PRPSAP1;NADK2;PRPSAP2;PROC;TP53I3;MTHFD1;GPD1L;HPRT1;GART,Purine Nucleotide Metabolic Process (GO:0006163)
GO:0051049,0.6014975,2.147473,5.759188,NRP1;PRKCSH;SAR1B;SURF4;GAPVD1;RAB11A;WDR44;DNAJA1;DYNC1LI1;SCFD1;CLDN3;CDK5;REEP5;FES;MYO6;ARL6IP5;REEP6;RAB11FIP3;SNCA,Regulation of Transport (GO:0051049)
GO:0042255,0.6014975,2.147473,5.759188,RPL5;EIF5B;NPM1;DDX3X;EIF1AX;EFL1;RPS5;NOP2;RPL11;RPSA;RPS14;RPS28;EIF5;RPS19;EIF6;C1QBP;SBDS;DHX29;EIF2A,Ribosome Assembly (GO:0042255)
GO:0071277,0.6014975,2.034717,5.453754,CLIC4;CAMK2D;NLGN1;PRKAA1;NRXN1;IQGAP1;RASGRP2;ADD1;ITPKB;CRHBP;ASPH;CPNE1;PPIF;PLCG2;CPNE3;PRKD2;CPNE2;MICU2;MICU1;SLC25A24;LGMN,Cellular Response to Calcium Ion (GO:0071277)
GO:0048762,0.6014975,2.034717,5.453754,GSK3B;DDX5;TGFB2;NOTCH1;TGFB1;ROCK1;ROCK2;LOXL3;IGF1;BMP7;HNRNPAB;LRP6;TGFBR3;TRIM28;CTNNB1;S100A4;NCAM1;SOS1;FGFR2;FGFR1;LIMS1,Mesenchymal Cell Differentiation (GO:0048762)
GO:0051310,0.6014975,2.034717,5.453754,BECN1;NUDC;PDCD6IP;DCTN2;MAP1S;CUL3;VPS4B;VPS4A;RAB11A;EML3;EML4;CHMP1B;ZW10;CHMP1A;CHMP2B;TRAPPC12;CHMP2A;CHMP4B;CHMP6;KPNB1;CHMP5,Metaphase Chromosome Alignment (GO:0051310)
GO:0007080,0.6014975,2.034717,5.453754,BECN1;NUDC;PDCD6IP;DCTN2;CUL3;VPS4B;VPS4A;RMDN1;RAB11A;EML3;EML4;CHMP1B;ZW10;CHMP1A;CHMP2B;CHMP2A;CHMP4B;CHMP6;MAPRE1;KPNB1;CHMP5,Mitotic Metaphase Chromosome Alignment (GO:0007080)
GO:0033674,0.6014975,2.034717,5.453754,MAP2K3;CD74;XRCC6;XRCC5;AGAP2;PRKAG1;IQGAP1;PTK2;RAP1A;RELN;PTPRC;EEF1A2;PTK2B;RAPGEF2;SNX9;LCP2;TAB2;GAS6;HLA-DRB1;MAP3K5;DDR2,Positive Regulation of Kinase Activity (GO:0033674)
GO:0051246,0.6014975,1.612336,4.321131,APP;CYFIP1;MTPN;CSF1;FAF1;NAT10;NOLC1;GTDC1;FURIN;NEDD8;CNDP1;ATXN2;TCOF1;WDR91;AKT1;VPS35;APOE;RPL15;EIF4E;LDLR;GCN1;EIF2A;EIF2B4;TGFB1;INHBA;LILRB2;SNF8;SSH1;FKBP1A;HGS;ANGPTL8;GEMIN5;GSAP;TMEM9;CHMP6;METAP1;EIF4G1;PICALM,Regulation of Protein Metabolic Process (GO:0051246)
GO:0043062,0.6014975,1.629091,4.309399,ITGB1;APP;COL18A1;COL15A1;ECM2;COL14A1;COL11A1;FURIN;NDNF;ADAMTS5;ADAMTS2;MMP25;ADAMTS13;ADAMTS1;ADAMTS8;ATP7A;COL28A1;POSTN;MMP7;ITGA2;APLP1;MMP3;NPNT;MMP9;MMP14;COL3A1;CCDC80;COL2A1;SPINT1;COL5A3;MMP23B;COL5A2;MMP19;COL6A6;TGFBI;MATN2,Extracellular Structure Organization (GO:0043062)
GO:0051222,0.6014975,1.648266,4.304082,ACHE;APP;TMED10;IER3IP1;ATP2C1;FYCO1;PGRMC1;CNST;TTR;PDCD10;CHORDC1;TPR;MYO18A;RACK1;APOE;DNM1L;MYH10;FGB;FGA;TGFB2;TGFB1;B3GAT3;CEP131;FGG;ACSL3;IGF1;SYTL4;CD2AP;ASPH;ERGIC3;PPIA;PPID;VPS28;ARF6,Positive Regulation of Protein Transport (GO:0051222)
GO:0044208,0.6014975,inf,inf,ATIC;ADSS2;GART;PAICS;PFAS,'De Novo' AMP Biosynthetic Process (GO:0044208)
GO:0048205,0.6014975,inf,inf,TMED9;TMED10;PTGES2;TMED2;ARFGAP3,COPI Coating of Golgi Vesicle (GO:0048205)
GO:0035964,0.6014975,inf,inf,TMED9;TMED10;PTGES2;TMED2;ARFGAP3,COPI-coated Vesicle Budding (GO:0035964)
GO:1904659,0.6014975,inf,inf,RAB4B;SORT1;SLC2A1;SLC2A3;PPBP,D-glucose Transmembrane Transport (GO:1904659)
GO:0048200,0.6014975,inf,inf,TMED9;TMED10;PTGES2;TMED2;ARFGAP3,Golgi Transport Vesicle Coating (GO:0048200)
GO:0002397,0.6014975,inf,inf,PDIA3;CALR;HLA-A;TAPBPL;TAPBP,MHC Class I Protein Complex Assembly (GO:0002397)
GO:0009952,0.6014975,inf,inf,SMAD2;BASP1;ATP6AP2;CELSR2;PCSK5,Anterior/Posterior Pattern Specification (GO:0009952)
GO:0035909,0.6014975,inf,inf,PDGFRB;EFEMP2;JAG1;MYLK;ENG,Aorta Morphogenesis (GO:0035909)
GO:0003209,0.6014975,inf,inf,NOTCH2;TGFB2;NOTCH1;ZFPM1;ENG,Cardiac Atrium Morphogenesis (GO:0003209)
GO:0071318,0.6014975,inf,inf,P2RY12;P2RY1;PDXP;HSP90B1;SSH1,Cellular Response to ATP (GO:0071318)
GO:1903351,0.6014975,inf,inf,GSK3B;GSK3A;ARRB2;GNB5;TGM2,Cellular Response to Dopamine (GO:1903351)
GO:0071350,0.6014975,inf,inf,STAT5A;STAT3;PLCB1;JAK3;JAK1,Cellular Response to Interleukin-15 (GO:0071350)
GO:0071353,0.6014975,inf,inf,STAT5A;SHPK;STAT6;JAK3;JAK1,Cellular Response to Interleukin-4 (GO:0071353)
GO:0098761,0.6014975,inf,inf,STAT5A;STAT1;IL7R;JAK3;JAK1,Cellular Response to Interleukin-7 (GO:0098761)
GO:0071355,0.6014975,inf,inf,STAT5A;STAT1;STAT3;JAK3;JAK1,Cellular Response to Interleukin-9 (GO:0071355)
GO:0097067,0.6014975,inf,inf,CTSL;RDX;CTSH;CTSS;CTSB,Cellular Response to Thyroid Hormone Stimulus (GO:0097067)
GO:0071787,0.6014975,inf,inf,RTN2;RTN3;RTN1;ZFYVE27;RTN4,Endoplasmic Reticulum Tubular Network Formation (GO:0071787)
GO:0097734,0.6014975,inf,inf,COPS5;PDCD6IP;RAB27A;CD34;RAB11A,Extracellular Exosome Biogenesis (GO:0097734)
GO:0006002,0.6014975,inf,inf,PFKL;GFPT1;HOOK3;PFKM;PFKP,Fructose 6-Phosphate Metabolic Process (GO:0006002)
GO:0035723,0.6014975,inf,inf,STAT5A;STAT3;PLCB1;JAK3;JAK1,Interleukin-15-Mediated Signaling Pathway (GO:0035723)
GO:0038111,0.6014975,inf,inf,STAT5A;STAT1;IL7R;JAK3;JAK1,Interleukin-7-Mediated Signaling Pathway (GO:0038111)
GO:0038113,0.6014975,inf,inf,STAT5A;STAT1;STAT3;JAK3;JAK1,Interleukin-9-Mediated Signaling Pathway (GO:0038113)
GO:0050892,0.6014975,inf,inf,HEPH;LEP;CD36;F11R;TJP2,Intestinal Absorption (GO:0050892)
GO:0030007,0.6014975,inf,inf,SLC12A2;YWHAE;ATP1B3;PRKCA;ATP1B1,Intracellular Potassium Ion Homeostasis (GO:0030007)
GO:0070486,0.6014975,inf,inf,SEMA4D;RAC2;S100A9;CD44;S100A8,Leukocyte Aggregation (GO:0070486)
GO:0099558,0.6014975,inf,inf,DCTN1;SDF4;ERC1;CBLN2;CBLN1,Maintenance of Synapse Structure (GO:0099558)
GO:0072164,0.6014975,inf,inf,PRKD2;NPNT;BMP7;PKD1;FGFR2,Mesonephric Tubule Development (GO:0072164)
GO:0003159,0.6014975,inf,inf,BSG;CSNK2B;CTNNB1;CCM2;PRKD2,Morphogenesis of an Endothelium (GO:0003159)
GO:0010985,0.6014975,inf,inf,APOC2;KHSRP;APOC3;PCSK9;LDLR,Negative Regulation of Lipoprotein Particle Clearance (GO:0010985)
GO:0060965,0.6014975,inf,inf,FMR1;ZSWIM8;ELOB;ELOC;ELAVL1,Negative Regulation of miRNA-mediated Gene Silencing (GO:0060965)
GO:1903318,0.6014975,inf,inf,PRNP;SERPINE2;SNX12;AKT1;GAS1,Negative Regulation of Protein Maturation (GO:1903318)
GO:1903427,0.6014975,inf,inf,TRAP1;FYN;PARK7;ABCD1;SLC18A2,Negative Regulation of Reactive Oxygen Species Biosynthetic Process (GO:1903427)
GO:2000737,0.6014975,inf,inf,GSK3B;JAG1;NOTCH1;TMSB4X;HNRNPU,Negative Regulation of Stem Cell Differentiation (GO:2000737)
GO:0045906,0.6014975,inf,inf,ITGB1;DOCK5;ITGA4;SVEP1;ITGA9,Negative Regulation of Vasoconstriction (GO:0045906)
GO:0098969,0.6014975,inf,inf,LRRC7;LGALS12;SCRIB;RAB11A;RAB8A,Neurotransmitter Receptor Transport to Postsynaptic Membrane (GO:0098969)
GO:0099639,0.6014975,inf,inf,LRRC7;LGALS12;SCRIB;VPS35;RAB11A,"Neurotransmitter Receptor Transport, Endosome to Plasma Membrane (GO:0099639)"
GO:0072578,0.6014975,inf,inf,NLGN1;RELN;NRXN1;SHANK3;GPHN,Neurotransmitter-Gated Ion Channel Clustering (GO:0072578)
GO:0050657,0.6014975,inf,inf,HNRNPA2B1;SIDT1;YBX1;CKAP5;RTRAF,Nucleic Acid Transport (GO:0050657)
GO:0046112,0.6014975,inf,inf,SHMT1;GMPS;CTPS2;UMPS;PAICS,Nucleobase Biosynthetic Process (GO:0046112)
GO:0006107,0.6014975,inf,inf,FAHD1;MDH1;NIT2;FAHD2A;PCK2,Oxaloacetate Metabolic Process (GO:0006107)
GO:0002502,0.6014975,inf,inf,PDIA3;CALR;HLA-A;TAPBPL;TAPBP,Peptide Antigen Assembly With MHC Class I Protein Complex (GO:0002502)
GO:0017185,0.6014975,inf,inf,VPS33B;PLOD3;PLOD2;VIPAS39;PLOD1,Peptidyl-Lysine Hydroxylation (GO:0017185)
GO:0046579,0.6014975,inf,inf,NOTCH2;NOTCH1;SHOC2;IGF1;PICALM,Positive Regulation of Ras Protein Signal Transduction (GO:0046579)
GO:0090091,0.6014975,inf,inf,FSCN1;MELTF;CLASP1;CLASP2;DDR2,Positive Regulation of Extracellular Matrix Disassembly (GO:0090091)
GO:0002839,0.6014975,inf,inf,PRKAA1;HLA-DRB3;HLA-DRB1;YWHAG;HSPD1,Positive Regulation of Immune Response to Tumor Cell (GO:0002839)
GO:2000646,0.6014975,inf,inf,PTPN1;ITCH;DTX3L;PCSK9;APOE,Positive Regulation of Receptor Catabolic Process (GO:2000646)
GO:0010737,0.6014975,inf,inf,TTR;RAB13;RDX;GCG;FBN1,Protein Kinase A Signaling (GO:0010737)
GO:0071569,0.6014975,inf,inf,UFL1;UFM1;DDRGK1;UBA5;UFC1,Protein Ufmylation (GO:0071569)
GO:0032988,0.6014975,inf,inf,VCP;KIF5B;FAF2;KLC1;TRIM21,protein-RNA Complex Disassembly (GO:0032988)
GO:2000561,0.6014975,inf,inf,TWSG1;CD81;LGALS9;CD55;VSIR,"Regulation of CD4-positive, Alpha-Beta T Cell Proliferation (GO:2000561)"
GO:0060368,0.6014975,inf,inf,PLSCR1;PTPRC;CSK;PTPRJ;CD47,Regulation of Fc Receptor Mediated Stimulatory Signaling Pathway (GO:0060368)
GO:2000328,0.6014975,inf,inf,STAT5A;LGALS1;LOXL3;CD69;JAK3,Regulation of T-helper 17 Cell Lineage Commitment (GO:2000328)
GO:1904177,0.6014975,inf,inf,PRKAA1;PARP1;LPL;SORL1;TRPM4,Regulation of Adipose Tissue Development (GO:1904177)
GO:0110011,0.6014975,inf,inf,LAMA2;LAMB1;LAMC1;NID1;LMNB2,Regulation of Basement Membrane Organization (GO:0110011)
GO:0060043,0.6014975,inf,inf,TGFBR3;RBP4;NOTCH1;LONP1;FGFR2,Regulation of Cardiac Muscle Cell Proliferation (GO:0060043)
GO:1903371,0.6014975,inf,inf,ATL3;TMEM33;RAB3GAP2;LNPK;RAB3GAP1,Regulation of Endoplasmic Reticulum Tubular Network Organization (GO:1903371)
GO:1903551,0.6014975,inf,inf,SDCBP;TSG101;SDC4;SDC1;STAM,Regulation of Extracellular Exosome Assembly (GO:1903551)
GO:1902036,0.6014975,inf,inf,ITCH;PRKDC;TMSB4X;EIF2AK2;CCM2,Regulation of Hematopoietic Stem Cell Differentiation (GO:1902036)
GO:1903037,0.6014975,inf,inf,LCK;WNK1;AKT1;MIA3;ASS1,Regulation of Leukocyte Cell-Cell Adhesion (GO:1903037)
GO:0043300,0.6014975,inf,inf,LYN;SYK;FES;STXBP2;UNC13D,Regulation of Leukocyte Degranulation (GO:0043300)
GO:0010746,0.6014975,inf,inf,AKT2;ACSL5;AKT1;IRS2;THBS1,Regulation of Long-Chain Fatty Acid Import Across Plasma Membrane (GO:0010746)
GO:0032817,0.6014975,inf,inf,LEP;IL18;TYK2;JAK2;HLA-E,Regulation of Natural Killer Cell Proliferation (GO:0032817)
GO:0070861,0.6014975,inf,inf,TMEM30A;CD81;GCC2;SORL1;TM9SF4,Regulation of Protein Exit From Endoplasmic Reticulum (GO:0070861)
GO:1903059,0.6014975,inf,inf,RABL3;RAB3GAP2;PIK3C3;SVIP;RAB3GAP1,Regulation of Protein Lipidation (GO:1903059)
GO:0033121,0.6014975,inf,inf,MAP4K2;EIF6;PRKAG1;PRKAG2;OGT,Regulation of Purine Nucleotide Catabolic Process (GO:0033121)
GO:0022898,0.6014975,inf,inf,AHCYL1;LONP1;PPIF;STK39;RIPK1,Regulation of Transmembrane Transporter Activity (GO:0022898)
GO:0046520,0.6014975,inf,inf,ASAH1;SPTLC1;SPTLC2;AGK;SPHK1,Sphingoid Biosynthetic Process (GO:0046520)
GO:0046512,0.6014975,inf,inf,ASAH1;SPTLC1;SPTLC2;AGK;SPHK1,Sphingosine Biosynthetic Process (GO:0046512)
GO:0035617,0.6014975,inf,inf,VCP;KIF5B;FAF2;KLC1;TRIM21,Stress Granule Disassembly (GO:0035617)
GO:0006930,0.6014975,inf,inf,P2RY12;NRP1;SDCBP;SHTN1;OPHN1,"Substrate-Dependent Cell Migration, Cell Extension (GO:0006930)"
GO:0060333,0.6014975,inf,inf,IFNGR1;STAT1;TYK2;JAK2;JAK1,Type II Interferon-Mediated Signaling Pathway (GO:0060333)
GO:0006893,0.6042042,1.670418,4.306725,MACF1;ARL3;GCC2;ASAP1;GGA1;GGA3;STXBP5;CCDC93;GOLGA7;RAB11FIP3;SPTBN1;NSF;ARFGEF2;EXOC8;SEC16A;RAB3IP;EXOC6B;RAB11A;RAB10;RAB31;RABEP1;KRT18;RAB34;RAB13;EXOC4;EXOC6;GOPC;EXOC5;CCDC22;EXOC2;OPTN;EXOC1,Golgi to Plasma Membrane Transport (GO:0006893)
GO:0009895,0.6122332,1.546355,3.963955,RPL5;USP14;MTMR2;GSK3A;PRKAA1;SF3B3;RPL11;AGAP2;SNX12;GOLGA2;SNX3;RPTOR;DNPEP;MLST8;AKT1;WDR6;FLNA;EIF4E;CDK5RAP3;RPS7;USP5;RPL23;SGTA;STAT3;APOC3;IRAK3;ADRA2A;SIRT2;MTOR;BSCL2;PDCL3;RRAGC;WNK1;LEP;TAB3;TAB2;SOS1;EIF4G3;EIF4G2;BCL2L1;EIF4G1,Negative Regulation of Catabolic Process (GO:0009895)
GO:0043408,0.6125952,1.342718,3.438994,APP;CD81;FLT4;PEBP1;PTPRJ;PIK3CB;PHB2;CX3CL1;IGF1R;MYDGF;PPP3CA;TRIM5;GRAP2;DAG1;LGALS9;MAP2K1;DUSP3;MAP2K2;SYK;KSR1;PRKCD;MINK1;F2R;ATP6AP2;YWHAZ;ADRA2A;TGFBR3;TRAF7;RAP2A;KIT;MADD;ERP29;PECAM1;TNIK;ARHGEF7;SOS1;PPIA;JCAD;PSMD10;CSF1R;ROCK1;SHC1;ROCK2;PDGFA;IQGAP1;STK4;RRAS;PLCG2;MAPK1;SHOC2;MAP4K4;PAK4;LYN;CD74;NTRK2;TGFB1;EGF;FN1;EIF2AK2;IGF1;SOD1;COPS5;PTPRC;SLCO3A1;TAOK3;STK24;FASN;LEP;GRB2;GHRL;PKN2;CCM2;PTPN6;LAMTOR1;PKN1;FGFR3;HLA-DRB1;FGFR2;FGFR1,Regulation of MAPK Cascade (GO:0043408)
GO:0010506,0.6167045,1.315771,3.358118,VPS29;GSK3B;GSK3A;PLEKHF1;CISD2;HSPB1;PIK3CB;GOLGA2;RPTOR;UFL1;TBK1;CAPNS1;CASP3;MLST8;AKT1;PIP4K2A;WDR6;PIP4K2B;VPS35;PIP4K2C;CAPN1;ATP6V1E1;TRIM21;TRIM65;RAB8A;SH3GLB1;ATP6V1G1;EXOC8;EXOC7;PRKCA;SIRT2;DCN;CCNY;RRAGC;EEF1A2;EXOC4;ATP6V1B2;VDAC1;PIK3C3;ATP6V0D1;SOS1;ATP6V0D2;ATP6V0C;SQSTM1;GAPDH;OPTN;EXOC1;ATP6V1A;BECN1;PRKAA1;ROCK1;SLC35D3;PIK3R4;ITPR1;UBR4;VPS26A;VPS26B;HDAC6;MTDH;DNPEP;ATP6V0A2;UBQLN1;ATP6V1H;ATP6V1D;EIF4E;ATP6V1C1;SNX5;ATP6V0A1;SNX6;UBQLN2;CTSA;STAT3;SVIP;MTOR;RMC1;TMEM59;IRGQ;CDK5;WNK1;RHEB;NEDD4;LEP;ATG2A;TAB3;TAB2;EIF4G3;EIF4G2;BCL2L1;EIF4G1,Regulation of Autophagy (GO:0010506)
GO:0032649,0.6167045,1.696293,4.319402,EBI3;VSIR;HSPD1;C1QBP;SLAMF6;LGALS9;JAK2;HLA-DPA1;CD276;PRNP;BTN3A1;IL1R1;CRTAM;NDUFA2;IL18;SCRIB;BTN3A2;HLA-A;TYK2;INHBA;CYRIB;CD2;SLC7A5;AXL;UFC1;CD47;GAS6;HLA-DRB3;ZFPM1;HLA-DRB1,Regulation of Type II Interferon Production (GO:0032649)
GO:0006895,0.6167045,3.388108,8.574298,AP4M1;MON2;RAB14;PTGES2;SORT1;VPS13C;VPS13A;AP2A1;WIPI1;EPS15,Golgi to Endosome Transport (GO:0006895)
GO:0021953,0.6167045,3.388108,8.574298,NTRK2;OPHN1;NRXN1;TAOK1;CTNNB1;ATP7A;GBA2;LRP6;CBLN1;METAP2,Central Nervous System Neuron Differentiation (GO:0021953)
GO:0032469,0.6167045,3.388108,8.574298,CAMK2D;DMTN;PACS2;CCDC47;RAP1GDS1;ATP2A2;BAX;CLCC1;TMCO1;TGM2,Endoplasmic Reticulum Calcium Ion Homeostasis (GO:0032469)
GO:0005977,0.6167045,3.388108,8.574298,GSK3B;PYGB;GYS1;UGP2;GAA;GBE1;STBD1;PRKAG2;PYGL;GYG1,Glycogen Metabolic Process (GO:0005977)
GO:0090201,0.6167045,3.388108,8.574298,PSMD10;GPX1;PPIF;GHITM;IGF1;NOL3;SOS1;CLU;FXN;BCL2L1,Negative Regulation of Release of Cytochrome C From Mitochondria (GO:0090201)
GO:0007097,0.6167045,3.388108,8.574298,DYNC1H1;DCTN1;DOCK7;LMNA;TACC3;TACC1;HOOK3;LMNB2;LMNB1;PAFAH1B1,Nuclear Migration (GO:0007097)
GO:0051781,0.6167045,3.388108,8.574298,CDC42;SVIL;SPAST;CUL3;GIPC1;HDGF;PKN2;RHOA;SIRT2;FGFR2,Positive Regulation of Cell Division (GO:0051781)
GO:0002720,0.6167045,3.388108,8.574298,SLC7A5;TRAF6;KIT;PLCG2;HLA-A;HLA-F;TANK;MAP3K7;CD55;HLA-E,Positive Regulation of Cytokine Production Involved in Immune Response (GO:0002720)
GO:0060544,0.6167045,3.388108,8.574298,CYLD;ITCH;CASP8;PARP1;AIFM1;CASP6;RIPK1;ARHGEF2;YBX3;OGT,Regulation of Necroptotic Process (GO:0060544)
GO:0045670,0.6167045,3.388108,8.574298,LILRA6;RPTOR;PPP3CA;CSF1;TNFAIP6;UBASH3B;TRAF6;MTOR;FSTL3;FBN1,Regulation of Osteoclast Differentiation (GO:0045670)
GO:0046825,0.6167045,3.388108,8.574298,YWHAE;GSK3B;XPO4;BAG3;TPR;PARK7;CAMK1;RANGAP1;GAS6;EMD,Regulation of Protein Export From Nucleus (GO:0046825)
GO:0014910,0.6167045,3.388108,8.574298,PDGFRB;NRP1;VTN;IGFBP5;CCL5;SERPINE1;PDGFA;IGF1;SORL1;S100A11,Regulation of Smooth Muscle Cell Migration (GO:0014910)
GO:0035455,0.6167045,3.388108,8.574298,IFITM3;BST2;RO60;IFITM2;AXL;PDE12;TPR;EIF2AK2;GAS6;IFNAR1,Response to Interferon-Alpha (GO:0035455)
GO:0098742,0.6209446,1.405593,3.543198,ITGB1;CD84;ITGAM;PTPRS;ITGB2;LRRC4;ITGAL;CELSR2;PKD1;CDH8;PTPRF;CDH6;CDH5;ALCAM;CDH2;BSG;HMCN2;SCARF1;CLDN5;CDH10;SELENOP;CDH11;PECAM1;CDH13;DSG2;CDH15;CDH17;CDH19;NLGN1;NRXN1;NEXN;UMOD;ATP2C1;SLITRK1;CDH23;GPC4;LRRC4B;LGALS7B;TGFB2;VCAM1;CADM1;CADM2;CRTAM;PCDHGC3;PCDHB14;L1CAM;SDK1;PCDHB2;SELL;CD209;PTK7;PLXNB3;FAT2;PLXNB2;DCHS1;ESAM;FAT4;SDK2;NECTIN2;CBLN1,Cell-Cell Adhesion via Plasma-Membrane Adhesion Molecules (GO:0098742)
GO:0018209,0.6209446,1.726906,4.344953,GSK3B;CAMK2D;POGLUT1;CAB39;ROCK1;GALNT15;PRKDC;STK39;STK4;PKD1;IKBKB;TBK1;GRK2;PDK3;MAPK1;MARK3;MARK2;GALNT2;GALNT1;PRKCD;LMTK2;PRKCA;MAPK14;MAPKAPK3;CDK5;MAPKAPK2;CDK2;PRKD2,Peptidyl-Serine Modification (GO:0018209)
GO:0050766,0.6209446,1.726906,4.344953,FCN1;COLEC11;FCN3;COLEC10;PTPRJ;C4B;C4A;LMAN2;MYO18A;PLCG2;NCKAP1L;APPL2;MBL2;FCER1G;STAT3;RAB27A;ANO6;PRKCA;ARAP1;AZU1;RAB31;FCGR2A;PTPRC;CD47;CALR;HNRNPC;DOCK2;GAS6,Positive Regulation of Phagocytosis (GO:0050766)
GO:0006612,0.6209446,1.726906,4.344953,SRP19;TRAM1;ARL6IP1;ZDHHC20;BAG6;RABGEF1;SEC61A1;SDCBP;MICALL1;SSR1;SEC62;GOLGA7;SIL1;GET4;SEC63;UBL4A;ATG3;SGTB;RAB3IP;SGTA;VPS37A;VPS37B;YIF1B;MYO1E;NACA;PARD3;SRPRA;CHMP4B,Protein Targeting to Membrane (GO:0006612)
GO:0043488,0.6209446,1.726906,4.344953,FTO;ROCK1;ROCK2;FMR1;HNRNPU;YBX1;ELAVL1;TBRG4;FXR1;EIF4ENIF1;FXR2;LARP1;KHSRP;PAIP1;NPM1;FUS;PRKCD;CIRBP;PRKCA;CARHSP1;PDE12;THRAP3;APEX1;MAPKAPK2;SERBP1;FASTKD5;PABPC1;VIM,Regulation of mRNA Stability (GO:0043488)
GO:0042113,0.6378407,1.763678,4.387377,ITGB1;HDAC5;CLSTN1;PTPRJ;PIK3R1;PHB2;HSPD1;CASP8;PLCG2;SLC39A7;JAK3;FCRL1;TPD52;VCAM1;FCRL5;ITGA4;PRKCB;CTPS1;CD40LG;PTPRC;BANK1;KIT;BTK;RABL3;SLC25A5;MS4A1,B Cell Activation (GO:0042113)
GO:1903829,0.6379623,1.569509,3.90162,GSK3B;PRKAA1;HSP90AB1;NLGN2;TFRC;NUMA1;CTNND1;PARK7;IPO7;RTN4;TM9SF4;PPP3CB;DDRGK1;TRAPPC12;AKT1;VPS35;FYN;STX4;CDK5RAP3;JAK1;SNCA;TGFB1;DTX3L;MEAK7;TYK2;PARP9;REXO2;CCDC88A;PROC;PECAM1;DSG2;GPD1L;LAMTOR1;FERMT2;METAP1;EIF4G1;LAMTOR5,Positive Regulation of Protein Localization (GO:1903829)
GO:0030301,0.6404682,1.808661,4.452482,CETP;STX12;STARD3NL;VPS4A;OSBPL2;LCAT;APOC3;CLU;APOA5;TSKU;LIPC;APOM;VAPA;VAPB;APOC2;LIPG;OSBP;RELCH;CD36;APOE;LDLRAP1;APOB;LDLR;CES1,Cholesterol Transport (GO:0030301)
GO:0045667,0.6404682,1.808661,4.452482,GSK3B;DDX5;NOTCH1;TNFAIP6;SEMA4D;PRMT3;CHRD;LRP5;SUCO;PRKCA;IGF1;LIMD1;NPNT;IPO7;BMP7;PTK2;PPP3CA;TNN;IL6ST;SOS1;FERMT2;FGFR2;DDR2;TRPM4,Regulation of Osteoblast Differentiation (GO:0045667)
GO:2000058,0.6404682,1.808661,4.452482,BCAP31;RPL5;USP14;RPS7;USP5;TGFB1I1;RPL23;RPL11;SGTA;UBE3A;RAD23A;CLU;RAD23B;MTOR;PTK2;UFL1;TRAF7;ATXN3;PDCL3;XPO1;PTK2B;IKBKG;CCDC22;CDK5RAP3,Regulation of Ubiquitin-Dependent Protein Catabolic Process (GO:2000058)
GO:0002460,0.6404682,2.710843,6.653489,JAG1;CD8A;EBI3;STAT3;IL18;C4BPA;BTN3A2;SLA2;CD46;GNL1;HLA-DRB1;MYO1G,Adaptive Imm Resp Based on Som Recomb of Imm Rcptrs Built Frm IgSF Domains (GO:0002460)
GO:0001885,0.6404682,2.710843,6.653489,COL18A1;GSTM3;CDH5;RAP1A;PDE2A;RDX;MYADM;PECAM1;MSN;STC1;RAPGEF2;EZR,Endothelial Cell Development (GO:0001885)
GO:0015908,0.6404682,2.710843,6.653489,LYN;LYPLA1;FABP4;CRABP2;FABP5;SLCO3A1;ACSL1;GOT2;APOE;CD36;SLC27A3;SLC27A4,Fatty Acid Transport (GO:0015908)
GO:0002228,0.6404682,2.710843,6.653489,CD2;FCGR3B;KIF5B;TUBB;CD226;GRB2;PIK3CB;PIK3R1;TUBB4B;LYST;VAV1;NECTIN2,Natural Killer Cell Mediated Immunity (GO:0002228)
GO:0035331,0.6404682,2.710843,6.653489,MAP2K3;MOB4;VCP;SIKE1;SRC;PPP2R1A;SLMAP;LIMD1;MAPK14;MARK3;STRN4;STRN3,Negative Regulation of Hippo Signaling (GO:0035331)
GO:0002862,0.6404682,2.710843,6.653489,LYN;FGR;HCK;YES1;SYK;SRC;RHBDF2;GNAS;FURIN;FYN;MAPK14;HLA-DRB1,Negative Regulation of Inflammatory Response to Antigenic Stimulus (GO:0002862)
GO:1903051,0.6404682,2.710843,6.653489,RPL5;USP14;GABARAPL2;PDCL3;HSP90AB1;OPHN1;RPS7;USP5;RPL23;RPL11;SGTA;PSMF1,Negative Regulation of Proteolysis Involved in Protein Catabolic Process (GO:1903051)
GO:0051491,0.6404682,2.710843,6.653489,CDC42;NRP1;RIPOR2;DOCK11;NLGN1;RALA;MIEN1;FMR1;FSCN1;PIK3R1;ARAP1;FNBP1L,Positive Regulation of Filopodium Assembly (GO:0051491)
GO:0023056,0.6404682,2.710843,6.653489,NSF;RAMP3;GPNMB;ANXA2;CLSTN3;CLSTN1;ILK;ECE1;SCRIB;PTPN23;SNCA;VAMP3,Positive Regulation of Signaling (GO:0023056)
GO:0140238,0.6404682,2.710843,6.653489,CDK5;OPHN1;SYNJ1;CANX;STON1;AP2S1;SNCG;AP2B1;STON2;PIP5K1C;AP2M1;SNCA,Presynaptic Endocytosis (GO:0140238)
GO:0051261,0.6404682,2.710843,6.653489,VIL1;WDR1;KIF2A;VPS4B;MICAL1;STMN1;TWF2;MICAL3;KATNB1;TWF1;DSTN;CKAP5,Protein Depolymerization (GO:0051261)
GO:0050773,0.6404682,2.710843,6.653489,GSK3B;RAP2A;SEMA4D;NEDD4;SEZ6;VLDLR;TNIK;LRP8;KIAA0319;BMP7;DBN1;BMP5,Regulation of Dendrite Development (GO:0050773)
GO:0032412,0.6404682,2.710843,6.653489,CRHBP;NLGN1;NLGN2;RELN;TRPC6;NEDD4;MINK1;STK39;PPIF;UTRN;PHB2;YWHAH,Regulation of Monoatomic Ion Transmembrane Transporter Activity (GO:0032412)
GO:0019229,0.6404682,2.710843,6.653489,ITGB1;FGB;FGA;ITGA4;TBXA2R;F2R;FGG;ECE1;SVEP1;ATP2B1;TRPM4;ITGA9,Regulation of Vasoconstriction (GO:0019229)
GO:0043200,0.6404682,2.710843,6.653489,RPTOR;RRAGC;CUL3;LARS1;MEAK7;LAMTOR2;LAMTOR1;LAMTOR4;LAMTOR3;MTOR;IPO5;LAMTOR5,Response to Amino Acid (GO:0043200)
GO:0071560,0.6429464,1.583439,3.875497,ITGB1;USP15;ITGB5;SRC;PDCD5;WFIKKN2;FURIN;LTBP3;ARRB2;PTPRK;LRRC32;TSKU;CRKL;CDH5;FNTA;MAP3K7;APPL2;APPL1;SMAD2;TGFB2;TGFB1;USP9X;PDE2A;STAT3;PTK2;DUSP22;TGFBR3;CLDN5;DAB2;COL3A1;PDE3A;ZYX;FERMT2;ENG;LIMS1,Cellular Response to Transforming Growth Factor Beta Stimulus (GO:0071560)
GO:0031401,0.6429464,1.583439,3.875497,CSF1R;RALB;ROCK2;FLT4;ITLN1;CIB1;ARRB1;STK4;GOLGA2;MYDGF;GPNMB;CHORDC1;FLOT1;RACK1;RIPK1;ATG7;REPS1;NIBAN1;CD74;SEMA4D;ASPSCR1;MMP9;SVIP;PTK2;RAP2A;TAOK1;RAB3GAP2;PIK3C3;TNIK;FAM20A;PKN1;GAS6;PPIA;HLA-DRB1;RAB3GAP1,Positive Regulation of Protein Modification Process (GO:0031401)
GO:2001235,0.6453726,1.864935,4.549033,BCAP31;APP;BECN1;FIS1;CLU;TANK;TRAF7;CYLD;BCLAF1;CD40LG;LCK;FASN;RACK1;TNFSF10;RPS3;CTSH;BAX;RIPK1;PKN2;BID;S100A9;S100A8,Positive Regulation of Apoptotic Signaling Pathway (GO:2001235)
GO:0009749,0.6453726,1.864935,4.549033,EIF2B5;MAP4K2;EIF2B4;PRKAA1;EIF2B3;EIF2B2;LPL;IRS2;PRKCA;SLC39A14;THBS1;IGF1R;RPTOR;PFKL;RACK1;SELENOT;EIF2B1;GAS6;MAP4K5;OGT;GPLD1;PCK2,Response to Glucose (GO:0009749)
GO:0150104,0.6453726,1.864935,4.549033,ABCC3;SLC12A2;ABCC4;ABCC1;SLC16A1;ATP8A1;SLC44A1;TFRC;ATP2A3;SLC2A1;ATP2B4;SLC2A3;SLC1A5;SLC7A1;SLC7A5;SLC6A6;FABP5;SLCO3A1;SLC16A7;CD36;SLC29A1;SLC27A4,Transport Across Blood-Brain Barrier (GO:0150104)
GO:0007200,0.6486725,1.937338,4.690888,P2RY12;ACTN2;F2R;PLEK;AZU1;PIK3CG;ADRA2A;GNA14;ADGRG1;PLCB3;PLCB4;PARD3;GNAQ;GNA11;P2RY1;PMPCB;PRKD2;PLCB2;TGM2;F2RL3,Phospholipase C-activating G Protein-Coupled Receptor Signaling Pathway (GO:0007200)
GO:0010646,0.6486725,1.937338,4.690888,PTPN1;CAMK2D;ANXA1;DTNBP1;SRI;STRN4;NCLN;ASPH;GRK5;PPP6R1;PPP6R2;PPP6R3;GRK6;SCG5;GNAS;STRN;CRK;YWHAG;MGLL;CDC42SE2,Regulation of Cell Communication (GO:0010646)
GO:0008637,0.6486725,2.3723,5.739612,ATG3;CAMK2A;REXO2;SOD2;CLU;CCAR2;HSPD1;TIMM50;GGCT;BAX;VPS35;BID;DNM1L;BCL2L1,Apoptotic Mitochondrial Changes (GO:0008637)
GO:0045197,0.6486725,2.3723,5.739612,PDCD6IP;WDR1;ERBIN;MSN;SCRIB;RHOA;CDC42;DLG1;RAP2A;OPHN1;LRRC7;PARD3;EZR;MARK2,Establishment or Maintenance of Epithelial Cell Apical/Basal Polarity (GO:0045197)
GO:0051494,0.6486725,2.3723,5.739612,PRKCD;TWF2;TWF1;CYRIB;CORO1A;SSH3;SSH1;LIMA1;TMSB4X;MYADM;FKBP4;PFN1;SHANK3;CLASP1,Negative Regulation of Cytoskeleton Organization (GO:0051494)
GO:1903749,0.6486725,2.3723,5.739612,RNF31;SH3GLB1;GSK3A;CSNK2A2;HPS4;HUWE1;UBE2L3;NPEPPS;ARIH2;MICALL2;RAC2;VPS11;NMT1;SAE1,Positive Regulation of Establishment of Protein Localization to Mitochondrion (GO:1903749)
GO:0002699,0.6486725,2.3723,5.739612,FCN1;COLEC11;COLEC10;FCN3;CD81;RPS19;DDRGK1;MYO18A;LBP;LGALS9;CD46;APPL2;HLA-DRB1;MBL2,Positive Regulation of Immune Effector Process (GO:0002699)
GO:0097553,0.6486725,2.033937,4.901309,ERO1A;GP1BB;F2R;ITPR1;TRPV2;ITPR2;GP1BA;GP5;GP9;PLCB3;PLCB4;PTPRC;LCK;PLCG2;FLNA;PRKD2;PLCB1;PLCB2,Calcium Ion Transmembrane Import Into Cytosol (GO:0097553)
GO:0032870,0.6486725,2.033937,4.901309,BCAS3;MAP4K2;HSPA8;STAT5B;RAMP3;SRC;WBP2;RDX;STAT3;SERPINB9;TFPI;CTSS;UBE2L3;CRHBP;CTSL;LEP;CTSH;CTSB,Cellular Response to Hormone Stimulus (GO:0032870)
GO:0090303,0.6486725,2.033937,4.901309,ITGB1;ARFGEF1;ANXA1;DMTN;SERPINE1;F2R;THBS1;ADRA2A;MTOR;PTK2;MYLK;VTN;CLDN3;EMILIN2;EMILIN1;ENPP4;HPSE;FERMT2,Positive Regulation of Wound Healing (GO:0090303)
GO:0090330,0.6486725,2.033937,4.901309,LYN;SERPINE2;SYK;PRKCD;ALOX12;PRKCA;F11R;GP6;MMRN1;TMX1;EMILIN2;CD9;CTSG;EMILIN1;PRKCQ;JAK2;IL6ST;PRKG1,Regulation of Platelet Aggregation (GO:0090330)
GO:1903532,0.6486725,1.599384,3.853769,ACHE;TMED10;IER3IP1;GRK2;TTR;GPNMB;MYO18A;STXBP5;DNM1L;MYH10;CLASP1;CLASP2;SNCA;FGB;SLC12A2;FGA;RAB2B;TGFB2;TGFB1;ANXA2;FGG;DTNBP1;RAB27A;RAB27B;IGF1;SYTL4;UNC13D;CD2AP;RGCC;PPIA;RAB5A;PPID;ARF6,Positive Regulation of Secretion by Cell (GO:1903532)
GO:1903557,0.6486725,1.599384,3.853769,APP;DHX9;HSPB1;LPL;LY96;PTPRJ;CLU;THBS1;PPP1R9B;FCGR3B;PLCG2;RIPK1;LBP;LGALS9;JAK2;ARFGEF2;TGFB1;SYK;IFNGR1;NDUFA2;STAT3;PTPN11;AZU1;HLA-E;CD2;MAVS;FCGR2A;PTPRC;FRMD8;OAS3;ARHGEF2;S100A9;PF4,Positive Regulation of Tumor Necrosis Factor Superfamily Cytokine Production (GO:1903557)
GO:0031929,0.6486725,2.169246,5.222496,SYAP1;MEAK7;MTOR;RPTOR;RPS6KA3;CCDC88A;LARP1;RPS6KA1;TIPRL;MLST8;RICTOR;LAMTOR2;LAMTOR1;LAMTOR4;LAMTOR3;LAMTOR5,TOR Signaling (GO:0031929)
GO:0046395,0.6486725,2.169246,5.222496,MCCC2;MPST;PON3;ACOT8;ECHS1;TSTD1;PON1;MCCC1;NPL;RENBP;BCKDK;ALDH6A1;NAGK;IVD;DBT;HIBCH,Carboxylic Acid Catabolic Process (GO:0046395)
GO:0006622,0.6486725,2.169246,5.222496,SCARB2;BECN1;HSPA8;VPS4A;M6PR;PIK3R4;GCC2;CLU;SORL1;AP4M1;GNPTG;GGA3;HGS;NEDD4;PIK3C3;RAB7A,Protein Targeting to Lysosome (GO:0006622)
GO:0048638,0.6486725,2.169246,5.222496,STAT5A;APP;GSK3B;STAT5B;MYCBP2;DNM2;SOD1;CTTN;LEP;AGR2;NRCAM;EPPK1;APOE;PLCB1;FGFR3;CLASP2,Regulation of Developmental Growth (GO:0048638)
GO:0035330,0.6486725,2.169246,5.222496,YWHAE;MAP2K3;VCP;SRC;LIMD1;STK4;MAPK14;STRN4;STRN3;MOB4;SIKE1;STK24;PPP2R1A;SLMAP;MARK3;MAP4K4,Regulation of Hippo Signaling (GO:0035330)
GO:0036503,0.664964,1.508257,3.591542,VCP;CCDC47;FAF1;FAF2;SEL1L;AUP1;ECPAS;HSP90B1;UBE2J1;BAG6;DNAJB2;ERLEC1;OS9;MAN1C1;UBQLN1;TRIM25;UFD1;SEC61B;UBXN4;UBXN6;GET4;UBQLN2;TOR1A;HSPA5;SGTA;ERLIN1;TMUB1;UBE4A;UBE4B;YOD1;ERLIN2;RCN3;NPLOC4;PSMC6;CANX;DNAJC10;STUB1;MAN1B1;CALR;STT3B,ERAD Pathway (GO:0036503)
GO:0045088,0.6699912,1.61781,3.837515,DHX9;IFI35;LRP8;CASP8;TKFC;CCL5;LONP1;BANF1;TRIM21;APPL2;APPL1;ATG5;PTPN1;CPT1A;PARP1;ERAP1;TRAFD1;IRAK3;PTPN11;NMI;PARP9;REXO2;YWHAZ;HLA-E;FGR;PLSCR1;CDC37;TYRO3;PTPN6;S100A9;TRIM56,Regulation of Innate Immune Response (GO:0045088)
GO:0050777,0.6699912,1.639337,3.828187,SRC;FURIN;IL27RA;LGALS3;LONP1;BANF1;FYN;TRIM21;ATG5;LYN;YES1;PARP1;SYK;AMBP;RHBDF2;TRAFD1;IRAK3;NMI;REXO2;MAPK14;YWHAZ;FGR;HCK;COL3A1;FER;TYRO3;GNAS;PTPN6;HLA-DRB1,Negative Regulation of Immune Response (GO:0050777)
GO:1905477,0.6699912,1.639337,3.828187,ITGB1;C2CD5;CEMIP;ITGAM;RAMP3;TNFAIP6;CD81;NRXN1;ITGB2;ZDHHC5;CIB1;PIK3R1;LGALS3;PGRMC1;CNPY4;AKT2;KIF5B;CHORDC1;AKT1;FYN;STX4;SPTBN1;PLS1;PRNP;RHOG;ATP2B4;DLG1;SQSTM1;ARF6,Positive Regulation of Protein Localization to Membrane (GO:1905477)
GO:0070646,0.6699912,1.639337,3.828187,USP15;PSMD14;GPS1;USP11;COPS7B;COPS7A;BRCC3;VCPIP1;HINT1;OTUD6B;USP24;USP47;USP8;USP7;TOR1A;USP5;USP4;USP9X;UCHL3;UCHL5;COPS4;COPS3;CYLD;COPS6;COPS5;COPS2;STAMBP;COPS8;OTUB1,Protein Modification by Small Protein Removal (GO:0070646)
GO:0007052,0.6699912,1.664811,3.827772,DCTN6;VCP;DCTN2;ILK;ABRAXAS2;GOLGA2;SPAST;STMN1;ZNF207;FLNA;MAP4;CLASP1;CLASP2;DYNC1H1;NUDC;MAP1S;RMDN1;CKAP5;RHOA;RAB11A;WRAP73;KIF2A;PTPRA;TBCE;SBDS;KPNB1;RAN,Mitotic Spindle Organization (GO:0007052)
GO:0045229,0.6699912,1.526705,3.508283,ITGB1;APP;COL18A1;COL15A1;ECM2;COL14A1;COL11A1;FURIN;NDNF;ADAMTS5;ADAMTS2;MMP25;ADAMTS13;ADAMTS1;ADAMTS8;ATP7A;COL28A1;POSTN;MMP7;ITGA2;APLP1;MMP3;NPNT;MMP9;MMP14;COL3A1;CCDC80;COL2A1;SPINT1;COL5A3;MMP23B;COL5A2;MMP19;COL6A6;TGFBI;MATN2,External Encapsulating Structure Organization (GO:0045229)
GO:0090160,0.6699912,4.741539,10.79454,AP4M1;GAK;EHD3;CCDC91;LAMP1;AP1G1;SORT1,Golgi to Lysosome Transport (GO:0090160)
GO:0030042,0.6699912,4.741539,10.79454,VIL1;WDR1;MICAL1;MICAL3;TWF2;DSTN;TWF1,Actin Filament Depolymerization (GO:0030042)
GO:1904385,0.6699912,4.741539,10.79454,AHCYL1;CA2;SRC;CAMK2A;PRKCD;NFKB1;RELA,Cellular Response to Angiotensin (GO:1904385)
GO:0140546,0.6699912,4.741539,10.79454,COLEC11;DCD;PRTN3;PRSS3;GAPDH;PRSS2;PF4,Defense Response to Symbiont (GO:0140546)
GO:0003197,0.6699912,4.741539,10.79454,SMAD2;ADAMTS5;TGFB2;NOTCH1;PROC;CRELD1;ENG,Endocardial Cushion Development (GO:0003197)
GO:0035646,0.6699912,4.741539,10.79454,RAB32;BLOC1S5;CD63;BLOC1S3;AP3D1;RAB38;AP1M1,Endosome to Melanosome Transport (GO:0035646)
GO:0043485,0.6699912,4.741539,10.79454,RAB32;BLOC1S5;CD63;BLOC1S3;AP3D1;RAB38;AP1M1,Endosome to Pigment Granule Transport (GO:0043485)
GO:0008210,0.6699912,4.741539,10.79454,SULT1A1;CHST10;HSD17B4;HSD17B11;HSD17B10;HSD17B8;UGT2B7,Estrogen Metabolic Process (GO:0008210)
GO:0042063,0.6699912,4.741539,10.79454,TGFB2;VCAN;RELN;MIOS;CDH2;CD9;NDUFS2,Gliogenesis (GO:0042063)
GO:0097212,0.6699912,4.741539,10.79454,CHMP1B;CHMP1A;CHMP2B;CHMP2A;CHMP4B;CHMP6;CHMP5,Lysosomal Membrane Organization (GO:0097212)
GO:0006122,0.6699912,4.741539,10.79454,UQCRB;UQCRQ;UQCRC1;CYCS;UQCR11;UQCR10;UQCRC2,"Mitochondrial Electron Transport, Ubiquinol to Cytochrome C (GO:0006122)"
GO:0007026,0.6699912,4.741539,10.79454,PROC;TAOK1;KATNB1;CIB1;GAS2L1;CLASP1;CLASP2,Negative Regulation of Microtubule Depolymerization (GO:0007026)
GO:2000378,0.6699912,4.741539,10.79454,TRAP1;MMP3;PARK7;ABCD1;HDAC6;SIRT2;SLC18A2,Negative Regulation of Reactive Oxygen Species Metabolic Process (GO:2000378)
GO:0014033,0.6699912,4.741539,10.79454,CDH2;TCOF1;PEF1;PDCD6;NOLC1;TAPT1;LRP6,Neural Crest Cell Differentiation (GO:0014033)
GO:0007218,0.6699912,4.741539,10.79454,SORT1;GNAQ;RAPGEF2;CPE;NTS;SORL1;RELA,Neuropeptide Signaling Pathway (GO:0007218)
GO:0044829,0.6699912,4.741539,10.79454,TBC1D20;VAPA;VAPB;YTHDC2;NUCKS1;PIK3C3;PPIB,Positive Regulation by Host of Viral Genome Replication (GO:0044829)
GO:1904294,0.6699912,4.741539,10.79454,BCAP31;BAG6;TMX1;SGTA;UBQLN1;STUB1;UBQLN2,Positive Regulation of ERAD Pathway (GO:1904294)
GO:2000643,0.6699912,4.741539,10.79454,RAB21;MTMR2;RDX;VPS11;MSN;PTPN23;EZR,Positive Regulation of Early Endosome to Late Endosome Transport (GO:2000643)
GO:0070665,0.6699912,4.741539,10.79454,LYN;CSF1R;CSF1;GPNMB;MAPK1;JAK2;PTK2,Positive Regulation of Leukocyte Proliferation (GO:0070665)
GO:0140131,0.6699912,4.741539,10.79454,ADAM17;WNK1;CCL5;STK39;PTK2B;OXSR1;S100A7,Positive Regulation of Lymphocyte Chemotaxis (GO:0140131)
GO:0051044,0.6699912,4.741539,10.79454,APP;NRDC;FURIN;SNX9;APOE;ADRA2A;GPLD1,Positive Regulation of Membrane Protein Ectodomain Proteolysis (GO:0051044)
GO:1904874,0.6699912,4.741539,10.79454,CCT3;CCT6A;TCP1;CCT8;CCT7;CCT5;CCT4,Positive Regulation of Telomerase RNA Localization to Cajal Body (GO:1904874)
GO:0042531,0.6699912,4.741539,10.79454,CSF1R;KIT;IL18;CCM2;PARP9;JAK2;FGFR3,Positive Regulation of Tyrosine Phosphorylation of STAT Protein (GO:0042531)
GO:0008213,0.6699912,4.741539,10.79454,PCMT1;PRMT2;PRMT1;ETF1;FAM98A;LCMT1;GSPT1,Protein Alkylation (GO:0008213)
GO:0070585,0.6699912,4.741539,10.79454,DNAJA1;MTCH2;RALA;MAVS;FKBP8;DNM1L;MAIP1,Protein Localization to Mitochondrion (GO:0070585)
GO:0009168,0.6699912,4.741539,10.79454,ATIC;GMPS;AMPD2;ADSS2;GART;PAICS;PFAS,Purine Ribonucleoside Monophosphate Biosynthetic Process (GO:0009168)
GO:0002697,0.6699912,4.741539,10.79454,C4BPA;CD59;C4BPB;PHB2;S100A9;CD55;HLA-DRB1,Regulation of Immune Effector Process (GO:0002697)
GO:0010988,0.6699912,4.741539,10.79454,HNRNPK;KHSRP;APOC3;PCSK9;CNPY2;LDLRAP1;LDLR,Regulation of Low-Density Lipoprotein Particle Clearance (GO:0010988)
GO:0062196,0.6699912,4.741539,10.79454,SNAPIN;BLOC1S2;KXD1;BORCS8;BORCS7;BORCS6;BORCS5,Regulation of Lysosome Size (GO:0062196)
GO:0043304,0.6699912,4.741539,10.79454,FGR;LYN;CD84;FES;STXBP2;LGALS9;UNC13D,Regulation of Mast Cell Degranulation (GO:0043304)
GO:0045652,0.6699912,4.741539,10.79454,EIF6;PRMT1;PITHD1;TESC;HMGB2;MTURN;PF4,Regulation of Megakaryocyte Differentiation (GO:0045652)
GO:0071675,0.6699912,4.741539,10.79454,LYN;CSF1R;LGALS3;STK10;CD81;MSN;BMP5,Regulation of Mononuclear Cell Migration (GO:0071675)
GO:0033688,0.6699912,4.741539,10.79454,PPP3CA;TNN;EIF2AK2;PLXNB1;HPSE;RHOA;FGFR2,Regulation of Osteoblast Proliferation (GO:0033688)
GO:0010640,0.6699912,4.741539,10.79454,F7;IL1R1;MMAB;HGS;PTPRJ;CBL;SNCA,Regulation of Platelet-Derived Growth Factor Receptor Signaling Pathway (GO:0010640)
GO:1904892,0.6699912,4.741539,10.79454,TGFB1;EGF;MGAT5;STK4;IL7R;JAK2;JAK3,Regulation of Receptor Signaling Pathway via STAT (GO:1904892)
GO:2000649,0.6699912,4.741539,10.79454,CAMK2D;NEDD4;SLMAP;STK39;PCSK9;UTRN;YWHAH,Regulation of Sodium Ion Transmembrane Transporter Activity (GO:2000649)
GO:2000300,0.6699912,4.741539,10.79454,VPS18;NLGN1;RAP1A;FMR1;SEPTIN5;RAB5A;RAB3GAP1,Regulation of Synaptic Vesicle Exocytosis (GO:2000300)
GO:0033198,0.6699912,4.741539,10.79454,P2RY12;NT5E;ASPH;P2RY1;PDXP;HSP90B1;SSH1,Response to ATP (GO:0033198)
GO:0006465,0.6699912,4.741539,10.79454,SPCS3;SPCS2;SPCS1;HM13;FURIN;PCSK5;SEC11A,Signal Peptide Processing (GO:0006465)
GO:0048864,0.6699912,4.741539,10.79454,PTPRC;CDH2;TCOF1;PEF1;PDCD6;NOLC1;TAPT1,Stem Cell Development (GO:0048864)
GO:0097576,0.6699912,4.741539,10.79454,CHMP1B;CHMP2B;CHMP2A;CHMP4B;CHMP6;CHMP5;VPS16,Vacuole Fusion (GO:0097576)
GO:0001932,0.6699912,1.416678,3.202291,CSF1R;RALB;PRKDC;ROCK2;FLT4;ITGB2;ITLN1;PDGFA;HSPB1;CIB1;FBLN1;ARRB1;PARK7;STK4;CORO1C;MYDGF;GPNMB;CHORDC1;FLOT1;RACK1;RIPK1;CDK5RAP3;REPS1;LYN;NIBAN1;CD74;NPM1;SEMA4D;STAT2;FN1;MMP9;PTK2;FGR;PDCL3;FER;RAP2A;DNAJC10;NDUFS4;FKBP8;PLXNB2;TERF2IP;TNIK;FAM20A;PKN1;GAS6;TARDBP;PPIA;HLA-DRB1,Regulation of Protein Phosphorylation (GO:0001932)
GO:0019538,0.6699912,1.154241,2.608959,RPL4;RPL5;APP;ADAMDEC1;RPL3;RPL31;RPL34;CISD1;RPL8;RPL6;RPL7;UBE2L3;NFU1;LACTB;PCMT1;RPS14;RPS17;RPS16;CAPNS1;RPS19;RPS18;AKT2;CPNE1;LONP1;RPL35;FBXO3;CIAO2A;PRSS3;RPS11;PRSS2;RPS10;HABP2;RPS13;RPS12;RPL23;RPL22;PHKA2;CLPX;CLPP;PAPPA;RPL27;LAP3;RPL29;RPL28;ENPEP;RPN2;PRKDC;MRPL18;HPN;MTTP;MRPL12;GSPT2;GSPT1;CIAO1;MRPL11;ZMPSTE24;NCSTN;ADAMTS13;ST8SIA4;LTA4H;APOE;ST3GAL1;ELANE;CTSA;HARS1;YES1;ST8SIA3;LNPEP;AZU1;UBAC1;MSRA;RPS25;RPS28;RPL27A;AGO2;MMS19;RPS20;TMCC2;CALR;RPS21;FARSB;LGMN;RPS23;ACHE;HBS1L;TINAGL1;RPLP1;RPLP0;IDE;PCSK6;CTSS;IKBKB;CTSL;RPLP2;CTSH;CTSG;CD36;CTSF;LDLRAP1;EMD;CTSD;CTSC;CTSB;PARP1;TESC;PABPC4;UCHL3;MMP14;F9;MMP19;MRRF;RPL12;RPL11;NEDD8;ERMP1;PRSS50;PSMB5;RPS15A;RPL14;RPS3;RPL15;RPS2;RPL18;DTD1;LCMT1;RPL19;UBL4A;USP9X;FKBP1A;ERP44;SPCS3;SPCS1;PSMC4;QPCT;TARDBP;ERO1A;FCN1;FCN3;PLOD2;UBE3A;PARK7;APEH;RPL10A;UBE2Z;CNDP1;CNDP2;CHCHD4;NPEPPS;CAPN7;CAPN2;CAPN1;RPS9;RPS7;RPS8;RPS5;RPSA;PGC;ADAM17;ADAM15;LOX;DNAJB11;EEF1A2;PRTN3;SQSTM1;UBA7;HTRA1;DPP3;BAG2;PITRM1;DPP9;STK38;RIPK1;AMBP;FUS;OGA;COPS5;BMP1;PROC;NACA;UBA3;CPE;MAN2B1;EIF4G1;UBE2M;CPQ;RPS4X;ADAMTS5;RPL7A;THBD;ADAMTS2;CASP8;ADAMTS1;CASP6;CASP3;RNPEP;ADAMTS8;GAL3ST4;HGFAC;MBL2;MMP7;MMP3;RPS3A;RABGGTB;RABGGTA;MMP9;DARS1;SARS1;NPEPL1;ATG4B;ATG4A;SOS1;THOP1;PAPPA2;COLEC11;COLEC10;DENND3;FURIN;RRBP1;LRP8;TSPAN33;CLN5;HSPD1;ACAN;BPNT1;ABCF1;SNCA;GALNT2;ERAP1;RPL35A;RPL23A;WARS1;TSPAN15;TSPAN14;CCS;XPNPEP1;RAB12;METAP1,Protein Metabolic Process (GO:0019538)
GO:0030855,0.6699912,1.537809,3.469683,TAGLN;DNPH1;FSTL1;CNN3;LGALS3;BASP1;CASP6;AKT2;PGK1;AKT1;ANXA7;PCK2;CTSB;FN3K;GSTK1;CBR1;CPT1A;TGFB2;JAG1;TSTD1;ANXA4;SCRIB;VIL1;RAB10;DAB2;TOLLIP;CDHR2;CTNNB1;TAGLN2;VDAC1;DSG2;HNRNPH3;FGFR2;CES1,Epithelial Cell Differentiation (GO:0030855)
GO:1904018,0.6699912,1.537809,3.469683,ITGB1;ECM1;PDCD6;CLSTN1;SERPINE1;HSPB1;CXCR4;EMC10;THBS1;PIK3R6;RTN4;MTDH;CDH5;MYDGF;RRAS;ITGAX;CTSH;EMILIN2;EMILIN1;CD34;PAK4;TGFB1;JUP;PRKCB;ANXA3;SPHK1;GDF2;PRKCA;PDCL3;STIM1;WNK1;AGO2;ANGPTL3;PRKD2,Positive Regulation of Vasculature Development (GO:1904018)
GO:0038127,0.6699912,1.732863,3.866158,CUL5;SHC1;SRC;EGF;MVP;ERBIN;PTPN11;IQGAP1;HDAC6;PTK2;VIL1;ADAM17;EFEMP1;NCK2;REPS2;AKT1;MAPK1;PTK2B;CTNNB1;CPNE3;GRB2;STUB1;SOS1,ERBB Signaling Pathway (GO:0038127)
GO:0050821,0.6699912,1.28184,2.847776,RPL5;HSP90AB1;CTNND1;PARK7;PHB2;CLU;UFL1;LAMP1;AKT2;RUVBL2;CHORDC1;RUVBL1;ZNF207;FLOT1;FLOT2;MFSD1;CPNE2;GOLGA7;CCT3;CCT2;USP7;HSP90AA1;CAMLG;RPS7;RPL23;TESC;COG3;CSNK2A2;PRKCD;P3H1;ATP1B3;TSC1;ATP1B1;CDC37;TCP1;RABL3;PFDN2;PFN1;PPIB;GAPDH;PFDN6;STX12;RPL11;SEL1L;PIK3R1;STK4;NAPG;RTN4;SAV1;HSPD1;BAG6;RAB21;BAG5;NCLN;BAG2;PDCD10;BAG3;FLNA;CCT8;CCT7;CCT5;CCT4;CD74;CRTAP;PEX19;USP9X;PTGES3;SEC16A;HPS4;IGF1;HYPK;MTOR;CCT6A;H1-5;PDCL3;COPS3;STK24;GNAQ;DNAJA3;AAK1;STUB1;CALR;NAA15,Protein Stabilization (GO:0050821)
GO:0001558,0.6699912,1.337028,2.964607,OGFR;BMP10;DDX3X;TFRC;PTPRJ;CIB1;ENO1;DNPH1;CCAR2;NUBP2;PPP1R9B;RPTOR;RPS6KA3;RPS6KA1;RACK1;MLST8;AKT1;PRSS2;SPHK1;CSNK2A2;ADAM10;ATAD3A;RAB33B;MMP14;ADAM17;ADAM15;PRKCQ;S100A9;CRK;FXN;S100A8;PAPPA2;PSMD10;MTPN;CAMK2D;NDRG3;HPN;LTBP4;RASGRP2;RTN4;CDC42;DNAJB2;SDCBP;RICTOR;RBBP7;EXOSC2;PAK4;TGFB2;TGFB1;EPHX2;GDF2;INHBA;MTOR;BST2;ITCH;SCGB3A1;LAMTOR2;LAMTOR1;MELTF;CRLF3;SIPA1;EIF4G2;EIF4G1,Regulation of Cell Growth (GO:0001558)
GO:0050727,0.6699912,1.319639,2.921431,APP;TNFAIP6;TRADD;SERPINE1;MIA3;IFI35;PARK7;CX3CL1;LGALS3;C1QTNF3;CDH5;UFL1;ARMH4;LGALS1;TMSB4X;VPS35;JAK2;TRIM65;GPSM3;ANXA1;IL1R1;SPHK1;PRKCD;MMP3;IL18;IL16;MMP9;IL17RA;HCK;PSMA6;SHPK;TYRO3;CD47;DNASE1;DAGLB;S100A9;MGLL;S100A8;VAMP3;DHX9;MGST2;LPL;PLA2G7;UACA;RELA;FXR1;SHARPIN;CCL5;S100A12;RIPK1;APOE;ELANE;SNX6;SNCA;GSDMD;TGFB1;PDE2A;STAT3;NMI;NFKB1;CYLD;PROC;LPCAT3;OTULIN;PDCD4;SAA2;GHRL;CCM2,Regulation of Inflammatory Response (GO:0050727)
GO:0019221,0.6699912,1.305023,2.889062,CNTFR;TRADD;ILK;PTPRJ;EPX;CX3CL1;IKBKB;TMSB4X;AKT1;CTSG;JAK2;JAK3;MAP3K7;APPL2;APPL1;JAK1;JAGN1;FCER1G;SYK;CHUK;IL1R1;IFNGR1;IL18;PRKCA;IL16;IRAK3;ACTN4;TYK2;IRAK4;OSMR;COMMD7;IL17RA;HCK;OAS3;TRAF6;CSNK2B;KIT;HCLS1;PLCB1;IL6ST;SOS1;LILRA6;CSF1R;SRC;PIK3R1;LILRA1;CBL;TANK;LRP8;RELA;IL1RL1;CCL5;PTK2B;STAT6;RIPK1;LYN;STAT5A;STAT5B;STAT1;STAT3;PTPN11;LILRB2;LILRB5;FER;TOLLIP;LEP;CCM2;PTPN6;PLP2;P4HB;IL7R;LIMS1;PF4,Cytokine-Mediated Signaling Pathway (GO:0019221)
GO:0034329,0.6699912,1.470179,3.241724,NLGN1;NLGN2;NRXN1;CDH8;CDH6;CDC42;CDH5;CDH2;OPHN1;SLITRK1;NRCAM;PLXNA4;DBNL;FN1;PCDHB14;RHOA;DNM3;TJP1;CLDN5;SDK1;CLDN3;CDK5;PCDHB2;CDH10;CAPZA1;CDH11;FSCN1;PLXNB3;PLXNB2;CDH13;PLXNB1;ITGA6;TLN2;CDH15;TLN1;CDH17;SHANK3;SDK2;CDH19,Cell Junction Assembly (GO:0034329)
GO:0062197,0.6699912,1.470179,3.241724,VKORC1L1;PRKAA1;DDX3X;CUL3;HM13;MIA3;PARK7;PRDX3;RPTOR;PRDX2;PRDX5;ERMP1;LONP1;MLST8;LRRC8D;STX4;TRIM21;ATG7;SLC25A24;SNCA;UBL4A;PNPT1;GPX1;PARP1;GSR;GPX7;SOD2;EIF2S1;SIRT2;MTOR;SERPINB6;MSRA;CCS;STK24;FASN;STK26;TBC1D24;PRKD2;PPIA,Cellular Response to Chemical Stress (GO:0062197)
GO:0048255,0.6699912,1.779717,3.915174,DHX9;FUS;CIRBP;HNRNPU;YBX1;MAPK14;ELAVL1;YBX3;EIF4ENIF1;SYNCRIP;LARP1;THRAP3;CSDE1;MAPKAPK2;HNRNPD;PABPC1;IGF2BP2;HNRNPC;TARDBP;HNRNPA0;PAIP1,mRNA Stabilization (GO:0048255)
GO:0045597,0.6699912,1.29074,2.805938,APP;RIPOR2;GSK3B;MTCH2;HSP90AB1;CSF1;TGFB1I1;SYAP1;ADIRF;LAMC1;LMNB2;RPS6KA3;PPP3CA;GLIPR2;RPS6KA1;CPNE1;AKT1;NRCAM;CCN2;CD36;CD34;ACVR1;ACTL6A;PRMT3;IL18;NPNT;RHOA;IMPACT;RAPGEF2;ARHGEF2;PLCB1;IL6ST;SOS1;DDR2;TNXB;PKDCC;LAMA2;LAMA1;LRP5;LPL;NID1;BLOC1S5;SDCBP;MAPK9;RAP1A;RRAS;GPC1;LRRC8A;APOB;TRPM4;SMAD2;TGFB2;TGFB1;GDF2;SUCO;LAMB1;IGF1;PA2G4;MAPK14;BMP7;PTK2;NFKB1;MTOR;COL1A1;SLC6A6;KITLG;DAB2;RGCC;FES;CARM1;VWC2;CTNNB1;CAMK1;FERMT2;PF4;FGFR1,Positive Regulation of Cell Differentiation (GO:0045597)
GO:0010638,0.6699912,1.565228,3.40119,GSK3B;C2CD5;GSK3A;RALA;ATL3;MFF;FYCO1;LMAN1;FAM162A;TNFSF10;TOM1;VPS35;DNM1L;BID;LNPK;REPS1;TMED9;ANXA1;ANXA2;SURF4;MMP9;DCN;SYNJ1;BAX;RAB3GAP2;PFDN2;PGAM5;MICU1;MCU;RAB3GAP1,Positive Regulation of Organelle Organization (GO:0010638)
GO:0071709,0.6699912,1.840009,3.995833,NLGN1;NLGN2;ANXA2;NRXN1;VPS4B;VPS4A;RFTN1;NSFL1C;SPAST;CHMP1B;CHMP1A;CHMP2B;CHMP2A;CHMP4B;STX4;CHMP6;LRCH4;SPTBN1;CHMP5,Membrane Assembly (GO:0071709)
GO:0032092,0.6699912,1.840009,3.995833,GSK3B;RALB;DTX3L;EPB41;USP9X;RPL11;IDE;MMP9;ADD1;ADD2;PPP2CB;VTN;CLDN5;STING1;FLOT1;RAPGEF2;MARK3;TRIM21;RAN,Positive Regulation of Protein Binding (GO:0032092)
GO:2001242,0.6699912,1.840009,3.995833,BCAP31;BECN1;FIS1;DDX3X;SRC;NOL3;CLU;MMP9;CYLD;BCLAF1;LCK;RACK1;UBQLN1;PPIF;P4HB;BID;S100A9;S100A8;BCL2L1,Regulation of Intrinsic Apoptotic Signaling Pathway (GO:2001242)
GO:1903530,0.6699912,1.840009,3.995833,NSF;RALA;MCTP1;FMR1;RHBDF2;CAMK2A;SEPTIN5;P3H1;RAB33B;VAMP8;RAB21;DNAJC1;RAB37;SCG5;SAA2;ARFIP1;STX4;STXBP5;VAMP3,Regulation of Secretion by Cell (GO:1903530)
GO:0085029,0.6699912,3.048533,6.616302,MFAP4;EFEMP2;TGFB1;TNXB;LTBP4;EMILIN1;QSOX1;GAS6;FBLN5,Extracellular Matrix Assembly (GO:0085029)
GO:0046597,0.6699912,3.048533,6.616302,FCN1;IFITM3;SNX3;CD74;LRRC15;FCN3;IFITM2;TRIM5;PTX3,Host-Mediated Suppression of Symbiont Invasion (GO:0046597)
GO:0046456,0.6699912,3.048533,6.616302,CBR1;PTGES2;MGST3;PTGES3;TBXAS1;MGST2;PLA2G4A;LTA4H;PTGDS,Icosanoid Biosynthetic Process (GO:0046456)
GO:0046651,0.6699912,3.048533,6.616302,PPP3CB;CD40LG;PTPRC;EBI3;MSN;CTPS1;MS4A1;PIK3CG;HSPD1,Lymphocyte Proliferation (GO:0046651)
GO:0001578,0.6699912,3.048533,6.616302,CLIP1;SPAST;NUMA1;MAP1S;CHORDC1;ZNF207;GAS2L1;MAPRE2;CLASP1,Microtubule Bundle Formation (GO:0001578)
GO:0030033,0.6699912,3.048533,6.616302,RAP2A;RAP1A;RAP2B;STK26;MINK1;RAPGEF2;TNIK;EZR;MAP4K4,Microvillus Assembly (GO:0030033)
GO:0050819,0.6699912,3.048533,6.616302,THBD;VTN;PROC;SERPINE2;SERPINE1;APOE;TFPI;KNG1;PF4,Negative Regulation of Coagulation (GO:0050819)
GO:1901293,0.6699912,3.048533,6.616302,PANK4;PPCS;DCAKD;AK3;NME3;NMNAT3;DCK;COASY;PPCDC,Nucleoside Phosphate Biosynthetic Process (GO:1901293)
GO:0035335,0.6699912,3.048533,6.616302,PTPN1;DUSP3;PTPRS;PTPRZ1;PTPN11;PTPRJ;PTPN6;PTPN12;PTPRF,Peptidyl-Tyrosine Dephosphorylation (GO:0035335)
GO:1903580,0.6699912,3.048533,6.616302,RPTOR;PRKAA1;VCP;TMSB4X;MLST8;MIA3;ENO1;IGF1;MTOR,Positive Regulation of ATP Metabolic Process (GO:1903580)
GO:0060999,0.6699912,3.048533,6.616302,CAMK2B;NLGN1;RELN;FMR1;CAPRIN1;CAMK1;LRP8;SHANK3;DBN1,Positive Regulation of Dendritic Spine Development (GO:0060999)
GO:0032743,0.6699912,3.048533,6.616302,STOML2;PTPRC;TRAF6;PLCG2;RPS3;PRKD2;TANK;MAP3K7;SPTBN1,Positive Regulation of Interleukin-2 Production (GO:0032743)
GO:0051149,0.6699912,3.048533,6.616302,NOTCH2;NOTCH1;LAMA2;LAMA1;LAMB1;LAMC1;MAPK14;NID1;LMNB2,Positive Regulation of Muscle Cell Differentiation (GO:0051149)
GO:0014911,0.6699912,3.048533,6.616302,PDGFRB;DOCK5;NRP1;VTN;IGFBP5;CCL5;DOCK7;IGF1;S100A11,Positive Regulation of Smooth Muscle Cell Migration (GO:0014911)
GO:0150105,0.6699912,3.048533,6.616302,TJP1;CDH5;LSR;SCRIB;PKN2;F11R;MPP7;JAK1;TJP2,Protein Localization to Cell-Cell Junction (GO:0150105)
GO:0061512,0.6699912,3.048533,6.616302,EHD1;RABEP1;MICALL1;RAB3IP;ASAP1;ATP6V1D;RAB11FIP3;RAB8A;RAB11A,Protein Localization to Cilium (GO:0061512)
GO:0035542,0.6699912,3.048533,6.616302,VPS18;STXBP1;VPS33A;VPS41;VPS8;VPS11;VPS39;SNCA;VPS16,Regulation of SNARE Complex Assembly (GO:0035542)
GO:0070167,0.6699912,3.048533,6.616302,ECM1;NOTCH1;TGFB1;ROCK1;ROCK2;BMP2K;NOTUM;GAS6;DDR2,Regulation of Biomineral Tissue Development (GO:0070167)
GO:0086004,0.6699912,3.048533,6.616302,CAMK2D;DLG1;JUP;PKP2;ATP2A2;STC1;DSG2;SRI;TRPM4,Regulation of Cardiac Muscle Cell Contraction (GO:0086004)
GO:0045540,0.6699912,3.048533,6.616302,PRKAA1;LPCAT3;ERLIN1;MAPK1;PRKCA;ERLIN2;APOE;GNAI1;KPNB1,Regulation of Cholesterol Biosynthetic Process (GO:0045540)
GO:1903140,0.6699912,3.048533,6.616302,IKBKB;CDH5;CLDN5;PPP1R12A;PROC;ROCK1;ROCK2;F11R;VCL,Regulation of Establishment of Endothelial Barrier (GO:1903140)
GO:0051147,0.6699912,3.048533,6.616302,PTBP1;LAMA2;LAMA1;LAMB1;LAMC1;NID1;MAPK14;LMNB2;FGFR2,Regulation of Muscle Cell Differentiation (GO:0051147)
GO:0062207,0.6699912,3.048533,6.616302,IKBKB;ZDHHC5;FLOT1;PIK3R1;CD36;S100A9;APPL2;S100A8;APPL1,Regulation of Pattern Recognition Receptor Signaling Pathway (GO:0062207)
GO:1903426,0.6699912,3.048533,6.616302,TRAP1;FASN;PLCG2;RAB27A;PARK7;CD36;ABCD1;SLC18A2;SNCA,Regulation of Reactive Oxygen Species Biosynthetic Process (GO:1903426)
GO:0006929,0.6699912,3.048533,6.616302,P2RY12;NRP1;SDCBP;SHTN1;PTPRC;OPHN1;ITGA2;VEGFC;CD2AP,Substrate-Dependent Cell Migration (GO:0006929)
GO:0097699,0.6699912,3.048533,6.616302,PTPN1;CAPN2;GNAS;AKT1;PKN2;PRKCA;PRKACB;MTOR;PTK2,Vascular Endothelial Cell Response to Fluid Shear Stress (GO:0097699)
GO:0045765,0.6699912,1.318321,2.860943,ITGB1;ECM1;SPARC;PDCD6;SERPINE1;CLSTN1;HSPB1;EMC10;PIK3CG;MYDGF;CDH5;ADAMTS1;STAB1;ITGAX;CTSH;EMILIN2;EMILIN1;CD36;CD34;HTATIP2;PRKCB;ANXA3;CEMIP2;SPHK1;PRKCA;HSPG2;DCN;CLDN5;SARS1;STIM1;HGS;ANGPTL3;PRKD2;NAXE;ROCK1;SHC1;ROCK2;THBS2;THBS1;PIK3R6;RELA;RTN4;THBS4;MTDH;RRAS;GPNMB;PDCD10;PGK1;PAK4;TGFB2;JUP;STAT1;GDF2;ATP2B4;SYNJ2BP;WARS1;PDCL3;RGCC;WNK1;LEP;AGO2;CTNNB1;GHRL;CCM2;PTPN6;PF4,Regulation of Angiogenesis (GO:0045765)
GO:0009059,0.6699912,1.259998,2.714629,RPL4;RPL5;HBS1L;RPL3;RPL31;RPL34;RPLP1;RPLP0;RPL10A;RPL8;RPL6;RPL7;EEF1B2;RPS4X;RPS14;RPL7A;RPS17;RPS16;RPS19;RPS18;RPL35;RPLP2;KPNA4;RPS11;RPS10;RPS13;GAL3ST4;RPS12;TGM2;TSFM;RPS9;RPS7;RPS8;RPL23;RPS5;PABPC4;RPL22;RPSA;RPS3A;GTPBP2;GTPBP1;DARS1;TUFM;EEF1G;SARS1;EEF1D;EEF1A2;RPL27;RPL29;RPL28;MRRF;MRPL18;RPL12;RPL11;RRBP1;MRPL12;GSPT2;GSPT1;MRPL11;RPS15A;RPL14;RPS3;APOE;RPL15;RPS2;RPL18;DTD1;ABCF1;RPL19;HARS1;ANGPT2;RPL35A;RPL23A;INHBA;EEF2;WARS1;RPS25;RPS28;COPS5;COL5A1;NACA;RPL27A;AGO2;RPS20;RPS21;EIF4G2;EIF4G1;FARSB;RPS23,Macromolecule Biosynthetic Process (GO:0009059)
GO:0030099,0.6699912,1.920457,4.12443,HSPA9;LYN;MPIG6B;UBA5;SLC1A5;INHBA;EPX;PRDX3;RPS14;UFL1;RPS19;CASP3;KIT;HCLS1;JAK2;SLC25A5;ZFPM1,Myeloid Cell Differentiation (GO:0030099)
GO:1902373,0.6699912,1.920457,4.12443,NBAS;DHX9;FUS;CIRBP;HNRNPU;YBX1;ELAVL1;HNRNPAB;FXR1;EIF4ENIF1;SYNCRIP;LARP1;THRAP3;CSDE1;HNRNPD;PABPC1;PAIP1,Negative Regulation of mRNA Catabolic Process (GO:1902373)
GO:0045055,0.6699912,1.920457,4.12443,LYN;ABCC4;TMED10;SNAPIN;STXBP1;PLEK;RAB10;CRHBP;PPP3CB;SYNGR2;RAB31;VAMP7;CDK5;SDF4;MYH9;PIP5K1C;SNCA,Regulated Exocytosis (GO:0045055)
GO:0036465,0.6699912,1.920457,4.12443,GIT2;STON1;AP3D1;STON2;AP2B1;OPHN1;CDK5;SYNJ1;CANX;AP2S1;SNCG;AP3S1;PIP5K1C;RAB5A;AP2M1;GIT1;SNCA,Synaptic Vesicle Recycling (GO:0036465)
GO:0045216,0.6699912,1.582409,3.372912,CSF1R;NLGN2;CDH8;CDH6;CDH5;CDH2;CSK;TGFB2;TGFB1;F2R;TJP1;CLDN5;CLDN3;CDH10;CDH11;FSCN1;MYADM;PKP2;CDH13;DSG2;PRTN3;CDH15;TLN2;TLN1;CDH17;CDH19;LIMS1;TJP2,Cell-Cell Junction Organization (GO:0045216)
GO:0006896,0.6699912,2.484316,5.293828,AP4M1;GAK;EHD3;CCDC91;AP1G2;LAMP1;SORT1;AP1G1;VPS52;AP3D1;VTI1B,Golgi to Vacuole Transport (GO:0006896)
GO:0006739,0.6699912,2.484316,5.293828,UBL4A;PRDX5;PROC;TP53I3;MDH1;NNT;IDH1;IDH2;FDXR;FMO5;NADK,NADP Metabolic Process (GO:0006739)
GO:0002456,0.6699912,2.484316,5.293828,JAG1;CADM1;CD8A;CRTAM;CTSH;C4BPA;BTN3A2;HLA-A;CD46;GNL1;MYO1G,T Cell Mediated Immunity (GO:0002456)
GO:0007193,0.6699912,2.484316,5.293828,AKAP12;P2RY12;APP;MARCO;PDE2A;GNAI3;FLNA;PRKCA;ADRA2A;GNAI1;GNAI2,Adenylate Cyclase-Inhibiting G Protein-Coupled Receptor Signaling Pathway (GO:0007193)
GO:0071229,0.6699912,2.484316,5.293828,RPTOR;RRAGC;CUL3;LARS1;LAMTOR2;LAMTOR1;LAMTOR4;LAMTOR3;MTOR;IPO5;LAMTOR5,Cellular Response to Acid Chemical (GO:0071229)
GO:0071786,0.6699912,2.484316,5.293828,RTN2;RAB10;RTN3;DMTN;RETREG3;RTN1;ZFYVE27;TMEM33;RAB18;RTN4;LNPK,Endoplasmic Reticulum Tubular Network Organization (GO:0071786)
GO:0015909,0.6699912,2.484316,5.293828,CPT1A;ABCD3;FABP4;CPT2;FABP5;ACSL1;ACSL3;APOE;CD36;SLC25A20;SLC27A4,Long-Chain Fatty Acid Transport (GO:0015909)
GO:0034112,0.6699912,2.484316,5.293828,MMRN1;CCL5;CTNNB1;EMILIN2;CTSG;EMILIN1;F11R;GP6;IL6ST;JAK2;JAK1,Positive Regulation of Homotypic Cell-Cell Adhesion (GO:0034112)
GO:1902624,0.6699912,2.484316,5.293828,RIPOR2;CD74;C1QBP;MOSPD2;RAC2;NCKAP1L;DNM1L;RTN4;THBS4;CD99;MCU,Positive Regulation of Neutrophil Migration (GO:1902624)
GO:2000765,0.6699912,2.484316,5.293828,SYNCRIP;PKM;DHX9;FMR1;CSDE1;HNRNPD;HNRNPU;YBX1;PABPC1;YBX3;PAIP1,Regulation of Cytoplasmic Translation (GO:2000765)
GO:1902175,0.6699912,2.484316,5.293828,SFPQ;BAG5;UBQLN1;HSPB1;FYN;PARK7;P4HB;NOL3;SOD2;PPIA;SOD1,Regulation of Oxidative Stress-Induced Intrinsic Apoptotic Signaling Pathway (GO:1902175)
GO:0061709,0.6699912,2.484316,5.293828,UFL1;UFM1;RETREG3;STING1;TEX264;DDRGK1;UBA5;ATG9A;UFC1;SNX30;ATG2B,Reticulophagy (GO:0061709)
GO:0034605,0.6699912,2.033157,4.3305,YWHAE;VCP;HSP90AA1;HSP90AB1;PDCD6;HIKESHI;PRKCA;THBS1;HDAC6;ATXN3;DNAJB1;BAG3;EEF1D;TPR;RBBP7,Cellular Response to Heat (GO:0034605)
GO:0061028,0.6699912,2.033157,4.3305,RAB1A;RAB1B;PDE2A;RDX;MSN;F11R;TJP1;RAP1A;CLDN3;RAP2B;MYADM;PECAM1;RAPGEF2;EZR;TJP2,Establishment of Endothelial Barrier (GO:0061028)
GO:0032511,0.6699912,2.033157,4.3305,TSG101;VTA1;VPS37A;PTPN23;SNF8;STAM;VPS37B;HGS;MVB12B;CHMP6;VPS36;STAM2;VPS25;VPS28;CHMP5,Late Endosome to Vacuole Transport via Multivesicular Body Sorting Pathway (GO:0032511)
GO:0061025,0.6699912,2.033157,4.3305,NSF;GCA;SNAP23;USO1;VPS33B;HUWE1;NAPG;STX11;NSFL1C;RABEP1;VAPA;CHORDC1;SNAP29;VTI1B;VAMP3,Membrane Fusion (GO:0061025)
GO:0007006,0.6699912,2.033157,4.3305,HSPA9;APOOL;MTX1;DNAJC11;IMMT;GHITM;TIMM50;LETM1;CHCHD3;SAMM50;TMEM11;PPIF;MFN2;SLC25A5;BCL2L1,Mitochondrial Membrane Organization (GO:0007006)
GO:0015718,0.6699912,2.033157,4.3305,ABCC3;LYN;ABCC4;LYPLA1;ABCD3;SLC16A1;CRABP2;ACSL1;GOT2;FABP4;FABP5;CD36;SLC27A3;SLC16A3;SLC27A4,Monocarboxylic Acid Transport (GO:0015718)
GO:0018107,0.6699912,2.033157,4.3305,CAMK2D;PRKDC;CAMK2A;PRKCD;STK39;LMTK2;PRKCA;OXSR1;TBK1;CDK5;WNK1;CSNK2B;AKT1;MAPK1;PRKD2,Peptidyl-Threonine Phosphorylation (GO:0018107)
GO:0001912,0.6699912,2.033157,4.3305,ITGAM;CADM1;STX7;CRTAM;HLA-B;HLA-C;HLA-A;HLA-F;CYRIB;HLA-E;LAMP1;CD226;SLAMF6;HLA-DRB1;NECTIN2,Positive Regulation of Leukocyte Mediated Cytotoxicity (GO:0001912)
GO:0032527,0.6699912,2.033157,4.3305,VCP;SEC13;TMED9;SEC16A;FAF2;SEL1L;SURF4;AUP1;HSP90B1;ERLEC1;LMAN1;NPLOC4;OS9;UFD1;SEC61B,Protein Exit From Endoplasmic Reticulum (GO:0032527)
GO:1905475,0.6699912,2.033157,4.3305,CAMK2B;CAMK2D;STX8;CAMK2A;VPS4A;STX7;VAMP8;MMP14;CDK5;GPC1;FYN;LDLRAP1;CAMK2G;SPTBN1;VTI1B,Regulation of Protein Localization to Membrane (GO:1905475)
GO:0046032,0.6699912,2.202297,4.673578,MAP4K2;TPI1;ENO1;HOOK3;ENO2;ENO3;LDHA;PFKL;PKM;PGK1;GAPDH;PFKM;PGM1,ADP Catabolic Process (GO:0046032)
GO:0003208,0.6699912,2.202297,4.673578,GSK3A;TGFB2;NOTCH1;JAG1;TGFB1;TPM1;FKBP1A;TGFBR3;PKP2;CPE;FGFR2;ENG;MYH7,Cardiac Ventricle Morphogenesis (GO:0003208)
GO:0006968,0.6699912,2.202297,4.673578,ITGB1;LGALS3BP;BECN1;FCMR;CD5L;LY96;UMOD;LSP1;LILRB2;RELA;PPP1R9B;PTK2B;LBP,Cellular Defense Response (GO:0006968)
GO:0045022,0.6699912,2.202297,4.673578,BECN1;ANKRD27;STX8;PIK3R4;LMTK2;HOOK3;PTPN23;SNF8;EEA1;WDR91;PIK3C3;RAB5A;RAB7A,Early Endosome to Late Endosome Transport (GO:0045022)
GO:0001654,0.6699912,2.202297,4.673578,TGFB2;CHRDL1;TSKU;RBP4;EFEMP1;COL5A1;SH3PXD2B;BLOC1S3;COL5A2;RAB18;FREM2;RAB3GAP1;FBN1,Eye Development (GO:0001654)
GO:0006096,0.6699912,2.202297,4.673578,MAP4K2;TPI1;ENO1;HOOK3;ENO2;ENO3;LDHA;PFKL;PKM;PGK1;GAPDH;PFKM;PGM1,Glycolytic Process (GO:0006096)
GO:1903232,0.6699912,2.202297,4.673578,HPS1;AP1B1;AP3D1;HPS4;AP3B1;RAB32;AP3M1;AP1G1;AP1S2;AP1S1;RAB38;AP3S1;AP1M1,Melanosome Assembly (GO:1903232)
GO:0007517,0.6699912,2.202297,4.673578,TAGLN;MSTN;LAMA2;IGF1;UNC13D;FXR1;SMTN;LMNA;COL6A3;ITGA7;ITGB1BP2;UTRN;EMD,Muscle Organ Development (GO:0007517)
GO:0031116,0.6699912,2.202297,4.673578,NUMA1;DCTN1;VTA1;ARL2;SLAIN2;CKAP5;CLIP1;FES;RPS3;PKN1;MAPRE1;CLASP1;GIT1,Positive Regulation of Microtubule Polymerization (GO:0031116)
GO:0002763,0.6699912,2.202297,4.673578,CD74;CSF1;TESC;PRKCA;RPTOR;PPP3CA;CASP8;FES;TRAF6;HCLS1;RIPK1;HLA-DRB1;PF4,Positive Regulation of Myeloid Leukocyte Differentiation (GO:0002763)
GO:1904407,0.6699912,2.202297,4.673578,APP;HSP90AA1;HSP90AB1;PIK3CB;CLU;ASS1;DDAH1;DDAH2;AKT1;ASL;PRKD2;APOE;CD36,Positive Regulation of Nitric Oxide Metabolic Process (GO:1904407)
GO:1903955,0.6699912,2.202297,4.673578,RNF31;SH3GLB1;GSK3A;CSNK2A2;HPS4;HUWE1;UBE2L3;NPEPPS;ARIH2;MICALL2;RAC2;VPS11;SAE1,Positive Regulation of Protein Targeting to Mitochondrion (GO:1903955)
GO:0070884,0.6699912,2.202297,4.673578,GSK3B;PRNP;FHL2;ATP2B4;CIB1;IGF1;SLC9A1;PPP3CA;PTBP1;PPP3CB;PPP3R1;CHORDC1;PLCG2,Regulation of calcineurin-NFAT Signaling Cascade (GO:0070884)
GO:0050848,0.6699912,2.202297,4.673578,PDGFRB;PDGFRA;PRNP;RAMP3;JPT2;PLEK;ITPR1;PTPRJ;PRKCA;SLA2;PTPRC;PLCG2;CDH13,Regulation of Calcium-Mediated Signaling (GO:0050848)
GO:0042269,0.6699912,2.202297,4.673578,CADM1;CRTAM;ARRB2;HLA-F;PIK3R6;HLA-E;LAMP1;LEP;SLAMF6;CD226;GRB2;LGALS9;NECTIN2,Regulation of Natural Killer Cell Mediated Cytotoxicity (GO:0042269)
GO:0051223,0.6699912,2.202297,4.673578,HSPA8;PTPN1;RHBDF2;SNX12;P3H1;GAPVD1;PPM1F;SNX3;DNAJA1;SCFD1;DNAJC1;CHORDC1;SAA2,Regulation of Protein Transport (GO:0051223)
GO:0009746,0.6699912,2.202297,4.673578,EIF2B5;EIF2B4;MAP4K2;EIF2B3;EIF2B2;LPL;IRS2;THBS1;PFKL;SELENOT;EIF2B1;MAP4K5;GPLD1,Response to Hexose (GO:0009746)
GO:0001936,0.6699912,1.483921,3.140591,NRP1;ECM1;NRP2;SPARC;FLT4;ITGB3;PDCD6;CLSTN1;HMGB2;EMC10;MIA3;FUT1;THBS1;THBS4;MYDGF;ATP5F1A;AKT1;APOE;STAT5A;ANGPT1;EGF;STAT1;GDF2;PRKCA;SYNJ2BP;AIMP1;PDCL3;RGCC;LEP;PLXNB3;CDH13;PRKD2;GHRL;SCG2;ENG,Regulation of Endothelial Cell Proliferation (GO:0001936)
GO:0018105,0.6699912,1.602748,3.350197,GSK3B;CAMK2D;CAB39;ROCK1;PRKDC;STK39;STK4;PKD1;IKBKB;TBK1;GRK2;PDK3;MAPK1;RIPK1;MARK3;MARK2;MAP2K2;PRKCD;LMTK2;PRKCA;MAPK14;MAPKAPK3;CDK5;MAPKAPK2;CDK2;PRKD2,Peptidyl-Serine Phosphorylation (GO:0018105)
GO:0050764,0.6699912,1.602748,3.350197,PTPRJ;SNX3;PIP4P2;LMAN2;RACK1;ITGAV;MBL2;TGM2;FCER1G;SYK;SPHK1;STAT3;RAB27A;PRKCA;ARAP1;AZU1;FGR;HCK;PLSCR1;FCGR2A;PTPRC;PRTN3;CD47;CALR;DOCK2;GAS6,Regulation of Phagocytosis (GO:0050764)
GO:0022603,0.6699912,1.428343,2.971954,GSK3B;MTCH2;POGLUT1;SPARC;FLT4;ARHGAP35;PIK3CG;LFNG;FYCO1;CAPZB;GPNMB;PDCD10;DAG1;KIF13B;PDLIM5;PDZD8;MARK2;CLASP1;HTATIP2;CLASP2;TGFB1;SEMA4D;STAT2;CYRIB;WARS1;RAP2A;CLDN3;INF2;CDK5;LEP;NEDD4;CTNNB1;CCM2;PKN2;TNIK;PKN1;ARHGEF7;SHANK3;FERMT2;FGFR2,Regulation of Anatomical Structure Morphogenesis (GO:0022603)
GO:0007167,0.6699912,1.492203,3.091369,CSF1R;CSF1;FLT4;PIK3CB;PTPRF;CRKL;PTPRG;FYN;JAK2;JAK3;PDGFRB;LYN;PDGFRA;NTRK2;YES1;GP6;MTSS1;FGR;DOK1;HCK;DOK2;DOK3;CD8A;LCK;AXL;TYRO3;CASS4;LCP2;IL6ST;CRK;ANGPTL1;FRK;DDR2,Enzyme-Linked Receptor Protein Signaling Pathway (GO:0007167)
GO:0141124,0.6699912,1.233311,2.552162,APP;GUCY1B1;CLSTN1;ARAF;IGF1R;PPP1CB;PPP1CC;SAMD14;TBK1;CHORDC1;AKT1;MAP3K7;MAP3K4;MAP3K5;MAP2K3;MAP2K4;GUCY1A1;MAP2K1;MAP2K2;IRAG1;PRKCA;BCR;ADAM17;RRAGC;MAPKAPK2;BTK;TYRO3;RAB38;TNIK;SCG2;DGKH;ARL3;PIK3R4;ARHGAP18;PIK3R1;HACD3;PLCG2;TRPM4;SMAD2;PDE2A;PRG2;NFKB1;NFKB2;TREML1;CCDC88A;PPP5C;RHEB;PDE3A;TAB3;TAB2;TAB1;FGFR3;MCU;FGFR1;YWHAE;MCTP1;PRKCSH;TRADD;ARHGAP1;PIK3CB;PIK3CG;PPP1R9B;IKBKB;FCGR3B;C1QBP;MYO18A;CD36;IKBKG;CAP1;VAV3;CHUK;RIPK2;SPHK1;MINK1;VAV1;DDAH1;TRAF6;RAPGEF2;PDE5A;SHANK3;RGS19;CXCR4;NDNF;TANK;RELA;MAPK1;MAP4K4;REPS1;P2RY12;STAT3;TAOK3;RAB18;NUCB1;PTPN6;STUB1;PKN1;PTPN7;NUCB2,Intracellular Signaling Cassette (GO:0141124)
GO:0019673,0.6699912,inf,inf,GMPPB;GMDS;GMPPA;PMM2,GDP-mannose Metabolic Process (GO:0019673)
GO:0046040,0.6699912,inf,inf,AMPD2;ADSS2;HPRT1;NT5C2,IMP Metabolic Process (GO:0046040)
GO:0006559,0.6699912,inf,inf,GSTZ1;QDPR;HGD;FAH,L-phenylalanine Catabolic Process (GO:0006559)
GO:0006558,0.6699912,inf,inf,GSTZ1;QDPR;HGD;FAH,L-phenylalanine Metabolic Process (GO:0006558)
GO:0071880,0.6699912,inf,inf,CHGA;GNAS;RAPGEF2;ADRA2A,Adenylate Cyclase-Activating Adrenergic Receptor Signaling Pathway (GO:0071880)
GO:0034334,0.6699912,inf,inf,TJP1;KIFC3;FERMT2;MTSS1,Adherens Junction Maintenance (GO:0034334)
GO:0019933,0.6699912,inf,inf,PDE2A;PDE3A;RAPGEF2;PDE5A,cAMP-mediated Signaling (GO:0019933)
GO:0021533,0.6699912,inf,inf,OPHN1;NRXN1;ATP7A;CBLN1,Cell Differentiation in Hindbrain (GO:0021533)
GO:0071872,0.6699912,inf,inf,PRKCA;SIRT2;SLC9A1;SNCA,Cellular Response to Epinephrine Stimulus (GO:0071872)
GO:0036018,0.6699912,inf,inf,STAT5B;KIT;EPX;JAK2,Cellular Response to Erythropoietin (GO:0036018)
GO:0035729,0.6699912,inf,inf,NRP1;SOS1;APPL2;LGMN,Cellular Response to Hepatocyte Growth Factor Stimulus (GO:0035729)
GO:0071352,0.6699912,inf,inf,STAT5A;STAT3;JAK3;JAK1,Cellular Response to Interleukin-2 (GO:0071352)
GO:1990253,0.6699912,inf,inf,SAR1A;SAR1B;LARS1;MTOR,Cellular Response to Leucine Starvation (GO:1990253)
GO:0071868,0.6699912,inf,inf,GNG2;GNB1;GNAS;TGM2,Cellular Response to Monoamine Stimulus (GO:0071868)
GO:0043562,0.6699912,inf,inf,BECN1;GABARAPL2;MAP1LC3A;ATG7,Cellular Response to Nitrogen Levels (GO:0043562)
GO:0006995,0.6699912,inf,inf,BECN1;GABARAPL2;MAP1LC3A;ATG7,Cellular Response to Nitrogen Starvation (GO:0006995)
GO:0048048,0.6699912,inf,inf,MFAP5;EFEMP1;MFAP2;FBN1,Embryonic Eye Morphogenesis (GO:0048048)
GO:0038162,0.6699912,inf,inf,STAT5B;KIT;EPX;JAK2,Erythropoietin-Mediated Signaling Pathway (GO:0038162)
GO:0051650,0.6699912,inf,inf,COPS5;RAB27A;IKBKG;RAB11A,Establishment of Vesicle Localization (GO:0051650)
GO:0021879,0.6699912,inf,inf,OPHN1;RAPGEF2;INHBA;SHANK3,Forebrain Neuron Differentiation (GO:0021879)
GO:0022612,0.6699912,inf,inf,TGFB2;TGFB1;MSN;FGFR2,Gland Morphogenesis (GO:0022612)
GO:0072310,0.6699912,inf,inf,MYO1E;JAG1;PODXL;IQGAP1,Glomerular Epithelial Cell Development (GO:0072310)
GO:0060347,0.6699912,inf,inf,FKBP1A;TGFBR3;BMP10;RBP4,Heart Trabecula Formation (GO:0060347)
GO:0035722,0.6699912,inf,inf,P4HB;TYK2;JAK2;PLCB1,Interleukin-12-Mediated Signaling Pathway (GO:0035722)
GO:0038110,0.6699912,inf,inf,STAT5A;STAT3;JAK3;JAK1,Interleukin-2-Mediated Signaling Pathway (GO:0038110)
GO:0038155,0.6699912,inf,inf,STAT3;P4HB;TYK2;JAK2,Interleukin-23-Mediated Signaling Pathway (GO:0038155)
GO:0038156,0.6699912,inf,inf,STAT5A;FCER1G;SYK;JAK2,Interleukin-3-Mediated Signaling Pathway (GO:0038156)
GO:0035771,0.6699912,inf,inf,STAT5A;STAT6;JAK3;JAK1,Interleukin-4-Mediated Signaling Pathway (GO:0035771)
GO:0006883,0.6699912,inf,inf,SLC12A2;ATP1B3;ATP1B1;SLC9A1,Intracellular Sodium Ion Homeostasis (GO:0006883)
GO:0042157,0.6699912,inf,inf,APP;MTTP;APOE;CTSD,Lipoprotein Metabolic Process (GO:0042157)
GO:0002448,0.6699912,inf,inf,CLSTN1;KIT;SERPINB9;PIK3CG,Mast Cell Mediated Immunity (GO:0002448)
GO:0010587,0.6699912,inf,inf,ZSWIM8;ELOB;ELOC;SND1,miRNA Catabolic Process (GO:0010587)
GO:0043653,0.6699912,inf,inf,BAX;VPS35;DNM1L;CCAR2,Mitochondrial Fragmentation Involved in Apoptotic Process (GO:0043653)
GO:0031571,0.6699912,inf,inf,MUC1;PRKDC;CDK2;DGKZ,Mitotic G1 DNA Damage Checkpoint Signaling (GO:0031571)
GO:0044819,0.6699912,inf,inf,MUC1;PRKDC;CDK2;DGKZ,Mitotic G1/S Transition Checkpoint Signaling (GO:0044819)
GO:0032288,0.6699912,inf,inf,GPC1;EPB41L3;CD9;DICER1,Myelin Assembly (GO:0032288)
GO:0042997,0.6699912,inf,inf,LYPLA1;PKDCC;CSK;LYPLAL1,Negative Regulation of Golgi to Plasma Membrane Protein Transport (GO:0042997)
GO:2000329,0.6699912,inf,inf,STAT5A;LGALS1;LOXL3;JAK3,Negative Regulation of T-helper 17 Cell Lineage Commitment (GO:2000329)
GO:0046642,0.6699912,inf,inf,TWSG1;LGALS9;SLC4A2;VSIR,Negative Regulation of Alpha-Beta T Cell Proliferation (GO:0046642)
GO:0033629,0.6699912,inf,inf,MUC1;WNK1;SERPINE1;JAM3,Negative Regulation of Cell Adhesion Mediated by Integrin (GO:0033629)
GO:0010454,0.6699912,inf,inf,STAT5A;LGALS1;LOXL3;JAK3,Negative Regulation of Cell Fate Commitment (GO:0010454)
GO:0010561,0.6699912,inf,inf,ACOT8;AGO2;JAK3;ITM2B,Negative Regulation of Glycoprotein Biosynthetic Process (GO:0010561)
GO:0043569,0.6699912,inf,inf,IGFBP5;CILP;INPPL1;BMP5,Negative Regulation of Insulin-Like Growth Factor Receptor Signaling Pathway (GO:0043569)
GO:0032387,0.6699912,inf,inf,SNX3;ARHGAP1;SNX12;ARFIP1,Negative Regulation of Intracellular Transport (GO:0032387)
GO:0070229,0.6699912,inf,inf,CCL5;BPNT1;IRS2;PRKCQ,Negative Regulation of Lymphocyte Apoptotic Process (GO:0070229)
GO:2001223,0.6699912,inf,inf,COL3A1;TNN;SRGAP2;CX3CL1,Negative Regulation of Neuron Migration (GO:2001223)
GO:2000623,0.6699912,inf,inf,SYNCRIP;NBAS;PABPC1;HNRNPAB,"- Reg of Nuclear-Transcribed mRNA Cat Proc, Nonsense-Mediated Decay (GO:2000623)"
GO:0061099,0.6699912,inf,inf,TSG101;MVP;VPS25;SNX6,Negative Regulation of Protein Tyrosine Kinase Activity (GO:0061099)
GO:1903671,0.6699912,inf,inf,PIK3CB;SYNJ2BP;THBS1;EPN1,Negative Regulation of Sprouting Angiogenesis (GO:1903671)
GO:1904667,0.6699912,inf,inf,RPL5;RPS7;RPL23;RPL11,Negative Regulation of Ubiquitin Protein Ligase Activity (GO:1904667)
GO:0060563,0.6699912,inf,inf,SMAD2;TGFB1;MAP1B;TUBB,Neuroepithelial Cell Differentiation (GO:0060563)
GO:0009052,0.6699912,inf,inf,RPIA;SHPK;TALDO1;TKT,"Pentose-Phosphate Shunt, Non-Oxidative Branch (GO:0009052)"
GO:0051135,0.6699912,inf,inf,IL18;TYK2;JAK2;RASAL3,Positive Regulation of NK T Cell Activation (GO:0051135)
GO:0051142,0.6699912,inf,inf,IL18;TYK2;JAK2;RASAL3,Positive Regulation of NK T Cell Proliferation (GO:0051142)
GO:0045762,0.6699912,inf,inf,CAP1;STIM1;GNAS;ORAI1,Positive Regulation of Adenylate Cyclase Activity (GO:0045762)
GO:0062043,0.6699912,inf,inf,TGFB2;JAG1;NOTCH1;ENG,Positive Regulation of Cardiac Epithelial to Mesenchymal Transition (GO:0062043)
GO:0060045,0.6699912,inf,inf,TGFBR3;NOTCH1;LONP1;FGFR2,Positive Regulation of Cardiac Muscle Cell Proliferation (GO:0060045)
GO:1901552,0.6699912,inf,inf,CDH5;CLDN5;PROC;F11R,Positive Regulation of Endothelial Cell Development (GO:1901552)
GO:1903142,0.6699912,inf,inf,CDH5;CLDN5;PROC;F11R,Positive Regulation of Establishment of Endothelial Barrier (GO:1903142)
GO:0010460,0.6699912,inf,inf,TPM1;HRC;ATP2A2;TRPM4,Positive Regulation of Heart Rate (GO:0010460)
GO:0045654,0.6699912,inf,inf,PITHD1;TESC;HMGB2;MTURN,Positive Regulation of Megakaryocyte Differentiation (GO:0045654)
GO:0045933,0.6699912,inf,inf,CTTN;SPHK1;F2R;ENO1,Positive Regulation of Muscle Contraction (GO:0045933)
GO:0032819,0.6699912,inf,inf,IL18;TYK2;JAK2;HLA-E,Positive Regulation of Natural Killer Cell Proliferation (GO:0032819)
GO:1904352,0.6699912,inf,inf,MARCHF2;GGA3;CD81;LDLR,Positive Regulation of Protein Catabolic Process in the Vacuole (GO:1904352)
GO:0070863,0.6699912,inf,inf,TMEM30A;CD81;SORL1;TM9SF4,Positive Regulation of Protein Exit From Endoplasmic Reticulum (GO:0070863)
GO:1903428,0.6699912,inf,inf,FASN;PLCG2;RAB27A;CD36,Positive Regulation of Reactive Oxygen Species Biosynthetic Process (GO:1903428)
GO:0045940,0.6699912,inf,inf,CHGA;APOE;LDLRAP1;CES1,Positive Regulation of Steroid Metabolic Process (GO:0045940)
GO:0034105,0.6699912,inf,inf,ROCK1;ROCK2;TMBIM1;IL18,Positive Regulation of Tissue Remodeling (GO:0034105)
GO:0031340,0.6699912,inf,inf,C2CD5;ZNRF2;ANXA2;SNCA,Positive Regulation of Vesicle Fusion (GO:0031340)
GO:0097119,0.6699912,inf,inf,NLGN1;NLGN2;RELN;NRXN1,Postsynaptic Density Protein 95 Clustering (GO:0097119)
GO:0070973,0.6699912,inf,inf,BCAP31;PTGES2;SEC16A;MIA3,Protein Localization to Endoplasmic Reticulum Exit Site (GO:0070973)
GO:0035372,0.6699912,inf,inf,DIAPH1;HNRNPU;MAPRE1;MAPRE2,Protein Localization to Microtubule (GO:0035372)
GO:0070070,0.6699912,inf,inf,PIP4P1;VMA21;TMEM9;TM9SF4,Proton-Transporting V-type ATPase Complex Assembly (GO:0070070)
GO:0009169,0.6699912,inf,inf,NT5E;HPRT1;NT5C2;PRTFDC1,Purine Ribonucleoside Monophosphate Catabolic Process (GO:0009169)
GO:0009080,0.6699912,inf,inf,MCCC2;HMGCL;IVD;MCCC1,Pyruvate Family Amino Acid Catabolic Process (GO:0009080)
GO:2000514,0.6699912,inf,inf,TWSG1;HLA-DRB3;CD55;HLA-DRB1,"Regulation of CD4-positive, Alpha-Beta T Cell Activation (GO:2000514)"
GO:0060382,0.6699912,inf,inf,RUVBL2;RUVBL1;NUCKS1;UCHL5,Regulation of DNA Strand Elongation (GO:0060382)
GO:0051140,0.6699912,inf,inf,IL18;TYK2;JAK2;RASAL3,Regulation of NK T Cell Proliferation (GO:0051140)
GO:0045761,0.6699912,inf,inf,STIM1;GNAI3;ORAI1;GNAI2,Regulation of Adenylate Cyclase Activity (GO:0045761)
GO:0034248,0.6699912,inf,inf,SCARB2;TMED10;PRKCD;PICALM,Regulation of Amide Metabolic Process (GO:0034248)
GO:1904714,0.6699912,inf,inf,CTSA;SNRNP70;EEF1A2;SNCA,Regulation of Chaperone-Mediated Autophagy (GO:1904714)
GO:1904026,0.6699912,inf,inf,EFEMP2;TNXB;EMILIN1;COLGALT1,Regulation of Collagen Fibril Organization (GO:1904026)
GO:1902950,0.6699912,inf,inf,APP;PRNP;FYN;VPS35,Regulation of Dendritic Spine Maintenance (GO:1902950)
GO:0007176,0.6699912,inf,inf,TSG101;CHMP6;VPS25;SNX6,Regulation of Epidermal Growth Factor-Activated Receptor Activity (GO:0007176)
GO:0032368,0.6699912,inf,inf,SAR1B;ITGB3;SURF4;ITGAV,Regulation of Lipid Transport (GO:0032368)
GO:1900452,0.6699912,inf,inf,FMR1;LILRB2;SHANK3;CBLN1,Regulation of Long-Term Synaptic Depression (GO:1900452)
GO:1905165,0.6699912,inf,inf,USP8;MARCHF2;GGA3;LDLR,Regulation of Lysosomal Protein Catabolic Process (GO:1905165)
GO:0033003,0.6699912,inf,inf,LYN;CD84;PLSCR1;NECTIN2,Regulation of Mast Cell Activation (GO:0033003)
GO:0048021,0.6699912,inf,inf,GIPC1;RAPGEF2;CDH15;ATP7A,Regulation of Melanin Biosynthetic Process (GO:0048021)
GO:0010464,0.6699912,inf,inf,STAT1;LRP5;PDGFA;FGFR2,Regulation of Mesenchymal Cell Proliferation (GO:0010464)
GO:1902855,0.6699912,inf,inf,WRAP73;MAP4;SEPTIN9;SEPTIN7,Regulation of Non-Motile Cilium Assembly (GO:1902855)
GO:1901879,0.6699912,inf,inf,WDR1;MAP1S;MAP1B;METAP1,Regulation of Protein Depolymerization (GO:1901879)
GO:1903421,0.6699912,inf,inf,GRIPAP1;ROCK1;PLAA;SNCA,Regulation of Synaptic Vesicle Recycling (GO:1903421)
GO:0051438,0.6699912,inf,inf,BAG5;DTX3L;RPS2;UBE2L3,Regulation of Ubiquitin-Protein Transferase Activity (GO:0051438)
GO:1905459,0.6699912,inf,inf,PDCD4;MFN2;IGF1;SOD2,Regulation of Vascular Associated Smooth Muscle Cell Apoptotic Process (GO:1905459)
GO:0045471,0.6699912,inf,inf,CRHBP;GOT2;SDF4;SOD1,Response to Ethanol (GO:0045471)
GO:0035728,0.6699912,inf,inf,NRP1;SOS1;APPL2;LGMN,Response to Hepatocyte Growth Factor (GO:0035728)
GO:0036296,0.6699912,inf,inf,ATP6V1A;ATP6V1G1;ATP6V0A2;ATP6V0D1,Response to Increased Oxygen Levels (GO:0036296)
GO:0055078,0.6699912,inf,inf,SLC12A2;ATP1B3;ATP1B1;SLC9A1,Sodium Ion Homeostasis (GO:0055078)
GO:0098719,0.6699912,inf,inf,SLC12A2;SLC9A9;SLC9A1;TRPM4,Sodium Ion Import Across Plasma Membrane (GO:0098719)
GO:0061549,0.6699912,inf,inf,NRP1;NRP2;CTNNB1;SEMA3F,Sympathetic Ganglion Development (GO:0061549)
GO:0016233,0.6699912,inf,inf,RAD50;MRE11;PRKDC;TERF2IP,Telomere Capping (GO:0016233)
GO:0043247,0.6699912,inf,inf,APEX1;CDK2;TERF2IP;PPP1CA,Telomere Maintenance in Response to DNA Damage (GO:0043247)
GO:0006874,0.6913759,1.432121,2.914042,YWHAE;CAMK2D;STOML2;CCDC47;ITPR1;ATP2A3;STC1;ATP2A2;ATP2C1;MAIP1;TMEM165;CDH5;STC2;CCL5;CDH23;ANXA6;CLCC1;PDZD8;ELANE;TRPC6;ATP13A1;ATP2B4;RMDN3;SLC30A1;ATP2B1;ATP1B1;TMCO1;LETM1;STIM1;ASPH;PACS2;VAPB;HRC;BAX;CALR;MICU2;MICU1;MCU,Intracellular Calcium Ion Homeostasis (GO:0006874)
GO:0007179,0.6962789,1.501693,3.043387,ITGB1;USP15;ITGB5;SRC;WFIKKN2;FURIN;ARRB2;PTPRK;LTBP3;LRRC32;TSKU;CDH5;FNTA;MAP3K7;APPL2;APPL1;SMAD2;TGFB2;TGFB1;USP9X;STAT3;PTK2;DUSP22;TGFBR3;CLDN5;COL3A1;DAB2;ZYX;FMOD;FERMT2;ENG,Transforming Growth Factor Beta Receptor Signaling Pathway (GO:0007179)
GO:1902532,0.7039921,1.236481,2.490852,DGKG;GSK3B;GSK3A;DDX3X;MSTN;PDCD6;CTNND1;PLEK;PEBP1;PTPRJ;CIB1;IFI35;ARRB2;PIK3CB;SLA2;LIMD1;CRKL;IGF1R;C1QTNF3;CASP8;PPP2R1A;TMSB4X;RPS6KA1;CPNE1;DAG1;RACK1;EMILIN1;MAP2K3;DUSP3;PRKCD;TSC1;IRAK3;GMIP;MMP9;CD2AP;ARHGAP45;TGFBR3;PPM1A;SIKE1;PPM1B;PRKAR1B;PRKAR1A;BANK1;CARD19;PPIF;STAMBP;ENG;KANK2;PSMD10;VCP;PRKAA1;NLRX1;SRC;ITPR1;ARHGAP17;UBR1;NOL3;TANK;THBS1;UACA;RELA;STRN4;STRN3;PRKAR2B;PRKAR2A;RIPK1;MARK3;LYN;STAT1;CARD8;PDE2A;STAT3;HUWE1;NMI;CYRIB;MAPK14;ARHGAP25;BMP7;MOB4;CYLD;ITCH;PIK3IP1;CILP;WNK1;CNOT1;SLMAP;DNAJA3;STUB1;CALR;CCDC22;BCL2L1,Negative Regulation of Intracellular Signal Transduction (GO:1902532)
GO:0050851,0.7039921,1.389252,2.795606,RNF31;KHDRBS1;STOML2;CLSTN1;PTPRJ;SLA2;IKBKB;PLCG2;NCKAP1L;CSK;FYN;IKBKG;EIF2B1;MAP3K7;ICOSLG;CD276;EIF2B5;VAV3;EIF2B4;EIF2B3;EIF2B2;FYB1;BTN3A1;SYK;PRKCB;RIPK2;RFTN1;HLA-A;BTN3A2;PTPRC;TEC;CD8A;WNK1;LCK;TRAF6;BTK;PRKD2;LCP2;RBCK1;CD247;HLA-DRB3;MS4A1;HLA-DRB1,Antigen Receptor-Mediated Signaling Pathway (GO:0050851)
GO:0043547,0.7039921,1.389252,2.795606,ITGB1;DOCK8;RASGRP2;CORO1C;DOCK10;DOCK11;RAP1A;RACK1;SNX9;MMUT;RSU1;EVI5L;SRGAP2;RGS6;TGM2;MAP4K4;REPS1;SEMA4D;F2R;RHOG;SCRIB;TSC1;ARAP1;RANGAP1;MTSS2;BCR;SNX18;RALGAPB;TBC1D20;LARS1;RGS10;RAPGEF2;PRTN3;PLXNB1;ITGA6;TAX1BP3;GNB5;ARHGEF7;AGRN;MAPRE2;RAB3GAP1;SLC27A4;LIMS1,Positive Regulation of GTPase Activity (GO:0043547)
GO:0072384,0.7039921,1.657105,3.329481,RAB1A;SNAPIN;MAP1S;NDE1;BICD2;LRPPRC;PEX14;CDC42;RHOT2;RHOT1;BLOC1S1;BLOC1S2;KIF5B;KXD1;COPG2;COPG1;BORCS8;RAB6A;BORCS7;BORCS6;BORCS5;PAFAH1B1,Organelle Transport Along Microtubule (GO:0072384)
GO:0030510,0.7039921,1.657105,3.329481,SMAD2;NOTCH1;NUMA1;TNFAIP6;PRMT1;FST;NGLY1;CHRD;CHRDL2;PCSK6;CHRDL1;FSTL1;SORL1;FSTL3;SPART;CDH5;PPP3CA;TWSG1;RBPMS2;VWC2;UBE2O;ENG,Regulation of BMP Signaling Pathway (GO:0030510)
GO:0017157,0.7039921,1.657105,3.329481,FGB;NSF;FGA;RAB2B;RALA;ANXA2;FGG;SEPTIN5;RAB27A;RAB27B;SYTL4;UNC13D;RAB33B;RAB21;RAB37;STX4;STXBP5;CHMP6;RAB5A;CLASP1;CLASP2;SNCA,Regulation of Exocytosis (GO:0017157)
GO:0051094,0.7130542,1.296027,2.586043,GSK3B;HSP90AB1;TFRC;NUMA1;FMR1;VLDLR;RPS6KA3;PPP3CA;BASP1;C1QBP;RPS6KA1;DAG1;VPS35;CCN2;DNM1L;TAPT1;ACVR1;FST;DCN;LGALS12;MMRN2;PGAM5;DSG2;ARHGEF7;PLCB1;SHANK3;CAMK2B;NLGN1;PRKAA1;RALA;TNXB;SRC;NRXN1;CXCR4;LPL;MFF;LRP8;CORO1B;RTN4;CORO1C;RELN;AGR2;APOE;RBBP7;CLASP1;TRPM4;CLASP2;REPS1;TGFB1;PA2G4;BMP7;SORL1;BMP5;VIL1;SLC6A6;BMP1;LEP;AGO2;CTNNB1;CAMK1;OGT;MCU;FGFR1,Positive Regulation of Developmental Process (GO:0051094)
GO:0031349,0.716526,1.436364,2.85604,RNF31;APP;DHX9;TRADD;SERPINE1;LPL;MGST2;IFI35;PLA2G7;CX3CL1;LGALS3;LGALS1;CCL5;S100A12;EMILIN2;RIPK1;EMILIN1;GPSM3;SNCA;GSDMD;CPT1A;TGFB1;PDE2A;IL18;IL16;NMI;IL17RA;PLSCR1;MMRN2;PDCD4;CCM2;CD47;S100A9;OPTN;S100A8;TRIM56,Positive Regulation of Defense Response (GO:0031349)
GO:0032880,0.716526,1.436364,2.85604,VCP;PRKAA1;HSP90AB1;ITGB3;VPS4A;INPPL1;PPM1F;DNAJB2;VCPIP1;UFL1;TRIM5;GPC1;TPR;RACK1;STX6;TRIM25;RAB11FIP3;CTSD;YWHAG;USP8;HSP90AA1;TOR1A;PARP1;EGF;PTGES2;REXO2;RAB11A;FKBP1A;RSL1D1;DLG1;RAB14;CTNNB1;CAMK1;METAP1;PICALM;METAP2,Regulation of Protein Localization (GO:0032880)
GO:0071456,0.7201223,1.694542,3.338068,NOTCH1;TGFB1;NDNF;NDRG1;BMP7;SIRT2;RTN4;MTOR;RPTOR;NPEPPS;RGCC;TBL2;FAM162A;LMNA;MLST8;PGK1;UBQLN1;PDK3;HYOU1;P4HB,Cellular Response to Hypoxia (GO:0071456)
GO:0042177,0.7201223,1.694542,3.338068,CTSA;GABARAPL2;HSP90AB1;SF3B3;ANXA2;ROCK1;SNX12;AGAP2;IRAK3;FURIN;SIRT2;ALAD;SNX3;OPHN1;SNRNP70;TIMP3;FLNA;PSMF1;CDK5RAP3;SNCA,Negative Regulation of Protein Catabolic Process (GO:0042177)
GO:0061462,0.7201223,1.694542,3.338068,SCARB2;BECN1;CD81;VPS4A;PIK3R4;M6PR;GCC2;SORL1;RTN4;AP4M1;AP3M1;GGA3;RRAGC;HGS;NEDD4;MFSD1;PIK3C3;LAMTOR4;LAMTOR5;RAB7A,Protein Localization to Lysosome (GO:0061462)
GO:0010232,0.7201223,1.694542,3.338068,ABCC3;SLC12A2;ABCC4;ABCC1;SLC16A1;ATP8A1;SLC44A1;TFRC;ATP2A3;SLC2A1;ATP2B4;SLC2A3;SLC1A5;SLC7A1;SLC7A5;SLC6A6;SLCO3A1;SLC16A7;SLC29A1;SLC27A4,Vascular Transport (GO:0010232)
GO:0001501,0.7201223,1.331062,2.59258,COL18A1;NCAN;PCSK5;PKD1;HAPLN1;COMP;RPS6KA3;AKAP13;TRPS1;SH3PXD2B;PLS3;UFD1;ATP7A;TGM2;P3H1;RAB33B;BCAN;RBP4;MMP14;VCAN;COL2A1;CDH11;PPIB;CD44;LAMA5;PKDCC;COL11A2;CHRD;STC1;PRELP;TCOF1;DDRGK1;PRDX1;BPNT2;TGFB2;GDF2;IGF1;BMP7;BMP5;COL1A1;BMP1;OGN;GNAS;TRIP11;GHRL;TLL1;NOTUM;FGFR3;FGFR2;FBN1;FGFR1,Skeletal System Development (GO:0001501)
GO:0050708,0.7201223,1.44116,2.797987,ACHE;TMED10;IER3IP1;PPP3CB;TTR;CCL5;ENSA;MYO18A;ARFIP1;APOE;HADH;DNM1L;MYH10;FGB;SLC12A2;FGA;MAP4K2;TGFB2;TGFB1;EIPR1;FGG;RHBDF2;P3H1;GCG;IGF1;SYTL4;CD2AP;DNAJC1;ERP29;GNAS;SAA2;PPIA;PPID;ARF6,Regulation of Protein Secretion (GO:0050708)
GO:0018108,0.7201223,1.52551,2.952742,CSF1R;PKDCC;SRC;FLT4;IGF1R;EFEMP1;RELN;PTK2B;FYN;JAK2;JAK3;PDGFRB;LYN;PDGFRA;SYK;PTK2;FGR;HCK;FER;LCK;FES;BTK;PTPN6;FGFR4;FGFR2;DDR2;FGFR1,Peptidyl-Tyrosine Phosphorylation (GO:0018108)
GO:0008089,0.7201223,1.742728,3.366881,SNAPIN;AP3D1;DTNBP1;HSPB1;RAB27B;SOD1;BLOC1S4;RAB21;AP3M1;BLOC1S5;SPAST;BLOC1S1;BLOC1S2;KIF5B;BLOC1S3;AP3S1;METAP1;ARL8B,Anterograde Axonal Transport (GO:0008089)
GO:0002832,0.7201223,1.742728,3.366881,PARP1;CARD8;TRAFD1;IRAK3;NMI;REXO2;YWHAZ;SIGIRR;ITCH;PPM1B;C1QBP;PCBP2;LONP1;TYRO3;BANF1;PTPN6;TRIM21;ATG5,Negative Regulation of Response to Biotic Stimulus (GO:0002832)
GO:0045428,0.7201223,1.742728,3.366881,APP;HSP90AA1;HSP90AB1;ROCK2;ATP2B4;PIK3CB;CLU;ASS1;DDAH1;DDAH2;KHSRP;AKT1;ASL;PRKD2;APOE;CD36;CD47;JAK2,Regulation of Nitric Oxide Biosynthetic Process (GO:0045428)
GO:0061041,0.7201223,1.742728,3.366881,ITGB1;ARFGEF1;APCS;ANXA1;DMTN;SERPINE1;F2R;GP1BA;ADRA2A;PTK2;MYLK;VIL1;VTN;CLDN3;MMRN1;CD109;EPPK1;CRK,Regulation of Wound Healing (GO:0061041)
GO:0043161,0.7201223,1.217637,2.343461,GSK3B;GSK3A;UBXN1;FAF1;UBE3A;ARRB1;ARRB2;PSMD8;PSMD6;PSMD7;PSMD4;TRIM28;PSMD2;PSMD3;FBXO4;ARIH2;FBXO3;PSMD1;FBXO7;SKP1;KCMF1;NHLRC3;UBE4B;RAD23A;ARMC8;RAD23B;SIRT2;DDB1;PSMA5;PSMA6;PSMA3;PSMA4;PSMA1;NEMF;KCTD10;GAN;PSMA2;TBL1XR1;PLAA;RBCK1;ANAPC1;PSMD12;VCP;WDR26;PSMD11;CUL5;PSMD14;PSMD13;CUL3;CUL2;UBR4;UBR1;PSMA7;PSMB10;PCNP;PSMB6;DNAJB2;FBXL20;PSMB7;ATXN3;PSMB4;SH3BGRL;ZNRF2;PSMB5;SHARPIN;RMND5A;PSMB2;PSMB3;HECTD3;PCBP2;PSMB1;ZSWIM8;ASCC2;ASCC3;DCAF11;CRBN;UBE2C;HUWE1;TRIP4;PSMB8;PSMB9;CUL4A;NSFL1C;ITCH;PSMC5;PSMC6;PROC;PSMC3;PSMC4;PSMC1;CDC16;GID8;PSMC2;CTNNB1;STUB1,Proteasome-Mediated Ubiquitin-Dependent Protein Catabolic Process (GO:0043161)
GO:0032434,0.7201223,1.392283,2.671115,PSMD10;GSK3B;VCP;GSK3A;HSP90AB1;UBXN1;RPL11;ARAF;PARK7;CLU;HSPBP1;CCAR2;BAG6;DNAJB2;UFL1;BAG5;XPO1;HECTD1;BAG2;DDRGK1;RACK1;ELOB;USP7;USP5;CAMLG;USP9X;CSNK2A2;RAD23A;RAD23B;SIRT2;UCHL5;DAB2;GIPC1;CSNK2B;CDK2;EIF3H;STUB1;OGT;METAP1,Regulation of Proteasomal Ubiquitin-Dependent Protein Catabolic Process (GO:0032434)
GO:0046777,0.7201223,1.32984,2.528678,GSK3B;FLT4;IGF1R;STK10;SLK;LONP1;AKT1;JAK2;HTATIP2;PDGFRB;PDGFRA;MAP2K2;MINK1;LMTK2;OXSR1;FGR;HCK;LCK;KIT;TYRO3;PRKD2;TNIK;DDR2;CAMK2B;CSF1R;CAMK2D;SRC;CAMK2A;STK39;STK4;GRK5;PTK2B;RIPK1;MARK3;MARK2;LYN;NTRK2;EIF2AK2;PTK2;FER;STK24;TAOK3;FES;STK26;PKN2;PKN1;FGFR4;FGFR2;FGFR1,Protein Autophosphorylation (GO:0046777)
GO:0008015,0.7201223,1.807035,3.426457,GUCY1A1;GUCY1B1;GPX1;ROCK1;ROCK2;STAT1;EPX;ADCY6;F5;SOD1;SCPEP1;GCLC;CYB5R3;SERPING1;GCLM;LPA,Blood Circulation (GO:0008015)
GO:0030865,0.7201223,1.807035,3.426457,NCKAP1;NLGN1;ROCK1;ROCK2;FHOD1;PLEK;RHOG;DLG1;FMNL1;EPB41L3;RAB13;PPFIA1;RAC2;PTK2B;NCKAP1L;EZR,Cortical Cytoskeleton Organization (GO:0030865)
GO:0001678,0.7201223,1.807035,3.426457,MAP4K2;PRKAA1;NUCKS1;PRKCA;PIK3R1;HOOK3;SLC39A14;IGF1R;RPTOR;RACK1;LRRC8D;LRRC8A;MAP4K5;GAS6;OGT;PCK2,Intracellular Glucose Homeostasis (GO:0001678)
GO:1901224,0.7201223,1.807035,3.426457,APP;VCP;DDX3X;SPHK1;EIF2AK2;IFI35;NMI;PHB2;RHOA;RELA;RPS3;PDCD4;TERF2IP;LGALS9;MAP3K7;TRIM56,Positive Regulation of Non-Canonical NF-kappaB Signal Transduction (GO:1901224)
GO:0030193,0.7201223,1.807035,3.426457,SERPINE2;SERPINE1;F2R;GP1BA;TFPI;THBS1;KNG1;THBD;VTN;PROC;EMILIN2;EMILIN1;ENPP4;APOE;HPSE;PF4,Regulation of Blood Coagulation (GO:0030193)
GO:0031638,0.7201223,1.807035,3.426457,FGB;FGA;C1R;FGG;FURIN;HPR;VSIR;THBD;MMP14;F9;CTSL;C1RL;PGK1;CTSH;PRSS3;HGFAC,Zymogen Activation (GO:0031638)
GO:0043123,0.7201223,1.253352,2.369295,SLC35B2;ECM1;TFRC;GOLT1B;SLC44A2;TRADD;ILK;CX3CL1;IKBKB;AKAP13;LGALS1;TBK1;CASP8;TFG;TRIM5;NAMPT;TNFSF10;FLOT1;TRIM25;FLOT2;LGALS9;CD36;IKBKG;MAP3K7;TMED4;PARP1;CHUK;IL1R1;PRKCB;RIPK2;F2R;IRAK3;IRAK4;RHOA;PPM1A;TRAF6;TERF2IP;S100A4;RBCK1;UBE2V1;GAPDH;RNF31;CANT1;DDX1;ZC3HAV1;ATP2C1;TANK;RELA;MTDH;SHARPIN;S100A12;FLNA;RIPK1;CD74;TGFB1;CARD9;STAT3;HUWE1;BST2;FKBP1A;PPP5C;MAVS;CD40LG;SLCO3A1;VAPA;TAB3;TAB2;CCDC22;CC2D1A;HLA-DRB1;LAMTOR5;LIMS1,Positive Regulation of Canonical NF-kappaB Signal Transduction (GO:0043123)
GO:0030001,0.7201223,1.540716,2.911273,RAMP3;CAMK2A;ITPR1;ATP2A3;KCNA3;SLC3A2;GHITM;MAGT1;ATP2C1;PKD1;TMEM165;PANX1;CCL5;CHORDC1;NIPAL3;CDH23;ANXA6;FYN;TRPM4;NDUFA9;MMGT1;ATP2B4;LETM1;COPS2;PRKD2,Metal Ion Transport (GO:0030001)
GO:2001237,0.7201223,1.540716,2.911273,GSK3B;DDX3X;SRC;SERPINE1;PARK7;NOL3;THBS1;RELA;LGALS3;AKT1;ITGAV;RIPK1;FGB;FGA;GPX1;FGG;IGF1;BMP5;TMBIM1;BIRC6;ITGA6;ARHGEF2;SCG2;BCL2L1;PF4,Negative Regulation of Extrinsic Apoptotic Signaling Pathway (GO:2001237)
GO:1901222,0.7201223,1.540716,2.911273,APP;VCP;DDX3X;IFI35;PHB2;UACA;RELA;C1QTNF3;CPNE1;RPS3;LGALS9;MAP3K7;SPHK1;EIF2AK2;NMI;BMP7;RHOA;PPM1A;CYLD;PPM1B;DLG1;PDCD4;TERF2IP;EZR;TRIM56,Regulation of Non-Canonical NF-kappaB Signal Transduction (GO:1901222)
GO:0061136,0.7201223,1.540716,2.911273,USP14;HSP90AB1;PSMD14;FMR1;ARAF;PKD1;UFL1;XPO1;OPHN1;BAG2;DDRGK1;APOE;PSMF1;GABARAPL2;GPX1;PRKCA;RAD23A;RAD23B;UCHL5;PSMC5;PSMC6;PSMC3;PSMC2;PSME1;PSME2,Regulation of Proteasomal Protein Catabolic Process (GO:0061136)
GO:0006167,0.7201223,4.063158,7.601965,ATIC;ADSS2;GART;PAICS;PFAS;APRT,AMP Biosynthetic Process (GO:0006167)
GO:0023035,0.7201223,4.063158,7.601965,ITGB1;RNF31;CD40LG;TRAF6;ITGA5;TANK,CD40 Signaling Pathway (GO:0023035)
GO:0007213,0.7201223,4.063158,7.601965,GRK2;GNA11;GNAQ;GNB1;RGS10;PLCB1,G Protein-Coupled Acetylcholine Receptor Signaling Pathway (GO:0007213)
GO:0002295,0.7201223,4.063158,7.601965,STAT3;SLAMF6;IL6ST;ZFPM1;JAK1;PPP1R9B,T-helper Cell Lineage Commitment (GO:0002295)
GO:0034333,0.7201223,4.063158,7.601965,TBCD;CTNNB1;PKN2;PIP5K1C;VCL;JAM3,Adherens Junction Assembly (GO:0034333)
GO:0038166,0.7201223,4.063158,7.601965,AHCYL1;ACTN2;CA2;SRC;CAMK2A;PMPCB,Angiotensin-Activated Signaling Pathway (GO:0038166)
GO:0035904,0.7201223,4.063158,7.601965,PDGFRB;EFEMP2;JAG1;HECTD1;PDE2A;PRKD2,Aorta Development (GO:0035904)
GO:0007597,0.7201223,4.063158,7.601965,GP9;F8;GP1BB;FLNA;GP1BA;GP5,"Blood Coagulation, Intrinsic Pathway (GO:0007597)"
GO:0003231,0.7201223,4.063158,7.601965,NOTCH1;HECTD1;NACA;PDE2A;MATR3;ENG,Cardiac Ventricle Development (GO:0003231)
GO:0071478,0.7201223,4.063158,7.601965,EEF1D;TNKS1BP1;GRB2;BRCC3;MAPK14;TANK,Cellular Response to Radiation (GO:0071478)
GO:0001867,0.7201223,4.063158,7.601965,FCN1;COLEC11;FCN3;MASP2;MASP1;MBL2,"Complement Activation, Lectin Pathway (GO:0001867)"
GO:0046546,0.7201223,4.063158,7.601965,TGFB2;KITLG;CSDE1;KIT;INHBA;LHFPL2,Development of Primary Male Sexual Characteristics (GO:0046546)
GO:0016101,0.7201223,4.063158,7.601965,ALDH3A2;ADH1B;RDH11;ALDH1A1;AKR1B1;LRP8,Diterpenoid Metabolic Process (GO:0016101)
GO:0048251,0.7201223,4.063158,7.601965,MFAP4;EFEMP2;TNXB;LTBP4;EMILIN1;FBLN5,Elastic Fiber Assembly (GO:0048251)
GO:0048566,0.7201223,4.063158,7.601965,PDGFRA;TGFB2;PKDCC;RBPMS2;PCSK5;FGFR2,Embryonic Digestive Tract Development (GO:0048566)
GO:0003203,0.7201223,4.063158,7.601965,SMAD2;ADAMTS5;TGFB2;NOTCH1;PROC;ENG,Endocardial Cushion Morphogenesis (GO:0003203)
GO:1904861,0.7201223,4.063158,7.601965,NLGN1;RELN;LRRC4;PLXNB2;SRGAP2;SHANK3,Excitatory Synapse Assembly (GO:1904861)
GO:1902001,0.7201223,4.063158,7.601965,CPT1A;ABCD3;CPT2;SLC2A1;CD36;SLC25A20,Fatty Acid Transmembrane Transport (GO:1902001)
GO:0001731,0.7201223,4.063158,7.601965,MCTS1;EIF2S3;EIF4H;DHX29;EIF2S2;EIF4B,Formation of Translation Preinitiation Complex (GO:0001731)
GO:0043490,0.7201223,4.063158,7.601965,MDH1;MDH2;GOT2;SLC25A12;SLC25A11;SLC25A13,Malate-Aspartate Shuttle (GO:0043490)
GO:0051791,0.7201223,4.063158,7.601965,ACOT7;OXSM;ACAD9;ACADM;CRAT;CES1,Medium-Chain Fatty Acid Metabolic Process (GO:0051791)
GO:0035855,0.7201223,4.063158,7.601965,GP9;MPIG6B;GP1BB;KIT;GP1BA;GP5,Megakaryocyte Development (GO:0035855)
GO:0061763,0.7201223,4.063158,7.601965,CHMP1B;CHMP2B;CHMP2A;CHMP4B;CHMP6;CHMP5,Multivesicular Body-Lysosome Fusion (GO:0061763)
GO:0055001,0.7201223,4.063158,7.601965,EFEMP2;ACTN2;BIN1;SDC1;ACTN4;ENG,Muscle Cell Development (GO:0055001)
GO:1902931,0.7201223,4.063158,7.601965,PLEK;ERLIN1;ERLIN2;NFKB1;BMP5;DKK3,Negative Regulation of Alcohol Biosynthetic Process (GO:1902931)
GO:1901020,0.7201223,4.063158,7.601965,GSTM2;GSTO1;FMR1;UBQLN1;SRI;GNB5,Negative Regulation of Calcium Ion Transmembrane Transporter Activity (GO:1901020)
GO:0050687,0.7201223,4.063158,7.601965,ITCH;PPM1B;C1QBP;PCBP2;NT5C2;ATG5,Negative Regulation of Defense Response to Virus (GO:0050687)
GO:0050905,0.7201223,4.063158,7.601965,DCTN1;NRXN1;UBA5;MYCBP2;SHANK3;PAFAH1B1,Neuromuscular Process (GO:0050905)
GO:0038179,0.7201223,4.063158,7.601965,RAP1A;ZFYVE27;KIDINS220;SORT1;CASP3;RAPGEF2,Neurotrophin Signaling Pathway (GO:0038179)
GO:0009312,0.7201223,4.063158,7.601965,ST6GALNAC1;FUT8;B4GALT1;ST3GAL6;FUT1;MPDU1,Oligosaccharide Biosynthetic Process (GO:0009312)
GO:0006730,0.7201223,4.063158,7.601965,MTHFD1;SHMT2;SHMT1;SFXN3;MTHFR;SFXN1,One-Carbon Metabolic Process (GO:0006730)
GO:0010820,0.7201223,4.063158,7.601965,ADAM17;WNK1;CCL5;STK39;OXSR1;S100A7,Positive Regulation of T Cell Chemotaxis (GO:0010820)
GO:0051127,0.7201223,4.063158,7.601965,CYFIP1;NCKAP1;BRK1;WASF1;WASF2;WASF3,Positive Regulation of Actin Nucleation (GO:0051127)
GO:0045821,0.7201223,4.063158,7.601965,RPTOR;PRKAA1;MLST8;MIA3;IGF1;MTOR,Positive Regulation of Glycolytic Process (GO:0045821)
GO:1902107,0.7201223,4.063158,7.601965,LGALS3;XRCC6;LGALS1;PRKDC;NCKAP1L;LGALS9,Positive Regulation of Leukocyte Differentiation (GO:1902107)
GO:0045651,0.7201223,4.063158,7.601965,CASP8;TGFB1;CSF1;PRKCA;RIPK1;PF4,Positive Regulation of Macrophage Differentiation (GO:0045651)
GO:0032816,0.7201223,4.063158,7.601965,FCGR3B;IL18;TYK2;GAS6;JAK2;HLA-E,Positive Regulation of Natural Killer Cell Activation (GO:0032816)
GO:1903028,0.7201223,4.063158,7.601965,FCN1;COLEC11;COLEC10;FCN3;MYO18A;MBL2,Positive Regulation of Opsonization (GO:1903028)
GO:0010800,0.7201223,4.063158,7.601965,RPTOR;CEMIP;EGF;SPHK1;MAPK1;UBE2K,Positive Regulation of Peptidyl-Threonine Phosphorylation (GO:0010800)
GO:0010518,0.7201223,4.063158,7.601965,APOC2;CCL5;PLAA;FGFR3;FGFR2;FGFR1,Positive Regulation of Phospholipase Activity (GO:0010518)
GO:0033123,0.7201223,4.063158,7.601965,RPTOR;PRKAA1;MLST8;MIA3;IGF1;MTOR,Positive Regulation of Purine Nucleotide Catabolic Process (GO:0033123)
GO:0060760,0.7201223,4.063158,7.601965,CD74;MAVS;DHX9;AXL;GAS6;AGPAT2,Positive Regulation of Response to Cytokine Stimulus (GO:0060760)
GO:2000648,0.7201223,4.063158,7.601965,TGFB1;PTPRC;EPCAM;HNRNPU;LTBP3;FERMT2,Positive Regulation of Stem Cell Proliferation (GO:2000648)
GO:0030949,0.7201223,4.063158,7.601965,VTN;PRKCB;ITGB3;MIA3;PRKD2;ITGA5,Positive Regulation of Vascular Endothelial Growth Factor Receptor Signaling Pathway (GO:0030949)
GO:0045907,0.7201223,4.063158,7.601965,FGB;FGA;TBXA2R;F2R;FGG;TRPM4,Positive Regulation of Vasoconstriction (GO:0045907)
GO:0018126,0.7201223,4.063158,7.601965,VPS33B;P3H1;PLOD3;PLOD2;VIPAS39;PLOD1,Protein Hydroxylation (GO:0018126)
GO:1903608,0.7201223,4.063158,7.601965,DDX3X;SSB;DHX9;DDX1;PKN1;YBX1,Protein Localization to Cytoplasmic Stress Granule (GO:1903608)
GO:0006144,0.7201223,4.063158,7.601965,TTR;SHMT1;DPYD;GMPS;HPRT1;PAICS,Purine Nucleobase Metabolic Process (GO:0006144)
GO:1903578,0.7201223,4.063158,7.601965,FIS1;MAP4K2;EIF6;PRKAG1;PRKAG2;OGT,Regulation of ATP Metabolic Process (GO:1903578)
GO:0035020,0.7201223,4.063158,7.601965,ARHGAP17;PIK3CB;OGT;PIK3CG;RTN4;ARF6,Regulation of Rac Protein Signal Transduction (GO:0035020)
GO:0010819,0.7201223,4.063158,7.601965,ADAM17;WNK1;CCL5;STK39;OXSR1;S100A7,Regulation of T Cell Chemotaxis (GO:0010819)
GO:0030834,0.7201223,4.063158,7.601965,VIL1;LIMA1;MTPN;WDR1;PLEK;PDXP,Regulation of Actin Filament Depolymerization (GO:0030834)
GO:0010881,0.7201223,4.063158,7.601965,CAMK2D;GSTM2;ASPH;GSTO1;HRC;PRKCA,Reg of Cardiac Muscle Contraction by Reg of the Release of Sequestered Calcium Ion (GO:0010881)
GO:0061387,0.7201223,4.063158,7.601965,GSK3B;CTTN;NRCAM;APOE;CLASP2;DNM2,Regulation of Extent of Cell Growth (GO:0061387)
GO:0110075,0.7201223,4.063158,7.601965,GPX4;FTH1;DHCR7;SLC39A7;SQSTM1;TMEM164,Regulation of Ferroptosis (GO:0110075)
GO:0043467,0.7201223,4.063158,7.601965,MAP4K2;PNPT1;EIF6;PRKAG1;PRKAG2;OGT,Regulation of Generation of Precursor Metabolites and Energy (GO:0043467)
GO:0032530,0.7201223,4.063158,7.601965,PODXL;PRKCSH;CDHR2;FSCN1;TWF2;CDHR5,Regulation of Microvillus Organization (GO:0032530)
GO:0150077,0.7201223,4.063158,7.601965,SPHK1;MMP3;IL18;PLCG2;IGF1;MMP9,Regulation of Neuroinflammatory Response (GO:0150077)
GO:1905606,0.7201223,4.063158,7.601965,SLITRK1;VPS35;GPC4;EIF4G1;LRRC4B;SNCA,Regulation of Presynapse Assembly (GO:1905606)
GO:0099174,0.7201223,4.063158,7.601965,SLITRK1;VPS35;GPC4;EIF4G1;LRRC4B;SNCA,Regulation of Presynapse Organization (GO:0099174)
GO:0070613,0.7201223,4.063158,7.601965,PRNP;SERPINE2;BAG2;ANGPTL8;SNX12;GAS1,Regulation of Protein Processing (GO:0070613)
GO:1904666,0.7201223,4.063158,7.601965,RPL5;RPS7;UBE2C;RPL23;RPL11;SKP1,Regulation of Ubiquitin Protein Ligase Activity (GO:1904666)
GO:0000301,0.7201223,4.063158,7.601965,COG8;COG6;COG5;COG4;COG3;COG2,"Retrograde Transport, Vesicle Recycling Within Golgi (GO:0000301)"
GO:0060538,0.7201223,4.063158,7.601965,FXR1;IGSF8;SVIL;MYL6;MYH14;MYL6B,Skeletal Muscle Organ Development (GO:0060538)
GO:0034370,0.7201223,4.063158,7.601965,CETP;LIPC;APOC2;LCAT;LPL;APOE,Triglyceride-Rich Lipoprotein Particle Remodeling (GO:0034370)
GO:0097700,0.7201223,4.063158,7.601965,CAPN2;GNAS;PKN2;PRKCA;PRKACB;MTOR,Vascular Endothelial Cell Response to Laminar Fluid Shear Stress (GO:0097700)
GO:0051469,0.7201223,4.063158,7.601965,CHMP1B;CHMP2B;CHMP2A;CHMP4B;CHMP6;CHMP5,Vesicle Fusion With Vacuole (GO:0051469)
GO:0007507,0.7201223,1.394081,2.60802,BMP10;NOTCH1;ECE1;PCSK5;PKD1;PDLIM1;AKAP13;CASP8;SH3PXD2B;BORCS8;NDUFV2;PDLIM5;PDLIM7;TGFB2;TGFB1;PRMT1;HEG1;FN1;CACYBP;PTPN11;BMP7;PTK2;BMP5;WDR11;TGFBR3;FKBP1A;RBP4;COL3A1;MTHFD1;PKP2;PRKD2;TAB2;CCM2;CRELD1;ZFPM1;FBN1;MYH7,Heart Development (GO:0007507)
GO:0010595,0.7201223,1.394081,2.60802,NRP1;NRP2;SPARC;ROCK2;FLT4;ITGB3;PDCD6;CLSTN1;HSPB1;EMC10;PIK3CB;FUT1;THBS1;PIK3CG;ATP5F1A;ATP5F1B;RRAS;TMSB4X;BSG;AKT1;PTK2B;GFUS;MAP2K3;STAT5A;BCAS3;TGFB1;ANGPT1;ANXA3;EGF;PRKCA;MAPK14;ADAM17;PRKD2;CALR;GPLD1;FGFR1;LGMN,Positive Regulation of Endothelial Cell Migration (GO:0010595)
GO:0061572,0.7201223,1.897137,3.535889,DMTN;PAWR;BAIAP2;CORO1B;ADD2;LIMD2;DNM2;LIMA1;CALD1;MICAL1;FSCN1;PLS3;EZR;PLS1,Actin Filament Bundle Organization (GO:0061572)
GO:1901655,0.7201223,1.897137,3.535889,POSTN;ROCK2;SRC;MSN;ADCY6;GNAI1;GNG2;LARP1;ADAM15;GNB1;GNAS;AKT1;GAS6;PCK2,Cellular Response to Ketone (GO:1901655)
GO:1903131,0.7201223,1.897137,3.535889,LYN;CSF1R;NPM1;CSF1;PARP1;PDE2A;MMP9;CDC42;IL1RL1;CASP8;AXL;MYH9;GAS6;HLA-DRB1,Mononuclear Cell Differentiation (GO:1903131)
GO:0010596,0.7201223,1.897137,3.535889,BMP10;NOTCH1;ANGPT2;TGFB1;JUP;ATP2B4;GDF2;STC1;SYNJ2BP;THBS1;DCN;RGCC;CSNK2B;APOE,Negative Regulation of Endothelial Cell Migration (GO:0010596)
GO:0048261,0.7201223,1.897137,3.535889,MTMR2;ANXA2;ITGB3;APOC3;PCSK9;SDCBP;ATXN2;APOC2;ITGAV;RIN3;ANKRD13A;ARF6;PICALM;UBQLN2,Negative Regulation of Receptor-Mediated Endocytosis (GO:0048261)
GO:0032781,0.7201223,1.897137,3.535889,GABARAPL2;CHTOP;TPM1;HNRNPU;TOR1AIP2;TOR1AIP1;DNAJB2;MYL4;DNAJB1;PLSCR1;DNAJB11;DNAJC10;SSBP1;PFN1,Positive Regulation of ATP-dependent Activity (GO:0032781)
GO:0006110,0.7201223,1.897137,3.535889,APP;MAP4K2;PRKAA1;PRKAG1;ARL2;PRKAG2;MIA3;IGF1;MTOR;RPTOR;EIF6;MLST8;OGT;GIT1,Regulation of Glycolytic Process (GO:0006110)
GO:0031399,0.7201223,1.897137,3.535889,LYN;STAT2;ASPSCR1;FN1;HSPB1;CCAR2;PTK2;CORO1C;FER;NDUFS4;RABL3;PLXNB2;PPIB;ATG7,Regulation of Protein Modification Process (GO:0031399)
GO:0034063,0.7201223,1.897137,3.535889,DDX6;DYNC1H1;DDX3X;FMR1;CIRBP;PRRC2C;EIF2S1;ATXN2L;ATXN2;CSDE1;G3BP1;G3BP2;UBAP2L;RPS23,Stress Granule Assembly (GO:0034063)
GO:0002224,0.7201223,1.897137,3.535889,LY96;IRAK3;IRAK4;CTSS;RELA;HSPD1;IKBKB;RPS6KA3;MAPKAPK3;TRAF6;MAPKAPK2;PLCG2;BTK;MAP3K7,Toll-Like Receptor Signaling Pathway (GO:0002224)
GO:0051259,0.7201223,1.356601,2.521875,APP;STOML2;ATL3;SHMT2;MOSPD2;NOL3;ELAVL1;SLC9A1;COMP;ALAD;SPAST;MAT2A;BASP1;G3BP2;LRRC8D;LRRC8A;DNM1L;TGM2;SNCA;GSDMD;CPSF7;PNPT1;PDCD6IP;FUS;PRMT1;RIPK2;CARD8;CARD9;DNM1;EHD1;LETM1;EHD3;EHD4;STING1;CHMP2A;PRKD2;CD247;MICU1;MS4A1;RBMX;HLA-DRB1;MCU,Protein Complex Oligomerization (GO:0051259)
GO:0055008,0.7201223,2.03238,3.733638,FKBP1A;TGFBR3;BMP10;NOTCH1;TTR;TGFB1;TPM1;PKP2;ZFPM1;FGFR2;ENG;MYH7,Cardiac Muscle Tissue Morphogenesis (GO:0055008)
GO:0071479,0.7201223,2.03238,3.733638,BABAM2;XRCC6;EEF1D;XRCC5;TMEM109;TNKS1BP1;NUCKS1;GRB2;BRCC3;MAPK14;PRAP1;TANK,Cellular Response to Ionizing Radiation (GO:0071479)
GO:0032509,0.7201223,2.03238,3.733638,VCP;SORT1;VPS4B;VTA1;CHMP1B;CHMP2B;CHMP2A;CHMP4B;CHMP6;LYST;UBXN6;CHMP5,Endosome Transport via Multivesicular Body Sorting Pathway (GO:0032509)
GO:0061515,0.7201223,2.03238,3.733638,APP;GP9;DMTN;MPIG6B;ANXA2;ATP6AP1;GP1BB;KIT;FLNA;NCKAP1L;GP1BA;GP5,Myeloid Cell Development (GO:0061515)
GO:0001778,0.7201223,2.03238,3.733638,VPS4B;CHMP1B;VPS4A;CHMP1A;CHMP2B;CHMP2A;CHMP4B;MYH9;CHMP6;SYTL4;ARL8B;CHMP5,Plasma Membrane Repair (GO:0001778)
GO:0031112,0.7201223,2.03238,3.733638,CLIP1;NUMA1;DCTN1;FES;VTA1;RPS3;ARL2;KATNB1;SLAIN2;PKN1;MAPRE1;CLASP1,Positive Regulation of Microtubule Polymerization or Depolymerization (GO:0031112)
GO:0042307,0.7201223,2.03238,3.733638,MAVS;TGFB1;TRIM28;JUP;TPR;PRKCD;FLNA;HCLS1;PIK3R1;RAN;IPO5;ZPR1,Positive Regulation of Protein Import Into Nucleus (GO:0042307)
GO:0044090,0.7201223,2.03238,3.733638,SH3GLB1;PPP3CB;SNX18;RALB;ATG2A;PIP4K2A;RAB3GAP2;WIPI1;PIP4K2B;PIP4K2C;SNX30;RAB3GAP1,Positive Regulation of Vacuole Organization (GO:0044090)
GO:0070849,0.7201223,2.03238,3.733638,DUSP22;VIL1;STAT5B;DUSP3;SYAP1;TPR;MARS1;MAPK1;PTPN11;IQGAP1;PTPN12;ZPR1,Response to Epidermal Growth Factor (GO:0070849)
GO:0071816,0.7201223,2.03238,3.733638,UBL4A;CAMLG;MMGT1;EMC1;SGTA;EMC2;EMC3;EMC10;EMC7;GET3;EMC8;GET4,Tail-Anchored Membrane Protein Insertion Into ER Membrane (GO:0071816)
GO:0006116,0.7201223,2.709127,4.938906,MDH1;MDH2;GPD2;GOT2;GPD1L;SLC25A12;SLC25A11;SLC25A13,NADH Oxidation (GO:0006116)
GO:0033962,0.7201223,2.709127,4.938906,DDX6;DYNC1H1;EIF4ENIF1;ATXN2;LIMD1;LSM4;LSM3;EDC3,P-body Assembly (GO:0033962)
GO:0048675,0.7201223,2.709127,4.938906,CYFIP1;NRP1;NRP2;PPP3CB;CDK5;USP9X;MAP1B;SEMA3F,Axon Extension (GO:0048675)
GO:0071451,0.7201223,2.709127,4.938906,PRDX2;CCS;PRDX1;PARK7;SOD2;ATP7A;SOD3;SOD1,Cellular Response to Superoxide (GO:0071451)
GO:0051156,0.7201223,2.709127,4.938906,UBL4A;RPIA;MAP4K2;SHPK;PHGDH;HOOK3;PGLS;TKT,Glucose 6-Phosphate Metabolic Process (GO:0051156)
GO:0006691,0.7201223,2.709127,4.938906,MGST3;MAPKAPK2;DPEP2;MGST2;PLA2G4A;ALOX12;LTA4H;PTGR1,Leukotriene Metabolic Process (GO:0006691)
GO:0032528,0.7201223,2.709127,4.938906,RAP2A;RAP1A;RAP2B;STK26;MINK1;RAPGEF2;TNIK;MAP4K4,Microvillus Organization (GO:0032528)
GO:1903170,0.7201223,2.709127,4.938906,YWHAE;PPP3CA;PPP3CB;PPP3R1;BIN1;SESTD1;VDAC1;EPX,Negative Regulation of Calcium Ion Transmembrane Transport (GO:1903170)
GO:2001258,0.7201223,2.709127,4.938906,GSTM2;GSTO1;FMR1;UBQLN1;SRI;GNB5;EPX;MMP9,Negative Regulation of Cation Channel Activity (GO:2001258)
GO:0090051,0.7201223,2.709127,4.938906,HDAC5;NOTCH1;MMRN1;PDCD10;TBXA2R;MMRN2;THBS1;RHOA,Negative Regulation of Cell Migration Involved in Sprouting Angiogenesis (GO:0090051)
GO:0045916,0.7201223,2.709127,4.938906,SERPING1;C4BPA;CD59;C4BPB;MASP1;VSIG4;CD46;CD55,Negative Regulation of Complement Activation (GO:0045916)
GO:0051250,0.7201223,2.709127,4.938906,LGALS3;UFL1;DUSP3;GPNMB;FGL1;CTSG;JAK3;HLA-E,Negative Regulation of Lymphocyte Activation (GO:0051250)
GO:0031115,0.7201223,2.709127,4.938906,CDH5;STMN1;TBCD;MAPRE1;TUBB4A;EML2;METAP2;SNCA,Negative Regulation of Microtubule Polymerization (GO:0031115)
GO:1901880,0.7201223,2.709127,4.938906,LIMA1;PROC;TAOK1;KATNB1;CIB1;GAS2L1;CLASP1;CLASP2,Negative Regulation of Protein Depolymerization (GO:1901880)
GO:0090382,0.7201223,2.709127,4.938906,RAB32;SRPX;RAB20;RAB31;RAB14;RAB34;RAB38;RAB7A,Phagosome Maturation (GO:0090382)
GO:0006658,0.7201223,2.709127,4.938906,OSBPL8;PTDSS2;PLSCR1;PTDSS1;ABHD16A;LPCAT3;MBOAT2;PLA1A,Phosphatidylserine Metabolic Process (GO:0006658)
GO:0030513,0.7201223,2.709127,4.938906,SMAD2;CDH5;PPP3CA;NOTCH1;NUMA1;NGLY1;UBE2O;ENG,Positive Regulation of BMP Signaling Pathway (GO:0030513)
GO:0002726,0.7201223,2.709127,4.938906,CD81;IL1R1;TRAF6;IL18;HLA-A;TANK;MAP3K7;CD55,Positive Regulation of T Cell Cytokine Production (GO:0002726)
GO:2000243,0.7201223,2.709127,4.938906,C1QBP;AGO2;CIB1;TAC3;INHBA;LHFPL2;PLCB1;SIRT2,Positive Regulation of Reproductive Process (GO:2000243)
GO:0060143,0.7201223,2.709127,4.938906,CD53;EHD1;RIPOR2;EHD2;FLOT1;SCGB3A1;CAMK1;MAPK14,Positive Regulation of Syncytium Formation by Plasma Membrane Fusion (GO:0060143)
GO:0001941,0.7201223,2.709127,4.938906,NLGN1;NLGN2;RELN;NRXN1;DNAJA3;LRRC4;SHANK3;GPHN,Postsynaptic Membrane Organization (GO:0001941)
GO:0043516,0.7201223,2.709127,4.938906,PSMD10;CD74;COPS3;DDX5;EEF1E1;PLA2R1;S100A9;CD44,"Regulation of DNA Damage Response, Signal Transduction by P53 Class Mediator (GO:0043516)"
GO:1903146,0.7201223,2.709127,4.938906,GSK3A;CSNK2A2;FKBP8;VDAC1;PARK7;DNM1L;FBXO7;HDAC6,Regulation of Autophagy of Mitochondrion (GO:1903146)
GO:0034110,0.7201223,2.709127,4.938906,LYN;SYK;CCL5;RDX;CTNNB1;PRKCA;PRKCQ;JAK1,Regulation of Homotypic Cell-Cell Adhesion (GO:0034110)
GO:0034103,0.7201223,2.709127,4.938906,TGFB1;GPNMB;FLT4;LEP;IL18;SUCO;THBS4;DDR2,Regulation of Tissue Remodeling (GO:0034103)
GO:0001836,0.7201223,2.709127,4.938906,GGCT;BAX;REXO2;SOD2;BID;CLU;TIMM50;BCL2L1,Release of Cytochrome C From Mitochondria (GO:0001836)
GO:0000096,0.7201223,2.709127,4.938906,MPST;PM20D1;MSRA;GCLC;TSTD1;MTHFD1;MTHFR;MMUT,Sulfur Amino Acid Metabolic Process (GO:0000096)
GO:1901701,0.7201223,1.194543,2.177616,APP;CRTC2;NDUFA13;GUCY1B1;SERPINE1;IGF1R;CRHBP;RUVBL2;PDK3;TGM2;PDGFRA;IGFBP5;RPL23;PRKCD;TPM1;LARS1;SHPK;PLAA;PRKD2;EZR;GPLD1;VCP;SHMT1;TWF2;LPL;LY96;UBR1;HSP90B1;PRDX3;PRDX5;RAP1A;SNX6;LYN;PRNP;VCAM1;AMBP;PDE2A;IGF1;PPBP;NFKB1;SSH1;FER;CDK5;PTK7;FES;CDK2;GNB1;PDE3A;GNAS;LGMN;NFKBIB;GSK3B;HMGB2;PTPRK;RPTOR;CTSG;CD36;LBP;GIT1;PF4V1;UPF1;ABCC1;SYK;ITGA4;PRMT1;RIPK2;TESC;MMP3;IL18;MMP9;RHOA;TRAF6;RAPGEF2;ARHGEF2;CHMP5;RAMP3;ROCK2;SRC;ATL1;PDXP;ADCY6;RELA;MAPK9;GNG2;MAT2A;P2RY1;RPS3;PTK2B;FYN;P2RY12;DMTN;NDUFA2;ATP2B4;LILRB2;MAPK14;PEX14;MTOR;AXL;PDCD4;VIM;CD68;PF4,Cellular Response to Oxygen-Containing Compound (GO:1901701)
GO:0000045,0.7201223,1.396112,2.544295,BECN1;RAB1A;STX12;TMEM41B;STX17;RAB1B;ATP2A2;AP4M1;MAP1LC3A;TOM1;UBQLN1;MFN2;ATG7;ATG5;UBQLN2;ATG3;GABARAPL2;LRBA;ATG9A;WIPI1;WIPI2;RAB33A;RAB33B;IRGQ;NSFL1C;PACS2;STING1;TRAF6;RAB35;ATG2A;ATG4B;ATG4A;PIK3C3;RAB7A;ATG2B,Autophagosome Assembly (GO:0000045)
GO:0051693,0.7201223,2.257903,4.110121,VIL1;SVIL;FLII;CAPZA1;CAPZA2;TWF2;TWF1;ADD3;TRIOBP;ADD2,Actin Filament Capping (GO:0051693)
GO:0048490,0.7201223,2.257903,4.110121,BLOC1S4;AP3M1;BLOC1S5;SNAPIN;BLOC1S1;BLOC1S2;BLOC1S3;AP3D1;DTNBP1;AP3S1,Anterograde Synaptic Vesicle Transport (GO:0048490)
GO:0051016,0.7201223,2.257903,4.110121,VIL1;SVIL;FLII;CAPZA1;CAPZA2;TWF2;TWF1;ADD3;TRIOBP;ADD2,Barbed-End Actin Filament Capping (GO:0051016)
GO:0009081,0.7201223,2.257903,4.110121,MCCC2;BCKDK;ECHS1;PCCA;IVD;MCCC1;DBT;PCCB;BCAT1;HIBCH,Branched-Chain Amino Acid Metabolic Process (GO:0009081)
GO:0048738,0.7201223,2.257903,4.110121,NOTCH2;AKAP13;RBP4;NOTCH1;TTR;PRMT1;NDUFV2;ZFPM1;BMP7;BMP5,Cardiac Muscle Tissue Development (GO:0048738)
GO:0071364,0.7201223,2.257903,4.110121,DUSP22;VIL1;STAT5B;DUSP3;SYAP1;MARS1;PTPN11;IQGAP1;PTPN12;ZPR1,Cellular Response to Epidermal Growth Factor Stimulus (GO:0071364)
GO:0071354,0.7201223,2.257903,4.110121,FER;SELPLG;SRC;STAT3;ST3GAL6;IL6ST;JAK2;NFKB1;RELA;JAK1,Cellular Response to Interleukin-6 (GO:0071354)
GO:0006851,0.7201223,2.257903,4.110121,HSPA9;LETM1;ITPR1;PMPCB;VDAC1;GHITM;MICU2;MICU1;MAIP1;MCU,Mitochondrial Calcium Ion Transmembrane Transport (GO:0006851)
GO:0030837,0.7201223,2.257903,4.110121,VIL1;TMSB4X;PRKCD;TWF2;MYADM;TWF1;CYRIB;PFN1;SSH3;SSH1,Negative Regulation of Actin Filament Polymerization (GO:0030837)
GO:1900102,0.7201223,2.257903,4.110121,PTPN1;UFL1;ATF6B;HSPA5;DDRGK1;NCK2;RACK1;AKT1;ATAD3A;NCK1,Negative Regulation of Endoplasmic Reticulum Unfolded Protein Response (GO:1900102)
GO:0015850,0.7201223,2.257903,4.110121,ABCC3;ABCC4;RBP4;ABCD3;SLC44A1;VAPA;SLC44A2;OSBP;GHRL;REPS1,Organic Hydroxy Compound Transport (GO:0015850)
GO:0001916,0.7201223,2.257903,4.110121,PNKD;STX7;HLA-B;HLA-C;HLA-A;CYRIB;HLA-F;HLA-DRB1;NECTIN2;HLA-E,Positive Regulation of T Cell Mediated Cytotoxicity (GO:0001916)
GO:2000786,0.7201223,2.257903,4.110121,SH3GLB1;SNX18;RALB;PIP4K2A;RAB3GAP2;WIPI1;PIP4K2B;PIP4K2C;SNX30;RAB3GAP1,Positive Regulation of Autophagosome Assembly (GO:2000786)
GO:0045648,0.7201223,2.257903,4.110121,STAT5B;PRKDC;PRMT1;STAT1;STAT3;HMGB2;MIA3;NCKAP1L;INHBA;MAPK14,Positive Regulation of Erythrocyte Differentiation (GO:0045648)
GO:1905523,0.7201223,2.257903,4.110121,P2RY12;CSF1R;CSF1;MSTN;CCL5;MAPK1;THBS1;CX3CL1;PTK2;RTN4,Positive Regulation of Macrophage Migration (GO:1905523)
GO:1903036,0.7201223,2.257903,4.110121,ITGB1;ARFGEF1;VTN;ANXA1;DMTN;CLDN3;SCARF1;ADRA2A;PTK2;MYLK,Positive Regulation of Response to Wounding (GO:1903036)
GO:0090181,0.7201223,2.257903,4.110121,ACADVL;EPHX2;LPCAT3;ERLIN1;ERLIN2;APOE;LDLRAP1;FMO5;TTC39B;CES1,Regulation of Cholesterol Metabolic Process (GO:0090181)
GO:2001044,0.7201223,2.257903,4.110121,CD63;LAMA2;LAMA1;LOXL3;FLNA;LAMB1;LAMC1;NID1;LMNB2;LIMS1,Regulation of Integrin-Mediated Signaling Pathway (GO:2001044)
GO:0051043,0.7201223,2.257903,4.110121,APP;TSPAN15;ROCK1;NRDC;TIMP3;FURIN;SNX9;APOE;ADRA2A;GPLD1,Regulation of Membrane Protein Ectodomain Proteolysis (GO:0051043)
GO:1900744,0.7201223,2.257903,4.110121,CYLD;DLG1;PRMT1;SPHK1;LEP;MINK1;STK39;LGALS9;EZR;MAP3K4,Regulation of p38MAPK Cascade (GO:1900744)
GO:0001919,0.7201223,2.257903,4.110121,NSF;RAMP3;PCSK9;ECE1;SCRIB;LAMTOR1;LDLR;OPTN;SNCA;VAMP3,Regulation of Receptor Recycling (GO:0001919)
GO:0097305,0.7201223,2.257903,4.110121,SMAD2;TGFBR3;TGFB1;GNAQ;PMVK;GOT2;GNAS;SDF4;GNAI1;SOD1,Response to Alcohol (GO:0097305)
GO:0099517,0.7201223,2.257903,4.110121,BLOC1S4;AP3M1;BLOC1S5;SNAPIN;BLOC1S1;BLOC1S2;BLOC1S3;AP3D1;DTNBP1;AP3S1,Synaptic Vesicle Transport Along Microtubule (GO:0099517)
GO:0006468,0.7236606,1.174536,2.131226,GMFG;CLSTN1;MYLK;IGF1R;STK10;PPP4R1;TBK1;EFEMP1;SLK;RPS6KA1;LONP1;AKT1;PDK3;PRKACB;MAP3K7;PDGFRB;PDGFRA;PRKCB;CSNK2A2;PRKCD;ADAM10;LMTK2;PRKCA;BCR;ILF3;MAPKAPK3;CSNK2B;MAPKAPK2;BTK;TYRO3;PRKCQ;PRKD2;TNIK;CSF1R;PKDCC;CTBP1;PRKDC;PIK3R4;STK39;STK4;KALRN;PRDX4;GRK2;GRK5;STK38;RIPK1;MARK3;MARK2;LYN;NEK7;EIF2AK2;PTK2;FER;CDK5;STK24;WNK1;FES;COPS2;STK26;CDK2;COPS8;FGFR4;FGFR2;FGFR1;GSK3B;FLT4;PRKAG1;PKD1;IKBKB;PPP3CB;CTSG;ERC1;JAK2;PRKG1;HTATIP2;JAK1;MAP4K2;SYK;MINK1;IRAK3;TYK2;OXSR1;YWHAZ;FGR;HCK;LCK;KIT;FAM20C;BIRC6;GAS6;DDR2;CAMK2B;RNASEL;CAMK2D;PRKAA1;CAB39;ROCK1;ROCK2;SRC;CAMK2A;MAPK9;RELN;MAPK1;PTK2B;CSK;FYN;CLASP1;MAP4K4;NTRK2;LIMK1;CDC42BPB;CDC42BPA;MAPK14;TEC;ABI2;TAOK3;TAOK1;PKN2;PTPN6;CAMK1;PKN1,Protein Phosphorylation (GO:0006468)
GO:0007420,0.7255489,1.356421,2.456504,RTN2;RTN3;RTN1;ABCB6;TUBGCP2;CXCR4;UBE3A;IER3IP1;PCDH18;RTN4;CLN5;BAG6;ADGRG1;RELN;UGP2;QARS1;VPS51;NRCAM;PHGDH;RBBP7;CDK5RAP3;GIT1;SCYL2;CLASP1;GIT2;MAP1S;MINK1;PTPN11;HSPG2;SHROOM4;UFM1;NDUFS4;UFC1;RAB18;PLXNB2;RAPGEF2;TBC1D23;SHANK3;RAB3GAP1;PAFAH1B1,Brain Development (GO:0007420)
GO:2000146,0.7274274,1.327127,2.398828,GSK3B;BMP10;CLIC4;MCTP1;SERPINE1;CHRD;WAS;STC1;FBLN1;MIA3;PTPRJ;PTPRK;CX3CL1;ARHGAP4;DAG1;EMILIN2;EMILIN1;RBBP7;SRGAP2;CD74;SERPINB1;JAG1;DUSP3;IGFBP5;TPM1;PODN;BST2;DUSP22;TGFBR3;CLDN5;RAP2A;CLDN3;RAP2B;ADAM15;STK24;STK26;CDH11;MMRN2;PLXNB3;EPPK1;S100A9;OGT;CRK;VCL;ENG,Negative Regulation of Cell Motility (GO:2000146)
GO:0030097,0.733428,1.460143,2.624199,NOTCH2;CSF1R;PLEK;PLD4;FSTL3;PRDX3;RRAS;ARIH2;CD34;LYN;TGFB2;JAG1;TGFB1;FST;PRRC2C;INHBA;TGFBR3;MFAP5;KITLG;PTPRC;ARMC6;LCK;KIT;SBDS;IL7R;ZFPM1;OGT;FGFR2,Hemopoiesis (GO:0030097)
GO:2000181,0.733428,1.460143,2.624199,SPARC;NAXE;ROCK1;ROCK2;SHC1;THBS2;THBS1;RELA;THBS4;STAB1;PGK1;EMILIN1;CD36;TGFB2;STAT1;ATP2B4;GDF2;SYNJ2BP;HSPG2;DCN;CLDN5;SARS1;RGCC;HGS;CTNNB1;GHRL;PTPN6;PF4,Negative Regulation of Blood Vessel Morphogenesis (GO:2000181)
GO:0008593,0.733428,1.581384,2.841158,TGFB2;POGLUT1;JAG1;ARRDC1;SRC;STAT3;GDF2;ARRB1;RFNG;SYNJ2BP;LFNG;TSPAN15;MMP14;TSPAN14;POFUT1;PDCD10;MFNG;BMP2K;AKT1;CD46;IL6ST,Regulation of Notch Signaling Pathway (GO:0008593)
GO:0010629,0.7419424,1.191505,2.125872,APP;FMR1;EIF4A3;PARK7;CRKL;EIF4ENIF1;CPNE1;AKT1;LGALS9;RPS13;IGFBP5;CSNK2A2;ADAM10;CNPY2;DICER1;SND1;CLDN5;TWSG1;ILF3;CLDN3;PRKAR1A;SLFN14;ERP29;MYADM;S100A9;FTO;NOTCH2;DDX6;NOTCH1;SMYD5;SHMT1;NTS;FXR1;FXR2;LARP1;PDCD10;DDRGK1;STC2;APOE;TGFB2;PNPT1;TGFB1;EIF2AK2;CNOT10;IGF1;NFKB1;LSM2;LSM6;PROC;RGCC;EPRS1;CILP;CNOT1;CAPRIN1;AGO2;CALR;CNOT9;LGMN;PICALM;GSK3B;DDX3X;PPP1R11;SNX12;YBX1;C1QTNF3;SYNCRIP;PTBP1;OTUD6B;CASP3;CHMP1A;RACK1;ANXA7;FLOT2;EMILIN1;CD34;DIS3L2;SRGN;PARP9;PTBP3;SLC7A5;PABPC1;CD46;EIF4E2;GAPDH;ENG;HDAC5;PRKAA1;ROCK1;ROCK2;NRXN1;HDAC6;PPP2CB;GPNMB;RPS3;IGF2BP2;STAT3;ATP2B4;ATP2B1;SERBP1;TARDBP,Negative Regulation of Gene Expression (GO:0010629)
GO:0000423,0.7646991,1.60941,2.816176,BECN1;GABARAPL2;LRBA;ATG9A;SNX30;PHB2;EIF2S1;HDAC6;NIPSNAP1;NIPSNAP2;MAP1LC3A;MFN2;ATG4B;ATG4A;ATG7;OGT;SQSTM1;OPTN;ATG5,Mitophagy (GO:0000423)
GO:0042326,0.7646991,1.60941,2.816176,LYN;NIBAN1;PRKDC;HNRNPU;CIB1;IRS2;FBLN1;PARK7;INHBA;DYNLL1;CORO1C;PRDX3;CHORDC1;DNAJC10;FKBP8;TERF2IP;TARDBP;PPIA;CDK5RAP3,Negative Regulation of Phosphorylation (GO:0042326)
GO:0050856,0.7646991,1.60941,2.816176,PRNP;DUSP3;CD81;PTPRJ;SLA2;DGKZ;RELA;DUSP22;LGALS3;PTPRC;LCK;RPS3;CD226;PRKD2;IKBKG;UBASH3A;EZR;NECTIN2;NCK1,Regulation of T Cell Receptor Signaling Pathway (GO:0050856)
GO:0006635,0.7646991,1.46864,2.566788,GCDH;ACADVL;ABCD3;ACAA2;ECHS1;ECI1;ECI2;ETFDH;HSD17B4;ETFA;ETFB;HSD17B10;CPT2;ACADM;ACAA1;HADH;ACADS;DECR1;ACOT8;HADHB;HADHA;ACOX1;EHHADH;IVD;ECHDC1;CRAT,Fatty Acid Beta-Oxidation (GO:0006635)
GO:0042102,0.7646991,1.46864,2.566788,TFRC;EBI3;SLC7A1;PPP3CA;CCL5;NCK2;RPS3;NCKAP1L;JAK2;ICOSLG;HLA-DPA1;NCK1;CD276;ANXA1;VCAM1;IL18;TYK2;IGF1;LILRB2;CD40LG;PTPRC;CD209;LEP;CD46;IL6ST;HLA-DRB3,Positive Regulation of T Cell Proliferation (GO:0042102)
GO:0050778,0.7646991,1.46864,2.566788,ITGAM;CD81;DHX9;KARS1;ITGB2;PTPRJ;IFI35;C8A;PSMA7;DDRGK1;CCL5;STX4;LGALS9;HLA-DPA1;CD74;CPT1A;TGFB2;NMI;PLSCR1;PTPRC;CD226;CD46;IL6ST;HLA-DRB3;HLA-DRB1;TRIM56,Positive Regulation of Immune Response (GO:0050778)
GO:0006890,0.7646991,1.46864,2.566788,ARF4;COPB2;COPA;NBAS;TMED10;PITPNB;UBE2Z;BICD2;SCFD1;LMAN2;BNIP1;STX5;RAB6A;RAB6B;SCYL1;PTGES2;COG4;COG3;COPZ1;TAPBP;RER1;ZW10;COPG2;ERGIC3;ARF5;ERGIC1,"Retrograde Vesicle-Mediated Transport, Golgi to Endoplasmic Reticulum (GO:0006890)"
GO:0120162,0.7688414,1.401059,2.414735,ACHE;CXCR4;IGF1R;CPT2;PDGFC;MFN2;STAT6;CD36;HADH;JAK2;LDLR;APPL2;DECR1;DYNC1H1;PRKAB2;SYK;ACSL1;TRPV2;IL18;PRKAB1;BSCL2;GATM;PROC;FABP4;FABP5;LEP;CNOT3;MFAP2;GNAS;GHRL;OGT,Positive Regulation of Cold-Induced Thermogenesis (GO:0120162)
GO:1902531,0.7688414,1.202138,2.071526,RPL5;JPT2;DOCK8;ITSN1;CTNND1;ARAF;ARHGAP1;HSPB1;ARHGAP6;ARHGAP35;ARHGAP4;AKAP12;AKAP13;CDH5;UFL1;PIP4P1;GRAP2;CPNE1;AKT1;ITGAV;ACVR1;VAV3;PRMT5;USP7;ARHGEF12;VWF;MINK1;ATP6AP2;RHOF;ARAP1;GMIP;VAV1;ARHGAP45;BCR;RCN3;ARHGAP10;PPM1A;PPM1B;RRAGC;TRAF6;PECAM1;ARHGEF1;ARHGEF2;TNIK;UBE2V1;EZR;ARHGEF7;DOCK2;SQSTM1;CRK;OPTN;CSF1R;NLGN1;RPL11;NOP2;ARHGAP18;STK4;KALRN;FGD3;GNA13;FGD4;ARHGAP21;RRAS;PLCG2;RICTOR;SHOC2;PIP5K1C;SRGAP2;MAP4K4;PAK4;REPS1;LYN;PDE2A;MYO9B;PTPN11;DEF6;MTOR;CYLD;DLG1;DNMBP;TAOK3;STK24;GRB2;PKN2;PKN1,Regulation of Intracellular Signal Transduction (GO:1902531)
GO:0050868,0.7688414,1.645496,2.802172,RIPOR2;TINAGL1;DUSP3;SDC4;FGL1;PTPN11;LILRB2;VSIR;PPP1R9B;HLA-E;LGALS3;UFL1;GPNMB;CTSG;VSIG4;JAK3;HLA-DRB1,Negative Regulation of T Cell Activation (GO:0050868)
GO:0030838,0.7688414,1.645496,2.802172,VASP;NCKAP1;CARMIL1;CRACD;BAIAP2;HCK;FER;CTTN;BIN1;NCK2;PTK2B;NCKAP1L;SNX9;EVL;PFN1;NCK1;ARF6,Positive Regulation of Actin Filament Polymerization (GO:0030838)
GO:0048639,0.7688414,1.645496,2.802172,ITSN2;MACF1;SEMA4D;LIMK1;TWF2;L1CAM;FYCO1;SHTN1;ZFYVE27;NACA;LEP;AGR2;PLAA;GHRL;PLCB1;PPIB;AGRN,Positive Regulation of Developmental Growth (GO:0048639)
GO:0098916,0.7688414,1.478715,2.509979,APP;NRXN1;MINK1;PRG2;PCDHB14;RPS6KA3;ATXN3;SDCBP;DLG1;SYPL1;CDK5;PCDHB2;GIPC1;CHRNE;RPS6KA1;EXOC4;MAPK1;SNCG;NPTX1;NPTX2;SLC18A2;PAFAH1B1;SNCA;CBLN1,Anterograde Trans-Synaptic Signaling (GO:0098916)
GO:0051099,0.7688414,1.478715,2.509979,GSK3B;RALB;DTX3L;EPB41;EGF;USP9X;RPL11;IDE;IGF1;PARP9;MMP9;SIRT2;NME1;ADD2;CLN5;CLDN5;VTN;STING1;STMN1;FLOT1;RAPGEF2;TRIM21;MARK3;RAN,Positive Regulation of Binding (GO:0051099)
GO:0005975,0.7688414,1.404102,2.348773,GALNT15;GLO1;AKR1B1;SLC2A3;FUT1;AKR7A2;TKFC;ST8SIA4;ST8SIA5;GCNT4;SIAE;GAL3ST4;PGM1;IDH3A;B3GAT3;IDH3G;IDH2;ST8SIA3;NAGA;PHKA2;DERA;CS;GNPTG;DPM3;GLB1;SHPK;CHST1;MAN1B1;GALK2,Carbohydrate Metabolic Process (GO:0005975)
GO:0010558,0.7688414,1.247279,2.065797,APP;GSK3B;FCN3;GSK3A;DDX3X;CLTC;SNX12;AP2A1;DBI;PARK7;CRKL;C1QTNF3;CHMP1A;CPNE1;RACK1;ANXA7;FLOT2;EMILIN1;LGALS9;CD34;ADAM10;CNPY2;DICER1;PARP9;CLDN5;SLC7A5;CLDN3;PRKAR1A;ERP29;MYADM;CD46;S100A9;ENG;NOTCH2;PRKAA1;NOTCH1;ROCK2;NRXN1;STK39;NTS;PPP2CB;PDCD10;DDRGK1;STC2;APOE;TGFB2;TGFB1;STAT3;ATP2B4;IGF1;NFKB1;PROC;CILP;TARDBP;LGMN;PF4;PICALM,Negative Regulation of Macromolecule Biosynthetic Process (GO:0010558)
GO:0032147,0.7688414,1.69367,2.805086,TGFB2;ANGPT1;PRKCD;IGF1;ADRA2A;TOM1L1;CCDC88A;TRAF6;LEP;PTK2B;JAK2;GAS6;COPS8;PPIA;FBN1,Activation of Protein Kinase Activity (GO:0032147)
GO:0007249,0.7688414,1.69367,2.805086,CHUK;RIPK2;TRADD;HACD3;RELA;NFKB1;NFKB2;IKBKB;PRDX4;TBK1;TRAF6;MYO18A;ERC1;IKBKG;MAP3K7,Canonical NF-kappaB Signal Transduction (GO:0007249)
GO:0042130,0.7688414,1.69367,2.805086,RIPOR2;PRNP;TINAGL1;SDC4;CRTAM;PTPN11;SCRIB;LILRB2;PPP1R9B;HLA-E;GPNMB;PRKAR1A;LGALS9;VSIG4;HLA-DRB1,Negative Regulation of T Cell Proliferation (GO:0042130)
GO:1903039,0.7688414,1.69367,2.805086,PRKAA1;ITGB2;CYRIB;RELA;RHOA;HSPD1;LCK;TRAF6;PRKCQ;CD47;HLA-DRB3;YWHAG;CD44;HLA-DRB1;HLA-DPA1,Positive Regulation of Leukocyte Cell-Cell Adhesion (GO:1903039)
GO:0051251,0.7688414,1.69367,2.805086,PRKAA1;XRCC6;SH3KBP1;PRKDC;CYRIB;HLA-E;HSPD1;LCK;PRKCQ;NCKAP1L;CD47;HLA-DRB3;YWHAG;HLA-DRB1;HLA-DPA1,Positive Regulation of Lymphocyte Activation (GO:0051251)
GO:0007035,0.7688414,1.69367,2.805086,ATP6V1A;ATP6AP2;CLN5;LAMP1;DMXL1;ATP6V0A2;ATP6V1B2;ATP6V1H;TMEM9;ATP6V0D1;ATP6V1D;ATP6V0C;ATP6V0D2;ATP6V0A1;ATP6V1F,Vacuolar Acidification (GO:0007035)
GO:0001676,0.7688414,1.49084,2.45413,ACOT8;CPT1A;GSTM2;ABCD3;GPX1;GPX4;ACSL1;PNPLA8;ACAD9;EPHX1;ACSL5;PLA2G4A;ACSL4;ALOX12;ACSL3;PTGR1;CPT2;ACAA1;DAGLB;SLC27A3;MGLL;SLC27A4,Long-Chain Fatty Acid Metabolic Process (GO:0001676)
GO:0032088,0.7688414,1.49084,2.45413,PSMD10;USP7;CHUK;PRMT2;ANXA4;ERBIN;ARRB1;IRAK3;ARRB2;COMMD7;BMP7;MTURN;UFL1;PPP2CB;CYLD;ITCH;DNAJA3;CHORDC1;OTULIN;RBCK1;TRIM21;CDK5RAP3,Negative Regulation of NF-kappaB Transcription Factor Activity (GO:0032088)
GO:2001236,0.7688414,1.49084,2.45413,ACVR1;APP;SRC;PARK7;IGF1;NOL3;TANK;THBS1;RELA;LGALS3;CYLD;CD40LG;MADD;TNFSF10;ITGAV;BIRC6;ITGA6;RIPK1;STX4;PKN2;BID;SCG2,Regulation of Extrinsic Apoptotic Signaling Pathway (GO:2001236)
GO:0019730,0.7688414,1.40764,2.281924,APP;COLEC11;TOR2A;NTS;KNG1;CX3CL1;JCHAIN;LGALS3;BPIFA1;RPS19;CCL5;S100A12;CTSG;PRSS3;PRSS2;PF4V1;DCD;RNASE4;HLA-A;AZU1;PPBP;HLA-E;PRTN3;S100A9;GAPDH;S100A7;PF4,Antimicrobial Humoral Response (GO:0019730)
GO:0090100,0.7688414,1.40764,2.281924,BMP10;HSP90AB1;NOTCH1;NUMA1;TGFB1I1;NGLY1;THBS1;CDH5;PPP3CA;SDCBP;JAK2;KIAA0319;SMAD2;TGFB2;TGFB1;TSC22D1;GDF2;INHBA;BMP7;BMP5;TGFBR3;TWSG1;DAB2;GIPC1;CSNK2B;UBE2O;ENG,+ Reg of Transmembrane Receptor Prot Serine/Threonine Kinase Sgnlng Pway (GO:0090100)
GO:2000060,0.7688414,1.40764,2.281924,PSMD10;GSK3B;GSK3A;VCP;TGFB1I1;CLU;HSPBP1;DNAJB2;ATXN3;HECTD1;BAG2;DDRGK1;RACK1;ELOB;IKBKG;CDK5RAP3;BCAP31;USP5;SGTA;RAD23A;SIRT2;MTOR;PTK2;TRAF7;DAB2;STUB1;CCDC22,Positive Regulation of Ubiquitin-Dependent Protein Catabolic Process (GO:2000060)
GO:0034599,0.7688414,1.294454,2.095518,VKORC1L1;PRKAA1;SRC;CUL3;HM13;MIA3;PARK7;PTPRK;PRDX3;PRDX2;MAPK9;PRDX5;ERMP1;LONP1;RPS3;STX4;SLC25A24;SNCA;UBL4A;PDGFRA;PNPT1;GPX1;AMBP;PARP1;PRKCD;TPM1;MMP3;GSR;GPX7;SOD2;EIF2S1;SIRT2;PEX14;MSRA;FER;CCS;STK24;STK26;TBC1D24;PRKD2;PLA2R1;PPIA,Cellular Response to Oxidative Stress (GO:0034599)
GO:0051345,0.7688414,1.320216,2.129009,ITGB1;ROCK1;DOCK8;RASGRP2;DOCK10;DOCK11;RAP1A;RACK1;CTSH;SNX9;MMUT;RSU1;EVI5L;SRGAP2;RGS6;TGM2;MAP4K4;REPS1;SEMA4D;F2R;ARAP1;RHOA;RCN3;SNX18;TBC1D20;LARS1;RGS10;RAPGEF2;PRTN3;PLXNB1;ITGA6;GNB5;ARHGEF7;AGRN;MAPRE2;RAB3GAP1;LIMS1,Positive Regulation of Hydrolase Activity (GO:0051345)
GO:1904646,0.7688414,1.761185,2.835726,APP;GSK3B;PRNP;VCAM1;ITGA4;SYK;IGF1;IGF1R;CDK5;FYN;CD36;SNX6;LGMN,Cellular Response to Amyloid-Beta (GO:1904646)
GO:0030574,0.7688414,1.761185,2.835726,MMP7;MMP3;FURIN;MMP9;CTSS;MRC2;MMP25;MMP14;CTSL;MMP23B;MMP19;PRSS2;CTSB,Collagen Catabolic Process (GO:0030574)
GO:0030239,0.7688414,1.761185,2.835726,PDGFRB;TMOD1;PDGFRA;BMP10;WDR1;ACTN2;TMOD3;FLII;TPM1;TTR;CSRP1;FLNC;MYL9,Myofibril Assembly (GO:0030239)
GO:0032232,0.7688414,1.761185,2.835726,WAS;PIK3R1;F11R;ARHGAP6;TJP1;STMN1;PPFIA1;PKN2;PFN1;WASF2;SHANK3;CLASP1;CLASP2,Negative Regulation of Actin Filament Bundle Assembly (GO:0032232)
GO:0045913,0.7688414,1.761185,2.835726,APP;PRKAA1;EGF;IRS2;MIA3;IGF1;MTOR;NFKB1;RPTOR;AKT2;MLST8;GPLD1;SNCA,Positive Regulation of Carbohydrate Metabolic Process (GO:0045913)
GO:0032206,0.7688414,1.761185,2.835726,MRE11;ACTL6A;NEK7;UCHL5;RAD50;RUVBL2;RUVBL1;HNRNPA2B1;HNRNPD;TERF2IP;MAPK1;PRKCQ;MAP3K4,Positive Regulation of Telomere Maintenance (GO:0032206)
GO:0019364,0.7688414,1.761185,2.835726,MAP4K2;TPI1;ENO1;HOOK3;ENO2;ENO3;LDHA;PFKL;PKM;PGK1;GAPDH;PFKM;PGM1,Pyridine Nucleotide Catabolic Process (GO:0019364)
GO:0034315,0.7688414,1.761185,2.835726,WASHC4;CYFIP1;NCKAP1;WASHC5;CARMIL1;GMFG;BRK1;CORO1B;ARFIP1;WASF1;WASF2;WASF3;WASHC3,Regulation of Arp2/3 Complex-Mediated Actin Nucleation (GO:0034315)
GO:0045646,0.7688414,1.761185,2.835726,HSPA9;LYN;STAT5B;PRKDC;PRMT1;STAT1;STAT3;HMGB2;MIA3;INHBA;MAPK14;NCKAP1L;ZFPM1,Regulation of Erythrocyte Differentiation (GO:0045646)
GO:1900746,0.7688414,1.761185,2.835726,ITGB1;CD63;TNXB;ANGPT1;ITGB3;PIK3CB;TSPAN32;DCN;VTN;ADGRG1;EMILIN1;ITGA5;JCAD,Regulation of Vascular Endothelial Growth Factor Signaling Pathway (GO:1900746)
GO:0006801,0.7688414,1.761185,2.835726,CYBB;ALOX12;PARK7;SOD2;SOD3;SOD1;PRDX2;CCS;SH3PXD2A;PRDX1;SH3PXD2B;RAC2;ATP7A,Superoxide Metabolic Process (GO:0006801)
GO:0036294,0.7688414,1.505701,2.399791,NOTCH1;TGFB1;TSC1;NDNF;NDRG1;BMP7;SIRT2;RTN4;MTOR;RPTOR;NPEPPS;RGCC;TBL2;FAM162A;LMNA;MLST8;PGK1;UBQLN1;HYOU1;P4HB,Cellular Response to Decreased Oxygen Levels (GO:0036294)
GO:0030098,0.7688414,1.505701,2.399791,ITGB1;TPD52;HDAC5;VCAM1;ITGA4;CLSTN1;PTPRJ;PIK3R1;LFNG;PTPRC;LCK;AXL;LEP;KIT;RABL3;PLCG2;SLC39A7;SLC25A5;JAK3;MS4A1,Lymphocyte Differentiation (GO:0030098)
GO:0006936,0.7688414,1.505701,2.399791,TMOD1;TPM4;ROCK1;TPM3;ROCK2;TMOD3;TPM1;MYL6B;MYLK;MYL6;SMTN;TTR;ASPH;CHRNE;SLMAP;HRC;UTRN;EMD;SNTB1;MYH7,Muscle Contraction (GO:0006936)
GO:0002690,0.7688414,1.505701,2.399791,APP;CSF1R;CSF1;MSTN;SERPINE1;MOSPD2;VEGFC;ANO6;PLA2G7;THBS1;PTK2;F7;C1QBP;CCL5;MAPK1;LGALS9;CALR;GAS6;S100A7;LGMN,Positive Regulation of Leukocyte Chemotaxis (GO:0002690)
GO:0001938,0.7688414,1.411798,2.214106,NRP1;ECM1;NRP2;FLT4;ITGB3;PDCD6;CLSTN1;HMGB2;EMC10;MIA3;THBS4;MYDGF;AKT1;STAT5A;ITGA4;EGF;GDF2;PRKCA;PDCL3;PLXNB3;CDH13;PRKD2;SCG2;JCAD;FGFR1,Positive Regulation of Endothelial Cell Proliferation (GO:0001938)
GO:0051262,0.7688414,1.411798,2.214106,APP;SHMT2;SHMT1;ITPR1;PKD1;HSD17B10;HSD17B8;CRYZ;GOLGA2;APPL2;SNCA;TRPM4;CPSF7;OSBPL2;ACOT13;SOD2;DNM1;PRKD2;HPRT1;SSBP1;FARSA;MS4A1;HLA-DRB1;ALDH9A1;FARSB,Protein Tetramerization (GO:0051262)
GO:0002474,0.7688414,1.862547,2.915908,PDIA3;MFSD6;FCER1G;SAR1B;ERAP1;HLA-A;IDE;TAPBPL;CALR;IFI30;TAPBP,Antigen Processing and Presentation of Peptide Antigen via MHC Class I (GO:0002474)
GO:0043009,0.7688414,1.862547,2.915908,COL1A1;RBP4;FUT8;TGFB1;PRKD2;PCSK5;PKD1;BMP7;FGFR2;BMP5;FGFR1,Chordate Embryonic Development (GO:0043009)
GO:1901223,0.7688414,1.862547,2.915908,C1QTNF3;CYLD;PPM1A;PPM1B;DDX3X;CPNE1;IFI35;NMI;UACA;BMP7;RELA,Negative Regulation of Non-Canonical NF-kappaB Signal Transduction (GO:1901223)
GO:0048008,0.7688414,1.862547,2.915908,PDGFRB;NRP1;PDGFRA;PTPN1;FER;LOX;PDGFD;PDGFC;PDGFA;PTPRJ;CLASP2,Platelet-Derived Growth Factor Receptor Signaling Pathway (GO:0048008)
GO:0030890,0.7688414,1.862547,2.915908,VAV3;CD74;PTPRC;TFRC;CD81;TNFSF13;IRS2;NCKAP1L;S100A9;TNFSF13B;CD320,Positive Regulation of B Cell Proliferation (GO:0030890)
GO:0045669,0.7688414,1.862547,2.915908,PPP3CA;PRMT3;LRP5;SUCO;IGF1;NPNT;IL6ST;SOS1;BMP7;FERMT2;DDR2,Positive Regulation of Osteoblast Differentiation (GO:0045669)
GO:1904292,0.7688414,1.862547,2.915908,BCAP31;BAG6;USP14;ATXN3;UBXN1;TMX1;SGTA;UBQLN1;STUB1;SVIP;UBQLN2,Regulation of ERAD Pathway (GO:1904292)
GO:0043506,0.7688414,1.862547,2.915908,DNAJA1;MAP4K2;PTPN1;TAOK3;TRAF6;PDCD4;PKN1;TANK;MAP3K7;MAP3K4;MAP3K5,Regulation of JUN Kinase Activity (GO:0043506)
GO:0060284,0.7688414,1.862547,2.915908,FXR1;RPS19;ANXA2;NACA;RHEB;DOCK7;HMGB2;PRUNE1;AKT1;CTNNB1;CX3CL1,Regulation of Cell Development (GO:0060284)
GO:0034114,0.7688414,1.862547,2.915908,FGB;FGA;LCK;WNK1;FGG;PRG2;FLOT1;MYADM;FLOT2;BMP7;CD44,Regulation of Heterotypic Cell-Cell Adhesion (GO:0034114)
GO:0090140,0.7688414,1.862547,2.915908,RALA;INF2;STAT2;VPS35;PGAM5;MFF;DNM1L;CYRIB;DCN;MCU;REPS1,Regulation of Mitochondrial Fission (GO:0090140)
GO:0050807,0.7688414,1.862547,2.915908,CAMK2B;RAP2A;SPARC;SNX27;CLSTN3;NEDD4;AGO2;SPARCL1;CAMK1;PDLIM5;YWHAZ,Regulation of Synapse Organization (GO:0050807)
GO:0034121,0.7688414,1.862547,2.915908,YWHAE;IKBKB;GDI1;GPR108;TYRO3;IRAK3;CD36;LRCH4;S100A9;S100A8;HSP90B1,Regulation of Toll-Like Receptor Signaling Pathway (GO:0034121)
GO:0090092,0.7688414,1.862547,2.915908,SMAD2;TGFBR3;TWSG1;PRMT1;FST;LTBP4;PCSK6;FSTL1;FSTL3;DKK3;ENG,Regulation of Transmembrane Receptor Protein Serine/Threonine Kinase Signaling Pathway (GO:0090092)
GO:0035456,0.7688414,1.862547,2.915908,IFITM3;BST2;NDUFA13;PLSCR1;IFITM2;PNPT1;STAT1;CAMK2A;SHFL;UBE2K;IFNAR1,Response to Interferon-Beta (GO:0035456)
GO:0045807,0.7688414,1.318059,2.058921,NLGN1;CD151;SERPINE1;PTPRJ;CBL;CLU;CDC42;RAB21;VTN;LMAN2;FLOT1;ANKFY1;APOE;LDLRAP1;MBL2;SNCA;FCER1G;TOR1A;STAT3;RAB27A;PRKCA;ARAP1;AZU1;APOA5;DAB2;FCGR2A;HNRNPK;PTPRC;TFR2;AXL;CD47;CALR;DOCK2;GAS6;VPS28,Positive Regulation of Endocytosis (GO:0045807)
GO:0007417,0.7688414,1.200212,1.868882,APP;NCKAP1;ANKLE2;ITGAM;NCAN;SLC2A1;UBE3A;IER3IP1;CELSR1;GBA2;HAPLN1;RPS6KA3;QARS1;PHGDH;NRCAM;CDK5RAP3;GIT1;SCYL2;SH3GL1;MIOS;MAP1S;APLP2;MINK1;APLP1;ATP6AP2;LSR;HSPG2;SHROOM4;ALDH3A2;BCAN;VCAN;ALDH5A1;NDUFS4;UFC1;TBC1D23;RTN2;RTN3;RTN1;ABCB6;TUBGCP2;CXCR4;PCDH18;RTN4;CLN5;BAG6;ACAN;ADGRG1;RELN;UGP2;PTPRZ1;PDGFC;NPTX1;RBBP7;SPTBN1;CLASP1;EIF2B5;GIT2;MARCKSL1;EIF2B2;STAT3;PRG2;PTPN11;MARCKS;UFM1;CDK5;RAB18;PLXNB2;SERPINI1;RAB3GAP1,Central Nervous System Development (GO:0007417)
GO:0098664,0.7688414,inf,inf,PLCB3;GNAQ;GNAI1,G Protein-Coupled Serotonin Receptor Signaling Pathway (GO:0098664)
GO:0090166,0.7688414,inf,inf,GOLGA2;PTGES2;STX5,Golgi Disassembly (GO:0090166)
GO:0019852,0.7688414,inf,inf,GSTO1;SLC2A1;SLC2A3,L-ascorbic Acid Metabolic Process (GO:0019852)
GO:0002399,0.7688414,inf,inf,HLA-DRB3;HLA-DRB1;HLA-DPA1,MHC Class II Protein Complex Assembly (GO:0002399)
GO:0039529,0.7688414,inf,inf,OAS3;TRIM25;PHB2,RIG-I Signaling Pathway (GO:0039529)
GO:0001913,0.7688414,inf,inf,CRTAM;CTSH;HLA-A,T Cell Mediated Cytotoxicity (GO:0001913)
GO:0061470,0.7688414,inf,inf,TBK1;PIK3R1;ICOSLG,T Follicular Helper Cell Differentiation (GO:0061470)
GO:0009650,0.7688414,inf,inf,MFAP4;GPX1;SDF4,UV Protection (GO:0009650)
GO:0007191,0.7688414,inf,inf,GNG2;GNB1;GNAS,Adenylate Cyclase-Activating Dopamine Receptor Signaling Pathway (GO:0007191)
GO:0046184,0.7688414,inf,inf,TPI1;PNPO;TKT,Aldehyde Biosynthetic Process (GO:0046184)
GO:0015837,0.7688414,inf,inf,SLC44A1;SLC44A2;SLC18A2,Amine Transport (GO:0015837)
GO:0015917,0.7688414,inf,inf,SCARB2;TMEM30A;ATP8A1,Aminophospholipid Transport (GO:0015917)
GO:0140367,0.7688414,inf,inf,MARCHF2;UMOD;NFKB1,Antibacterial Innate Immune Response (GO:0140367)
GO:0045176,0.7688414,inf,inf,GOPC;CELSR1;JAM3,Apical Protein Localization (GO:0045176)
GO:0048708,0.7688414,inf,inf,EIF2B5;STAT3;S100A9,Astrocyte Differentiation (GO:0048708)
GO:0003283,0.7688414,inf,inf,NOTCH2;TGFB2;ZFPM1,Atrial Septum Development (GO:0003283)
GO:0060413,0.7688414,inf,inf,NOTCH2;TGFB2;ZFPM1,Atrial Septum Morphogenesis (GO:0060413)
GO:0003171,0.7688414,inf,inf,TGFB2;NOTCH1;ZFPM1,Atrioventricular Valve Development (GO:0003171)
GO:0048846,0.7688414,inf,inf,NRP1;NRP2;SEMA3F,Axon Extension Involved in Axon Guidance (GO:0048846)
GO:0048791,0.7688414,inf,inf,STXBP3;STXBP1;STXBP2,Calcium Ion-Regulated Exocytosis of Neurotransmitter (GO:0048791)
GO:0086064,0.7688414,inf,inf,PKP2;PRKCA;ATP1B1,Cell Communication by Electrical Coupling Involved in Cardiac Conduction (GO:0086064)
GO:0071384,0.7688414,inf,inf,ANXA1;HNRNPU;UBE2L3,Cellular Response to Corticosteroid Stimulus (GO:0071384)
GO:0071385,0.7688414,inf,inf,HNRNPU;UBE2L3;PCK2,Cellular Response to Glucocorticoid Stimulus (GO:0071385)
GO:0009190,0.7688414,inf,inf,GUCY1A1;GUCY1B1;ADCY6,Cyclic Nucleotide Biosynthetic Process (GO:0009190)
GO:0009584,0.7688414,inf,inf,GNA11;GNAQ;MAPRE2,Detection of Visible Light (GO:0009584)
GO:0070166,0.7688414,inf,inf,STIM1;FAM20C;FAM20A,Enamel Mineralization (GO:0070166)
GO:0060441,0.7688414,inf,inf,CTSH;CELSR1;FGFR2,Epithelial Tube Branching Involved in Lung Morphogenesis (GO:0060441)
GO:0051660,0.7688414,inf,inf,DLG1;PARD3;EZR,Establishment of Centrosome Localization (GO:0051660)
GO:0008347,0.7688414,inf,inf,TGFB2;VCAN;CD9,Glial Cell Migration (GO:0008347)
GO:0072012,0.7688414,inf,inf,ANGPT2;PECAM1;CD34,Glomerulus Vasculature Development (GO:0072012)
GO:0009250,0.7688414,inf,inf,GYS1;UGP2;GYG1,Glucan Biosynthetic Process (GO:0009250)
GO:0005978,0.7688414,inf,inf,GYS1;UGP2;GYG1,Glycogen Biosynthetic Process (GO:0005978)
GO:0019320,0.7688414,inf,inf,MAP4K2;GLB1;LRP5,Hexose Catabolic Process (GO:0019320)
GO:1904862,0.7688414,inf,inf,CLSTN3;PLXNB1;SRGAP2,Inhibitory Synapse Assembly (GO:1904862)
GO:0038173,0.7688414,inf,inf,TRAF6;MAP3K7;IL17RA,interleukin-17A-mediated Signaling Pathway (GO:0038173)
GO:0038043,0.7688414,inf,inf,LYN;STAT5A;JAK2,Interleukin-5-Mediated Signaling Pathway (GO:0038043)
GO:0034755,0.7688414,inf,inf,SCARA5;ABCB7;SLC39A14,Iron Ion Transmembrane Transport (GO:0034755)
GO:0006089,0.7688414,inf,inf,LDHB;PARK7;LDHAL6B,Lactate Metabolic Process (GO:0006089)
GO:0000389,0.7688414,inf,inf,SF3A1;SF3A2;SF1,mRNA 3'-Splice Site Recognition (GO:0000389)
GO:0006108,0.7688414,inf,inf,MDH1;MDH2;LDLR,Malate Metabolic Process (GO:0006108)
GO:0002279,0.7688414,inf,inf,CLSTN1;KIT;PIK3CG,Mast Cell Activation Involved in Immune Response (GO:0002279)
GO:0043303,0.7688414,inf,inf,CLSTN1;KIT;PIK3CG,Mast Cell Degranulation (GO:0043303)
GO:0044091,0.7688414,inf,inf,PEX16;PEX19;SPTBN1,Membrane Biogenesis (GO:0044091)
GO:0086013,0.7688414,inf,inf,YWHAE;DLG1;ATP1B1,Membrane Repolarization During Cardiac Muscle Cell Action Potential (GO:0086013)
GO:0048333,0.7688414,inf,inf,ITGB1;ITGA2;ITGB3,Mesodermal Cell Differentiation (GO:0048333)
GO:0097345,0.7688414,inf,inf,RHOT2;RHOT1;VDAC2,Mitochondrial Outer Membrane Permeabilization (GO:0097345)
GO:0003183,0.7688414,inf,inf,NOTCH1;DCHS1;ZFPM1,Mitral Valve Morphogenesis (GO:0003183)
GO:0044830,0.7688414,inf,inf,TMEM41B;VAPB;FMR1,Modulation by Host of Viral RNA Genome Replication (GO:0044830)
GO:0001779,0.7688414,inf,inf,PTPRC;CLSTN1;RABL3,Natural Killer Cell Differentiation (GO:0001779)
GO:2000562,0.7688414,inf,inf,TWSG1;LGALS9;VSIR,"Negative Regulation of CD4-positive, Alpha-Beta T Cell Proliferation (GO:2000562)"
GO:2000405,0.7688414,inf,inf,RIPOR2;LRCH1;CD69,Negative Regulation of T Cell Migration (GO:2000405)
GO:1903588,0.7688414,inf,inf,PDCD10;MMRN2;THBS1,- Reg of Blood Vessel Endothelial Cell Proliferation Inv in Sprouting Angiogenesis (GO:1903588)
GO:0050849,0.7688414,inf,inf,PLEK;ITPR1;SLA2,Negative Regulation of Calcium-Mediated Signaling (GO:0050849)
GO:0007175,0.7688414,inf,inf,TSG101;VPS25;SNX6,Negative Regulation of Epidermal Growth Factor-Activated Receptor Activity (GO:0007175)
GO:0046322,0.7688414,inf,inf,ACADVL;AKT1;APPL2,Negative Regulation of Fatty Acid Oxidation (GO:0046322)
GO:0045822,0.7688414,inf,inf,GRK2;SRI;PIK3CG,Negative Regulation of Heart Contraction (GO:0045822)
GO:0106015,0.7688414,inf,inf,STAT3;PTPN6;GIT1,Negative Regulation of Inflammatory Response to Wounding (GO:0106015)
GO:0032700,0.7688414,inf,inf,PRNP;NCKAP1L;VSIR,Negative Regulation of Interleukin-17 Production (GO:0032700)
GO:0010839,0.7688414,inf,inf,EPPK1;PTPRK;FGFR2,Negative Regulation of Keratinocyte Proliferation (GO:0010839)
GO:0032369,0.7688414,inf,inf,FIS1;ITGB3;ITGAV,Negative Regulation of Lipid Transport (GO:0032369)
GO:1903306,0.7688414,inf,inf,RAP1A;STXBP3;FMR1,Negative Regulation of Regulated Secretory Pathway (GO:1903306)
GO:0090209,0.7688414,inf,inf,TMX1;SORL1;GPLD1,Negative Regulation of Triglyceride Metabolic Process (GO:0090209)
GO:1903901,0.7688414,inf,inf,BST2;CSNK2B;PPIA,Negative Regulation of Viral Life Cycle (GO:1903901)
GO:0038180,0.7688414,inf,inf,RAP1A;KIDINS220;RAPGEF2,Nerve Growth Factor Signaling Pathway (GO:0038180)
GO:1902284,0.7688414,inf,inf,NRP1;NRP2;SEMA3F,Neuron Projection Extension Involved in Neuron Projection Guidance (GO:1902284)
GO:0048011,0.7688414,inf,inf,ZFYVE27;SORT1;CASP3,Neurotrophin TRK Receptor Signaling Pathway (GO:0048011)
GO:0002503,0.7688414,inf,inf,HLA-DRB3;HLA-DRB1;HLA-DPA1,Peptide Antigen Assembly With MHC Class II Protein Complex (GO:0002503)
GO:0060039,0.7688414,inf,inf,NOTCH1;BMP7;BMP5,Pericardium Development (GO:0060039)
GO:0060037,0.7688414,inf,inf,TGFB2;BMP7;BMP5,Pharyngeal System Development (GO:0060037)
GO:0036149,0.7688414,inf,inf,LPGAT1;MBOAT7;LCLAT1,Phosphatidylinositol Acyl-Chain Remodeling (GO:0036149)
GO:0046530,0.7688414,inf,inf,ARL3;STAT3;MAPRE2,Photoreceptor Cell Differentiation (GO:0046530)
GO:0007603,0.7688414,inf,inf,GNA11;GNAQ;MAPRE2,"Phototransduction, Visible Light (GO:0007603)"
GO:0017121,0.7688414,inf,inf,PLSCR1;PLSCR4;SERINC3,Plasma Membrane Phospholipid Scrambling (GO:0017121)
GO:0072015,0.7688414,inf,inf,MYO1E;JAG1;PODXL,Podocyte Development (GO:0072015)
GO:2001187,0.7688414,inf,inf,NCKAP1L;HLA-A;HLA-E,"Positive Regulation of CD8-positive, Alpha-Beta T Cell Activation (GO:2001187)"
GO:0043517,0.7688414,inf,inf,DDX5;EEF1E1;PLA2R1,"Positive Regulation of DNA Damage Response, Signal Transduction by P53 Class Mediator (GO:0043517)"
GO:0042998,0.7688414,inf,inf,CNST;RACK1;ATP2C1,Positive Regulation of Golgi to Plasma Membrane Protein Transport (GO:0042998)
GO:0035022,0.7688414,inf,inf,PIK3CB;PIK3CG;RTN4,Positive Regulation of Rac Protein Signal Transduction (GO:0035022)
GO:2000318,0.7688414,inf,inf,PRKCQ;TYK2;JAK2,Positive Regulation of T-helper 17 Type Immune Response (GO:2000318)
GO:0002824,0.7688414,inf,inf,PRKCQ;TYK2;JAK2,+ Reg of Adaptive Imm Resp Based on Som Recomb of Imm Rcptrs Built Frm IgSF Domains (GO:0002824)
GO:1904179,0.7688414,inf,inf,PRKAA1;SORL1;TRPM4,Positive Regulation of Adipose Tissue Development (GO:1904179)
GO:1903524,0.7688414,inf,inf,GSK3A;TGFB2;HRC,Positive Regulation of Blood Circulation (GO:1903524)
GO:0045777,0.7688414,inf,inf,TBXA2R;TAC3;ENG,Positive Regulation of Blood Pressure (GO:0045777)
GO:0141163,0.7688414,inf,inf,APP;RAMP3;S100A9,Positive Regulation of cAMP/PKA Signal Transduction (GO:0141163)
GO:0002732,0.7688414,inf,inf,MAVS;KIT;PLCG2,Positive Regulation of Dendritic Cell Cytokine Production (GO:0002732)
GO:0032736,0.7688414,inf,inf,IL18;LGALS9;HLA-E,Positive Regulation of Interleukin-13 Production (GO:0032736)
GO:0031666,0.7688414,inf,inf,LY96;PRKCA;PTPN11,Positive Regulation of Lipopolysaccharide-Mediated Signaling Pathway (GO:0031666)
GO:0051349,0.7688414,inf,inf,STIM1;ORAI1;FXN,Positive Regulation of Lyase Activity (GO:0051349)
GO:0048023,0.7688414,inf,inf,GIPC1;CDH15;ATP7A,Positive Regulation of Melanin Biosynthetic Process (GO:0048023)
GO:1902462,0.7688414,inf,inf,TGFB1;LTBP3;FERMT2,Positive Regulation of Mesenchymal Stem Cell Proliferation (GO:1902462)
GO:1902110,0.7688414,inf,inf,RHOT2;RHOT1;VDAC2,+ Reg of Mt Membrane Permeability Inv in Apoptotic Process (GO:1902110)
GO:0071639,0.7688414,inf,inf,SYK;OAS3;LGALS9,Positive Regulation of Monocyte Chemotactic Protein-1 Production (GO:0071639)
GO:0010831,0.7688414,inf,inf,MMP14;PIEZO1;MAPK14,Positive Regulation of Myotube Differentiation (GO:0010831)
GO:2001224,0.7688414,inf,inf,SHTN1;PLAA;RAPGEF2,Positive Regulation of Neuron Migration (GO:2001224)
GO:1900378,0.7688414,inf,inf,GIPC1;CDH15;ATP7A,Positive Regulation of Secondary Metabolite Biosynthetic Process (GO:1900378)
GO:0090129,0.7688414,inf,inf,CAMK2B;RELN;NRXN1,Positive Regulation of Synapse Maturation (GO:0090129)
GO:1904507,0.7688414,inf,inf,RUVBL2;RUVBL1;UCHL5,Positive Regulation of Telomere Maintenance in Response to DNA Damage (GO:1904507)
GO:1905065,0.7688414,inf,inf,KIT;SOD2;ENG,Positive Regulation of Vascular Associated Smooth Muscle Cell Differentiation (GO:1905065)
GO:0099068,0.7688414,inf,inf,NLGN1;NLGN2;NRXN1,Postsynapse Assembly (GO:0099068)
GO:0097104,0.7688414,inf,inf,NLGN1;NLGN2;NRXN1,Postsynaptic Membrane Assembly (GO:0097104)
GO:0042270,0.7688414,inf,inf,HLA-B;SERPINB9;HLA-E,Protection From Natural Killer Cell Mediated Cytotoxicity (GO:0042270)
GO:0018243,0.7688414,inf,inf,GALNT15;GALNT2;GALNT1,Protein O-linked Glycosylation via Threonine (GO:0018243)
GO:0072698,0.7688414,inf,inf,DIAPH1;MAPRE1;MAPRE2,Protein Localization to Microtubule Cytoskeleton (GO:0072698)
GO:0106300,0.7688414,inf,inf,VCPIP1;VCP;TEX264,protein-DNA Covalent Cross-Linking Repair (GO:0106300)
GO:0072528,0.7688414,inf,inf,CTPS2;CTPS1;UMPS,Pyrimidine-Containing Compound Biosynthetic Process (GO:0072528)
GO:0006086,0.7688414,inf,inf,PDHX;PDHA1;PDHB,Pyruvate Decarboxylation to acetyl-CoA (GO:0006086)
GO:1903409,0.7688414,inf,inf,MAOB;PTGES2;SOD1,Reactive Oxygen Species Biosynthetic Process (GO:1903409)
GO:2000311,0.7688414,inf,inf,NLGN1;NLGN2;MINK1,Regulation of AMPA Receptor Activity (GO:2000311)
GO:2000564,0.7688414,inf,inf,SLC4A2;VSIR;HLA-E,"Regulation of CD8-positive, Alpha-Beta T Cell Proliferation (GO:2000564)"
GO:0002577,0.7688414,inf,inf,WAS;LILRB2;CTSS,Regulation of Antigen Processing and Presentation (GO:0002577)
GO:0062042,0.7688414,inf,inf,JAG1;NOTCH1;TGFB1,Regulation of Cardiac Epithelial to Mesenchymal Transition (GO:0062042)
GO:2000303,0.7688414,inf,inf,SPHK1;PRKCD;SIRT3,Regulation of Ceramide Biosynthetic Process (GO:2000303)
GO:0045187,0.7688414,inf,inf,FXR1;PARP1;PTGDS,"Regulation of Circadian Sleep/Wake Cycle, Sleep (GO:0045187)"
GO:2000508,0.7688414,inf,inf,CALR;LGALS9;GAS6,Regulation of Dendritic Cell Chemotaxis (GO:2000508)
GO:0042053,0.7688414,inf,inf,ITGAM;ITGB2;HPRT1,Regulation of Dopamine Metabolic Process (GO:0042053)
GO:0070203,0.7688414,inf,inf,CCT6A;USP7;TCP1,Regulation of Establishment of Protein Localization to Telomere (GO:0070203)
GO:0032656,0.7688414,inf,inf,IL18;LGALS9;HLA-E,Regulation of Interleukin-13 Production (GO:0032656)
GO:2000739,0.7688414,inf,inf,GSK3B;PDGFRA;LTBP3,Regulation of Mesenchymal Stem Cell Differentiation (GO:2000739)
GO:1902460,0.7688414,inf,inf,TGFB1;LTBP3;FERMT2,Regulation of Mesenchymal Stem Cell Proliferation (GO:1902460)
GO:0044528,0.7688414,inf,inf,PDE12;FASTKD5;TBRG4,Regulation of Mitochondrial mRNA Stability (GO:0044528)
GO:0090266,0.7688414,inf,inf,DYNC1LI1;TPR;LCMT1,Regulation of Mitotic Cell Cycle Spindle Assembly Checkpoint (GO:0090266)
GO:0090257,0.7688414,inf,inf,TPM1;SRI;MYL9,Regulation of Muscle System Process (GO:0090257)
GO:0043456,0.7688414,inf,inf,RPTOR;MLST8;MTOR,Regulation of Pentose-Phosphate Shunt (GO:0043456)
GO:1900736,0.7688414,inf,inf,CHGA;INPP5A;NRXN1,Regulation of Phospholipase C-activating G Protein-Coupled Receptor Signaling Pathway (GO:1900736)
GO:2001138,0.7688414,inf,inf,CETP;DBI;PRAP1,Regulation of Phospholipid Transport (GO:2001138)
GO:1904776,0.7688414,inf,inf,NUMA1;EPB41L2;GNAI1,Regulation of Protein Localization to Cell Cortex (GO:1904776)
GO:2000644,0.7688414,inf,inf,PTPN1;ITCH;MTMR2,Regulation of Receptor Catabolic Process (GO:2000644)
GO:0060264,0.7688414,inf,inf,RPS19;LBP;S100A9,Regulation of Respiratory Burst Involved in Inflammatory Response (GO:0060264)
GO:0090322,0.7688414,inf,inf,SYK;SHC1;FBLN5,Regulation of Superoxide Metabolic Process (GO:0090322)
GO:1904505,0.7688414,inf,inf,RUVBL2;RUVBL1;UCHL5,Regulation of Telomere Maintenance in Response to DNA Damage (GO:1904505)
GO:0006449,0.7688414,inf,inf,UPF1;SHFL;GSPT1,Regulation of Translational Termination (GO:0006449)
GO:1905089,0.7688414,inf,inf,VPS13C;HUWE1;VDAC1,Regulation of Type 2 Mitophagy (GO:1905089)
GO:1901385,0.7688414,inf,inf,FMR1;SRI;GNB5,Regulation of Voltage-Gated Calcium Channel Activity (GO:1901385)
GO:0070294,0.7688414,inf,inf,STK39;MAGED2;OXSR1,Renal Sodium Ion Absorption (GO:0070294)
GO:0003096,0.7688414,inf,inf,STK39;MAGED2;OXSR1,Renal Sodium Ion Transport (GO:0003096)
GO:0070305,0.7688414,inf,inf,PDE2A;PDE3A;RAPGEF2,Response to cGMP (GO:0070305)
GO:0071869,0.7688414,inf,inf,GNG2;GNB1;GNAS,Response to Catecholamine (GO:0071869)
GO:0051384,0.7688414,inf,inf,ANXA1;HNRNPU;UBE2L3,Response to Glucocorticoid (GO:0051384)
GO:0036314,0.7688414,inf,inf,SMAD2;TGFB1;PMVK,Response to Sterol (GO:0036314)
GO:0042574,0.7688414,inf,inf,RDH11;RDH13;DHRS4,Retinal Metabolic Process (GO:0042574)
GO:0036376,0.7688414,inf,inf,ATP1B3;ATP1B1;SLC9A1,Sodium Ion Export Across Plasma Membrane (GO:0036376)
GO:0051146,0.7688414,inf,inf,SORT1;SDC1;PLD3,Striated Muscle Cell Differentiation (GO:0051146)
GO:1901289,0.7688414,inf,inf,SUCLA2;SUCLG2;SUCLG1,succinyl-CoA Catabolic Process (GO:1901289)
GO:0099536,0.7688414,inf,inf,KCMF1;RAB3GAP2;UTRN,Synaptic Signaling (GO:0099536)
GO:0070493,0.7688414,inf,inf,F2R;PLEK;IQGAP2,Thrombin-Activated Receptor Signaling Pathway (GO:0070493)
GO:0003222,0.7688414,inf,inf,TGFB2;NOTCH1;ENG,Ventricular Trabecula Myocardium Morphogenesis (GO:0003222)
GO:0098930,0.7688414,1.524321,2.347828,DYNC1H1;SNAPIN;DCTN1;AP3D1;DTNBP1;HDAC6;SOD1;BLOC1S4;RAB21;AP3M1;BLOC1S5;SPAST;BLOC1S1;BLOC1S2;BLOC1S3;AP3S1;ARL8B;PAFAH1B1,Axonal Transport (GO:0098930)
GO:0022617,0.7688414,1.524321,2.347828,MMP7;EXOC8;HPN;MMP3;FURIN;LAMC1;MMP9;CTSS;ADAMTS5;MMP14;ADAM15;SH3PXD2B;FLOT1;MMP19;CTSG;PRSS2;ELANE;ENG,Extracellular Matrix Disassembly (GO:0022617)
GO:2000573,0.7688414,1.524321,2.347828,CCT3;PDGFRB;CCT2;HSP90AA1;PTGES3;CCT6A;RGCC;TCP1;FBXO4;HNRNPD;CTNNB1;PRKD2;CCT8;CCT7;FGFR4;SOS1;CCT5;CCT4,Positive Regulation of DNA Biosynthetic Process (GO:2000573)
GO:0009893,0.7688414,1.267502,1.942706,ACHE;CXCR4;GHITM;PARK7;THBS1;IGF1R;JCHAIN;CPT2;PDGFC;MFN2;RIPK1;STAT6;CD36;HADH;JAK2;LDLR;APPL2;DECR1;PDGFRB;CBR1;DYNC1H1;PRKAB2;SYK;ACSL1;DCXR;TRPV2;IL18;MAPK14;PRKAB1;DHRS4;BSCL2;GATM;PROC;FABP4;FABP5;LEP;CNOT3;MFAP2;GNAS;GRB2;GHRL;OGT;IFNAR1,Positive Regulation of Metabolic Process (GO:0009893)
GO:0071331,0.7688414,2.031603,3.096956,RPTOR;PRKAA1;RACK1;PRKCA;GAS6;SLC39A14;OGT;IGF1R;PCK2,Cellular Response to Hexose Stimulus (GO:0071331)
GO:1990090,0.7688414,2.031603,3.096956,EHD1;NTRK2;RAP1A;KIDINS220;RAB35;AKT1;RAPGEF2;CIB1;WASF1,Cellular Response to Nerve Growth Factor Stimulus (GO:1990090)
GO:0006488,0.7688414,2.031603,3.096956,DPM1;ALG8;DOLPP1;ALG5;RFT1;ALG2;ALG3;ALG11;MPDU1,Dolichol-Linked Oligosaccharide Biosynthetic Process (GO:0006488)
GO:0031663,0.7688414,2.031603,3.096956,LYN;HCK;TRAF6;PLCG2;IRAK3;IRAK4;LBP;JAK2;MTDH,Lipopolysaccharide-Mediated Signaling Pathway (GO:0031663)
GO:0030490,0.7688414,2.031603,3.096956,RPS14;RPS28;RPS16;LSM6;RPS19;RPS8;NOL7;NAT10;WDR43,Maturation of SSU-rRNA (GO:0030490)
GO:0051560,0.7688414,2.031603,3.096956,LETM1;RAP1GDS1;ANXA6;MICU2;MICU1;MAIP1;PDZD8;MCU;TGM2,Mitochondrial Calcium Ion Homeostasis (GO:0051560)
GO:0042398,0.7688414,2.031603,3.096956,PTDSS2;GATM;GCLC;PLSCR1;PTDSS1;MGST2;PLOD2;HAGH;GCLM,Modified Amino Acid Biosynthetic Process (GO:0042398)
GO:1901185,0.7688414,2.031603,3.096956,PTPN18;DUSP3;TSG101;MMAB;MVP;PTPRJ;PTPN12;CBL;LGMN,Negative Regulation of ERBB Signaling Pathway (GO:1901185)
GO:0042059,0.7688414,2.031603,3.096956,TSG101;DUSP3;MMAB;MVP;PTPRJ;CHMP6;VPS25;SNX6;RAB7A,Negative Regulation of Epidermal Growth Factor Receptor Signaling Pathway (GO:0042059)
GO:0051055,0.7688414,2.031603,3.096956,ACADVL;TMX1;PRMT3;UBR4;ERLIN1;APOC3;APOE;ERLIN2;BMP5,Negative Regulation of Lipid Biosynthetic Process (GO:0051055)
GO:0050918,0.7688414,2.031603,3.096956,NRP1;LGALS3;GPNMB;PLXNB3;PTPRJ;SCRIB;CORO1A;SCG2;CX3CL1,Positive Chemotaxis (GO:0050918)
GO:0043507,0.7688414,2.031603,3.096956,MAP4K2;PTPN1;TAOK3;TRAF6;PKN1;TANK;MAP3K7;MAP3K4;MAP3K5,Positive Regulation of JUN Kinase Activity (GO:0043507)
GO:0050857,0.7688414,2.031603,3.096956,PTPRC;CD81;LCK;RPS3;CD226;PRKD2;IKBKG;RELA;NECTIN2,Positive Regulation of Antigen Receptor-Mediated Signaling Pathway (GO:0050857)
GO:0050850,0.7688414,2.031603,3.096956,PDGFRB;PDGFRA;PRNP;RAMP3;PTPRC;PLCG2;CDH13;PTPRJ;PRKCA,Positive Regulation of Calcium-Mediated Signaling (GO:0050850)
GO:0045724,0.7688414,2.031603,3.096956,GSK3B;CCDC88A;WRAP73;RAB3IP;ASAP1;SEPTIN9;RAB11FIP3;TAPT1;SEPTIN7,Positive Regulation of Cilium Assembly (GO:0045724)
GO:0032735,0.7688414,2.031603,3.096956,CD40LG;SYK;RIPK2;PLCG2;IL16;LGALS9;MAPK14;PLCB1;HSPD1,Positive Regulation of Interleukin-12 Production (GO:0032735)
GO:0006692,0.7688414,2.031603,3.096956,CBR1;PTGES2;MGST3;PTGES3;TBXAS1;PLAA;PTGR1;PTGDS;CES2,Prostanoid Metabolic Process (GO:0006692)
GO:0090279,0.7688414,2.031603,3.096956,PDGFRB;PRNP;LGALS3;EGF;STC1;CTNNB1;SLC30A1;FYN;PRKD2,Regulation of Calcium Ion Import (GO:0090279)
GO:2001257,0.7688414,2.031603,3.096956,ITGB1;FKBP1A;CAMK2D;AHNAK;ASPH;SLMAP;EPX;MMP9;CTSS,Regulation of Cation Channel Activity (GO:2001257)
GO:0048814,0.7688414,2.031603,3.096956,GSK3B;RAP2A;CUX1;SEMA4D;CAPRIN1;NEDD4;RAPGEF2;TNIK;YWHAH,Regulation of Dendrite Morphogenesis (GO:0048814)
GO:2000114,0.7688414,2.031603,3.096956,ARFGEF1;RIPOR2;CDH5;FYCO1;SHTN1;ROCK1;ROCK2;RACK1;CYRIB,Regulation of Establishment of Cell Polarity (GO:2000114)
GO:0071622,0.7688414,2.031603,3.096956,CSF1R;CSF1;MSTN;CCL5;MAPK1;THBS1;PTK2;JAM3;S100A7,Regulation of Granulocyte Chemotaxis (GO:0071622)
GO:0010758,0.7688414,2.031603,3.096956,CSF1R;CSF1;MSTN;CCL5;MAPK1;PTK2B;THBS1;S100A9;PTK2,Regulation of Macrophage Chemotaxis (GO:0010758)
GO:0051960,0.7688414,2.031603,3.096956,FXR1;PTPRZ1;DOCK7;HMGB2;PRUNE1;CTNNB1;CX3CL1;SIRT2;ZPR1,Regulation of Nervous System Development (GO:0051960)
GO:1900151,0.7688414,2.031603,3.096956,SYNCRIP;DHX9;CNOT1;CSDE1;HNRNPD;HNRNPU;YBX1;PABPC1;PAIP1,"Regulation of Nuclear-Transcribed mRNA Catabolic Process, Deadenylation-Dependent Decay (GO:1900151)"
GO:0002028,0.7688414,2.031603,3.096956,BPIFA1;DLG1;WNK1;NEDD4;SLMAP;ATP2B4;PKP2;GPD1L;YWHAH,Regulation of Sodium Ion Transport (GO:0002028)
GO:0099177,0.7688414,2.031603,3.096956,BCR;PPP3CA;NLGN1;NLGN2;RELN;FABP5;LRRC4;LRP8;DLGAP4,Regulation of Trans-Synaptic Signaling (GO:0099177)
GO:1903900,0.7688414,2.031603,3.096956,AXL;CD209;TRIM5;CSNK2B;KPNA6;TYRO3;TRIM25;PPIA;NECTIN2,Regulation of Viral Life Cycle (GO:1903900)
GO:0071559,0.7688414,2.031603,3.096956,TGFB1;ROCK1;ROCK2;PDCD5;PDE2A;PDE3A;MXRA5;CRKL;LIMS1,Response to Transforming Growth Factor Beta (GO:0071559)
GO:0003229,0.7688414,2.031603,3.096956,FKBP1A;TGFBR3;BMP10;TGFB1;TPM1;PKP2;DSG2;FGFR2;MYH7,Ventricular Cardiac Muscle Tissue Development (GO:0003229)
GO:0141091,0.7688414,1.287948,1.957475,ITGB1;DDX5;BMP10;USP15;ITGB5;SRC;WFIKKN2;CHRD;FURIN;LTBP3;ARRB2;PTPRK;LRRC32;TSKU;CDH5;FNTA;MAP3K7;APPL2;APPL1;SMAD2;TGFB2;TGFB1;USP9X;STAT3;GDF2;INHBA;BMP7;PTK2;BMP5;DUSP22;TGFBR3;CLDN5;DAB2;COL3A1;PDCD4;ZYX;FERMT2;ENG,Transforming Growth Factor Beta Receptor Superfamily Signaling Pathway (GO:0141091)
GO:0016239,0.7688414,1.31567,1.987539,RNF31;RALB;GNAI3;SNX30;FYCO1;UFL1;SPTLC1;TBK1;LARP1;SPTLC2;BAG3;DDRGK1;TOM1;PIP4K2A;PIP4K2B;IKBKG;PIP4K2C;FBXO7;MAP3K7;CDK5RAP3;SH3GLB1;CSNK2A2;WIPI1;DCN;SNX18;STING1;ATG2A;RAB3GAP2;STUB1;SLC25A5;OPTN;PAFAH1B2;RAB3GAP1,Positive Regulation of Macroautophagy (GO:0016239)
GO:0090161,0.7688414,2.369892,3.533973,GOLGA2;PRMT5;MYO18A;TRIP11;GCC2;OPTN;TMED5,Golgi Ribbon Formation (GO:0090161)
GO:0072678,0.7688414,2.369892,3.533973,SLC12A2;CLSTN1;MSN;GNAI1;PIK3CG;CD99;MYO1G,T Cell Migration (GO:0072678)
GO:0036444,0.7688414,2.369892,3.533973,HSPA9;ITPR1;VDAC1;MICU2;MICU1;MAIP1;MCU,Calcium Import Into the Mitochondrion (GO:0036444)
GO:0071499,0.7688414,2.369892,3.533973,CAPN2;GNAS;PRKCA;PKN2;PRKACB;ASS1;MTOR,Cellular Response to Laminar Fluid Shear Stress (GO:0071499)
GO:0048592,0.7688414,2.369892,3.533973,MFAP5;EFEMP1;COL5A1;STAT3;COL5A2;MFAP2;FBN1,Eye Morphogenesis (GO:0048592)
GO:0001889,0.7688414,2.369892,3.533973,TGFBR3;PRKCSH;PCSK9;LSR;PRKD2;CDK5RAP3;PCK2,Liver Development (GO:0001889)
GO:0160049,0.7688414,2.369892,3.533973,PPP6C;PARP1;PRKDC;PCBP2;AKT1;BANF1;LYPLAL1,Negative Regulation of cGAS/STING Signaling Pathway (GO:0160049)
GO:0045930,0.7688414,2.369892,3.533973,TOM1L1;TOM1L2;RGCC;CTNNB1;GAS1;SCRIB;BMP7,Negative Regulation of Mitotic Cell Cycle (GO:0045930)
GO:0002091,0.7688414,2.369892,3.533973,SDCBP;MTMR2;ATXN2;ANXA2;PCSK9;RIN3;UBQLN2,Negative Regulation of Receptor Internalization (GO:0002091)
GO:0043116,0.7688414,2.369892,3.533973,CLDN5;ANGPT1;DDAH1;PDE2A;PDE3A;PTPRJ;FERMT2,Negative Regulation of Vascular Permeability (GO:0043116)
GO:0043436,0.7688414,2.369892,3.533973,SULT1A1;TPST2;GRHPR;TPST1;PPA2;BPNT1;S100A9,Oxoacid Metabolic Process (GO:0043436)
GO:0006098,0.7688414,2.369892,3.533973,RPIA;UBL4A;SHPK;TALDO1;PHGDH;PGLS;TKT,Pentose-Phosphate Shunt (GO:0006098)
GO:0046635,0.7688414,2.369892,3.533973,HSPH1;EBI3;HLA-A;HLA-DRB3;CD55;HLA-DRB1;HLA-E,Positive Regulation of Alpha-Beta T Cell Activation (GO:0046635)
GO:2000353,0.7688414,2.369892,3.533973,TGFB1;CD40LG;RGCC;ITGA4;PDCD4;ANO6;THBS1,Positive Regulation of Endothelial Cell Apoptotic Process (GO:2000353)
GO:1900048,0.7688414,2.369892,3.533973,F2R;SERPINE1;EMILIN2;EMILIN1;ENPP4;HPSE;THBS1,Positive Regulation of Hemostasis (GO:1900048)
GO:0034116,0.7688414,2.369892,3.533973,FGB;FGA;LCK;FGG;FLOT1;BMP7;CD44,Positive Regulation of Heterotypic Cell-Cell Adhesion (GO:0034116)
GO:0046887,0.7688414,2.369892,3.533973,FGB;VAMP8;FGA;VAMP7;GPNMB;TFR2;FGG,Positive Regulation of Hormone Secretion (GO:0046887)
GO:0002696,0.7688414,2.369892,3.533973,KARS1;IL16;CD226;LBP;THBS1;NECTIN2;HSPD1,Positive Regulation of Leukocyte Activation (GO:0002696)
GO:0010759,0.7688414,2.369892,3.533973,CSF1R;CSF1;MSTN;CCL5;MAPK1;THBS1;PTK2,Positive Regulation of Macrophage Chemotaxis (GO:0010759)
GO:1901731,0.7688414,2.369892,3.533973,MMRN1;EMILIN2;EMILIN1;F11R;GP6;IL6ST;JAK2,Positive Regulation of Platelet Aggregation (GO:1901731)
GO:1901798,0.7688414,2.369892,3.533973,DDX5;RPS7;RPL23;RPS20;EEF1E1;PLA2R1;CDK5RAP3,Positive Regulation of Signal Transduction by P53 Class Mediator (GO:1901798)
GO:0043457,0.7688414,2.369892,3.533973,TRAP1;VCP;PNPT1;SHMT2;ARL2;IDE;IFNAR1,Regulation of Cellular Respiration (GO:0043457)
GO:0033044,0.7688414,2.369892,3.533973,UPF1;XRCC5;RUVBL2;LMNA;RUVBL1;TERF2IP;UCHL5,Regulation of Chromosome Organization (GO:0033044)
GO:2001135,0.7688414,2.369892,3.533973,EHD1;EHD2;EIPR1;ARHGAP1;SORL1;RAB11FIP3;RAB11A,Regulation of Endocytic Recycling (GO:2001135)
GO:1903027,0.7688414,2.369892,3.533973,FCN1;COLEC11;COLEC10;FCN3;MYO18A;C4BPB;MBL2,Regulation of Opsonization (GO:1903027)
GO:1902305,0.7688414,2.369892,3.533973,CAMK2D;BPIFA1;DLG1;SLMAP;ATP2B4;UTRN;YWHAH,Regulation of Sodium Ion Transmembrane Transport (GO:1902305)
GO:0019218,0.7688414,2.369892,3.533973,ACADVL;ASAH1;EPHX2;STUB1;APOE;FMO5;TTC39B,Regulation of Steroid Metabolic Process (GO:0019218)
GO:1904872,0.7688414,2.369892,3.533973,CCT3;CCT6A;TCP1;CCT8;CCT7;CCT5;CCT4,Regulation of Telomerase RNA Localization to Cajal Body (GO:1904872)
GO:1990089,0.7688414,2.369892,3.533973,EHD1;RAP1A;KIDINS220;RAB35;AKT1;RAPGEF2;CIB1,Response to Nerve Growth Factor (GO:1990089)
GO:0099560,0.7688414,2.369892,3.533973,CDH6;PTPRS;SLITRK1;LRRC4;GPC4;PTPRF;LRRC4B,Synaptic Membrane Adhesion (GO:0099560)
GO:0035313,0.7688414,2.369892,3.533973,ITGB1;ADAM17;COL5A1;ITGB5;ITGB3;ITGAV;ITGA5,"Wound Healing, Spreading of Epidermal Cells (GO:0035313)"
GO:0030183,0.7688414,1.548313,2.299664,ITGB1;TPD52;HDAC5;VCAM1;ITGA4;CLSTN1;PTPRJ;PIK3R1;PTPRC;KIT;RABL3;PLCG2;SLC39A7;SLC25A5;JAK3;MS4A1,B Cell Differentiation (GO:0030183)
GO:0051289,0.7688414,1.548313,2.299664,SHMT2;SHMT1;OSBPL2;ITPR1;ACOT13;SOD2;HSD17B10;DNM1;CRYZ;GOLGA2;PRKD2;HPRT1;SSBP1;APPL2;ALDH9A1;TRPM4,Protein Homotetramerization (GO:0051289)
GO:0048145,0.7688414,1.548313,2.299664,CD74;PDGFRA;DHX9;SPHK1;FN1;PDGFA;FBLN1;IGF1;FTH1;PDGFC;S100A6;CTNNB1;GAS6;EMD;S100A9;DDR2,Regulation of Fibroblast Proliferation (GO:0048145)
GO:0042306,0.7688414,1.548313,2.299664,TGFB1;JUP;YWHAB;PRKCD;PIK3R1;IPO5;MAVS;UFM1;TRIM28;BAG3;CHORDC1;TPR;FLNA;HCLS1;RAN;ZPR1,Regulation of Protein Import Into Nucleus (GO:0042306)
GO:0046425,0.7688414,1.548313,2.299664,WDR48;NOTCH1;EGF;F2R;CAMK2A;TYK2;STK4;PTPRC;HGS;LEP;KIT;OCIAD1;JAK2;CRLF3;IL7R;JAK3,Regulation of Receptor Signaling Pathway via JAK-STAT (GO:0046425)
GO:1904645,0.7688414,1.548313,2.299664,APP;GSK3B;PRNP;RAMP3;VCAM1;ITGA4;SYK;MMP3;IGF1;MMP9;IGF1R;CDK5;FYN;CD36;SNX6;LGMN,Response to Amyloid-Beta (GO:1904645)
GO:0031396,0.7688414,1.263315,1.874373,PSMD10;GSK3B;GSK3A;HSP90AB1;UBXN1;CUL3;MYCBP2;DCUN1D1;UBE3A;ARRB1;PARK7;ARRB2;HSPBP1;UBE2L3;DNAJB2;UFL1;BAG5;BAG2;CHORDC1;FBXO4;RPS3;UBQLN1;AKT1;CDK5RAP3;HSP90AA1;CAMLG;ANGPT1;USP4;RIPK2;SPHK1;PRMT3;HUWE1;DNAJA1;WNK1;TRAF6;DNAJA3;CTNNB1;STUB1;SQSTM1;OGT;VPS28,Regulation of Protein Ubiquitination (GO:0031396)
GO:0046323,0.7688414,3.385117,5.008002,RAB4B;SORT1;SLC2A1;SLC2A3;SLC27A4,D-glucose Import (GO:0046323)
GO:0031365,0.7688414,3.385117,5.008002,NAA50;NAA10;NAA15;METAP1;METAP2,N-terminal Protein Amino Acid Modification (GO:0031365)
GO:0060612,0.7688414,3.385117,5.008002,PGRMC2;SPTLC2;NAMPT;SH3PXD2B;LRP5,Adipose Tissue Development (GO:0060612)
GO:0008209,0.7688414,3.385117,5.008002,CHST10;HSD17B4;HSD17B11;HSD17B10;UGT2B7,Androgen Metabolic Process (GO:0008209)
GO:0002484,0.7688414,3.385117,5.008002,HLA-B;HLA-C;HLA-A;HLA-F;HLA-E,Ag Processing and Presentation of Endogenous Pep Ag via MHC Cls I via ER Pway (GO:0002484)
GO:0002486,0.7688414,3.385117,5.008002,HLA-B;HLA-C;HLA-A;HLA-F;HLA-E,"Ag Processing and Presentation of Endogenous Pep Ag via MHC Cls I via ER Pway, TAP-ind (GO:0002486)"
GO:0002476,0.7688414,3.385117,5.008002,HLA-B;HLA-C;HLA-A;HLA-F;HLA-E,Antigen Processing and Presentation of Endogenous Peptide Antigen via MHC Class Ib (GO:0002476)
GO:0002428,0.7688414,3.385117,5.008002,HLA-B;HLA-C;HLA-A;HLA-F;HLA-E,Antigen Processing and Presentation of Peptide Antigen via MHC Class Ib (GO:0002428)
GO:0006525,0.7688414,3.385117,5.008002,TINAGL1;DDAH1;ASL;LDLR;ASS1,Arginine Metabolic Process (GO:0006525)
GO:0030953,0.7688414,3.385117,5.008002,DLG1;NUMA1;EZR;KPNB1;RAB11A,Astral Microtubule Organization (GO:0030953)
GO:0035457,0.7688414,3.385117,5.008002,RO60;PDE12;TPR;GAS6;IFNAR1,Cellular Response to Interferon-Alpha (GO:0035457)
GO:0071383,0.7688414,3.385117,5.008002,HSPA8;SRC;MAPK1;TFPI;UBE2L3,Cellular Response to Steroid Hormone Stimulus (GO:0071383)
GO:0015937,0.7688414,3.385117,5.008002,PANK4;PPCS;DCAKD;COASY;PPCDC,Coenzyme A Biosynthetic Process (GO:0015937)
GO:0042417,0.7688414,3.385117,5.008002,SULT1A1;TGFB2;MAOB;COMT;SNCA,Dopamine Metabolic Process (GO:0042417)
GO:0061548,0.7688414,3.385117,5.008002,NRP1;NRP2;CTNNB1;UNC5C;SEMA3F,Ganglion Development (GO:0061548)
GO:0019682,0.7688414,3.385117,5.008002,RPIA;TPI1;SHPK;TALDO1;TKT,Glyceraldehyde-3-Phosphate Metabolic Process (GO:0019682)
GO:0097530,0.7688414,3.385117,5.008002,ANXA1;ITGB2;UMOD;IRAK4;JAM3,Granulocyte Migration (GO:0097530)
GO:0003015,0.7688414,3.385117,5.008002,GPX1;RAMP3;PPCS;FYN;SOD1,Heart Process (GO:0003015)
GO:0048012,0.7688414,3.385117,5.008002,NRP1;STMN1;PKN1;SOS1;MUC20,Hepatocyte Growth Factor Receptor Signaling Pathway (GO:0048012)
GO:0006878,0.7688414,3.385117,5.008002,APP;PRNP;CCDC22;ATP7A;CP,Intracellular Copper Ion Homeostasis (GO:0006878)
GO:0034374,0.7688414,3.385117,5.008002,CETP;LIPC;APOB;MPO;PLA2G7,Low-Density Lipoprotein Particle Remodeling (GO:0034374)
GO:0072676,0.7688414,3.385117,5.008002,CRTAM;MSN;SAA2;GNAI1;MYO1G,Lymphocyte Migration (GO:0072676)
GO:0008584,0.7688414,3.385117,5.008002,TGFB2;KITLG;CSDE1;KIT;INHBA,Male Gonad Development (GO:0008584)
GO:0052372,0.7688414,3.385117,5.008002,EXOC7;TRIM5;TRIM25;EXOC2;NECTIN2,Modulation by Symbiont of Entry Into Host (GO:0052372)
GO:0070233,0.7688414,3.385117,5.008002,CCL5;TSC22D3;BPNT1;PRKCQ;JAK3,Negative Regulation of T Cell Apoptotic Process (GO:0070233)
GO:0070885,0.7688414,3.385117,5.008002,GSK3B;PRNP;CHORDC1;ATP2B4;FHL2,Negative Regulation of calcineurin-NFAT Signaling Cascade (GO:0070885)
GO:0106057,0.7688414,3.385117,5.008002,GSK3B;PRNP;CHORDC1;ATP2B4;FHL2,Negative Regulation of Calcineurin-Mediated Signaling (GO:0106057)
GO:0045721,0.7688414,3.385117,5.008002,MAP4K2;C1QTNF3;USP7;PGP;STK4,Negative Regulation of Gluconeogenesis (GO:0045721)
GO:0071676,0.7688414,3.385117,5.008002,AKT1;MIA3;EMILIN1;PLCB1;BMP5,Negative Regulation of Mononuclear Cell Migration (GO:0071676)
GO:0007422,0.7688414,3.385117,5.008002,ALDH3A2;GSTM3;GPC1;ADGRG6;SERPINI1,Peripheral Nervous System Development (GO:0007422)
GO:0090385,0.7688414,3.385117,5.008002,RAB20;RAB34;VPS33B;VIPAS39;RAB7A,Phagosome-Lysosome Fusion (GO:0090385)
GO:0030836,0.7688414,3.385117,5.008002,VIL1;CARMIL1;CRACD;PLEK;PDXP,Positive Regulation of Actin Filament Depolymerization (GO:0030836)
GO:0045923,0.7688414,3.385117,5.008002,LPGAT1;APOC2;MLYCD;APOA5;SIRT2,Positive Regulation of Fatty Acid Metabolic Process (GO:0045923)
GO:0033625,0.7688414,3.385117,5.008002,P2RY12;SRC;PLEK;PIEZO1;FERMT2,Positive Regulation of Integrin Activation (GO:0033625)
GO:0051549,0.7688414,3.385117,5.008002,MAPRE2;MMP9;MTOR;ARF6;MAP4K4,Positive Regulation of Keratinocyte Migration (GO:0051549)
GO:2000108,0.7688414,3.385117,5.008002,LYN;CLSTN1;RAPGEF2;LGALS9;PIK3CB,Positive Regulation of Leukocyte Apoptotic Process (GO:2000108)
GO:0032370,0.7688414,3.385117,5.008002,CETP;GPNMB;DBI;APOE;PRAP1,Positive Regulation of Lipid Transport (GO:0032370)
GO:2000010,0.7688414,3.385117,5.008002,HSP90AB1;STX4;GPD1L;METAP1;TM9SF4,Positive Regulation of Protein Localization to Cell Surface (GO:2000010)
GO:0097106,0.7688414,3.385117,5.008002,NLGN1;NLGN2;RELN;NRXN1;SHANK3,Postsynaptic Density Organization (GO:0097106)
GO:0050847,0.7688414,3.385117,5.008002,SRC;WBP2;NEDD4;MAPK1;UBE3A,Progesterone Receptor Signaling Pathway (GO:0050847)
GO:0006206,0.7688414,3.385117,5.008002,DPYSL2;DPYD;CTPS2;CTPS1;UMPS,Pyrimidine Nucleobase Metabolic Process (GO:0006206)
GO:0106070,0.7688414,3.385117,5.008002,GSK3A;PDE2A;PDE3A;RACK1;PRKCA,Regulation of Adenylate Cyclase-Activating G Protein-Coupled Receptor Signaling Pathway (GO:0106070)
GO:1900221,0.7688414,3.385117,5.008002,APP;ROCK1;IFNGR1;APOE;CLU,Regulation of Amyloid-Beta Clearance (GO:1900221)
GO:1903522,0.7688414,3.385117,5.008002,APP;CAMK2D;CELF2;TPM1;ECE1,Regulation of Blood Circulation (GO:1903522)
GO:0032330,0.7688414,3.385117,5.008002,PKDCC;EFEMP1;TRPS1;MBOAT2;PTPN11,Regulation of Chondrocyte Differentiation (GO:0032330)
GO:0046320,0.7688414,3.385117,5.008002,ACADVL;PRKAG2;MLYCD;ABCD1;APPL2,Regulation of Fatty Acid Oxidation (GO:0046320)
GO:1901532,0.7688414,3.385117,5.008002,ITCH;KITLG;PRKDC;EIF2AK2;CCM2,Regulation of Hematopoietic Progenitor Cell Differentiation (GO:1901532)
GO:0046883,0.7688414,3.385117,5.008002,GPNMB;SCG5;CCM2;SNX6;VAMP3,Regulation of Hormone Secretion (GO:0046883)
GO:2000392,0.7688414,3.385117,5.008002,VIL1;SRC;CD44;CORO1B;CORO1C,Regulation of Lamellipodium Morphogenesis (GO:2000392)
GO:0045619,0.7688414,3.385117,5.008002,CD2;XRCC6;PRKDC;CRTAM;NCKAP1L,Regulation of Lymphocyte Differentiation (GO:0045619)
GO:2000401,0.7688414,3.385117,5.008002,STK10;AKT1;MSN;MIA3;PPP1R9B,Regulation of Lymphocyte Migration (GO:2000401)
GO:0090128,0.7688414,3.385117,5.008002,CAMK2B;RELN;SNX27;NRXN1;YWHAZ,Regulation of Synapse Maturation (GO:0090128)
GO:0036490,0.7688414,3.385117,5.008002,DNAJC3;NCK2;EIF2S1;EIF4G1;NCK1,Regulation of Translation in Response to Endoplasmic Reticulum Stress (GO:0036490)
GO:1990776,0.7688414,3.385117,5.008002,ROCK1;ROCK2;PRKCD;NFKB1;RELA,Response to Angiotensin (GO:1990776)
GO:0032495,0.7688414,3.385117,5.008002,NAGK;RIPK2;ERBIN;VIM;CHMP5,Response to Muramyl Dipeptide (GO:0032495)
GO:0046903,0.7688414,3.385117,5.008002,TPD52;TMEM63A;TMEM63B;FBLN5;UNC13D,Secretion (GO:0046903)
GO:0006104,0.7688414,3.385117,5.008002,SUCLA2;OGDH;DLST;SUCLG2;SUCLG1,succinyl-CoA Metabolic Process (GO:0006104)
GO:0042554,0.7688414,3.385117,5.008002,SH3PXD2A;SH3PXD2B;RAC2;CYBB;ALOX12,Superoxide Anion Generation (GO:0042554)
GO:0048499,0.7688414,3.385117,5.008002,TOR1A;SYNGR2;SNAP23;SNAP29;STX11,Synaptic Vesicle Membrane Organization (GO:0048499)
GO:0006388,0.7688414,3.385117,5.008002,DDX1;RTCB;ZBTB8OS;FAM98A;RTRAF,"tRNA Splicing, via Endonucleolytic Cleavage and Ligation (GO:0006388)"
GO:0033572,0.7688414,3.385117,5.008002,TFRC;TFR2;CLTC;LMTK2;DNM2,Transferrin Transport (GO:0033572)
GO:0007266,0.781271,1.422717,2.075181,ROCK1;ROCK2;LIMK1;ARHGAP1;RHOG;WAS;MYO9B;CELSR1;ARHGAP6;ARHGAP35;ADRA2A;RHOA;ARHGAP4;GNA13;SHTN1;ARHGDIA;ARHGDIB;CDH13;ARHGEF1;TAX1BP3;ARHGEF7,Rho Protein Signal Transduction (GO:0007266)
GO:0031122,0.781271,1.422717,2.075181,DYNC1H1;NUMA1;TUBGCP2;KATNB1;CIB1;SLAIN2;TBCB;HOOK3;RHOA;RAB11A;CLIP2;CCDC88A;CLIP1;DLG1;SLK;CHORDC1;PPFIA1;TUBGCP3;EZR;KPNB1;CLASP1,Cytoplasmic Microtubule Organization (GO:0031122)
GO:0006650,0.781271,1.422717,2.075181,CETP;PON1;PLA2G4A;LCAT;HDHD5;GPCPD1;PLA2G7;PLCB3;PRDX5;PLCB4;SYNJ1;PGP;PLCG2;FAR1;PNPLA6;PLCB1;PLCB2;GPLD1;DGKH;PAFAH1B1;PLA1A,Glycerophospholipid Metabolic Process (GO:0006650)
GO:0050863,0.781271,1.422717,2.075181,PRKAA1;DUSP3;FGL1;CRTAM;CYRIB;HSPD1;CD2;LGALS3;UFL1;GPNMB;LCK;CD209;CCL5;CTSG;PRKCQ;CD47;HLA-DRB3;JAK3;YWHAG;HLA-DRB1;HLA-DPA1,Regulation of T Cell Activation (GO:0050863)
GO:0051924,0.781271,1.422717,2.075181,CAMK2B;CD84;TRPC6;EPB41;EGF;F2R;CAMK2A;STC1;IL16;SRI;ATP2B1;LILRB2;MYLK;STIM1;TMX1;CCL5;HRC;ORAI1;CTNNB1;PRKD2;CAMK2G,Regulation of Calcium Ion Transport (GO:0051924)
GO:0032386,0.781271,1.422717,2.075181,NUP214;GRIPAP1;DYNC1H1;PTPN1;MAP2K1;USP7;MAP2K2;NUMA1;SRC;YIPF5;MLC1;DNAJC13;RAB11A;SCFD1;LAMP1;REEP5;GAS1;MAPK1;REEP6;RAB11FIP3;METAP2,Regulation of Intracellular Transport (GO:0032386)
GO:0048660,0.781271,1.422717,2.075181,PDGFRB;XRCC6;TGFB1;IGFBP5;PRKDC;STAT1;XRCC5;IL18;PIK3R1;IGF1;THBS1;CX3CL1;CCL5;OGN;RBPMS2;AKT1;CDH13;MFN2;CTNNB1;APOE;ELANE,Regulation of Smooth Muscle Cell Proliferation (GO:0048660)
GO:0051893,0.7849794,1.355164,1.969308,NRP1;MACF1;ROCK1;ROCK2;SRC;PTPRJ;ARHGAP6;THBS1;PPM1F;CORO1C;SLC9A1;SLK;CLASP1;CLASP2;MAP4K4;DUSP3;DMTN;TSC1;RHOA;PTK2;DUSP22;PTPRA;TLN1;VCL;FERMT2;LIMS1,Regulation of Focal Adhesion Assembly (GO:0051893)
GO:0050808,0.7850803,1.242788,1.805,APP;NLGN1;PTPRS;NLGN2;DCTN1;NRXN1;LRRC4;CX3CL1;GPHN;PTPRF;CDH6;CDH2;SLITRK1;HMCN2;PPFIA1;SDF4;SNCG;NRCAM;GPC4;PLXNA4;LRRC4B;APPL1;SNCA;DBNL;F2R;PCDHB14;L1CAM;DNM3;SDK1;CDK5;PCDHB2;PTK7;CDH10;DNAJA3;NEDD4;PLXNB3;PLXNB2;PLXNB1;ARHGEF7;AGRN;SHANK3;SDK2;CBLN2;CBLN1,Synapse Organization (GO:0050808)
GO:0061448,0.7974373,1.580362,2.257764,COL11A2;LRP5;GDF2;PKD1;PGRMC2;COL2A1;SPTLC2;DDRGK1;NAMPT;SH3PXD2B;TRIP11;GHRL;ATP7A;CD44,Connective Tissue Development (GO:0061448)
GO:0002753,0.7974373,1.580362,2.257764,YWHAE;BECN1;DDX3X;PHB2;IPO5;CYLD;ITCH;MAVS;TBK1;STING1;OAS3;TRAF6;TRIM25;MAP3K7,Cytoplasmic Pattern Recognition Receptor Signaling Pathway (GO:0002753)
GO:0048013,0.7974373,1.580362,2.257764,LYN;YES1;SRC;PTPN11;KALRN;MMP9;PTK2;EFNB1;NCK2;FYN;PKN1;ARHGEF7;CRK;NCK1,Ephrin Receptor Signaling Pathway (GO:0048013)
GO:0140888,0.7974373,1.580362,2.257764,IFITM3;IFITM2;IFNGR1;STAT1;STAT2;TYK2;TANK;HCK;MAVS;TBK1;OAS3;JAK2;JAK1;IFNAR1,Interferon-Mediated Signaling Pathway (GO:0140888)
GO:0031468,0.7974373,1.580362,2.257764,BROX;VPS4B;VPS4A;SIRT2;NSFL1C;SPAST;CHMP1B;CHMP1A;CHMP2B;CHMP2A;CHMP4B;BANF1;CHMP6;CHMP5,Nuclear Membrane Reassembly (GO:0031468)
GO:0050772,0.7974373,1.580362,2.257764,MACF1;NTRK2;SEMA4D;LIMK1;NRDC;TWF2;L1CAM;FYCO1;SHTN1;ZFYVE27;SLITRK1;PLXNB3;PLXNB2;PLXNB1,Positive Regulation of Axonogenesis (GO:0050772)
GO:0045089,0.7974373,1.580362,2.257764,CPT1A;DHX9;ZDHHC5;IFI35;NMI;HLA-E;MAVS;PLSCR1;RPS19;STING1;CCL5;LBP;UBE2K;TRIM56,Positive Regulation of Innate Immune Response (GO:0045089)
GO:1903902,0.7974373,1.580362,2.257764,CD74;TSG101;FMR1;VPS4A;FURIN;VPS37B;LGALS1;CD209;BSG;KPNA6;TYRO3;LGALS9;P4HB;HLA-DRB1,Positive Regulation of Viral Life Cycle (GO:1903902)
GO:0033628,0.7974373,1.580362,2.257764,LYN;P2RY12;TGFB2;SYK;TESC;SERPINE1;CIB1;PTPN11;PIK3CG;PTK2;MUC1;NCKAP1L;JAM3;FERMT3,Regulation of Cell Adhesion Mediated by Integrin (GO:0033628)
GO:1903214,0.7974373,1.580362,2.257764,RNF31;SH3GLB1;GSK3A;CSNK2A2;HPS4;HUWE1;UBE2L3;LMAN1;NPEPPS;ARIH2;MICALL2;RAC2;VPS11;SAE1,Regulation of Protein Targeting to Mitochondrion (GO:1903214)
GO:0099504,0.7974373,1.580362,2.257764,GIT2;NLGN1;ATP6V1G1;SNAPIN;NRXN1;AP3D1;CDH2;CDK5;AP3S1;PIP5K1C;RAB5A;GIT1;SLC18A2;SNCA,Synaptic Vesicle Cycle (GO:0099504)
GO:0044319,0.7974373,1.580362,2.257764,ITGB1;CD151;TOR1A;ITGB5;ITGB3;ARHGAP35;RHOA;ADAM17;COL5A1;PDCD10;FLNA;ITGAV;ITGA5;CD44,"Wound Healing, Spreading of Cells (GO:0044319)"
GO:0032675,0.8056631,1.280077,1.814767,APP;DHX9;LPL;ARRB1;CX3CL1;RELA;HSPD1;C1QTNF3;GPNMB;BSG;PLCG2;NCKAP1L;LGALS9;LBP;CD74;TGFB1;SYK;F2R;CARD9;STAT3;HLA-B;PRG2;IL16;IRAK3;LILRB2;IL17RA;MAVS;LEP;MAPKAPK2;GHRL;PTPN6;ARHGEF2;CD47;GAS6,Regulation of Interleukin-6 Production (GO:0032675)
GO:0043393,0.8151781,1.310008,1.840232,GSK3B;HDAC5;RALB;ROCK1;EPB41;RPL11;IDE;ADD2;GOLGA2;DNAJB2;VTN;FLOT1;RACK1;LDLRAP1;TRIM21;MARK3;MARK2;SNAPIN;DTX3L;USP9X;PEX14;CLDN5;STING1;RAPGEF2;BAX;CFHR5;CAMK1;ZFPM1;RAN,Regulation of Protein Binding (GO:0043393)
GO:0120161,0.8151781,1.237712,1.737397,ACHE;NOTCH1;LAMA4;DOCK7;CXCR4;IGF1R;ADAMTS5;CPT2;PDGFC;MFN2;STAT6;CD36;HADH;JAK2;LDLR;APPL2;DECR1;DYNC1H1;PRKAB2;SYK;ACSL1;NRDC;TRPV2;IL18;ACOT13;LNPEP;PRKAB1;BSCL2;ADAM17;GATM;PROC;FABP4;FABP5;RHEB;LEP;CNOT3;ALDH1A1;MFAP2;GNAS;PGAM5;GHRL;OGT,Regulation of Cold-Induced Thermogenesis (GO:0120161)
GO:0007173,0.8151781,1.430056,2.003872,SHC1;SRC;EGF;ERBIN;PTPN11;IQGAP1;HDAC6;PTK2;VIL1;ADAM17;EFEMP1;NCK2;REPS2;AKT1;MAPK1;PTK2B;CTNNB1;GRB2;SOS1,Epidermal Growth Factor Receptor Signaling Pathway (GO:0007173)
GO:0006811,0.8151781,1.430056,2.003872,SLC25A1;SLC12A2;TRPC6;SLC4A1;ATP11B;SLC4A2;SLC9A1;PANX1;LASP1;WNK1;P2RX1;SLC9A9;SLC17A5;PIEZO1;VDAC2;VDAC1;SLC25A10;LRRC8A;PLP2,Monoatomic Ion Transport (GO:0006811)
GO:0043406,0.8151781,1.430056,2.003872,PDGFRB;MAP4K2;PTPN1;PDGFA;TANK;THBS1;PIK3CG;ADRA2A;PIK3R6;TAOK3;PDCD10;TRAF6;S100A12;PKN1;MAP3K7;MAP3K4;ELANE;MAP3K5;FGFR1,Positive Regulation of MAP Kinase Activity (GO:0043406)
GO:0000302,0.8151781,1.430056,2.003872,PDGFRA;GPX1;AMBP;SRC;TXNRD2;MMP3;TPM1;PTPRK;PEX14;SOD1;PRDX3;MAPK9;PRDX5;FER;RPS3;PRKD2;FYN;APOE;S100A7,Response to Reactive Oxygen Species (GO:0000302)
GO:0006986,0.8151781,1.430056,2.003872,HSPA8;PTPN1;TRAM1;HSP90AA1;HSP90AB1;HSPA4;HSPB1;HSPE1;TOR1B;HSPD1;DNAJB2;DNAJA1;DNAJB1;ERP44;HSPH1;SERPINH1;BAX;STT3B;OPTN,Response to Unfolded Protein (GO:0006986)
GO:0034612,0.8170917,1.354985,1.893685,IGBP1;ASAH1;CHUK;TRADD;SPHK1;ATL1;YTHDC2;ERBIN;ADAM10;CIB1;NPNT;YBX3;TANK;RELA;IKBKB;CRHBP;CASP8;CASP3;CCL5;RPS3;RIPK1;ARHGEF2;CD58;JAK2,Response to Tumor Necrosis Factor (GO:0034612)
GO:0006418,0.8170917,1.354985,1.893685,HARS1;RARS1;KARS1;MARS1;DARS2;YARS1;DARS1;WARS1;GARS1;SARS1;SARS2;NARS1;QARS1;EPRS1;LARS1;IARS2;IARS1;CARS1;FARSA;DTD1;CARS2;TARS1;VARS1;FARSB,tRNA Aminoacylation for Protein Translation (GO:0006418)
GO:0034504,0.8332258,1.220046,1.680425,YWHAE;CSE1L;RAP1GDS1;RPL11;HNRNPU;ARL2;TOR1AIP2;HIKESHI;STK4;IPO7;PHB2;IPO4;TOR1AIP1;LMNB2;IPO5;LMNB1;EIF4ENIF1;IPO9;TPR;LMNA;KPNA6;AKT1;KPNA4;TNPO1;MAP4K5;KPNA3;TNPO2;APPL2;TNPO3;KPNA1;SKP1;APPL1;NUP214;SEC13;NPM1;TOR1A;SYK;STAT3;NUTF2;TOR1B;COL1A1;STK24;CALR;KPNB1;RAN,Protein Localization to Nucleus (GO:0034504)
GO:1903531,0.8365432,1.625301,2.226714,CHGA;VAMP8;PNKD;NOTCH1;ANXA1;RHBDF2;ERP29;SLC30A1;CCM2;APOE;SNCA;VAMP3,Negative Regulation of Secretion by Cell (GO:1903531)
GO:0051497,0.8365432,1.625301,2.226714,TJP1;STMN1;WAS;PPFIA1;PKN2;PIK3R1;F11R;PFN1;ARHGAP6;WASF2;CLASP1;CLASP2,Negative Regulation of Stress Fiber Assembly (GO:0051497)
GO:0046889,0.8365432,1.625301,2.226714,RPTOR;CHGA;LPGAT1;APOC2;CHORDC1;MLST8;APOE;LDLR;APOA5;MTOR;SIRT2;GPLD1,Positive Regulation of Lipid Biosynthetic Process (GO:0046889)
GO:0009205,0.8365432,1.625301,2.226714,HSPA8;NT5E;EFL1;GNAI3;OLA1;AK3;ATP1B1;GTPBP1;NADK;CLPX;RAN;MYH7,Purine Ribonucleoside Triphosphate Metabolic Process (GO:0009205)
GO:0035751,0.8365432,1.625301,2.226714,ATP6V1A;LAMP1;VPS33A;ATP6AP2;ATP6V1H;TMEM9;ATP6V1D;ATP6V0C;CLN5;TMEM165;ATP6V0A1;ATP6V1F,Regulation of Lysosomal Lumen pH (GO:0035751)
GO:0006869,0.8400022,1.275479,1.741333,CETP;ABCD3;TMEM41B;CRABP2;PITPNB;PITPNA;MTTP;PITPNC1;OSBP;APOE;CD36;LBP;CERT1;PLTP;LDLR;LYN;ABCC3;OSBPL8;ABCC4;LYPLA1;ACSL1;GOT2;OSBPL2;NME4;APOA5;SPART;FABP4;FABP5;VAPA;ESYT1;SLC27A3;SLC27A4,Lipid Transport (GO:0006869)
GO:0032103,0.8482276,1.204998,1.631762,RNF31;APP;DHX9;TRADD;SERPINE1;LPL;LY96;MGST2;IFI35;PLA2G7;THBS1;CX3CL1;PPM1F;LGALS3;VTN;THBD;LGALS1;CCL5;S100A12;EMILIN2;RIPK1;EMILIN1;STX4;SCARF1;GPSM3;SNCA;PDGFRB;GSDMD;P2RY12;PDGFRA;CPT1A;TGFB1;PDE2A;IL18;PRKCA;IL16;PTPN11;NMI;IL17RA;PLSCR1;MMRN2;PDCD4;CCM2;CD47;S100A9;OPTN;S100A8;TRIM56,Positive Regulation of Response to External Stimulus (GO:0032103)
GO:0032496,0.8482276,1.204998,1.631762,ATL1;SERPINE1;HMGB2;LY96;RELA;PRDX3;RPS6KA3;FBXO3;CTSG;LGALS9;LBP;GIT1;PF4V1;HNRNPA0;SNCA;UPF1;F2R;MMP3;NDUFA2;IL18;ERBIN;IRAK3;PPBP;LILRB2;MAPK14;MMP9;NFKB1;RHOA;PM20D1;ADAM17;FER;MAPKAPK3;AXL;SHPK;TRAF6;MAPKAPK2;SELENOP;PDCD4;PLAA;TAB2;VIM;CD68;S100A8;IFNAR1;S100A7;NFKBIB;CHMP5;PF4,Response to Lipopolysaccharide (GO:0032496)
GO:0009101,0.851216,1.306608,1.763894,ST6GALNAC1;CANT1;FUT1;GMPPB;GOLGA2;CHST11;CHST12;CHST10;ST8SIA4;ST8SIA5;ST3GAL6;ATP7A;ST3GAL1;GAL3ST4;ARFGEF1;COG3;PMM2;ST8SIA3;ALG2;ALG3;ALG1;IGF1;DDOST;TMEM59;DAD1;MGAT4B;FAM20B,Glycoprotein Biosynthetic Process (GO:0009101)
GO:2000351,0.8560818,1.439275,1.931204,FGB;FGA;TGFB1;ANGPT1;ITGA4;SERPINE1;FGG;NDNF;ANO6;THBS1;CDH5;CD40LG;RGCC;PDCD4;GAS6;SCG2;PAK4,Regulation of Endothelial Cell Apoptotic Process (GO:2000351)
GO:0002090,0.8560818,1.439275,1.931204,ATAD1;CD63;MTMR2;ANGPT1;ANXA2;EGF;FMR1;PCSK9;ARRB1;ARRB2;ARAP1;SDCBP;ATXN2;TBC1D5;FLOT1;RIN3;ANKRD13A,Regulation of Receptor Internalization (GO:0002090)
GO:0034330,0.8560818,1.354806,1.81584,APP;TGFB2;NLGN2;TGFB1;L1CAM;RHOA;CDC42;TJP1;CLDN3;OPHN1;PTK7;CAPZA1;HMCN2;PPFIA1;SNCG;ARHGEF7;CBLN2;RAB8B;SNCA;CBLN1;LIMS1;TJP2,Cell Junction Organization (GO:0034330)
GO:0034614,0.8560818,1.354806,1.81584,PDGFRA;AMBP;SRC;MMP3;PRKCD;TPM1;PARK7;PTPRK;HDAC6;RELA;PEX14;PRDX3;MAPK9;PRDX5;FER;PPIF;RPS3;PRKD2;FYN;RIPK1;FXN;MAP3K5,Cellular Response to Reactive Oxygen Species (GO:0034614)
GO:0043535,0.8560818,1.354806,1.81584,MAP2K3;STAT5A;ANGPT2;TGFB1;ANGPT1;JUP;ATP2B4;GDF2;HSPB1;PRKCA;MAPK14;THBS1;ADAM17;ATP5F1A;ATP5F1B;RGCC;TMSB4X;CSNK2B;AKT1;PRKD2;APOE;FGFR1,Regulation of Blood Vessel Endothelial Cell Migration (GO:0043535)
GO:0007034,0.8560818,1.354806,1.81584,VPS13C;PIK3R4;AP3D1;M6PR;VPS13A;PCSK9;VPS37A;VPS37B;UBE2Z;IGF2R;AP1G2;VPS51;AP1G1;VPS53;NEDD4;VPS52;VPS8;VPS41;VIPAS39;ATP6V0D1;ATP6V0D2;VTI1B,Vacuolar Transport (GO:0007034)
GO:0043067,0.8581604,1.180734,1.552955,PDCD5;CLU;LGALS1;SLK;CASP6;RUVBL2;RUVBL1;AKT1;TMEM109;SLC39A7;JAK2;JAK3;CTSB;HTATIP2;TGM2;TOMM70;HSP90AA1;TSC22D1;ACTN2;ACTN1;ACTL6A;ACTN4;NME1;MADD;GAS1;KANK2;KHDRBS1;BECN1;ASAH1;VCP;ANP32A;TANK;LRP8;RTN4;PRDX2;DPP9;RPS3;HS1BP3;RIPK1;NAE1;LCMT1;STAT1;RSL1D1;PSMC5;CDK5;XPNPEP1;FASN;APEX1;STK26;BAX;PTPN6;ANP32B;CALR;TARDBP,Regulation of Programmed Cell Death (GO:0043067)
GO:0016601,0.8581604,1.6928,2.215946,CYFIP1;NCKAP1;DBNL;DOCK7;RHOG;ELMO1;BRK1;CDH13;HACD3;WASF1,Rac Protein Signal Transduction (GO:0016601)
GO:0006520,0.8581604,1.6928,2.215946,BCKDK;PM20D1;QDPR;PRNP;PCCA;PCCB;KYAT3;ETFA;ETFB;ACCS,Amino Acid Metabolic Process (GO:0006520)
GO:0003180,0.8581604,1.6928,2.215946,SMAD2;ADAMTS5;NOTCH1;JAG1;TGFB1;ROCK1;ROCK2;CDH11;EMILIN1;RHOA,Aortic Valve Morphogenesis (GO:0003180)
GO:0019369,0.8581604,1.6928,2.215946,GPX1;GPX4;PNPLA8;EPHX1;PLA2G4A;ALOX12;DAGLB;MGLL;PTGS1;CTHRC1,Arachidonate Metabolic Process (GO:0019369)
GO:0006695,0.8581604,1.6928,2.215946,UBL4A;ACLY;NSDHL;HMGCS1;PMVK;DHCR24;MVD;DHCR7;LBR;CES1,Cholesterol Biosynthetic Process (GO:0006695)
GO:1903513,0.8581604,1.6928,2.215946,ERLEC1;VCP;NPLOC4;OS9;FAF2;SEL1L;UFD1;AUP1;SEC61B;HSP90B1,Endoplasmic Reticulum to Cytosol Transport (GO:1903513)
GO:0008625,0.8581604,1.6928,2.215946,DDX3X;CASP8;DIABLO;SORT1;TRADD;BLOC1S2;FASN;TNFSF10;BAX;BID,Extrinsic Apoptotic Signaling Pathway via Death Domain Receptors (GO:0008625)
GO:0006509,0.8581604,1.6928,2.215946,ADAM17;NCSTN;MMP7;HM13;ERAP1;DAG1;MYH9;PRKCQ;PRTN3;RBMX,Membrane Protein Ectodomain Proteolysis (GO:0006509)
GO:0044818,0.8581604,1.6928,2.215946,BABAM1;BABAM2;SLC25A15;RAD50;MRE11;TAOK3;TAOK1;BRCC3;NAE1;CDK5RAP3,Mitotic G2/M Transition Checkpoint (GO:0044818)
GO:0050860,0.8581604,1.6928,2.215946,DUSP22;PRNP;LGALS3;DUSP3;PTPRJ;UBASH3A;SLA2;EZR;DGKZ;NCK1,Negative Regulation of T Cell Receptor Signaling Pathway (GO:0050860)
GO:0045668,0.8581604,1.6928,2.215946,GSK3B;NOTCH1;TNFAIP6;SEMA4D;TNN;CHRD;LRP5;LIMD1;IPO7;TRPM4,Negative Regulation of Osteoblast Differentiation (GO:0045668)
GO:0010544,0.8581604,1.6928,2.215946,PDGFRA;THBD;SERPINE2;TMX1;PRKCD;PDGFA;CD9;ALOX12;APOE;PRKG1,Negative Regulation of Platelet Activation (GO:0010544)
GO:0006998,0.8581604,1.6928,2.215946,TOR1A;TMEM43;VPS4A;LMNA;TOR1B;LEMD2;EMD;LMNB2;TOR1AIP1;LMNB1,Nuclear Envelope Organization (GO:0006998)
GO:0007031,0.8581604,1.6928,2.215946,PEX16;FIS1;ACOT8;ABCD3;PEX19;ACOX1;PEX11B;MFF;DNM1L;PEX14,Peroxisome Organization (GO:0007031)
GO:0045747,0.8581604,1.6928,2.215946,TGFB2;TSPAN14;POGLUT1;JAG1;SRC;PDCD10;STAT3;GDF2;BMP2K;IL6ST,Positive Regulation of Notch Signaling Pathway (GO:0045747)
GO:0006479,0.8581604,1.6928,2.215946,PCMT1;PRMT5;SETD3;PRMT2;PRMT1;ETF1;FAM98A;RAB6A;LCMT1;GSPT1,Protein Methylation (GO:0006479)
GO:0042304,0.8581604,1.6928,2.215946,ACADVL;LPGAT1;EIF6;APOC2;UBR4;ERLIN1;APOC3;ERLIN2;APOA5;SIRT2,Regulation of Fatty Acid Biosynthetic Process (GO:0042304)
GO:0032647,0.8581604,1.6928,2.215946,MAVS;DDX3X;PTPRS;TBK1;GPNMB;DHX9;RIPK2;STAT1;ZC3HAV1;HSPD1,Regulation of Interferon-Alpha Production (GO:0032647)
GO:0031664,0.8581604,1.6928,2.215946,SIGIRR;TRIM5;CARD8;LY96;PRKCA;PTPN11;PTPN6;CD36;CX3CL1;CD55,Regulation of Lipopolysaccharide-Mediated Signaling Pathway (GO:0031664)
GO:0090022,0.8581604,1.6928,2.215946,RIPOR2;CD74;TNFAIP6;MOSPD2;RAC2;NCKAP1L;DNM1L;THBS4;MCU;JAM3,Regulation of Neutrophil Chemotaxis (GO:0090022)
GO:0010799,0.8581604,1.6928,2.215946,RPTOR;CEMIP;DMTN;EGF;SPHK1;PARD3;MAPK1;UBE2K;SIRT2;EIF4G1,Regulation of Peptidyl-Threonine Phosphorylation (GO:0010799)
GO:0043691,0.8581604,1.6928,2.215946,CETP;APOM;LIPC;APOC2;LIPG;APOC3;LCAT;APOE;CLU;CES1,Reverse Cholesterol Transport (GO:0043691)
GO:1902653,0.8581604,1.6928,2.215946,UBL4A;ACLY;NSDHL;HMGCS1;PMVK;DHCR24;MVD;DHCR7;LBR;CES1,Secondary Alcohol Biosynthetic Process (GO:1902653)
GO:0000041,0.8581604,1.6928,2.215946,SLC30A9;TFRC;TFR2;FTH1;COX17;SLC30A1;MELTF;ATP2C1;ATP7A;TMEM165,Transition Metal Ion Transport (GO:0000041)
GO:0055010,0.8581604,1.6928,2.215946,FKBP1A;TGFBR3;TGFB2;NOTCH1;TGFB1;TPM1;PKP2;FGFR2;ENG;MYH7,Ventricular Cardiac Muscle Tissue Morphogenesis (GO:0055010)
GO:0042742,0.8581604,1.170809,1.520581,APP;PPP1R11;SERPINE1;STAB2;HMGB2;EPX;LYST;MPO;JCHAIN;PPP1R9B;BPIFA1;RPS19;CSRP1;STAB1;CTSG;IKBKG;LBP;MAP3K7;MBL2;FCER1G;SYK;DCD;ANXA3;RIPK2;PRKCD;IL18;RNASE4;SLC30A1;HLA-A;HLA-E;FGR;FCER2;OAS3;SELENOP;RBCK1;S100A9;OPTN;S100A8;RNF31;RAB1A;MARCHF2;SHC1;ATL1;UMOD;RNF213;SHARPIN;S100A12;ELANE;GSDMD;CHGA;AZU1;NFKB1;MAVS;PNKD;NAGK;TAB3;TAB2,Defense Response to Bacterium (GO:0042742)
GO:0000422,0.8581604,1.302714,1.685413,BECN1;CISD2;SNX30;PHB2;FUNDC2;MAP1LC3A;FBXO7;ATG7;MARK2;ATG5;ATG3;GABARAPL2;LRBA;ATG9A;WIPI1;WIPI2;EIF2S1;NIPSNAP1;NIPSNAP2;ATG2A;ATG4B;ATG4A;SQSTM1;OGT;ATG2B,Autophagy of Mitochondrion (GO:0000422)
GO:0071356,0.8581604,1.302714,1.685413,ASAH1;TRADD;ATL1;ILK;CIB1;YBX3;TANK;RELA;IKBKB;CRHBP;TMSB4X;CCL5;RPS3;PTK2B;RIPK1;CD58;JAK2;CHUK;STAT1;ERBIN;ACTN4;NPNT;COMMD7;ARHGEF2;LIMS1,Cellular Response to Tumor Necrosis Factor (GO:0071356)
GO:0071902,0.8581604,1.302714,1.685413,PSMD10;CEMIP;RALB;CAB39;SRC;SYAP1;PDGFA;CIB1;THBS1;PIK3CG;PIK3R6;PDCD10;LONP1;S100A12;ELANE;PDGFRB;MAP2K1;MAP2K2;ADRA2A;RHOA;RGCC;CCNY;RAPGEF2;CAMK1;FGFR1,Positive Regulation of Protein Serine/Threonine Kinase Activity (GO:0071902)
GO:0090288,0.8581604,1.354628,1.735373,PTPN1;NOTCH1;TNFAIP6;PDCD6;CHRD;ATP2B4;CHRDL2;CHRDL1;THBS1;SORL1;FSTL3;SPART;MMRN1;HGS;GPC1;NEDD4;MMRN2;RBPMS2;VWC2;EMILIN1,Negative Regulation of Cellular Response to Growth Factor Stimulus (GO:0090288)
GO:0051052,0.8581604,1.354628,1.735373,UPF1;SF3B3;XRCC5;ACTL6A;PDGFA;NUCKS1;BRCC3;UCHL5;TOM1L1;BABAM1;BABAM2;RUVBL2;SUB1;RUVBL1;LMNA;UBE2V2;TERF2IP;UBE2V1;IL7R;KPNA1,Regulation of DNA Metabolic Process (GO:0051052)
GO:0008277,0.8581604,1.354628,1.735373,APP;GIT2;RAMP3;ROCK1;YWHAB;ROCK2;PLEK;CAMK2A;DTNBP1;SLC39A14;PPP1R9B;GRK5;CCL5;GRK6;RACK1;NMT1;KCTD12;PLCB1;GIT1;MGLL,Regulation of G Protein-Coupled Receptor Signaling Pathway (GO:0008277)
GO:0071470,0.8581604,1.451179,1.857118,DDX3X;CAB39;STK39;OXSR1;EPX;YBX3;MTOR;MYLK;SERPINB6;RPTOR;WNK1;MLST8;LRRC8D;PRKD2;ARHGEF2,Cellular Response to Osmotic Stress (GO:0071470)
GO:0098586,0.8581604,1.451179,1.857118,TOMM70;HSP90AA1;DDX3X;CHUK;IFNGR1;PTGES2;FMR1;TYK2;MAPK14;CCL5;BAX;LGALS9;JAK2;JAK1;IFNAR1,Cellular Response to Virus (GO:0098586)
GO:0009890,0.8581604,1.451179,1.857118,MAP4K2;TRAP1;USP7;ROCK2;ATP2B4;PARK7;STK4;C1QTNF3;KHSRP;PGK1;PGP;EMILIN1;APOE;ABCD1;SLC18A2,Negative Regulation of Biosynthetic Process (GO:0009890)
GO:0050871,0.8581604,1.451179,1.857118,VAV3;CD74;TFRC;SYK;CD81;SH3KBP1;TNFSF13;IRS2;TNFSF13B;MMP14;PTPRC;BTK;NCKAP1L;S100A9;CD320,Positive Regulation of B Cell Activation (GO:0050871)
GO:0050770,0.8581604,1.451179,1.857118,GSK3B;NTRK2;GDI1;NRDC;ARHGAP35;FYCO1;SLITRK1;KIF13B;PLXNB3;PLXNB2;PKN2;PLXNB1;PKN1;ARHGEF7;MARK2,Regulation of Axonogenesis (GO:0050770)
GO:0051279,0.8581604,1.451179,1.857118,CAMK2D;CEMIP;GSTM2;GSTO1;F2R;SRI;CX3CL1;FKBP1A;DIAPH1;UBASH3B;ASPH;HRC;PTK2B;SNCA;F2RL3,Regulation of Release of Sequestered Calcium Ion Into Cytosol (GO:0051279)
GO:0043122,0.8581604,1.125896,1.435944,SLC35B2;ECM1;TFRC;GOLT1B;SLC44A2;TRADD;HSPB1;ILK;ARRB2;CX3CL1;IKBKB;AKAP13;UFL1;LGALS1;TBK1;CASP8;TFG;TRIM5;TMSB4X;NAMPT;CPNE1;TNFSF10;FLOT1;TRIM25;FLOT2;LGALS9;CD36;IKBKG;MAP3K7;TMED4;PARP1;CHUK;IL1R1;PRKCB;RIPK2;F2R;IRAK3;IRAK4;RHOA;TGFBR3;PPM1A;PPM1B;CARD19;TRAF6;TERF2IP;S100A4;RBCK1;UBE2V1;SQSTM1;GAPDH;OPTN;RNF31;NLRX1;CANT1;DDX1;ZC3HAV1;ATP2C1;TANK;RELA;MTDH;SHARPIN;PLCG2;S100A12;FLNA;RIPK1;CD74;TGFB1;STAT1;CARD8;CARD9;STAT3;HUWE1;BST2;FKBP1A;CYLD;PPP5C;MAVS;CD40LG;SLCO3A1;VAPA;DNAJA3;TAB3;TAB2;CCDC22;CC2D1A;HLA-DRB1;LAMTOR5;LIMS1,Regulation of Canonical NF-kappaB Signal Transduction (GO:0043122)
GO:0032446,0.8581604,1.12998,1.418951,RNF14;ARRB1;ARRB2;UBE2L3;HERC4;UFL1;TRIM28;FBXO4;ARIH2;RACK1;ELOC;FBXO7;TRIM21;CDK5RAP3;SKP1;ATG3;VPS18;USP7;USP5;DTX3L;ARRDC1;EIPR1;UCHL3;RANGAP1;DDB1;TRAF7;KCTD10;GAN;UFC1;UBE2V2;BIRC6;MARCHF2;VCP;CUL5;UBA7;UBA6;GPS1;CUL3;UBA5;MYCBP2;CUL2;DCUN1D1;COPS7A;NEDD8;UBR1;CBL;PCNP;VCPIP1;RNF213;CAND1;OS9;DDRGK1;VPS11;ZSWIM8;NAE1;ATG7;TRPM4;UBE2F;CRBN;USP9X;UBE2C;UBAC1;COPS4;CUL4A;COPS3;ITCH;COPS6;UFM1;COPS5;NEDD4;COPS2;CDC16;OTULIN;UBA3;UBA2;UBA1;STUB1;COPS8;SAE1;UBE2M,Protein Modification by Small Protein Conjugation (GO:0032446)
GO:0006740,0.8581604,1.805416,2.24798,RPIA;UBL4A;NNT;SHPK;PHGDH;PGLS;TKT;DERA,NADPH Regeneration (GO:0006740)
GO:0006278,0.8581604,1.805416,2.24798,HSP90AA1;RAD50;HSP90AB1;MRE11;XRCC5;PTGES3;TERF2IP;TNKS1BP1,RNA-templated DNA Biosynthetic Process (GO:0006278)
GO:0006084,0.8581604,1.805416,2.24798,ACLY;ACSS2;HMGCS1;PPCS;PMVK;MVD;MLYCD;ACSS1,acetyl-CoA Metabolic Process (GO:0006084)
GO:0002483,0.8581604,1.805416,2.24798,ERAP1;HLA-B;HLA-C;HLA-A;IDE;HLA-F;HLA-DRB1;HLA-E,Antigen Processing and Presentation of Endogenous Peptide Antigen (GO:0002483)
GO:0071466,0.8581604,1.805416,2.24798,CRHBP;RAP2A;TFRC;PDE2A;GAS6;PPM1F;VAV1;GPLD1,Cellular Response to Xenobiotic Stimulus (GO:0071466)
GO:0006112,0.8581604,1.805416,2.24798,GSK3B;UGP2;GBE1;LEP;GFPT1;ADGRF5;PRKAG2;PYGL,Energy Reserve Metabolic Process (GO:0006112)
GO:0070059,0.8581604,1.805416,2.24798,ERO1A;BAG6;DNAJC10;ATP2A3;ITPR1;BAX;TANK;MAP3K5,Intrinsic Apoptotic Signaling Pathway in Response to Endoplasmic Reticulum Stress (GO:0070059)
GO:0002275,0.8581604,1.805416,2.24798,FCER1G;SYK;KARS1;PLCG2;IFI35;NMI;LBP;DOCK2,Myeloid Cell Activation Involved in Immune Response (GO:0002275)
GO:2000134,0.8581604,1.805416,2.24798,KANK2;DLG1;PROC;GPNMB;PRMT2;PRKD2;INHBA;CRLF3,Negative Regulation of G1/S Transition of Mitotic Cell Cycle (GO:2000134)
GO:0010972,0.8581604,1.805416,2.24798,BABAM1;BABAM2;RAD50;MRE11;ZFYVE19;VPS4A;BRCC3;CDK5RAP3,Negative Regulation of G2/M Transition of Mitotic Cell Cycle (GO:0010972)
GO:0050771,0.8581604,1.805416,2.24798,FYCO1;PTPRS;GDI1;SEMA6D;DIP2B;KIAA0319;RTN4;METAP2,Negative Regulation of Axonogenesis (GO:0050771)
GO:0002446,0.8581604,1.805416,2.24798,VAMP8;ADAM17;VAMP7;STXBP3;ANXA3;CARD9;STXBP2;IRAK4,Neutrophil Mediated Immunity (GO:0002446)
GO:0009225,0.8581604,1.805416,2.24798,GMPPB;FUT8;UGP2;GMDS;ENTPD5;GFPT1;GMPPA;GFUS,Nucleotide-Sugar Metabolic Process (GO:0009225)
GO:0045745,0.8581604,1.805416,2.24798,CHGA;APP;GSK3A;NRXN1;CCL5;VPS35;PRKCA;SLC39A14,Positive Regulation of G Protein-Coupled Receptor Signaling Pathway (GO:0045745)
GO:0050862,0.8581604,1.805416,2.24798,CD81;LCK;RPS3;CD226;PRKD2;IKBKG;RELA;NECTIN2,Positive Regulation of T Cell Receptor Signaling Pathway (GO:0050862)
GO:0033630,0.8581604,1.805416,2.24798,P2RY12;TGFB2;SYK;PODXL;CCL5;PIEZO1;CIB1;NCKAP1L,Positive Regulation of Cell Adhesion Mediated by Integrin (GO:0033630)
GO:0090205,0.8581604,1.805416,2.24798,PRKAA1;MAPK1;PRKCA;APOE;LDLRAP1;GNAI1;KPNB1;CES1,Positive Regulation of Cholesterol Metabolic Process (GO:0090205)
GO:0090141,0.8581604,1.805416,2.24798,RALA;PGAM5;VPS35;MFF;DNM1L;DCN;MCU;REPS1,Positive Regulation of Mitochondrial Fission (GO:0090141)
GO:0090026,0.8581604,1.805416,2.24798,APP;CCL5;SERPINE1;MOSPD2;ANO6;PLA2G7;LGMN;S100A7,Positive Regulation of Monocyte Chemotaxis (GO:0090026)
GO:0090023,0.8581604,1.805416,2.24798,CD74;RIPOR2;MOSPD2;RAC2;NCKAP1L;DNM1L;THBS4;MCU,Positive Regulation of Neutrophil Chemotaxis (GO:0090023)
GO:0062013,0.8581604,1.805416,2.24798,AKT2;AKT1;IRS2;PARK7;APOE;LDLRAP1;GPLD1;CES1,Positive Regulation of Small Molecule Metabolic Process (GO:0062013)
GO:0036010,0.8581604,1.805416,2.24798,NRP1;TMEM30A;TOLLIP;MICALL1;RAB35;PACSIN2;VPS35;ARL8B,Protein Localization to Endosome (GO:0036010)
GO:0110020,0.8581604,1.805416,2.24798,CDC42;AKAP13;ROCK1;ROCK2;FHOD1;WAS;TSC1;SLC9A1,Regulation of Actomyosin Structure Organization (GO:0110020)
GO:0010883,0.8581604,1.805416,2.24798,FTO;CSRP1;CLSTN3;ITGB3;LPL;ITGAV;APOB;NFKB1,Regulation of Lipid Storage (GO:0010883)
GO:1904062,0.8581604,1.805416,2.24798,YWHAE;CD63;BPIFA1;DLG1;WNK1;GNB2;SLMAP;HRC,Regulation of Monoatomic Cation Transmembrane Transport (GO:1904062)
GO:1990868,0.8581604,1.805416,2.24798,SLC12A2;RIPOR2;LRCH1;WNK1;DOCK8;STK39;OXSR1;RHOA,Response to Chemokine (GO:1990868)
GO:0043330,0.8581604,1.805416,2.24798,MAVS;RALB;STING1;DHX9;RFTN1;FLOT1;SLC3A2;IRAK3,Response to Exogenous dsRNA (GO:0043330)
GO:0035725,0.8581604,1.805416,2.24798,SLC12A2;SLC6A6;SLC9A9;ATP1B3;PRKD2;ATP1B1;SLC9A1;TRPM4,Sodium Ion Transmembrane Transport (GO:0035725)
GO:0007004,0.8581604,1.805416,2.24798,HSP90AA1;RAD50;HSP90AB1;MRE11;XRCC5;PTGES3;TERF2IP;TNKS1BP1,Telomere Maintenance via Telomerase (GO:0007004)
GO:0010833,0.8581604,1.805416,2.24798,HSP90AA1;RAD50;HSP90AB1;MRE11;XRCC5;PTGES3;TNKS1BP1;TERF2IP,Telomere Maintenance via Telomere Lengthening (GO:0010833)
GO:0030336,0.8581604,1.156171,1.434707,GSK3B;BMP10;CLIC4;MCTP1;SERPINE1;MIA3;PTPRJ;PTPN23;PTPRK;CX3CL1;ARHGAP4;PTPRG;TNN;ARHGDIB;DAG1;EMILIN2;EMILIN1;SERPINB1;DUSP3;IGFBP5;TPM1;DCN;DUSP22;TGFBR3;CLDN5;RAP2A;CLDN3;RAP2B;ADAM15;CDH11;MMRN2;EVL;S100A9;VCL;ENG;CHRD;STC1;THBS1;CORO1C;ADGRG1;APOE;RBBP7;SRGAP2;CLASP1;CLASP2;CD74;JAG1;GDF2;PODN;SYNJ2BP;BST2;COL3A1;STK24;STK26;PLXNB3;EPPK1;CALR;OGT,Negative Regulation of Cell Migration (GO:0030336)
GO:1903321,0.8581604,1.2982,1.60445,RPL5;UBXN1;CAMLG;USP4;PRMT3;RPL11;ARRB1;ARRB2;PARK7;DNAJB2;DNAJA1;UFL1;BAG5;BAG2;WNK1;CHORDC1;RPS3;AKT1;CTNNB1;TRIM21;SQSTM1;OGT;VPS28,Negative Regulation of Protein Modification by Small Protein Conjugation or Removal (GO:1903321)
GO:0051170,0.8581604,1.235309,1.515727,CSE1L;HIKESHI;STK4;IPO7;PHB2;IPO4;IPO5;EIF4ENIF1;IPO9;TPR;KPNA6;AKT1;KPNA4;TNPO1;MAP4K5;KPNA3;TNPO2;APPL2;TNPO3;APPL1;HTATIP2;KPNA1;NUP214;SEC13;NPM1;SYK;STAT3;NUTF2;STK24;KPNB1;RAN,Import Into Nucleus (GO:0051170)
GO:0042060,0.8581604,1.235309,1.515727,MACF1;ITGB3;VPS4B;VPS4A;PDGFA;MIA3;PPL;TSKU;CORO1B;PPP3CA;CHMP1B;CHMP1A;PDGFRA;TGFB2;TPM1;IGF1;SYTL4;COL3A1;NACA;CHMP2B;CHMP2A;CHMP4B;MYH9;EPPK1;HPSE;PKN1;CHMP6;ARL8B;CHMP5;ENG;PLEC,Wound Healing (GO:0042060)
GO:0071346,0.8581604,1.354449,1.651765,IFNGR1;STAT1;ATL1;CAMK2A;TYK2;SYNCRIP;HCK;EPRS1;PDE12;CCL5;LONP1;CD58;LGALS9;CD47;JAK2;GAPDH;HLA-DPA1;JAK1,Cellular Response to Type II Interferon (GO:0071346)
GO:1903828,0.8581604,1.354449,1.651765,APP;GSK3B;RIPOR2;VCP;ROCK2;GDI2;YWHAZ;MTOR;NSFL1C;NACA;CTNNA1;AKT1;GOPC;TAX1BP3;MARK3;ANKRD13A;METAP1;PICALM,Negative Regulation of Protein Localization (GO:1903828)
GO:1902652,0.8581604,1.354449,1.651765,CETP;IDH3G;IDH1;IDH2;LCAT;GBA2;APOA5;TSKU;NSDHL;PIP4P1;APOF;IDH3B;ANGPTL3;APOE;APOB;LDLRAP1;IDH3A;CES1,Secondary Alcohol Metabolic Process (GO:1902652)
GO:0050853,0.8581604,1.46711,1.781656,VAV3;SYK;PRKCB;CLSTN1;RFTN1;PTPRC;TEC;LCK;PLCG2;BTK;BAX;NCKAP1L;MS4A1,B Cell Receptor Signaling Pathway (GO:0050853)
GO:0032720,0.8581604,1.46711,1.781656,ARG2;IRAK3;DICER1;IGF1;THBS1;CX3CL1;VSIR;FXR1;GHRL;PTPN6;LBP;LGALS9;GAS6,Negative Regulation of Tumor Necrosis Factor Production (GO:0032720)
GO:2000406,0.8581604,1.46711,1.781656,APP;DOCK8;STK39;ADAM10;OXSR1;RHOA;PPP1R9B;ADAM17;WNK1;CCL5;LGALS9;P4HB;S100A7,Positive Regulation of T Cell Migration (GO:2000406)
GO:0002684,0.8581604,1.46711,1.781656,TGFB2;CLSTN1;MIA3;PIK3CB;LILRB2;C8A;PSMA7;MADCAM1;NCKAP1L;LGALS9;HLA-DRB3;HLA-DRB1;HLA-DPA1,Positive Regulation of Immune System Process (GO:0002684)
GO:0002833,0.8581604,1.46711,1.781656,CPT1A;DHX9;LY96;PRKCA;PTPN11;IFI35;NMI;PLSCR1;CCL5;MMRN2;EMILIN2;EMILIN1;TRIM56,Positive Regulation of Response to Biotic Stimulus (GO:0002833)
GO:1903050,0.8581604,1.46711,1.781656,USP14;GPX1;PSMD14;UBE3A;PRKCA;PKD1;UCHL5;UFL1;DDRGK1;PSME1;PTK2B;PSME2;CTSC,Regulation of Proteolysis Involved in Protein Catabolic Process (GO:1903050)
GO:0033559,0.8581604,1.46711,1.781656,ACOT8;GSTM2;GPX1;GPX4;PNPLA8;MGST3;EPHX1;PLA2G4A;ALOX12;PTGR1;ACAA1;DAGLB;MGLL,Unsaturated Fatty Acid Metabolic Process (GO:0033559)
GO:0006631,0.8581604,1.185698,1.436627,ABCD3;ECI2;LPL;ALOX12;DBI;HSD17B10;HSD17B8;ACACA;LIPC;CPT2;LIPG;MLYCD;ACADM;CD36;ACAA1;ABCD1;ACOT8;CPT1A;ACOT7;GPX1;GPX4;ACSL1;PNPLA8;OXSM;ACAD9;ACSL5;ACSL4;ACSL3;ACADSB;ACSF2;ACLY;PCCA;ACOX1;FASN;PCCB;NDUFAB1;ANGPTL3;SLC27A3;CRAT;LPIN2;CES1;SLC27A4,Fatty Acid Metabolic Process (GO:0006631)
GO:0048699,0.8581604,1.212253,1.457271,RTN2;RTN3;NRP1;MTPN;RTN1;TUBGCP2;PCSK9;NDNF;CELSR1;RTN4;RELN;OPHN1;AIFM1;CASP3;NRCAM;KIAA0319;KIAA0319L;NEO1;MARK2;NTRK2;MAP2K1;TGFB2;RIPK2;USP9X;ATP2B4;ACSL4;ACSL3;CDK5;ABI2;MAP1B;PLXNB2;RAPGEF2;FGFR1;PAFAH1B1,Generation of Neurons (GO:0048699)
GO:0043433,0.8581604,1.257899,1.510518,PSMD10;ARRB1;ARRB2;PHB2;UFL1;PPP2CB;CHORDC1;LONP1;FLNA;TRIM21;CDK5RAP3;USP7;CHUK;PRMT2;ANXA4;ERBIN;IRAK3;BMP7;COMMD7;MTURN;PEX14;CYLD;ITCH;DNAJA3;OTULIN;RBCK1,Negative Regulation of DNA-binding Transcription Factor Activity (GO:0043433)
GO:0006508,0.8581604,1.096886,1.303311,FCN1;ADAMDEC1;FCN3;UBE3A;APEH;CNDP1;CNDP2;LACTB;NPEPPS;CAPNS1;CAPN7;CPNE1;LONP1;CAPN2;FBXO3;CAPN1;PRSS3;PRSS2;HABP2;ADAM10;PGC;CLPX;ADAM17;ADAM15;CLPP;PAPPA;PRTN3;LAP3;ENPEP;HPN;HTRA1;AEBP1;ZMPSTE24;DPP3;NCSTN;ADAMTS13;PITRM1;DPP9;ELANE;CTSA;LNPEP;AZU1;BMP1;PROC;UBA3;CPE;OGT;LGMN;TINAGL1;CPQ;CTSW;ECE1;IDE;PCSK6;PCSK5;CTSS;ADAMTS5;THBD;ADAMTS2;CASP8;CTSL;ADAMTS1;CASP6;CASP3;DDI2;RNPEP;CTSH;CTSG;CTSF;ADAMTS8;CTSD;CTSC;HGFAC;CTSB;MBL2;SRGN;MMP7;MMP3;MMP9;F7;PSMA6;MMP14;F9;NPEPL1;MMP19;ATG4B;ATG4A;SOS1;THOP1;PAPPA2;COLEC11;COLEC10;HM13;NEDD8;FURIN;LRP8;ERMP1;PRSS50;PSMB5;PSMB1;BPNT1;CARD8;ERAP1;SPCS3;SPCS1;XPNPEP1;PSMC4;TLL2;TLL1;METAP2,Proteolysis (GO:0006508)
GO:0016485,0.8581604,1.161528,1.370184,STOML2;C1R;HM13;PCSK9;ECE1;FURIN;AEBP1;HPR;PCSK6;PCSK5;CTSS;VSIR;ZMPSTE24;CLN5;THBD;NCSTN;ADAMTS13;PITRM1;CASP6;CTSL;CASP3;DDI2;C1RL;CPNE1;CTSH;CTSG;PRSS3;SEC11A;HGFAC;SRGN;ADAM10;F7;SPCS3;ADAM17;MMP14;SPCS2;BMP1;F9;SPCS1;CPE;ATG4B;TLL2;ATG4A;TLL1;OGT;FXN;LGMN;METAP2,Protein Processing (GO:0016485)
GO:0006103,0.8581604,2.030827,2.39156,IDH1;GOT2;IDH2;OGDH;DLST;L2HGDH,2-Oxoglutarate Metabolic Process (GO:0006103)
GO:0048313,0.8581604,2.030827,2.39156,GOLGA2;VCPIP1;PDCD10;PTGES2;STX5;YWHAZ,Golgi Inheritance (GO:0048313)
GO:0009437,0.8581604,2.030827,2.39156,CPT1A;CPT2;SHMT1;ACADM;CRAT;ALDH9A1,Carnitine Metabolic Process (GO:0009437)
GO:0036295,0.8581604,2.030827,2.39156,ATP6V1A;ATP6V1G1;ATP6AP1;FASN;ATP6V0A2;ATP6V0D1,Cellular Response to Increased Oxygen Levels (GO:0036295)
GO:0071453,0.8581604,2.030827,2.39156,ATP6V1A;ATP6V1G1;ATP6V0A2;NDUFS2;TSC1;ATP6V0D1,Cellular Response to Oxygen Levels (GO:0071453)
GO:0042407,0.8581604,2.030827,2.39156,LETM1;CHCHD3;SAMM50;APOOL;DNAJC11;IMMT,Cristae Formation (GO:0042407)
GO:0090158,0.8581604,2.030827,2.39156,VCPIP1;REEP5;VAPB;LPCAT3;BNIP1;RTN4,Endoplasmic Reticulum Membrane Organization (GO:0090158)
GO:0090136,0.8581604,2.030827,2.39156,ITGB5;JUP;KIT;KIFC3;THBS4;VCL,Epithelial Cell-Cell Adhesion (GO:0090136)
GO:0006688,0.8581604,2.030827,2.39156,TM9SF2;B3GALNT1;ST8SIA3;ST8SIA4;ST8SIA5;FUT1,Glycosphingolipid Biosynthetic Process (GO:0006688)
GO:0061008,0.8581604,2.030827,2.39156,TGFBR3;PRKCSH;PCSK9;LSR;PRKD2;CDK5RAP3,Hepaticobiliary System Development (GO:0061008)
GO:0070102,0.8581604,2.030827,2.39156,FER;SRC;STAT3;IL6ST;JAK2;JAK1,Interleukin-6-Mediated Signaling Pathway (GO:0070102)
GO:0032367,0.8581604,2.030827,2.39156,OSBPL2;VPS4A;OSBP;RELCH;LDLRAP1;LDLR,Intracellular Cholesterol Transport (GO:0032367)
GO:0010586,0.8581604,2.030827,2.39156,DDX5;TUT7;KHSRP;DICER1;SND1;DIS3L2,miRNA Metabolic Process (GO:0010586)
GO:0034453,0.8581604,2.030827,2.39156,DAG1;GCC2;BICD2;CLASP1;PEX14;CLASP2,Microtubule Anchoring (GO:0034453)
GO:0007094,0.8581604,2.030827,2.39156,PROC;ZW10;TPR;ZNF207;BUB3;TRIP13,Mitotic Spindle Assembly Checkpoint Signaling (GO:0007094)
GO:0071174,0.8581604,2.030827,2.39156,PROC;ZW10;TPR;ZNF207;BUB3;TRIP13,Mitotic Spindle Checkpoint Signaling (GO:0071174)
GO:0002548,0.8581604,2.030827,2.39156,LGALS3;RPS19;CCL5;S100A12;CTSG;PF4,Monocyte Chemotaxis (GO:0002548)
GO:0060586,0.8581604,2.030827,2.39156,TFRC;HEPH;TFR2;CYBRD1;NEO1;PICALM,Multicellular Organismal-Level Iron Ion Homeostasis (GO:0060586)
GO:0060415,0.8581604,2.030827,2.39156,TGFBR3;EFEMP2;NOTCH1;TTR;ZFPM1;MYLK,Muscle Tissue Morphogenesis (GO:0060415)
GO:0034260,0.8581604,2.030827,2.39156,LRCH1;RDX;PLXNB3;ARL2;TMED2;GMIP,Negative Regulation of GTPase Activity (GO:0034260)
GO:0010614,0.8581604,2.030827,2.39156,BMP10;GSK3A;NOTCH1;GLRX3;LMNA;ATP2B4,Negative Regulation of Cardiac Muscle Hypertrophy (GO:0010614)
GO:0010948,0.8581604,2.030827,2.39156,TOM1L1;TOM1L2;ZFYVE19;VPS4A;CHMP2A;BMP7,Negative Regulation of Cell Cycle Process (GO:0010948)
GO:0050922,0.8581604,2.030827,2.39156,ANGPT2;DUSP3;NOTCH1;THBS1;CORO1B;ELANE,Negative Regulation of Chemotaxis (GO:0050922)
GO:1902018,0.8581604,2.030827,2.39156,LIMA1;LUZP1;GDI2;EVI5L;MAP4;WDR44,Negative Regulation of Cilium Assembly (GO:1902018)
GO:1904950,0.8581604,2.030827,2.39156,DNAJA1;SNX3;DMTN;GDI1;SNX12;PPM1F,Negative Regulation of Establishment of Protein Localization (GO:1904950)
GO:0050995,0.8581604,2.030827,2.39156,BSCL2;PRKAA1;APOC3;AKT1;SORL1;GPLD1,Negative Regulation of Lipid Catabolic Process (GO:0050995)
GO:0045841,0.8581604,2.030827,2.39156,PROC;ZW10;TPR;ZNF207;BUB3;TRIP13,Negative Regulation of Mitotic Metaphase/Anaphase Transition (GO:0045841)
GO:0046823,0.8581604,2.030827,2.39156,UFM1;YWHAB;CHORDC1;TPR;PARK7;RANGAP1,Negative Regulation of Nucleocytoplasmic Transport (GO:0046823)
GO:0009117,0.8581604,2.030827,2.39156,DCTD;NMNAT3;PARK7;NUDT5;REXO2;DCK,Nucleotide Metabolic Process (GO:0009117)
GO:0030072,0.8581604,2.030827,2.39156,RAB1A;PDHX;TOR2A;GHRL;PARK7;CAMK2G,Peptide Hormone Secretion (GO:0030072)
GO:2001259,0.8581604,2.030827,2.39156,GSTM2;ASPH;GSTO1;TMSB4X;PRKD2;CTSS,Positive Regulation of Cation Channel Activity (GO:2001259)
GO:2000463,0.8581604,2.030827,2.39156,NLGN1;NLGN2;RELN;NRXN1;PTK2B;SHANK3,Positive Regulation of Excitatory Postsynaptic Potential (GO:2000463)
GO:1905332,0.8581604,2.030827,2.39156,LBX2;EGF;CLSTN1;MMRN2;ITGAX;CTNNB1,Positive Regulation of Morphogenesis of an Epithelium (GO:1905332)
GO:1900745,0.8581604,2.030827,2.39156,PRMT1;SPHK1;LEP;MINK1;STK39;MAP3K4,Positive Regulation of p38MAPK Cascade (GO:1900745)
GO:1902966,0.8581604,2.030827,2.39156,EGF;ROCK2;RDX;MSN;EZR;SORL1,Positive Regulation of Protein Localization to Early Endosome (GO:1902966)
GO:1905668,0.8581604,2.030827,2.39156,EGF;ROCK2;RDX;MSN;EZR;SORL1,Positive Regulation of Protein Localization to Endosome (GO:1905668)
GO:0001921,0.8581604,2.030827,2.39156,NSF;RAMP3;ECE1;SCRIB;SNCA;VAMP3,Positive Regulation of Receptor Recycling (GO:0001921)
GO:0051155,0.8581604,2.030827,2.39156,BMP10;MMP14;TGFB1;PIEZO1;IGF1;MAPK14,Positive Regulation of Striated Muscle Cell Differentiation (GO:0051155)
GO:0097300,0.8581604,2.030827,2.39156,CYLD;MLKL;ATG9A;PPIF;PGAM5;RIPK1,Programmed Necrotic Cell Death (GO:0097300)
GO:0051290,0.8581604,2.030827,2.39156,CPSF7;PRKD2;FARSA;HSD17B8;PKD1;FARSB,Protein Heterotetramerization (GO:0051290)
GO:0002840,0.8581604,2.030827,2.39156,UFL1;PRKAA1;HLA-DRB3;HLA-DRB1;YWHAG;HSPD1,Regulation of T Cell Mediated Immune Response to Tumor Cell (GO:0002840)
GO:0050865,0.8581604,2.030827,2.39156,FUNDC2;FCER1G;TEC;SYK;GNAQ;EMILIN1,Regulation of Cell Activation (GO:0050865)
GO:1900034,0.8581604,2.030827,2.39156,GSK3B;DNAJB1;DNAJC7;CHORDC1;MAPKAPK2;MTOR,Regulation of Cellular Response to Heat (GO:1900034)
GO:0007096,0.8581604,2.030827,2.39156,RGCC;UBE2C;ZW10;PHB2;SIRT2;PPP1R9B,Regulation of Exit From Mitosis (GO:0007096)
GO:0033623,0.8581604,2.030827,2.39156,SRC;PLEK;SELENOP;PIEZO1;FERMT2;JAM3,Regulation of Integrin Activation (GO:0033623)
GO:0051547,0.8581604,2.030827,2.39156,EPPK1;MAPRE2;MMP9;MTOR;ARF6;MAP4K4,Regulation of Keratinocyte Migration (GO:0051547)
GO:0046890,0.8581604,2.030827,2.39156,RPTOR;ASAH1;EIF6;MLST8;APOE;MTOR,Regulation of Lipid Biosynthetic Process (GO:0046890)
GO:0048169,0.8581604,2.030827,2.39156,CAMK2B;FXR1;FXR2;FMR1;RAB5A;SHANK3,Regulation of Long-Term Neuronal Synaptic Plasticity (GO:0048169)
GO:0040014,0.8581604,2.030827,2.39156,STAT5A;STAT5B;GNAS;GHRL;PPIB;SOD1,Regulation of Multicellular Organism Growth (GO:0040014)
GO:1902965,0.8581604,2.030827,2.39156,EGF;ROCK2;RDX;MSN;EZR;SORL1,Regulation of Protein Localization to Early Endosome (GO:1902965)
GO:0090224,0.8581604,2.030827,2.39156,DYNC1H1;NUMA1;DCTN1;CLTC;TACC3;GNAI1,Regulation of Spindle Organization (GO:0090224)
GO:0010896,0.8581604,2.030827,2.39156,APOC2;APOC3;DAGLB;APOA5;SORL1;GPLD1,Regulation of Triglyceride Catabolic Process (GO:0010896)
GO:0035296,0.8581604,2.030827,2.39156,SCPEP1;GCLC;ROCK1;ROCK2;GCLM;ADCY6,Regulation of Tube Diameter (GO:0035296)
GO:0009416,0.8581604,2.030827,2.39156,COPS3;FECH;CIRBP;UBE4B;CCAR2;ELANE,Response to Light Stimulus (GO:0009416)
GO:0032570,0.8581604,2.030827,2.39156,TGFB2;TGFB1;SRC;WBP2;UBE3A;THBS1,Response to Progesterone (GO:0032570)
GO:0071173,0.8581604,2.030827,2.39156,PROC;ZW10;TPR;ZNF207;BUB3;TRIP13,Spindle Assembly Checkpoint Signaling (GO:0071173)
GO:0043129,0.8581604,2.030827,2.39156,RCN3;BPIFA1;TMEM63A;TMEM63B;CTSH;MBL2,Surfactant Homeostasis (GO:0043129)
GO:0035383,0.8581604,2.030827,2.39156,ACOT9;ACOT8;ACOT7;OXSM;MLYCD;ACSF2,Thioester Metabolic Process (GO:0035383)
GO:0006636,0.8581604,2.030827,2.39156,CBR1;PTGES2;PTGES3;TBXAS1;ALOX12;PTGDS,Unsaturated Fatty Acid Biosynthetic Process (GO:0006636)
GO:0003018,0.8581604,2.030827,2.39156,SCPEP1;GCLC;ROCK1;ROCK2;GCLM;ADCY6,Vascular Process in Circulatory System (GO:0003018)
GO:0019395,0.8581604,1.292899,1.520572,ABCD3;ACAA2;ECHS1;ECI1;ECI2;HSD17B4;ALOX12;HSD17B10;ADH5;HADHB;HADHA;CPT2;ACOX1;ILVBL;EHHADH;ECHDC1;ACADM;ACAA1;HADH;ACADS;DECR1,Fatty Acid Oxidation (GO:0019395)
GO:0009100,0.8581604,1.292899,1.520572,PRKCSH;HEXB;HEXA;NGLY1;ST8SIA3;OGA;PCSK6;ERP44;FUT8;GANAB;ADAMTS13;MAN2A2;MAN2A1;GLB1;MGAT4B;ST8SIA4;ST8SIA5;MAN2B1;HPSE;STT3B;GAL3ST4,Glycoprotein Metabolic Process (GO:0009100)
GO:0032757,0.8581604,1.292899,1.520572,FCN1;RAB1A;CD74;SYK;SERPINE1;F2R;NDUFA2;STAT3;GDF2;PARK7;RELA;CD2;MAVS;LEP;PRKD2;RIPK1;LBP;LGALS9;CD58;ELANE;LAMTOR5,Positive Regulation of Interleukin-8 Production (GO:0032757)
GO:0043405,0.8581604,1.292899,1.520572,PDGFRB;LYN;PTPN1;TSG101;KSR1;PDGFA;PTPRJ;IRAK3;SNF8;THBS1;PIK3CG;ADRA2A;PIK3R6;HGS;PDCD10;STK38;S100A12;APOE;CDK5RAP3;ELANE;FGFR1,Regulation of MAP Kinase Activity (GO:0043405)
GO:0050796,0.8581604,1.292899,1.520572,CHGA;MAP4K2;PDHX;NLGN2;EIPR1;IRS2;ACSL4;PRKCA;GCG;SRI;ADRA2A;PSMD9;PPP3CB;RBP4;CCL5;ENSA;GNAS;LRRC8A;GHRL;HADH;MCU,Regulation of Insulin Secretion (GO:0050796)
GO:0072359,0.8581604,1.227675,1.439711,NOTCH1;FLT4;ECE1;PCSK5;PKD1;PDLIM1;AKAP13;CASP8;SH3PXD2B;BORCS8;PDLIM5;PDLIM7;TGFB2;TGFB1;HEG1;FN1;CACYBP;PTPN11;HSPG2;WDR11;RBP4;COL3A1;MTHFD1;PKP2;PRKD2;TAB2;CCM2;ZFPM1;FBN1,Circulatory System Development (GO:0072359)
GO:1901800,0.8581604,1.227675,1.439711,PSMD10;GSK3B;VCP;GSK3A;FMR1;CLU;HSPBP1;BAG6;DNAJB2;ATXN3;HECTD1;BAG2;DDRGK1;RACK1;UBQLN1;ELOB;UBQLN2;BCAP31;USP5;SGTA;RAD23A;SIRT2;DAB2;PSMC5;PSMC6;PSMC3;TMX1;PSMC2;STUB1,Positive Regulation of Proteasomal Protein Catabolic Process (GO:1901800)
GO:0016055,0.8581604,1.354271,1.564317,GSK3B;DDX3X;JUP;LRP5;CELSR2;PKD1;LRP6;PLCG2;CPE;CTNNB1;VPS35;PRKD2;STRN;GPC4;RAB5A;FERMT2,Wnt Signaling Pathway (GO:0016055)
GO:0016052,0.8581604,1.354271,1.564317,MAP4K2;TPI1;NAGA;ENO1;HOOK3;ENO2;ENO3;DERA;LDHA;PFKL;PKM;PGK1;MAN2C1;GAPDH;PFKM;PGM1,Carbohydrate Catabolic Process (GO:0016052)
GO:0062208,0.8581604,1.354271,1.564317,USP15;DDX3X;GDI1;NDUFA2;ZDHHC5;IFI35;ZC3HAV1;RTN4;HSP90B1;FLOT1;BTK;WDFY1;LBP;TAB1;LRCH4;MAP3K7,Positive Regulation of Pattern Recognition Receptor Signaling Pathway (GO:0062208)
GO:0045859,0.8581604,1.204171,1.384348,PRKAG1;AGAP2;HSPB1;PRKAG2;IQGAP1;RAP1A;RELN;CHORDC1;PTK2B;SNX9;YWHAG;MAP3K5;RTRAF;SNCA;MAP2K3;XRCC6;XRCC5;REXO2;PTK2;WARS1;FGR;RAP2B;PTPRC;DNAJA3;GNAQ;RAPGEF2;LCP2;PKN2;TAB2;GAS6;PPIA;DDR2,Regulation of Protein Kinase Activity (GO:0045859)
GO:0030163,0.8581604,1.165231,1.337016,VCP;NGLY1;PCSK9;CTSW;DENND3;IDE;UBE2Z;CTSS;CLN5;BAG6;CASP8;CTSL;CASP3;DDI2;PSMB1;CAPN2;LONP1;CTSH;RIPK1;CTSF;TRIM21;CTSD;ELANE;CTSC;CTSB;HSPA8;ATE1;HSP90AA1;OGA;PRKCA;UCHL3;CLPX;DDB1;PSMA6;MMP14;GLB1;CLPP;APOC2;RAB12;STT3B;SQSTM1;LGMN;RAB7A,Protein Catabolic Process (GO:0030163)
GO:0006637,0.8581604,1.489486,1.705135,ACOT9;ACOT8;ACOT7;SUCLA2;HMGCS1;OXSM;OGDH;DLST;SUCLG2;MLYCD;ACSF2,acyl-CoA Metabolic Process (GO:0006637)
GO:0071333,0.8581604,1.489486,1.705135,RPTOR;PDHX;PRKAA1;RACK1;PRKCA;SELENOT;GAS6;SLC39A14;OGT;IGF1R;PCK2,Cellular Response to Glucose Stimulus (GO:0071333)
GO:0070098,0.8581604,1.489486,1.705135,LYN;STAT5A;WNK1;CCL5;MPL;STK39;PTK2B;CIB1;OXSR1;JAK2;CX3CL1,Chemokine-Mediated Signaling Pathway (GO:0070098)
GO:0060562,0.8581604,1.489486,1.705135,CSF1R;PODXL;BSG;CSNK2B;CTNNB1;SCRIB;CCM2;PRKD2;PKN1;PKD1;MTSS1,Epithelial Tube Morphogenesis (GO:0060562)
GO:0044773,0.8581604,1.489486,1.705135,BABAM1;BABAM2;MUC1;MRE11;TAOK3;PRKDC;TAOK1;CDK2;BRCC3;DGKZ;CDK5RAP3,Mitotic DNA Damage Checkpoint Signaling (GO:0044773)
GO:0030514,0.8581604,1.489486,1.705135,SPART;NOTCH1;TNFAIP6;CHRD;RBPMS2;VWC2;CHRDL2;CHRDL1;SORL1;FSTL3;FBN1,Negative Regulation of BMP Signaling Pathway (GO:0030514)
GO:0050858,0.8581604,1.489486,1.705135,DUSP22;LGALS3;PRNP;DUSP3;PTPRJ;PTPN6;UBASH3A;SLA2;EZR;DGKZ;NCK1,Negative Regulation of Antigen Receptor-Mediated Signaling Pathway (GO:0050858)
GO:1902042,0.8581604,1.489486,1.705135,FGB;FGA;GSK3B;DDX3X;GPX1;FGG;SERPINE1;TMBIM1;PARK7;BMP5;BCL2L1,Negative Regulation of Extrinsic Apoptotic Signaling Pathway via Death Domain Receptors (GO:1902042)
GO:0040017,0.8581604,1.489486,1.705135,P2RY12;PDGFRB;CSF1R;PDGFRA;TGFB1;CAVIN1;CCDC25;AKT2;STX4;THBS1;PPM1F,Positive Regulation of Locomotion (GO:0040017)
GO:0033143,0.8581604,1.489486,1.705135,UFL1;DDX5;UFM1;PRMT2;RNF14;DDRGK1;UBA5;CARM1;PARK7;PKN1;HDAC6,Regulation of Intracellular Steroid Hormone Receptor Signaling Pathway (GO:0033143)
GO:0034143,0.8581604,1.489486,1.705135,LYN;BPIFB1;NDUFA2;FLOT1;WDFY1;IFI35;PIK3R1;LBP;SQSTM1;APPL2;APPL1,Regulation of Toll-Like Receptor 4 Signaling Pathway (GO:0034143)
GO:0030970,0.8581604,1.489486,1.705135,ERLEC1;VCP;NPLOC4;OS9;HM13;FAF2;SEL1L;UFD1;AUP1;SEC61B;HSP90B1,"Retrograde Protein Transport, ER to Cytosol (GO:0030970)"
GO:0016126,0.8581604,1.489486,1.705135,UBL4A;ACLY;NSDHL;HMGCS1;PMVK;PRKAG2;DHCR24;MVD;DHCR7;LBR;CES1,Sterol Biosynthetic Process (GO:0016126)
GO:0060337,0.8581604,1.489486,1.705135,IFITM3;MAVS;IFITM2;TBK1;STAT1;STAT2;OAS3;TYK2;TANK;JAK1;IFNAR1,Type I Interferon-Mediated Signaling Pathway (GO:0060337)
GO:0008203,0.8581604,1.25029,1.429245,UBL4A;CETP;ACAA2;HMGCS1;LCAT;DHCR24;GBA2;APOA5;TSKU;ACLY;NSDHL;PIP4P1;SNX17;PMVK;ANGPTL3;APOF;MVD;APOE;DHCR7;LDLRAP1;APOB;LBR;SCARF1;CES1,Cholesterol Metabolic Process (GO:0008203)
GO:0010507,0.8581604,1.25029,1.429245,CTSA;STAT3;TSC1;SIRT2;MTOR;GOLGA2;RPTOR;DNPEP;RRAGC;SNRNP70;WNK1;LEP;MLST8;WDR6;TAB3;QSOX1;TAB2;SOS1;EIF4E;EIF4G3;EIF4G2;SNCA;BCL2L1;EIF4G1,Negative Regulation of Autophagy (GO:0010507)
GO:0051054,0.8581604,1.25029,1.429245,PDGFRB;MRE11;DHX9;FAF1;NEK7;ACTL6A;BRCC3;UCHL5;BABAM1;BABAM2;RAD50;RGCC;TRIM28;RUVBL2;RUVBL1;CDK2;RPS3;TERF2IP;MAPK1;PRKCQ;PRKD2;FGFR4;SOS1;MAP3K4,Positive Regulation of DNA Metabolic Process (GO:0051054)
GO:0016579,0.8581604,1.25029,1.429245,USP24;USP47;USP8;USP14;USP7;USP15;USP5;PSMD14;USP4;SHMT2;USP9X;USP11;YOD1;BRCC3;UCHL3;UCHL5;BABAM2;ATXN3;VCPIP1;CYLD;OTUD6B;OTULIN;STAMBP;OTUB1,Protein Deubiquitination (GO:0016579)
GO:0072594,0.8581604,1.18537,1.339831,RALA;CSE1L;HIKESHI;STK4;IPO7;PHB2;IPO4;IPO5;EIF4ENIF1;IPO9;LAMP1;TPR;KPNA6;AKT1;KPNA4;TNPO1;MAP4K5;KPNA3;TNPO2;APPL2;TNPO3;APPL1;KPNA1;NUP214;SEC13;NPM1;PEX19;SYK;STAT3;NUTF2;RAB11A;STK24;CD68;KPNB1;RAN,Establishment of Protein Localization to Organelle (GO:0072594)
GO:0006915,0.8581604,1.123389,1.264203,NCKAP1;AHCYL1;TRADD;ITGB2;CIB1;YARS1;CASP8;AIFM1;FAM162A;CASP6;CASP3;TNFSF10;AKT1;IKBKG;JAK2;MAP3K7;MAP3K5;PARP1;RIPK2;PRKCD;KREMEN1;NME3;PAWR;EMP3;TRAF7;PLSCR1;RRAGC;ADAM15;ELMO1;VDAC1;PPIA;GAPDH;ARHGEF6;NOTCH2;DIABLO;PRUNE2;CXCR4;STK4;RTN4;HSPD1;FXR1;BAG6;BCL2L13;BCLAF1;DNPEP;BNIP1;BNIP2;PTK2B;RIPK1;NAE1;BID;PAK4;TGFB1;NDUFA2;MTOR;CD2;CDK5;STK24;FASN;PAEP;BAX;OGT;BCL2L1,Apoptotic Process (GO:0006915)
GO:0032677,0.8581604,1.219048,1.361869,FCN1;RAB1A;SERPINE1;ARRB1;PARK7;RELA;CSRP1;RIPK1;LBP;LGALS9;CD58;ELANE;CD74;ANXA1;SYK;ANXA4;F2R;NDUFA2;STAT3;GDF2;SSC5D;CD2;MAVS;PTPRC;LEP;PRKD2;LAMTOR5,Regulation of Interleukin-8 Production (GO:0032677)
GO:0031397,0.8581604,1.286573,1.433228,UBXN1;CAMLG;DTX3L;USP4;PRMT3;ARRB1;ARRB2;PARK7;DNAJA1;UFL1;BAG5;BAG2;WNK1;CHORDC1;RPS3;AKT1;SQSTM1;OGT;VPS28,Negative Regulation of Protein Ubiquitination (GO:0031397)
GO:0045787,0.8581604,1.286573,1.433228,PSMD10;APP;TGFB2;DUSP3;SPHK1;PRKCA;RAD23A;LRP6;RPS15A;RGCC;CCNY;LONP1;PKN2;CALR;TRIM21;EIF4E;FGFR2;LGMN;ZPR1,Positive Regulation of Cell Cycle (GO:0045787)
GO:0001959,0.8581604,1.286573,1.433228,CD74;PTPN1;SYK;SPHK1;IRAK3;PTPN11;AGPAT2;IKBKB;SIGIRR;CYLD;CASP8;SHARPIN;PTPRC;AXL;CDC37;MAPKAPK2;OTULIN;PTPN6;GAS6,Regulation of Cytokine-Mediated Signaling Pathway (GO:0001959)
GO:0042058,0.8581604,1.286573,1.433228,RALA;DUSP3;RALB;TSG101;TGFB1;MMAB;MVP;RHBDF2;PTPRJ;PTPN12;CBL;MMP9;ADRA2A;CCDC88A;FER;MVB12B;AGR2;CDH13;CNOT9,Regulation of Epidermal Growth Factor Receptor Signaling Pathway (GO:0042058)
GO:0006605,0.8581604,1.136426,1.262449,AP4E1;TOMM22;AP4M1;RABGEF1;SEC61A1;KIF13B;FBXO7;GOLGA7;SEC63;TOMM70;ATG3;VPS13C;TOMM34;VPS13A;VPS37A;VPS37B;CDC37;PARD3;NLGN1;TOMM40;ZDHHC20;RPL11;PIK3R4;TIMM13;KATNB1;LTBP3;MFF;SDCBP;PITRM1;VPS8;MICALL1;MFN2;AP4S1;BCAP31;PEX16;FIS1;PEX19;RAB3IP;HPS4;AP3D1;TIMM44;SORL1;YIF1B;MYO1E;SPCS3;SPCS2;SPCS1;NACA;GIPC1;VPS41;SRPRA;SRPRB,Protein Targeting (GO:0006605)
GO:0046033,0.8581604,2.707415,2.994469,NT5E;AK3;AMPD2;ADSS2,AMP Metabolic Process (GO:0046033)
GO:0042773,0.8581604,2.707415,2.994469,NDUFB6;NDUFA12;NDUFS2;NDUFV1,ATP Synthesis Coupled Electron Transport (GO:0042773)
GO:0001782,0.8581604,2.707415,2.994469,DOCK10;LYN;DOCK11;NCKAP1L,B Cell Homeostasis (GO:0001782)
GO:0170033,0.8581604,2.707415,2.994469,SHMT2;SHMT1;P4HB;ASS1,L-amino Acid Metabolic Process (GO:0170033)
GO:0006551,0.8581604,2.707415,2.994469,MCCC2;HMGCL;IVD;MCCC1,L-leucine Metabolic Process (GO:0006551)
GO:0032486,0.8581604,2.707415,2.994469,RAP2A;RAP1A;RAP2B;RAPGEF2,Rap Protein Signal Transduction (GO:0032486)
GO:0046500,0.8581604,2.707415,2.994469,AHCYL2;AHCYL1;MAT2A;MAT2B,S-adenosylmethionine Metabolic Process (GO:0046500)
GO:0072539,0.8581604,2.707415,2.994469,STAT3;SLAMF6;IL6ST;JAK1,T-helper 17 Cell Differentiation (GO:0072539)
GO:0072540,0.8581604,2.707415,2.994469,STAT3;SLAMF6;IL6ST;JAK1,T-helper 17 Cell Lineage Commitment (GO:0072540)
GO:0038203,0.8581604,2.707415,2.994469,SYAP1;MLST8;RICTOR;MTOR,TORC2 Signaling (GO:0038203)
GO:1901607,0.8581604,2.707415,2.994469,PM20D1;MTHFD1;ILVBL;ASL,Alpha-Amino Acid Biosynthetic Process (GO:1901607)
GO:0016240,0.8581604,2.707415,2.994469,VAMP8;STX17;ATP2A2;SNAP29,Autophagosome Membrane Docking (GO:0016240)
GO:0061909,0.8581604,2.707415,2.994469,TOM1;PIP4K2A;PIP4K2B;VPS39,Autophagosome-Lysosome Fusion (GO:0061909)
GO:0015701,0.8581604,2.707415,2.994469,CYB5R1;SLC4A1;RHAG;SLC4A2,Bicarbonate Transport (GO:0015701)
GO:0031214,0.8581604,2.707415,2.994469,COL1A1;FAM20C;FAM20A;DDR2,Biomineral Tissue Development (GO:0031214)
GO:0010815,0.8581604,2.707415,2.994469,XPNPEP1;CTSH;ECE1;IDE,Bradykinin Catabolic Process (GO:0010815)
GO:0017156,0.8581604,2.707415,2.994469,PPP3CB;VAMP7;MYH9;SDF4,Calcium-Ion Regulated Exocytosis (GO:0017156)
GO:0033631,0.8581604,2.707415,2.994469,ITGB1;VCAM1;ITGA4;NPNT,Cell-Cell Adhesion Mediated by Integrin (GO:0033631)
GO:0071233,0.8581604,2.707415,2.994469,RPTOR;LARS1;UBR1;MTOR,Cellular Response to L-leucine (GO:0071233)
GO:0071243,0.8581604,2.707415,2.994469,VCP;DDX3X;GSTO1;PPIF,Cellular Response to Arsenic-Containing Substance (GO:0071243)
GO:0071349,0.8581604,2.707415,2.994469,P4HB;TYK2;JAK2;PLCB1,Cellular Response to Interleukin-12 (GO:0071349)
GO:0071223,0.8581604,2.707415,2.994469,NDUFA2;LBP;MAPK14;RELA,Cellular Response to Lipoteichoic Acid (GO:0071223)
GO:0099565,0.8581604,2.707415,2.994469,GSK3B;GSK3A;ARRB2;RAB3GAP1,"Chemical Synaptic Transmission, Postsynaptic (GO:0099565)"
GO:0000052,0.8581604,2.707415,2.994469,PM20D1;DDAH1;DDAH2;ASS1,Citrulline Metabolic Process (GO:0000052)
GO:0032964,0.8581604,2.707415,2.994469,COL1A1;RCN3;COL5A1;TRAPPC8,Collagen Biosynthetic Process (GO:0032964)
GO:0050974,0.8581604,2.707415,2.994469,TMEM87A;COL11A1;HPN;KIT,Detection of Mechanical Stimulus Involved in Sensory Perception (GO:0050974)
GO:0035995,0.8581604,2.707415,2.994469,TTR;CDH2;CTNNB1;PTK2,Detection of Muscle Stretch (GO:0035995)
GO:0009792,0.8581604,2.707415,2.994469,TGFB2;C1QTNF5;RICTOR;FGFR1,Embryo Development Ending in Birth or Egg Hatching (GO:0009792)
GO:0048704,0.8581604,2.707415,2.994469,PDGFRA;COL2A1;EIF4A3;FGFR2,Embryonic Skeletal System Morphogenesis (GO:0048704)
GO:0048245,0.8581604,2.707415,2.994469,LGALS3;CCL5;SCG2;CX3CL1,Eosinophil Chemotaxis (GO:0048245)
GO:0072677,0.8581604,2.707415,2.994469,LGALS3;CCL5;SCG2;CX3CL1,Eosinophil Migration (GO:0072677)
GO:0060079,0.8581604,2.707415,2.994469,GSK3B;GSK3A;ARRB2;RAB3GAP1,Excitatory Postsynaptic Potential (GO:0060079)
GO:0021610,0.8581604,2.707415,2.994469,NRP1;NRP2;SEMA3F;PLXNA4,Facial Nerve Morphogenesis (GO:0021610)
GO:0021612,0.8581604,2.707415,2.994469,NRP1;NRP2;SEMA3F;PLXNA4,Facial Nerve Structural Organization (GO:0021612)
GO:0009251,0.8581604,2.707415,2.994469,PYGB;GAA;STBD1;PYGL,Glucan Catabolic Process (GO:0009251)
GO:0036230,0.8581604,2.707415,2.994469,ANXA1;CCL5;PRKCD;CTSG,Granulocyte Activation (GO:0036230)
GO:0030212,0.8581604,2.707415,2.994469,CEMIP;TGFB1;TNFAIP6;CD44,Hyaluronan Metabolic Process (GO:0030212)
GO:0010324,0.8581604,2.707415,2.994469,SNX3;HGS;CHMP4B;FNBP1L,Membrane Invagination (GO:0010324)
GO:0060485,0.8581604,2.707415,2.994469,PRKD2;CRELD1;BMP7;FGFR2,Mesenchyme Development (GO:0060485)
GO:0001707,0.8581604,2.707415,2.994469,ITGB1;SMAD2;ITGA2;ITGB3,Mesoderm Formation (GO:0001707)
GO:0006812,0.8581604,2.707415,2.994469,PANX1;TRPC6;PIEZO1;TRPM4,Monoatomic Cation Transport (GO:0006812)
GO:0035520,0.8581604,2.707415,2.994469,USP47;USP15;USP7;USP9X,Monoubiquitinated Protein Deubiquitination (GO:0035520)
GO:0050891,0.8581604,2.707415,2.994469,BPIFA1;GNAS;PRKCA;PRKACB,Multicellular Organismal-Level Water Homeostasis (GO:0050891)
GO:0044793,0.8581604,2.707415,2.994469,PSMC3;VAPA;VAPB;PTX3,Negative Regulation by Host of Viral Process (GO:0044793)
GO:2000320,0.8581604,2.707415,2.994469,STAT5A;LGALS1;LOXL3;JAK3,Negative Regulation of T-helper 17 Cell Differentiation (GO:2000320)
GO:0090281,0.8581604,2.707415,2.994469,PPP3CA;PPP3CB;PPP3R1;SLC30A1,Negative Regulation of Calcium Ion Import (GO:0090281)
GO:1902254,0.8581604,2.707415,2.994469,CD74;MUC1;S100A9;CD44,Negative Regulation of Intrinsic Apoptotic Signaling Pathway by P53 Class Mediator (GO:1902254)
GO:1902166,0.8581604,2.707415,2.994469,CD74;MUC1;S100A9;CD44,- Reg of Intrinsic Apoptotic Sgnlng Pway in Resp to DNA Damage by P53 Cls Mediator (GO:1902166)
GO:0060546,0.8581604,2.707415,2.994469,CASP8;RIPK1;ARHGEF2;YBX3,Negative Regulation of Necroptotic Process (GO:0060546)
GO:0062099,0.8581604,2.707415,2.994469,CASP8;RIPK1;ARHGEF2;YBX3,Negative Regulation of Programmed Necrotic Cell Death (GO:0062099)
GO:2000242,0.8581604,2.707415,2.994469,ARHGDIB;PAEP;IGF1;CALR,Negative Regulation of Reproductive Process (GO:2000242)
GO:0043312,0.8581604,2.707415,2.994469,VAMP8;VAMP7;STXBP3;STXBP2,Neutrophil Degranulation (GO:0043312)
GO:0072672,0.8581604,2.707415,2.994469,CLSTN1;PECAM1;PRTN3;PIK3CG,Neutrophil Extravasation (GO:0072672)
GO:0070262,0.8581604,2.707415,2.994469,PPP2CB;PPP3CA;PPP5C;PPM1F,Peptidyl-Serine Dephosphorylation (GO:0070262)
GO:0072112,0.8581604,2.707415,2.994469,MYO1E;JAG1;PODXL;IQGAP1,Podocyte Differentiation (GO:0072112)
GO:0045579,0.8581604,2.707415,2.994469,MMP14;SYK;DDRGK1;NCKAP1L,Positive Regulation of B Cell Differentiation (GO:0045579)
GO:0002675,0.8581604,2.707415,2.994469,CCM2;PARK7;OSMR;IL6ST,Positive Regulation of Acute Inflammatory Response (GO:0002675)
GO:1900006,0.8581604,2.707415,2.994469,VLDLR;BMP7;LRP8;BMP5,Positive Regulation of Dendrite Development (GO:1900006)
GO:2001137,0.8581604,2.707415,2.994469,EHD1;EHD2;EIPR1;SORL1,Positive Regulation of Endocytic Recycling (GO:2001137)
GO:0045723,0.8581604,2.707415,2.994469,LPGAT1;APOC2;APOA5;SIRT2,Positive Regulation of Fatty Acid Biosynthetic Process (GO:0045723)
GO:0120183,0.8581604,2.707415,2.994469,DUSP3;PIK3R1;MAPRE2;MAP4K4,Positive Regulation of Focal Adhesion Disassembly (GO:0120183)
GO:1903977,0.8581604,2.707415,2.994469,P2RY12;CSF1;CX3CL1;CRKL,Positive Regulation of Glial Cell Migration (GO:1903977)
GO:0010560,0.8581604,2.707415,2.994469,GOLGA2;CHORDC1;IGF1;PLCB1,Positive Regulation of Glycoprotein Biosynthetic Process (GO:0010560)
GO:0035332,0.8581604,2.707415,2.994469,YWHAE;STK24;STK4;MAP4K4,Positive Regulation of Hippo Signaling (GO:0035332)
GO:2000394,0.8581604,2.707415,2.994469,VIL1;SRC;CORO1B;CORO1C,Positive Regulation of Lamellipodium Morphogenesis (GO:2000394)
GO:0002053,0.8581604,2.707415,2.994469,STAT1;LRP5;PDGFA;FGFR2,Positive Regulation of Mesenchymal Cell Proliferation (GO:0002053)
GO:0051561,0.8581604,2.707415,2.994469,RAP1GDS1;MICU1;MCU;TGM2,Positive Regulation of Mitochondrial Calcium Ion Concentration (GO:0051561)
GO:1903490,0.8581604,2.707415,2.994469,EXOC7;WNK1;RAB11FIP3;RAB11A,Positive Regulation of Mitotic Cytokinesis (GO:1903490)
GO:0045657,0.8581604,2.707415,2.994469,CD74;CSF1;FES;HLA-DRB1,Positive Regulation of Monocyte Differentiation (GO:0045657)
GO:0002888,0.8581604,2.707415,2.994469,MAVS;ITGAM;ITGB2;STX4,Positive Regulation of Myeloid Leukocyte Mediated Immunity (GO:0002888)
GO:0045672,0.8581604,2.707415,2.994469,RPTOR;PPP3CA;CSF1;TRAF6,Positive Regulation of Osteoclast Differentiation (GO:0045672)
GO:0051353,0.8581604,2.707415,2.994469,COX17;VDAC2;FXN;SIRT3,Positive Regulation of Oxidoreductase Activity (GO:0051353)
GO:0048549,0.8581604,2.707415,2.994469,CDC42;AXL;APPL2;APPL1,Positive Regulation of Pinocytosis (GO:0048549)
GO:1902523,0.8581604,2.707415,2.994469,DDX3X;RIPK2;UBE2V2;UBE2V1,Positive Regulation of Protein K63-linked Ubiquitination (GO:1902523)
GO:0061098,0.8581604,2.707415,2.994469,CSF1R;PTPN1;ADAM17;CASS4,Positive Regulation of Protein Tyrosine Kinase Activity (GO:0061098)
GO:0034393,0.8581604,2.707415,2.994469,PDCD4;MFN2;STUB1;SOD2,Positive Regulation of Smooth Muscle Cell Apoptotic Process (GO:0034393)
GO:0034145,0.8581604,2.707415,2.994469,NDUFA2;WDFY1;IFI35;LBP,Positive Regulation of Toll-Like Receptor 4 Signaling Pathway (GO:0034145)
GO:2000679,0.8581604,2.707415,2.994469,DDRGK1;TRAF6;IGF1;H1-0,Positive Regulation of Transcription Regulatory Region DNA Binding (GO:2000679)
GO:0051443,0.8581604,2.707415,2.994469,UBE2C;RPS2;UBE2L3;SKP1,Positive Regulation of Ubiquitin-Protein Transferase Activity (GO:0051443)
GO:0031204,0.8581604,2.707415,2.994469,SEC61A1;SEC61B;SEC62;SEC63,"Post-Translational Protein Targeting to Membrane, Translocation (GO:0031204)"
GO:0009220,0.8581604,2.707415,2.994469,CMPK1;CTPS2;CTPS1;UMPS,Pyrimidine Ribonucleotide Biosynthetic Process (GO:0009220)
GO:2001169,0.8581604,2.707415,2.994469,VCP;PARP1;TMSB4X;ENO1,Regulation of ATP Biosynthetic Process (GO:2001169)
GO:0050855,0.8581604,2.707415,2.994469,LYN;FCMR;CD81;PTPN6,Regulation of B Cell Receptor Signaling Pathway (GO:0050855)
GO:0032483,0.8581604,2.707415,2.994469,DENND4A;DENND4C;MADD;DENND3,Regulation of Rab Protein Signal Transduction (GO:0032483)
GO:2000425,0.8581604,2.707415,2.994469,C4B;C4A;HNRNPC;TGM2,Regulation of Apoptotic Cell Clearance (GO:2000425)
GO:1901019,0.8581604,2.707415,2.994469,FKBP1A;CAMK2D;AHNAK;ASPH,Regulation of Calcium Ion Transmembrane Transporter Activity (GO:1901019)
GO:0010649,0.8581604,2.707415,2.994469,CAMK2D;ASPH;HRC;SRI,Regulation of Cell Communication by Electrical Coupling (GO:0010649)
GO:1901550,0.8581604,2.707415,2.994469,PPP1R12A;ROCK1;ROCK2;VCL,Regulation of Endothelial Cell Development (GO:1901550)
GO:0120182,0.8581604,2.707415,2.994469,DUSP3;PIK3R1;MAPRE2;MAP4K4,Regulation of Focal Adhesion Disassembly (GO:0120182)
GO:1900125,0.8581604,2.707415,2.994469,TGFB1;EGF;CLTC;NFKB1,Regulation of Hyaluronan Biosynthetic Process (GO:1900125)
GO:1902165,0.8581604,2.707415,2.994469,CD74;MUC1;S100A9;CD44,Reg of Intrinsic Apoptotic Sgnlng Pway in Resp to DNA Damage by P53 Cls Mediator (GO:1902165)
GO:0070228,0.8581604,2.707415,2.994469,LGALS3;BTK;PRKD2;JAK3,Regulation of Lymphocyte Apoptotic Process (GO:0070228)
GO:0071637,0.8581604,2.707415,2.994469,C1QTNF3;SYK;OAS3;LGALS9,Regulation of Monocyte Chemotactic Protein-1 Production (GO:0071637)
GO:1902622,0.8581604,2.707415,2.994469,RAC2;NCKAP1L;RTN4;JAM3,Regulation of Neutrophil Migration (GO:1902622)
GO:0010517,0.8581604,2.707415,2.994469,APOC2;FGFR3;FGFR2;FGFR1,Regulation of Phospholipase Activity (GO:0010517)
GO:0060078,0.8581604,2.707415,2.994469,GSK3B;GSK3A;ARRB2;RAB3GAP1,Regulation of Postsynaptic Membrane Potential (GO:0060078)
GO:0062098,0.8581604,2.707415,2.994469,CYLD;ITCH;RIPK1;OGT,Regulation of Programmed Necrotic Cell Death (GO:0062098)
GO:0033233,0.8581604,2.707415,2.994469,CTNNB1;UBA2;PARK7;SAE1,Regulation of Protein Sumoylation (GO:0033233)
GO:0080134,0.8581604,2.707415,2.994469,CRHBP;BMP10;MLC1;EIF4G1,Regulation of Response to Stress (GO:0080134)
GO:0051282,0.8581604,2.707415,2.994469,DIAPH1;UBASH3B;ANXA6;PTK2B,Regulation of Sequestering of Calcium Ion (GO:0051282)
GO:0051150,0.8581604,2.707415,2.994469,NOTCH2;NOTCH1;RBPMS2;FGFR2,Regulation of Smooth Muscle Cell Differentiation (GO:0051150)
GO:0043555,0.8581604,2.707415,2.994469,RPS6KA3;RPS6KA1;EIF2S1;PPP1CA,Regulation of Translation in Response to Stress (GO:0043555)
GO:0031338,0.8581604,2.707415,2.994469,C2CD5;ANXA2;SPHK1;STXBP1,Regulation of Vesicle Fusion (GO:0031338)
GO:0043201,0.8581604,2.707415,2.994469,RPTOR;LARS1;UBR1;MTOR,Response to L-leucine (GO:0043201)
GO:0010165,0.8581604,2.707415,2.994469,IKBIP;NUCKS1;BRCC3;PRAP1,Response to X-ray (GO:0010165)
GO:0043331,0.8581604,2.707415,2.994469,PDE12;RFTN1;IRAK3;SLC3A2,Response to dsRNA (GO:0043331)
GO:0071774,0.8581604,2.707415,2.994469,CCL5;NDNF;CD44;FGFR1,Response to Fibroblast Growth Factor (GO:0071774)
GO:0070741,0.8581604,2.707415,2.994469,SELPLG;ST3GAL6;NFKB1;RELA,Response to Interleukin-6 (GO:0070741)
GO:0010288,0.8581604,2.707415,2.994469,PPP2CB;PLSCR1;PPP5C;PPP1CA,Response to Lead Ion (GO:0010288)
GO:0070391,0.8581604,2.707415,2.994469,NDUFA2;LBP;MAPK14;RELA,Response to Lipoteichoic Acid (GO:0070391)
GO:0062009,0.8581604,2.707415,2.994469,SMAD2;TGFBR3;TGFB2;LRRC32,Secondary Palate Development (GO:0062009)
GO:0046459,0.8581604,2.707415,2.994469,PCCA;OXSM;PCCB;CRAT,Short-Chain Fatty Acid Metabolic Process (GO:0046459)
GO:0035036,0.8581604,2.707415,2.994469,SPESP1;CD9;VDAC2;UBAP2L,Sperm-Egg Recognition (GO:0035036)
GO:0048485,0.8581604,2.707415,2.994469,NRP1;NRP2;CTNNB1;SEMA3F,Sympathetic Nervous System Development (GO:0048485)
GO:0034138,0.8581604,2.707415,2.994469,IKBKB;TRAF6;RFTN1;MAP3K7,Toll-Like Receptor 3 Signaling Pathway (GO:0034138)
GO:0034505,0.8581604,2.707415,2.994469,COL1A1;STIM1;FAM20C;FAM20A,Tooth Mineralization (GO:0034505)
GO:0001657,0.8581604,2.707415,2.994469,PRKD2;NPNT;BMP7;FGFR2,Ureteric Bud Development (GO:0001657)
GO:0006573,0.8581604,2.707415,2.994469,HIBADH;ILVBL;BCAT1;HIBCH,Valine Metabolic Process (GO:0006573)
GO:0051216,0.8581604,1.354093,1.472061,TGFB1;COL11A2;GDF2;PKD1;SLC39A14;COL2A1;DDRGK1;OGN;TRIP11;GHRL;ATP7A;FGFR3;CD44;GPLD1,Cartilage Development (GO:0051216)
GO:0007044,0.8581604,1.354093,1.472061,SRC;ACTN2;FN1;LAMC1;PTPRK;ARHGAP6;THSD1;BCR;CTTN;CDH11;ITGA6;ARHGEF7;FERMT2;PLEC,Cell-Substrate Junction Assembly (GO:0007044)
GO:0035924,0.8581604,1.354093,1.472061,MAP2K3;NRP1;NOTCH1;FLT4;SPHK1;CLSTN1;HSPB1;VEGFC;MAPK14;RELA;MYO1E;MAPKAPK2;GAS1;PRKD2,Cellular Response to Vascular Endothelial Growth Factor Stimulus (GO:0035924)
GO:0048568,0.8581604,1.354093,1.472061,TGFB2;PKDCC;TGFB1;PDGFA;PCSK5;PKD1;RBP4;KITLG;KIT;PRKD2;TBC1D23;RPL15;ZFPM1;FGFR2,Embryonic Organ Development (GO:0048568)
GO:0007613,0.8581604,1.354093,1.472061,ATAD1;APP;PRNP;ACSS2;LRRN4;VLDLR;PPP3CB;RELN;APOE;PLCB1;SHANK3;LDLR;METAP1;LGMN,Memory (GO:0007613)
GO:0032728,0.8581604,1.354093,1.472061,TOMM70;HSP90AA1;DDX3X;DHX9;RIPK2;PTPN11;ZC3HAV1;MAVS;TBK1;STING1;OAS3;FLOT1;TRIM65;TRIM56,Positive Regulation of Interferon-Beta Production (GO:0032728)
GO:1902041,0.8581604,1.354093,1.472061,FGB;GSK3B;FGA;DDX3X;GPX1;SERPINE1;FGG;THBS1;BMP5;LGALS3;MADD;TMBIM1;STX4;BCL2L1,Regulation of Extrinsic Apoptotic Signaling Pathway via Death Domain Receptors (GO:1902041)
GO:0032663,0.8581604,1.354093,1.472061,PRNP;STOML2;PRKCA;TANK;PTPRC;TRAF6;PLCG2;RPS3;PRKD2;VSIG4;EZR;CD34;MAP3K7;SPTBN1,Regulation of Interleukin-2 Production (GO:0032663)
GO:0090276,0.8581604,1.354093,1.472061,FGB;FGA;MAP4K2;EIPR1;FGG;STK39;GCG;CRHBP;PPP3CB;TFR2;CCL5;ENSA;GNAS;HADH,Regulation of Peptide Hormone Secretion (GO:0090276)
GO:0043524,0.8581604,1.241444,1.345248,CNTFR;NTRK2;NONO;F2R;AGAP2;NDNF;PARK7;SOD2;CLU;HSPG2;CX3CL1;IL27RA;SOD1;PTPRZ1;TMBIM1;TYRO3;PTK2B;IL6ST;FBXO7;SNX6;LGMN;ZPR1,Negative Regulation of Neuron Apoptotic Process (GO:0043524)
GO:0006997,0.8581604,1.241444,1.345248,PDCD6IP;TOR1A;NUMA1;PITPNB;VPS4B;VPS4A;IRAG2;LEMD2;LMNB2;LMNB1;RPS19;BIN1;CHMP1B;CHMP1A;LMNA;TPR;CHMP2B;CHMP2A;CHMP4B;CHMP6;AGFG1;CHMP5,Nucleus Organization (GO:0006997)
GO:0032481,0.8581604,1.241444,1.345248,TOMM70;RAB2B;HSP90AA1;DDX3X;CHUK;RIPK2;DHX9;STAT1;PTPN11;ZC3HAV1;TANK;HSPD1;MAVS;TBK1;GPNMB;STING1;OAS3;G3BP1;FLOT1;TRIM65;GAPDH;TRIM56,Positive Regulation of Type I Interferon Production (GO:0032481)
GO:0010594,0.8581604,1.176302,1.268893,NRP1;BMP10;NRP2;SPARC;ROCK2;FLT4;ITGB3;PDCD6;CLSTN1;STC1;EMC10;PIK3CB;FUT1;THBS1;PIK3CG;RRAS;BSG;AKT1;PTK2B;APOE;GFUS;BCAS3;ANGPT1;ANXA3;EGF;GDF2;PRKCA;SYNJ2BP;DCN;PTK2;PRKD2;CALR;GPLD1,Regulation of Endothelial Cell Migration (GO:0010594)
GO:0070371,0.8581604,1.523138,1.628637,MAP2K1;MAP2K2;EGF;KARS1;RIPK2;CTSH;MAPK1;ITGAV;LGALS9,ERK1 and ERK2 Cascade (GO:0070371)
GO:0007254,0.8581604,1.523138,1.628637,MAPK9;MAP2K4;MAP4K2;RIPK2;GPS1;MINK1;MAP3K7;CRKL;MAP3K5,JNK Cascade (GO:0007254)
GO:0007219,0.8581604,1.523138,1.628637,NOTCH2;NOTCH3;ADAM17;NOTCH1;JAG1;GMDS;DTX3L;POFUT1;SUSD5,Notch Signaling Pathway (GO:0007219)
GO:0030030,0.8581604,1.523138,1.628637,ITGB1;P2RY12;NCKAP1;PARVG;PLEK;PDGFA;NCKAP1L;PARVB;MTSS2,Cell Projection Organization (GO:0030030)
GO:0051131,0.8581604,1.523138,1.628637,CCT2;HSP90AA1;HSP90AB1;HSPA4;PTGES3;LONP1;CLU;PFDN6;HSPD1,Chaperone-Mediated Protein Complex Assembly (GO:0051131)
GO:0030866,0.8581604,1.523138,1.628637,NCKAP1;DLG1;FMNL1;ROCK1;ROCK2;FHOD1;PLEK;RAB13;NCKAP1L,Cortical Actin Cytoskeleton Organization (GO:0030866)
GO:0030225,0.8581604,1.523138,1.628637,CDC42;CSF1R;IL1RL1;NPM1;CASP8;CSF1;PARP1;MMP9;HLA-DRB1,Macrophage Differentiation (GO:0030225)
GO:0044827,0.8581604,1.523138,1.628637,TMEM41B;TBC1D20;VAPA;VAPB;FMR1;YTHDC2;NUCKS1;PIK3C3;PPIB,Modulation by Host of Viral Genome Replication (GO:0044827)
GO:1902807,0.8581604,1.523138,1.628637,KANK2;DLG1;PROC;GPNMB;PRMT2;TMSB4X;PRKD2;INHBA;CRLF3,Negative Regulation of Cell Cycle G1/S Phase Transition (GO:1902807)
GO:0048640,0.8581604,1.523138,1.628637,PTPRS;MSTN;SEMA6D;GNAS;DIP2B;KIAA0319;FGFR3;RTN4;METAP2,Negative Regulation of Developmental Growth (GO:0048640)
GO:1901991,0.8581604,1.523138,1.628637,KANK2;DLG1;PROC;RGCC;GPNMB;PRMT2;PRKD2;INHBA;CRLF3,Negative Regulation of Mitotic Cell Cycle Phase Transition (GO:1901991)
GO:0023057,0.8581604,1.523138,1.628637,PPP3CA;PTPN1;PPP3CB;MPIG6B;UBASH3B;PCSK9;CCM2;LDLR;OPTN,Negative Regulation of Signaling (GO:0023057)
GO:0051348,0.8581604,1.523138,1.628637,EIF4A2;PRDX3;GSK3B;GSK3A;BAG5;DTX3L;HNRNPU;IRS2;BANF1,Negative Regulation of Transferase Activity (GO:0051348)
GO:0038061,0.8581604,1.523138,1.628637,CHUK;TRAF6;TAB3;TAB2;TAB1;COPS8;TANK;RELA;NFKB1,Non-Canonical NF-kappaB Signal Transduction (GO:0038061)
GO:0071624,0.8581604,1.523138,1.628637,CD74;RIPOR2;MOSPD2;RAC2;NCKAP1L;DNM1L;THBS4;MCU;S100A7,Positive Regulation of Granulocyte Chemotaxis (GO:0071624)
GO:0032727,0.8581604,1.523138,1.628637,MAVS;DDX3X;TBK1;GPNMB;DHX9;RIPK2;STAT1;ZC3HAV1;HSPD1,Positive Regulation of Interferon-Alpha Production (GO:0032727)
GO:0050996,0.8581604,1.523138,1.628637,CLSTN3;AKT2;APOC2;PRKCD;ANGPTL3;IRS2;DAGLB;APOA5;ABCD1,Positive Regulation of Lipid Catabolic Process (GO:0050996)
GO:0000018,0.8581604,1.523138,1.628637,H1-5;RAD50;MRE11;PPP4C;TERF2IP;IL7R;H1-0;H1-10;KPNA1,Regulation of DNA Recombination (GO:0000018)
GO:0061001,0.8581604,1.523138,1.628637,CAMK2B;NLGN1;RELN;CDK5;CAPRIN1;PDLIM5;LRP8;SHANK3;DBN1,Regulation of Dendritic Spine Morphogenesis (GO:0061001)
GO:0050994,0.8581604,1.523138,1.628637,SCARB2;BSCL2;PRKAA1;CLSTN3;ANGPTL3;APOC3;ABCD1;APOA5;ADRA2A,Regulation of Lipid Catabolic Process (GO:0050994)
GO:1900271,0.8581604,1.523138,1.628637,FXR1;APP;GSK3B;RELN;APOE;LILRB2;SHANK3;SQSTM1;LGMN,Regulation of Long-Term Synaptic Potentiation (GO:1900271)
GO:0090025,0.8581604,1.523138,1.628637,LYN;APP;CCL5;SERPINE1;MOSPD2;ANO6;PLA2G7;LGMN;S100A7,Regulation of Monocyte Chemotaxis (GO:0090025)
GO:0010574,0.8581604,1.523138,1.628637,SARS1;TGFB1;FLT4;BSG;STAT3;MIA3;HPSE;IL6ST;RELA,Regulation of Vascular Endothelial Growth Factor Production (GO:0010574)
GO:0046596,0.8581604,1.523138,1.628637,CD74;LGALS1;TRIM5;TRIM25;FURIN;LGALS9;P4HB;HLA-DRB1;NECTIN2,Regulation of Viral Entry Into Host Cell (GO:0046596)
GO:0060271,0.8581604,1.148433,1.207636,ARF4;RAB1A;NOTCH1;DCTN1;ARL3;ASAP1;PTPN23;FNBP1L;TXNDC15;HDAC6;WDR44;ABLIM1;ABLIM3;MICALL1;FLNA;ATP6V1D;SNAP29;RAB8A;RAB8B;ACTR3;ACTR2;PTGES2;SEPTIN2;USP9X;RAB3IP;CEP131;OCRL;DYNLL1;SEPTIN7;WDR11;EHD1;EHD2;EHD3;EHD4;DNMBP;RILPL2;RAB34;ATP6V0D1;MAPRE2,Cilium Assembly (GO:0060271)
GO:0022411,0.8581604,1.278881,1.341693,MMP7;EXOC8;MMP3;FURIN;LAMC1;MMP9;CTSS;ADAMTS5;MMP14;ADAM15;SH3PXD2B;FLOT1;MMP19;CTSG;PRSS2;ELANE;ENG,Cellular Component Disassembly (GO:0022411)
GO:0007007,0.8581604,1.278881,1.341693,HSPA9;TOMM70;NDUFA13;APOOL;MTX1;TIMM13;DNAJC11;IMMT;GHITM;BCS1L;MAIP1;LETM1;APOO;CHCHD3;SAMM50;TMEM11;TMEM126A,Inner Mitochondrial Membrane Organization (GO:0007007)
GO:0031333,0.8581604,1.278881,1.341693,GSK3B;HSPA8;DDX3X;ANKRD27;HSPA5;SRC;CARD8;PARK7;CLU;SORL1;SVIP;HDAC6;CDC42;AIDA;LCMT1;OGT;JAM3,Negative Regulation of Protein-Containing Complex Assembly (GO:0031333)
GO:0032732,0.8581604,1.278881,1.341693,GSDMD;APP;TMED10;RIPK2;CARD8;STAT3;HSPB1;LPL;IL16;AZU1;RELA;PANX1;CASP8;SAA2;CD36;LGALS9;JAK2,Positive Regulation of Interleukin-1 Production (GO:0032732)
GO:2000377,0.8581604,1.278881,1.341693,PDGFRB;ARF4;CBR1;SHC1;DCXR;MMP3;PARK7;MAPK14;THBS1;SIRT2;DHRS4;EIF6;RAC2;PDK3;RIPK1;GRB2;SNCA,Regulation of Reactive Oxygen Species Metabolic Process (GO:2000377)
GO:0019941,0.8581604,1.110215,1.159177,RNF11;PPP1R11;UBE3C;RNF14;UBE3A;ARRB1;UBE2L3;HERC4;PSMD9;PSMD3;WDR91;FBXO4;LONP1;ARIH2;TRIM25;UFD1;ELOC;FBXO7;GET4;KCMF1;DTX3L;ARRDC1;UBE4B;DDB1;KCTD10;SQSTM1;PCYOX1;VCP;PSMD11;PSMD14;PSMD13;UBA6;CUL3;UBR4;NEDD8;CBL;BAG6;ATXN3;RNF213;OS9;UBQLN1;PSMF1;UBQLN2;UBL4A;ATE1;UBE2H;UBE2C;HUWE1;COPS3;NSFL1C;ITCH;NPLOC4;TOLLIP;NEDD4;PSMC2;PCYOX1L;UBA1;STUB1;UBE2K,Modification-Dependent Protein Catabolic Process (GO:0019941)
GO:0019471,0.8581604,inf,inf,GOT2;P4HB,4-Hydroxyproline Metabolic Process (GO:0019471)
GO:0015866,0.8581604,inf,inf,SLC25A5;SLC25A24,ADP Transport (GO:0015866)
GO:0036500,0.8581604,inf,inf,ATF6B;MANF,ATF6-mediated Unfolded Protein Response (GO:0036500)
GO:0035754,0.8581604,inf,inf,CLSTN1;GAS6,B Cell Chemotaxis (GO:0035754)
GO:0110025,0.8581604,inf,inf,RAD50;MRE11,DNA Strand Resection Involved in Replication Fork Processing (GO:0110025)
GO:0006353,0.8581604,inf,inf,PRMT5;XRN2,DNA-templated Transcription Termination (GO:0006353)
GO:0070231,0.8581604,inf,inf,FASN;RIPK1,T Cell Apoptotic Process (GO:0070231)
GO:0015800,0.8581604,inf,inf,SLC6A6;GIPC1,Acidic Amino Acid Transport (GO:0015800)
GO:0007190,0.8581604,inf,inf,CAP1;GNAS,Activation of Adenylate Cyclase Activity (GO:0007190)
GO:0008343,0.8581604,inf,inf,LEP;GHRL,Adult Feeding Behavior (GO:0008343)
GO:0046164,0.8581604,inf,inf,SNX17;SCARF1,Alcohol Catabolic Process (GO:0046164)
GO:0036109,0.8581604,inf,inf,ACOT8;ACAA1,Alpha-Linolenic Acid Metabolic Process (GO:0036109)
GO:0072488,0.8581604,inf,inf,SLC12A2;RHAG,Ammonium Transmembrane Transport (GO:0072488)
GO:0001788,0.8581604,inf,inf,FCGR2A;FCGR3B,Antibody-Dependent Cellular Cytotoxicity (GO:0001788)
GO:0032060,0.8581604,inf,inf,EMP3;MYLK,Bleb Assembly (GO:0032060)
GO:0046068,0.8581604,inf,inf,GUCY1B1;PDE2A,cGMP Metabolic Process (GO:0046068)
GO:0003230,0.8581604,inf,inf,NOTCH1;ENG,Cardiac Atrium Development (GO:0003230)
GO:0099622,0.8581604,inf,inf,YWHAE;ATP1B1,Cardiac Muscle Cell Membrane Repolarization (GO:0099622)
GO:0003215,0.8581604,inf,inf,TGFB2;JAG1,Cardiac Right Ventricle Morphogenesis (GO:0003215)
GO:0010002,0.8581604,inf,inf,TGFB2;NOTCH1,Cardioblast Differentiation (GO:0010002)
GO:0060973,0.8581604,inf,inf,PDGFRB;NOTCH1,Cell Migration Involved in Heart Development (GO:0060973)
GO:0071280,0.8581604,inf,inf,PRNP;SNCA,Cellular Response to Copper Ion (GO:0071280)
GO:0034508,0.8581604,inf,inf,NASP;SUGT1,Centromere Complex Assembly (GO:0034508)
GO:0021707,0.8581604,inf,inf,OPHN1;NRXN1,Cerebellar Granule Cell Differentiation (GO:0021707)
GO:0006707,0.8581604,inf,inf,SNX17;SCARF1,Cholesterol Catabolic Process (GO:0006707)
GO:0015871,0.8581604,inf,inf,SLC44A1;SLC44A2,Choline Transport (GO:0015871)
GO:0061523,0.8581604,inf,inf,MAP4;HDAC6,Cilium Disassembly (GO:0061523)
GO:0060216,0.8581604,inf,inf,MFAP5;TGFBR3,Definitive Hemopoiesis (GO:0060216)
GO:0070837,0.8581604,inf,inf,SLC2A1;SLC2A3,Dehydroascorbic Acid Transport (GO:0070837)
GO:0006835,0.8581604,inf,inf,GIPC1;SLC25A10,Dicarboxylic Acid Transport (GO:0006835)
GO:0042416,0.8581604,inf,inf,TGFB2;SNCA,Dopamine Biosynthetic Process (GO:0042416)
GO:0009048,0.8581604,inf,inf,HNRNPK;HNRNPU,Dosage Compensation by Inactivation of X Chromosome (GO:0009048)
GO:0042755,0.8581604,inf,inf,RIPK2;STAT3,Eating Behavior (GO:0042755)
GO:0048557,0.8581604,inf,inf,PDGFRA;RBPMS2,Embryonic Digestive Tract Morphogenesis (GO:0048557)
GO:0060350,0.8581604,inf,inf,INPPL1;FGFR3,Endochondral Bone Morphogenesis (GO:0060350)
GO:0001958,0.8581604,inf,inf,INPPL1;FGFR3,Endochondral Ossification (GO:0001958)
GO:0086100,0.8581604,inf,inf,PLCB4;PTK2B,Endothelin Receptor Signaling Pathway (GO:0086100)
GO:0003198,0.8581604,inf,inf,NOTCH1;ENG,Epithelial to Mesenchymal Transition Involved in Endocardial Cushion Formation (GO:0003198)
GO:0072175,0.8581604,inf,inf,PODXL;FGFR2,Epithelial Tube Formation (GO:0072175)
GO:0006703,0.8581604,inf,inf,HSD17B11;HSD17B8,Estrogen Biosynthetic Process (GO:0006703)
GO:0006858,0.8581604,inf,inf,TSG101;ARRDC1,Extracellular Transport (GO:0006858)
GO:0010994,0.8581604,inf,inf,UBE2C;UBE2K,Free Ubiquitin Chain Polymerization (GO:0010994)
GO:0009448,0.8581604,inf,inf,ALDH5A1;ALDH1A1,Gamma-Aminobutyric Acid Metabolic Process (GO:0009448)
GO:1905962,0.8581604,inf,inf,OPHN1;NRXN1,Glutamatergic Neuron Differentiation (GO:1905962)
GO:0071425,0.8581604,inf,inf,ARIH2;CD34,Hematopoietic Stem Cell Proliferation (GO:0071425)
GO:0020027,0.8581604,inf,inf,AMBP;INHBA,Hemoglobin Metabolic Process (GO:0020027)
GO:0007129,0.8581604,inf,inf,BAG6;TRIP13,Homologous Chromosome Pairing at Meiosis (GO:0007129)
GO:0050665,0.8581604,inf,inf,MAOB;SOD1,Hydrogen Peroxide Biosynthetic Process (GO:0050665)
GO:0070841,0.8581604,inf,inf,HSP90AA1;HDAC6,Inclusion Body Assembly (GO:0070841)
GO:0006020,0.8581604,inf,inf,ISYNA1;PPIP5K2,Inositol Metabolic Process (GO:0006020)
GO:0032958,0.8581604,inf,inf,ITPKB;PPIP5K2,Inositol Phosphate Biosynthetic Process (GO:0032958)
GO:0036297,0.8581604,inf,inf,VCP;NUCKS1,Interstrand Cross-Link Repair (GO:0036297)
GO:0060575,0.8581604,inf,inf,SRC;IL6ST,Intestinal Epithelial Cell Differentiation (GO:0060575)
GO:0042158,0.8581604,inf,inf,APOE;ATG7,Lipoprotein Biosynthetic Process (GO:0042158)
GO:0006828,0.8581604,inf,inf,SLC39A14;TMEM165,Manganese Ion Transport (GO:0006828)
GO:0051792,0.8581604,inf,inf,ACOT7;OXSM,Medium-Chain Fatty Acid Biosynthetic Process (GO:0051792)
GO:0060231,0.8581604,inf,inf,CTNNB1;DSG2,Mesenchymal to Epithelial Transition (GO:0060231)
GO:0072234,0.8581604,inf,inf,PRKD2;PKD1,Metanephric Nephron Tubule Development (GO:0072234)
GO:1904948,0.8581604,inf,inf,CTNNB1;LRP6,Midbrain Dopaminergic Neuron Differentiation (GO:1904948)
GO:0044774,0.8581604,inf,inf,SLC25A15;NAE1,Mitotic DNA Integrity Checkpoint Signaling (GO:0044774)
GO:0033314,0.8581604,inf,inf,SLC25A15;NAE1,Mitotic DNA Replication Checkpoint Signaling (GO:0033314)
GO:0052651,0.8581604,inf,inf,ABHD16A;MGLL,Monoacylglycerol Catabolic Process (GO:0052651)
GO:0039536,0.8581604,inf,inf,NPLOC4;UFD1,Negative Regulation of RIG-I Signaling Pathway (GO:0039536)
GO:0007194,0.8581604,inf,inf,GNAI3;GNAI2,Negative Regulation of Adenylate Cyclase Activity (GO:0007194)
GO:0042985,0.8581604,inf,inf,AGO2;ITM2B,Negative Regulation of Amyloid Precursor Protein Biosynthetic Process (GO:0042985)
GO:0061037,0.8581604,inf,inf,EFEMP1;PTPN11,Negative Regulation of Cartilage Development (GO:0061037)
GO:0010826,0.8581604,inf,inf,NPM1;MDM1,Negative Regulation of Centrosome Duplication (GO:0010826)
GO:2001251,0.8581604,inf,inf,SRC;TERF2IP,Negative Regulation of Chromosome Organization (GO:2001251)
GO:0032466,0.8581604,inf,inf,ZFYVE19;VPS4A,Negative Regulation of Cytokinesis (GO:0032466)
GO:0061000,0.8581604,inf,inf,NLGN1;PTPRS,Negative Regulation of Dendritic Spine Development (GO:0061000)
GO:1903748,0.8581604,inf,inf,DNAJA1;LMAN1,Negative Regulation of Establishment of Protein Localization to Mitochondrion (GO:1903748)
GO:0002689,0.8581604,inf,inf,RIN3;S100A9,Negative Regulation of Leukocyte Chemotaxis (GO:0002689)
GO:1905522,0.8581604,inf,inf,EMILIN1;S100A9,Negative Regulation of Macrophage Migration (GO:1905522)
GO:0033004,0.8581604,inf,inf,CD84;FER,Negative Regulation of Mast Cell Activation (GO:0033004)
GO:0035359,0.8581604,inf,inf,HUWE1;STUB1,Negative Regulation of Peroxisome Proliferator Activated Receptor Signaling Pathway (GO:0035359)
GO:2001015,0.8581604,inf,inf,MSTN;SIRT2,Negative Regulation of Skeletal Muscle Cell Differentiation (GO:2001015)
GO:0010894,0.8581604,inf,inf,NFKB1;BMP5,Negative Regulation of Steroid Biosynthetic Process (GO:0010894)
GO:0010664,0.8581604,inf,inf,NACA;BMP7,Negative Regulation of Striated Muscle Cell Apoptotic Process (GO:0010664)
GO:0032410,0.8581604,inf,inf,PPIF;STK39,Negative Regulation of Transporter Activity (GO:0032410)
GO:0046137,0.8581604,inf,inf,PRMT3;NFKB1,Negative Regulation of Vitamin Metabolic Process (GO:0046137)
GO:1901386,0.8581604,inf,inf,FMR1;GNB5,Negative Regulation of Voltage-Gated Calcium Channel Activity (GO:1901386)
GO:0001504,0.8581604,inf,inf,SLC29A1;SLC18A2,Neurotransmitter Uptake (GO:0001504)
GO:0031086,0.8581604,inf,inf,EDC4;EDC3,"Nuclear-Transcribed mRNA Catabolic Process, Deadenylation-Independent Decay (GO:0031086)"
GO:0046113,0.8581604,inf,inf,DPYSL2;DPYD,Nucleobase Catabolic Process (GO:0046113)
GO:0002076,0.8581604,inf,inf,TNN;LIMD1,Osteoblast Development (GO:0002076)
GO:0003344,0.8581604,inf,inf,NOTCH1;BMP7,Pericardium Morphogenesis (GO:0003344)
GO:0090383,0.8581604,inf,inf,RAB38;RAB7A,Phagosome Acidification (GO:0090383)
GO:0060158,0.8581604,inf,inf,GNA14;GNA11,Phospholipase C-activating Dopamine Receptor Signaling Pathway (GO:0060158)
GO:0060674,0.8581604,inf,inf,PRKD2;PKD1,Placenta Blood Vessel Development (GO:0060674)
GO:0090521,0.8581604,inf,inf,KANK2;ROCK1,Podocyte Cell Migration (GO:0090521)
GO:0016093,0.8581604,inf,inf,DPM1;DPM3,Polyprenol Metabolic Process (GO:0016093)
GO:0032831,0.8581604,inf,inf,LGALS9;HLA-DRB1,"+ Reg of CD4-+, CD25-+, Alpha-Beta Regulatory T Cell Differentiation (GO:0032831)"
GO:0043372,0.8581604,inf,inf,NCKAP1L;HLA-DRB1,"Positive Regulation of CD4-positive, Alpha-Beta T Cell Differentiation (GO:0043372)"
GO:0002827,0.8581604,inf,inf,IL1R1;IL18,Positive Regulation of T-helper 1 Type Immune Response (GO:0002827)
GO:0048711,0.8581604,inf,inf,NOTCH1;SERPINE2,Positive Regulation of Astrocyte Differentiation (GO:0048711)
GO:1902425,0.8581604,inf,inf,BECN1;HNRNPU,Positive Regulation of Attachment of Mitotic Spindle Microtubules to Kinetochore (GO:1902425)
GO:0045780,0.8581604,inf,inf,SYK;PRKCA,Positive Regulation of Bone Resorption (GO:0045780)
GO:0141111,0.8581604,inf,inf,TAB1;MAP3K7,Positive Regulation of cGAS/STING Signaling Pathway (GO:0141111)
GO:0035563,0.8581604,inf,inf,DTX3L;PARP9,Positive Regulation of Chromatin Binding (GO:0035563)
GO:0040019,0.8581604,inf,inf,RACK1;PLCB1,Positive Regulation of Embryonic Development (GO:0040019)
GO:1902237,0.8581604,inf,inf,NCK2;NCK1,+ Reg of Endoplasmic Reticulum Stress-Induced Intrinsic Apoptotic Sgnlng Pway (GO:1902237)
GO:0060124,0.8581604,inf,inf,GHRL;SELENOT,Positive Regulation of Growth Hormone Secretion (GO:0060124)
GO:0032352,0.8581604,inf,inf,HPN;MIA3,Positive Regulation of Hormone Metabolic Process (GO:0032352)
GO:1901030,0.8581604,inf,inf,GSK3B;GSK3A,+ Reg of Mt Outer Membrane Permeabilization Inv in Apoptotic Sgnlng Pway (GO:1901030)
GO:0090267,0.8581604,inf,inf,DYNC1LI1;TPR,Positive Regulation of Mitotic Cell Cycle Spindle Assembly Checkpoint (GO:0090267)
GO:0034767,0.8581604,inf,inf,TRPC6;STK39,Positive Regulation of Monoatomic Ion Transmembrane Transport (GO:0034767)
GO:0002729,0.8581604,inf,inf,HLA-F;HLA-E,Positive Regulation of Natural Killer Cell Cytokine Production (GO:0002729)
GO:0033690,0.8581604,inf,inf,PPP3CA;HPSE,Positive Regulation of Osteoblast Proliferation (GO:0033690)
GO:0033235,0.8581604,inf,inf,UBA2;SAE1,Positive Regulation of Protein Sumoylation (GO:0033235)
GO:0060316,0.8581604,inf,inf,GSTM2;GSTO1,Positive Regulation of Ryanodine-Sensitive Calcium-Release Channel Activity (GO:0060316)
GO:0048643,0.8581604,inf,inf,NACA;FLOT1,Positive Regulation of Skeletal Muscle Tissue Development (GO:0048643)
GO:0045987,0.8581604,inf,inf,SPHK1;F2R,Positive Regulation of Smooth Muscle Contraction (GO:0045987)
GO:1902307,0.8581604,inf,inf,ATP1B3;ATP1B1,Positive Regulation of Sodium Ion Transmembrane Transport (GO:1902307)
GO:1905832,0.8581604,inf,inf,DYNC1H1;NUMA1,Positive Regulation of Spindle Assembly (GO:1905832)
GO:0090232,0.8581604,inf,inf,DYNC1LI1;TPR,Positive Regulation of Spindle Checkpoint (GO:0090232)
GO:0032373,0.8581604,inf,inf,CETP;LIPG,Positive Regulation of Sterol Transport (GO:0032373)
GO:0045989,0.8581604,inf,inf,CHGA;GSTO1,Positive Regulation of Striated Muscle Contraction (GO:0045989)
GO:0032411,0.8581604,inf,inf,TRPC6;STK39,Positive Regulation of Transporter Activity (GO:0032411)
GO:1905091,0.8581604,inf,inf,HUWE1;VDAC1,Positive Regulation of Type 2 Mitophagy (GO:1905091)
GO:0015824,0.8581604,inf,inf,SLC7A5;SLC3A2,Proline Transport (GO:0015824)
GO:0015732,0.8581604,inf,inf,SLCO3A1;LEP,Prostaglandin Transport (GO:0015732)
GO:0044314,0.8581604,inf,inf,UBR4;TRIM21,Protein K27-linked Ubiquitination (GO:0044314)
GO:0035519,0.8581604,inf,inf,TRAF7;UBE3C,Protein K29-linked Ubiquitination (GO:0035519)
GO:0051204,0.8581604,inf,inf,TMEM126A;MAIP1,Protein Insertion Into Mitochondrial Membrane (GO:0051204)
GO:1905719,0.8581604,inf,inf,HOOK3;SQSTM1,Protein Localization to Perinuclear Region of Cytoplasm (GO:1905719)
GO:0006208,0.8581604,inf,inf,DPYSL2;DPYD,Pyrimidine Nucleobase Catabolic Process (GO:0006208)
GO:0006220,0.8581604,inf,inf,DCTD;DCK,Pyrimidine Nucleotide Metabolic Process (GO:0006220)
GO:0072529,0.8581604,inf,inf,DPYSL2;DPYD,Pyrimidine-Containing Compound Catabolic Process (GO:0072529)
GO:0060816,0.8581604,inf,inf,HNRNPK;HNRNPU,Random Inactivation of X Chromosome (GO:0060816)
GO:0002902,0.8581604,inf,inf,BTK;IRS2,Regulation of B Cell Apoptotic Process (GO:0002902)
GO:0043376,0.8581604,inf,inf,NCKAP1L;SLC4A2,"Regulation of CD8-positive, Alpha-Beta T Cell Differentiation (GO:0043376)"
GO:1904020,0.8581604,inf,inf,APP;UBQLN2,Regulation of G Protein-Coupled Receptor Internalization (GO:1904020)
GO:0051133,0.8581604,inf,inf,LGALS3;HSPH1,Regulation of NK T Cell Activation (GO:0051133)
GO:0002664,0.8581604,inf,inf,HLA-B;LILRB2,Regulation of T Cell Tolerance Induction (GO:0002664)
GO:1903115,0.8581604,inf,inf,STC1;SRI,Regulation of Actin Filament-Based Movement (GO:1903115)
GO:0070857,0.8581604,inf,inf,FGFR4;CES1,Regulation of Bile Acid Biosynthetic Process (GO:0070857)
GO:0010752,0.8581604,inf,inf,PDE2A;THBS1,Regulation of cGMP-mediated Signaling (GO:0010752)
GO:0086036,0.8581604,inf,inf,EHD3;SLC9A1,Regulation of Cardiac Muscle Cell Membrane Potential (GO:0086036)
GO:1900407,0.8581604,inf,inf,BMP7;FBLN5,Regulation of Cellular Response to Oxidative Stress (GO:1900407)
GO:1903722,0.8581604,inf,inf,VPS4B;CHMP2A,Regulation of Centriole Elongation (GO:1903722)
GO:0042749,0.8581604,inf,inf,FXR1;PTGDS,Regulation of Circadian Sleep/Wake Cycle (GO:0042749)
GO:0060159,0.8581604,inf,inf,DTNBP1;VPS35,Regulation of Dopamine Receptor Signaling Pathway (GO:0060159)
GO:0014059,0.8581604,inf,inf,DTNBP1;SNCA,Regulation of Dopamine Secretion (GO:0014059)
GO:0051584,0.8581604,inf,inf,TOR1A;SNCA,Regulation of Dopamine Uptake Involved in Synaptic Transmission (GO:0051584)
GO:0070173,0.8581604,inf,inf,MMP25;SLC4A2,Regulation of Enamel Mineralization (GO:0070173)
GO:1905005,0.8581604,inf,inf,TGFB2;TGFB1,Reg of Epithelial to Mesenchymal Transition Inv in Endocardial Cushion Formation (GO:1905005)
GO:1904889,0.8581604,inf,inf,CLSTN3;LRRC4B,Regulation of Excitatory Synapse Assembly (GO:1904889)
GO:0080154,0.8581604,inf,inf,LHFPL2;PLCB1,Regulation of Fertilization (GO:0080154)
GO:0060123,0.8581604,inf,inf,GHRL;SELENOT,Regulation of Growth Hormone Secretion (GO:0060123)
GO:1902033,0.8581604,inf,inf,TSC22D1;EIF2AK2,Regulation of Hematopoietic Stem Cell Proliferation (GO:1902033)
GO:0070453,0.8581604,inf,inf,ABCB7;TMEM14C,Regulation of Heme Biosynthetic Process (GO:0070453)
GO:1903706,0.8581604,inf,inf,NOTCH2;PURB,Regulation of Hemopoiesis (GO:1903706)
GO:2000345,0.8581604,inf,inf,HPN;RTN4,Regulation of Hepatocyte Proliferation (GO:2000345)
GO:1901841,0.8581604,inf,inf,SRI;NIPSNAP2,Regulation of High Voltage-Gated Calcium Channel Activity (GO:1901841)
GO:0046885,0.8581604,inf,inf,STC2;MIA3,Regulation of Hormone Biosynthetic Process (GO:0046885)
GO:0032650,0.8581604,inf,inf,IL16;CX3CL1,Regulation of Interleukin-1 Alpha Production (GO:0032650)
GO:0090235,0.8581604,inf,inf,DYNC1H1;NUMA1,Regulation of Metaphase Plate Congression (GO:0090235)
GO:0046602,0.8581604,inf,inf,NSFL1C;RANBP1,Regulation of Mitotic Centrosome Separation (GO:0046602)
GO:0010965,0.8581604,inf,inf,TPR;LCMT1,Regulation of Mitotic Sister Chromatid Separation (GO:0010965)
GO:0060688,0.8581604,inf,inf,FGFR2;RTN4,Regulation of Morphogenesis of a Branching Structure (GO:0060688)
GO:0048634,0.8581604,inf,inf,MTPN;TGFB1,Regulation of Muscle Organ Development (GO:0048634)
GO:0002727,0.8581604,inf,inf,HLA-F;HLA-E,Regulation of Natural Killer Cell Cytokine Production (GO:0002727)
GO:0002715,0.8581604,inf,inf,LEP;PIK3R6,Regulation of Natural Killer Cell Mediated Immunity (GO:0002715)
GO:2000756,0.8581604,inf,inf,PRKAA1;DIP2B,Regulation of Peptidyl-Lysine Acetylation (GO:2000756)
GO:0032429,0.8581604,inf,inf,PLAA;PLA2R1,Regulation of Phospholipase A2 Activity (GO:0032429)
GO:1901983,0.8581604,inf,inf,TAOK1;PARK7,Regulation of Protein Acetylation (GO:1901983)
GO:1905634,0.8581604,inf,inf,VCPIP1;VCP,Regulation of Protein Localization to Chromatin (GO:1905634)
GO:1901897,0.8581604,inf,inf,CHGA;HRC,Regulation of Relaxation of Cardiac Muscle (GO:1901897)
GO:1905279,0.8581604,inf,inf,USP7;EIPR1,"Regulation of Retrograde Transport, Endosome to Golgi (GO:1905279)"
GO:0051931,0.8581604,inf,inf,F2R;MGLL,Regulation of Sensory Perception (GO:0051931)
GO:0051930,0.8581604,inf,inf,F2R;MGLL,Regulation of Sensory Perception of Pain (GO:0051930)
GO:0014842,0.8581604,inf,inf,ANGPT1;MSTN,Regulation of Skeletal Muscle Satellite Cell Proliferation (GO:0014842)
GO:0070170,0.8581604,inf,inf,MMP25;ASPN,Regulation of Tooth Mineralization (GO:0070170)
GO:0002828,0.8581604,inf,inf,CD74;IL27RA,Regulation of Type 2 Immune Response (GO:0002828)
GO:0042220,0.8581604,inf,inf,CRHBP;TGM2,Response to Cocaine (GO:0042220)
GO:0033762,0.8581604,inf,inf,GNAS;GCG,Response to Glucagon (GO:0033762)
GO:0070670,0.8581604,inf,inf,SHPK;JAK3,Response to Interleukin-4 (GO:0070670)
GO:0033574,0.8581604,inf,inf,ROCK2;MSN,Response to Testosterone (GO:0033574)
GO:0016127,0.8581604,inf,inf,SNX17;SCARF1,Sterol Catabolic Process (GO:0016127)
GO:0000098,0.8581604,inf,inf,MPST;TSTD1,Sulfur Amino Acid Catabolic Process (GO:0000098)
GO:0000101,0.8581604,inf,inf,SLC7A5;SLC3A2,Sulfur Amino Acid Transport (GO:0000101)
GO:0007271,0.8581604,inf,inf,CHRNE;APOE,"Synaptic Transmission, Cholinergic (GO:0007271)"
GO:0001963,0.8581604,inf,inf,CRHBP;SNCA,"Synaptic Transmission, Dopaminergic (GO:0001963)"
GO:0097091,0.8581604,inf,inf,NLGN1;NRXN1,Synaptic Vesicle Clustering (GO:0097091)
GO:0097479,0.8581604,inf,inf,NLGN1;NRXN1,Synaptic Vesicle Localization (GO:0097479)
GO:0001794,0.8581604,inf,inf,FCGR2A;FCGR3B,Type IIa Hypersensitivity (GO:0001794)
GO:0046415,0.8581604,inf,inf,CARMIL1;MAP4K5,Urate Metabolic Process (GO:0046415)
GO:0016310,0.8619832,1.07751,1.108216,DGKG;GMFG;DGKA;CLSTN1;MYLK;STK10;PPP4R1;TBK1;RPS6KA1;LONP1;AKT1;PRKACB;PRKCB;CSNK2A2;PRKCD;ADAM10;LMTK2;PRKCA;DGKZ;BCR;ILF3;SHPK;MAPKAPK2;BTK;PRKCQ;PRKD2;TNIK;DGKH;CTBP1;PRKDC;PIK3R4;STK39;STK4;KALRN;TKFC;STK38;MARK3;MARK2;NADK;LYN;NEK7;EIF2AK2;GNPTG;FER;CDK5;STK24;WNK1;TOLLIP;COPS2;STK26;CDK2;COPS8;FGFR1;GSK3B;PRKAG1;LIMD1;IKBKB;PPP3CB;CTSG;PRKG1;JAK1;MAP4K2;SYK;MINK1;IRAK3;TYK2;OXSR1;YWHAZ;FGR;HCK;LCK;FAM20C;BIRC6;GAS6;CAMK2B;RNASEL;CAMK2D;PRKAA1;ROCK2;CAMK2A;MAPK9;MAPK1;PTK2B;CSK;FYN;CLASP1;MAP4K4;STAT3;LIMK1;CDC42BPB;CDC42BPA;TEC;TAOK3;TAOK1;PKN2;CAMK1;PKN1,Phosphorylation (GO:0016310)
GO:0090101,0.8635208,1.166246,1.196833,USP15;NOTCH1;TNFAIP6;WFIKKN2;CHRD;CHRDL2;LRRC32;CHRDL1;CRKL;FSTL3;ADAMTSL2;RBPMS2;EMILIN1;RBBP7;SNX6;FST;SORL1;ASPN;DKK3;SPART;TGFBR3;FKBP1A;PPM1A;ADAM17;CILP;CD109;VWC2;STUB1;CDH15;OGT;ENG,- Reg of Transmembrane Receptor Prot Serine/Threonine Kinase Sgnlng Pway (GO:0090101)
GO:0048524,0.8659321,1.231022,1.258073,DDX3X;DHX9;RAD23A;HACD3;DDB1;LARP1;TBC1D20;AXL;CD209;PDE12;VAPB;CCL5;KPNA6;TYRO3;PKN2;PABPC1;PPIA;PPID;ATG5;RAB7A,Positive Regulation of Viral Process (GO:0048524)
GO:0061013,0.8659321,1.231022,1.258073,UPF1;PNPT1;RBM8A;FMR1;EIF4A3;PRKCD;PRKCA;ZC3HAV1;GTPBP1;FXR1;CARHSP1;FXR2;CNOT1;TTC5;KHSRP;APEX1;CAPRIN1;MAPKAPK2;SERBP1;VIM,Regulation of mRNA Catabolic Process (GO:0061013)
GO:0071900,0.8659321,1.231022,1.258073,MAP2K1;MAP2K2;RALB;TSG101;KSR1;CAB39;SRC;SYAP1;LRP5;CIB1;SNF8;STK4;RHOA;LRP6;HGS;PDCD10;CDC37;LONP1;CAMK1;CDK5RAP3,Regulation of Protein Serine/Threonine Kinase Activity (GO:0071900)
GO:0140694,0.8673233,1.114289,1.131812,DDX3X;FMR1;AUP1;LIMD1;EDC3;GOLGA2;EIF4ENIF1;PPP2R1A;SH3PXD2B;UBAP2L;EIF2A;TMOD1;EIF5B;DBNL;EIF1AX;TMOD3;CIRBP;ATXN2L;BSCL2;BIN2;CSDE1;MAPRE1;MYL9;SQSTM1;MAPRE2;DDX6;TUBGCP2;FLII;MOSPD2;FXR1;ATXN2;RNF213;G3BP1;G3BP2;RPS3;DYNC1H1;NPM1;FUS;NEK7;PRRC2C;EIF2S1;LSM4;LSM3;EIF5;WNK1;CAPRIN1;TUBGCP3;DHX29;SUGT1;CDS2;RPS23,Membraneless Organelle Assembly (GO:0140694)
GO:0036211,0.8673233,1.051968,1.068087,ERO1A;GMFG;CLSTN1;F13A1;PLOD2;PPP2R2A;MYLK;UBE2L3;PPP1CB;GOLGA2;PPP1CC;STK10;PPP4R1;TBK1;AKT2;RPS6KA1;LONP1;AKT1;PRKACB;TGM2;PRKCB;CSNK2A2;PRKCD;COG3;ALG2;ALG3;P3H1;ADAM10;LMTK2;PRKCA;ALG1;PHKA2;BCR;TPST1;ILF3;LOX;MAPKAPK2;BTK;PRKCQ;PRKD2;TNIK;RPN2;UBA7;CTBP1;PRKDC;STK39;PIK3R4;DAPP1;STK4;KALRN;FUT1;MTM1;TIMM50;STK38;ST8SIA4;ST8SIA5;ST3GAL6;ATG7;ST3GAL1;MARK3;MARK2;ATG5;LYN;FN3K;UBE2F;YES1;PMM2;NEK7;ST8SIA3;FN1;OGA;EIF2AK2;SSH1;MSRA;PPP5C;PTPRB;FER;COPS5;PTPRC;STK24;WNK1;COPS2;STK26;CDK2;STT3A;UBA3;CPE;MAN2B1;STT3B;COPS8;FGFR1;UBE2M;GSK3B;ST6GALNAC1;SETD3;PTPRS;PRKAG1;PTPRK;TRIOBP;IKBKB;GMPPB;PPP6C;PPP3CA;PPP3CB;CTSG;JAK2;PRKG1;JAK1;MAP4K2;ANXA1;PPP1R12A;PARP1;SYK;MINK1;FN3KRP;IRAK3;TYK2;OXSR1;RABGGTB;UCHL3;RABGGTA;YWHAZ;DDOST;SUMF1;FGR;PPM1A;HCK;PPM1B;CTDSP1;DAD1;LCK;FAM20C;ATG4B;BIRC6;ATG4A;GAS6;IVL;CAMK2B;RNASEL;PRKAA1;CAMK2D;ROCK2;CAMK2A;PDXP;NEDD8;THBS1;PPP2CB;MAPK9;PTPRZ1;MAPK1;PTK2B;CSK;FYN;LCMT1;CLASP1;MAP4K4;UBL4A;ARFGEF1;PTPN1;PTPN18;ATE1;LIMK1;CDC42BPB;PTPN12;CDC42BPA;PPP1CA;TMEM59;COL3A1;TEC;TAOK3;TAOK1;QPCT;MGAT4B;PKN2;PTPN6;PKN1;PTPN7;CAMK1;METAP1;METAP2,Protein Modification Process (GO:0036211)
GO:0051085,0.8673233,1.353916,1.373595,ERO1A;HSPA9;GAK;DNAJB1;HSPA8;SDF2L1;HSPA5;DNAJC7;PTGES3;SDF2;HSPE1;HSPA13,Chaperone Cofactor-Dependent Protein Refolding (GO:0051085)
GO:0040001,0.8673233,1.353916,1.373595,ITGB1;NSFL1C;NUMA1;DCTN1;NDE1;ZW10;INPPL1;MAPRE1;CLASP1;KPNB1;CLASP2;PAFAH1B1,Establishment of Mitotic Spindle Localization (GO:0040001)
GO:0042743,0.8673233,1.353916,1.373595,PRDX3;PRDX2;PRDX5;PRDX4;GPX1;MAOB;GPX3;PRDX1;LRP5;PARK7;MPO;SOD1,Hydrogen Peroxide Metabolic Process (GO:0042743)
GO:0043085,0.8673233,1.353916,1.373595,BCAS3;CHTOP;PLSCR1;B3GAT3;HNRNPU;CIB1;STX4;SSBP1;ATP7A;MAPK14;FGFR4;FXN,Positive Regulation of Catalytic Activity (GO:0043085)
GO:1902414,0.8673233,1.353916,1.373595,TJP1;NLGN1;DLG1;NLGN2;RELN;NRXN1;HEG1;PKN2;FERMT2;JAK1;JAM3;TJP2,Protein Localization to Cell Junction (GO:1902414)
GO:0043113,0.8673233,1.353916,1.373595,CD53;NLGN1;DLG1;ITGA4;LRRC7;NRXN1;DNAJA3;ITGB2;FLNA;MADCAM1;SCRIB;ITGAL,Receptor Clustering (GO:0043113)
GO:0008016,0.8673233,1.353916,1.373595,BMP10;GSK3A;CAMK2D;TGFB2;CELF2;TPM1;ATP2A3;ATP2B4;HRC;ATP2A2;PRKCA;ATP2B1,Regulation of Heart Contraction (GO:0008016)
GO:0032271,0.8673233,1.353916,1.373595,HSP90AA1;PRUNE1;COTL1;ARHGAP18;ARL2;HCLS1;ESAM;ARHGEF7;PFN1;GBA2;CLASP2;METAP2,Regulation of Protein Polymerization (GO:0032271)
GO:0002831,0.8673233,1.353916,1.373595,FGR;CASP8;TKFC;TRIM5;ELMOD2;ERAP1;CD36;LRP8;CX3CL1;APPL2;CD55;ZMPSTE24,Regulation of Response to Biotic Stimulus (GO:0002831)
GO:0032204,0.8673233,1.353916,1.373595,UPF1;USP7;RAD50;MRE11;SRC;XRCC5;LMNA;NEK7;TERF2IP;MAPK1;PRKCQ;MAP3K4,Regulation of Telomere Maintenance (GO:0032204)
GO:0050870,0.8673553,1.151212,1.166786,PRKAA1;TFRC;CD81;DOCK8;SLC7A1;HSPD1;CCL5;NCK2;FLOT2;NCKAP1L;LGALS9;JAK2;YWHAG;CD276;HLA-DPA1;NCK1;VCAM1;ANXA1;ACTL6A;HLA-A;TYK2;LILRB2;CYRIB;PTPRC;CD40LG;CD209;LCK;LEP;PRKCQ;CD47;IL6ST;HLA-DRB3;CD46;HLA-DRB1,Positive Regulation of T Cell Activation (GO:0050870)
GO:0032101,0.8673553,1.151212,1.166786,USP14;CXCR4;PARK7;LRP8;CX3CL1;RELA;ZMPSTE24;UFL1;ARMH4;TKFC;CASP8;TRIM5;CD36;JAK2;APPL2;CD55;APPL1;P2RY12;ANXA1;IL1R1;ELMOD2;F2R;ERAP1;GP1BA;CYRIB;FGR;CYLD;HCK;PSMA6;STK24;SHPK;NMT1;DAGLB;MGLL,Regulation of Response to External Stimulus (GO:0032101)
GO:0006414,0.8771662,1.197893,1.19974,HBS1L;TSFM;GFM1;RNF14;TRIP4;GTPBP2;EEF2;GTPBP1;TUFM;EEF1B2;EEF1G;UFL1;NEMF;EEF1D;DDRGK1;EEF1A2;RACK1;ASCC2;ASCC3;EIF4E2;PELO;CDK5RAP3;GCN1,Translational Elongation (GO:0006414)
GO:0070935,0.8771662,1.579343,1.55565,MAPKAPK2;HNRNPC;MAPK14;TARDBP;ELAVL1;YBX3;HNRNPA0,3'-UTR-mediated mRNA Stabilization (GO:0070935)
GO:0035458,0.8771662,1.579343,1.55565,NDUFA13;IFITM2;PNPT1;STAT1;CAMK2A;UBE2K;IFNAR1,Cellular Response to Interferon-Beta (GO:0035458)
GO:1902476,0.8771662,1.579343,1.55565,SLC12A2;ANO10;SLC4A1;ANO6;LRRC8A;CLCN3;APOL1,Chloride Transmembrane Transport (GO:1902476)
GO:0090557,0.8771662,1.579343,1.55565,TJP1;RAB1A;RAP2B;RAB1B;RAPGEF2;F11R;TJP2,Establishment of Endothelial Intestinal Barrier (GO:0090557)
GO:0043647,0.8771662,1.579343,1.55565,INPP5B;ITPKB;INPP4B;INPP5A;SYNJ1;PPIP5K2;OCRL,Inositol Phosphate Metabolic Process (GO:0043647)
GO:0042953,0.8771662,1.579343,1.55565,SAR1A;PRKCB;SAR1B;SURF4;MIA3;PREB;CD36,Lipoprotein Transport (GO:0042953)
GO:0006376,0.8771662,1.579343,1.55565,SF3A1;SF3A2;PUF60;CELF2;SRSF1;NOL3;SF1,mRNA Splice Site Recognition (GO:0006376)
GO:0043414,0.8771662,1.579343,1.55565,PCMT1;PRMT2;PRMT1;ETF1;FAM98A;LCMT1;GSPT1,Macromolecule Methylation (GO:0043414)
GO:0032400,0.8771662,1.579343,1.55565,BLOC1S5;VPS33A;VPS33B;BLOC1S3;MYO5A;RAB27A;RAB11A,Melanosome Localization (GO:0032400)
GO:0035278,0.8771662,1.579343,1.55565,DDX6;EIF4ENIF1;EIF6;AGO2;LIMD1;EIF4E2;EIF4G1,miRNA-mediated Gene Silencing by Inhibition of Translation (GO:0035278)
GO:0007095,0.8771662,1.579343,1.55565,BABAM1;BABAM2;MRE11;TAOK3;TAOK1;BRCC3;CDK5RAP3,Mitotic G2 DNA Damage Checkpoint Signaling (GO:0007095)
GO:1904063,0.8771662,1.579343,1.55565,CAMK2D;CAB39;BIN1;STK39;PPIF;EPX;MMP9,Negative Regulation of Cation Transmembrane Transport (GO:1904063)
GO:0034111,0.8771662,1.579343,1.55565,SERPINE2;TMX1;PRKCD;RDX;CD9;ALOX12;PRKG1,Negative Regulation of Homotypic Cell-Cell Adhesion (GO:0034111)
GO:0010955,0.8771662,1.579343,1.55565,PRNP;SERPINE2;SERPINE1;SNX12;GAS1;FURIN;THBS1,Negative Regulation of Protein Processing (GO:0010955)
GO:0042119,0.8771662,1.579343,1.55565,ANXA1;FCER1G;SYK;CCL5;PRKCD;CTSG;DNASE1,Neutrophil Activation (GO:0042119)
GO:0002283,0.8771662,1.579343,1.55565,VAMP8;FCER1G;VAMP7;STXBP3;SYK;STXBP2;DNASE1,Neutrophil Activation Involved in Immune Response (GO:0002283)
GO:0170041,0.8771662,1.579343,1.55565,PM20D1;DDAH1;DDAH2;KYAT3;MTHFR;MMUT;ASS1,Non-Proteinogenic Amino Acid Metabolic Process (GO:0170041)
GO:0048709,0.8771662,1.579343,1.55565,EIF2B5;EIF2B4;EIF2B3;EIF2B2;MIOS;PTPRZ1;EIF2B1,Oligodendrocyte Differentiation (GO:0048709)
GO:0070886,0.8771662,1.579343,1.55565,PPP3CA;PTBP1;PPP3CB;PPP3R1;CIB1;IGF1;SLC9A1,Positive Regulation of calcineurin-NFAT Signaling Cascade (GO:0070886)
GO:0106058,0.8771662,1.579343,1.55565,PPP3CA;PTBP1;PPP3CB;PPP3R1;CIB1;IGF1;SLC9A1,Positive Regulation of Calcineurin-Mediated Signaling (GO:0106058)
GO:0010714,0.8771662,1.579343,1.55565,PRDX5;TGFB1;RGCC;F2R;SUCO;VIM;VSIR,Positive Regulation of Collagen Metabolic Process (GO:0010714)
GO:0002230,0.8771662,1.579343,1.55565,TOMM70;HSP90AA1;MAVS;DTX3L;STING1;STAT1;PARP9,Positive Regulation of Defense Response to Virus by Host (GO:0002230)
GO:0032733,0.8771662,1.579343,1.55565,CD40LG;SYK;STAT3;PLCG2;LGALS9;CD46;HSPD1,Positive Regulation of Interleukin-10 Production (GO:0032733)
GO:0045931,0.8771662,1.579343,1.55565,DUSP3;CUL3;SPHK1;PRKCA;PKN2;EIF4E;LGMN,Positive Regulation of Mitotic Cell Cycle (GO:0045931)
GO:1900748,0.8771662,1.579343,1.55565,ITGB1;VTN;ADGRG1;TNXB;ITGB3;ITGA5;JCAD,Positive Regulation of Vascular Endothelial Growth Factor Signaling Pathway (GO:1900748)
GO:0051291,0.8771662,1.579343,1.55565,CPSF7;MAT2A;PRKD2;FARSA;HSD17B8;PKD1;FARSB,Protein Heterooligomerization (GO:0051291)
GO:0045050,0.8771662,1.579343,1.55565,MMGT1;WNK1;EMC2;EMC3;EMC10;EMC7;EMC8,Protein Insertion Into ER Membrane by Stop-Transfer Membrane-Anchor Sequence (GO:0045050)
GO:0072665,0.8771662,1.579343,1.55565,SH3GLB1;RRAGC;CD81;MFSD1;LAMTOR4;RTN4;LAMTOR5,Protein Localization to Vacuole (GO:0072665)
GO:0070206,0.8771662,1.579343,1.55565,APP;PNPT1;MLKL;SCARA5;ITLN1;SLC1A5;S100A9,Protein Trimerization (GO:0070206)
GO:0009206,0.8771662,1.579343,1.55565,ATP5F1B;TGFB1;IMPDH2;ATP5PO;PRKAG2;ATP5F1C;SLC25A13,Purine Ribonucleoside Triphosphate Biosynthetic Process (GO:0009206)
GO:1903894,0.8771662,1.579343,1.55565,PTPN1;UFL1;COPS5;HSPA5;DDRGK1;TMEM33;BAX,Regulation of IRE1-mediated Unfolded Protein Response (GO:1903894)
GO:0002724,0.8771662,1.579343,1.55565,TRAF6;HLA-A;HLA-F;TANK;MAP3K7;CD55;TRPM4,Regulation of T Cell Cytokine Production (GO:0002724)
GO:0098901,0.8771662,1.579343,1.55565,CAMK2D;DLG1;JUP;PKP2;ATP2A2;DSG2;TRPM4,Regulation of Cardiac Muscle Cell Action Potential (GO:0098901)
GO:0070723,0.8771662,1.579343,1.55565,SMAD2;TGFB1;PMVK;MLC1;GPLD1;LRP6;CES1,Response to Cholesterol (GO:0070723)
GO:0003281,0.8771662,1.579343,1.55565,TGFBR3;TGFB2;NOTCH1;HECTD1;PDE2A;MATR3;ZFPM1,Ventricular Septum Development (GO:0003281)
GO:0022408,0.8795645,1.26931,1.244991,NOTCH1;JAG1;TGFB1;RDX;PRG2;MIA3;PPM1F;ASS1;PTK2;RGCC;EPCAM;PODXL;WNK1;MYADM;AKT1,Negative Regulation of Cell-Cell Adhesion (GO:0022408)
GO:0032722,0.8795645,1.26931,1.244991,APP;CSF1R;CD74;DDX3X;TGFB1;SYK;IL18;PRG2;LPL;EIF2AK2;AZU1;IL17RA;MAVS;OAS3;LGALS9,Positive Regulation of Chemokine Production (GO:0032722)
GO:0070534,0.8795645,1.26931,1.244991,KCMF1;TANK;ITCH;RNF213;TRIM5;TRAF6;NEDD4;ARIH2;UBE2V2;UBE2O;STUB1;UBE2V1;TRIM21;TRIM65;TRIM56,Protein K63-linked Ubiquitination (GO:0070534)
GO:0001933,0.8948123,1.140369,1.097296,PRKDC;MVP;HSPB1;PRKAG2;CIB1;FBLN1;PARK7;CORO1C;CHORDC1;RACK1;CDK5RAP3;YWHAG;RTRAF;SNCA;LYN;NIBAN1;DMTN;REXO2;SIRT2;WARS1;DNAJC3;PTPRC;PARD3;DNAJA3;GNAQ;DNAJC10;FKBP8;TERF2IP;PKN2;TARDBP;PPIA;EIF4G1,Negative Regulation of Protein Phosphorylation (GO:0001933)
GO:0006606,0.8948123,1.140369,1.097296,CSE1L;HIKESHI;STK4;IPO7;PHB2;IPO4;IPO5;EIF4ENIF1;IPO9;TPR;KPNA6;AKT1;KPNA4;TNPO1;MAP4K5;KPNA3;TNPO2;APPL2;TNPO3;APPL1;KPNA1;NUP214;SEC13;NPM1;SYK;MMAB;RPL23;STAT3;NUTF2;STK24;KPNB1;RAN,Protein Import Into Nucleus (GO:0006606)
GO:0051492,0.8948123,1.140369,1.097296,NRP1;ROCK1;ROCK2;FHOD1;WAS;PIK3R1;F11R;ARHGAP6;PPM1F;SLC9A1;CDC42;STMN1;PPFIA1;CCN2;WASF2;CLASP1;CLASP2;CARMIL1;TPM1;LIMK1;TSC1;ARAP1;RHOA;TJP1;CCDC88A;RGCC;EVL;PKN2;CD47;PKN1;PFN1;FERMT2,Regulation of Stress Fiber Assembly (GO:0051492)
GO:0043542,0.8970692,1.218552,1.167145,NRP1;STAT1;FN1;FSTL1;CORO1B;RHOA;CDH5;GIPC1;RAB13;S100A12;CDH13;MYH9;S100P;PRSS3;S100A9;SCG2;S100A8;S100A7,Endothelial Cell Migration (GO:0043542)
GO:0002573,0.8970692,1.218552,1.167145,CSF1R;NPM1;CSF1;PARP1;GLO1;CLSTN1;PDE2A;SLC4A2;MAPK14;MMP9;CDC42;IL1RL1;CASP8;KIT;MYH9;PRTN3;LGALS9;HLA-DRB1,Myeloid Leukocyte Differentiation (GO:0002573)
GO:0018205,0.8970692,1.218552,1.167145,VPS33B;LOXL3;PLOD3;PLOD2;PLOD1;RANGAP1;SIRT2;SIRT3;HINT1;TRIM28;LOX;BLOC1S1;NDUFAB1;UBA2;VIPAS39;SAE1;IVL;TRPM4,Peptidyl-Lysine Modification (GO:0018205)
GO:2000785,0.8970692,1.218552,1.167145,SH3GLB1;RALB;RAB1B;WIPI1;SNX30;MTOR;MTM1;EFNB1;SCFD1;SNX18;PIP4K2A;RAB3GAP2;PIP4K2B;PIP4K2C;SEC22B;RAB5A;RAB3GAP1;UBQLN2,Regulation of Autophagosome Assembly (GO:2000785)
GO:0097191,0.9080426,1.184717,1.114847,GSK3B;GSK3A;TGFB2;DDX3X;TGFB1;DIABLO;SORT1;TRADD;CIB1;INHBA;CASP8;BAG3;BLOC1S2;FASN;BAX;ITGAV;RIPK1;JAK2;BID;FGFR3;BCL2L1,Extrinsic Apoptotic Signaling Pathway (GO:0097191)
GO:0045824,0.9080426,1.184717,1.114847,USP15;PARP1;STAT2;TRAFD1;IRAK3;NMI;REXO2;YWHAZ;MAVS;RPS19;OAS3;LONP1;TYRO3;SERPING1;BANF1;PTPN6;VSIG4;TTLL12;EIF4E2;TRIM21;ATG5,Negative Regulation of Innate Immune Response (GO:0045824)
GO:0034341,0.9080426,1.184717,1.114847,IFITM3;CD74;IFITM2;STAT1;ATL1;CAMK2A;BST2;SYNCRIP;EPRS1;PDE12;CCL5;DNAJA3;LONP1;LGALS9;CD47;CD58;TRIM21;GAPDH;SHFL;HLA-DPA1;SNCA,Response to Type II Interferon (GO:0034341)
GO:0002040,0.9080426,1.184717,1.114847,NRP1;TGFB1;NAXE;ANGPT1;FLT4;CTNND1;VEGFC;MIA3;THBS1;CDH5;ESM1;RNF213;EHD4;MICALL1;OTULIN;PACSIN2;AKT1;CDH13;PTK2B;GPLD1;ENG,Sprouting Angiogenesis (GO:0002040)
GO:0007416,0.9080426,1.184717,1.114847,NLGN1;DBNL;NLGN2;CLSTN3;NRXN1;LRRC4;PCDHB14;DNM3;SDK1;CDH2;CDK5;PCDHB2;SLITRK1;PLXNB3;PLXNB2;NRCAM;PLXNB1;SRGAP2;SHANK3;PLXNA4;SDK2,Synapse Assembly (GO:0007416)
GO:0046464,0.9080426,1.353738,1.266769,PM20D1;LYPLA2;LIPC;ABHD16A;LIPG;LPL;APOC3;DAGLB;APOA5;MGLL,Acylglycerol Catabolic Process (GO:0046464)
GO:0043277,0.9080426,1.353738,1.266769,FCN1;FCN3;ANXA1;ITGB3;TYRO3;TIMD4;ITGAV;GAS6;THBS1;TGM2,Apoptotic Cell Clearance (GO:0043277)
GO:0043534,0.9080426,1.353738,1.266769,NRP1;CDH5;EHD4;CTNND1;MICALL1;PACSIN2;AKT1;MYH9;MIA3;GPLD1,Blood Vessel Endothelial Cell Migration (GO:0043534)
GO:0046942,0.9080426,1.353738,1.266769,SLC7A5;SLC6A6;ABCC1;SLC16A1;SLC17A5;SLC25A10;SLC3A2;SLC1A5;SLC16A3;SLC7A1,Carboxylic Acid Transport (GO:0046942)
GO:0007042,0.9080426,1.353738,1.266769,ATP6V1A;LAMP1;ATP6AP2;ATP6V1H;TMEM9;ATP6V0C;ATP6V1D;CLN5;ATP6V0A1;ATP6V1F,Lysosomal Lumen Acidification (GO:0007042)
GO:1901889,0.9080426,1.353738,1.266769,DUSP22;IKBKB;DMTN;ROCK1;ROCK2;SRC;ARHGAP6;THBS1;CORO1C;CLASP2,Negative Regulation of Cell Junction Assembly (GO:1901889)
GO:0120033,0.9080426,1.353738,1.266769,LIMA1;LUZP1;NRXN1;GDI2;PRKCD;PLXNB3;AKT1;EVL;EVI5L;WDR44,Negative Regulation of Plasma Membrane Bounded Cell Projection Assembly (GO:0120033)
GO:0030518,0.9080426,1.353738,1.266769,CALCOCO1;DDX5;RNF14;SRC;WBP2;NEDD4;MAPK1;TRIP4;UBE3A;PARK7,Nuclear Receptor-Mediated Steroid Hormone Signaling Pathway (GO:0030518)
GO:0015748,0.9080426,1.353738,1.266769,OSBPL8;VAPA;PITPNB;MTTP;PITPNA;OSBP;OSBPL2;LDLR;PLTP;PITPNC1,Organophosphate Ester Transport (GO:0015748)
GO:0008654,0.9080426,1.353738,1.266769,IDI1;FDPS;PCYT2;VAPA;DOLPP1;OSBP;LPCAT1;FAR1;HDHD5;AGPAT3,Phospholipid Biosynthetic Process (GO:0008654)
GO:1901186,0.9080426,1.353738,1.266769,CCDC88A;RALA;RALB;TGFB1;AGR2;CBL;MMP9;CNOT9;RTN4;ADRA2A,Positive Regulation of ERBB Signaling Pathway (GO:1901186)
GO:0002092,0.9080426,1.353738,1.266769,ATAD1;APP;CD63;ANGPT1;EGF;TBC1D5;FMR1;PCSK9;ARRB1;ARRB2,Positive Regulation of Receptor Internalization (GO:0002092)
GO:0051281,0.9080426,1.353738,1.266769,CEMIP;GSTM2;ASPH;GSTO1;F2R;PRKD2;SRI;CX3CL1;SNCA;F2RL3,Positive Regulation of Release of Sequestered Calcium Ion Into Cytosol (GO:0051281)
GO:1903053,0.9080426,1.353738,1.266769,EFEMP2;NOTCH1;LAMA2;LAMA1;LAMB1;LAMC1;NID1;FGFR4;LMNB2;DDR2,Regulation of Extracellular Matrix Organization (GO:1903053)
GO:0010821,0.9080426,1.353738,1.266769,MTCH2;SLC30A9;RHOT1;INF2;STAT2;RAP1GDS1;PDE2A;VPS35;CYRIB;SQSTM1,Regulation of Mitochondrion Organization (GO:0010821)
GO:0090313,0.9080426,1.353738,1.266769,PRNP;C2CD5;CEMIP;ITGAM;DMTN;GDI1;ITGB2;CHORDC1;CIB1;FYN,Regulation of Protein Targeting to Membrane (GO:0090313)
GO:0051604,0.9103109,1.083452,0.9949902,CISD1;ECE1;PCSK6;PCSK5;CTSS;CHCHD4;NFU1;IKBKB;CASP8;FNTA;CASP3;DDI2;CPNE1;CTSG;CIAO2A;SRGN;TESC;ADAM10;F7;ADAM17;MMP14;DNAJB11;ATG4B;ATG4A;RAP1GDS1;FURIN;AEBP1;TSPAN33;CIAO1;ZMPSTE24;HSPD1;NCSTN;ADAMTS13;PITRM1;AASDHPPT;NAA50;NAA10;GALNT2;AZU1;UBAC1;FKBP1A;TSPAN15;CCS;TSPAN14;BMP1;NDUFAB1;CPE;TLL2;MMS19;TLL1;CALR;NAA15;OGT;METAP1;LGMN;METAP2,Protein Maturation (GO:0051604)
GO:0071248,0.9103109,1.142432,1.04896,CLIC4;CAMK2D;NLGN1;PRKAA1;NRXN1;IQGAP1;RASGRP2;ADD1;CRHBP;CPNE1;PLCG2;CPNE3;CPNE2;SLC25A24;SNCA;SLC12A2;PRNP;NEK7;ITPKB;ASPH;TFR2;SLFN14;PPIF;PRKD2;MICU2;MICU1;LGMN,Cellular Response to Metal Ion (GO:0071248)
GO:0006820,0.9103109,1.257057,1.141762,CLIC4;TTYH3;SLC4A1;ANO6;SLC4A2;PANX1;CLCN4;SLC17A5;LRRC8D;VDAC2;LRRC8A;VDAC1;CLIC1,Monoatomic Anion Transport (GO:0006820)
GO:0039532,0.9103109,1.257057,1.141762,PTPRS;PARP1;PRKDC;PPP6C;ITCH;TKFC;NPLOC4;C1QBP;PCBP2;AKT1;UFD1;BANF1;LYPLAL1,Negative Regulation of Cytoplasmic Pattern Recognition Receptor Signaling Pathway (GO:0039532)
GO:0001937,0.9103109,1.257057,1.141762,SPARC;STAT1;GDF2;SYNJ2BP;THBS1;ATP5F1A;RGCC;PDCD10;MMRN2;GHRL;APOE;SCG2;ENG,Negative Regulation of Endothelial Cell Proliferation (GO:0001937)
GO:1903556,0.9103109,1.257057,1.141762,ARG2;IRAK3;DICER1;IGF1;THBS1;CX3CL1;VSIR;FXR1;GHRL;PTPN6;LBP;LGALS9;GAS6,Negative Regulation of Tumor Necrosis Factor Superfamily Cytokine Production (GO:1903556)
GO:0009311,0.9103109,1.257057,1.141762,ST6GALNAC1;B4GALT1;ST8SIA3;NAGA;FUT1;FUT8;ST8SIA4;ST8SIA5;ST3GAL6;MAN2C1;MAN1B1;GAL3ST4;MPDU1,Oligosaccharide Metabolic Process (GO:0009311)
GO:0000381,0.9103109,1.257057,1.141762,KHDRBS1;DDX5;RBM8A;CELF2;FMR1;HNRNPU;HNRNPL;PTBP1;PUF60;THRAP3;RBPMS2;SAP18;RBMX,"Regulation of Alternative mRNA Splicing, via Spliceosome (GO:0000381)"
GO:0050920,0.9103109,1.257057,1.141762,P2RY12;PDGFRB;USP14;PDGFRA;DUSP3;TGFB1;MYCBP2;CXCR4;CYRIB;THBS1;PPM1F;STX4;ELANE,Regulation of Chemotaxis (GO:0050920)
GO:1903670,0.9103109,1.257057,1.141762,CEMIP2;PIK3CB;SYNJ2BP;FUT1;THBS1;EPN1;TJP1;PKM;TNN;DSG2;ITGA5;JAK1;TGM2,Regulation of Sprouting Angiogenesis (GO:1903670)
GO:0032872,0.9103109,1.257057,1.141762,IGBP1;MAP2K1;TGFB2;MAP2K2;CARD9;EIF2AK2;QARS1;TAOK3;PDCD10;FASN;TAOK1;MAPK1;PPIA,Regulation of Stress-Activated MAPK Cascade (GO:0032872)
GO:0033209,0.9103109,1.257057,1.141762,CHUK;STAT1;TRADD;ILK;TANK;COMMD7;RELA;IKBKB;TMSB4X;PTK2B;RIPK1;JAK2;LIMS1,Tumor Necrosis Factor-Mediated Signaling Pathway (GO:0033209)
GO:0010468,0.9103109,1.034436,0.9277449,RPL5;APP;TFRC;TSKU;RPL6;CRKL;UBE2L3;NAMPT;CPNE1;AKT1;VPS35;LGALS9;TRIM21;ICOSLG;RPL23;DICER1;CLDN5;CLDN3;PRKAR1A;PRKCQ;EZR;CRABP2;HPN;LARP1;PDCD10;STC2;PLCG2;APOE;LYN;RDX;PDE2A;FN1;RAB27A;TRIP4;SNF8;IGF1;HNRNPL;FUBP3;CILP;HNRNPF;FUBP1;HNRNPD;CALR;LGMN;SNX12;LIMD1;VSIR;C1QTNF3;HINT1;CSRP1;TRIM4;TRIM5;CHMP1A;RACK1;CTSH;ANXA7;CD36;CD34;PRMT5;BTN3A1;PRMT2;IFNGR1;PRMT1;TESC;ACTL6A;PRMT3;BTN3A2;PARP9;SIRT2;SLC7A5;FCER2;PLSCR1;HCLS1;HNRNPH3;CD46;GAS6;ENG;RAMP3;SF3B3;MYCBP;AHNAK;SRRT;RPL11;RELA;PPP2CB;AGR2;RPS3;CD74;SORT1;STAT3;PDCL3;TARDBP;LIMS1;LAMTOR5;PF4;TOR2A;CSF1;PDCD5;CLSTN1;PARK7;CELSR2;CLU;CDH5;EFEMP1;POFUT1;RUVBL2;RUVBL1;MAP2K1;MAP2K2;RPS7;ADAM10;CNPY2;ATP1B1;HGS;ERP29;MYADM;MATR3;UBE2V1;S100A9;NOTCH2;KHDRBS1;NOTCH1;FBLN1;AEBP1;NTS;HNRNPDL;DDRGK1;RIPK1;CD276;SMAD2;TGFB2;TGFB1;FUS;DENND4A;EPHX2;NONO;MSN;INHBA;BMP7;NFKB1;NFKB2;PTPRC;RGCC;PROC;CDK2;FGFR4;PICALM;GSK3B;GSK3A;CALCOCO1;DDX3X;RNF14;PIK3CB;YBX1;YBX3;PTBP1;RO60;CASP8;SNRNP70;ZC3H7B;ITGAX;FLOT2;EMILIN1;ERC1;GPX1;TAPBP;PTBP3;DNM2;TGFBR3;SFPQ;TRIM58;TERF2IP;CDH15;PFDN5;HDAC5;COLEC11;PRKAA1;ROCK1;ROCK2;NRXN1;SRSF1;PPM1F;HDAC6;MAPK9;TTR;ASCC2;BPNT1;IGF2BP2;RBBP7;NTRK2;ANGPT1;EGF;ATP2B4;DTNBP1;MAPK14;HNRNPAB;WARS1;CARM1;FAM98A;ZPR1,Regulation of Gene Expression (GO:0010468)
GO:0050658,0.9103109,1.20335,1.071725,NUP214;PNPT1;TSTD1;FMR1;RFTN1;YBX1;CKAP5;FXR1;ATXN2;FXR2;TPR;HNRNPA2B1;FLOT1;SIDT1;KPNB1;RTRAF,RNA Transport (GO:0050658)
GO:1901137,0.9103109,1.20335,1.071725,UBL4A;ALG8;TPI1;ALG5;ALG2;ALG3;ALG1;ALG11;DPM1;SCCPDH;RRM2B;RFT1;ST3GAL6;TKT;GAL3ST4;MPDU1,Carbohydrate Derivative Biosynthetic Process (GO:1901137)
GO:0006749,0.9103109,1.20335,1.071725,UBL4A;GSTK1;GSTM3;GGT7;GSTM2;GPX1;GSTO1;GSR;MGST2;OPLAH;SOD1;GSTZ1;GCLC;ETHE1;HAGH;GCLM,Glutathione Metabolic Process (GO:0006749)
GO:0046854,0.9103109,1.20335,1.071725,BECN1;CLSTN1;PIK3R4;TTC7B;PIK3CB;PIK3R1;PIK3CG;ITPKB;EFR3A;PI4KA;PIP4K2A;PIP4K2B;PIK3C3;PIP4K2C;PIP5K1C;PI4K2A,Phosphatidylinositol Phosphate Biosynthetic Process (GO:0046854)
GO:0010718,0.9103109,1.20335,1.071725,SMAD2;TGFB2;NOTCH1;TNXB;JAG1;TGFB1;TGFB1I1;MTOR;PTK2;COL1A1;SDCBP;DAB2;RGCC;GLIPR2;CTNNB1;FERMT2,Positive Regulation of Epithelial to Mesenchymal Transition (GO:0010718)
GO:0050731,0.9103109,1.20335,1.071725,CSF1R;PTPN1;TGFB1;ANGPT1;RIPK2;IL18;PARP9;THBS4;BANK1;KIT;CASS4;CCM2;CSPG4;ARHGEF2;JAK2;FGFR3,Positive Regulation of Peptidyl-Tyrosine Phosphorylation (GO:0050731)
GO:0042100,0.9103109,1.691932,1.499254,CD40LG;PTPRC;CTPS1;MS4A1;HSPD1,B Cell Proliferation (GO:0042100)
GO:0006307,0.9103109,1.691932,1.499254,FTO;USP7;USP9X;ASCC2;ASCC3,DNA Alkylation Repair (GO:0006307)
GO:0038128,0.9103109,1.691932,1.499254,CUL5;EGF;SRC;CPNE3;STUB1,ERBB2 Signaling Pathway (GO:0038128)
GO:0006563,0.9103109,1.691932,1.499254,SHMT2;SHMT1;SBDS;SDSL;SERINC3,L-serine Metabolic Process (GO:0006563)
GO:0000394,0.9103109,1.691932,1.499254,DDX1;RTCB;ZBTB8OS;FAM98A;RTRAF,"RNA Splicing, via Endonucleolytic Cleavage and Ligation (GO:0000394)"
GO:0035493,0.9103109,1.691932,1.499254,VAMP8;STXBP1;VAMP4;SNCA;VAMP3,SNARE Complex Assembly (GO:0035493)
GO:0071875,0.9103109,1.691932,1.499254,CHGA;AKAP13;GNAS;RAPGEF2;ADRA2A,Adrenergic Receptor Signaling Pathway (GO:0071875)
GO:0071312,0.9103109,1.691932,1.499254,CRHBP;GSTM2;CASP6;CASP3;TGM2,Cellular Response to Alkaloid (GO:0071312)
GO:0071378,0.9103109,1.691932,1.499254,STAT3;IGF1;PIK3R1;JAK2;PTK2,Cellular Response to Growth Hormone Stimulus (GO:0071378)
GO:0038065,0.9103109,1.691932,1.499254,UBASH3B;ITGA2;GP6;JAK2;DDR2,Collagen-Activated Signaling Pathway (GO:0038065)
GO:0009953,0.9103109,1.691932,1.499254,BMP1;CHRD;TLL2;TLL1;AIDA,Dorsal/Ventral Pattern Formation (GO:0009953)
GO:0097192,0.9103109,1.691932,1.499254,GSK3B;GSK3A;BAX;ITGAV;BCL2L1,Extrinsic Apoptotic Signaling Pathway in Absence of Ligand (GO:0097192)
GO:0044042,0.9103109,1.691932,1.499254,GSK3B;UGP2;GBE1;PRKAG2;PYGL,Glucan Metabolic Process (GO:0044042)
GO:0007215,0.9103109,1.691932,1.499254,FMR1;GNAQ;PTK2B;FYN;PLCB1,Glutamate Receptor Signaling Pathway (GO:0007215)
GO:0006027,0.9103109,1.691932,1.499254,CEMIP;TGFB1;IDS;GUSB;GNS,Glycosaminoglycan Catabolic Process (GO:0006027)
GO:0007616,0.9103109,1.691932,1.499254,PRNP;RELN;LRRN4;APOE;LDLR,Long-Term Memory (GO:0007616)
GO:0048247,0.9103109,1.691932,1.499254,SLC12A2;CLSTN1;SAA2;GAS6;PIK3CG,Lymphocyte Chemotaxis (GO:0048247)
GO:0000462,0.9103109,1.691932,1.499254,RPS16;RPS19;RPS8;RPS21;WDR43,Maturation of SSU-rRNA Frm Tricistronic rRNA Trnscpt (GO:0000462)
GO:0030049,0.9103109,1.691932,1.499254,MYL6;TTR;TPM1;MYL6B;MYH7,Muscle Filament Sliding (GO:0030049)
GO:0046007,0.9103109,1.691932,1.499254,PRNP;PRKAR1A;CRTAM;SCRIB;LGALS9,Negative Regulation of Activated T Cell Proliferation (GO:0046007)
GO:2000048,0.9103109,1.691932,1.499254,NOTCH1;RGCC;TGFB1;EPCAM;PPM1F,Negative Regulation of Cell-Cell Adhesion Mediated by Cadherin (GO:2000048)
GO:1902548,0.9103109,1.691932,1.499254,ANGPT1;ATP2B4;EMILIN1;PIK3CB;DCN,Negative Regulation of Cellular Response to Vascular Endothelial Growth Factor Stimulus (GO:1902548)
GO:0032682,0.9103109,1.691932,1.499254,SIGIRR;C1QTNF3;OAS3;LGALS9;ELANE,Negative Regulation of Chemokine Production (GO:0032682)
GO:2000402,0.9103109,1.691932,1.499254,RIPOR2;LRCH1;AKT1;MIA3;CD69,Negative Regulation of Lymphocyte Migration (GO:2000402)
GO:0050686,0.9103109,1.691932,1.499254,PTBP1;C1QBP;SAP18;RBMX;SRSF7,Negative Regulation of mRNA Processing (GO:0050686)
GO:0048025,0.9103109,1.691932,1.499254,PTBP1;C1QBP;SAP18;RBMX;SRSF7,"Negative Regulation of mRNA Splicing, via Spliceosome (GO:0048025)"
GO:0070862,0.9103109,1.691932,1.499254,ERLEC1;OS9;YOD1;SVIP;UBE2J1,Negative Regulation of Protein Exit From Endoplasmic Reticulum (GO:0070862)
GO:1904153,0.9103109,1.691932,1.499254,ERLEC1;OS9;YOD1;SVIP;UBE2J1,"Negative Regulation of Retrograde Protein Transport, ER to Cytosol (GO:1904153)"
GO:2000272,0.9103109,1.691932,1.499254,CRHBP;RAMP3;TSG101;VPS25;SNX6,Negative Regulation of Signaling Receptor Activity (GO:2000272)
GO:0014003,0.9103109,1.691932,1.499254,EIF2B5;EIF2B4;EIF2B3;EIF2B2;EIF2B1,Oligodendrocyte Development (GO:0014003)
GO:0038066,0.9103109,1.691932,1.499254,MAP2K3;MAPK14;MAP3K7;MAP3K4;MAP3K5,p38MAPK Cascade (GO:0038066)
GO:0036151,0.9103109,1.691932,1.499254,MBOAT7;LPCAT3;LPCAT1;MBOAT2;PLA2G4A,Phosphatidylcholine Acyl-Chain Remodeling (GO:0036151)
GO:1901021,0.9103109,1.691932,1.499254,GSTM2;ASPH;GSTO1;PRKD2;SLC9A1,Positive Regulation of Calcium Ion Transmembrane Transporter Activity (GO:1901021)
GO:0010647,0.9103109,1.691932,1.499254,GPNMB;CLSTN3;CLSTN1;ILK;PTPN23,Positive Regulation of Cell Communication (GO:0010647)
GO:0045542,0.9103109,1.691932,1.499254,PRKAA1;MAPK1;PRKCA;GNAI1;KPNB1,Positive Regulation of Cholesterol Biosynthetic Process (GO:0045542)
GO:0061003,0.9103109,1.691932,1.499254,CAMK2B;RELN;CAPRIN1;LRP8;DBN1,Positive Regulation of Dendritic Spine Morphogenesis (GO:0061003)
GO:0010952,0.9103109,1.691932,1.499254,RCN3;VCP;DDRGK1;TANK;VSIR,Positive Regulation of Peptidase Activity (GO:0010952)
GO:0060100,0.9103109,1.691932,1.499254,RAB31;PLCG2;ANO6;NCKAP1L;APPL2,"Positive Regulation of Phagocytosis, Engulfment (GO:0060100)"
GO:2001140,0.9103109,1.691932,1.499254,CETP;TMEM30A;DBI;APOE;PRAP1,Positive Regulation of Phospholipid Transport (GO:2001140)
GO:0090200,0.9103109,1.691932,1.499254,FAM162A;TNFSF10;BAX;BID;MMP9,Positive Regulation of Release of Cytochrome C From Mitochondria (GO:0090200)
GO:0106120,0.9103109,1.691932,1.499254,PRKAA1;MAPK1;PRKCA;GNAI1;KPNB1,Positive Regulation of Sterol Biosynthetic Process (GO:0106120)
GO:0034764,0.9103109,1.691932,1.499254,C2CD5;ARL6IP1;CA2;ACSL5;ANO6,Positive Regulation of Transmembrane Transport (GO:0034764)
GO:0055075,0.9103109,1.691932,1.499254,SLC12A2;YWHAE;ATP1B3;PRKCA;ATP1B1,Potassium Ion Homeostasis (GO:0055075)
GO:0090435,0.9103109,1.691932,1.499254,LMNA;TOR1AIP2;NUTF2;LMNB2;LMNB1,Protein Localization to Nuclear Envelope (GO:0090435)
GO:1905664,0.9103109,1.691932,1.499254,PPP3CA;PRNP;PPP3CB;PPP3R1;FYN,Regulation of Calcium Ion Import Across Plasma Membrane (GO:1905664)
GO:0033632,0.9103109,1.691932,1.499254,PODXL;WNK1;CCL5;PIEZO1;FERMT3,Regulation of Cell-Cell Adhesion Mediated by Integrin (GO:0033632)
GO:1903844,0.9103109,1.691932,1.499254,SMAD2;TGFBR3;LTBP4;DKK3;ENG,Regulation of Cellular Response to Transforming Growth Factor Beta Stimulus (GO:1903844)
GO:0010885,0.9103109,1.691932,1.499254,EHD1;LPL;APOB;TTC39B;CES1,Regulation of Cholesterol Storage (GO:0010885)
GO:2001198,0.9103109,1.691932,1.499254,LGALS3;LGALS1;HLA-B;LGALS9;LILRB2,Regulation of Dendritic Cell Differentiation (GO:2001198)
GO:1901028,0.9103109,1.691932,1.499254,GSK3B;GSK3A;SLC25A5;BCL2L1;SLC25A6,Reg of Mt Outer Membrane Permeabilization Inv in Apoptotic Sgnlng Pway (GO:1901028)
GO:0045655,0.9103109,1.691932,1.499254,APCS;CD74;CSF1;FES;HLA-DRB1,Regulation of Monocyte Differentiation (GO:0045655)
GO:0099601,0.9103109,1.691932,1.499254,CRHBP;NLGN1;NLGN2;RELN;MINK1,Regulation of Neurotransmitter Receptor Activity (GO:0099601)
GO:0002082,0.9103109,1.691932,1.499254,VCP;SHMT2;PPIF;ATP7A;SIRT3,Regulation of Oxidative Phosphorylation (GO:0002082)
GO:1900044,0.9103109,1.691932,1.499254,DDX3X;RIPK2;UBE2V2;PLAA;UBE2V1,Regulation of Protein K63-linked Ubiquitination (GO:1900044)
GO:1904779,0.9103109,1.691932,1.499254,GSK3B;NSFL1C;PROC;RAB11FIP3;RAB11A,Regulation of Protein Localization to Centrosome (GO:1904779)
GO:0061097,0.9103109,1.691932,1.499254,CSF1R;PTPN1;RAP2B;MVP;CASS4,Regulation of Protein Tyrosine Kinase Activity (GO:0061097)
GO:0060314,0.9103109,1.691932,1.499254,FKBP1A;CAMK2D;GSTM2;GSTO1;SRI,Regulation of Ryanodine-Sensitive Calcium-Release Channel Activity (GO:0060314)
GO:0050810,0.9103109,1.691932,1.499254,CHGA;ASAH1;FGFR4;BMP5;CES1,Regulation of Steroid Biosynthetic Process (GO:0050810)
GO:0098911,0.9103109,1.691932,1.499254,DLG1;JUP;PKP2;DSG2;TRPM4,Regulation of Ventricular Cardiac Muscle Cell Action Potential (GO:0098911)
GO:0022904,0.9103109,1.691932,1.499254,NDUFA5;ETFDH;ETFB;SDHA;SDHB,Respiratory Electron Transport Chain (GO:0022904)
GO:0006670,0.9103109,1.691932,1.499254,ASAH1;SPTLC1;SPTLC2;AGK;SPHK1,Sphingosine Metabolic Process (GO:0006670)
GO:0016185,0.9103109,1.691932,1.499254,DNM3;AP3D1;AP3S1;DNM1;DNM2,Synaptic Vesicle Budding From Presynaptic Endocytic Zone Membrane (GO:0016185)
GO:0042178,0.9103109,1.691932,1.499254,GSTM3;GSTM2;TPMT;GSTO1;CRYZ,Xenobiotic Catabolic Process (GO:0042178)
GO:0034097,0.9103109,1.088106,0.9640588,IFITM3;APP;CSF1R;IFITM2;SHMT2;SRC;YTHDC2;CXCR4;RELA;CASP8;KHSRP;CASP3;TIMP3;RIPK1;LGALS9;JAK2;LDLRAP1;TRIM21;JAK3;SNCA;IGBP1;CD74;IL1R1;STAT1;SPHK1;EIF2AK2;PRKCA;IRAK3;OSMR;DDOST;RHOA;BST2;PLSCR1;COL3A1;MAPKAPK3;SELL;TRAF6;DNAJA3;MAPKAPK2;SELENOP;HCLS1;IL6ST;SHFL;BCL2L1;TRIM56,Response to Cytokine (GO:0034097)
GO:0019722,0.9103109,1.169177,1.026895,P2RY12;APP;PRKAA1;MCTP1;SPHK1;ATP2A2;CXCR4;ATP1B1;PPP1R9B;SLC9A1;TREML1;PPP3CA;PPP3CB;SAMD14;FCGR3B;BTK;PLCG2;MCU;TRPM4,Calcium-Mediated Signaling (GO:0019722)
GO:0008544,0.9103109,1.169177,1.026895,KRTDAP;CRABP2;LAMA4;WAS;ATP2A2;PLOD1;YBX1;ATP2C1;ALDH3A2;PPP3CA;FLG2;SPINT1;FABP5;FLOT2;SVEP1;CCN2;FGFR2;HLA-DRB1;S100A7,Epidermis Development (GO:0008544)
GO:0015711,0.9103109,1.169177,1.026895,SLC35B2;ABCC4;SLC35B4;SLC35D3;SLC2A1;SLC4A1;SLC2A3;SLC4A2;MFSD10;PANX1;CYB5R1;SLCO3A1;CA4;LRRC8D;LRRC8A;SHOC2;RHAG;SLC37A4;SLC25A24,Organic Anion Transport (GO:0015711)
GO:1900180,0.9103109,1.169177,1.026895,APP;GSK3B;TGFB1;TFRC;DTX3L;PARK7;TYK2;PARP9;IPO7;YWHAZ;MTOR;PPP3CB;TPR;CTNNA1;MARK3;CDK5RAP3;FERMT2;JAK1;LAMTOR5,Regulation of Protein Localization to Nucleus (GO:1900180)
GO:0007605,0.9103109,1.169177,1.026895,RIPOR2;CEMIP;WDR1;TMEM63B;COL11A1;COL11A2;HPN;TIMM13;ATP2B4;EML2;SERPINB6;SOD1;COL1A1;COL2A1;KIT;CDH23;MYH14;STX4;ALDH7A1,Sensory Perception of Sound (GO:0007605)
GO:0001954,0.9103109,1.145523,0.9957656,GSK3B;NRP1;CSF1;ROCK1;JUP;PLEKHA2;CIB1;PTPRJ;TSC1;FUT1;CX3CL1;PPM1F;EFEMP2;RRAS;PTK2B;CDH13;CD36;GFUS;UTRN;FERMT2;MAP4K4;LIMS1,Positive Regulation of Cell-Matrix Adhesion (GO:0001954)
GO:0032755,0.9103109,1.145523,0.9957656,APP;CD74;TGFB1;SYK;DHX9;F2R;CARD9;STAT3;PRG2;LPL;IL16;LILRB2;RELA;IL17RA;HSPD1;MAVS;LEP;BSG;PLCG2;LBP;LGALS9;ARHGEF2,Positive Regulation of Interleukin-6 Production (GO:0032755)
GO:0031398,0.9103109,1.145523,0.9957656,PSMD10;GSK3B;GSK3A;ANGPT1;RIPK2;PEF1;PDCD6;SPHK1;CUL3;MYCBP2;HUWE1;UBE3A;HSPBP1;UBE2L3;DNAJB2;TRAF6;DNAJA3;FBXO4;UBQLN1;STUB1;RPS2;CDK5RAP3,Positive Regulation of Protein Ubiquitination (GO:0031398)
GO:0007268,0.9103109,1.114919,0.9555191,APP;NRXN1;CRHBP;RPS6KA3;ATXN3;SDCBP;CHRNE;RPS6KA1;MAPK1;SNCG;APOE;NPTX1;NPTX2;SLC18A2;SNCA;SNAPIN;MINK1;PRG2;PCDHB14;DLG1;PCDHB2;SYPL1;CDK5;GIPC1;EXOC4;CBLN2;PAFAH1B1;CBLN1,Chemical Synaptic Transmission (GO:0007268)
GO:1905037,0.9103109,1.104453,0.9418414,BECN1;RAB1A;STX12;TMEM41B;RAB1B;ATP2A2;AP4M1;MAP1LC3A;UBQLN1;ATG7;ATG5;UBQLN2;ATG3;GABARAPL2;ATG9A;WIPI1;WIPI2;DNAJC16;RAB33A;RAB33B;NSFL1C;PACS2;STING1;TRAF6;RAB35;ATG2A;ATG4B;ATG4A;PIK3C3;RAB7A;ATG2B,Autophagosome Organization (GO:1905037)
GO:0032008,0.9103109,1.104453,0.9418414,SRC;CUL3;RPTOR;PIP4P1;TBK1;RELN;MAT2A;CCL5;LONP1;MLST8;NCKAP1L;RICTOR;SEC13;MIOS;SYK;PRMT1;USP4;USP9X;F7;RRAGC;RHEB;LARS1;LEP;LAMTOR2;LAMTOR1;GAS6;LAMTOR4;LAMTOR3;OGT;OTUB1;LAMTOR5,Positive Regulation of TOR Signaling (GO:0032008)
GO:1901606,0.9103109,1.353561,1.148037,ALDH4A1;ALDH6A1;HIBADH;GOT2;BLMH;ACADSB;HSD17B10;HIBCH,Alpha-Amino Acid Catabolic Process (GO:1901606)
GO:0003176,0.9103109,1.353561,1.148037,SMAD2;ADAMTS5;NOTCH1;JAG1;TGFB1;ROCK1;ROCK2;EMILIN1,Aortic Valve Development (GO:0003176)
GO:0048844,0.9103109,1.353561,1.148037,PDGFRB;NRP1;TGFB2;NOTCH1;JAG1;ANGPTL3;PRKD2;ENG,Artery Morphogenesis (GO:0048844)
GO:0098815,0.9103109,1.353561,1.148037,MTMR2;NLGN1;NLGN2;RELN;NRXN1;PTK2B;SHANK3;CBLN1,Modulation of Excitatory Postsynaptic Potential (GO:0098815)
GO:0032715,0.9103109,1.353561,1.148037,C1QTNF3;GPNMB;NCKAP1L;IRAK3;GHRL;PTPN6;GAS6;CX3CL1,Negative Regulation of Interleukin-6 Production (GO:0032715)
GO:0048285,0.9103109,1.353561,1.148037,FIS1;WASHC5;PEX19;ACOX1;PEX11B;MFF;DNM1L;CORO1C,Organelle Fission (GO:0048285)
GO:1900087,0.9103109,1.353561,1.148037,RPTOR;DDX3X;RGCC;ADAMTS1;RDX;AKT1;PLCB1;EIF4G1,Positive Regulation of G1/S Transition of Mitotic Cell Cycle (GO:1900087)
GO:0050820,0.9103109,1.353561,1.148037,ANGPT2;F2R;SERPINE1;EMILIN2;EMILIN1;ENPP4;HPSE;THBS1,Positive Regulation of Coagulation (GO:0050820)
GO:1905168,0.9103109,1.353561,1.148037,ACTR2;WDR48;PARP1;FUS;PRMT1;RUVBL2;RUVBL1;WAS,Positive Regulation of Double-Strand Break Repair via Homologous Recombination (GO:1905168)
GO:0090314,0.9103109,1.353561,1.148037,PRNP;C2CD5;CEMIP;ITGAM;ITGB2;CHORDC1;CIB1;FYN,Positive Regulation of Protein Targeting to Membrane (GO:0090314)
GO:1903672,0.9103109,1.353561,1.148037,TJP1;PKM;TNN;DSG2;ITGA5;FUT1;JAK1;TGM2,Positive Regulation of Sprouting Angiogenesis (GO:1903672)
GO:0010575,0.9103109,1.353561,1.148037,TGFB1;FLT4;BSG;STAT3;MIA3;HPSE;IL6ST;RELA,Positive Regulation of Vascular Endothelial Growth Factor Production (GO:0010575)
GO:0034497,0.9103109,1.353561,1.148037,STX17;PACS2;LRBA;ATG9A;ATG4B;MFN2;WIPI1;WIPI2,Protein Localization to Phagophore Assembly Site (GO:0034497)
GO:1903358,0.9103109,1.353561,1.148037,MAP2K1;EHD3;MAP2K2;MYO5A;MAPK1;STX5;ARMH3;RAB33B,Regulation of Golgi Organization (GO:1903358)
GO:0045124,0.9103109,1.353561,1.148037,CSF1R;UBASH3B;SYK;SRC;ITGB3;PRKCA;SLC4A2;ARAP1,Regulation of Bone Resorption (GO:0045124)
GO:0051480,0.9103109,1.353561,1.148037,YWHAE;TRPC6;ASPH;ITPR1;CDH23;ATP2B4;HRC;ATP2B1,Regulation of Cytosolic Calcium Ion Concentration (GO:0051480)
GO:0032878,0.9103109,1.353561,1.148037,RIPOR2;CDH5;FYCO1;SHTN1;ROCK1;ROCK2;RACK1;CYRIB,Regulation of Establishment or Maintenance of Cell Polarity (GO:0032878)
GO:0099175,0.9103109,1.353561,1.148037,APP;ABI2;CDK5;RHOG;VPS35;PDLIM5;DOCK1;SHANK3,Regulation of Postsynapse Organization (GO:0099175)
GO:0043244,0.9103109,1.353561,1.148037,UPF1;IRAK3;ETF1;SHFL;GSPT1;HDAC6;IGF1R;ATG5,Regulation of Protein-Containing Complex Disassembly (GO:0043244)
GO:0032355,0.9103109,1.353561,1.148037,CRHBP;STAT5B;RAMP3;TGFB1;RUVBL2;STAT3;CTNNB1;STRN3,Response to Estradiol (GO:0032355)
GO:0048545,0.9103109,1.353561,1.148037,HSPA8;TGFB2;TGFB1;WBP2;UBE3A;TFPI;THBS1;UBE2L3,Response to Steroid Hormone (GO:0048545)
GO:0007423,0.9103109,1.353561,1.148037,RBP4;TGFB2;SH3PXD2B;BLOC1S3;RAB18;ECE1;CHRDL1;FREM2,Sensory Organ Development (GO:0007423)
GO:0007519,0.9103109,1.353561,1.148037,IGSF8;PPP3CA;SVIL;PPP3CB;MYL6;MYH14;MYL6B;LEMD2,Skeletal Muscle Tissue Development (GO:0007519)
GO:0048705,0.9103109,1.353561,1.148037,LAMA5;PDGFRA;ATG9A;LRP5;FGFR3;FGFR2;RAB33B;FGFR1,Skeletal System Morphogenesis (GO:0048705)
GO:0097485,0.9103109,1.088988,0.9218687,NOTCH2;CYFIP1;NOTCH3;NRP1;NRP2;NOTCH1;NRXN1;MYCBP2;SEMA3B;NRXN3;NEXN;PTPRJ;SEMA3F;KALRN;ARHGAP35;EFNB1;RELN;OPHN1;KIF5B;BSG;DAG1;TNR;NRCAM;FYN;NEO1;PLXNA4;VASP;LYPLA2;SEMA4D;SEMA6D;UNC5C;L1CAM;PTK2;ENAH;PRKCQ;EVL;SOS1,Neuron Projection Guidance (GO:0097485)
GO:0007399,0.9103109,1.042514,0.8716772,CNTFR;NCKAP1;APP;ANKLE2;CELSR1;GBA2;RPS6KA3;CDH2;OPHN1;TNR;NRCAM;PCDHAC2;SH3GL1;MAP1S;APLP2;APLP1;SDHA;ALDH3A2;BCAN;TYRO3;PRKD2;NOTCH2;IGSF8;KALRN;ATXN3;PDGFC;ADGRG6;ST8SIA4;NPTX1;NDUFV2;PLXNA4;SPTBN1;PRNP;JAG1;EIF2B2;TGFB1;FN1;PRG2;INHBA;L1CAM;SDK1;DLG1;PROC;PCDHB2;CDK5;PLXNB3;PLXNB2;DCHS1;PLXNB1;FAT4;SERPINI1;LRCH4;ITM2B;SDK2;ACHE;NCAN;SLC2A1;PCSK9;VLDLR;PKD1;PTPRF;HAPLN1;NRGN;MAMDC4;DBNL;ACTL6A;DNM3;VCAN;ALDH5A1;NDUFS2;EVL;DAGLB;PAFAH1B3;SHANK3;NLGN1;NLGN2;DCTN1;NRXN1;LRP5;CXCR4;LRP6;CLN5;RELN;PTPRZ1;SLITRK1;BPNT1;IGF2BP2;PCDH1;MARCKSL1;STAT3;LIMK1;LSAMP;PCDHB14;MARCKS;AXL;ATXN10;CBLN1,Nervous System Development (GO:0007399)
GO:0030041,0.9103109,1.240778,1.030032,VIL1;WASHC5;DIAPH1;INF2;WAS;MICALL2;JAK2;WASF1;ARHGAP6;WASF3;WASHC3,Actin Filament Polymerization (GO:0030041)
GO:1990869,0.9103109,1.240778,1.030032,SLC12A2;RIPOR2;LRCH1;WNK1;DOCK8;CCL5;STK39;PTK2B;OXSR1;CX3CL1;RHOA,Cellular Response to Chemokine (GO:1990869)
GO:0071357,0.9103109,1.240778,1.030032,IFITM3;MAVS;IFITM2;TBK1;STAT1;STAT2;OAS3;TYK2;TANK;JAK1;IFNAR1,Cellular Response to Type I Interferon (GO:0071357)
GO:0045912,0.9103109,1.240778,1.030032,C1QTNF3;MAP4K2;GSK3A;USP7;TGFB1;CLTC;PLEK;PGP;AP2A1;STK4;GIT1,Negative Regulation of Carbohydrate Metabolic Process (GO:0045912)
GO:1903573,0.9103109,1.240778,1.030032,USP14;PTPN1;UBXN1;LPCAT3;SGTA;RACK1;TXNDC12;PARK7;CLU;SVIP;BCL2L1,Negative Regulation of Response to Endoplasmic Reticulum Stress (GO:1903573)
GO:0090407,0.9103109,1.240778,1.030032,UBL4A;ITPKB;PM20D1;PCYT2;TPI1;PPIP5K2;LPCAT1;PNPO;TKT;DCK;GPHN,Organophosphate Biosynthetic Process (GO:0090407)
GO:1904427,0.9103109,1.240778,1.030032,PPP3CA;CEMIP;TOR2A;PPP3CB;PPP3R1;ASPH;F2R;SRI;CX3CL1;SNCA;F2RL3,Positive Regulation of Calcium Ion Transmembrane Transport (GO:1904427)
GO:0051928,0.9103109,1.240778,1.030032,PDGFRB;LGALS3;TOR2A;TRPC6;CCL5;CAMK2A;F2R;STC1;ORAI1;ATP2B1;MYLK,Positive Regulation of Calcium Ion Transport (GO:0051928)
GO:0006515,0.9103109,1.240778,1.030032,ATXN3;IRGQ;VCP;CUL3;CLPP;UBR4;LONP1;ZSWIM8;TMEM126A;STUB1;HDAC6,Protein Quality Control for Misfolded or Incompletely Synthesized Proteins (GO:0006515)
GO:0008064,0.9103109,1.240778,1.030032,WDR1;WAS;COTL1;ARHGAP18;BRK1;HCLS1;ESAM;ARHGEF7;PFN1;GBA2;ARHGAP35,Regulation of Actin Polymerization or Depolymerization (GO:0008064)
GO:0048168,0.9103109,1.240778,1.030032,CAMK2B;APP;CAMK2D;MCTP1;CAMK2A;SYAP1;APOE;CAMK2G;RAB5A;DBN1;RAB3GAP1,Regulation of Neuronal Synaptic Plasticity (GO:0048168)
GO:0015918,0.9103109,1.240778,1.030032,CETP;STARD3NL;VAPA;VAPB;OSBP;OSBPL2;LCAT;CD36;APOB;LDLRAP1;LDLR,Sterol Transport (GO:0015918)
GO:0044248,0.9103109,1.184392,0.9708402,SH3GLB1;BECN1;ENPEP;TGFB1;CPQ;ERAP1;PIK3R4;LNPEP;IDE;NPEPPS;ADAMTS13;NEDD4;LTA4H;LGMN,Cellular Catabolic Process (GO:0044248)
GO:0097306,0.9103109,1.184392,0.9708402,JUP;MLC1;ADCY6;GNAI1;LRP6;GNG2;LARP1;GNB1;CTNNA1;GNAS;AKT1;CTNNB1;GPLD1;CES1,Cellular Response to Alcohol (GO:0097306)
GO:0007040,0.9103109,1.184392,0.9708402,SRPX;VPS18;SNAPIN;GAA;VPS33A;HPS1;HPS4;HOOK3;CORO1A;CLN5;TMEM165;RAB14;ACP2;LAMTOR1,Lysosome Organization (GO:0007040)
GO:0031345,0.9103109,1.184392,0.9708402,PRNP;PTPRS;CIB1;RTN4RL2;TSKU;ADCY6;GAK;BAG5;TNR;RAPGEF2;FYN;APOE;FKBP4;YWHAH,Negative Regulation of Cell Projection Organization (GO:0031345)
GO:0010977,0.9103109,1.184392,0.9708402,NLGN1;PTPRS;GDI1;CIB1;RTN4RL2;TSKU;ADCY6;GAK;FYCO1;BAG5;TNR;APOE;FKBP4;KIAA0319,Negative Regulation of Neuron Projection Development (GO:0010977)
GO:0060391,0.9103109,1.184392,0.9708402,BMP10;TGFB2;TGFB1;GDF2;INHBA;BMP7;BMP5;TGFBR3;DAB2;TWSG1;CSNK2B;JAK2;KIAA0319;ENG,Positive Regulation of SMAD Protein Signal Transduction (GO:0060391)
GO:0001961,0.9103109,1.184392,0.9708402,CD74;CSF1;CXCR4;AGPAT1;PARP9;AGPAT2;MAVS;STING1;AXL;CPNE1;RIPK1;GAS6;UBE2K;TRIM56,Positive Regulation of Cytokine-Mediated Signaling Pathway (GO:0001961)
GO:0032731,0.9103109,1.184392,0.9708402,GSDMD;APP;RIPK2;CARD8;STAT3;HSPB1;LPL;AZU1;RELA;PANX1;CASP8;CD36;LGALS9;JAK2,Positive Regulation of Interleukin-1 Beta Production (GO:0032731)
GO:0043270,0.9103109,1.184392,0.9708402,AHCYL1;TRPC6;CAMK2A;F2R;ANO6;ATP2B1;ADRA2A;MYLK;DLG1;CCL5;KIF5B;PKP2;ORAI1;GPD1L,Positive Regulation of Monoatomic Ion Transport (GO:0043270)
GO:0060326,0.9103109,1.150565,0.9353953,PDGFRB;NRP1;PRKCD;HMGB2;RHOG;CXCR4;ARRB2;AZU1;CX3CL1;CORO1B;BIN2;KIT;RAB13;PLXNB3;PRKCQ;SOS1;ENG,Cell Chemotaxis (GO:0060326)
GO:0050769,0.9103109,1.150565,0.9353953,NTRK2;FMR1;NRDC;NAP1L1;CX3CL1;FXR1;FXR2;CUX1;SLITRK1;CAPRIN1;NUMB;PLXNB3;CTNNB1;PLXNB2;PLXNB1;SHANK3;TGM2,Positive Regulation of Neurogenesis (GO:0050769)
GO:0048661,0.9103109,1.150565,0.9353953,PDGFRB;TGFB1;IGFBP5;STAT1;IL18;PIK3R1;IGF1;MMP9;THBS1;CX3CL1;CCL5;RBPMS2;AKT1;CDH13;MFN2;LDLRAP1;ELANE,Positive Regulation of Smooth Muscle Cell Proliferation (GO:0048661)
GO:1900015,0.9103109,1.150565,0.9353953,CHID1;CARD9;STAT3;PLD4;PRKCA;MAPK14;PLD3;RELA;NFKB1;IL17RA;IKBKB;MAPK9;LEP;PDCD4;JAK2;APPL2;APPL1,Regulation of Cytokine Production Involved in Inflammatory Response (GO:1900015)
GO:0050954,0.9103109,1.150565,0.9353953,RIPOR2;CEMIP;WDR1;TMEM63B;COL11A1;COL11A2;TIMM13;ATP2B4;EML2;SERPINB6;SOD1;COL1A1;COL2A1;CDH23;MYH14;STX4;ALDH7A1,Sensory Perception of Mechanical Stimulus (GO:0050954)
GO:0048523,0.9103109,1.032966,0.8390555,APP;RIPOR2;ADAMDEC1;TES;CLSTN3;CIB1;ENO1;IFI35;CLU;IPO7;CCAR2;IPO5;FTH1;MAP2K1;F2R;P3H1;ADAM10;TSC1;CLDN3;ADAM15;HGS;CSNK2B;PRKD2;S100A9;GPLD1;NOTCH1;NDRG3;CTBP1;UMOD;FBLN1;KNG1;RTN4;SAV1;ADGRG1;DPP9;PODXL;S100A11;LYN;SMAD2;TGFB2;TGFB1;GDF2;EIF2AK2;NMI;INHBA;BMP7;BMP5;BST2;RGCC;PROC;PLXNB3;PLXNB2;SCGB3A1;STRN;PLXNB1;ANP32B;TGFBI;COPS8;COL18A1;BMP10;DDX3X;TGFB1I1;ITGB3;MIA3;PTPRJ;PTPRK;YBX1;PPP1R9B;CSRP1;ADAMTS1;ANXA6;RACK1;NCK2;WDR6;TMEM109;EMILIN1;ITGAV;JAK2;ADAMTS8;APPL2;DIS3L2;TSC22D1;TESC;ACTL6A;NME1;VAMP8;DDAH1;MMRN2;RAPGEF2;CDH13;MYH9;EEF1E1;CRK;VAMP3;KANK2;BECN1;WAS;THBS1;DNAJB2;GPNMB;LMNA;PTK2B;RBBP7;CGREF1;NPM1;ANGPT1;SEMA4D;PODN;SOD2;WARS1;PSMC5;XPNPEP1;LPCAT3;DNAJA3;CTNNB1;CCM2;PTPN6;CRLF3;SIPA1,Negative Regulation of Cellular Process (GO:0048523)
GO:0061951,0.9103109,1.128018,0.9119284,NSF;MACF1;ATP6AP1;RDX;ASAP1;GCC2;RAB11A;RAB10;GGA1;GGA3;KRT18;RAB31;RILPL2;GORASP2;RAB34;GOLGA7;RAB11FIP3;SPTBN1;OPTN;RAB7A,Establishment of Protein Localization to Plasma Membrane (GO:0061951)
GO:0072330,0.9103109,1.128018,0.9119284,OSBPL9;ACOT8;ABCD3;OXSM;OSBPL3;OSBPL2;LPL;PARK7;HSD17B10;HSD17B8;ACACA;ACLY;GATM;LIPC;FASN;LIPG;OSBP;NDUFAB1;SBDS;MLYCD,Monocarboxylic Acid Biosynthetic Process (GO:0072330)
GO:0045862,0.9103109,1.128018,0.9119284,APP;IST1;NRDC;FURIN;ADRA2A;RCN3;UFL1;CASP8;ASPH;BAG2;DDRGK1;ANGPTL8;CTSH;SNX9;STUB1;APOE;FGFR4;OGT;CTSC;GPLD1,Positive Regulation of Proteolysis (GO:0045862)
GO:0008610,0.9103109,1.090455,0.8738124,IDI1;PRKAA1;ABCD3;ACSS2;LPCAT1;LPL;GBA2;HSD17B8;ACACA;AGPAT3;LIPC;DHRS7B;LIPG;FDXR;RICTOR;MLYCD;PCYT2;GGPS1;ACSL1;OXSM;ACSL4;BCKDK;ACLY;GNPAT;FASN;AGPS;NDUFAB1;FAR1;MVD,Lipid Biosynthetic Process (GO:0008610)
GO:0043933,0.9103109,1.060446,0.8466505,BECN1;WIPF1;DHX9;TUBGCP2;SLC2A1;WAS;LAMC1;TANK;NAPG;JCHAIN;PPP2R1A;TPR;TSPAN4;REPS2;PTK2B;NCKAP1L;SNX9;ELOB;IKBKG;WASF1;KPNA3;AP2M1;WASF3;FGB;FGA;CD74;DMTN;FGG;RANBP9;DARS1;PEX14;CD2AP;TAPBP;VIL1;PROC;NEMF;PARD3;ZW10;FASN;CAPZA1;CSNK2B;CAPZA2;GEMIN5;CD247;PPID;PICALM;VAMP3,Protein-Containing Complex Organization (GO:0043933)
GO:0071396,0.9103109,1.044227,0.794821,GSK3B;NDUFA13;SERPINE1;HMGB2;UBE2L3;CRHBP;RUVBL2;PDK3;CTSG;LBP;GIT1;PF4V1;UPF1;SYK;TESC;PRKCD;MMP3;IL18;MMP9;RHOA;ADAM15;SHPK;TRAF6;PLAA;GPLD1;CHMP5;RAMP3;ROCK2;ATL1;TWF2;LPL;LY96;TFPI;ADCY6;GNAI1;RELA;PLCG2;PTK2B;LYN;HSPA8;NDUFA2;MSN;PPBP;LILRB2;MAPK14;NFKB1;PTK7;AXL;FES;PDCD4;VIM;CD68;PF4;NFKBIB,Cellular Response to Lipid (GO:0071396)
GO:0170035,0.9103109,2.030053,1.53643,SHMT1;SBDS;SDSL,L-amino Acid Catabolic Process (GO:0170035)
GO:0002756,0.9103109,2.030053,1.53643,IKBKB;TRAF6;MAP3K7,MyD88-independent Toll-Like Receptor Signaling Pathway (GO:0002756)
GO:0042088,0.9103109,2.030053,1.53643,EBI3;IL18;HLA-DRB1,T-helper 1 Type Immune Response (GO:0042088)
GO:0035666,0.9103109,2.030053,1.53643,IKBKB;TRAF6;MAP3K7,TRIF-dependent Toll-Like Receptor Signaling Pathway (GO:0035666)
GO:0051639,0.9103109,2.030053,1.53643,CARMIL1;PLS3;PLS1,Actin Filament Network Formation (GO:0051639)
GO:0033211,0.9103109,2.030053,1.53643,CSNK2B;APPL2;APPL1,Adiponectin-Activated Signaling Pathway (GO:0033211)
GO:0099641,0.9103109,2.030053,1.53643,KIF5B;RAB27B;METAP1,Anterograde Axonal Protein Transport (GO:0099641)
GO:0019885,0.9103109,2.030053,1.53643,ERAP1;HLA-A;IDE,Antigen Processing and Presentation of Endogenous Peptide Antigen via MHC Class I (GO:0019885)
GO:0009067,0.9103109,2.030053,1.53643,MTHFD1;MTHFR;PLOD2,Aspartate Family Amino Acid Biosynthetic Process (GO:0009067)
GO:0099640,0.9103109,2.030053,1.53643,KIF5B;RAB27B;METAP1,Axo-Dendritic Protein Transport (GO:0099640)
GO:0015721,0.9103109,2.030053,1.53643,ABCC3;ABCC4;ABCD3,Bile Acid and Bile Salt Transport (GO:0015721)
GO:0060349,0.9103109,2.030053,1.53643,LRP5;FGFR3;FGFR2,Bone Morphogenesis (GO:0060349)
GO:0021785,0.9103109,2.030053,1.53643,NRP2;SEMA3F;PLXNA4,Branchiomotor Neuron Axon Guidance (GO:0021785)
GO:0086069,0.9103109,2.030053,1.53643,JUP;PKP2;DSG2,Bundle of His Cell to Purkinje Myocyte Communication (GO:0086069)
GO:0086073,0.9103109,2.030053,1.53643,JUP;PKP2;DSG2,Bundle of His cell-Purkinje Myocyte Adhesion Involved in Cell Communication (GO:0086073)
GO:0086001,0.9103109,2.030053,1.53643,YWHAE;PKP2;ATP1B1,Cardiac Muscle Cell Action Potential (GO:0086001)
GO:0086042,0.9103109,2.030053,1.53643,JUP;PKP2;DSG2,Cardiac Muscle Cell-Cardiac Muscle Cell Adhesion (GO:0086042)
GO:0032048,0.9103109,2.030053,1.53643,HADHA;PNPLA8;LCLAT1,Cardiolipin Metabolic Process (GO:0032048)
GO:0021846,0.9103109,2.030053,1.53643,DOCK7;NUMB;HOOK3,Cell Proliferation in Forebrain (GO:0021846)
GO:0071476,0.9103109,2.030053,1.53643,CAB39;STK39;MYLK,Cellular Hypotonic Response (GO:0071476)
GO:1905145,0.9103109,2.030053,1.53643,ROCK2;CHRNE;LY6G6F,Cellular Response to Acetylcholine (GO:1905145)
GO:0071398,0.9103109,2.030053,1.53643,PRKCD;LPL;PDK3,Cellular Response to Fatty Acid (GO:0071398)
GO:0071225,0.9103109,2.030053,1.53643,RIPK2;VIM;CHMP5,Cellular Response to Muramyl Dipeptide (GO:0071225)
GO:0035865,0.9103109,2.030053,1.53643,SLC12A2;CRHBP;NEK7,Cellular Response to Potassium Ion (GO:0035865)
GO:0071358,0.9103109,2.030053,1.53643,IFNGR1;TYK2;JAK1,Cellular Response to Type III Interferon (GO:0071358)
GO:0035652,0.9103109,2.030053,1.53643,AP3M1;AP3D1;AP3S1,Clathrin-Coated Vesicle Cargo Loading (GO:0035652)
GO:0035654,0.9103109,2.030053,1.53643,AP3M1;AP3D1;AP3S1,"Clathrin-Coated Vesicle Cargo Loading, AP-3-mediated (GO:0035654)"
GO:0036089,0.9103109,2.030053,1.53643,SNX18;SNX9;RHOA,Cleavage Furrow Formation (GO:0036089)
GO:0060977,0.9103109,2.030053,1.53643,TGFBR3;NRP1;NOTCH1,Coronary Vasculature Morphogenesis (GO:0060977)
GO:0050910,0.9103109,2.030053,1.53643,COL11A1;HPN;KIT,Detection of Mechanical Stimulus Involved in Sensory Perception of Sound (GO:0050910)
GO:0032490,0.9103109,2.030053,1.53643,LY96;SSC5D;LBP,Detection of Molecule of Bacterial Origin (GO:0032490)
GO:0055123,0.9103109,2.030053,1.53643,KIT;PKD1;FGFR2,Digestive System Development (GO:0055123)
GO:0048546,0.9103109,2.030053,1.53643,PDGFRA;RBPMS2;FGFR2,Digestive Tract Morphogenesis (GO:0048546)
GO:0048701,0.9103109,2.030053,1.53643,PDGFRA;MTHFD1;FGFR2,Embryonic Cranial Skeleton Morphogenesis (GO:0048701)
GO:0035767,0.9103109,2.030053,1.53643,NRP1;RAB13;CORO1B,Endothelial Cell Chemotaxis (GO:0035767)
GO:0001886,0.9103109,2.030053,1.53643,CDH5;COL18A1;STC1,Endothelial Cell Morphogenesis (GO:0001886)
GO:0048821,0.9103109,2.030053,1.53643,UBL4A;DMTN;NCKAP1L,Erythrocyte Development (GO:0048821)
GO:0051303,0.9103109,2.030053,1.53643,MAP1S;NDE1;TRAPPC12,Establishment of Chromosome Localization (GO:0051303)
GO:0001767,0.9103109,2.030053,1.53643,SNX27;CRTAM;SCRIB,Establishment of Lymphocyte Polarity (GO:0001767)
GO:0021884,0.9103109,2.030053,1.53643,RAPGEF2;FGFR2;SCYL2,Forebrain Neuron Development (GO:0021884)
GO:0006689,0.9103109,2.030053,1.53643,GLB1;HEXB;HEXA,Ganglioside Catabolic Process (GO:0006689)
GO:0006071,0.9103109,2.030053,1.53643,TKFC;TPI1;PGP,Glycerol Metabolic Process (GO:0006071)
GO:0008645,0.9103109,2.030053,1.53643,SLC2A1;SLC2A3;PPBP,Hexose Transmembrane Transport (GO:0008645)
GO:0035825,0.9103109,2.030053,1.53643,RAD50;MRE11;NUCKS1,Homologous Recombination (GO:0035825)
GO:0006971,0.9103109,2.030053,1.53643,CAB39;STK39;MYLK,Hypotonic Response (GO:0006971)
GO:0071715,0.9103109,2.030053,1.53643,ABCC3;ABCC4;SLCO3A1,Icosanoid Transport (GO:0071715)
GO:0008299,0.9103109,2.030053,1.53643,IDI1;GGPS1;MVD,Isoprenoid Biosynthetic Process (GO:0008299)
GO:0045190,0.9103109,2.030053,1.53643,EXOSC6;CD40LG;HSPD1,Isotype Switching (GO:0045190)
GO:0048246,0.9103109,2.030053,1.53643,LGALS3;CCL5;SAA2,Macrophage Chemotaxis (GO:0048246)
GO:1905517,0.9103109,2.030053,1.53643,LGALS3;CCL5;SAA2,Macrophage Migration (GO:1905517)
GO:0001765,0.9103109,2.030053,1.53643,RFTN1;FLOT1;LRCH4,Membrane Raft Assembly (GO:0001765)
GO:0006555,0.9103109,2.030053,1.53643,MSRA;MTHFD1;MTHFR,Methionine Metabolic Process (GO:0006555)
GO:0048311,0.9103109,2.030053,1.53643,DNM1L;PKD1;MTM1,Mitochondrion Distribution (GO:0048311)
GO:0046462,0.9103109,2.030053,1.53643,ABHD16A;PLA2G4A;MGLL,Monoacylglycerol Metabolic Process (GO:0046462)
GO:0030224,0.9103109,2.030053,1.53643,CSF1R;PDE2A;MYH9,Monocyte Differentiation (GO:0030224)
GO:0005996,0.9103109,2.030053,1.53643,GSTO1;SLC2A1;SLC2A3,Monosaccharide Metabolic Process (GO:0005996)
GO:0001738,0.9103109,2.030053,1.53643,RAB10;SCRIB;CELSR1,Morphogenesis of a Polarized Epithelium (GO:0001738)
GO:0160063,0.9103109,2.030053,1.53643,NCLN;NOMO1;TMCO1,Multi-Pass Transmembrane Protein Insertion Into ER Membrane (GO:0160063)
GO:0051451,0.9103109,2.030053,1.53643,MSTN;ROCK1;THBS4,Myoblast Migration (GO:0051451)
GO:0002323,0.9103109,2.030053,1.53643,FCGR3B;VAMP7;CORO1A,Natural Killer Cell Activation Involved in Immune Response (GO:0002323)
GO:0070266,0.9103109,2.030053,1.53643,MLKL;PGAM5;RIPK1,Necroptotic Process (GO:0070266)
GO:1902902,0.9103109,2.030053,1.53643,SCFD1;SEC22B;MTM1,Negative Regulation of Autophagosome Assembly (GO:1902902)
GO:1900038,0.9103109,2.030053,1.53643,HYOU1;ENO1;NOL3,Negative Regulation of Cellular Response to Hypoxia (GO:1900038)
GO:0110076,0.9103109,2.030053,1.53643,GPX4;FTH1;SQSTM1,Negative Regulation of Ferroptosis (GO:0110076)
GO:1901299,0.9103109,2.030053,1.53643,TRAP1;RACK1;SOS1,Negative Regulation of Hydrogen Peroxide-Mediated Programmed Cell Death (GO:1901299)
GO:0032695,0.9103109,2.030053,1.53643,IRAK3;THBS1;JAK3,Negative Regulation of Interleukin-12 Production (GO:0032695)
GO:1900272,0.9103109,2.030053,1.53643,FXR1;APP;APOE,Negative Regulation of Long-Term Synaptic Potentiation (GO:1900272)
GO:1903979,0.9103109,2.030053,1.53643,PTPRC;LDLR;CX3CL1,Negative Regulation of Microglial Cell Activation (GO:1903979)
GO:0010637,0.9103109,2.030053,1.53643,VAT1;TFRC;HUWE1,Negative Regulation of Mitochondrial Fusion (GO:0010637)
GO:0035795,0.9103109,2.030053,1.53643,SLC25A5;BCL2L1;SLC25A6,Negative Regulation of Mitochondrial Membrane Permeability (GO:0035795)
GO:1901029,0.9103109,2.030053,1.53643,SLC25A5;BCL2L1;SLC25A6,- Reg of Mt Outer Membrane Permeabilization Inv in Apoptotic Sgnlng Pway (GO:1901029)
GO:0045839,0.9103109,2.030053,1.53643,TOM1L1;TOM1L2;BMP7,Negative Regulation of Mitotic Nuclear Division (GO:0045839)
GO:0045662,0.9103109,2.030053,1.53643,NOTCH1;TGFB1;MSTN,Negative Regulation of Myoblast Differentiation (GO:0045662)
GO:1902564,0.9103109,2.030053,1.53643,SRC;PTPN11;PTPN6,Negative Regulation of Neutrophil Activation (GO:1902564)
GO:0051784,0.9103109,2.030053,1.53643,TOM1L1;TOM1L2;BMP7,Negative Regulation of Nuclear Division (GO:0051784)
GO:0045934,0.9103109,2.030053,1.53643,GSK3A;SUB1;PGK1,Negative Regulation of Nucleobase-Containing Compound Metabolic Process (GO:0045934)
GO:0033689,0.9103109,2.030053,1.53643,TNN;EIF2AK2;PLXNB1,Negative Regulation of Osteoblast Proliferation (GO:0033689)
GO:1903377,0.9103109,2.030053,1.53643,NONO;PARK7;FBXO7,- Reg of Oxidative Stress-Induced Neuron Intrinsic Apoptotic Sgnlng Pway (GO:1903377)
GO:0051280,0.9103109,2.030053,1.53643,GSTM2;GSTO1;SRI,Negative Regulation of Release of Sequestered Calcium Ion Into Cytosol (GO:0051280)
GO:0060315,0.9103109,2.030053,1.53643,GSTM2;GSTO1;SRI,Negative Regulation of Ryanodine-Sensitive Calcium-Release Channel Activity (GO:0060315)
GO:0051048,0.9103109,2.030053,1.53643,VAMP8;EGF;VAMP3,Negative Regulation of Secretion (GO:0051048)
GO:2000650,0.9103109,2.030053,1.53643,NEDD4;STK39;PCSK9,Negative Regulation of Sodium Ion Transmembrane Transporter Activity (GO:2000650)
GO:0032873,0.9103109,2.030053,1.53643,IGBP1;QARS1;PPIA,Negative Regulation of Stress-Activated MAPK Cascade (GO:0032873)
GO:0070303,0.9103109,2.030053,1.53643,IGBP1;QARS1;PPIA,Negative Regulation of Stress-Activated Protein Kinase Signaling Cascade (GO:0070303)
GO:0021915,0.9103109,2.030053,1.53643,TGFB1;PRKD2;PKD1,Neural Tube Development (GO:0021915)
GO:0170043,0.9103109,2.030053,1.53643,PM20D1;ALDH1A1;PLOD2,Non-Proteinogenic Amino Acid Biosynthetic Process (GO:0170043)
GO:0015949,0.9103109,2.030053,1.53643,AK2;CMPK1;GLRX,Nucleobase-Containing Small Molecule Interconversion (GO:0015949)
GO:0006591,0.9103109,2.030053,1.53643,ARG2;TINAGL1;ASL,Ornithine Metabolic Process (GO:0006591)
GO:0015833,0.9103109,2.030053,1.53643,CD209;MFSD1;CDH17,Peptide Transport (GO:0015833)
GO:0018193,0.9103109,2.030053,1.53643,ATP7A;METAP1;METAP2,Peptidyl-Amino Acid Modification (GO:0018193)
GO:0036150,0.9103109,2.030053,1.53643,OSBPL8;MBOAT2;PLA1A,Phosphatidylserine Acyl-Chain Remodeling (GO:0036150)
GO:0042461,0.9103109,2.030053,1.53643,ARL3;CDHR1;MAPRE2,Photoreceptor Cell Development (GO:0042461)
GO:0046469,0.9103109,2.030053,1.53643,PLA2G4A;PLA2G7;PAFAH1B1,Platelet Activating Factor Metabolic Process (GO:0046469)
GO:0046173,0.9103109,2.030053,1.53643,ITPKB;ISYNA1;PPIP5K2,Polyol Biosynthetic Process (GO:0046173)
GO:0006778,0.9103109,2.030053,1.53643,FECH;UROD;PPOX,Porphyrin-Containing Compound Metabolic Process (GO:0006778)
GO:1903896,0.9103109,2.030053,1.53643,PTPN1;TMEM33;BAX,Positive Regulation of IRE1-mediated Unfolded Protein Response (GO:1903896)
GO:0051987,0.9103109,2.030053,1.53643,BECN1;HNRNPU;SIRT2,Positive Regulation of Attachment of Spindle Microtubules to Kinetochore (GO:0051987)
GO:1905665,0.9103109,2.030053,1.53643,PPP3CA;PPP3CB;PPP3R1,Positive Regulation of Calcium Ion Import Across Plasma Membrane (GO:1905665)
GO:2000343,0.9103109,2.030053,1.53643,TGFB1;PRG2;LPL,Positive Regulation of Chemokine (C-X-C Motif) Ligand 2 Production (GO:2000343)
GO:0031281,0.9103109,2.030053,1.53643,STIM1;ORAI1;MAPK14,Positive Regulation of Cyclase Activity (GO:0031281)
GO:1904031,0.9103109,2.030053,1.53643,PSMD10;RGCC;LONP1,Positive Regulation of Cyclin-Dependent Protein Kinase Activity (GO:1904031)
GO:0045737,0.9103109,2.030053,1.53643,PSMD10;RGCC;LONP1,Positive Regulation of Cyclin-Dependent Protein Serine/Threonine Kinase Activity (GO:0045737)
GO:1904690,0.9103109,2.030053,1.53643,SH3BGRL;MTOR;NCK1,Positive Regulation of Cytoplasmic Translational Initiation (GO:1904690)
GO:2000510,0.9103109,2.030053,1.53643,CALR;LGALS9;GAS6,Positive Regulation of Dendritic Cell Chemotaxis (GO:2000510)
GO:0010950,0.9103109,2.030053,1.53643,STAT3;PRG2;VSIR,Positive Regulation of Endopeptidase Activity (GO:0010950)
GO:1904906,0.9103109,2.030053,1.53643,RRAS;GFUS;FUT1,Positive Regulation of Endothelial Cell-Matrix Adhesion via Fibronectin (GO:1904906)
GO:0046321,0.9103109,2.030053,1.53643,AKT2;IRS2;MLYCD,Positive Regulation of Fatty Acid Oxidation (GO:0046321)
GO:0002891,0.9103109,2.030053,1.53643,TFRC;CD226;NECTIN2,Positive Regulation of Immunoglobulin Mediated Immune Response (GO:0002891)
GO:0045830,0.9103109,2.030053,1.53643,TGFB1;TFRC;TNFSF13,Positive Regulation of Isotype Switching (GO:0045830)
GO:0010986,0.9103109,2.030053,1.53643,LIPG;LDLRAP1;GPLD1,Positive Regulation of Lipoprotein Particle Clearance (GO:0010986)
GO:0048170,0.9103109,2.030053,1.53643,FXR1;FXR2;SHANK3,Positive Regulation of Long-Term Neuronal Synaptic Plasticity (GO:0048170)
GO:1904141,0.9103109,2.030053,1.53643,P2RY12;CSF1;CX3CL1,Positive Regulation of Microglial Cell Migration (GO:1904141)
GO:0090063,0.9103109,2.030053,1.53643,DCTN1;PKN1;GIT1,Positive Regulation of Microtubule Nucleation (GO:0090063)
GO:0035794,0.9103109,2.030053,1.53643,GSK3B;GSK3A;PPIF,Positive Regulation of Mitochondrial Membrane Permeability (GO:0035794)
GO:1903438,0.9103109,2.030053,1.53643,EXOC7;RAB11FIP3;RAB11A,Positive Regulation of Mitotic Cytokinetic Process (GO:1903438)
GO:0060545,0.9103109,2.030053,1.53643,PARP1;CASP6;RIPK1,Positive Regulation of Necroptotic Process (GO:0060545)
GO:1902913,0.9103109,2.030053,1.53643,RPTOR;SERPINE1;IPO7,Positive Regulation of Neuroepithelial Cell Differentiation (GO:1902913)
GO:1901331,0.9103109,2.030053,1.53643,RPTOR;SERPINE1;IPO7,Positive Regulation of Odontoblast Differentiation (GO:1901331)
GO:0002793,0.9103109,2.030053,1.53643,FGB;TFR2;FGG,Positive Regulation of Peptide Secretion (GO:0002793)
GO:0010922,0.9103109,2.030053,1.53643,ROCK1;PLEK;GPLD1,Positive Regulation of Phosphatase Activity (GO:0010922)
GO:0062100,0.9103109,2.030053,1.53643,PARP1;CASP6;RIPK1,Positive Regulation of Programmed Necrotic Cell Death (GO:0062100)
GO:1901985,0.9103109,2.030053,1.53643,PRKAA1;TAOK1;DIP2B,Positive Regulation of Protein Acetylation (GO:1901985)
GO:1903319,0.9103109,2.030053,1.53643,BAG2;TFR2;ANGPTL8,Positive Regulation of Protein Maturation (GO:1903319)
GO:0060267,0.9103109,2.030053,1.53643,RPS19;LBP;JCHAIN,Positive Regulation of Respiratory Burst (GO:0060267)
GO:2000651,0.9103109,2.030053,1.53643,TESC;CHORDC1;SLC9A1,Positive Regulation of Sodium Ion Transmembrane Transporter Activity (GO:2000651)
GO:0071636,0.9103109,2.030053,1.53643,LGALS9;CD46;THBS1,Positive Regulation of Transforming Growth Factor Beta Production (GO:0071636)
GO:0032056,0.9103109,2.030053,1.53643,NCK2;EIF4G1;NCK1,Positive Regulation of Translation in Response to Stress (GO:0032056)
GO:1904754,0.9103109,2.030053,1.53643,DOCK5;IGFBP5;DOCK7,Positive Regulation of Vascular Associated Smooth Muscle Cell Migration (GO:1904754)
GO:1990573,0.9103109,2.030053,1.53643,SLC12A2;ATP1B3;ATP1B1,Potassium Ion Import Across Plasma Membrane (GO:1990573)
GO:0099172,0.9103109,2.030053,1.53643,NLGN1;NLGN2;CLASP2,Presynapse Organization (GO:0099172)
GO:0018344,0.9103109,2.030053,1.53643,FNTA;RABGGTB;RABGGTA,Protein Geranylgeranylation (GO:0018344)
GO:1903044,0.9103109,2.030053,1.53643,RFTN1;MYADM;FLOT2,Protein Localization to Membrane Raft (GO:1903044)
GO:1905383,0.9103109,2.030053,1.53643,KIF5B;RAB27B;METAP1,Protein Localization to Presynapse (GO:1905383)
GO:0006863,0.9103109,2.030053,1.53643,SLC43A3;VDAC3;SLC29A1,Purine Nucleobase Transport (GO:0006863)
GO:2000310,0.9103109,2.030053,1.53643,CRHBP;NLGN1;RELN,Regulation of NMDA Receptor Activity (GO:2000310)
GO:1905335,0.9103109,2.030053,1.53643,LYPLA1;CSNK2A2;HDAC6,Regulation of Aggrephagy (GO:1905335)
GO:0050854,0.9103109,2.030053,1.53643,LYN;FCMR;PTPRC,Regulation of Antigen Receptor-Mediated Signaling Pathway (GO:0050854)
GO:2000812,0.9103109,2.030053,1.53643,CARMIL1;MTPN;CRACD,Regulation of Barbed-End Actin Filament Capping (GO:2000812)
GO:0060312,0.9103109,2.030053,1.53643,TGFB1;FLT4;TMBIM1,Regulation of Blood Vessel Remodeling (GO:0060312)
GO:0010665,0.9103109,2.030053,1.53643,CAMK2D;CAMK2A;ENG,Regulation of Cardiac Muscle Cell Apoptotic Process (GO:0010665)
GO:1903242,0.9103109,2.030053,1.53643,BMP10;LMNA;ATP2B4,Regulation of Cardiac Muscle Hypertrophy in Response to Stress (GO:1903242)
GO:0061035,0.9103109,2.030053,1.53643,TRPS1;MBOAT2;TAPT1,Regulation of Cartilage Development (GO:0061035)
GO:0050433,0.9103109,2.030053,1.53643,GRK2;DTNBP1;SNCA,Regulation of Catecholamine Secretion (GO:0050433)
GO:1901844,0.9103109,2.030053,1.53643,CAMK2D;HRC;SRI,Regulation of Cell Communication by Electrical Coupling Involved in Cardiac Conduction (GO:1901844)
GO:1900076,0.9103109,2.030053,1.53643,CUL3;ATP2B1;GPLD1,Regulation of Cellular Response to Insulin Stimulus (GO:1900076)
GO:0071649,0.9103109,2.030053,1.53643,MAVS;DDX3X;OAS3,Regulation of Chemokine (C-C Motif) Ligand 5 Production (GO:0071649)
GO:1900424,0.9103109,2.030053,1.53643,MMRN2;EMILIN2;EMILIN1,Regulation of Defense Response to Bacterium (GO:1900424)
GO:0032071,0.9103109,2.030053,1.53643,NPM1;PRKCD;RPS3,Regulation of Endodeoxyribonuclease Activity (GO:0032071)
GO:2000535,0.9103109,2.030053,1.53643,EXOC7;ITGAV;EXOC2,Regulation of Entry of Bacterium Into Host Cell (GO:2000535)
GO:0003330,0.9103109,2.030053,1.53643,NOTCH1;RGCC;IER3IP1,Regulation of Extracellular Matrix Constituent Secretion (GO:0003330)
GO:1900449,0.9103109,2.030053,1.53643,PRNP;FYN;SHANK3,Regulation of Glutamate Receptor Signaling Pathway (GO:1900449)
GO:0032645,0.9103109,2.030053,1.53643,CD84;IL18;PAEP,Regulation of Granulocyte Macrophage Colony-Stimulating Factor Production (GO:0032645)
GO:0002920,0.9103109,2.030053,1.53643,CD59;PHB2;CD55,Regulation of Humoral Immune Response (GO:0002920)
GO:0106014,0.9103109,2.030053,1.53643,STAT3;PTPN6;GIT1,Regulation of Inflammatory Response to Wounding (GO:0106014)
GO:0032661,0.9103109,2.030053,1.53643,GSDMD;CD84;DHX9,Regulation of Interleukin-18 Production (GO:0032661)
GO:0050670,0.9103109,2.030053,1.53643,LGALS3;CD209;LEP,Regulation of Lymphocyte Proliferation (GO:0050670)
GO:1905671,0.9103109,2.030053,1.53643,SCARB2;PPP3CB;MTOR,Regulation of Lysosome Organization (GO:1905671)
GO:0010793,0.9103109,2.030053,1.53643,WNK1;NSUN2;TPR,Regulation of mRNA Export From Nucleus (GO:0010793)
GO:1904139,0.9103109,2.030053,1.53643,P2RY12;CSF1;CX3CL1,Regulation of Microglial Cell Migration (GO:1904139)
GO:1904526,0.9103109,2.030053,1.53643,PPP2CB;MARK2;METAP2,Regulation of Microtubule Binding (GO:1904526)
GO:0062125,0.9103109,2.030053,1.53643,TSFM;SHMT2;LRPPRC,Regulation of Mitochondrial Gene Expression (GO:0062125)
GO:1903436,0.9103109,2.030053,1.53643,EXOC7;RAB11FIP3;RAB11A,Regulation of Mitotic Cytokinetic Process (GO:1903436)
GO:1901329,0.9103109,2.030053,1.53643,RPTOR;SERPINE1;IPO7,Regulation of Odontoblast Differentiation (GO:1901329)
GO:1903034,0.9103109,2.030053,1.53643,VIL1;STK24;CRK,Regulation of Response to Wounding (GO:1903034)
GO:2000197,0.9103109,2.030053,1.53643,WNK1;NSUN2;TPR,Regulation of Ribonucleoprotein Complex Localization (GO:2000197)
GO:0106118,0.9103109,2.030053,1.53643,LPCAT3;ERLIN1;ERLIN2,Regulation of Sterol Biosynthetic Process (GO:0106118)
GO:0062028,0.9103109,2.030053,1.53643,G3BP1;G3BP2;UBAP2L,Regulation of Stress Granule Assembly (GO:0062028)
GO:0016202,0.9103109,2.030053,1.53643,MTPN;TGFB1;SIRT2,Regulation of Striated Muscle Tissue Development (GO:0016202)
GO:1904353,0.9103109,2.030053,1.53643,RAD50;USP7;HNRNPD,Regulation of Telomere Capping (GO:1904353)
GO:2000677,0.9103109,2.030053,1.53643,TRAF6;IGF1;H1-0,Regulation of Transcription Regulatory Region DNA Binding (GO:2000677)
GO:0032908,0.9103109,2.030053,1.53643,FURIN;THBS1;TSKU,Regulation of Transforming Growth Factor Beta1 Production (GO:0032908)
GO:0043558,0.9103109,2.030053,1.53643,IMPACT;NCK1;PPP1CA,Regulation of Translational Initiation in Response to Stress (GO:0043558)
GO:1903555,0.9103109,2.030053,1.53643,MAPKAPK2;CD47;PARK7,Regulation of Tumor Necrosis Factor Superfamily Cytokine Production (GO:1903555)
GO:2000074,0.9103109,2.030053,1.53643,GSK3B;GSK3A;RHEB,Regulation of Type B Pancreatic Cell Development (GO:2000074)
GO:0010901,0.9103109,2.030053,1.53643,APOC2;APOC3;APOA5,Regulation of Very-Low-Density Lipoprotein Particle Remodeling (GO:0010901)
GO:1903689,0.9103109,2.030053,1.53643,FERMT2;MTOR;CLASP2,"Regulation of Wound Healing, Spreading of Epidermal Cells (GO:1903689)"
GO:0003091,0.9103109,2.030053,1.53643,GNAS;PRKCA;PRKACB,Renal Water Homeostasis (GO:0003091)
GO:0010447,0.9103109,2.030053,1.53643,CTSS;SLC9A1;LGMN,Response to Acidic pH (GO:0010447)
GO:0044321,0.9103109,2.030053,1.53643,MAP4K2;LEP;STAT3,Response to Leptin (GO:0044321)
GO:0035864,0.9103109,2.030053,1.53643,SLC12A2;CRHBP;NEK7,Response to Potassium Ion (GO:0035864)
GO:0019626,0.9103109,2.030053,1.53643,PCCA;PCCB;PCK2,Short-Chain Fatty Acid Catabolic Process (GO:0019626)
GO:0007172,0.9103109,2.030053,1.53643,SRC;NCK2;NCK1,Signal Complex Assembly (GO:0007172)
GO:0043403,0.9103109,2.030053,1.53643,PPP3CA;MSTN;NACA,Skeletal Muscle Tissue Regeneration (GO:0043403)
GO:0097490,0.9103109,2.030053,1.53643,NRP1;NRP2;SEMA3F,Sympathetic Neuron Projection Extension (GO:0097490)
GO:0031629,0.9103109,2.030053,1.53643,SNAP23;SNAP29;STX11,Synaptic Vesicle Fusion to Presynaptic Active Zone Membrane (GO:0031629)
GO:0051031,0.9103109,2.030053,1.53643,SSB;XPOT;YBX1,tRNA Transport (GO:0051031)
GO:0038163,0.9103109,2.030053,1.53643,STAT5A;MPL;JAK2,Thrombopoietin-Mediated Signaling Pathway (GO:0038163)
GO:0021636,0.9103109,2.030053,1.53643,NRP2;SEMA3F;PLXNA4,Trigeminal Nerve Morphogenesis (GO:0021636)
GO:0021637,0.9103109,2.030053,1.53643,NRP2;SEMA3F;PLXNA4,Trigeminal Nerve Structural Organization (GO:0021637)
GO:0038196,0.9103109,2.030053,1.53643,IFNGR1;TYK2;JAK1,Type III Interferon-Mediated Signaling Pathway (GO:0038196)
GO:0000050,0.9103109,2.030053,1.53643,PM20D1;SLC25A15;LDLR,Urea Cycle (GO:0000050)
GO:0019627,0.9103109,2.030053,1.53643,PM20D1;SLC25A15;LDLR,Urea Metabolic Process (GO:0019627)
GO:0071222,0.9103109,1.059289,0.7977852,ATL1;SERPINE1;HMGB2;LY96;RELA;MTDH;PLCG2;CTSG;LBP;JAK2;GIT1;PF4V1;LYN;UPF1;MMP3;NDUFA2;IL18;IRAK3;PPBP;IRAK4;LILRB2;MAPK14;MMP9;NFKB1;RHOA;HCK;AXL;SHPK;TRAF6;PDCD4;PLAA;VIM;CD68;NFKBIB;CHMP5;PF4,Cellular Response to Lipopolysaccharide (GO:0071222)
GO:0000070,0.9103109,1.06348,0.7994938,BECN1;DCTN2;CUL3;VPS4B;VPS4A;ABRAXAS2;GOLGA2;PPP1CC;TTR;CHMP1B;CHMP1A;ZNF207;FLNA;CLASP1;DIS3L2;CLASP2;NUDC;PDCD6IP;RHOA;RAB11A;EML3;RAB33B;EML4;WRAP73;KIF2A;ZW10;CHMP2B;CHMP2A;CHMP4B;CHMP6;KPNB1;RAN;CHMP5,Mitotic Sister Chromatid Segregation (GO:0000070)
GO:0006470,0.9103109,1.06348,0.7994938,PTPRS;DAPP1;PDXP;PPP2R2A;PTPRJ;PTPRK;PTPRF;PPM1F;MTM1;TIMM50;PPP1CB;PPP1CC;PPP3CA;PPP6C;PPP2CB;PPP3CB;PTPRZ1;PTPN1;PTPN18;DUSP3;PPP1R12A;PTPN11;PTPN12;PPP1CA;SSH1;PPM1A;PPM1B;PPP5C;PTPRB;PTPRC;CTDSP1;PTPN6;PTPN7,Protein Dephosphorylation (GO:0006470)
GO:0030308,0.9103109,1.07483,0.8051334,BMP10;GSK3A;NDRG3;DDX3X;PTPRS;PTPRJ;ENO1;CCAR2;RTN4;PPP1R9B;DNAJB2;RACK1;DIP2B;RBBP7;KIAA0319;TGFB2;TGFB1;SEMA6D;GDF2;INHBA;BST2;ADAM15;CDHR2;SCGB3A1;CRLF3;SIPA1;METAP2,Negative Regulation of Cell Growth (GO:0030308)
GO:0009062,0.9103109,1.082779,0.8096821,ACOT8;ABCD3;ACAA2;ACOT7;ECHS1;ECI1;ECI2;HSD17B4;HSD17B10;HADHB;HADHA;CPT2;PCCA;ACOX1;ILVBL;EHHADH;PCCB;ECHDC1;ACADM;ACAA1;HADH;ACADS;LPIN2;DECR1,Fatty Acid Catabolic Process (GO:0009062)
GO:0090263,0.9103109,1.082779,0.8096821,USP47;USP8;VCP;DDX3X;TGFB1;JUP;EGF;ATP6AP2;ILK;CCAR2;NFKB1;COL1A1;PPM1A;PPM1B;TBL1XR1;PTK7;WNK1;RUVBL1;GID8;CDH15;TMEM9;FGFR2;RPS12;TRPM4,Positive Regulation of Canonical Wnt Signaling Pathway (GO:0090263)
GO:0042274,0.9103109,1.082779,0.8096821,RPS9;NOP58;NPM1;RPS7;RPS8;RPS5;NOL7;NAT10;RPS3A;RPSA;WDR43;RPS4X;RPS14;RPS25;RPS17;RPS28;RPS16;RPS15A;LSM6;RPS19;RPS11;RPS13;RPS12;RPS23,Ribosomal Small Subunit Biogenesis (GO:0042274)
GO:0002755,0.9103109,1.353383,1.010885,IKBKB;TRAF6;IRAK3;IRAK4;MAP3K7;HSPD1,MyD88-dependent Toll-Like Receptor Signaling Pathway (GO:0002755)
GO:0043029,0.9103109,1.353383,1.010885,LGALS3;PPP2R1A;FASN;AKT1;NCKAP1L;JAK3,T Cell Homeostasis (GO:0043029)
GO:0006953,0.9103109,1.353383,1.010885,SIGIRR;APCS;PLSCR1;CSRP1;LBP;MBL2,Acute-Phase Response (GO:0006953)
GO:0016051,0.9103109,1.353383,1.010885,ST6GALNAC1;FUT8;B4GALT1;ST3GAL6;FUT1;MPDU1,Carbohydrate Biosynthetic Process (GO:0016051)
GO:0030031,0.9103109,1.353383,1.010885,NCKAP1;PARVG;PDGFA;NCKAP1L;PARVB;MTSS2,Cell Projection Assembly (GO:0030031)
GO:0071474,0.9103109,1.353383,1.010885,WNK1;STK39;ARHGEF2;OXSR1;EPX;YBX3,Cellular Hyperosmotic Response (GO:0071474)
GO:0021954,0.9103109,1.353383,1.010885,NTRK2;TAOK1;RAPGEF2;ATP7A;GBA2;METAP2,Central Nervous System Neuron Development (GO:0021954)
GO:0048268,0.9103109,1.353383,1.010885,GAK;CLTC;CLTA;EPS15;DNM1;PICALM,Clathrin Coat Assembly (GO:0048268)
GO:0015936,0.9103109,1.353383,1.010885,PANK4;ACOT7;PPCS;DCAKD;COASY;PPCDC,Coenzyme A Metabolic Process (GO:0015936)
GO:0048565,0.9103109,1.353383,1.010885,TGFB2;PKDCC;KIT;PCSK5;PKD1;FGFR2,Digestive Tract Development (GO:0048565)
GO:0010631,0.9103109,1.353383,1.010885,KANK2;ROCK1;KIT;FAT2;PKN2;PKN1,Epithelial Cell Migration (GO:0010631)
GO:0006536,0.9103109,1.353383,1.010885,GCLC;ALDH5A1;GOT2;DGLUCY;ALDH18A1;GCLM,Glutamate Metabolic Process (GO:0006536)
GO:0046503,0.9103109,1.353383,1.010885,LYPLA2;PRDX5;PLA2G4A;PNPLA6;GPCPD1;MGLL,Glycerolipid Catabolic Process (GO:0046503)
GO:0061723,0.9103109,1.353383,1.010885,ATG3;STBD1;ATG2A;WIPI1;WIPI2;ATG2B,Glycophagy (GO:0061723)
GO:0008406,0.9103109,1.353383,1.010885,TGFB2;KITLG;BASP1;CSDE1;KIT;INHBA,Gonad Development (GO:0008406)
GO:0006972,0.9103109,1.353383,1.010885,WNK1;STK39;OXSR1;EPX;YBX3;ICOSLG,Hyperosmotic Response (GO:0006972)
GO:0006882,0.9103109,1.353383,1.010885,SLC30A7;SLC30A9;LCK;SLC30A1;SLC39A7;SLC39A14,Intracellular Zinc Ion Homeostasis (GO:0006882)
GO:0035338,0.9103109,1.353383,1.010885,ACSL1;TECR;ACSL5;ACSL4;ACSL3;HSD17B12,Long-Chain fatty-acyl-CoA Biosynthetic Process (GO:0035338)
GO:0072329,0.9103109,1.353383,1.010885,ACOT8;ACOT7;ACOX1;ECI2;FAH;LPIN2,Monocarboxylic Acid Catabolic Process (GO:0072329)
GO:0032691,0.9103109,1.353383,1.010885,SERPINB1;CARD8;GHRL;IGF1;CX3CL1;GIT1,Negative Regulation of Interleukin-1 Beta Production (GO:0032691)
GO:0043271,0.9103109,1.353383,1.010885,WNK1;NEDD4;STC1;PTK2B;LILRB2;ADRA2A,Negative Regulation of Monoatomic Ion Transport (GO:0043271)
GO:0010656,0.9103109,1.353383,1.010885,BAG3;NACA;STUB1;IGF1;BMP7;LRP6,Negative Regulation of Muscle Cell Apoptotic Process (GO:0010656)
GO:0090331,0.9103109,1.353383,1.010885,SERPINE2;TMX1;PRKCD;CD9;ALOX12;PRKG1,Negative Regulation of Platelet Aggregation (GO:0090331)
GO:1904706,0.9103109,1.353383,1.010885,CNN1;EFEMP2;TPM1;PDCD4;SOD2;PRKG1,Negative Regulation of Vascular Associated Smooth Muscle Cell Proliferation (GO:1904706)
GO:0036092,0.9103109,1.353383,1.010885,BECN1;CLSTN1;PIK3R4;PIK3C3;PIK3CB;PIK3CG,Phosphatidylinositol-3-Phosphate Biosynthetic Process (GO:0036092)
GO:0006907,0.9103109,1.353383,1.010885,CARMIL1;MAPKAPK3;RAB34;MAPKAPK2;DOCK2;SNX5,Pinocytosis (GO:0006907)
GO:0019751,0.9103109,1.353383,1.010885,INPP5B;INPP4B;INPP5A;SYNJ1;PPIP5K2;OCRL,Polyol Metabolic Process (GO:0019751)
GO:0090280,0.9103109,1.353383,1.010885,PDGFRB;LGALS3;PPP3CA;PPP3CB;PPP3R1;STC1,Positive Regulation of Calcium Ion Import (GO:0090280)
GO:0032967,0.9103109,1.353383,1.010885,PRDX5;TGFB1;RGCC;F2R;SUCO;VIM,Positive Regulation of Collagen Biosynthetic Process (GO:0032967)
GO:0050775,0.9103109,1.353383,1.010885,CAMK2B;RELN;CUX1;CAPRIN1;LRP8;DBN1,Positive Regulation of Dendrite Morphogenesis (GO:0050775)
GO:1901203,0.9103109,1.353383,1.010885,RGCC;TGFB1;DAG1;EMILIN1;CLASP1;CLASP2,Positive Regulation of Extracellular Matrix Assembly (GO:1901203)
GO:1903313,0.9103109,1.353383,1.010885,UPF1;PNPT1;TTC5;KHSRP;ZC3HAV1;GTPBP1,Positive Regulation of mRNA Metabolic Process (GO:1903313)
GO:0043248,0.9103109,1.353383,1.010885,PSMD10;PSMD9;PSMB5;PSMD11;PSMD5;OTUD6B,Proteasome Assembly (GO:0043248)
GO:0070207,0.9103109,1.353383,1.010885,PNPT1;MLKL;SCARA5;ITLN1;SLC1A5;S100A9,Protein Homotrimerization (GO:0070207)
GO:0051205,0.9103109,1.353383,1.010885,SEC61A1;TRAM1;CCDC47;GET3;MAIP1;GET4,Protein Insertion Into Membrane (GO:0051205)
GO:0003177,0.9103109,1.353383,1.010885,NOTCH2;SMAD2;ADAMTS5;TGFB2;JAG1;NOTCH1,Pulmonary Valve Development (GO:0003177)
GO:0003184,0.9103109,1.353383,1.010885,NOTCH2;SMAD2;ADAMTS5;TGFB2;JAG1;NOTCH1,Pulmonary Valve Morphogenesis (GO:0003184)
GO:0009154,0.9103109,1.353383,1.010885,HINT1;NT5E;PDE2A;HPRT1;NT5C2;PRTFDC1,Purine Ribonucleotide Catabolic Process (GO:0009154)
GO:0032801,0.9103109,1.353383,1.010885,SH3GLB1;TGFB1;NEDD4;PIK3R4;PCSK9;LGMN,Receptor Catabolic Process (GO:0032801)
GO:1901184,0.9103109,1.353383,1.010885,PTPN18;FER;RHBDF2;MVB12B;PTPN12;LGMN,Regulation of ERBB Signaling Pathway (GO:1901184)
GO:0046822,0.9103109,1.353383,1.010885,NUP214;GSK3B;KHDRBS1;TGFB1;NEDD4;TPR,Regulation of Nucleocytoplasmic Transport (GO:0046822)
GO:0031952,0.9103109,1.353383,1.010885,TOM1L1;RAP2A;GPNMB;MVP;CHORDC1;PDGFA,Regulation of Protein Autophosphorylation (GO:0031952)
GO:1903305,0.9103109,1.353383,1.010885,VPS18;DTNBP1;SEPTIN5;RAB27A;RAB5A;UNC13D,Regulation of Regulated Secretory Pathway (GO:1903305)
GO:0072091,0.9103109,1.353383,1.010885,PTPRC;EPCAM;HMGB2;EIF2AK2;HNRNPU;FBLN1,Regulation of Stem Cell Proliferation (GO:0072091)
GO:0034695,0.9103109,1.353383,1.010885,TGFBR3;GNG2;GNAQ;GNB1;GNAS;GNAI1,Response to Prostaglandin E (GO:0034695)
GO:0031098,0.9103109,1.353383,1.010885,MAP2K3;IKBKB;MAPK1;MAPK14;MAP3K7;MAP3K5,Stress-Activated Protein Kinase Signaling Cascade (GO:0031098)
GO:0030182,0.9103109,1.093179,0.8161141,RTN2;RTN3;MTPN;NTRK2;MAP2K1;TGFB2;RTN1;ATP2B4;PCSK9;ACSL4;INHBA;HS6ST1;RTN4;MANF;LRP6;OPHN1;CDK5;AIFM1;WNK1;CASP3;CTNNB1,Neuron Differentiation (GO:0030182)
GO:1904263,0.9103109,1.093179,0.8161141,SEC13;MIOS;SYK;PRMT1;USP4;SRC;CUL3;PIP4P1;TBK1;RRAGC;MAT2A;RHEB;LARS1;LONP1;LAMTOR2;LAMTOR1;LAMTOR4;LAMTOR3;OGT;OTUB1;LAMTOR5,Positive Regulation of TORC1 Signaling (GO:1904263)
GO:0032233,0.9103109,1.093179,0.8161141,NRP1;CARMIL1;ROCK2;FHOD1;PLEK;TPM1;LIMK1;CX3CL1;MTSS1;RHOA;PPM1F;CDC42;VIL1;CCDC88A;RGCC;EVL;CCN2;CD47;PKN1;PFN1;FERMT2,Positive Regulation of Actin Filament Bundle Assembly (GO:0032233)
GO:0072655,0.9103109,1.107363,0.8254777,BCAP31;TOMM70;FIS1;RALA;TOMM40;TIMM13;TOMM34;TIMM44;MFF;HSPD1;TIMM50;TOMM22;CHCHD4;GRPEL1;PITRM1;AKT1;MFN2;FBXO7,Establishment of Protein Localization to Mitochondrion (GO:0072655)
GO:0022409,0.9103109,1.107363,0.8254777,FGB;FGA;FGG;PTPN23;BMP7;CX3CL1;FSTL3;TJP1;LCK;PODXL;CCL5;FLOT1;PIEZO1;CTNNB1;CD47;YWHAG;CD44;JAK1,Positive Regulation of Cell-Cell Adhesion (GO:0022409)
GO:0051963,0.9103109,1.107363,0.8254777,APP;NLGN1;NLGN2;CLSTN3;NRXN1;CLSTN1;MYCBP2;RHOG;RAP2A;SLITRK1;VPS35;GHRL;GPC4;PDLIM5;DOCK1;LRRC4B;SNCA;EIF4G1,Regulation of Synapse Assembly (GO:0051963)
GO:0043001,0.9103109,1.127857,0.8397544,NSF;MACF1;ASAP1;GCC2;RAB11A;RAB10;GGA1;GGA3;KRT18;RAB31;RAB34;GOLGA7;RAB11FIP3;SPTBN1;OPTN,Golgi to Plasma Membrane Protein Transport (GO:0043001)
GO:0030195,0.9103109,1.127857,0.8397544,FGB;FGA;PDGFRA;SERPINE2;SERPINE1;FGG;PDGFA;GP1BA;TFPI;KNG1;THBD;VTN;PROC;APOE;PF4,Negative Regulation of Blood Coagulation (GO:0030195)
GO:1901992,0.9103109,1.127857,0.8397544,DDX3X;UBE2C;CUL3;VPS4B;RDX;PHB2;RAB11A;RPTOR;RGCC;RRM2B;ADAMTS1;CDC16;AKT1;PLCB1;EIF4G1,Positive Regulation of Mitotic Cell Cycle Phase Transition (GO:1901992)
GO:0016125,0.9103109,1.127857,0.8397544,CETP;PRKAG2;LCAT;GBA2;APOA5;TSKU;NSDHL;PIP4P1;PMVK;ANGPTL3;APOF;APOE;LDLRAP1;APOB;CES1,Sterol Metabolic Process (GO:0016125)
GO:1990000,0.9103109,1.218059,0.9068005,FKBP1A;FUS;USP9X;FURIN;RIPK1;CD36;TARDBP;EMD;SNCA,Amyloid Fibril Formation (GO:1990000)
GO:0019731,0.9103109,1.218059,0.9068005,FGB;APP;FGA;BPIFA1;CTSG;RNASE4;HLA-A;JCHAIN;HLA-E,Antibacterial Humoral Response (GO:0019731)
GO:0002042,0.9103109,1.218059,0.9068005,NRP1;CDH5;EHD4;CTNND1;MICALL1;PACSIN2;AKT1;MIA3;GPLD1,Cell Migration Involved in Sprouting Angiogenesis (GO:0002042)
GO:0072599,0.9103109,1.218059,0.9068005,RAB10;SEC61A1;SPCS3;SPCS2;SPCS1;SRPRA;RAB3GAP2;SRPRB;RAB3GAP1,Establishment of Protein Localization to Endoplasmic Reticulum (GO:0072599)
GO:0005980,0.9103109,1.218059,0.9068005,ATG3;PYGB;GAA;STBD1;ATG2A;WIPI1;PYGL;WIPI2;ATG2B,Glycogen Catabolic Process (GO:0005980)
GO:0060047,0.9103109,1.218059,0.9068005,MYL4;GRK2;TTR;GPX1;GAA;TPM1;ATP1B1;SOD1;MYH7,Heart Contraction (GO:0060047)
GO:0042744,0.9103109,1.218059,0.9068005,PRDX3;PRDX2;PRDX5;GPX1;PRDX4;GPX3;PRDX1;LRP5;MPO,Hydrogen Peroxide Catabolic Process (GO:0042744)
GO:0050901,0.9103109,1.218059,0.9068005,ITGB1;SELPLG;VCAM1;ITGA4;ROCK1;SELL;SELENOP;MADCAM1;PPP1R9B,Leukocyte Tethering or Rolling (GO:0050901)
GO:0001774,0.9103109,1.218059,0.9068005,APP;ITGAM;IFNGR1;ITGB2;AZU1;JAK2;CLU;CX3CL1;SNCA,Microglial Cell Activation (GO:0001774)
GO:0033144,0.9103109,1.218059,0.9068005,KANK2;VPS18;DAB2;CNOT1;CNOT2;VPS11;CALR;CNOT9;STRN3,Negative Regulation of Intracellular Steroid Hormone Receptor Signaling Pathway (GO:0033144)
GO:0045953,0.9103109,1.218059,0.9068005,TGFB1;HLA-B;SERPINB9;GRB2;HLA-A;LGALS9;HLA-F;NECTIN2;HLA-E,Negative Regulation of Natural Killer Cell Mediated Cytotoxicity (GO:0045953)
GO:1900181,0.9103109,1.218059,0.9068005,APP;GSK3B;UFM1;YWHAB;CHORDC1;CTNNA1;MARK3;YWHAZ;MTOR,Negative Regulation of Protein Localization to Nucleus (GO:1900181)
GO:0006753,0.9103109,1.218059,0.9068005,ACOT9;ACOT8;ACOT7;OXSM;MLYCD;NUDT5;REXO2;DCK;ACSF2,Nucleoside Phosphate Metabolic Process (GO:0006753)
GO:0043171,0.9103109,1.218059,0.9068005,NPEPPS;ENPEP;ADAMTS13;CPQ;ERAP1;CTSH;LNPEP;IDE;LTA4H,Peptide Catabolic Process (GO:0043171)
GO:0006779,0.9103109,1.218059,0.9068005,ALAD;PGRMC1;SUCLA2;ABCB6;FECH;UROD;CPOX;PPOX;FXN,Porphyrin-Containing Compound Biosynthetic Process (GO:0006779)
GO:0045911,0.9103109,1.218059,0.9068005,ACTR2;WDR48;TFRC;PARP1;PRMT1;FUS;RUVBL2;RUVBL1;WAS,Positive Regulation of DNA Recombination (GO:0045911)
GO:0045742,0.9103109,1.218059,0.9068005,CCDC88A;RALA;RALB;TGFB1;AGR2;CBL;MMP9;CNOT9;ADRA2A,Positive Regulation of Epidermal Growth Factor Receptor Signaling Pathway (GO:0045742)
GO:0033138,0.9103109,1.218059,0.9068005,RPTOR;PDCD10;ARAF;CCM2;PARK7;PKN1;STK4;CNOT9;EIF4G1,Positive Regulation of Peptidyl-Serine Phosphorylation (GO:0033138)
GO:0071805,0.9103109,1.218059,0.9068005,SLC12A2;LETM1;SLC9A9;HPN;KCNA3;ATP1B3;PRKD2;ATP1B1;SLC9A1,Potassium Ion Transmembrane Transport (GO:0071805)
GO:0050691,0.9103109,1.218059,0.9068005,TOMM70;HSP90AA1;MAVS;DTX3L;STING1;DHX9;STAT1;NT5C2;PARP9,Regulation of Defense Response to Virus by Host (GO:0050691)
GO:0010762,0.9103109,1.218059,0.9068005,ITGB1;DMTN;TGFB1;ARHGEF7;THBS1;PTK2;APPL2;CORO1C;DDR2,Regulation of Fibroblast Migration (GO:0010762)
GO:0051881,0.9103109,1.218059,0.9068005,PRDX3;SPART;VCP;PPA2;ARL6IP5;BAX;PARK7;SOD1;BCL2L1,Regulation of Mitochondrial Membrane Potential (GO:0051881)
GO:0046928,0.9103109,1.218059,0.9068005,VPS18;PNKD;MCTP1;FMR1;CAMK2A;DTNBP1;SEPTIN5;SLC30A1;RAB5A,Regulation of Neurotransmitter Secretion (GO:0046928)
GO:1901654,0.9103109,1.218059,0.9068005,TGFBR3;TGFB2;TGFB1;WBP2;GNAQ;GNAS;UBE3A;THBS1;GNAI1,Response to Ketone (GO:1901654)
GO:0001523,0.9103109,1.218059,0.9068005,SCPEP1;RBP4;ADH1B;RDH11;ALDH1A1;AKR1B1;RDH13;LRP8;DHRS4,Retinoid Metabolic Process (GO:0001523)
GO:0048863,0.9103109,1.218059,0.9068005,UFL1;TGFB2;PSMD11;PTPRC;EPCAM;KIT;CTNNB1;FGFR2;LRP6,Stem Cell Differentiation (GO:0048863)
GO:0043489,0.9103109,1.160069,0.8631887,EIF4ENIF1;LARP1;FUS;THRAP3;NSUN2;CIRBP;HNRNPU;YBX1;IGF2BP2;PABPC1;ELAVL1;PAIP1,RNA Stabilization (GO:0043489)
GO:0030968,0.9103109,1.160069,0.8631887,PTPN1;VCP;ERMP1;TBL2;ATF6B;HSPA5;VAPB;DNAJC10;YOD1;EIF2S1;CDK5RAP3;MANF,Endoplasmic Reticulum Unfolded Protein Response (GO:0030968)
GO:0003007,0.9103109,1.160069,0.8631887,ACVR1;TGFBR3;SMAD2;FKBP1A;ADAMTS5;TGFB2;NOTCH1;TTR;PROC;ZFPM1;PTK2;ENG,Heart Morphogenesis (GO:0003007)
GO:0034389,0.9103109,1.160069,0.8631887,BSCL2;PRKAA1;RNF213;FAF2;MOSPD2;RAB18;PLIN3;LDAH;PPIA;PPID;RAB3GAP1;CDS2,Lipid Droplet Organization (GO:0034389)
GO:0045744,0.9103109,1.160069,0.8631887,PPP3CA;GRK2;INPP5A;YWHAB;CCL5;PLEK;STMN1;APLP1;PDE2A;PDE3A;ARRB2;SNCA,Negative Regulation of G Protein-Coupled Receptor Signaling Pathway (GO:0045744)
GO:0051346,0.9103109,1.160069,0.8631887,ARFGEF1;CSTB;ECM1;LRCH1;CAMK2A;CHORDC1;RDX;PLXNB3;ARL2;TMED2;GMIP;SERPINA5,Negative Regulation of Hydrolase Activity (GO:0051346)
GO:0051051,0.9103109,1.160069,0.8631887,SNX3;LGALS3;MTMR2;MCTP1;EGF;ITGB3;SNX12;ARL6IP5;ITGAV;PPM1F;SNCA;RAB7A,Negative Regulation of Transport (GO:0051051)
GO:0014032,0.9103109,1.160069,0.8631887,NRP1;CDH2;TCOF1;SEMA4D;PEF1;PDCD6;SEMA6D;SEMA3B;NOLC1;SEMA3F;TAPT1;CORO1C,Neural Crest Cell Development (GO:0014032)
GO:0032653,0.9103109,1.160069,0.8631887,CD40LG;SYK;STAT3;PLCG2;LGALS9;CD47;CD46;THBS1;JAK3;VSIR;HLA-DRB1;HSPD1,Regulation of Interleukin-10 Production (GO:0032653)
GO:0051591,0.9103109,1.160069,0.8631887,CRHBP;CRTC2;RAP1A;DMTN;IGFBP5;VGF;STAT1;PDE2A;NDUFS4;RAPGEF2;PRKD2;EZR,Response to cAMP (GO:0051591)
GO:0001818,0.9268963,1.033896,0.7502365,CD84;PPP1R11;ARRB1;CX3CL1;VSIR;IKBKB;C1QTNF3;C1QBP;CASP3;UFD1;BANF1;LGALS9;VSIG4;JAK2;CD34;JAK3;APPL2;CHID1;SRGN;ANXA1;ANXA4;PRKCA;IRAK3;SIGIRR;TWSG1;SARS1;EZR;GAS6;ZFPM1;CUL3;FBLN1;THBS1;RELA;GPNMB;NCKAP1L;ELANE;ATG5;PRNP;STAT3;FN1;SSC5D;PTPN11;INHBA;ATP2B1;NFKB1;CYLD;ITCH;NPLOC4;PTPRC;RGCC;AXL;PDCD4;GHRL;PTPN6;HLA-DRB1,Negative Regulation of Cytokine Production (GO:0001818)
GO:0007005,0.933128,1.03762,0.7455837,GSK3B;STOML2;COX7A2;PARK7;MFF;PHB2;HSD17B10;MTM1;TIMM50;HSPD1;CHCHD4;PRDX3;RHOT2;CHCHD3;RHOT1;SAMM50;AIFM1;LONP1;MYH14;MFN2;ATP7A;DNM1L;BID;WASF1;FIS1;MIGA2;PNPT1;PARP1;MTX1;VPS13C;NME3;PRKCA;ATAD3B;BCS1L;ATAD3A;NIPSNAP2;RAB32;LETM1;COX7A2L;TMEM11;CLPP;DNAJA3;BAX;RAB38;SSBP1;BCL2L1,Mitochondrion Organization (GO:0007005)
GO:0007411,0.9377769,1.041067,0.7424829,NOTCH2;CYFIP1;NOTCH3;NRP1;NRP2;NOTCH1;NRXN1;MYCBP2;SEMA3B;NRXN3;NEXN;PTPRJ;SEMA3F;KALRN;ARHGAP35;EFNB1;ALCAM;RELN;OPHN1;KIF5B;BSG;DAG1;TNR;NRCAM;FYN;NCAM1;NEO1;PLXNA4;VASP;LYPLA2;SEMA4D;SEMA6D;UNC5C;L1CAM;PTK2;ENAH;NELL2;PRKCQ;EVL;SOS1,Axon Guidance (GO:0007411)
GO:0044782,0.9401644,1.043224,0.7409645,ARF4;RAB1A;NOTCH1;ARL3;ASAP1;PTPN23;FNBP1L;TXNDC15;HDAC6;ABLIM1;ABLIM3;MICALL1;FLNA;MAP4;ATP6V1D;SNAP29;RAB8A;RAB8B;ACTR3;ACTR2;PTGES2;SEPTIN2;USP9X;RAB3IP;CEP131;OCRL;SEPTIN7;WDR11;EHD1;EHD2;EHD3;EHD4;DNMBP;RILPL2;RAB34;PRKD2;ATP6V0D1,Cilium Organization (GO:0044782)
GO:0071375,0.9455892,1.04884,0.7381057,HDAC5;GSK3A;PRKDC;SRC;SYAP1;PCSK9;IRS2;PIK3R1;RELA;CRHBP;AKT2;AKT1;RAB8A;PCK2;MAP4K2;PARP1;PRKCD;DENND4C;MYO5A;GCG;SLC39A14;MTOR;NFKB1;RAB10;PKM;RAB31;EPRS1;RAB13;GNAS;LPIN2;GPLD1,Cellular Response to Peptide Hormone Stimulus (GO:0071375)
GO:0042327,0.9455892,1.04884,0.7381057,CSF1R;RALB;ROCK2;FLT4;ITLN1;ARRB1;CIB1;STK4;THBS1;MYDGF;SDCBP;GPNMB;FLOT1;RACK1;RIPK1;REPS1;NIBAN1;CD74;SEMA4D;EGF;MMP9;PTK2;RAP2A;ITGA6;FAM20A;TNIK;PKN1;GAS6;PPIA;S100A9;HLA-DRB1,Positive Regulation of Phosphorylation (GO:0042327)
GO:0032006,0.9487243,1.052587,0.7368514,GSK3B;GSK3A;PRKAA1;SAR1A;SAR1B;PDCD6;ARAF;UBR1;RPTOR;ARMH4;RELN;CCL5;RPS6KA1;MLST8;RICTOR;SEC13;TSC1;F7;RRAGC;RHEB;LARS1;LEP;LAMTOR2;LAMTOR1;GAS6;LAMTOR4;LAMTOR3;LAMTOR5,Regulation of TOR Signaling (GO:0032006)
GO:0001764,0.9487283,1.071348,0.7350775,NRP1;NTRK2;RIPK2;TUBGCP2;USP9X;NDNF;CELSR1;RELN;ABI2;CDK5;MAP1B;RAPGEF2;NRCAM;NEO1;KIAA0319;KIAA0319L;MARK2;PAFAH1B1;FGFR1,Neuron Migration (GO:0001764)
GO:0048584,0.9487283,1.071348,0.7350775,APP;TGFB2;DHX9;ACTL6A;ILK;BRCC3;C8A;UCHL5;PSMA7;BABAM1;BABAM2;MAVS;TRIM28;RUVBL2;RUVBL1;RPS3;HLA-DRB3;HLA-DRB1;HLA-DPA1,Positive Regulation of Response to Stimulus (GO:0048584)
GO:0050806,0.9487283,1.071348,0.7350775,CAMK2B;APP;CAMK2D;NLGN1;NLGN2;CLSTN3;FMR1;NRXN1;CLSTN1;CAMK2A;DTNBP1;RELN;FLOT1;PTK2B;STX4;SHANK3;SQSTM1;CAMK2G;LGMN,Positive Regulation of Synaptic Transmission (GO:0050806)
GO:0060828,0.9487283,1.025204,0.7029865,APP;GSK3B;GSK3A;DDX3X;RNF14;ILK;LIMD1;CCAR2;TNN;RUVBL2;RUVBL1;EMD;SCYL2;RPS12;IGFBP1;USP8;USP47;IGFBP4;ATP6AP2;KREMEN1;DKK3;PPM1A;PPM1B;CCNY;FRMD8;TBL1XR1;CDH15;TMEM9;PFDN5;VCP;STK4;APOE;TRPM4;TGFB1;JUP;EGF;NFKB1;PPP1CA;COL1A1;CYLD;DAB2;PROC;STK24;PTK7;WNK1;GNAQ;GID8;OTULIN;NOTUM;FGFR2,Regulation of Canonical Wnt Signaling Pathway (GO:0060828)
GO:0170036,0.9487283,1.082613,0.7361067,HSPA9;TOMM70;TOMM40;PNPT1;ITPR1;TIMM44;MAIP1;TIMM50;GRPEL1;SFXN3;SFXN1;VDAC1;MICU2;SFXN2;MICU1;MCU,Import Into the Mitochondrion (GO:0170036)
GO:0033673,0.9487283,1.082613,0.7361067,HNRNPU;HSPB1;PRKAG2;IRS2;REXO2;WARS1;PRDX3;PTPRC;DNAJA3;GNAQ;CHORDC1;PKN2;PPIA;YWHAG;RTRAF;SNCA,Negative Regulation of Kinase Activity (GO:0033673)
GO:0016266,0.9487283,1.099517,0.7392428,ST6GAL1;GALNT15;GALNT2;GALNT1;GXYLT1;POMGNT1;GALNT10;B3GNT8;B3GNT7;POFUT1;B3GNT2;GCNT4;ST3GAL1,O-glycan Processing (GO:0016266)
GO:0048732,0.9487283,1.099517,0.7392428,PRKCSH;PCSK9;MSN;LSR;ARHGAP35;DKK3;SOD1;TGFBR3;TG;PRKD2;EZR;CDK5RAP3;FGFR2,Gland Development (GO:0048732)
GO:0033619,0.9487283,1.099517,0.7392428,MMP7;TGFB1;HM13;ERAP1;NCSTN;ADAM17;CLPP;DAG1;CTSH;MYH9;PRKCQ;PRTN3;RBMX,Membrane Protein Proteolysis (GO:0033619)
GO:0016486,0.9487283,1.099517,0.7392428,ERO1B;ENPEP;ATP6AP2;YIPF5;ECE1;FURIN;PCSK6;PCSK5;PLA2G7;CTSL;SCG5;CTSG;P4HB,Peptide Hormone Processing (GO:0016486)
GO:0045047,0.9487283,1.099517,0.7392428,UBL4A;SGTB;SGTA;SEC61A1;SPCS3;SPCS2;SPCS1;SRPRA;CHMP4B;SRPRB;SEC62;GET4;SEC63,Protein Targeting to ER (GO:0045047)
GO:0010569,0.9487283,1.099517,0.7392428,ACTR2;WDR48;PARP1;PRMT1;FUS;ACTL6A;CSNK2A2;WAS;PPP4C;C1QBP;RUVBL2;RUVBL1;TERF2IP,Regulation of Double-Strand Break Repair via Homologous Recombination (GO:0010569)
GO:2000736,0.9487283,1.099517,0.7392428,PDGFRA;MTCH2;NOTCH1;JAG1;PRKDC;SMYD5;NSUN2;HNRNPU;EIF2AK2;ITCH;OCIAD1;CCM2;RBBP7,Regulation of Stem Cell Differentiation (GO:2000736)
GO:0042542,0.9487283,1.099517,0.7392428,GPX1;PRKCD;PARK7;HDAC6;RELA;SOD1;PRDX3;RPS3;PPIF;FYN;RIPK1;FXN;MAP3K5,Response to Hydrogen Peroxide (GO:0042542)
GO:0043039,0.9487283,1.099517,0.7392428,HARS1;RARS1;MARS1;DARS2;GARS1;EPRS1;NARS1;QARS1;LARS1;IARS2;IARS1;DTD1;VARS1,tRNA Aminoacylation (GO:0043039)
GO:2000145,0.9487283,1.029604,0.6855552,CSF1R;MACF1;TNXB;SERPINE2;ROCK1;ROCK2;CCDC25;WAS;ARHGAP18;NEXN;FBLN1;RTN4;DOCK10;SLK;TNN;AKT2;TMSB4X;LMNA;AKT1;TNR;FLNA;PLXNA4;TGFB1;CAVIN1;MINK1;MEAK7;CYRIB;RHOA;KIF2A;FES;PLXNB2;PLXNB1;PKN2;PKN1;CRK,Regulation of Cell Motility (GO:2000145)
GO:0090630,0.9487283,1.127697,0.7469807,BCR;RALGAPB;RHOG;SCRIB;TSC1;TAX1BP3;RANGAP1;CORO1C;MTSS2;SLC27A4,Activation of GTPase Activity (GO:0090630)
GO:0070301,0.9487283,1.127697,0.7469807,PRKCD;RPS3;PPIF;FYN;RIPK1;PARK7;FXN;HDAC6;RELA;MAP3K5,Cellular Response to Hydrogen Peroxide (GO:0070301)
GO:0048041,0.9487283,1.127697,0.7469807,BCR;CTTN;ACTN2;SRC;CDH11;PTPRK;ARHGEF7;ARHGAP6;THSD1;FERMT2,Focal Adhesion Assembly (GO:0048041)
GO:0051053,0.9487283,1.127697,0.7469807,H1-5;SRC;XRCC5;SUB1;RPS3;GDF2;TERF2IP;H1-0;H1-10;S100A11,Negative Regulation of DNA Metabolic Process (GO:0051053)
GO:0043407,0.9487283,1.127697,0.7469807,LYN;DNAJA1;PTPN1;STK38;PDCD4;PTPRJ;IRAK3;APOE;AIDA;CDK5RAP3,Negative Regulation of MAP Kinase Activity (GO:0043407)
GO:0000288,0.9487283,1.127697,0.7469807,CNOT11;PDE12;CNOT2;CNOT3;LSM1;TNKS1BP1;CNOT10;DCP1A;DCPS;CNOT9,"Nuclear-Transcribed mRNA Catabolic Process, Deadenylation-Dependent Decay (GO:0000288)"
GO:0048015,0.9487283,1.127697,0.7469807,PLCB3;PLCB4;PI4KA;PLCG2;PIK3C3;PIK3CB;PLCB1;PLCB2;PIK3CG;FGFR1,Phosphatidylinositol-Mediated Signaling (GO:0048015)
GO:0035025,0.9487283,1.127697,0.7469807,FXR1;AKAP13;ADGRG1;COL3A1;SEMA4D;F2R;ARRB1;PLXNB1;F11R;FERMT2,Positive Regulation of Rho Protein Signal Transduction (GO:0035025)
GO:0051865,0.9487283,1.127697,0.7469807,RNF11;ITCH;RNF213;DTX3L;TRAF6;CUL3;UBE3A;STUB1;TRIM21;TANK,Protein Autoubiquitination (GO:0051865)
GO:0010959,0.9487283,1.127697,0.7469807,CAMK2B;STIM1;EPB41;TMX1;WNK1;ORAI1;IL16;SRI;CAMK2G;YWHAH,Regulation of Metal Ion Transport (GO:0010959)
GO:0006767,0.9487283,1.127697,0.7469807,PANK4;VNN2;CLSTN3;GSTO1;MMAB;SHMT1;MCCC1;SLC2A1;PLPBP;SLC2A3,Water-Soluble Vitamin Metabolic Process (GO:0006767)
GO:0035023,0.9487283,1.030993,0.6812935,KANK2;NRP1;RIPOR2;DOCK8;CUL3;DOCK7;ARRB1;F11R;ARHGAP35;DOCK10;FXR1;AKAP13;DOCK11;ADGRG1;OPHN1;PDCD10;ARHGDIA;ARHGDIB;STMN1;APOE;REPS1;SEMA4D;HEG1;F2R;APOC3;MYO9B;BCR;COL3A1;KCTD10;PLXNB1;ARHGEF2;FERMT2,Regulation of Rho Protein Signal Transduction (GO:0035023)
GO:0007409,0.9487283,1.014851,0.6700085,APP;CYFIP1;NRP1;NRP2;DOCK7;PTPRJ;ARHGAP35;PPP3CB;OPHN1;KIF5B;BSG;DAG1;TNR;NRCAM;NEO1;RAB8A;LYPLA2;MAP1S;RIPK2;APLP2;SEMA6D;APLP1;UNC5C;ENAH;SHTN1;MAP1B;PARD3;S100A6;PRKCQ;EVL;ARHGEF7;SOS1;NOTCH2;NOTCH3;NOTCH1;NRXN1;MYCBP2;SEMA3B;NRXN3;NEXN;SEMA3F;KALRN;EFNB1;RELN;SLITRK1;FYN;PLXNA4;VASP;SEMA4D;USP9X;L1CAM;BAIAP2;PTK2;RAB10;CDK5;FGFR2;METAP1,Axonogenesis (GO:0007409)
GO:0030003,0.9487283,1.014829,0.6620825,YWHAE;APP;TFRC;CISD1;ATP2A3;ATP2A2;NUBP2;CDH5;SLC39A7;ATP7A;SLC30A7;ATP6V1G1;SLC30A9;SCARA5;ATP6AP1;GLRX3;PRKCA;ATP1B3;SLC30A1;ATP1B1;SLC39A14;STIM1;TFR2;LCK;ATP6V0D1;FXN;ATP6V1A;STOML2;ABCB7;STC1;ATP2C1;TMEM165;SLC9A1;STC2;CCL5;ATP6V0A2;ELANE;SLC12A2;PRNP;ATP13A1;GDF2;ATP2B4;RMDN3;CYBRD1;CP;SOD1;VAPB;ACO1;CALR;CCDC22;PICALM,Intracellular Monoatomic Cation Homeostasis (GO:0030003)
GO:0022618,0.9487283,1.014829,0.6620825,RPL5;HSP90AB1;CELF2;RPS14;RPS19;DENR;PRMT5;HSP90AA1;RPS5;RPSA;DICER1;WDR77;CLNS1A;GEMIN5;SNRPF;SF1;DHX9;PRKDC;DDX1;NOP2;RPL11;SRSF1;NOL3;PUF60;EIF4H;SF3B1;EIF4B;MCTS1;SF3A2;XRCC5;PTGES3;EIF2S2;LSM4;RPS28;EIF3M;EIF2S3;EIF5;EIF6;EIF3K;EIF3L;EIF3I;AGO2;EIF3J;EIF3G;EIF3H;EIF3E;DHX29;EIF3F;EIF3D;EIF3A;EIF3B,protein-RNA Complex Assembly (GO:0022618)
GO:0048667,0.9487283,1.034761,0.6715595,APP;DOCK7;CELSR2;OPHN1;SLITRK1;NRCAM;RAB8A;MAP1S;RIPK2;APLP2;APLP1;MINK1;TBCD;BAIAP2;RAB10;SHTN1;ACTBL2;CDK5;CDHR1;MAP1B;PARD3;S100A6;ARHGEF7;FGFR2;METAP1;METAP2,Cell Morphogenesis Involved in Neuron Differentiation (GO:0048667)
GO:0071616,0.9487283,1.184069,0.7671895,GCDH;ACLY;ACSS2;PPCS;FASN;MLYCD;ACSS1,acyl-CoA Biosynthetic Process (GO:0071616)
GO:0060840,0.9487283,1.184069,0.7671895,NRP1;EFEMP2;HECTD1;PDE2A;ANGPTL3;PRKD2;ENG,Artery Development (GO:0060840)
GO:0030242,0.9487283,1.184069,0.7671895,PIK3R4;ATG2A;WIPI1;PIK3C3;WIPI2;SQSTM1;ATG2B,Autophagy of Peroxisome (GO:0030242)
GO:0071359,0.9487283,1.184069,0.7671895,NPM1;MAVS;RALB;STING1;DHX9;PDE12;FLOT1,Cellular Response to dsRNA (GO:0071359)
GO:0071300,0.9487283,1.184069,0.7671895,LYN;GSK3B;NDUFA13;PTK7;TESC;TWF2;PTK2B,Cellular Response to Retinoic Acid (GO:0071300)
GO:0035088,0.9487283,1.184069,0.7671895,DLG1;LRRC7;PARD3;ERBIN;FSCN1;SCRIB;MARK2,Establishment or Maintenance of Apical/Basal Cell Polarity (GO:0035088)
GO:0046485,0.9487283,1.184069,0.7671895,GNPAT;NCEH1;DHRS7B;AGPS;FAR1;PLA2G7;PAFAH1B1,Ether Lipid Metabolic Process (GO:0046485)
GO:0042339,0.9487283,1.184069,0.7671895,B3GNT7;B4GAT1;GLB1;CHST1;ST3GAL6;GNS;ST3GAL1,Keratan Sulfate Proteoglycan Metabolic Process (GO:0042339)
GO:0044872,0.9487283,1.184069,0.7671895,SAR1A;PRKCB;SAR1B;SURF4;MIA3;PREB;CD36,Lipoprotein Localization (GO:0044872)
GO:0002449,0.9487283,1.184069,0.7671895,JAG1;CD8A;C4BPA;SLA2;CD46;GNL1;MYO1G,Lymphocyte Mediated Immunity (GO:0002449)
GO:0150118,0.9487283,1.184069,0.7671895,DUSP22;DMTN;SRC;ARHGAP6;THBS1;CORO1C;CLASP2,Negative Regulation of Cell-Substrate Junction Organization (GO:0150118)
GO:0051895,0.9487283,1.184069,0.7671895,DUSP22;DMTN;SRC;ARHGAP6;THBS1;CORO1C;CLASP2,Negative Regulation of Focal Adhesion Assembly (GO:0051895)
GO:0032692,0.9487283,1.184069,0.7671895,SERPINB1;CARD8;GHRL;IGF1;GAS6;CX3CL1;GIT1,Negative Regulation of Interleukin-1 Production (GO:0032692)
GO:1902230,0.9487283,1.184069,0.7671895,CD74;MUC1;CLU;S100A9;CCAR2;CD44;BCL2L1,Negative Regulation of Intrinsic Apoptotic Signaling Pathway in Response to DNA Damage (GO:1902230)
GO:0050765,0.9487283,1.184069,0.7671895,SNX3;PIP4P2;PLSCR1;RACK1;PRTN3;CD47;APPL1,Negative Regulation of Phagocytosis (GO:0050765)
GO:0106027,0.9487283,1.184069,0.7671895,APP;GSK3B;PRNP;DCTN1;METAP1;LGMN;PLS1,Neuron Projection Organization (GO:0106027)
GO:0046209,0.9487283,1.184069,0.7671895,CYB5B;PM20D1;ARG2;HSP90AA1;CYB5R3;DDAH1;VDAC2,Nitric Oxide Metabolic Process (GO:0046209)
GO:0007008,0.9487283,1.184069,0.7671895,TOMM70;MTCH2;TOMM40;SAMM50;MTX1;HSPA4;TOMM22,Outer Mitochondrial Membrane Organization (GO:0007008)
GO:0000425,0.9487283,1.184069,0.7671895,PIK3R4;ATG2A;WIPI1;PIK3C3;WIPI2;SQSTM1;ATG2B,Pexophagy (GO:0000425)
GO:0043388,0.9487283,1.184069,0.7671895,EGF;TRAF6;IGF1;H1-0;MMP9;SIRT2;NME1,Positive Regulation of DNA Binding (GO:0043388)
GO:1900227,0.9487283,1.184069,0.7671895,MAVS;DDX3X;NEK7;ZDHHC5;BTK;PLCG2;CD36,Positive Regulation of NLRP3 Inflammasome Complex Assembly (GO:1900227)
GO:0010907,0.9487283,1.184069,0.7671895,DDB1;AKT2;PRKAG1;PRKAG2;AKT1;IRS2;GPLD1,Positive Regulation of Glucose Metabolic Process (GO:0010907)
GO:0045948,0.9487283,1.184069,0.7671895,EIF2B5;KHDRBS1;SH3BGRL;DDX3X;LARP1;CCL5;MTOR,Positive Regulation of Translational Initiation (GO:0045948)
GO:0045040,0.9487283,1.184069,0.7671895,TOMM70;MTCH2;TOMM40;SAMM50;MTX1;HSPA4;TOMM22,Protein Insertion Into Mitochondrial Outer Membrane (GO:0045040)
GO:0006513,0.9487283,1.184069,0.7671895,ITCH;HUWE1;TRIM25;UBE2O;STUB1;TRIM21;TRIM56,Protein Monoubiquitination (GO:0006513)
GO:0090287,0.9487283,1.184069,0.7671895,NRP1;TWSG1;PRMT1;FST;PCSK6;FSTL1;FSTL3,Regulation of Cellular Response to Growth Factor Stimulus (GO:0090287)
GO:0032965,0.9487283,1.184069,0.7671895,PRDX5;TGFB1;RGCC;F2R;SUCO;EMILIN1;VIM,Regulation of Collagen Biosynthetic Process (GO:0032965)
GO:2001026,0.9487283,1.184069,0.7671895,NOTCH1;TMSB4X;HSPB1;PRKD2;THBS1;FGFR1;LGMN,Regulation of Endothelial Cell Chemotaxis (GO:2001026)
GO:0010715,0.9487283,1.184069,0.7671895,TGFB1;FSCN1;MELTF;FGFR4;CLASP1;CLASP2;DDR2,Regulation of Extracellular Matrix Disassembly (GO:0010715)
GO:0120035,0.9487283,1.184069,0.7671895,APP;GSK3B;CCDC88A;GSK3A;VPS35;CAMK2G;FBXO7,Regulation of Plasma Membrane Bounded Cell Projection Organization (GO:0120035)
GO:0042509,0.9487283,1.184069,0.7671895,CSF1R;KIT;IL18;CCM2;JAK2;PARP9;FGFR3,Regulation of Tyrosine Phosphorylation of STAT Protein (GO:0042509)
GO:0043627,0.9487283,1.184069,0.7671895,CRHBP;BCAS3;GSTM3;WBP2;TRIM25;SERPINB9;GHRL,Response to Estrogen (GO:0043627)
GO:0055002,0.9487283,1.184069,0.7671895,TMOD1;TTR;FLII;TMOD3;SDC1;IGF1;MYL9,Striated Muscle Cell Development (GO:0055002)
GO:0000038,0.9487283,1.184069,0.7671895,ABCD3;ACSL1;ACOX1;TECR;HACD3;ACAA1;HACD4,Very Long-Chain Fatty Acid Metabolic Process (GO:0000038)
GO:1903322,0.9487283,1.037402,0.6658922,PSMD10;GSK3B;GSK3A;ANGPT1;RIPK2;SPHK1;CUL3;MYCBP2;DCUN1D1;HUWE1;UBE3A;HSPBP1;TANK;UBE2L3;DNAJB2;TRAF6;DNAJA3;FBXO4;UBQLN1;UBA2;STUB1;SAE1;CDK5RAP3,Positive Regulation of Protein Modification by Small Protein Conjugation or Removal (GO:1903322)
GO:0032651,0.9487283,1.040861,0.659497,GSDMD;APP;SERPINB1;RIPK2;CARD8;F2R;STAT3;HSPB1;LPL;AZU1;IGF1;CX3CL1;RELA;PANX1;CASP8;GHRL;CD36;LGALS9;JAK2;GIT1,Regulation of Interleukin-1 Beta Production (GO:0032651)
GO:0015867,0.9487283,1.353206,0.84118,PANX1;CD47;SLC25A5;SLC25A24,ATP Transport (GO:0015867)
GO:0009435,0.9487283,1.353206,0.84118,NAPRT;NAMPT;NMNAT3;NADSYN1,NAD Biosynthetic Process (GO:0009435)
GO:0006040,0.9487283,1.353206,0.84118,FN3K;ST6GAL1;GFPT1;ST3GAL1,Amino Sugar Metabolic Process (GO:0006040)
GO:0030521,0.9487283,1.353206,0.84118,DDX5;RNF14;MAPK1;PARK7,Androgen Receptor Signaling Pathway (GO:0030521)
GO:0008306,0.9487283,1.353206,0.84118,APP;RELN;METAP1;LGMN,Associative Learning (GO:0008306)
GO:0071711,0.9487283,1.353206,0.84118,HPN;NID1;NID2;CTSS,Basement Membrane Organization (GO:0071711)
GO:0071391,0.9487283,1.353206,0.84118,BCAS3;CRHBP;WBP2;SERPINB9,Cellular Response to Estrogen Stimulus (GO:0071391)
GO:0070729,0.9487283,1.353206,0.84118,ABCC4;LRRC8D;LRRC8A;SHOC2,Cyclic Nucleotide Transport (GO:0070729)
GO:0002407,0.9487283,1.353206,0.84118,CCL5;CXCR4;PIK3CG;TRPM4,Dendritic Cell Chemotaxis (GO:0002407)
GO:0097028,0.9487283,1.353206,0.84118,LYN;PRTN3;LGALS9;GAS6,Dendritic Cell Differentiation (GO:0097028)
GO:0016045,0.9487283,1.353206,0.84118,HLA-B;SSC5D;HLA-A;HLA-DRB1,Detection of Bacterium (GO:0016045)
GO:0048706,0.9487283,1.353206,0.84118,COL1A1;PDGFRA;RBP4;PCSK5,Embryonic Skeletal System Development (GO:0048706)
GO:1902222,0.9487283,1.353206,0.84118,GSTZ1;QDPR;HGD;FAH,Erythrose 4-Phosphate/Phosphoenolpyruvate Family Amino Acid Catabolic Process (GO:1902222)
GO:0051683,0.9487283,1.353206,0.84118,CDC42;PDCD10;COPG1;YWHAZ,Establishment of Golgi Localization (GO:0051683)
GO:0034643,0.9487283,1.353206,0.84118,RHOT2;RHOT1;MAP1S;LRPPRC,"Establishment of Mitochondrion Localization, Microtubule-Mediated (GO:0034643)"
GO:0051293,0.9487283,1.353206,0.84118,DYNC1H1;MAP4;KPNB1;CLASP2,Establishment of Spindle Localization (GO:0051293)
GO:0030497,0.9487283,1.353206,0.84118,TECR;HSD17B12;HACD3;HACD4,Fatty Acid Elongation (GO:0030497)
GO:0006750,0.9487283,1.353206,0.84118,GCLC;MGST2;HAGH;GCLM,Glutathione Biosynthetic Process (GO:0006750)
GO:0030851,0.9487283,1.353206,0.84118,LYN;STAT5A;JAGN1;LBR,Granulocyte Differentiation (GO:0030851)
GO:0007599,0.9487283,1.353206,0.84118,P2RY12;VWF;FLII;HPS4,Hemostasis (GO:0007599)
GO:0016064,0.9487283,1.353206,0.84118,CD74;FCMR;FCER1G;CD81,Immunoglobulin Mediated Immune Response (GO:0016064)
GO:0038172,0.9487283,1.353206,0.84118,IL1RL1;TRAF6;IRAK4;MAP3K7,Interleukin-33-Mediated Signaling Pathway (GO:0038172)
GO:0035235,0.9487283,1.353206,0.84118,APP;NRXN1;PTK2B;CAPN1,Ionotropic Glutamate Receptor Signaling Pathway (GO:0035235)
GO:0051873,0.9487283,1.353206,0.84118,DCD;CFHR5;GAPDH;PF4,Killing by Host of Symbiont Cells (GO:0051873)
GO:0044351,0.9487283,1.353206,0.84118,MAPKAPK3;RAB34;MAPKAPK2;DOCK2,Macropinocytosis (GO:0044351)
GO:0051457,0.9487283,1.353206,0.84118,HNRNPU;PARK7;RANGAP1;SKP1,Maintenance of Protein Location in Nucleus (GO:0051457)
GO:0061180,0.9487283,1.353206,0.84118,CSF1R;AKT2;SCRIB;JAK2,Mammary Gland Epithelium Development (GO:0061180)
GO:0001656,0.9487283,1.353206,0.84118,CTSH;PRKD2;BMP7;PKD1,Metanephros Development (GO:0001656)
GO:0007019,0.9487283,1.353206,0.84118,KIF2A;STMN1;KATNB1;CKAP5,Microtubule Depolymerization (GO:0007019)
GO:0008045,0.9487283,1.353206,0.84118,NRP1;NRP2;SEMA3F;PLXNA4,Motor Neuron Axon Guidance (GO:0008045)
GO:0043217,0.9487283,1.353206,0.84118,EPB41L3;CXCR4;CLU;SOD1,Myelin Maintenance (GO:0043217)
GO:0002444,0.9487283,1.353206,0.84118,ADAM17;CARD9;SERPINB9;IRAK4,Myeloid Leukocyte Mediated Immunity (GO:0002444)
GO:1904293,0.9487283,1.353206,0.84118,USP14;UBXN1;SGTA;SVIP,Negative Regulation of ERAD Pathway (GO:1904293)
GO:0030502,0.9487283,1.353206,0.84118,SRGN;ECM1;PTK2B;TRPM4,Negative Regulation of Bone Mineralization (GO:0030502)
GO:0043301,0.9487283,1.353206,0.84118,CD84;NCKAP1L;LGALS9;HLA-F,Negative Regulation of Leukocyte Degranulation (GO:0043301)
GO:0010745,0.9487283,1.353206,0.84118,CETP;CSRP1;ITGB3;ITGAV,Negative Regulation of Macrophage Derived Foam Cell Differentiation (GO:0010745)
GO:0045671,0.9487283,1.353206,0.84118,LILRA6;TNFAIP6;FSTL3;FBN1,Negative Regulation of Osteoclast Differentiation (GO:0045671)
GO:0010801,0.9487283,1.353206,0.84118,DMTN;PARD3;SIRT2;EIF4G1,Negative Regulation of Peptidyl-Threonine Phosphorylation (GO:0010801)
GO:0010642,0.9487283,1.353206,0.84118,HGS;PTPRJ;PTPN12;SNCA,Negative Regulation of Platelet-Derived Growth Factor Receptor Signaling Pathway (GO:0010642)
GO:0043267,0.9487283,1.353206,0.84118,CAB39;BIN1;STK39;PTK2B,Negative Regulation of Potassium Ion Transport (GO:0043267)
GO:1902306,0.9487283,1.353206,0.84118,CAMK2D;NEDD4;STK39;PCSK9,Negative Regulation of Sodium Ion Transmembrane Transport (GO:1902306)
GO:0032205,0.9487283,1.353206,0.84118,RAD50;PARP1;SRC;TERF2IP,Negative Regulation of Telomere Maintenance (GO:0032205)
GO:0032211,0.9487283,1.353206,0.84118,XRN1;HNRNPU;NAT10;HNRNPC,Negative Regulation of Telomere Maintenance via Telomerase (GO:0032211)
GO:0071635,0.9487283,1.353206,0.84118,FN1;FBLN1;FURIN;TSKU,Negative Regulation of Transforming Growth Factor Beta Production (GO:0071635)
GO:0050885,0.9487283,1.353206,0.84118,NRXN1;CDH23;SHANK3;PAFAH1B1,Neuromuscular Process Controlling Balance (GO:0050885)
GO:0016322,0.9487283,1.353206,0.84118,APP;ANKS1A;SCARF1;CX3CL1,Neuron Remodeling (GO:0016322)
GO:0019359,0.9487283,1.353206,0.84118,NAMPT;NMNAT3;NADSYN1;NADK,Nicotinamide Nucleotide Biosynthetic Process (GO:0019359)
GO:0006809,0.9487283,1.353206,0.84118,CYB5B;ARG2;CYB5R3;VDAC2,Nitric Oxide Biosynthetic Process (GO:0006809)
GO:0170044,0.9487283,1.353206,0.84118,ALDH4A1;ALDH5A1;GOT2;BLMH,Non-Proteinogenic Amino Acid Catabolic Process (GO:0170044)
GO:0019184,0.9487283,1.353206,0.84118,GCLC;MGST2;HAGH;GCLM,Nonribosomal Peptide Biosynthetic Process (GO:0019184)
GO:0034638,0.9487283,1.353206,0.84118,LIPC;PNPLA8;PLA2G4A;PLA2G7,Phosphatidylcholine Catabolic Process (GO:0034638)
GO:0055091,0.9487283,1.353206,0.84118,RCN3;CETP;LIPG;ANGPTL3,Phospholipid Homeostasis (GO:0055091)
GO:0031639,0.9487283,1.353206,0.84118,FGB;FGA;FGG;PGK1,Plasminogen Activation (GO:0031639)
GO:0006787,0.9487283,1.353206,0.84118,AMBP;UROD;BLVRA;HMOX2,Porphyrin-Containing Compound Catabolic Process (GO:0006787)
GO:0043032,0.9487283,1.353206,0.84118,KARS1;LBP;THBS1;HSPD1,Positive Regulation of Macrophage Activation (GO:0043032)
GO:1905155,0.9487283,1.353206,0.84118,RAB31;PLCG2;NCKAP1L;APPL2,Positive Regulation of Membrane Invagination (GO:1905155)
GO:1901881,0.9487283,1.353206,0.84118,VIL1;PLEK;KATNB1;PDXP,Positive Regulation of Protein Depolymerization (GO:1901881)
GO:1902916,0.9487283,1.353206,0.84118,DDX3X;RIPK2;UBE2V2;UBE2V1,Positive Regulation of Protein Polyubiquitination (GO:1902916)
GO:0045591,0.9487283,1.353206,0.84118,LILRB2;CD46;VSIR;HLA-DRB1,Positive Regulation of Regulatory T Cell Differentiation (GO:0045591)
GO:0060340,0.9487283,1.353206,0.84118,MAVS;STING1;UBE2K;TRIM56,Positive Regulation of Type I Interferon-Mediated Signaling Pathway (GO:0060340)
GO:0018158,0.9487283,1.353206,0.84118,PRDX3;LOX;LOXL3;SUMF1,Protein Oxidation (GO:0018158)
GO:0030167,0.9487283,1.353206,0.84118,GLB1;GPC1;HPSE;GNS,Proteoglycan Catabolic Process (GO:0030167)
GO:0034035,0.9487283,1.353206,0.84118,SULT1A1;TPST2;TPST1;BPNT1,Purine Ribonucleoside Bisphosphate Metabolic Process (GO:0034035)
GO:0009303,0.9487283,1.353206,0.84118,CAVIN1;GTF3C5;TCOF1;MARS1,rRNA Transcription (GO:0009303)
GO:0045577,0.9487283,1.353206,0.84118,MMP14;SYK;NCKAP1L;INHBA,Regulation of B Cell Differentiation (GO:0045577)
GO:0032489,0.9487283,1.353206,0.84118,NRP1;APOC3;APOE;REPS1,Regulation of Cdc42 Protein Signal Transduction (GO:0032489)
GO:0060628,0.9487283,1.353206,0.84118,SCFD1;TBC1D20;YIPF5;SORL1,Regulation of ER to Golgi Vesicle-Mediated Transport (GO:0060628)
GO:2000316,0.9487283,1.353206,0.84118,CARD9;PRKCQ;TYK2;JAK2,Regulation of T-helper 17 Type Immune Response (GO:2000316)
GO:0050795,0.9487283,1.353206,0.84118,RELN;STAT3;APOE;MTOR,Regulation of Behavior (GO:0050795)
GO:1903587,0.9487283,1.353206,0.84118,PDCD10;MMRN2;THBS1;JCAD,Reg of Blood Vessel Endothelial Cell Proliferation Inv in Sprouting Angiogenesis (GO:1903587)
GO:2000341,0.9487283,1.353206,0.84118,TGFB1;OAS3;PRG2;LPL,Regulation of Chemokine (C-X-C Motif) Ligand 2 Production (GO:2000341)
GO:0030449,0.9487283,1.353206,0.84118,CD59;MASP1;PHB2;CD55,Regulation of Complement Activation (GO:0030449)
GO:2001032,0.9487283,1.353206,0.84118,MRE11;PRKDC;WAS;LDLR,Regulation of Double-Strand Break Repair via Nonhomologous End Joining (GO:2001032)
GO:0031998,0.9487283,1.353206,0.84118,AKT2;AKT1;IRS2;ABCD1,Regulation of Fatty Acid Beta-Oxidation (GO:0031998)
GO:0010470,0.9487283,1.353206,0.84118,POGLUT1;DAG1;RACK1;CLASP2,Regulation of Gastrulation (GO:0010470)
GO:1903593,0.9487283,1.353206,0.84118,VAMP8;VAMP7;SNX6;VAMP3,Regulation of Histamine Secretion by Mast Cell (GO:1903593)
GO:2000628,0.9487283,1.353206,0.84118,DDX5;TGFB1;NFKB1;RELA,Regulation of miRNA Metabolic Process (GO:2000628)
GO:1902563,0.9487283,1.353206,0.84118,SRC;IL16;PTPN11;PTPN6,Regulation of Neutrophil Activation (GO:1902563)
GO:0034139,0.9487283,1.353206,0.84118,SRC;FLOT1;WDFY1;FLOT2,Regulation of Toll-Like Receptor 3 Signaling Pathway (GO:0034139)
GO:0055119,0.9487283,1.353206,0.84118,CAMK2D;GSTM2;ATP2A2;ATP1B1,Relaxation of Cardiac Muscle (GO:0055119)
GO:0090075,0.9487283,1.353206,0.84118,CAMK2D;GSTM2;ATP2A2;ATP1B1,Relaxation of Muscle (GO:0090075)
GO:0036119,0.9487283,1.353206,0.84118,FER;MARS1;SYAP1;MTSS2,Response to Platelet-Derived Growth Factor (GO:0036119)
GO:0034694,0.9487283,1.353206,0.84118,TGFBR3;GNAQ;GNAS;GNAI1,Response to Prostaglandin (GO:0034694)
GO:0000027,0.9487283,1.353206,0.84118,RPL5;EIF6;NOP2;RPL11,Ribosomal Large Subunit Assembly (GO:0000027)
GO:0097503,0.9487283,1.353206,0.84118,ST6GAL1;ST8SIA3;ST8SIA4;ST3GAL1,Sialylation (GO:0097503)
GO:0006939,0.9487283,1.353206,0.84118,SMTN;ROCK1;ROCK2;MYLK,Smooth Muscle Contraction (GO:0006939)
GO:0044790,0.9487283,1.353206,0.84118,TRIM28;TRIM5;VAPB;TRIM21,Suppression of Viral Release by Host (GO:0044790)
GO:0046653,0.9487283,1.353206,0.84118,MTHFD1;SHMT2;SHMT1;MTHFR,Tetrahydrofolate Metabolic Process (GO:0046653)
GO:0007021,0.9487283,1.353206,0.84118,VBP1;TBCE;TCP1;TBCD,Tubulin Complex Assembly (GO:0007021)
GO:0043068,0.9487283,1.000557,0.6190106,ITGB1;APP;MTCH2;DDX3X;FAF1;PDCD6;TRADD;PDCD5;UBE2Z;CLU;CCAR2;LGALS3;LGALS1;CASP8;AIFM1;ADAMTSL4;FAM162A;CASP6;C1QBP;ARL6IP5;TNFSF10;RACK1;EMILIN2;EMILIN1;CTSD;HTATIP2;MAP3K5;TGM2;PRMT2;TSC22D1;F2R;PAWR;SCRIB;ANO6;DNM2;BIN1;VDAC1;ITGA6;ARHGEF7;EEF1E1;SQSTM1;GPLD1;PPID;SLC27A4;DIABLO;HTRA1;ITPR1;STK4;TMEM164;KNG1;SAV1;BCLAF1;PNMA1;SAP18;RIPK1;BID;ATG7;SNCA;HSPA9;SOD1;DNAJA1;PROC;STK24;PTPRA;FASN;DNAJA3;CTNNB1;ACIN1;BAX;DHCR7;BCL2L1,Positive Regulation of Programmed Cell Death (GO:0043068)
GO:0010467,0.9487283,0.9959197,0.6119578,RPL4;RPL5;RPL3;RPL31;RPL34;FMR1;EIF4A3;CISD1;HNRNPU;RPL8;RPL10A;RPL6;RPL7;NFU1;CHCHD4;RPS14;RPS17;RPS16;RPS19;RPS18;RPL35;KPNA4;CIAO2A;RPS11;RPS10;RPS13;AGFG1;RPS12;TGM2;NUP214;RPS9;RPS7;RPS8;RPL23;RPS5;RPL22;RPSA;RRAGC;XRN2;DNAJB11;EEF1A2;SRSF3;RPL27;RPL29;RPL28;RBM8A;MRPL18;MRPL12;GSPT2;GSPT1;CIAO1;MRPL11;ZMPSTE24;HNRNPDL;TPR;SMAD2;HARS1;CHTOP;AZU1;UBAC1;HNRNPL;RPS25;PPP5C;RPS28;HNRNPK;COPS5;FUBP3;NACA;HNRNPF;RPL27A;AGO2;HNRNPD;MMS19;RPS20;CALR;RPS21;FARSB;LGMN;RPS23;EIF4G1;NFKBIB;HBS1L;RPLP1;CELF2;RPLP0;IKBKB;RPS4X;SYNCRIP;RPL7A;XPO1;CASP8;CASP3;RPLP2;CTSG;UPF2;UPF1;PABPC4;TESC;RPS3A;DARS1;SARS1;HNRNPH3;MRRF;PTMA;RNASEL;RPL12;RPL11;FURIN;RRBP1;TSPAN33;HSPD1;EXOSC6;RPS15A;RPL14;RPS3;RPL15;RPS2;RPL18;DTD1;EXOSC2;EIF4E;RPL19;ABCF1;ANGPT2;GALNT2;RPL35A;RPL23A;WARS1;FKBP1A;TSPAN15;CCS;TSPAN14;HNRNPA2B1;METAP1,Gene Expression (GO:0010467)
GO:0061157,0.9487283,1.052402,0.6434899,FTO;UPF1;TUT7;ROCK1;ROCK2;FXR1;FXR2;PDE12;CNOT1;KHSRP;AGO2;TARDBP;DCPS;DIS3L2,mRNA Destabilization (GO:0061157)
GO:0045861,0.9487283,1.052402,0.6434899,CSTB;PRNP;ECM1;ROCK1;SERPINE2;SNX12;HDAC6;KNG1;BAG6;DNAJC1;CDK5;AKT1;TIMP3;GAS1,Negative Regulation of Proteolysis (GO:0045861)
GO:0046488,0.9487283,1.014739,0.6152229,VAC14;MTMR2;LPGAT1;MTMR12;MTMR14;INPPL1;LCLAT1;MTM1;INPP5B;PIP4P2;PIP4P1;IMPA1;PLCG2;PIP5K1C;CDIPT;SACM1L;MBOAT7;OCRL;INPP4B;PLCB3;PLCB4;SYNJ1;PITPNM2;PI4KA;PLCB1;PLCB2;PI4K2A,Phosphatidylinositol Metabolic Process (GO:0046488)
GO:0044804,0.9487283,1.06313,0.6329789,ATG3;ATG9A;ATG2A;ATG4B;WIPI1;ATG4A;WIPI2;SNX30;ATG7;ATG2B;ATG5,Nucleophagy (GO:0044804)
GO:1902808,0.9487283,1.06313,0.6329789,RPTOR;DDX3X;RGCC;ADAMTS1;DDRGK1;RDX;PLCG2;AKT1;PLCB1;PHB2;EIF4G1,Positive Regulation of Cell Cycle G1/S Phase Transition (GO:1902808)
GO:1904951,0.9487283,1.06313,0.6329789,CCT6A;PRNP;C2CD5;CEMIP;ITGAM;ITGB2;CHORDC1;TCP1;NMT1;CIB1;FYN,Positive Regulation of Establishment of Protein Localization (GO:1904951)
GO:0030888,0.9487283,1.06313,0.6329789,VAV3;CD74;PTPRC;TFRC;CD81;TNFSF13;IRS2;NCKAP1L;S100A9;TNFSF13B;CD320,Regulation of B Cell Proliferation (GO:0030888)
GO:0031113,0.9487283,1.014717,0.5954289,NUMA1;DCTN1;VTA1;PRUNE1;TBCD;ARL2;SLAIN2;GBA2;TUBB4A;EML2;CDH5;CLIP1;FES;STMN1;RPS3;PKN1;MAPRE1;CLASP1;CLASP2;SNCA;METAP2,Regulation of Microtubule Polymerization (GO:0031113)
GO:0043588,0.9487283,1.014717,0.5954289,CLIC4;ASAH1;ANXA1;JAG1;ABCB6;VPS33B;PDGFA;DHCR24;PKD1;BCR;COL1A1;PPP3CA;COL3A1;COL5A1;CASP3;COL5A3;COL5A2;ITGA6;ATP7A;IVL;S100A7,Skin Development (GO:0043588)
GO:0006954,0.9487283,0.9908999,0.5740878,TNFAIP6;CLSTN1;ITGB2;LOXL3;F11R;ITGAL;CX3CL1;PIK3CG;IKBKB;CRHBP;TBK1;CASP8;CSRP1;ADGRE5;CASP6;CASP3;NAMPT;LGALS9;IKBKG;TRIM21;MAP3K7;PF4V1;CD96;ANXA1;CHUK;RIPK2;F2R;IL18;CYBB;HSPG2;KIT;MAPKAPK2;S100A9;SCG2;CD44;MGLL;S100A8;CSF1R;HDAC5;DHX9;CXCR4;THBS1;RELA;IL1RL1;MAPK9;PRDX5;DPP9;TBXA2R;CCL5;ELANE;HNRNPA0;GSDMD;VCAM1;CARD8;STAT3;AZU1;PPBP;NFKB1;ITCH;CD40LG;TAB2;PTX3;PF4,Inflammatory Response (GO:0006954)
GO:0000956,0.9487283,0.9985228,0.5756294,HBS1L;DDX5;NBAS;TUT7;RBM8A;EIF4A3;GSPT1;CTIF;EXOSC6;TNKS1BP1;PELO;DCPS;EXOSC2;DIS3L2;UPF2;UPF1;LSM1;PYM1;CNOT10;XRN1;PDE12;THRAP3;CNOT1;CNOT11;CSDE1;CNOT2;XRN2;CNOT3;EIF3E;DCP1A;CNOT9,Nuclear-Transcribed mRNA Catabolic Process (GO:0000956)
GO:0032868,0.9487283,0.9985228,0.5756294,HDAC5;GSK3A;PRKDC;SYAP1;SLC2A1;PCSK9;IRS2;PIK3R1;AKT2;AKT1;RAB8A;PCK2;MAP4K2;PARP1;SORT1;DENND4C;MEAK7;MYO5A;TSC1;SLC39A14;MTOR;RAB10;PKM;RAB31;EIF6;EPRS1;LEP;RAB13;LPIN2;OGT;GPLD1,Response to Insulin (GO:0032868)
GO:0070555,0.9487283,1.014706,0.582782,IGBP1;APP;UPF1;IL1R1;SRC;ATL1;YTHDC2;IRAK3;PRKCA;TANK;RELA;NFKB1;TRAF6;CCL5;LGALS9;CD47;RBMX;SNCA,Response to Interleukin-1 (GO:0070555)
GO:0002526,0.9487283,1.082447,0.6197134,SIGIRR;APCS;PLSCR1;CSRP1;ANO6;LBP;ELANE;MBL2,Acute Inflammatory Response (GO:0002526)
GO:0000380,0.9487283,1.082447,0.6197134,HNRNPM;DDX5;SFPQ;PUF60;DHX9;HNRNPUL2;SRSF1;HNRNPU,"Alternative mRNA Splicing, via Spliceosome (GO:0000380)"
GO:0006613,0.9487283,1.082447,0.6197134,SRP19;SEC61A1;TRAM1;SRPRA;SSR1;SEC62;SIL1;SEC63,Cotranslational Protein Targeting to Membrane (GO:0006613)
GO:0050832,0.9487283,1.082447,0.6197134,APP;DCD;CARD9;PLCG2;S100A12;GAPDH;S100A9;S100A8,Defense Response to Fungus (GO:0050832)
GO:0022900,0.9487283,1.082447,0.6197134,NDUFA5;ETFDH;VDAC2;ETFA;ETFB;SDHA;SDHB;PDIA5,Electron Transport Chain (GO:0022900)
GO:0010001,0.9487283,1.082447,0.6197134,EIF2B5;RELN;CDH2;PTPRZ1;MIOS;CDK5;GPC1;STAT3,Glial Cell Differentiation (GO:0010001)
GO:0006783,0.9487283,1.082447,0.6197134,ALAD;PGRMC1;ABCB6;FECH;UROD;CPOX;PPOX;FXN,Heme Biosynthetic Process (GO:0006783)
GO:0050919,0.9487283,1.082447,0.6197134,SEMA4D;ITGB3;SEMA3B;PDGFA;ITGAV;UNC5C;SEMA3F;RHOA,Negative Chemotaxis (GO:0050919)
GO:0046329,0.9487283,1.082447,0.6197134,DNAJA1;CYLD;ITCH;DUSP3;AMBP;TAOK3;PRMT1;PDCD4,Negative Regulation of JNK Cascade (GO:0046329)
GO:0062014,0.9487283,1.082447,0.6197134,C1QTNF3;MAP4K2;GSK3A;USP7;PGK1;ATP2B4;PGP;STK4,Negative Regulation of Small Molecule Metabolic Process (GO:0062014)
GO:0001843,0.9487283,1.082447,0.6197134,VASP;TGFB2;TGFB1;MTHFD1;MTHFR;PLXNB2;SCRIB;CELSR1,Neural Tube Closure (GO:0001843)
GO:0022008,0.9487283,1.082447,0.6197134,TGFB2;PCSK9;NDUFS2;CXCR4;DCHS1;FAT4;DAGLB;CLN5,Neurogenesis (GO:0022008)
GO:0034727,0.9487283,1.082447,0.6197134,ATG9A;ATG2A;ATG4B;ATG4A;SNX30;ATG7;ATG2B;ATG5,Piecemeal Microautophagy of the Nucleus (GO:0034727)
GO:0046148,0.9487283,1.082447,0.6197134,ALAD;PGRMC1;FECH;UROD;PARD3;CPOX;PPOX;FXN,Pigment Biosynthetic Process (GO:0046148)
GO:0045773,0.9487283,1.082447,0.6197134,MACF1;NRP1;FYCO1;SHTN1;ZFYVE27;LIMK1;TWF2;L1CAM,Positive Regulation of Axon Extension (GO:0045773)
GO:0048026,0.9487283,1.082447,0.6197134,PRMT5;DAZAP1;PRDX5;THRAP3;CLNS1A;CIRBP;RBMX;WDR77,"Positive Regulation of mRNA Splicing, via Spliceosome (GO:0048026)"
GO:0014020,0.9487283,1.082447,0.6197134,VASP;TGFB2;TGFB1;MTHFD1;MTHFR;PLXNB2;SCRIB;CELSR1,Primary Neural Tube Formation (GO:0014020)
GO:0051125,0.9487283,1.082447,0.6197134,WASHC4;VIL1;CARMIL1;WASHC5;ARFIP1;CORO1A;CORO1B;WASHC3,Regulation of Actin Nucleation (GO:0051125)
GO:0022604,0.9487283,1.082447,0.6197134,VIL1;MACF1;SPARC;CLDN3;CAPZB;PDZD8;CD44;FERMT2,Regulation of Cell Morphogenesis (GO:0022604)
GO:0086091,0.9487283,1.082447,0.6197134,YWHAE;CAMK2D;JUP;SRC;BIN1;PKP2;DSG2;TRPM4,Regulation of Heart Rate by Cardiac Conduction (GO:0086091)
GO:0043567,0.9487283,1.082447,0.6197134,IGFBP1;IGFBP5;IGFBP4;CILP;INPPL1;IGF1;CDH15;BMP5,Regulation of Insulin-Like Growth Factor Receptor Signaling Pathway (GO:0043567)
GO:0060606,0.9487283,1.082447,0.6197134,VASP;TGFB2;TGFB1;MTHFD1;MTHFR;PLXNB2;SCRIB;CELSR1,Tube Closure (GO:0060606)
GO:0050776,0.9487283,0.9968166,0.5654872,FGL1;INPPL1;SLA2;C8A;LRP8;PSMA7;PPP1R9B;CASP8;TKFC;CSK;APPL2;APPL1;HLA-DPA1;CD276;LYN;TGFB2;SYK;AMBP;GPR108;CARD9;ERAP1;FGR;FKBP1A;PLSCR1;COL3A1;CD47;HLA-DRB3;HLA-DRB1,Regulation of Immune Response (GO:0050776)
GO:0006139,0.9487283,1.014695,0.5672547,PRPS2;DUT;TPMT;CTPS1;NUDT5;REXO2;PRPSAP1;MTAP;ATIC;PRPSAP2;PDE12;DPYSL2;OAS3;BPNT1;SLC29A1,Nucleobase-Containing Compound Metabolic Process (GO:0006139)
GO:0090068,0.9487283,0.9920483,0.5404792,PDGFRB;DYNC1H1;RANBP1;SVIL;NUMA1;EGF;CUL3;LRP5;IGF1;RHOA;SIRT2;RAB33B;CDC42;DYNC1LI1;NSFL1C;PLSCR1;SPAST;RGCC;RRM2B;GIPC1;TPR;PKN2,Positive Regulation of Cell Cycle Process (GO:0090068)
GO:1905039,0.9487283,1.014684,0.5473194,ABCC1;SLC16A1;SFXN3;SLC16A7;LRRC8D;SLC25A10;LRRC8A;SFXN1;SFXN2;SLC25A12;SLC16A3;SLC25A13,Carboxylic Acid Transmembrane Transport (GO:1905039)
GO:0042168,0.9487283,1.014684,0.5473194,ALAD;PGRMC1;ABCC1;ABCB6;FECH;AMBP;UROD;CPOX;PPOX;FXN;HMOX2;BLVRA,Heme Metabolic Process (GO:0042168)
GO:0046578,0.9487283,1.014684,0.5473194,NOTCH2;TGFB2;NOTCH1;RABL3;MFN2;SHOC2;IGF1;STAMBP;EPX;RASAL3;SQSTM1;PICALM,Regulation of Ras Protein Signal Transduction (GO:0046578)
GO:0030500,0.9487283,1.014684,0.5473194,SRGN;PPP3CA;ECM1;PKDCC;BMP2K;PTK2B;ANO6;ATP2B1;NOTUM;BMP7;DDR2;TRPM4,Regulation of Bone Mineralization (GO:0030500)
GO:0090049,0.9487283,1.014684,0.5473194,TGFBR3;HDAC5;NOTCH1;ANXA1;MMRN1;PDCD10;TBXA2R;MMRN2;CIB1;THBS1;RHOA;JCAD,Regulation of Cell Migration Involved in Sprouting Angiogenesis (GO:0090049)
GO:1901796,0.9487283,1.014684,0.5473194,RPL5;PRMT5;COPS3;USP7;PIP4P1;RPL23;NOP2;RPL11;AKT1;RPS20;CDK5RAP3;MTOR,Regulation of Signal Transduction by P53 Class Mediator (GO:1901796)
GO:0060338,0.9487283,1.014684,0.5473194,PTPN1;MAVS;STING1;STAT2;CDC37;OAS3;PTPN11;PTPN6;TTLL12;EIF4E2;UBE2K;TRIM56,Regulation of Type I Interferon-Mediated Signaling Pathway (GO:0060338)
GO:0044273,0.9487283,1.014684,0.5473194,MPST;GGT7;SUCLA2;TSTD1;GLB1;GPC1;DPEP2;SUCLG2;SUCLG1;MLYCD;HPSE;GNS,Sulfur Compound Catabolic Process (GO:0044273)
GO:0008033,0.9487283,1.014684,0.5473194,SARS1;SSB;KARS1;NSUN2;DDX1;RTCB;ZBTB8OS;GTDC1;THUMPD1;FAM98A;OSGEP;RTRAF,tRNA Processing (GO:0008033)
GO:0042254,0.9487283,0.9794359,0.5253592,RPL5;NOP2;RPL11;NOL7;NOLC1;NAT10;WDR43;RPL7;RPS4X;RPS14;RPS17;MYG1;RPS16;XPO1;RPS15A;RPS19;RPL14;RPS11;EXOSC2;RPS13;EIF2A;RPS12;ABCF1;EIF5B;RPS9;NOP58;NPM1;RPS7;EIF1AX;RPS8;RPS5;RPL35A;RPS3A;CUL4A;RPS25;RPS28;EIF5;XRN2;SBDS;RPL27;DHX29;RPS23,Ribosome Biogenesis (GO:0042254)
GO:0033275,0.9487283,1.127537,0.6026104,MYL6;TTR;TPM1;MYL6B;MYH7,Actin-Myosin Filament Sliding (GO:0033275)
GO:0001508,0.9487283,1.127537,0.6026104,GNA14;GNA11;KCNA3;MYH14;YWHAH,Action Potential (GO:0001508)
GO:0060055,0.9487283,1.127537,0.6026104,ITGB3;MCAM;NDNF;HPSE;CD34,Angiogenesis Involved in Wound Healing (GO:0060055)
GO:0060317,0.9487283,1.127537,0.6026104,TGFBR3;TGFB2;NOTCH1;PDCD4;ENG,Cardiac Epithelial to Mesenchymal Transition (GO:0060317)
GO:0071360,0.9487283,1.127537,0.6026104,MAVS;RALB;STING1;DHX9;FLOT1,Cellular Response to Exogenous dsRNA (GO:0071360)
GO:0031670,0.9487283,1.127537,0.6026104,MAT2A;PRKCSH;PRMT1;LPL;MTOR,Cellular Response to Nutrient (GO:0031670)
GO:0055070,0.9487283,1.127537,0.6026104,APP;PRNP;CCDC22;ATP7A;CP,Copper Ion Homeostasis (GO:0055070)
GO:0003158,0.9487283,1.127537,0.6026104,JAG1;PDCD10;PECAM1;CD34;FSTL1,Endothelium Development (GO:0003158)
GO:0032401,0.9487283,1.127537,0.6026104,BLOC1S5;BLOC1S3;MYO5A;RAB27A;RAB11A,Establishment of Melanosome Localization (GO:0032401)
GO:0042730,0.9487283,1.127537,0.6026104,FGB;FGA;FGG;SERPINE1;GP1BA,Fibrinolysis (GO:0042730)
GO:0071044,0.9487283,1.127537,0.6026104,UPF1;SSB;TUT7;XRN1;LSM1,Histone mRNA Catabolic Process (GO:0071044)
GO:0019370,0.9487283,1.127537,0.6026104,GGT7;MGST3;MGST2;PLA2G4A;LTA4H,Leukotriene Biosynthetic Process (GO:0019370)
GO:0042159,0.9487283,1.127537,0.6026104,LYPLA2;LYPLA1;APOC2;NOTUM;CTSD,Lipoprotein Catabolic Process (GO:0042159)
GO:0110156,0.9487283,1.127537,0.6026104,EDC4;LSM1;DCP1A;DCPS;EDC3,mRNA Methylguanosine-Cap Decapping (GO:0110156)
GO:0002281,0.9487283,1.127537,0.6026104,SYK;PLCG2;IFI35;LBP;NMI,Macrophage Activation Involved in Immune Response (GO:0002281)
GO:0032402,0.9487283,1.127537,0.6026104,BLOC1S5;BLOC1S3;MYO5A;RAB27A;RAB11A,Melanosome Transport (GO:0032402)
GO:0031109,0.9487283,1.127537,0.6026104,KIF2A;STMN1;ZNF207;KATNB1;MAP4,Microtubule Polymerization or Depolymerization (GO:0031109)
GO:0045746,0.9487283,1.127537,0.6026104,LFNG;TSPAN15;MMP14;ARRDC1;ARRB1,Negative Regulation of Notch Signaling Pathway (GO:0045746)
GO:0050866,0.9487283,1.127537,0.6026104,PDGFRA;THBD;PDGFA;EMILIN1;LDLR,Negative Regulation of Cell Activation (GO:0050866)
GO:0010633,0.9487283,1.127537,0.6026104,EPPK1;EVL;PTPN23;CORO1C;PTPRG,Negative Regulation of Epithelial Cell Migration (GO:0010633)
GO:0045717,0.9487283,1.127537,0.6026104,ACADVL;ERLIN1;UBR4;APOC3;ERLIN2,Negative Regulation of Fatty Acid Biosynthetic Process (GO:0045717)
GO:0090317,0.9487283,1.127537,0.6026104,UFM1;YWHAB;CHORDC1;PARK7;RANGAP1,Negative Regulation of Intracellular Protein Transport (GO:0090317)
GO:0002695,0.9487283,1.127537,0.6026104,CD84;SRC;FN1;PTPN11;PTPN6,Negative Regulation of Leukocyte Activation (GO:0002695)
GO:0040013,0.9487283,1.127537,0.6026104,DUSP3;WAS;FBLN1;CRK;ELANE,Negative Regulation of Locomotion (GO:0040013)
GO:0045638,0.9487283,1.127537,0.6026104,HSPA9;PRMT1;PTK2B;CIB1;PF4,Negative Regulation of Myeloid Cell Differentiation (GO:0045638)
GO:1901797,0.9487283,1.127537,0.6026104,PSMD10;CD74;ARMC10;S100A9;CD44,Negative Regulation of Signal Transduction by P53 Class Mediator (GO:1901797)
GO:0014912,0.9487283,1.127537,0.6026104,IGFBP5;SERPINE1;TPM1;CORO1B;PRKG1,Negative Regulation of Smooth Muscle Cell Migration (GO:0014912)
GO:0034763,0.9487283,1.127537,0.6026104,PRKCB;AKT2;ARL6IP5;IRS2;THBS1,Negative Regulation of Transmembrane Transport (GO:0034763)
GO:0006836,0.9487283,1.127537,0.6026104,SNAPIN;SYNJ1;NRXN1;SLC29A1;SLC18A2,Neurotransmitter Transport (GO:0006836)
GO:0046471,0.9487283,1.127537,0.6026104,LPGAT1;PNPLA8;LPCAT1;PLA2G4A;CDS2,Phosphatidylglycerol Metabolic Process (GO:0046471)
GO:0051904,0.9487283,1.127537,0.6026104,BLOC1S5;BLOC1S3;MYO5A;RAB27A;RAB11A,Pigment Granule Transport (GO:0051904)
GO:1901989,0.9487283,1.127537,0.6026104,NPM1;DDRGK1;CUL3;PLCG2;PHB2,Positive Regulation of Cell Cycle Phase Transition (GO:1901989)
GO:0002693,0.9487283,1.127537,0.6026104,RIPOR2;CD47;LYVE1;CD99;JAM3,Positive Regulation of Cellular Extravasation (GO:0002693)
GO:0010884,0.9487283,1.127537,0.6026104,EHD1;APOC4;LPL;PLIN3;NFKB1,Positive Regulation of Lipid Storage (GO:0010884)
GO:1900273,0.9487283,1.127537,0.6026104,APP;RELN;SHANK3;SQSTM1;LGMN,Positive Regulation of Long-Term Synaptic Potentiation (GO:1900273)
GO:0061081,0.9487283,1.127537,0.6026104,CD74;MAVS;KIT;PLCG2;RTN4,+ Reg of Myeloid Leukocyte Cytokine Production Inv in Imm Resp (GO:0061081)
GO:0043117,0.9487283,1.127537,0.6026104,TJP1;TGFB1;PDE2A;PDE3A;TJP2,Positive Regulation of Vascular Permeability (GO:0043117)
GO:0072523,0.9487283,1.127537,0.6026104,SUCLA2;DPYD;SUCLG2;SUCLG1;MLYCD,Purine-Containing Compound Catabolic Process (GO:0072523)
GO:0039535,0.9487283,1.127537,0.6026104,USP15;NPLOC4;C1QBP;UFD1;ZC3HAV1,Regulation of RIG-I Signaling Pathway (GO:0039535)
GO:0046831,0.9487283,1.127537,0.6026104,KHDRBS1;DHX9;WNK1;NSUN2;TPR,Regulation of RNA Export From Nucleus (GO:0046831)
GO:0070232,0.9487283,1.127537,0.6026104,LGALS3;CCL5;PRKCQ;PRKD2;JAK3,Regulation of T Cell Apoptotic Process (GO:0070232)
GO:0002673,0.9487283,1.127537,0.6026104,APCS;CCM2;DNASE1;OSMR;IL6ST,Regulation of Acute Inflammatory Response (GO:0002673)
GO:1903715,0.9487283,1.127537,0.6026104,VCP;SHMT2;ARL2;IDE;ATP7A,Regulation of Aerobic Respiration (GO:1903715)
GO:2000369,0.9487283,1.127537,0.6026104,DAB2;BMP2K;PIK3CB;SMAP1;UBQLN2,Regulation of Clathrin-Dependent Endocytosis (GO:2000369)
GO:1901201,0.9487283,1.127537,0.6026104,TGFBR3;NOTCH1;RGCC;TGFB1;EMILIN1,Regulation of Extracellular Matrix Assembly (GO:1901201)
GO:0002685,0.9487283,1.127537,0.6026104,ANXA1;RAC2;MIA3;MADCAM1;NCKAP1L,Regulation of Leukocyte Migration (GO:0002685)
GO:0010935,0.9487283,1.127537,0.6026104,TGFB2;TGFB1;PLCG2;IRAK3;RTN4,Regulation of Macrophage Cytokine Production (GO:0010935)
GO:0060099,0.9487283,1.127537,0.6026104,RAB31;PLCG2;ANO6;NCKAP1L;APPL2,"Regulation of Phagocytosis, Engulfment (GO:0060099)"
GO:1904152,0.9487283,1.127537,0.6026104,ERLEC1;OS9;YOD1;SVIP;UBE2J1,"Regulation of Retrograde Protein Transport, ER to Cytosol (GO:1904152)"
GO:0006940,0.9487283,1.127537,0.6026104,CNN1;SETD3;CTTN;SPHK1;F2R,Regulation of Smooth Muscle Contraction (GO:0006940)
GO:1904752,0.9487283,1.127537,0.6026104,DOCK5;IGFBP5;DOCK7;TPM1;PRKG1,Regulation of Vascular Associated Smooth Muscle Cell Migration (GO:1904752)
GO:2001212,0.9487283,1.127537,0.6026104,RAP1A;RRAS;RAPGEF2;CD34;RTN4,Regulation of Vasculogenesis (GO:2001212)
GO:0035994,0.9487283,1.127537,0.6026104,TTR;CDH2;CTNNB1;PTK2;SLC9A1,Response to Muscle Stretch (GO:0035994)
GO:0008090,0.9487283,1.127537,0.6026104,DYNC1H1;KIF5B;METAP1;SOD1;PAFAH1B1,Retrograde Axonal Transport (GO:0008090)
GO:0051403,0.9487283,1.127537,0.6026104,IKBKB;MAPK1;MAPK14;MAP3K7;MAP3K5,Stress-Activated MAPK Cascade (GO:0051403)
GO:0032479,0.9487283,0.9885689,0.5245422,RAB2B;DDX3X;CUL3;PTPN11;ZC3HAV1;TANK;CYLD;ITCH;MAVS;TBK1;NPLOC4;STING1;G3BP1;UFD1;BANF1;TRIM21;GAPDH;TRIM56;ATG5,Regulation of Type I Interferon Production (GO:0032479)
GO:0061564,0.9487283,0.9769102,0.5081034,APP;DOCK7;ARHGAP35;RTN4;CRTAC1;SLITRK1;NRCAM;MARK2;RAB8A;MAP1S;RIPK2;APLP2;APLP1;RTN4RL2;L1CAM;BAIAP2;RAB10;SHTN1;CDK5;MAP1B;PARD3;S100A6;ARHGEF7;FGFR2;METAP1;ZPR1,Axon Development (GO:0061564)
GO:0009966,0.9487283,0.9729954,0.5040478,APP;NRP1;ILK;NUCKS1;CLU;CX3CL1;LFNG;UBASH3B;TRIM5;POFUT1;PPP6R1;PPP6R2;PPP6R3;NCK2;CD36;GIT1;YWHAG;NCK1;ACVR1;IGFBP1;IGFBP5;IGFBP4;PLSCR1;MFNG;GAS1;KCTD12;CD47;CD46;PLCB1;PPIA;CRK;MGLL;CD63;SRC;RFNG;STRN4;TSPAN32;SNX3;SHARPIN;NCLN;GRK5;GRK6;CSK;FYN;NCAM1;CD55;GIT2;PRNP;PTPN1;MPIG6B;DTNBP1;SYNJ2BP;WDR11;TSPAN15;GNAS;STRN;OGT;FGFR2;CDC42SE2,Regulation of Signal Transduction (GO:0009966)
GO:0042791,0.9487283,inf,inf,GTF3C5,5S Class rRNA Transcription by RNA Polymerase III (GO:0042791)
GO:0086016,0.9487283,inf,inf,TRPM4,AV Node Cell Action Potential (GO:0086016)
GO:0034080,0.9487283,inf,inf,NASP,CENP-A Containing Chromatin Assembly (GO:0034080)
GO:0007187,0.9487283,inf,inf,ANXA1,"GPCR Sgnlng Pway, Coupled to Cyclic Nucleotide Second Messenger (GO:0007187)"
GO:0140009,0.9487283,inf,inf,SLC1A5,L-aspartate Import Across Plasma Membrane (GO:0140009)
GO:0070778,0.9487283,inf,inf,SLC1A5,L-aspartate Transmembrane Transport (GO:0070778)
GO:0042355,0.9487283,inf,inf,FUT8,L-fucose Catabolic Process (GO:0042355)
GO:0042354,0.9487283,inf,inf,FUT8,L-fucose Metabolic Process (GO:0042354)
GO:1903352,0.9487283,inf,inf,SLC7A1,L-ornithine Transmembrane Transport (GO:1903352)
GO:0046717,0.9487283,inf,inf,GHRL,Acid Secretion (GO:0046717)
GO:0007171,0.9487283,inf,inf,ANGPT1,Activation of Transmembrane Receptor Protein Tyrosine Kinase Activity (GO:0007171)
GO:0007198,0.9487283,inf,inf,GNAI1,Adenylate Cyclase-Inhibiting Serotonin Receptor Signaling Pathway (GO:0007198)
GO:0097647,0.9487283,inf,inf,RAMP3,Amylin Receptor Signaling Pathway (GO:0097647)
GO:0050482,0.9487283,inf,inf,PNPLA8,Arachidonate Secretion (GO:0050482)
GO:1903963,0.9487283,inf,inf,PNPLA8,Arachidonate Transport (GO:1903963)
GO:0035082,0.9487283,inf,inf,MAPRE2,Axoneme Assembly (GO:0035082)
GO:0015802,0.9487283,inf,inf,SLC7A1,Basic Amino Acid Transport (GO:0015802)
GO:0006171,0.9487283,inf,inf,ADCY6,cAMP Biosynthetic Process (GO:0006171)
GO:0006182,0.9487283,inf,inf,GUCY1B1,cGMP Biosynthetic Process (GO:0006182)
GO:0097646,0.9487283,inf,inf,RAMP3,Calcitonin Family Receptor Signaling Pathway (GO:0097646)
GO:0016338,0.9487283,inf,inf,CLDN5,Calcium-Independent Cell-Cell Adhesion via Plasma Membrane Cell-Adhesion Molecules (GO:0016338)
GO:0060379,0.9487283,inf,inf,NOTCH1,Cardiac Muscle Cell Myoblast Differentiation (GO:0060379)
GO:0035051,0.9487283,inf,inf,TGFB2,Cardiocyte Differentiation (GO:0035051)
GO:0006584,0.9487283,inf,inf,COMT,Catecholamine Metabolic Process (GO:0006584)
GO:0072202,0.9487283,inf,inf,STAT1,Cell Differentiation Involved in Metanephros Development (GO:0072202)
GO:0070370,0.9487283,inf,inf,RBBP7,Cellular Heat Acclimation (GO:0070370)
GO:0071371,0.9487283,inf,inf,NOTCH1,Cellular Response to Gonadotropin Stimulus (GO:0071371)
GO:0071420,0.9487283,inf,inf,DIAPH1,Cellular Response to Histamine (GO:0071420)
GO:0072711,0.9487283,inf,inf,DDI2,Cellular Response to Hydroxyurea (GO:0072711)
GO:0021895,0.9487283,inf,inf,OPHN1,Cerebral Cortex Neuron Differentiation (GO:0021895)
GO:0140588,0.9487283,inf,inf,PCBP2,Chromatin Looping (GO:0140588)
GO:0031055,0.9487283,inf,inf,NASP,Chromatin Remodeling at Centromere (GO:0031055)
GO:0021545,0.9487283,inf,inf,TMEM126A,Cranial Nerve Development (GO:0021545)
GO:0071910,0.9487283,inf,inf,PRKD2,Determination of Liver Left/Right Asymmetry (GO:0071910)
GO:0090494,0.9487283,inf,inf,SNCA,Dopamine Uptake (GO:0090494)
GO:0035907,0.9487283,inf,inf,ENG,Dorsal Aorta Development (GO:0035907)
GO:0035912,0.9487283,inf,inf,ENG,Dorsal Aorta Morphogenesis (GO:0035912)
GO:0097681,0.9487283,inf,inf,PRKDC,Double-Strand Break Repair via Alternative Nonhomologous End Joining (GO:0097681)
GO:0000578,0.9487283,inf,inf,SMAD2,Embryonic Axis Specification (GO:0000578)
GO:0060272,0.9487283,inf,inf,CTNNB1,Embryonic Skeletal Joint Morphogenesis (GO:0060272)
GO:0043652,0.9487283,inf,inf,THBS1,Engulfment of Apoptotic Cell (GO:0043652)
GO:0035883,0.9487283,inf,inf,PDHX,Enteroendocrine Cell Differentiation (GO:0035883)
GO:0044725,0.9487283,inf,inf,DDB1,Epigenetic Programming in the Zygotic Pronuclei (GO:0044725)
GO:0035850,0.9487283,inf,inf,MTSS1,Epithelial Cell Differentiation Involved in Kidney Development (GO:0035850)
GO:0001736,0.9487283,inf,inf,CELSR1,Establishment of Planar Polarity (GO:0001736)
GO:0015755,0.9487283,inf,inf,SLC2A3,Fructose Transmembrane Transport (GO:0015755)
GO:0019317,0.9487283,inf,inf,FUT8,Fucose Catabolic Process (GO:0019317)
GO:0051939,0.9487283,inf,inf,SLC6A6,Gamma-Aminobutyric Acid Import (GO:0051939)
GO:0015812,0.9487283,inf,inf,SLC6A6,Gamma-Aminobutyric Acid Transport (GO:0015812)
GO:0010255,0.9487283,inf,inf,PDHX,Glucose Mediated Signaling Pathway (GO:0010255)
GO:0046477,0.9487283,inf,inf,GBA2,Glycosylceramide Catabolic Process (GO:0046477)
GO:0010286,0.9487283,inf,inf,RBBP7,Heat Acclimation (GO:0010286)
GO:0140271,0.9487283,inf,inf,SLC2A3,Hexose Import Across Plasma Membrane (GO:0140271)
GO:0009757,0.9487283,inf,inf,PDHX,Hexose Mediated Signaling (GO:0009757)
GO:0030213,0.9487283,inf,inf,CEMIP,Hyaluronan Biosynthetic Process (GO:0030213)
GO:0018393,0.9487283,inf,inf,BAG6,Internal Peptidyl-Lysine Acetylation (GO:0018393)
GO:0048312,0.9487283,inf,inf,DNM1L,Intracellular Distribution of Mitochondria (GO:0048312)
GO:0035721,0.9487283,inf,inf,DYNLL1,Intraciliary Retrograde Transport (GO:0035721)
GO:0072073,0.9487283,inf,inf,KANK2,Kidney Epithelium Development (GO:0072073)
GO:0072074,0.9487283,inf,inf,PRKD2,Kidney Mesenchyme Development (GO:0072074)
GO:0060993,0.9487283,inf,inf,PPP3CA,Kidney Morphogenesis (GO:0060993)
GO:0051383,0.9487283,inf,inf,SUGT1,Kinetochore Organization (GO:0051383)
GO:0000395,0.9487283,inf,inf,SRSF1,mRNA 5'-Splice Site Recognition (GO:0000395)
GO:0042138,0.9487283,inf,inf,MRE11,Meiotic DNA Double-Strand Break Formation (GO:0042138)
GO:0042438,0.9487283,inf,inf,PARD3,Melanin Biosynthetic Process (GO:0042438)
GO:0006582,0.9487283,inf,inf,PARD3,Melanin Metabolic Process (GO:0006582)
GO:0086010,0.9487283,inf,inf,YWHAH,Membrane Depolarization During Action Potential (GO:0086010)
GO:0072161,0.9487283,inf,inf,STAT1,Mesenchymal Cell Differentiation Involved in Kidney Development (GO:0072161)
GO:0001823,0.9487283,inf,inf,BMP7,Mesonephros Development (GO:0001823)
GO:0044458,0.9487283,inf,inf,DYNLL1,Motile Cilium Assembly (GO:0044458)
GO:0072674,0.9487283,inf,inf,SH3PXD2A,Multinuclear Osteoclast Differentiation (GO:0072674)
GO:2000104,0.9487283,inf,inf,DYNLL1,Negative Regulation of DNA-templated DNA Replication (GO:2000104)
GO:1900222,0.9487283,inf,inf,IFNGR1,Negative Regulation of Amyloid-Beta Clearance (GO:1900222)
GO:0055022,0.9487283,inf,inf,RBP4,Negative Regulation of Cardiac Muscle Tissue Growth (GO:0055022)
GO:0033604,0.9487283,inf,inf,CHGA,Negative Regulation of Catecholamine Secretion (GO:0033604)
GO:0046600,0.9487283,inf,inf,MDM1,Negative Regulation of Centriole Replication (GO:0046600)
GO:0042754,0.9487283,inf,inf,SFPQ,Negative Regulation of Circadian Rhythm (GO:0042754)
GO:0048671,0.9487283,inf,inf,PTPRS,Negative Regulation of Collateral Sprouting (GO:0048671)
GO:0045647,0.9487283,inf,inf,HSPA9,Negative Regulation of Erythrocyte Differentiation (GO:0045647)
GO:0060253,0.9487283,inf,inf,NOTCH1,Negative Regulation of Glial Cell Proliferation (GO:0060253)
GO:0010459,0.9487283,inf,inf,SRI,Negative Regulation of Heart Rate (GO:0010459)
GO:1901533,0.9487283,inf,inf,TMSB4X,Negative Regulation of Hematopoietic Progenitor Cell Differentiation (GO:1901533)
GO:1902744,0.9487283,inf,inf,PLXNB3,Negative Regulation of Lamellipodium Organization (GO:1902744)
GO:0045835,0.9487283,inf,inf,TRIP13,Negative Regulation of Meiotic Nuclear Division (GO:0045835)
GO:0045837,0.9487283,inf,inf,BAX,Negative Regulation of Membrane Potential (GO:0045837)
GO:1903799,0.9487283,inf,inf,STAT3,Negative Regulation of miRNA Processing (GO:1903799)
GO:0010917,0.9487283,inf,inf,BAX,Negative Regulation of Mitochondrial Membrane Potential (GO:0010917)
GO:0120186,0.9487283,inf,inf,VCP,Negative Regulation of Protein Localization to Chromatin (GO:0120186)
GO:1901078,0.9487283,inf,inf,GRK2,Negative Regulation of Relaxation of Muscle (GO:1901078)
GO:0048387,0.9487283,inf,inf,CNOT1,Negative Regulation of Retinoic Acid Receptor Signaling Pathway (GO:0048387)
GO:0045939,0.9487283,inf,inf,BMP5,Negative Regulation of Steroid Metabolic Process (GO:0045939)
GO:1904354,0.9487283,inf,inf,RAD50,Negative Regulation of Telomere Capping (GO:1904354)
GO:0002829,0.9487283,inf,inf,IL27RA,Negative Regulation of Type 2 Immune Response (GO:0002829)
GO:0072080,0.9487283,inf,inf,MTSS1,Nephron Tubule Development (GO:0072080)
GO:0019228,0.9487283,inf,inf,MYH14,Neuronal Action Potential (GO:0019228)
GO:0098700,0.9487283,inf,inf,SLC18A2,Neurotransmitter Loading Into Synaptic Vesicle (GO:0098700)
GO:0042790,0.9487283,inf,inf,TCOF1,Nucleolar Large rRNA Transcription by RNA Polymerase I (GO:0042790)
GO:0018394,0.9487283,inf,inf,BLOC1S1,Peptidyl-Lysine Acetylation (GO:0018394)
GO:0018022,0.9487283,inf,inf,SETD3,Peptidyl-Lysine Methylation (GO:0018022)
GO:0018023,0.9487283,inf,inf,SETD3,Peptidyl-Lysine Trimethylation (GO:0018023)
GO:0061626,0.9487283,inf,inf,TGFB2,Pharyngeal Arch Artery Morphogenesis (GO:0061626)
GO:2000105,0.9487283,inf,inf,SSBP1,Positive Regulation of DNA-templated DNA Replication (GO:2000105)
GO:2000556,0.9487283,inf,inf,IL1R1,Positive Regulation of T-helper 1 Cell Cytokine Production (GO:2000556)
GO:0045630,0.9487283,inf,inf,IL18,Positive Regulation of T-helper 2 Cell Differentiation (GO:0045630)
GO:0045624,0.9487283,inf,inf,IL18,Positive Regulation of T-helper Cell Differentiation (GO:0045624)
GO:2000344,0.9487283,inf,inf,PLCB1,Positive Regulation of Acrosome Reaction (GO:2000344)
GO:0106071,0.9487283,inf,inf,PRKCA,+ Reg of Adenylate Cyclase-Activating GPCR Sgnlng Pway (GO:0106071)
GO:0110110,0.9487283,inf,inf,CD34,Positive Regulation of Animal Organ Morphogenesis (GO:0110110)
GO:0048520,0.9487283,inf,inf,NLGN1,Positive Regulation of Behavior (GO:0048520)
GO:1903431,0.9487283,inf,inf,SIRT2,Positive Regulation of Cell Maturation (GO:1903431)
GO:1903724,0.9487283,inf,inf,VPS4B,Positive Regulation of Centriole Elongation (GO:1903724)
GO:0003353,0.9487283,inf,inf,TAC3,Positive Regulation of Cilium Movement (GO:0003353)
GO:2000155,0.9487283,inf,inf,TAC3,Positive Regulation of Cilium-Dependent Cell Motility (GO:2000155)
GO:1902093,0.9487283,inf,inf,TAC3,Positive Regulation of Flagellated Sperm Motility (GO:1902093)
GO:2000543,0.9487283,inf,inf,RACK1,Positive Regulation of Gastrulation (GO:2000543)
GO:0046985,0.9487283,inf,inf,PRMT1,Positive Regulation of Hemoglobin Biosynthetic Process (GO:0046985)
GO:0032305,0.9487283,inf,inf,PLA2R1,Positive Regulation of Icosanoid Secretion (GO:0032305)
GO:1902255,0.9487283,inf,inf,RPS7,Positive Regulation of Intrinsic Apoptotic Signaling Pathway by P53 Class Mediator (GO:1902255)
GO:0090184,0.9487283,inf,inf,PPP3CA,Positive Regulation of Kidney Development (GO:0090184)
GO:0033005,0.9487283,inf,inf,NECTIN2,Positive Regulation of Mast Cell Activation (GO:0033005)
GO:0045836,0.9487283,inf,inf,SIRT2,Positive Regulation of Meiotic Nuclear Division (GO:0045836)
GO:0043382,0.9487283,inf,inf,HLA-DRB1,Positive Regulation of Memory T Cell Differentiation (GO:0043382)
GO:0048714,0.9487283,inf,inf,PTPRZ1,Positive Regulation of Oligodendrocyte Differentiation (GO:0048714)
GO:0071073,0.9487283,inf,inf,CHORDC1,Positive Regulation of Phospholipid Biosynthetic Process (GO:0071073)
GO:2001016,0.9487283,inf,inf,GPC1,Positive Regulation of Skeletal Muscle Cell Differentiation (GO:2001016)
GO:1903278,0.9487283,inf,inf,ATP1B3,Positive Regulation of Sodium Ion Export Across Plasma Membrane (GO:1903278)
GO:0010893,0.9487283,inf,inf,CHGA,Positive Regulation of Steroid Biosynthetic Process (GO:0010893)
GO:0070172,0.9487283,inf,inf,SLC4A2,Positive Regulation of Tooth Mineralization (GO:0070172)
GO:0060261,0.9487283,inf,inf,PSMC6,Positive Regulation of Transcription Initiation by RNA Polymerase II (GO:0060261)
GO:0007221,0.9487283,inf,inf,NOTCH1,Positive Regulation of Transcription of Notch Receptor Target (GO:0007221)
GO:2001280,0.9487283,inf,inf,CD74,Positive Regulation of Unsaturated Fatty Acid Biosynthetic Process (GO:2001280)
GO:1901387,0.9487283,inf,inf,NIPSNAP2,Positive Regulation of Voltage-Gated Calcium Channel Activity (GO:1901387)
GO:0048793,0.9487283,inf,inf,SEC61A1,Pronephros Development (GO:0048793)
GO:0031848,0.9487283,inf,inf,TERF2IP,Protection From Non-Homologous End Joining at Telomere (GO:0031848)
GO:0060019,0.9487283,inf,inf,STAT3,Radial Glial Cell Differentiation (GO:0060019)
GO:1903025,0.9487283,inf,inf,DDRGK1,Regulation of RNA Polymerase II Regulatory Region Sequence-Specific DNA Binding (GO:1903025)
GO:2000554,0.9487283,inf,inf,IL1R1,Regulation of T-helper 1 Cell Cytokine Production (GO:2000554)
GO:0045628,0.9487283,inf,inf,IL18,Regulation of T-helper 2 Cell Differentiation (GO:0045628)
GO:0046640,0.9487283,inf,inf,EBI3,Regulation of Alpha-Beta T Cell Proliferation (GO:0046640)
GO:0060372,0.9487283,inf,inf,FLNA,Regulation of Atrial Cardiac Muscle Cell Membrane Repolarization (GO:0060372)
GO:0060558,0.9487283,inf,inf,NFKB1,Regulation of Calcidiol 1-Monooxygenase Activity (GO:0060558)
GO:1901976,0.9487283,inf,inf,BRCC3,Regulation of Cell Cycle Checkpoint (GO:1901976)
GO:1901317,0.9487283,inf,inf,TAC3,Regulation of Flagellated Sperm Motility (GO:1901317)
GO:0070092,0.9487283,inf,inf,STK39,Regulation of Glucagon Secretion (GO:0070092)
GO:0046984,0.9487283,inf,inf,PRMT1,Regulation of Hemoglobin Biosynthetic Process (GO:0046984)
GO:0002889,0.9487283,inf,inf,NECTIN2,Regulation of Immunoglobulin Mediated Immune Response (GO:0002889)
GO:0032674,0.9487283,inf,inf,LGALS9,Regulation of Interleukin-5 Production (GO:0032674)
GO:1902253,0.9487283,inf,inf,RPS7,Regulation of Intrinsic Apoptotic Signaling Pathway by P53 Class Mediator (GO:1902253)
GO:0070663,0.9487283,inf,inf,JAK2,Regulation of Leukocyte Proliferation (GO:0070663)
GO:0040020,0.9487283,inf,inf,SIRT2,Regulation of Meiotic Nuclear Division (GO:0040020)
GO:0043380,0.9487283,inf,inf,HLA-DRB1,Regulation of Memory T Cell Differentiation (GO:0043380)
GO:1902412,0.9487283,inf,inf,WNK1,Regulation of Mitotic Cytokinesis (GO:1902412)
GO:1903504,0.9487283,inf,inf,LCMT1,Regulation of Mitotic Spindle Checkpoint (GO:1903504)
GO:1905330,0.9487283,inf,inf,MMRN2,Regulation of Morphogenesis of an Epithelium (GO:1905330)
GO:2000501,0.9487283,inf,inf,CCL5,Regulation of Natural Killer Cell Chemotaxis (GO:2000501)
GO:0022400,0.9487283,inf,inf,NMT1,Regulation of Opsin-Mediated Signaling Pathway (GO:0022400)
GO:0010738,0.9487283,inf,inf,AKAP12,Regulation of Protein Kinase A Signaling (GO:0010738)
GO:1901077,0.9487283,inf,inf,SRI,Regulation of Relaxation of Muscle (GO:1901077)
GO:0043576,0.9487283,inf,inf,STK39,Regulation of Respiratory Gaseous Exchange (GO:0043576)
GO:0044065,0.9487283,inf,inf,NLGN2,Regulation of Respiratory System Process (GO:0044065)
GO:0046877,0.9487283,inf,inf,PPP3CA,Regulation of Saliva Secretion (GO:0046877)
GO:0060297,0.9487283,inf,inf,BMP10,Regulation of Sarcomere Organization (GO:0060297)
GO:0048742,0.9487283,inf,inf,NACA,Regulation of Skeletal Muscle Fiber Development (GO:0048742)
GO:1903276,0.9487283,inf,inf,ATP1B3,Regulation of Sodium Ion Export Across Plasma Membrane (GO:1903276)
GO:1902490,0.9487283,inf,inf,PAEP,Regulation of Sperm Capacitation (GO:1902490)
GO:0051153,0.9487283,inf,inf,HDAC5,Regulation of Striated Muscle Cell Differentiation (GO:0051153)
GO:0044057,0.9487283,inf,inf,ROCK2,Regulation of System Process (GO:0044057)
GO:0090043,0.9487283,inf,inf,PRKAA1,Regulation of Tubulin Deacetylation (GO:0090043)
GO:0060556,0.9487283,inf,inf,NFKB1,Regulation of Vitamin D Biosynthetic Process (GO:0060556)
GO:0034698,0.9487283,inf,inf,TGFBR3,Response to Gonadotropin (GO:0034698)
GO:0034776,0.9487283,inf,inf,DIAPH1,Response to Histamine (GO:0034776)
GO:0072710,0.9487283,inf,inf,DDI2,Response to Hydroxyurea (GO:0072710)
GO:0046548,0.9487283,inf,inf,MAPRE2,Retinal Rod Cell Development (GO:0046548)
GO:0060221,0.9487283,inf,inf,MAPRE2,Retinal Rod Cell Differentiation (GO:0060221)
GO:0044550,0.9487283,inf,inf,PARD3,Secondary Metabolite Biosynthetic Process (GO:0044550)
GO:0090596,0.9487283,inf,inf,COL5A2,Sensory Organ Morphogenesis (GO:0090596)
GO:0050909,0.9487283,inf,inf,CD36,Sensory Perception of Taste (GO:0050909)
GO:0035914,0.9487283,inf,inf,LEMD2,Skeletal Muscle Cell Differentiation (GO:0035914)
GO:0043252,0.9487283,inf,inf,SLCO3A1,Sodium-Independent Organic Anion Transport (GO:0043252)
GO:0120317,0.9487283,inf,inf,VDAC3,Sperm Mitochondrial Sheath Assembly (GO:0120317)
GO:0021513,0.9487283,inf,inf,CHRD,Spinal Cord Dorsal/Ventral Patterning (GO:0021513)
GO:0031509,0.9487283,inf,inf,SIRT2,Subtelomeric Heterochromatin Formation (GO:0031509)
GO:0007130,0.9487283,inf,inf,TRIP13,Synaptonemal Complex Assembly (GO:0007130)
GO:0070193,0.9487283,inf,inf,TRIP13,Synaptonemal Complex Organization (GO:0070193)
GO:0001682,0.9487283,inf,inf,SSB,tRNA 5'-Leader Removal (GO:0001682)
GO:0009304,0.9487283,inf,inf,GTF3C5,tRNA Transcription (GO:0009304)
GO:0042797,0.9487283,inf,inf,GTF3C5,tRNA Transcription by RNA Polymerase III (GO:0042797)
GO:0007217,0.9487283,inf,inf,GRK5,Tachykinin Receptor Signaling Pathway (GO:0007217)
GO:0000722,0.9487283,inf,inf,RAD50,Telomere Maintenance via Recombination (GO:0000722)
GO:0006369,0.9487283,inf,inf,XRN2,Termination of RNA Polymerase II Transcription (GO:0006369)
GO:0046146,0.9487283,inf,inf,QDPR,Tetrahydrobiopterin Metabolic Process (GO:0046146)
GO:0030878,0.9487283,inf,inf,TG,Thyroid Gland Development (GO:0030878)
GO:0120193,0.9487283,inf,inf,CLDN5,Tight Junction Organization (GO:0120193)
GO:0006360,0.9487283,inf,inf,TCOF1,Transcription by RNA Polymerase I (GO:0006360)
GO:0006283,0.9487283,inf,inf,USP7,Transcription-Coupled Nucleotide-Excision Repair (GO:0006283)
GO:0003186,0.9487283,inf,inf,ZFPM1,Tricuspid Valve Morphogenesis (GO:0003186)
GO:0007260,0.9487283,inf,inf,JAK3,Tyrosine Phosphorylation of STAT Protein (GO:0007260)
GO:0140627,0.9487283,inf,inf,CUL4A,Ubiquitin-Dependent Protein Catabolic Process via the C-end Degron Rule Pathway (GO:0140627)
GO:0060841,0.9487283,inf,inf,ENG,Venous Blood Vessel Development (GO:0060841)
GO:0003223,0.9487283,inf,inf,TGFBR3,Ventricular Compact Myocardium Morphogenesis (GO:0003223)
GO:1990962,0.9487283,inf,inf,ABCC1,Xenobiotic Transport Across Blood-Brain Barrier (GO:1990962)
GO:0006402,0.9487283,0.9838282,0.5050948,UPF1;DDX5;NBAS;TUT7;PNPT1;CNOT10;SND1;LSM2;LSM6;XRN1;PDE12;THRAP3;SLFN14;XRN2;EXOSC2;DIS3L2,mRNA Catabolic Process (GO:0006402)
GO:0032648,0.9487283,0.9838282,0.5050948,TOMM70;HSP90AA1;DDX3X;PTPRS;RIPK2;DHX9;PTPN11;ZC3HAV1;PPM1B;MAVS;TBK1;STING1;OAS3;FLOT1;TRIM65;TRIM56,Regulation of Interferon-Beta Production (GO:0032648)
GO:0008206,0.9487283,1.014673,0.5199479,OSBPL9;ACOT8;ABCD3;OSBPL3;OSBP;OSBPL2;ACAA1;GBA2;HSD17B10,Bile Acid Metabolic Process (GO:0008206)
GO:0071320,0.9487283,1.014673,0.5199479,CRHBP;CRTC2;RAP1A;DMTN;IGFBP5;PDE2A;RAPGEF2;PRKD2;EZR,Cellular Response to cAMP (GO:0071320)
GO:0000132,0.9487283,1.014673,0.5199479,ITGB1;NSFL1C;NUMA1;DCTN1;NDE1;ZW10;INPPL1;MAPRE1;PAFAH1B1,Establishment of Mitotic Spindle Orientation (GO:0000132)
GO:0006687,0.9487283,1.014673,0.5199479,TM9SF2;B3GALNT1;GLB1;ST8SIA3;M6PR;ST8SIA5;FUT1;GBA2;SUMF1,Glycosphingolipid Metabolic Process (GO:0006687)
GO:0098659,0.9487283,1.014673,0.5199479,SLC12A2;SLC9A9;TRPV2;ATP2B4;ATP1B3;ATP1B1;SLC39A14;SLC9A1;TRPM4,Inorganic Cation Import Across Plasma Membrane (GO:0098659)
GO:0061756,0.9487283,1.014673,0.5199479,ITGB1;SELPLG;VCAM1;ITGA4;ROCK1;SELL;SELENOP;MADCAM1;PPP1R9B,Leukocyte Adhesion to Vascular Endothelial Cell (GO:0061756)
GO:0016237,0.9487283,1.014673,0.5199479,ATG9A;VPS4A;ATG2A;ATG4B;ATG4A;SNX30;ATG7;ATG2B;ATG5,Microautophagy (GO:0016237)
GO:0098656,0.9487283,1.014673,0.5199479,PANX1;SLC12A2;ANO10;LRRC8D;SLC4A1;ANO6;LRRC8A;CLCN3;APOL1,Monoatomic Anion Transmembrane Transport (GO:0098656)
GO:2000352,0.9487283,1.014673,0.5199479,FGB;CDH5;FGA;SERPINE1;FGG;NDNF;GAS6;SCG2;PAK4,Negative Regulation of Endothelial Cell Apoptotic Process (GO:2000352)
GO:1902116,0.9487283,1.014673,0.5199479,LIMA1;SCFD1;LUZP1;GDI2;EVI5L;SEC22B;MTM1;WDR44;MDM1,Negative Regulation of Organelle Assembly (GO:1902116)
GO:0045332,0.9487283,1.014673,0.5199479,ABCC1;PLSCR1;TMEM30A;ATP8A1;PLSCR4;VDAC2;ANO6;ATP11B;SERINC3,Phospholipid Translocation (GO:0045332)
GO:0046326,0.9487283,1.014673,0.5199479,OSBPL8;AKT2;ITLN1;AKT1;IRS2;PTPN11;PIK3R1;IGF1;APPL1,Positive Regulation of D-glucose Import (GO:0046326)
GO:0030194,0.9487283,1.014673,0.5199479,THBD;VTN;F2R;SERPINE1;EMILIN2;EMILIN1;ENPP4;HPSE;THBS1,Positive Regulation of Blood Coagulation (GO:0030194)
GO:0001914,0.9487283,1.014673,0.5199479,PTPRC;STX7;HLA-B;HLA-C;HLA-A;CYRIB;HLA-F;HLA-DRB1;HLA-E,Regulation of T Cell Mediated Cytotoxicity (GO:0001914)
GO:1903169,0.9487283,1.014673,0.5199479,APP;PRNP;DIAPH1;CAMK2D;TOR2A;UBASH3B;HRC;PTK2B;FYN,Regulation of Calcium Ion Transmembrane Transport (GO:1903169)
GO:0052548,0.9487283,1.014673,0.5199479,VTN;SERPINB1;NRDC;SERPINE1;FURIN;SERPINB9;GAPDH;VSIR;SERPINB6,Regulation of Endopeptidase Activity (GO:0052548)
GO:0032526,0.9487283,1.014673,0.5199479,LYN;GSK3B;NDUFA13;RBP4;PTK7;TESC;TWF2;CTSH;PTK2B,Response to Retinoic Acid (GO:0032526)
GO:0030177,0.9487283,0.9660687,0.4818506,MACF1;VCP;DDX3X;ILK;CCAR2;HSP90B1;RUVBL1;RPS12;TRPM4;USP8;USP47;TGFB1;JUP;CRBN;EGF;CSNK2A2;ATP6AP2;NFKB1;COL1A1;PPM1A;PPM1B;LBX2;TBL1XR1;PTK7;WNK1;GID8;CDH15;TMEM9;ATP6V0C;FGFR2,Positive Regulation of Wnt Signaling Pathway (GO:0030177)
GO:0030217,0.9487283,0.9769855,0.4804354,ANXA1;FCER1G;TGFB1;CLSTN1;PIK3R1;LFNG;PNKD;PTPRC;CD8A;LCK;LEP;KIT;RABL3,T Cell Differentiation (GO:0030217)
GO:0006690,0.9487283,0.9769855,0.4804354,GPX1;GPX4;PNPLA8;MGST3;EPHX1;PLA2G4A;ALOX12;PTGR1;MAPKAPK2;TBXAS1;DPEP2;DAGLB;MGLL,Icosanoid Metabolic Process (GO:0006690)
GO:0010812,0.9487283,0.9769855,0.4804354,NOTCH1;DMTN;JAG1;TBCD;FBLN1;ACTN4;THBS1;CX3CL1;RHOA;CORO1C;ADAM15;MELTF;MAP4K4,Negative Regulation of Cell-Substrate Adhesion (GO:0010812)
GO:0045806,0.9487283,0.9769855,0.4804354,MTMR2;MCTP1;APOC3;SNX3;LGALS3;PIP4P2;PLSCR1;APOC2;RACK1;PRTN3;CD47;ARF6;PICALM,Negative Regulation of Endocytosis (GO:0045806)
GO:2000008,0.9487283,0.9769855,0.4804354,HSP90AB1;TOR1A;ACTN2;EGF;PTGES2;TM9SF4;CTNNB1;STX4;GOPC;TAX1BP3;GPD1L;METAP1;PICALM,Regulation of Protein Localization to Cell Surface (GO:2000008)
GO:0007601,0.9487283,0.9769855,0.4804354,COL18A1;LUM;COL11A1;PITPNA;RABGGTB;RABGGTA;EML2;CRYZ;COL1A1;EFEMP1;COL2A1;REEP6;KIFC3,Visual Perception (GO:0007601)
GO:0006879,0.9487283,0.9661541,0.4749737,ATP6V1A;ATP6V1G1;TFRC;ATP6AP1;GLRX3;SCARA5;ABCB7;CISD1;GDF2;CYBRD1;SLC39A14;CP;NUBP2;SOD1;TFR2;ATP6V0A2;ACO1;ATP6V0D1;FXN;PICALM,Intracellular Iron Ion Homeostasis (GO:0006879)
GO:0050804,0.9487283,0.9661541,0.4749737,ITGB1;SLC12A2;APP;GSK3B;NLGN1;MCTP1;NLGN2;CLSTN3;FMR1;CLSTN1;CAMK2A;LRRC4;LRP8;BCR;FXR1;PPP3CA;RELN;OPHN1;CDK5;DLGAP4,Modulation of Chemical Synaptic Transmission (GO:0050804)
GO:0042325,0.9487283,0.9661541,0.4749737,LYN;ANKLE2;EGF;STAT2;FN1;HSPB1;INHBA;DYNLL1;THBS1;SIRT2;PTK2;CORO1C;IKBKB;SDCBP;FER;NDUFS4;PLXNB2;ITGA6;S100A9;ENG,Regulation of Phosphorylation (GO:0042325)
GO:0017148,0.9487283,0.9579127,0.4597261,DDX6;DDX3X;FMR1;SHMT1;EIF4A3;YBX1;LIMD1;EIF4ENIF1;SYNCRIP;LARP1;DNPEP;OTUD6B;TPR;RACK1;RPS3;IGF2BP2;IGFBP5;CSNK2A2;EIF2AK2;SCRIB;CNOT10;ILF3;EIF6;EPRS1;CNOT1;CAPRIN1;AGO2;SERBP1;EIF3E;CALR;EIF4E2;CNOT9;GAPDH;EIF4G1,Negative Regulation of Translation (GO:0017148)
GO:0061844,0.9487283,0.9580925,0.4534258,APP;TOR2A;DCD;PPBP;NTS;KNG1;CX3CL1;LGALS3;BPIFA1;RPS19;CCL5;S100A12;S100A9;GAPDH;PF4V1;S100A7;PF4,Antimicrobial Humoral Immune Response Mediated by Antimicrobial Peptide (GO:0061844)
GO:0032436,0.9487283,0.9580925,0.4534258,PSMD10;GSK3B;GSK3A;VCP;USP5;RAD23A;CLU;HSPBP1;SIRT2;DNAJB2;DAB2;HECTD1;BAG2;DDRGK1;RACK1;ELOB;STUB1,Positive Regulation of Proteasomal Ubiquitin-Dependent Protein Catabolic Process (GO:0032436)
GO:0060390,0.9487283,0.9580925,0.4534258,BMP10;TGFB2;TGFB1;GDF2;INHBA;BMP7;CRKL;BMP5;TGFBR3;TWSG1;DAB2;CILP;CSNK2B;EMILIN1;JAK2;KIAA0319;ENG,Regulation of SMAD Protein Signal Transduction (GO:0060390)
GO:0048259,0.9487283,0.9580925,0.4534258,SERPINE1;APOC3;PIK3CB;ARAP1;CBL;CLU;APOA5;RAB21;VTN;HNRNPK;APOC2;FLOT1;BMP2K;LDLRAP1;SMAP1;ARF6;PICALM,Regulation of Receptor-Mediated Endocytosis (GO:0048259)
GO:0042593,0.9487283,0.9546828,0.4512685,MAP4K2;TSC22D4;CRTC2;PRKAA1;STAT3;ASPSCR1;NUCKS1;GCG;PARK7;PYGL;PIK3R1;HOOK3;ADRA2A;RBP4;HECTD4;LRRC8D;LRRC8A;SELENOT;SLC37A4;MAP4K5;FGFR4;APPL2;MCU;FBN1,Glucose Homeostasis (GO:0042593)
GO:0006054,0.9487283,1.014662,0.4778928,ST6GAL1;NAGK;NPL;NANS;RENBP;ST3GAL1,N-acetylneuraminate Metabolic Process (GO:0006054)
GO:0006607,0.9487283,1.014662,0.4778928,MMAB;KPNA6;KPNA4;KPNA3;KPNB1;KPNA1,NLS-bearing Protein Import Into Nucleus (GO:0006607)
GO:0046631,0.9487283,1.014662,0.4778928,BAG6;STOML2;HLA-A;CD247;CLEC1B;HLA-E,Alpha-Beta T Cell Activation (GO:0046631)
GO:0043954,0.9487283,1.014662,0.4778928,PRNP;MTMR2;CLDN3;FYN;LNPK;IGF1R,Cellular Component Maintenance (GO:0043954)
GO:0071218,0.9487283,1.014662,0.4778928,ATXN3;VCP;CUL3;UBR4;UFD1;STUB1,Cellular Response to Misfolded Protein (GO:0071218)
GO:0090505,0.9487283,1.014662,0.4778928,CD151;TOR1A;PDCD10;FLNA;RHOA;CD44,Epiboly Involved in Wound Healing (GO:0090505)
GO:0006516,0.9487283,1.014662,0.4778928,CTSL;GLB1;NGLY1;OGA;MAN1B1;STT3B,Glycoprotein Catabolic Process (GO:0006516)
GO:0046479,0.9487283,1.014662,0.4778928,GLB1;HEXB;HEXA;M6PR;GBA2;SUMF1,Glycosphingolipid Catabolic Process (GO:0046479)
GO:0002768,0.9487283,1.014662,0.4778928,LYN;VAV3;FGR;KIT;LILRB2;VAV1,Immune Response-Regulating Cell Surface Receptor Signaling Pathway (GO:0002768)
GO:0032365,0.9487283,1.014662,0.4778928,CPT1A;ABCD3;TMEM41B;CPT2;SLC25A20;CERT1,Intracellular Lipid Transport (GO:0032365)
GO:0008631,0.9487283,1.014662,0.4778928,STK24;DIABLO;PDCD10;PRKCD;UACA;MAP3K5,Intrinsic Apoptotic Signaling Pathway in Response to Oxidative Stress (GO:0008631)
GO:0030324,0.9487283,1.014662,0.4778928,BAG6;RCN3;RBP4;LOXL3;PKD1;FGFR2,Lung Development (GO:0030324)
GO:0045292,0.9487283,1.014662,0.4778928,CLNS1A;SRSF1;SRSF3;CWC15;DCPS;SRSF7,"mRNA Cis Splicing, via Spliceosome (GO:0045292)"
GO:0010721,0.9487283,1.014662,0.4778928,GSK3B;GSK3A;NOTCH1;HOOK3;IGF1;SORL1,Negative Regulation of Cell Development (GO:0010721)
GO:0045922,0.9487283,1.014662,0.4778928,ACADVL;UBR4;ERLIN1;APOC3;ERLIN2;APPL2,Negative Regulation of Fatty Acid Metabolic Process (GO:0045922)
GO:0010888,0.9487283,1.014662,0.4778928,CSRP1;CLSTN3;ITGB3;ITGAV;TTC39B;CES1,Negative Regulation of Lipid Storage (GO:0010888)
GO:0045936,0.9487283,1.014662,0.4778928,ANKLE2;GSK3A;PLEK;PGK1;INHBA;DYNLL1,Negative Regulation of Phosphate Metabolic Process (GO:0045936)
GO:0000289,0.9487283,1.014662,0.4778928,CNOT11;CNOT2;CNOT3;TNKS1BP1;CNOT10;CNOT9,Nuclear-Transcribed mRNA poly(A) Tail Shortening (GO:0000289)
GO:0006289,0.9487283,1.014662,0.4778928,DDB1;SLC30A9;USP7;RPA3;RAD23A;RAD23B,Nucleotide-Excision Repair (GO:0006289)
GO:0030316,0.9487283,1.014662,0.4778928,CSF1R;ATP6AP1;CSF1;GLO1;SLC4A2;MAPK14,Osteoclast Differentiation (GO:0030316)
GO:0075294,0.9487283,1.014662,0.4778928,CD74;LGALS1;FURIN;LGALS9;P4HB;HLA-DRB1,Positive Regulation by Symbiont of Entry Into Host (GO:0075294)
GO:0032874,0.9487283,1.014662,0.4778928,TGFB2;TAOK3;PDCD10;TAOK1;CARD9;EIF2AK2,Positive Regulation of Stress-Activated MAPK Cascade (GO:0032874)
GO:0070304,0.9487283,1.014662,0.4778928,TGFB2;TAOK3;PDCD10;TAOK1;CARD9;EIF2AK2,Positive Regulation of Stress-Activated Protein Kinase Signaling Cascade (GO:0070304)
GO:0046598,0.9487283,1.014662,0.4778928,CD74;LGALS1;FURIN;LGALS9;P4HB;HLA-DRB1,Positive Regulation of Viral Entry Into Host Cell (GO:0046598)
GO:0006473,0.9487283,1.014662,0.4778928,NAA50;NAA10;BLOC1S1;SPHK1;NAT10;NAA15,Protein Acetylation (GO:0006473)
GO:0046850,0.9487283,1.014662,0.4778928,CSF1R;SRC;ITGB3;LEP;SUCO;SLC4A2,Regulation of Bone Remodeling (GO:0046850)
GO:2000772,0.9487283,1.014662,0.4778928,RSL1D1;ARG2;PNPT1;YBX1;EEF1E1;S100A9,Regulation of Cellular Senescence (GO:2000772)
GO:0039531,0.9487283,1.014662,0.4778928,ITCH;SRC;BTK;FLOT2;TAB1;MAP3K7,Regulation of Cytoplasmic Pattern Recognition Receptor Signaling Pathway (GO:0039531)
GO:1902235,0.9487283,1.014662,0.4778928,PTPN1;NCK2;TXNDC12;PARK7;NCK1;BCL2L1,Reg of Endoplasmic Reticulum Stress-Induced Intrinsic Apoptotic Sgnlng Pway (GO:1902235)
GO:0045649,0.9487283,1.014662,0.4778928,CASP8;CSF1;PRKCA;RIPK1;INHBA;PF4,Regulation of Macrophage Differentiation (GO:0045649)
GO:0052547,0.9487283,1.014662,0.4778928,RCN3;CSTB;ECM1;NRDC;CTSH;FURIN,Regulation of Peptidase Activity (GO:0052547)
GO:0045214,0.9487283,1.014662,0.4778928,BMP10;TTR;WDR1;CSRP1;TPM1;FLNC,Sarcomere Organization (GO:0045214)
GO:0006814,0.9487283,1.014662,0.4778928,NDUFA9;SLC12A2;SLC6A6;ATP1B3;PRKD2;ATP1B1,Sodium Ion Transport (GO:0006814)
GO:0007286,0.9487283,1.014662,0.4778928,FXR1;YTHDC2;CIB1;EIF4G3;NECTIN2;AGFG1,Spermatid Development (GO:0007286)
GO:0022613,0.9487283,0.95278,0.4464357,RPL5;NOP2;RPL11;NOL7;NAT10;WDR43;RPL7;RPS4X;RPS14;RPS17;RPS16;XPO1;RPS15A;RPS19;RPL14;RPS11;RPS13;RPS12;ABCF1;RPS9;NOP58;NPM1;RPS7;RPS8;RPS5;RPL35A;RPS3A;CUL4A;RPS25;RPS28;RPS23,Ribonucleoprotein Complex Biogenesis (GO:0022613)
GO:0098661,0.9487283,0.966239,0.4473974,SLC12A2;SLC25A3;ANO10;SLC4A1;ANO6;SLC25A10;LRRC8A;SLC37A4;CLCN3;APOL1,Inorganic Anion Transmembrane Transport (GO:0098661)
GO:0045600,0.9487283,0.966239,0.4473974,CARM1;SYAP1;LONP1;LRP5;ADIRF;HNRNPU;AKT1;LPL;BMP7;TRPM4,Positive Regulation of Fat Cell Differentiation (GO:0045600)
GO:2000404,0.9487283,0.966239,0.4473974,APP;RIPOR2;LRCH1;DOCK8;CCL5;LGALS9;CD69;P4HB;RHOA;PPP1R9B,Regulation of T Cell Migration (GO:2000404)
GO:2001233,0.9487283,0.966239,0.4473974,CYLD;TRAF7;QARS1;FASN;CSNK2A2;MADD;RPS3;CTSH;PPIA;CX3CL1,Regulation of Apoptotic Signaling Pathway (GO:2001233)
GO:0032642,0.9487283,0.966239,0.4473974,SIGIRR;APP;CSF1R;CD74;ADAM17;IL18;LPL;EIF2AK2;LGALS9;ELANE,Regulation of Chemokine Production (GO:0032642)
GO:1901342,0.9487283,0.966239,0.4473974,TGFB1;GPNMB;PDCD10;LEP;CXCR4;CTNNB1;CCM2;PIK3CG;WARS1;HTATIP2,Regulation of Vasculature Development (GO:1901342)
GO:0043065,0.9487283,0.9591904,0.4401951,ITGB1;APP;GSK3B;MTCH2;NDUFA13;GSK3A;DDX3X;FAF1;PDCD6;TRADD;PDCD5;PCSK9;UBE2Z;CLU;CCAR2;LGALS3;LGALS1;CASP8;AIFM1;ADAMTSL4;FAM162A;CASP6;C1QBP;CASP3;ARL6IP5;TNFSF10;RACK1;CTSH;EMILIN2;EMILIN1;CTSD;MAP3K5;TGM2;PRMT2;TSC22D1;ITGA4;F2R;PAWR;SCRIB;ANO6;SIRT2;DNM2;TRAF7;BIN1;VDAC1;ITGA6;ARHGEF7;EEF1E1;SQSTM1;GPLD1;PPID;SLC27A4;DIABLO;HTRA1;ITPR1;STK4;THBS1;KNG1;SAV1;HSPD1;BCLAF1;PNMA1;RPS3;SAP18;RIPK1;BID;ATG7;SNCA;HSPA9;PRNP;TGFB2;TGFB1;SOD1;DNAJA1;CD40LG;PROC;RGCC;CDK5;STK24;PTPRA;FASN;CARM1;DNAJA3;PDCD4;CTNNB1;ACIN1;BAX;BCL2L1,Positive Regulation of Apoptotic Process (GO:0043065)
GO:0061014,0.9487283,0.9468106,0.426653,FTO;UPF1;PNPT1;ROCK1;ROCK2;ZC3HAV1;GTPBP1;FXR1;EIF4ENIF1;FXR2;CNOT1;TTC5;KHSRP;PABPC1,Positive Regulation of mRNA Catabolic Process (GO:0061014)
GO:0046324,0.9487283,0.9468106,0.426653,RTN2;OSBPL8;GSK3A;ITLN1;PRKAG2;IRS2;PTPN11;PIK3R1;IGF1;AKT2;LEP;AKT1;APPL2;APPL1,Regulation of D-glucose Import (GO:0046324)
GO:0008202,0.9487283,0.9468106,0.426653,CBR1;HSD17B4;DHCR24;GBA2;HSD17B10;DHRS4;HSD11B1;SULT1A1;BDH1;CHST10;FDXR;ACAA1;UGT2B7;LGMN,Steroid Metabolic Process (GO:0008202)
GO:0008285,0.9487283,0.9533216,0.4223349,APP;COL18A1;TES;MSTN;TGFB1I1;PTPRJ;CIB1;IFI35;PTPRK;TNN;ADAMTS1;FTH1;NCK2;WDR6;JAK2;ADAMTS8;EMD;APPL2;DIS3L2;MAP2K1;IGFBP5;TESC;F2R;P3H1;TSC1;MTSS1;NME1;TGFBR3;RBP4;CLDN3;DDAH1;HGS;CSNK2B;MMRN2;RAPGEF2;CDH13;PRKD2;EEF1E1;GPLD1;KANK2;NOTCH1;CTBP1;HPN;UMOD;FBLN1;THBS1;SAV1;DNAJB2;ADGRG1;GPNMB;LMNA;MFN2;PTK2B;APOE;S100A11;LYN;CGREF1;NPM1;TGFB2;TGFB1;EIF2AK2;NMI;INHBA;PODN;SOD2;WARS1;BMP5;PROC;RGCC;DNAJA3;OGN;CTNNB1;STRN;EPPK1;PLXNB1;CCM2;PTPN6;PKN1;COPS8,Negative Regulation of Cell Population Proliferation (GO:0008285)
GO:0002312,0.9487283,1.35303,0.5975475,EXOSC6;CD40LG,B Cell Activation Involved in Immune Response (GO:0002312)
GO:0006304,0.9487283,1.35303,0.5975475,EXOSC6;PARP1,DNA Modification (GO:0006304)
GO:0002031,0.9487283,1.35303,0.5975475,ARRB1;ARRB2,G Protein-Coupled Receptor Internalization (GO:0002031)
GO:0007252,0.9487283,1.35303,0.5975475,PRDX4;MAP3K7,I-kappaB Phosphorylation (GO:0007252)
GO:0036498,0.9487283,1.35303,0.5975475,PTPN1;VAPB,IRE1-mediated Unfolded Protein Response (GO:0036498)
GO:1903826,0.9487283,1.35303,0.5975475,SLC25A15;SLC7A1,L-arginine Transmembrane Transport (GO:1903826)
GO:0070995,0.9487283,1.35303,0.5975475,PRDX5;FMO5,NADPH Oxidation (GO:0070995)
GO:0032933,0.9487283,1.35303,0.5975475,ERLIN1;ERLIN2,SREBP Signaling Pathway (GO:0032933)
GO:0046048,0.9487283,1.35303,0.5975475,ENTPD5;CMPK1,UDP Metabolic Process (GO:0046048)
GO:0007512,0.9487283,1.35303,0.5975475,BMP10;MYH7,Adult Heart Development (GO:0007512)
GO:0008344,0.9487283,1.35303,0.5975475,TSC1;PAFAH1B1,Adult Locomotory Behavior (GO:0008344)
GO:0032328,0.9487283,1.35303,0.5975475,SLC6A6;SLC7A5,Alanine Transport (GO:0032328)
GO:0006577,0.9487283,1.35303,0.5975475,CPT1A;CPT2,Amino-Acid Betaine Metabolic Process (GO:0006577)
GO:0030647,0.9487283,1.35303,0.5975475,AKR7A2;AKR1B1,Aminoglycoside Antibiotic Metabolic Process (GO:0030647)
GO:0061760,0.9487283,1.35303,0.5975475,CARD9;PLCG2,Antifungal Innate Immune Response (GO:0061760)
GO:0006527,0.9487283,1.35303,0.5975475,TINAGL1;DDAH1,Arginine Catabolic Process (GO:0006527)
GO:0051315,0.9487283,1.35303,0.5975475,RMDN1;MAPRE1,Attachment of Mitotic Spindle Microtubules to Kinetochore (GO:0051315)
GO:0031223,0.9487283,1.35303,0.5975475,NRXN1;SHANK3,Auditory Behavior (GO:0031223)
GO:0060088,0.9487283,1.35303,0.5975475,PLS1;SOD1,Auditory Receptor Cell Stereocilium Organization (GO:0060088)
GO:0008088,0.9487283,1.35303,0.5975475,APP;DCTN1,Axo-Dendritic Transport (GO:0008088)
GO:0019896,0.9487283,1.35303,0.5975475,SPAST;HDAC6,Axonal Transport of Mitochondrion (GO:0019896)
GO:1990822,0.9487283,1.35303,0.5975475,SLC25A15;SLC7A1,Basic Amino Acid Transmembrane Transport (GO:1990822)
GO:0007339,0.9487283,1.35303,0.5975475,VDAC2;UBAP2L,Binding of Sperm to Zona Pellucida (GO:0007339)
GO:0042402,0.9487283,1.35303,0.5975475,SLC44A1;COMT,Biogenic Amine Catabolic Process (GO:0042402)
GO:0000492,0.9487283,1.35303,0.5975475,RUVBL2;RUVBL1,Box C/D snoRNP Assembly (GO:0000492)
GO:1904970,0.9487283,1.35303,0.5975475,CDHR2;CDHR5,Brush Border Assembly (GO:1904970)
GO:0046835,0.9487283,1.35303,0.5975475,GNPTG;TKFC,Carbohydrate Phosphorylation (GO:0046835)
GO:0003214,0.9487283,1.35303,0.5975475,GSK3A;NOTCH1,Cardiac Left Ventricle Morphogenesis (GO:0003214)
GO:0042423,0.9487283,1.35303,0.5975475,TGFB2;SNCA,Catecholamine Biosynthetic Process (GO:0042423)
GO:0042424,0.9487283,1.35303,0.5975475,SULT1A1;MAOB,Catecholamine Catabolic Process (GO:0042424)
GO:1904322,0.9487283,1.35303,0.5975475,ADCY6;GNAI1,Cellular Response to Forskolin (GO:1904322)
GO:0071351,0.9487283,1.35303,0.5975475,IL18;PIK3R1,Cellular Response to Interleukin-18 (GO:0071351)
GO:0044320,0.9487283,1.35303,0.5975475,MAP4K2;STAT3,Cellular Response to Leptin Stimulus (GO:0044320)
GO:0071415,0.9487283,1.35303,0.5975475,GSTM2;P2RY1,Cellular Response to Purine-Containing Compound (GO:0071415)
GO:0071501,0.9487283,1.35303,0.5975475,ERLIN1;ERLIN2,Cellular Response to Sterol Depletion (GO:0071501)
GO:0071305,0.9487283,1.35303,0.5975475,FES;LONP1,Cellular Response to Vitamin D (GO:0071305)
GO:0070601,0.9487283,1.35303,0.5975475,NAA50;PPP2R1A,Centromeric Sister Chromatid Cohesion (GO:0070601)
GO:0070508,0.9487283,1.35303,0.5975475,CD36;LDLR,Cholesterol Import (GO:0070508)
GO:0050650,0.9487283,1.35303,0.5975475,B3GAT3;XYLT2,Chondroitin Sulfate Proteoglycan Biosynthetic Process (GO:0050650)
GO:0050654,0.9487283,1.35303,0.5975475,B3GAT3;XYLT2,Chondroitin Sulfate Proteoglycan Metabolic Process (GO:0050654)
GO:0002544,0.9487283,1.35303,0.5975475,S100A9;THBS1,Chronic Inflammatory Response (GO:0002544)
GO:0002430,0.9487283,1.35303,0.5975475,ITGAM;GPLD1,Complement Receptor Mediated Signaling Pathway (GO:0002430)
GO:0043622,0.9487283,1.35303,0.5975475,PPFIA1;EZR,Cortical Microtubule Organization (GO:0043622)
GO:0044597,0.9487283,1.35303,0.5975475,AKR7A2;AKR1B1,Daunorubicin Metabolic Process (GO:0044597)
GO:0002357,0.9487283,1.35303,0.5975475,PRDX2;RELA,Defense Response to Tumor Cell (GO:0002357)
GO:0003140,0.9487283,1.35303,0.5975475,SMAD2;NCLN,Determination of Left/Right Asymmetry in Lateral Mesoderm (GO:0003140)
GO:0019348,0.9487283,1.35303,0.5975475,DPM1;DPM3,Dolichol Metabolic Process (GO:0019348)
GO:0042420,0.9487283,1.35303,0.5975475,SULT1A1;MAOB,Dopamine Catabolic Process (GO:0042420)
GO:0015872,0.9487283,1.35303,0.5975475,SLC18A2;TGM2,Dopamine Transport (GO:0015872)
GO:0044598,0.9487283,1.35303,0.5975475,AKR7A2;AKR1B1,Doxorubicin Metabolic Process (GO:0044598)
GO:0007398,0.9487283,1.35303,0.5975475,ITGAM;ITGA6,Ectoderm Development (GO:0007398)
GO:1990403,0.9487283,1.35303,0.5975475,RPL15;TBC1D23,Embryonic Brain Development (GO:1990403)
GO:0006068,0.9487283,1.35303,0.5975475,SULT1A1;ACSS2,Ethanol Catabolic Process (GO:0006068)
GO:0006067,0.9487283,1.35303,0.5975475,SULT1A1;ACSS2,Ethanol Metabolic Process (GO:0006067)
GO:0055089,0.9487283,1.35303,0.5975475,PRKAA1;APOE,Fatty Acid Homeostasis (GO:0055089)
GO:0007214,0.9487283,1.35303,0.5975475,SLC12A2;GNAI2,Gamma-Aminobutyric Acid Signaling Pathway (GO:0007214)
GO:0009065,0.9487283,1.35303,0.5975475,TINAGL1;DDAH1,Glutamine Family Amino Acid Catabolic Process (GO:0009065)
GO:0006541,0.9487283,1.35303,0.5975475,PM20D1;NIT2,Glutamine Metabolic Process (GO:0006541)
GO:0046836,0.9487283,1.35303,0.5975475,RFT1;PLTP,Glycolipid Transport (GO:0046836)
GO:0016139,0.9487283,1.35303,0.5975475,NAGA;GBA2,Glycoside Catabolic Process (GO:0016139)
GO:1901658,0.9487283,1.35303,0.5975475,NAGA;GBA2,Glycosyl Compound Catabolic Process (GO:1901658)
GO:0048874,0.9487283,1.35303,0.5975475,ST6GALNAC1;MUC2,Host-Mediated Regulation of Intestinal Microbiota Composition (GO:0048874)
GO:0030214,0.9487283,1.35303,0.5975475,CEMIP;TGFB1,Hyaluronan Catabolic Process (GO:0030214)
GO:0032309,0.9487283,1.35303,0.5975475,PNPLA8;LEP,Icosanoid Secretion (GO:0032309)
GO:0098596,0.9487283,1.35303,0.5975475,NRXN1;SHANK3,Imitative Learning (GO:0098596)
GO:0002767,0.9487283,1.35303,0.5975475,LYN;LILRB2,Immune Response-Inhibiting Cell Surface Receptor Signaling Pathway (GO:0002767)
GO:0030070,0.9487283,1.35303,0.5975475,YIPF5;P4HB,Insulin Processing (GO:0030070)
GO:0035655,0.9487283,1.35303,0.5975475,IL18;PIK3R1,Interleukin-18-Mediated Signaling Pathway (GO:0035655)
GO:0045110,0.9487283,1.35303,0.5975475,PKP2;EPPK1,Intermediate Filament Bundle Assembly (GO:0045110)
GO:0035356,0.9487283,1.35303,0.5975475,FUNDC2;LDAH,Intracellular Triglyceride Homeostasis (GO:0035356)
GO:1902224,0.9487283,1.35303,0.5975475,HMGCL;OXCT1,Ketone Body Metabolic Process (GO:1902224)
GO:0048368,0.9487283,1.35303,0.5975475,SMAD2;NCLN,Lateral Mesoderm Development (GO:0048368)
GO:0098598,0.9487283,1.35303,0.5975475,NRXN1;SHANK3,Learned Vocalization Behavior or Vocal Learning (GO:0098598)
GO:0071887,0.9487283,1.35303,0.5975475,CTSL;PLEKHO2,Leukocyte Apoptotic Process (GO:0071887)
GO:0071716,0.9487283,1.35303,0.5975475,ABCC3;ABCC4,Leukotriene Transport (GO:0071716)
GO:1905691,0.9487283,1.35303,0.5975475,PRKAA1;PLIN3,Lipid Droplet Disassembly (GO:1905691)
GO:0060428,0.9487283,1.35303,0.5975475,RCN3;PKD1,Lung Epithelium Development (GO:0060428)
GO:0097021,0.9487283,1.35303,0.5975475,WNK1;CRTAM,Lymphocyte Migration Into Lymphoid Organs (GO:0097021)
GO:0071694,0.9487283,1.35303,0.5975475,LTBP1;FBN1,Maintenance of Protein Location in Extracellular Region (GO:0071694)
GO:0090306,0.9487283,1.35303,0.5975475,DDB1;GOLGA2,Meiotic Spindle Assembly (GO:0090306)
GO:0031580,0.9487283,1.35303,0.5975475,PTPRC;NAXE,Membrane Raft Distribution (GO:0031580)
GO:0086009,0.9487283,1.35303,0.5975475,ATP1B3;ATP1B1,Membrane Repolarization (GO:0086009)
GO:0086011,0.9487283,1.35303,0.5975475,YWHAE;ATP1B1,Membrane Repolarization During Action Potential (GO:0086011)
GO:0072075,0.9487283,1.35303,0.5975475,STAT1;PRKD2,Metanephric Mesenchyme Development (GO:0072075)
GO:0006390,0.9487283,1.35303,0.5975475,TFAM;MRPL12,Mitochondrial Transcription (GO:0006390)
GO:0007077,0.9487283,1.35303,0.5975475,PRKCB;PRKCA,Mitotic Nuclear Membrane Disassembly (GO:0007077)
GO:0043632,0.9487283,1.35303,0.5975475,TUT7;NEDD8,Modification-Dependent Macromolecule Catabolic Process (GO:0043632)
GO:0042117,0.9487283,1.35303,0.5975475,CSF1;AZU1,Monocyte Activation (GO:0042117)
GO:0043320,0.9487283,1.35303,0.5975475,FCGR3B;VAMP7,Natural Killer Cell Degranulation (GO:0043320)
GO:0044828,0.9487283,1.35303,0.5975475,VAPA;VAPB,Negative Regulation by Host of Viral Genome Replication (GO:0044828)
GO:0001915,0.9487283,1.35303,0.5975475,PTPRC;NCKAP1L,Negative Regulation of T Cell Mediated Cytotoxicity (GO:0001915)
GO:0030835,0.9487283,1.35303,0.5975475,VIL1;LIMA1,Negative Regulation of Actin Filament Depolymerization (GO:0030835)
GO:0010616,0.9487283,1.35303,0.5975475,LMNA;ATP2B4,Negative Regulation of Cardiac Muscle Adaptation (GO:0010616)
GO:1903243,0.9487283,1.35303,0.5975475,LMNA;ATP2B4,Negative Regulation of Cardiac Muscle Hypertrophy in Response to Stress (GO:1903243)
GO:0045792,0.9487283,1.35303,0.5975475,RDX;RHOA,Negative Regulation of Cell Size (GO:0045792)
GO:0045541,0.9487283,1.35303,0.5975475,ERLIN1;ERLIN2,Negative Regulation of Cholesterol Biosynthetic Process (GO:0045541)
GO:0090206,0.9487283,1.35303,0.5975475,ERLIN1;ERLIN2,Negative Regulation of Cholesterol Metabolic Process (GO:0090206)
GO:0010887,0.9487283,1.35303,0.5975475,CES1;TTC39B,Negative Regulation of Cholesterol Storage (GO:0010887)
GO:0032331,0.9487283,1.35303,0.5975475,EFEMP1;PTPN11,Negative Regulation of Chondrocyte Differentiation (GO:0032331)
GO:0051350,0.9487283,1.35303,0.5975475,GNAI3;GNAI2,Negative Regulation of Lyase Activity (GO:0051350)
GO:0051148,0.9487283,1.35303,0.5975475,PTBP1;RBPMS2,Negative Regulation of Muscle Cell Differentiation (GO:0051148)
GO:0014741,0.9487283,1.35303,0.5975475,NOTCH1;GLRX3,Negative Regulation of Muscle Hypertrophy (GO:0014741)
GO:0002887,0.9487283,1.35303,0.5975475,CD84;LGALS9,Negative Regulation of Myeloid Leukocyte Mediated Immunity (GO:0002887)
GO:1903753,0.9487283,1.35303,0.5975475,DLG1;EZR,Negative Regulation of p38MAPK Cascade (GO:1903753)
GO:1902915,0.9487283,1.35303,0.5975475,PLAA;PPIA,Negative Regulation of Protein Polyubiquitination (GO:1902915)
GO:0033234,0.9487283,1.35303,0.5975475,CTNNB1;PARK7,Negative Regulation of Protein Sumoylation (GO:0033234)
GO:0032096,0.9487283,1.35303,0.5975475,LEP;NENF,Negative Regulation of Response to Food (GO:0032096)
GO:0106119,0.9487283,1.35303,0.5975475,ERLIN1;ERLIN2,Negative Regulation of Sterol Biosynthetic Process (GO:0106119)
GO:0045843,0.9487283,1.35303,0.5975475,TGFB1;SIRT2,Negative Regulation of Striated Muscle Tissue Development (GO:0045843)
GO:1901164,0.9487283,1.35303,0.5975475,ARHGDIB;CALR,Negative Regulation of Trophoblast Cell Migration (GO:1901164)
GO:0007405,0.9487283,1.35303,0.5975475,PLXNB2;PAFAH1B1,Neuroblast Proliferation (GO:0007405)
GO:0140058,0.9487283,1.35303,0.5975475,NLGN1;ROCK1,Neuron Projection Arborization (GO:0140058)
GO:0009166,0.9487283,1.35303,0.5975475,VCP;DNPH1,Nucleotide Catabolic Process (GO:0009166)
GO:0018206,0.9487283,1.35303,0.5975475,METAP1;METAP2,Peptidyl-Methionine Modification (GO:0018206)
GO:0018208,0.9487283,1.35303,0.5975475,PPIB;PPIA,Peptidyl-Proline Modification (GO:0018208)
GO:0036148,0.9487283,1.35303,0.5975475,LPGAT1;LPCAT1,Phosphatidylglycerol Acyl-Chain Remodeling (GO:0036148)
GO:0044854,0.9487283,1.35303,0.5975475,FLOT1;PACSIN2,Plasma Membrane Raft Assembly (GO:0044854)
GO:0030638,0.9487283,1.35303,0.5975475,AKR7A2;AKR1B1,Polyketide Metabolic Process (GO:0030638)
GO:2001171,0.9487283,1.35303,0.5975475,VCP;TMSB4X,Positive Regulation of ATP Biosynthetic Process (GO:2001171)
GO:1900223,0.9487283,1.35303,0.5975475,ROCK1;APOE,Positive Regulation of Amyloid-Beta Clearance (GO:1900223)
GO:1903348,0.9487283,1.35303,0.5975475,CLDN5;GDF2,Positive Regulation of Bicellular Tight Junction Assembly (GO:1903348)
GO:1905209,0.9487283,1.35303,0.5975475,TGFB2;TGFB1,Positive Regulation of Cardiocyte Differentiation (GO:1905209)
GO:0010770,0.9487283,1.35303,0.5975475,CUX1;PRKDC,Positive Regulation of Cell Morphogenesis (GO:0010770)
GO:0033634,0.9487283,1.35303,0.5975475,PODXL;PIEZO1,Positive Regulation of Cell-Cell Adhesion Mediated by Integrin (GO:0033634)
GO:2000774,0.9487283,1.35303,0.5975475,ARG2;EEF1E1,Positive Regulation of Cellular Senescence (GO:2000774)
GO:0010886,0.9487283,1.35303,0.5975475,EHD1;LPL,Positive Regulation of Cholesterol Storage (GO:0010886)
GO:0042753,0.9487283,1.35303,0.5975475,NLGN1;THRAP3,Positive Regulation of Circadian Rhythm (GO:0042753)
GO:1903861,0.9487283,1.35303,0.5975475,ITSN2;PLAA,Positive Regulation of Dendrite Extension (GO:1903861)
GO:2001034,0.9487283,1.35303,0.5975475,PRKDC;LDLR,Positive Regulation of Double-Strand Break Repair via Nonhomologous End Joining (GO:2001034)
GO:1905278,0.9487283,1.35303,0.5975475,EGF;MMRN2,Positive Regulation of Epithelial Tube Formation (GO:1905278)
GO:0032000,0.9487283,1.35303,0.5975475,AKT2;IRS2,Positive Regulation of Fatty Acid Beta-Oxidation (GO:0032000)
GO:0030854,0.9487283,1.35303,0.5975475,TESC;HCLS1,Positive Regulation of Granulocyte Differentiation (GO:0030854)
GO:0032725,0.9487283,1.35303,0.5975475,IL18;PAEP,Positive Regulation of Granulocyte Macrophage Colony-Stimulating Factor Production (GO:0032725)
GO:0032741,0.9487283,1.35303,0.5975475,GSDMD;DHX9,Positive Regulation of Interleukin-18 Production (GO:0032741)
GO:0032747,0.9487283,1.35303,0.5975475,PLCG2;IL17RA,Positive Regulation of Interleukin-23 Production (GO:0032747)
GO:1905954,0.9487283,1.35303,0.5975475,LPL;NFKB1,Positive Regulation of Lipid Localization (GO:1905954)
GO:0051006,0.9487283,1.35303,0.5975475,APOC2;APOA5,Positive Regulation of Lipoprotein Lipase Activity (GO:0051006)
GO:0043306,0.9487283,1.35303,0.5975475,VAMP8;VAMP7,Positive Regulation of Mast Cell Degranulation (GO:0043306)
GO:0032770,0.9487283,1.35303,0.5975475,VDAC2;CDH15,Positive Regulation of Monooxygenase Activity (GO:0032770)
GO:0040018,0.9487283,1.35303,0.5975475,GHRL;PPIB,Positive Regulation of Multicellular Organism Growth (GO:0040018)
GO:0033034,0.9487283,1.35303,0.5975475,CLSTN1;PIK3CB,Positive Regulation of Myeloid Cell Apoptotic Process (GO:0033034)
GO:0002860,0.9487283,1.35303,0.5975475,CRTAM;NECTIN2,+ Reg of Natural Killer Cell Mediated Cytotoxicity Directed Against Tumor Cell Target (GO:0002860)
GO:0002857,0.9487283,1.35303,0.5975475,CRTAM;NECTIN2,Positive Regulation of Natural Killer Cell Mediated Immune Response to Tumor Cell (GO:0002857)
GO:0150078,0.9487283,1.35303,0.5975475,IL18;PLCG2,Positive Regulation of Neuroinflammatory Response (GO:0150078)
GO:0001956,0.9487283,1.35303,0.5975475,NLGN1;DTNBP1,Positive Regulation of Neurotransmitter Secretion (GO:0001956)
GO:2000052,0.9487283,1.35303,0.5975475,DAB2;LBX2,Positive Regulation of Non-Canonical Wnt Signaling Pathway (GO:2000052)
GO:0010641,0.9487283,1.35303,0.5975475,F7;IL1R1,Positive Regulation of Platelet-Derived Growth Factor Receptor Signaling Pathway (GO:0010641)
GO:1900373,0.9487283,1.35303,0.5975475,VCP;TMSB4X,Positive Regulation of Purine Nucleotide Biosynthetic Process (GO:1900373)
GO:0140639,0.9487283,1.35303,0.5975475,CASP3;ZDHHC5,Positive Regulation of Pyroptotic Inflammatory Response (GO:0140639)
GO:0034141,0.9487283,1.35303,0.5975475,FLOT1;WDFY1,Positive Regulation of Toll-Like Receptor 3 Signaling Pathway (GO:0034141)
GO:1901165,0.9487283,1.35303,0.5975475,C1QBP;AGO2,Positive Regulation of Trophoblast Cell Migration (GO:1901165)
GO:0002830,0.9487283,1.35303,0.5975475,CD81;IL18,Positive Regulation of Type 2 Immune Response (GO:0002830)
GO:1904668,0.9487283,1.35303,0.5975475,UBE2C;SKP1,Positive Regulation of Ubiquitin Protein Ligase Activity (GO:1904668)
GO:0034310,0.9487283,1.35303,0.5975475,SULT1A1;ACSS2,Primary Alcohol Catabolic Process (GO:0034310)
GO:1903292,0.9487283,1.35303,0.5975475,RAB6A;RAB6B,Protein Localization to Golgi Membrane (GO:1903292)
GO:0070198,0.9487283,1.35303,0.5975475,XRCC5;TERF2IP,"Protein Localization to Chromosome, Telomeric Region (GO:0070198)"
GO:0071211,0.9487283,1.35303,0.5975475,HSPA8;SQSTM1,Protein Targeting to Vacuole Involved in Autophagy (GO:0071211)
GO:0170039,0.9487283,1.35303,0.5975475,SHMT2;SHMT1,Proteinogenic Amino Acid Metabolic Process (GO:0170039)
GO:0046128,0.9487283,1.35303,0.5975475,ENPP4;NT5C2,Purine Ribonucleoside Metabolic Process (GO:0046128)
GO:0009223,0.9487283,1.35303,0.5975475,NT5C;DUT,Pyrimidine Deoxyribonucleotide Catabolic Process (GO:0009223)
GO:0043370,0.9487283,1.35303,0.5975475,NCKAP1L;HLA-DRB1,"Regulation of CD4-positive, Alpha-Beta T Cell Differentiation (GO:0043370)"
GO:0051252,0.9487283,1.35303,0.5975475,OAS3;PDE3A,Regulation of RNA Metabolic Process (GO:0051252)
GO:2001188,0.9487283,1.35303,0.5975475,LGALS3;LGALS9,Reg of T Cell Act via T Cell Rec Contact With Ag Bound to MHC Mol on Ag Presenting Cell (GO:2001188)
GO:0060046,0.9487283,1.35303,0.5975475,SERPINA10;PLCB1,Regulation of Acrosome Reaction (GO:0060046)
GO:0032347,0.9487283,1.35303,0.5975475,BMP5;DKK3,Regulation of Aldosterone Biosynthetic Process (GO:0032347)
GO:0042984,0.9487283,1.35303,0.5975475,AGO2;ITM2B,Regulation of Amyloid Precursor Protein Biosynthetic Process (GO:0042984)
GO:0048710,0.9487283,1.35303,0.5975475,NOTCH1;SERPINE2,Regulation of Astrocyte Differentiation (GO:0048710)
GO:1902423,0.9487283,1.35303,0.5975475,BECN1;HNRNPU,Regulation of Attachment of Mitotic Spindle Microtubules to Kinetochore (GO:1902423)
GO:1904251,0.9487283,1.35303,0.5975475,FGFR4;CES1,Regulation of Bile Acid Metabolic Process (GO:1904251)
GO:0098909,0.9487283,1.35303,0.5975475,CAMK2D;ATP2A2,Reg of Cardiac Muscle Cell Action Potential Inv in Reg of Contraction (GO:0098909)
GO:1900037,0.9487283,1.35303,0.5975475,DDAH1;ROCK2,Regulation of Cellular Response to Hypoxia (GO:1900037)
GO:0046599,0.9487283,1.35303,0.5975475,NPM1;MDM1,Regulation of Centriole Replication (GO:0046599)
GO:0048670,0.9487283,1.35303,0.5975475,PTPRS;SEMA4D,Regulation of Collateral Sprouting (GO:0048670)
GO:1903859,0.9487283,1.35303,0.5975475,ITSN2;PLAA,Regulation of Dendrite Extension (GO:1903859)
GO:0002604,0.9487283,1.35303,0.5975475,CD68;THBS1,Regulation of Dendritic Cell Antigen Processing and Presentation (GO:0002604)
GO:1903747,0.9487283,1.35303,0.5975475,DNAJA1;NMT1,Regulation of Establishment of Protein Localization to Mitochondrion (GO:1903747)
GO:0003093,0.9487283,1.35303,0.5975475,F2R;GAS6,Regulation of Glomerular Filtration (GO:0003093)
GO:0010962,0.9487283,1.35303,0.5975475,PPP1R3E;PPP1R3D,Regulation of Glucan Biosynthetic Process (GO:0010962)
GO:0060398,0.9487283,1.35303,0.5975475,GHRL;JAK2,Regulation of Growth Hormone Receptor Signaling Pathway (GO:0060398)
GO:0042634,0.9487283,1.35303,0.5975475,HPSE;TSKU,Regulation of Hair Cycle (GO:0042634)
GO:0120040,0.9487283,1.35303,0.5975475,MAPK1;PTK2,Regulation of Macrophage Proliferation (GO:0120040)
GO:0033599,0.9487283,1.35303,0.5975475,GPX1;RTN4,Regulation of Mammary Gland Epithelial Cell Proliferation (GO:0033599)
GO:2000625,0.9487283,1.35303,0.5975475,PNPT1;ZSWIM8,Regulation of miRNA Catabolic Process (GO:2000625)
GO:0044070,0.9487283,1.35303,0.5975475,CA2;STC1,Regulation of Monoatomic Anion Transport (GO:0044070)
GO:0034765,0.9487283,1.35303,0.5975475,WNK1;NEDD4,Regulation of Monoatomic Ion Transmembrane Transport (GO:0034765)
GO:0032814,0.9487283,1.35303,0.5975475,LEP;HLA-E,Regulation of Natural Killer Cell Activation (GO:0032814)
GO:0048713,0.9487283,1.35303,0.5975475,NOTCH1;PTPRZ1,Regulation of Oligodendrocyte Differentiation (GO:0048713)
GO:0035358,0.9487283,1.35303,0.5975475,HUWE1;STUB1,Regulation of Peroxisome Proliferator Activated Receptor Signaling Pathway (GO:0035358)
GO:0060049,0.9487283,1.35303,0.5975475,GOLGA2;CHORDC1,Regulation of Protein Glycosylation (GO:0060049)
GO:0032107,0.9487283,1.35303,0.5975475,PRKAG1;PRKAG2,Regulation of Response to Nutrient Levels (GO:0032107)
GO:0010807,0.9487283,1.35303,0.5975475,STXBP1;OSBPL2,Regulation of Synaptic Vesicle Priming (GO:0010807)
GO:0031048,0.9487283,1.35303,0.5975475,HNRNPK;HNRNPU,Regulatory ncRNA-mediated Heterochromatin Formation (GO:0031048)
GO:1903514,0.9487283,1.35303,0.5975475,ITPR1;NOL3,Release of Sequestered Calcium Ion Into Cytosol by Endoplasmic Reticulum (GO:1903514)
GO:1904321,0.9487283,1.35303,0.5975475,ADCY6;GNAI1,Response to Forskolin (GO:1904321)
GO:0032494,0.9487283,1.35303,0.5975475,IRAK3;RELA,Response to Peptidoglycan (GO:0032494)
GO:0001878,0.9487283,1.35303,0.5975475,APP;PLCG2,Response to Yeast (GO:0001878)
GO:0001895,0.9487283,1.35303,0.5975475,CDH15;SOD1,Retina Homeostasis (GO:0001895)
GO:0070296,0.9487283,1.35303,0.5975475,ATP2A2;NOL3,Sarcoplasmic Reticulum Calcium Ion Transport (GO:0070296)
GO:0035581,0.9487283,1.35303,0.5975475,LTBP1;FBN1,Sequestering of Extracellular Ligand From Receptor (GO:0035581)
GO:0032329,0.9487283,1.35303,0.5975475,SFXN3;SFXN2,Serine Transport (GO:0032329)
GO:0000491,0.9487283,1.35303,0.5975475,RUVBL2;RUVBL1,Small Nucleolar Ribonucleoprotein Complex Assembly (GO:0000491)
GO:0002204,0.9487283,1.35303,0.5975475,EXOSC6;CD40LG,Somatic Recombination of Immunoglobulin Genes Involved in Immune Response (GO:0002204)
GO:0061053,0.9487283,1.35303,0.5975475,MTHFD1;LOXL3,Somite Development (GO:0061053)
GO:0006686,0.9487283,1.35303,0.5975475,VAPA;OSBP,Sphingomyelin Biosynthetic Process (GO:0006686)
GO:0043401,0.9487283,1.35303,0.5975475,CALCOCO1;MAPK1,Steroid Hormone Receptor Signaling Pathway (GO:0043401)
GO:1902644,0.9487283,1.35303,0.5975475,AKR7A2;AKR1B1,Tertiary Alcohol Metabolic Process (GO:1902644)
GO:0035999,0.9487283,1.35303,0.5975475,SHMT1;MTHFR,Tetrahydrofolate Interconversion (GO:0035999)
GO:0006590,0.9487283,1.35303,0.5975475,TG;CPQ,Thyroid Hormone Generation (GO:0006590)
GO:0006383,0.9487283,1.35303,0.5975475,RO60;GTF3C5,Transcription by RNA Polymerase III (GO:0006383)
GO:0097084,0.9487283,1.35303,0.5975475,NOTCH1;ENG,Vascular Associated Smooth Muscle Cell Development (GO:0097084)
GO:0035886,0.9487283,1.35303,0.5975475,EFEMP2;ENG,Vascular Associated Smooth Muscle Cell Differentiation (GO:0035886)
GO:0048845,0.9487283,1.35303,0.5975475,NOTCH1;ENG,Venous Blood Vessel Morphogenesis (GO:0048845)
GO:0042297,0.9487283,1.35303,0.5975475,NRXN1;SHANK3,Vocal Learning (GO:0042297)
GO:0090150,0.9487283,0.9391001,0.4146304,ZDHHC20;RABGEF1;SDCBP;MICALL1;BID;GOLGA7;RAB8B;SEC63;PEX16;ATG3;PEX19;RAB3IP;RDX;RFTN1;VPS37A;VPS37B;RAB11A;YIF1B;RAB10;MYO1E;GORASP2;NACA;PARD3;RAB3GAP2;RAB3GAP1,Establishment of Protein Localization to Membrane (GO:0090150)
GO:0019637,0.9487283,0.9391001,0.4146304,PON1;LCAT;LPL;NUDT5;AGPAT1;AGPAT2;INPP5B;NFS1;PIP4P1;INPP5A;PPIP5K2;UBL4A;MAP4K2;GPX4;GFPT1;OCRL;HOOK3;INPP4B;PFKL;SYNJ1;ANGPTL3;PLAA;PLCB2;PFKM;PFKP,Organophosphate Metabolic Process (GO:0019637)
GO:0009057,0.9501435,0.9363035,0.4097915,SH3GLB1;BECN1;TGFB1;PIK3R4;DENND3;IDE;UBE2Z;UCHL3;CLN5;MMP14;CASP3;NEDD4;RAB12;LONP1;RIPK1;SQSTM1;ELANE;LGMN,Macromolecule Catabolic Process (GO:0009057)
GO:0043536,0.9501435,0.9363035,0.4097915,MAP2K3;STAT5A;ANXA1;TGFB1;ANGPT1;HSPB1;CIB1;PRKCA;MAPK14;THBS1;TGFBR3;ATP5F1A;ATP5F1B;TMSB4X;AKT1;PRKD2;JCAD;FGFR1,Positive Regulation of Blood Vessel Endothelial Cell Migration (GO:0043536)
GO:0051302,0.9501435,0.9363035,0.4097915,SH3GLB1;BECN1;SMYD5;PIK3R4;PDXP;CIB1;REXO2;SIRT2;RAB11A;RACK1;BIRC6;PIK3C3;HDGF;ATXN10;RAB11FIP3;GIT1;FGFR2;BCL2L1,Regulation of Cell Division (GO:0051302)
GO:0007156,0.9501435,0.9296993,0.3951906,ITGB1;CD84;CADM1;CADM2;NEXN;L1CAM;CELSR2;PKD1;SDK1;PTK7;BSG;HMCN2;PECAM1;PLXNB3;CDH13;FAT2;PLXNB2;DSG2;ESAM;CDH17;NECTIN2;SDK2,Homophilic Cell Adhesion via Plasma Membrane Adhesion Molecules (GO:0007156)
GO:0006984,0.9501435,0.946904,0.3991692,GSK3B;ATF6B;ERLIN1;ERLIN2;EIF2S1;MANF;TMCO1,ER-nucleus Signaling Pathway (GO:0006984)
GO:0051503,0.9501435,0.946904,0.3991692,PANX1;SLC35B2;LRRC8D;LRRC8A;SHOC2;SLC25A5;SLC25A24,Adenine Nucleotide Transport (GO:0051503)
GO:0042982,0.9501435,0.946904,0.3991692,ACHE;ADAM17;NCSTN;ADAM10;TMCC2;APOE;LDLRAP1,Amyloid Precursor Protein Metabolic Process (GO:0042982)
GO:0006699,0.9501435,0.946904,0.3991692,OSBPL9;ACOT8;ABCD3;OSBPL3;OSBP;OSBPL2;HSD17B10,Bile Acid Biosynthetic Process (GO:0006699)
GO:0035336,0.9501435,0.946904,0.3991692,ACSL1;TECR;ACSL5;ACSL4;FAR1;ACSL3;HSD17B12,Long-Chain fatty-acyl-CoA Metabolic Process (GO:0035336)
GO:0033119,0.9501435,0.946904,0.3991692,PTBP1;C1QBP;SAP18;RBMX;SRSF7;RPS13;PTBP3,Negative Regulation of RNA Splicing (GO:0033119)
GO:0050709,0.9501435,0.946904,0.3991692,CHGA;PSMD9;F2R;RHBDF2;ERP29;APOE;RAB11FIP3,Negative Regulation of Protein Secretion (GO:0050709)
GO:0032689,0.9501435,0.946904,0.3991692,PRNP;C1QBP;LGALS9;INHBA;GAS6;VSIR;HLA-DRB1,Negative Regulation of Type II Interferon Production (GO:0032689)
GO:0090304,0.9501435,0.946904,0.3991692,ATXN2;NT5E;DDX24;PDE12;XRN2;RAN;DNASE1L1,Nucleic Acid Metabolic Process (GO:0090304)
GO:0018149,0.9501435,0.946904,0.3991692,COL3A1;ANXA1;FN1;F13A1;THBS1;IVL;TGM2,Peptide Cross-Linking (GO:0018149)
GO:1903846,0.9501435,0.946904,0.3991692,SDCBP;TWSG1;HSP90AB1;TSC22D1;TGFB1I1;GIPC1;THBS1,Positive Regulation of Cellular Response to Transforming Growth Factor Beta Stimulus (GO:1903846)
GO:0141087,0.9501435,0.946904,0.3991692,MAVS;DDX3X;NEK7;ZDHHC5;PLCG2;BTK;CD36,Positive Regulation of Inflammasome-Mediated Signaling Pathway (GO:0141087)
GO:0030511,0.9501435,0.946904,0.3991692,SDCBP;TWSG1;HSP90AB1;TSC22D1;TGFB1I1;GIPC1;THBS1,Positive Regulation of Transforming Growth Factor Beta Receptor Signaling Pathway (GO:0030511)
GO:0006813,0.9501435,0.946904,0.3991692,CHORDC1;SLC9A9;HPN;KCNA3;ATP1B3;PRKD2;SLC9A1,Potassium Ion Transport (GO:0006813)
GO:0031641,0.9501435,0.946904,0.3991692,PTPRZ1;PARD3;NRDC;ITGAX;DICER1;SIRT2;ZPR1,Regulation of Myelination (GO:0031641)
GO:0045637,0.9501435,0.946904,0.3991692,PURB;HSPA9;LYN;EIF6;PRMT1;FES;PTK2B,Regulation of Myeloid Cell Differentiation (GO:0045637)
GO:0043266,0.9501435,0.946904,0.3991692,YWHAE;CD63;DLG1;KIF5B;GNB2;PTK2B;ADRA2A,Regulation of Potassium Ion Transport (GO:0043266)
GO:0044088,0.9501435,0.946904,0.3991692,SCARB2;EFNB1;RAB1B;RAB5A;MTOR;MTM1;UBQLN2,Regulation of Vacuole Organization (GO:0044088)
GO:0030509,0.9501435,0.9298934,0.3919109,TGFBR3;BMP10;DDX5;USP15;USP9X;CHRD;GDF2;PDCD4;BMP7;BMP5;ENG,BMP Signaling Pathway (GO:0030509)
GO:0051294,0.9501435,0.9298934,0.3919109,ITGB1;NSFL1C;NUMA1;DCTN1;NDE1;ZW10;INPPL1;MAP4;MAPRE1;CLASP1;PAFAH1B1,Establishment of Spindle Orientation (GO:0051294)
GO:0030258,0.9501435,0.9298934,0.3919109,DGKG;DGKA;EPHX2;MBOAT7;LPCAT3;MBOAT2;ALOX12;GBA2;DGKZ;PLA2G7;DGKH,Lipid Modification (GO:0030258)
GO:0090307,0.9501435,0.9298934,0.3919109,GOLGA2;WRAP73;KIF2A;ZNF207;FLNA;ABRAXAS2;CLASP1;RAB11A;RHOA;KPNB1;CLASP2,Mitotic Spindle Assembly (GO:0090307)
GO:0001953,0.9501435,0.9298934,0.3919109,DUSP22;DMTN;JAG1;ADAM15;SRC;SERPINE1;ARHGAP6;THBS1;CORO1C;CLASP2;MAP4K4,Negative Regulation of Cell-Matrix Adhesion (GO:0001953)
GO:1900225,0.9501435,0.9298934,0.3919109,HSPA8;MAVS;DDX3X;CARD8;NEK7;ZDHHC5;PLCG2;BTK;EIF2AK2;BRCC3;CD36,Regulation of NLRP3 Inflammasome Complex Assembly (GO:1900225)
GO:0033135,0.9501435,0.9298934,0.3919109,RPTOR;DMTN;PDCD10;ARAF;RACK1;CCM2;PARK7;PKN1;STK4;CNOT9;EIF4G1,Regulation of Peptidyl-Serine Phosphorylation (GO:0033135)
GO:1904705,0.9501435,0.9298934,0.3919109,CNN1;EFEMP2;IGFBP5;TPM1;PDCD4;MFN2;IGF1;LDLRAP1;SOD2;MMP9;PRKG1,Regulation of Vascular Associated Smooth Muscle Cell Proliferation (GO:1904705)
GO:0006796,0.9501435,0.9387143,0.3946655,NUDT5;LIMD1;PPP3CA;PPP3CB;PIP4P1;IMPA1;PPIP5K2;AKT1;PGM1;MAP4K2;DUSP3;GPX4;ACYP2;OCRL;INPP4B;PPM1A;PPA2;PPA1;SHPK;ANGPTL3;PLAA;PLCB2;LPL;LCAT;PDXP;AGPAT1;AGPAT2;INPP5B;NT5C;NFS1;INPP5A;NADK;UBL4A;TGFB1;EPHX2;GFPT1;STAT3;HOOK3;PPP1CA;PTPRB;PFKL;PTPRC;CDK5;SYNJ1;TOLLIP;TAOK1;PKN1;PFKM;PFKP;GALK1,Phosphate-Containing Compound Metabolic Process (GO:0006796)
GO:0060348,0.9501435,0.9221073,0.3823937,ATG9A;LRP5;STC1;P3H1;PTPRC;SH3PXD2B;OGN;GNAS;SBDS;PLS3;NOTUM;PPIB;FGFR3;FGFR2;TGM2,Bone Development (GO:0060348)
GO:0050829,0.9501435,0.9221073,0.3823937,CHGA;GSDMD;APP;DCD;SERPINE1;HMGB2;UMOD;AZU1;PNKD;RPS19;SELENOP;CTSG;LBP;OPTN;ELANE,Defense Response to Gram-negative Bacterium (GO:0050829)
GO:0051129,0.9501435,0.9251491,0.3821494,GSK3B;MTMR2;DDX3X;MCTP1;CRACD;SRC;PON1;CLU;HDAC6;CDC42;DNAJB2;LGALS3;DNAJB1;APOM;LCMT1;CARMIL1;HSPA8;HSPA5;XRCC5;RDX;APOC3;IRAK3;SORL1;SVIP;DNM2;AIDA,Negative Regulation of Cellular Component Organization (GO:0051129)
GO:0140374,0.9501435,0.9176156,0.3724519,MARCHF2;CARD8;EIF2AK2;RPSA;PHB2;ATAD3A;RELA;MAVS;TBK1;GPNMB;STING1;PDE12;OAS3;TRAF6;TRIM25;SERINC3;TRIM21;MBL2;NCK1,Antiviral Innate Immune Response (GO:0140374)
GO:0050680,0.9501435,0.9176156,0.3724519,TGFB2;SPARC;TGFB1;STAT1;HPN;GDF2;PTPRK;SYNJ2BP;THBS1;MTSS1;TGFBR3;ATP5F1A;RGCC;EPPK1;GHRL;APOE;SCG2;FGFR2;ENG,Negative Regulation of Epithelial Cell Proliferation (GO:0050680)
GO:0048260,0.9501435,0.9176156,0.3724519,ATAD1;CD63;ANGPT1;ANXA2;EGF;FMR1;SERPINE1;PCSK9;ARRB1;ARRB2;CBL;CLU;APOA5;RAB21;VTN;DAB2;HNRNPK;TBC1D5;LDLRAP1,Positive Regulation of Receptor-Mediated Endocytosis (GO:0048260)
GO:0031347,0.9501435,0.914674,0.3626508,ANXA1;IL1R1;ELMOD2;ERAP1;PARK7;LRP8;RELA;ZMPSTE24;FGR;CYLD;UFL1;HCK;PSMA6;ARMH4;TKFC;CASP8;SHPK;APOE;JAK2;DAGLB;APPL2;MGLL;APPL1,Regulation of Defense Response (GO:0031347)
GO:0019724,0.9501435,1.014651,0.3964646,CD74;FCER1G;SLA2,B Cell Mediated Immunity (GO:0019724)
GO:0071267,0.9501435,1.014651,0.3964646,MTAP;MRI1;ENOPH1,L-methionine Salvage (GO:0071267)
GO:0019262,0.9501435,1.014651,0.3964646,NAGK;NPL;RENBP,N-acetylneuraminate Catabolic Process (GO:0019262)
GO:0006474,0.9501435,1.014651,0.3964646,NAA50;NAA10;NAA15,N-terminal Protein Amino Acid Acetylation (GO:0006474)
GO:0034355,0.9501435,1.014651,0.3964646,NAPRT;NAXD;PARP9,NAD Biosynthetic Process via the Salvage Pathway (GO:0034355)
GO:0010818,0.9501435,1.014651,0.3964646,SLC12A2;CLSTN1;PIK3CG,T Cell Chemotaxis (GO:0010818)
GO:0051764,0.9501435,1.014651,0.3964646,FLNA;BAIAP2;GAS2L1,Actin Crosslink Formation (GO:0051764)
GO:0032148,0.9501435,1.014651,0.3964646,IGF1;GAS6;PPIA,Activation of Protein Kinase B Activity (GO:0032148)
GO:0006022,0.9501435,1.014651,0.3964646,HEXB;HEXA;XYLT2,Aminoglycan Metabolic Process (GO:0006022)
GO:0002003,0.9501435,1.014651,0.3964646,ENPEP;ATP6AP2;CTSG,Angiotensin Maturation (GO:0002003)
GO:0003181,0.9501435,1.014651,0.3964646,TGFB2;NOTCH1;ZFPM1,Atrioventricular Valve Morphogenesis (GO:0003181)
GO:0055003,0.9501435,1.014651,0.3964646,PDGFRB;PDGFRA;TTR,Cardiac Myofibril Assembly (GO:0055003)
GO:0071467,0.9501435,1.014651,0.3964646,CHORDC1;GPLD1;SLC9A1,Cellular Response to pH (GO:0071467)
GO:0036120,0.9501435,1.014651,0.3964646,MARS1;SYAP1;MTSS2,Cellular Response to Platelet-Derived Growth Factor Stimulus (GO:0036120)
GO:0071380,0.9501435,1.014651,0.3964646,GNG2;GNB1;GNAS,Cellular Response to Prostaglandin E Stimulus (GO:0071380)
GO:0071379,0.9501435,1.014651,0.3964646,GNG2;GNB1;GNAS,Cellular Response to Prostaglandin Stimulus (GO:0071379)
GO:0021952,0.9501435,1.014651,0.3964646,MYCBP2;TSKU;PAFAH1B1,Central Nervous System Projection Neuron Axonogenesis (GO:0021952)
GO:0038146,0.9501435,1.014651,0.3964646,STK39;CXCR4;OXSR1,Chemokine (C-X-C Motif) Ligand 12 Signaling Pathway (GO:0038146)
GO:0071679,0.9501435,1.014651,0.3964646,NELL2;NRP1;NCAM1,Commissural Neuron Axon Guidance (GO:0071679)
GO:0006825,0.9501435,1.014651,0.3964646,STEAP3;COX17;ATP7A,Copper Ion Transport (GO:0006825)
GO:0000290,0.9501435,1.014651,0.3964646,LSM1;DCP1A;DCPS,Deadenylation-Dependent Decapping of Nuclear-Transcribed mRNA (GO:0000290)
GO:0002029,0.9501435,1.014651,0.3964646,GRK2;ARRB1;ARRB2,Desensitization of G Protein-Coupled Receptor Signaling Pathway (GO:0002029)
GO:0002159,0.9501435,1.014651,0.3964646,JUP;PKP2;PRKCA,Desmosome Assembly (GO:0002159)
GO:0002934,0.9501435,1.014651,0.3964646,JUP;PKP2;PRKCA,Desmosome Organization (GO:0002934)
GO:0043153,0.9501435,1.014651,0.3964646,PPP1CB;PPP1CC;PPP1CA,Entrainment of Circadian Clock by Photoperiod (GO:0043153)
GO:0030388,0.9501435,1.014651,0.3964646,PFKL;PFKM;PFKP,"Fructose 1,6-Bisphosphate Metabolic Process (GO:0030388)"
GO:0036065,0.9501435,1.014651,0.3964646,FUT8;POFUT1;FUT1,Fucosylation (GO:0036065)
GO:0019388,0.9501435,1.014651,0.3964646,GLB1;PGM1;GALK1,Galactose Catabolic Process (GO:0019388)
GO:0042167,0.9501435,1.014651,0.3964646,AMBP;BLVRA;HMOX2,Heme Catabolic Process (GO:0042167)
GO:0030200,0.9501435,1.014651,0.3964646,GPC1;HPSE;GNS,Heparan Sulfate Proteoglycan Catabolic Process (GO:0030200)
GO:0050667,0.9501435,1.014651,0.3964646,PM20D1;MTHFR;MMUT,Homocysteine Metabolic Process (GO:0050667)
GO:0042446,0.9501435,1.014651,0.3964646,AKR1B1;HSD17B11;HSD17B8,Hormone Biosynthetic Process (GO:0042446)
GO:0002455,0.9501435,1.014651,0.3964646,FCMR;C1R;CD81,Humoral Immune Response Mediated by Circulating Immunoglobulin (GO:0002455)
GO:0001771,0.9501435,1.014651,0.3964646,CD81;MSN;CORO1A,Immunological Synapse Formation (GO:0001771)
GO:0060122,0.9501435,1.014651,0.3964646,TSKU;SOD1;PLS1,Inner Ear Receptor Cell Stereocilium Organization (GO:0060122)
GO:0030299,0.9501435,1.014651,0.3964646,LIMA1;CD36;LDLR,Intestinal Cholesterol Absorption (GO:0030299)
GO:0098856,0.9501435,1.014651,0.3964646,LIMA1;CD36;LDLR,Intestinal Lipid Absorption (GO:0098856)
GO:0043651,0.9501435,1.014651,0.3964646,GSTM2;PNPLA8;ALOX12,Linoleic Acid Metabolic Process (GO:0043651)
GO:0015693,0.9501435,1.014651,0.3964646,MMGT1;NIPAL3;MAGT1,Magnesium Ion Transport (GO:0015693)
GO:0034454,0.9501435,1.014651,0.3964646,DCTN1;MAP1S;HOOK3,Microtubule Anchoring at Centrosome (GO:0034454)
GO:0032042,0.9501435,1.014651,0.3964646,PARP1;RRM2B;LONP1,Mitochondrial DNA Metabolic Process (GO:0032042)
GO:1990456,0.9501435,1.014651,0.3964646,PACS2;ATP2A2;PDZD8,Mitochondrion-Endoplasmic Reticulum Membrane Tethering (GO:1990456)
GO:0002011,0.9501435,1.014651,0.3964646,NOTCH1;BMP7;BMP5,Morphogenesis of an Epithelial Sheet (GO:0002011)
GO:0060537,0.9501435,1.014651,0.3964646,POGLUT1;CSRP1;ENG,Muscle Tissue Development (GO:0060537)
GO:0043922,0.9501435,1.014651,0.3964646,PSMC3;CCL5;TARDBP,Negative Regulation by Host of Viral Transcription (GO:0043922)
GO:2000515,0.9501435,1.014651,0.3964646,TWSG1;LGALS9;VSIR,"Negative Regulation of CD4-positive, Alpha-Beta T Cell Activation (GO:2000515)"
GO:0043518,0.9501435,1.014651,0.3964646,PSMD10;CD74;S100A9,"Negative Regulation of DNA Damage Response, Signal Transduction by P53 Class Mediator (GO:0043518)"
GO:1903895,0.9501435,1.014651,0.3964646,UFL1;HSPA5;DDRGK1,Negative Regulation of IRE1-mediated Unfolded Protein Response (GO:1903895)
GO:0051126,0.9501435,1.014651,0.3964646,GMFG;CORO1A;CORO1B,Negative Regulation of Actin Nucleation (GO:0051126)
GO:0106072,0.9501435,1.014651,0.3964646,PDE2A;ATP2B4;PDE3A,- Reg of Adenylate Cyclase-Activating GPCR Sgnlng Pway (GO:0106072)
GO:0051926,0.9501435,1.014651,0.3964646,STC1;SLC30A1;LILRB2,Negative Regulation of Calcium Ion Transport (GO:0051926)
GO:0034351,0.9501435,1.014651,0.3964646,PRKCD;PRKCA;GAS6,Negative Regulation of Glial Cell Apoptotic Process (GO:0034351)
GO:0034115,0.9501435,1.014651,0.3964646,WNK1;MYADM;PRG2,Negative Regulation of Heterotypic Cell-Cell Adhesion (GO:0034115)
GO:0090084,0.9501435,1.014651,0.3964646,DNAJB2;DNAJB1;SORL1,Negative Regulation of Inclusion Body Assembly (GO:0090084)
GO:1905953,0.9501435,1.014651,0.3964646,CSRP1;ITGB3;ITGAV,Negative Regulation of Lipid Localization (GO:1905953)
GO:0043031,0.9501435,1.014651,0.3964646,PTPRC;LDLR;CX3CL1,Negative Regulation of Macrophage Activation (GO:0043031)
GO:0010757,0.9501435,1.014651,0.3964646,SERPINE2;SERPINE1;THBS1,Negative Regulation of Plasminogen Activation (GO:0010757)
GO:0042308,0.9501435,1.014651,0.3964646,UFM1;YWHAB;CHORDC1,Negative Regulation of Protein Import Into Nucleus (GO:0042308)
GO:0010766,0.9501435,1.014651,0.3964646,CAMK2D;WNK1;NEDD4,Negative Regulation of Sodium Ion Transport (GO:0010766)
GO:1900747,0.9501435,1.014651,0.3964646,EMILIN1;PIK3CB;DCN,Negative Regulation of Vascular Endothelial Growth Factor Signaling Pathway (GO:1900747)
GO:0046495,0.9501435,1.014651,0.3964646,NAMPT;NAXD;PARP9,Nicotinamide Riboside Metabolic Process (GO:0046495)
GO:0051081,0.9501435,1.014651,0.3964646,DCTN1;PRKCB;PRKCA,Nuclear Membrane Disassembly (GO:0051081)
GO:0043174,0.9501435,1.014651,0.3964646,PGM2;HPRT1;DNPH1,Nucleoside Salvage (GO:0043174)
GO:0070431,0.9501435,1.014651,0.3964646,RIPK2;OTULIN;RELA,Nucleotide-Binding Oligomerization Domain Containing 2 Signaling Pathway (GO:0070431)
GO:0036152,0.9501435,1.014651,0.3964646,LPGAT1;LPCAT3;MBOAT2,Phosphatidylethanolamine Acyl-Chain Remodeling (GO:0036152)
GO:0009648,0.9501435,1.014651,0.3964646,PPP1CB;PPP1CC;PPP1CA,Photoperiodism (GO:0009648)
GO:0046149,0.9501435,1.014651,0.3964646,AMBP;BLVRA;HMOX2,Pigment Catabolic Process (GO:0046149)
GO:0030311,0.9501435,1.014651,0.3964646,B3GNT8;B3GNT7;B4GAT1,poly-N-acetyllactosamine Biosynthetic Process (GO:0030311)
GO:0030309,0.9501435,1.014651,0.3964646,B3GNT8;B3GNT7;B4GAT1,poly-N-acetyllactosamine Metabolic Process (GO:0030309)
GO:2000427,0.9501435,1.014651,0.3964646,C4B;C4A;HNRNPC,Positive Regulation of Apoptotic Cell Clearance (GO:2000427)
GO:0061036,0.9501435,1.014651,0.3964646,PKDCC;BMP1;TAPT1,Positive Regulation of Cartilage Development (GO:0061036)
GO:1901857,0.9501435,1.014651,0.3964646,VCP;PARK7;SIRT3,Positive Regulation of Cellular Respiration (GO:1901857)
GO:1900078,0.9501435,1.014651,0.3964646,PTPN11;SORL1;SNX5,Positive Regulation of Cellular Response to Insulin Stimulus (GO:1900078)
GO:1900119,0.9501435,1.014651,0.3964646,NDUFA13;SIRT2;HSPD1,Positive Regulation of Execution Phase of Apoptosis (GO:1900119)
GO:0045743,0.9501435,1.014651,0.3964646,ITGB1;NRXN1;PRKD2,Positive Regulation of Fibroblast Growth Factor Receptor Signaling Pathway (GO:0045743)
GO:0045722,0.9501435,1.014651,0.3964646,DDB1;PRKAG1;PRKAG2,Positive Regulation of Gluconeogenesis (GO:0045722)
GO:0046628,0.9501435,1.014651,0.3964646,PTPN11;SORL1;SNX5,Positive Regulation of Insulin Receptor Signaling Pathway (GO:0046628)
GO:0033148,0.9501435,1.014651,0.3964646,WBP2;PKN1;HDAC6,Positive Regulation of Intracellular Estrogen Receptor Signaling Pathway (GO:0033148)
GO:1904181,0.9501435,1.014651,0.3964646,RACK1;DCN;TRPM4,Positive Regulation of Membrane Depolarization (GO:1904181)
GO:0051152,0.9501435,1.014651,0.3964646,NOTCH2;NOTCH1;KIT,Positive Regulation of Smooth Muscle Cell Differentiation (GO:0051152)
GO:2000738,0.9501435,1.014651,0.3964646,MTCH2;TGFB2;LTBP3,Positive Regulation of Stem Cell Differentiation (GO:2000738)
GO:0032230,0.9501435,1.014651,0.3964646,NLGN1;NLGN2;NRXN1,"Positive Regulation of Synaptic Transmission, GABAergic (GO:0032230)"
GO:0010898,0.9501435,1.014651,0.3964646,APOC2;DAGLB;APOA5,Positive Regulation of Triglyceride Catabolic Process (GO:0010898)
GO:0097107,0.9501435,1.014651,0.3964646,RELN;NRXN1;SHANK3,Postsynaptic Density Assembly (GO:0097107)
GO:0097105,0.9501435,1.014651,0.3964646,NLGN1;NLGN2;NRXN1,Presynaptic Membrane Assembly (GO:0097105)
GO:0018242,0.9501435,1.014651,0.3964646,POGLUT1;GALNT15;GALNT2,Protein O-linked Glycosylation via Serine (GO:0018242)
GO:0018342,0.9501435,1.014651,0.3964646,FNTA;RABGGTB;RABGGTA,Protein Prenylation (GO:0018342)
GO:0030091,0.9501435,1.014651,0.3964646,MSRA;PCMT1;PARK7,Protein Repair (GO:0030091)
GO:2001185,0.9501435,1.014651,0.3964646,CRTAM;HLA-A;HLA-E,"Regulation of CD8-positive, Alpha-Beta T Cell Activation (GO:2001185)"
GO:0002002,0.9501435,1.014651,0.3964646,ENPEP;ATP6AP2;CTSG,Regulation of Angiotensin Levels in Blood (GO:0002002)
GO:0048679,0.9501435,1.014651,0.3964646,PTPRS;STK24;SCARF1,Regulation of Axon Regeneration (GO:0048679)
GO:1902514,0.9501435,1.014651,0.3964646,CAMK2D;BIN1;SESTD1,Reg of Calcium Ion Transmembrane Transport via High Voltage-Gated Calcium Channel (GO:1902514)
GO:0017158,0.9501435,1.014651,0.3964646,STXBP3;STXBP1;RAB3GAP1,Regulation of Calcium Ion-Dependent Exocytosis (GO:0017158)
GO:0070587,0.9501435,1.014651,0.3964646,WNK1;MYADM;PRG2,Regulation of Cell-Cell Adhesion Involved in Gastrulation (GO:0070587)
GO:1900101,0.9501435,1.014651,0.3964646,HSPA5;RACK1;PIK3R1,Regulation of Endoplasmic Reticulum Unfolded Protein Response (GO:1900101)
GO:1904904,0.9501435,1.014651,0.3964646,RRAS;GFUS;FUT1,Regulation of Endothelial Cell-Matrix Adhesion via Fibronectin (GO:1904904)
GO:1903903,0.9501435,1.014651,0.3964646,RIPOR2;DOCK8;FLOT2,Regulation of Establishment of T Cell Polarity (GO:1903903)
GO:0002688,0.9501435,1.014651,0.3964646,LYN;F7;PTK2B,Regulation of Leukocyte Chemotaxis (GO:0002688)
GO:0001910,0.9501435,1.014651,0.3964646,LEP;DNASE1;PIK3R6,Regulation of Leukocyte Mediated Cytotoxicity (GO:0001910)
GO:0060964,0.9501435,1.014651,0.3964646,FXR1;FMR1;ELAVL1,Regulation of miRNA-mediated Gene Silencing (GO:0060964)
GO:0002858,0.9501435,1.014651,0.3964646,TGFB1;CRTAM;NECTIN2,Reg of Natural Killer Cell Mediated Cytotoxicity Directed Against Tumor Cell Target (GO:0002858)
GO:1903376,0.9501435,1.014651,0.3964646,NONO;PARK7;FBXO7,Regulation of Oxidative Stress-Induced Neuron Intrinsic Apoptotic Signaling Pathway (GO:1903376)
GO:0010921,0.9501435,1.014651,0.3964646,ROCK1;CHORDC1;CDK5RAP3,Regulation of Phosphatase Activity (GO:0010921)
GO:1905684,0.9501435,1.014651,0.3964646,ANXA2;MYH9;SYTL4,Regulation of Plasma Membrane Repair (GO:1905684)
GO:0090085,0.9501435,1.014651,0.3964646,ITCH;TANK;TRIM21,Regulation of Protein Deubiquitination (GO:0090085)
GO:1903564,0.9501435,1.014651,0.3964646,CCDC88A;GSK3B;GDI2,Regulation of Protein Localization to Cilium (GO:1903564)
GO:0045589,0.9501435,1.014651,0.3964646,LILRB2;CD46;VSIR,Regulation of Regulatory T Cell Differentiation (GO:0045589)
GO:0060263,0.9501435,1.014651,0.3964646,RAC2;S100A9;JCHAIN,Regulation of Respiratory Burst (GO:0060263)
GO:0070302,0.9501435,1.014651,0.3964646,MAP2K1;MAP2K2;MAPK1,Regulation of Stress-Activated Protein Kinase Signaling Cascade (GO:0070302)
GO:0034762,0.9501435,1.014651,0.3964646,PRKCB;NEDD4;LONP1,Regulation of Transmembrane Transport (GO:0034762)
GO:0070293,0.9501435,1.014651,0.3964646,STK39;MAGED2;OXSR1,Renal Absorption (GO:0070293)
GO:0046688,0.9501435,1.014651,0.3964646,PRNP;ATP5F1D;SNCA,Response to Copper Ion (GO:0046688)
GO:0032026,0.9501435,1.014651,0.3964646,SLFN14;THBS1;SNCA,Response to Magnesium Ion (GO:0032026)
GO:0042572,0.9501435,1.014651,0.3964646,RBP4;ADH1B;RDH11,Retinol Metabolic Process (GO:0042572)
GO:0000055,0.9501435,1.014651,0.3964646,NPM1;XPO1;RAN,Ribosomal Large Subunit Export From Nucleus (GO:0000055)
GO:0000056,0.9501435,1.014651,0.3964646,NPM1;XPO1;RAN,Ribosomal Small Subunit Export From Nucleus (GO:0000056)
GO:1990116,0.9501435,1.014651,0.3964646,NEMF;TRIP4;ASCC3,Ribosome-Associated Ubiquitin-Dependent Protein Catabolic Process (GO:1990116)
GO:0009071,0.9501435,1.014651,0.3964646,SHMT1;SBDS;SDSL,Serine Family Amino Acid Catabolic Process (GO:0009071)
GO:0009069,0.9501435,1.014651,0.3964646,MTHFD1;SHMT2;SHMT1,Serine Family Amino Acid Metabolic Process (GO:0009069)
GO:0030422,0.9501435,1.014651,0.3964646,TSNAX;DICER1;SND1,siRNA Processing (GO:0030422)
GO:0048745,0.9501435,1.014651,0.3964646,EFEMP2;ENG;MYLK,Smooth Muscle Tissue Development (GO:0048745)
GO:0003376,0.9501435,1.014651,0.3964646,PIK3CB;EZR;PIK3CG,Sphingosine-1-Phosphate Receptor Signaling Pathway (GO:0003376)
GO:0006694,0.9501435,1.014651,0.3964646,PMVK;FDXR;PRKAG2,Steroid Biosynthetic Process (GO:0006694)
GO:0006706,0.9501435,1.014651,0.3964646,HSD11B1;HSD17B11;YWHAH,Steroid Catabolic Process (GO:0006706)
GO:0002115,0.9501435,1.014651,0.3964646,STIM1;ORAI1;MS4A1,Store-Operated Calcium Entry (GO:0002115)
GO:0070633,0.9501435,1.014651,0.3964646,SLC12A2;ABCC1;GPLD1,Transepithelial Transport (GO:0070633)
GO:0003309,0.9501435,1.014651,0.3964646,PDHX;CDH2;BMP5,Type B Pancreatic Cell Differentiation (GO:0003309)
GO:0007033,0.9501435,1.014651,0.3964646,VPS4B;VPS4A;VPS11,Vacuole Organization (GO:0007033)
GO:0061042,0.9501435,1.014651,0.3964646,MCAM;NDNF;CD34,Vascular Wound Healing (GO:0061042)
GO:0086005,0.9501435,1.014651,0.3964646,DLG1;PKP2;GPD1L,Ventricular Cardiac Muscle Cell Action Potential (GO:0086005)
GO:0042761,0.9501435,1.014651,0.3964646,TECR;HACD3;HACD4,Very Long-Chain Fatty Acid Biosynthetic Process (GO:0042761)
GO:0007612,0.9534492,0.9016064,0.3478803,ATAD1;NTRK2;CLDN5;PPP3CB;RELN;SYNJ1;NRXN1;NRXN3;FYN;SHANK3;METAP1;LGMN,Learning (GO:0007612)
GO:0150117,0.9534492,0.9016064,0.3478803,NRP1;DUSP3;ROCK1;PTPRJ;TSC1;PIK3R1;MAPRE2;PPM1F;FERMT2;ARF6;LIMS1;MAP4K4,Positive Regulation of Cell-Substrate Junction Organization (GO:0150117)
GO:0045070,0.9534492,0.9016064,0.3478803,DDB1;DDX3X;LARP1;PDE12;VAPB;CCL5;RAD23A;PKN2;PABPC1;HACD3;PPIA;PPID,Positive Regulation of Viral Genome Replication (GO:0045070)
GO:0034067,0.9534492,0.9016064,0.3478803,GAK;TMED10;PTGES2;VPS13C;VPS13A;GCC2;RAB6A;RAB6B;SORL1;BICD2;OPTN;RAB33B,Protein Localization to Golgi Apparatus (GO:0034067)
GO:0071526,0.9534492,0.9016064,0.3478803,NRP1;NRP2;SEMA4D;SEMA6D;SEMA3B;PLXNB3;FLNA;PLXNB2;PLXNB1;SEMA3F;PLXNA4;RHOA,Semaphorin-Plexin Signaling Pathway (GO:0071526)
GO:0006633,0.9544786,0.9015075,0.3452872,ABCD3;ACOT7;GPX4;OXSM;TECR;LPL;HACD3;HSD17B8;ACACA;HACD4;ACLY;LIPC;FASN;LIPG;NDUFAB1;MLYCD,Fatty Acid Biosynthetic Process (GO:0006633)
GO:0009892,0.9544786,0.9015075,0.3452872,TRAP1;NOTCH1;LAMA4;DOCK7;MMP3;NRDC;ACOT13;APOC3;LNPEP;SIRT2;ADAMTS5;ADAM17;RHEB;APOC2;ALDH1A1;PGAM5,Negative Regulation of Metabolic Process (GO:0009892)
GO:0051168,0.9544786,0.9015075,0.3452872,WASHC4;NUP214;RANBP3;TGFB1;CSE1L;XPO7;NUTF2;RANGAP1;PKD1;XPO1;XPO4;NEMF;CHORDC1;TPR;CALR;RAN,Nuclear Export (GO:0051168)
GO:0046470,0.9544786,0.9015075,0.3452872,CETP;LPGAT1;SLC44A1;SLC44A2;PNPLA8;MBOAT7;PON1;LPCAT1;PLA2G4A;LCAT;MBOAT2;DBI;PLA2G7;LIPC;LPCAT3;GPLD1,Phosphatidylcholine Metabolic Process (GO:0046470)
GO:0001667,0.9544786,0.9017051,0.3438757,PDLIM1;ITGA4;FAT2;PKN2;IQGAP1;PKN1;SRGAP2;TNS1,Ameboidal-Type Cell Migration (GO:0001667)
GO:0060048,0.9544786,0.9017051,0.3438757,MYL4;CAMK2D;GRK2;TTR;GAA;TPM1;ATP1B1;MYH7,Cardiac Muscle Contraction (GO:0060048)
GO:0046434,0.9544786,0.9017051,0.3438757,PRKCSH;PON1;LIPG;ANGPTL3;PDXP;PGM1;PLBD2;GALK1,Organophosphate Catabolic Process (GO:0046434)
GO:0002639,0.9544786,0.9017051,0.3438757,RBP4;PTPRC;TFRC;GALNT2;STX4;PHB2;HLA-E;VAMP3,Positive Regulation of Immunoglobulin Production (GO:0002639)
GO:0002702,0.9544786,0.9017051,0.3438757,SLC7A5;RBP4;PTPRC;GALNT2;STX4;PHB2;HLA-E;VAMP3,Positive Regulation of Production of Molecular Mediator of Immune Response (GO:0002702)
GO:0010954,0.9544786,0.9017051,0.3438757,ANXA2;PLGRKT;BAG2;HPN;ANGPTL8;MYH9;ENO1;MELTF,Positive Regulation of Protein Processing (GO:0010954)
GO:0031529,0.9544786,0.9017051,0.3438757,CARMIL1;CSF1R;CYFIP1;LIMA1;PLEK;TPM1;CORO1B;ARF6,Ruffle Organization (GO:0031529)
GO:0150063,0.9544786,0.9017051,0.3438757,TGFB2;RBP4;ITGAM;BLOC1S3;SH3PXD2B;RAB18;CHRDL1;FREM2,Visual System Development (GO:0150063)
GO:0032869,0.9548164,0.9172201,0.3492083,GSK3B;HDAC5;C2CD5;GSK3A;PRKDC;SHC1;SYAP1;PCSK9;IRS2;PIK3R1;IDE;IGF1R;AKT2;NAMPT;AKT1;AP3S1;RAB8A;PCK2;APPL1;MAP4K2;PARP1;DENND4C;MYO5A;IGF1;BAIAP2;SLC39A14;MTOR;RAB10;FER;RAB31;PROC;PKM;EPRS1;RAB13;GRB2;LPIN2;GPLD1;SLC27A4,Cellular Response to Insulin Stimulus (GO:0032869)
GO:0006412,0.9568777,0.939965,0.3554918,RPL4;RPL5;RPL3;RPL31;RPL34;RPL8;APEH;RPL10A;RPL6;RPL7;EEF1B2;RPS14;RPS17;RPS16;RPS19;NARS1;RPS18;RPL35;RPS11;RPS10;RPS13;RPS12;RPS9;RARS1;RPS7;RPS8;RPL23;RPS5;RPL22;RPSA;GTPBP2;GTPBP1;TUFM;LARS1;EEF1A2;RPL27;RPL29;RPL28;MRPL18;MRPL19;MRPL12;GSPT2;GSPT1;MRPL11;VARS1;HARS1;VTA1;EEF2;RPS25;RPS28;COPS5;EPRS1;NACA;RPL27A;AGO2;RPS20;RPS21;FARSB;RPS23;EIF4G1;HBS1L;RPLP1;RPLP0;RPS4X;RPL7A;MRPL1;QARS1;RACK1;RPLP2;TSFM;MRPS27;PABPC4;MARS1;MRPL49;RPS3A;MRPL45;DARS1;EEF1G;SARS1;EEF1D;ETF1;MRRF;RPL12;RPL11;RRBP1;RPS15A;RPL14;RPS3;IARS2;RPL15;RPS2;IARS1;RPL18;DTD1;RPL19;ABCF1;RWDD1;RPL35A;RPL23A;WARS1;GARS1;DRG2;ABCE1,Translation (GO:0006412)
GO:0097193,0.9568777,0.9110149,0.3441077,ERO1A;DDX5;DDX3X;CUL5;DIABLO;PRKDC;CUL3;CUL2;ITPR1;ATP2A3;CLU;TANK;UACA;BAG6;HINT1;AIFM1;CASP6;CASP3;ARL6IP5;MAP3K5;CARD8;PRKCD;REXO2;HSPE1;CUL4A;STK24;LGALS12;DNAJC10;CYCS;BAX;BCL2L1,Intrinsic Apoptotic Signaling Pathway (GO:0097193)
GO:0032787,0.9568777,0.9110149,0.3441077,PANK4;ADH1B;LPL;DBI;GBA2;HSD17B10;LDHB;SCPEP1;LDHA;CD36;ACAA1;AASDHPPT;CPT1A;PNPLA8;MCCC1;ACSL4;ACSL3;IGF1;ACADSB;ACSF2;GRHPR;GATM;PROC;VNN2;PCCA;FASN;PCCB;ANGPTL3;VDAC1;SLC27A4;LDHAL6B,Monocarboxylic Acid Metabolic Process (GO:0032787)
GO:0006469,0.9569669,0.9014085,0.3401402,NPM1;DUSP3;MVP;LRP5;HSPB1;PRKAG2;REXO2;WARS1;CORO1C;LRP6;PTPRC;DNAJA3;GNAQ;CHORDC1;PKN2;PPIA;CDK5RAP3;YWHAG;RTRAF;SNCA,Negative Regulation of Protein Kinase Activity (GO:0006469)
GO:0043604,0.9611801,0.9013092,0.3339033,PANK4;ASAH1;GGT7;ACOT7;AGK;DCAKD;MYCBP2;MGST2;PPCDC;COASY;ASS1;PM20D1;SLC25A15;GCLC;SPTLC1;SPTLC2;VAPA;PPCS;OSBP;HAGH;NANS;GCLM;LDLR;CERS2,Amide Biosynthetic Process (GO:0043604)
GO:0045069,0.9611801,0.9013092,0.3339033,IFITM3;RNASEL;DDX3X;IFITM2;EIF2AK2;RAD23A;ZC3HAV1;HACD3;DDB1;BST2;ILF3;PLSCR1;MAVS;LARP1;PDE12;VAPB;OAS3;CCL5;BANF1;PKN2;PABPC1;PPIA;SHFL;PPID,Regulation of Viral Genome Replication (GO:0045069)
GO:0016567,0.9611801,0.9316333,0.3446994,RNF11;UBE3C;RNF14;UBE3A;ARRB1;ARRB2;UBE2L3;HERC4;NPEPPS;UBE2Q1;FBXO4;ARIH2;RACK1;TRIM25;ELOC;FBXO7;TRIM21;SKP1;ATG3;VPS18;USP7;NHLRC3;USP5;DTX3L;ARRDC1;EIPR1;UBE4A;UBE4B;UCHL3;DDB1;TRAF7;KCTD10;GAN;TRAF6;UBE2V2;BIRC6;RBCK1;UBE2V1;THOP1;TRIM56;RNF31;MARCHF2;VCP;CUL5;UBA6;CUL3;MYCBP2;CUL2;NEDD8;UBR1;CBL;TANK;UBE2J1;PCNP;VCPIP1;RNF213;CAND1;RMND5A;OS9;VPS11;ZSWIM8;UBE2H;CRBN;USP9X;UBE2C;HUWE1;LNPEP;UBAC1;CUL4A;ITCH;NEDD4;CDC16;OTULIN;CTNNB1;TPP2;UBE2O;BLMH;UBA1;STUB1;UBE2K,Protein Ubiquitination (GO:0016567)
GO:0050679,0.9611801,0.90111,0.3203802,NOTCH2;NRP1;ECM1;NRP2;PDCD6;FLT4;ITGB3;CLSTN1;HPN;HMGB2;EMC10;MIA3;LAMC1;RTN4;THBS4;MYDGF;AKT1;STAT5A;EGF;GDF2;PRKCA;LAMB1;IGF1;BMP5;NME1;PDCL3;PLXNB3;CDH13;PRKD2;CDH15;SCG2;FGFR2,Positive Regulation of Epithelial Cell Proliferation (GO:0050679)
GO:0034620,0.9611801,0.8789606,0.3119485,PTPN1;VCP;ATF6B;HSPA5;YOD1;HSPD1;ERMP1;TBL2;BAG3;VAPB;BAX;CDK5RAP3;OPTN,Cellular Response to Unfolded Protein (GO:0034620)
GO:0022407,0.9611801,0.8789606,0.3119485,JAG1;SRC;MINK1;REXO2;CELSR2;PTK2;FSTL3;PTPRG;PODXL;FLOT2;CD47;YWHAG;FERMT3,Regulation of Cell-Cell Adhesion (GO:0022407)
GO:0050767,0.9611801,0.8789606,0.3119485,NOTCH1;DOCK7;HMGB2;PRUNE1;NAP1L1;HOOK3;SORL1;CX3CL1;FXR1;NUMB;CTNNB1;APPL2;TGM2,Regulation of Neurogenesis (GO:0050767)
GO:0050730,0.9611801,0.8789606,0.3119485,DMTN;TGFB1;ANGPT1;RIPK2;ITGB2;PDGFA;THBS4;PDCL3;RAP2B;BANK1;CCM2;CSPG4;ARHGEF2,Regulation of Peptidyl-Tyrosine Phosphorylation (GO:0050730)
GO:0050953,0.9611801,0.8789606,0.3119485,COL18A1;LUM;COL11A1;PITPNA;RABGGTB;RABGGTA;EML2;CRYZ;COL1A1;EFEMP1;COL2A1;CDH23;KIFC3,Sensory Perception of Light Stimulus (GO:0050953)
GO:0016070,0.9611801,0.8840644,0.3137004,FTO;TUT7;PNPT1;DDX24;PABPC4;RNASET2;DICER1;TBRG4;ATXN2L;EXOSC6;MYG1;KHSRP;XRN2;PCBP2;HNRNPD;DTD1;EXOSC2,RNA Metabolic Process (GO:0016070)
GO:0006839,0.9611801,0.8840644,0.3137004,TOMM70;MTCH2;NDUFA13;HSP90AA1;TOMM40;MTX1;AGK;HSPA4;TIMM13;TOMM22;SAMM50;PPIF;SLC25A20;SLC25A5;SLC25A24;BCL2L1;SLC25A13,Mitochondrial Transport (GO:0006839)
GO:0015740,0.9611801,0.9018036,0.3171504,LRRC8D;SLC25A10;SLC25A12;SLC25A13,C4-dicarboxylate Transport (GO:0015740)
GO:0090670,0.9611801,0.9018036,0.3171504,RUVBL2;RUVBL1;TCP1;CCT4,RNA Localization to Cajal Body (GO:0090670)
GO:0042093,0.9611801,0.9018036,0.3171504,TBK1;PIK3R1;ZFPM1;ICOSLG,T-helper Cell Differentiation (GO:0042093)
GO:0032924,0.9611801,0.9018036,0.3171504,SMAD2;BMP10;GDF2;INHBA,Activin Receptor Signaling Pathway (GO:0032924)
GO:0009074,0.9611801,0.9018036,0.3171504,GSTZ1;QDPR;HGD;FAH,Aromatic Amino Acid Family Catabolic Process (GO:0009074)
GO:0043010,0.9611801,0.9018036,0.3171504,EFEMP1;TSKU;RAB3GAP1;FBN1,Camera-Type Eye Development (GO:0043010)
GO:0140052,0.9611801,0.9018036,0.3171504,AKT1;MIA3;CD36;CD68,Cellular Response to Oxidised Low-Density Lipoprotein Particle Stimulus (GO:0140052)
GO:0046514,0.9611801,0.9018036,0.3171504,ASAH1;GLB1;HEXB;HEXA,Ceramide Catabolic Process (GO:0046514)
GO:0140719,0.9611801,0.9018036,0.3171504,TRIM28;SMYD5;DPEP2;SIRT2,Constitutive Heterochromatin Formation (GO:0140719)
GO:0036336,0.9611801,0.9018036,0.3171504,CCL5;CXCR4;PIK3CG;TRPM4,Dendritic Cell Migration (GO:0036336)
GO:0016137,0.9611801,0.9018036,0.3171504,AKR7A2;AKR1B1;NAGA;GBA2,Glycoside Metabolic Process (GO:0016137)
GO:0034380,0.9611801,0.9018036,0.3171504,APOM;PRKCA;APOE;PRKACB,High-Density Lipoprotein Particle Assembly (GO:0034380)
GO:1901142,0.9611801,0.9018036,0.3171504,ERO1B;YIPF5;IDE;P4HB,Insulin Metabolic Process (GO:1901142)
GO:0030073,0.9611801,0.9018036,0.3171504,PDHX;PARK7;SELENOT;CAMK2G,Insulin Secretion (GO:0030073)
GO:0033622,0.9611801,0.9018036,0.3171504,FN1;CX3CL1;FERMT2;FERMT3,Integrin Activation (GO:0033622)
GO:0045109,0.9611801,0.9018036,0.3171504,PKP2;EPPK1;VIM;MTM1,Intermediate Filament Organization (GO:0045109)
GO:0032366,0.9611801,0.9018036,0.3171504,OSBPL2;VPS4A;OSBP;RELCH,Intracellular Sterol Transport (GO:0032366)
GO:0060173,0.9611801,0.9018036,0.3171504,COMP;KREMEN1;PCSK5;LNPK,Limb Development (GO:0060173)
GO:0044539,0.9611801,0.9018036,0.3171504,SLC2A1;ACSL3;CD36;SLC27A4,Long-Chain Fatty Acid Import Into Cell (GO:0044539)
GO:0072595,0.9611801,0.9018036,0.3171504,HSPA5;ARL2;HNRNPU;SKP1,Maintenance of Protein Localization in Organelle (GO:0072595)
GO:0030879,0.9611801,0.9018036,0.3171504,COPS3;COPS2;JAK2;ARHGAP35,Mammary Gland Development (GO:0030879)
GO:0031293,0.9611801,0.9018036,0.3171504,NCSTN;MMP7;TGFB1;HM13,Membrane Protein Intracellular Domain Proteolysis (GO:0031293)
GO:0072393,0.9611801,0.9018036,0.3171504,DCTN1;MAP1S;HOOK3;BICD2,Microtubule Anchoring at Microtubule Organizing Center (GO:0072393)
GO:0002009,0.9611801,0.9018036,0.3171504,FLG2;DAG1;FGFR2;VCL,Morphogenesis of an Epithelium (GO:0002009)
GO:0022011,0.9611801,0.9018036,0.3171504,PARD3;DICER1;SIRT2;SOD1,Myelination in Peripheral Nervous System (GO:0022011)
GO:0032926,0.9611801,0.9018036,0.3171504,FKBP1A;NCLN;FST;FSTL3,Negative Regulation of Activin Receptor Signaling Pathway (GO:0032926)
GO:0045920,0.9611801,0.9018036,0.3171504,VPS4B;RAB33B;RAB7A;SNCA,Negative Regulation of Exocytosis (GO:0045920)
GO:1903054,0.9611801,0.9018036,0.3171504,TGFBR3;NOTCH1;TGFB1;EMILIN1,Negative Regulation of Extracellular Matrix Organization (GO:1903054)
GO:0051918,0.9611801,0.9018036,0.3171504,THBD;VTN;SERPINE1;THBS1,Negative Regulation of Fibrinolysis (GO:0051918)
GO:0150079,0.9611801,0.9018036,0.3171504,PTPRC;IGF1;LDLR;CX3CL1,Negative Regulation of Neuroinflammatory Response (GO:0150079)
GO:1900121,0.9611801,0.9018036,0.3171504,ATP2A3;ATP2A2;PCSK9;PTPRF,Negative Regulation of Receptor Binding (GO:1900121)
GO:1900025,0.9611801,0.9018036,0.3171504,DMTN;FBLN1;MELTF;CORO1C,Negative Regulation of Substrate Adhesion-Dependent Cell Spreading (GO:1900025)
GO:0007158,0.9611801,0.9018036,0.3171504,NLGN1;NLGN2;NRXN1;NRXN3,Neuron Cell-Cell Adhesion (GO:0007158)
GO:0106030,0.9611801,0.9018036,0.3171504,CRTAC1;NRCAM;ARHGAP35;RTN4,Neuron Projection Fasciculation (GO:0106030)
GO:1990535,0.9611801,0.9018036,0.3171504,APP;PRNP;DCTN1;METAP1,Neuron Projection Maintenance (GO:1990535)
GO:1903599,0.9611801,0.9018036,0.3171504,STUB1;PARK7;SLC25A5;FBXO7,Positive Regulation of Autophagy of Mitochondrion (GO:1903599)
GO:1902751,0.9611801,0.9018036,0.3171504,NPM1;RRM2B;VPS4B;RAB11A,Positive Regulation of Cell Cycle G2/M Phase Transition (GO:1902751)
GO:1900017,0.9611801,0.9018036,0.3171504,MAPK9;CARD9;STAT3;IL17RA,Positive Regulation of Cytokine Production Involved in Inflammatory Response (GO:1900017)
GO:1900426,0.9611801,0.9018036,0.3171504,MMRN2;EMILIN2;EMILIN1;PGC,Positive Regulation of Defense Response to Bacterium (GO:1900426)
GO:1900103,0.9611801,0.9018036,0.3171504,PTPN1;TMEM33;BAX;PIK3R1,Positive Regulation of Endoplasmic Reticulum Unfolded Protein Response (GO:1900103)
GO:0032414,0.9611801,0.9018036,0.3171504,TRPC6;COX17;STK39;CTSS,Positive Regulation of Ion Transmembrane Transporter Activity (GO:0032414)
GO:0060193,0.9611801,0.9018036,0.3171504,FGFR3;FGFR2;RHOA;FGFR1,Positive Regulation of Lipase Activity (GO:0060193)
GO:0031643,0.9611801,0.9018036,0.3171504,PARD3;NRDC;ITGAX;DICER1,Positive Regulation of Myelination (GO:0031643)
GO:0010756,0.9611801,0.9018036,0.3171504,PLGRKT;HPN;ENO1;MELTF,Positive Regulation of Plasminogen Activation (GO:0010756)
GO:2001214,0.9611801,0.9018036,0.3171504,RAP1A;RRAS;RAPGEF2;CD34,Positive Regulation of Vasculogenesis (GO:2001214)
GO:0034214,0.9611801,0.9018036,0.3171504,SPAST;MAT2A;LRRC8D;LRRC8A,Protein Hexamerization (GO:0034214)
GO:1905508,0.9611801,0.9018036,0.3171504,DCTN2;STK24;CEP131;HOOK3,Protein Localization to Microtubule Organizing Center (GO:1905508)
GO:0010827,0.9611801,0.9018036,0.3171504,RTN2;C2CD5;PRKCB;PRKAG2,Regulation of D-glucose Transmembrane Transport (GO:0010827)
GO:0051988,0.9611801,0.9018036,0.3171504,CDC42;PROC;ZW10;SIRT2,Regulation of Attachment of Spindle Microtubules to Kinetochore (GO:0051988)
GO:0090335,0.9611801,0.9018036,0.3171504,FTO;LEP;LONP1;HNRNPU,Regulation of Brown Fat Cell Differentiation (GO:0090335)
GO:2000668,0.9611801,0.9018036,0.3171504,LYN;RAPGEF2;LGALS9;GAS6,Regulation of Dendritic Cell Apoptotic Process (GO:2000668)
GO:0070201,0.9611801,0.9018036,0.3171504,DNAJA1;SCFD1;GAPVD1;CTSD,Regulation of Establishment of Protein Localization (GO:0070201)
GO:1902229,0.9611801,0.9018036,0.3171504,RPS3;CLU;CCAR2;BCL2L1,Regulation of Intrinsic Apoptotic Signaling Pathway in Response to DNA Damage (GO:1902229)
GO:1904994,0.9611801,0.9018036,0.3171504,TRAF6;ITGB2;RELA;RHOA,Regulation of Leukocyte Adhesion to Vascular Endothelial Cell (GO:1904994)
GO:1903978,0.9611801,0.9018036,0.3171504,PTPRC;SPHK1;LDLR;CX3CL1,Regulation of Microglial Cell Activation (GO:1903978)
GO:0010635,0.9611801,0.9018036,0.3171504,VAT1;MTCH2;TFRC;HUWE1,Regulation of Mitochondrial Fusion (GO:0010635)
GO:0051588,0.9611801,0.9018036,0.3171504,MCTP1;FMR1;CAMK2A;FLOT1,Regulation of Neurotransmitter Transport (GO:0051588)
GO:0032228,0.9611801,0.9018036,0.3171504,NLGN1;NLGN2;NRXN1;STXBP1,"Regulation of Synaptic Transmission, GABAergic (GO:0032228)"
GO:0003073,0.9611801,0.9018036,0.3171504,GSK3A;PLCB3;DDAH1;ENG,Regulation of Systemic Arterial Blood Pressure (GO:0003073)
GO:1901163,0.9611801,0.9018036,0.3171504,C1QBP;AGO2;ARHGDIB;CALR,Regulation of Trophoblast Cell Migration (GO:1901163)
GO:0097205,0.9611801,0.9018036,0.3171504,MYO1E;PPP3CA;MCAM;JCHAIN,Renal Filtration (GO:0097205)
GO:0097264,0.9611801,0.9018036,0.3171504,CASP8;CAPN7;CARD8;CAPN1,Self Proteolysis (GO:0097264)
GO:0006415,0.9611801,0.9018036,0.3171504,ETF1;APEH;GSPT2;GSPT1,Translational Termination (GO:0006415)
GO:0019432,0.9611801,0.9018036,0.3171504,LPGAT1;TMEM68;LPIN2;PCK2,Triglyceride Biosynthetic Process (GO:0019432)
GO:0034379,0.9611801,0.9018036,0.3171504,LPCAT3;MTTP;APOC3;APOB,Very-Low-Density Lipoprotein Particle Assembly (GO:0034379)
GO:0061337,0.9623352,0.869397,0.3023056,YWHAE;CAMK2D;JUP;SRC;BIN1;PKP2;DSG2;SLC9A1;TRPM4,Cardiac Conduction (GO:0061337)
GO:0009247,0.9623352,0.869397,0.3023056,DPM1;TM9SF2;B3GALNT1;DPM3;SCCPDH;ST8SIA3;ST8SIA5;ST3GAL6;FUT1,Glycolipid Biosynthetic Process (GO:0009247)
GO:0070498,0.9623352,0.869397,0.3023056,IKBKB;IL1R1;TOLLIP;TRAF6;IRAK3;IRAK4;PLCB1;MAP3K7;RELA,Interleukin-1-Mediated Signaling Pathway (GO:0070498)
GO:0043086,0.9623352,0.869397,0.3023056,PRDX5;NOTCH1;CAND1;PPP1R12A;CAMK2A;TMBIM1;PARP9;CCAR2;SERPINA5,Negative Regulation of Catalytic Activity (GO:0043086)
GO:1900016,0.9623352,0.869397,0.3023056,IKBKB;CHID1;STAT3;PDCD4;PRKCA;JAK2;RELA;APPL2;NFKB1,Negative Regulation of Cytokine Production Involved in Inflammatory Response (GO:1900016)
GO:0048284,0.9623352,0.869397,0.3023056,EEA1;VPS18;CHCHD3;MIGA2;VPS11;MFN2;NME3;STX4;LDAH,Organelle Fusion (GO:0048284)
GO:0070536,0.9623352,0.869397,0.3023056,USP8;ATXN3;BABAM2;CYLD;PSMD14;SHMT2;USP9X;YOD1;BRCC3,Protein K63-linked Deubiquitination (GO:0070536)
GO:0006029,0.9623352,0.869397,0.3023056,CANT1;CHST11;CHST12;CHST10;FAM20B;CHST1;IGF1;HPSE;GAL3ST4,Proteoglycan Metabolic Process (GO:0006029)
GO:0010874,0.9623352,0.869397,0.3023056,CETP;NAXE;PON1;APOE;LAMTOR1;PLTP;NFKB1;TTC39B;CES1,Regulation of Cholesterol Efflux (GO:0010874)
GO:0034142,0.9623352,0.869397,0.3023056,TBK1;TRAF6;NDUFA2;LY96;LGALS9;IRAK4;NMI;MAP3K7;RELA,Toll-Like Receptor 4 Signaling Pathway (GO:0034142)
GO:0006626,0.9630448,0.8893425,0.30834,MTCH2;NDUFA13;TOMM40;TIMM13;MFF;TOMM22;HSPD1;TIMM50;CHCHD4;SAMM50;AIFM1;GRPEL1;PITRM1;PMPCB;MFN2;PMPCA;FBXO7;TOMM70;BCAP31;FIS1;HSP90AA1;MTX1;HSPA4;TOMM34;TIMM44,Protein Targeting to Mitochondrion (GO:0006626)
GO:0007346,0.9770573,0.8785642,0.2854772,YWHAE;APP;HNRNPU;PDXP;IQGAP1;SDCBP;LONP1;EIF4E;CDK5RAP3;NEK9;PRMT5;DUSP3;PTGES2;SPHK1;NEK7;PRKCA;SCRIB;DDB1;CYLD;CDC16;CDK2;GAS1;PKN2;TTLL12;ANAPC1;LGMN,Regulation of Mitotic Cell Cycle (GO:0007346)
GO:0009968,0.9770573,0.9096121,0.2925738,YWHAE;GSK3A;YWHAB;PDCD6;CTNND1;PLEK;INPPL1;PTPRJ;ARRB1;PIK3CB;TSKU;CX3CL1;CRHBP;HERC4;UBASH3B;QARS1;RACK1;AKT1;PIP4K2A;PIP4K2B;EMILIN1;PIP4K2C;APPL1;NCK1;ACVR1;IGFBP5;ARRDC1;PRKCB;CSNK2A2;PRKCD;IRAK3;DCN;SIGIRR;MMP14;MMRN1;HGS;MMRN2;TMBIM1;TYRO3;PRKCQ;TAX1BP3;SQSTM1;SLC27A4;VCP;THBS1;FSTL3;GPC1;CCL5;SNCA;LYN;PTPN1;PTPN18;MPIG6B;ANGPT1;GPR108;CARD8;PTPN12;BMP5;TSPAN15;BPIFB1;PTPRC;CILP;NEDD4;PTPN6;NOTUM;LGMN,Negative Regulation of Signal Transduction (GO:0009968)
GO:0071219,0.9770573,0.881405,0.282663,ATL1;SERPINE1;HMGB2;LY96;RELA;CTSG;LBP;GIT1;PF4V1;UPF1;MMP3;NDUFA2;IL18;PPBP;LILRB2;CYRIB;MAPK14;MMP9;NFKB1;RHOA;AXL;SHPK;TRAF6;PDCD4;PLAA;VIM;CD68;NFKBIB;CHMP5;PF4,Cellular Response to Molecule of Bacterial Origin (GO:0071219)
GO:0046039,0.9770573,0.8453395,0.2704377,EFL1;IMPDH2;GNAI3;GTPBP1;RAN,GTP Metabolic Process (GO:0046039)
GO:0050779,0.9770573,0.8453395,0.2704377,FTO;FXR1;FXR2;ROCK1;ROCK2,RNA Destabilization (GO:0050779)
GO:0060071,0.9770573,0.8453395,0.2704377,CDC42;DAAM1;CELSR1;CELSR2;RHOA,"Wnt Signaling Pathway, Planar Cell Polarity Pathway (GO:0060071)"
GO:0089718,0.9770573,0.8453395,0.2704377,SLC6A6;SLC7A5;SLC3A2;SLC1A5;SLC7A1,Amino Acid Import Across Plasma Membrane (GO:0089718)
GO:0055013,0.9770573,0.8453395,0.2704377,PDGFRB;PDGFRA;BMP10;TTR;PDLIM5,Cardiac Muscle Cell Development (GO:0055013)
GO:0030705,0.9770573,0.8453395,0.2704377,DYNC1I2;CCDC88A;TUBA1C;TUBB;HOOK3,Cytoskeleton-Dependent Intracellular Transport (GO:0030705)
GO:0010458,0.9770573,0.8453395,0.2704377,SPAST;UBE2C;CHMP4B;CLASP1;CLASP2,Exit From Mitosis (GO:0010458)
GO:0001573,0.9770573,0.8453395,0.2704377,GLB1;HEXB;HEXA;ST8SIA3;ST8SIA4,Ganglioside Metabolic Process (GO:0001573)
GO:1901071,0.9770573,0.8453395,0.2704377,NAGK;OGA;CHST1;RENBP;CHST3,Glucosamine-Containing Compound Metabolic Process (GO:1901071)
GO:0035329,0.9770573,0.8453395,0.2704377,STK24;DCHS1;FAT4;STK4;SAV1,Hippo Signaling (GO:0035329)
GO:0002429,0.9770573,0.8453395,0.2704377,LYN;FCER1G;ITGAM;SLA2;GPLD1,Immune Response-Activating Cell Surface Receptor Signaling Pathway (GO:0002429)
GO:0140105,0.9770573,0.8453395,0.2704377,STAT3;LILRA1;LILRB2;TYK2;JAK1,Interleukin-10-Mediated Signaling Pathway (GO:0140105)
GO:0018146,0.9770573,0.8453395,0.2704377,B3GNT7;B4GAT1;CHST1;ST3GAL6;ST3GAL1,Keratan Sulfate Proteoglycan Biosynthetic Process (GO:0018146)
GO:0000470,0.9770573,0.8453395,0.2704377,RPL7A;EIF6;NOP2;RPL35;RPL7,Maturation of LSU-rRNA (GO:0000470)
GO:0047497,0.9770573,0.8453395,0.2704377,RHOT2;RHOT1;SPAST;MAP1S;LRPPRC,Mitochondrion Transport Along Microtubule (GO:0047497)
GO:0101024,0.9770573,0.8453395,0.2704377,SPAST;BROX;VPS4A;BANF1;SIRT2,Mitotic Nuclear Membrane Organization (GO:0101024)
GO:0007084,0.9770573,0.8453395,0.2704377,SPAST;BROX;VPS4A;BANF1;SIRT2,Mitotic Nuclear Membrane Reassembly (GO:0007084)
GO:0042219,0.9770573,0.8453395,0.2704377,ALDH4A1;GGT7;ABHD16A;GOT2;PCYOX1,Modified Amino Acid Catabolic Process (GO:0042219)
GO:0060392,0.9770573,0.8453395,0.2704377,TGFBR3;CILP;EMILIN1;CRKL;ENG,Negative Regulation of SMAD Protein Signal Transduction (GO:0060392)
GO:0002719,0.9770573,0.8453395,0.2704377,TGFB2;TGFB1;IRAK3;HLA-F;JAK3,Negative Regulation of Cytokine Production Involved in Immune Response (GO:0002719)
GO:0002698,0.9770573,0.8453395,0.2704377,LGALS3;FER;RPS19;MASP1;CD55,Negative Regulation of Immune Effector Process (GO:0002698)
GO:0002716,0.9770573,0.8453395,0.2704377,GRB2;LGALS9;HLA-F;NECTIN2;HLA-E,Negative Regulation of Natural Killer Cell Mediated Immunity (GO:0002716)
GO:1904357,0.9770573,0.8453395,0.2704377,PARP1;XRN1;HNRNPU;NAT10;HNRNPC,Negative Regulation of Telomere Maintenance via Telomere Lengthening (GO:1904357)
GO:1901292,0.9770573,0.8453395,0.2704377,SUCLA2;SUCLG2;SUCLG1;MLYCD;ITPA,Nucleoside Phosphate Catabolic Process (GO:1901292)
GO:0003148,0.9770573,0.8453395,0.2704377,NRP1;NRP2;TGFB2;FGFR2;ENG,Outflow Tract Septum Morphogenesis (GO:0003148)
GO:0015919,0.9770573,0.8453395,0.2704377,PEX16;ABCD3;PEX19;PEX14;RAB8B,Peroxisomal Membrane Transport (GO:0015919)
GO:0001890,0.9770573,0.8453395,0.2704377,LEP;PRKD2;PKD1;PTK2;SOD1,Placenta Development (GO:0001890)
GO:2001028,0.9770573,0.8453395,0.2704377,TMSB4X;HSPB1;PRKD2;FGFR1;LGMN,Positive Regulation of Endothelial Cell Chemotaxis (GO:2001028)
GO:1901526,0.9770573,0.8453395,0.2704377,HUWE1;STUB1;VDAC1;SLC25A5;FBXO7,Positive Regulation of Mitophagy (GO:1901526)
GO:0031646,0.9770573,0.8453395,0.2704377,NLGN2;PARD3;NRDC;ITGAX;DICER1,Positive Regulation of Nervous System Process (GO:0031646)
GO:1904707,0.9770573,0.8453395,0.2704377,IGFBP5;MFN2;IGF1;LDLRAP1;MMP9,Positive Regulation of Vascular Associated Smooth Muscle Cell Proliferation (GO:1904707)
GO:0071539,0.9770573,0.8453395,0.2704377,DCTN2;STK24;GOLGB1;CEP131;HOOK3,Protein Localization to Centrosome (GO:0071539)
GO:0035418,0.9770573,0.8453395,0.2704377,NLGN1;DLG1;NLGN2;RELN;NRXN1,Protein Localization to Synapse (GO:0035418)
GO:1903779,0.9770573,0.8453395,0.2704377,ATP2A3;ATP2B4;ATP2A2;PRKCA;ATP2B1,Regulation of Cardiac Conduction (GO:1903779)
GO:0050818,0.9770573,0.8453395,0.2704377,ANGPT2;PROC;F2R;SERPINE1;GP1BA,Regulation of Coagulation (GO:0050818)
GO:0010837,0.9770573,0.8453395,0.2704377,NOTCH2;EPPK1;PTPRK;CDH15;FGFR2,Regulation of Keratinocyte Proliferation (GO:0010837)
GO:0071634,0.9770573,0.8453395,0.2704377,TGFB2;FN1;FBLN1;LGALS9;CD46,Regulation of Transforming Growth Factor Beta Production (GO:0071634)
GO:0031297,0.9770573,0.8453395,0.2704377,RAD50;MRE11;PARP1;CARM1;NUCKS1,Replication Fork Processing (GO:0031297)
GO:0060541,0.9770573,0.8453395,0.2704377,BAG6;RBP4;BASP1;LOXL3;FGFR2,Respiratory System Development (GO:0060541)
GO:0030323,0.9770573,0.8453395,0.2704377,BAG6;RBP4;LOXL3;PCSK5;FGFR2,Respiratory Tube Development (GO:0030323)
GO:0019433,0.9770573,0.8453395,0.2704377,PM20D1;LIPC;LIPG;APOC3;LPL,Triglyceride Catabolic Process (GO:0019433)
GO:0038084,0.9770573,0.8453395,0.2704377,NRP1;MYO1E;FLT4;VEGFC;RELA,Vascular Endothelial Growth Factor Signaling Pathway (GO:0038084)
GO:0045444,0.9771976,0.8451455,0.2695633,BSCL2;C1QTNF3;OSBPL8;CTBP1;AKT2;ADGRF5;ERAP1;SDF4;OSBPL11;PSMB8,Fat Cell Differentiation (GO:0045444)
GO:0035195,0.9771976,0.8451455,0.2695633,DDX6;EIF4ENIF1;EIF6;DHX9;CNOT1;AGO2;LIMD1;EIF4E2;RAN;EIF4G1,miRNA-mediated Post-Transcriptional Gene Silencing (GO:0035195)
GO:0010828,0.9771976,0.8451455,0.2695633,OSBPL8;C2CD5;AKT2;ITLN1;AKT1;IRS2;PTPN11;PIK3R1;IGF1;APPL1,Positive Regulation of D-glucose Transmembrane Transport (GO:0010828)
GO:0008286,0.9783862,0.8561227,0.2627435,GSK3B;C2CD5;GSK3A;SHC1;IRS2;IDE;PIK3R1;IGF1;BAIAP2;SLC39A14;IGF1R;FER;PROC;AKT2;NAMPT;GRB2;AP3S1;GPLD1;APPL1,Insulin Receptor Signaling Pathway (GO:0008286)
GO:0050678,0.9783862,0.8561227,0.2627435,TGFB2;GPX1;TGFB1;ANGPT1;PRKDC;HPN;LAMB1;LAMC1;IGF1;FUT1;MTSS1;NME1;RAB33B;BMP5;TGFBR3;LEP;EPPK1;FGFR2;LIMS1,Regulation of Epithelial Cell Proliferation (GO:0050678)
GO:0009411,0.9783862,0.8561227,0.2627435,NPM1;GPX1;PARP1;PRKCD;CIRBP;UBE4B;PTPRK;EIF2S1;CCAR2;RELA;DDB1;CUL4A;MFAP4;RUVBL2;NEDD4;SDF4;MAP3K4;ELANE;IVL,Response to UV (GO:0009411)
GO:0017015,0.9783862,0.8688047,0.2649249,USP15;HSP90AB1;TGFB1I1;WFIKKN2;LTBP4;LRRC32;THBS1;SDCBP;ADAMTSL2;EMILIN1;RBBP7;SNX6;SMAD2;TSC22D1;ASPN;DKK3;TGFBR3;FKBP1A;PPM1A;TWSG1;CILP;CD109;GIPC1;STUB1;CDH15;OGT;ENG,Regulation of Transforming Growth Factor Beta Receptor Signaling Pathway (GO:0017015)
GO:0034198,0.9783862,0.844951,0.2565404,SH3GLB1;SAR1A;MIOS;SAR1B;EIF2AK2;EIF2S1;MTOR;ATXN3;IMPACT;RRAGC;FASN;LARS1;MAPK1;GCN1;MAP3K5,Cellular Response to Amino Acid Starvation (GO:0034198)
GO:0050921,0.9783862,0.844951,0.2565404,P2RY12;PDGFRB;NRP1;PDGFRA;TGFB1;HSPB1;THBS1;PPM1F;F7;TMSB4X;CDH13;STX4;PRKD2;FGFR1;LGMN,Positive Regulation of Chemotaxis (GO:0050921)
GO:0046626,0.9783862,0.844951,0.2565404,PTPN1;GSK3A;PRKCB;PRKCD;NUCKS1;PTPN11;SORL1;PIP4K2A;PIP4K2B;PRKCQ;PIP4K2C;OGT;SNX5;NCK1;SLC27A4,Regulation of Insulin Receptor Signaling Pathway (GO:0046626)
GO:0009267,0.9783862,0.8877251,0.2663633,BECN1;PRKAA1;RALB;PIK3R4;PRKAG1;PCSK9;PRKAG2;RPTOR;ATXN3;MAP1LC3A;MAPK1;GAS2L1;ATG7;GCN1;YWHAG;MAP3K5;ATG5;PAK4;SH3GLB1;GABARAPL2;HSPA8;HSPA5;MIOS;EIF2AK2;TSC1;WIPI1;WIPI2;EIF2S1;YWHAZ;MTOR;IMPACT;TBL2;RRAGC;STK24;TTC5;LARS1;FASN;STK26;VPS41;PLIN3;PIK3C3;PKN2;PKN1;ARHGEF7;MICU1;MCU,Cellular Response to Starvation (GO:0009267)
GO:0071773,0.9783862,0.8262652,0.242895,TGFBR3;BMP10;DDX5;USP15;USP9X;CHRD;GDF2;PDCD4;BMP7;ENG;BMP5,Cellular Response to BMP Stimulus (GO:0071773)
GO:0006821,0.9783862,0.8262652,0.242895,SLC12A2;CLIC4;TTYH3;CLCN4;ANO10;SLC4A1;ANO6;LRRC8A;CLCN3;APOL1;CLIC1,Chloride Transport (GO:0006821)
GO:0120163,0.9783862,0.8262652,0.242895,ADAMTS5;ADAM17;NOTCH1;RHEB;LAMA4;DOCK7;NRDC;ALDH1A1;ACOT13;LNPEP;PGAM5,Negative Regulation of Cold-Induced Thermogenesis (GO:0120163)
GO:0060070,0.9783862,0.8114286,0.2378894,GSK3B;JUP;LRP5;CTNNB1;RAB5A;LRP6,Canonical Wnt Signaling Pathway (GO:0060070)
GO:0003382,0.9783862,0.8114286,0.2378894,COL18A1;CDH5;CLDN3;LUZP1;RILPL2;STC1,Epithelial Cell Morphogenesis (GO:0003382)
GO:0061436,0.9783862,0.8114286,0.2378894,FLG2;STMN1;IL18;ALOX12;LSR;REXO2,Establishment of Skin Barrier (GO:0061436)
GO:0060291,0.9783862,0.8114286,0.2378894,CAMK2B;CAMK2D;CAMK2A;PTK2B;STX4;CAMK2G,Long-Term Synaptic Potentiation (GO:0060291)
GO:0031579,0.9783862,0.8114286,0.2378894,ANXA2;NAXE;RFTN1;FLOT1;MYADM;LRCH4,Membrane Raft Organization (GO:0031579)
GO:0045910,0.9783862,0.8114286,0.2378894,H1-5;C1QBP;CSNK2A2;TERF2IP;H1-0;H1-10,Negative Regulation of DNA Recombination (GO:0045910)
GO:2000811,0.9783862,0.8114286,0.2378894,ITGB1;NOTCH1;SRC;ITGA5;PTK2;BCL2L1,Negative Regulation of Anoikis (GO:2000811)
GO:0001911,0.9783862,0.8114286,0.2378894,PTPRC;GRB2;LGALS9;HLA-F;NECTIN2;HLA-E,Negative Regulation of Leukocyte Mediated Cytotoxicity (GO:0001911)
GO:0046931,0.9783862,0.8114286,0.2378894,GSDMD;FXR1;TPR;ANO6;TSPAN33;RTN4,Pore Complex Assembly (GO:0046931)
GO:1902932,0.9783862,0.8114286,0.2378894,PRKAA1;MAPK1;PRKCA;GNAI1;KPNB1;SNCA,Positive Regulation of Alcohol Biosynthetic Process (GO:1902932)
GO:0051785,0.9783862,0.8114286,0.2378894,PDGFRB;RGCC;EGF;LRP5;IGF1;SIRT2,Positive Regulation of Nuclear Division (GO:0051785)
GO:0045778,0.9783862,0.8114286,0.2378894,PPP3CA;PKDCC;ANO6;PTPN11;ATP2B1;BMP7,Positive Regulation of Ossification (GO:0045778)
GO:0015868,0.9783862,0.8114286,0.2378894,PANX1;SLC35B2;LRRC8D;LRRC8A;SHOC2;SLC25A24,Purine Ribonucleotide Transport (GO:0015868)
GO:0043549,0.9783862,0.8114286,0.2378894,PRDX3;FGR;CD74;HNRNPU;IRS2;HLA-DRB1,Regulation of Kinase Activity (GO:0043549)
GO:0060255,0.9783862,0.8114286,0.2378894,MTMR2;VPS35;LAMTOR1;LDLR;CNDP1;SSH1,Regulation of Macromolecule Metabolic Process (GO:0060255)
GO:0070129,0.9783862,0.8114286,0.2378894,COA3;TSFM;DDX3X;SHMT2;C1QBP;LRPPRC,Regulation of Mitochondrial Translation (GO:0070129)
GO:0014074,0.9783862,0.8114286,0.2378894,NT5E;ASPH;VGF;STAT1;P2RY1;NDUFS4,Response to Purine-Containing Compound (GO:0014074)
GO:0098773,0.9783862,0.8114286,0.2378894,FLG2;STMN1;IL18;ALOX12;LSR;REXO2,Skin Epidermis Development (GO:0098773)
GO:0048525,0.9783862,0.844756,0.2418824,IFITM3;RNASEL;IFITM2;STAT1;EIF2AK2;ZC3HAV1;BST2;ILF3;PLSCR1;MAVS;VAPB;OAS3;CCL5;CSNK2B;BANF1;PTX3;TRIM21;PPIA;SHFL;MBL2,Negative Regulation of Viral Process (GO:0048525)
GO:0015914,0.9783862,0.844756,0.2418824,SCARB2;OSBPL8;ABCC1;TMEM30A;ATP8A1;PITPNB;PITPNA;MTTP;OSBPL2;APOC3;ATP11B;APOA5;PITPNC1;VAPA;APOC2;OSBP;VDAC2;APOE;LDLR;PLTP,Phospholipid Transport (GO:0015914)
GO:0071347,0.9783862,0.8318516,0.2346416,UPF1;IL1R1;ATL1;IRAK3;IRAK4;TANK;RELA;NFKB1;IKBKB;TRAF6;CCL5;TOLLIP;CD47;PLCB1;MAP3K7;RBMX,Cellular Response to Interleukin-1 (GO:0071347)
GO:0051496,0.9783862,0.8318516,0.2346416,NRP1;CARMIL1;ROCK2;FHOD1;LIMK1;TPM1;PPM1F;RHOA;CDC42;CCDC88A;RGCC;EVL;CCN2;CD47;PKN1;FERMT2,Positive Regulation of Stress Fiber Assembly (GO:0051496)
GO:0030166,0.9783862,0.8318516,0.2346416,CANT1;B3GAT3;GLCE;XYLT2;IGF1;B3GNT7;CHST11;B4GAT1;CHST12;CHST10;FAM20B;B3GNT2;CHST1;ST3GAL6;ST3GAL1;GAL3ST4,Proteoglycan Biosynthetic Process (GO:0030166)
GO:0042149,0.9783862,0.8111446,0.2206223,SH3GLB1;BECN1;PRKAA1;TBL2;HSPA5;PIK3R4;PRKAG1;PRKAG2;PLIN3;PIK3C3;YWHAZ;YWHAG,Cellular Response to Glucose Starvation (GO:0042149)
GO:0046785,0.9783862,0.8111446,0.2206223,GOLGA2;TUBGCP2;BLOC1S2;NDE1;ZNF207;RANBP9;SLAIN2;TUBGCP3;MAP4;CKAP5;CLASP1;CLASP2,Microtubule Polymerization (GO:0046785)
GO:0051898,0.9783862,0.8111446,0.2206223,MSTN;PIK3IP1;PPP2R1A;BANK1;PDCD6;DAG1;RACK1;CIB1;PTPRJ;ARRB2;PIK3CB;STAMBP,- Reg of Phosphatidylinositol 3-Kinase/Prot Kinase B Signal Transduction (GO:0051898)
GO:0002762,0.9783862,0.7887942,0.2130887,LILRA6;APCS;TNFAIP6;INHBA;ZFPM1;FSTL3;FBN1,Negative Regulation of Myeloid Leukocyte Differentiation (GO:0002762)
GO:0032376,0.9783862,0.7887942,0.2130887,CETP;PON1;LIPG;APOE;PLTP;NFKB1;CES1,Positive Regulation of Cholesterol Transport (GO:0032376)
GO:0002687,0.9783862,0.7887942,0.2130887,LGALS3;F7;MIA3;MADCAM1;NCKAP1L;LYVE1;RTN4,Positive Regulation of Leukocyte Migration (GO:0002687)
GO:2000403,0.9783862,0.7887942,0.2130887,APP;DOCK8;CCL5;LGALS9;P4HB;RHOA;PPP1R9B,Positive Regulation of Lymphocyte Migration (GO:2000403)
GO:0051101,0.9783862,0.7887942,0.2130887,EGF;CSNK2B;CPNE1;IGF1;MMP9;SIRT2;NME1,Regulation of DNA Binding (GO:0051101)
GO:2000278,0.9783862,0.7887942,0.2130887,PDGFRB;TOM1L1;RGCC;PDGFA;PRKD2;FGFR4;SOS1,Regulation of DNA Biosynthetic Process (GO:2000278)
GO:0002637,0.9783862,0.7887942,0.2130887,RBP4;PTPRC;GALNT2;STX4;PHB2;HLA-E;VAMP3,Regulation of Immunoglobulin Production (GO:0002637)
GO:1901524,0.9783862,0.7887942,0.2130887,GSK3A;CSNK2A2;FKBP8;STUB1;DNM1L;SLC25A5;FBXO7,Regulation of Mitophagy (GO:1901524)
GO:0010755,0.9783862,0.7887942,0.2130887,PLGRKT;SERPINE2;HPN;SERPINE1;ENO1;MELTF;THBS1,Regulation of Plasminogen Activation (GO:0010755)
GO:0030178,0.9783862,0.8445606,0.2276121,APP;GSK3B;GSK3A;STK4;LIMD1;TSKU;RNF213;TNN;RUVBL2;RACK1;APOE;EMD;SCYL2;IGFBP1;IGFBP4;KREMEN1;DKK3;CYLD;DAB2;PROC;STK24;FRMD8;TAX1BP3;NOTUM;PFDN5,Negative Regulation of Wnt Signaling Pathway (GO:0030178)
GO:0009894,0.9783862,0.8445606,0.2276121,ITGB1;SCARB2;VPS29;BECN1;FAF1;ITPR1;PIK3R4;CISD2;HSPB1;UBE3A;FURIN;HDAC6;RPTOR;WDR91;PIP4K2A;PTK2B;PIP4K2B;PIP4K2C;RAB8A;SNF8;RMC1;HGS;PIK3C3;TMEM9;CHMP6,Regulation of Catabolic Process (GO:0009894)
GO:0055074,0.9783862,0.834717,0.2233972,STOML2;ATP13A1;ATP2A3;ATP2B4;STC1;RMDN3;ATP2A2;SLC30A1;ATP1B1;ATP2C1;TMEM165;CDH5;STIM1;ASPH;VAPB;STC2;CCL5;CALR;FAM20A;ELANE;SNCA,Calcium Ion Homeostasis (GO:0055074)
GO:0090090,0.9783862,0.834717,0.2233972,IGFBP1;APP;GSK3B;GSK3A;IGFBP4;KREMEN1;STK4;LIMD1;DKK3;CYLD;DAB2;PROC;STK24;TNN;FRMD8;RUVBL2;APOE;NOTUM;EMD;PFDN5;SCYL2,Negative Regulation of Canonical Wnt Signaling Pathway (GO:0090090)
GO:0045926,0.9783862,0.834717,0.2233972,TGFB2;BMP10;NDRG3;TGFB1;DDX3X;GDF2;PTPRJ;ENO1;INHBA;CCAR2;RTN4;PPP1R9B;BST2;DNAJB2;ADAM15;RACK1;SCGB3A1;RBBP7;CRLF3;FGFR3;SIPA1,Negative Regulation of Growth (GO:0045926)
GO:0030111,0.9783862,0.834717,0.2233972,APP;MACF1;CRBN;RNF14;CSNK2A2;ATP6AP2;KREMEN1;TSKU;HSP90B1;PPP1CA;SNX3;CCNY;PTK7;GNAQ;OTULIN;RACK1;TAX1BP3;NOTUM;EMD;ATP6V0C;FGFR2,Regulation of Wnt Signaling Pathway (GO:0030111)
GO:0051058,0.9783862,0.8206118,0.2155672,RIPOR2;TGFB2;HEG1;CUL3;ARHGAP17;GMIP;RASAL3;CYRIB;ARHGAP25;ARHGAP35;ARHGAP45;CD2AP;KCTD10;WNK1;STMN1;MFN2;STAMBP,Negative Regulation of Small GTPase Mediated Signal Transduction (GO:0051058)
GO:0044272,0.9783862,0.8206118,0.2155672,PANK4;MPST;GGT7;B3GAT3;DCAKD;GLCE;XYLT2;AKR1A1;MGST2;MAT2B;PPCDC;COASY;GCLC;MAT2A;PPCS;HAGH;GCLM,Sulfur Compound Biosynthetic Process (GO:0044272)
GO:0006639,0.9783862,0.7987584,0.201658,DGKG;CETP;LYPLA2;DGKA;SEL1L;LPL;APOBR;APOC3;APOA5;DGKZ;APOE;MGLL;DGKH,Acylglycerol Metabolic Process (GO:0006639)
GO:0072344,0.9783862,0.7987584,0.201658,HBS1L;RNF14;TRIP4;UFL1;NEMF;DDRGK1;RACK1;ASCC2;ASCC3;EIF4E2;PELO;CDK5RAP3;GCN1,Rescue of Stalled Ribosome (GO:0072344)
GO:0045596,0.9783862,0.855432,0.2152747,CETP;GSK3B;NOTCH1;MSTN;TNFAIP6;ITGB3;HPN;CHRD;LRP5;HNRNPU;LIMD1;IPO7;TSKU;RTN4;PTBP1;EFEMP1;CSRP1;TNN;PTK2B;ITGAV;TRPM4;SMAD2;JAG1;TGFB1;SEMA4D;ACTL6A;PTPN11;BMP7;SIRT2;BMP5;COL5A1;COL5A2;PKP2;PDCD4;DSG2;ANP32B;CALR;FERMT2,Negative Regulation of Cell Differentiation (GO:0045596)
GO:0046949,0.9783862,0.7726035,0.1931441,GCDH;ACSL1;FASN;TECR;ACSL5;ACSL4;HSD17B12;ACSL3,fatty-acyl-CoA Biosynthetic Process (GO:0046949)
GO:0046475,0.9783862,0.7726035,0.1931441,PRDX5;LIPC;ABHD16A;PNPLA8;PLA2G4A;PNPLA6;GPCPD1;PLA2G7,Glycerophospholipid Catabolic Process (GO:0046475)
GO:0015698,0.9783862,0.7726035,0.1931441,CLIC4;TTYH3;CLCN4;DCD;SLC4A1;ANO6;SLC25A10;CLIC1,Inorganic Anion Transport (GO:0015698)
GO:0065002,0.9783862,0.7726035,0.1931441,PEX16;RTN2;SEC61A1;HSPA5;SEC61B;SEC62;PEX14;SEC63,Intracellular Protein Transmembrane Transport (GO:0065002)
GO:0046856,0.9783862,0.7726035,0.1931441,INPP5B;MTMR2;PIP4P2;PIP4P1;MTMR12;SYNJ1;SACM1L;MTM1,Phosphatidylinositol Dephosphorylation (GO:0046856)
GO:0050685,0.9783862,0.7726035,0.1931441,PRMT5;DAZAP1;PRDX5;THRAP3;CLNS1A;CIRBP;RBMX;WDR77,Positive Regulation of mRNA Processing (GO:0050685)
GO:0045937,0.9783862,0.7726035,0.1931441,SDCBP;ROCK1;EGF;SRC;ITGA6;THBS1;S100A9;SNCA,Positive Regulation of Phosphate Metabolic Process (GO:0045937)
GO:0019318,0.9783862,0.8108597,0.1987895,UBL4A;MAP4K2;ADPGK;DCXR;GAA;PMM2;SORD;IRS2;HOOK3;HECTD4;CHST15;CHST1;GHRL;SLC37A4;PGM1;GALK2;FBN1;GALK1,Hexose Metabolic Process (GO:0019318)
GO:0030512,0.9783862,0.8108597,0.1987895,USP15;WFIKKN2;LRRC32;LTBP1;ASPN;FKBP1A;PPM1A;CILP;CD109;ADAMTSL2;EMILIN1;STUB1;CDH15;RBBP7;OGT;ENG;SNX6;FBN1,Negative Regulation of Transforming Growth Factor Beta Receptor Signaling Pathway (GO:0030512)
GO:0045893,0.9783862,0.9209325,0.2205631,EIF4A1;APP;HNRNPU;PSMD9;RPS6KA3;TBK1;TRIM28;NAMPT;RPS6KA1;AKT1;ACVR1;PDHX;ACTN4;TFR2;TFAM;PRKD2;ZFPM1;DHX9;PRKDC;FLII;PIK3R1;MRPL12;PPP3R1;PCBP1;BLOC1S2;APOE;SNX5;STAT5A;STAT5B;XRCC6;JAG1;JUP;GDF2;TRIP4;IGF1;COL1A1;FUBP3;AGO2;HNRNPD;HLA-DRB1;ARF4;SETD3;MSTN;TGFB1I1;ADIRF;MIA3;WDR43;CX3CL1;PTMS;IKBKB;RPTOR;MYDGF;PPP3CA;PPP3CB;IKBKG;JAK2;HTATIP2;ANXA2;PARP1;PRMT2;RIPK2;TESC;ACTL6A;IL18;RHOG;PARP9;SIRT2;UCHL5;PLSCR1;HCLS1;NCOA7;ARHGEF2;PLCB1;PTMA;ENG;RNASEL;SF3B3;KARS1;WAS;HSD17B4;RELA;FSTL3;PURB;BCLAF1;EPCAM;STAT6;SF3B1;RTRAF;CD74;NPM1;STAT1;STAT2;STAT3;PSMC5;PSMC3;STING1;APEX1;CTNNB1;CAMK1;AGRN;CRLF3;PF4;CRTC2;CD81;FHOD1;NUCKS1;PARK7;EPX;RUVBL2;RUVBL1;MAP3K5;HMGN1;MAP2K3;MAP2K1;MAP2K2;F2R;ILF2;ILF3;TBL1XR1;DPEP2;UBE2V1;SQSTM1;NOTCH2;NOTCH3;NOTCH1;SHC1;SLC9A1;DDRGK1;RIPK1;RPRD1B;SMAD2;TGFB2;TGFB1;HSPA5;INHBA;BMP7;NFKB1;NFKB2;BMP5;DAB2;MAVS;RGCC;TFCP2;COPS5;NACA;OGT;FGFR2;PICALM;BMP10;CALCOCO1;DDX3X;YWHAB;RNF14;HMGB2;ILK;ARRB1;YBX1;PKD1;NCK2;NCK1;YWHAH;ACTR3;ACTR2;BCAS3;PPP1R12A;CHUK;DTX3L;DCN;DNM2;PPM1A;SFPQ;PKM;ASPH;EEF1D;THRAP3;TRAF6;CDH13;ITGA6;SOS1;HDAC5;PRKAA1;ATF6B;WBP2;LRP5;LRP6;STRN3;MUC1;RBBP7;CHGA;MLXIP;EGF;HNRNPAB;MTOR;MYO1E;PITHD1;CARM1;CCM2;NAA15;PFKM;LPIN2;RBMX,Positive Regulation of DNA-templated Transcription (GO:0045893)
GO:0016311,0.9783862,0.8375082,0.2002352,PTPRS;DAPP1;PDXP;PPP2R2A;PTPRK;MTM1;TIMM50;PPP1CB;NT5C;PPP1CC;PPP3CA;PPP6C;PPP2CB;PPP3CB;PTPRZ1;PTPN1;PTPN18;DUSP3;PPP1R12A;EPHX2;PTPN12;SSH1;PPP1CA;PPM1A;PPP5C;PTPRB;PPM1B;PTPRC;CTDSP1;PTPN6;PTPN7,Dephosphorylation (GO:0016311)
GO:0010508,0.9783862,0.8375082,0.2002352,GSK3B;BECN1;GSK3A;PRKAA1;PLEKHF1;ROCK1;SLC35D3;UBR4;GNAI3;PARK7;PIK3CB;MTDH;UFL1;TBK1;LARP1;IKBKG;FBXO7;MAP3K7;TRIM21;TRIM65;SH3GLB1;SVIP;DCN;IRGQ;TMEM59;CCNY;STING1;ATG2A;SQSTM1;OPTN;PAFAH1B2,Positive Regulation of Autophagy (GO:0010508)
GO:0006302,0.9783862,0.8290043,0.197216,VCP;MRE11;WDR48;PSMD14;PRKDC;DDX1;HMGB2;CIB1;NUCKS1;BRCC3;BABAM1;BABAM2;PPP4C;PAXX;TNKS1BP1;XRCC6;DTX3L;PARP1;XRCC5;CSNK2A2;PARP9;PPP5C;SFPQ;RAD50;RPA3;UBE2V2;TRIP13,Double-Strand Break Repair (GO:0006302)
GO:0046328,0.9783862,0.8290043,0.197216,APP;FLT4;IGF1R;SDCBP;PTK2B;RIPK1;CCN2;MAP3K5;MAP4K4;MAP4K2;DUSP3;AMBP;PRMT1;MINK1;CARD9;MTURN;DUSP22;TGFBR3;CYLD;RAP2A;ITCH;COPS5;TAOK3;TAOK1;TNIK;AIDA;PLCB1,Regulation of JNK Cascade (GO:0046328)
GO:0045595,0.9783862,0.8539084,0.2020493,GSK3B;DDX5;NLGN1;TNXB;HSP90AB1;CSF1;ROCK1;SMYD5;RPS6KA3;PPP3CA;PTBP1;RELN;PPP2R1A;TRPS1;RPS6KA1;DAG1;TNR;FLOT2;CCN2;RBBP7;CDK5RAP3;YWHAG;CLASP1;YWHAH;CLASP2;SMAD2;TGFB1;NSUN2;EIF2AK2;TRIP4;MBOAT2;PRKCA;PA2G4;PTK2;SLC6A6;BIN1;FES;OCIAD1;CTNNB1;ANP32B;CAMK1;FGFR2;FGFR1,Regulation of Cell Differentiation (GO:0045595)
GO:0071260,0.9783862,0.7884229,0.1852624,MAP3K2;MAP2K4;TMEM87A;PDE2A;PTPN11;F11R;TMEM150C;NFKB1;SLC9A1;CNN2;CASP8;FASN;PECAM1;PIEZO1,Cellular Response to Mechanical Stimulus (GO:0071260)
GO:0016042,0.9783862,0.7884229,0.1852624,ACOT8;ACOT7;PRKCSH;ECI2;MGST2;SIRT2;HSD11B1;ACOX1;LIPG;ANGPTL3;LPIN2;PLBD2;CES1;PLA1A,Lipid Catabolic Process (GO:0016042)
GO:1990928,0.9783862,0.7884229,0.1852624,SH3GLB1;MIOS;EIF2AK2;EIF2S1;MTOR;ATXN3;IMPACT;LARP1;RRAGC;FASN;LARS1;MAPK1;GCN1;MAP3K5,Response to Amino Acid Starvation (GO:1990928)
GO:0051726,0.9783862,0.8717272,0.2048312,YWHAE;RIPOR2;HSP90AB1;PRKAG1;HNRNPU;PRKAG2;PTPRK;IPO7;PKD1;IPO5;PPP1R9B;AKT2;RUVBL2;RUVBL1;LONP1;RACK1;TRIM21;CDK5RAP3;CSNK2A2;ACTL6A;PRKCA;TSC1;RAD23A;SND1;SIRT2;UCHL5;PPM1A;BIN1;MADD;PRKD2;TTLL12;ANAPC1;KHDRBS1;CTBP1;IQGAP1;LRP6;TBRG4;SDCBP;RPS15A;GRK5;RPRD1B;NEK9;TGFB2;TGFB1;PTGES2;STAT3;NEK7;BMP7;CYLD;COPS5;PTPRC;CDK5;RHEB;LEP;CDC16;CDK2;CALR;TARDBP;SIPA1;EIF4G2;FGFR2;ZPR1,Regulation of Cell Cycle (GO:0051726)
GO:0034375,0.9783862,0.7604402,0.1765273,CETP;APOM;LIPC;LIPG;APOC3;LCAT;LPL;APOE;PLTP,High-Density Lipoprotein Particle Remodeling (GO:0034375)
GO:0080171,0.9783862,0.7604402,0.1765273,VPS18;SNAPIN;GAA;HPS1;HPS4;ACP2;HOOK3;LAMTOR1;CLN5,Lytic Vacuole Organization (GO:0080171)
GO:2000630,0.9783862,0.7604402,0.1765273,NOTCH2;NOTCH3;TGFB2;PNPT1;TGFB1;STAT3;ZSWIM8;RELA;NFKB1,Positive Regulation of miRNA Metabolic Process (GO:2000630)
GO:0051965,0.9783862,0.7604402,0.1765273,NLGN1;NLGN2;SEMA4D;CLSTN3;SLITRK1;NRXN1;CLSTN1;GHRL;LRRC4B,Positive Regulation of Synapse Assembly (GO:0051965)
GO:0031648,0.9783862,0.7604402,0.1765273,PRNP;GGA3;CUL3;CTSH;RAD23A;TRIM21;MTOR;ISOC2;SNCA,Protein Destabilization (GO:0031648)
GO:0070269,0.9783862,0.7604402,0.1765273,GSDMD;CASP8;DHX9;CASP6;DPP9;CASP3;CARD8;TRIM21;ELANE,Pyroptotic Inflammatory Response (GO:0070269)
GO:0006275,0.9783862,0.7604402,0.1765273,DHX9;FAF1;RUVBL2;RUVBL1;CDK2;GDF2;NUCKS1;UCHL5;S100A11,Regulation of DNA Replication (GO:0006275)
GO:0006111,0.9783862,0.7604402,0.1765273,DDB1;C1QTNF3;MAP4K2;USP7;PRKAG1;PGP;PRKAG2;STK4;OGT,Regulation of Gluconeogenesis (GO:0006111)
GO:1901379,0.9783862,0.7604402,0.1765273,YWHAE;CD63;DLG1;CAB39;BIN1;GNB2;NEDD4;STK39;FLNA,Regulation of Potassium Ion Transmembrane Transport (GO:1901379)
GO:0008589,0.9783862,0.7604402,0.1765273,HERC4;VCP;RAB34;RACK1;GAS1;TXNDC15;UCHL5;FGFR2;WDR11,Regulation of Smoothened Signaling Pathway (GO:0008589)
GO:0032007,0.9783862,0.8023164,0.183909,GSK3B;GSK3A;SEC13;USP7;PRKAA1;MIOS;SAR1A;SAR1B;PDCD6;UBE3A;PRKCA;TSC1;UBR1;YWHAZ;ATXN3;TBK1;RPS6KA1;PRKACB;YWHAG,Negative Regulation of TOR Signaling (GO:0032007)
GO:0006493,0.9783862,0.810574,0.1787609,B3GALNT1;ST6GAL1;POGLUT1;GALNT15;GALNT2;GALNT1;GXYLT1;OGA;PLOD3;PLOD2;PLOD1;POMGNT1;GALNT10;DPM1;DPM3;B3GNT8;B3GNT7;B4GAT1;POFUT1;RXYLT1;B3GNT2;GCNT4;ST3GAL1;OGT,Protein O-linked Glycosylation (GO:0006493)
GO:0048024,0.9783862,0.810574,0.1787609,KHDRBS1;PRMT5;DDX5;DAZAP1;RBM8A;FMR1;CELF2;CIRBP;HNRNPU;WDR77;HNRNPL;PTBP1;PRDX5;HNRNPK;PUF60;THRAP3;CLNS1A;C1QBP;RBPMS2;SRSF3;SAP18;SRSF7;RBMX;SF1,"Regulation of mRNA Splicing, via Spliceosome (GO:0048024)"
GO:0010556,0.9783862,0.810574,0.1787609,APP;MTPN;SORT1;PDGFA;IGF1;YBX1;ATP1B1;YBX3;HNRNPAB;TSKU;TAPBP;TOM1L1;RO60;PTPRC;HNRNPDL;TRIM4;TRIM5;FUBP1;CDK2;RABL3;HNRNPD;TRIM58;TARDBP;TRIM21,Regulation of Macromolecule Biosynthetic Process (GO:0010556)
GO:0007157,0.9783862,0.7796649,0.1709124,LGALS7B;NLGN1;VCAM1;CADM1;NRXN1;CRTAM;UMOD;ITGAL;SELL;CD209;SELENOP;DCHS1;FAT4;SCARF1;CBLN1,Heterophilic Cell-Cell Adhesion via Plasma Membrane Cell Adhesion Molecules (GO:0007157)
GO:0140895,0.9783862,0.7509617,0.1623379,TBK1;RIPK2;TRAF6;NDUFA2;LY96;LGALS9;IRAK4;NMI;MAP3K7;RELA,Cell Surface Toll-Like Receptor Signaling Pathway (GO:0140895)
GO:0050672,0.9783862,0.7509617,0.1623379,RIPOR2;TINAGL1;SDC4;GPNMB;PTPN11;VSIG4;LILRB2;HLA-DRB1;PPP1R9B;HLA-E,Negative Regulation of Lymphocyte Proliferation (GO:0050672)
GO:0048662,0.9783862,0.7509617,0.1623379,CNN1;EFEMP2;IGFBP5;TPM1;OGN;PDCD4;MFN2;APOE;SOD2;PRKG1,Negative Regulation of Smooth Muscle Cell Proliferation (GO:0048662)
GO:2001238,0.9783862,0.7509617,0.1623379,APP;CYLD;CD40LG;TNFSF10;RIPK1;PKN2;INHBA;BID;TANK;THBS1,Positive Regulation of Extrinsic Apoptotic Signaling Pathway (GO:2001238)
GO:0046006,0.9783862,0.7509617,0.1623379,PPP3CA;PRNP;PRKAR1A;CRTAM;RPS3;IL18;SCRIB;LGALS9;IGF1;ICOSLG,Regulation of Activated T Cell Proliferation (GO:0046006)
GO:0062012,0.9783862,0.7509617,0.1623379,BCKDK;ACADVL;EPHX2;PRKAG2;PDK3;APOE;MLYCD;LDLR;FMO5;TTC39B,Regulation of Small Molecule Metabolic Process (GO:0062012)
GO:0006661,0.9783862,0.8160134,0.1720799,VAC14;MTMR2;MTMR14;INPPL1;PIK3CB;PIK3R1;PIK3CG;MTM1;EFR3A;IMPA1;PLCG2;PIP4K2A;PIP4K2B;PIP4K2C;PIP5K1C;CDIPT;SACM1L;MBOAT7;TTC7B;OCRL;DPM1;ITPKB;INPP4B;DPM3;SYNJ1;PITPNM2;PI4KA;PIK3C3;PI4K2A,Phosphatidylinositol Biosynthetic Process (GO:0006661)
GO:0061158,0.9783862,0.6761833,0.1374641,UPF1;KHSRP;TARDBP,3'-UTR-mediated mRNA Destabilization (GO:0061158)
GO:0006308,0.9783862,0.6761833,0.1374641,DICER1;DNASE1;DNASE1L1,DNA Catabolic Process (GO:0006308)
GO:0000729,0.9783862,0.6761833,0.1374641,RAD50;MRE11;UBE2V2,DNA Double-Strand Break Processing (GO:0000729)
GO:0033077,0.9783862,0.6761833,0.1374641,PNKD;PTPRC;RABL3,T Cell Differentiation in Thymus (GO:0033077)
GO:0070252,0.9783862,0.6761833,0.1374641,CAMK2D;LUZP1;EPDR1,Actin-Mediated Cell Contraction (GO:0070252)
GO:0046348,0.9783862,0.6761833,0.1374641,NAGK;NPL;RENBP,Amino Sugar Catabolic Process (GO:0046348)
GO:0006026,0.9783862,0.6761833,0.1374641,IDS;GUSB;GNS,Aminoglycan Catabolic Process (GO:0006026)
GO:0043276,0.9783862,0.6761833,0.1374641,IKBKG;MAP3K7;MTOR,Anoikis (GO:0043276)
GO:0015810,0.9783862,0.6761833,0.1374641,LRRC8D;SLC25A12;SLC25A13,Aspartate Transmembrane Transport (GO:0015810)
GO:0048854,0.9783862,0.6761833,0.1374641,VPS51;SHANK3;PAFAH1B1,Brain Morphogenesis (GO:0048854)
GO:0001569,0.9783862,0.6761833,0.1374641,NRP1;GDF2;ENG,Branching Involved in Blood Vessel Morphogenesis (GO:0001569)
GO:0055006,0.9783862,0.6761833,0.1374641,JAG1;NOTCH1;TTR,Cardiac Cell Development (GO:0055006)
GO:0071397,0.9783862,0.6761833,0.1374641,MLC1;GPLD1;LRP6,Cellular Response to Cholesterol (GO:0071397)
GO:0071392,0.9783862,0.6761833,0.1374641,CRHBP;RAMP3;RUVBL2,Cellular Response to Estradiol Stimulus (GO:0071392)
GO:0071480,0.9783862,0.6761833,0.1374641,XRCC6;XRCC5;TMEM109,Cellular Response to Gamma Radiation (GO:0071480)
GO:0036315,0.9783862,0.6761833,0.1374641,MLC1;GPLD1;LRP6,Cellular Response to Sterol (GO:0036315)
GO:0097062,0.9783862,0.6761833,0.1374641,PRNP;MTMR2;IGF1R,Dendritic Spine Maintenance (GO:0097062)
GO:0071542,0.9783862,0.6761833,0.1374641,CTNNB1;LRP6;MANF,Dopaminergic Neuron Differentiation (GO:0071542)
GO:0035162,0.9783862,0.6761833,0.1374641,KITLG;KIT;ZFPM1,Embryonic Hemopoiesis (GO:0035162)
GO:0071169,0.9783862,0.6761833,0.1374641,H1-5;WBP2;RUVBL2,Establishment of Protein Localization to Chromatin (GO:0071169)
GO:0070199,0.9783862,0.6761833,0.1374641,H1-5;WBP2;RUVBL2,Establishment of Protein Localization to Chromosome (GO:0070199)
GO:0006775,0.9783862,0.6761833,0.1374641,VKORC1L1;CBR1;LGMN,Fat-Soluble Vitamin Metabolic Process (GO:0006775)
GO:0006012,0.9783862,0.6761833,0.1374641,GLB1;GALK2;GALK1,Galactose Metabolic Process (GO:0006012)
GO:0001574,0.9783862,0.6761833,0.1374641,ST8SIA3;ST8SIA4;ST3GAL1,Ganglioside Biosynthetic Process (GO:0001574)
GO:0003094,0.9783862,0.6761833,0.1374641,MYO1E;MCAM;JCHAIN,Glomerular Filtration (GO:0003094)
GO:0046504,0.9783862,0.6761833,0.1374641,GNPAT;DHRS7B;FAR1,Glycerol Ether Biosynthetic Process (GO:0046504)
GO:0006664,0.9783862,0.6761833,0.1374641,SCCPDH;NAGA;ST3GAL6,Glycolipid Metabolic Process (GO:0006664)
GO:0001947,0.9783862,0.6761833,0.1374641,NOTCH1;PRKD2;ENG,Heart Looping (GO:0001947)
GO:0042447,0.9783862,0.6761833,0.1374641,ECE1;IDE;HSD17B11,Hormone Catabolic Process (GO:0042447)
GO:0140354,0.9783862,0.6761833,0.1374641,ACSL3;CD36;SLC27A4,Lipid Import Into Cell (GO:0140354)
GO:0046834,0.9783862,0.6761833,0.1374641,DGKG;DGKZ;DGKH,Lipid Phosphorylation (GO:0046834)
GO:0035437,0.9783862,0.6761833,0.1374641,HSPA5;OS9;RER1,Maintenance of Protein Localization in Endoplasmic Reticulum (GO:0035437)
GO:0000963,0.9783862,0.6761833,0.1374641,PNPT1;FASTKD5;TBRG4,Mitochondrial RNA Processing (GO:0000963)
GO:0000002,0.9783862,0.6761833,0.1374641,PARP1;LONP1;SSBP1,Mitochondrial Genome Maintenance (GO:0000002)
GO:0035694,0.9783862,0.6761833,0.1374641,CLPP;LONP1;PRKCA,Mitochondrial Protein Catabolic Process (GO:0035694)
GO:0014812,0.9783862,0.6761833,0.1374641,ROCK1;ITGB3;THBS4,Muscle Cell Migration (GO:0014812)
GO:0014904,0.9783862,0.6761833,0.1374641,PPP3CA;PPP3CB;IGF1,Myotube Cell Development (GO:0014904)
GO:1901988,0.9783862,0.6761833,0.1374641,PROC;RGCC;TMSB4X,Negative Regulation of Cell Cycle Phase Transition (GO:1901988)
GO:1902236,0.9783862,0.6761833,0.1374641,PTPN1;TXNDC12;PARK7,- Reg of Endoplasmic Reticulum Stress-Induced Intrinsic Apoptotic Sgnlng Pway (GO:1902236)
GO:0045719,0.9783862,0.6761833,0.1374641,GSK3B;GSK3A;STK39,Negative Regulation of Glycogen Biosynthetic Process (GO:0045719)
GO:0070874,0.9783862,0.6761833,0.1374641,GSK3B;GSK3A;STK39,Negative Regulation of Glycogen Metabolic Process (GO:0070874)
GO:0045665,0.9783862,0.6761833,0.1374641,GSK3B;CALR;BMP7,Negative Regulation of Neuron Differentiation (GO:0045665)
GO:0090278,0.9783862,0.6761833,0.1374641,CHGA;CRHBP;PSMD9,Negative Regulation of Peptide Hormone Secretion (GO:0090278)
GO:1901380,0.9783862,0.6761833,0.1374641,CAB39;BIN1;STK39,Negative Regulation of Potassium Ion Transmembrane Transport (GO:1901380)
GO:2000009,0.9783862,0.6761833,0.1374641,GOPC;TAX1BP3;PICALM,Negative Regulation of Protein Localization to Cell Surface (GO:2000009)
GO:0060761,0.9783862,0.6761833,0.1374641,SIGIRR;PTPRC;IRAK3,Negative Regulation of Response to Cytokine Stimulus (GO:0060761)
GO:0034392,0.9783862,0.6761833,0.1374641,STUB1;IGF1;LRP6,Negative Regulation of Smooth Muscle Cell Apoptotic Process (GO:0034392)
GO:0051292,0.9783862,0.6761833,0.1374641,FXR1;TPR;RTN4,Nuclear Pore Complex Assembly (GO:0051292)
GO:0009141,0.9783862,0.6761833,0.1374641,NME3;DCTPP1;ITPA,Nucleoside Triphosphate Metabolic Process (GO:0009141)
GO:0036289,0.9783862,0.6761833,0.1374641,MAP2K2;RIPK1;MARK3,Peptidyl-Serine Autophosphorylation (GO:0036289)
GO:0035970,0.9783862,0.6761833,0.1374641,PPP2CB;PPM1B;PPP5C,Peptidyl-Threonine Dephosphorylation (GO:0035970)
GO:0035435,0.9783862,0.6761833,0.1374641,SLC25A3;SLC25A10;SLC37A4,Phosphate Ion Transmembrane Transport (GO:0035435)
GO:0006817,0.9783862,0.6761833,0.1374641,SLC25A3;SLC25A10;SLC37A4,Phosphate Ion Transport (GO:0006817)
GO:0010971,0.9783862,0.6761833,0.1374641,RRM2B;VPS4B;RAB11A,Positive Regulation of G2/M Transition of Mitotic Cell Cycle (GO:0010971)
GO:1904515,0.9783862,0.6761833,0.1374641,TBK1;USP9X;NCKAP1L,Positive Regulation of TORC2 Signaling (GO:1904515)
GO:0033145,0.9783862,0.6761833,0.1374641,WBP2;PKN1;HDAC6,Positive Regulation of Intracellular Steroid Hormone Receptor Signaling Pathway (GO:0033145)
GO:1902101,0.9783862,0.6761833,0.1374641,UBE2C;CUL3;CDC16,Positive Regulation of Metaphase/Anaphase Transition of Cell Cycle (GO:1902101)
GO:0045842,0.9783862,0.6761833,0.1374641,UBE2C;CUL3;CDC16,Positive Regulation of Mitotic Metaphase/Anaphase Transition (GO:0045842)
GO:1901970,0.9783862,0.6761833,0.1374641,UBE2C;CUL3;CDC16,Positive Regulation of Mitotic Sister Chromatid Separation (GO:1901970)
GO:0060213,0.9783862,0.6761833,0.1374641,EIF4ENIF1;CNOT1;PABPC1,Positive Regulation of Nuclear-Transcribed mRNA poly(A) Tail Shortening (GO:0060213)
GO:0031954,0.9783862,0.6761833,0.1374641,TOM1L1;RAP2A;PDGFA,Positive Regulation of Protein Autophosphorylation (GO:0031954)
GO:0099054,0.9783862,0.6761833,0.1374641,NLGN1;NLGN2;NRXN1,Presynapse Assembly (GO:0099054)
GO:0097090,0.9783862,0.6761833,0.1374641,NLGN1;NLGN2;NRXN1,Presynaptic Membrane Organization (GO:0097090)
GO:0170040,0.9783862,0.6761833,0.1374641,SHMT1;SBDS;SDSL,Proteinogenic Amino Acid Catabolic Process (GO:0170040)
GO:1902930,0.9783862,0.6761833,0.1374641,LPCAT3;ERLIN1;ERLIN2,Regulation of Alcohol Biosynthetic Process (GO:1902930)
GO:1900117,0.9783862,0.6761833,0.1374641,NDUFA13;SIRT2;HSPD1,Regulation of Execution Phase of Apoptosis (GO:1900117)
GO:0051900,0.9783862,0.6761833,0.1374641,SRC;RACK1;DCN,Regulation of Mitochondrial Depolarization (GO:0051900)
GO:0060211,0.9783862,0.6761833,0.1374641,EIF4ENIF1;CNOT1;PABPC1,Regulation of Nuclear-Transcribed mRNA poly(A) Tail Shortening (GO:0060211)
GO:0060334,0.9783862,0.6761833,0.1374641,TINAGL1;DNAJA3;PARP9,Regulation of Type II Interferon-Mediated Signaling Pathway (GO:0060334)
GO:0010039,0.9783862,0.6761833,0.1374641,TFR2;FXN;SNCA,Response to Iron Ion (GO:0010039)
GO:0043589,0.9783862,0.6761833,0.1374641,COL1A1;VPS33B;ITGA6,Skin Morphogenesis (GO:0043589)
GO:0042908,0.9783862,0.6761833,0.1374641,ABCC3;SLC7A5;ABCC1,Xenobiotic Transport (GO:0042908)
GO:0038159,0.9783862,0.6762644,0.1368324,LYN;CXCR4,C-X-C Chemokine Receptor CXCR4 Signaling Pathway (GO:0038159)
GO:0032392,0.9783862,0.6762644,0.1368324,HNRNPA2B1;HMGB2,DNA Geometric Change (GO:0032392)
GO:0000076,0.9783862,0.6762644,0.1368324,SLC25A15;NAE1,DNA Replication Checkpoint Signaling (GO:0000076)
GO:0051938,0.9783862,0.6762644,0.1368324,SLC25A12;SLC25A13,L-glutamate Import (GO:0051938)
GO:0015813,0.9783862,0.6762644,0.1368324,SLC25A12;SLC25A13,L-glutamate Transmembrane Transport (GO:0015813)
GO:0034356,0.9783862,0.6762644,0.1368324,NAXD;PARP9,NAD Biosynthesis via Nicotinamide Riboside Salvage Pathway (GO:0034356)
GO:0099515,0.9783862,0.6762644,0.1368324,MYO5A;FNBP1L,Actin Filament-Based Transport (GO:0099515)
GO:0030262,0.9783862,0.6762644,0.1368324,DICER1;CDK5RAP3,Apoptotic Nuclear Changes (GO:0030262)
GO:0015801,0.9783862,0.6762644,0.1368324,SLC7A5;SLC3A2,Aromatic Amino Acid Transport (GO:0015801)
GO:0003190,0.9783862,0.6762644,0.1368324,NOTCH1;ZFPM1,Atrioventricular Valve Formation (GO:0003190)
GO:0002093,0.9783862,0.6762644,0.1368324,PLS1;SOD1,Auditory Receptor Cell Morphogenesis (GO:0002093)
GO:0048483,0.9783862,0.6762644,0.1368324,NRP1;FN1,Autonomic Nervous System Development (GO:0048483)
GO:0007589,0.9783862,0.6762644,0.1368324,COPS3;COPS2,Body Fluid Secretion (GO:0007589)
GO:0045453,0.9783862,0.6762644,0.1368324,SRC;PTK2B,Bone Resorption (GO:0045453)
GO:0001658,0.9783862,0.6762644,0.1368324,PRKD2;NPNT,Branching Involved in Ureteric Bud Morphogenesis (GO:0001658)
GO:0002191,0.9783862,0.6762644,0.1368324,MIF4GD;EIF4G1,Cap-Dependent Translational Initiation (GO:0002191)
GO:0071498,0.9783862,0.6762644,0.1368324,PRKD2;MTSS1,Cellular Response to Fluid Shear Stress (GO:0071498)
GO:0140361,0.9783862,0.6762644,0.1368324,LRRC8D;SHOC2,cyclic-GMP-AMP Transmembrane Import Across Plasma Membrane (GO:0140361)
GO:0009855,0.9783862,0.6762644,0.1368324,NOTCH1;PRKD2,Determination of Bilateral Symmetry (GO:0009855)
GO:0042471,0.9783862,0.6762644,0.1368324,MYO6;FGFR2,Ear Morphogenesis (GO:0042471)
GO:0001892,0.9783862,0.6762644,0.1368324,PRKD2;PKD1,Embryonic Placenta Development (GO:0001892)
GO:0030520,0.9783862,0.6762644,0.1368324,DDX5;TRIP4,Estrogen Receptor Signaling Pathway (GO:0030520)
GO:0001754,0.9783862,0.6762644,0.1368324,STAT3;SDK2,Eye Photoreceptor Cell Differentiation (GO:0001754)
GO:0007292,0.9783862,0.6762644,0.1368324,USP9X;TRIP13,Female Gamete Generation (GO:0007292)
GO:0048806,0.9783862,0.6762644,0.1368324,PTPN11;PKD1,Genitalia Development (GO:0048806)
GO:0006544,0.9783862,0.6762644,0.1368324,SHMT2;SHMT1,Glycine Metabolic Process (GO:0006544)
GO:1903790,0.9783862,0.6762644,0.1368324,LRRC8D;SHOC2,Guanine Nucleotide Transmembrane Transport (GO:1903790)
GO:0009914,0.9783862,0.6762644,0.1368324,SLC7A5;SLC3A2,Hormone Transport (GO:0009914)
GO:0070106,0.9783862,0.6762644,0.1368324,STAT1;OAS3,Interleukin-27-Mediated Signaling Pathway (GO:0070106)
GO:0120009,0.9783862,0.6762644,0.1368324,ESYT1;CERT1,Intermembrane Lipid Transfer (GO:0120009)
GO:0006720,0.9783862,0.6762644,0.1368324,IDI1;MVD,Isoprenoid Metabolic Process (GO:0006720)
GO:0007595,0.9783862,0.6762644,0.1368324,COPS3;COPS2,Lactation (GO:0007595)
GO:0033210,0.9783862,0.6762644,0.1368324,LEP;STAT3,Leptin-Mediated Signaling Pathway (GO:0033210)
GO:0035108,0.9783862,0.6762644,0.1368324,TGFB2;PCSK5,Limb Morphogenesis (GO:0035108)
GO:0019372,0.9783862,0.6762644,0.1368324,GPX1;GPX4,Lipoxygenase Pathway (GO:0019372)
GO:1905146,0.9783862,0.6762644,0.1368324,VPS13A;CTSH,Lysosomal Protein Catabolic Process (GO:1905146)
GO:0016556,0.9783862,0.6762644,0.1368324,SYNCRIP;HNRNPAB,mRNA Modification (GO:0016556)
GO:0030318,0.9783862,0.6762644,0.1368324,LRMDA;KIT,Melanocyte Differentiation (GO:0030318)
GO:0033615,0.9783862,0.6762644,0.1368324,ATP5F1D;ATPAF1,Mitochondrial Proton-Transporting ATP Synthase Complex Assembly (GO:0033615)
GO:0097250,0.9783862,0.6762644,0.1368324,COX7A2L;COX7A2,Mitochondrial Respirasome Assembly (GO:0097250)
GO:0032780,0.9783862,0.6762644,0.1368324,PPIF;TSC1,Negative Regulation of ATP-dependent Activity (GO:0032780)
GO:2001186,0.9783862,0.6762644,0.1368324,SLC4A2;VSIR,"Negative Regulation of CD8-positive, Alpha-Beta T Cell Activation (GO:2001186)"
GO:0008156,0.9783862,0.6762644,0.1368324,GDF2;S100A11,Negative Regulation of DNA Replication (GO:0008156)
GO:0043508,0.9783862,0.6762644,0.1368324,DNAJA1;PDCD4,Negative Regulation of JUN Kinase Activity (GO:0043508)
GO:0032099,0.9783862,0.6762644,0.1368324,LEP;NENF,Negative Regulation of Appetite (GO:0032099)
GO:0051782,0.9783862,0.6762644,0.1368324,ZFYVE19;VPS4A,Negative Regulation of Cell Division (GO:0051782)
GO:2000773,0.9783862,0.6762644,0.1368324,YBX1;S100A9,Negative Regulation of Cellular Senescence (GO:2000773)
GO:0045959,0.9783862,0.6762644,0.1368324,C4BPB;CD46,"Negative Regulation of Complement Activation, Classical Pathway (GO:0045959)"
GO:0030857,0.9783862,0.6762644,0.1368324,DSG2;MMP9,Negative Regulation of Epithelial Cell Differentiation (GO:0030857)
GO:2001240,0.9783862,0.6762644,0.1368324,BCL2L1;PF4,Negative Regulation of Extrinsic Apoptotic Signaling Pathway in Absence of Ligand (GO:2001240)
GO:0002924,0.9783862,0.6762644,0.1368324,C4BPB;CD46,Negative Regulation of Humoral Immune Response Mediated by Circulating Immunoglobulin (GO:0002924)
GO:0051045,0.9783862,0.6762644,0.1368324,ROCK1;TIMP3,Negative Regulation of Membrane Protein Ectodomain Proteolysis (GO:0051045)
GO:0045019,0.9783862,0.6762644,0.1368324,ROCK2;KHSRP,Negative Regulation of Nitric Oxide Biosynthetic Process (GO:0045019)
GO:1904406,0.9783862,0.6762644,0.1368324,ROCK2;KHSRP,Negative Regulation of Nitric Oxide Metabolic Process (GO:1904406)
GO:1901017,0.9783862,0.6762644,0.1368324,CAB39;STK39,Negative Regulation of Potassium Ion Transmembrane Transporter Activity (GO:1901017)
GO:0043242,0.9783862,0.6762644,0.1368324,IRAK3;HDAC6,Negative Regulation of Protein-Containing Complex Disassembly (GO:0043242)
GO:1901099,0.9783862,0.6762644,0.1368324,BCL2L1;PF4,Negative Regulation of Signal Transduction in Absence of Ligand (GO:1901099)
GO:0050805,0.9783862,0.6762644,0.1368324,ATAD1;STXBP1,Negative Regulation of Synaptic Transmission (GO:0050805)
GO:0034244,0.9783862,0.6762644,0.1368324,PARP1;HNRNPU,Negative Regulation of Transcription Elongation by RNA Polymerase II (GO:0034244)
GO:0032897,0.9783862,0.6762644,0.1368324,IFITM3;TRIM21,Negative Regulation of Viral Transcription (GO:0032897)
GO:0030575,0.9783862,0.6762644,0.1368324,SERBP1;ZPR1,Nuclear Body Organization (GO:0030575)
GO:0098813,0.9783862,0.6762644,0.1368324,MAP1S;TRAPPC12,Nuclear Chromosome Segregation (GO:0098813)
GO:0009116,0.9783862,0.6762644,0.1368324,NT5C3A;NME4,Nucleoside Metabolic Process (GO:0009116)
GO:0015939,0.9783862,0.6762644,0.1368324,PANK4;VNN2,Pantothenate Metabolic Process (GO:0015939)
GO:0071051,0.9783862,0.6762644,0.1368324,EXOSC6;EXOSC2,poly(A)-dependent snoRNA 3'-End Processing (GO:0071051)
GO:1905920,0.9783862,0.6762644,0.1368324,DBI;APOE,Positive Regulation of CoA-transferase Activity (GO:1905920)
GO:1900246,0.9783862,0.6762644,0.1368324,USP15;ZC3HAV1,Positive Regulation of RIG-I Signaling Pathway (GO:1900246)
GO:0070234,0.9783862,0.6762644,0.1368324,CCL5;LGALS9,Positive Regulation of T Cell Apoptotic Process (GO:0070234)
GO:0090336,0.9783862,0.6762644,0.1368324,LONP1;HNRNPU,Positive Regulation of Brown Fat Cell Differentiation (GO:0090336)
GO:2000637,0.9783862,0.6762644,0.1368324,FXR1;RIPK1,Positive Regulation of miRNA-mediated Gene Silencing (GO:2000637)
GO:1904781,0.9783862,0.6762644,0.1368324,GSK3B;PROC,Positive Regulation of Protein Localization to Centrosome (GO:1904781)
GO:0031274,0.9783862,0.6762644,0.1368324,CDC42;PROC,Positive Regulation of Pseudopodium Assembly (GO:0031274)
GO:0010765,0.9783862,0.6762644,0.1368324,PKP2;GPD1L,Positive Regulation of Sodium Ion Transport (GO:0010765)
GO:0061365,0.9783862,0.6762644,0.1368324,APOC2;APOA5,Positive Regulation of Triglyceride Lipase Activity (GO:0061365)
GO:1903265,0.9783862,0.6762644,0.1368324,CPNE1;UBE2K,Positive Regulation of Tumor Necrosis Factor-Mediated Signaling Pathway (GO:1903265)
GO:0085020,0.9783862,0.6762644,0.1368324,RNF14;TRIM21,Protein K6-linked Ubiquitination (GO:0085020)
GO:0071459,0.9783862,0.6762644,0.1368324,ZW10;BUB3,"Protein Localization to Chromosome, Centromeric Region (GO:0071459)"
GO:1903441,0.9783862,0.6762644,0.1368324,RABEP1;ARL3,Protein Localization to Ciliary Membrane (GO:1903441)
GO:1903083,0.9783862,0.6762644,0.1368324,ZW10;BUB3,Protein Localization to Condensed Chromosome (GO:1903083)
GO:0043461,0.9783862,0.6762644,0.1368324,ATP5F1D;ATPAF1,Proton-Transporting ATP Synthase Complex Assembly (GO:0043461)
GO:0039533,0.9783862,0.6762644,0.1368324,TKFC;C1QBP,Regulation of MDA-5 Signaling Pathway (GO:0039533)
GO:0045346,0.9783862,0.6762644,0.1368324,JAK2;PF4,Regulation of MHC Class II Biosynthetic Process (GO:0045346)
GO:0002709,0.9783862,0.6762644,0.1368324,WAS;TRPM4,Regulation of T Cell Mediated Immunity (GO:0002709)
GO:0010510,0.9783862,0.6762644,0.1368324,PGK1;PDK3,Regulation of acetyl-CoA Biosynthetic Process From Pyruvate (GO:0010510)
GO:1905603,0.9783862,0.6762644,0.1368324,TJP1;TJP2,Regulation of Blood-Brain Barrier Permeability (GO:1905603)
GO:0031341,0.9783862,0.6762644,0.1368324,TGFB2;CD59,Regulation of Cell Killing (GO:0031341)
GO:1903659,0.9783862,0.6762644,0.1368324,TGFB2;CD59,Regulation of Complement-Dependent Cytotoxicity (GO:1903659)
GO:2000064,0.9783862,0.6762644,0.1368324,BMP5;DKK3,Regulation of Cortisol Biosynthetic Process (GO:2000064)
GO:2000269,0.9783862,0.6762644,0.1368324,GAS6;IER3IP1,Regulation of Fibroblast Apoptotic Process (GO:2000269)
GO:0034350,0.9783862,0.6762644,0.1368324,PRKCD;PRKCA,Regulation of Glial Cell Apoptotic Process (GO:0034350)
GO:0070873,0.9783862,0.6762644,0.1368324,PPP1R3E;PPP1R3D,Regulation of Glycogen Metabolic Process (GO:0070873)
GO:0010559,0.9783862,0.6762644,0.1368324,TM9SF2;IGF1,Regulation of Glycoprotein Biosynthetic Process (GO:0010559)
GO:0010919,0.9783862,0.6762644,0.1368324,PLEK;SNCA,Regulation of Inositol Phosphate Biosynthetic Process (GO:0010919)
GO:0032667,0.9783862,0.6762644,0.1368324,PLCG2;IL17RA,Regulation of Interleukin-23 Production (GO:0032667)
GO:0060753,0.9783862,0.6762644,0.1368324,VEGFC;RIN3,Regulation of Mast Cell Chemotaxis (GO:0060753)
GO:0002761,0.9783862,0.6762644,0.1368324,UBASH3B;MTOR,Regulation of Myeloid Leukocyte Differentiation (GO:0002761)
GO:2000177,0.9783862,0.6762644,0.1368324,PTPRZ1;NAP1L1,Regulation of Neural Precursor Cell Proliferation (GO:2000177)
GO:2000050,0.9783862,0.6762644,0.1368324,LBX2;RNF213,Regulation of Non-Canonical Wnt Signaling Pathway (GO:2000050)
GO:0048548,0.9783862,0.6762644,0.1368324,CDC42;AXL,Regulation of Pinocytosis (GO:0048548)
GO:0071801,0.9783862,0.6762644,0.1368324,HCK;FSCN1,Regulation of Podosome Assembly (GO:0071801)
GO:0031272,0.9783862,0.6762644,0.1368324,CDC42;PROC,Regulation of Pseudopodium Assembly (GO:0031272)
GO:0048385,0.9783862,0.6762644,0.1368324,CNOT1;CALR,Regulation of Retinoic Acid Receptor Signaling Pathway (GO:0048385)
GO:0048172,0.9783862,0.6762644,0.1368324,SYAP1;RAB3GAP1,Regulation of Short-Term Neuronal Synaptic Plasticity (GO:0048172)
GO:2001014,0.9783862,0.6762644,0.1368324,DDX5;GPC1,Regulation of Skeletal Muscle Cell Differentiation (GO:2001014)
GO:2001256,0.9783862,0.6762644,0.1368324,CD84;STIM1,Regulation of Store-Operated Calcium Entry (GO:2001256)
GO:0001990,0.9783862,0.6762644,0.1368324,ENPEP;ECE1,Regulation of Systemic Arterial Blood Pressure by Hormone (GO:0001990)
GO:0010889,0.9783862,0.6762644,0.1368324,APOC4;PLIN3,Regulation of Triglyceride Storage (GO:0010889)
GO:0061043,0.9783862,0.6762644,0.1368324,SLC12A2;SERPINE1,Regulation of Vascular Wound Healing (GO:0061043)
GO:0033194,0.9783862,0.6762644,0.1368324,GPX3;PRKCD,Response to Hydroperoxide (GO:0033194)
GO:0042573,0.9783862,0.6762644,0.1368324,SCPEP1;ADH1B,Retinoic Acid Metabolic Process (GO:0042573)
GO:0001514,0.9783862,0.6762644,0.1368324,SARS1;SELENOT,Selenocysteine Incorporation (GO:0001514)
GO:0007606,0.9783862,0.6762644,0.1368324,GNAS;CD36,Sensory Perception of Chemical Stimulus (GO:0007606)
GO:0014909,0.9783862,0.6762644,0.1368324,PDGFRB;ITGB3,Smooth Muscle Cell Migration (GO:0014909)
GO:0120178,0.9783862,0.6762644,0.1368324,HSD17B11;HSD17B8,Steroid Hormone Biosynthetic Process (GO:0120178)
GO:0000097,0.9783862,0.6762644,0.1368324,MTHFD1;MTHFR,Sulfur Amino Acid Biosynthetic Process (GO:0000097)
GO:0019530,0.9783862,0.6762644,0.1368324,STAT5A;STAT5B,Taurine Metabolic Process (GO:0019530)
GO:0090672,0.9783862,0.6762644,0.1368324,RUVBL2;RUVBL1,Telomerase RNA Localization (GO:0090672)
GO:0090671,0.9783862,0.6762644,0.1368324,RUVBL2;RUVBL1,Telomerase RNA Localization to Cajal Body (GO:0090671)
GO:0042403,0.9783862,0.6762644,0.1368324,TG;CPQ,Thyroid Hormone Metabolic Process (GO:0042403)
GO:0070327,0.9783862,0.6762644,0.1368324,SLC7A5;SLC3A2,Thyroid Hormone Transport (GO:0070327)
GO:0006451,0.9783862,0.6762644,0.1368324,SARS1;SELENOT,Translational Readthrough (GO:0006451)
GO:0003323,0.9783862,0.6762644,0.1368324,CDH2;BMP5,Type B Pancreatic Cell Development (GO:0003323)
GO:0060675,0.9783862,0.6762644,0.1368324,PRKD2;NPNT,Ureteric Bud Morphogenesis (GO:0060675)
GO:0048280,0.9783862,0.6762644,0.1368324,YIPF5;VTI1B,Vesicle Fusion With Golgi Apparatus (GO:0048280)
GO:0042373,0.9783862,0.6762644,0.1368324,CBR1;VKORC1L1,Vitamin K Metabolic Process (GO:0042373)
GO:0062111,0.9783862,0.6762644,0.1368324,SLC30A7;SLC30A1,Zinc Ion Import Into Organelle (GO:0062111)
GO:0090151,0.9783862,0.7433626,0.1500017,TOMM70;MTCH2;NDUFA13;HSP90AA1;TOMM40;SAMM50;MTX1;HSPA4;TIMM13;MAIP1;TOMM22,Establishment of Protein Localization to Mitochondrial Membrane (GO:0090151)
GO:1900077,0.9783862,0.7433626,0.1500017,PTPN1;GSK3A;PRKCB;PRKCD;PIP4K2A;PIP4K2B;PRKCQ;PIP4K2C;APPL2;NCK1;SLC27A4,Negative Regulation of Cellular Response to Insulin Stimulus (GO:1900077)
GO:0045995,0.9783862,0.7433626,0.1500017,BAG6;POGLUT1;RAB14;RUVBL2;RUVBL1;DAG1;PLCB1;UCHL5;CLASP1;SEPTIN7;CLASP2,Regulation of Embryonic Development (GO:0045995)
GO:0050427,0.9783862,0.6761022,0.1333397,SULT1A1;TPST2;TPST1;BPNT1,3'-Phosphoadenosine 5'-Phosphosulfate Metabolic Process (GO:0050427)
GO:0002286,0.9783862,0.6761022,0.1333397,CD74;FCER1G;SEMA6D;ITGAL,T Cell Activation Involved in Immune Response (GO:0002286)
GO:0046463,0.9783862,0.6761022,0.1333397,LPGAT1;TMEM68;PLA2G4A;LPIN2,Acylglycerol Biosynthetic Process (GO:0046463)
GO:0035973,0.9783862,0.6761022,0.1333397,UBQLN1;ATG4B;SQSTM1;ATG5,Aggrephagy (GO:0035973)
GO:0014002,0.9783862,0.6761022,0.1333397,EIF2B5;APP;IFNGR1;S100A9,Astrocyte Development (GO:0014002)
GO:0007413,0.9783862,0.6761022,0.1333397,CRTAC1;NRCAM;ARHGAP35;RTN4,Axonal Fasciculation (GO:0007413)
GO:0035627,0.9783862,0.6761022,0.1333397,VAPA;OSBP;CERT1;PLTP,Ceramide Transport (GO:0035627)
GO:0002062,0.9783862,0.6761022,0.1333397,TGFB1;SLC39A14;FGFR3;GPLD1,Chondrocyte Differentiation (GO:0002062)
GO:0007368,0.9783862,0.6761022,0.1333397,SMAD2;NOTCH1;NCLN;PRKD2,Determination of Left/Right Symmetry (GO:0007368)
GO:0008611,0.9783862,0.6761022,0.1333397,GNPAT;DHRS7B;PLA2G4A;FAR1,Ether Lipid Biosynthetic Process (GO:0008611)
GO:0098657,0.9783862,0.6761022,0.1333397,ACSL3;CD36;SLC29A1;SLC27A4,Import Into Cell (GO:0098657)
GO:0001701,0.9783862,0.6761022,0.1333397,FUT8;PRKD2;PKD1;FGFR2,in Utero Embryonic Development (GO:0001701)
GO:0042472,0.9783862,0.6761022,0.1333397,SPARC;HPN;MYO6;FGFR2,Inner Ear Morphogenesis (GO:0042472)
GO:0006643,0.9783862,0.6761022,0.1333397,SPTLC1;TECR;MGST2;TEX2,Membrane Lipid Metabolic Process (GO:0006643)
GO:0007498,0.9783862,0.6761022,0.1333397,HCK;BTK;JAK2;MESD,Mesoderm Development (GO:0007498)
GO:2000279,0.9783862,0.6761022,0.1333397,XRN1;HNRNPU;NAT10;HNRNPC,Negative Regulation of DNA Biosynthetic Process (GO:2000279)
GO:0010648,0.9783862,0.6761022,0.1333397,PTPN1;MPIG6B;UBASH3B;CCM2,Negative Regulation of Cell Communication (GO:0010648)
GO:2000780,0.9783862,0.6761022,0.1333397,MRE11;C1QBP;CSNK2A2;OTUB1,Negative Regulation of Double-Strand Break Repair (GO:2000780)
GO:0032717,0.9783862,0.6761022,0.1333397,ANXA4;ARRB1;SSC5D;ELANE,Negative Regulation of Interleukin-8 Production (GO:0032717)
GO:0034122,0.9783862,0.6761022,0.1333397,YWHAE;GPR108;TYRO3;IRAK3,Negative Regulation of Toll-Like Receptor Signaling Pathway (GO:0034122)
GO:1901381,0.9783862,0.6761022,0.1333397,FLNA;ANO6;ATP1B3;ATP1B1,Positive Regulation of Potassium Ion Transmembrane Transport (GO:1901381)
GO:0045945,0.9783862,0.6761022,0.1333397,RPTOR;MYO1E;SF3B1;MTOR,Positive Regulation of Transcription by RNA Polymerase III (GO:0045945)
GO:0031053,0.9783862,0.6761022,0.1333397,SMAD2;HNRNPA2B1;SRRT;SRSF3,Primary miRNA Processing (GO:0031053)
GO:0016075,0.9783862,0.6761022,0.1333397,EXOSC6;XRN1;SLFN14;PELO,rRNA Catabolic Process (GO:0016075)
GO:0032925,0.9783862,0.6761022,0.1333397,FKBP1A;FST;CSNK2B;FSTL3,Regulation of Activin Receptor Signaling Pathway (GO:0032925)
GO:0006109,0.9783862,0.6761022,0.1333397,SCARB2;BCKDK;PDK3;MLYCD,Regulation of Carbohydrate Metabolic Process (GO:0006109)
GO:1905818,0.9783862,0.6761022,0.1333397,PLSCR1;NUMA1;TPR;RAB33B,Regulation of Chromosome Separation (GO:1905818)
GO:0019220,0.9783862,0.6761022,0.1333397,IGBP1;IKBKB;SIRT2;ENG,Regulation of Phosphate Metabolic Process (GO:0019220)
GO:1901016,0.9783862,0.6761022,0.1333397,ITGB1;CAB39;NEDD4;STK39,Regulation of Potassium Ion Transmembrane Transporter Activity (GO:1901016)
GO:1900120,0.9783862,0.6761022,0.1333397,ATP2A3;ATP2A2;MMP9;PTPRF,Regulation of Receptor Binding (GO:1900120)
GO:1905897,0.9783862,0.6761022,0.1333397,APP;LPCAT3;CLU;MANF,Regulation of Response to Endoplasmic Reticulum Stress (GO:1905897)
GO:0010224,0.9783862,0.6761022,0.1333397,MFAP4;MAPK14;RELA;IVL,Response to UV-B (GO:0010224)
GO:0048678,0.9783862,0.6761022,0.1333397,P2RY12;PLCG2;RTN4RL2;SOD1,Response to Axon Injury (GO:0048678)
GO:0070542,0.9783862,0.6761022,0.1333397,PPP5C;PRKCD;LPL;PDK3,Response to Fatty Acid (GO:0070542)
GO:0010332,0.9783862,0.6761022,0.1333397,PRKAA1;XRCC6;XRCC5;TMEM109,Response to Gamma Radiation (GO:0010332)
GO:0060412,0.9783862,0.6761022,0.1333397,TGFBR3;TGFB2;NOTCH1;ZFPM1,Ventricular Septum Morphogenesis (GO:0060412)
GO:0043124,0.9783862,0.7656195,0.1469158,NLRX1;STAT1;CARD8;STAT3;IRAK3;ARRB2;TANK;TGFBR3;PPM1A;CYLD;PPM1B;CASP8;TMSB4X;CARD19;DNAJA3;RIPK1;CCDC22,Negative Regulation of Canonical NF-kappaB Signal Transduction (GO:0043124)
GO:0045598,0.9783862,0.7371303,0.1391299,FTO;TGFB1;CARM1;LEP;SYAP1;LRP5;ADIRF;AKT1;LPL;SIRT2;FERMT2;TRPM4,Regulation of Fat Cell Differentiation (GO:0045598)
GO:0006352,0.9783862,0.676021,0.1275657,CAVIN1;TFAM;ELOB;ELOC;PAAF1,DNA-templated Transcription Initiation (GO:0006352)
GO:0006044,0.9783862,0.676021,0.1275657,NAGK;OGA;CHST1;RENBP;CHST3,N-acetylglucosamine Metabolic Process (GO:0006044)
GO:0006614,0.9783862,0.676021,0.1275657,SRP19;SRPRA;SRPRB;SEC61B;SEC63,SRP-dependent Cotranslational Protein Targeting to Membrane (GO:0006614)
GO:0006284,0.9783862,0.676021,0.1275657,USP47;APEX1;RPA3;RPS3;HUWE1,Base-Excision Repair (GO:0006284)
GO:0140894,0.9783862,0.676021,0.1275657,IKBKB;TRAF6;RFTN1;IRAK4;MAP3K7,Endolysosomal Toll-Like Receptor Signaling Pathway (GO:0140894)
GO:0019377,0.9783862,0.676021,0.1275657,GLB1;M6PR;NAGA;GBA2;SUMF1,Glycolipid Catabolic Process (GO:0019377)
GO:0048009,0.9783862,0.676021,0.1275657,IRS2;IGF1;PIK3R1;PLCB1;IGF1R,Insulin-Like Growth Factor Receptor Signaling Pathway (GO:0048009)
GO:0032703,0.9783862,0.676021,0.1275657,PRNP;PTPRC;PRKCA;VSIG4;EZR,Negative Regulation of Interleukin-2 Production (GO:0032703)
GO:0007528,0.9783862,0.676021,0.1275657,DCTN1;DNAJA3;NEDD4;F2R;GPHN,Neuromuscular Junction Development (GO:0007528)
GO:0055086,0.9783862,0.676021,0.1275657,AK2;CMPK1;GLRX;NME4;NUDT5,Nucleobase-Containing Small Molecule Metabolic Process (GO:0055086)
GO:0035872,0.9783862,0.676021,0.1275657,ITCH;RIPK2;OTULIN;MAP3K7;RELA,"Nucleotide-Binding Domain, Leucine Rich Repeat Containing Receptor Signaling Pathway (GO:0035872)"
GO:0042476,0.9783862,0.676021,0.1275657,COL1A1;TGFB2;LAMB1;INHBA;FGFR2,Odontogenesis (GO:0042476)
GO:0006656,0.9783862,0.676021,0.1275657,CHKB;SLC44A1;SLC44A2;LPCAT3;LCAT,Phosphatidylcholine Biosynthetic Process (GO:0006656)
GO:0070169,0.9783862,0.676021,0.1275657,PPP3CA;PKDCC;ANO6;ATP2B1;BMP7,Positive Regulation of Biomineral Tissue Development (GO:0070169)
GO:0030501,0.9783862,0.676021,0.1275657,PPP3CA;PKDCC;ANO6;ATP2B1;BMP7,Positive Regulation of Bone Mineralization (GO:0030501)
GO:0045725,0.9783862,0.676021,0.1275657,MAP4K2;AKT2;PPP1R3E;IRS2;IGF1,Positive Regulation of Glycogen Biosynthetic Process (GO:0045725)
GO:1904996,0.9783862,0.676021,0.1275657,TRAF6;ITGB2;SELENOP;RELA;RHOA,Positive Regulation of Leukocyte Adhesion to Vascular Endothelial Cell (GO:1904996)
GO:0040036,0.9783862,0.676021,0.1275657,ITGB1;NRXN1;GPC1;PRKD2;THBS1,Regulation of Fibroblast Growth Factor Receptor Signaling Pathway (GO:0040036)
GO:0032652,0.9783862,0.676021,0.1275657,GSDMD;TMED10;F2R;SAA2;GAS6,Regulation of Interleukin-1 Production (GO:0032652)
GO:0010830,0.9783862,0.676021,0.1275657,HDAC5;MMP14;NACA;PIEZO1;MAPK14,Regulation of Myotube Differentiation (GO:0010830)
GO:0006356,0.9783862,0.676021,0.1275657,MYO1E;CARM1;FLNA;SF3B1;WDR43,Regulation of Transcription by RNA Polymerase I (GO:0006356)
GO:0006359,0.9783862,0.676021,0.1275657,RPTOR;MYO1E;PRDX5;SF3B1;MTOR,Regulation of Transcription by RNA Polymerase III (GO:0006359)
GO:0051788,0.9783862,0.676021,0.1275657,VCP;UFD1;STUB1;CLU;HDAC6,Response to Misfolded Protein (GO:0051788)
GO:0000028,0.9783862,0.676021,0.1275657,RPS14;RPS28;RPS19;RPS5;RPSA,Ribosomal Small Subunit Assembly (GO:0000028)
GO:0043523,0.9783862,0.8049956,0.1510128,APP;CNTFR;GSK3B;GSK3A;AGAP2;PCSK9;NDNF;PARK7;CLU;IL27RA;CASP8;PTPRZ1;CASP6;CASP3;PTK2B;NAE1;SNX6;PRNP;NTRK2;TGFB2;F2R;SOD2;HSPG2;SOD1;CDK5;TMBIM1;TYRO3;BAX;CTNNB1;IL6ST;LGMN,Regulation of Neuron Apoptotic Process (GO:0043523)
GO:2001141,0.9783862,0.8248144,0.1502183,FCN3;NOTCH1;MYCBP;CRABP2;RNF14;SRRT;AEBP1;YBX1;LIMD1;CELSR2;RPL6;RELA;UBE2L3;HINT1;EFEMP1;POFUT1;RUVBL2;RUVBL1;ASCC2;ERC1;RBBP7;SMAD2;PRMT5;PRMT2;FUS;PRMT1;DENND4A;NONO;ACTL6A;STAT3;PRMT3;TRIP4;NFKB2;DNM2;SFPQ;CARM1;HNRNPD;HCLS1;TERF2IP;PRKCQ;CALR;UBE2V1;PFDN5;ENG,Regulation of RNA Biosynthetic Process (GO:2001141)
GO:0030148,0.9783862,0.7598982,0.1367614,B3GALNT1;ABCC1;ASAH1;PPM1L;AGK;SPHK1;ST8SIA3;HACD3;FUT1;HACD4;TM9SF2;SPTLC1;SPTLC2;VAPA;OSBP;ST8SIA5;PRKD2;CERS2,Sphingolipid Biosynthetic Process (GO:0030148)
GO:0000077,0.9783862,0.6759398,0.121275,LYN;UFL1;DTX3L;STK38;TIPRL;PARP9,DNA Damage Checkpoint Signaling (GO:0000077)
GO:1902475,0.9783862,0.6759398,0.121275,SLC25A15;SLC7A5;SLC3A2;SLC25A12;SLC7A1;SLC25A13,L-alpha-amino Acid Transmembrane Transport (GO:1902475)
GO:0035337,0.9783862,0.6759398,0.121275,GCDH;FASN;HSD17B4;ACSL4;FAR1;ACSL3,fatty-acyl-CoA Metabolic Process (GO:0035337)
GO:0034204,0.9783862,0.6759398,0.121275,ABCC1;TMEM30A;ATP8A1;RFT1;VDAC2;ATP11B,Lipid Translocation (GO:0034204)
GO:0045833,0.9783862,0.6759398,0.121275,BSCL2;PRKAA1;APOC2;APOC3;APOE;ADRA2A,Negative Regulation of Lipid Metabolic Process (GO:0045833)
GO:0070875,0.9783862,0.6759398,0.121275,MAP4K2;AKT2;PPP1R3E;IRS2;PHKA1;IGF1,Positive Regulation of Glycogen Metabolic Process (GO:0070875)
GO:0110053,0.9783862,0.6759398,0.121275,VIL1;WASHC5;RDX;INPPL1;WAS;BRK1,Regulation of Actin Filament Organization (GO:0110053)
GO:2000209,0.9783862,0.6759398,0.121275,ITGB1;NOTCH1;SRC;ITGA5;PTK2;BCL2L1,Regulation of Anoikis (GO:2000209)
GO:0032374,0.9783862,0.6759398,0.121275,CETP;NAXE;APOC2;LIPG;LAMTOR1;TTC39B,Regulation of Cholesterol Transport (GO:0032374)
GO:0006399,0.9783862,0.6759398,0.121275,SSB;KARS1;DARS2;DICER1;LAGE3;DTD1,tRNA Metabolic Process (GO:0006399)
GO:0099518,0.9783862,0.6759398,0.121275,RAB1A;KIF5B;NDE1;MYO5A;FNBP1L;PAFAH1B1,Vesicle Cytoskeletal Trafficking (GO:0099518)
GO:1904669,0.9783862,0.6763454,0.120158,CD47,ATP Export (GO:1904669)
GO:0008207,0.9783862,0.6763454,0.120158,HSD17B10,C21-steroid Hormone Metabolic Process (GO:0008207)
GO:0035710,0.9783862,0.6763454,0.120158,STOML2,"CD4-positive, Alpha-Beta T Cell Activation (GO:0035710)"
GO:0006335,0.9783862,0.6763454,0.120158,NASP,DNA Replication-Dependent Chromatin Assembly (GO:0006335)
GO:0038134,0.9783862,0.6763454,0.120158,EGF,ERBB2-EGFR Signaling Pathway (GO:0038134)
GO:0007216,0.9783862,0.6763454,0.120158,GNAQ,G Protein-Coupled Glutamate Receptor Signaling Pathway (GO:0007216)
GO:0140468,0.9783862,0.6763454,0.120158,EIF2S1,HRI-mediated Signaling (GO:0140468)
GO:0006568,0.9783862,0.6763454,0.120158,ATP7A,L-tryptophan Metabolic Process (GO:0006568)
GO:0051132,0.9783862,0.6763454,0.120158,CLEC1B,NK T Cell Activation (GO:0051132)
GO:0036499,0.9783862,0.6763454,0.120158,EIF2S1,PERK-mediated Unfolded Protein Response (GO:0036499)
GO:0045063,0.9783862,0.6763454,0.120158,PPP1R9B,T-helper 1 Cell Differentiation (GO:0045063)
GO:0070914,0.9783862,0.6763454,0.120158,DDB1,UV-damage Excision Repair (GO:0070914)
GO:0007250,0.9783862,0.6763454,0.120158,COPS8,Activation of NF-kappaB-inducing Kinase Activity (GO:0007250)
GO:0006066,0.9783862,0.6763454,0.120158,DHRS4,Alcohol Metabolic Process (GO:0006066)
GO:0046185,0.9783862,0.6763454,0.120158,PDXP,Aldehyde Catabolic Process (GO:0046185)
GO:0097272,0.9783862,0.6763454,0.120158,RHAG,Ammonium Homeostasis (GO:0097272)
GO:0098971,0.9783862,0.6763454,0.120158,KIF5B,Anterograde Dendritic Transport of Neurotransmitter Receptor Complex (GO:0098971)
GO:0003228,0.9783862,0.6763454,0.120158,ENG,Atrial Cardiac Muscle Tissue Development (GO:0003228)
GO:0035425,0.9783862,0.6763454,0.120158,S100A9,Autocrine Signaling (GO:0035425)
GO:0046058,0.9783862,0.6763454,0.120158,ADCY6,cAMP Metabolic Process (GO:0046058)
GO:0071468,0.9783862,0.6763454,0.120158,SLC9A1,Cellular Response to Acidic pH (GO:0071468)
GO:0071221,0.9783862,0.6763454,0.120158,NDUFA2,Cellular Response to Bacterial Lipopeptide (GO:0071221)
GO:0071313,0.9783862,0.6763454,0.120158,GSTM2,Cellular Response to Caffeine (GO:0071313)
GO:0097011,0.9783862,0.6763454,0.120158,PDE2A,Cellular Response to Granulocyte Macrophage Colony-Stimulating Factor Stimulus (GO:0097011)
GO:0071286,0.9783862,0.6763454,0.120158,SLFN14,Cellular Response to Magnesium Ion (GO:0071286)
GO:0021795,0.9783862,0.6763454,0.120158,RELN,Cerebral Cortex Cell Migration (GO:0021795)
GO:0019695,0.9783862,0.6763454,0.120158,SLC44A1,Choline Metabolic Process (GO:0019695)
GO:0072044,0.9783862,0.6763454,0.120158,PKD1,Collecting Duct Development (GO:0072044)
GO:0002065,0.9783862,0.6763454,0.120158,TJP1,Columnar/Cuboidal Epithelial Cell Differentiation (GO:0002065)
GO:0140059,0.9783862,0.6763454,0.120158,NRP1,Dendrite Arborization (GO:0140059)
GO:0099519,0.9783862,0.6763454,0.120158,KIF5B,Dense Core Granule Cytoskeletal Transport (GO:0099519)
GO:0005513,0.9783862,0.6763454,0.120158,STIM1,Detection of Calcium Ion (GO:0005513)
GO:0050962,0.9783862,0.6763454,0.120158,REEP6,Detection of Light Stimulus Involved in Sensory Perception (GO:0050962)
GO:0050908,0.9783862,0.6763454,0.120158,REEP6,Detection of Light Stimulus Involved in Visual Perception (GO:0050908)
GO:0046545,0.9783862,0.6763454,0.120158,LHFPL2,Development of Primary Female Sexual Characteristics (GO:0046545)
GO:0002024,0.9783862,0.6763454,0.120158,SORL1,Diet Induced Thermogenesis (GO:0002024)
GO:0009950,0.9783862,0.6763454,0.120158,SMAD2,Dorsal/Ventral Axis Specification (GO:0009950)
GO:0035270,0.9783862,0.6763454,0.120158,TG,Endocrine System Development (GO:0035270)
GO:0007492,0.9783862,0.6763454,0.120158,LAMC1,Endoderm Development (GO:0007492)
GO:0000447,0.9783862,0.6763454,0.120158,RPS21,Endonuc Clvg in ITS1 to Sep SSU-rRNA Fm 5.8S rRNA and LSU-rRNA Fm Tricist rRNA Trnscpt (GO:0000447)
GO:0043045,0.9783862,0.6763454,0.120158,DDB1,Epigenetic Programming of Gene Expression (GO:0043045)
GO:1904019,0.9783862,0.6763454,0.120158,CASP6,Epithelial Cell Apoptotic Process (GO:1904019)
GO:0035272,0.9783862,0.6763454,0.120158,FGFR2,Exocrine System Development (GO:0035272)
GO:0140718,0.9783862,0.6763454,0.120158,SIRT2,Facultative Heterochromatin Formation (GO:0140718)
GO:0019367,0.9783862,0.6763454,0.120158,HSD17B12,"Fatty Acid Elongation, Saturated Fatty Acid (GO:0019367)"
GO:0008211,0.9783862,0.6763454,0.120158,YWHAH,Glucocorticoid Metabolic Process (GO:0008211)
GO:0006868,0.9783862,0.6763454,0.120158,SLC1A5,Glutamine Transport (GO:0006868)
GO:0006072,0.9783862,0.6763454,0.120158,GPD2,Glycerol-3-Phosphate Metabolic Process (GO:0006072)
GO:0046487,0.9783862,0.6763454,0.120158,GRHPR,Glyoxylate Metabolic Process (GO:0046487)
GO:0060218,0.9783862,0.6763454,0.120158,UFL1,Hematopoietic Stem Cell Differentiation (GO:0060218)
GO:0090594,0.9783862,0.6763454,0.120158,MAPK9,Inflammatory Response to Wounding (GO:0090594)
GO:0042491,0.9783862,0.6763454,0.120158,MYO6,Inner Ear Auditory Receptor Cell Differentiation (GO:0042491)
GO:0060119,0.9783862,0.6763454,0.120158,TSKU,Inner Ear Receptor Cell Development (GO:0060119)
GO:0060113,0.9783862,0.6763454,0.120158,MYO6,Inner Ear Receptor Cell Differentiation (GO:0060113)
GO:0006475,0.9783862,0.6763454,0.120158,NAA10,Internal Protein Amino Acid Acetylation (GO:0006475)
GO:0032364,0.9783862,0.6763454,0.120158,SOD2,Intracellular Oxygen Homeostasis (GO:0032364)
GO:0042181,0.9783862,0.6763454,0.120158,TPI1,Ketone Biosynthetic Process (GO:0042181)
GO:0051382,0.9783862,0.6763454,0.120158,SUGT1,Kinetochore Assembly (GO:0051382)
GO:0070189,0.9783862,0.6763454,0.120158,KYAT3,Kynurenine Metabolic Process (GO:0070189)
GO:0030259,0.9783862,0.6763454,0.120158,GBA2,Lipid Glycosylation (GO:0030259)
GO:0048535,0.9783862,0.6763454,0.120158,TGFB1,Lymph Node Development (GO:0048535)
GO:0070227,0.9783862,0.6763454,0.120158,RIPK1,Lymphocyte Apoptotic Process (GO:0070227)
GO:0060644,0.9783862,0.6763454,0.120158,AKT2,Mammary Gland Epithelial Cell Differentiation (GO:0060644)
GO:0036112,0.9783862,0.6763454,0.120158,HSD17B4,Medium-Chain fatty-acyl-CoA Metabolic Process (GO:0036112)
GO:0086012,0.9783862,0.6763454,0.120158,TRPM4,Membrane Depolarization During Cardiac Muscle Cell Action Potential (GO:0086012)
GO:0048332,0.9783862,0.6763454,0.120158,SMAD2,Mesoderm Morphogenesis (GO:0048332)
GO:0006312,0.9783862,0.6763454,0.120158,RAD50,Mitotic Recombination (GO:0006312)
GO:0006640,0.9783862,0.6763454,0.120158,PLA2G4A,Monoacylglycerol Biosynthetic Process (GO:0006640)
GO:0002903,0.9783862,0.6763454,0.120158,IRS2,Negative Regulation of B Cell Apoptotic Process (GO:0002903)
GO:0050859,0.9783862,0.6763454,0.120158,PTPN6,Negative Regulation of B Cell Receptor Signaling Pathway (GO:0050859)
GO:0045623,0.9783862,0.6763454,0.120158,JAK3,Negative Regulation of T-helper Cell Differentiation (GO:0045623)
GO:0002823,0.9783862,0.6763454,0.120158,LGALS9,- Reg of Adaptive Imm Resp Based on Som Recomb of Imm Rcptrs Built Frm IgSF Domains (GO:0002823)
GO:0048712,0.9783862,0.6763454,0.120158,LDLR,Negative Regulation of Astrocyte Differentiation (GO:0048712)
GO:0048681,0.9783862,0.6763454,0.120158,PTPRS,Negative Regulation of Axon Regeneration (GO:0048681)
GO:0045776,0.9783862,0.6763454,0.120158,SCPEP1,Negative Regulation of Blood Pressure (GO:0045776)
GO:2001033,0.9783862,0.6763454,0.120158,MRE11,Negative Regulation of Double-Strand Break Repair via Nonhomologous End Joining (GO:2001033)
GO:0090394,0.9783862,0.6763454,0.120158,MTMR2,Negative Regulation of Excitatory Postsynaptic Potential (GO:0090394)
GO:1900118,0.9783862,0.6763454,0.120158,HSPD1,Negative Regulation of Execution Phase of Apoptosis (GO:1900118)
GO:0044027,0.9783862,0.6763454,0.120158,USP7,Negative Regulation of Gene Expression via Chromosomal CpG Island Methylation (GO:0044027)
GO:0045686,0.9783862,0.6763454,0.120158,NOTCH1,Negative Regulation of Glial Cell Differentiation (GO:0045686)
GO:0046888,0.9783862,0.6763454,0.120158,RAB11FIP3,Negative Regulation of Hormone Secretion (GO:0046888)
GO:0045620,0.9783862,0.6763454,0.120158,INHBA,Negative Regulation of Lymphocyte Differentiation (GO:0045620)
GO:1905331,0.9783862,0.6763454,0.120158,CTNND1,Negative Regulation of Morphogenesis of an Epithelium (GO:1905331)
GO:2000178,0.9783862,0.6763454,0.120158,SIRT2,Negative Regulation of Neural Precursor Cell Proliferation (GO:2000178)
GO:0048715,0.9783862,0.6763454,0.120158,NOTCH1,Negative Regulation of Oligodendrocyte Differentiation (GO:0048715)
GO:0032891,0.9783862,0.6763454,0.120158,FIS1,Negative Regulation of Organic Acid Transport (GO:0032891)
GO:0051354,0.9783862,0.6763454,0.120158,PRDX5,Negative Regulation of Oxidoreductase Activity (GO:0051354)
GO:0051964,0.9783862,0.6763454,0.120158,CLSTN3,Negative Regulation of Synapse Assembly (GO:0051964)
GO:0003085,0.9783862,0.6763454,0.120158,SOD2,Negative Regulation of Systemic Arterial Blood Pressure (GO:0003085)
GO:0098810,0.9783862,0.6763454,0.120158,SLC18A2,Neurotransmitter Reuptake (GO:0098810)
GO:0038092,0.9783862,0.6763454,0.120158,SMAD2,Nodal Signaling Pathway (GO:0038092)
GO:0015851,0.9783862,0.6763454,0.120158,SLC29A1,Nucleobase Transport (GO:0015851)
GO:1990700,0.9783862,0.6763454,0.120158,SIRT2,Nucleolar Chromatin Organization (GO:1990700)
GO:0009132,0.9783862,0.6763454,0.120158,RRM2B,Nucleoside Diphosphate Metabolic Process (GO:0009132)
GO:0015858,0.9783862,0.6763454,0.120158,SLC29A1,Nucleoside Transport (GO:0015858)
GO:0048477,0.9783862,0.6763454,0.120158,TRIP13,Oogenesis (GO:0048477)
GO:0007231,0.9783862,0.6763454,0.120158,OXSR1,Osmosensory Signaling Pathway (GO:0007231)
GO:0018202,0.9783862,0.6763454,0.120158,SETD3,Peptidyl-Histidine Modification (GO:0018202)
GO:0046189,0.9783862,0.6763454,0.120158,PARD3,Phenol-Containing Compound Biosynthetic Process (GO:0046189)
GO:0044857,0.9783862,0.6763454,0.120158,FLOT1,Plasma Membrane Raft Organization (GO:0044857)
GO:0032793,0.9783862,0.6763454,0.120158,CRTC2,Positive Regulation of CREB Transcription Factor Activity (GO:0032793)
GO:0045348,0.9783862,0.6763454,0.120158,JAK2,Positive Regulation of MHC Class II Biosynthetic Process (GO:0045348)
GO:1905337,0.9783862,0.6763454,0.120158,CSNK2A2,Positive Regulation of Aggrephagy (GO:1905337)
GO:0051954,0.9783862,0.6763454,0.120158,GRK2,Positive Regulation of Amine Transport (GO:0051954)
GO:2000727,0.9783862,0.6763454,0.120158,TGFB1,Positive Regulation of Cardiac Muscle Cell Differentiation (GO:2000727)
GO:0033605,0.9783862,0.6763454,0.120158,GRK2,Positive Regulation of Catecholamine Secretion (GO:0033605)
GO:0046601,0.9783862,0.6763454,0.120158,VPS4B,Positive Regulation of Centriole Replication (GO:0046601)
GO:0032332,0.9783862,0.6763454,0.120158,PKDCC,Positive Regulation of Chondrocyte Differentiation (GO:0032332)
GO:0045684,0.9783862,0.6763454,0.120158,REXO2,Positive Regulation of Epidermis Development (GO:0045684)
GO:0043568,0.9783862,0.6763454,0.120158,IGF1,Positive Regulation of Insulin-Like Growth Factor Receptor Signaling Pathway (GO:0043568)
GO:0062033,0.9783862,0.6763454,0.120158,NUMA1,Positive Regulation of Mitotic Sister Chromatid Segregation (GO:0062033)
GO:0010661,0.9783862,0.6763454,0.120158,STUB1,Positive Regulation of Muscle Cell Apoptotic Process (GO:0010661)
GO:0051590,0.9783862,0.6763454,0.120158,DTNBP1,Positive Regulation of Neurotransmitter Transport (GO:0051590)
GO:0070426,0.9783862,0.6763454,0.120158,NAGK,"+ Reg of Nucleotide-Binding Domain, Leucine Rich Repeat Containing Receptor Sgnlng Pway (GO:0070426)"
GO:0071803,0.9783862,0.6763454,0.120158,FSCN1,Positive Regulation of Podosome Assembly (GO:0071803)
GO:1904816,0.9783862,0.6763454,0.120158,TCP1,"Positive Regulation of Protein Localization to Chromosome, Telomeric Region (GO:1904816)"
GO:1903566,0.9783862,0.6763454,0.120158,GSK3B,Positive Regulation of Protein Localization to Cilium (GO:1903566)
GO:2000234,0.9783862,0.6763454,0.120158,WDR43,Positive Regulation of rRNA Processing (GO:2000234)
GO:2000273,0.9783862,0.6763454,0.120158,ADRA2A,Positive Regulation of Signaling Receptor Activity (GO:2000273)
GO:0099173,0.9783862,0.6763454,0.120158,LGMN,Postsynapse Organization (GO:0099173)
GO:0060468,0.9783862,0.6763454,0.120158,MYH9,Prevention of Polyspermy (GO:0060468)
GO:0017038,0.9783862,0.6763454,0.120158,CLU,Protein Import (GO:0017038)
GO:1902570,0.9783862,0.6763454,0.120158,RAN,Protein Localization to Nucleolus (GO:1902570)
GO:0071824,0.9783862,0.6763454,0.120158,RPL23,protein-DNA Complex Organization (GO:0071824)
GO:1904823,0.9783862,0.6763454,0.120158,SLC29A1,Purine Nucleobase Transmembrane Transport (GO:1904823)
GO:0006195,0.9783862,0.6763454,0.120158,HINT1,Purine Nucleotide Catabolic Process (GO:0006195)
GO:0046130,0.9783862,0.6763454,0.120158,ENPP4,Purine Ribonucleoside Catabolic Process (GO:0046130)
GO:0015864,0.9783862,0.6763454,0.120158,SLC29A1,Pyrimidine Nucleoside Transport (GO:0015864)
GO:0000183,0.9783862,0.6763454,0.120158,SIRT2,rDNA Heterochromatin Formation (GO:0000183)
GO:0045343,0.9783862,0.6763454,0.120158,HSPH1,Regulation of MHC Class I Biosynthetic Process (GO:0045343)
GO:0045625,0.9783862,0.6763454,0.120158,JAK3,Regulation of T-helper 1 Cell Differentiation (GO:0045625)
GO:0002825,0.9783862,0.6763454,0.120158,LGALS9,Regulation of T-helper 1 Type Immune Response (GO:0002825)
GO:0070163,0.9783862,0.6763454,0.120158,RAB11FIP3,Regulation of Adiponectin Secretion (GO:0070163)
GO:1902667,0.9783862,0.6763454,0.120158,MYCBP2,Regulation of Axon Guidance (GO:1902667)
GO:1905553,0.9783862,0.6763454,0.120158,CTNND1,Regulation of Blood Vessel Branching (GO:1905553)
GO:2000725,0.9783862,0.6763454,0.120158,TGFB1,Regulation of Cardiac Muscle Cell Differentiation (GO:2000725)
GO:0060353,0.9783862,0.6763454,0.120158,NOTCH1,Regulation of Cell Adhesion Molecule Production (GO:0060353)
GO:1902275,0.9783862,0.6763454,0.120158,HNRNPU,Regulation of Chromatin Organization (GO:1902275)
GO:0045601,0.9783862,0.6763454,0.120158,DSG2,Regulation of Endothelial Cell Differentiation (GO:0045601)
GO:1904035,0.9783862,0.6763454,0.120158,CARM1,Regulation of Epithelial Cell Apoptotic Process (GO:1904035)
GO:0060251,0.9783862,0.6763454,0.120158,NOTCH1,Regulation of Glial Cell Proliferation (GO:0060251)
GO:1902108,0.9783862,0.6763454,0.120158,CAMK2A,Regulation of Mitochondrial Membrane Permeability Involved in Apoptotic Process (GO:1902108)
GO:0033047,0.9783862,0.6763454,0.120158,LCMT1,Regulation of Mitotic Sister Chromatid Segregation (GO:0033047)
GO:0072182,0.9783862,0.6763454,0.120158,CTNNB1,Regulation of Nephron Tubule Epithelial Cell Differentiation (GO:0072182)
GO:1904396,0.9783862,0.6763454,0.120158,MYCBP2,Regulation of Neuromuscular Junction Development (GO:1904396)
GO:1900107,0.9783862,0.6763454,0.120158,NCLN,Regulation of Nodal Signaling Pathway (GO:1900107)
GO:0070432,0.9783862,0.6763454,0.120158,NAGK,Regulation of Nucleotide-Binding Oligomerization Domain Containing 2 Signaling Pathway (GO:0070432)
GO:1903764,0.9783862,0.6763454,0.120158,DLG1,Regulation of Potassium Ion Export Across Plasma Membrane (GO:1903764)
GO:2000973,0.9783862,0.6763454,0.120158,NOTCH1,Regulation of pro-B Cell Differentiation (GO:2000973)
GO:0008582,0.9783862,0.6763454,0.120158,MYCBP2,Regulation of Synaptic Assembly at Neuromuscular Junction (GO:0008582)
GO:0031630,0.9783862,0.6763454,0.120158,STXBP1,Regulation of Synaptic Vesicle Fusion to Presynaptic Active Zone Membrane (GO:0031630)
GO:1901632,0.9783862,0.6763454,0.120158,STXBP1,Regulation of Synaptic Vesicle Membrane Organization (GO:1901632)
GO:1904429,0.9783862,0.6763454,0.120158,XRCC5,Regulation of T-Circle Formation (GO:1904429)
GO:0070243,0.9783862,0.6763454,0.120158,JAK3,Regulation of Thymocyte Apoptotic Process (GO:0070243)
GO:0051969,0.9783862,0.6763454,0.120158,FMR1,Regulation of Transmission of Nerve Impulse (GO:0051969)
GO:0060373,0.9783862,0.6763454,0.120158,GPD1L,Regulation of Ventricular Cardiac Muscle Cell Membrane Depolarization (GO:0060373)
GO:0070562,0.9783862,0.6763454,0.120158,KANK2,Regulation of Vitamin D Receptor Signaling Pathway (GO:0070562)
GO:0014808,0.9783862,0.6763454,0.120158,NOL3,Release of Sequestered Calcium Ion Into Cytosol by Sarcoplasmic Reticulum (GO:0014808)
GO:0010225,0.9783862,0.6763454,0.120158,MAP3K4,Response to UV-C (GO:0010225)
GO:1903412,0.9783862,0.6763454,0.120158,FGFR4,Response to Bile Acid (GO:1903412)
GO:0031000,0.9783862,0.6763454,0.120158,GSTM2,Response to Caffeine (GO:0031000)
GO:0097012,0.9783862,0.6763454,0.120158,PDE2A,Response to Granulocyte Macrophage Colony-Stimulating Factor (GO:0097012)
GO:0051610,0.9783862,0.6763454,0.120158,SLC18A2,Serotonin Uptake (GO:0051610)
GO:0030240,0.9783862,0.6763454,0.120158,TTR,Skeletal Muscle Thin Filament Assembly (GO:0030240)
GO:0044283,0.9783862,0.6763454,0.120158,HMGCL,Small Molecule Biosynthetic Process (GO:0044283)
GO:0048254,0.9783862,0.6763454,0.120158,NOP58,snoRNA Localization (GO:0048254)
GO:0035092,0.9783862,0.6763454,0.120158,PSME4,Sperm DNA Condensation (GO:0035092)
GO:0007056,0.9783862,0.6763454,0.120158,DDB1,Spindle Assembly Involved in Female Meiosis (GO:0007056)
GO:1902358,0.9783862,0.6763454,0.120158,SLC25A10,Sulfate Transmembrane Transport (GO:1902358)
GO:0051923,0.9783862,0.6763454,0.120158,SULT1A1,Sulfation (GO:0051923)
GO:0099116,0.9783862,0.6763454,0.120158,SSB,tRNA 5'-End Processing (GO:0099116)
GO:0141005,0.9783862,0.6763454,0.120158,SMYD5,Transposable Element Silencing by Heterochromatin Formation (GO:0141005)
GO:0006570,0.9783862,0.6763454,0.120158,FAH,Tyrosine Metabolic Process (GO:0006570)
GO:0015862,0.9783862,0.6763454,0.120158,SLC29A1,Uridine Transmembrane Transport (GO:0015862)
GO:0042359,0.9783862,0.6763454,0.120158,LGMN,Vitamin D Metabolic Process (GO:0042359)
GO:0050872,0.9783862,0.6763454,0.120158,CTBP1,White Fat Cell Differentiation (GO:0050872)
GO:0071578,0.9783862,0.6763454,0.120158,SLC39A14,Zinc Ion Import Across Plasma Membrane (GO:0071578)
GO:1903432,0.9786602,0.8000897,0.1417286,PRKAA1;SAR1A;SAR1B;SRC;CUL3;UBE3A;ATXN3;TBK1;PIP4P1;MAT2A;LONP1;PRKACB;YWHAG;USP7;SEC13;MIOS;SYK;USP4;PRMT1;PRKCA;TSC1;YWHAZ;RRAGC;RHEB;LARS1;LAMTOR2;LAMTOR1;LAMTOR4;OGT;LAMTOR3;OTUB1;LAMTOR5,Regulation of TORC1 Signaling (GO:1903432)
GO:0045944,0.9833148,0.8852995,0.1524126,EIF4A1;APP;CRTC2;CD81;FHOD1;HNRNPU;NUCKS1;PARK7;RPS6KA3;TBK1;RUVBL2;NAMPT;RPS6KA1;AKT1;ACVR1;PDHX;ACTN4;TFR2;TBL1XR1;PRKD2;SQSTM1;ZFPM1;NOTCH2;NOTCH1;DHX9;PRKDC;PIK3R1;SLC9A1;PPP3R1;DDRGK1;PCBP1;RIPK1;RPRD1B;STAT5A;SMAD2;STAT5B;XRCC6;JAG1;TGFB1;JUP;HSPA5;GDF2;IGF1;INHBA;NFKB1;NFKB2;BMP5;DAB2;MAVS;RGCC;TFCP2;COPS5;FUBP3;NACA;AGO2;HNRNPD;OGT;FGFR2;ARF4;CALCOCO1;DDX3X;SETD3;YWHAB;HMGB2;ADIRF;ARRB1;MIA3;YBX1;PKD1;CX3CL1;PTMS;IKBKB;MYDGF;PPP3CA;PPP3CB;NCK2;IKBKG;JAK2;NCK1;HTATIP2;ACTR3;ACTR2;BCAS3;PPP1R12A;ANXA2;CHUK;PARP1;RIPK2;IL18;SIRT2;DCN;PLSCR1;SFPQ;PKM;EEF1D;THRAP3;TRAF6;HCLS1;CDH13;ITGA6;NCOA7;ARHGEF2;SOS1;PTMA;ENG;HDAC5;RNASEL;ATF6B;WBP2;LRP5;WAS;HSD17B4;RELA;FSTL3;LRP6;STRN3;PURB;BCLAF1;MUC1;EPCAM;STAT6;SF3B1;RTRAF;CHGA;MLXIP;NPM1;STAT1;STAT2;STAT3;MYO1E;PSMC3;STING1;APEX1;CTNNB1;CCM2;CAMK1;AGRN;CRLF3;PFKM;LPIN2;RBMX;PF4,Positive Regulation of Transcription by RNA Polymerase II (GO:0045944)
GO:0048754,0.9835103,0.6758586,0.1149425,NRP1;GDF2;PRKD2;PKN1;NPNT;PKD1;ENG,Branching Morphogenesis of an Epithelial Tube (GO:0048754)
GO:0006303,0.9835103,0.6758586,0.1149425,XRCC6;MRE11;PSMD14;PAXX;PRKDC;XRCC5;HMGB2,Double-Strand Break Repair via Nonhomologous End Joining (GO:0006303)
GO:1901570,0.9835103,0.6758586,0.1149425,GCDH;HMGCL;GGT7;FASN;MYCBP2;FAR1;ACACA,Fatty Acid Derivative Biosynthetic Process (GO:1901570)
GO:0030201,0.9835103,0.6758586,0.1149425,B3GAT3;GLB1;GLCE;GPC1;XYLT2;HPSE;GNS,Heparan Sulfate Proteoglycan Metabolic Process (GO:0030201)
GO:2000047,0.9835103,0.6758586,0.1149425,TJP1;NOTCH1;TGFB1;RGCC;EPCAM;FLOT1;PPM1F,Regulation of Cell-Cell Adhesion Mediated by Cadherin (GO:2000047)
GO:0000079,0.9835103,0.6758586,0.1149425,PSMD10;PROC;RGCC;CCNY;CDC37;LONP1;CDK5RAP3,Regulation of Cyclin-Dependent Protein Serine/Threonine Kinase Activity (GO:0000079)
GO:0035194,0.9835103,0.6758586,0.1149425,TSNAX;EIF6;DHX9;CNOT1;AGO2;LIMD1;SND1,Regulatory ncRNA-mediated Post-Transcriptional Gene Silencing (GO:0035194)
GO:0016079,0.9835103,0.6758586,0.1149425,SNAPIN;CDK5;SNAP23;PIP5K1C;SNAP29;STX11;SNCA,Synaptic Vesicle Exocytosis (GO:0016079)
GO:0010608,0.984301,0.7548403,0.12759,APP;CYFIP1;MTPN;EIF2B4;NAT10;NOLC1;GTDC1;PARP9;ATXN2;LARP1;TCOF1;ZC3H7B;GEMIN5;MATR3;RPL15;EIF4E;GCN1;METAP1;EIF2A,Post-Transcriptional Regulation of Gene Expression (GO:0010608)
GO:2000045,0.9857116,0.7716875,0.1291503,ACVR1;KANK2;DDX3X;PRMT2;RDX;INHBA;PKD1;RPTOR;ADAM17;DLG1;PROC;RGCC;GPNMB;ADAMTS1;PSME1;AKT1;PSME2;PRKD2;PTPN6;PLCB1;CRLF3;APPL2;EIF4G1;APPL1,Regulation of G1/S Transition of Mitotic Cell Cycle (GO:2000045)
GO:1904262,0.9863774,0.7275045,0.1207493,SEC13;USP7;PRKAA1;MIOS;SAR1A;SAR1B;UBE3A;PRKCA;TSC1;YWHAZ;ATXN3;TBK1;PRKACB;YWHAG,Negative Regulation of TORC1 Signaling (GO:1904262)
GO:0010803,0.9863774,0.7275045,0.1207493,SYK;SPHK1;CARD8;DICER1;IKBKB;PPP2CB;CYLD;CASP8;SHARPIN;MAPKAPK2;OTULIN;CPNE1;GAS6;UBE2K,Regulation of Tumor Necrosis Factor-Mediated Signaling Pathway (GO:0010803)
GO:0006641,0.9863774,0.7275045,0.1207493,CETP;LPGAT1;SEL1L;LPL;APOBR;APOC3;APOA5;PM20D1;LIPC;LIPG;TMEM68;APOE;APOB;LPIN2,Triglyceride Metabolic Process (GO:0006641)
GO:1902680,0.9865744,0.853125,0.1412278,BMP10;CALCOCO1;SETD3;MSTN;RNF14;TGFB1I1;HMGB2;ILK;EPX;IKBKB;PSMD9;PPP3CB;TRIM28;RUVBL2;RUVBL1;RPS6KA1;MAP3K5;YWHAH;MAP2K3;ACVR1;MAP2K1;MAP2K2;DTX3L;PRMT2;TESC;F2R;RHOG;PARP9;ILF2;UCHL5;DNM2;PPM1A;ILF3;ASPH;TBL1XR1;THRAP3;DPEP2;TFAM;UBE2V1;PLCB1;PRKAA1;SF3B3;NOTCH1;KARS1;SHC1;WBP2;FLII;LRP5;MRPL12;RELA;LRP6;BLOC1S2;RBBP7;APOE;SNX5;SMAD2;CD74;XRCC6;NPM1;TGFB1;STAT1;EGF;STAT3;GDF2;TRIP4;IGF1;INHBA;HNRNPAB;BMP7;NFKB1;COL1A1;PSMC5;FUBP3;PITHD1;HNRNPD;CTNNB1;NAA15;CRLF3;OGT;HLA-DRB1;PICALM,Positive Regulation of RNA Biosynthetic Process (GO:1902680)
GO:1901136,0.9880649,0.6757773,0.1087799,GLB1;NGLY1;OGA;NAGA;STT3B;PGM1;DERA;GALK1,Carbohydrate Derivative Catabolic Process (GO:1901136)
GO:0035967,0.9880649,0.6757773,0.1087799,PTPN1;VCP;BAG3;UFD1;BAX;STUB1;HDAC6;OPTN,Cellular Response to Topologically Incorrect Protein (GO:0035967)
GO:0030203,0.9880649,0.6757773,0.1087799,TNFAIP6;B3GAT3;HEXB;HEXA;XYLT2;IDS;GUSB;GNS,Glycosaminoglycan Metabolic Process (GO:0030203)
GO:0010951,0.9880649,0.6757773,0.1087799,VTN;SERPINB1;BIN1;SERPINE1;TIMP3;SERPINB9;GAPDH;SERPINB6,Negative Regulation of Endopeptidase Activity (GO:0010951)
GO:0015695,0.9880649,0.6757773,0.1087799,SLC25A15;SLC7A5;SLC6A6;SLC44A1;SLC44A2;SLC3A2;SLC7A1;REPS1,Organic Cation Transport (GO:0015695)
GO:0051894,0.9880649,0.6757773,0.1087799,NRP1;ROCK1;PTPRJ;TSC1;PPM1F;FERMT2;LIMS1;MAP4K4,Positive Regulation of Focal Adhesion Assembly (GO:0051894)
GO:0045840,0.9880649,0.6757773,0.1087799,PDGFRB;RGCC;EGF;UBE2C;CUL3;CDC16;LRP5;IGF1,Positive Regulation of Mitotic Nuclear Division (GO:0045840)
GO:0034308,0.9880649,0.6757773,0.1087799,ALDH3A2;AKR7A2;RBP4;ADH1B;RDH11;AKR1A1;AKR1B1;IGF1,Primary Alcohol Metabolic Process (GO:0034308)
GO:0043112,0.9880649,0.6757773,0.1087799,SH3GLB1;BECN1;EHD3;TGFB1;NEDD4;PIK3R4;LMTK2;LGMN,Receptor Metabolic Process (GO:0043112)
GO:0010906,0.9880649,0.6757773,0.1087799,BCKDK;AKT2;AKT1;PDK3;IRS2;MLYCD;OGT;GPLD1,Regulation of Glucose Metabolic Process (GO:0010906)
GO:0072001,0.9880649,0.6757773,0.1087799,BAG6;RBP4;TGFB2;STAT1;ARL3;PCSK9;PCSK5;PKD1,Renal System Development (GO:0072001)
GO:0006941,0.9880649,0.6757773,0.1087799,MYL4;GRK2;TTR;GAA;TPM1;MYH14;ATP1B1;MYH7,Striated Muscle Contraction (GO:0006941)
GO:0001570,0.9880649,0.6757773,0.1087799,PDGFRB;TGFBR3;NRP1;NOTCH1;TGFB1;CCM2;RTN4;ENG,Vasculogenesis (GO:0001570)
GO:0080090,0.991079,0.76721,0.1209806,KHDRBS1;COLEC11;SF3B3;AHNAK;SRSF1;IRS2;CNDP1;LACTB;PTBP1;RNF213;SNRNP70;PLCG2;VPS35;APOE;LDLR;FUS;SSH1;PTBP3;HNRNPL;HNRNPF;ADGRF5;ANGPTL8;HNRNPH3;FGFR4;CERS2,Regulation of Primary Metabolic Process (GO:0080090)
GO:0032091,0.9925417,0.7237055,0.112883,RALB;ITGA4;ROCK1;ATP2A3;ATP2A2;PTPRF;PEX14;GOLGA2;DNAJB2;RACK1;BAX;CFHR5;CAMK1;ZFPM1;METAP2,Negative Regulation of Protein Binding (GO:0032091)
GO:0097061,0.9946028,0.675696,0.1028819,CDC42;DOCK10;PRNP;MTMR2;FYN;ARHGEF7;SHANK3;IGF1R;LGMN,Dendritic Spine Organization (GO:0097061)
GO:0007020,0.9946028,0.675696,0.1028819,GOLGA2;TUBGCP2;BLOC1S2;NDE1;RANBP9;SLAIN2;TUBGCP3;CLASP1;CLASP2,Microtubule Nucleation (GO:0007020)
GO:0045786,0.9946028,0.675696,0.1028819,TGFB1;PROC;GAS1;SCRIB;PTPRK;IPO7;BMP7;SIPA1;IPO5,Negative Regulation of Cell Cycle (GO:0045786)
GO:0010466,0.9946028,0.675696,0.1028819,CSTB;VTN;ECM1;SERPINB1;UBXN1;SERPINE1;SERPINB9;GAPDH;SERPINB6,Negative Regulation of Peptidase Activity (GO:0010466)
GO:0141188,0.9946028,0.675696,0.1028819,EXOSC6;PNPT1;PABPC4;RNASET2;XRN2;HNRNPD;DNASE1;EXOSC2;DNASE1L1,Nucleic Acid Catabolic Process (GO:0141188)
GO:0005979,0.9946028,0.675696,0.1028819,GSK3B;MAP4K2;GSK3A;AKT2;PPP1R3E;PPP1R3D;STK39;IRS2;IGF1,Regulation of Glycogen Biosynthetic Process (GO:0005979)
GO:0042273,0.9946028,0.675696,0.1028819,RPL5;RPL7A;NPM1;EIF6;NOP2;RPL11;RPL14;RPL35A;RPL7,Ribosomal Large Subunit Biogenesis (GO:0042273)
GO:0006364,0.9979066,0.7631147,0.1134826,RPL5;PRKDC;NOP2;RPL11;NOL7;NOLC1;NAT10;RPL7;RPS14;RPL7A;RPS17;MYG1;RPS16;RPS19;RPL14;EXOSC2;NOP58;RPS7;RPL35A;RPS25;RPS28;LSM6;EIF6;XRN2;SBDS;RPL27,rRNA Processing (GO:0006364)
GO:0032790,0.999518,0.720402,0.1057278,MCTS1;HBS1L;RNF14;TRIP4;UFL1;NEMF;DDRGK1;RACK1;ASCC2;DENR;ASCC3;EIF4E2;PELO;MRRF;CDK5RAP3;GCN1,Ribosome Disassembly (GO:0032790)
GO:0006357,0.999518,0.8972664,0.1315636,EIF4A1;APP;HNRNPU;ENO1;SLA2;RPS14;RPS6KA3;TBK1;NAMPT;RPS6KA1;AKT1;ACVR1;PDHX;PRKCB;RPL23;ACTN4;DICER1;TFR2;PRKAR1A;BIN1;SUB1;TFAM;PRKD2;EZR;ZFPM1;DHX9;CTBP1;PRKDC;FLII;PIK3R1;CIAO1;MTDH;PPP3R1;PCBP1;PCBP2;ELANE;STAT5A;STAT5B;XRCC6;JAG1;JUP;PDE2A;GDF2;IGF1;SNF8;H1-5;HNRNPK;FUBP3;FUBP1;AGO2;HNRNPD;MAGED2;CALR;CC2D1A;CC2D1B;ARF4;SETD3;ADIRF;MIA3;CX3CL1;PTMS;IKBKB;PPP3CA;MYDGF;PPP3CB;C1QBP;ELOC;IKBKG;JAK2;HTATIP2;TSC22D4;PARP1;ANXA2;RIPK2;ANXA4;ACTL6A;IL18;PARP9;SIRT2;PLSCR1;HCLS1;NCOA7;ARHGEF2;PTMA;ENG;KANK2;RNASEL;WAS;HSD17B4;RELA;FSTL3;PURB;PURA;BCLAF1;CUX1;EPCAM;STAT6;RPL15;SF3B1;RTRAF;NPM1;STAT1;USP9X;STAT2;STAT3;PSMC5;LBX2;PSMC3;STING1;APEX1;NEDD4;CTNNB1;HDGF;PKN1;CAMK1;AGRN;CRLF3;FRK;PF4;CRTC2;CD81;FHOD1;CTNND1;NUCKS1;PARK7;EPX;RUVBL2;KHSRP;RUVBL1;FST;TBL1XR1;DPEP2;SQSTM1;PPID;PSMD10;NOTCH2;DDX5;NOTCH1;AEBP1;SLC9A1;SDCBP;DDRGK1;TPR;RPRD1B;RIPK1;SMAD2;PRNP;TGFB1;HSPA5;FUS;INHBA;NFKB1;NFKB2;BMP5;DRAP1;DAB2;DLG1;MAVS;COPS5;PTPRC;RGCC;TFCP2;NACA;CNOT1;COPS2;CNOT2;OGT;FGFR2;CALCOCO1;DDX3X;YWHAB;RNF14;FHL2;HMGB2;ARRB1;YBX1;PKD1;TRPS1;NCK2;LRRFIP1;NCK1;ACTR3;ACTR2;BCAS3;PPP1R12A;CHUK;ABHD14B;YWHAZ;DCN;DUSP22;PPM1A;IMPACT;SFPQ;SARS1;PKM;EEF1D;CTDSP1;THRAP3;TRAF6;CDH13;ETF1;ITGA6;SOS1;CRK;HDAC5;CAMK2D;ATF6B;SRC;WBP2;LRP5;LRP6;STRN3;DNAJB1;MUC1;SAP18;RALY;RBBP7;SNCA;MLXIP;CHGA;IGBP1;SEMA4D;ATP2B4;MAPK14;SOD2;MYO1E;DNAJA3;CCM2;LPIN2;RBMX;PFKM,Regulation of Transcription by RNA Polymerase II (GO:0006357)
GO:0009451,0.9999961,0.6756147,0.09728646,SYNCRIP;SARS1;AARS1;SSB;NSUN2;NAT10;GTDC1;THUMPD1;HNRNPAB;OSGEP,RNA Modification (GO:0009451)
GO:0046467,0.9999961,0.6756147,0.09728646,SPTLC1;SCCPDH;PPM1L;SPTLC2;SPHK1;ST3GAL6;PRKD2;HACD3;HACD4;CERS2,Membrane Lipid Biosynthetic Process (GO:0046467)
GO:0046627,0.9999961,0.6756147,0.09728646,PTPN1;GSK3A;PRKCB;PRKCD;PIP4K2A;PIP4K2B;PRKCQ;PIP4K2C;NCK1;SLC27A4,Negative Regulation of Insulin Receptor Signaling Pathway (GO:0046627)
GO:0033120,0.9999961,0.6756147,0.09728646,PRMT5;DAZAP1;PRDX5;THRAP3;CLNS1A;CIRBP;PIK3R1;RBMX;WDR77;ZPR1,Positive Regulation of RNA Splicing (GO:0033120)
GO:0010212,0.9999961,0.6756147,0.09728646,BABAM1;IKBIP;BABAM2;PRKAA1;EEF1D;TNKS1BP1;GRB2;BRCC3;MAPK14;TANK,Response to Ionizing Radiation (GO:0010212)
GO:0050830,0.9999961,0.7175013,0.09918798,GSDMD;CHGA;APP;PPP1R11;DCD;HMGB2;STAB2;IL18;RNASE4;HLA-A;HLA-E;FGR;PNKD;CSRP1;CTSG;LBP;MBL2,Defense Response to Gram-positive Bacterium (GO:0050830)
GO:0051093,0.9999961,0.7175013,0.09918798,SMAD2;VAT1;NOTCH1;TGFB1;PTPRS;TFRC;PARP1;ROCK1;ROCK2;HUWE1;APOE;ANP32B;RBBP7;GAS6;KIAA0319;FGFR3;OGT,Negative Regulation of Developmental Process (GO:0051093)
GO:0046474,0.9999961,0.790233,0.1083801,DGKG;VAC14;MTMR2;SLC44A1;PRKCSH;SLC44A2;DGKA;MTMR14;INPPL1;LPCAT1;LCAT;AGPAT1;LCLAT1;AGPAT2;AGPAT3;MTM1;PTDSS2;PTDSS1;IMPA1;PLCG2;PIP5K1C;CDIPT;PCYT2;CHKB;SACM1L;MBOAT7;PLA2G4A;OCRL;HDHD5;DGKZ;GNPAT;INPP4B;PLSCR1;SYNJ1;LPCAT3;PITPNM2;PI4KA;FAR1;PI4K2A;DGKH;CDS2,Glycerophospholipid Biosynthetic Process (GO:0046474)
GO:0000082,0.9999961,0.6755332,0.09200344,CUL4A;PPP6C;KHDRBS1;CUL5;CUL3;CAMK2A;CUL2;CDK2;BCAT1;EIF4E;GSPT1,G1/S Transition of Mitotic Cell Cycle (GO:0000082)
GO:0042552,0.9999961,0.6755332,0.09200344,EIF2B5;EIF2B4;EIF2B2;PARD3;GPC1;ADGRG6;EPB41L3;PRG2;CXCR4;TMEM163;SIRT2,Myelination (GO:0042552)
GO:0006654,0.9999961,0.6755332,0.09200344,DGKG;GNPAT;PRKCSH;DGKA;LPCAT1;AGPAT1;AGPAT2;LCLAT1;DGKZ;AGPAT3;DGKH,Phosphatidic Acid Biosynthetic Process (GO:0006654)
GO:0046473,0.9999961,0.6755332,0.09200344,DGKG;GNPAT;PRKCSH;DGKA;LPCAT1;AGPAT1;AGPAT2;LCLAT1;DGKZ;AGPAT3;DGKH,Phosphatidic Acid Metabolic Process (GO:0046473)
GO:0043525,0.9999961,0.6755332,0.09200344,GSK3B;PRNP;GSK3A;TGFB2;CASP8;CDK5;CASP6;CASP3;PCSK9;BAX;CTNNB1,Positive Regulation of Neuron Apoptotic Process (GO:0043525)
GO:0033157,0.9999961,0.6755332,0.09200344,GSK3B;FYCO1;PTPN1;TGFB1;ASPH;PDCD10;B3GAT3;TPR;CEP131;GCC2;ERGIC3,Regulation of Intracellular Protein Transport (GO:0033157)
GO:0007088,0.9999961,0.6755332,0.09200344,PDGFRB;TOM1L1;PRMT5;TOM1L2;RGCC;EGF;LRP5;PDXP;IGF1;LCMT1;BMP7,Regulation of Mitotic Nuclear Division (GO:0007088)
GO:0045892,0.9999961,0.8633975,0.1163492,APP;NDUFA13;CTNND1;LOXL3;HNRNPU;ENO1;SLA2;EPX;PHB2;CCAR2;RPS14;TRIM28;BASP1;FST;RPL23;DICER1;DKK3;ILF3;BIN1;TBL1XR1;DPEP2;EZR;ZFPM1;PPID;PSMD10;KHDRBS1;DDX5;NOTCH1;SHC1;CTBP1;AEBP1;MTDH;SDCBP;PRDX5;TPR;ELANE;SNX6;SMAD2;PRNP;HSPA8;XRCC6;TGFB1;XRCC5;CBX3;NONO;PDE2A;PA2G4;BMP7;NFKB1;H1-5;DRAP1;HNRNPL;GCLC;DAB2;DLG1;PTPRC;HNRNPK;CDK5;NACA;CNOT1;CNOT2;COPS2;MAGED2;CALR;OGT;FGFR2;FHL2;HMGB2;PTPRK;LIMD1;YWHAQ;QARS1;C1QBP;TRPS1;LRRFIP1;NCK1;TSC22D4;PARP1;PRMT2;PARP9;COMMD7;YWHAZ;SIRT2;DUSP22;PPM1A;IMPACT;SFPQ;SARS1;TRAF6;LANCL2;ETF1;GAS6;PLCB1;PFDN5;ENG;KANK2;HDAC5;SRC;PPM1F;RELA;HDAC6;STRN3;PURB;DNAJB1;PURA;BCLAF1;MUC1;CUX1;FLNA;SAP18;RALY;RPL15;RBBP7;SNCA;IGBP1;SEMA4D;STAT1;USP9X;STAT3;PEX14;NEDD4;DNAJA3;PDCD4;CTNNB1;HDGF;FRK;LIMS1,Negative Regulation of DNA-templated Transcription (GO:0045892)
GO:0006355,0.9999961,0.8825849,0.1123421,APP;ENO1;PHB2;CCAR2;RPL6;UBE2L3;PSMD9;TRIM28;RPS6KA1;ACVR1;PDHX;PRKCB;DKK3;PRKAR1A;SUB1;TFAM;PRKCQ;ZFPM1;CRABP2;DHX9;CTBP1;FLII;MRPL12;CIAO1;MTDH;BLOC1S2;PCBP2;APOE;SNX5;SNX6;STAT5A;STAT5B;XRCC6;XRCC5;GDF2;TRIP4;IGF1;SNF8;PA2G4;HNRNPL;COL1A1;HNRNPK;FUBP3;FUBP1;HNRNPD;CALR;HLA-DRB1;CC2D1A;CC2D1B;SETD3;MSTN;TGFB1I1;MIA3;PTPRK;LIMD1;IKBKB;PPP3CB;HINT1;QARS1;ELOC;HTATIP2;PRMT5;TSC22D4;PARP1;PRMT2;PRMT1;ANXA4;TESC;ACTL6A;PRMT3;RHOG;PARP9;COMMD7;SIRT2;UCHL5;HCLS1;NCOA7;GAS6;PLCB1;ENG;SF3B3;MYCBP;KARS1;SRRT;HSD17B4;RELA;FSTL3;PURB;PURA;BCLAF1;CUX1;STAT6;CD74;NPM1;STAT1;STAT2;STAT3;PEX14;PSMC5;LBX2;CTNNB1;PKN1;CRLF3;LIMS1;NDUFA13;LOXL3;EPX;CELSR2;EFEMP1;POFUT1;BASP1;RUVBL2;KHSRP;RUVBL1;MAP3K5;MAP2K3;MAP2K1;MAP2K2;F2R;ILF2;ILF3;TBL1XR1;DPEP2;UBE2V1;PSMD10;KHDRBS1;DDX5;NOTCH1;SHC1;AEBP1;SMAD2;HSPA8;TGFB1;FUS;DENND4A;CBX3;NONO;INHBA;BMP7;NFKB1;NFKB2;GCLC;TFCP2;CDK5;CNOT2;OGT;PICALM;BMP10;CALCOCO1;RNF14;HMGB2;ILK;ARRB1;YBX1;YWHAQ;TRPS1;ERC1;LRRFIP1;YWHAH;TSFM;DTX3L;DNM2;PPM1A;SFPQ;ASPH;CTDSP1;THRAP3;TRAF6;LANCL2;TERF2IP;ETF1;SOS1;CRK;PFDN5;HDAC5;PRKAA1;CAMK2D;ATF6B;WBP2;LRP5;HDAC6;PPM1F;LRP6;STRN3;SAP18;ASCC2;RBBP7;MLXIP;EGF;ATP2B4;MAPK14;SOD2;HNRNPAB;PITHD1;CARM1;PDCD4;NAA15,Regulation of DNA-templated Transcription (GO:0006355)
GO:0016072,0.9999961,0.7363362,0.09244833,RPL5;NOP58;RPS7;CAVIN1;NOP2;MARS1;RPL11;NOLC1;RPL35A;RPL7;RPS25;EXOSC6;RPS17;MYG1;RPS28;RPS16;RPS19;XRN1;SLFN14;XRN2;SBDS;RPL14;RPL27;EXOSC2,rRNA Metabolic Process (GO:0016072)
GO:1901890,0.9999961,0.7126393,0.0876588,NRP1;NLGN1;NLGN2;ROCK1;CLSTN3;NRXN1;CLSTN1;GDF2;PTPRJ;TSC1;PPM1F;CLDN5;SLITRK1;FLOT1;GHRL;FERMT2;LRRC4B;MAP4K4;LIMS1,Positive Regulation of Cell Junction Assembly (GO:1901890)
GO:0010257,0.9999961,0.6753703,0.08234921,NDUFA13;NDUFA6;NDUFB3;BCS1L;NDUFS8;NDUFS7;NDUFS5;NDUFS4;NDUFAF2;NDUFS3;TMEM126A;NDUFS2;NDUFS1,NADH Dehydrogenase Complex Assembly (GO:0010257)
GO:0032981,0.9999961,0.6753703,0.08234921,NDUFA13;NDUFA6;NDUFB3;BCS1L;NDUFS8;NDUFS7;NDUFS5;NDUFS4;NDUFAF2;NDUFS3;TMEM126A;NDUFS2;NDUFS1,Mitochondrial Respiratory Chain Complex I Assembly (GO:0032981)
GO:0043409,0.9999961,0.7497058,0.08885615,PSMD10;PEBP1;FBLN1;PTPRJ;PIK3CB;IGF1R;QARS1;STK38;DAG1;EMILIN1;APOE;CDK5RAP3;LYN;IGBP1;PTPN1;DUSP3;AMBP;PRMT1;PRKCD;RANBP9;IRAK3;SYNJ2BP;CYLD;DLG1;ITCH;PTPRC;TAOK3;AIDA;EZR;PPIA,Negative Regulation of MAPK Cascade (GO:0043409)
GO:0019674,0.9999961,0.5631421,0.06153641,NADK2;NAMPT;NMNAT3;GPD1L;NADSYN1,NAD Metabolic Process (GO:0019674)
GO:0042886,0.9999961,0.5631421,0.06153641,VAPA;OSBP;ABCB9;CERT1;PLTP,Amide Transport (GO:0042886)
GO:0006865,0.9999961,0.5631421,0.06153641,SLC6A6;SLC7A5;SLC3A2;SLC1A5;SLC7A1,Amino Acid Transport (GO:0006865)
GO:0008334,0.9999961,0.5631421,0.06153641,UPF1;SSB;TUT7;XRN1;LSM1,Histone mRNA Metabolic Process (GO:0008334)
GO:0008053,0.9999961,0.5631421,0.06153641,STOML2;MIGA2;CHCHD3;NME3;MFN2,Mitochondrial Fusion (GO:0008053)
GO:0060339,0.9999961,0.5631421,0.06153641,MAVS;STAT2;OAS3;TTLL12;EIF4E2,Negative Regulation of Type I Interferon-Mediated Signaling Pathway (GO:0060339)
GO:0042551,0.9999961,0.5631421,0.06153641,APP;ANKS1A;SCARF1;CX3CL1;CLN5,Neuron Maturation (GO:0042551)
GO:0007269,0.9999961,0.5631421,0.06153641,SNAPIN;CDK5;NRXN1;PIP5K1C;SNCA,Neurotransmitter Secretion (GO:0007269)
GO:0042104,0.9999961,0.5631421,0.06153641,PPP3CA;IL18;RPS3;IGF1;ICOSLG,Positive Regulation of Activated T Cell Proliferation (GO:0042104)
GO:0010875,0.9999961,0.5631421,0.06153641,PON1;APOE;PLTP;NFKB1;CES1,Positive Regulation of Cholesterol Efflux (GO:0010875)
GO:0090208,0.9999961,0.5631421,0.06153641,APOC2;DAGLB;APOA5;LDLR;GPLD1,Positive Regulation of Triglyceride Metabolic Process (GO:0090208)
GO:0071168,0.9999961,0.5631421,0.06153641,H1-5;PARP1;WBP2;RUVBL2;LEMD2,Protein Localization to Chromatin (GO:0071168)
GO:0016925,0.9999961,0.5631421,0.06153641,TRIM28;UBA2;RANGAP1;SAE1;TRPM4,Protein Sumoylation (GO:0016925)
GO:0051983,0.9999961,0.5631421,0.06153641,NUMA1;CSNK2A2;ZNF207;PPP2R2A;RAB33B,Regulation of Chromosome Segregation (GO:0051983)
GO:0099643,0.9999961,0.5631421,0.06153641,SNAPIN;CDK5;NRXN1;PIP5K1C;SNCA,Signal Release From Synapse (GO:0099643)
GO:0030330,0.9999961,0.5406814,0.0588607,MUC1;MYO6;NDRG1;PRAP1,"DNA Damage Response, Signal Transduction by P53 Class Mediator (GO:0030330)"
GO:0044571,0.9999961,0.5406814,0.0588607,NFS1;GLRX3;NDUFAB1;FXN,[2Fe-2S] Cluster Assembly (GO:0044571)
GO:0033173,0.9999961,0.5406814,0.0588607,PPP3CA;PPP3CB;PPP3R1;ORAI1,calcineurin-NFAT Signaling Cascade (GO:0033173)
GO:0097720,0.9999961,0.5406814,0.0588607,PPP3CA;PPP3CB;PPP3R1;ORAI1,Calcineurin-Mediated Signaling (GO:0097720)
GO:1901264,0.9999961,0.5406814,0.0588607,VLDLR;LBP;SLC29A1;PLTP,Carbohydrate Derivative Transport (GO:1901264)
GO:0072663,0.9999961,0.5406814,0.0588607,PEX16;PEX19;PEX14;RAB8B,Establishment of Protein Localization to Peroxisome (GO:0072663)
GO:0033540,0.9999961,0.5406814,0.0588607,ACOT8;ACOX1;EHHADH;CRAT,Fatty Acid Beta-Oxidation Using acyl-CoA Oxidase (GO:0033540)
GO:0015012,0.9999961,0.5406814,0.0588607,NDST1;B3GAT3;GLCE;XYLT2,Heparan Sulfate Proteoglycan Biosynthetic Process (GO:0015012)
GO:0140467,0.9999961,0.5406814,0.0588607,IMPACT;ATAD3A;EIF2S1;GCN1,Integrated Stress Response Signaling (GO:0140467)
GO:0140042,0.9999961,0.5406814,0.0588607,BSCL2;RNF213;MOSPD2;CDS2,Lipid Droplet Formation (GO:0140042)
GO:0033617,0.9999961,0.5406814,0.0588607,COA3;SURF1;SCO1;COX17,Mitochondrial Cytochrome C Oxidase Assembly (GO:0033617)
GO:0010804,0.9999961,0.5406814,0.0588607,PPP2CB;CARD8;DICER1;GAS6,Negative Regulation of Tumor Necrosis Factor-Mediated Signaling Pathway (GO:0010804)
GO:0050927,0.9999961,0.5406814,0.0588607,F7;VEGFC;CDH13;SCG2,Positive Regulation of Positive Chemotaxis (GO:0050927)
GO:0043268,0.9999961,0.5406814,0.0588607,DLG1;KIF5B;FLNA;ADRA2A,Positive Regulation of Potassium Ion Transport (GO:0043268)
GO:1900029,0.9999961,0.5406814,0.0588607,P2RY12;NLGN1;FAM98A;PFN1,Positive Regulation of Ruffle Assembly (GO:1900029)
GO:1903939,0.9999961,0.5406814,0.0588607,GSK3B;TBK1;USP9X;NCKAP1L,Regulation of TORC2 Signaling (GO:1903939)
GO:0046902,0.9999961,0.5406814,0.0588607,CAMK2A;PPIF;SLC25A5;BCL2L1,Regulation of Mitochondrial Membrane Permeability (GO:0046902)
GO:0000122,0.9999961,0.8219397,0.08882372,APP;CTNND1;FHL2;HMGB2;HNRNPU;ENO1;SLA2;EPX;RPS14;C1QBP;TRPS1;LRRFIP1;NCK1;TSC22D4;PARP1;RPL23;FST;DICER1;PARP9;YWHAZ;SIRT2;DUSP22;PPM1A;IMPACT;SARS1;SFPQ;BIN1;TBL1XR1;TRAF6;DPEP2;ETF1;EZR;ZFPM1;PPID;ENG;KANK2;PSMD10;HDAC5;DDX5;NOTCH1;CTBP1;SRC;AEBP1;RELA;MTDH;STRN3;PURB;DNAJB1;PURA;SDCBP;CUX1;TPR;RALY;RPL15;RBBP7;ELANE;SNCA;IGBP1;PRNP;SEMA4D;STAT1;USP9X;STAT3;PDE2A;NFKB1;H1-5;DRAP1;DAB2;DLG1;PTPRC;CNOT1;NACA;CNOT2;COPS2;DNAJA3;NEDD4;MAGED2;HDGF;CALR;OGT;FRK;CC2D1A;FGFR2,Negative Regulation of Transcription by RNA Polymerase II (GO:0000122)
GO:0031570,0.9999961,0.5791622,0.06238008,LYN;UFL1;DTX3L;STK38;TIPRL;PARP9,DNA Integrity Checkpoint Signaling (GO:0031570)
GO:0030261,0.9999961,0.5791622,0.06238008,H1-5;TTR;CHMP1A;H1-0;H1-10;RAB33B,Chromosome Condensation (GO:0030261)
GO:0035024,0.9999961,0.5791622,0.06238008,RIPOR2;KCTD10;CUL3;HEG1;STMN1;ARHGAP35,Negative Regulation of Rho Protein Signal Transduction (GO:0035024)
GO:0030279,0.9999961,0.5791622,0.06238008,SMAD2;SRGN;ECM1;NOTCH1;PTK2B;TRPM4,Negative Regulation of Ossification (GO:0030279)
GO:0045947,0.9999961,0.5791622,0.06238008,LARP1;FMR1;TPR;SCRIB;EIF3E;EIF4E2,Negative Regulation of Translational Initiation (GO:0045947)
GO:0001755,0.9999961,0.5791622,0.06238008,NRP1;SEMA4D;SEMA6D;SEMA3B;FN1;SEMA3F,Neural Crest Cell Migration (GO:0001755)
GO:1902895,0.9999961,0.5791622,0.06238008,NOTCH2;NOTCH3;TGFB2;TGFB1;STAT3;RELA,Positive Regulation of miRNA Transcription (GO:1902895)
GO:0071108,0.9999961,0.5791622,0.06238008,USP14;USP8;VCPIP1;USP5;YOD1;OTUB1,Protein K48-linked Deubiquitination (GO:0071108)
GO:0035601,0.9999961,0.5791622,0.06238008,LYPLA2;LYPLA1;NOTUM;HDAC6;SIRT2;SIRT3,Protein Deacylation (GO:0035601)
GO:0007600,0.9999961,0.5791622,0.06238008,GPNMB;CDH23;TRPV2;GNAS;TMEM150C;NIPSNAP1,Sensory Perception (GO:0007600)
GO:0140448,0.9999961,0.5791622,0.06238008,SCG5;ECE1;FURIN;PCSK6;PCSK5;PLA2G7,Signaling Receptor Ligand Precursor Processing (GO:0140448)
GO:0043412,0.9999961,0.7287075,0.07730186,ERO1A;RPN2;UBA7;PRKDC;PLOD2;NEDD8;UBE2L3;AKT2;STK38;ST8SIA4;LCMT1;ST3GAL1;UBL4A;ST6GAL1;YES1;PARP1;ST8SIA3;RABGGTB;PHKA2;RABGGTA;MSRA;LOX;QPCT;UBA3;CPE;MAN2B1;UBE2M,Macromolecule Modification (GO:0043412)
GO:1903241,0.9999961,0.5911569,0.06208372,SF3A1;SF3B2;SF3A2;SF3B3;SNRPB2;SNRPF;SF3B1,U2-type Prespliceosome Assembly (GO:1903241)
GO:0006023,0.9999961,0.5911569,0.06208372,B3GNT8;B3GNT7;B4GAT1;B3GAT3;HEXA;XYLT2;B3GNT2,Aminoglycan Biosynthetic Process (GO:0006023)
GO:0033344,0.9999961,0.5911569,0.06208372,STX12;APOM;APOC2;APOC3;APOE;APOA5;TSKU,Cholesterol Efflux (GO:0033344)
GO:0021782,0.9999961,0.5911569,0.06208372,EIF2B5;APP;EIF2B4;EIF2B3;EIF2B2;EIF2B1;S100A9,Glial Cell Development (GO:0021782)
GO:0050768,0.9999961,0.5911569,0.06208372,FYCO1;NOTCH1;GDI1;RAPGEF2;HOOK3;SORL1;YWHAH,Negative Regulation of Neurogenesis (GO:0050768)
GO:0051347,0.9999961,0.5911569,0.06208372,CD74;GSK3A;DBI;APOE;RPS2;HLA-DRB1;UBE2L3,Positive Regulation of Transferase Activity (GO:0051347)
GO:0016441,0.9999961,0.5911569,0.06208372,TSNAX;AGO2;ZSWIM8;ELOB;DICER1;ELOC;SND1,Post-Transcriptional Gene Silencing (GO:0016441)
GO:0140861,0.9999961,0.5069497,0.05316468,BABAM1;DTX3L;BRCC3,DNA Repair-Dependent Chromatin Remodeling (GO:0140861)
GO:0070509,0.9999961,0.5069497,0.05316468,ATP2B4;TRPV2;MICU1,Calcium Ion Import (GO:0070509)
GO:0071492,0.9999961,0.5069497,0.05316468,MMP3;MMP9;PPID,Cellular Response to UV-A (GO:0071492)
GO:0061371,0.9999961,0.5069497,0.05316468,NOTCH1;PRKD2;ENG,Determination of Heart Left/Right Asymmetry (GO:0061371)
GO:0003143,0.9999961,0.5069497,0.05316468,NOTCH1;PRKD2;ENG,Embryonic Heart Tube Morphogenesis (GO:0003143)
GO:0006873,0.9999961,0.5069497,0.05316468,SLC4A1;RHAG;SLC39A14,Intracellular Monoatomic Ion Homeostasis (GO:0006873)
GO:0034982,0.9999961,0.5069497,0.05316468,STOML2;PMPCB;PMPCA,Mitochondrial Protein Processing (GO:0034982)
GO:0007076,0.9999961,0.5069497,0.05316468,TTR;CHMP1A;RAB33B,Mitotic Chromosome Condensation (GO:0007076)
GO:1903579,0.9999961,0.5069497,0.05316468,FIS1;PARP1;GIT1,Negative Regulation of ATP Metabolic Process (GO:1903579)
GO:0046636,0.9999961,0.5069497,0.05316468,LGALS3;TWSG1;VSIR,Negative Regulation of Alpha-Beta T Cell Activation (GO:0046636)
GO:0141086,0.9999961,0.5069497,0.05316468,HSPA8;CARD8;OGT,Negative Regulation of Inflammasome-Mediated Signaling Pathway (GO:0141086)
GO:0032693,0.9999961,0.5069497,0.05316468,THBS1;JAK3;VSIR,Negative Regulation of Interleukin-10 Production (GO:0032693)
GO:0031665,0.9999961,0.5069497,0.05316468,SIGIRR;CARD8;PTPN6,Negative Regulation of Lipopolysaccharide-Mediated Signaling Pathway (GO:0031665)
GO:0051961,0.9999961,0.5069497,0.05316468,NOTCH1;HOOK3;SORL1,Negative Regulation of Nervous System Development (GO:0051961)
GO:0034144,0.9999961,0.5069497,0.05316468,LYN;BPIFB1;SQSTM1,Negative Regulation of Toll-Like Receptor 4 Signaling Pathway (GO:0034144)
GO:0141193,0.9999961,0.5069497,0.05316468,CALCOCO1;LONP1;PDK3,Nuclear Receptor-Mediated Signaling Pathway (GO:0141193)
GO:0045740,0.9999961,0.5069497,0.05316468,DHX9;FAF1;CDK2,Positive Regulation of DNA Replication (GO:0045740)
GO:1904064,0.9999961,0.5069497,0.05316468,TOR2A;FLNA;CTSS,Positive Regulation of Cation Transmembrane Transport (GO:1904064)
GO:1905820,0.9999961,0.5069497,0.05316468,PLSCR1;NUMA1;RAB33B,Positive Regulation of Chromosome Separation (GO:1905820)
GO:0043243,0.9999961,0.5069497,0.05316468,FYCO1;TOM1;IGF1R,Positive Regulation of Protein-Containing Complex Disassembly (GO:0043243)
GO:1903307,0.9999961,0.5069497,0.05316468,NLGN1;RAB27A;UNC13D,Positive Regulation of Regulated Secretory Pathway (GO:1903307)
GO:0031054,0.9999961,0.5069497,0.05316468,TUT7;AGO2;DICER1,pre-miRNA Processing (GO:0031054)
GO:0035269,0.9999961,0.5069497,0.05316468,DPM1;DPM3;RXYLT1,Protein O-linked Mannosylation (GO:0035269)
GO:0036508,0.9999961,0.5069497,0.05316468,MAN1C1;MAN1B1;UGGT1,"Protein Alpha-1,2-Demannosylation (GO:0036508)"
GO:0006476,0.9999961,0.5069497,0.05316468,HDAC6;SIRT2;SIRT3,Protein Deacetylation (GO:0006476)
GO:0016558,0.9999961,0.5069497,0.05316468,PEX16;USP9X;PEX14,Protein Import Into Peroxisome Matrix (GO:0016558)
GO:0035268,0.9999961,0.5069497,0.05316468,DPM1;DPM3;RXYLT1,Protein Mannosylation (GO:0035268)
GO:1901987,0.9999961,0.5069497,0.05316468,DDB1;CDK5;ATP2B4,Regulation of Cell Cycle Phase Transition (GO:1901987)
GO:0002718,0.9999961,0.5069497,0.05316468,SLC7A5;BTK;TRPM4,Regulation of Cytokine Production Involved in Immune Response (GO:0002718)
GO:0045604,0.9999961,0.5069497,0.05316468,ROCK1;ROCK2;REXO2,Regulation of Epidermal Cell Differentiation (GO:0045604)
GO:0010565,0.9999961,0.5069497,0.05316468,PRKAG2;FGFR4;CES1,Regulation of Ketone Metabolic Process (GO:0010565)
GO:0051249,0.9999961,0.5069497,0.05316468,LCK;LEP;CRTAM,Regulation of Lymphocyte Activation (GO:0051249)
GO:0051341,0.9999961,0.5069497,0.05316468,PRDX5;LEP;PHB2,Regulation of Oxidoreductase Activity (GO:0051341)
GO:0051046,0.9999961,0.5069497,0.05316468,EGF;MYO6;CES1,Regulation of Secretion (GO:0051046)
GO:0034391,0.9999961,0.5069497,0.05316468,STUB1;IGF1;LRP6,Regulation of Smooth Muscle Cell Apoptotic Process (GO:0034391)
GO:0010866,0.9999961,0.5069497,0.05316468,TMX1;LDLR;GPLD1,Regulation of Triglyceride Biosynthetic Process (GO:0010866)
GO:0071731,0.9999961,0.5069497,0.05316468,GUCY1B1;CDK2;MMP3,Response to Nitric Oxide (GO:0071731)
GO:0034340,0.9999961,0.5069497,0.05316468,SHMT2;SHFL;TRIM56,Response to Type I Interferon (GO:0034340)
GO:0003009,0.9999961,0.5069497,0.05316468,TTR;MYH14;MYH7,Skeletal Muscle Contraction (GO:0003009)
GO:0070127,0.9999961,0.5069497,0.05316468,GARS1;SARS2;DARS2,tRNA Aminoacylation for Mitochondrial Protein Translation (GO:0070127)
GO:0001944,0.9999961,0.5069497,0.05316468,PDGFRB;PDGFRA;FLT4,Vasculature Development (GO:0001944)
GO:0030162,0.9999961,0.6751256,0.06993092,CSTB;SERPINE2;IST1;NEDD8;HDAC6;KNG1;BAG6;TSPAN15;DNAJC1;CASP8;ASPH;CDK5;GSAP;STUB1;FGFR4;OGT,Regulation of Proteolysis (GO:0030162)
GO:0016071,0.9999961,0.7265431,0.0729548,DDX5;SF3B2;SRSF1;TBRG4;SYNCRIP;MYG1;PCBP2;DCPS;DIS3L2;HNRNPA0;SF3A1;PNPT1;SF3A2;SSB;NSUN2;PRKCA;CNOT10;HNRNPAB;SND1;LSM3;LSM2;ATXN2L;SFPQ;LSM6;SLFN14;HNRNPA2B1;DCP1A;SRSF7,mRNA Metabolic Process (GO:0016071)
GO:0071482,0.9999961,0.6079007,0.05959619,DDB1;CUL4A;NPM1;PARP1;RUVBL2;NEDD4;PRKCD;PTPRK;EIF2S1,Cellular Response to Light Stimulus (GO:0071482)
GO:0001822,0.9999961,0.6079007,0.05959619,KANK2;BAG6;TGFB2;ARL3;PCSK9;CTSH;PCSK5;PKD1;BMP7,Kidney Development (GO:0001822)
GO:0035196,0.9999961,0.6079007,0.05959619,SMAD2;DDX5;TUT7;ZC3H7B;SRRT;AGO2;HNRNPA2B1;SRSF3;DICER1,miRNA Processing (GO:0035196)
GO:0044743,0.9999961,0.6079007,0.05959619,CHCHD4;PEX16;TOMM70;TOMM40;GRPEL1;TIMM44;PEX14;HSPD1;TIMM50,Protein Transmembrane Import Into Intracellular Organelle (GO:0044743)
GO:0032480,0.9999961,0.6139671,0.05784138,CYLD;ITCH;PPM1B;PTPRS;NPLOC4;CUL3;UFD1;BANF1;PTPN11;ATG5,Negative Regulation of Type I Interferon Production (GO:0032480)
GO:0000725,0.9999961,0.6139671,0.05784138,XRCC6;SFPQ;RAD50;MRE11;PPP4C;WDR48;PSMD14;XRCC5;RPA3;NUCKS1,Recombinational Repair (GO:0000725)
GO:0006346,0.9999961,0.450676,0.04234009,TRIM28;DPEP2,DNA Methylation-Dependent Constitutive Heterochromatin Formation (GO:0006346)
GO:0006270,0.9999961,0.450676,0.04234009,PURA;SLC25A15,DNA Replication Initiation (GO:0006270)
GO:0006983,0.9999961,0.450676,0.04234009,GSK3B;TMCO1,ER Overload Response (GO:0006983)
GO:0015820,0.9999961,0.450676,0.04234009,SLC7A5;SLC3A2,L-leucine Transport (GO:0015820)
GO:0062176,0.9999961,0.450676,0.04234009,RAD50;MRE11,R-loop Processing (GO:0062176)
GO:0014044,0.9999961,0.450676,0.04234009,PARD3;SIRT2,Schwann Cell Development (GO:0014044)
GO:0036462,0.9999961,0.450676,0.04234009,TRADD;TNFSF10,TRAIL-activated Apoptotic Signaling Pathway (GO:0036462)
GO:0008063,0.9999961,0.450676,0.04234009,IRAK3;IRAK4,Toll Signaling Pathway (GO:0008063)
GO:0033151,0.9999961,0.450676,0.04234009,PRKDC;HMGB2,V(D)J Recombination (GO:0033151)
GO:0048143,0.9999961,0.450676,0.04234009,APP;IFNGR1,Astrocyte Activation (GO:0048143)
GO:0015803,0.9999961,0.450676,0.04234009,SLC7A5;SLC3A2,Branched-Chain Amino Acid Transport (GO:0015803)
GO:1902656,0.9999961,0.450676,0.04234009,TRPV2;MS4A1,Calcium Ion Import Into Cytosol (GO:1902656)
GO:0086002,0.9999961,0.450676,0.04234009,PKP2;GPD1L,Cardiac Muscle Cell Action Potential Involved in Contraction (GO:0086002)
GO:0086003,0.9999961,0.450676,0.04234009,CAMK2D;PKP2,Cardiac Muscle Cell Contraction (GO:0086003)
GO:0055007,0.9999961,0.450676,0.04234009,AKAP13;TTR,Cardiac Muscle Cell Differentiation (GO:0055007)
GO:0071732,0.9999961,0.450676,0.04234009,GUCY1B1;MMP3,Cellular Response to Nitric Oxide (GO:0071732)
GO:1902170,0.9999961,0.450676,0.04234009,GUCY1B1;MMP3,Cellular Response to Reactive Nitrogen Species (GO:1902170)
GO:0042832,0.9999961,0.450676,0.04234009,LYST;PF4,Defense Response to Protozoan (GO:0042832)
GO:0045446,0.9999961,0.450676,0.04234009,JAG1;FSTL1,Endothelial Cell Differentiation (GO:0045446)
GO:0009084,0.9999961,0.450676,0.04234009,ASL;ASS1,Glutamine Family Amino Acid Biosynthetic Process (GO:0009084)
GO:0050930,0.9999961,0.450676,0.04234009,VEGFC;SCG2,Induction of Positive Chemotaxis (GO:0050930)
GO:0002758,0.9999961,0.450676,0.04234009,HCK;STING1,Innate Immune Response-Activating Signaling Pathway (GO:0002758)
GO:0060972,0.9999961,0.450676,0.04234009,NOTCH1;PRKD2,Left/Right Pattern Formation (GO:0060972)
GO:1901748,0.9999961,0.450676,0.04234009,GGT7;DPEP2,Leukotriene D4 Metabolic Process (GO:1901748)
GO:0034440,0.9999961,0.450676,0.04234009,ALOX12;PLA2G7,Lipid Oxidation (GO:0034440)
GO:0098734,0.9999961,0.450676,0.04234009,LYPLA2;LYPLA1,Macromolecule Depalmitoylation (GO:0098734)
GO:0036438,0.9999961,0.450676,0.04234009,STK39;CHMP4B,Maintenance of Lens Transparency (GO:0036438)
GO:0000460,0.9999961,0.450676,0.04234009,EIF6;PRKDC,Maturation of 5.8S rRNA (GO:0000460)
GO:0000463,0.9999961,0.450676,0.04234009,RPL35;RPL7,Maturation of LSU-rRNA Frm Tricistronic rRNA Trnscpt (GO:0000463)
GO:0051899,0.9999961,0.450676,0.04234009,CHRNE;YWHAH,Membrane Depolarization (GO:0051899)
GO:0000957,0.9999961,0.450676,0.04234009,PNPT1;PDE12,Mitochondrial RNA Catabolic Process (GO:0000957)
GO:2000042,0.9999961,0.450676,0.04234009,C1QBP;CSNK2A2,Negative Regulation of Double-Strand Break Repair via Homologous Recombination (GO:2000042)
GO:0040037,0.9999961,0.450676,0.04234009,GPC1;THBS1,Negative Regulation of Fibroblast Growth Factor Receptor Signaling Pathway (GO:0040037)
GO:0046676,0.9999961,0.450676,0.04234009,CHGA;PSMD9,Negative Regulation of Insulin Secretion (GO:0046676)
GO:0033137,0.9999961,0.450676,0.04234009,DMTN;RACK1,Negative Regulation of Peptidyl-Serine Phosphorylation (GO:0033137)
GO:0051154,0.9999961,0.450676,0.04234009,HDAC5;GSK3A,Negative Regulation of Striated Muscle Cell Differentiation (GO:0051154)
GO:0071028,0.9999961,0.450676,0.04234009,EXOSC6;XRN1,Nuclear mRNA Surveillance (GO:0071028)
GO:0032292,0.9999961,0.450676,0.04234009,PARD3;SIRT2,Peripheral Nervous System Axon Ensheathment (GO:0032292)
GO:0006646,0.9999961,0.450676,0.04234009,CHKB;PCYT2,Phosphatidylethanolamine Biosynthetic Process (GO:0006646)
GO:1901098,0.9999961,0.450676,0.04234009,FYCO1;TOM1,Positive Regulation of Autophagosome Maturation (GO:1901098)
GO:0030858,0.9999961,0.450676,0.04234009,GDF2;REXO2,Positive Regulation of Epithelial Cell Differentiation (GO:0030858)
GO:0010838,0.9999961,0.450676,0.04234009,NOTCH2;CDH15,Positive Regulation of Keratinocyte Proliferation (GO:0010838)
GO:0060907,0.9999961,0.450676,0.04234009,PLCG2;RTN4,Positive Regulation of Macrophage Cytokine Production (GO:0060907)
GO:2000179,0.9999961,0.450676,0.04234009,NAP1L1;CX3CL1,Positive Regulation of Neural Precursor Cell Proliferation (GO:2000179)
GO:1900153,0.9999961,0.450676,0.04234009,CNOT1;PABPC1,"+ Reg of Nuclear-Transcribed mRNA Cat Proc, Deadenylation-Dep Decay (GO:1900153)"
GO:0051047,0.9999961,0.450676,0.04234009,PPP3CA;ACSL3,Positive Regulation of Secretion (GO:0051047)
GO:0010867,0.9999961,0.450676,0.04234009,LDLR;GPLD1,Positive Regulation of Triglyceride Biosynthetic Process (GO:0010867)
GO:0035871,0.9999961,0.450676,0.04234009,VCPIP1;YOD1,Protein K11-linked Deubiquitination (GO:0035871)
GO:0007039,0.9999961,0.450676,0.04234009,VPS13A;CTSH,Protein Catabolic Process in the Vacuole (GO:0007039)
GO:0002084,0.9999961,0.450676,0.04234009,LYPLA2;LYPLA1,Protein Depalmitoylation (GO:0002084)
GO:0034501,0.9999961,0.450676,0.04234009,ZW10;BUB3,Protein Localization to Kinetochore (GO:0034501)
GO:0070212,0.9999961,0.450676,0.04234009,ZC3HAV1;PARP9,Protein poly-ADP-ribosylation (GO:0070212)
GO:0006621,0.9999961,0.450676,0.04234009,OS9;RER1,Protein Retention in ER Lumen (GO:0006621)
GO:0006625,0.9999961,0.450676,0.04234009,PEX16;PEX19,Protein Targeting to Peroxisome (GO:0006625)
GO:0090481,0.9999961,0.450676,0.04234009,SLC35B4;SLC35D3,Pyrimidine Nucleotide-Sugar Transmembrane Transport (GO:0090481)
GO:0031125,0.9999961,0.450676,0.04234009,EXOSC2;RPS21,rRNA 3'-End Processing (GO:0031125)
GO:0046813,0.9999961,0.450676,0.04234009,LRRC15;GAS6,Receptor-Mediated Virion Attachment to Host Cell (GO:0046813)
GO:0050864,0.9999961,0.450676,0.04234009,SH3KBP1;BANK1,Regulation of B Cell Activation (GO:0050864)
GO:2000001,0.9999961,0.450676,0.04234009,BRCC3;CCAR2,Regulation of DNA Damage Checkpoint (GO:2000001)
GO:0030832,0.9999961,0.450676,0.04234009,WAS;BRK1,Regulation of Actin Filament Length (GO:0030832)
GO:1902749,0.9999961,0.450676,0.04234009,NPM1;CDK2,Regulation of Cell Cycle G2/M Phase Transition (GO:1902749)
GO:0031344,0.9999961,0.450676,0.04234009,MACF1;SEMA4D,Regulation of Cell Projection Organization (GO:0031344)
GO:0030450,0.9999961,0.450676,0.04234009,C4BPB;CD46,"Regulation of Complement Activation, Classical Pathway (GO:0030450)"
GO:0019217,0.9999961,0.450676,0.04234009,EIF6;PRKAG2,Regulation of Fatty Acid Metabolic Process (GO:0019217)
GO:0090083,0.9999961,0.450676,0.04234009,DNAJB2;DNAJB1,Regulation of Inclusion Body Assembly (GO:0090083)
GO:0043269,0.9999961,0.450676,0.04234009,NEDD4;STC1,Regulation of Monoatomic Ion Transport (GO:0043269)
GO:0150011,0.9999961,0.450676,0.04234009,MACF1;LGALS12,Regulation of Neuron Projection Arborization (GO:0150011)
GO:0050926,0.9999961,0.450676,0.04234009,F7;CDH13,Regulation of Positive Chemotaxis (GO:0050926)
GO:1902882,0.9999961,0.450676,0.04234009,GGT7;MCTP1,Regulation of Response to Oxidative Stress (GO:1902882)
GO:1905063,0.9999961,0.450676,0.04234009,KIT;PDCD4,Regulation of Vascular Associated Smooth Muscle Cell Differentiation (GO:1905063)
GO:0048741,0.9999961,0.450676,0.04234009,PPP3CA;PPP3CB,Skeletal Muscle Fiber Development (GO:0048741)
GO:0031126,0.9999961,0.450676,0.04234009,EXOSC6;EXOSC2,sno(s)RNA 3'-End Processing (GO:0031126)
GO:0042780,0.9999961,0.450676,0.04234009,SSB;HSD17B10,tRNA 3'-End Processing (GO:0042780)
GO:0070525,0.9999961,0.450676,0.04234009,LAGE3;OSGEP,tRNA Threonylcarbamoyladenosine Metabolic Process (GO:0070525)
GO:0034134,0.9999961,0.450676,0.04234009,RIPK2;LGALS9,Toll-Like Receptor 2 Signaling Pathway (GO:0034134)
GO:0044843,0.9999961,0.6190088,0.05591716,CUL4A;PPP6C;KHDRBS1;CUL5;CUL3;CAMK2A;CUL2;CDK2;BCAT1;EIF4E;GSPT1,Cell Cycle G1/S Phase Transition (GO:0044843)
GO:0140014,0.9999961,0.6190088,0.05591716,PPP1CC;SPAST;UBE2C;NDE1;ZW10;ZNF207;CHMP2A;CHMP4B;CLASP1;RAN;CLASP2,Mitotic Nuclear Division (GO:0140014)
GO:0071901,0.9999961,0.6190088,0.05591716,LYN;PTPN1;PROC;HEG1;STK38;LRP5;PTPRJ;IRAK3;APOE;CDK5RAP3;LRP6,Negative Regulation of Protein Serine/Threonine Kinase Activity (GO:0071901)
GO:0043491,0.9999961,0.6190088,0.05591716,FCGR3B;C1QBP;CLSTN1;STAT3;PIK3R4;TYRO3;AKT1;PIK3CB;PIK3R1;PIK3CG;IGF1R,Phosphatidylinositol 3-Kinase/Protein Kinase B Signal Transduction (GO:0043491)
GO:0051962,0.9999961,0.6190088,0.05591716,NLGN1;NLGN2;CLSTN3;SLITRK1;NRXN1;CLSTN1;NUMB;NAP1L1;GHRL;TGM2;LRRC4B,Positive Regulation of Nervous System Development (GO:0051962)
GO:0045071,0.9999961,0.6268965,0.05184435,IFITM3;RNASEL;IFITM2;EIF2AK2;ZC3HAV1;BST2;ILF3;MAVS;PLSCR1;CCL5;OAS3;BANF1;SHFL,Negative Regulation of Viral Genome Replication (GO:0045071)
GO:0042770,0.9999961,0.6268965,0.05184435,LYN;DTX3L;PARP9;MAPK14;PRAP1;NDRG1;UFL1;MUC1;TIPRL;MYO6;STK38;GRB2;BID,Signal Transduction in Response to DNA Damage (GO:0042770)
GO:0006281,0.9999961,0.7540607,0.06018194,FTO;VCP;MRE11;PRKDC;TEX264;FMR1;DDX1;CIB1;NUCKS1;BRCC3;PARK7;BABAM1;BABAM2;ATXN3;VCPIP1;TRIM28;RPS3;TNKS1BP1;ASCC2;ASCC3;UPF1;USP47;XRCC6;NPM1;SLC30A9;USP7;PARP1;DTX3L;XRCC5;USP9X;CSNK2A2;HUWE1;NME3;RAD23A;PARP9;RAD23B;DDB1;PPP5C;RAD50;RRM2B;APEX1;RPA3;PSME4;UBE2V2;ADPRS;TRIP13;UBE2V1,DNA Repair (GO:0006281)
GO:0010717,0.9999961,0.674717,0.05367614,SMAD2;GSK3B;TGFB2;TNXB;TGFB1;TGFB1I1;HPN;MTOR;PTK2;BMP5;COL1A1;SDCBP;DAB2;RGCC;GLIPR2;DAG1;CTNNB1;DSG2;CLASP1;FERMT2;CLASP2,Regulation of Epithelial to Mesenchymal Transition (GO:0010717)
GO:0048585,0.9999961,0.6300352,0.0497848,LYN;PTPN1;GGT7;MCTP1;MPIG6B;AMBP;CLU;ADRA2A;COL3A1;UBASH3B;DDAH1;LPCAT3;RPS3;APPL2,Negative Regulation of Response to Stimulus (GO:0048585)
GO:0051241,0.9999961,0.761553,0.05959536,ITGB1;APP;GSK3B;GSK3A;PPP1R11;DOCK7;PTPN23;PTPRG;CRHBP;ADAMTS5;RPS19;CASP3;ARHGDIB;SVEP1;EMILIN1;SRGN;PARP1;ITGA4;IFNGR1;F2R;ACOT13;TWSG1;ADAM17;ALDH1A1;PGAM5;DSG2;EVL;GAS6;ITGA9;NOTCH1;LAMA4;HPN;PON1;STC1;CORO1C;APOM;GPNMB;RBBP7;RAB11FIP3;SMAD2;NRDC;APOC3;LNPEP;ATP2B1;BMP5;PROC;RGCC;RHEB;GNAS;PAEP;CALR;OGT,Negative Regulation of Multicellular Organismal Process (GO:0051241)
GO:1902679,0.9999961,0.765871,0.05574813,FCN3;NDUFA13;LOXL3;HMGB2;ENO1;PTPRK;LIMD1;PHB2;CCAR2;TRIM28;QARS1;YWHAQ;BASP1;TSC22D4;PARP1;PRMT2;COMMD7;SIRT2;DKK3;ILF3;SFPQ;TRAF6;LANCL2;DPEP2;GAS6;PLCB1;PFDN5;KHDRBS1;HDAC5;NOTCH1;CTBP1;SHC1;HDAC6;PPM1F;RELA;STRN3;BCLAF1;SAP18;RBBP7;SNX6;SMAD2;HSPA8;XRCC6;TGFB1;XRCC5;CBX3;NONO;PA2G4;BMP7;PEX14;HNRNPL;GCLC;HNRNPK;CDK5;PDCD4;CTNNB1;CALR;LIMS1,Negative Regulation of RNA Biosynthetic Process (GO:1902679)
GO:0001960,0.9999961,0.6351759,0.04574803,TINAGL1;CARD8;STAT2;IRAK3;DICER1;SIGIRR;PPP2CB;CYLD;MAVS;PTPRC;OAS3;DNAJA3;TTLL12;EIF4E2;GAS6;IL6ST,Negative Regulation of Cytokine-Mediated Signaling Pathway (GO:0001960)
GO:0032020,0.9999961,0.3380476,0.02295428,UBA7,ISG15-protein Conjugation (GO:0032020)
GO:0007220,0.9999961,0.3380476,0.02295428,NCSTN,Notch Receptor Processing (GO:0007220)
GO:0046085,0.9999961,0.3380476,0.02295428,NT5C2,Adenosine Metabolic Process (GO:0046085)
GO:0006309,0.9999961,0.3380476,0.02295428,DICER1,Apoptotic DNA Fragmentation (GO:0006309)
GO:0006287,0.9999961,0.3380476,0.02295428,APEX1,"Base-Excision Repair, Gap-Filling (GO:0006287)"
GO:0003161,0.9999961,0.3380476,0.02295428,NOTCH2,Cardiac Conduction System Development (GO:0003161)
GO:0003300,0.9999961,0.3380476,0.02295428,TTR,Cardiac Muscle Hypertrophy (GO:0003300)
GO:0150146,0.9999961,0.3380476,0.02295428,CX3CL1,Cell Junction Disassembly (GO:0150146)
GO:0007185,0.9999961,0.3380476,0.02295428,PTPRF,Cell Surface Receptor Protein Tyrosine Phosphatase Signaling Pathway (GO:0007185)
GO:0071281,0.9999961,0.3380476,0.02295428,TFR2,Cellular Response to Iron Ion (GO:0071281)
GO:0055064,0.9999961,0.3380476,0.02295428,SLC12A2,Chloride Ion Homeostasis (GO:0055064)
GO:0180010,0.9999961,0.3380476,0.02295428,CPSF7,"Co-Transcriptional mRNA 3'-End Processing, Cleavage and Polyadenylation Pathway (GO:0180010)"
GO:0009235,0.9999961,0.3380476,0.02295428,MMAB,Cobalamin Metabolic Process (GO:0009235)
GO:0015889,0.9999961,0.3380476,0.02295428,CD320,Cobalamin Transport (GO:0015889)
GO:0090103,0.9999961,0.3380476,0.02295428,HPN,Cochlea Morphogenesis (GO:0090103)
GO:0015677,0.9999961,0.3380476,0.02295428,STEAP3,Copper Ion Import (GO:0015677)
GO:0051838,0.9999961,0.3380476,0.02295428,CFHR5,Cytolysis by Host of Symbiont Cells (GO:0051838)
GO:0001580,0.9999961,0.3380476,0.02295428,BPNT1,Detection of Chemical Stimulus Involved in Sensory Perception of Bitter Taste (GO:0001580)
GO:0050912,0.9999961,0.3380476,0.02295428,BPNT1,Detection of Chemical Stimulus Involved in Sensory Perception of Taste (GO:0050912)
GO:0043650,0.9999961,0.3380476,0.02295428,MTHFD1,Dicarboxylic Acid Biosynthetic Process (GO:0043650)
GO:0097680,0.9999961,0.3380476,0.02295428,XRCC6,Double-Strand Break Repair via Classical Nonhomologous End Joining (GO:0097680)
GO:0035113,0.9999961,0.3380476,0.02295428,TGFB2,Embryonic Appendage Morphogenesis (GO:0035113)
GO:0000479,0.9999961,0.3380476,0.02295428,RPS21,Endonucleolytic Clvg of Tricistronic rRNA Trnscpt (GO:0000479)
GO:1904380,0.9999961,0.3380476,0.02295428,UGGT1,Endoplasmic Reticulum Mannose Trimming (GO:1904380)
GO:0036115,0.9999961,0.3380476,0.02295428,ACOT7,fatty-acyl-CoA Catabolic Process (GO:0036115)
GO:0046655,0.9999961,0.3380476,0.02295428,SHMT1,Folic Acid Metabolic Process (GO:0046655)
GO:0035315,0.9999961,0.3380476,0.02295428,MYO6,Hair Cell Differentiation (GO:0035315)
GO:0070828,0.9999961,0.3380476,0.02295428,MTHFR,Heterochromatin Organization (GO:0070828)
GO:0033152,0.9999961,0.3380476,0.02295428,PRKDC,Immunoglobulin V(D)J Recombination (GO:0033152)
GO:0002227,0.9999961,0.3380476,0.02295428,BPIFB1,Innate Immune Response in Mucosa (GO:0002227)
GO:0035773,0.9999961,0.3380476,0.02295428,SELENOT,Insulin Secretion Involved in Cellular Response to Glucose Stimulus (GO:0035773)
GO:1901750,0.9999961,0.3380476,0.02295428,GGT7,Leukotriene D4 Biosynthetic Process (GO:1901750)
GO:0002285,0.9999961,0.3380476,0.02295428,CD74,Lymphocyte Activation Involved in Immune Response (GO:0002285)
GO:0006264,0.9999961,0.3380476,0.02295428,RRM2B,Mitochondrial DNA Replication (GO:0006264)
GO:0070900,0.9999961,0.3380476,0.02295428,HSD17B10,Mitochondrial tRNA Modification (GO:0070900)
GO:0031573,0.9999961,0.3380476,0.02295428,MRE11,Mitotic intra-S DNA Damage Checkpoint Signaling (GO:0031573)
GO:0015844,0.9999961,0.3380476,0.02295428,SLC18A2,Monoamine Transport (GO:0015844)
GO:0055081,0.9999961,0.3380476,0.02295428,SLC12A2,Monoatomic Anion Homeostasis (GO:0055081)
GO:0001773,0.9999961,0.3380476,0.02295428,DOCK2,Myeloid Dendritic Cell Activation (GO:0001773)
GO:0034316,0.9999961,0.3380476,0.02295428,GMFG,Negative Regulation of Arp2/3 Complex-Mediated Actin Nucleation (GO:0034316)
GO:0002725,0.9999961,0.3380476,0.02295428,HLA-F,Negative Regulation of T Cell Cytokine Production (GO:0002725)
GO:0046639,0.9999961,0.3380476,0.02295428,SLC4A2,Negative Regulation of Alpha-Beta T Cell Differentiation (GO:0046639)
GO:0045779,0.9999961,0.3380476,0.02295428,UBASH3B,Negative Regulation of Bone Resorption (GO:0045779)
GO:0002692,0.9999961,0.3380476,0.02295428,PLCB1,Negative Regulation of Cellular Extravasation (GO:0002692)
GO:2000766,0.9999961,0.3380476,0.02295428,FMR1,Negative Regulation of Cytoplasmic Translation (GO:2000766)
GO:1904036,0.9999961,0.3380476,0.02295428,PRKAA1,Negative Regulation of Epithelial Cell Apoptotic Process (GO:1904036)
GO:0002686,0.9999961,0.3380476,0.02295428,BMP5,Negative Regulation of Leukocyte Migration (GO:0002686)
GO:0070664,0.9999961,0.3380476,0.02295428,LYN,Negative Regulation of Leukocyte Proliferation (GO:0070664)
GO:1901525,0.9999961,0.3380476,0.02295428,VPS13C,Negative Regulation of Mitophagy (GO:1901525)
GO:0033033,0.9999961,0.3380476,0.02295428,EPX,Negative Regulation of Myeloid Cell Apoptotic Process (GO:0033033)
GO:0070571,0.9999961,0.3380476,0.02295428,PTPRS,Negative Regulation of Neuron Projection Regeneration (GO:0070571)
GO:0090315,0.9999961,0.3380476,0.02295428,GDI1,Negative Regulation of Protein Targeting to Membrane (GO:0090315)
GO:1902883,0.9999961,0.3380476,0.02295428,MCTP1,Negative Regulation of Response to Oxidative Stress (GO:1902883)
GO:0060331,0.9999961,0.3380476,0.02295428,TINAGL1,Negative Regulation of Response to Type II Interferon (GO:0060331)
GO:1900028,0.9999961,0.3380476,0.02295428,EVL,Negative Regulation of Ruffle Assembly (GO:1900028)
GO:0034136,0.9999961,0.3380476,0.02295428,LYN,Negative Regulation of Toll-Like Receptor 2 Signaling Pathway (GO:0034136)
GO:0010944,0.9999961,0.3380476,0.02295428,MUC1,Negative Regulation of Transcription by Competitive Promoter Binding (GO:0010944)
GO:0060336,0.9999961,0.3380476,0.02295428,TINAGL1,Negative Regulation of Type II Interferon-Mediated Signaling Pathway (GO:0060336)
GO:0031102,0.9999961,0.3380476,0.02295428,RTN4RL2,Neuron Projection Regeneration (GO:0031102)
GO:0009313,0.9999961,0.3380476,0.02295428,MAN2C1,Oligosaccharide Catabolic Process (GO:0009313)
GO:0031016,0.9999961,0.3380476,0.02295428,SELENOT,Pancreas Development (GO:0031016)
GO:0030046,0.9999961,0.3380476,0.02295428,FSCN1,Parallel Actin Filament Bundle Assembly (GO:0030046)
GO:0035357,0.9999961,0.3380476,0.02295428,PDK3,Peroxisome Proliferator Activated Receptor Signaling Pathway (GO:0035357)
GO:0006595,0.9999961,0.3380476,0.02295428,HDAC6,Polyamine Metabolic Process (GO:0006595)
GO:0046638,0.9999961,0.3380476,0.02295428,NCKAP1L,Positive Regulation of Alpha-Beta T Cell Differentiation (GO:0046638)
GO:1903589,0.9999961,0.3380476,0.02295428,JCAD,+ Reg of Blood Vessel Endothelial Cell Proliferation Inv in Sprouting Angiogenesis (GO:1903589)
GO:1904037,0.9999961,0.3380476,0.02295428,PLA2R1,Positive Regulation of Epithelial Cell Apoptotic Process (GO:1904037)
GO:0044029,0.9999961,0.3380476,0.02295428,APEX1,Positive Regulation of Gene Expression via Chromosomal CpG Island Demethylation (GO:0044029)
GO:0060732,0.9999961,0.3380476,0.02295428,SNCA,Positive Regulation of Inositol Phosphate Biosynthetic Process (GO:0060732)
GO:1903238,0.9999961,0.3380476,0.02295428,SELENOP,Positive Regulation of Leukocyte Tethering or Rolling (GO:1903238)
GO:0002052,0.9999961,0.3380476,0.02295428,CX3CL1,Positive Regulation of Neuroblast Proliferation (GO:0002052)
GO:0150012,0.9999961,0.3380476,0.02295428,LGALS12,Positive Regulation of Neuron Projection Arborization (GO:0150012)
GO:1900370,0.9999961,0.3380476,0.02295428,FXR1,Positive Regulation of Post-Transcriptional Gene Silencing by RNA (GO:1900370)
GO:1901341,0.9999961,0.3380476,0.02295428,STIM1,Positive Regulation of Store-Operated Calcium Channel Activity (GO:1901341)
GO:0031915,0.9999961,0.3380476,0.02295428,DBN1,Positive Regulation of Synaptic Plasticity (GO:0031915)
GO:0006560,0.9999961,0.3380476,0.02295428,ALDH4A1,Proline Metabolic Process (GO:0006560)
GO:0071947,0.9999961,0.3380476,0.02295428,USP9X,Protein Deubiquitination Involved in Ubiquitin-Dependent Protein Catabolic Process (GO:0071947)
GO:0016562,0.9999961,0.3380476,0.02295428,USP9X,"Protein Import Into Peroxisome Matrix, Receptor Recycling (GO:0016562)"
GO:0009218,0.9999961,0.3380476,0.02295428,CMPK1,Pyrimidine Ribonucleotide Metabolic Process (GO:0009218)
GO:0070475,0.9999961,0.3380476,0.02295428,NOP2,rRNA Base Methylation (GO:0070475)
GO:0045622,0.9999961,0.3380476,0.02295428,HLA-DRB1,Regulation of T-helper Cell Differentiation (GO:0045622)
GO:0050812,0.9999961,0.3380476,0.02295428,PDK3,Regulation of acyl-CoA Biosynthetic Process (GO:0050812)
GO:0048841,0.9999961,0.3380476,0.02295428,NRP1,Regulation of Axon Extension Involved in Axon Guidance (GO:0048841)
GO:0110097,0.9999961,0.3380476,0.02295428,VDAC1,Regulation of Calcium Import Into the Mitochondrion (GO:0110097)
GO:0060259,0.9999961,0.3380476,0.02295428,STAT3,Regulation of Feeding Behavior (GO:0060259)
GO:0045191,0.9999961,0.3380476,0.02295428,TFRC,Regulation of Isotype Switching (GO:0045191)
GO:0050999,0.9999961,0.3380476,0.02295428,LEP,Regulation of Nitric-Oxide Synthase Activity (GO:0050999)
GO:2001204,0.9999961,0.3380476,0.02295428,NOTCH2,Regulation of Osteoclast Development (GO:2001204)
GO:1904814,0.9999961,0.3380476,0.02295428,USP7,"Regulation of Protein Localization to Chromosome, Telomeric Region (GO:1904814)"
GO:2000232,0.9999961,0.3380476,0.02295428,WDR43,Regulation of rRNA Processing (GO:2000232)
GO:0007063,0.9999961,0.3380476,0.02295428,CTNNB1,Regulation of Sister Chromatid Cohesion (GO:0007063)
GO:2000035,0.9999961,0.3380476,0.02295428,SMYD5,Regulation of Stem Cell Division (GO:2000035)
GO:0003081,0.9999961,0.3380476,0.02295428,ENPEP,Regulation of Systemic Arterial Blood Pressure by Renin-Angiotensin (GO:0003081)
GO:0034135,0.9999961,0.3380476,0.02295428,LYN,Regulation of Toll-Like Receptor 2 Signaling Pathway (GO:0034135)
GO:0032909,0.9999961,0.3380476,0.02295428,TGFB2,Regulation of Transforming Growth Factor Beta2 Production (GO:0032909)
GO:0090207,0.9999961,0.3380476,0.02295428,MBOAT7,Regulation of Triglyceride Metabolic Process (GO:0090207)
GO:0034616,0.9999961,0.3380476,0.02295428,ASS1,Response to Laminar Fluid Shear Stress (GO:0034616)
GO:0010042,0.9999961,0.3380476,0.02295428,SLFN14,Response to Manganese Ion (GO:0010042)
GO:0031290,0.9999961,0.3380476,0.02295428,NRP1,Retinal Ganglion Cell Axon Guidance (GO:0031290)
GO:0050913,0.9999961,0.3380476,0.02295428,BPNT1,Sensory Perception of Bitter Taste (GO:0050913)
GO:0007608,0.9999961,0.3380476,0.02295428,GNAS,Sensory Perception of Smell (GO:0007608)
GO:0006837,0.9999961,0.3380476,0.02295428,SLC18A2,Serotonin Transport (GO:0006837)
GO:0007549,0.9999961,0.3380476,0.02295428,HNRNPU,Sex-Chromosome Dosage Compensation (GO:0007549)
GO:0014866,0.9999961,0.3380476,0.02295428,TTR,Skeletal Myofibril Assembly (GO:0014866)
GO:0016447,0.9999961,0.3380476,0.02295428,PRKDC,Somatic Recombination of Immunoglobulin Gene Segments (GO:0016447)
GO:0007289,0.9999961,0.3380476,0.02295428,PSME4,Spermatid Nucleus Differentiation (GO:0007289)
GO:0008216,0.9999961,0.3380476,0.02295428,HDAC6,Spermidine Metabolic Process (GO:0008216)
GO:0014897,0.9999961,0.3380476,0.02295428,TTR,Striated Muscle Hypertrophy (GO:0014897)
GO:0016078,0.9999961,0.3380476,0.02295428,DICER1,tRNA Decay (GO:0016078)
GO:0140673,0.9999961,0.3380476,0.02295428,USP15,Transcription Elongation-Coupled Chromatin Remodeling (GO:0140673)
GO:0030321,0.9999961,0.3380476,0.02295428,SLC12A2,Transepithelial Chloride Transport (GO:0030321)
GO:0044342,0.9999961,0.3380476,0.02295428,SERPINB1,Type B Pancreatic Cell Proliferation (GO:0044342)
GO:0008542,0.9999961,0.3380476,0.02295428,APP,Visual Learning (GO:0008542)
GO:0033108,0.9999961,0.6743893,0.04371044,NDUFA13;COX17;NDUFB3;COX7A2;CHCHD4;SAMM50;AIFM1;COA3;SURF1;NDUFA6;BCS1L;ATP5F1D;COX7A2L;NDUFS8;NDUFS7;SCO1;NDUFS5;NDUFS4;NDUFS3;TMEM126A;NDUFAF2;NDUFS2;NDUFS1;FXN;ATPAF1,Mitochondrial Respiratory Chain Complex Assembly (GO:0033108)
GO:0000184,0.9999961,0.5252778,0.03339226,UPF2;UPF1;RBM8A;EIF4A3;PYM1;EIF3E;GSPT1,"Nuclear-Transcribed mRNA Catabolic Process, Nonsense-Mediated Decay (GO:0000184)"
GO:2000026,0.9999961,0.5252778,0.03339226,BAG6;RAB14;TNN;RUVBL2;RUVBL1;HPSE;UCHL5,Regulation of Multicellular Organismal Development (GO:2000026)
GO:0040029,0.9999961,0.5065789,0.03209835,APP;HDAC5;GPX1;SMYD5;SIRT2;HDAC6,Epigenetic Regulation of Gene Expression (GO:0040029)
GO:0060765,0.9999961,0.5065789,0.03209835,DDX5;PRMT2;RNF14;PARK7;PKN1;HDAC6,Regulation of Androgen Receptor Signaling Pathway (GO:0060765)
GO:1900027,0.9999961,0.5065789,0.03209835,P2RY12;NLGN1;RDX;EVL;FAM98A;PFN1,Regulation of Ruffle Assembly (GO:1900027)
GO:0000086,0.9999961,0.5402207,0.03404199,KHDRBS1;CCNY;PPME1;ENSA;CDK2;PLCB1;LCMT1;DNM2,G2/M Transition of Mitotic Cell Cycle (GO:0000086)
GO:0016242,0.9999961,0.5402207,0.03404199,SCFD1;LYPLA1;QSOX1;TSC1;SEC22B;HDAC6;MTOR;MTM1,Negative Regulation of Macroautophagy (GO:0016242)
GO:0009395,0.9999961,0.5402207,0.03404199,PRDX5;PRKCSH;LIPG;ANGPTL3;PLA2G4A;PNPLA6;GPCPD1;PLBD2,Phospholipid Catabolic Process (GO:0009395)
GO:0045621,0.9999961,0.5402207,0.03404199,XRCC6;MMP14;SYK;PRKDC;AXL;BTK;NCKAP1L;GAS6,Positive Regulation of Lymphocyte Differentiation (GO:0045621)
GO:0051276,0.9999961,0.4825142,0.02992645,H1-5;NAA10;BANF1;H1-0;H1-10,Chromosome Organization (GO:0051276)
GO:0050890,0.9999961,0.4825142,0.02992645,CYFIP1;CHMP2B;GNAS;MAGT1;SHROOM4,Cognition (GO:0050890)
GO:0046339,0.9999961,0.4825142,0.02992645,DGKG;DGKA;DAGLB;DGKZ;DGKH,Diacylglycerol Metabolic Process (GO:0046339)
GO:0010669,0.9999961,0.4825142,0.02992645,RBP4;MUC2;PRRC1;LSR;SCRIB,Epithelial Structure Maintenance (GO:0010669)
GO:0090497,0.9999961,0.4825142,0.02992645,NRP1;SEMA4D;SEMA6D;SEMA3B;SEMA3F,Mesenchymal Cell Migration (GO:0090497)
GO:0030150,0.9999961,0.4825142,0.02992645,TOMM70;TOMM40;GRPEL1;TIMM44;TIMM50,Protein Import Into Mitochondrial Matrix (GO:0030150)
GO:0070918,0.9999961,0.4825142,0.02992645,TSNAX;ZC3H7B;AGO2;DICER1;SND1,Regulatory ncRNA Processing (GO:0070918)
GO:0030216,0.9999961,0.5524318,0.03421883,BCR;PPP3CA;ASAH1;CLIC4;ANXA1;JAG1;CASP3;IVL;S100A7,Keratinocyte Differentiation (GO:0030216)
GO:0048514,0.9999961,0.5625941,0.03404844,NRP1;TGFB1;SYK;LOX;FLT4;ANGPTL3;LRP5;GDF2;CCM2;ENG,Blood Vessel Morphogenesis (GO:0048514)
GO:0015807,0.9999961,0.4504008,0.02656203,SLC7A5;SLC3A2;SFXN1;SLC7A1,L-amino Acid Transport (GO:0015807)
GO:0060997,0.9999961,0.4504008,0.02656203,CDC42;DOCK10;ARHGEF7;SHANK3,Dendritic Spine Morphogenesis (GO:0060997)
GO:0002064,0.9999961,0.4504008,0.02656203,CLDN3;CDH2;RILPL2;BMP5,Epithelial Cell Development (GO:0002064)
GO:0046580,0.9999961,0.4504008,0.02656203,TGFB2;MFN2;STAMBP;RASAL3,Negative Regulation of Ras Protein Signal Transduction (GO:0046580)
GO:0015804,0.9999961,0.4504008,0.02656203,SLC6A6;SLC7A5;SLC3A2;SLC1A5,Neutral Amino Acid Transport (GO:0015804)
GO:0033700,0.9999961,0.4504008,0.02656203,APOC2;APOC3;APOE;APOA5,Phospholipid Efflux (GO:0033700)
GO:0051254,0.9999961,0.4504008,0.02656203,PNPT1;NFKB1;RELA;WDR43,Positive Regulation of RNA Metabolic Process (GO:0051254)
GO:0090050,0.9999961,0.4504008,0.02656203,TGFBR3;ANXA1;CIB1;JCAD,Positive Regulation of Cell Migration Involved in Sprouting Angiogenesis (GO:0090050)
GO:0009889,0.9999961,0.4504008,0.02656203,STC2;CD47;JAK2;SNCA,Regulation of Biosynthetic Process (GO:0009889)
GO:0035303,0.9999961,0.4504008,0.02656203,IGBP1;MTMR2;ROCK1;SRC,Regulation of Dephosphorylation (GO:0035303)
GO:0051917,0.9999961,0.4504008,0.02656203,THBD;VTN;SERPINE1;THBS1,Regulation of Fibrinolysis (GO:0051917)
GO:0006937,0.9999961,0.4504008,0.02656203,CNN1;TPM1;ENO1;MYL9,Regulation of Muscle Contraction (GO:0006937)
GO:0008535,0.9999961,0.4504008,0.02656203,COA3;SURF1;SCO1;COX17,Respiratory Chain Complex IV Assembly (GO:0008535)
GO:0006829,0.9999961,0.4504008,0.02656203,SLC30A9;SLC30A1;SLC39A7;SLC39A14,Zinc Ion Transport (GO:0006829)
GO:0002683,0.9999961,0.5785284,0.03301345,YWHAE;LYN;COL3A1;ITCH;BPIFB1;AMBP;GPR108;TSC22D3;TYRO3;IRAK3;LILRB2;SQSTM1,Negative Regulation of Immune System Process (GO:0002683)
GO:0032774,0.9999961,0.6438079,0.03662679,SMAD2;PRMT5;RNASEL;CELF2;PABPC4;HNRNPU;HNRNPL;SYNCRIP;EXOSC6;PPP5C;HNRNPK;RRAGC;HNRNPDL;FUBP3;HNRNPF;XRN2;HNRNPD;HNRNPH3;PTMA;EXOSC2;NFKBIB,RNA Biosynthetic Process (GO:0032774)
GO:0008380,0.9999961,0.6438079,0.03662679,SF3B2;SF3B3;RBM8A;PRMT1;FUS;LSM1;NOL3;LSM4;CCAR2;PPP1R9B;SYNCRIP;SFPQ;LSM6;RRAGC;KHSRP;HNRNPH3;SNRPF;HNRNPC;TARDBP;SRSF7;SF3B1,RNA Splicing (GO:0008380)
GO:0070922,0.9999961,0.4054095,0.0216077,DHX9;AGO2;DICER1,RISC Complex Assembly (GO:0070922)
GO:0030326,0.9999961,0.4054095,0.0216077,TGFB2;CTNNB1;ECE1,Embryonic Limb Morphogenesis (GO:0030326)
GO:0046486,0.9999961,0.4054095,0.0216077,DGKG;PGP;DGKZ,Glycerolipid Metabolic Process (GO:0046486)
GO:0042759,0.9999961,0.4054095,0.0216077,GSTM2;GPX4;ALOX12,Long-Chain Fatty Acid Biosynthetic Process (GO:0042759)
GO:0010829,0.9999961,0.4054095,0.0216077,GSK3A;PRKCB;LEP,Negative Regulation of D-glucose Transmembrane Transport (GO:0010829)
GO:0002710,0.9999961,0.4054095,0.0216077,UFL1;PTPRC;HLA-F,Negative Regulation of T Cell Mediated Immunity (GO:0002710)
GO:0032375,0.9999961,0.4054095,0.0216077,APOC2;APOC3;APOE,Negative Regulation of Cholesterol Transport (GO:0032375)
GO:0045879,0.9999961,0.4054095,0.0216077,HERC4;VCP;RACK1,Negative Regulation of Smoothened Signaling Pathway (GO:0045879)
GO:0046337,0.9999961,0.4054095,0.0216077,CHKB;PCYT2;PNPLA8,Phosphatidylethanolamine Metabolic Process (GO:0046337)
GO:0045880,0.9999961,0.4054095,0.0216077,RAB34;TXNDC15;UCHL5,Positive Regulation of Smoothened Signaling Pathway (GO:0045880)
GO:0006301,0.9999961,0.4054095,0.0216077,VCP;UBE2V2;UBE2V1,Postreplication Repair (GO:0006301)
GO:2001239,0.9999961,0.4054095,0.0216077,INHBA;BCL2L1;PF4,Regulation of Extrinsic Apoptotic Signaling Pathway in Absence of Ligand (GO:2001239)
GO:0045616,0.9999961,0.4054095,0.0216077,NUMA1;ROCK1;ROCK2,Regulation of Keratinocyte Differentiation (GO:0045616)
GO:0060759,0.9999961,0.4054095,0.0216077,MAVS;DHX9;PARP9,Regulation of Response to Cytokine Stimulus (GO:0060759)
GO:0006942,0.9999961,0.4054095,0.0216077,BMP10;GRK2;PRKCA,Regulation of Striated Muscle Contraction (GO:0006942)
GO:0070141,0.9999961,0.4054095,0.0216077,MMP3;MMP9;PPID,Response to UV-A (GO:0070141)
GO:0030488,0.9999961,0.4054095,0.0216077,NSUN2;WDR6;HSD17B10,tRNA Methylation (GO:0030488)
GO:0071577,0.9999961,0.4054095,0.0216077,SLC39A7;SLC39A14;TMEM163,Zinc Ion Transmembrane Transport (GO:0071577)
GO:0051028,0.9999961,0.5904382,0.03143167,NUP214;UPF2;UPF1;CHTOP;RBM8A;FMR1;EIF4A3;FXR1;XPO1;FXR2;TPR;HNRNPA2B1;SRSF3;EIF4E,mRNA Transport (GO:0051028)
GO:0006351,0.9999961,0.6472508,0.03194464,SMAD2;PRMT5;DDX5;PARP1;TSC22D1;CAVIN1;GTF3C5;MARS1;ARRB2;MRPL12;NFKB1;DRAP1;RO60;PPP5C;RRAGC;FUBP3;COPS2;TFAM;TRIP11;TRIP13;POLR2H;PTMA;RBMX;NFKBIB,DNA-templated Transcription (GO:0006351)
GO:0000209,0.9999961,0.7292723,0.03583877,UBE3C;RNF14;UBE3A;UBE2L3;NPEPPS;UBE2Q1;TRIM5;FBXO4;ARIH2;TRIM25;FBXO7;TRIM21;TRIM65;SKP1;KCMF1;NHLRC3;DTX3L;UBE4A;UBE4B;TRAF7;TRAF6;UBE2V2;RBCK1;UBE2V1;THOP1;ANAPC1;TRIM56;RNF31;CUL5;CUL3;MYCBP2;UBR4;NT5C2;TANK;UBE2J1;ZNRF2;RNF213;SHARPIN;RMND5A;UBE2H;UBE2C;HUWE1;LNPEP;ITCH;NEDD4;CDC16;CTNNB1;TPP2;UBE2O;BLMH;STUB1;UBE2K,Protein Polyubiquitination (GO:0000209)
GO:0044772,0.9999961,0.6482091,0.03051378,KHDRBS1;CUL5;CUL3;CUL2;CAMK2A;GSPT1;PPP6C;SPAST;PPME1;ENSA;EIF4E;LCMT1;CLASP1;CLASP2;UBE2C;DNM2;CUL4A;CCNY;CDK2;CHMP2A;TACC3;CHMP4B;BCAT1;PLCB1;ANAPC1,Mitotic Cell Cycle Phase Transition (GO:0044772)
GO:0022616,0.9999961,0.3378818,0.01468257,RAD50;MRE11,DNA Strand Elongation (GO:0022616)
GO:0006048,0.9999961,0.3378818,0.01468257,NAGK;GFPT1,UDP-N-acetylglucosamine Biosynthetic Process (GO:0006048)
GO:0015670,0.9999961,0.3378818,0.01468257,CA2;RHAG,Carbon Dioxide Transport (GO:0015670)
GO:0071493,0.9999961,0.3378818,0.01468257,MFAP4;MAPK14,Cellular Response to UV-B (GO:0071493)
GO:0070593,0.9999961,0.3378818,0.01468257,TNN;NEXN,Dendrite Self-Avoidance (GO:0070593)
GO:0009299,0.9999961,0.3378818,0.01468257,DDX5;TFCP2,mRNA Transcription (GO:0009299)
GO:0000965,0.9999961,0.3378818,0.01468257,PNPT1;HSD17B10,Mitochondrial RNA 3'-End Processing (GO:0000965)
GO:0000266,0.9999961,0.3378818,0.01468257,FIS1;MFF,Mitochondrial Fission (GO:0000266)
GO:0046325,0.9999961,0.3378818,0.01468257,GSK3A;LEP,Negative Regulation of D-glucose Import (GO:0046325)
GO:1900226,0.9999961,0.3378818,0.01468257,HSPA8;CARD8,Negative Regulation of NLRP3 Inflammasome Complex Assembly (GO:1900226)
GO:0048147,0.9999961,0.3378818,0.01468257,FTH1;EMD,Negative Regulation of Fibroblast Proliferation (GO:0048147)
GO:0032688,0.9999961,0.3378818,0.01468257,PPM1B;PTPRS,Negative Regulation of Interferon-Beta Production (GO:0032688)
GO:0050732,0.9999961,0.3378818,0.01468257,DMTN;MVP,Negative Regulation of Peptidyl-Tyrosine Phosphorylation (GO:0050732)
GO:0051151,0.9999961,0.3378818,0.01468257,PDCD4;RBPMS2,Negative Regulation of Smooth Muscle Cell Differentiation (GO:0051151)
GO:1902455,0.9999961,0.3378818,0.01468257,RBBP7;OGT,Negative Regulation of Stem Cell Population Maintenance (GO:1902455)
GO:0018230,0.9999961,0.3378818,0.01468257,ZDHHC20;GOLGA7,peptidyl-L-cysteine S-palmitoylation (GO:0018230)
GO:0018231,0.9999961,0.3378818,0.01468257,ZDHHC20;GOLGA7,peptidyl-S-diacylglycerol-L-cysteine Biosynthetic Process From Peptidyl-Cysteine (GO:0018231)
GO:0043923,0.9999961,0.3378818,0.01468257,HPN;NUCKS1,Positive Regulation by Host of Viral Transcription (GO:0043923)
GO:0002821,0.9999961,0.3378818,0.01468257,CD81;IL6ST,Positive Regulation of Adaptive Immune Response (GO:0002821)
GO:2000049,0.9999961,0.3378818,0.01468257,TJP1;FLOT1,Positive Regulation of Cell-Cell Adhesion Mediated by Cadherin (GO:2000049)
GO:0070131,0.9999961,0.3378818,0.01468257,COA3;DDX3X,Positive Regulation of Mitochondrial Translation (GO:0070131)
GO:1905564,0.9999961,0.3378818,0.01468257,ITGA4;FGFR1,Positive Regulation of Vascular Endothelial Cell Proliferation (GO:1905564)
GO:0033081,0.9999961,0.3378818,0.01468257,CLPTM1;SOD1,Regulation of T Cell Differentiation in Thymus (GO:0033081)
GO:0030852,0.9999961,0.3378818,0.01468257,TESC;HCLS1,Regulation of Granulocyte Differentiation (GO:0030852)
GO:0003254,0.9999961,0.3378818,0.01468257,CAMK2D;GPD1L,Regulation of Membrane Depolarization (GO:0003254)
GO:1903725,0.9999961,0.3378818,0.01468257,MTMR2;PHB2,Regulation of Phospholipid Metabolic Process (GO:1903725)
GO:1904356,0.9999961,0.3378818,0.01468257,PARP1;HNRNPA2B1,Regulation of Telomere Maintenance via Telomere Lengthening (GO:1904356)
GO:0034163,0.9999961,0.3378818,0.01468257,PTPRS;RTN4,Regulation of Toll-Like Receptor 9 Signaling Pathway (GO:0034163)
GO:1905562,0.9999961,0.3378818,0.01468257,ITGA4;FGFR1,Regulation of Vascular Endothelial Cell Proliferation (GO:1905562)
GO:0046782,0.9999961,0.3378818,0.01468257,IFITM3;TRIM21,Regulation of Viral Transcription (GO:0046782)
GO:0071772,0.9999961,0.3378818,0.01468257,GDF2;BMP7,Response to BMP (GO:0071772)
GO:0009070,0.9999961,0.3378818,0.01468257,MTHFD1;SERINC3,Serine Family Amino Acid Biosynthetic Process (GO:0009070)
GO:0098883,0.9999961,0.3378818,0.01468257,ITGAM;CX3CL1,Synapse Pruning (GO:0098883)
GO:0010526,0.9999961,0.3378818,0.01468257,TUT7;SMYD5,Transposable Element Silencing (GO:0010526)
GO:0044839,0.9999961,0.4909273,0.01879964,KHDRBS1;CCNY;PPME1;ENSA;CDK2;PLCB1;LCMT1;DNM2,Cell Cycle G2/M Phase Transition (GO:0044839)
GO:0046839,0.9999961,0.4909273,0.01879964,INPP5B;MTMR2;PIP4P2;PIP4P1;MTMR12;SYNJ1;SACM1L;MTM1,Phospholipid Dephosphorylation (GO:0046839)
GO:2001252,0.9999961,0.4909273,0.01879964,RAD50;MRE11;NEK7;MAPK1;TERF2IP;PRKCQ;MAP3K4;RAB33B,Positive Regulation of Chromosome Organization (GO:2001252)
GO:1902893,0.9999961,0.4909273,0.01879964,NOTCH2;APP;NOTCH3;DDX5;TGFB2;TGFB1;STAT3;RELA,Regulation of miRNA Transcription (GO:1902893)
GO:2000036,0.9999961,0.4909273,0.01879964,CNOT1;CNOT2;CNOT3;DSG2;RBBP7;ELAVL1;OGT;WDR43,Regulation of Stem Cell Population Maintenance (GO:2000036)
GO:0009226,0.9999961,0.4725746,0.01782542,GMPPB;NAGK;GMDS;UXS1;GFPT1;PMM2;NANS,Nucleotide-Sugar Biosynthetic Process (GO:0009226)
GO:0030278,0.9999961,0.4725746,0.01782542,SMAD2;ECM1;NOTCH1;BMP2K;PTPN11;NOTUM;DDR2,Regulation of Ossification (GO:0030278)
GO:0051100,0.9999961,0.539759,0.0199814,GOLGA2;DNAJB2;RALB;PEX19;ROCK1;CPNE1;RACK1;BAX;CFHR5;CAMK1;ZFPM1;PEX14,Negative Regulation of Binding (GO:0051100)
GO:0019216,0.9999961,0.539759,0.0199814,LACTB;RNF213;MBOAT7;APOC2;ADGRF5;ANGPTL8;PLCG2;PRKAG2;APOC3;IRS2;FGFR4;CERS2,Regulation of Lipid Metabolic Process (GO:0019216)
GO:0031146,0.9999961,0.4501253,0.0164409,FBXL20;CUL5;CUL2;FBXO4;FBXO3;SKP1,SCF-dependent Proteasomal Ubiquitin-Dependent Protein Catabolic Process (GO:0031146)
GO:0034644,0.9999961,0.5554997,0.0196077,NPM1;PARP1;MMP3;PRKCD;PTPRK;MAPK14;MMP9;EIF2S1;DDB1;CUL4A;MFAP4;RUVBL2;NEDD4;PPID,Cellular Response to UV (GO:0034644)
GO:0000959,0.9999961,0.4220433,0.01455772,MYG1;PNPT1;TFAM;MRPL12;TBRG4,Mitochondrial RNA Metabolic Process (GO:0000959)
GO:0035567,0.9999961,0.4220433,0.01455772,CDC42;DAAM1;CELSR1;CELSR2;RHOA,Non-Canonical Wnt Signaling Pathway (GO:0035567)
GO:0043543,0.9999961,0.4220433,0.01455772,NAA10;ZDHHC20;SPHK1;ZDHHC5;NAT10,Protein Acylation (GO:0043543)
GO:0141198,0.9999961,0.4220433,0.01455772,ITCH;TRAF6;CDC16;HUWE1;UBR4,Protein Branched Polyubiquitination (GO:0141198)
GO:0010968,0.9999961,0.4220433,0.01455772,DCTN1;PKN1;CKAP5;EML2;GIT1,Regulation of Microtubule Nucleation (GO:0010968)
GO:0006282,0.9999961,0.5620447,0.01928815,SF3B3;PARP1;DHX9;ACTL6A;BRCC3;UCHL5;BABAM1;BABAM2;PPP4C;TRIM28;RUVBL2;RUVBL1;UBE2V2;RPS3;UBE2V1,Regulation of DNA Repair (GO:0006282)
GO:0046330,0.9999961,0.5678921,0.01890637,APP;MAP4K2;FLT4;MINK1;CARD9;MTURN;DUSP22;SDCBP;TAOK3;TAOK1;PTK2B;RIPK1;CCN2;TNIK;PLCB1;MAP3K5,Positive Regulation of JNK Cascade (GO:0046330)
GO:0010719,0.9999961,0.3859147,0.01209017,GSK3B;HPN;DSG2;BMP5,Negative Regulation of Epithelial to Mesenchymal Transition (GO:0010719)
GO:0001881,0.9999961,0.3859147,0.01209017,EHD3;USP9X;LMTK2;SORL1,Receptor Recycling (GO:0001881)
GO:0032784,0.9999961,0.3859147,0.01209017,TSFM;PARP1;WDR43;HMGN1,Regulation of DNA-templated Transcription Elongation (GO:0032784)
GO:0010389,0.9999961,0.3859147,0.01209017,RRM2B;VPS4B;CDK2;RAB11A,Regulation of G2/M Transition of Mitotic Cell Cycle (GO:0010389)
GO:0000819,0.9999961,0.3859147,0.01209017,PPP1CC;ZW10;ZNF207;RAN,Sister Chromatid Segregation (GO:0000819)
GO:0070936,0.9999961,0.5930146,0.015978,KCMF1;UBE2H;UBE3C;DTX3L;UBE2C;CUL3;MYCBP2;UBR4;HUWE1;UBE3A;NT5C2;ZNRF2;ITCH;CDC16;ARIH2;TRIM25;FBXO7;TRIM21;TRIM65;UBE2K;ANAPC1;SKP1,Protein K48-linked Ubiquitination (GO:0070936)
GO:0036261,0.9999961,0.2252816,0.006043964,SNRPF,7-Methylguanosine Cap Hypermethylation (GO:0036261)
GO:0071897,0.9999961,0.2252816,0.006043964,RRM2B,DNA Biosynthetic Process (GO:0071897)
GO:0036260,0.9999961,0.2252816,0.006043964,SNRPF,RNA Capping (GO:0036260)
GO:0110154,0.9999961,0.2252816,0.006043964,DCPS,RNA Decapping (GO:0110154)
GO:0071038,0.9999961,0.2252816,0.006043964,EXOSC2,TRAMP-dependent tRNA Surveillance Pathway (GO:0071038)
GO:0098937,0.9999961,0.2252816,0.006043964,KIF5B,Anterograde Dendritic Transport (GO:0098937)
GO:0031103,0.9999961,0.2252816,0.006043964,RTN4RL2,Axon Regeneration (GO:0031103)
GO:0098703,0.9999961,0.2252816,0.006043964,TRPV2,Calcium Ion Import Across Plasma Membrane (GO:0098703)
GO:0180012,0.9999961,0.2252816,0.006043964,CPSF7,"Co-Transcriptional RNA 3'-End Processing, Cleavage and Polyadenylation Pathway (GO:0180012)"
GO:0017004,0.9999961,0.2252816,0.006043964,SURF1,Cytochrome Complex Assembly (GO:0017004)
GO:0050655,0.9999961,0.2252816,0.006043964,B3GAT3,Dermatan Sulfate Proteoglycan Metabolic Process (GO:0050655)
GO:0034311,0.9999961,0.2252816,0.006043964,SPHK1,Diol Metabolic Process (GO:0034311)
GO:0000467,0.9999961,0.2252816,0.006043964,EXOSC2,Exonucleolytic Trimming to Gen Mat 3'-End of 5.8S rRNA Frm Tricistronic rRNA Trnscpt (GO:0000467)
GO:0001561,0.9999961,0.2252816,0.006043964,ILVBL,Fatty Acid Alpha-Oxidation (GO:0001561)
GO:0007143,0.9999961,0.2252816,0.006043964,DDB1,Female Meiotic Nuclear Division (GO:0007143)
GO:0007369,0.9999961,0.2252816,0.006043964,SMAD2,Gastrulation (GO:0007369)
GO:0015014,0.9999961,0.2252816,0.006043964,NDST1,"Heparan Sulfate Proteoglycan Biosynthetic Process, Chain Elongation (GO:0015014)"
GO:0051122,0.9999961,0.2252816,0.006043964,GSTM2,Hepoxilin Biosynthetic Process (GO:0051122)
GO:0051121,0.9999961,0.2252816,0.006043964,GSTM2,Hepoxilin Metabolic Process (GO:0051121)
GO:0042789,0.9999961,0.2252816,0.006043964,TFCP2,mRNA Transcription by RNA Polymerase II (GO:0042789)
GO:0044784,0.9999961,0.2252816,0.006043964,TACC3,Metaphase/Anaphase Transition of Cell Cycle (GO:0044784)
GO:0007091,0.9999961,0.2252816,0.006043964,TACC3,Metaphase/Anaphase Transition of Mitotic Cell Cycle (GO:0007091)
GO:0035279,0.9999961,0.2252816,0.006043964,AGO2,miRNA-mediated Gene Silencing by mRNA Destabilization (GO:0035279)
GO:0099111,0.9999961,0.2252816,0.006043964,DYNC1I2,Microtubule-Based Transport (GO:0099111)
GO:0006298,0.9999961,0.2252816,0.006043964,RPA3,Mismatch Repair (GO:0006298)
GO:0090646,0.9999961,0.2252816,0.006043964,HSD17B10,Mitochondrial tRNA Processing (GO:0090646)
GO:0007064,0.9999961,0.2252816,0.006043964,NAA50,Mitotic Sister Chromatid Cohesion (GO:0007064)
GO:0046851,0.9999961,0.2252816,0.006043964,UBASH3B,Negative Regulation of Bone Remodeling (GO:0046851)
GO:2000669,0.9999961,0.2252816,0.006043964,GAS6,Negative Regulation of Dendritic Cell Apoptotic Process (GO:2000669)
GO:0060192,0.9999961,0.2252816,0.006043964,APOC3,Negative Regulation of Lipase Activity (GO:0060192)
GO:0045650,0.9999961,0.2252816,0.006043964,INHBA,Negative Regulation of Macrophage Differentiation (GO:0045650)
GO:0010832,0.9999961,0.2252816,0.006043964,HDAC5,Negative Regulation of Myotube Differentiation (GO:0010832)
GO:1905064,0.9999961,0.2252816,0.006043964,PDCD4,Negative Regulation of Vascular Associated Smooth Muscle Cell Differentiation (GO:1905064)
GO:0045161,0.9999961,0.2252816,0.006043964,NRCAM,Neuronal Ion Channel Clustering (GO:0045161)
GO:0071035,0.9999961,0.2252816,0.006043964,EXOSC2,Nuclear Polyadenylation-Dependent rRNA Catabolic Process (GO:0071035)
GO:0055062,0.9999961,0.2252816,0.006043964,FGFR4,Phosphate Ion Homeostasis (GO:0055062)
GO:0000271,0.9999961,0.2252816,0.006043964,NDST1,Polysaccharide Biosynthetic Process (GO:0000271)
GO:1905821,0.9999961,0.2252816,0.006043964,RAB33B,Positive Regulation of Chromosome Condensation (GO:1905821)
GO:0043255,0.9999961,0.2252816,0.006043964,OGT,Regulation of Carbohydrate Biosynthetic Process (GO:0043255)
GO:0099623,0.9999961,0.2252816,0.006043964,FLNA,Regulation of Cardiac Muscle Cell Membrane Repolarization (GO:0099623)
GO:0002691,0.9999961,0.2252816,0.006043964,LYVE1,Regulation of Cellular Extravasation (GO:0002691)
GO:0060623,0.9999961,0.2252816,0.006043964,RAB33B,Regulation of Chromosome Condensation (GO:0060623)
GO:0030856,0.9999961,0.2252816,0.006043964,GDF2,Regulation of Epithelial Cell Differentiation (GO:0030856)
GO:0031644,0.9999961,0.2252816,0.006043964,ROCK2,Regulation of Nervous System Process (GO:0031644)
GO:1902692,0.9999961,0.2252816,0.006043964,CX3CL1,Regulation of Neuroblast Proliferation (GO:1902692)
GO:0046620,0.9999961,0.2252816,0.006043964,SOD1,Regulation of Organ Growth (GO:0046620)
GO:0033280,0.9999961,0.2252816,0.006043964,FES,Response to Vitamin D (GO:0033280)
GO:0097178,0.9999961,0.2252816,0.006043964,ARF6,Ruffle Assembly (GO:0097178)
GO:0019233,0.9999961,0.2252816,0.006043964,NIPSNAP1,Sensory Perception of Pain (GO:0019233)
GO:0034162,0.9999961,0.2252816,0.006043964,IRAK4,Toll-Like Receptor 9 Signaling Pathway (GO:0034162)
GO:0036324,0.9999961,0.2252816,0.006043964,PDCD6,Vascular Endothelial Growth Factor Receptor-2 Signaling Pathway (GO:0036324)
GO:0046349,0.9999961,0.337716,0.008994199,NAGK;GFPT1;NANS,Amino Sugar Biosynthetic Process (GO:0046349)
GO:0042987,0.9999961,0.337716,0.008994199,ADAM17;NCSTN;ADAM10,Amyloid Precursor Protein Catabolic Process (GO:0042987)
GO:0075509,0.9999961,0.337716,0.008994199,CTSL;JPT2;EPS15,Endocytosis Involved in Viral Entry Into Host Cell (GO:0075509)
GO:0045599,0.9999961,0.337716,0.008994199,TGFB1;SIRT2;FERMT2,Negative Regulation of Fat Cell Differentiation (GO:0045599)
GO:0071027,0.9999961,0.337716,0.008994199,EXOSC6;XRN1;EXOSC2,Nuclear RNA Surveillance (GO:0071027)
GO:0038083,0.9999961,0.337716,0.008994199,LCK;PTK2B;IGF1R,Peptidyl-Tyrosine Autophosphorylation (GO:0038083)
GO:0010720,0.9999961,0.337716,0.008994199,NUMB;NAP1L1;TGM2,Positive Regulation of Cell Development (GO:0010720)
GO:0051984,0.9999961,0.337716,0.008994199,NUMA1;SIRT2;RAB33B,Positive Regulation of Chromosome Segregation (GO:0051984)
GO:0045039,0.9999961,0.337716,0.008994199,TOMM70;NDUFA13;TIMM13,Protein Insertion Into Mitochondrial Inner Membrane (GO:0045039)
GO:0018345,0.9999961,0.337716,0.008994199,ZDHHC20;ZDHHC5;GOLGA7,Protein Palmitoylation (GO:0018345)
GO:0006396,0.9999961,0.7161653,0.01892084,RPL5;TUT7;CELF2;HNRNPU;CCAR2;RPL7;PPP1R9B;SYNCRIP;RPS17;RPS16;RPS19;KHSRP;RPS7;PRMT1;NSUN2;PABPC4;PRKCA;SFPQ;RRAGC;XRN2;FASTKD5;SBDS;RPL27;HNRNPH3;SNRPF;SRSF7;FTO;RNASEL;SF3B2;SF3B3;RBM8A;KARS1;RPL11;NOP2;SRSF1;NOLC1;NOL3;TBRG4;EXOSC6;MYG1;HNRNPDL;RPL14;EXOSC2;SF3B1;HNRNPA0;SF3A1;NOP58;SF3A2;SSB;FUS;LSM1;RPL35A;LSM4;LSM3;HNRNPL;RPS25;RPS28;HNRNPK;LSM6;HNRNPF;HNRNPA2B1;HNRNPD;ACIN1;HNRNPC;TARDBP,RNA Processing (GO:0006396)
GO:0006974,0.9999961,0.7236177,0.019088,WDR48;MRE11;FMR1;CIB1;PARK7;BABAM1;RPTOR;BABAM2;UFL1;PAXX;TRIM28;MLST8;IKBKG;VAV3;UPF1;USP47;DTX3L;PARP1;PRMT1;CSNK2A2;PRKCD;NME3;REXO2;PRAP1;GNL1;ATAD3A;NRBP1;DDB1;RRM2B;PSME4;MAPKAPK2;ADPRS;OTUB1;VCP;UBA7;PRKDC;UBA6;BRCC3;TANK;UACA;VCPIP1;BCLAF1;STK38;RPS3;BID;LDLR;LYN;NPM1;XRCC5;CBX3;CBX1;MAPK14;MTOR;PPP1CA;CUL4A;RAD50;PROC;TAOK3;WNK1;TTC5;APEX1;TAOK1;NEDD4;RPA3;CDK2;BAX;GRB2;UBA1;PKN1;BCL2L1,DNA Damage Response (GO:0006974)
GO:0009913,0.9999961,0.4818651,0.01139955,BCR;PPP3CA;CLIC4;ASAH1;ANXA1;JAG1;CASP3;CTNNB1;IVL;S100A7,Epidermal Cell Differentiation (GO:0009913)
GO:0031507,0.9999961,0.4818651,0.01139955,HNRNPK;CBX3;LMNA;CBX1;H2AC21;HNRNPU;H1-0;LMNB2;SIRT2;LMNB1,Heterochromatin Formation (GO:0031507)
GO:0070373,0.9999961,0.4818651,0.01139955,LYN;PTPN1;DLG1;DUSP3;PTPRC;RANBP9;EMILIN1;FBLN1;EZR;SYNJ2BP,Negative Regulation of ERK1 and ERK2 Cascade (GO:0070373)
GO:0045814,0.9999961,0.5058358,0.01194635,HDAC5;USP7;SMYD5;CBX3;CBX1;H2AC21;LMNA;H1-0;LMNB2;SIRT2;HDAC6;LMNB1,"Negative Regulation of Gene Expression, Epigenetic (GO:0045814)"
GO:0006259,0.9999961,0.6726582,0.01576874,VCP;MRE11;PRKDC;FMR1;HMGB2;PARK7;PTMS;SYNCRIP;PURA;NT5E;TRIM28;RUVBL2;RUVBL1;FBXO4;LONP1;RPS3;UPF1;XRCC6;NPM1;DUT;PARP1;XRCC5;PTGES3;ACTL6A;NME3;NAP1L1;HNRNPAB;UCHL5;DDB1;SLC25A15;RAD50;RRM2B;APEX1;RPA3;PSME4;CDK2;UBE2V2;TERF2IP;ADPRS;DNASE1;MCM6;SSBP1;DCTPP1;RAN;DNASE1L1;ZPR1,DNA Metabolic Process (GO:0006259)
GO:0045661,0.9999961,0.467095,0.01092065,RIPOR2;NOTCH1;TGFB1;MSTN;FLOT2;TRIP4;LRRC8A;PLCB1;MAPK14,Regulation of Myoblast Differentiation (GO:0045661)
GO:0045739,0.9999961,0.5244433,0.01208321,MRE11;PARP1;DHX9;ACTL6A;BRCC3;UCHL5;BABAM1;BABAM2;RAD50;TRIM28;RUVBL2;RUVBL1;UBE2V2;RPS3,Positive Regulation of DNA Repair (GO:0045739)
GO:1901990,0.9999961,0.5244433,0.01208321,UBE2C;CUL3;PKD1;SIRT2;PPP1R9B;DDB1;RGCC;ZW10;CDK2;PSME1;PSME2;PTPN6;APPL2;APPL1,Regulation of Mitotic Cell Cycle Phase Transition (GO:1901990)
GO:0031047,0.9999961,0.4498495,0.01027184,TSNAX;HNRNPK;DHX9;AGO2;HNRNPU;DICER1;PABPC1;SND1,Regulatory ncRNA-mediated Gene Silencing (GO:0031047)
GO:0000387,0.9999961,0.4498495,0.01027184,PRMT5;USP4;CLNS1A;GEMIN5;SNRPF;LSM4;LSM2;WDR77,Spliceosomal snRNP Assembly (GO:0000387)
GO:0048813,0.9999961,0.4294537,0.009426455,CDC42;DOCK10;MINK1;ARHGEF7;CELSR2;SHANK3;METAP2,Dendrite Morphogenesis (GO:0048813)
GO:0072331,0.9999961,0.4294537,0.009426455,HINT1;DDX5;MUC1;CASP6;MYO6;PRAP1;NDRG1,Signal Transduction by P53 Class Mediator (GO:0072331)
GO:0045943,0.9999961,0.4049624,0.008359338,MYO1E;CARM1;MARS1;SF3B1;WDR43;MTOR,Positive Regulation of Transcription by RNA Polymerase I (GO:0045943)
GO:0070979,0.9999961,0.4049624,0.008359338,UBE2H;CUL5;UBE2C;CDC16;UBR4;UBE2L3,Protein K11-linked Ubiquitination (GO:0070979)
GO:0051225,0.9999961,0.5566792,0.01138994,NUMA1;TUBGCP2;NEK7;ABRAXAS2;RHOA;RAB11A;GOLGA2;WRAP73;KIF2A;PPP2R1A;ZNF207;RPS3;FLNA;TUBGCP3;MAPRE1;MAPRE2;KPNB1;CLASP1;CLASP2,Spindle Assembly (GO:0051225)
GO:0006506,0.9999961,0.2702053,0.005378924,DPM1;DPM3,GPI Anchor Biosynthetic Process (GO:0006506)
GO:0006505,0.9999961,0.2702053,0.005378924,DPM1;DPM3,GPI Anchor Metabolic Process (GO:0006505)
GO:0006047,0.9999961,0.2702053,0.005378924,NAGK;GFPT1,UDP-N-acetylglucosamine Metabolic Process (GO:0006047)
GO:0006760,0.9999961,0.2702053,0.005378924,SHMT2;SHMT1,Folic Acid-Containing Compound Metabolic Process (GO:0006760)
GO:0015669,0.9999961,0.2702053,0.005378924,CA2;RHAG,Gas Transport (GO:0015669)
GO:0042771,0.9999961,0.2702053,0.005378924,BAG6;TMEM109,Intrinsic Apoptotic Signaling Pathway in Response to DNA Damage by P53 Class Mediator (GO:0042771)
GO:0030277,0.9999961,0.2702053,0.005378924,RBP4;MUC2,Maintenance of Gastrointestinal Epithelium (GO:0030277)
GO:0050869,0.9999961,0.2702053,0.005378924,BANK1;INHBA,Negative Regulation of B Cell Activation (GO:0050869)
GO:2000107,0.9999961,0.2702053,0.005378924,HCLS1;GAS6,Negative Regulation of Leukocyte Apoptotic Process (GO:2000107)
GO:1904893,0.9999961,0.2702053,0.005378924,PTPRC;HGS,Negative Regulation of Receptor Signaling Pathway via STAT (GO:1904893)
GO:0019755,0.9999961,0.2702053,0.005378924,CA2;RHAG,One-Carbon Compound Transport (GO:0019755)
GO:0045606,0.9999961,0.2702053,0.005378924,NUMA1;REXO2,Positive Regulation of Epidermal Cell Differentiation (GO:0045606)
GO:1901838,0.9999961,0.2702053,0.005378924,MARS1;MTOR,Positive Regulation of Transcription of Nucleolar Large rRNA by RNA Polymerase I (GO:1901838)
GO:0051783,0.9999961,0.2702053,0.005378924,PRMT5;PDXP,Regulation of Nuclear Division (GO:0051783)
GO:0006684,0.9999961,0.2702053,0.005378924,VAPA;OSBP,Sphingomyelin Metabolic Process (GO:0006684)
GO:0072348,0.9999961,0.2702053,0.005378924,SLC35B2;SLC25A10,Sulfur Compound Transport (GO:0072348)
GO:0006310,0.9999961,0.3375501,0.005511616,XRCC6;RAD50;MRE11;XRCC5,DNA Recombination (GO:0006310)
GO:0006024,0.9999961,0.3375501,0.005511616,CEMIP;B3GAT3;HEXA;XYLT2,Glycosaminoglycan Biosynthetic Process (GO:0006024)
GO:0016540,0.9999961,0.3375501,0.005511616,CASP6;CTSL;PCSK9;FXN,Protein Autoprocessing (GO:0016540)
GO:0019222,0.9999961,0.3375501,0.005511616,MFAP4;EIF6;RAC2;PDK3,Regulation of Metabolic Process (GO:0019222)
GO:0051607,0.9999961,0.6425162,0.009768258,IFITM3;MARCHF2;RNASEL;FCN3;IFITM2;PHB2;LYST;TANK;RELA;BPIFA1;TBK1;TRIM28;GPNMB;TRIM5;G3BP1;TRIM25;TRIM21;ATG7;MBL2;NCK1;RAB2B;MLKL;STAT1;CARD8;STAT2;EIF2AK2;RPSA;AZU1;ATAD3A;BST2;NT5C3A;PLSCR1;MAVS;PTPRC;STING1;PDE12;VAPB;OAS3;TRAF6;SERINC3;SHFL;BCL2L1;TRIM56,Defense Response to Virus (GO:0051607)
GO:2000781,0.9999961,0.4868608,0.007235302,ACTR2;MRE11;WDR48;PARP1;PRMT1;PRKDC;FUS;WAS;RAD50;RUVBL2;RUVBL1;UBE2V2;LDLR,Positive Regulation of Double-Strand Break Repair (GO:2000781)
GO:0006406,0.9999961,0.4759036,0.007054797,NUP214;UPF2;UPF1;CHTOP;XPO1;RBM8A;FMR1;EIF4A3;TPR;HNRNPA2B1;SRSF3;EIF4E,mRNA Export From Nucleus (GO:0006406)
GO:0006405,0.9999961,0.5054635,0.007424799,NUP214;UPF2;UPF1;CHTOP;SSB;RBM8A;FMR1;EIF4A3;XPO1;XPOT;TPR;HNRNPA2B1;SRSF3;EIF4E;RAN,RNA Export From Nucleus (GO:0006405)
GO:0006644,0.9999961,0.5134243,0.007449391,PCYT2;GPX4;PRKCSH;LPCAT1;LCAT;LPL;AGPAT1;AGPAT2;AGPAT3;PIP4P1;LIPG;ANGPTL3;PGP;PLAA;PLCB2;PLBD2,Phospholipid Metabolic Process (GO:0006644)
GO:0006401,0.9999961,0.5206539,0.007436247,PNPT1;PABPC4;RNASET2;CNOT10;DICER1;SND1;LSM2;EXOSC6;LSM6;XRN1;C1QBP;SLFN14;XRN2;HNRNPD;EXOSC2;DIS3L2;ZPR1,RNA Catabolic Process (GO:0006401)
GO:0016226,0.9999961,0.4335698,0.006062033,HSPA9;NFU1;NFS1;GLRX3;NDUFAB1;CIAPIN1;FXN;CIAO1;NUBP2,Iron-Sulfur Cluster Assembly (GO:0016226)
GO:0031163,0.9999961,0.4335698,0.006062033,HSPA9;NFU1;NFS1;GLRX3;NDUFAB1;CIAPIN1;FXN;CIAO1;NUBP2,Metallo-Sulfur Cluster Assembly (GO:0031163)
GO:0006366,0.9999961,0.5332851,0.007319211,ANXA2;PARP1;TSC22D1;ADRM1;ARRB2;NFKB1;DRAP1;TFCP2;SUB1;COPS2;XRN2;TRIP11;ELOB;RPRD1B;ELOC;TRIP13;POLR2H;RBMX;PAAF1,Transcription by RNA Polymerase II (GO:0006366)
GO:0006400,0.9999961,0.4150914,0.005549591,SARS1;SSB;NSUN2;NAT10;WDR6;GTDC1;THUMPD1;OSGEP,tRNA Modification (GO:0006400)
GO:0050435,0.9999961,0.2893635,0.003786538,NCSTN;IDE;APEH,Amyloid-Beta Metabolic Process (GO:0050435)
GO:0006999,0.9999961,0.2893635,0.003786538,FXR1;TPR;RTN4,Nuclear Pore Organization (GO:0006999)
GO:0006497,0.9999961,0.2893635,0.003786538,ZDHHC20;ZDHHC5;ATG7,Protein Lipidation (GO:0006497)
GO:0051180,0.9999961,0.2893635,0.003786538,SLC2A1;SLC2A3;CD320,Vitamin Transport (GO:0051180)
GO:0008630,0.9999961,0.3935197,0.004933852,BAG6;PRKDC;TMEM109;BAX;REXO2;UACA;BCL2L1,Intrinsic Apoptotic Signaling Pathway in Response to DNA Damage (GO:0008630)
GO:0000398,0.9999961,0.6451064,0.007850388,SF3B2;DDX5;SF3B3;RBM8A;DHX9;DDX1;EIF4A3;SRSF1;HNRNPU;PNN;SYNCRIP;PUF60;SNRNP70;RALY;SNRPB2;DCPS;SF3B1;SRRM2;PRMT5;HSPA8;SF3A1;SF3A2;GPKOW;CWC15;LSM4;LSM3;WDR77;LSM2;HNRNPM;LSM8;ILF3;LSM7;SFPQ;HNRNPK;LSM6;HNRNPUL2;CLNS1A;HNRNPF;HNRNPA2B1;GEMIN5;SRSF3;HNRNPC;HNRNPH3;PABPC1;SNRPF;SRSF7;RBMX;SF1,"mRNA Splicing, via Spliceosome (GO:0000398)"
GO:0030149,0.9999961,0.3680109,0.00421329,ASAH1;GLB1;SPHK1;M6PR;GBA2;SUMF1,Sphingolipid Catabolic Process (GO:0030149)
GO:0000377,0.9999961,0.6052273,0.006671653,DDX5;SF3B2;SF3B3;RBM8A;EIF4A3;SRSF1;HNRNPU;PNN;SYNCRIP;SNRNP70;RALY;SNRPB2;SF3B1;SRRM2;HSPA8;SF3A1;SF3A2;GPKOW;CWC15;LSM4;LSM3;LSM2;HNRNPM;LSM8;LSM7;HNRNPK;LSM6;HNRNPF;HNRNPA2B1;GEMIN5;SNRPF;HNRNPC;HNRNPH3;PABPC1;RBMX;SF1,"RNA Splicing, via Transesterification Reactions With Bulged Adenosine as Nucleophile (GO:0000377)"
GO:0018410,0.9999961,0.1688986,0.001812263,LCMT1,C-terminal Protein Amino Acid Modification (GO:0018410)
GO:0045006,0.9999961,0.1688986,0.001812263,EXOSC6,DNA Deamination (GO:0045006)
GO:0045005,0.9999961,0.1688986,0.001812263,NUCKS1,DNA-templated DNA Replication Maintenance of Fidelity (GO:0045005)
GO:0060395,0.9999961,0.1688986,0.001812263,SMAD2,SMAD Protein Signal Transduction (GO:0060395)
GO:0034475,0.9999961,0.1688986,0.001812263,EXOSC6,U4 snRNA 3'-End Processing (GO:0034475)
GO:0019732,0.9999961,0.1688986,0.001812263,APP,Antifungal Humoral Response (GO:0019732)
GO:0007178,0.9999961,0.1688986,0.001812263,SMAD2,Cell Surface Receptor Protein Serine/Threonine Kinase Signaling Pathway (GO:0007178)
GO:0022010,0.9999961,0.1688986,0.001812263,CLU,Central Nervous System Myelination (GO:0022010)
GO:0021955,0.9999961,0.1688986,0.001812263,MYCBP2,Central Nervous System Neuron Axonogenesis (GO:0021955)
GO:0042733,0.9999961,0.1688986,0.001812263,ECE1,Embryonic Digit Morphogenesis (GO:0042733)
GO:0042462,0.9999961,0.1688986,0.001812263,MAPRE2,Eye Photoreceptor Cell Development (GO:0042462)
GO:0006000,0.9999961,0.1688986,0.001812263,SORD,Fructose Metabolic Process (GO:0006000)
GO:0006751,0.9999961,0.1688986,0.001812263,GGT7,Glutathione Catabolic Process (GO:0006751)
GO:0034551,0.9999961,0.1688986,0.001812263,FXN,Mitochondrial Respiratory Chain Complex III Assembly (GO:0034551)
GO:0002385,0.9999961,0.1688986,0.001812263,BPIFB1,Mucosal Immune Response (GO:0002385)
GO:1902369,0.9999961,0.1688986,0.001812263,IGF2BP2,Negative Regulation of RNA Catabolic Process (GO:1902369)
GO:1904030,0.9999961,0.1688986,0.001812263,PROC,Negative Regulation of Cyclin-Dependent Protein Kinase Activity (GO:1904030)
GO:0045736,0.9999961,0.1688986,0.001812263,PROC,Negative Regulation of Cyclin-Dependent Protein Serine/Threonine Kinase Activity (GO:0045736)
GO:0045820,0.9999961,0.1688986,0.001812263,GIT1,Negative Regulation of Glycolytic Process (GO:0045820)
GO:0033122,0.9999961,0.1688986,0.001812263,GIT1,Negative Regulation of Purine Nucleotide Catabolic Process (GO:0033122)
GO:0016479,0.9999961,0.1688986,0.001812263,FLNA,Negative Regulation of Transcription by RNA Polymerase I (GO:0016479)
GO:0045618,0.9999961,0.1688986,0.001812263,NUMA1,Positive Regulation of Keratinocyte Differentiation (GO:0045618)
GO:1903236,0.9999961,0.1688986,0.001812263,SELENOP,Regulation of Leukocyte Tethering or Rolling (GO:1903236)
GO:0017062,0.9999961,0.1688986,0.001812263,FXN,Respiratory Chain Complex III Assembly (GO:0017062)
GO:0034472,0.9999961,0.1688986,0.001812263,EXOSC6,snRNA 3'-End Processing (GO:0034472)
GO:0046519,0.9999961,0.1688986,0.001812263,SPHK1,Sphingoid Metabolic Process (GO:0046519)
GO:0106354,0.9999961,0.1688986,0.001812263,EXOSC2,tRNA Surveillance (GO:0106354)
GO:0048538,0.9999961,0.1688986,0.001812263,SOD1,Thymus Development (GO:0048538)
GO:0072332,0.9999961,0.3373841,0.003396001,BAG6;DDX5;HINT1;CASP6;TMEM109,Intrinsic Apoptotic Signaling Pathway by P53 Class Mediator (GO:0072332)
GO:0045580,0.9999961,0.3373841,0.003396001,CD2;ACTL6A;CRTAM;CLPTM1;SOD1,Regulation of T Cell Differentiation (GO:0045580)
GO:0047496,0.9999961,0.3373841,0.003396001,RAB1A;FYCO1;NDE1;KIF5B;PAFAH1B1,Vesicle Transport Along Microtubule (GO:0047496)
GO:0071103,0.9999961,0.2250876,0.002030221,HNRNPA2B1;HMGB2,DNA Conformation Change (GO:0071103)
GO:0000731,0.9999961,0.2250876,0.002030221,VCP;RRM2B,DNA Synthesis Involved in DNA Repair (GO:0000731)
GO:0001935,0.9999961,0.2250876,0.002030221,DLG1;CD34,Endothelial Cell Proliferation (GO:0001935)
GO:0000466,0.9999961,0.2250876,0.002030221,EXOSC2;RPS21,Maturation of 5.8S rRNA Frm Tricistronic rRNA Trnscpt (GO:0000466)
GO:0032785,0.9999961,0.2250876,0.002030221,PARP1;HNRNPU,"Negative Regulation of DNA-templated Transcription, Elongation (GO:0032785)"
GO:1902894,0.9999961,0.2250876,0.002030221,TGFB1;RELA,Negative Regulation of miRNA Transcription (GO:1902894)
GO:0019065,0.9999961,0.2250876,0.002030221,CTSL;EPS15,Receptor-Mediated Endocytosis of Virus by Host Cell (GO:0019065)
GO:0000244,0.9999961,0.2250876,0.002030221,USP4;LSM2,Spliceosomal tri-snRNP Complex Assembly (GO:0000244)
GO:0031145,0.9999961,0.2530992,0.001602045,UBE2C;CUL3;CDC16,Anaphase-Promoting Complex-Dependent Catabolic Process (GO:0031145)
GO:0042692,0.9999961,0.2530992,0.001602045,LBX2;ACTN2;ACTN4,Muscle Cell Differentiation (GO:0042692)
GO:0034243,0.9999961,0.2530992,0.001602045,PARP1;HNRNPU;WDR43,Regulation of Transcription Elongation by RNA Polymerase II (GO:0034243)
GO:0046513,0.9999961,0.337218,0.002104056,ASAH1;SPTLC1;SPTLC2;ST8SIA3;ST8SIA4;CERS2,Ceramide Biosynthetic Process (GO:0046513)
GO:0000245,0.9999961,0.4378484,0.002513156,SF3B2;SF3A1;SF3B3;SF3A2;CELF2;DDX1;SRSF1;NOL3;PUF60;SNRPB2;SNRPF;SF3B1;SF1,Spliceosomal Complex Assembly (GO:0000245)
GO:1902806,0.9999961,0.4254914,0.002372727,PROC;DDRGK1;TMSB4X;PSME1;PLCG2;ATP2B4;PSME2;PTPN6;PHB2;PKD1;APPL2;APPL1,Regulation of Cell Cycle G1/S Phase Transition (GO:1902806)
GO:2000779,0.9999961,0.3963874,0.002017996,ACTR2;RAD50;MRE11;PPP4C;RUVBL2;RUVBL1;UBE2V2;WAS;TERF2IP;OTUB1,Regulation of Double-Strand Break Repair (GO:2000779)
GO:0006265,0.9999961,0.1350688,0.0005823751,HMGB2,DNA Topological Change (GO:0006265)
GO:0034205,0.9999961,0.1350688,0.0005823751,NCSTN,Amyloid-Beta Formation (GO:0034205)
GO:0000727,0.9999961,0.1350688,0.0005823751,MCM6,Double-Strand Break Repair via Break-Induced Replication (GO:0000727)
GO:1901072,0.9999961,0.1350688,0.0005823751,NAGK,Glucosamine-Containing Compound Catabolic Process (GO:1901072)
GO:1902969,0.9999961,0.1350688,0.0005823751,MCM6,Mitotic DNA Replication (GO:1902969)
GO:1905515,0.9999961,0.1350688,0.0005823751,DCTN1,Non-Motile Cilium Assembly (GO:1905515)
GO:0018200,0.9999961,0.1350688,0.0005823751,VKORC1L1,Peptidyl-Glutamic Acid Modification (GO:0018200)
GO:0090329,0.9999961,0.1350688,0.0005823751,MCM6,Regulation of DNA-templated DNA Replication (GO:0090329)
GO:0030174,0.9999961,0.1350688,0.0005823751,MCM6,Regulation of DNA-templated DNA Replication Initiation (GO:0030174)
GO:0080164,0.9999961,0.1350688,0.0005823751,JAK2,Regulation of Nitric Oxide Metabolic Process (GO:0080164)
GO:0010043,0.9999961,0.1350688,0.0005823751,MYCBP2,Response to Zinc Ion (GO:0010043)
GO:0007224,0.9999961,0.1350688,0.0005823751,SEPTIN2,Smoothened Signaling Pathway (GO:0007224)
GO:0019985,0.9999961,0.1350688,0.0005823751,VCP,Translesion Synthesis (GO:0019985)
GO:0000375,0.9999961,0.2698397,0.001136291,SF3B3;KHSRP;LSM1;SF3B1,"RNA Splicing, via Transesterification Reactions (GO:0000375)"
GO:0034502,0.9999961,0.2698397,0.001136291,PARP1;XRCC5;TERF2IP;LEMD2,Protein Localization to Chromosome (GO:0034502)
GO:0043649,0.9999961,0.1928607,0.0007799455,ACOT8;GOT2,Dicarboxylic Acid Catabolic Process (GO:0043649)
GO:0046466,0.9999961,0.1928607,0.0007799455,MGST2;NAGA,Membrane Lipid Catabolic Process (GO:0046466)
GO:2000629,0.9999961,0.1928607,0.0007799455,TGFB1;RELA,Negative Regulation of miRNA Metabolic Process (GO:2000629)
GO:0046426,0.9999961,0.1928607,0.0007799455,PTPRC;HGS,Negative Regulation of Receptor Signaling Pathway via JAK-STAT (GO:0046426)
GO:0032786,0.9999961,0.1928607,0.0007799455,PARP1;HMGN1,"Positive Regulation of DNA-templated Transcription, Elongation (GO:0032786)"
GO:1901836,0.9999961,0.1928607,0.0007799455,MARS1;MTOR,Regulation of Transcription of Nucleolar Large rRNA by RNA Polymerase I (GO:1901836)
GO:0043484,0.9999961,0.4658893,0.001785196,KHDRBS1;COLEC11;SF3B3;AHNAK;FUS;SRSF1;PIK3R1;PTBP3;HNRNPL;PTBP1;HNRNPK;SNRNP70;HNRNPF;SRSF3;HNRNPH3;RPS13;SF1;ZPR1,Regulation of RNA Splicing (GO:0043484)
GO:1901096,0.9999961,0.2248936,0.0006789681,FYCO1;TOM1;ATG5,Regulation of Autophagosome Maturation (GO:1901096)
GO:0006913,0.9999961,0.3742265,0.001107255,NUP214;SEC13;NPM1;XPO1;NEMF;ANP32A;TPR;NUP43;RANGAP1;HTATIP2,Nucleocytoplasmic Transport (GO:0006913)
GO:0006334,0.9999961,0.2809446,0.0007703833,NPM1;NASP;HMGB2;NAP1L1;NAP1L4,Nucleosome Assembly (GO:0006334)
GO:0000724,0.9999961,0.3566591,0.0009674208,SFPQ;RAD50;MRE11;PPP4C;WDR48;PSMD14;RPA3;NUCKS1;MCM6,Double-Strand Break Repair via Homologous Recombination (GO:0000724)
GO:0010564,0.9999961,0.483207,0.001186313,SH3GLB1;PRMT5;BECN1;RPL23;PIK3R4;PDXP;PPP2R2A;SND1;RAB11A;CDC42;PROC;CDK5;BIN1;ZW10;ZNF207;CTNNB1;RPRD1B;BIRC6;PIK3C3;ATXN10;RAB11FIP3;GIT1;BCL2L1,Regulation of Cell Cycle Process (GO:0010564)
GO:0051169,0.9999961,0.3368857,0.0008187949,NUP214;NPM1;SEC13;XPO1;ANP32A;TPR;HCLS1;NUP43,Nuclear Transport (GO:0051169)
GO:0006397,0.9999961,0.5712799,0.001151589,SF3B2;DDX5;SF3B3;RBM8A;EIF4A3;SRSF1;HNRNPU;TBRG4;PNN;SYNCRIP;MYG1;SNRNP70;RPRD1B;RALY;SNRPB2;SF3B1;HNRNPA0;SRRM2;HSPA8;AQR;SF3A1;CPSF7;SF3A2;GPKOW;NSUN2;PRKCA;CWC15;LSM4;LSM3;LSM2;HNRNPM;LSM8;LSM7;SFPQ;HNRNPK;LSM6;HNRNPF;HNRNPA2B1;GEMIN5;HNRNPC;HNRNPH3;PABPC1;SNRPF;SRSF7;RBMX;SF1,mRNA Processing (GO:0006397)
GO:0055080,0.9999961,0.3846816,0.0007625538,SLC12A2;TFRC;HEPH;ASPH;TFR2;WNK1;CYBRD1;FAM20A;NEO1;SLC39A14;SNCA;PICALM,Monoatomic Cation Homeostasis (GO:0055080)
GO:0006665,0.9999961,0.3846816,0.0007625538,TM9SF2;ABCC1;SPTLC1;SPTLC2;PPM1L;SPHK1;TECR;PRKD2;TEX2;HACD3;CERS2;HACD4,Sphingolipid Metabolic Process (GO:0006665)
GO:1903311,0.9999961,0.1686905,0.0003030555,RBM8A;DHX9,Regulation of mRNA Metabolic Process (GO:1903311)
GO:0051177,0.9999961,0.1125156,0.0001953445,PPP2R1A,Meiotic Sister Chromatid Cohesion (GO:0051177)
GO:0010453,0.9999961,0.1125156,0.0001953445,RBBP7,Regulation of Cell Fate Commitment (GO:0010453)
GO:0042659,0.9999961,0.1125156,0.0001953445,RBBP7,Regulation of Cell Fate Specification (GO:0042659)
GO:0001510,0.9999961,0.2023291,0.0002878155,NSUN2;WDR6;SNRPF,RNA Methylation (GO:0001510)
GO:1902459,0.9999961,0.2023291,0.0002878155,DSG2;RBBP7;OGT,Positive Regulation of Stem Cell Population Maintenance (GO:1902459)
GO:0031123,0.9999961,0.2592371,0.0003630163,CPSF7;TUT7;PNPT1;SSB;RPRD1B,RNA 3'-End Processing (GO:0031123)
GO:0065004,0.9999961,0.2592371,0.0003630163,NPM1;NASP;HMGB2;NAP1L1;NAP1L4,protein-DNA Complex Assembly (GO:0065004)
GO:0045663,0.9999961,0.2246994,0.0002302737,RIPOR2;LRRC8A;MAPK14;PLCB1,Positive Regulation of Myoblast Differentiation (GO:0045663)
GO:0006672,0.9999961,0.2694737,0.0002485296,TM9SF2;ASAH1;SPTLC1;SPTLC2;AGK;CERS2,Ceramide Metabolic Process (GO:0006672)
GO:0180046,0.9999961,0.1498915,0.00011872,DPM1;DPM3,GPI Anchored Protein Biosynthesis (GO:0180046)
GO:0031124,0.9999961,0.1498915,0.00011872,CPSF7;RPRD1B,mRNA 3'-End Processing (GO:0031124)
GO:0050684,0.9999961,0.2406307,0.0001699938,HNRNPK;RBM8A;DHX9;SRSF3;SF1,Regulation of mRNA Processing (GO:0050684)
GO:0006367,0.9999961,0.2406307,0.0001699938,WBP2;PRMT3;ELOB;ELOC;PAAF1,Transcription Initiation at RNA Polymerase II Promoter (GO:0006367)
GO:0046394,0.9999961,0.09640622,6.749462e-05,NANS,Carboxylic Acid Biosynthetic Process (GO:0046394)
GO:0031167,0.9999961,0.09640622,6.749462e-05,NOP2,rRNA Methylation (GO:0031167)
GO:0002819,0.9999961,0.09640622,6.749462e-05,IL6ST,Regulation of Adaptive Immune Response (GO:0002819)
GO:0141137,0.9999961,0.1838672,0.0001219891,APP;WBP2;PRMT3,"Positive Regulation of Gene Expression, Epigenetic (GO:0141137)"
GO:0030071,0.9999961,0.2073378,0.0001030637,UBE2C;CUL3;CDC16;LCMT1,Regulation of Mitotic Metaphase/Anaphase Transition (GO:0030071)
GO:0006260,0.9999961,0.3028217,0.0001409286,UPF1;DUT;RPA3;CDK2;NAP1L1;MCM6;SSBP1;PTMS;ZPR1,DNA Replication (GO:0006260)
GO:0006338,0.9999961,0.4724808,0.0002057854,HDAC5;USP15;MRE11;BRCC3;NUDT5;HDAC6;BABAM1;RUVBL2;RUVBL1;RBBP7;SF3B1;SKP1;PRMT5;NPM1;CHTOP;GPX1;PRMT2;DTX3L;PRMT1;CBX3;PRMT3;SIRT2;UCHL5;MYO1E;SFPQ;RAD50;CARM1;DPEP2;HDGF;HNRNPC;PKN1,Chromatin Remodeling (GO:0006338)
GO:0006325,0.9999961,0.4923933,0.0002049937,DHX9;HMGB2;HNRNPU;NUCKS1;NUDT5;TRIM28;RUVBL2;PCBP2;RUVBL1;BANF1;RBBP7;SF3B1;SKP1;HMGN1;PRMT5;NPM1;CHTOP;PRMT2;PRMT1;CBX3;PRMT3;MTHFR;NAP1L1;UCHL5;NAP1L4;H1-5;MYO1E;SFPQ;NASP;CARM1;PSME4;DPEP2;HDGF;ANP32B;HNRNPC;PKN1,Chromatin Organization (GO:0006325)
GO:0045582,0.9999961,0.2245051,7.921971e-05,NCKAP1L;LILRB2;CD46;VSIR;HLA-DRB1,Positive Regulation of T Cell Differentiation (GO:0045582)
GO:0000154,0.9999961,0.08432416,2.386518e-05,NAT10,rRNA Modification (GO:0000154)
GO:0051445,0.9999961,0.08432416,2.386518e-05,CDC16,Regulation of Meiotic Cell Cycle (GO:0051445)
GO:0006261,0.9999961,0.1924563,4.604296e-05,SLC25A15;PURA;RRM2B;SSBP1,DNA-templated DNA Replication (GO:0006261)
GO:0045815,0.9999961,0.1554644,2.201652e-05,WBP2;APEX1;PRMT3,Transcription Initiation-Coupled Chromatin Remodeling (GO:0045815)
GO:0002097,0.9999961,0.07492699,8.624195e-06,NAT10,tRNA Wobble Base Modification (GO:0002097)
GO:1901663,0.9999961,0.06740926,3.204087e-06,NDUFA9,Quinone Biosynthetic Process (GO:1901663)
GO:0006744,0.9999961,0.06740926,3.204087e-06,NDUFA9,Ubiquinone Biosynthetic Process (GO:0006744)
GO:0006743,0.9999961,0.06740926,3.204087e-06,NDUFA9,Ubiquinone Metabolic Process (GO:0006743)
GO:0032986,0.9999961,0.06125839,1.248002e-06,RPL23,protein-DNA Complex Disassembly (GO:0032986)
GO:0070316,0.9999961,0.06125839,1.248002e-06,RRM2B,Regulation of G0 to G1 Transition (GO:0070316)
GO:1902099,0.9999961,0.06125839,1.248002e-06,UBE2C,Regulation of Metaphase/Anaphase Transition of Cell Cycle (GO:1902099)
GO:0006368,0.9999961,0.06125839,1.248002e-06,USP15,Transcription Elongation by RNA Polymerase II (GO:0006368)
GO:0032543,0.9999961,0.1462657,5.967673e-07,TSFM;GFM1;HARS1;MRPS27;MRPL18;MRPL19;MRPL49;MRPL45;MRPL12;TUFM;MRPL11;MRPL1;IARS2,Mitochondrial Translation (GO:0032543)
GO:0140053,0.9999961,0.1542762,6.206555e-07,HARS1;MRPS27;MRPL18;MRPL19;MRPL49;MRPL12;MRPL45;MRPL11;TBRG4;MRPL1;FASTKD5;TFAM;IARS2,Mitochondrial Gene Expression (GO:0140053)
GO:0034728,0.9999961,0.1459806,5.642353e-07,NPM1;NASP;HMGB2;NAP1L1;NAP1L4,Nucleosome Organization (GO:0034728)
